ISO-10303-21;
HEADER;
/* Generated by software containing ST-Developer
 * from STEP Tools, Inc. (www.steptools.com) 
 */
/* OPTION: strings as raw bytes, not using required /X/ escapes */

FILE_DESCRIPTION(
/* description */ ('Unknown'),
/* implementation_level */ '2;1');

FILE_NAME(
/* name */ 'U_Wurth_WPME-FIRM_1770105311',
/* time_stamp */ '2026-03-13T17:24:40+08:00',
/* author */ ('Unknown'),
/* organization */ ('Unknown'),
/* preprocessor_version */ 'ST-DEVELOPER v19.4',
/* originating_system */ 'Solid Edge',
/* authorisation */ 'Unknown');

FILE_SCHEMA (('AUTOMOTIVE_DESIGN {1 0 10303 214 3 1 1}'));
ENDSEC;

DATA;
#10=PROPERTY_DEFINITION_REPRESENTATION(#14,#12);
#11=PROPERTY_DEFINITION_REPRESENTATION(#15,#13);
#12=REPRESENTATION('',(#16),#9436);
#13=REPRESENTATION('',(#17),#9436);
#14=PROPERTY_DEFINITION('pmi validation property','',#9443);
#15=PROPERTY_DEFINITION('pmi validation property','',#9443);
#16=VALUE_REPRESENTATION_ITEM('number of annotations',COUNT_MEASURE(0.));
#17=VALUE_REPRESENTATION_ITEM('number of views',COUNT_MEASURE(0.));
#18=CONTEXT_DEPENDENT_SHAPE_REPRESENTATION(#20,#9445);
#19=NEXT_ASSEMBLY_USAGE_OCCURRENCE('U_Wurth_WPME-FIRM_1770105311',
'U_Wurth_WPME-FIRM_1770105311','U_Wurth_WPME-FIRM_1770105311',#9446,#9447,
'');
#20=(
REPRESENTATION_RELATIONSHIP(' ',' ',#4065,#4066)
REPRESENTATION_RELATIONSHIP_WITH_TRANSFORMATION(#21)
SHAPE_REPRESENTATION_RELATIONSHIP()
);
#21=ITEM_DEFINED_TRANSFORMATION(' ',' ',#4067,#4198);
#22=SHAPE_REPRESENTATION_RELATIONSHIP('','',#4065,#23);
#23=ADVANCED_BREP_SHAPE_REPRESENTATION('',(#4062),#9437);
#24=CIRCLE('',#4111,0.4);
#25=CIRCLE('',#4112,0.4);
#26=CYLINDRICAL_SURFACE('',#4108,56.6694538194097);
#27=CYLINDRICAL_SURFACE('',#4110,0.4);
#28=CYLINDRICAL_SURFACE('',#4116,45.3540278682492);
#29=CYLINDRICAL_SURFACE('',#4119,13.3963150781173);
#30=CYLINDRICAL_SURFACE('',#4124,66.1143627903021);
#31=CYLINDRICAL_SURFACE('',#4127,45.3540278516547);
#32=CYLINDRICAL_SURFACE('',#4149,61.6882339583236);
#33=LINE('',#5258,#249);
#34=LINE('',#5261,#250);
#35=LINE('',#5263,#251);
#36=LINE('',#5265,#252);
#37=LINE('',#5267,#253);
#38=LINE('',#5269,#254);
#39=LINE('',#5271,#255);
#40=LINE('',#5273,#256);
#41=LINE('',#5275,#257);
#42=LINE('',#5277,#258);
#43=LINE('',#5279,#259);
#44=LINE('',#5281,#260);
#45=LINE('',#5283,#261);
#46=LINE('',#5285,#262);
#47=LINE('',#5287,#263);
#48=LINE('',#5289,#264);
#49=LINE('',#5291,#265);
#50=LINE('',#5293,#266);
#51=LINE('',#5295,#267);
#52=LINE('',#5297,#268);
#53=LINE('',#5299,#269);
#54=LINE('',#5301,#270);
#55=LINE('',#5303,#271);
#56=LINE('',#5305,#272);
#57=LINE('',#5307,#273);
#58=LINE('',#5309,#274);
#59=LINE('',#5311,#275);
#60=LINE('',#5313,#276);
#61=LINE('',#5315,#277);
#62=LINE('',#5317,#278);
#63=LINE('',#5319,#279);
#64=LINE('',#5321,#280);
#65=LINE('',#5323,#281);
#66=LINE('',#5325,#282);
#67=LINE('',#5327,#283);
#68=LINE('',#5329,#284);
#69=LINE('',#5331,#285);
#70=LINE('',#5333,#286);
#71=LINE('',#5334,#287);
#72=LINE('',#5337,#288);
#73=LINE('',#5340,#289);
#74=LINE('',#5342,#290);
#75=LINE('',#5344,#291);
#76=LINE('',#5346,#292);
#77=LINE('',#5348,#293);
#78=LINE('',#5350,#294);
#79=LINE('',#5352,#295);
#80=LINE('',#5354,#296);
#81=LINE('',#5356,#297);
#82=LINE('',#5358,#298);
#83=LINE('',#5360,#299);
#84=LINE('',#5362,#300);
#85=LINE('',#5364,#301);
#86=LINE('',#5366,#302);
#87=LINE('',#5368,#303);
#88=LINE('',#5370,#304);
#89=LINE('',#5372,#305);
#90=LINE('',#5374,#306);
#91=LINE('',#5376,#307);
#92=LINE('',#5378,#308);
#93=LINE('',#5380,#309);
#94=LINE('',#5382,#310);
#95=LINE('',#5384,#311);
#96=LINE('',#5386,#312);
#97=LINE('',#5388,#313);
#98=LINE('',#5390,#314);
#99=LINE('',#5392,#315);
#100=LINE('',#5394,#316);
#101=LINE('',#5396,#317);
#102=LINE('',#5398,#318);
#103=LINE('',#5400,#319);
#104=LINE('',#5402,#320);
#105=LINE('',#5404,#321);
#106=LINE('',#5406,#322);
#107=LINE('',#5407,#323);
#108=LINE('',#5439,#324);
#109=LINE('',#5453,#325);
#110=LINE('',#5497,#326);
#111=LINE('',#5556,#327);
#112=LINE('',#5637,#328);
#113=LINE('',#5654,#329);
#114=LINE('',#6423,#330);
#115=LINE('',#6444,#331);
#116=LINE('',#6492,#332);
#117=LINE('',#6499,#333);
#118=LINE('',#6668,#334);
#119=LINE('',#6696,#335);
#120=LINE('',#7207,#336);
#121=LINE('',#7214,#337);
#122=LINE('',#7221,#338);
#123=LINE('',#7925,#339);
#124=LINE('',#7932,#340);
#125=LINE('',#8054,#341);
#126=LINE('',#8061,#342);
#127=LINE('',#8183,#343);
#128=LINE('',#8190,#344);
#129=LINE('',#8197,#345);
#130=LINE('',#8405,#346);
#131=LINE('',#8412,#347);
#132=LINE('',#8612,#348);
#133=LINE('',#8641,#349);
#134=LINE('',#8688,#350);
#135=LINE('',#8695,#351);
#136=LINE('',#8856,#352);
#137=LINE('',#9079,#353);
#138=LINE('',#9094,#354);
#139=LINE('',#9137,#355);
#140=LINE('',#9163,#356);
#141=LINE('',#9210,#357);
#142=LINE('',#9213,#358);
#143=LINE('',#9215,#359);
#144=LINE('',#9217,#360);
#145=LINE('',#9219,#361);
#146=LINE('',#9221,#362);
#147=LINE('',#9223,#363);
#148=LINE('',#9225,#364);
#149=LINE('',#9227,#365);
#150=LINE('',#9229,#366);
#151=LINE('',#9231,#367);
#152=LINE('',#9232,#368);
#153=LINE('',#9235,#369);
#154=LINE('',#9238,#370);
#155=LINE('',#9240,#371);
#156=LINE('',#9242,#372);
#157=LINE('',#9244,#373);
#158=LINE('',#9246,#374);
#159=LINE('',#9248,#375);
#160=LINE('',#9250,#376);
#161=LINE('',#9252,#377);
#162=LINE('',#9254,#378);
#163=LINE('',#9256,#379);
#164=LINE('',#9257,#380);
#165=LINE('',#9260,#381);
#166=LINE('',#9263,#382);
#167=LINE('',#9265,#383);
#168=LINE('',#9267,#384);
#169=LINE('',#9269,#385);
#170=LINE('',#9271,#386);
#171=LINE('',#9273,#387);
#172=LINE('',#9275,#388);
#173=LINE('',#9277,#389);
#174=LINE('',#9279,#390);
#175=LINE('',#9281,#391);
#176=LINE('',#9282,#392);
#177=LINE('',#9285,#393);
#178=LINE('',#9288,#394);
#179=LINE('',#9290,#395);
#180=LINE('',#9292,#396);
#181=LINE('',#9294,#397);
#182=LINE('',#9296,#398);
#183=LINE('',#9298,#399);
#184=LINE('',#9300,#400);
#185=LINE('',#9302,#401);
#186=LINE('',#9304,#402);
#187=LINE('',#9306,#403);
#188=LINE('',#9307,#404);
#189=LINE('',#9310,#405);
#190=LINE('',#9313,#406);
#191=LINE('',#9315,#407);
#192=LINE('',#9317,#408);
#193=LINE('',#9319,#409);
#194=LINE('',#9321,#410);
#195=LINE('',#9323,#411);
#196=LINE('',#9325,#412);
#197=LINE('',#9327,#413);
#198=LINE('',#9329,#414);
#199=LINE('',#9331,#415);
#200=LINE('',#9332,#416);
#201=LINE('',#9335,#417);
#202=LINE('',#9338,#418);
#203=LINE('',#9340,#419);
#204=LINE('',#9342,#420);
#205=LINE('',#9344,#421);
#206=LINE('',#9346,#422);
#207=LINE('',#9348,#423);
#208=LINE('',#9350,#424);
#209=LINE('',#9352,#425);
#210=LINE('',#9354,#426);
#211=LINE('',#9356,#427);
#212=LINE('',#9357,#428);
#213=LINE('',#9360,#429);
#214=LINE('',#9363,#430);
#215=LINE('',#9365,#431);
#216=LINE('',#9367,#432);
#217=LINE('',#9369,#433);
#218=LINE('',#9371,#434);
#219=LINE('',#9373,#435);
#220=LINE('',#9375,#436);
#221=LINE('',#9377,#437);
#222=LINE('',#9379,#438);
#223=LINE('',#9381,#439);
#224=LINE('',#9382,#440);
#225=LINE('',#9385,#441);
#226=LINE('',#9388,#442);
#227=LINE('',#9390,#443);
#228=LINE('',#9392,#444);
#229=LINE('',#9394,#445);
#230=LINE('',#9397,#446);
#231=LINE('',#9398,#447);
#232=LINE('',#9400,#448);
#233=LINE('',#9402,#449);
#234=LINE('',#9404,#450);
#235=LINE('',#9406,#451);
#236=LINE('',#9408,#452);
#237=LINE('',#9410,#453);
#238=LINE('',#9412,#454);
#239=LINE('',#9415,#455);
#240=LINE('',#9417,#456);
#241=LINE('',#9419,#457);
#242=LINE('',#9421,#458);
#243=LINE('',#9422,#459);
#244=LINE('',#9424,#460);
#245=LINE('',#9426,#461);
#246=LINE('',#9428,#462);
#247=LINE('',#9430,#463);
#248=LINE('',#9432,#464);
#249=VECTOR('',#4225,1000.);
#250=VECTOR('',#4226,1000.);
#251=VECTOR('',#4227,1000.);
#252=VECTOR('',#4228,1000.);
#253=VECTOR('',#4231,1000.);
#254=VECTOR('',#4232,1000.);
#255=VECTOR('',#4233,1000.);
#256=VECTOR('',#4236,1000.);
#257=VECTOR('',#4237,1000.);
#258=VECTOR('',#4238,1000.);
#259=VECTOR('',#4241,1000.);
#260=VECTOR('',#4242,1000.);
#261=VECTOR('',#4243,1000.);
#262=VECTOR('',#4246,1000.);
#263=VECTOR('',#4247,1000.);
#264=VECTOR('',#4248,1000.);
#265=VECTOR('',#4251,1000.);
#266=VECTOR('',#4252,1000.);
#267=VECTOR('',#4253,1000.);
#268=VECTOR('',#4256,1000.);
#269=VECTOR('',#4257,1000.);
#270=VECTOR('',#4258,1000.);
#271=VECTOR('',#4261,1000.);
#272=VECTOR('',#4262,1000.);
#273=VECTOR('',#4263,1000.);
#274=VECTOR('',#4266,1000.);
#275=VECTOR('',#4267,1000.);
#276=VECTOR('',#4268,1000.);
#277=VECTOR('',#4271,1000.);
#278=VECTOR('',#4272,1000.);
#279=VECTOR('',#4273,1000.);
#280=VECTOR('',#4276,1000.);
#281=VECTOR('',#4277,1000.);
#282=VECTOR('',#4278,1000.);
#283=VECTOR('',#4281,1000.);
#284=VECTOR('',#4282,1000.);
#285=VECTOR('',#4283,1000.);
#286=VECTOR('',#4286,1000.);
#287=VECTOR('',#4287,1000.);
#288=VECTOR('',#4292,1000.);
#289=VECTOR('',#4293,1000.);
#290=VECTOR('',#4294,1000.);
#291=VECTOR('',#4295,1000.);
#292=VECTOR('',#4298,1000.);
#293=VECTOR('',#4299,1000.);
#294=VECTOR('',#4300,1000.);
#295=VECTOR('',#4303,1000.);
#296=VECTOR('',#4304,1000.);
#297=VECTOR('',#4305,1000.);
#298=VECTOR('',#4308,1000.);
#299=VECTOR('',#4309,1000.);
#300=VECTOR('',#4310,1000.);
#301=VECTOR('',#4313,1000.);
#302=VECTOR('',#4314,1000.);
#303=VECTOR('',#4315,1000.);
#304=VECTOR('',#4318,1000.);
#305=VECTOR('',#4319,1000.);
#306=VECTOR('',#4320,1000.);
#307=VECTOR('',#4323,1000.);
#308=VECTOR('',#4324,1000.);
#309=VECTOR('',#4325,1000.);
#310=VECTOR('',#4328,1000.);
#311=VECTOR('',#4329,1000.);
#312=VECTOR('',#4330,1000.);
#313=VECTOR('',#4333,1000.);
#314=VECTOR('',#4334,1000.);
#315=VECTOR('',#4335,1000.);
#316=VECTOR('',#4338,1000.);
#317=VECTOR('',#4339,1000.);
#318=VECTOR('',#4340,1000.);
#319=VECTOR('',#4343,1000.);
#320=VECTOR('',#4344,1000.);
#321=VECTOR('',#4345,1000.);
#322=VECTOR('',#4348,1000.);
#323=VECTOR('',#4349,1000.);
#324=VECTOR('',#4352,1000.);
#325=VECTOR('',#4353,1000.);
#326=VECTOR('',#4354,1000.);
#327=VECTOR('',#4355,1000.);
#328=VECTOR('',#4360,1000.);
#329=VECTOR('',#4361,1000.);
#330=VECTOR('',#4388,1000.);
#331=VECTOR('',#4389,1000.);
#332=VECTOR('',#4394,1000.);
#333=VECTOR('',#4395,1000.);
#334=VECTOR('',#4398,1000.);
#335=VECTOR('',#4399,1000.);
#336=VECTOR('',#4412,1000.);
#337=VECTOR('',#4413,1000.);
#338=VECTOR('',#4416,1000.);
#339=VECTOR('',#4431,1000.);
#340=VECTOR('',#4432,1000.);
#341=VECTOR('',#4437,1000.);
#342=VECTOR('',#4438,1000.);
#343=VECTOR('',#4443,1000.);
#344=VECTOR('',#4444,1000.);
#345=VECTOR('',#4447,1000.);
#346=VECTOR('',#4452,1000.);
#347=VECTOR('',#4453,1000.);
#348=VECTOR('',#4456,1000.);
#349=VECTOR('',#4457,1000.);
#350=VECTOR('',#4462,1000.);
#351=VECTOR('',#4463,1000.);
#352=VECTOR('',#4466,1000.);
#353=VECTOR('',#4471,1000.);
#354=VECTOR('',#4472,1000.);
#355=VECTOR('',#4473,1000.);
#356=VECTOR('',#4476,1000.);
#357=VECTOR('',#4481,1000.);
#358=VECTOR('',#4482,1000.);
#359=VECTOR('',#4483,1000.);
#360=VECTOR('',#4484,1000.);
#361=VECTOR('',#4487,1000.);
#362=VECTOR('',#4488,1000.);
#363=VECTOR('',#4489,1000.);
#364=VECTOR('',#4492,1000.);
#365=VECTOR('',#4493,1000.);
#366=VECTOR('',#4494,1000.);
#367=VECTOR('',#4497,1000.);
#368=VECTOR('',#4498,1000.);
#369=VECTOR('',#4503,1000.);
#370=VECTOR('',#4504,1000.);
#371=VECTOR('',#4505,1000.);
#372=VECTOR('',#4506,1000.);
#373=VECTOR('',#4509,1000.);
#374=VECTOR('',#4510,1000.);
#375=VECTOR('',#4511,1000.);
#376=VECTOR('',#4514,1000.);
#377=VECTOR('',#4515,1000.);
#378=VECTOR('',#4516,1000.);
#379=VECTOR('',#4519,1000.);
#380=VECTOR('',#4520,1000.);
#381=VECTOR('',#4525,1000.);
#382=VECTOR('',#4526,1000.);
#383=VECTOR('',#4527,1000.);
#384=VECTOR('',#4528,1000.);
#385=VECTOR('',#4531,1000.);
#386=VECTOR('',#4532,1000.);
#387=VECTOR('',#4533,1000.);
#388=VECTOR('',#4536,1000.);
#389=VECTOR('',#4537,1000.);
#390=VECTOR('',#4538,1000.);
#391=VECTOR('',#4541,1000.);
#392=VECTOR('',#4542,1000.);
#393=VECTOR('',#4547,1000.);
#394=VECTOR('',#4548,1000.);
#395=VECTOR('',#4549,1000.);
#396=VECTOR('',#4550,1000.);
#397=VECTOR('',#4553,1000.);
#398=VECTOR('',#4554,1000.);
#399=VECTOR('',#4555,1000.);
#400=VECTOR('',#4558,1000.);
#401=VECTOR('',#4559,1000.);
#402=VECTOR('',#4560,1000.);
#403=VECTOR('',#4563,1000.);
#404=VECTOR('',#4564,1000.);
#405=VECTOR('',#4569,1000.);
#406=VECTOR('',#4570,1000.);
#407=VECTOR('',#4571,1000.);
#408=VECTOR('',#4572,1000.);
#409=VECTOR('',#4575,1000.);
#410=VECTOR('',#4576,1000.);
#411=VECTOR('',#4577,1000.);
#412=VECTOR('',#4580,1000.);
#413=VECTOR('',#4581,1000.);
#414=VECTOR('',#4582,1000.);
#415=VECTOR('',#4585,1000.);
#416=VECTOR('',#4586,1000.);
#417=VECTOR('',#4591,1000.);
#418=VECTOR('',#4592,1000.);
#419=VECTOR('',#4593,1000.);
#420=VECTOR('',#4594,1000.);
#421=VECTOR('',#4597,1000.);
#422=VECTOR('',#4598,1000.);
#423=VECTOR('',#4599,1000.);
#424=VECTOR('',#4602,1000.);
#425=VECTOR('',#4603,1000.);
#426=VECTOR('',#4604,1000.);
#427=VECTOR('',#4607,1000.);
#428=VECTOR('',#4608,1000.);
#429=VECTOR('',#4613,1000.);
#430=VECTOR('',#4614,1000.);
#431=VECTOR('',#4615,1000.);
#432=VECTOR('',#4616,1000.);
#433=VECTOR('',#4619,1000.);
#434=VECTOR('',#4620,1000.);
#435=VECTOR('',#4621,1000.);
#436=VECTOR('',#4624,1000.);
#437=VECTOR('',#4625,1000.);
#438=VECTOR('',#4626,1000.);
#439=VECTOR('',#4629,1000.);
#440=VECTOR('',#4630,1000.);
#441=VECTOR('',#4635,1000.);
#442=VECTOR('',#4636,1000.);
#443=VECTOR('',#4637,1000.);
#444=VECTOR('',#4638,1000.);
#445=VECTOR('',#4641,1000.);
#446=VECTOR('',#4642,1000.);
#447=VECTOR('',#4643,1000.);
#448=VECTOR('',#4646,1000.);
#449=VECTOR('',#4647,1000.);
#450=VECTOR('',#4648,1000.);
#451=VECTOR('',#4651,1000.);
#452=VECTOR('',#4652,1000.);
#453=VECTOR('',#4653,1000.);
#454=VECTOR('',#4656,1000.);
#455=VECTOR('',#4657,1000.);
#456=VECTOR('',#4658,1000.);
#457=VECTOR('',#4659,1000.);
#458=VECTOR('',#4662,1000.);
#459=VECTOR('',#4663,1000.);
#460=VECTOR('',#4664,1000.);
#461=VECTOR('',#4667,1000.);
#462=VECTOR('',#4668,1000.);
#463=VECTOR('',#4671,1000.);
#464=VECTOR('',#4674,1000.);
#465=B_SPLINE_SURFACE_WITH_KNOTS('',3,1,((#4698,#4699),(#4700,#4701),(#4702,
#4703),(#4704,#4705),(#4706,#4707),(#4708,#4709),(#4710,#4711),(#4712,#4713),
(#4714,#4715),(#4716,#4717),(#4718,#4719),(#4720,#4721),(#4722,#4723),(#4724,
#4725),(#4726,#4727),(#4728,#4729)),.SURF_OF_LINEAR_EXTRUSION.,.T.,.F.,
 .F.,(1,1,1,1,1,1,1,1,1,1,1,1,1,1,1,1,1,1,1,1),(2,2),(-0.199204425522863,
-0.121910748454814,-0.0609553742274068,0.,0.0539100502788119,0.107820100557624,
0.182166718142679,0.243239575738203,0.330612119885974,0.417984664033746,
0.592729752329289,0.681388483095266,0.741092028786201,0.800795574477137,
0.878089251545186,0.939044625772593,1.,1.05391005027881,1.10782010055762,
1.18216671814268),(0.,1.),.UNSPECIFIED.);
#466=B_SPLINE_SURFACE_WITH_KNOTS('',3,1,((#4747,#4748),(#4749,#4750),(#4751,
#4752),(#4753,#4754),(#4755,#4756),(#4757,#4758),(#4759,#4760),(#4761,#4762),
(#4763,#4764),(#4765,#4766),(#4767,#4768),(#4769,#4770),(#4771,#4772),(#4773,
#4774),(#4775,#4776),(#4777,#4778),(#4779,#4780)),
 .SURF_OF_LINEAR_EXTRUSION.,.T.,.F.,.F.,(1,1,1,1,1,1,1,1,1,1,1,1,1,1,1,
1,1,1,1,1,1),(2,2),(-0.165485012134789,-0.11844843354269,-0.0592242167713448,
0.,0.0655833450806119,0.121597081417096,0.183405710100637,0.311436639050006,
0.388159853753383,0.468658701046596,0.54915754833981,0.606914508968016,
0.695742739184951,0.784570969401886,0.834514987865211,0.88155156645731,
0.940775783228655,1.,1.06558334508061,1.1215970814171,1.18340571010064),
(0.,1.),.UNSPECIFIED.);
#467=B_SPLINE_SURFACE_WITH_KNOTS('',3,1,((#4846,#4847),(#4848,#4849),(#4850,
#4851),(#4852,#4853),(#4854,#4855),(#4856,#4857),(#4858,#4859),(#4860,#4861),
(#4862,#4863),(#4864,#4865),(#4866,#4867),(#4868,#4869),(#4870,#4871),(#4872,
#4873),(#4874,#4875),(#4876,#4877),(#4878,#4879),(#4880,#4881)),
 .SURF_OF_LINEAR_EXTRUSION.,.T.,.F.,.F.,(1,1,1,1,1,1,1,1,1,1,1,1,1,1,1,
1,1,1,1,1,1,1),(2,2),(-0.203472474025452,-0.12216762753766,-0.0610838137688299,
0.,0.0539323741509744,0.107864748301949,0.182225069346086,0.24330815346072,
0.288304649487312,0.333301145513904,0.399259445439445,0.465217745364987,
0.531176045290528,0.59713434521607,0.696830935595309,0.796527525974548,
0.87783237246234,0.93891618623117,1.,1.05393237415097,1.10786474830195,
1.18222506934609),(0.,1.),.UNSPECIFIED.);
#468=B_SPLINE_SURFACE_WITH_KNOTS('',3,1,((#4902,#4903),(#4904,#4905),(#4906,
#4907),(#4908,#4909),(#4910,#4911),(#4912,#4913),(#4914,#4915),(#4916,#4917),
(#4918,#4919),(#4920,#4921),(#4922,#4923),(#4924,#4925),(#4926,#4927),(#4928,
#4929),(#4930,#4931),(#4932,#4933),(#4934,#4935)),
 .SURF_OF_LINEAR_EXTRUSION.,.T.,.F.,.F.,(1,1,1,1,1,1,1,1,1,1,1,1,1,1,1,
1,1,1,1,1,1),(2,2),(-0.165523073804824,-0.118476005632247,-0.0592380028161237,
0.,0.0655986250603422,0.121625411794832,0.215025031762927,0.308424651731022,
0.387993530920587,0.468616126396804,0.54923872187302,0.607020512374677,
0.695775584616892,0.784530656859107,0.834476926195176,0.881523994367753,
0.940761997183876,1.,1.06559862506034,1.12162541179483,1.21502503176293),
(0.,1.),.UNSPECIFIED.);
#469=B_SPLINE_SURFACE_WITH_KNOTS('',3,1,((#4994,#4995),(#4996,#4997),(#4998,
#4999),(#5000,#5001),(#5002,#5003),(#5004,#5005),(#5006,#5007),(#5008,#5009),
(#5010,#5011)),.SURF_OF_LINEAR_EXTRUSION.,.T.,.F.,.F.,(1,1,1,1,1,1,1,1,
1,1,1,1,1),(2,2),(-0.506974449746582,-0.381065240719279,-0.133720412667095,
0.,0.116108348889289,0.362994578160326,0.493025550253418,0.618934759280721,
0.866279587332905,1.,1.11610834888929,1.36299457816033,1.49302555025342),
(0.,1.),.UNSPECIFIED.);
#470=B_SPLINE_SURFACE_WITH_KNOTS('',3,1,((#5046,#5047),(#5048,#5049),(#5050,
#5051),(#5052,#5053),(#5054,#5055),(#5056,#5057),(#5058,#5059),(#5060,#5061),
(#5062,#5063),(#5064,#5065),(#5066,#5067),(#5068,#5069),(#5070,#5071),(#5072,
#5073),(#5074,#5075),(#5076,#5077),(#5078,#5079),(#5080,#5081),(#5082,#5083),
(#5084,#5085),(#5086,#5087),(#5088,#5089),(#5090,#5091),(#5092,#5093),(#5094,
#5095),(#5096,#5097),(#5098,#5099),(#5100,#5101),(#5102,#5103)),
 .SURF_OF_LINEAR_EXTRUSION.,.T.,.F.,.F.,(1,1,1,1,1,1,1,1,1,1,1,1,1,1,1,
1,1,1,1,1,1,1,1,1,1,1,1,1,1,1,1,1,1),(2,2),(-0.058660675139933,-0.0293303375699665,
-0.0146651687849833,0.,0.0209901954399571,0.0419803908799142,0.0839607817598284,
0.167921563519657,0.335843127039314,0.378946505012901,0.398580850171908,
0.44672728763312,0.470800506363727,0.48283711572903,0.494873725094333,0.500196689951877,
0.505519654809422,0.51616558452451,0.537457443954688,0.580041162815043,
0.665208600535754,0.750376038256465,0.835543475977175,0.862877413158298,
0.890211350339422,0.915775337599744,0.941339324860067,0.970669662430033,
0.985334831215017,1.,1.02099019543996,1.04198039087991,1.08396078175983),
(0.,1.),.UNSPECIFIED.);
#471=B_SPLINE_SURFACE_WITH_KNOTS('',3,1,((#5191,#5192),(#5193,#5194),(#5195,
#5196),(#5197,#5198),(#5199,#5200),(#5201,#5202),(#5203,#5204),(#5205,#5206),
(#5207,#5208),(#5209,#5210),(#5211,#5212),(#5213,#5214),(#5215,#5216)),
 .SURF_OF_LINEAR_EXTRUSION.,.T.,.F.,.F.,(1,1,1,1,1,1,1,1,1,1,1,1,1,1,1,
1,1),(2,2),(-0.299672578288763,-0.195091790116628,-0.0905110019444939,0.,
0.100667902891322,0.201335805782643,0.285823668130207,0.387360770291454,
0.488897872452702,0.59461264708197,0.700327421711237,0.804908209883372,
0.909488998055506,1.,1.10066790289132,1.20133580578264,1.28582366813021),
(0.,1.),.UNSPECIFIED.);
#472=B_SPLINE_SURFACE_WITH_KNOTS('',3,1,((#5409,#5410),(#5411,#5412),(#5413,
#5414),(#5415,#5416),(#5417,#5418),(#5419,#5420),(#5421,#5422),(#5423,#5424),
(#5425,#5426)),.SURF_OF_LINEAR_EXTRUSION.,.F.,.F.,.F.,(4,1,1,1,1,1,4),(2,
2),(0.808470703636224,0.856353027727168,0.88029418977264,0.904235351818112,
0.928176513863584,0.952117675909056,1.),(0.,1.),.UNSPECIFIED.);
#473=B_SPLINE_SURFACE_WITH_KNOTS('',3,1,((#5454,#5455),(#5456,#5457),(#5458,
#5459),(#5460,#5461),(#5462,#5463),(#5464,#5465),(#5466,#5467),(#5468,#5469),
(#5470,#5471),(#5472,#5473),(#5474,#5475),(#5476,#5477)),
 .SURF_OF_LINEAR_EXTRUSION.,.F.,.F.,.F.,(4,1,1,1,1,1,1,1,1,4),(2,2),(0.448994699550513,
0.493929200061227,0.538863700571941,0.583798201082655,0.606265451338011,
0.628732701593368,0.651199951848725,0.673667202104082,0.718601702614796,
0.808470703636224),(0.,1.),.UNSPECIFIED.);
#474=B_SPLINE_SURFACE_WITH_KNOTS('',3,1,((#5511,#5512),(#5513,#5514),(#5515,
#5516),(#5517,#5518),(#5519,#5520),(#5521,#5522),(#5523,#5524),(#5525,#5526),
(#5527,#5528),(#5529,#5530),(#5531,#5532),(#5533,#5534),(#5535,#5536)),
 .SURF_OF_LINEAR_EXTRUSION.,.F.,.F.,.F.,(4,1,1,1,1,1,1,1,1,1,4),(2,2),(0.0894776984491793,
0.179356948724513,0.224296573862179,0.246766386431013,0.269236198999846,
0.29170601156868,0.314175824137513,0.336645636706346,0.35911544927518,0.404055074412846,
0.448994699550513),(0.,1.),.UNSPECIFIED.);
#475=B_SPLINE_SURFACE_WITH_KNOTS('',3,1,((#5586,#5587),(#5588,#5589),(#5590,
#5591),(#5592,#5593),(#5594,#5595),(#5596,#5597),(#5598,#5599),(#5600,#5601),
(#5602,#5603),(#5604,#5605),(#5606,#5607),(#5608,#5609),(#5610,#5611),(#5612,
#5613),(#5614,#5615)),.UNSPECIFIED.,.F.,.F.,.F.,(4,1,1,1,1,1,1,1,1,1,1,
1,4),(2,2),(0.473055577620925,0.500991422232681,0.528927266844437,0.542895189150315,
0.549879150303254,0.556863111456193,0.570831033762071,0.58479895606795,
0.598766878373828,0.612734800679706,0.626702722985584,0.640670645291462,
0.696542334514974),(0.,1.),.UNSPECIFIED.);
#476=B_SPLINE_SURFACE_WITH_KNOTS('',3,1,((#5655,#5656),(#5657,#5658),(#5659,
#5660),(#5661,#5662),(#5663,#5664),(#5665,#5666),(#5667,#5668),(#5669,#5670),
(#5671,#5672),(#5673,#5674),(#5675,#5676),(#5677,#5678),(#5679,#5680),(#5681,
#5682),(#5683,#5684),(#5685,#5686),(#5687,#5688),(#5689,#5690),(#5691,#5692),
(#5693,#5694),(#5695,#5696),(#5697,#5698)),.SURF_OF_LINEAR_EXTRUSION.,.F.,
 .F.,.F.,(4,1,1,1,1,1,1,1,1,1,1,1,1,1,1,1,1,1,1,4),(2,2),(0.0847235020951848,
0.133265011535902,0.157535766256261,0.18180652097662,0.193941898336799,
0.206077275696979,0.218212653057158,0.230348030417337,0.254618785137696,
0.278889539858055,0.303160294578414,0.327431049298772,0.339566426658952,
0.351701804019131,0.363837181379311,0.37597255873949,0.400243313459849,
0.424514068180207,0.448784822900566,0.473055577620925),(0.,1.),
 .UNSPECIFIED.);
#477=B_SPLINE_SURFACE_WITH_KNOTS('',3,1,((#5781,#5782),(#5783,#5784),(#5785,
#5786),(#5787,#5788),(#5789,#5790),(#5791,#5792),(#5793,#5794),(#5795,#5796),
(#5797,#5798),(#5799,#5800),(#5801,#5802),(#5803,#5804),(#5805,#5806),(#5807,
#5808),(#5809,#5810),(#5811,#5812),(#5813,#5814),(#5815,#5816),(#5817,#5818),
(#5819,#5820),(#5821,#5822)),.SURF_OF_LINEAR_EXTRUSION.,.F.,.F.,.F.,(4,
1,1,1,1,1,1,1,1,1,1,1,1,1,1,1,1,1,4),(2,2),(0.696542334514974,0.734474542700602,
0.753440646793416,0.77240675088623,0.791372854979045,0.800855907025452,
0.810338959071859,0.819822011118266,0.829305063164673,0.83878811521108,
0.848271167257487,0.867237271350301,0.886203375443115,0.924135583628743,
0.943101687721558,0.962067791814372,0.971550843860779,0.981033895907186,
1.),(0.,1.),.UNSPECIFIED.);
#478=B_SPLINE_SURFACE_WITH_KNOTS('',3,1,((#5884,#5885),(#5886,#5887),(#5888,
#5889),(#5890,#5891),(#5892,#5893),(#5894,#5895),(#5896,#5897),(#5898,#5899),
(#5900,#5901)),.SURF_OF_LINEAR_EXTRUSION.,.F.,.F.,.F.,(4,1,1,1,1,1,4),(2,
2),(0.79601707381744,0.84701280536308,0.89800853690872,0.92350640268154,
0.94900426845436,0.97450213422718,1.),(0.,1.),.UNSPECIFIED.);
#479=B_SPLINE_SURFACE_WITH_KNOTS('',3,1,((#5947,#5948),(#5949,#5950),(#5951,
#5952),(#5953,#5954),(#5955,#5956),(#5957,#5958),(#5959,#5960),(#5961,#5962),
(#5963,#5964),(#5965,#5966),(#5967,#5968),(#5969,#5970),(#5971,#5972),(#5973,
#5974),(#5975,#5976),(#5977,#5978)),.SURF_OF_LINEAR_EXTRUSION.,.F.,.F.,
 .F.,(4,1,1,1,1,1,1,1,1,1,1,1,1,4),(2,2),(0.,0.0528564414954682,0.0792846622432024,
0.105712882990936,0.132141103738671,0.158569324486405,0.184997545234139,
0.211425765981873,0.237853986729607,0.264282207477341,0.317138648972809,
0.343566869720544,0.369995090468278,0.422851531963746),(0.,1.),
 .UNSPECIFIED.);
#480=B_SPLINE_SURFACE_WITH_KNOTS('',3,1,((#6070,#6071),(#6072,#6073),(#6074,
#6075),(#6076,#6077),(#6078,#6079),(#6080,#6081),(#6082,#6083),(#6084,#6085),
(#6086,#6087),(#6088,#6089),(#6090,#6091),(#6092,#6093),(#6094,#6095),(#6096,
#6097),(#6098,#6099),(#6100,#6101),(#6102,#6103),(#6104,#6105),(#6106,#6107),
(#6108,#6109),(#6110,#6111),(#6112,#6113),(#6114,#6115),(#6116,#6117),(#6118,
#6119),(#6120,#6121),(#6122,#6123),(#6124,#6125)),
 .SURF_OF_LINEAR_EXTRUSION.,.F.,.F.,.F.,(4,1,1,1,1,1,1,1,1,1,1,1,1,1,1,
1,1,1,1,1,1,1,1,1,1,4),(2,2),(0.166383031560108,0.218484092087601,0.270585152615095,
0.322686213142588,0.348736743406334,0.374787273670081,0.400837803933828,
0.426888334197574,0.452938864461321,0.478989394725068,0.531090455252561,
0.583191515780054,0.609242046043801,0.635292576307547,0.661343106571294,
0.687393636835041,0.713444167098787,0.739494697362534,0.791595757890027,
0.84369681841752,0.869747348681267,0.895797878945014,0.92184840920876,0.947898939472507,
0.973949469736253,1.),(0.,1.),.UNSPECIFIED.);
#481=B_SPLINE_SURFACE_WITH_KNOTS('',3,1,((#6247,#6248),(#6249,#6250),(#6251,
#6252),(#6253,#6254),(#6255,#6256),(#6257,#6258),(#6259,#6260),(#6261,#6262),
(#6263,#6264),(#6265,#6266),(#6267,#6268)),.SURF_OF_LINEAR_EXTRUSION.,.F.,
 .F.,.F.,(4,1,1,1,1,1,1,1,4),(2,2),(0.819926369777993,0.864944777333495,
0.887453981111246,0.909963184888997,0.921217786777872,0.932472388666747,
0.954981592444498,0.977490796222249,1.),(0.,1.),.UNSPECIFIED.);
#482=B_SPLINE_SURFACE_WITH_KNOTS('',3,1,((#6338,#6339),(#6340,#6341),(#6342,
#6343),(#6344,#6345),(#6346,#6347),(#6348,#6349),(#6350,#6351),(#6352,#6353),
(#6354,#6355),(#6356,#6357)),.SURF_OF_LINEAR_EXTRUSION.,.T.,.F.,.F.,(1,
1,1,1,1,1,1,1,1,1,1,1,1,1),(2,2),(-0.459165536541108,-0.357258606557893,
-0.178629303278946,0.,0.135208615864723,0.270417231729446,0.405625847594169,
0.540834463458892,0.642741393442107,0.821370696721054,1.,1.13520861586472,
1.27041723172945,1.40562584759417),(0.,1.),.UNSPECIFIED.);
#483=B_SPLINE_SURFACE_WITH_KNOTS('',3,1,((#6370,#6371),(#6372,#6373),(#6374,
#6375),(#6376,#6377),(#6378,#6379),(#6380,#6381),(#6382,#6383),(#6384,#6385),
(#6386,#6387),(#6388,#6389),(#6390,#6391),(#6392,#6393),(#6394,#6395),(#6396,
#6397),(#6398,#6399),(#6400,#6401),(#6402,#6403)),
 .SURF_OF_LINEAR_EXTRUSION.,.F.,.F.,.F.,(4,1,1,1,1,1,1,1,1,1,1,1,1,1,4),
(2,2),(0.500245932674136,0.562715191089869,0.625184449505602,0.687653707921335,
0.718888337129201,0.750122966337068,0.781357595544935,0.812592224752801,
0.843826853960667,0.859444168564601,0.875061483168534,0.9062961123764,0.937530741584267,
0.968765370792134,1.),(0.,1.),.UNSPECIFIED.);
#484=B_SPLINE_SURFACE_WITH_KNOTS('',3,1,((#6445,#6446),(#6447,#6448),(#6449,
#6450),(#6451,#6452),(#6453,#6454),(#6455,#6456),(#6457,#6458),(#6459,#6460),
(#6461,#6462),(#6463,#6464)),.SURF_OF_LINEAR_EXTRUSION.,.F.,.F.,.F.,(4,
1,1,1,1,1,1,4),(2,2),(0.,0.062530741584267,0.125061483168534,0.250122966337068,
0.312653707921335,0.375184449505602,0.437715191089869,0.500245932674136),
(0.,1.),.UNSPECIFIED.);
#485=B_SPLINE_SURFACE_WITH_KNOTS('',3,1,((#6500,#6501),(#6502,#6503),(#6504,
#6505),(#6506,#6507),(#6508,#6509),(#6510,#6511),(#6512,#6513),(#6514,#6515),
(#6516,#6517),(#6518,#6519),(#6520,#6521),(#6522,#6523),(#6524,#6525),(#6526,
#6527),(#6528,#6529),(#6530,#6531),(#6532,#6533),(#6534,#6535),(#6536,#6537),
(#6538,#6539),(#6540,#6541),(#6542,#6543),(#6544,#6545),(#6546,#6547),(#6548,
#6549)),.UNSPECIFIED.,.F.,.F.,.F.,(4,1,1,1,1,1,1,1,1,1,1,1,1,1,1,1,1,1,
1,1,1,1,4),(2,2),(0.218273403003379,0.267131315315668,0.291560271471812,
0.315989227627957,0.340418183784101,0.364847139940245,0.38927609609639,
0.413705052252534,0.462562964564823,0.511420876877112,0.535849833033256,
0.560278789189401,0.584707745345545,0.60913670150169,0.657994613813978,
0.706852526126267,0.755710438438556,0.804568350750845,0.853426263063134,
0.877855219219278,0.902284175375422,0.951142087687711,1.),(0.,1.),
 .UNSPECIFIED.);
#486=B_SPLINE_SURFACE_WITH_KNOTS('',3,1,((#6616,#6617),(#6618,#6619),(#6620,
#6621),(#6622,#6623),(#6624,#6625),(#6626,#6627),(#6628,#6629),(#6630,#6631),
(#6632,#6633),(#6634,#6635),(#6636,#6637),(#6638,#6639),(#6640,#6641),(#6642,
#6643),(#6644,#6645),(#6646,#6647)),.SURF_OF_LINEAR_EXTRUSION.,.F.,.F.,
 .F.,(4,1,1,1,1,1,1,1,1,1,1,1,1,4),(2,2),(0.473080891711991,0.501015118935183,
0.528949346158376,0.542916459769972,0.54990001657577,0.556883573381568,
0.570850686993164,0.58481780060476,0.598784914216356,0.612752027827952,
0.626719141439548,0.640686255051145,0.668620482274337,0.696554709497529),
(0.,1.),.UNSPECIFIED.);
#487=B_SPLINE_SURFACE_WITH_KNOTS('',3,1,((#6697,#6698),(#6699,#6700),(#6701,
#6702),(#6703,#6704),(#6705,#6706),(#6707,#6708),(#6709,#6710),(#6711,#6712),
(#6713,#6714),(#6715,#6716),(#6717,#6718),(#6719,#6720),(#6721,#6722),(#6723,
#6724),(#6725,#6726),(#6727,#6728),(#6729,#6730),(#6731,#6732),(#6733,#6734),
(#6735,#6736),(#6737,#6738),(#6739,#6740),(#6741,#6742),(#6743,#6744),(#6745,
#6746)),.SURF_OF_LINEAR_EXTRUSION.,.F.,.F.,.F.,(4,1,1,1,1,1,1,1,1,1,1,1,
1,1,1,1,1,1,1,1,1,1,4),(2,2),(0.0847275407990659,0.133271709663182,0.157543794095239,
0.169679836311268,0.181815878527297,0.193951920743326,0.206087962959355,
0.218224005175384,0.230360047391413,0.254632131823471,0.278904216255529,
0.303176300687586,0.327448385119644,0.333516406227659,0.339584427335673,
0.351720469551702,0.363856511767731,0.37599255398376,0.388128596199789,
0.400264638415818,0.424536722847876,0.448808807279934,0.473080891711991),
(0.,1.),.UNSPECIFIED.);
#488=B_SPLINE_SURFACE_WITH_KNOTS('',3,1,((#6834,#6835),(#6836,#6837),(#6838,
#6839),(#6840,#6841),(#6842,#6843),(#6844,#6845),(#6846,#6847),(#6848,#6849),
(#6850,#6851),(#6852,#6853),(#6854,#6855),(#6856,#6857),(#6858,#6859),(#6860,
#6861),(#6862,#6863),(#6864,#6865),(#6866,#6867),(#6868,#6869),(#6870,#6871),
(#6872,#6873),(#6874,#6875)),.SURF_OF_LINEAR_EXTRUSION.,.F.,.F.,.F.,(4,
1,1,1,1,1,1,1,1,1,1,1,1,1,1,1,1,1,4),(2,2),(0.696554709497529,0.734485370810338,
0.753450701466742,0.772416032123147,0.791381362779551,0.800864028107753,
0.810346693435956,0.819829358764158,0.82931202409236,0.838794689420562,
0.848277354748765,0.867242685405169,0.886208016061573,0.924138677374382,
0.943104008030787,0.962069338687191,0.971552004015393,0.981034669343596,
1.),(0.,1.),.UNSPECIFIED.);
#489=B_SPLINE_SURFACE_WITH_KNOTS('',3,1,((#6937,#6938),(#6939,#6940),(#6941,
#6942),(#6943,#6944),(#6945,#6946),(#6947,#6948),(#6949,#6950),(#6951,#6952),
(#6953,#6954),(#6955,#6956)),.SURF_OF_LINEAR_EXTRUSION.,.T.,.F.,.F.,(1,
1,1,1,1,1,1,1,1,1,1,1,1,1),(2,2),(-0.458687810229776,-0.356780560136459,
-0.17839028006823,0.,0.135328047442556,0.270656094885112,0.405984142327668,
0.541312189770224,0.643219439863541,0.82160971993177,1.,1.13532804744256,
1.27065609488511,1.40598414232767),(0.,1.),.UNSPECIFIED.);
#490=B_SPLINE_SURFACE_WITH_KNOTS('',3,1,((#6969,#6970),(#6971,#6972),(#6973,
#6974),(#6975,#6976),(#6977,#6978),(#6979,#6980),(#6981,#6982),(#6983,#6984),
(#6985,#6986)),.SURF_OF_LINEAR_EXTRUSION.,.F.,.F.,.F.,(4,1,1,1,1,1,4),(2,
2),(-0.000504772886051597,0.0627180941885217,0.125940961263095,0.252386695412242,
0.378832429561388,0.442055296635961,0.505278163710535),(0.,1.),
 .UNSPECIFIED.);
#491=B_SPLINE_SURFACE_WITH_KNOTS('',3,1,((#7056,#7057),(#7058,#7059),(#7060,
#7061),(#7062,#7063),(#7064,#7065),(#7066,#7067),(#7068,#7069),(#7070,#7071),
(#7072,#7073),(#7074,#7075),(#7076,#7077),(#7078,#7079),(#7080,#7081),(#7082,
#7083),(#7084,#7085),(#7086,#7087),(#7088,#7089),(#7090,#7091),(#7092,#7093),
(#7094,#7095),(#7096,#7097),(#7098,#7099),(#7100,#7101),(#7102,#7103),(#7104,
#7105),(#7106,#7107),(#7108,#7109),(#7110,#7111)),
 .SURF_OF_LINEAR_EXTRUSION.,.F.,.F.,.F.,(4,1,1,1,1,1,1,1,1,1,1,1,1,1,1,
1,1,1,1,1,1,1,1,1,1,4),(2,2),(0.166356778012238,0.218459479386473,0.270562180760708,
0.322664882134943,0.348716232822061,0.374767583509178,0.400818934196296,
0.426870284883414,0.452921635570531,0.478972986257649,0.531075687631884,
0.583178389006119,0.609229739693236,0.635281090380354,0.661332441067472,
0.687383791754589,0.713435142441707,0.739486493128824,0.79158919450306,
0.843691895877295,0.869743246564412,0.89579459725153,0.921845947938647,
0.947897298625765,0.973948649312882,1.),(0.,1.),.UNSPECIFIED.);
#492=B_SPLINE_SURFACE_WITH_KNOTS('',3,1,((#7227,#7228),(#7229,#7230),(#7231,
#7232),(#7233,#7234),(#7235,#7236),(#7237,#7238),(#7239,#7240),(#7241,#7242),
(#7243,#7244),(#7245,#7246),(#7247,#7248),(#7249,#7250),(#7251,#7252),(#7253,
#7254),(#7255,#7256),(#7257,#7258),(#7259,#7260),(#7261,#7262),(#7263,#7264),
(#7265,#7266),(#7267,#7268),(#7269,#7270),(#7271,#7272),(#7273,#7274),(#7275,
#7276),(#7277,#7278),(#7279,#7280),(#7281,#7282),(#7283,#7284),(#7285,#7286),
(#7287,#7288),(#7289,#7290),(#7291,#7292),(#7293,#7294),(#7295,#7296),(#7297,
#7298),(#7299,#7300),(#7301,#7302),(#7303,#7304),(#7305,#7306),(#7307,#7308),
(#7309,#7310),(#7311,#7312),(#7313,#7314),(#7315,#7316),(#7317,#7318),(#7319,
#7320)),.SURF_OF_LINEAR_EXTRUSION.,.F.,.F.,.F.,(4,1,1,1,1,1,1,1,1,1,1,1,
1,1,1,1,1,1,1,1,1,1,1,1,1,1,1,1,1,1,1,1,1,1,1,1,1,1,1,1,1,1,1,1,4),(2,2),
(0.110387183899761,0.165987984906026,0.221588785912291,0.277189586918556,
0.332790387924821,0.360590788427953,0.388391188931086,0.416191589434218,
0.443991989937351,0.471792390440483,0.485692590692049,0.499592790943616,
0.513492991195182,0.527393191446748,0.55519359194988,0.582993992453013,
0.610794392956145,0.638594793459278,0.66639519396241,0.680295394213977,
0.694195594465543,0.708095794717109,0.721995994968675,0.735896195220242,
0.749796395471808,0.756746495597591,0.760221545660483,0.761959070691928,
0.763696595723374,0.76543412075482,0.767171645786266,0.770646695849157,
0.77759679597494,0.791496996226506,0.805397196478073,0.833197596981205,
0.860997997484338,0.874898197735904,0.88879839798747,0.916598798490603,
0.930498998742169,0.944399198993735,0.958299399245301,0.972199599496868,
1.),(0.,1.),.UNSPECIFIED.);
#493=B_SPLINE_SURFACE_WITH_KNOTS('',3,1,((#7443,#7444),(#7445,#7446),(#7447,
#7448),(#7449,#7450),(#7451,#7452),(#7453,#7454),(#7455,#7456),(#7457,#7458),
(#7459,#7460),(#7461,#7462),(#7463,#7464),(#7465,#7466),(#7467,#7468),(#7469,
#7470),(#7471,#7472),(#7473,#7474),(#7475,#7476),(#7477,#7478),(#7479,#7480),
(#7481,#7482),(#7483,#7484),(#7485,#7486),(#7487,#7488),(#7489,#7490),(#7491,
#7492),(#7493,#7494),(#7495,#7496),(#7497,#7498)),
 .SURF_OF_LINEAR_EXTRUSION.,.F.,.F.,.F.,(4,1,1,1,1,1,1,1,1,1,1,1,1,1,1,
1,1,1,1,1,1,1,1,1,1,4),(2,2),(0.16634007078203,0.218443816358153,0.270547561934276,
0.322651307510399,0.348703180298461,0.374755053086522,0.400806925874584,
0.426858798662646,0.452910671450707,0.478962544238769,0.531066289814892,
0.583170035391015,0.609221908179077,0.635273780967138,0.6613256537552,0.687377526543261,
0.713429399331323,0.739481272119384,0.791585017695507,0.843688763271631,
0.869740636059692,0.895792508847754,0.921844381635815,0.947896254423877,
0.973948127211938,1.),(0.,1.),.UNSPECIFIED.);
#494=B_SPLINE_SURFACE_WITH_KNOTS('',3,1,((#7582,#7583),(#7584,#7585),(#7586,
#7587),(#7588,#7589),(#7590,#7591),(#7592,#7593),(#7594,#7595),(#7596,#7597),
(#7598,#7599),(#7600,#7601)),.SURF_OF_LINEAR_EXTRUSION.,.T.,.F.,.F.,(1,
1,1,1,1,1,1,1,1,1,1,1,1,1),(2,2),(-0.437812613996276,-0.355725813306986,
-0.177862906653493,0.,0.163642848986096,0.327285697972193,0.418328246057802,
0.562187386003724,0.644274186693014,0.822137093346507,1.,1.1636428489861,
1.32728569797219,1.4183282460578),(0.,1.),.UNSPECIFIED.);
#495=B_SPLINE_SURFACE_WITH_KNOTS('',3,1,((#7614,#7615),(#7616,#7617),(#7618,
#7619),(#7620,#7621),(#7622,#7623),(#7624,#7625),(#7626,#7627),(#7628,#7629),
(#7630,#7631),(#7632,#7633)),.SURF_OF_LINEAR_EXTRUSION.,.F.,.F.,.F.,(4,
1,1,1,1,1,1,4),(2,2),(0.,0.0635983093212811,0.127196618642562,0.254393237285124,
0.317991546606405,0.381589855927686,0.445188165248967,0.508786474570249),
(0.,1.),.UNSPECIFIED.);
#496=B_SPLINE_SURFACE_WITH_KNOTS('',3,1,((#7675,#7676),(#7677,#7678),(#7679,
#7680),(#7681,#7682),(#7683,#7684),(#7685,#7686),(#7687,#7688),(#7689,#7690),
(#7691,#7692),(#7693,#7694),(#7695,#7696),(#7697,#7698),(#7699,#7700),(#7701,
#7702),(#7703,#7704),(#7705,#7706),(#7707,#7708),(#7709,#7710)),
 .SURF_OF_LINEAR_EXTRUSION.,.F.,.F.,.F.,(4,1,1,1,1,1,1,1,1,1,1,1,1,1,1,
4),(2,2),(0.,0.0528750522851041,0.0793125784276562,0.105750104570208,0.13218763071276,
0.145406393784036,0.158625156855312,0.171843919926588,0.185062682997864,
0.211500209140417,0.237937735282969,0.264375261425521,0.317250313710625,
0.343687839853177,0.370125365995729,0.423000418280833),(0.,1.),
 .UNSPECIFIED.);
#497=B_SPLINE_SURFACE_WITH_KNOTS('',3,1,((#7778,#7779),(#7780,#7781),(#7782,
#7783),(#7784,#7785),(#7786,#7787),(#7788,#7789),(#7790,#7791),(#7792,#7793),
(#7794,#7795)),.SURF_OF_LINEAR_EXTRUSION.,.T.,.F.,.F.,(1,1,1,1,1,1,1,1,
1,1,1,1,1),(2,2),(-0.41303214101949,-0.192273378750169,-0.0950665637823894,
0.,0.192744219273391,0.366209096711189,0.58696785898051,0.807726621249831,
0.904933436217611,1.,1.19274421927339,1.36620909671119,1.58696785898051),
(0.,1.),.UNSPECIFIED.);
#498=B_SPLINE_SURFACE_WITH_KNOTS('',3,1,((#7806,#7807),(#7808,#7809),(#7810,
#7811),(#7812,#7813),(#7814,#7815),(#7816,#7817),(#7818,#7819),(#7820,#7821),
(#7822,#7823),(#7824,#7825),(#7826,#7827),(#7828,#7829),(#7830,#7831),(#7832,
#7833),(#7834,#7835),(#7836,#7837),(#7838,#7839),(#7840,#7841)),
 .SURF_OF_LINEAR_EXTRUSION.,.F.,.F.,.F.,(4,1,1,1,1,1,1,1,1,1,1,1,1,1,1,
4),(2,2),(0.501290475476317,0.563629166041777,0.594798511324508,0.625967856607238,
0.688306547172698,0.719475892455428,0.750645237738158,0.781814583020889,
0.812983928303619,0.828568600944984,0.844153273586349,0.859737946227714,
0.875322618869079,0.906491964151809,0.93766130943454,1.),(0.,1.),
 .UNSPECIFIED.);
#499=B_SPLINE_SURFACE_WITH_KNOTS('',3,1,((#7881,#7882),(#7883,#7884),(#7885,
#7886),(#7887,#7888),(#7889,#7890),(#7891,#7892),(#7893,#7894),(#7895,#7896),
(#7897,#7898)),.SURF_OF_LINEAR_EXTRUSION.,.F.,.F.,.F.,(4,1,1,1,1,1,4),(2,
2),(0.,0.0626613094345396,0.125322618869079,0.250645237738158,0.375967856607238,
0.438629166041777,0.501290475476317),(0.,1.),.UNSPECIFIED.);
#500=B_SPLINE_SURFACE_WITH_KNOTS('',3,1,((#7933,#7934),(#7935,#7936),(#7937,
#7938),(#7939,#7940),(#7941,#7942),(#7943,#7944),(#7945,#7946),(#7947,#7948),
(#7949,#7950),(#7951,#7952),(#7953,#7954),(#7955,#7956),(#7957,#7958),(#7959,
#7960),(#7961,#7962),(#7963,#7964),(#7965,#7966),(#7967,#7968),(#7969,#7970),
(#7971,#7972),(#7973,#7974),(#7975,#7976),(#7977,#7978),(#7979,#7980),(#7981,
#7982),(#7983,#7984)),.SURF_OF_LINEAR_EXTRUSION.,.F.,.F.,.F.,(4,1,1,1,1,
1,1,1,1,1,1,1,1,1,1,1,1,1,1,1,1,1,1,4),(2,2),(0.218253792432256,0.26711293040524,
0.291542499391732,0.315972068378224,0.340401637364716,0.364831206351208,
0.3892607753377,0.413690344324192,0.438119913310684,0.462549482297176,0.51140862027016,
0.535838189256652,0.560267758243144,0.584697327229636,0.609126896216128,
0.657986034189112,0.706845172162096,0.75570431013508,0.804563448108064,
0.853422586081048,0.87785215506754,0.902281724054032,0.951140862027016,
1.),(0.,1.),.UNSPECIFIED.);
#501=B_SPLINE_SURFACE_WITH_KNOTS('',3,1,((#8062,#8063),(#8064,#8065),(#8066,
#8067),(#8068,#8069),(#8070,#8071),(#8072,#8073),(#8074,#8075),(#8076,#8077),
(#8078,#8079),(#8080,#8081),(#8082,#8083),(#8084,#8085),(#8086,#8087),(#8088,
#8089),(#8090,#8091),(#8092,#8093),(#8094,#8095),(#8096,#8097),(#8098,#8099),
(#8100,#8101),(#8102,#8103),(#8104,#8105),(#8106,#8107),(#8108,#8109),(#8110,
#8111)),.UNSPECIFIED.,.F.,.F.,.F.,(4,1,1,1,1,1,1,1,1,1,1,1,1,1,1,1,1,1,
1,1,1,1,4),(2,2),(0.218243528990697,0.267103308428778,0.291533198147819,
0.31596308786686,0.340392977585901,0.364822867304941,0.389252757023982,
0.413682646743023,0.462542426181104,0.511402205619186,0.535832095338226,
0.560261985057267,0.584691874776308,0.609121764495348,0.65798154393343,
0.706841323371511,0.755701102809593,0.804560882247674,0.853420661685756,
0.877850551404796,0.902280441123837,0.951140220561919,1.),(0.,1.),
 .UNSPECIFIED.);
#502=B_SPLINE_SURFACE_WITH_KNOTS('',3,1,((#8203,#8204),(#8205,#8206),(#8207,
#8208),(#8209,#8210),(#8211,#8212),(#8213,#8214),(#8215,#8216),(#8217,#8218),
(#8219,#8220),(#8221,#8222),(#8223,#8224),(#8225,#8226),(#8227,#8228),(#8229,
#8230),(#8231,#8232),(#8233,#8234),(#8235,#8236),(#8237,#8238),(#8239,#8240),
(#8241,#8242),(#8243,#8244),(#8245,#8246),(#8247,#8248),(#8249,#8250),(#8251,
#8252),(#8253,#8254),(#8255,#8256),(#8257,#8258),(#8259,#8260),(#8261,#8262),
(#8263,#8264),(#8265,#8266),(#8267,#8268),(#8269,#8270),(#8271,#8272),(#8273,
#8274),(#8275,#8276),(#8277,#8278),(#8279,#8280),(#8281,#8282),(#8283,#8284),
(#8285,#8286),(#8287,#8288),(#8289,#8290),(#8291,#8292),(#8293,#8294)),
 .UNSPECIFIED.,.F.,.F.,.F.,(4,1,1,1,1,1,1,1,1,1,1,1,1,1,1,1,1,1,1,1,1,1,
1,1,1,1,1,1,1,1,1,1,1,1,1,1,1,1,1,1,1,1,1,4),(2,2),(0.110521856132836,0.166114240124534,
0.221706624116232,0.277299008107929,0.332891392099627,0.360687584095476,
0.388483776091325,0.416279968087174,0.444076160083023,0.471872352078871,
0.485770448076796,0.49966854407472,0.513566640072645,0.527464736070569,
0.555260928066418,0.583057120062267,0.610853312058116,0.638649504053965,
0.666445696049814,0.680343792047738,0.694241888045662,0.708139984043587,
0.722038080041511,0.735936176039436,0.74983427203736,0.756783320036322,
0.760257844035803,0.761995106035544,0.763732368035285,0.765469630035025,
0.767206892034766,0.770681416034247,0.777630464033209,0.805426656029058,
0.833222848024907,0.861019040020756,0.87491713601868,0.888815232016605,
0.916611424012453,0.930509520010378,0.944407616008302,0.958305712006227,
0.972203808004151,1.),(0.,1.),.UNSPECIFIED.);
#503=B_SPLINE_SURFACE_WITH_KNOTS('',3,1,((#8413,#8414),(#8415,#8416),(#8417,
#8418),(#8419,#8420),(#8421,#8422),(#8423,#8424),(#8425,#8426),(#8427,#8428),
(#8429,#8430),(#8431,#8432),(#8433,#8434),(#8435,#8436),(#8437,#8438),(#8439,
#8440),(#8441,#8442),(#8443,#8444),(#8445,#8446),(#8447,#8448),(#8449,#8450),
(#8451,#8452),(#8453,#8454),(#8455,#8456),(#8457,#8458),(#8459,#8460),(#8461,
#8462),(#8463,#8464)),.SURF_OF_LINEAR_EXTRUSION.,.F.,.F.,.F.,(4,1,1,1,1,
1,1,1,1,1,1,1,1,1,1,1,1,1,1,1,1,1,1,4),(2,2),(0.218260596690763,0.26711930939759,
0.291548665751004,0.315978022104418,0.340407378457831,0.364836734811245,
0.389266091164659,0.413695447518072,0.438124803871486,0.4625541602249,0.511412872931727,
0.535842229285141,0.560271585638554,0.584700941991968,0.609130298345381,
0.657989011052209,0.706847723759036,0.755706436465863,0.804565149172691,
0.853423861879518,0.877853218232932,0.902282574586345,0.951141287293173,
1.),(0.,1.),.UNSPECIFIED.);
#504=B_SPLINE_SURFACE_WITH_KNOTS('',3,1,((#8527,#8528),(#8529,#8530),(#8531,
#8532),(#8533,#8534),(#8535,#8536),(#8537,#8538),(#8539,#8540),(#8541,#8542),
(#8543,#8544),(#8545,#8546),(#8547,#8548),(#8549,#8550),(#8551,#8552),(#8553,
#8554),(#8555,#8556),(#8557,#8558),(#8559,#8560),(#8561,#8562),(#8563,#8564),
(#8565,#8566),(#8567,#8568),(#8569,#8570),(#8571,#8572),(#8573,#8574),(#8575,
#8576),(#8577,#8578)),.SURF_OF_LINEAR_EXTRUSION.,.F.,.F.,.F.,(4,1,1,1,1,
1,1,1,1,1,1,1,1,1,1,1,1,1,1,1,1,1,1,4),(2,2),(0.,0.0497385423830087,0.0994770847660174,
0.124346355957522,0.149215627149026,0.198954169532035,0.248692711915043,
0.298431254298052,0.323300525489557,0.348169796681061,0.373039067872565,
0.39790833906407,0.447646881447078,0.472516152638583,0.497385423830087,
0.547123966213096,0.5719932374046,0.584427873000352,0.596862508596104,0.609297144191857,
0.621731779787609,0.646601050979113,0.696339593362122,0.795816678128139),
(0.,1.),.UNSPECIFIED.);
#505=B_SPLINE_SURFACE_WITH_KNOTS('',3,1,((#8642,#8643),(#8644,#8645),(#8646,
#8647),(#8648,#8649),(#8650,#8651),(#8652,#8653),(#8654,#8655),(#8656,#8657),
(#8658,#8659)),.SURF_OF_LINEAR_EXTRUSION.,.F.,.F.,.F.,(4,1,1,1,1,1,4),(2,
2),(0.795816678128139,0.846862508596104,0.89790833906407,0.923431254298052,
0.948954169532035,0.974477084766017,1.),(0.,1.),.UNSPECIFIED.);
#506=B_SPLINE_SURFACE_WITH_KNOTS('',3,1,((#8696,#8697),(#8698,#8699),(#8700,
#8701),(#8702,#8703),(#8704,#8705),(#8706,#8707),(#8708,#8709),(#8710,#8711),
(#8712,#8713),(#8714,#8715),(#8716,#8717),(#8718,#8719),(#8720,#8721),(#8722,
#8723),(#8724,#8725),(#8726,#8727),(#8728,#8729),(#8730,#8731),(#8732,#8733),
(#8734,#8735),(#8736,#8737),(#8738,#8739),(#8740,#8741),(#8742,#8743),(#8744,
#8745),(#8746,#8747)),.SURF_OF_LINEAR_EXTRUSION.,.F.,.F.,.F.,(4,1,1,1,1,
1,1,1,1,1,1,1,1,1,1,1,1,1,1,1,1,1,1,4),(2,2),(0.218241841968842,0.267101726845789,
0.291531669284263,0.315961611722737,0.34039155416121,0.364821496599684,
0.389251439038158,0.413681381476632,0.438111323915105,0.462541266353579,
0.511401151230526,0.535831093669,0.560261036107474,0.584690978545947,0.609120920984421,
0.657980805861368,0.706840690738316,0.755700575615263,0.804560460492211,
0.853420345369158,0.877850287807632,0.902280230246105,0.951140115123053,
1.),(0.,1.),.UNSPECIFIED.);
#507=B_SPLINE_SURFACE_WITH_KNOTS('',3,1,((#8809,#8810),(#8811,#8812),(#8813,
#8814),(#8815,#8816),(#8817,#8818),(#8819,#8820),(#8821,#8822),(#8823,#8824),
(#8825,#8826),(#8827,#8828),(#8829,#8830),(#8831,#8832),(#8833,#8834),(#8835,
#8836)),.SURF_OF_LINEAR_EXTRUSION.,.F.,.F.,.F.,(4,1,1,1,1,1,1,1,1,1,1,4),
(2,2),(0.473080077106604,0.501018547583156,0.528957018059708,0.542926253297983,
0.556895488536259,0.570864723774535,0.584833959012811,0.598803194251087,
0.612772429489363,0.640710899965915,0.668649370442466,0.696587840919018),
(0.,1.),.UNSPECIFIED.);
#508=B_SPLINE_SURFACE_WITH_KNOTS('',3,1,((#8875,#8876),(#8877,#8878),(#8879,
#8880),(#8881,#8882),(#8883,#8884),(#8885,#8886),(#8887,#8888),(#8889,#8890),
(#8891,#8892),(#8893,#8894),(#8895,#8896),(#8897,#8898),(#8899,#8900),(#8901,
#8902),(#8903,#8904),(#8905,#8906),(#8907,#8908),(#8909,#8910),(#8911,#8912),
(#8913,#8914),(#8915,#8916),(#8917,#8918),(#8919,#8920)),
 .SURF_OF_LINEAR_EXTRUSION.,.F.,.F.,.F.,(4,1,1,1,1,1,1,1,1,1,1,1,1,1,1,
1,1,1,1,1,4),(2,2),(0.0847530875324668,0.133293961229234,0.157564398077618,
0.181834834926001,0.193970053350193,0.206105271774385,0.218240490198576,
0.230375708622768,0.254646145471152,0.278916582319535,0.303187019167919,
0.327457456016303,0.339592674440494,0.351727892864686,0.363863111288878,
0.37599832971307,0.388133548137261,0.400268766561453,0.424539203409837,
0.44880964025822,0.473080077106604),(0.,1.),.UNSPECIFIED.);
#509=B_SPLINE_SURFACE_WITH_KNOTS('',3,1,((#9036,#9037),(#9038,#9039),(#9040,
#9041),(#9042,#9043),(#9044,#9045),(#9046,#9047),(#9048,#9049),(#9050,#9051),
(#9052,#9053),(#9054,#9055),(#9056,#9057),(#9058,#9059),(#9060,#9061)),
 .SURF_OF_LINEAR_EXTRUSION.,.F.,.F.,.F.,(4,1,1,1,1,1,1,1,1,1,4),(2,2),(0.448969930511902,
0.493904187553151,0.5388384445944,0.561305573115024,0.583772701635649,0.606239830156273,
0.628706958676898,0.651174087197522,0.673641215718146,0.718575472759395,
0.808443986841893),(0.,1.),.UNSPECIFIED.);
#510=B_SPLINE_SURFACE_WITH_KNOTS('',3,1,((#9095,#9096),(#9097,#9098),(#9099,
#9100),(#9101,#9102),(#9103,#9104),(#9105,#9106),(#9107,#9108),(#9109,#9110),
(#9111,#9112),(#9113,#9114),(#9115,#9116),(#9117,#9118)),
 .SURF_OF_LINEAR_EXTRUSION.,.F.,.F.,.F.,(4,1,1,1,1,1,1,1,1,4),(2,2),(0.0894901798674903,
0.179360117528593,0.224295086359145,0.24676257077442,0.269230055189696,
0.314165024020248,0.336632508435523,0.359099992850799,0.404034961681351,
0.448969930511902),(0.,1.),.UNSPECIFIED.);
#511=B_SPLINE_SURFACE_WITH_KNOTS('',3,1,((#9169,#9170),(#9171,#9172),(#9173,
#9174),(#9175,#9176),(#9177,#9178),(#9179,#9180),(#9181,#9182),(#9183,#9184),
(#9185,#9186)),.SURF_OF_LINEAR_EXTRUSION.,.F.,.F.,.F.,(4,1,1,1,1,1,4),(2,
2),(0.808443986841893,0.85633299013142,0.880277491776183,0.904221993420947,
0.92816649506571,0.952110996710473,1.),(0.,1.),.UNSPECIFIED.);
#512=ORIENTED_EDGE('',*,*,#1270,.T.);
#513=ORIENTED_EDGE('',*,*,#1270,.F.);
#514=ORIENTED_EDGE('',*,*,#1271,.T.);
#515=ORIENTED_EDGE('',*,*,#1272,.F.);
#516=ORIENTED_EDGE('',*,*,#1273,.T.);
#517=ORIENTED_EDGE('',*,*,#1273,.F.);
#518=ORIENTED_EDGE('',*,*,#1271,.F.);
#519=ORIENTED_EDGE('',*,*,#1274,.T.);
#520=ORIENTED_EDGE('',*,*,#1274,.F.);
#521=ORIENTED_EDGE('',*,*,#1275,.T.);
#522=ORIENTED_EDGE('',*,*,#1276,.F.);
#523=ORIENTED_EDGE('',*,*,#1277,.T.);
#524=ORIENTED_EDGE('',*,*,#1277,.F.);
#525=ORIENTED_EDGE('',*,*,#1275,.F.);
#526=ORIENTED_EDGE('',*,*,#1278,.T.);
#527=ORIENTED_EDGE('',*,*,#1279,.F.);
#528=ORIENTED_EDGE('',*,*,#1280,.T.);
#529=ORIENTED_EDGE('',*,*,#1280,.F.);
#530=ORIENTED_EDGE('',*,*,#1281,.T.);
#531=ORIENTED_EDGE('',*,*,#1282,.F.);
#532=ORIENTED_EDGE('',*,*,#1283,.T.);
#533=ORIENTED_EDGE('',*,*,#1283,.F.);
#534=ORIENTED_EDGE('',*,*,#1284,.T.);
#535=ORIENTED_EDGE('',*,*,#1285,.F.);
#536=ORIENTED_EDGE('',*,*,#1286,.T.);
#537=ORIENTED_EDGE('',*,*,#1286,.F.);
#538=ORIENTED_EDGE('',*,*,#1287,.T.);
#539=ORIENTED_EDGE('',*,*,#1288,.T.);
#540=ORIENTED_EDGE('',*,*,#1289,.F.);
#541=ORIENTED_EDGE('',*,*,#1290,.F.);
#542=ORIENTED_EDGE('',*,*,#1291,.T.);
#543=ORIENTED_EDGE('',*,*,#1292,.T.);
#544=ORIENTED_EDGE('',*,*,#1291,.F.);
#545=ORIENTED_EDGE('',*,*,#1293,.F.);
#546=ORIENTED_EDGE('',*,*,#1294,.T.);
#547=ORIENTED_EDGE('',*,*,#1295,.T.);
#548=ORIENTED_EDGE('',*,*,#1294,.F.);
#549=ORIENTED_EDGE('',*,*,#1296,.F.);
#550=ORIENTED_EDGE('',*,*,#1297,.T.);
#551=ORIENTED_EDGE('',*,*,#1298,.T.);
#552=ORIENTED_EDGE('',*,*,#1297,.F.);
#553=ORIENTED_EDGE('',*,*,#1299,.F.);
#554=ORIENTED_EDGE('',*,*,#1300,.T.);
#555=ORIENTED_EDGE('',*,*,#1301,.T.);
#556=ORIENTED_EDGE('',*,*,#1300,.F.);
#557=ORIENTED_EDGE('',*,*,#1302,.F.);
#558=ORIENTED_EDGE('',*,*,#1303,.T.);
#559=ORIENTED_EDGE('',*,*,#1304,.T.);
#560=ORIENTED_EDGE('',*,*,#1303,.F.);
#561=ORIENTED_EDGE('',*,*,#1305,.F.);
#562=ORIENTED_EDGE('',*,*,#1306,.T.);
#563=ORIENTED_EDGE('',*,*,#1307,.T.);
#564=ORIENTED_EDGE('',*,*,#1306,.F.);
#565=ORIENTED_EDGE('',*,*,#1308,.F.);
#566=ORIENTED_EDGE('',*,*,#1309,.T.);
#567=ORIENTED_EDGE('',*,*,#1310,.T.);
#568=ORIENTED_EDGE('',*,*,#1309,.F.);
#569=ORIENTED_EDGE('',*,*,#1311,.F.);
#570=ORIENTED_EDGE('',*,*,#1312,.T.);
#571=ORIENTED_EDGE('',*,*,#1313,.T.);
#572=ORIENTED_EDGE('',*,*,#1312,.F.);
#573=ORIENTED_EDGE('',*,*,#1314,.F.);
#574=ORIENTED_EDGE('',*,*,#1315,.T.);
#575=ORIENTED_EDGE('',*,*,#1316,.T.);
#576=ORIENTED_EDGE('',*,*,#1315,.F.);
#577=ORIENTED_EDGE('',*,*,#1317,.F.);
#578=ORIENTED_EDGE('',*,*,#1318,.T.);
#579=ORIENTED_EDGE('',*,*,#1319,.T.);
#580=ORIENTED_EDGE('',*,*,#1318,.F.);
#581=ORIENTED_EDGE('',*,*,#1320,.F.);
#582=ORIENTED_EDGE('',*,*,#1321,.T.);
#583=ORIENTED_EDGE('',*,*,#1322,.T.);
#584=ORIENTED_EDGE('',*,*,#1321,.F.);
#585=ORIENTED_EDGE('',*,*,#1323,.F.);
#586=ORIENTED_EDGE('',*,*,#1324,.T.);
#587=ORIENTED_EDGE('',*,*,#1325,.T.);
#588=ORIENTED_EDGE('',*,*,#1324,.F.);
#589=ORIENTED_EDGE('',*,*,#1326,.F.);
#590=ORIENTED_EDGE('',*,*,#1289,.T.);
#591=ORIENTED_EDGE('',*,*,#1326,.T.);
#592=ORIENTED_EDGE('',*,*,#1323,.T.);
#593=ORIENTED_EDGE('',*,*,#1320,.T.);
#594=ORIENTED_EDGE('',*,*,#1317,.T.);
#595=ORIENTED_EDGE('',*,*,#1314,.T.);
#596=ORIENTED_EDGE('',*,*,#1311,.T.);
#597=ORIENTED_EDGE('',*,*,#1308,.T.);
#598=ORIENTED_EDGE('',*,*,#1305,.T.);
#599=ORIENTED_EDGE('',*,*,#1302,.T.);
#600=ORIENTED_EDGE('',*,*,#1299,.T.);
#601=ORIENTED_EDGE('',*,*,#1296,.T.);
#602=ORIENTED_EDGE('',*,*,#1293,.T.);
#603=ORIENTED_EDGE('',*,*,#1290,.T.);
#604=ORIENTED_EDGE('',*,*,#1327,.T.);
#605=ORIENTED_EDGE('',*,*,#1328,.F.);
#606=ORIENTED_EDGE('',*,*,#1329,.F.);
#607=ORIENTED_EDGE('',*,*,#1330,.T.);
#608=ORIENTED_EDGE('',*,*,#1331,.T.);
#609=ORIENTED_EDGE('',*,*,#1330,.F.);
#610=ORIENTED_EDGE('',*,*,#1332,.F.);
#611=ORIENTED_EDGE('',*,*,#1333,.T.);
#612=ORIENTED_EDGE('',*,*,#1334,.T.);
#613=ORIENTED_EDGE('',*,*,#1333,.F.);
#614=ORIENTED_EDGE('',*,*,#1335,.F.);
#615=ORIENTED_EDGE('',*,*,#1336,.T.);
#616=ORIENTED_EDGE('',*,*,#1337,.T.);
#617=ORIENTED_EDGE('',*,*,#1336,.F.);
#618=ORIENTED_EDGE('',*,*,#1338,.F.);
#619=ORIENTED_EDGE('',*,*,#1339,.T.);
#620=ORIENTED_EDGE('',*,*,#1340,.T.);
#621=ORIENTED_EDGE('',*,*,#1339,.F.);
#622=ORIENTED_EDGE('',*,*,#1341,.F.);
#623=ORIENTED_EDGE('',*,*,#1342,.T.);
#624=ORIENTED_EDGE('',*,*,#1343,.T.);
#625=ORIENTED_EDGE('',*,*,#1342,.F.);
#626=ORIENTED_EDGE('',*,*,#1344,.F.);
#627=ORIENTED_EDGE('',*,*,#1345,.T.);
#628=ORIENTED_EDGE('',*,*,#1346,.T.);
#629=ORIENTED_EDGE('',*,*,#1345,.F.);
#630=ORIENTED_EDGE('',*,*,#1347,.F.);
#631=ORIENTED_EDGE('',*,*,#1348,.T.);
#632=ORIENTED_EDGE('',*,*,#1349,.T.);
#633=ORIENTED_EDGE('',*,*,#1348,.F.);
#634=ORIENTED_EDGE('',*,*,#1350,.F.);
#635=ORIENTED_EDGE('',*,*,#1351,.T.);
#636=ORIENTED_EDGE('',*,*,#1352,.T.);
#637=ORIENTED_EDGE('',*,*,#1351,.F.);
#638=ORIENTED_EDGE('',*,*,#1353,.F.);
#639=ORIENTED_EDGE('',*,*,#1354,.T.);
#640=ORIENTED_EDGE('',*,*,#1355,.T.);
#641=ORIENTED_EDGE('',*,*,#1354,.F.);
#642=ORIENTED_EDGE('',*,*,#1356,.F.);
#643=ORIENTED_EDGE('',*,*,#1357,.T.);
#644=ORIENTED_EDGE('',*,*,#1358,.T.);
#645=ORIENTED_EDGE('',*,*,#1357,.F.);
#646=ORIENTED_EDGE('',*,*,#1359,.F.);
#647=ORIENTED_EDGE('',*,*,#1360,.T.);
#648=ORIENTED_EDGE('',*,*,#1361,.T.);
#649=ORIENTED_EDGE('',*,*,#1360,.F.);
#650=ORIENTED_EDGE('',*,*,#1362,.F.);
#651=ORIENTED_EDGE('',*,*,#1328,.T.);
#652=ORIENTED_EDGE('',*,*,#1362,.T.);
#653=ORIENTED_EDGE('',*,*,#1359,.T.);
#654=ORIENTED_EDGE('',*,*,#1356,.T.);
#655=ORIENTED_EDGE('',*,*,#1353,.T.);
#656=ORIENTED_EDGE('',*,*,#1350,.T.);
#657=ORIENTED_EDGE('',*,*,#1347,.T.);
#658=ORIENTED_EDGE('',*,*,#1344,.T.);
#659=ORIENTED_EDGE('',*,*,#1341,.T.);
#660=ORIENTED_EDGE('',*,*,#1338,.T.);
#661=ORIENTED_EDGE('',*,*,#1335,.T.);
#662=ORIENTED_EDGE('',*,*,#1332,.T.);
#663=ORIENTED_EDGE('',*,*,#1329,.T.);
#664=ORIENTED_EDGE('',*,*,#1363,.F.);
#665=ORIENTED_EDGE('',*,*,#1364,.F.);
#666=ORIENTED_EDGE('',*,*,#1365,.T.);
#667=ORIENTED_EDGE('',*,*,#1366,.T.);
#668=ORIENTED_EDGE('',*,*,#1367,.F.);
#669=ORIENTED_EDGE('',*,*,#1368,.F.);
#670=ORIENTED_EDGE('',*,*,#1369,.T.);
#671=ORIENTED_EDGE('',*,*,#1364,.T.);
#672=ORIENTED_EDGE('',*,*,#1370,.F.);
#673=ORIENTED_EDGE('',*,*,#1371,.F.);
#674=ORIENTED_EDGE('',*,*,#1372,.T.);
#675=ORIENTED_EDGE('',*,*,#1368,.T.);
#676=ORIENTED_EDGE('',*,*,#1373,.F.);
#677=ORIENTED_EDGE('',*,*,#1366,.F.);
#678=ORIENTED_EDGE('',*,*,#1374,.T.);
#679=ORIENTED_EDGE('',*,*,#1371,.T.);
#680=ORIENTED_EDGE('',*,*,#1365,.F.);
#681=ORIENTED_EDGE('',*,*,#1369,.F.);
#682=ORIENTED_EDGE('',*,*,#1372,.F.);
#683=ORIENTED_EDGE('',*,*,#1374,.F.);
#684=ORIENTED_EDGE('',*,*,#1375,.F.);
#685=ORIENTED_EDGE('',*,*,#1376,.F.);
#686=ORIENTED_EDGE('',*,*,#1377,.T.);
#687=ORIENTED_EDGE('',*,*,#1378,.T.);
#688=ORIENTED_EDGE('',*,*,#1379,.F.);
#689=ORIENTED_EDGE('',*,*,#1380,.F.);
#690=ORIENTED_EDGE('',*,*,#1381,.T.);
#691=ORIENTED_EDGE('',*,*,#1376,.T.);
#692=ORIENTED_EDGE('',*,*,#1382,.F.);
#693=ORIENTED_EDGE('',*,*,#1383,.F.);
#694=ORIENTED_EDGE('',*,*,#1384,.T.);
#695=ORIENTED_EDGE('',*,*,#1380,.T.);
#696=ORIENTED_EDGE('',*,*,#1385,.F.);
#697=ORIENTED_EDGE('',*,*,#1378,.F.);
#698=ORIENTED_EDGE('',*,*,#1386,.T.);
#699=ORIENTED_EDGE('',*,*,#1383,.T.);
#700=ORIENTED_EDGE('',*,*,#1386,.F.);
#701=ORIENTED_EDGE('',*,*,#1377,.F.);
#702=ORIENTED_EDGE('',*,*,#1381,.F.);
#703=ORIENTED_EDGE('',*,*,#1384,.F.);
#704=ORIENTED_EDGE('',*,*,#1387,.F.);
#705=ORIENTED_EDGE('',*,*,#1388,.T.);
#706=ORIENTED_EDGE('',*,*,#1388,.F.);
#707=ORIENTED_EDGE('',*,*,#1389,.F.);
#708=ORIENTED_EDGE('',*,*,#1390,.T.);
#709=ORIENTED_EDGE('',*,*,#1390,.F.);
#710=ORIENTED_EDGE('',*,*,#1391,.F.);
#711=ORIENTED_EDGE('',*,*,#1392,.F.);
#712=ORIENTED_EDGE('',*,*,#1393,.F.);
#713=ORIENTED_EDGE('',*,*,#1394,.T.);
#714=ORIENTED_EDGE('',*,*,#1395,.F.);
#715=ORIENTED_EDGE('',*,*,#1394,.F.);
#716=ORIENTED_EDGE('',*,*,#1396,.F.);
#717=ORIENTED_EDGE('',*,*,#1397,.F.);
#718=ORIENTED_EDGE('',*,*,#1398,.F.);
#719=ORIENTED_EDGE('',*,*,#1399,.T.);
#720=ORIENTED_EDGE('',*,*,#1400,.T.);
#721=ORIENTED_EDGE('',*,*,#1401,.F.);
#722=ORIENTED_EDGE('',*,*,#1400,.F.);
#723=ORIENTED_EDGE('',*,*,#1402,.T.);
#724=ORIENTED_EDGE('',*,*,#1398,.T.);
#725=ORIENTED_EDGE('',*,*,#1402,.F.);
#726=ORIENTED_EDGE('',*,*,#1399,.F.);
#727=ORIENTED_EDGE('',*,*,#1403,.F.);
#728=ORIENTED_EDGE('',*,*,#1404,.F.);
#729=ORIENTED_EDGE('',*,*,#1405,.T.);
#730=ORIENTED_EDGE('',*,*,#1406,.F.);
#731=ORIENTED_EDGE('',*,*,#1407,.F.);
#732=ORIENTED_EDGE('',*,*,#1408,.T.);
#733=ORIENTED_EDGE('',*,*,#1404,.T.);
#734=ORIENTED_EDGE('',*,*,#1409,.F.);
#735=ORIENTED_EDGE('',*,*,#1410,.T.);
#736=ORIENTED_EDGE('',*,*,#1407,.T.);
#737=ORIENTED_EDGE('',*,*,#1410,.F.);
#738=ORIENTED_EDGE('',*,*,#1411,.F.);
#739=ORIENTED_EDGE('',*,*,#1412,.F.);
#740=ORIENTED_EDGE('',*,*,#1413,.F.);
#741=ORIENTED_EDGE('',*,*,#1414,.F.);
#742=ORIENTED_EDGE('',*,*,#1405,.F.);
#743=ORIENTED_EDGE('',*,*,#1408,.F.);
#744=ORIENTED_EDGE('',*,*,#1278,.F.);
#745=ORIENTED_EDGE('',*,*,#1415,.T.);
#746=ORIENTED_EDGE('',*,*,#1416,.F.);
#747=ORIENTED_EDGE('',*,*,#1417,.F.);
#748=ORIENTED_EDGE('',*,*,#1418,.T.);
#749=ORIENTED_EDGE('',*,*,#1419,.T.);
#750=ORIENTED_EDGE('',*,*,#1420,.F.);
#751=ORIENTED_EDGE('',*,*,#1419,.F.);
#752=ORIENTED_EDGE('',*,*,#1421,.T.);
#753=ORIENTED_EDGE('',*,*,#1417,.T.);
#754=ORIENTED_EDGE('',*,*,#1421,.F.);
#755=ORIENTED_EDGE('',*,*,#1418,.F.);
#756=ORIENTED_EDGE('',*,*,#1415,.F.);
#757=ORIENTED_EDGE('',*,*,#1422,.F.);
#758=ORIENTED_EDGE('',*,*,#1423,.F.);
#759=ORIENTED_EDGE('',*,*,#1424,.T.);
#760=ORIENTED_EDGE('',*,*,#1425,.T.);
#761=ORIENTED_EDGE('',*,*,#1426,.F.);
#762=ORIENTED_EDGE('',*,*,#1425,.F.);
#763=ORIENTED_EDGE('',*,*,#1427,.T.);
#764=ORIENTED_EDGE('',*,*,#1423,.T.);
#765=ORIENTED_EDGE('',*,*,#1427,.F.);
#766=ORIENTED_EDGE('',*,*,#1424,.F.);
#767=ORIENTED_EDGE('',*,*,#1428,.F.);
#768=ORIENTED_EDGE('',*,*,#1429,.F.);
#769=ORIENTED_EDGE('',*,*,#1430,.T.);
#770=ORIENTED_EDGE('',*,*,#1431,.T.);
#771=ORIENTED_EDGE('',*,*,#1432,.F.);
#772=ORIENTED_EDGE('',*,*,#1433,.F.);
#773=ORIENTED_EDGE('',*,*,#1434,.T.);
#774=ORIENTED_EDGE('',*,*,#1429,.T.);
#775=ORIENTED_EDGE('',*,*,#1435,.F.);
#776=ORIENTED_EDGE('',*,*,#1436,.F.);
#777=ORIENTED_EDGE('',*,*,#1437,.T.);
#778=ORIENTED_EDGE('',*,*,#1433,.T.);
#779=ORIENTED_EDGE('',*,*,#1438,.F.);
#780=ORIENTED_EDGE('',*,*,#1431,.F.);
#781=ORIENTED_EDGE('',*,*,#1439,.T.);
#782=ORIENTED_EDGE('',*,*,#1436,.T.);
#783=ORIENTED_EDGE('',*,*,#1439,.F.);
#784=ORIENTED_EDGE('',*,*,#1430,.F.);
#785=ORIENTED_EDGE('',*,*,#1434,.F.);
#786=ORIENTED_EDGE('',*,*,#1437,.F.);
#787=ORIENTED_EDGE('',*,*,#1281,.F.);
#788=ORIENTED_EDGE('',*,*,#1440,.T.);
#789=ORIENTED_EDGE('',*,*,#1441,.F.);
#790=ORIENTED_EDGE('',*,*,#1442,.T.);
#791=ORIENTED_EDGE('',*,*,#1442,.F.);
#792=ORIENTED_EDGE('',*,*,#1443,.F.);
#793=ORIENTED_EDGE('',*,*,#1444,.F.);
#794=ORIENTED_EDGE('',*,*,#1440,.F.);
#795=ORIENTED_EDGE('',*,*,#1445,.F.);
#796=ORIENTED_EDGE('',*,*,#1446,.F.);
#797=ORIENTED_EDGE('',*,*,#1447,.T.);
#798=ORIENTED_EDGE('',*,*,#1448,.T.);
#799=ORIENTED_EDGE('',*,*,#1449,.F.);
#800=ORIENTED_EDGE('',*,*,#1448,.F.);
#801=ORIENTED_EDGE('',*,*,#1450,.T.);
#802=ORIENTED_EDGE('',*,*,#1446,.T.);
#803=ORIENTED_EDGE('',*,*,#1450,.F.);
#804=ORIENTED_EDGE('',*,*,#1447,.F.);
#805=ORIENTED_EDGE('',*,*,#1451,.F.);
#806=ORIENTED_EDGE('',*,*,#1452,.F.);
#807=ORIENTED_EDGE('',*,*,#1453,.T.);
#808=ORIENTED_EDGE('',*,*,#1454,.T.);
#809=ORIENTED_EDGE('',*,*,#1455,.F.);
#810=ORIENTED_EDGE('',*,*,#1456,.F.);
#811=ORIENTED_EDGE('',*,*,#1457,.T.);
#812=ORIENTED_EDGE('',*,*,#1452,.T.);
#813=ORIENTED_EDGE('',*,*,#1458,.F.);
#814=ORIENTED_EDGE('',*,*,#1454,.F.);
#815=ORIENTED_EDGE('',*,*,#1459,.T.);
#816=ORIENTED_EDGE('',*,*,#1456,.T.);
#817=ORIENTED_EDGE('',*,*,#1459,.F.);
#818=ORIENTED_EDGE('',*,*,#1453,.F.);
#819=ORIENTED_EDGE('',*,*,#1457,.F.);
#820=ORIENTED_EDGE('',*,*,#1460,.F.);
#821=ORIENTED_EDGE('',*,*,#1461,.F.);
#822=ORIENTED_EDGE('',*,*,#1462,.T.);
#823=ORIENTED_EDGE('',*,*,#1463,.T.);
#824=ORIENTED_EDGE('',*,*,#1464,.F.);
#825=ORIENTED_EDGE('',*,*,#1463,.F.);
#826=ORIENTED_EDGE('',*,*,#1465,.T.);
#827=ORIENTED_EDGE('',*,*,#1461,.T.);
#828=ORIENTED_EDGE('',*,*,#1465,.F.);
#829=ORIENTED_EDGE('',*,*,#1462,.F.);
#830=ORIENTED_EDGE('',*,*,#1284,.F.);
#831=ORIENTED_EDGE('',*,*,#1466,.T.);
#832=ORIENTED_EDGE('',*,*,#1467,.F.);
#833=ORIENTED_EDGE('',*,*,#1468,.T.);
#834=ORIENTED_EDGE('',*,*,#1468,.F.);
#835=ORIENTED_EDGE('',*,*,#1469,.F.);
#836=ORIENTED_EDGE('',*,*,#1470,.F.);
#837=ORIENTED_EDGE('',*,*,#1466,.F.);
#838=ORIENTED_EDGE('',*,*,#1471,.F.);
#839=ORIENTED_EDGE('',*,*,#1472,.T.);
#840=ORIENTED_EDGE('',*,*,#1473,.F.);
#841=ORIENTED_EDGE('',*,*,#1472,.F.);
#842=ORIENTED_EDGE('',*,*,#1474,.F.);
#843=ORIENTED_EDGE('',*,*,#1287,.F.);
#844=ORIENTED_EDGE('',*,*,#1475,.T.);
#845=ORIENTED_EDGE('',*,*,#1476,.F.);
#846=ORIENTED_EDGE('',*,*,#1477,.T.);
#847=ORIENTED_EDGE('',*,*,#1478,.F.);
#848=ORIENTED_EDGE('',*,*,#1479,.T.);
#849=ORIENTED_EDGE('',*,*,#1479,.F.);
#850=ORIENTED_EDGE('',*,*,#1477,.F.);
#851=ORIENTED_EDGE('',*,*,#1475,.F.);
#852=ORIENTED_EDGE('',*,*,#1480,.F.);
#853=ORIENTED_EDGE('',*,*,#1481,.F.);
#854=ORIENTED_EDGE('',*,*,#1482,.T.);
#855=ORIENTED_EDGE('',*,*,#1483,.T.);
#856=ORIENTED_EDGE('',*,*,#1484,.F.);
#857=ORIENTED_EDGE('',*,*,#1483,.F.);
#858=ORIENTED_EDGE('',*,*,#1485,.T.);
#859=ORIENTED_EDGE('',*,*,#1481,.T.);
#860=ORIENTED_EDGE('',*,*,#1485,.F.);
#861=ORIENTED_EDGE('',*,*,#1482,.F.);
#862=ORIENTED_EDGE('',*,*,#1486,.F.);
#863=ORIENTED_EDGE('',*,*,#1487,.F.);
#864=ORIENTED_EDGE('',*,*,#1488,.T.);
#865=ORIENTED_EDGE('',*,*,#1489,.T.);
#866=ORIENTED_EDGE('',*,*,#1490,.F.);
#867=ORIENTED_EDGE('',*,*,#1489,.F.);
#868=ORIENTED_EDGE('',*,*,#1491,.T.);
#869=ORIENTED_EDGE('',*,*,#1487,.T.);
#870=ORIENTED_EDGE('',*,*,#1491,.F.);
#871=ORIENTED_EDGE('',*,*,#1488,.F.);
#872=ORIENTED_EDGE('',*,*,#1492,.F.);
#873=ORIENTED_EDGE('',*,*,#1493,.F.);
#874=ORIENTED_EDGE('',*,*,#1494,.T.);
#875=ORIENTED_EDGE('',*,*,#1495,.T.);
#876=ORIENTED_EDGE('',*,*,#1496,.F.);
#877=ORIENTED_EDGE('',*,*,#1497,.F.);
#878=ORIENTED_EDGE('',*,*,#1498,.T.);
#879=ORIENTED_EDGE('',*,*,#1493,.T.);
#880=ORIENTED_EDGE('',*,*,#1499,.F.);
#881=ORIENTED_EDGE('',*,*,#1495,.F.);
#882=ORIENTED_EDGE('',*,*,#1500,.T.);
#883=ORIENTED_EDGE('',*,*,#1497,.T.);
#884=ORIENTED_EDGE('',*,*,#1500,.F.);
#885=ORIENTED_EDGE('',*,*,#1494,.F.);
#886=ORIENTED_EDGE('',*,*,#1498,.F.);
#887=ORIENTED_EDGE('',*,*,#1501,.F.);
#888=ORIENTED_EDGE('',*,*,#1502,.F.);
#889=ORIENTED_EDGE('',*,*,#1503,.T.);
#890=ORIENTED_EDGE('',*,*,#1504,.T.);
#891=ORIENTED_EDGE('',*,*,#1505,.F.);
#892=ORIENTED_EDGE('',*,*,#1504,.F.);
#893=ORIENTED_EDGE('',*,*,#1506,.T.);
#894=ORIENTED_EDGE('',*,*,#1502,.T.);
#895=ORIENTED_EDGE('',*,*,#1506,.F.);
#896=ORIENTED_EDGE('',*,*,#1503,.F.);
#897=ORIENTED_EDGE('',*,*,#1507,.F.);
#898=ORIENTED_EDGE('',*,*,#1508,.F.);
#899=ORIENTED_EDGE('',*,*,#1509,.T.);
#900=ORIENTED_EDGE('',*,*,#1510,.T.);
#901=ORIENTED_EDGE('',*,*,#1511,.F.);
#902=ORIENTED_EDGE('',*,*,#1510,.F.);
#903=ORIENTED_EDGE('',*,*,#1512,.T.);
#904=ORIENTED_EDGE('',*,*,#1508,.T.);
#905=ORIENTED_EDGE('',*,*,#1512,.F.);
#906=ORIENTED_EDGE('',*,*,#1509,.F.);
#907=ORIENTED_EDGE('',*,*,#1513,.F.);
#908=ORIENTED_EDGE('',*,*,#1514,.F.);
#909=ORIENTED_EDGE('',*,*,#1515,.T.);
#910=ORIENTED_EDGE('',*,*,#1516,.T.);
#911=ORIENTED_EDGE('',*,*,#1517,.F.);
#912=ORIENTED_EDGE('',*,*,#1516,.F.);
#913=ORIENTED_EDGE('',*,*,#1518,.T.);
#914=ORIENTED_EDGE('',*,*,#1514,.T.);
#915=ORIENTED_EDGE('',*,*,#1518,.F.);
#916=ORIENTED_EDGE('',*,*,#1515,.F.);
#917=ORIENTED_EDGE('',*,*,#1519,.F.);
#918=ORIENTED_EDGE('',*,*,#1520,.F.);
#919=ORIENTED_EDGE('',*,*,#1521,.T.);
#920=ORIENTED_EDGE('',*,*,#1522,.F.);
#921=ORIENTED_EDGE('',*,*,#1523,.F.);
#922=ORIENTED_EDGE('',*,*,#1524,.T.);
#923=ORIENTED_EDGE('',*,*,#1520,.T.);
#924=ORIENTED_EDGE('',*,*,#1525,.F.);
#925=ORIENTED_EDGE('',*,*,#1526,.T.);
#926=ORIENTED_EDGE('',*,*,#1523,.T.);
#927=ORIENTED_EDGE('',*,*,#1527,.F.);
#928=ORIENTED_EDGE('',*,*,#1521,.F.);
#929=ORIENTED_EDGE('',*,*,#1524,.F.);
#930=ORIENTED_EDGE('',*,*,#1526,.F.);
#931=ORIENTED_EDGE('',*,*,#1528,.F.);
#932=ORIENTED_EDGE('',*,*,#1529,.F.);
#933=ORIENTED_EDGE('',*,*,#1530,.F.);
#934=ORIENTED_EDGE('',*,*,#1531,.T.);
#935=ORIENTED_EDGE('',*,*,#1532,.T.);
#936=ORIENTED_EDGE('',*,*,#1533,.F.);
#937=ORIENTED_EDGE('',*,*,#1534,.F.);
#938=ORIENTED_EDGE('',*,*,#1535,.T.);
#939=ORIENTED_EDGE('',*,*,#1530,.T.);
#940=ORIENTED_EDGE('',*,*,#1536,.F.);
#941=ORIENTED_EDGE('',*,*,#1537,.F.);
#942=ORIENTED_EDGE('',*,*,#1538,.T.);
#943=ORIENTED_EDGE('',*,*,#1534,.T.);
#944=ORIENTED_EDGE('',*,*,#1539,.F.);
#945=ORIENTED_EDGE('',*,*,#1532,.F.);
#946=ORIENTED_EDGE('',*,*,#1540,.T.);
#947=ORIENTED_EDGE('',*,*,#1537,.T.);
#948=ORIENTED_EDGE('',*,*,#1540,.F.);
#949=ORIENTED_EDGE('',*,*,#1531,.F.);
#950=ORIENTED_EDGE('',*,*,#1535,.F.);
#951=ORIENTED_EDGE('',*,*,#1538,.F.);
#952=ORIENTED_EDGE('',*,*,#1541,.F.);
#953=ORIENTED_EDGE('',*,*,#1542,.F.);
#954=ORIENTED_EDGE('',*,*,#1543,.T.);
#955=ORIENTED_EDGE('',*,*,#1544,.T.);
#956=ORIENTED_EDGE('',*,*,#1545,.F.);
#957=ORIENTED_EDGE('',*,*,#1546,.F.);
#958=ORIENTED_EDGE('',*,*,#1547,.T.);
#959=ORIENTED_EDGE('',*,*,#1542,.T.);
#960=ORIENTED_EDGE('',*,*,#1548,.F.);
#961=ORIENTED_EDGE('',*,*,#1549,.F.);
#962=ORIENTED_EDGE('',*,*,#1550,.T.);
#963=ORIENTED_EDGE('',*,*,#1546,.T.);
#964=ORIENTED_EDGE('',*,*,#1551,.F.);
#965=ORIENTED_EDGE('',*,*,#1544,.F.);
#966=ORIENTED_EDGE('',*,*,#1552,.T.);
#967=ORIENTED_EDGE('',*,*,#1549,.T.);
#968=ORIENTED_EDGE('',*,*,#1552,.F.);
#969=ORIENTED_EDGE('',*,*,#1543,.F.);
#970=ORIENTED_EDGE('',*,*,#1547,.F.);
#971=ORIENTED_EDGE('',*,*,#1550,.F.);
#972=ORIENTED_EDGE('',*,*,#1553,.F.);
#973=ORIENTED_EDGE('',*,*,#1554,.F.);
#974=ORIENTED_EDGE('',*,*,#1555,.T.);
#975=ORIENTED_EDGE('',*,*,#1556,.T.);
#976=ORIENTED_EDGE('',*,*,#1557,.F.);
#977=ORIENTED_EDGE('',*,*,#1558,.F.);
#978=ORIENTED_EDGE('',*,*,#1559,.T.);
#979=ORIENTED_EDGE('',*,*,#1554,.T.);
#980=ORIENTED_EDGE('',*,*,#1560,.F.);
#981=ORIENTED_EDGE('',*,*,#1561,.F.);
#982=ORIENTED_EDGE('',*,*,#1562,.T.);
#983=ORIENTED_EDGE('',*,*,#1558,.T.);
#984=ORIENTED_EDGE('',*,*,#1563,.F.);
#985=ORIENTED_EDGE('',*,*,#1556,.F.);
#986=ORIENTED_EDGE('',*,*,#1564,.T.);
#987=ORIENTED_EDGE('',*,*,#1561,.T.);
#988=ORIENTED_EDGE('',*,*,#1564,.F.);
#989=ORIENTED_EDGE('',*,*,#1555,.F.);
#990=ORIENTED_EDGE('',*,*,#1559,.F.);
#991=ORIENTED_EDGE('',*,*,#1562,.F.);
#992=ORIENTED_EDGE('',*,*,#1565,.F.);
#993=ORIENTED_EDGE('',*,*,#1566,.F.);
#994=ORIENTED_EDGE('',*,*,#1567,.T.);
#995=ORIENTED_EDGE('',*,*,#1568,.T.);
#996=ORIENTED_EDGE('',*,*,#1569,.F.);
#997=ORIENTED_EDGE('',*,*,#1570,.F.);
#998=ORIENTED_EDGE('',*,*,#1571,.T.);
#999=ORIENTED_EDGE('',*,*,#1566,.T.);
#1000=ORIENTED_EDGE('',*,*,#1572,.F.);
#1001=ORIENTED_EDGE('',*,*,#1573,.F.);
#1002=ORIENTED_EDGE('',*,*,#1574,.T.);
#1003=ORIENTED_EDGE('',*,*,#1570,.T.);
#1004=ORIENTED_EDGE('',*,*,#1575,.F.);
#1005=ORIENTED_EDGE('',*,*,#1568,.F.);
#1006=ORIENTED_EDGE('',*,*,#1576,.T.);
#1007=ORIENTED_EDGE('',*,*,#1573,.T.);
#1008=ORIENTED_EDGE('',*,*,#1576,.F.);
#1009=ORIENTED_EDGE('',*,*,#1567,.F.);
#1010=ORIENTED_EDGE('',*,*,#1571,.F.);
#1011=ORIENTED_EDGE('',*,*,#1574,.F.);
#1012=ORIENTED_EDGE('',*,*,#1577,.F.);
#1013=ORIENTED_EDGE('',*,*,#1578,.F.);
#1014=ORIENTED_EDGE('',*,*,#1579,.T.);
#1015=ORIENTED_EDGE('',*,*,#1580,.T.);
#1016=ORIENTED_EDGE('',*,*,#1581,.F.);
#1017=ORIENTED_EDGE('',*,*,#1582,.F.);
#1018=ORIENTED_EDGE('',*,*,#1583,.T.);
#1019=ORIENTED_EDGE('',*,*,#1578,.T.);
#1020=ORIENTED_EDGE('',*,*,#1584,.F.);
#1021=ORIENTED_EDGE('',*,*,#1585,.F.);
#1022=ORIENTED_EDGE('',*,*,#1586,.T.);
#1023=ORIENTED_EDGE('',*,*,#1582,.T.);
#1024=ORIENTED_EDGE('',*,*,#1587,.F.);
#1025=ORIENTED_EDGE('',*,*,#1580,.F.);
#1026=ORIENTED_EDGE('',*,*,#1588,.T.);
#1027=ORIENTED_EDGE('',*,*,#1585,.T.);
#1028=ORIENTED_EDGE('',*,*,#1588,.F.);
#1029=ORIENTED_EDGE('',*,*,#1579,.F.);
#1030=ORIENTED_EDGE('',*,*,#1583,.F.);
#1031=ORIENTED_EDGE('',*,*,#1586,.F.);
#1032=ORIENTED_EDGE('',*,*,#1589,.F.);
#1033=ORIENTED_EDGE('',*,*,#1590,.F.);
#1034=ORIENTED_EDGE('',*,*,#1591,.T.);
#1035=ORIENTED_EDGE('',*,*,#1592,.T.);
#1036=ORIENTED_EDGE('',*,*,#1593,.F.);
#1037=ORIENTED_EDGE('',*,*,#1594,.F.);
#1038=ORIENTED_EDGE('',*,*,#1595,.T.);
#1039=ORIENTED_EDGE('',*,*,#1590,.T.);
#1040=ORIENTED_EDGE('',*,*,#1596,.F.);
#1041=ORIENTED_EDGE('',*,*,#1597,.F.);
#1042=ORIENTED_EDGE('',*,*,#1598,.T.);
#1043=ORIENTED_EDGE('',*,*,#1594,.T.);
#1044=ORIENTED_EDGE('',*,*,#1599,.F.);
#1045=ORIENTED_EDGE('',*,*,#1592,.F.);
#1046=ORIENTED_EDGE('',*,*,#1600,.T.);
#1047=ORIENTED_EDGE('',*,*,#1597,.T.);
#1048=ORIENTED_EDGE('',*,*,#1600,.F.);
#1049=ORIENTED_EDGE('',*,*,#1591,.F.);
#1050=ORIENTED_EDGE('',*,*,#1595,.F.);
#1051=ORIENTED_EDGE('',*,*,#1598,.F.);
#1052=ORIENTED_EDGE('',*,*,#1601,.F.);
#1053=ORIENTED_EDGE('',*,*,#1602,.F.);
#1054=ORIENTED_EDGE('',*,*,#1603,.T.);
#1055=ORIENTED_EDGE('',*,*,#1604,.T.);
#1056=ORIENTED_EDGE('',*,*,#1605,.F.);
#1057=ORIENTED_EDGE('',*,*,#1606,.F.);
#1058=ORIENTED_EDGE('',*,*,#1607,.T.);
#1059=ORIENTED_EDGE('',*,*,#1602,.T.);
#1060=ORIENTED_EDGE('',*,*,#1608,.F.);
#1061=ORIENTED_EDGE('',*,*,#1609,.F.);
#1062=ORIENTED_EDGE('',*,*,#1610,.T.);
#1063=ORIENTED_EDGE('',*,*,#1606,.T.);
#1064=ORIENTED_EDGE('',*,*,#1611,.F.);
#1065=ORIENTED_EDGE('',*,*,#1604,.F.);
#1066=ORIENTED_EDGE('',*,*,#1612,.T.);
#1067=ORIENTED_EDGE('',*,*,#1609,.T.);
#1068=ORIENTED_EDGE('',*,*,#1612,.F.);
#1069=ORIENTED_EDGE('',*,*,#1603,.F.);
#1070=ORIENTED_EDGE('',*,*,#1607,.F.);
#1071=ORIENTED_EDGE('',*,*,#1610,.F.);
#1072=ORIENTED_EDGE('',*,*,#1613,.F.);
#1073=ORIENTED_EDGE('',*,*,#1614,.F.);
#1074=ORIENTED_EDGE('',*,*,#1615,.T.);
#1075=ORIENTED_EDGE('',*,*,#1616,.T.);
#1076=ORIENTED_EDGE('',*,*,#1617,.F.);
#1077=ORIENTED_EDGE('',*,*,#1618,.F.);
#1078=ORIENTED_EDGE('',*,*,#1619,.T.);
#1079=ORIENTED_EDGE('',*,*,#1614,.T.);
#1080=ORIENTED_EDGE('',*,*,#1620,.F.);
#1081=ORIENTED_EDGE('',*,*,#1621,.F.);
#1082=ORIENTED_EDGE('',*,*,#1622,.T.);
#1083=ORIENTED_EDGE('',*,*,#1618,.T.);
#1084=ORIENTED_EDGE('',*,*,#1623,.F.);
#1085=ORIENTED_EDGE('',*,*,#1616,.F.);
#1086=ORIENTED_EDGE('',*,*,#1624,.T.);
#1087=ORIENTED_EDGE('',*,*,#1621,.T.);
#1088=ORIENTED_EDGE('',*,*,#1615,.F.);
#1089=ORIENTED_EDGE('',*,*,#1619,.F.);
#1090=ORIENTED_EDGE('',*,*,#1622,.F.);
#1091=ORIENTED_EDGE('',*,*,#1624,.F.);
#1092=ORIENTED_EDGE('',*,*,#1625,.T.);
#1093=ORIENTED_EDGE('',*,*,#1626,.T.);
#1094=ORIENTED_EDGE('',*,*,#1627,.F.);
#1095=ORIENTED_EDGE('',*,*,#1628,.F.);
#1096=ORIENTED_EDGE('',*,*,#1613,.T.);
#1097=ORIENTED_EDGE('',*,*,#1623,.T.);
#1098=ORIENTED_EDGE('',*,*,#1620,.T.);
#1099=ORIENTED_EDGE('',*,*,#1617,.T.);
#1100=ORIENTED_EDGE('',*,*,#1601,.T.);
#1101=ORIENTED_EDGE('',*,*,#1611,.T.);
#1102=ORIENTED_EDGE('',*,*,#1608,.T.);
#1103=ORIENTED_EDGE('',*,*,#1605,.T.);
#1104=ORIENTED_EDGE('',*,*,#1589,.T.);
#1105=ORIENTED_EDGE('',*,*,#1599,.T.);
#1106=ORIENTED_EDGE('',*,*,#1596,.T.);
#1107=ORIENTED_EDGE('',*,*,#1593,.T.);
#1108=ORIENTED_EDGE('',*,*,#1577,.T.);
#1109=ORIENTED_EDGE('',*,*,#1587,.T.);
#1110=ORIENTED_EDGE('',*,*,#1584,.T.);
#1111=ORIENTED_EDGE('',*,*,#1581,.T.);
#1112=ORIENTED_EDGE('',*,*,#1565,.T.);
#1113=ORIENTED_EDGE('',*,*,#1575,.T.);
#1114=ORIENTED_EDGE('',*,*,#1572,.T.);
#1115=ORIENTED_EDGE('',*,*,#1569,.T.);
#1116=ORIENTED_EDGE('',*,*,#1553,.T.);
#1117=ORIENTED_EDGE('',*,*,#1563,.T.);
#1118=ORIENTED_EDGE('',*,*,#1560,.T.);
#1119=ORIENTED_EDGE('',*,*,#1557,.T.);
#1120=ORIENTED_EDGE('',*,*,#1541,.T.);
#1121=ORIENTED_EDGE('',*,*,#1551,.T.);
#1122=ORIENTED_EDGE('',*,*,#1548,.T.);
#1123=ORIENTED_EDGE('',*,*,#1545,.T.);
#1124=ORIENTED_EDGE('',*,*,#1629,.T.);
#1125=ORIENTED_EDGE('',*,*,#1630,.T.);
#1126=ORIENTED_EDGE('',*,*,#1625,.F.);
#1127=ORIENTED_EDGE('',*,*,#1631,.F.);
#1128=ORIENTED_EDGE('',*,*,#1627,.T.);
#1129=ORIENTED_EDGE('',*,*,#1632,.T.);
#1130=ORIENTED_EDGE('',*,*,#1633,.F.);
#1131=ORIENTED_EDGE('',*,*,#1634,.F.);
#1132=ORIENTED_EDGE('',*,*,#1635,.F.);
#1133=ORIENTED_EDGE('',*,*,#1633,.T.);
#1134=ORIENTED_EDGE('',*,*,#1636,.F.);
#1135=ORIENTED_EDGE('',*,*,#1637,.F.);
#1136=ORIENTED_EDGE('',*,*,#1638,.T.);
#1137=ORIENTED_EDGE('',*,*,#1639,.T.);
#1138=ORIENTED_EDGE('',*,*,#1640,.T.);
#1139=ORIENTED_EDGE('',*,*,#1641,.T.);
#1140=ORIENTED_EDGE('',*,*,#1628,.T.);
#1141=ORIENTED_EDGE('',*,*,#1634,.T.);
#1142=ORIENTED_EDGE('',*,*,#1635,.T.);
#1143=ORIENTED_EDGE('',*,*,#1642,.F.);
#1144=ORIENTED_EDGE('',*,*,#1641,.F.);
#1145=ORIENTED_EDGE('',*,*,#1643,.T.);
#1146=ORIENTED_EDGE('',*,*,#1644,.T.);
#1147=ORIENTED_EDGE('',*,*,#1631,.T.);
#1148=ORIENTED_EDGE('',*,*,#1645,.T.);
#1149=ORIENTED_EDGE('',*,*,#1643,.F.);
#1150=ORIENTED_EDGE('',*,*,#1640,.F.);
#1151=ORIENTED_EDGE('',*,*,#1646,.T.);
#1152=ORIENTED_EDGE('',*,*,#1637,.T.);
#1153=ORIENTED_EDGE('',*,*,#1647,.F.);
#1154=ORIENTED_EDGE('',*,*,#1638,.F.);
#1155=ORIENTED_EDGE('',*,*,#1642,.T.);
#1156=ORIENTED_EDGE('',*,*,#1629,.F.);
#1157=ORIENTED_EDGE('',*,*,#1644,.F.);
#1158=ORIENTED_EDGE('',*,*,#1645,.F.);
#1159=ORIENTED_EDGE('',*,*,#1648,.F.);
#1160=ORIENTED_EDGE('',*,*,#1373,.T.);
#1161=ORIENTED_EDGE('',*,*,#1370,.T.);
#1162=ORIENTED_EDGE('',*,*,#1367,.T.);
#1163=ORIENTED_EDGE('',*,*,#1363,.T.);
#1164=ORIENTED_EDGE('',*,*,#1387,.T.);
#1165=ORIENTED_EDGE('',*,*,#1389,.T.);
#1166=ORIENTED_EDGE('',*,*,#1392,.T.);
#1167=ORIENTED_EDGE('',*,*,#1391,.T.);
#1168=ORIENTED_EDGE('',*,*,#1401,.T.);
#1169=ORIENTED_EDGE('',*,*,#1397,.T.);
#1170=ORIENTED_EDGE('',*,*,#1420,.T.);
#1171=ORIENTED_EDGE('',*,*,#1416,.T.);
#1172=ORIENTED_EDGE('',*,*,#1438,.T.);
#1173=ORIENTED_EDGE('',*,*,#1435,.T.);
#1174=ORIENTED_EDGE('',*,*,#1432,.T.);
#1175=ORIENTED_EDGE('',*,*,#1428,.T.);
#1176=ORIENTED_EDGE('',*,*,#1449,.T.);
#1177=ORIENTED_EDGE('',*,*,#1445,.T.);
#1178=ORIENTED_EDGE('',*,*,#1464,.T.);
#1179=ORIENTED_EDGE('',*,*,#1460,.T.);
#1180=ORIENTED_EDGE('',*,*,#1473,.T.);
#1181=ORIENTED_EDGE('',*,*,#1474,.T.);
#1182=ORIENTED_EDGE('',*,*,#1471,.T.);
#1183=ORIENTED_EDGE('',*,*,#1484,.T.);
#1184=ORIENTED_EDGE('',*,*,#1480,.T.);
#1185=ORIENTED_EDGE('',*,*,#1499,.T.);
#1186=ORIENTED_EDGE('',*,*,#1496,.T.);
#1187=ORIENTED_EDGE('',*,*,#1492,.T.);
#1188=ORIENTED_EDGE('',*,*,#1511,.T.);
#1189=ORIENTED_EDGE('',*,*,#1507,.T.);
#1190=ORIENTED_EDGE('',*,*,#1527,.T.);
#1191=ORIENTED_EDGE('',*,*,#1528,.T.);
#1192=ORIENTED_EDGE('',*,*,#1525,.T.);
#1193=ORIENTED_EDGE('',*,*,#1522,.T.);
#1194=ORIENTED_EDGE('',*,*,#1519,.T.);
#1195=ORIENTED_EDGE('',*,*,#1632,.F.);
#1196=ORIENTED_EDGE('',*,*,#1626,.F.);
#1197=ORIENTED_EDGE('',*,*,#1630,.F.);
#1198=ORIENTED_EDGE('',*,*,#1648,.T.);
#1199=ORIENTED_EDGE('',*,*,#1646,.F.);
#1200=ORIENTED_EDGE('',*,*,#1639,.F.);
#1201=ORIENTED_EDGE('',*,*,#1647,.T.);
#1202=ORIENTED_EDGE('',*,*,#1636,.T.);
#1203=ORIENTED_EDGE('',*,*,#1539,.T.);
#1204=ORIENTED_EDGE('',*,*,#1536,.T.);
#1205=ORIENTED_EDGE('',*,*,#1533,.T.);
#1206=ORIENTED_EDGE('',*,*,#1529,.T.);
#1207=ORIENTED_EDGE('',*,*,#1517,.T.);
#1208=ORIENTED_EDGE('',*,*,#1513,.T.);
#1209=ORIENTED_EDGE('',*,*,#1505,.T.);
#1210=ORIENTED_EDGE('',*,*,#1501,.T.);
#1211=ORIENTED_EDGE('',*,*,#1490,.T.);
#1212=ORIENTED_EDGE('',*,*,#1486,.T.);
#1213=ORIENTED_EDGE('',*,*,#1478,.T.);
#1214=ORIENTED_EDGE('',*,*,#1476,.T.);
#1215=ORIENTED_EDGE('',*,*,#1467,.T.);
#1216=ORIENTED_EDGE('',*,*,#1470,.T.);
#1217=ORIENTED_EDGE('',*,*,#1469,.T.);
#1218=ORIENTED_EDGE('',*,*,#1458,.T.);
#1219=ORIENTED_EDGE('',*,*,#1455,.T.);
#1220=ORIENTED_EDGE('',*,*,#1451,.T.);
#1221=ORIENTED_EDGE('',*,*,#1441,.T.);
#1222=ORIENTED_EDGE('',*,*,#1444,.T.);
#1223=ORIENTED_EDGE('',*,*,#1443,.T.);
#1224=ORIENTED_EDGE('',*,*,#1426,.T.);
#1225=ORIENTED_EDGE('',*,*,#1422,.T.);
#1226=ORIENTED_EDGE('',*,*,#1409,.T.);
#1227=ORIENTED_EDGE('',*,*,#1406,.T.);
#1228=ORIENTED_EDGE('',*,*,#1403,.T.);
#1229=ORIENTED_EDGE('',*,*,#1414,.T.);
#1230=ORIENTED_EDGE('',*,*,#1413,.T.);
#1231=ORIENTED_EDGE('',*,*,#1412,.T.);
#1232=ORIENTED_EDGE('',*,*,#1411,.T.);
#1233=ORIENTED_EDGE('',*,*,#1395,.T.);
#1234=ORIENTED_EDGE('',*,*,#1396,.T.);
#1235=ORIENTED_EDGE('',*,*,#1393,.T.);
#1236=ORIENTED_EDGE('',*,*,#1385,.T.);
#1237=ORIENTED_EDGE('',*,*,#1382,.T.);
#1238=ORIENTED_EDGE('',*,*,#1379,.T.);
#1239=ORIENTED_EDGE('',*,*,#1375,.T.);
#1240=ORIENTED_EDGE('',*,*,#1358,.F.);
#1241=ORIENTED_EDGE('',*,*,#1361,.F.);
#1242=ORIENTED_EDGE('',*,*,#1327,.F.);
#1243=ORIENTED_EDGE('',*,*,#1331,.F.);
#1244=ORIENTED_EDGE('',*,*,#1334,.F.);
#1245=ORIENTED_EDGE('',*,*,#1337,.F.);
#1246=ORIENTED_EDGE('',*,*,#1340,.F.);
#1247=ORIENTED_EDGE('',*,*,#1343,.F.);
#1248=ORIENTED_EDGE('',*,*,#1346,.F.);
#1249=ORIENTED_EDGE('',*,*,#1349,.F.);
#1250=ORIENTED_EDGE('',*,*,#1352,.F.);
#1251=ORIENTED_EDGE('',*,*,#1355,.F.);
#1252=ORIENTED_EDGE('',*,*,#1322,.F.);
#1253=ORIENTED_EDGE('',*,*,#1325,.F.);
#1254=ORIENTED_EDGE('',*,*,#1288,.F.);
#1255=ORIENTED_EDGE('',*,*,#1292,.F.);
#1256=ORIENTED_EDGE('',*,*,#1295,.F.);
#1257=ORIENTED_EDGE('',*,*,#1298,.F.);
#1258=ORIENTED_EDGE('',*,*,#1301,.F.);
#1259=ORIENTED_EDGE('',*,*,#1304,.F.);
#1260=ORIENTED_EDGE('',*,*,#1307,.F.);
#1261=ORIENTED_EDGE('',*,*,#1310,.F.);
#1262=ORIENTED_EDGE('',*,*,#1313,.F.);
#1263=ORIENTED_EDGE('',*,*,#1316,.F.);
#1264=ORIENTED_EDGE('',*,*,#1319,.F.);
#1265=ORIENTED_EDGE('',*,*,#1285,.T.);
#1266=ORIENTED_EDGE('',*,*,#1282,.T.);
#1267=ORIENTED_EDGE('',*,*,#1279,.T.);
#1268=ORIENTED_EDGE('',*,*,#1276,.T.);
#1269=ORIENTED_EDGE('',*,*,#1272,.T.);
#1270=EDGE_CURVE('',#1649,#1649,#1912,.T.);
#1271=EDGE_CURVE('',#1650,#1650,#1913,.T.);
#1272=EDGE_CURVE('',#1651,#1651,#1914,.T.);
#1273=EDGE_CURVE('',#1652,#1652,#1915,.F.);
#1274=EDGE_CURVE('',#1653,#1653,#1916,.T.);
#1275=EDGE_CURVE('',#1654,#1654,#1917,.F.);
#1276=EDGE_CURVE('',#1655,#1655,#1918,.T.);
#1277=EDGE_CURVE('',#1656,#1656,#1919,.F.);
#1278=EDGE_CURVE('',#1657,#1657,#1920,.T.);
#1279=EDGE_CURVE('',#1658,#1658,#1921,.T.);
#1280=EDGE_CURVE('',#1659,#1659,#1922,.T.);
#1281=EDGE_CURVE('',#1660,#1660,#1923,.T.);
#1282=EDGE_CURVE('',#1661,#1661,#1924,.T.);
#1283=EDGE_CURVE('',#1662,#1662,#1925,.F.);
#1284=EDGE_CURVE('',#1663,#1663,#1926,.T.);
#1285=EDGE_CURVE('',#1664,#1664,#1927,.T.);
#1286=EDGE_CURVE('',#1665,#1665,#1928,.T.);
#1287=EDGE_CURVE('',#1666,#1666,#1929,.T.);
#1288=EDGE_CURVE('',#1667,#1668,#33,.T.);
#1289=EDGE_CURVE('',#1669,#1668,#34,.T.);
#1290=EDGE_CURVE('',#1670,#1669,#35,.T.);
#1291=EDGE_CURVE('',#1670,#1667,#36,.T.);
#1292=EDGE_CURVE('',#1671,#1667,#37,.T.);
#1293=EDGE_CURVE('',#1672,#1670,#38,.T.);
#1294=EDGE_CURVE('',#1672,#1671,#39,.T.);
#1295=EDGE_CURVE('',#1673,#1671,#40,.T.);
#1296=EDGE_CURVE('',#1674,#1672,#41,.T.);
#1297=EDGE_CURVE('',#1674,#1673,#42,.T.);
#1298=EDGE_CURVE('',#1675,#1673,#43,.T.);
#1299=EDGE_CURVE('',#1676,#1674,#44,.T.);
#1300=EDGE_CURVE('',#1676,#1675,#45,.T.);
#1301=EDGE_CURVE('',#1677,#1675,#46,.T.);
#1302=EDGE_CURVE('',#1678,#1676,#47,.T.);
#1303=EDGE_CURVE('',#1678,#1677,#48,.T.);
#1304=EDGE_CURVE('',#1679,#1677,#49,.T.);
#1305=EDGE_CURVE('',#1680,#1678,#50,.T.);
#1306=EDGE_CURVE('',#1680,#1679,#51,.T.);
#1307=EDGE_CURVE('',#1681,#1679,#52,.T.);
#1308=EDGE_CURVE('',#1682,#1680,#53,.T.);
#1309=EDGE_CURVE('',#1682,#1681,#54,.T.);
#1310=EDGE_CURVE('',#1683,#1681,#55,.T.);
#1311=EDGE_CURVE('',#1684,#1682,#56,.T.);
#1312=EDGE_CURVE('',#1684,#1683,#57,.T.);
#1313=EDGE_CURVE('',#1685,#1683,#58,.T.);
#1314=EDGE_CURVE('',#1686,#1684,#59,.T.);
#1315=EDGE_CURVE('',#1686,#1685,#60,.T.);
#1316=EDGE_CURVE('',#1687,#1685,#61,.T.);
#1317=EDGE_CURVE('',#1688,#1686,#62,.T.);
#1318=EDGE_CURVE('',#1688,#1687,#63,.T.);
#1319=EDGE_CURVE('',#1689,#1687,#64,.T.);
#1320=EDGE_CURVE('',#1690,#1688,#65,.T.);
#1321=EDGE_CURVE('',#1690,#1689,#66,.T.);
#1322=EDGE_CURVE('',#1691,#1689,#67,.T.);
#1323=EDGE_CURVE('',#1692,#1690,#68,.T.);
#1324=EDGE_CURVE('',#1692,#1691,#69,.T.);
#1325=EDGE_CURVE('',#1668,#1691,#70,.T.);
#1326=EDGE_CURVE('',#1669,#1692,#71,.T.);
#1327=EDGE_CURVE('',#1693,#1694,#72,.T.);
#1328=EDGE_CURVE('',#1695,#1694,#73,.T.);
#1329=EDGE_CURVE('',#1696,#1695,#74,.T.);
#1330=EDGE_CURVE('',#1696,#1693,#75,.T.);
#1331=EDGE_CURVE('',#1697,#1693,#76,.T.);
#1332=EDGE_CURVE('',#1698,#1696,#77,.T.);
#1333=EDGE_CURVE('',#1698,#1697,#78,.T.);
#1334=EDGE_CURVE('',#1699,#1697,#79,.T.);
#1335=EDGE_CURVE('',#1700,#1698,#80,.T.);
#1336=EDGE_CURVE('',#1700,#1699,#81,.T.);
#1337=EDGE_CURVE('',#1701,#1699,#82,.T.);
#1338=EDGE_CURVE('',#1702,#1700,#83,.T.);
#1339=EDGE_CURVE('',#1702,#1701,#84,.T.);
#1340=EDGE_CURVE('',#1703,#1701,#85,.T.);
#1341=EDGE_CURVE('',#1704,#1702,#86,.T.);
#1342=EDGE_CURVE('',#1704,#1703,#87,.T.);
#1343=EDGE_CURVE('',#1705,#1703,#88,.T.);
#1344=EDGE_CURVE('',#1706,#1704,#89,.T.);
#1345=EDGE_CURVE('',#1706,#1705,#90,.T.);
#1346=EDGE_CURVE('',#1707,#1705,#91,.T.);
#1347=EDGE_CURVE('',#1708,#1706,#92,.T.);
#1348=EDGE_CURVE('',#1708,#1707,#93,.T.);
#1349=EDGE_CURVE('',#1709,#1707,#94,.T.);
#1350=EDGE_CURVE('',#1710,#1708,#95,.T.);
#1351=EDGE_CURVE('',#1710,#1709,#96,.T.);
#1352=EDGE_CURVE('',#1711,#1709,#97,.T.);
#1353=EDGE_CURVE('',#1712,#1710,#98,.T.);
#1354=EDGE_CURVE('',#1712,#1711,#99,.T.);
#1355=EDGE_CURVE('',#1713,#1711,#100,.T.);
#1356=EDGE_CURVE('',#1714,#1712,#101,.T.);
#1357=EDGE_CURVE('',#1714,#1713,#102,.T.);
#1358=EDGE_CURVE('',#1715,#1713,#103,.T.);
#1359=EDGE_CURVE('',#1716,#1714,#104,.T.);
#1360=EDGE_CURVE('',#1716,#1715,#105,.T.);
#1361=EDGE_CURVE('',#1694,#1715,#106,.T.);
#1362=EDGE_CURVE('',#1695,#1716,#107,.T.);
#1363=EDGE_CURVE('',#1717,#1718,#1930,.T.);
#1364=EDGE_CURVE('',#1719,#1717,#108,.T.);
#1365=EDGE_CURVE('',#1719,#1720,#1931,.F.);
#1366=EDGE_CURVE('',#1720,#1718,#109,.T.);
#1367=EDGE_CURVE('',#1721,#1717,#1932,.T.);
#1368=EDGE_CURVE('',#1722,#1721,#110,.T.);
#1369=EDGE_CURVE('',#1722,#1719,#1933,.F.);
#1370=EDGE_CURVE('',#1723,#1721,#1934,.T.);
#1371=EDGE_CURVE('',#1724,#1723,#111,.T.);
#1372=EDGE_CURVE('',#1724,#1722,#1935,.F.);
#1373=EDGE_CURVE('',#1718,#1723,#1936,.T.);
#1374=EDGE_CURVE('',#1720,#1724,#1937,.T.);
#1375=EDGE_CURVE('',#1725,#1726,#1938,.T.);
#1376=EDGE_CURVE('',#1727,#1725,#112,.T.);
#1377=EDGE_CURVE('',#1727,#1728,#1939,.F.);
#1378=EDGE_CURVE('',#1728,#1726,#113,.T.);
#1379=EDGE_CURVE('',#1729,#1725,#1940,.T.);
#1380=EDGE_CURVE('',#1730,#1729,#1941,.T.);
#1381=EDGE_CURVE('',#1730,#1727,#1942,.F.);
#1382=EDGE_CURVE('',#1731,#1729,#1943,.T.);
#1383=EDGE_CURVE('',#1732,#1731,#1944,.F.);
#1384=EDGE_CURVE('',#1732,#1730,#1945,.F.);
#1385=EDGE_CURVE('',#1726,#1731,#1946,.T.);
#1386=EDGE_CURVE('',#1728,#1732,#1947,.F.);
#1387=EDGE_CURVE('',#1733,#1733,#24,.T.);
#1388=EDGE_CURVE('',#1734,#1734,#25,.T.);
#1389=EDGE_CURVE('',#1735,#1736,#1948,.T.);
#1390=EDGE_CURVE('',#1735,#1736,#1949,.F.);
#1391=EDGE_CURVE('',#1737,#1735,#1950,.T.);
#1392=EDGE_CURVE('',#1736,#1737,#1951,.T.);
#1393=EDGE_CURVE('',#1738,#1739,#1952,.T.);
#1394=EDGE_CURVE('',#1738,#1739,#1953,.F.);
#1395=EDGE_CURVE('',#1739,#1740,#1954,.T.);
#1396=EDGE_CURVE('',#1740,#1738,#1955,.T.);
#1397=EDGE_CURVE('',#1741,#1742,#1956,.T.);
#1398=EDGE_CURVE('',#1743,#1741,#1957,.F.);
#1399=EDGE_CURVE('',#1743,#1744,#1958,.F.);
#1400=EDGE_CURVE('',#1744,#1742,#1959,.T.);
#1401=EDGE_CURVE('',#1742,#1741,#1960,.T.);
#1402=EDGE_CURVE('',#1744,#1743,#1961,.F.);
#1403=EDGE_CURVE('',#1745,#1746,#1962,.T.);
#1404=EDGE_CURVE('',#1747,#1745,#1963,.F.);
#1405=EDGE_CURVE('',#1747,#1746,#1964,.T.);
#1406=EDGE_CURVE('',#1748,#1745,#1965,.T.);
#1407=EDGE_CURVE('',#1749,#1748,#1966,.F.);
#1408=EDGE_CURVE('',#1749,#1747,#1967,.F.);
#1409=EDGE_CURVE('',#1750,#1748,#1968,.T.);
#1410=EDGE_CURVE('',#1750,#1749,#1969,.F.);
#1411=EDGE_CURVE('',#1751,#1750,#1970,.T.);
#1412=EDGE_CURVE('',#1752,#1751,#1971,.T.);
#1413=EDGE_CURVE('',#1753,#1752,#1972,.F.);
#1414=EDGE_CURVE('',#1746,#1753,#1973,.F.);
#1415=EDGE_CURVE('',#1754,#1754,#1974,.F.);
#1416=EDGE_CURVE('',#1755,#1756,#1975,.T.);
#1417=EDGE_CURVE('',#1757,#1755,#114,.T.);
#1418=EDGE_CURVE('',#1757,#1758,#1976,.F.);
#1419=EDGE_CURVE('',#1758,#1756,#115,.T.);
#1420=EDGE_CURVE('',#1756,#1755,#1977,.T.);
#1421=EDGE_CURVE('',#1758,#1757,#1978,.F.);
#1422=EDGE_CURVE('',#1759,#1760,#1979,.T.);
#1423=EDGE_CURVE('',#1761,#1759,#116,.T.);
#1424=EDGE_CURVE('',#1761,#1762,#1980,.T.);
#1425=EDGE_CURVE('',#1762,#1760,#117,.T.);
#1426=EDGE_CURVE('',#1760,#1759,#1981,.T.);
#1427=EDGE_CURVE('',#1762,#1761,#1982,.F.);
#1428=EDGE_CURVE('',#1763,#1764,#1983,.T.);
#1429=EDGE_CURVE('',#1765,#1763,#118,.T.);
#1430=EDGE_CURVE('',#1765,#1766,#1984,.F.);
#1431=EDGE_CURVE('',#1766,#1764,#119,.T.);
#1432=EDGE_CURVE('',#1767,#1763,#1985,.T.);
#1433=EDGE_CURVE('',#1768,#1767,#1986,.T.);
#1434=EDGE_CURVE('',#1768,#1765,#1987,.F.);
#1435=EDGE_CURVE('',#1769,#1767,#1988,.T.);
#1436=EDGE_CURVE('',#1770,#1769,#1989,.F.);
#1437=EDGE_CURVE('',#1770,#1768,#1990,.F.);
#1438=EDGE_CURVE('',#1764,#1769,#1991,.T.);
#1439=EDGE_CURVE('',#1766,#1770,#1992,.F.);
#1440=EDGE_CURVE('',#1771,#1771,#1993,.F.);
#1441=EDGE_CURVE('',#1772,#1773,#1994,.T.);
#1442=EDGE_CURVE('',#1772,#1773,#1995,.F.);
#1443=EDGE_CURVE('',#1774,#1772,#1996,.T.);
#1444=EDGE_CURVE('',#1773,#1774,#1997,.T.);
#1445=EDGE_CURVE('',#1775,#1776,#1998,.T.);
#1446=EDGE_CURVE('',#1777,#1775,#1999,.F.);
#1447=EDGE_CURVE('',#1777,#1778,#2000,.F.);
#1448=EDGE_CURVE('',#1778,#1776,#2001,.T.);
#1449=EDGE_CURVE('',#1776,#1775,#2002,.T.);
#1450=EDGE_CURVE('',#1778,#1777,#2003,.F.);
#1451=EDGE_CURVE('',#1779,#1780,#2004,.T.);
#1452=EDGE_CURVE('',#1781,#1779,#120,.T.);
#1453=EDGE_CURVE('',#1781,#1782,#2005,.T.);
#1454=EDGE_CURVE('',#1782,#1780,#121,.T.);
#1455=EDGE_CURVE('',#1783,#1779,#2006,.T.);
#1456=EDGE_CURVE('',#1784,#1783,#122,.T.);
#1457=EDGE_CURVE('',#1784,#1781,#2007,.T.);
#1458=EDGE_CURVE('',#1780,#1783,#2008,.T.);
#1459=EDGE_CURVE('',#1782,#1784,#2009,.F.);
#1460=EDGE_CURVE('',#1785,#1786,#2010,.F.);
#1461=EDGE_CURVE('',#1787,#1785,#2011,.F.);
#1462=EDGE_CURVE('',#1787,#1788,#2012,.T.);
#1463=EDGE_CURVE('',#1788,#1786,#2013,.T.);
#1464=EDGE_CURVE('',#1786,#1785,#2014,.T.);
#1465=EDGE_CURVE('',#1788,#1787,#2015,.F.);
#1466=EDGE_CURVE('',#1789,#1789,#2016,.F.);
#1467=EDGE_CURVE('',#1790,#1791,#2017,.T.);
#1468=EDGE_CURVE('',#1790,#1791,#2018,.F.);
#1469=EDGE_CURVE('',#1792,#1790,#2019,.T.);
#1470=EDGE_CURVE('',#1791,#1792,#2020,.T.);
#1471=EDGE_CURVE('',#1793,#1794,#2021,.T.);
#1472=EDGE_CURVE('',#1793,#1794,#2022,.F.);
#1473=EDGE_CURVE('',#1794,#1795,#2023,.T.);
#1474=EDGE_CURVE('',#1795,#1793,#2024,.T.);
#1475=EDGE_CURVE('',#1796,#1796,#2025,.T.);
#1476=EDGE_CURVE('',#1797,#1798,#2026,.T.);
#1477=EDGE_CURVE('',#1797,#1798,#2027,.F.);
#1478=EDGE_CURVE('',#1798,#1797,#2028,.T.);
#1479=EDGE_CURVE('',#1798,#1797,#2029,.F.);
#1480=EDGE_CURVE('',#1799,#1800,#2030,.T.);
#1481=EDGE_CURVE('',#1801,#1799,#123,.T.);
#1482=EDGE_CURVE('',#1801,#1802,#2031,.T.);
#1483=EDGE_CURVE('',#1802,#1800,#124,.T.);
#1484=EDGE_CURVE('',#1800,#1799,#2032,.T.);
#1485=EDGE_CURVE('',#1802,#1801,#2033,.F.);
#1486=EDGE_CURVE('',#1803,#1804,#2034,.T.);
#1487=EDGE_CURVE('',#1805,#1803,#125,.T.);
#1488=EDGE_CURVE('',#1805,#1806,#2035,.T.);
#1489=EDGE_CURVE('',#1806,#1804,#126,.T.);
#1490=EDGE_CURVE('',#1804,#1803,#2036,.T.);
#1491=EDGE_CURVE('',#1806,#1805,#2037,.F.);
#1492=EDGE_CURVE('',#1807,#1808,#2038,.T.);
#1493=EDGE_CURVE('',#1809,#1807,#127,.T.);
#1494=EDGE_CURVE('',#1809,#1810,#2039,.T.);
#1495=EDGE_CURVE('',#1810,#1808,#128,.T.);
#1496=EDGE_CURVE('',#1811,#1807,#2040,.T.);
#1497=EDGE_CURVE('',#1812,#1811,#129,.T.);
#1498=EDGE_CURVE('',#1812,#1809,#2041,.T.);
#1499=EDGE_CURVE('',#1808,#1811,#2042,.T.);
#1500=EDGE_CURVE('',#1810,#1812,#2043,.F.);
#1501=EDGE_CURVE('',#1813,#1814,#2044,.T.);
#1502=EDGE_CURVE('',#1815,#1813,#130,.T.);
#1503=EDGE_CURVE('',#1815,#1816,#2045,.T.);
#1504=EDGE_CURVE('',#1816,#1814,#131,.T.);
#1505=EDGE_CURVE('',#1814,#1813,#2046,.T.);
#1506=EDGE_CURVE('',#1816,#1815,#2047,.F.);
#1507=EDGE_CURVE('',#1817,#1818,#2048,.T.);
#1508=EDGE_CURVE('',#1819,#1817,#132,.T.);
#1509=EDGE_CURVE('',#1819,#1820,#2049,.F.);
#1510=EDGE_CURVE('',#1820,#1818,#133,.T.);
#1511=EDGE_CURVE('',#1818,#1817,#2050,.T.);
#1512=EDGE_CURVE('',#1820,#1819,#2051,.F.);
#1513=EDGE_CURVE('',#1821,#1822,#2052,.T.);
#1514=EDGE_CURVE('',#1823,#1821,#134,.T.);
#1515=EDGE_CURVE('',#1823,#1824,#2053,.T.);
#1516=EDGE_CURVE('',#1824,#1822,#135,.T.);
#1517=EDGE_CURVE('',#1822,#1821,#2054,.T.);
#1518=EDGE_CURVE('',#1824,#1823,#2055,.F.);
#1519=EDGE_CURVE('',#1825,#1826,#2056,.T.);
#1520=EDGE_CURVE('',#1827,#1825,#136,.T.);
#1521=EDGE_CURVE('',#1827,#1826,#2057,.F.);
#1522=EDGE_CURVE('',#1828,#1825,#2058,.T.);
#1523=EDGE_CURVE('',#1829,#1828,#2059,.T.);
#1524=EDGE_CURVE('',#1829,#1827,#2060,.F.);
#1525=EDGE_CURVE('',#1830,#1828,#2061,.T.);
#1526=EDGE_CURVE('',#1830,#1829,#2062,.F.);
#1527=EDGE_CURVE('',#1826,#1831,#2063,.F.);
#1528=EDGE_CURVE('',#1831,#1830,#2064,.F.);
#1529=EDGE_CURVE('',#1832,#1833,#2065,.T.);
#1530=EDGE_CURVE('',#1834,#1832,#137,.T.);
#1531=EDGE_CURVE('',#1834,#1835,#2066,.F.);
#1532=EDGE_CURVE('',#1835,#1833,#138,.T.);
#1533=EDGE_CURVE('',#1836,#1832,#2067,.T.);
#1534=EDGE_CURVE('',#1837,#1836,#139,.T.);
#1535=EDGE_CURVE('',#1837,#1834,#2068,.F.);
#1536=EDGE_CURVE('',#1838,#1836,#2069,.T.);
#1537=EDGE_CURVE('',#1839,#1838,#140,.T.);
#1538=EDGE_CURVE('',#1839,#1837,#2070,.T.);
#1539=EDGE_CURVE('',#1833,#1838,#2071,.T.);
#1540=EDGE_CURVE('',#1835,#1839,#2072,.F.);
#1541=EDGE_CURVE('',#1840,#1841,#141,.T.);
#1542=EDGE_CURVE('',#1842,#1840,#142,.T.);
#1543=EDGE_CURVE('',#1842,#1843,#143,.T.);
#1544=EDGE_CURVE('',#1843,#1841,#144,.T.);
#1545=EDGE_CURVE('',#1844,#1840,#145,.T.);
#1546=EDGE_CURVE('',#1845,#1844,#146,.T.);
#1547=EDGE_CURVE('',#1845,#1842,#147,.T.);
#1548=EDGE_CURVE('',#1846,#1844,#148,.T.);
#1549=EDGE_CURVE('',#1847,#1846,#149,.T.);
#1550=EDGE_CURVE('',#1847,#1845,#150,.T.);
#1551=EDGE_CURVE('',#1841,#1846,#151,.T.);
#1552=EDGE_CURVE('',#1843,#1847,#152,.T.);
#1553=EDGE_CURVE('',#1848,#1849,#153,.T.);
#1554=EDGE_CURVE('',#1850,#1848,#154,.T.);
#1555=EDGE_CURVE('',#1850,#1851,#155,.T.);
#1556=EDGE_CURVE('',#1851,#1849,#156,.T.);
#1557=EDGE_CURVE('',#1852,#1848,#157,.T.);
#1558=EDGE_CURVE('',#1853,#1852,#158,.T.);
#1559=EDGE_CURVE('',#1853,#1850,#159,.T.);
#1560=EDGE_CURVE('',#1854,#1852,#160,.T.);
#1561=EDGE_CURVE('',#1855,#1854,#161,.T.);
#1562=EDGE_CURVE('',#1855,#1853,#162,.T.);
#1563=EDGE_CURVE('',#1849,#1854,#163,.T.);
#1564=EDGE_CURVE('',#1851,#1855,#164,.T.);
#1565=EDGE_CURVE('',#1856,#1857,#165,.T.);
#1566=EDGE_CURVE('',#1858,#1856,#166,.T.);
#1567=EDGE_CURVE('',#1858,#1859,#167,.T.);
#1568=EDGE_CURVE('',#1859,#1857,#168,.T.);
#1569=EDGE_CURVE('',#1860,#1856,#169,.T.);
#1570=EDGE_CURVE('',#1861,#1860,#170,.T.);
#1571=EDGE_CURVE('',#1861,#1858,#171,.T.);
#1572=EDGE_CURVE('',#1862,#1860,#172,.T.);
#1573=EDGE_CURVE('',#1863,#1862,#173,.T.);
#1574=EDGE_CURVE('',#1863,#1861,#174,.T.);
#1575=EDGE_CURVE('',#1857,#1862,#175,.T.);
#1576=EDGE_CURVE('',#1859,#1863,#176,.T.);
#1577=EDGE_CURVE('',#1864,#1865,#177,.T.);
#1578=EDGE_CURVE('',#1866,#1864,#178,.T.);
#1579=EDGE_CURVE('',#1866,#1867,#179,.T.);
#1580=EDGE_CURVE('',#1867,#1865,#180,.T.);
#1581=EDGE_CURVE('',#1868,#1864,#181,.T.);
#1582=EDGE_CURVE('',#1869,#1868,#182,.T.);
#1583=EDGE_CURVE('',#1869,#1866,#183,.T.);
#1584=EDGE_CURVE('',#1870,#1868,#184,.T.);
#1585=EDGE_CURVE('',#1871,#1870,#185,.T.);
#1586=EDGE_CURVE('',#1871,#1869,#186,.T.);
#1587=EDGE_CURVE('',#1865,#1870,#187,.T.);
#1588=EDGE_CURVE('',#1867,#1871,#188,.T.);
#1589=EDGE_CURVE('',#1872,#1873,#189,.T.);
#1590=EDGE_CURVE('',#1874,#1872,#190,.T.);
#1591=EDGE_CURVE('',#1874,#1875,#191,.T.);
#1592=EDGE_CURVE('',#1875,#1873,#192,.T.);
#1593=EDGE_CURVE('',#1876,#1872,#193,.T.);
#1594=EDGE_CURVE('',#1877,#1876,#194,.T.);
#1595=EDGE_CURVE('',#1877,#1874,#195,.T.);
#1596=EDGE_CURVE('',#1878,#1876,#196,.T.);
#1597=EDGE_CURVE('',#1879,#1878,#197,.T.);
#1598=EDGE_CURVE('',#1879,#1877,#198,.T.);
#1599=EDGE_CURVE('',#1873,#1878,#199,.T.);
#1600=EDGE_CURVE('',#1875,#1879,#200,.T.);
#1601=EDGE_CURVE('',#1880,#1881,#201,.T.);
#1602=EDGE_CURVE('',#1882,#1880,#202,.T.);
#1603=EDGE_CURVE('',#1882,#1883,#203,.T.);
#1604=EDGE_CURVE('',#1883,#1881,#204,.T.);
#1605=EDGE_CURVE('',#1884,#1880,#205,.T.);
#1606=EDGE_CURVE('',#1885,#1884,#206,.T.);
#1607=EDGE_CURVE('',#1885,#1882,#207,.T.);
#1608=EDGE_CURVE('',#1886,#1884,#208,.T.);
#1609=EDGE_CURVE('',#1887,#1886,#209,.T.);
#1610=EDGE_CURVE('',#1887,#1885,#210,.T.);
#1611=EDGE_CURVE('',#1881,#1886,#211,.T.);
#1612=EDGE_CURVE('',#1883,#1887,#212,.T.);
#1613=EDGE_CURVE('',#1888,#1889,#213,.T.);
#1614=EDGE_CURVE('',#1890,#1888,#214,.T.);
#1615=EDGE_CURVE('',#1890,#1891,#215,.T.);
#1616=EDGE_CURVE('',#1891,#1889,#216,.T.);
#1617=EDGE_CURVE('',#1892,#1888,#217,.T.);
#1618=EDGE_CURVE('',#1893,#1892,#218,.T.);
#1619=EDGE_CURVE('',#1893,#1890,#219,.T.);
#1620=EDGE_CURVE('',#1894,#1892,#220,.T.);
#1621=EDGE_CURVE('',#1895,#1894,#221,.T.);
#1622=EDGE_CURVE('',#1895,#1893,#222,.T.);
#1623=EDGE_CURVE('',#1889,#1894,#223,.T.);
#1624=EDGE_CURVE('',#1891,#1895,#224,.T.);
#1625=EDGE_CURVE('',#1896,#1897,#225,.T.);
#1626=EDGE_CURVE('',#1897,#1898,#226,.T.);
#1627=EDGE_CURVE('',#1899,#1898,#227,.T.);
#1628=EDGE_CURVE('',#1896,#1899,#228,.T.);
#1629=EDGE_CURVE('',#1900,#1901,#229,.T.);
#1630=EDGE_CURVE('',#1901,#1897,#230,.T.);
#1631=EDGE_CURVE('',#1900,#1896,#231,.T.);
#1632=EDGE_CURVE('',#1898,#1902,#232,.T.);
#1633=EDGE_CURVE('',#1903,#1902,#233,.T.);
#1634=EDGE_CURVE('',#1899,#1903,#234,.T.);
#1635=EDGE_CURVE('',#1903,#1904,#235,.T.);
#1636=EDGE_CURVE('',#1905,#1902,#236,.T.);
#1637=EDGE_CURVE('',#1904,#1905,#237,.T.);
#1638=EDGE_CURVE('',#1906,#1907,#238,.T.);
#1639=EDGE_CURVE('',#1907,#1908,#239,.T.);
#1640=EDGE_CURVE('',#1908,#1909,#240,.T.);
#1641=EDGE_CURVE('',#1909,#1906,#241,.T.);
#1642=EDGE_CURVE('',#1906,#1904,#242,.T.);
#1643=EDGE_CURVE('',#1909,#1910,#243,.T.);
#1644=EDGE_CURVE('',#1910,#1900,#244,.T.);
#1645=EDGE_CURVE('',#1911,#1910,#245,.T.);
#1646=EDGE_CURVE('',#1908,#1911,#246,.T.);
#1647=EDGE_CURVE('',#1907,#1905,#247,.T.);
#1648=EDGE_CURVE('',#1901,#1911,#248,.T.);
#1649=VERTEX_POINT('',#4697);
#1650=VERTEX_POINT('',#4746);
#1651=VERTEX_POINT('',#4804);
#1652=VERTEX_POINT('',#4824);
#1653=VERTEX_POINT('',#4845);
#1654=VERTEX_POINT('',#4901);
#1655=VERTEX_POINT('',#4959);
#1656=VERTEX_POINT('',#4979);
#1657=VERTEX_POINT('',#4993);
#1658=VERTEX_POINT('',#5021);
#1659=VERTEX_POINT('',#5031);
#1660=VERTEX_POINT('',#5045);
#1661=VERTEX_POINT('',#5142);
#1662=VERTEX_POINT('',#5176);
#1663=VERTEX_POINT('',#5190);
#1664=VERTEX_POINT('',#5230);
#1665=VERTEX_POINT('',#5244);
#1666=VERTEX_POINT('',#5256);
#1667=VERTEX_POINT('',#5259);
#1668=VERTEX_POINT('',#5260);
#1669=VERTEX_POINT('',#5262);
#1670=VERTEX_POINT('',#5264);
#1671=VERTEX_POINT('',#5268);
#1672=VERTEX_POINT('',#5270);
#1673=VERTEX_POINT('',#5274);
#1674=VERTEX_POINT('',#5276);
#1675=VERTEX_POINT('',#5280);
#1676=VERTEX_POINT('',#5282);
#1677=VERTEX_POINT('',#5286);
#1678=VERTEX_POINT('',#5288);
#1679=VERTEX_POINT('',#5292);
#1680=VERTEX_POINT('',#5294);
#1681=VERTEX_POINT('',#5298);
#1682=VERTEX_POINT('',#5300);
#1683=VERTEX_POINT('',#5304);
#1684=VERTEX_POINT('',#5306);
#1685=VERTEX_POINT('',#5310);
#1686=VERTEX_POINT('',#5312);
#1687=VERTEX_POINT('',#5316);
#1688=VERTEX_POINT('',#5318);
#1689=VERTEX_POINT('',#5322);
#1690=VERTEX_POINT('',#5324);
#1691=VERTEX_POINT('',#5328);
#1692=VERTEX_POINT('',#5330);
#1693=VERTEX_POINT('',#5338);
#1694=VERTEX_POINT('',#5339);
#1695=VERTEX_POINT('',#5341);
#1696=VERTEX_POINT('',#5343);
#1697=VERTEX_POINT('',#5347);
#1698=VERTEX_POINT('',#5349);
#1699=VERTEX_POINT('',#5353);
#1700=VERTEX_POINT('',#5355);
#1701=VERTEX_POINT('',#5359);
#1702=VERTEX_POINT('',#5361);
#1703=VERTEX_POINT('',#5365);
#1704=VERTEX_POINT('',#5367);
#1705=VERTEX_POINT('',#5371);
#1706=VERTEX_POINT('',#5373);
#1707=VERTEX_POINT('',#5377);
#1708=VERTEX_POINT('',#5379);
#1709=VERTEX_POINT('',#5383);
#1710=VERTEX_POINT('',#5385);
#1711=VERTEX_POINT('',#5389);
#1712=VERTEX_POINT('',#5391);
#1713=VERTEX_POINT('',#5395);
#1714=VERTEX_POINT('',#5397);
#1715=VERTEX_POINT('',#5401);
#1716=VERTEX_POINT('',#5403);
#1717=VERTEX_POINT('',#5437);
#1718=VERTEX_POINT('',#5438);
#1719=VERTEX_POINT('',#5440);
#1720=VERTEX_POINT('',#5452);
#1721=VERTEX_POINT('',#5496);
#1722=VERTEX_POINT('',#5498);
#1723=VERTEX_POINT('',#5555);
#1724=VERTEX_POINT('',#5557);
#1725=VERTEX_POINT('',#5635);
#1726=VERTEX_POINT('',#5636);
#1727=VERTEX_POINT('',#5638);
#1728=VERTEX_POINT('',#5653);
#1729=VERTEX_POINT('',#5727);
#1730=VERTEX_POINT('',#5732);
#1731=VERTEX_POINT('',#5766);
#1732=VERTEX_POINT('',#5771);
#1733=VERTEX_POINT('',#5880);
#1734=VERTEX_POINT('',#5882);
#1735=VERTEX_POINT('',#5911);
#1736=VERTEX_POINT('',#5912);
#1737=VERTEX_POINT('',#5933);
#1738=VERTEX_POINT('',#5995);
#1739=VERTEX_POINT('',#5996);
#1740=VERTEX_POINT('',#6025);
#1741=VERTEX_POINT('',#6049);
#1742=VERTEX_POINT('',#6050);
#1743=VERTEX_POINT('',#6055);
#1744=VERTEX_POINT('',#6065);
#1745=VERTEX_POINT('',#6218);
#1746=VERTEX_POINT('',#6219);
#1747=VERTEX_POINT('',#6224);
#1748=VERTEX_POINT('',#6235);
#1749=VERTEX_POINT('',#6240);
#1750=VERTEX_POINT('',#6281);
#1751=VERTEX_POINT('',#6300);
#1752=VERTEX_POINT('',#6305);
#1753=VERTEX_POINT('',#6319);
#1754=VERTEX_POINT('',#6369);
#1755=VERTEX_POINT('',#6421);
#1756=VERTEX_POINT('',#6422);
#1757=VERTEX_POINT('',#6424);
#1758=VERTEX_POINT('',#6443);
#1759=VERTEX_POINT('',#6490);
#1760=VERTEX_POINT('',#6491);
#1761=VERTEX_POINT('',#6493);
#1762=VERTEX_POINT('',#6498);
#1763=VERTEX_POINT('',#6666);
#1764=VERTEX_POINT('',#6667);
#1765=VERTEX_POINT('',#6669);
#1766=VERTEX_POINT('',#6695);
#1767=VERTEX_POINT('',#6781);
#1768=VERTEX_POINT('',#6786);
#1769=VERTEX_POINT('',#6819);
#1770=VERTEX_POINT('',#6824);
#1771=VERTEX_POINT('',#6968);
#1772=VERTEX_POINT('',#6997);
#1773=VERTEX_POINT('',#6998);
#1774=VERTEX_POINT('',#7021);
#1775=VERTEX_POINT('',#7035);
#1776=VERTEX_POINT('',#7036);
#1777=VERTEX_POINT('',#7041);
#1778=VERTEX_POINT('',#7051);
#1779=VERTEX_POINT('',#7205);
#1780=VERTEX_POINT('',#7206);
#1781=VERTEX_POINT('',#7208);
#1782=VERTEX_POINT('',#7213);
#1783=VERTEX_POINT('',#7220);
#1784=VERTEX_POINT('',#7222);
#1785=VERTEX_POINT('',#7427);
#1786=VERTEX_POINT('',#7428);
#1787=VERTEX_POINT('',#7433);
#1788=VERTEX_POINT('',#7438);
#1789=VERTEX_POINT('',#7613);
#1790=VERTEX_POINT('',#7644);
#1791=VERTEX_POINT('',#7645);
#1792=VERTEX_POINT('',#7668);
#1793=VERTEX_POINT('',#7729);
#1794=VERTEX_POINT('',#7730);
#1795=VERTEX_POINT('',#7761);
#1796=VERTEX_POINT('',#7805);
#1797=VERTEX_POINT('',#7861);
#1798=VERTEX_POINT('',#7862);
#1799=VERTEX_POINT('',#7923);
#1800=VERTEX_POINT('',#7924);
#1801=VERTEX_POINT('',#7926);
#1802=VERTEX_POINT('',#7931);
#1803=VERTEX_POINT('',#8052);
#1804=VERTEX_POINT('',#8053);
#1805=VERTEX_POINT('',#8055);
#1806=VERTEX_POINT('',#8060);
#1807=VERTEX_POINT('',#8181);
#1808=VERTEX_POINT('',#8182);
#1809=VERTEX_POINT('',#8184);
#1810=VERTEX_POINT('',#8189);
#1811=VERTEX_POINT('',#8196);
#1812=VERTEX_POINT('',#8198);
#1813=VERTEX_POINT('',#8403);
#1814=VERTEX_POINT('',#8404);
#1815=VERTEX_POINT('',#8406);
#1816=VERTEX_POINT('',#8411);
#1817=VERTEX_POINT('',#8610);
#1818=VERTEX_POINT('',#8611);
#1819=VERTEX_POINT('',#8613);
#1820=VERTEX_POINT('',#8640);
#1821=VERTEX_POINT('',#8686);
#1822=VERTEX_POINT('',#8687);
#1823=VERTEX_POINT('',#8689);
#1824=VERTEX_POINT('',#8694);
#1825=VERTEX_POINT('',#8854);
#1826=VERTEX_POINT('',#8855);
#1827=VERTEX_POINT('',#8857);
#1828=VERTEX_POINT('',#8954);
#1829=VERTEX_POINT('',#8959);
#1830=VERTEX_POINT('',#8999);
#1831=VERTEX_POINT('',#9023);
#1832=VERTEX_POINT('',#9077);
#1833=VERTEX_POINT('',#9078);
#1834=VERTEX_POINT('',#9080);
#1835=VERTEX_POINT('',#9093);
#1836=VERTEX_POINT('',#9136);
#1837=VERTEX_POINT('',#9138);
#1838=VERTEX_POINT('',#9162);
#1839=VERTEX_POINT('',#9164);
#1840=VERTEX_POINT('',#9211);
#1841=VERTEX_POINT('',#9212);
#1842=VERTEX_POINT('',#9214);
#1843=VERTEX_POINT('',#9216);
#1844=VERTEX_POINT('',#9220);
#1845=VERTEX_POINT('',#9222);
#1846=VERTEX_POINT('',#9226);
#1847=VERTEX_POINT('',#9228);
#1848=VERTEX_POINT('',#9236);
#1849=VERTEX_POINT('',#9237);
#1850=VERTEX_POINT('',#9239);
#1851=VERTEX_POINT('',#9241);
#1852=VERTEX_POINT('',#9245);
#1853=VERTEX_POINT('',#9247);
#1854=VERTEX_POINT('',#9251);
#1855=VERTEX_POINT('',#9253);
#1856=VERTEX_POINT('',#9261);
#1857=VERTEX_POINT('',#9262);
#1858=VERTEX_POINT('',#9264);
#1859=VERTEX_POINT('',#9266);
#1860=VERTEX_POINT('',#9270);
#1861=VERTEX_POINT('',#9272);
#1862=VERTEX_POINT('',#9276);
#1863=VERTEX_POINT('',#9278);
#1864=VERTEX_POINT('',#9286);
#1865=VERTEX_POINT('',#9287);
#1866=VERTEX_POINT('',#9289);
#1867=VERTEX_POINT('',#9291);
#1868=VERTEX_POINT('',#9295);
#1869=VERTEX_POINT('',#9297);
#1870=VERTEX_POINT('',#9301);
#1871=VERTEX_POINT('',#9303);
#1872=VERTEX_POINT('',#9311);
#1873=VERTEX_POINT('',#9312);
#1874=VERTEX_POINT('',#9314);
#1875=VERTEX_POINT('',#9316);
#1876=VERTEX_POINT('',#9320);
#1877=VERTEX_POINT('',#9322);
#1878=VERTEX_POINT('',#9326);
#1879=VERTEX_POINT('',#9328);
#1880=VERTEX_POINT('',#9336);
#1881=VERTEX_POINT('',#9337);
#1882=VERTEX_POINT('',#9339);
#1883=VERTEX_POINT('',#9341);
#1884=VERTEX_POINT('',#9345);
#1885=VERTEX_POINT('',#9347);
#1886=VERTEX_POINT('',#9351);
#1887=VERTEX_POINT('',#9353);
#1888=VERTEX_POINT('',#9361);
#1889=VERTEX_POINT('',#9362);
#1890=VERTEX_POINT('',#9364);
#1891=VERTEX_POINT('',#9366);
#1892=VERTEX_POINT('',#9370);
#1893=VERTEX_POINT('',#9372);
#1894=VERTEX_POINT('',#9376);
#1895=VERTEX_POINT('',#9378);
#1896=VERTEX_POINT('',#9386);
#1897=VERTEX_POINT('',#9387);
#1898=VERTEX_POINT('',#9389);
#1899=VERTEX_POINT('',#9391);
#1900=VERTEX_POINT('',#9395);
#1901=VERTEX_POINT('',#9396);
#1902=VERTEX_POINT('',#9401);
#1903=VERTEX_POINT('',#9403);
#1904=VERTEX_POINT('',#9407);
#1905=VERTEX_POINT('',#9409);
#1906=VERTEX_POINT('',#9413);
#1907=VERTEX_POINT('',#9414);
#1908=VERTEX_POINT('',#9416);
#1909=VERTEX_POINT('',#9418);
#1910=VERTEX_POINT('',#9423);
#1911=VERTEX_POINT('',#9427);
#1912=B_SPLINE_CURVE_WITH_KNOTS('',3,(#4681,#4682,#4683,#4684,#4685,#4686,
#4687,#4688,#4689,#4690,#4691,#4692,#4693,#4694,#4695,#4696),
 .UNSPECIFIED.,.T.,.F.,(1,1,1,1,1,1,1,1,1,1,1,1,1,1,1,1,1,1,1,1),(-0.199204425522863,
-0.121910748454814,-0.0609553742274068,0.,0.0539100502788119,0.107820100557624,
0.182166718142679,0.243239575738203,0.330612119885974,0.417984664033746,
0.592729752329289,0.681388483095266,0.741092028786201,0.800795574477137,
0.878089251545186,0.939044625772593,1.,1.05391005027881,1.10782010055762,
1.18216671814268),.UNSPECIFIED.);
#1913=B_SPLINE_CURVE_WITH_KNOTS('',3,(#4730,#4731,#4732,#4733,#4734,#4735,
#4736,#4737,#4738,#4739,#4740,#4741,#4742,#4743,#4744,#4745),
 .UNSPECIFIED.,.T.,.F.,(1,1,1,1,1,1,1,1,1,1,1,1,1,1,1,1,1,1,1,1),(-0.199204425522863,
-0.121910748454814,-0.0609553742274068,0.,0.0539100502788119,0.107820100557624,
0.182166718142679,0.243239575738203,0.330612119885974,0.417984664033746,
0.592729752329289,0.681388483095266,0.741092028786201,0.800795574477137,
0.878089251545186,0.939044625772593,1.,1.05391005027881,1.10782010055762,
1.18216671814268),.UNSPECIFIED.);
#1914=B_SPLINE_CURVE_WITH_KNOTS('',3,(#4781,#4782,#4783,#4784,#4785,#4786,
#4787,#4788,#4789,#4790,#4791,#4792,#4793,#4794,#4795,#4796,#4797,#4798,
#4799,#4800,#4801,#4802,#4803),.UNSPECIFIED.,.T.,.F.,(1,1,1,1,1,1,1,1,1,
1,1,1,1,1,1,1,1,1,1,1,1,1,1,1,1,1,1),(-0.127772527509022,-0.0954511263754512,
-0.0641475563187726,0.,0.0678571428571429,0.122142857142857,0.184232142857143,
0.246711607142857,0.309210580357143,0.371710529017857,0.434210526450893,
0.496710526322545,0.559210526316127,0.592023026315806,0.62335115131579,
0.684292557565789,0.717027127878289,0.748351356393914,0.783846139248267,
0.819549449819556,0.872227472490978,0.904548873624549,0.935852443681227,
1.,1.06785714285714,1.12214285714286,1.18423214285714),.UNSPECIFIED.);
#1915=B_SPLINE_CURVE_WITH_KNOTS('',3,(#4805,#4806,#4807,#4808,#4809,#4810,
#4811,#4812,#4813,#4814,#4815,#4816,#4817,#4818,#4819,#4820,#4821,#4822,
#4823),.UNSPECIFIED.,.T.,.F.,(1,1,1,1,1,1,1,1,1,1,1,1,1,1,1,1,1,1,1,1,1,
1,1),(-0.182307741988756,-0.110901101385152,-0.0554505506925761,0.,0.0475,
0.095,0.14725,0.2448625,0.3066778125,0.368493125,0.430958890625,0.49342465625,
0.55592294453125,0.6184212328125,0.684046061640625,0.746702303082031,0.817692258011244,
0.889098898614848,0.944549449307424,1.,1.0475,1.095,1.14725),
 .UNSPECIFIED.);
#1916=B_SPLINE_CURVE_WITH_KNOTS('',3,(#4827,#4828,#4829,#4830,#4831,#4832,
#4833,#4834,#4835,#4836,#4837,#4838,#4839,#4840,#4841,#4842,#4843,#4844),
 .UNSPECIFIED.,.T.,.F.,(1,1,1,1,1,1,1,1,1,1,1,1,1,1,1,1,1,1,1,1,1,1),(-0.194077834033203,
-0.131578841336496,-0.0657894206682478,0.,0.059375,0.11875,0.18109375,0.2434375,
0.314411830357143,0.385386160714286,0.494269308035714,0.55636638671875,
0.618463465401786,0.680943319335938,0.743423173270089,0.805922165966797,
0.868421158663504,0.934210579331752,1.,1.059375,1.11875,1.18109375),
 .UNSPECIFIED.);
#1917=B_SPLINE_CURVE_WITH_KNOTS('',3,(#4882,#4883,#4884,#4885,#4886,#4887,
#4888,#4889,#4890,#4891,#4892,#4893,#4894,#4895,#4896,#4897,#4898,#4899,
#4900),.UNSPECIFIED.,.T.,.F.,(1,1,1,1,1,1,1,1,1,1,1,1,1,1,1,1,1,1,1,1,1,
1,1),(-0.194702384814453,-0.131638322363281,-0.0658191611816407,0.,0.059375,
0.11875,0.18109375,0.2434375,0.3059296875,0.368421875,0.430921484375,0.49342109375,
0.54404607421875,0.5946710546875,0.668452303710937,0.742233552734375,0.805297615185547,
0.868361677636719,0.934180838818359,1.,1.059375,1.11875,1.18109375),
 .UNSPECIFIED.);
#1918=B_SPLINE_CURVE_WITH_KNOTS('',3,(#4936,#4937,#4938,#4939,#4940,#4941,
#4942,#4943,#4944,#4945,#4946,#4947,#4948,#4949,#4950,#4951,#4952,#4953,
#4954,#4955,#4956,#4957,#4958),.UNSPECIFIED.,.T.,.F.,(1,1,1,1,1,1,1,1,1,
1,1,1,1,1,1,1,1,1,1,1,1,1,1,1,1,1,1),(-0.128285371609015,-0.0954767685804508,
-0.0641488384290225,0.,0.059375,0.11875,0.1840625,0.246703125,0.27952265625,
0.3108511328125,0.371792556640625,0.434214627832031,0.496710731391602,0.55921053656958,
0.592023026828479,0.623351151341424,0.684292557567071,0.717027127878354,
0.748351356393918,0.809292567819696,0.871714628390985,0.904523231419549,
0.935851161570977,1.,1.059375,1.11875,1.1840625),.UNSPECIFIED.);
#1919=B_SPLINE_CURVE_WITH_KNOTS('',3,(#4960,#4961,#4962,#4963,#4964,#4965,
#4966,#4967,#4968,#4969,#4970,#4971,#4972,#4973,#4974,#4975,#4976,#4977,
#4978),.UNSPECIFIED.,.T.,.F.,(1,1,1,1,1,1,1,1,1,1,1,1,1,1,1,1,1,1,1,1,1,
1,1),(-0.182307741970201,-0.110901101384224,-0.0554505506921122,0.,0.0475,
0.095,0.171,0.24605,0.30730125,0.3685525,0.4309900625,0.493427625,0.555924503125,
0.61842138125,0.6840460690625,0.746702303453125,0.817692258029799,0.889098898615776,
0.944549449307888,1.,1.0475,1.095,1.171),.UNSPECIFIED.);
#1920=B_SPLINE_CURVE_WITH_KNOTS('',3,(#4982,#4983,#4984,#4985,#4986,#4987,
#4988,#4989,#4990,#4991,#4992),.UNSPECIFIED.,.T.,.F.,(1,1,1,1,1,1,1,1,1,
1,1,1,1,1,1),(-0.3815789453125,-0.256578947265625,-0.131578947363281,0.,
0.11875,0.2434375,0.368421875,0.49342109375,0.6184210546875,0.743421052734375,
0.868421052636719,1.,1.11875,1.2434375,1.368421875),.UNSPECIFIED.);
#1921=B_SPLINE_CURVE_WITH_KNOTS('',3,(#5012,#5013,#5014,#5015,#5016,#5017,
#5018,#5019,#5020),.UNSPECIFIED.,.T.,.F.,(1,1,1,1,1,1,1,1,1,1,1,1,1),(-0.506974449746582,
-0.381065240719279,-0.133720412667095,0.,0.116108348889289,0.362994578160326,
0.493025550253418,0.618934759280721,0.866279587332905,1.,1.11610834888929,
1.36299457816033,1.49302555025342),.UNSPECIFIED.);
#1922=B_SPLINE_CURVE_WITH_KNOTS('',3,(#5022,#5023,#5024,#5025,#5026,#5027,
#5028,#5029,#5030),.UNSPECIFIED.,.T.,.F.,(1,1,1,1,1,1,1,1,1,1,1,1,1),(-0.506974449746582,
-0.381065240719279,-0.133720412667095,0.,0.116108348889289,0.362994578160326,
0.493025550253418,0.618934759280721,0.866279587332905,1.,1.11610834888929,
1.36299457816033,1.49302555025342),.UNSPECIFIED.);
#1923=B_SPLINE_CURVE_WITH_KNOTS('',3,(#5034,#5035,#5036,#5037,#5038,#5039,
#5040,#5041,#5042,#5043,#5044),.UNSPECIFIED.,.T.,.F.,(1,1,1,1,1,1,1,1,1,
1,1,1,1,1,1),(-0.3815789453125,-0.256578947265625,-0.131578947363281,0.,
0.11875,0.2434375,0.368421875,0.49342109375,0.6184210546875,0.743421052734375,
0.868421052636719,1.,1.11875,1.2434375,1.368421875),.UNSPECIFIED.);
#1924=B_SPLINE_CURVE_WITH_KNOTS('',3,(#5104,#5105,#5106,#5107,#5108,#5109,
#5110,#5111,#5112,#5113,#5114,#5115,#5116,#5117,#5118,#5119,#5120,#5121,
#5122,#5123,#5124,#5125,#5126,#5127,#5128,#5129,#5130,#5131,#5132,#5133,
#5134,#5135,#5136,#5137,#5138,#5139,#5140,#5141),.UNSPECIFIED.,.T.,.F.,
(1,1,1,1,1,1,1,1,1,1,1,1,1,1,1,1,1,1,1,1,1,1,1,1,1,1,1,1,1,1,1,1,1,1,1,
1,1,1,1,1,1,1),(-0.0476973702197588,-0.0320723685109879,-0.0164473684255495,
0.,0.01484375,0.0296875,0.0452734375,0.060859375,0.091326171875,0.12179296875,
0.2435896484375,0.309054482421875,0.342015224121094,0.373350761206055,0.389761288060303,
0.405425564403015,0.421052528220151,0.436677626411007,0.46714638132055,
0.483513569066027,0.491344623759664,0.499175678453301,0.514117316636972,
0.529058954820642,0.558942231187983,0.588825507555324,0.618708783922665,
0.681072111559399,0.743435439196133,0.80592860557797,0.868421771959807,
0.88951483859799,0.905413241929899,0.921051912096495,0.936677595604825,
0.952302629780241,0.967927631489012,0.98355263157445,1.,1.01484375,1.0296875,
1.0452734375),.UNSPECIFIED.);
#1925=B_SPLINE_CURVE_WITH_KNOTS('',3,(#5143,#5144,#5145,#5146,#5147,#5148,
#5149,#5150,#5151,#5152,#5153,#5154,#5155,#5156,#5157,#5158,#5159,#5160,
#5161,#5162,#5163,#5164,#5165,#5166,#5167,#5168,#5169,#5170,#5171,#5172,
#5173,#5174,#5175),.UNSPECIFIED.,.T.,.F.,(1,1,1,1,1,1,1,1,1,1,1,1,1,1,1,
1,1,1,1,1,1,1,1,1,1,1,1,1,1,1,1,1,1,1,1,1,1),(-0.063862782809283,-0.0319313914046415,
-0.0159656957023208,0.,0.01484375,0.0296875,0.060859375,0.0793822544642857,
0.0972726841517857,0.123613634207589,0.153630396083287,0.183647157958984,
0.213663919834682,0.243680681710379,0.304556519804164,0.365432357897949,
0.426308195991734,0.487184034085519,0.498709968847351,0.510235903609183,
0.533287773132847,0.569521531513785,0.605261790861404,0.62311958305938,
0.640977375257356,0.666870248633734,0.692763122010112,0.744548868762868,
0.808411651572151,0.872274434381434,0.936137217190717,0.968068608595358,
0.984034304297679,1.,1.01484375,1.0296875,1.060859375),.UNSPECIFIED.);
#1926=B_SPLINE_CURVE_WITH_KNOTS('',3,(#5179,#5180,#5181,#5182,#5183,#5184,
#5185,#5186,#5187,#5188,#5189),.UNSPECIFIED.,.T.,.F.,(1,1,1,1,1,1,1,1,1,
1,1,1,1,1,1),(-0.3815789453125,-0.256578947265625,-0.131578947363281,0.,
0.11875,0.2434375,0.368421875,0.49342109375,0.6184210546875,0.743421052734375,
0.868421052636719,1.,1.11875,1.2434375,1.368421875),.UNSPECIFIED.);
#1927=B_SPLINE_CURVE_WITH_KNOTS('',3,(#5217,#5218,#5219,#5220,#5221,#5222,
#5223,#5224,#5225,#5226,#5227,#5228,#5229),.UNSPECIFIED.,.T.,.F.,(1,1,1,
1,1,1,1,1,1,1,1,1,1,1,1,1,1),(-0.299672578288763,-0.195091790116628,-0.0905110019444939,
0.,0.100667902891322,0.201335805782643,0.285823668130207,0.387360770291454,
0.488897872452702,0.59461264708197,0.700327421711237,0.804908209883372,
0.909488998055506,1.,1.10066790289132,1.20133580578264,1.28582366813021),
 .UNSPECIFIED.);
#1928=B_SPLINE_CURVE_WITH_KNOTS('',3,(#5231,#5232,#5233,#5234,#5235,#5236,
#5237,#5238,#5239,#5240,#5241,#5242,#5243),.UNSPECIFIED.,.T.,.F.,(1,1,1,
1,1,1,1,1,1,1,1,1,1,1,1,1,1),(-0.299672578288763,-0.195091790116628,-0.0905110019444939,
0.,0.100667902891322,0.201335805782643,0.285823668130207,0.387360770291454,
0.488897872452702,0.59461264708197,0.700327421711237,0.804908209883372,
0.909488998055506,1.,1.10066790289132,1.20133580578264,1.28582366813021),
 .UNSPECIFIED.);
#1929=B_SPLINE_CURVE_WITH_KNOTS('',3,(#5247,#5248,#5249,#5250,#5251,#5252,
#5253,#5254,#5255),.UNSPECIFIED.,.T.,.F.,(1,1,1,1,1,1,1,1,1,1,1,1,1),(-0.41303214101949,
-0.192273378750169,-0.0950665637823894,0.,0.192744219273391,0.366209096711189,
0.58696785898051,0.807726621249831,0.904933436217611,1.,1.19274421927339,
1.36620909671119,1.58696785898051),.UNSPECIFIED.);
#1930=B_SPLINE_CURVE_WITH_KNOTS('',3,(#5427,#5428,#5429,#5430,#5431,#5432,
#5433,#5434,#5435,#5436),.UNSPECIFIED.,.F.,.F.,(4,1,1,1,1,1,1,4),(0.,0.125,
0.25,0.375,0.5,0.625,0.75,1.),.UNSPECIFIED.);
#1931=B_SPLINE_CURVE_WITH_KNOTS('',3,(#5441,#5442,#5443,#5444,#5445,#5446,
#5447,#5448,#5449,#5450,#5451),.UNSPECIFIED.,.F.,.F.,(4,1,1,1,1,1,1,1,4),
(0.,0.25,0.375,0.4375,0.5,0.5625,0.625,0.75,1.),.UNSPECIFIED.);
#1932=B_SPLINE_CURVE_WITH_KNOTS('',3,(#5478,#5479,#5480,#5481,#5482,#5483,
#5484,#5485,#5486,#5487,#5488,#5489,#5490,#5491,#5492,#5493,#5494,#5495),
 .UNSPECIFIED.,.F.,.F.,(4,1,1,1,1,1,1,1,1,1,1,1,1,1,1,4),(6.76281609981931E-6,
0.125005917464087,0.187505494788081,0.250005072112075,0.281254860774072,
0.312504649436069,0.343754438098065,0.375004226760062,0.437503804084056,
0.50000338140805,0.562502958732044,0.625002536056037,0.750001690704025,
0.812501268028019,0.875000845352013,1.),.UNSPECIFIED.);
#1933=B_SPLINE_CURVE_WITH_KNOTS('',3,(#5499,#5500,#5501,#5502,#5503,#5504,
#5505,#5506,#5507,#5508,#5509,#5510),.UNSPECIFIED.,.F.,.F.,(4,1,1,1,1,1,
1,1,1,4),(0.,0.249999496037069,0.374999244055603,0.499998992074137,0.562498866083404,
0.624998740092671,0.687498614101938,0.749998488111206,0.87499823612974,
0.999997984148274),.UNSPECIFIED.);
#1934=B_SPLINE_CURVE_WITH_KNOTS('',3,(#5537,#5538,#5539,#5540,#5541,#5542,
#5543,#5544,#5545,#5546,#5547,#5548,#5549,#5550,#5551,#5552,#5553,#5554),
 .UNSPECIFIED.,.F.,.F.,(4,1,1,1,1,1,1,1,1,1,1,1,1,1,1,4),(0.,0.124999780718973,
0.249999561437946,0.374999342156919,0.437499232516406,0.499999122875892,
0.562499013235379,0.624998903594865,0.656248848774609,0.687498793954352,
0.718748739134095,0.749998684313839,0.781248629493582,0.812498574673325,
0.874998465032812,0.999998245751785),.UNSPECIFIED.);
#1935=B_SPLINE_CURVE_WITH_KNOTS('',3,(#5558,#5559,#5560,#5561,#5562,#5563,
#5564,#5565,#5566,#5567,#5568,#5569,#5570,#5571,#5572,#5573,#5574,#5575),
 .UNSPECIFIED.,.F.,.F.,(4,1,1,1,1,1,1,1,1,1,1,1,1,1,1,4),(4.48788827347061E-6,
0.125003926902239,0.250003365916205,0.312503085423188,0.375002804930171,
0.437502524437154,0.500002243944137,0.56250196345112,0.593751823204611,
0.625001682958103,0.656251542711594,0.687501402465085,0.750001121972068,
0.812500841479051,0.875000560986034,1.),.UNSPECIFIED.);
#1936=B_SPLINE_CURVE_WITH_KNOTS('',3,(#5577,#5578,#5579,#5580),
 .UNSPECIFIED.,.F.,.F.,(4,4),(0.,0.0894776984491793),.UNSPECIFIED.);
#1937=B_SPLINE_CURVE_WITH_KNOTS('',3,(#5581,#5582,#5583,#5584),
 .UNSPECIFIED.,.F.,.F.,(4,4),(0.,0.0894776984491793),.UNSPECIFIED.);
#1938=B_SPLINE_CURVE_WITH_KNOTS('',3,(#5616,#5617,#5618,#5619,#5620,#5621,
#5622,#5623,#5624,#5625,#5626,#5627,#5628,#5629,#5630,#5631,#5632,#5633,
#5634),.UNSPECIFIED.,.F.,.F.,(4,1,1,1,1,1,1,1,1,1,1,1,1,1,1,1,4),(2.12102366875173E-7,
0.125000158781261,0.187500132120708,0.250000105460155,0.312500078799602,
0.37500005213905,0.406250038808773,0.437500025478497,0.499999998817944,
0.562499972157391,0.624999945496838,0.687499918836285,0.718749905506009,
0.749999892175732,0.812499865515179,0.874999838854627,0.999999785533521),
 .UNSPECIFIED.);
#1939=B_SPLINE_CURVE_WITH_KNOTS('',3,(#5639,#5640,#5641,#5642,#5643,#5644,
#5645,#5646,#5647,#5648,#5649,#5650,#5651,#5652),.UNSPECIFIED.,.F.,.F.,
(4,1,1,1,1,1,1,1,1,1,1,4),(6.39051889933808E-7,0.250000479288917,0.375000399407431,
0.437500359466688,0.500000319525945,0.562500279585202,0.625000239644459,
0.687500199703716,0.750000159762972,0.812500119822229,0.875000079881486,
1.),.UNSPECIFIED.);
#1940=B_SPLINE_CURVE_WITH_KNOTS('',3,(#5699,#5700,#5701,#5702,#5703,#5704,
#5705,#5706,#5707,#5708,#5709,#5710,#5711,#5712,#5713,#5714,#5715,#5716,
#5717,#5718,#5719,#5720,#5721,#5722,#5723,#5724,#5725,#5726),
 .UNSPECIFIED.,.F.,.F.,(4,1,1,1,1,1,1,1,1,1,1,1,1,1,1,1,1,1,1,1,1,1,1,1,
1,4),(0.,0.124999984797846,0.187499977196769,0.218749973396231,0.249999969595693,
0.281249965795154,0.312499961994616,0.343749958194077,0.374999954393539,
0.437499946792462,0.468749942991924,0.499999939191385,0.531249935390847,
0.562499931590309,0.59374992778977,0.609374925889501,0.624999923989232,
0.640624922088962,0.656249920188693,0.687499916388155,0.718749912587616,
0.749999908787078,0.812499901186001,0.874999893584924,0.937499885983847,
0.999999878382771),.UNSPECIFIED.);
#1941=B_SPLINE_CURVE_WITH_KNOTS('',3,(#5728,#5729,#5730,#5731),
 .UNSPECIFIED.,.F.,.F.,(4,4),(0.,1.),.UNSPECIFIED.);
#1942=B_SPLINE_CURVE_WITH_KNOTS('',3,(#5733,#5734,#5735,#5736,#5737,#5738,
#5739,#5740,#5741,#5742,#5743,#5744,#5745,#5746,#5747,#5748,#5749,#5750,
#5751,#5752,#5753,#5754,#5755,#5756,#5757,#5758,#5759),.UNSPECIFIED.,.F.,
 .F.,(4,1,1,1,1,1,1,1,1,1,1,1,1,1,1,1,1,1,1,1,1,1,1,1,4),(0.,0.125,0.1875,
0.21875,0.25,0.28125,0.3125,0.34375,0.359375,0.375,0.40625,0.4375,0.5,0.5625,
0.625,0.65625,0.6875,0.71875,0.734375,0.75,0.765625,0.78125,0.8125,0.875,
1.),.UNSPECIFIED.);
#1943=B_SPLINE_CURVE_WITH_KNOTS('',3,(#5761,#5762,#5763,#5764,#5765),
 .UNSPECIFIED.,.F.,.F.,(4,1,4),(0.,0.5,1.),.UNSPECIFIED.);
#1944=B_SPLINE_CURVE_WITH_KNOTS('',3,(#5767,#5768,#5769,#5770),
 .UNSPECIFIED.,.F.,.F.,(4,4),(0.,1.),.UNSPECIFIED.);
#1945=B_SPLINE_CURVE_WITH_KNOTS('',3,(#5772,#5773,#5774,#5775,#5776,#5777,
#5778,#5779,#5780),.UNSPECIFIED.,.F.,.F.,(4,1,1,1,1,1,4),(0.,0.25,0.375,
0.5,0.625,0.75,1.),.UNSPECIFIED.);
#1946=B_SPLINE_CURVE_WITH_KNOTS('',3,(#5823,#5824,#5825,#5826,#5827,#5828,
#5829,#5830,#5831,#5832,#5833,#5834,#5835,#5836,#5837,#5838,#5839,#5840,
#5841,#5842,#5843,#5844,#5845,#5846,#5847,#5848),.UNSPECIFIED.,.F.,.F.,
(4,1,1,1,1,1,1,1,1,1,1,1,1,1,1,1,1,1,1,1,1,1,1,4),(1.58267229846054E-7,
0.125000138483826,0.187500128592124,0.250000118700422,0.31250010880872,
0.34375010386287,0.375000098917019,0.406250093971168,0.437500089025317,
0.468750084079466,0.48437508160654,0.500000079133615,0.515625076660689,
0.531250074187764,0.562500069241913,0.625000059350211,0.687500049458509,
0.750000039566807,0.781250034620956,0.812500029675105,0.875000019783404,
0.937500009891702,0.968750004945851,1.),.UNSPECIFIED.);
#1947=B_SPLINE_CURVE_WITH_KNOTS('',3,(#5849,#5850,#5851,#5852,#5853,#5854,
#5855,#5856,#5857,#5858,#5859,#5860,#5861,#5862,#5863,#5864,#5865,#5866,
#5867,#5868,#5869,#5870,#5871,#5872,#5873,#5874,#5875,#5876),
 .UNSPECIFIED.,.F.,.F.,(4,1,1,1,1,1,1,1,1,1,1,1,1,1,1,1,1,1,1,1,1,1,1,1,
1,4),(0.,0.031249986424748,0.062499972849496,0.093749959274244,0.124999945698992,
0.187499918548488,0.249999891397984,0.281249877822732,0.31249986424748,
0.374999837096976,0.437499809946472,0.46874979637122,0.484374789583594,
0.499999782795968,0.515624776008342,0.531249769220716,0.562499755645464,
0.62499972849496,0.656249714919708,0.687499701344456,0.718749687769204,
0.749999674193952,0.7812496606187,0.812499647043448,0.874999619892944,0.999999565591936),
 .UNSPECIFIED.);
#1948=B_SPLINE_CURVE_WITH_KNOTS('',3,(#5902,#5903,#5904,#5905,#5906,#5907,
#5908,#5909,#5910),.UNSPECIFIED.,.F.,.F.,(4,1,1,1,1,1,4),(1.8016814700254E-5,
0.249919394504363,0.499820772194025,0.624771461038857,0.749722149883688,
0.874672838728519,0.99962352757335),.UNSPECIFIED.);
#1949=B_SPLINE_CURVE_WITH_KNOTS('',3,(#5913,#5914,#5915,#5916,#5917,#5918,
#5919,#5920,#5921,#5922),.UNSPECIFIED.,.F.,.F.,(4,1,1,1,1,1,1,4),(0.00047518602337983,
0.125324366792278,0.250173547561177,0.375022728330075,0.437447318714524,
0.499871909098973,0.74957027063677,0.999268632174567),.UNSPECIFIED.);
#1950=B_SPLINE_CURVE_WITH_KNOTS('',3,(#5924,#5925,#5926,#5927,#5928,#5929,
#5930,#5931,#5932),.UNSPECIFIED.,.F.,.F.,(4,1,1,1,1,1,4),(-1.87074877963832E-7,
0.000179080573889677,0.000358348222657318,0.000537615871424958,0.000716883520192599,
0.00107541881772788,0.00143395411526316),.UNSPECIFIED.);
#1951=B_SPLINE_CURVE_WITH_KNOTS('',3,(#5934,#5935,#5936,#5937,#5938,#5939,
#5940,#5941,#5942,#5943,#5944,#5945,#5946),.UNSPECIFIED.,.F.,.F.,(4,1,1,
1,1,1,1,1,1,1,4),(-2.919976018958E-8,0.000275608143863924,0.000551245487488038,
0.000689064159300095,0.000826882831112152,0.000964701502924209,0.00110252017473627,
0.00137815751836038,0.00165379486198449,0.00192943220560861,0.00220506954923272),
 .UNSPECIFIED.);
#1952=B_SPLINE_CURVE_WITH_KNOTS('',3,(#5979,#5980,#5981,#5982,#5983,#5984,
#5985,#5986,#5987,#5988,#5989,#5990,#5991,#5992,#5993,#5994),
 .UNSPECIFIED.,.F.,.F.,(4,1,1,1,1,1,1,1,1,1,1,1,1,4),(7.18471293130319E-6,
0.125006238670443,0.1875057656492,0.250005292627956,0.312504819606712,0.375004346585468,
0.437503873564224,0.50000340054298,0.562502927521736,0.625002454500492,
0.750001508458004,0.81250103543676,0.875000562415516,0.999999616373028),
 .UNSPECIFIED.);
#1953=B_SPLINE_CURVE_WITH_KNOTS('',3,(#5997,#5998,#5999,#6000,#6001,#6002,
#6003,#6004,#6005,#6006,#6007,#6008,#6009,#6010,#6011,#6012,#6013),
 .UNSPECIFIED.,.F.,.F.,(4,1,1,1,1,1,1,1,1,1,1,1,1,1,4),(9.27453540758864E-5,
0.125071083409881,0.187560252437784,0.250049421465687,0.375027759521492,
0.437516928549395,0.500006097577297,0.5624952666052,0.624984435633102,0.656229020147054,
0.687473604661005,0.749962773688908,0.81245194271681,0.874941111744713,
0.999919449800518),.UNSPECIFIED.);
#1954=B_SPLINE_CURVE_WITH_KNOTS('',3,(#6015,#6016,#6017,#6018,#6019,#6020,
#6021,#6022,#6023,#6024),.UNSPECIFIED.,.F.,.F.,(4,1,1,1,1,1,1,4),(1.16945786883759E-7,
0.000232987215110043,0.000465857484433202,0.00069872775375636,0.000931598023079519,
0.00139733856172584,0.001630208831049,0.00186307910037215),
 .UNSPECIFIED.);
#1955=B_SPLINE_CURVE_WITH_KNOTS('',3,(#6026,#6027,#6028,#6029,#6030,#6031,
#6032,#6033,#6034,#6035,#6036,#6037,#6038,#6039,#6040,#6041),
 .UNSPECIFIED.,.F.,.F.,(4,1,1,1,1,1,1,1,1,1,1,1,1,4),(-1.26293034714168E-7,
0.000115639082506603,0.00023140445804792,0.000347169833589238,0.000462935209130555,
0.00069446596021319,0.000925996711295824,0.00115752746237846,0.00127329283791978,
0.00138905821346109,0.00150482358900241,0.00162058896454373,0.00173635434008505,
0.00185211971562636),.UNSPECIFIED.);
#1956=B_SPLINE_CURVE_WITH_KNOTS('',3,(#6043,#6044,#6045,#6046,#6047,#6048),
 .UNSPECIFIED.,.F.,.F.,(4,1,1,4),(0.,0.25,0.5,1.),.UNSPECIFIED.);
#1957=B_SPLINE_CURVE_WITH_KNOTS('',3,(#6051,#6052,#6053,#6054),
 .UNSPECIFIED.,.F.,.F.,(4,4),(0.,1.),.UNSPECIFIED.);
#1958=B_SPLINE_CURVE_WITH_KNOTS('',3,(#6056,#6057,#6058,#6059,#6060,#6061,
#6062,#6063,#6064),.UNSPECIFIED.,.F.,.F.,(4,1,1,1,1,1,4),(0.,0.25,0.375,
0.5,0.625,0.75,1.),.UNSPECIFIED.);
#1959=B_SPLINE_CURVE_WITH_KNOTS('',3,(#6066,#6067,#6068,#6069),
 .UNSPECIFIED.,.F.,.F.,(4,4),(0.,1.),.UNSPECIFIED.);
#1960=B_SPLINE_CURVE_WITH_KNOTS('',3,(#6126,#6127,#6128,#6129,#6130,#6131,
#6132,#6133,#6134,#6135,#6136,#6137,#6138,#6139,#6140,#6141,#6142,#6143,
#6144,#6145,#6146,#6147,#6148,#6149,#6150,#6151,#6152,#6153,#6154,#6155,
#6156,#6157,#6158,#6159,#6160,#6161,#6162,#6163,#6164,#6165,#6166,#6167,
#6168,#6169,#6170,#6171),.UNSPECIFIED.,.F.,.F.,(4,1,1,1,1,1,1,1,1,1,1,1,
1,1,1,1,1,1,1,1,1,1,1,1,1,1,1,1,1,1,1,1,1,1,1,1,1,1,1,1,1,1,1,4),(0.,0.0625,
0.09375,0.109375,0.125,0.1328125,0.140625,0.15625,0.171875,0.1875,0.1953125,
0.203125,0.21875,0.25,0.28125,0.3125,0.328125,0.34375,0.359375,0.375,0.390625,
0.40625,0.4375,0.46875,0.5,0.53125,0.546875,0.5625,0.59375,0.625,0.640625,
0.65625,0.671875,0.6875,0.703125,0.71875,0.75,0.8125,0.84375,0.875,0.90625,
0.9375,0.96875,1.),.UNSPECIFIED.);
#1961=B_SPLINE_CURVE_WITH_KNOTS('',3,(#6172,#6173,#6174,#6175,#6176,#6177,
#6178,#6179,#6180,#6181,#6182,#6183,#6184,#6185,#6186,#6187,#6188,#6189,
#6190,#6191,#6192,#6193,#6194,#6195,#6196,#6197,#6198,#6199,#6200,#6201,
#6202,#6203,#6204,#6205,#6206,#6207,#6208,#6209,#6210,#6211),
 .UNSPECIFIED.,.F.,.F.,(4,1,1,1,1,1,1,1,1,1,1,1,1,1,1,1,1,1,1,1,1,1,1,1,
1,1,1,1,1,1,1,1,1,1,1,1,1,4),(0.,0.03125,0.046875,0.0625,0.09375,0.109375,
0.125,0.15625,0.1875,0.25,0.28125,0.3125,0.34375,0.375,0.40625,0.421875,
0.4375,0.453125,0.46875,0.484375,0.5,0.515625,0.53125,0.5625,0.59375,0.625,
0.65625,0.6875,0.703125,0.71875,0.75,0.78125,0.796875,0.8125,0.84375,0.875,
0.9375,1.),.UNSPECIFIED.);
#1962=B_SPLINE_CURVE_WITH_KNOTS('',3,(#6214,#6215,#6216,#6217),
 .UNSPECIFIED.,.F.,.F.,(4,4),(0.0772372858793948,0.111034839033776),
 .UNSPECIFIED.);
#1963=B_SPLINE_CURVE_WITH_KNOTS('',3,(#6220,#6221,#6222,#6223),
 .UNSPECIFIED.,.F.,.F.,(4,4),(0.,1.),.UNSPECIFIED.);
#1964=B_SPLINE_CURVE_WITH_KNOTS('',3,(#6225,#6226,#6227,#6228),
 .UNSPECIFIED.,.F.,.F.,(4,4),(0.0772372858793948,0.111034839033776),
 .UNSPECIFIED.);
#1965=B_SPLINE_CURVE_WITH_KNOTS('',3,(#6230,#6231,#6232,#6233,#6234),
 .UNSPECIFIED.,.F.,.F.,(4,1,4),(1.59015416513105E-5,0.500007950770826,1.),
 .UNSPECIFIED.);
#1966=B_SPLINE_CURVE_WITH_KNOTS('',3,(#6236,#6237,#6238,#6239),
 .UNSPECIFIED.,.F.,.F.,(4,4),(2.49999999868421E-5,0.999975000000013),
 .UNSPECIFIED.);
#1967=B_SPLINE_CURVE_WITH_KNOTS('',3,(#6241,#6242,#6243,#6244,#6245,#6246),
 .UNSPECIFIED.,.F.,.F.,(4,1,1,4),(2.16422526727122E-5,0.250012283399086,
0.500002924545499,0.999984206838325),.UNSPECIFIED.);
#1968=B_SPLINE_CURVE_WITH_KNOTS('',3,(#6269,#6270,#6271,#6272,#6273,#6274,
#6275,#6276,#6277,#6278,#6279,#6280),.UNSPECIFIED.,.F.,.F.,(4,1,1,1,1,1,
1,1,1,4),(9.41802305118819E-6,0.250007063517288,0.375005886264407,0.500004709011526,
0.562504120385085,0.625003531758644,0.750002354505763,0.875001177252881,
0.937500588626441,1.),.UNSPECIFIED.);
#1969=B_SPLINE_CURVE_WITH_KNOTS('',3,(#6282,#6283,#6284,#6285,#6286,#6287,
#6288,#6289,#6290,#6291),.UNSPECIFIED.,.F.,.F.,(4,1,1,1,1,1,1,4),(0.,0.124961400004568,
0.249922800009135,0.374884200013703,0.499845600018271,0.624807000022839,
0.749768400027406,0.999691200036542),.UNSPECIFIED.);
#1970=B_SPLINE_CURVE_WITH_KNOTS('',3,(#6293,#6294,#6295,#6296,#6297,#6298,
#6299),.UNSPECIFIED.,.F.,.F.,(4,1,1,1,4),(-1.19387593803559E-7,0.000140586056067096,
0.000281291499727995,0.000421996943388894,0.000562702387049793),
 .UNSPECIFIED.);
#1971=B_SPLINE_CURVE_WITH_KNOTS('',3,(#6301,#6302,#6303,#6304),
 .UNSPECIFIED.,.F.,.F.,(4,4),(7.05055178341278E-7,0.000559413571906949),
 .UNSPECIFIED.);
#1972=B_SPLINE_CURVE_WITH_KNOTS('',3,(#6306,#6307,#6308,#6309,#6310,#6311,
#6312,#6313,#6314,#6315,#6316,#6317,#6318),.UNSPECIFIED.,.F.,.F.,(4,1,1,
1,1,1,1,1,1,1,4),(0.000497135948673097,0.249966682918731,0.374701456403759,
0.437068843146274,0.499436229888788,0.561803616631302,0.624171003373817,
0.686538390116331,0.748905776858846,0.873640550343874,0.998375323828903),
 .UNSPECIFIED.);
#1973=B_SPLINE_CURVE_WITH_KNOTS('',3,(#6320,#6321,#6322,#6323,#6324,#6325,
#6326,#6327,#6328,#6329,#6330,#6331,#6332,#6333,#6334,#6335,#6336,#6337),
 .UNSPECIFIED.,.F.,.F.,(4,1,1,1,1,1,1,1,1,1,1,1,1,1,1,4),(0.336136877585265,
0.377628319217256,0.398374040033252,0.419119760849248,0.46061120248124,
0.502102644113232,0.543594085745223,0.585085527377215,0.668068410641198,
0.751051293905182,0.792542735537174,0.834034177169165,0.875525618801157,
0.917017060433149,0.95850850206514,0.999999943697132),.UNSPECIFIED.);
#1974=B_SPLINE_CURVE_WITH_KNOTS('',3,(#6358,#6359,#6360,#6361,#6362,#6363,
#6364,#6365,#6366,#6367,#6368),.UNSPECIFIED.,.T.,.F.,(1,1,1,1,1,1,1,1,1,
1,1,1,1,1,1),(-0.3815789453125,-0.256578947265625,-0.131578947363281,0.,
0.11875,0.2434375,0.368421875,0.49342109375,0.6184210546875,0.743421052734375,
0.868421052636719,1.,1.11875,1.2434375,1.368421875),.UNSPECIFIED.);
#1975=B_SPLINE_CURVE_WITH_KNOTS('',3,(#6404,#6405,#6406,#6407,#6408,#6409,
#6410,#6411,#6412,#6413,#6414,#6415,#6416,#6417,#6418,#6419,#6420),
 .UNSPECIFIED.,.F.,.F.,(4,1,1,1,1,1,1,1,1,1,1,1,1,1,4),(0.,0.124999981403779,
0.249999962807558,0.374999944211336,0.437499934913226,0.499999925615115,
0.562499916317004,0.624999907018894,0.687499897720783,0.718749893071728,
0.749999888422673,0.812499879124562,0.874999869826451,0.937499860528341,
0.99999985123023),.UNSPECIFIED.);
#1976=B_SPLINE_CURVE_WITH_KNOTS('',3,(#6425,#6426,#6427,#6428,#6429,#6430,
#6431,#6432,#6433,#6434,#6435,#6436,#6437,#6438,#6439,#6440,#6441,#6442),
 .UNSPECIFIED.,.F.,.F.,(4,1,1,1,1,1,1,1,1,1,1,1,1,1,1,4),(1.17626401146629E-7,
0.0624913881025749,0.124982658578749,0.187473929054922,0.249965199531096,
0.281210834769183,0.31245647000727,0.343702105245357,0.374947740483444,
0.437439010959617,0.499930281435791,0.562421551911965,0.624912822388139,
0.749895363340486,0.874877904292834,0.999860445245181),.UNSPECIFIED.);
#1977=B_SPLINE_CURVE_WITH_KNOTS('',3,(#6465,#6466,#6467,#6468,#6469,#6470,
#6471,#6472,#6473,#6474),.UNSPECIFIED.,.F.,.F.,(4,1,1,1,1,1,1,4),(1.51882895232494E-7,
0.124999760056108,0.249999368229321,0.499998584575747,0.62499819274896,
0.749997800922173,0.874997409095386,0.999997017268599),.UNSPECIFIED.);
#1978=B_SPLINE_CURVE_WITH_KNOTS('',3,(#6475,#6476,#6477,#6478,#6479,#6480,
#6481,#6482,#6483),.UNSPECIFIED.,.F.,.F.,(4,1,1,1,1,1,4),(0.,0.249999962064753,
0.37499994309713,0.499999924129506,0.74999988619426,0.874999867226636,0.999999848259013),
 .UNSPECIFIED.);
#1979=B_SPLINE_CURVE_WITH_KNOTS('',3,(#6486,#6487,#6488,#6489),
 .UNSPECIFIED.,.F.,.F.,(4,4),(0.,0.218273403003379),.UNSPECIFIED.);
#1980=B_SPLINE_CURVE_WITH_KNOTS('',3,(#6494,#6495,#6496,#6497),
 .UNSPECIFIED.,.F.,.F.,(4,4),(0.,0.218273403003379),.UNSPECIFIED.);
#1981=B_SPLINE_CURVE_WITH_KNOTS('',3,(#6550,#6551,#6552,#6553,#6554,#6555,
#6556,#6557,#6558,#6559,#6560,#6561,#6562,#6563,#6564,#6565,#6566,#6567,
#6568,#6569,#6570,#6571,#6572,#6573,#6574,#6575,#6576,#6577,#6578,#6579,
#6580,#6581,#6582,#6583,#6584,#6585,#6586),.UNSPECIFIED.,.F.,.F.,(4,1,1,
1,1,1,1,1,1,1,1,1,1,1,1,1,1,1,1,1,1,1,1,1,1,1,1,1,1,1,1,1,1,1,4),(0.,0.0625,
0.078125,0.09375,0.125,0.15625,0.1875,0.21875,0.234375,0.25,0.28125,0.3125,
0.34375,0.375,0.40625,0.4375,0.46875,0.484375,0.5,0.515625,0.53125,0.5625,
0.59375,0.625,0.65625,0.6875,0.75,0.78125,0.8125,0.828125,0.84375,0.859375,
0.875,0.9375,1.),.UNSPECIFIED.);
#1982=B_SPLINE_CURVE_WITH_KNOTS('',3,(#6587,#6588,#6589,#6590,#6591,#6592,
#6593,#6594,#6595,#6596,#6597,#6598,#6599,#6600,#6601,#6602,#6603,#6604,
#6605,#6606,#6607,#6608,#6609,#6610,#6611,#6612,#6613,#6614),
 .UNSPECIFIED.,.F.,.F.,(4,1,1,1,1,1,1,1,1,1,1,1,1,1,1,1,1,1,1,1,1,1,1,1,
1,4),(0.,0.0625,0.09375,0.125,0.15625,0.1875,0.21875,0.25,0.28125,0.3125,
0.375,0.4375,0.5,0.53125,0.5625,0.625,0.65625,0.6875,0.71875,0.75,0.8125,
0.84375,0.875,0.90625,0.9375,1.),.UNSPECIFIED.);
#1983=B_SPLINE_CURVE_WITH_KNOTS('',3,(#6648,#6649,#6650,#6651,#6652,#6653,
#6654,#6655,#6656,#6657,#6658,#6659,#6660,#6661,#6662,#6663,#6664,#6665),
 .UNSPECIFIED.,.F.,.F.,(4,1,1,1,1,1,1,1,1,1,1,1,1,1,1,4),(2.7881795178423E-7,
0.125000209445627,0.250000140073303,0.312500105387141,0.34375008804406,
0.375000070700978,0.437500036014816,0.500000001328654,0.562499966642492,
0.593749949299411,0.62499993195633,0.687499897270167,0.749999862584005,
0.812499827897843,0.874999793211681,0.999999723839356),.UNSPECIFIED.);
#1984=B_SPLINE_CURVE_WITH_KNOTS('',3,(#6670,#6671,#6672,#6673,#6674,#6675,
#6676,#6677,#6678,#6679,#6680,#6681,#6682,#6683,#6684,#6685,#6686,#6687,
#6688,#6689,#6690,#6691,#6692,#6693,#6694),.UNSPECIFIED.,.F.,.F.,(4,1,1,
1,1,1,1,1,1,1,1,1,1,1,1,1,1,1,1,1,1,1,4),(8.01511662006445E-7,0.125000701322704,
0.187500651228225,0.218750626180986,0.250000601133747,0.281250576086507,
0.312500551039268,0.343750525992028,0.375000500944789,0.406250475897549,
0.43750045085031,0.500000400755831,0.562500350661352,0.593750325614113,
0.625000300566873,0.656250275519634,0.687500250472394,0.718750225425155,
0.750000200377915,0.781250175330676,0.812500150283437,0.875000100188958,
1.),.UNSPECIFIED.);
#1985=B_SPLINE_CURVE_WITH_KNOTS('',3,(#6747,#6748,#6749,#6750,#6751,#6752,
#6753,#6754,#6755,#6756,#6757,#6758,#6759,#6760,#6761,#6762,#6763,#6764,
#6765,#6766,#6767,#6768,#6769,#6770,#6771,#6772,#6773,#6774,#6775,#6776,
#6777,#6778,#6779,#6780),.UNSPECIFIED.,.F.,.F.,(4,1,1,1,1,1,1,1,1,1,1,1,
1,1,1,1,1,1,1,1,1,1,1,1,1,1,1,1,1,1,1,4),(0.,0.124999989413204,0.187499984119806,
0.203124982796456,0.218749981473107,0.249999978826408,0.281249976179709,
0.31249997353301,0.343749970886311,0.374999968239612,0.406249965592913,
0.437499962946214,0.468749960299514,0.499999957652815,0.531249955006116,
0.562499952359417,0.593749949712718,0.624999947066019,0.65624994441932,
0.687499941772621,0.718749939125922,0.749999936479223,0.781249933832524,
0.812499931185825,0.828124929862476,0.843749928539126,0.859374927215777,
0.874999925892427,0.890624924569077,0.906249923245728,0.937499920599029,
0.999999915305631),.UNSPECIFIED.);
#1986=B_SPLINE_CURVE_WITH_KNOTS('',3,(#6782,#6783,#6784,#6785),
 .UNSPECIFIED.,.F.,.F.,(4,4),(0.,1.),.UNSPECIFIED.);
#1987=B_SPLINE_CURVE_WITH_KNOTS('',3,(#6787,#6788,#6789,#6790,#6791,#6792,
#6793,#6794,#6795,#6796,#6797,#6798,#6799,#6800,#6801,#6802,#6803,#6804,
#6805,#6806,#6807,#6808,#6809,#6810,#6811,#6812),.UNSPECIFIED.,.F.,.F.,
(4,1,1,1,1,1,1,1,1,1,1,1,1,1,1,1,1,1,1,1,1,1,1,4),(0.,0.125,0.1875,0.21875,
0.25,0.28125,0.3125,0.34375,0.375,0.40625,0.4375,0.5,0.5625,0.625,0.65625,
0.6875,0.71875,0.734375,0.75,0.765625,0.78125,0.8125,0.875,1.),
 .UNSPECIFIED.);
#1988=B_SPLINE_CURVE_WITH_KNOTS('',3,(#6814,#6815,#6816,#6817,#6818),
 .UNSPECIFIED.,.F.,.F.,(4,1,4),(0.00189857292594149,0.500949286462971,1.),
 .UNSPECIFIED.);
#1989=B_SPLINE_CURVE_WITH_KNOTS('',3,(#6820,#6821,#6822,#6823),
 .UNSPECIFIED.,.F.,.F.,(4,4),(0.,1.),.UNSPECIFIED.);
#1990=B_SPLINE_CURVE_WITH_KNOTS('',3,(#6825,#6826,#6827,#6828,#6829,#6830,
#6831,#6832,#6833),.UNSPECIFIED.,.F.,.F.,(4,1,1,1,1,1,4),(0.,0.249540314230723,
0.374310471346085,0.499080628461446,0.623850785576808,0.748620942692169,
0.998161256922892),.UNSPECIFIED.);
#1991=B_SPLINE_CURVE_WITH_KNOTS('',3,(#6876,#6877,#6878,#6879,#6880,#6881,
#6882,#6883,#6884,#6885,#6886,#6887,#6888,#6889,#6890,#6891,#6892,#6893,
#6894,#6895,#6896,#6897,#6898,#6899,#6900,#6901,#6902,#6903,#6904,#6905),
 .UNSPECIFIED.,.F.,.F.,(4,1,1,1,1,1,1,1,1,1,1,1,1,1,1,1,1,1,1,1,1,1,1,1,
1,1,1,4),(2.03172396795139E-7,0.125000177775847,0.187500165077572,0.250000152379298,
0.312500139681023,0.343750133331885,0.375000126982748,0.406250120633611,
0.437500114284473,0.468750107935336,0.484375104760767,0.500000101586198,
0.51562509841163,0.531250095237061,0.562500088887924,0.593750082538786,
0.625000076189649,0.687500063491374,0.718750057142236,0.750000050793099,
0.76562504761853,0.781250044443962,0.812500038094824,0.87500002539655,0.906250019047412,
0.937500012698275,0.968750006349137,1.),.UNSPECIFIED.);
#1992=B_SPLINE_CURVE_WITH_KNOTS('',3,(#6906,#6907,#6908,#6909,#6910,#6911,
#6912,#6913,#6914,#6915,#6916,#6917,#6918,#6919,#6920,#6921,#6922,#6923,
#6924,#6925,#6926,#6927,#6928,#6929,#6930,#6931,#6932,#6933,#6934,#6935),
 .UNSPECIFIED.,.F.,.F.,(4,1,1,1,1,1,1,1,1,1,1,1,1,1,1,1,1,1,1,1,1,1,1,1,
1,1,1,4),(0.,0.0312499825108583,0.0624999650217166,0.124999930043433,0.156249912554292,
0.18749989506515,0.218749877576008,0.249999860086867,0.281249842597725,
0.312499825108583,0.3749997901303,0.437499755152017,0.468749737662875,0.484374728918304,
0.499999720173733,0.515624711429162,0.531249702684591,0.56249968519545,
0.593749667706308,0.624999650217166,0.656249632728025,0.687499615238883,
0.718749597749741,0.7499995802606,0.781249562771458,0.812499545282316,0.874999510304033,
0.999999440347466),.UNSPECIFIED.);
#1993=B_SPLINE_CURVE_WITH_KNOTS('',3,(#6957,#6958,#6959,#6960,#6961,#6962,
#6963,#6964,#6965,#6966,#6967),.UNSPECIFIED.,.T.,.F.,(1,1,1,1,1,1,1,1,1,
1,1,1,1,1,1),(-0.3815789453125,-0.256578947265625,-0.131578947363281,0.,
0.11875,0.2434375,0.368421875,0.49342109375,0.6184210546875,0.743421052734375,
0.868421052636719,1.,1.11875,1.2434375,1.368421875),.UNSPECIFIED.);
#1994=B_SPLINE_CURVE_WITH_KNOTS('',3,(#6987,#6988,#6989,#6990,#6991,#6992,
#6993,#6994,#6995,#6996),.UNSPECIFIED.,.F.,.F.,(4,1,1,1,1,1,1,4),(0.,0.125,
0.25,0.5,0.625,0.75,0.875,1.),.UNSPECIFIED.);
#1995=B_SPLINE_CURVE_WITH_KNOTS('',3,(#6999,#7000,#7001,#7002,#7003,#7004,
#7005,#7006,#7007),.UNSPECIFIED.,.F.,.F.,(4,1,1,1,1,1,4),(0.,0.25,0.375,
0.5,0.75,0.875,1.),.UNSPECIFIED.);
#1996=B_SPLINE_CURVE_WITH_KNOTS('',3,(#7009,#7010,#7011,#7012,#7013,#7014,
#7015,#7016,#7017,#7018,#7019,#7020),.UNSPECIFIED.,.F.,.F.,(4,1,1,1,1,1,
1,1,1,4),(-1.05775563014211E-7,0.000164490399453181,0.000329086574469376,
0.000411384661977474,0.000493682749485571,0.000575980836993669,0.000658278924501767,
0.000822875099517962,0.000987471274534157,0.00131666362456655),
 .UNSPECIFIED.);
#1997=B_SPLINE_CURVE_WITH_KNOTS('',3,(#7022,#7023,#7024,#7025,#7026,#7027),
 .UNSPECIFIED.,.F.,.F.,(4,1,1,4),(6.30545399882642E-6,0.000336847540019071,
0.000667389626039315,0.0013284737980798),.UNSPECIFIED.);
#1998=B_SPLINE_CURVE_WITH_KNOTS('',3,(#7029,#7030,#7031,#7032,#7033,#7034),
 .UNSPECIFIED.,.F.,.F.,(4,1,1,4),(0.,0.25,0.5,1.),.UNSPECIFIED.);
#1999=B_SPLINE_CURVE_WITH_KNOTS('',3,(#7037,#7038,#7039,#7040),
 .UNSPECIFIED.,.F.,.F.,(4,4),(0.,1.),.UNSPECIFIED.);
#2000=B_SPLINE_CURVE_WITH_KNOTS('',3,(#7042,#7043,#7044,#7045,#7046,#7047,
#7048,#7049,#7050),.UNSPECIFIED.,.F.,.F.,(4,1,1,1,1,1,4),(0.,0.25,0.375,
0.5,0.625,0.75,1.),.UNSPECIFIED.);
#2001=B_SPLINE_CURVE_WITH_KNOTS('',3,(#7052,#7053,#7054,#7055),
 .UNSPECIFIED.,.F.,.F.,(4,4),(0.,1.),.UNSPECIFIED.);
#2002=B_SPLINE_CURVE_WITH_KNOTS('',3,(#7112,#7113,#7114,#7115,#7116,#7117,
#7118,#7119,#7120,#7121,#7122,#7123,#7124,#7125,#7126,#7127,#7128,#7129,
#7130,#7131,#7132,#7133,#7134,#7135,#7136,#7137,#7138,#7139,#7140,#7141,
#7142,#7143,#7144,#7145,#7146,#7147,#7148,#7149,#7150,#7151,#7152,#7153,
#7154,#7155,#7156,#7157,#7158,#7159,#7160),.UNSPECIFIED.,.F.,.F.,(4,1,1,
1,1,1,1,1,1,1,1,1,1,1,1,1,1,1,1,1,1,1,1,1,1,1,1,1,1,1,1,1,1,1,1,1,1,1,1,
1,1,1,1,1,1,1,4),(0.,0.0625,0.09375,0.109375,0.125,0.1328125,0.140625,0.15625,
0.171875,0.1875,0.1953125,0.203125,0.21875,0.25,0.28125,0.3125,0.328125,
0.34375,0.359375,0.3671875,0.375,0.3828125,0.390625,0.40625,0.4375,0.46875,
0.484375,0.5,0.53125,0.546875,0.5625,0.59375,0.625,0.640625,0.65625,0.671875,
0.6875,0.71875,0.75,0.78125,0.8125,0.84375,0.875,0.90625,0.9375,0.96875,
1.),.UNSPECIFIED.);
#2003=B_SPLINE_CURVE_WITH_KNOTS('',3,(#7161,#7162,#7163,#7164,#7165,#7166,
#7167,#7168,#7169,#7170,#7171,#7172,#7173,#7174,#7175,#7176,#7177,#7178,
#7179,#7180,#7181,#7182,#7183,#7184,#7185,#7186,#7187,#7188,#7189,#7190,
#7191,#7192,#7193,#7194,#7195,#7196,#7197,#7198),.UNSPECIFIED.,.F.,.F.,
(4,1,1,1,1,1,1,1,1,1,1,1,1,1,1,1,1,1,1,1,1,1,1,1,1,1,1,1,1,1,1,1,1,1,1,
4),(0.,0.03125,0.0625,0.09375,0.109375,0.125,0.15625,0.1875,0.21875,0.25,
0.28125,0.3125,0.34375,0.375,0.40625,0.421875,0.4375,0.453125,0.46875,0.484375,
0.5,0.515625,0.53125,0.5625,0.625,0.65625,0.6875,0.71875,0.75,0.78125,0.796875,
0.8125,0.84375,0.875,0.9375,1.),.UNSPECIFIED.);
#2004=B_SPLINE_CURVE_WITH_KNOTS('',3,(#7201,#7202,#7203,#7204),
 .UNSPECIFIED.,.F.,.F.,(4,4),(0.0651701400386744,0.110387183899761),
 .UNSPECIFIED.);
#2005=B_SPLINE_CURVE_WITH_KNOTS('',3,(#7209,#7210,#7211,#7212),
 .UNSPECIFIED.,.F.,.F.,(4,4),(0.0651701400386744,0.110387183899761),
 .UNSPECIFIED.);
#2006=B_SPLINE_CURVE_WITH_KNOTS('',3,(#7216,#7217,#7218,#7219),
 .UNSPECIFIED.,.F.,.F.,(4,4),(0.,0.0651701400386744),.UNSPECIFIED.);
#2007=B_SPLINE_CURVE_WITH_KNOTS('',3,(#7223,#7224,#7225,#7226),
 .UNSPECIFIED.,.F.,.F.,(4,4),(0.,0.0651701400386744),.UNSPECIFIED.);
#2008=B_SPLINE_CURVE_WITH_KNOTS('',3,(#7321,#7322,#7323,#7324,#7325,#7326,
#7327,#7328,#7329,#7330,#7331,#7332,#7333,#7334,#7335,#7336,#7337,#7338,
#7339,#7340,#7341,#7342,#7343,#7344,#7345,#7346,#7347,#7348,#7349,#7350,
#7351,#7352,#7353,#7354,#7355,#7356,#7357,#7358,#7359,#7360,#7361,#7362,
#7363,#7364,#7365,#7366,#7367,#7368,#7369),.UNSPECIFIED.,.F.,.F.,(4,1,1,
1,1,1,1,1,1,1,1,1,1,1,1,1,1,1,1,1,1,1,1,1,1,1,1,1,1,1,1,1,1,1,1,1,1,1,1,
1,1,1,1,1,1,1,4),(0.,0.125,0.1875,0.25,0.3125,0.34375,0.375,0.40625,0.421875,
0.4375,0.453125,0.46875,0.5,0.53125,0.5625,0.59375,0.625,0.640625,0.65625,
0.6640625,0.671875,0.6875,0.703125,0.71875,0.7265625,0.73046875,0.732421875,
0.734375,0.736328125,0.73828125,0.7421875,0.75,0.765625,0.78125,0.8125,
0.84375,0.8515625,0.859375,0.875,0.890625,0.8984375,0.90625,0.921875,0.9375,
0.953125,0.96875,1.),.UNSPECIFIED.);
#2009=B_SPLINE_CURVE_WITH_KNOTS('',3,(#7370,#7371,#7372,#7373,#7374,#7375,
#7376,#7377,#7378,#7379,#7380,#7381,#7382,#7383,#7384,#7385,#7386,#7387,
#7388,#7389,#7390,#7391,#7392,#7393,#7394,#7395,#7396,#7397,#7398,#7399,
#7400,#7401,#7402,#7403,#7404,#7405,#7406,#7407,#7408,#7409,#7410,#7411,
#7412,#7413,#7414,#7415,#7416,#7417,#7418,#7419,#7420),.UNSPECIFIED.,.F.,
 .F.,(4,1,1,1,1,1,1,1,1,1,1,1,1,1,1,1,1,1,1,1,1,1,1,1,1,1,1,1,1,1,1,1,1,
1,1,1,1,1,1,1,1,1,1,1,1,1,1,1,4),(0.,0.03125,0.046875,0.0625,0.078125,0.09375,
0.109375,0.125,0.140625,0.15625,0.171875,0.1875,0.203125,0.21875,0.234375,
0.25,0.2578125,0.26171875,0.263671875,0.265625,0.267578125,0.26953125,0.2734375,
0.28125,0.296875,0.3125,0.3203125,0.328125,0.34375,0.359375,0.375,0.40625,
0.4375,0.46875,0.5,0.53125,0.546875,0.5625,0.578125,0.59375,0.625,0.65625,
0.6875,0.71875,0.75,0.8125,0.875,0.9375,1.),.UNSPECIFIED.);
#2010=B_SPLINE_CURVE_WITH_KNOTS('',3,(#7423,#7424,#7425,#7426),
 .UNSPECIFIED.,.F.,.F.,(4,4),(0.,1.),.UNSPECIFIED.);
#2011=B_SPLINE_CURVE_WITH_KNOTS('',3,(#7429,#7430,#7431,#7432),
 .UNSPECIFIED.,.F.,.F.,(4,4),(0.,1.),.UNSPECIFIED.);
#2012=B_SPLINE_CURVE_WITH_KNOTS('',3,(#7434,#7435,#7436,#7437),
 .UNSPECIFIED.,.F.,.F.,(4,4),(0.,1.),.UNSPECIFIED.);
#2013=B_SPLINE_CURVE_WITH_KNOTS('',3,(#7439,#7440,#7441,#7442),
 .UNSPECIFIED.,.F.,.F.,(4,4),(0.,1.),.UNSPECIFIED.);
#2014=B_SPLINE_CURVE_WITH_KNOTS('',3,(#7499,#7500,#7501,#7502,#7503,#7504,
#7505,#7506,#7507,#7508,#7509,#7510,#7511,#7512,#7513,#7514,#7515,#7516,
#7517,#7518,#7519,#7520,#7521,#7522,#7523,#7524,#7525,#7526,#7527,#7528,
#7529,#7530,#7531,#7532,#7533,#7534,#7535,#7536,#7537,#7538,#7539,#7540,
#7541),.UNSPECIFIED.,.F.,.F.,(4,1,1,1,1,1,1,1,1,1,1,1,1,1,1,1,1,1,1,1,1,
1,1,1,1,1,1,1,1,1,1,1,1,1,1,1,1,1,1,1,4),(0.,0.0625,0.125,0.15625,0.1875,
0.1953125,0.203125,0.21875,0.25,0.28125,0.3125,0.328125,0.34375,0.359375,
0.3671875,0.375,0.3828125,0.390625,0.40625,0.4375,0.46875,0.5,0.53125,0.546875,
0.5625,0.59375,0.625,0.65625,0.671875,0.6875,0.71875,0.75,0.78125,0.8125,
0.84375,0.875,0.90625,0.9375,0.96875,0.984375,1.),.UNSPECIFIED.);
#2015=B_SPLINE_CURVE_WITH_KNOTS('',3,(#7542,#7543,#7544,#7545,#7546,#7547,
#7548,#7549,#7550,#7551,#7552,#7553,#7554,#7555,#7556,#7557,#7558,#7559,
#7560,#7561,#7562,#7563,#7564,#7565,#7566,#7567,#7568,#7569,#7570,#7571,
#7572,#7573,#7574,#7575,#7576,#7577,#7578,#7579,#7580),.UNSPECIFIED.,.F.,
 .F.,(4,1,1,1,1,1,1,1,1,1,1,1,1,1,1,1,1,1,1,1,1,1,1,1,1,1,1,1,1,1,1,1,1,
1,1,1,4),(0.,0.03125,0.0625,0.09375,0.109375,0.125,0.15625,0.1875,0.21875,
0.25,0.28125,0.3125,0.34375,0.375,0.40625,0.421875,0.4375,0.453125,0.46875,
0.484375,0.5,0.515625,0.53125,0.5625,0.625,0.65625,0.6875,0.71875,0.75,
0.78125,0.796875,0.8125,0.828125,0.84375,0.875,0.9375,1.),.UNSPECIFIED.);
#2016=B_SPLINE_CURVE_WITH_KNOTS('',3,(#7602,#7603,#7604,#7605,#7606,#7607,
#7608,#7609,#7610,#7611,#7612),.UNSPECIFIED.,.T.,.F.,(1,1,1,1,1,1,1,1,1,
1,1,1,1,1,1),(-0.3815789453125,-0.256578947265625,-0.131578947363281,0.,
0.11875,0.2434375,0.368421875,0.49342109375,0.6184210546875,0.743421052734375,
0.868421052636719,1.,1.11875,1.2434375,1.368421875),.UNSPECIFIED.);
#2017=B_SPLINE_CURVE_WITH_KNOTS('',3,(#7634,#7635,#7636,#7637,#7638,#7639,
#7640,#7641,#7642,#7643),.UNSPECIFIED.,.F.,.F.,(4,1,1,1,1,1,1,4),(3.40027642637203E-6,
0.125002975241873,0.25000255020732,0.500001700138213,0.62500127510366,0.750000850069107,
0.875000425034553,1.),.UNSPECIFIED.);
#2018=B_SPLINE_CURVE_WITH_KNOTS('',3,(#7646,#7647,#7648,#7649,#7650,#7651,
#7652,#7653,#7654),.UNSPECIFIED.,.F.,.F.,(4,1,1,1,1,1,4),(0.,0.249996852617848,
0.374995278926771,0.499993705235695,0.749990557853543,0.874988984162467,
0.999987410471391),.UNSPECIFIED.);
#2019=B_SPLINE_CURVE_WITH_KNOTS('',3,(#7656,#7657,#7658,#7659,#7660,#7661,
#7662,#7663,#7664,#7665,#7666,#7667),.UNSPECIFIED.,.F.,.F.,(4,1,1,1,1,1,
1,1,1,4),(-8.53263876814761E-8,0.0001641485308641,0.000328382388115882,
0.000410499316741773,0.000492616245367663,0.000574733173993554,0.000656850102619445,
0.000821083959871227,0.000985317817123008,0.00131378553162657),
 .UNSPECIFIED.);
#2020=B_SPLINE_CURVE_WITH_KNOTS('',3,(#7669,#7670,#7671,#7672,#7673,#7674),
 .UNSPECIFIED.,.F.,.F.,(4,1,1,4),(8.24238437858886E-6,0.000338216714238978,
0.000668191044099366,0.00132813970382014),.UNSPECIFIED.);
#2021=B_SPLINE_CURVE_WITH_KNOTS('',3,(#7711,#7712,#7713,#7714,#7715,#7716,
#7717,#7718,#7719,#7720,#7721,#7722,#7723,#7724,#7725,#7726,#7727,#7728),
 .UNSPECIFIED.,.F.,.F.,(4,1,1,1,1,1,1,1,1,1,1,1,1,1,1,4),(5.8009485740239E-7,
0.125000215122867,0.187500032636872,0.249999850150877,0.312499667664882,
0.343749576421885,0.374999485178887,0.40624939393589,0.437499302692892,
0.499999120206898,0.562498937720903,0.624998755234908,0.749998390262918,
0.812498207776923,0.874998025290928,0.999997660318938),.UNSPECIFIED.);
#2022=B_SPLINE_CURVE_WITH_KNOTS('',3,(#7731,#7732,#7733,#7734,#7735,#7736,
#7737,#7738,#7739,#7740,#7741,#7742,#7743,#7744,#7745,#7746,#7747,#7748,
#7749),.UNSPECIFIED.,.F.,.F.,(4,1,1,1,1,1,1,1,1,1,1,1,1,1,1,1,4),(0.000130210432031551,
0.125103939188554,0.187590803566815,0.250077667945076,0.375051396701598,
0.437538261079859,0.500025125458121,0.562511989836382,0.593755422025512,
0.624998854214643,0.656242286403774,0.687485718592904,0.749972582971165,
0.812459447349426,0.874946311727687,0.937433176105949,0.99992004048421),
 .UNSPECIFIED.);
#2023=B_SPLINE_CURVE_WITH_KNOTS('',3,(#7751,#7752,#7753,#7754,#7755,#7756,
#7757,#7758,#7759,#7760),.UNSPECIFIED.,.F.,.F.,(4,1,1,1,1,1,1,4),(8.98563856825997E-8,
0.000230589799690344,0.000461089742995005,0.000691589686299667,0.000922089629604328,
0.00138308951621365,0.00161358945951831,0.00184408940282297),
 .UNSPECIFIED.);
#2024=B_SPLINE_CURVE_WITH_KNOTS('',3,(#7762,#7763,#7764,#7765,#7766,#7767,
#7768,#7769,#7770,#7771,#7772,#7773,#7774,#7775,#7776,#7777),
 .UNSPECIFIED.,.F.,.F.,(4,1,1,1,1,1,1,1,1,1,1,1,1,4),(-1.25295351430645E-7,
0.000114333713610117,0.000228792722571664,0.000343251731533212,0.000457710740494759,
0.000686628758417854,0.000915546776340949,0.00114446479426404,0.00125892380322559,
0.00137338281218714,0.00148784182114869,0.00160230083011023,0.00171675983907178,
0.00183121884803333),.UNSPECIFIED.);
#2025=B_SPLINE_CURVE_WITH_KNOTS('',3,(#7796,#7797,#7798,#7799,#7800,#7801,
#7802,#7803,#7804),.UNSPECIFIED.,.T.,.F.,(1,1,1,1,1,1,1,1,1,1,1,1,1),(-0.41303214101949,
-0.192273378750169,-0.0950665637823894,0.,0.192744219273391,0.366209096711189,
0.58696785898051,0.807726621249831,0.904933436217611,1.,1.19274421927339,
1.36620909671119,1.58696785898051),.UNSPECIFIED.);
#2026=B_SPLINE_CURVE_WITH_KNOTS('',3,(#7842,#7843,#7844,#7845,#7846,#7847,
#7848,#7849,#7850,#7851,#7852,#7853,#7854,#7855,#7856,#7857,#7858,#7859,
#7860),.UNSPECIFIED.,.F.,.F.,(4,1,1,1,1,1,1,1,1,1,1,1,1,1,1,1,4),(0.000135514916225155,
0.125118568904517,0.187610095898662,0.250101622892808,0.375084676881099,
0.437576203875245,0.500067730869391,0.562559257863536,0.625050784857682,
0.656296548354755,0.687542311851828,0.718788075348901,0.750033838845974,
0.812525365840119,0.875016892834265,0.937508419828411,0.999999946822556),
 .UNSPECIFIED.);
#2027=B_SPLINE_CURVE_WITH_KNOTS('',3,(#7863,#7864,#7865,#7866,#7867,#7868,
#7869,#7870,#7871,#7872,#7873,#7874,#7875,#7876,#7877,#7878,#7879,#7880),
 .UNSPECIFIED.,.F.,.F.,(4,1,1,1,1,1,1,1,1,1,1,1,1,1,1,4),(2.10370177906929E-7,
0.0624881401361625,0.124976069902147,0.187463999668132,0.249951929434116,
0.281195894317108,0.312439859200101,0.343683824083093,0.374927788966085,
0.43741571873207,0.499903648498054,0.562391578264039,0.624879508030023,
0.749855367561992,0.874831227093962,0.999807086625931),.UNSPECIFIED.);
#2028=B_SPLINE_CURVE_WITH_KNOTS('',3,(#7899,#7900,#7901,#7902,#7903,#7904,
#7905,#7906,#7907),.UNSPECIFIED.,.F.,.F.,(4,1,1,1,1,1,4),(5.93267923255116E-8,
0.125000051910943,0.250000044495094,0.500000029663396,0.750000014831698,
0.875000007415849,1.),.UNSPECIFIED.);
#2029=B_SPLINE_CURVE_WITH_KNOTS('',3,(#7908,#7909,#7910,#7911,#7912,#7913,
#7914,#7915,#7916),.UNSPECIFIED.,.F.,.F.,(4,1,1,1,1,1,4),(0.,0.249999933657897,
0.374999900486846,0.499999867315794,0.749999800973691,0.87499976780264,
0.999999734631588),.UNSPECIFIED.);
#2030=B_SPLINE_CURVE_WITH_KNOTS('',3,(#7919,#7920,#7921,#7922),
 .UNSPECIFIED.,.F.,.F.,(4,4),(0.,0.218253792432256),.UNSPECIFIED.);
#2031=B_SPLINE_CURVE_WITH_KNOTS('',3,(#7927,#7928,#7929,#7930),
 .UNSPECIFIED.,.F.,.F.,(4,4),(0.,0.218253792432256),.UNSPECIFIED.);
#2032=B_SPLINE_CURVE_WITH_KNOTS('',3,(#7985,#7986,#7987,#7988,#7989,#7990,
#7991,#7992,#7993,#7994,#7995,#7996,#7997,#7998,#7999,#8000,#8001,#8002,
#8003,#8004,#8005,#8006,#8007,#8008,#8009,#8010,#8011,#8012,#8013,#8014,
#8015,#8016,#8017),.UNSPECIFIED.,.F.,.F.,(4,1,1,1,1,1,1,1,1,1,1,1,1,1,1,
1,1,1,1,1,1,1,1,1,1,1,1,1,1,1,4),(0.,0.0625,0.078125,0.09375,0.125,0.15625,
0.1875,0.21875,0.234375,0.25,0.28125,0.3125,0.34375,0.375,0.40625,0.4375,
0.46875,0.5,0.5625,0.625,0.6875,0.71875,0.75,0.78125,0.8125,0.828125,0.84375,
0.859375,0.875,0.9375,1.),.UNSPECIFIED.);
#2033=B_SPLINE_CURVE_WITH_KNOTS('',3,(#8018,#8019,#8020,#8021,#8022,#8023,
#8024,#8025,#8026,#8027,#8028,#8029,#8030,#8031,#8032,#8033,#8034,#8035,
#8036,#8037,#8038,#8039,#8040,#8041,#8042,#8043,#8044,#8045),
 .UNSPECIFIED.,.F.,.F.,(4,1,1,1,1,1,1,1,1,1,1,1,1,1,1,1,1,1,1,1,1,1,1,1,
1,4),(0.,0.0625,0.09375,0.125,0.15625,0.1875,0.21875,0.25,0.28125,0.3125,
0.375,0.4375,0.5,0.53125,0.5625,0.59375,0.625,0.65625,0.6875,0.75,0.8125,
0.84375,0.875,0.90625,0.9375,1.),.UNSPECIFIED.);
#2034=B_SPLINE_CURVE_WITH_KNOTS('',3,(#8048,#8049,#8050,#8051),
 .UNSPECIFIED.,.F.,.F.,(4,4),(0.,0.218243528990697),.UNSPECIFIED.);
#2035=B_SPLINE_CURVE_WITH_KNOTS('',3,(#8056,#8057,#8058,#8059),
 .UNSPECIFIED.,.F.,.F.,(4,4),(0.,0.218243528990697),.UNSPECIFIED.);
#2036=B_SPLINE_CURVE_WITH_KNOTS('',3,(#8112,#8113,#8114,#8115,#8116,#8117,
#8118,#8119,#8120,#8121,#8122,#8123,#8124,#8125,#8126,#8127,#8128,#8129,
#8130,#8131,#8132,#8133,#8134,#8135,#8136,#8137,#8138,#8139,#8140,#8141,
#8142,#8143,#8144,#8145),.UNSPECIFIED.,.F.,.F.,(4,1,1,1,1,1,1,1,1,1,1,1,
1,1,1,1,1,1,1,1,1,1,1,1,1,1,1,1,1,1,1,4),(0.,0.0625,0.078125,0.09375,0.125,
0.15625,0.1875,0.21875,0.234375,0.25,0.28125,0.3125,0.34375,0.375,0.40625,
0.4375,0.46875,0.5,0.5625,0.625,0.6875,0.71875,0.75,0.78125,0.796875,0.8125,
0.828125,0.84375,0.859375,0.875,0.9375,1.),.UNSPECIFIED.);
#2037=B_SPLINE_CURVE_WITH_KNOTS('',3,(#8146,#8147,#8148,#8149,#8150,#8151,
#8152,#8153,#8154,#8155,#8156,#8157,#8158,#8159,#8160,#8161,#8162,#8163,
#8164,#8165,#8166,#8167,#8168,#8169,#8170,#8171,#8172,#8173,#8174),
 .UNSPECIFIED.,.F.,.F.,(4,1,1,1,1,1,1,1,1,1,1,1,1,1,1,1,1,1,1,1,1,1,1,1,
1,1,4),(0.,0.0625,0.09375,0.125,0.15625,0.1875,0.21875,0.25,0.28125,0.3125,
0.375,0.4375,0.5,0.53125,0.5625,0.59375,0.625,0.65625,0.6875,0.71875,0.75,
0.8125,0.84375,0.875,0.90625,0.9375,1.),.UNSPECIFIED.);
#2038=B_SPLINE_CURVE_WITH_KNOTS('',3,(#8177,#8178,#8179,#8180),
 .UNSPECIFIED.,.F.,.F.,(4,4),(0.0653045760859112,0.110521856132836),
 .UNSPECIFIED.);
#2039=B_SPLINE_CURVE_WITH_KNOTS('',3,(#8185,#8186,#8187,#8188),
 .UNSPECIFIED.,.F.,.F.,(4,4),(0.0653045760859112,0.110521856132836),
 .UNSPECIFIED.);
#2040=B_SPLINE_CURVE_WITH_KNOTS('',3,(#8192,#8193,#8194,#8195),
 .UNSPECIFIED.,.F.,.F.,(4,4),(0.,0.0653045760859112),.UNSPECIFIED.);
#2041=B_SPLINE_CURVE_WITH_KNOTS('',3,(#8199,#8200,#8201,#8202),
 .UNSPECIFIED.,.F.,.F.,(4,4),(0.,0.0653045760859112),.UNSPECIFIED.);
#2042=B_SPLINE_CURVE_WITH_KNOTS('',3,(#8295,#8296,#8297,#8298,#8299,#8300,
#8301,#8302,#8303,#8304,#8305,#8306,#8307,#8308,#8309,#8310,#8311,#8312,
#8313,#8314,#8315,#8316,#8317,#8318,#8319,#8320,#8321,#8322,#8323,#8324,
#8325,#8326,#8327,#8328,#8329,#8330,#8331,#8332,#8333,#8334,#8335,#8336,
#8337,#8338,#8339,#8340,#8341,#8342),.UNSPECIFIED.,.F.,.F.,(4,1,1,1,1,1,
1,1,1,1,1,1,1,1,1,1,1,1,1,1,1,1,1,1,1,1,1,1,1,1,1,1,1,1,1,1,1,1,1,1,1,1,
1,1,1,4),(0.,0.125,0.1875,0.25,0.3125,0.34375,0.375,0.40625,0.421875,0.4375,
0.453125,0.46875,0.5,0.53125,0.5625,0.59375,0.625,0.640625,0.65625,0.6640625,
0.671875,0.6875,0.703125,0.71875,0.7265625,0.73046875,0.732421875,0.734375,
0.73828125,0.7421875,0.75,0.765625,0.78125,0.8125,0.84375,0.8515625,0.859375,
0.875,0.890625,0.8984375,0.90625,0.921875,0.9375,0.953125,0.96875,1.),
 .UNSPECIFIED.);
#2043=B_SPLINE_CURVE_WITH_KNOTS('',3,(#8343,#8344,#8345,#8346,#8347,#8348,
#8349,#8350,#8351,#8352,#8353,#8354,#8355,#8356,#8357,#8358,#8359,#8360,
#8361,#8362,#8363,#8364,#8365,#8366,#8367,#8368,#8369,#8370,#8371,#8372,
#8373,#8374,#8375,#8376,#8377,#8378,#8379,#8380,#8381,#8382,#8383,#8384,
#8385,#8386,#8387,#8388,#8389,#8390,#8391,#8392,#8393,#8394,#8395,#8396),
 .UNSPECIFIED.,.F.,.F.,(4,1,1,1,1,1,1,1,1,1,1,1,1,1,1,1,1,1,1,1,1,1,1,1,
1,1,1,1,1,1,1,1,1,1,1,1,1,1,1,1,1,1,1,1,1,1,1,1,1,1,1,4),(0.,0.03125,0.046875,
0.0625,0.078125,0.09375,0.109375,0.125,0.140625,0.15625,0.171875,0.1875,
0.203125,0.21875,0.234375,0.25,0.2578125,0.26171875,0.263671875,0.2646484375,
0.265625,0.2666015625,0.267578125,0.26953125,0.2734375,0.28125,0.296875,
0.3125,0.3203125,0.328125,0.34375,0.359375,0.375,0.40625,0.4375,0.46875,
0.5,0.53125,0.546875,0.5625,0.578125,0.59375,0.609375,0.625,0.65625,0.6875,
0.71875,0.75,0.8125,0.875,0.9375,1.),.UNSPECIFIED.);
#2044=B_SPLINE_CURVE_WITH_KNOTS('',3,(#8399,#8400,#8401,#8402),
 .UNSPECIFIED.,.F.,.F.,(4,4),(0.,0.218260596690763),.UNSPECIFIED.);
#2045=B_SPLINE_CURVE_WITH_KNOTS('',3,(#8407,#8408,#8409,#8410),
 .UNSPECIFIED.,.F.,.F.,(4,4),(0.,0.218260596690763),.UNSPECIFIED.);
#2046=B_SPLINE_CURVE_WITH_KNOTS('',3,(#8465,#8466,#8467,#8468,#8469,#8470,
#8471,#8472,#8473,#8474,#8475,#8476,#8477,#8478,#8479,#8480,#8481,#8482,
#8483,#8484,#8485,#8486,#8487,#8488,#8489,#8490,#8491,#8492,#8493,#8494,
#8495,#8496,#8497),.UNSPECIFIED.,.F.,.F.,(4,1,1,1,1,1,1,1,1,1,1,1,1,1,1,
1,1,1,1,1,1,1,1,1,1,1,1,1,1,1,4),(0.,0.0625,0.078125,0.09375,0.125,0.15625,
0.1875,0.21875,0.234375,0.25,0.28125,0.3125,0.34375,0.375,0.40625,0.4375,
0.46875,0.5,0.53125,0.5625,0.59375,0.625,0.6875,0.75,0.8125,0.828125,0.84375,
0.859375,0.875,0.9375,1.),.UNSPECIFIED.);
#2047=B_SPLINE_CURVE_WITH_KNOTS('',3,(#8498,#8499,#8500,#8501,#8502,#8503,
#8504,#8505,#8506,#8507,#8508,#8509,#8510,#8511,#8512,#8513,#8514,#8515,
#8516,#8517,#8518,#8519,#8520,#8521,#8522,#8523,#8524,#8525),
 .UNSPECIFIED.,.F.,.F.,(4,1,1,1,1,1,1,1,1,1,1,1,1,1,1,1,1,1,1,1,1,1,1,1,
1,4),(0.,0.0625,0.09375,0.125,0.15625,0.1875,0.21875,0.25,0.28125,0.3125,
0.375,0.4375,0.5,0.53125,0.5625,0.59375,0.625,0.65625,0.6875,0.75,0.8125,
0.84375,0.875,0.90625,0.9375,1.),.UNSPECIFIED.);
#2048=B_SPLINE_CURVE_WITH_KNOTS('',3,(#8579,#8580,#8581,#8582,#8583,#8584,
#8585,#8586,#8587,#8588,#8589,#8590,#8591,#8592,#8593,#8594,#8595,#8596,
#8597,#8598,#8599,#8600,#8601,#8602,#8603,#8604,#8605,#8606,#8607,#8608,
#8609),.UNSPECIFIED.,.F.,.F.,(4,1,1,1,1,1,1,1,1,1,1,1,1,1,1,1,1,1,1,1,1,
1,1,1,1,1,1,1,4),(0.,0.124999990357888,0.15624998794736,0.171874986742096,
0.187499985536832,0.249999980715776,0.31249997589472,0.343749973484192,
0.359374972278928,0.374999971073664,0.3906249698684,0.406249968663137,0.437499966252609,
0.453124965047345,0.468749963842081,0.484374962636817,0.499999961431553,
0.531249959021025,0.562499956610497,0.593749954199969,0.624999951789441,
0.656249949378913,0.687499946968385,0.718749944557857,0.749999942147329,
0.781249939736801,0.812499937326273,0.874999932505217,0.999999922863105),
 .UNSPECIFIED.);
#2049=B_SPLINE_CURVE_WITH_KNOTS('',3,(#8614,#8615,#8616,#8617,#8618,#8619,
#8620,#8621,#8622,#8623,#8624,#8625,#8626,#8627,#8628,#8629,#8630,#8631,
#8632,#8633,#8634,#8635,#8636,#8637,#8638,#8639),.UNSPECIFIED.,.F.,.F.,
(4,1,1,1,1,1,1,1,1,1,1,1,1,1,1,1,1,1,1,1,1,1,1,4),(0.,0.125,0.1875,0.21875,
0.25,0.28125,0.3125,0.34375,0.375,0.40625,0.4375,0.5,0.53125,0.5625,0.625,
0.65625,0.6875,0.75,0.8125,0.84375,0.875,0.90625,0.9375,1.),
 .UNSPECIFIED.);
#2050=B_SPLINE_CURVE_WITH_KNOTS('',3,(#8660,#8661,#8662,#8663,#8664,#8665,
#8666,#8667,#8668),.UNSPECIFIED.,.F.,.F.,(4,1,1,1,1,1,4),(3.16584309533839E-7,
0.249918589167128,0.499836861749947,0.624795998041356,0.749755134332766,
0.874714270624175,0.999673406915584),.UNSPECIFIED.);
#2051=B_SPLINE_CURVE_WITH_KNOTS('',3,(#8669,#8670,#8671,#8672,#8673,#8674,
#8675,#8676,#8677,#8678,#8679),.UNSPECIFIED.,.F.,.F.,(4,1,1,1,1,1,1,1,4),
(0.,0.125,0.25,0.375,0.4375,0.5,0.625,0.75,1.),.UNSPECIFIED.);
#2052=B_SPLINE_CURVE_WITH_KNOTS('',3,(#8682,#8683,#8684,#8685),
 .UNSPECIFIED.,.F.,.F.,(4,4),(0.,0.218241841968842),.UNSPECIFIED.);
#2053=B_SPLINE_CURVE_WITH_KNOTS('',3,(#8690,#8691,#8692,#8693),
 .UNSPECIFIED.,.F.,.F.,(4,4),(0.,0.218241841968842),.UNSPECIFIED.);
#2054=B_SPLINE_CURVE_WITH_KNOTS('',3,(#8748,#8749,#8750,#8751,#8752,#8753,
#8754,#8755,#8756,#8757,#8758,#8759,#8760,#8761,#8762,#8763,#8764,#8765,
#8766,#8767,#8768,#8769,#8770,#8771,#8772,#8773,#8774,#8775,#8776,#8777,
#8778,#8779),.UNSPECIFIED.,.F.,.F.,(4,1,1,1,1,1,1,1,1,1,1,1,1,1,1,1,1,1,
1,1,1,1,1,1,1,1,1,1,1,4),(0.,0.0625,0.078125,0.09375,0.125,0.15625,0.1875,
0.21875,0.234375,0.25,0.28125,0.3125,0.375,0.40625,0.4375,0.46875,0.5,0.53125,
0.5625,0.59375,0.625,0.6875,0.75,0.8125,0.828125,0.84375,0.859375,0.875,
0.9375,1.),.UNSPECIFIED.);
#2055=B_SPLINE_CURVE_WITH_KNOTS('',3,(#8780,#8781,#8782,#8783,#8784,#8785,
#8786,#8787,#8788,#8789,#8790,#8791,#8792,#8793,#8794,#8795,#8796,#8797,
#8798,#8799,#8800,#8801,#8802,#8803,#8804,#8805,#8806,#8807),
 .UNSPECIFIED.,.F.,.F.,(4,1,1,1,1,1,1,1,1,1,1,1,1,1,1,1,1,1,1,1,1,1,1,1,
1,4),(0.,0.0625,0.09375,0.125,0.15625,0.1875,0.21875,0.25,0.28125,0.3125,
0.375,0.4375,0.5,0.53125,0.5625,0.59375,0.625,0.65625,0.6875,0.75,0.8125,
0.84375,0.875,0.90625,0.9375,1.),.UNSPECIFIED.);
#2056=B_SPLINE_CURVE_WITH_KNOTS('',3,(#8837,#8838,#8839,#8840,#8841,#8842,
#8843,#8844,#8845,#8846,#8847,#8848,#8849,#8850,#8851,#8852,#8853),
 .UNSPECIFIED.,.F.,.F.,(4,1,1,1,1,1,1,1,1,1,1,1,1,1,4),(2.13414625062633E-7,
0.125000164413351,0.187500139912714,0.250000115412077,0.31250009091144,
0.375000066410803,0.437500041910166,0.500000017409528,0.562499992908891,
0.624999968408254,0.687499943907617,0.74999991940698,0.812499894906343,
0.874999870405706,0.999999821404432),.UNSPECIFIED.);
#2057=B_SPLINE_CURVE_WITH_KNOTS('',3,(#8858,#8859,#8860,#8861,#8862,#8863,
#8864,#8865,#8866,#8867,#8868,#8869,#8870,#8871,#8872,#8873,#8874),
 .UNSPECIFIED.,.F.,.F.,(4,1,1,1,1,1,1,1,1,1,1,1,1,1,4),(1.78844532805381E-7,
0.125000129757018,0.187500105213261,0.250000080669504,0.312500056125747,
0.37500003158199,0.437500007038232,0.499999982494475,0.562499957950718,
0.624999933406961,0.687499908863203,0.749999884319446,0.812499859775689,
0.874999835231932,0.999999786144417),.UNSPECIFIED.);
#2058=B_SPLINE_CURVE_WITH_KNOTS('',3,(#8921,#8922,#8923,#8924,#8925,#8926,
#8927,#8928,#8929,#8930,#8931,#8932,#8933,#8934,#8935,#8936,#8937,#8938,
#8939,#8940,#8941,#8942,#8943,#8944,#8945,#8946,#8947,#8948,#8949,#8950,
#8951,#8952,#8953),.UNSPECIFIED.,.F.,.F.,(4,1,1,1,1,1,1,1,1,1,1,1,1,1,1,
1,1,1,1,1,1,1,1,1,1,1,1,1,1,1,4),(0.,0.124999991948693,0.187499987923039,
0.218749985910212,0.249999983897385,0.281249981884559,0.312499979871732,
0.343749977858905,0.374999975846078,0.437499971820424,0.499999967794771,
0.562499963769117,0.59374996175629,0.624999959743463,0.64062495873705,0.656249957730637,
0.68749995571781,0.718749953704983,0.749999951692156,0.765624950685743,
0.781249949679329,0.796874948672916,0.812499947666502,0.828124946660089,
0.843749945653676,0.859374944647262,0.874999943640849,0.890624942634435,
0.906249941628022,0.937499939615195,0.999999935589541),.UNSPECIFIED.);
#2059=B_SPLINE_CURVE_WITH_KNOTS('',3,(#8955,#8956,#8957,#8958),
 .UNSPECIFIED.,.F.,.F.,(4,4),(0.,1.),.UNSPECIFIED.);
#2060=B_SPLINE_CURVE_WITH_KNOTS('',3,(#8960,#8961,#8962,#8963,#8964,#8965,
#8966,#8967,#8968,#8969,#8970,#8971,#8972,#8973,#8974,#8975,#8976,#8977,
#8978,#8979,#8980,#8981,#8982,#8983,#8984,#8985,#8986,#8987,#8988,#8989,
#8990,#8991,#8992),.UNSPECIFIED.,.F.,.F.,(4,1,1,1,1,1,1,1,1,1,1,1,1,1,1,
1,1,1,1,1,1,1,1,1,1,1,1,1,1,1,4),(6.46099082252094E-8,0.062500060571789,
0.0937500585527293,0.1093750575432,0.12500005653367,0.14062505552414,0.15625005451461,
0.17187505350508,0.18750005249555,0.203125051486021,0.218750050476491,0.234375049466961,
0.250000048457431,0.281250046438372,0.312500044419312,0.343750042400252,
0.359375041390723,0.375000040381193,0.406250038362133,0.437500036343073,
0.500000032304954,0.562500028266835,0.625000024228716,0.656250022209656,
0.687500020190596,0.718750018171537,0.750000016152477,0.781250014133418,
0.812500012114358,0.875000008076239,1.),.UNSPECIFIED.);
#2061=B_SPLINE_CURVE_WITH_KNOTS('',3,(#8994,#8995,#8996,#8997,#8998),
 .UNSPECIFIED.,.F.,.F.,(4,1,4),(0.,0.5,1.),.UNSPECIFIED.);
#2062=B_SPLINE_CURVE_WITH_KNOTS('',3,(#9000,#9001,#9002,#9003,#9004,#9005,
#9006,#9007,#9008),.UNSPECIFIED.,.F.,.F.,(4,1,1,1,1,1,4),(0.,0.25,0.375,
0.5,0.625,0.75,1.),.UNSPECIFIED.);
#2063=B_SPLINE_CURVE_WITH_KNOTS('',3,(#9010,#9011,#9012,#9013,#9014,#9015,
#9016,#9017,#9018,#9019,#9020,#9021,#9022),.UNSPECIFIED.,.F.,.F.,(4,1,1,
1,1,1,1,1,1,1,4),(0.5,0.531249958671578,0.562499917343156,0.624999834686312,
0.65624979335789,0.687499752029468,0.718749710701046,0.749999669372624,
0.812499586715779,0.874999504058935,0.999999338745247),.UNSPECIFIED.);
#2064=B_SPLINE_CURVE_WITH_KNOTS('',3,(#9024,#9025,#9026,#9027,#9028,#9029,
#9030,#9031,#9032,#9033,#9034,#9035),.UNSPECIFIED.,.F.,.F.,(4,1,1,1,1,1,
1,1,1,4),(0.,0.0623140059478327,0.124628011895665,0.186942017843498,0.218099020817414,
0.249256023791331,0.280413026765247,0.311570029739163,0.373884035686996,
0.498512047582661),.UNSPECIFIED.);
#2065=B_SPLINE_CURVE_WITH_KNOTS('',3,(#9062,#9063,#9064,#9065,#9066,#9067,
#9068,#9069,#9070,#9071,#9072,#9073,#9074,#9075,#9076),.UNSPECIFIED.,.F.,
 .F.,(4,1,1,1,1,1,1,1,1,1,1,1,4),(6.77174462528624E-6,0.125005925276547,
0.250005078808469,0.31250465557443,0.375004232340391,0.437503809106352,
0.500003385872313,0.562502962638274,0.625002539404234,0.750001692936156,
0.812501269702117,0.875000846468078,1.),.UNSPECIFIED.);
#2066=B_SPLINE_CURVE_WITH_KNOTS('',3,(#9081,#9082,#9083,#9084,#9085,#9086,
#9087,#9088,#9089,#9090,#9091,#9092),.UNSPECIFIED.,.F.,.F.,(4,1,1,1,1,1,
1,1,1,4),(0.,0.249999500301739,0.374999250452609,0.499999000603479,0.562498875678914,
0.624998750754349,0.687498625829784,0.749998500905218,0.874998251056088,
0.999998001206958),.UNSPECIFIED.);
#2067=B_SPLINE_CURVE_WITH_KNOTS('',3,(#9119,#9120,#9121,#9122,#9123,#9124,
#9125,#9126,#9127,#9128,#9129,#9130,#9131,#9132,#9133,#9134,#9135),
 .UNSPECIFIED.,.F.,.F.,(4,1,1,1,1,1,1,1,1,1,1,1,1,1,4),(0.,0.124999780542328,
0.249999561084656,0.374999341626985,0.437499231898149,0.499999122169313,
0.624998902711641,0.656248847847223,0.687498792982805,0.718748738118387,
0.749998683253969,0.781248628389551,0.812498573525134,0.874998463796298,
0.999998244338626),.UNSPECIFIED.);
#2068=B_SPLINE_CURVE_WITH_KNOTS('',3,(#9139,#9140,#9141,#9142,#9143,#9144,
#9145,#9146,#9147,#9148,#9149,#9150,#9151,#9152,#9153,#9154,#9155,#9156),
 .UNSPECIFIED.,.F.,.F.,(4,1,1,1,1,1,1,1,1,1,1,1,1,1,1,4),(4.48857477537913E-6,
0.125003927502928,0.250003366431082,0.312503085895158,0.375002805359235,
0.437502524823311,0.500002244287388,0.562501963751464,0.593751823483502,
0.625001683215541,0.656251542947579,0.687501402679617,0.750001122143694,
0.81250084160777,0.875000561071847,1.),.UNSPECIFIED.);
#2069=B_SPLINE_CURVE_WITH_KNOTS('',3,(#9158,#9159,#9160,#9161),
 .UNSPECIFIED.,.F.,.F.,(4,4),(0.,0.0894901798674903),.UNSPECIFIED.);
#2070=B_SPLINE_CURVE_WITH_KNOTS('',3,(#9165,#9166,#9167,#9168),
 .UNSPECIFIED.,.F.,.F.,(4,4),(0.,0.0894901798674903),.UNSPECIFIED.);
#2071=B_SPLINE_CURVE_WITH_KNOTS('',3,(#9187,#9188,#9189,#9190,#9191,#9192,
#9193,#9194,#9195,#9196),.UNSPECIFIED.,.F.,.F.,(4,1,1,1,1,1,1,4),(0.,0.125,
0.25,0.375,0.5,0.625,0.75,1.),.UNSPECIFIED.);
#2072=B_SPLINE_CURVE_WITH_KNOTS('',3,(#9197,#9198,#9199,#9200,#9201,#9202,
#9203,#9204,#9205,#9206,#9207),.UNSPECIFIED.,.F.,.F.,(4,1,1,1,1,1,1,1,4),
(0.,0.25,0.375,0.4375,0.5,0.5625,0.625,0.75,1.),.UNSPECIFIED.);
#2073=EDGE_LOOP('',(#512));
#2074=EDGE_LOOP('',(#513));
#2075=EDGE_LOOP('',(#514));
#2076=EDGE_LOOP('',(#515));
#2077=EDGE_LOOP('',(#516));
#2078=EDGE_LOOP('',(#517));
#2079=EDGE_LOOP('',(#518));
#2080=EDGE_LOOP('',(#519));
#2081=EDGE_LOOP('',(#520));
#2082=EDGE_LOOP('',(#521));
#2083=EDGE_LOOP('',(#522));
#2084=EDGE_LOOP('',(#523));
#2085=EDGE_LOOP('',(#524));
#2086=EDGE_LOOP('',(#525));
#2087=EDGE_LOOP('',(#526));
#2088=EDGE_LOOP('',(#527));
#2089=EDGE_LOOP('',(#528));
#2090=EDGE_LOOP('',(#529));
#2091=EDGE_LOOP('',(#530));
#2092=EDGE_LOOP('',(#531));
#2093=EDGE_LOOP('',(#532));
#2094=EDGE_LOOP('',(#533));
#2095=EDGE_LOOP('',(#534));
#2096=EDGE_LOOP('',(#535));
#2097=EDGE_LOOP('',(#536));
#2098=EDGE_LOOP('',(#537));
#2099=EDGE_LOOP('',(#538));
#2100=EDGE_LOOP('',(#539,#540,#541,#542));
#2101=EDGE_LOOP('',(#543,#544,#545,#546));
#2102=EDGE_LOOP('',(#547,#548,#549,#550));
#2103=EDGE_LOOP('',(#551,#552,#553,#554));
#2104=EDGE_LOOP('',(#555,#556,#557,#558));
#2105=EDGE_LOOP('',(#559,#560,#561,#562));
#2106=EDGE_LOOP('',(#563,#564,#565,#566));
#2107=EDGE_LOOP('',(#567,#568,#569,#570));
#2108=EDGE_LOOP('',(#571,#572,#573,#574));
#2109=EDGE_LOOP('',(#575,#576,#577,#578));
#2110=EDGE_LOOP('',(#579,#580,#581,#582));
#2111=EDGE_LOOP('',(#583,#584,#585,#586));
#2112=EDGE_LOOP('',(#587,#588,#589,#590));
#2113=EDGE_LOOP('',(#591,#592,#593,#594,#595,#596,#597,#598,#599,#600,#601,
#602,#603));
#2114=EDGE_LOOP('',(#604,#605,#606,#607));
#2115=EDGE_LOOP('',(#608,#609,#610,#611));
#2116=EDGE_LOOP('',(#612,#613,#614,#615));
#2117=EDGE_LOOP('',(#616,#617,#618,#619));
#2118=EDGE_LOOP('',(#620,#621,#622,#623));
#2119=EDGE_LOOP('',(#624,#625,#626,#627));
#2120=EDGE_LOOP('',(#628,#629,#630,#631));
#2121=EDGE_LOOP('',(#632,#633,#634,#635));
#2122=EDGE_LOOP('',(#636,#637,#638,#639));
#2123=EDGE_LOOP('',(#640,#641,#642,#643));
#2124=EDGE_LOOP('',(#644,#645,#646,#647));
#2125=EDGE_LOOP('',(#648,#649,#650,#651));
#2126=EDGE_LOOP('',(#652,#653,#654,#655,#656,#657,#658,#659,#660,#661,#662,
#663));
#2127=EDGE_LOOP('',(#664,#665,#666,#667));
#2128=EDGE_LOOP('',(#668,#669,#670,#671));
#2129=EDGE_LOOP('',(#672,#673,#674,#675));
#2130=EDGE_LOOP('',(#676,#677,#678,#679));
#2131=EDGE_LOOP('',(#680,#681,#682,#683));
#2132=EDGE_LOOP('',(#684,#685,#686,#687));
#2133=EDGE_LOOP('',(#688,#689,#690,#691));
#2134=EDGE_LOOP('',(#692,#693,#694,#695));
#2135=EDGE_LOOP('',(#696,#697,#698,#699));
#2136=EDGE_LOOP('',(#700,#701,#702,#703));
#2137=EDGE_LOOP('',(#704));
#2138=EDGE_LOOP('',(#705));
#2139=EDGE_LOOP('',(#706));
#2140=EDGE_LOOP('',(#707,#708));
#2141=EDGE_LOOP('',(#709,#710,#711));
#2142=EDGE_LOOP('',(#712,#713));
#2143=EDGE_LOOP('',(#714,#715,#716));
#2144=EDGE_LOOP('',(#717,#718,#719,#720));
#2145=EDGE_LOOP('',(#721,#722,#723,#724));
#2146=EDGE_LOOP('',(#725,#726));
#2147=EDGE_LOOP('',(#727,#728,#729));
#2148=EDGE_LOOP('',(#730,#731,#732,#733));
#2149=EDGE_LOOP('',(#734,#735,#736));
#2150=EDGE_LOOP('',(#737,#738,#739,#740,#741,#742,#743));
#2151=EDGE_LOOP('',(#744));
#2152=EDGE_LOOP('',(#745));
#2153=EDGE_LOOP('',(#746,#747,#748,#749));
#2154=EDGE_LOOP('',(#750,#751,#752,#753));
#2155=EDGE_LOOP('',(#754,#755));
#2156=EDGE_LOOP('',(#756));
#2157=EDGE_LOOP('',(#757,#758,#759,#760));
#2158=EDGE_LOOP('',(#761,#762,#763,#764));
#2159=EDGE_LOOP('',(#765,#766));
#2160=EDGE_LOOP('',(#767,#768,#769,#770));
#2161=EDGE_LOOP('',(#771,#772,#773,#774));
#2162=EDGE_LOOP('',(#775,#776,#777,#778));
#2163=EDGE_LOOP('',(#779,#780,#781,#782));
#2164=EDGE_LOOP('',(#783,#784,#785,#786));
#2165=EDGE_LOOP('',(#787));
#2166=EDGE_LOOP('',(#788));
#2167=EDGE_LOOP('',(#789,#790));
#2168=EDGE_LOOP('',(#791,#792,#793));
#2169=EDGE_LOOP('',(#794));
#2170=EDGE_LOOP('',(#795,#796,#797,#798));
#2171=EDGE_LOOP('',(#799,#800,#801,#802));
#2172=EDGE_LOOP('',(#803,#804));
#2173=EDGE_LOOP('',(#805,#806,#807,#808));
#2174=EDGE_LOOP('',(#809,#810,#811,#812));
#2175=EDGE_LOOP('',(#813,#814,#815,#816));
#2176=EDGE_LOOP('',(#817,#818,#819));
#2177=EDGE_LOOP('',(#820,#821,#822,#823));
#2178=EDGE_LOOP('',(#824,#825,#826,#827));
#2179=EDGE_LOOP('',(#828,#829));
#2180=EDGE_LOOP('',(#830));
#2181=EDGE_LOOP('',(#831));
#2182=EDGE_LOOP('',(#832,#833));
#2183=EDGE_LOOP('',(#834,#835,#836));
#2184=EDGE_LOOP('',(#837));
#2185=EDGE_LOOP('',(#838,#839));
#2186=EDGE_LOOP('',(#840,#841,#842));
#2187=EDGE_LOOP('',(#843));
#2188=EDGE_LOOP('',(#844));
#2189=EDGE_LOOP('',(#845,#846));
#2190=EDGE_LOOP('',(#847,#848));
#2191=EDGE_LOOP('',(#849,#850));
#2192=EDGE_LOOP('',(#851));
#2193=EDGE_LOOP('',(#852,#853,#854,#855));
#2194=EDGE_LOOP('',(#856,#857,#858,#859));
#2195=EDGE_LOOP('',(#860,#861));
#2196=EDGE_LOOP('',(#862,#863,#864,#865));
#2197=EDGE_LOOP('',(#866,#867,#868,#869));
#2198=EDGE_LOOP('',(#870,#871));
#2199=EDGE_LOOP('',(#872,#873,#874,#875));
#2200=EDGE_LOOP('',(#876,#877,#878,#879));
#2201=EDGE_LOOP('',(#880,#881,#882,#883));
#2202=EDGE_LOOP('',(#884,#885,#886));
#2203=EDGE_LOOP('',(#887,#888,#889,#890));
#2204=EDGE_LOOP('',(#891,#892,#893,#894));
#2205=EDGE_LOOP('',(#895,#896));
#2206=EDGE_LOOP('',(#897,#898,#899,#900));
#2207=EDGE_LOOP('',(#901,#902,#903,#904));
#2208=EDGE_LOOP('',(#905,#906));
#2209=EDGE_LOOP('',(#907,#908,#909,#910));
#2210=EDGE_LOOP('',(#911,#912,#913,#914));
#2211=EDGE_LOOP('',(#915,#916));
#2212=EDGE_LOOP('',(#917,#918,#919));
#2213=EDGE_LOOP('',(#920,#921,#922,#923));
#2214=EDGE_LOOP('',(#924,#925,#926));
#2215=EDGE_LOOP('',(#927,#928,#929,#930,#931));
#2216=EDGE_LOOP('',(#932,#933,#934,#935));
#2217=EDGE_LOOP('',(#936,#937,#938,#939));
#2218=EDGE_LOOP('',(#940,#941,#942,#943));
#2219=EDGE_LOOP('',(#944,#945,#946,#947));
#2220=EDGE_LOOP('',(#948,#949,#950,#951));
#2221=EDGE_LOOP('',(#952,#953,#954,#955));
#2222=EDGE_LOOP('',(#956,#957,#958,#959));
#2223=EDGE_LOOP('',(#960,#961,#962,#963));
#2224=EDGE_LOOP('',(#964,#965,#966,#967));
#2225=EDGE_LOOP('',(#968,#969,#970,#971));
#2226=EDGE_LOOP('',(#972,#973,#974,#975));
#2227=EDGE_LOOP('',(#976,#977,#978,#979));
#2228=EDGE_LOOP('',(#980,#981,#982,#983));
#2229=EDGE_LOOP('',(#984,#985,#986,#987));
#2230=EDGE_LOOP('',(#988,#989,#990,#991));
#2231=EDGE_LOOP('',(#992,#993,#994,#995));
#2232=EDGE_LOOP('',(#996,#997,#998,#999));
#2233=EDGE_LOOP('',(#1000,#1001,#1002,#1003));
#2234=EDGE_LOOP('',(#1004,#1005,#1006,#1007));
#2235=EDGE_LOOP('',(#1008,#1009,#1010,#1011));
#2236=EDGE_LOOP('',(#1012,#1013,#1014,#1015));
#2237=EDGE_LOOP('',(#1016,#1017,#1018,#1019));
#2238=EDGE_LOOP('',(#1020,#1021,#1022,#1023));
#2239=EDGE_LOOP('',(#1024,#1025,#1026,#1027));
#2240=EDGE_LOOP('',(#1028,#1029,#1030,#1031));
#2241=EDGE_LOOP('',(#1032,#1033,#1034,#1035));
#2242=EDGE_LOOP('',(#1036,#1037,#1038,#1039));
#2243=EDGE_LOOP('',(#1040,#1041,#1042,#1043));
#2244=EDGE_LOOP('',(#1044,#1045,#1046,#1047));
#2245=EDGE_LOOP('',(#1048,#1049,#1050,#1051));
#2246=EDGE_LOOP('',(#1052,#1053,#1054,#1055));
#2247=EDGE_LOOP('',(#1056,#1057,#1058,#1059));
#2248=EDGE_LOOP('',(#1060,#1061,#1062,#1063));
#2249=EDGE_LOOP('',(#1064,#1065,#1066,#1067));
#2250=EDGE_LOOP('',(#1068,#1069,#1070,#1071));
#2251=EDGE_LOOP('',(#1072,#1073,#1074,#1075));
#2252=EDGE_LOOP('',(#1076,#1077,#1078,#1079));
#2253=EDGE_LOOP('',(#1080,#1081,#1082,#1083));
#2254=EDGE_LOOP('',(#1084,#1085,#1086,#1087));
#2255=EDGE_LOOP('',(#1088,#1089,#1090,#1091));
#2256=EDGE_LOOP('',(#1092,#1093,#1094,#1095));
#2257=EDGE_LOOP('',(#1096,#1097,#1098,#1099));
#2258=EDGE_LOOP('',(#1100,#1101,#1102,#1103));
#2259=EDGE_LOOP('',(#1104,#1105,#1106,#1107));
#2260=EDGE_LOOP('',(#1108,#1109,#1110,#1111));
#2261=EDGE_LOOP('',(#1112,#1113,#1114,#1115));
#2262=EDGE_LOOP('',(#1116,#1117,#1118,#1119));
#2263=EDGE_LOOP('',(#1120,#1121,#1122,#1123));
#2264=EDGE_LOOP('',(#1124,#1125,#1126,#1127));
#2265=EDGE_LOOP('',(#1128,#1129,#1130,#1131));
#2266=EDGE_LOOP('',(#1132,#1133,#1134,#1135));
#2267=EDGE_LOOP('',(#1136,#1137,#1138,#1139));
#2268=EDGE_LOOP('',(#1140,#1141,#1142,#1143,#1144,#1145,#1146,#1147));
#2269=EDGE_LOOP('',(#1148,#1149,#1150,#1151));
#2270=EDGE_LOOP('',(#1152,#1153,#1154,#1155));
#2271=EDGE_LOOP('',(#1156,#1157,#1158,#1159));
#2272=EDGE_LOOP('',(#1160,#1161,#1162,#1163));
#2273=EDGE_LOOP('',(#1164));
#2274=EDGE_LOOP('',(#1165,#1166,#1167));
#2275=EDGE_LOOP('',(#1168,#1169));
#2276=EDGE_LOOP('',(#1170,#1171));
#2277=EDGE_LOOP('',(#1172,#1173,#1174,#1175));
#2278=EDGE_LOOP('',(#1176,#1177));
#2279=EDGE_LOOP('',(#1178,#1179));
#2280=EDGE_LOOP('',(#1180,#1181,#1182));
#2281=EDGE_LOOP('',(#1183,#1184));
#2282=EDGE_LOOP('',(#1185,#1186,#1187));
#2283=EDGE_LOOP('',(#1188,#1189));
#2284=EDGE_LOOP('',(#1190,#1191,#1192,#1193,#1194));
#2285=EDGE_LOOP('',(#1195,#1196,#1197,#1198,#1199,#1200,#1201,#1202));
#2286=EDGE_LOOP('',(#1203,#1204,#1205,#1206));
#2287=EDGE_LOOP('',(#1207,#1208));
#2288=EDGE_LOOP('',(#1209,#1210));
#2289=EDGE_LOOP('',(#1211,#1212));
#2290=EDGE_LOOP('',(#1213,#1214));
#2291=EDGE_LOOP('',(#1215,#1216,#1217));
#2292=EDGE_LOOP('',(#1218,#1219,#1220));
#2293=EDGE_LOOP('',(#1221,#1222,#1223));
#2294=EDGE_LOOP('',(#1224,#1225));
#2295=EDGE_LOOP('',(#1226,#1227,#1228,#1229,#1230,#1231,#1232));
#2296=EDGE_LOOP('',(#1233,#1234,#1235));
#2297=EDGE_LOOP('',(#1236,#1237,#1238,#1239));
#2298=EDGE_LOOP('',(#1240,#1241,#1242,#1243,#1244,#1245,#1246,#1247,#1248,
#1249,#1250,#1251));
#2299=EDGE_LOOP('',(#1252,#1253,#1254,#1255,#1256,#1257,#1258,#1259,#1260,
#1261,#1262,#1263,#1264));
#2300=EDGE_LOOP('',(#1265));
#2301=EDGE_LOOP('',(#1266));
#2302=EDGE_LOOP('',(#1267));
#2303=EDGE_LOOP('',(#1268));
#2304=EDGE_LOOP('',(#1269));
#2305=FACE_BOUND('',#2073,.T.);
#2306=FACE_BOUND('',#2074,.T.);
#2307=FACE_BOUND('',#2075,.T.);
#2308=FACE_BOUND('',#2076,.T.);
#2309=FACE_BOUND('',#2077,.T.);
#2310=FACE_BOUND('',#2078,.T.);
#2311=FACE_BOUND('',#2079,.T.);
#2312=FACE_BOUND('',#2080,.T.);
#2313=FACE_BOUND('',#2081,.T.);
#2314=FACE_BOUND('',#2082,.T.);
#2315=FACE_BOUND('',#2083,.T.);
#2316=FACE_BOUND('',#2084,.T.);
#2317=FACE_BOUND('',#2085,.T.);
#2318=FACE_BOUND('',#2086,.T.);
#2319=FACE_BOUND('',#2087,.T.);
#2320=FACE_BOUND('',#2088,.T.);
#2321=FACE_BOUND('',#2089,.T.);
#2322=FACE_BOUND('',#2090,.T.);
#2323=FACE_BOUND('',#2091,.T.);
#2324=FACE_BOUND('',#2092,.T.);
#2325=FACE_BOUND('',#2093,.T.);
#2326=FACE_BOUND('',#2094,.T.);
#2327=FACE_BOUND('',#2095,.T.);
#2328=FACE_BOUND('',#2096,.T.);
#2329=FACE_BOUND('',#2097,.T.);
#2330=FACE_BOUND('',#2098,.T.);
#2331=FACE_BOUND('',#2099,.T.);
#2332=FACE_BOUND('',#2100,.T.);
#2333=FACE_BOUND('',#2101,.T.);
#2334=FACE_BOUND('',#2102,.T.);
#2335=FACE_BOUND('',#2103,.T.);
#2336=FACE_BOUND('',#2104,.T.);
#2337=FACE_BOUND('',#2105,.T.);
#2338=FACE_BOUND('',#2106,.T.);
#2339=FACE_BOUND('',#2107,.T.);
#2340=FACE_BOUND('',#2108,.T.);
#2341=FACE_BOUND('',#2109,.T.);
#2342=FACE_BOUND('',#2110,.T.);
#2343=FACE_BOUND('',#2111,.T.);
#2344=FACE_BOUND('',#2112,.T.);
#2345=FACE_BOUND('',#2113,.T.);
#2346=FACE_BOUND('',#2114,.T.);
#2347=FACE_BOUND('',#2115,.T.);
#2348=FACE_BOUND('',#2116,.T.);
#2349=FACE_BOUND('',#2117,.T.);
#2350=FACE_BOUND('',#2118,.T.);
#2351=FACE_BOUND('',#2119,.T.);
#2352=FACE_BOUND('',#2120,.T.);
#2353=FACE_BOUND('',#2121,.T.);
#2354=FACE_BOUND('',#2122,.T.);
#2355=FACE_BOUND('',#2123,.T.);
#2356=FACE_BOUND('',#2124,.T.);
#2357=FACE_BOUND('',#2125,.T.);
#2358=FACE_BOUND('',#2126,.T.);
#2359=FACE_BOUND('',#2127,.T.);
#2360=FACE_BOUND('',#2128,.T.);
#2361=FACE_BOUND('',#2129,.T.);
#2362=FACE_BOUND('',#2130,.T.);
#2363=FACE_BOUND('',#2131,.T.);
#2364=FACE_BOUND('',#2132,.T.);
#2365=FACE_BOUND('',#2133,.T.);
#2366=FACE_BOUND('',#2134,.T.);
#2367=FACE_BOUND('',#2135,.T.);
#2368=FACE_BOUND('',#2136,.T.);
#2369=FACE_BOUND('',#2137,.T.);
#2370=FACE_BOUND('',#2138,.T.);
#2371=FACE_BOUND('',#2139,.T.);
#2372=FACE_BOUND('',#2140,.T.);
#2373=FACE_BOUND('',#2141,.T.);
#2374=FACE_BOUND('',#2142,.T.);
#2375=FACE_BOUND('',#2143,.T.);
#2376=FACE_BOUND('',#2144,.T.);
#2377=FACE_BOUND('',#2145,.T.);
#2378=FACE_BOUND('',#2146,.T.);
#2379=FACE_BOUND('',#2147,.T.);
#2380=FACE_BOUND('',#2148,.T.);
#2381=FACE_BOUND('',#2149,.T.);
#2382=FACE_BOUND('',#2150,.T.);
#2383=FACE_BOUND('',#2151,.T.);
#2384=FACE_BOUND('',#2152,.T.);
#2385=FACE_BOUND('',#2153,.T.);
#2386=FACE_BOUND('',#2154,.T.);
#2387=FACE_BOUND('',#2155,.T.);
#2388=FACE_BOUND('',#2156,.T.);
#2389=FACE_BOUND('',#2157,.T.);
#2390=FACE_BOUND('',#2158,.T.);
#2391=FACE_BOUND('',#2159,.T.);
#2392=FACE_BOUND('',#2160,.T.);
#2393=FACE_BOUND('',#2161,.T.);
#2394=FACE_BOUND('',#2162,.T.);
#2395=FACE_BOUND('',#2163,.T.);
#2396=FACE_BOUND('',#2164,.T.);
#2397=FACE_BOUND('',#2165,.T.);
#2398=FACE_BOUND('',#2166,.T.);
#2399=FACE_BOUND('',#2167,.T.);
#2400=FACE_BOUND('',#2168,.T.);
#2401=FACE_BOUND('',#2169,.T.);
#2402=FACE_BOUND('',#2170,.T.);
#2403=FACE_BOUND('',#2171,.T.);
#2404=FACE_BOUND('',#2172,.T.);
#2405=FACE_BOUND('',#2173,.T.);
#2406=FACE_BOUND('',#2174,.T.);
#2407=FACE_BOUND('',#2175,.T.);
#2408=FACE_BOUND('',#2176,.T.);
#2409=FACE_BOUND('',#2177,.T.);
#2410=FACE_BOUND('',#2178,.T.);
#2411=FACE_BOUND('',#2179,.T.);
#2412=FACE_BOUND('',#2180,.T.);
#2413=FACE_BOUND('',#2181,.T.);
#2414=FACE_BOUND('',#2182,.T.);
#2415=FACE_BOUND('',#2183,.T.);
#2416=FACE_BOUND('',#2184,.T.);
#2417=FACE_BOUND('',#2185,.T.);
#2418=FACE_BOUND('',#2186,.T.);
#2419=FACE_BOUND('',#2187,.T.);
#2420=FACE_BOUND('',#2188,.T.);
#2421=FACE_BOUND('',#2189,.T.);
#2422=FACE_BOUND('',#2190,.T.);
#2423=FACE_BOUND('',#2191,.T.);
#2424=FACE_BOUND('',#2192,.T.);
#2425=FACE_BOUND('',#2193,.T.);
#2426=FACE_BOUND('',#2194,.T.);
#2427=FACE_BOUND('',#2195,.T.);
#2428=FACE_BOUND('',#2196,.T.);
#2429=FACE_BOUND('',#2197,.T.);
#2430=FACE_BOUND('',#2198,.T.);
#2431=FACE_BOUND('',#2199,.T.);
#2432=FACE_BOUND('',#2200,.T.);
#2433=FACE_BOUND('',#2201,.T.);
#2434=FACE_BOUND('',#2202,.T.);
#2435=FACE_BOUND('',#2203,.T.);
#2436=FACE_BOUND('',#2204,.T.);
#2437=FACE_BOUND('',#2205,.T.);
#2438=FACE_BOUND('',#2206,.T.);
#2439=FACE_BOUND('',#2207,.T.);
#2440=FACE_BOUND('',#2208,.T.);
#2441=FACE_BOUND('',#2209,.T.);
#2442=FACE_BOUND('',#2210,.T.);
#2443=FACE_BOUND('',#2211,.T.);
#2444=FACE_BOUND('',#2212,.T.);
#2445=FACE_BOUND('',#2213,.T.);
#2446=FACE_BOUND('',#2214,.T.);
#2447=FACE_BOUND('',#2215,.T.);
#2448=FACE_BOUND('',#2216,.T.);
#2449=FACE_BOUND('',#2217,.T.);
#2450=FACE_BOUND('',#2218,.T.);
#2451=FACE_BOUND('',#2219,.T.);
#2452=FACE_BOUND('',#2220,.T.);
#2453=FACE_BOUND('',#2221,.T.);
#2454=FACE_BOUND('',#2222,.T.);
#2455=FACE_BOUND('',#2223,.T.);
#2456=FACE_BOUND('',#2224,.T.);
#2457=FACE_BOUND('',#2225,.T.);
#2458=FACE_BOUND('',#2226,.T.);
#2459=FACE_BOUND('',#2227,.T.);
#2460=FACE_BOUND('',#2228,.T.);
#2461=FACE_BOUND('',#2229,.T.);
#2462=FACE_BOUND('',#2230,.T.);
#2463=FACE_BOUND('',#2231,.T.);
#2464=FACE_BOUND('',#2232,.T.);
#2465=FACE_BOUND('',#2233,.T.);
#2466=FACE_BOUND('',#2234,.T.);
#2467=FACE_BOUND('',#2235,.T.);
#2468=FACE_BOUND('',#2236,.T.);
#2469=FACE_BOUND('',#2237,.T.);
#2470=FACE_BOUND('',#2238,.T.);
#2471=FACE_BOUND('',#2239,.T.);
#2472=FACE_BOUND('',#2240,.T.);
#2473=FACE_BOUND('',#2241,.T.);
#2474=FACE_BOUND('',#2242,.T.);
#2475=FACE_BOUND('',#2243,.T.);
#2476=FACE_BOUND('',#2244,.T.);
#2477=FACE_BOUND('',#2245,.T.);
#2478=FACE_BOUND('',#2246,.T.);
#2479=FACE_BOUND('',#2247,.T.);
#2480=FACE_BOUND('',#2248,.T.);
#2481=FACE_BOUND('',#2249,.T.);
#2482=FACE_BOUND('',#2250,.T.);
#2483=FACE_BOUND('',#2251,.T.);
#2484=FACE_BOUND('',#2252,.T.);
#2485=FACE_BOUND('',#2253,.T.);
#2486=FACE_BOUND('',#2254,.T.);
#2487=FACE_BOUND('',#2255,.T.);
#2488=FACE_BOUND('',#2256,.T.);
#2489=FACE_BOUND('',#2257,.T.);
#2490=FACE_BOUND('',#2258,.T.);
#2491=FACE_BOUND('',#2259,.T.);
#2492=FACE_BOUND('',#2260,.T.);
#2493=FACE_BOUND('',#2261,.T.);
#2494=FACE_BOUND('',#2262,.T.);
#2495=FACE_BOUND('',#2263,.T.);
#2496=FACE_BOUND('',#2264,.T.);
#2497=FACE_BOUND('',#2265,.T.);
#2498=FACE_BOUND('',#2266,.T.);
#2499=FACE_BOUND('',#2267,.T.);
#2500=FACE_BOUND('',#2268,.T.);
#2501=FACE_BOUND('',#2269,.T.);
#2502=FACE_BOUND('',#2270,.T.);
#2503=FACE_BOUND('',#2271,.T.);
#2504=FACE_BOUND('',#2272,.T.);
#2505=FACE_BOUND('',#2273,.T.);
#2506=FACE_BOUND('',#2274,.T.);
#2507=FACE_BOUND('',#2275,.T.);
#2508=FACE_BOUND('',#2276,.T.);
#2509=FACE_BOUND('',#2277,.T.);
#2510=FACE_BOUND('',#2278,.T.);
#2511=FACE_BOUND('',#2279,.T.);
#2512=FACE_BOUND('',#2280,.T.);
#2513=FACE_BOUND('',#2281,.T.);
#2514=FACE_BOUND('',#2282,.T.);
#2515=FACE_BOUND('',#2283,.T.);
#2516=FACE_BOUND('',#2284,.T.);
#2517=FACE_BOUND('',#2285,.T.);
#2518=FACE_BOUND('',#2286,.T.);
#2519=FACE_BOUND('',#2287,.T.);
#2520=FACE_BOUND('',#2288,.T.);
#2521=FACE_BOUND('',#2289,.T.);
#2522=FACE_BOUND('',#2290,.T.);
#2523=FACE_BOUND('',#2291,.T.);
#2524=FACE_BOUND('',#2292,.T.);
#2525=FACE_BOUND('',#2293,.T.);
#2526=FACE_BOUND('',#2294,.T.);
#2527=FACE_BOUND('',#2295,.T.);
#2528=FACE_BOUND('',#2296,.T.);
#2529=FACE_BOUND('',#2297,.T.);
#2530=FACE_BOUND('',#2298,.T.);
#2531=FACE_BOUND('',#2299,.T.);
#2532=FACE_BOUND('',#2300,.T.);
#2533=FACE_BOUND('',#2301,.T.);
#2534=FACE_BOUND('',#2302,.T.);
#2535=FACE_BOUND('',#2303,.T.);
#2536=FACE_BOUND('',#2304,.T.);
#2537=PLANE('',#4068);
#2538=PLANE('',#4069);
#2539=PLANE('',#4070);
#2540=PLANE('',#4071);
#2541=PLANE('',#4072);
#2542=PLANE('',#4073);
#2543=PLANE('',#4074);
#2544=PLANE('',#4075);
#2545=PLANE('',#4076);
#2546=PLANE('',#4077);
#2547=PLANE('',#4078);
#2548=PLANE('',#4079);
#2549=PLANE('',#4080);
#2550=PLANE('',#4081);
#2551=PLANE('',#4082);
#2552=PLANE('',#4083);
#2553=PLANE('',#4084);
#2554=PLANE('',#4085);
#2555=PLANE('',#4086);
#2556=PLANE('',#4087);
#2557=PLANE('',#4088);
#2558=PLANE('',#4089);
#2559=PLANE('',#4090);
#2560=PLANE('',#4091);
#2561=PLANE('',#4092);
#2562=PLANE('',#4093);
#2563=PLANE('',#4094);
#2564=PLANE('',#4095);
#2565=PLANE('',#4096);
#2566=PLANE('',#4097);
#2567=PLANE('',#4098);
#2568=PLANE('',#4099);
#2569=PLANE('',#4100);
#2570=PLANE('',#4101);
#2571=PLANE('',#4102);
#2572=PLANE('',#4103);
#2573=PLANE('',#4104);
#2574=PLANE('',#4105);
#2575=PLANE('',#4106);
#2576=PLANE('',#4107);
#2577=PLANE('',#4109);
#2578=PLANE('',#4113);
#2579=PLANE('',#4114);
#2580=PLANE('',#4115);
#2581=PLANE('',#4117);
#2582=PLANE('',#4118);
#2583=PLANE('',#4120);
#2584=PLANE('',#4121);
#2585=PLANE('',#4122);
#2586=PLANE('',#4123);
#2587=PLANE('',#4125);
#2588=PLANE('',#4126);
#2589=PLANE('',#4128);
#2590=PLANE('',#4129);
#2591=PLANE('',#4130);
#2592=PLANE('',#4131);
#2593=PLANE('',#4132);
#2594=PLANE('',#4133);
#2595=PLANE('',#4134);
#2596=PLANE('',#4135);
#2597=PLANE('',#4136);
#2598=PLANE('',#4137);
#2599=PLANE('',#4138);
#2600=PLANE('',#4139);
#2601=PLANE('',#4140);
#2602=PLANE('',#4141);
#2603=PLANE('',#4142);
#2604=PLANE('',#4143);
#2605=PLANE('',#4144);
#2606=PLANE('',#4145);
#2607=PLANE('',#4146);
#2608=PLANE('',#4147);
#2609=PLANE('',#4148);
#2610=PLANE('',#4150);
#2611=PLANE('',#4151);
#2612=PLANE('',#4152);
#2613=PLANE('',#4153);
#2614=PLANE('',#4154);
#2615=PLANE('',#4155);
#2616=PLANE('',#4156);
#2617=PLANE('',#4157);
#2618=PLANE('',#4158);
#2619=PLANE('',#4159);
#2620=PLANE('',#4160);
#2621=PLANE('',#4161);
#2622=PLANE('',#4162);
#2623=PLANE('',#4163);
#2624=PLANE('',#4164);
#2625=PLANE('',#4165);
#2626=PLANE('',#4166);
#2627=PLANE('',#4167);
#2628=PLANE('',#4168);
#2629=PLANE('',#4169);
#2630=PLANE('',#4170);
#2631=PLANE('',#4171);
#2632=PLANE('',#4172);
#2633=PLANE('',#4173);
#2634=PLANE('',#4174);
#2635=PLANE('',#4175);
#2636=PLANE('',#4176);
#2637=PLANE('',#4177);
#2638=PLANE('',#4178);
#2639=PLANE('',#4179);
#2640=PLANE('',#4180);
#2641=PLANE('',#4181);
#2642=PLANE('',#4182);
#2643=PLANE('',#4183);
#2644=PLANE('',#4184);
#2645=PLANE('',#4185);
#2646=PLANE('',#4186);
#2647=PLANE('',#4187);
#2648=PLANE('',#4188);
#2649=PLANE('',#4189);
#2650=PLANE('',#4190);
#2651=PLANE('',#4191);
#2652=PLANE('',#4192);
#2653=PLANE('',#4193);
#2654=PLANE('',#4194);
#2655=PLANE('',#4195);
#2656=PLANE('',#4196);
#2657=PLANE('',#4197);
#2658=STYLED_ITEM('',(#2833),#3886);
#2659=STYLED_ITEM('',(#2834),#3887);
#2660=STYLED_ITEM('',(#2835),#3888);
#2661=STYLED_ITEM('',(#2836),#3889);
#2662=STYLED_ITEM('',(#2837),#3890);
#2663=STYLED_ITEM('',(#2838),#3891);
#2664=STYLED_ITEM('',(#2839),#3892);
#2665=STYLED_ITEM('',(#2840),#3893);
#2666=STYLED_ITEM('',(#2841),#3894);
#2667=STYLED_ITEM('',(#2842),#3895);
#2668=STYLED_ITEM('',(#2843),#3896);
#2669=STYLED_ITEM('',(#2844),#3897);
#2670=STYLED_ITEM('',(#2845),#3898);
#2671=STYLED_ITEM('',(#2846),#3899);
#2672=STYLED_ITEM('',(#2847),#3900);
#2673=STYLED_ITEM('',(#2848),#3901);
#2674=STYLED_ITEM('',(#2849),#3902);
#2675=STYLED_ITEM('',(#2850),#3903);
#2676=STYLED_ITEM('',(#2851),#3904);
#2677=STYLED_ITEM('',(#2852),#3905);
#2678=STYLED_ITEM('',(#2853),#3906);
#2679=STYLED_ITEM('',(#2854),#3907);
#2680=STYLED_ITEM('',(#2855),#3908);
#2681=STYLED_ITEM('',(#2856),#3909);
#2682=STYLED_ITEM('',(#2857),#3910);
#2683=STYLED_ITEM('',(#2858),#3911);
#2684=STYLED_ITEM('',(#2859),#3912);
#2685=STYLED_ITEM('',(#2860),#3913);
#2686=STYLED_ITEM('',(#2861),#3914);
#2687=STYLED_ITEM('',(#2862),#3915);
#2688=STYLED_ITEM('',(#2863),#3916);
#2689=STYLED_ITEM('',(#2864),#3917);
#2690=STYLED_ITEM('',(#2865),#3918);
#2691=STYLED_ITEM('',(#2866),#3919);
#2692=STYLED_ITEM('',(#2867),#3920);
#2693=STYLED_ITEM('',(#2868),#3921);
#2694=STYLED_ITEM('',(#2869),#3922);
#2695=STYLED_ITEM('',(#2870),#3923);
#2696=STYLED_ITEM('',(#2871),#3924);
#2697=STYLED_ITEM('',(#2872),#3925);
#2698=STYLED_ITEM('',(#2873),#3926);
#2699=STYLED_ITEM('',(#2874),#3927);
#2700=STYLED_ITEM('',(#2875),#3928);
#2701=STYLED_ITEM('',(#2876),#3929);
#2702=STYLED_ITEM('',(#2877),#3930);
#2703=STYLED_ITEM('',(#2878),#3931);
#2704=STYLED_ITEM('',(#2879),#3932);
#2705=STYLED_ITEM('',(#2880),#3933);
#2706=STYLED_ITEM('',(#2881),#3934);
#2707=STYLED_ITEM('',(#2882),#3935);
#2708=STYLED_ITEM('',(#2883),#3936);
#2709=STYLED_ITEM('',(#2884),#3937);
#2710=STYLED_ITEM('',(#2885),#3938);
#2711=STYLED_ITEM('',(#2886),#3939);
#2712=STYLED_ITEM('',(#2887),#3940);
#2713=STYLED_ITEM('',(#2888),#3941);
#2714=STYLED_ITEM('',(#2889),#3942);
#2715=STYLED_ITEM('',(#2890),#3943);
#2716=STYLED_ITEM('',(#2891),#3944);
#2717=STYLED_ITEM('',(#2892),#3945);
#2718=STYLED_ITEM('',(#2893),#3946);
#2719=STYLED_ITEM('',(#2894),#3947);
#2720=STYLED_ITEM('',(#2895),#3948);
#2721=STYLED_ITEM('',(#2896),#3949);
#2722=STYLED_ITEM('',(#2897),#3950);
#2723=STYLED_ITEM('',(#2898),#3951);
#2724=STYLED_ITEM('',(#2899),#3952);
#2725=STYLED_ITEM('',(#2900),#3953);
#2726=STYLED_ITEM('',(#2901),#3954);
#2727=STYLED_ITEM('',(#2902),#3955);
#2728=STYLED_ITEM('',(#2903),#3956);
#2729=STYLED_ITEM('',(#2904),#3957);
#2730=STYLED_ITEM('',(#2905),#3958);
#2731=STYLED_ITEM('',(#2906),#3959);
#2732=STYLED_ITEM('',(#2907),#3960);
#2733=STYLED_ITEM('',(#2908),#3961);
#2734=STYLED_ITEM('',(#2909),#3962);
#2735=STYLED_ITEM('',(#2910),#3963);
#2736=STYLED_ITEM('',(#2911),#3964);
#2737=STYLED_ITEM('',(#2912),#3965);
#2738=STYLED_ITEM('',(#2913),#3966);
#2739=STYLED_ITEM('',(#2914),#3967);
#2740=STYLED_ITEM('',(#2915),#3968);
#2741=STYLED_ITEM('',(#2916),#3969);
#2742=STYLED_ITEM('',(#2917),#3970);
#2743=STYLED_ITEM('',(#2918),#3971);
#2744=STYLED_ITEM('',(#2919),#3972);
#2745=STYLED_ITEM('',(#2920),#3973);
#2746=STYLED_ITEM('',(#2921),#3974);
#2747=STYLED_ITEM('',(#2922),#3975);
#2748=STYLED_ITEM('',(#2923),#3976);
#2749=STYLED_ITEM('',(#2924),#3977);
#2750=STYLED_ITEM('',(#2925),#3978);
#2751=STYLED_ITEM('',(#2926),#3979);
#2752=STYLED_ITEM('',(#2927),#3980);
#2753=STYLED_ITEM('',(#2928),#3981);
#2754=STYLED_ITEM('',(#2929),#3982);
#2755=STYLED_ITEM('',(#2930),#3983);
#2756=STYLED_ITEM('',(#2931),#3984);
#2757=STYLED_ITEM('',(#2932),#3985);
#2758=STYLED_ITEM('',(#2933),#3986);
#2759=STYLED_ITEM('',(#2934),#3987);
#2760=STYLED_ITEM('',(#2935),#3988);
#2761=STYLED_ITEM('',(#2936),#3989);
#2762=STYLED_ITEM('',(#2937),#3990);
#2763=STYLED_ITEM('',(#2938),#3991);
#2764=STYLED_ITEM('',(#2939),#3992);
#2765=STYLED_ITEM('',(#2940),#3993);
#2766=STYLED_ITEM('',(#2941),#3994);
#2767=STYLED_ITEM('',(#2942),#3995);
#2768=STYLED_ITEM('',(#2943),#3996);
#2769=STYLED_ITEM('',(#2944),#3997);
#2770=STYLED_ITEM('',(#2945),#3998);
#2771=STYLED_ITEM('',(#2946),#3999);
#2772=STYLED_ITEM('',(#2947),#4000);
#2773=STYLED_ITEM('',(#2948),#4001);
#2774=STYLED_ITEM('',(#2949),#4002);
#2775=STYLED_ITEM('',(#2950),#4003);
#2776=STYLED_ITEM('',(#2951),#4004);
#2777=STYLED_ITEM('',(#2952),#4005);
#2778=STYLED_ITEM('',(#2953),#4006);
#2779=STYLED_ITEM('',(#2954),#4007);
#2780=STYLED_ITEM('',(#2955),#4008);
#2781=STYLED_ITEM('',(#2956),#4009);
#2782=STYLED_ITEM('',(#2957),#4010);
#2783=STYLED_ITEM('',(#2958),#4011);
#2784=STYLED_ITEM('',(#2959),#4012);
#2785=STYLED_ITEM('',(#2960),#4013);
#2786=STYLED_ITEM('',(#2961),#4014);
#2787=STYLED_ITEM('',(#2962),#4015);
#2788=STYLED_ITEM('',(#2963),#4016);
#2789=STYLED_ITEM('',(#2964),#4017);
#2790=STYLED_ITEM('',(#2965),#4018);
#2791=STYLED_ITEM('',(#2966),#4019);
#2792=STYLED_ITEM('',(#2967),#4020);
#2793=STYLED_ITEM('',(#2968),#4021);
#2794=STYLED_ITEM('',(#2969),#4022);
#2795=STYLED_ITEM('',(#2970),#4023);
#2796=STYLED_ITEM('',(#2971),#4024);
#2797=STYLED_ITEM('',(#2972),#4025);
#2798=STYLED_ITEM('',(#2973),#4026);
#2799=STYLED_ITEM('',(#2974),#4027);
#2800=STYLED_ITEM('',(#2975),#4028);
#2801=STYLED_ITEM('',(#2976),#4029);
#2802=STYLED_ITEM('',(#2977),#4030);
#2803=STYLED_ITEM('',(#2978),#4031);
#2804=STYLED_ITEM('',(#2979),#4032);
#2805=STYLED_ITEM('',(#2980),#4033);
#2806=STYLED_ITEM('',(#2981),#4034);
#2807=STYLED_ITEM('',(#2982),#4035);
#2808=STYLED_ITEM('',(#2983),#4036);
#2809=STYLED_ITEM('',(#2984),#4037);
#2810=STYLED_ITEM('',(#2985),#4038);
#2811=STYLED_ITEM('',(#2986),#4039);
#2812=STYLED_ITEM('',(#2987),#4040);
#2813=STYLED_ITEM('',(#2988),#4041);
#2814=STYLED_ITEM('',(#2989),#4042);
#2815=STYLED_ITEM('',(#2990),#4043);
#2816=STYLED_ITEM('',(#2991),#4044);
#2817=STYLED_ITEM('',(#2992),#4045);
#2818=STYLED_ITEM('',(#2993),#4046);
#2819=STYLED_ITEM('',(#2994),#4047);
#2820=STYLED_ITEM('',(#2995),#4048);
#2821=STYLED_ITEM('',(#2996),#4049);
#2822=STYLED_ITEM('',(#2997),#4050);
#2823=STYLED_ITEM('',(#2998),#4051);
#2824=STYLED_ITEM('',(#2999),#4052);
#2825=STYLED_ITEM('',(#3000),#4053);
#2826=STYLED_ITEM('',(#3001),#4054);
#2827=STYLED_ITEM('',(#3002),#4055);
#2828=STYLED_ITEM('',(#3003),#4056);
#2829=STYLED_ITEM('',(#3004),#4057);
#2830=STYLED_ITEM('',(#3005),#4058);
#2831=STYLED_ITEM('',(#3006),#4059);
#2832=STYLED_ITEM('',(#3007),#4060);
#2833=PRESENTATION_STYLE_ASSIGNMENT((#3008));
#2834=PRESENTATION_STYLE_ASSIGNMENT((#3009));
#2835=PRESENTATION_STYLE_ASSIGNMENT((#3010));
#2836=PRESENTATION_STYLE_ASSIGNMENT((#3011));
#2837=PRESENTATION_STYLE_ASSIGNMENT((#3012));
#2838=PRESENTATION_STYLE_ASSIGNMENT((#3013));
#2839=PRESENTATION_STYLE_ASSIGNMENT((#3014));
#2840=PRESENTATION_STYLE_ASSIGNMENT((#3015));
#2841=PRESENTATION_STYLE_ASSIGNMENT((#3016));
#2842=PRESENTATION_STYLE_ASSIGNMENT((#3017));
#2843=PRESENTATION_STYLE_ASSIGNMENT((#3018));
#2844=PRESENTATION_STYLE_ASSIGNMENT((#3019));
#2845=PRESENTATION_STYLE_ASSIGNMENT((#3020));
#2846=PRESENTATION_STYLE_ASSIGNMENT((#3021));
#2847=PRESENTATION_STYLE_ASSIGNMENT((#3022));
#2848=PRESENTATION_STYLE_ASSIGNMENT((#3023));
#2849=PRESENTATION_STYLE_ASSIGNMENT((#3024));
#2850=PRESENTATION_STYLE_ASSIGNMENT((#3025));
#2851=PRESENTATION_STYLE_ASSIGNMENT((#3026));
#2852=PRESENTATION_STYLE_ASSIGNMENT((#3027));
#2853=PRESENTATION_STYLE_ASSIGNMENT((#3028));
#2854=PRESENTATION_STYLE_ASSIGNMENT((#3029));
#2855=PRESENTATION_STYLE_ASSIGNMENT((#3030));
#2856=PRESENTATION_STYLE_ASSIGNMENT((#3031));
#2857=PRESENTATION_STYLE_ASSIGNMENT((#3032));
#2858=PRESENTATION_STYLE_ASSIGNMENT((#3033));
#2859=PRESENTATION_STYLE_ASSIGNMENT((#3034));
#2860=PRESENTATION_STYLE_ASSIGNMENT((#3035));
#2861=PRESENTATION_STYLE_ASSIGNMENT((#3036));
#2862=PRESENTATION_STYLE_ASSIGNMENT((#3037));
#2863=PRESENTATION_STYLE_ASSIGNMENT((#3038));
#2864=PRESENTATION_STYLE_ASSIGNMENT((#3039));
#2865=PRESENTATION_STYLE_ASSIGNMENT((#3040));
#2866=PRESENTATION_STYLE_ASSIGNMENT((#3041));
#2867=PRESENTATION_STYLE_ASSIGNMENT((#3042));
#2868=PRESENTATION_STYLE_ASSIGNMENT((#3043));
#2869=PRESENTATION_STYLE_ASSIGNMENT((#3044));
#2870=PRESENTATION_STYLE_ASSIGNMENT((#3045));
#2871=PRESENTATION_STYLE_ASSIGNMENT((#3046));
#2872=PRESENTATION_STYLE_ASSIGNMENT((#3047));
#2873=PRESENTATION_STYLE_ASSIGNMENT((#3048));
#2874=PRESENTATION_STYLE_ASSIGNMENT((#3049));
#2875=PRESENTATION_STYLE_ASSIGNMENT((#3050));
#2876=PRESENTATION_STYLE_ASSIGNMENT((#3051));
#2877=PRESENTATION_STYLE_ASSIGNMENT((#3052));
#2878=PRESENTATION_STYLE_ASSIGNMENT((#3053));
#2879=PRESENTATION_STYLE_ASSIGNMENT((#3054));
#2880=PRESENTATION_STYLE_ASSIGNMENT((#3055));
#2881=PRESENTATION_STYLE_ASSIGNMENT((#3056));
#2882=PRESENTATION_STYLE_ASSIGNMENT((#3057));
#2883=PRESENTATION_STYLE_ASSIGNMENT((#3058));
#2884=PRESENTATION_STYLE_ASSIGNMENT((#3059));
#2885=PRESENTATION_STYLE_ASSIGNMENT((#3060));
#2886=PRESENTATION_STYLE_ASSIGNMENT((#3061));
#2887=PRESENTATION_STYLE_ASSIGNMENT((#3062));
#2888=PRESENTATION_STYLE_ASSIGNMENT((#3063));
#2889=PRESENTATION_STYLE_ASSIGNMENT((#3064));
#2890=PRESENTATION_STYLE_ASSIGNMENT((#3065));
#2891=PRESENTATION_STYLE_ASSIGNMENT((#3066));
#2892=PRESENTATION_STYLE_ASSIGNMENT((#3067));
#2893=PRESENTATION_STYLE_ASSIGNMENT((#3068));
#2894=PRESENTATION_STYLE_ASSIGNMENT((#3069));
#2895=PRESENTATION_STYLE_ASSIGNMENT((#3070));
#2896=PRESENTATION_STYLE_ASSIGNMENT((#3071));
#2897=PRESENTATION_STYLE_ASSIGNMENT((#3072));
#2898=PRESENTATION_STYLE_ASSIGNMENT((#3073));
#2899=PRESENTATION_STYLE_ASSIGNMENT((#3074));
#2900=PRESENTATION_STYLE_ASSIGNMENT((#3075));
#2901=PRESENTATION_STYLE_ASSIGNMENT((#3076));
#2902=PRESENTATION_STYLE_ASSIGNMENT((#3077));
#2903=PRESENTATION_STYLE_ASSIGNMENT((#3078));
#2904=PRESENTATION_STYLE_ASSIGNMENT((#3079));
#2905=PRESENTATION_STYLE_ASSIGNMENT((#3080));
#2906=PRESENTATION_STYLE_ASSIGNMENT((#3081));
#2907=PRESENTATION_STYLE_ASSIGNMENT((#3082));
#2908=PRESENTATION_STYLE_ASSIGNMENT((#3083));
#2909=PRESENTATION_STYLE_ASSIGNMENT((#3084));
#2910=PRESENTATION_STYLE_ASSIGNMENT((#3085));
#2911=PRESENTATION_STYLE_ASSIGNMENT((#3086));
#2912=PRESENTATION_STYLE_ASSIGNMENT((#3087));
#2913=PRESENTATION_STYLE_ASSIGNMENT((#3088));
#2914=PRESENTATION_STYLE_ASSIGNMENT((#3089));
#2915=PRESENTATION_STYLE_ASSIGNMENT((#3090));
#2916=PRESENTATION_STYLE_ASSIGNMENT((#3091));
#2917=PRESENTATION_STYLE_ASSIGNMENT((#3092));
#2918=PRESENTATION_STYLE_ASSIGNMENT((#3093));
#2919=PRESENTATION_STYLE_ASSIGNMENT((#3094));
#2920=PRESENTATION_STYLE_ASSIGNMENT((#3095));
#2921=PRESENTATION_STYLE_ASSIGNMENT((#3096));
#2922=PRESENTATION_STYLE_ASSIGNMENT((#3097));
#2923=PRESENTATION_STYLE_ASSIGNMENT((#3098));
#2924=PRESENTATION_STYLE_ASSIGNMENT((#3099));
#2925=PRESENTATION_STYLE_ASSIGNMENT((#3100));
#2926=PRESENTATION_STYLE_ASSIGNMENT((#3101));
#2927=PRESENTATION_STYLE_ASSIGNMENT((#3102));
#2928=PRESENTATION_STYLE_ASSIGNMENT((#3103));
#2929=PRESENTATION_STYLE_ASSIGNMENT((#3104));
#2930=PRESENTATION_STYLE_ASSIGNMENT((#3105));
#2931=PRESENTATION_STYLE_ASSIGNMENT((#3106));
#2932=PRESENTATION_STYLE_ASSIGNMENT((#3107));
#2933=PRESENTATION_STYLE_ASSIGNMENT((#3108));
#2934=PRESENTATION_STYLE_ASSIGNMENT((#3109));
#2935=PRESENTATION_STYLE_ASSIGNMENT((#3110));
#2936=PRESENTATION_STYLE_ASSIGNMENT((#3111));
#2937=PRESENTATION_STYLE_ASSIGNMENT((#3112));
#2938=PRESENTATION_STYLE_ASSIGNMENT((#3113));
#2939=PRESENTATION_STYLE_ASSIGNMENT((#3114));
#2940=PRESENTATION_STYLE_ASSIGNMENT((#3115));
#2941=PRESENTATION_STYLE_ASSIGNMENT((#3116));
#2942=PRESENTATION_STYLE_ASSIGNMENT((#3117));
#2943=PRESENTATION_STYLE_ASSIGNMENT((#3118));
#2944=PRESENTATION_STYLE_ASSIGNMENT((#3119));
#2945=PRESENTATION_STYLE_ASSIGNMENT((#3120));
#2946=PRESENTATION_STYLE_ASSIGNMENT((#3121));
#2947=PRESENTATION_STYLE_ASSIGNMENT((#3122));
#2948=PRESENTATION_STYLE_ASSIGNMENT((#3123));
#2949=PRESENTATION_STYLE_ASSIGNMENT((#3124));
#2950=PRESENTATION_STYLE_ASSIGNMENT((#3125));
#2951=PRESENTATION_STYLE_ASSIGNMENT((#3126));
#2952=PRESENTATION_STYLE_ASSIGNMENT((#3127));
#2953=PRESENTATION_STYLE_ASSIGNMENT((#3128));
#2954=PRESENTATION_STYLE_ASSIGNMENT((#3129));
#2955=PRESENTATION_STYLE_ASSIGNMENT((#3130));
#2956=PRESENTATION_STYLE_ASSIGNMENT((#3131));
#2957=PRESENTATION_STYLE_ASSIGNMENT((#3132));
#2958=PRESENTATION_STYLE_ASSIGNMENT((#3133));
#2959=PRESENTATION_STYLE_ASSIGNMENT((#3134));
#2960=PRESENTATION_STYLE_ASSIGNMENT((#3135));
#2961=PRESENTATION_STYLE_ASSIGNMENT((#3136));
#2962=PRESENTATION_STYLE_ASSIGNMENT((#3137));
#2963=PRESENTATION_STYLE_ASSIGNMENT((#3138));
#2964=PRESENTATION_STYLE_ASSIGNMENT((#3139));
#2965=PRESENTATION_STYLE_ASSIGNMENT((#3140));
#2966=PRESENTATION_STYLE_ASSIGNMENT((#3141));
#2967=PRESENTATION_STYLE_ASSIGNMENT((#3142));
#2968=PRESENTATION_STYLE_ASSIGNMENT((#3143));
#2969=PRESENTATION_STYLE_ASSIGNMENT((#3144));
#2970=PRESENTATION_STYLE_ASSIGNMENT((#3145));
#2971=PRESENTATION_STYLE_ASSIGNMENT((#3146));
#2972=PRESENTATION_STYLE_ASSIGNMENT((#3147));
#2973=PRESENTATION_STYLE_ASSIGNMENT((#3148));
#2974=PRESENTATION_STYLE_ASSIGNMENT((#3149));
#2975=PRESENTATION_STYLE_ASSIGNMENT((#3150));
#2976=PRESENTATION_STYLE_ASSIGNMENT((#3151));
#2977=PRESENTATION_STYLE_ASSIGNMENT((#3152));
#2978=PRESENTATION_STYLE_ASSIGNMENT((#3153));
#2979=PRESENTATION_STYLE_ASSIGNMENT((#3154));
#2980=PRESENTATION_STYLE_ASSIGNMENT((#3155));
#2981=PRESENTATION_STYLE_ASSIGNMENT((#3156));
#2982=PRESENTATION_STYLE_ASSIGNMENT((#3157));
#2983=PRESENTATION_STYLE_ASSIGNMENT((#3158));
#2984=PRESENTATION_STYLE_ASSIGNMENT((#3159));
#2985=PRESENTATION_STYLE_ASSIGNMENT((#3160));
#2986=PRESENTATION_STYLE_ASSIGNMENT((#3161));
#2987=PRESENTATION_STYLE_ASSIGNMENT((#3162));
#2988=PRESENTATION_STYLE_ASSIGNMENT((#3163));
#2989=PRESENTATION_STYLE_ASSIGNMENT((#3164));
#2990=PRESENTATION_STYLE_ASSIGNMENT((#3165));
#2991=PRESENTATION_STYLE_ASSIGNMENT((#3166));
#2992=PRESENTATION_STYLE_ASSIGNMENT((#3167));
#2993=PRESENTATION_STYLE_ASSIGNMENT((#3168));
#2994=PRESENTATION_STYLE_ASSIGNMENT((#3169));
#2995=PRESENTATION_STYLE_ASSIGNMENT((#3170));
#2996=PRESENTATION_STYLE_ASSIGNMENT((#3171));
#2997=PRESENTATION_STYLE_ASSIGNMENT((#3172));
#2998=PRESENTATION_STYLE_ASSIGNMENT((#3173));
#2999=PRESENTATION_STYLE_ASSIGNMENT((#3174));
#3000=PRESENTATION_STYLE_ASSIGNMENT((#3175));
#3001=PRESENTATION_STYLE_ASSIGNMENT((#3176));
#3002=PRESENTATION_STYLE_ASSIGNMENT((#3177));
#3003=PRESENTATION_STYLE_ASSIGNMENT((#3178));
#3004=PRESENTATION_STYLE_ASSIGNMENT((#3179));
#3005=PRESENTATION_STYLE_ASSIGNMENT((#3180));
#3006=PRESENTATION_STYLE_ASSIGNMENT((#3181));
#3007=PRESENTATION_STYLE_ASSIGNMENT((#3182));
#3008=SURFACE_STYLE_USAGE(.BOTH.,#3183);
#3009=SURFACE_STYLE_USAGE(.BOTH.,#3184);
#3010=SURFACE_STYLE_USAGE(.BOTH.,#3185);
#3011=SURFACE_STYLE_USAGE(.BOTH.,#3186);
#3012=SURFACE_STYLE_USAGE(.BOTH.,#3187);
#3013=SURFACE_STYLE_USAGE(.BOTH.,#3188);
#3014=SURFACE_STYLE_USAGE(.BOTH.,#3189);
#3015=SURFACE_STYLE_USAGE(.BOTH.,#3190);
#3016=SURFACE_STYLE_USAGE(.BOTH.,#3191);
#3017=SURFACE_STYLE_USAGE(.BOTH.,#3192);
#3018=SURFACE_STYLE_USAGE(.BOTH.,#3193);
#3019=SURFACE_STYLE_USAGE(.BOTH.,#3194);
#3020=SURFACE_STYLE_USAGE(.BOTH.,#3195);
#3021=SURFACE_STYLE_USAGE(.BOTH.,#3196);
#3022=SURFACE_STYLE_USAGE(.BOTH.,#3197);
#3023=SURFACE_STYLE_USAGE(.BOTH.,#3198);
#3024=SURFACE_STYLE_USAGE(.BOTH.,#3199);
#3025=SURFACE_STYLE_USAGE(.BOTH.,#3200);
#3026=SURFACE_STYLE_USAGE(.BOTH.,#3201);
#3027=SURFACE_STYLE_USAGE(.BOTH.,#3202);
#3028=SURFACE_STYLE_USAGE(.BOTH.,#3203);
#3029=SURFACE_STYLE_USAGE(.BOTH.,#3204);
#3030=SURFACE_STYLE_USAGE(.BOTH.,#3205);
#3031=SURFACE_STYLE_USAGE(.BOTH.,#3206);
#3032=SURFACE_STYLE_USAGE(.BOTH.,#3207);
#3033=SURFACE_STYLE_USAGE(.BOTH.,#3208);
#3034=SURFACE_STYLE_USAGE(.BOTH.,#3209);
#3035=SURFACE_STYLE_USAGE(.BOTH.,#3210);
#3036=SURFACE_STYLE_USAGE(.BOTH.,#3211);
#3037=SURFACE_STYLE_USAGE(.BOTH.,#3212);
#3038=SURFACE_STYLE_USAGE(.BOTH.,#3213);
#3039=SURFACE_STYLE_USAGE(.BOTH.,#3214);
#3040=SURFACE_STYLE_USAGE(.BOTH.,#3215);
#3041=SURFACE_STYLE_USAGE(.BOTH.,#3216);
#3042=SURFACE_STYLE_USAGE(.BOTH.,#3217);
#3043=SURFACE_STYLE_USAGE(.BOTH.,#3218);
#3044=SURFACE_STYLE_USAGE(.BOTH.,#3219);
#3045=SURFACE_STYLE_USAGE(.BOTH.,#3220);
#3046=SURFACE_STYLE_USAGE(.BOTH.,#3221);
#3047=SURFACE_STYLE_USAGE(.BOTH.,#3222);
#3048=SURFACE_STYLE_USAGE(.BOTH.,#3223);
#3049=SURFACE_STYLE_USAGE(.BOTH.,#3224);
#3050=SURFACE_STYLE_USAGE(.BOTH.,#3225);
#3051=SURFACE_STYLE_USAGE(.BOTH.,#3226);
#3052=SURFACE_STYLE_USAGE(.BOTH.,#3227);
#3053=SURFACE_STYLE_USAGE(.BOTH.,#3228);
#3054=SURFACE_STYLE_USAGE(.BOTH.,#3229);
#3055=SURFACE_STYLE_USAGE(.BOTH.,#3230);
#3056=SURFACE_STYLE_USAGE(.BOTH.,#3231);
#3057=SURFACE_STYLE_USAGE(.BOTH.,#3232);
#3058=SURFACE_STYLE_USAGE(.BOTH.,#3233);
#3059=SURFACE_STYLE_USAGE(.BOTH.,#3234);
#3060=SURFACE_STYLE_USAGE(.BOTH.,#3235);
#3061=SURFACE_STYLE_USAGE(.BOTH.,#3236);
#3062=SURFACE_STYLE_USAGE(.BOTH.,#3237);
#3063=SURFACE_STYLE_USAGE(.BOTH.,#3238);
#3064=SURFACE_STYLE_USAGE(.BOTH.,#3239);
#3065=SURFACE_STYLE_USAGE(.BOTH.,#3240);
#3066=SURFACE_STYLE_USAGE(.BOTH.,#3241);
#3067=SURFACE_STYLE_USAGE(.BOTH.,#3242);
#3068=SURFACE_STYLE_USAGE(.BOTH.,#3243);
#3069=SURFACE_STYLE_USAGE(.BOTH.,#3244);
#3070=SURFACE_STYLE_USAGE(.BOTH.,#3245);
#3071=SURFACE_STYLE_USAGE(.BOTH.,#3246);
#3072=SURFACE_STYLE_USAGE(.BOTH.,#3247);
#3073=SURFACE_STYLE_USAGE(.BOTH.,#3248);
#3074=SURFACE_STYLE_USAGE(.BOTH.,#3249);
#3075=SURFACE_STYLE_USAGE(.BOTH.,#3250);
#3076=SURFACE_STYLE_USAGE(.BOTH.,#3251);
#3077=SURFACE_STYLE_USAGE(.BOTH.,#3252);
#3078=SURFACE_STYLE_USAGE(.BOTH.,#3253);
#3079=SURFACE_STYLE_USAGE(.BOTH.,#3254);
#3080=SURFACE_STYLE_USAGE(.BOTH.,#3255);
#3081=SURFACE_STYLE_USAGE(.BOTH.,#3256);
#3082=SURFACE_STYLE_USAGE(.BOTH.,#3257);
#3083=SURFACE_STYLE_USAGE(.BOTH.,#3258);
#3084=SURFACE_STYLE_USAGE(.BOTH.,#3259);
#3085=SURFACE_STYLE_USAGE(.BOTH.,#3260);
#3086=SURFACE_STYLE_USAGE(.BOTH.,#3261);
#3087=SURFACE_STYLE_USAGE(.BOTH.,#3262);
#3088=SURFACE_STYLE_USAGE(.BOTH.,#3263);
#3089=SURFACE_STYLE_USAGE(.BOTH.,#3264);
#3090=SURFACE_STYLE_USAGE(.BOTH.,#3265);
#3091=SURFACE_STYLE_USAGE(.BOTH.,#3266);
#3092=SURFACE_STYLE_USAGE(.BOTH.,#3267);
#3093=SURFACE_STYLE_USAGE(.BOTH.,#3268);
#3094=SURFACE_STYLE_USAGE(.BOTH.,#3269);
#3095=SURFACE_STYLE_USAGE(.BOTH.,#3270);
#3096=SURFACE_STYLE_USAGE(.BOTH.,#3271);
#3097=SURFACE_STYLE_USAGE(.BOTH.,#3272);
#3098=SURFACE_STYLE_USAGE(.BOTH.,#3273);
#3099=SURFACE_STYLE_USAGE(.BOTH.,#3274);
#3100=SURFACE_STYLE_USAGE(.BOTH.,#3275);
#3101=SURFACE_STYLE_USAGE(.BOTH.,#3276);
#3102=SURFACE_STYLE_USAGE(.BOTH.,#3277);
#3103=SURFACE_STYLE_USAGE(.BOTH.,#3278);
#3104=SURFACE_STYLE_USAGE(.BOTH.,#3279);
#3105=SURFACE_STYLE_USAGE(.BOTH.,#3280);
#3106=SURFACE_STYLE_USAGE(.BOTH.,#3281);
#3107=SURFACE_STYLE_USAGE(.BOTH.,#3282);
#3108=SURFACE_STYLE_USAGE(.BOTH.,#3283);
#3109=SURFACE_STYLE_USAGE(.BOTH.,#3284);
#3110=SURFACE_STYLE_USAGE(.BOTH.,#3285);
#3111=SURFACE_STYLE_USAGE(.BOTH.,#3286);
#3112=SURFACE_STYLE_USAGE(.BOTH.,#3287);
#3113=SURFACE_STYLE_USAGE(.BOTH.,#3288);
#3114=SURFACE_STYLE_USAGE(.BOTH.,#3289);
#3115=SURFACE_STYLE_USAGE(.BOTH.,#3290);
#3116=SURFACE_STYLE_USAGE(.BOTH.,#3291);
#3117=SURFACE_STYLE_USAGE(.BOTH.,#3292);
#3118=SURFACE_STYLE_USAGE(.BOTH.,#3293);
#3119=SURFACE_STYLE_USAGE(.BOTH.,#3294);
#3120=SURFACE_STYLE_USAGE(.BOTH.,#3295);
#3121=SURFACE_STYLE_USAGE(.BOTH.,#3296);
#3122=SURFACE_STYLE_USAGE(.BOTH.,#3297);
#3123=SURFACE_STYLE_USAGE(.BOTH.,#3298);
#3124=SURFACE_STYLE_USAGE(.BOTH.,#3299);
#3125=SURFACE_STYLE_USAGE(.BOTH.,#3300);
#3126=SURFACE_STYLE_USAGE(.BOTH.,#3301);
#3127=SURFACE_STYLE_USAGE(.BOTH.,#3302);
#3128=SURFACE_STYLE_USAGE(.BOTH.,#3303);
#3129=SURFACE_STYLE_USAGE(.BOTH.,#3304);
#3130=SURFACE_STYLE_USAGE(.BOTH.,#3305);
#3131=SURFACE_STYLE_USAGE(.BOTH.,#3306);
#3132=SURFACE_STYLE_USAGE(.BOTH.,#3307);
#3133=SURFACE_STYLE_USAGE(.BOTH.,#3308);
#3134=SURFACE_STYLE_USAGE(.BOTH.,#3309);
#3135=SURFACE_STYLE_USAGE(.BOTH.,#3310);
#3136=SURFACE_STYLE_USAGE(.BOTH.,#3311);
#3137=SURFACE_STYLE_USAGE(.BOTH.,#3312);
#3138=SURFACE_STYLE_USAGE(.BOTH.,#3313);
#3139=SURFACE_STYLE_USAGE(.BOTH.,#3314);
#3140=SURFACE_STYLE_USAGE(.BOTH.,#3315);
#3141=SURFACE_STYLE_USAGE(.BOTH.,#3316);
#3142=SURFACE_STYLE_USAGE(.BOTH.,#3317);
#3143=SURFACE_STYLE_USAGE(.BOTH.,#3318);
#3144=SURFACE_STYLE_USAGE(.BOTH.,#3319);
#3145=SURFACE_STYLE_USAGE(.BOTH.,#3320);
#3146=SURFACE_STYLE_USAGE(.BOTH.,#3321);
#3147=SURFACE_STYLE_USAGE(.BOTH.,#3322);
#3148=SURFACE_STYLE_USAGE(.BOTH.,#3323);
#3149=SURFACE_STYLE_USAGE(.BOTH.,#3324);
#3150=SURFACE_STYLE_USAGE(.BOTH.,#3325);
#3151=SURFACE_STYLE_USAGE(.BOTH.,#3326);
#3152=SURFACE_STYLE_USAGE(.BOTH.,#3327);
#3153=SURFACE_STYLE_USAGE(.BOTH.,#3328);
#3154=SURFACE_STYLE_USAGE(.BOTH.,#3329);
#3155=SURFACE_STYLE_USAGE(.BOTH.,#3330);
#3156=SURFACE_STYLE_USAGE(.BOTH.,#3331);
#3157=SURFACE_STYLE_USAGE(.BOTH.,#3332);
#3158=SURFACE_STYLE_USAGE(.BOTH.,#3333);
#3159=SURFACE_STYLE_USAGE(.BOTH.,#3334);
#3160=SURFACE_STYLE_USAGE(.BOTH.,#3335);
#3161=SURFACE_STYLE_USAGE(.BOTH.,#3336);
#3162=SURFACE_STYLE_USAGE(.BOTH.,#3337);
#3163=SURFACE_STYLE_USAGE(.BOTH.,#3338);
#3164=SURFACE_STYLE_USAGE(.BOTH.,#3339);
#3165=SURFACE_STYLE_USAGE(.BOTH.,#3340);
#3166=SURFACE_STYLE_USAGE(.BOTH.,#3341);
#3167=SURFACE_STYLE_USAGE(.BOTH.,#3342);
#3168=SURFACE_STYLE_USAGE(.BOTH.,#3343);
#3169=SURFACE_STYLE_USAGE(.BOTH.,#3344);
#3170=SURFACE_STYLE_USAGE(.BOTH.,#3345);
#3171=SURFACE_STYLE_USAGE(.BOTH.,#3346);
#3172=SURFACE_STYLE_USAGE(.BOTH.,#3347);
#3173=SURFACE_STYLE_USAGE(.BOTH.,#3348);
#3174=SURFACE_STYLE_USAGE(.BOTH.,#3349);
#3175=SURFACE_STYLE_USAGE(.BOTH.,#3350);
#3176=SURFACE_STYLE_USAGE(.BOTH.,#3351);
#3177=SURFACE_STYLE_USAGE(.BOTH.,#3352);
#3178=SURFACE_STYLE_USAGE(.BOTH.,#3353);
#3179=SURFACE_STYLE_USAGE(.BOTH.,#3354);
#3180=SURFACE_STYLE_USAGE(.BOTH.,#3355);
#3181=SURFACE_STYLE_USAGE(.BOTH.,#3356);
#3182=SURFACE_STYLE_USAGE(.BOTH.,#3357);
#3183=SURFACE_SIDE_STYLE('',(#3358));
#3184=SURFACE_SIDE_STYLE('',(#3359));
#3185=SURFACE_SIDE_STYLE('',(#3360));
#3186=SURFACE_SIDE_STYLE('',(#3361));
#3187=SURFACE_SIDE_STYLE('',(#3362));
#3188=SURFACE_SIDE_STYLE('',(#3363));
#3189=SURFACE_SIDE_STYLE('',(#3364));
#3190=SURFACE_SIDE_STYLE('',(#3365));
#3191=SURFACE_SIDE_STYLE('',(#3366));
#3192=SURFACE_SIDE_STYLE('',(#3367));
#3193=SURFACE_SIDE_STYLE('',(#3368));
#3194=SURFACE_SIDE_STYLE('',(#3369));
#3195=SURFACE_SIDE_STYLE('',(#3370));
#3196=SURFACE_SIDE_STYLE('',(#3371));
#3197=SURFACE_SIDE_STYLE('',(#3372));
#3198=SURFACE_SIDE_STYLE('',(#3373));
#3199=SURFACE_SIDE_STYLE('',(#3374));
#3200=SURFACE_SIDE_STYLE('',(#3375));
#3201=SURFACE_SIDE_STYLE('',(#3376));
#3202=SURFACE_SIDE_STYLE('',(#3377));
#3203=SURFACE_SIDE_STYLE('',(#3378));
#3204=SURFACE_SIDE_STYLE('',(#3379));
#3205=SURFACE_SIDE_STYLE('',(#3380));
#3206=SURFACE_SIDE_STYLE('',(#3381));
#3207=SURFACE_SIDE_STYLE('',(#3382));
#3208=SURFACE_SIDE_STYLE('',(#3383));
#3209=SURFACE_SIDE_STYLE('',(#3384));
#3210=SURFACE_SIDE_STYLE('',(#3385));
#3211=SURFACE_SIDE_STYLE('',(#3386));
#3212=SURFACE_SIDE_STYLE('',(#3387));
#3213=SURFACE_SIDE_STYLE('',(#3388));
#3214=SURFACE_SIDE_STYLE('',(#3389));
#3215=SURFACE_SIDE_STYLE('',(#3390));
#3216=SURFACE_SIDE_STYLE('',(#3391));
#3217=SURFACE_SIDE_STYLE('',(#3392));
#3218=SURFACE_SIDE_STYLE('',(#3393));
#3219=SURFACE_SIDE_STYLE('',(#3394));
#3220=SURFACE_SIDE_STYLE('',(#3395));
#3221=SURFACE_SIDE_STYLE('',(#3396));
#3222=SURFACE_SIDE_STYLE('',(#3397));
#3223=SURFACE_SIDE_STYLE('',(#3398));
#3224=SURFACE_SIDE_STYLE('',(#3399));
#3225=SURFACE_SIDE_STYLE('',(#3400));
#3226=SURFACE_SIDE_STYLE('',(#3401));
#3227=SURFACE_SIDE_STYLE('',(#3402));
#3228=SURFACE_SIDE_STYLE('',(#3403));
#3229=SURFACE_SIDE_STYLE('',(#3404));
#3230=SURFACE_SIDE_STYLE('',(#3405));
#3231=SURFACE_SIDE_STYLE('',(#3406));
#3232=SURFACE_SIDE_STYLE('',(#3407));
#3233=SURFACE_SIDE_STYLE('',(#3408));
#3234=SURFACE_SIDE_STYLE('',(#3409));
#3235=SURFACE_SIDE_STYLE('',(#3410));
#3236=SURFACE_SIDE_STYLE('',(#3411));
#3237=SURFACE_SIDE_STYLE('',(#3412));
#3238=SURFACE_SIDE_STYLE('',(#3413));
#3239=SURFACE_SIDE_STYLE('',(#3414));
#3240=SURFACE_SIDE_STYLE('',(#3415));
#3241=SURFACE_SIDE_STYLE('',(#3416));
#3242=SURFACE_SIDE_STYLE('',(#3417));
#3243=SURFACE_SIDE_STYLE('',(#3418));
#3244=SURFACE_SIDE_STYLE('',(#3419));
#3245=SURFACE_SIDE_STYLE('',(#3420));
#3246=SURFACE_SIDE_STYLE('',(#3421));
#3247=SURFACE_SIDE_STYLE('',(#3422));
#3248=SURFACE_SIDE_STYLE('',(#3423));
#3249=SURFACE_SIDE_STYLE('',(#3424));
#3250=SURFACE_SIDE_STYLE('',(#3425));
#3251=SURFACE_SIDE_STYLE('',(#3426));
#3252=SURFACE_SIDE_STYLE('',(#3427));
#3253=SURFACE_SIDE_STYLE('',(#3428));
#3254=SURFACE_SIDE_STYLE('',(#3429));
#3255=SURFACE_SIDE_STYLE('',(#3430));
#3256=SURFACE_SIDE_STYLE('',(#3431));
#3257=SURFACE_SIDE_STYLE('',(#3432));
#3258=SURFACE_SIDE_STYLE('',(#3433));
#3259=SURFACE_SIDE_STYLE('',(#3434));
#3260=SURFACE_SIDE_STYLE('',(#3435));
#3261=SURFACE_SIDE_STYLE('',(#3436));
#3262=SURFACE_SIDE_STYLE('',(#3437));
#3263=SURFACE_SIDE_STYLE('',(#3438));
#3264=SURFACE_SIDE_STYLE('',(#3439));
#3265=SURFACE_SIDE_STYLE('',(#3440));
#3266=SURFACE_SIDE_STYLE('',(#3441));
#3267=SURFACE_SIDE_STYLE('',(#3442));
#3268=SURFACE_SIDE_STYLE('',(#3443));
#3269=SURFACE_SIDE_STYLE('',(#3444));
#3270=SURFACE_SIDE_STYLE('',(#3445));
#3271=SURFACE_SIDE_STYLE('',(#3446));
#3272=SURFACE_SIDE_STYLE('',(#3447));
#3273=SURFACE_SIDE_STYLE('',(#3448));
#3274=SURFACE_SIDE_STYLE('',(#3449));
#3275=SURFACE_SIDE_STYLE('',(#3450));
#3276=SURFACE_SIDE_STYLE('',(#3451));
#3277=SURFACE_SIDE_STYLE('',(#3452));
#3278=SURFACE_SIDE_STYLE('',(#3453));
#3279=SURFACE_SIDE_STYLE('',(#3454));
#3280=SURFACE_SIDE_STYLE('',(#3455));
#3281=SURFACE_SIDE_STYLE('',(#3456));
#3282=SURFACE_SIDE_STYLE('',(#3457));
#3283=SURFACE_SIDE_STYLE('',(#3458));
#3284=SURFACE_SIDE_STYLE('',(#3459));
#3285=SURFACE_SIDE_STYLE('',(#3460));
#3286=SURFACE_SIDE_STYLE('',(#3461));
#3287=SURFACE_SIDE_STYLE('',(#3462));
#3288=SURFACE_SIDE_STYLE('',(#3463));
#3289=SURFACE_SIDE_STYLE('',(#3464));
#3290=SURFACE_SIDE_STYLE('',(#3465));
#3291=SURFACE_SIDE_STYLE('',(#3466));
#3292=SURFACE_SIDE_STYLE('',(#3467));
#3293=SURFACE_SIDE_STYLE('',(#3468));
#3294=SURFACE_SIDE_STYLE('',(#3469));
#3295=SURFACE_SIDE_STYLE('',(#3470));
#3296=SURFACE_SIDE_STYLE('',(#3471));
#3297=SURFACE_SIDE_STYLE('',(#3472));
#3298=SURFACE_SIDE_STYLE('',(#3473));
#3299=SURFACE_SIDE_STYLE('',(#3474));
#3300=SURFACE_SIDE_STYLE('',(#3475));
#3301=SURFACE_SIDE_STYLE('',(#3476));
#3302=SURFACE_SIDE_STYLE('',(#3477));
#3303=SURFACE_SIDE_STYLE('',(#3478));
#3304=SURFACE_SIDE_STYLE('',(#3479));
#3305=SURFACE_SIDE_STYLE('',(#3480));
#3306=SURFACE_SIDE_STYLE('',(#3481));
#3307=SURFACE_SIDE_STYLE('',(#3482));
#3308=SURFACE_SIDE_STYLE('',(#3483));
#3309=SURFACE_SIDE_STYLE('',(#3484));
#3310=SURFACE_SIDE_STYLE('',(#3485));
#3311=SURFACE_SIDE_STYLE('',(#3486));
#3312=SURFACE_SIDE_STYLE('',(#3487));
#3313=SURFACE_SIDE_STYLE('',(#3488));
#3314=SURFACE_SIDE_STYLE('',(#3489));
#3315=SURFACE_SIDE_STYLE('',(#3490));
#3316=SURFACE_SIDE_STYLE('',(#3491));
#3317=SURFACE_SIDE_STYLE('',(#3492));
#3318=SURFACE_SIDE_STYLE('',(#3493));
#3319=SURFACE_SIDE_STYLE('',(#3494));
#3320=SURFACE_SIDE_STYLE('',(#3495));
#3321=SURFACE_SIDE_STYLE('',(#3496));
#3322=SURFACE_SIDE_STYLE('',(#3497));
#3323=SURFACE_SIDE_STYLE('',(#3498));
#3324=SURFACE_SIDE_STYLE('',(#3499));
#3325=SURFACE_SIDE_STYLE('',(#3500));
#3326=SURFACE_SIDE_STYLE('',(#3501));
#3327=SURFACE_SIDE_STYLE('',(#3502));
#3328=SURFACE_SIDE_STYLE('',(#3503));
#3329=SURFACE_SIDE_STYLE('',(#3504));
#3330=SURFACE_SIDE_STYLE('',(#3505));
#3331=SURFACE_SIDE_STYLE('',(#3506));
#3332=SURFACE_SIDE_STYLE('',(#3507));
#3333=SURFACE_SIDE_STYLE('',(#3508));
#3334=SURFACE_SIDE_STYLE('',(#3509));
#3335=SURFACE_SIDE_STYLE('',(#3510));
#3336=SURFACE_SIDE_STYLE('',(#3511));
#3337=SURFACE_SIDE_STYLE('',(#3512));
#3338=SURFACE_SIDE_STYLE('',(#3513));
#3339=SURFACE_SIDE_STYLE('',(#3514));
#3340=SURFACE_SIDE_STYLE('',(#3515));
#3341=SURFACE_SIDE_STYLE('',(#3516));
#3342=SURFACE_SIDE_STYLE('',(#3517));
#3343=SURFACE_SIDE_STYLE('',(#3518));
#3344=SURFACE_SIDE_STYLE('',(#3519));
#3345=SURFACE_SIDE_STYLE('',(#3520));
#3346=SURFACE_SIDE_STYLE('',(#3521));
#3347=SURFACE_SIDE_STYLE('',(#3522));
#3348=SURFACE_SIDE_STYLE('',(#3523));
#3349=SURFACE_SIDE_STYLE('',(#3524));
#3350=SURFACE_SIDE_STYLE('',(#3525));
#3351=SURFACE_SIDE_STYLE('',(#3526));
#3352=SURFACE_SIDE_STYLE('',(#3527));
#3353=SURFACE_SIDE_STYLE('',(#3528));
#3354=SURFACE_SIDE_STYLE('',(#3529));
#3355=SURFACE_SIDE_STYLE('',(#3530));
#3356=SURFACE_SIDE_STYLE('',(#3531));
#3357=SURFACE_SIDE_STYLE('',(#3532));
#3358=SURFACE_STYLE_FILL_AREA(#3533);
#3359=SURFACE_STYLE_FILL_AREA(#3534);
#3360=SURFACE_STYLE_FILL_AREA(#3535);
#3361=SURFACE_STYLE_FILL_AREA(#3536);
#3362=SURFACE_STYLE_FILL_AREA(#3537);
#3363=SURFACE_STYLE_FILL_AREA(#3538);
#3364=SURFACE_STYLE_FILL_AREA(#3539);
#3365=SURFACE_STYLE_FILL_AREA(#3540);
#3366=SURFACE_STYLE_FILL_AREA(#3541);
#3367=SURFACE_STYLE_FILL_AREA(#3542);
#3368=SURFACE_STYLE_FILL_AREA(#3543);
#3369=SURFACE_STYLE_FILL_AREA(#3544);
#3370=SURFACE_STYLE_FILL_AREA(#3545);
#3371=SURFACE_STYLE_FILL_AREA(#3546);
#3372=SURFACE_STYLE_FILL_AREA(#3547);
#3373=SURFACE_STYLE_FILL_AREA(#3548);
#3374=SURFACE_STYLE_FILL_AREA(#3549);
#3375=SURFACE_STYLE_FILL_AREA(#3550);
#3376=SURFACE_STYLE_FILL_AREA(#3551);
#3377=SURFACE_STYLE_FILL_AREA(#3552);
#3378=SURFACE_STYLE_FILL_AREA(#3553);
#3379=SURFACE_STYLE_FILL_AREA(#3554);
#3380=SURFACE_STYLE_FILL_AREA(#3555);
#3381=SURFACE_STYLE_FILL_AREA(#3556);
#3382=SURFACE_STYLE_FILL_AREA(#3557);
#3383=SURFACE_STYLE_FILL_AREA(#3558);
#3384=SURFACE_STYLE_FILL_AREA(#3559);
#3385=SURFACE_STYLE_FILL_AREA(#3560);
#3386=SURFACE_STYLE_FILL_AREA(#3561);
#3387=SURFACE_STYLE_FILL_AREA(#3562);
#3388=SURFACE_STYLE_FILL_AREA(#3563);
#3389=SURFACE_STYLE_FILL_AREA(#3564);
#3390=SURFACE_STYLE_FILL_AREA(#3565);
#3391=SURFACE_STYLE_FILL_AREA(#3566);
#3392=SURFACE_STYLE_FILL_AREA(#3567);
#3393=SURFACE_STYLE_FILL_AREA(#3568);
#3394=SURFACE_STYLE_FILL_AREA(#3569);
#3395=SURFACE_STYLE_FILL_AREA(#3570);
#3396=SURFACE_STYLE_FILL_AREA(#3571);
#3397=SURFACE_STYLE_FILL_AREA(#3572);
#3398=SURFACE_STYLE_FILL_AREA(#3573);
#3399=SURFACE_STYLE_FILL_AREA(#3574);
#3400=SURFACE_STYLE_FILL_AREA(#3575);
#3401=SURFACE_STYLE_FILL_AREA(#3576);
#3402=SURFACE_STYLE_FILL_AREA(#3577);
#3403=SURFACE_STYLE_FILL_AREA(#3578);
#3404=SURFACE_STYLE_FILL_AREA(#3579);
#3405=SURFACE_STYLE_FILL_AREA(#3580);
#3406=SURFACE_STYLE_FILL_AREA(#3581);
#3407=SURFACE_STYLE_FILL_AREA(#3582);
#3408=SURFACE_STYLE_FILL_AREA(#3583);
#3409=SURFACE_STYLE_FILL_AREA(#3584);
#3410=SURFACE_STYLE_FILL_AREA(#3585);
#3411=SURFACE_STYLE_FILL_AREA(#3586);
#3412=SURFACE_STYLE_FILL_AREA(#3587);
#3413=SURFACE_STYLE_FILL_AREA(#3588);
#3414=SURFACE_STYLE_FILL_AREA(#3589);
#3415=SURFACE_STYLE_FILL_AREA(#3590);
#3416=SURFACE_STYLE_FILL_AREA(#3591);
#3417=SURFACE_STYLE_FILL_AREA(#3592);
#3418=SURFACE_STYLE_FILL_AREA(#3593);
#3419=SURFACE_STYLE_FILL_AREA(#3594);
#3420=SURFACE_STYLE_FILL_AREA(#3595);
#3421=SURFACE_STYLE_FILL_AREA(#3596);
#3422=SURFACE_STYLE_FILL_AREA(#3597);
#3423=SURFACE_STYLE_FILL_AREA(#3598);
#3424=SURFACE_STYLE_FILL_AREA(#3599);
#3425=SURFACE_STYLE_FILL_AREA(#3600);
#3426=SURFACE_STYLE_FILL_AREA(#3601);
#3427=SURFACE_STYLE_FILL_AREA(#3602);
#3428=SURFACE_STYLE_FILL_AREA(#3603);
#3429=SURFACE_STYLE_FILL_AREA(#3604);
#3430=SURFACE_STYLE_FILL_AREA(#3605);
#3431=SURFACE_STYLE_FILL_AREA(#3606);
#3432=SURFACE_STYLE_FILL_AREA(#3607);
#3433=SURFACE_STYLE_FILL_AREA(#3608);
#3434=SURFACE_STYLE_FILL_AREA(#3609);
#3435=SURFACE_STYLE_FILL_AREA(#3610);
#3436=SURFACE_STYLE_FILL_AREA(#3611);
#3437=SURFACE_STYLE_FILL_AREA(#3612);
#3438=SURFACE_STYLE_FILL_AREA(#3613);
#3439=SURFACE_STYLE_FILL_AREA(#3614);
#3440=SURFACE_STYLE_FILL_AREA(#3615);
#3441=SURFACE_STYLE_FILL_AREA(#3616);
#3442=SURFACE_STYLE_FILL_AREA(#3617);
#3443=SURFACE_STYLE_FILL_AREA(#3618);
#3444=SURFACE_STYLE_FILL_AREA(#3619);
#3445=SURFACE_STYLE_FILL_AREA(#3620);
#3446=SURFACE_STYLE_FILL_AREA(#3621);
#3447=SURFACE_STYLE_FILL_AREA(#3622);
#3448=SURFACE_STYLE_FILL_AREA(#3623);
#3449=SURFACE_STYLE_FILL_AREA(#3624);
#3450=SURFACE_STYLE_FILL_AREA(#3625);
#3451=SURFACE_STYLE_FILL_AREA(#3626);
#3452=SURFACE_STYLE_FILL_AREA(#3627);
#3453=SURFACE_STYLE_FILL_AREA(#3628);
#3454=SURFACE_STYLE_FILL_AREA(#3629);
#3455=SURFACE_STYLE_FILL_AREA(#3630);
#3456=SURFACE_STYLE_FILL_AREA(#3631);
#3457=SURFACE_STYLE_FILL_AREA(#3632);
#3458=SURFACE_STYLE_FILL_AREA(#3633);
#3459=SURFACE_STYLE_FILL_AREA(#3634);
#3460=SURFACE_STYLE_FILL_AREA(#3635);
#3461=SURFACE_STYLE_FILL_AREA(#3636);
#3462=SURFACE_STYLE_FILL_AREA(#3637);
#3463=SURFACE_STYLE_FILL_AREA(#3638);
#3464=SURFACE_STYLE_FILL_AREA(#3639);
#3465=SURFACE_STYLE_FILL_AREA(#3640);
#3466=SURFACE_STYLE_FILL_AREA(#3641);
#3467=SURFACE_STYLE_FILL_AREA(#3642);
#3468=SURFACE_STYLE_FILL_AREA(#3643);
#3469=SURFACE_STYLE_FILL_AREA(#3644);
#3470=SURFACE_STYLE_FILL_AREA(#3645);
#3471=SURFACE_STYLE_FILL_AREA(#3646);
#3472=SURFACE_STYLE_FILL_AREA(#3647);
#3473=SURFACE_STYLE_FILL_AREA(#3648);
#3474=SURFACE_STYLE_FILL_AREA(#3649);
#3475=SURFACE_STYLE_FILL_AREA(#3650);
#3476=SURFACE_STYLE_FILL_AREA(#3651);
#3477=SURFACE_STYLE_FILL_AREA(#3652);
#3478=SURFACE_STYLE_FILL_AREA(#3653);
#3479=SURFACE_STYLE_FILL_AREA(#3654);
#3480=SURFACE_STYLE_FILL_AREA(#3655);
#3481=SURFACE_STYLE_FILL_AREA(#3656);
#3482=SURFACE_STYLE_FILL_AREA(#3657);
#3483=SURFACE_STYLE_FILL_AREA(#3658);
#3484=SURFACE_STYLE_FILL_AREA(#3659);
#3485=SURFACE_STYLE_FILL_AREA(#3660);
#3486=SURFACE_STYLE_FILL_AREA(#3661);
#3487=SURFACE_STYLE_FILL_AREA(#3662);
#3488=SURFACE_STYLE_FILL_AREA(#3663);
#3489=SURFACE_STYLE_FILL_AREA(#3664);
#3490=SURFACE_STYLE_FILL_AREA(#3665);
#3491=SURFACE_STYLE_FILL_AREA(#3666);
#3492=SURFACE_STYLE_FILL_AREA(#3667);
#3493=SURFACE_STYLE_FILL_AREA(#3668);
#3494=SURFACE_STYLE_FILL_AREA(#3669);
#3495=SURFACE_STYLE_FILL_AREA(#3670);
#3496=SURFACE_STYLE_FILL_AREA(#3671);
#3497=SURFACE_STYLE_FILL_AREA(#3672);
#3498=SURFACE_STYLE_FILL_AREA(#3673);
#3499=SURFACE_STYLE_FILL_AREA(#3674);
#3500=SURFACE_STYLE_FILL_AREA(#3675);
#3501=SURFACE_STYLE_FILL_AREA(#3676);
#3502=SURFACE_STYLE_FILL_AREA(#3677);
#3503=SURFACE_STYLE_FILL_AREA(#3678);
#3504=SURFACE_STYLE_FILL_AREA(#3679);
#3505=SURFACE_STYLE_FILL_AREA(#3680);
#3506=SURFACE_STYLE_FILL_AREA(#3681);
#3507=SURFACE_STYLE_FILL_AREA(#3682);
#3508=SURFACE_STYLE_FILL_AREA(#3683);
#3509=SURFACE_STYLE_FILL_AREA(#3684);
#3510=SURFACE_STYLE_FILL_AREA(#3685);
#3511=SURFACE_STYLE_FILL_AREA(#3686);
#3512=SURFACE_STYLE_FILL_AREA(#3687);
#3513=SURFACE_STYLE_FILL_AREA(#3688);
#3514=SURFACE_STYLE_FILL_AREA(#3689);
#3515=SURFACE_STYLE_FILL_AREA(#3690);
#3516=SURFACE_STYLE_FILL_AREA(#3691);
#3517=SURFACE_STYLE_FILL_AREA(#3692);
#3518=SURFACE_STYLE_FILL_AREA(#3693);
#3519=SURFACE_STYLE_FILL_AREA(#3694);
#3520=SURFACE_STYLE_FILL_AREA(#3695);
#3521=SURFACE_STYLE_FILL_AREA(#3696);
#3522=SURFACE_STYLE_FILL_AREA(#3697);
#3523=SURFACE_STYLE_FILL_AREA(#3698);
#3524=SURFACE_STYLE_FILL_AREA(#3699);
#3525=SURFACE_STYLE_FILL_AREA(#3700);
#3526=SURFACE_STYLE_FILL_AREA(#3701);
#3527=SURFACE_STYLE_FILL_AREA(#3702);
#3528=SURFACE_STYLE_FILL_AREA(#3703);
#3529=SURFACE_STYLE_FILL_AREA(#3704);
#3530=SURFACE_STYLE_FILL_AREA(#3705);
#3531=SURFACE_STYLE_FILL_AREA(#3706);
#3532=SURFACE_STYLE_FILL_AREA(#3707);
#3533=FILL_AREA_STYLE('',(#3708));
#3534=FILL_AREA_STYLE('',(#3709));
#3535=FILL_AREA_STYLE('',(#3710));
#3536=FILL_AREA_STYLE('',(#3711));
#3537=FILL_AREA_STYLE('',(#3712));
#3538=FILL_AREA_STYLE('',(#3713));
#3539=FILL_AREA_STYLE('',(#3714));
#3540=FILL_AREA_STYLE('',(#3715));
#3541=FILL_AREA_STYLE('',(#3716));
#3542=FILL_AREA_STYLE('',(#3717));
#3543=FILL_AREA_STYLE('',(#3718));
#3544=FILL_AREA_STYLE('',(#3719));
#3545=FILL_AREA_STYLE('',(#3720));
#3546=FILL_AREA_STYLE('',(#3721));
#3547=FILL_AREA_STYLE('',(#3722));
#3548=FILL_AREA_STYLE('',(#3723));
#3549=FILL_AREA_STYLE('',(#3724));
#3550=FILL_AREA_STYLE('',(#3725));
#3551=FILL_AREA_STYLE('',(#3726));
#3552=FILL_AREA_STYLE('',(#3727));
#3553=FILL_AREA_STYLE('',(#3728));
#3554=FILL_AREA_STYLE('',(#3729));
#3555=FILL_AREA_STYLE('',(#3730));
#3556=FILL_AREA_STYLE('',(#3731));
#3557=FILL_AREA_STYLE('',(#3732));
#3558=FILL_AREA_STYLE('',(#3733));
#3559=FILL_AREA_STYLE('',(#3734));
#3560=FILL_AREA_STYLE('',(#3735));
#3561=FILL_AREA_STYLE('',(#3736));
#3562=FILL_AREA_STYLE('',(#3737));
#3563=FILL_AREA_STYLE('',(#3738));
#3564=FILL_AREA_STYLE('',(#3739));
#3565=FILL_AREA_STYLE('',(#3740));
#3566=FILL_AREA_STYLE('',(#3741));
#3567=FILL_AREA_STYLE('',(#3742));
#3568=FILL_AREA_STYLE('',(#3743));
#3569=FILL_AREA_STYLE('',(#3744));
#3570=FILL_AREA_STYLE('',(#3745));
#3571=FILL_AREA_STYLE('',(#3746));
#3572=FILL_AREA_STYLE('',(#3747));
#3573=FILL_AREA_STYLE('',(#3748));
#3574=FILL_AREA_STYLE('',(#3749));
#3575=FILL_AREA_STYLE('',(#3750));
#3576=FILL_AREA_STYLE('',(#3751));
#3577=FILL_AREA_STYLE('',(#3752));
#3578=FILL_AREA_STYLE('',(#3753));
#3579=FILL_AREA_STYLE('',(#3754));
#3580=FILL_AREA_STYLE('',(#3755));
#3581=FILL_AREA_STYLE('',(#3756));
#3582=FILL_AREA_STYLE('',(#3757));
#3583=FILL_AREA_STYLE('',(#3758));
#3584=FILL_AREA_STYLE('',(#3759));
#3585=FILL_AREA_STYLE('',(#3760));
#3586=FILL_AREA_STYLE('',(#3761));
#3587=FILL_AREA_STYLE('',(#3762));
#3588=FILL_AREA_STYLE('',(#3763));
#3589=FILL_AREA_STYLE('',(#3764));
#3590=FILL_AREA_STYLE('',(#3765));
#3591=FILL_AREA_STYLE('',(#3766));
#3592=FILL_AREA_STYLE('',(#3767));
#3593=FILL_AREA_STYLE('',(#3768));
#3594=FILL_AREA_STYLE('',(#3769));
#3595=FILL_AREA_STYLE('',(#3770));
#3596=FILL_AREA_STYLE('',(#3771));
#3597=FILL_AREA_STYLE('',(#3772));
#3598=FILL_AREA_STYLE('',(#3773));
#3599=FILL_AREA_STYLE('',(#3774));
#3600=FILL_AREA_STYLE('',(#3775));
#3601=FILL_AREA_STYLE('',(#3776));
#3602=FILL_AREA_STYLE('',(#3777));
#3603=FILL_AREA_STYLE('',(#3778));
#3604=FILL_AREA_STYLE('',(#3779));
#3605=FILL_AREA_STYLE('',(#3780));
#3606=FILL_AREA_STYLE('',(#3781));
#3607=FILL_AREA_STYLE('',(#3782));
#3608=FILL_AREA_STYLE('',(#3783));
#3609=FILL_AREA_STYLE('',(#3784));
#3610=FILL_AREA_STYLE('',(#3785));
#3611=FILL_AREA_STYLE('',(#3786));
#3612=FILL_AREA_STYLE('',(#3787));
#3613=FILL_AREA_STYLE('',(#3788));
#3614=FILL_AREA_STYLE('',(#3789));
#3615=FILL_AREA_STYLE('',(#3790));
#3616=FILL_AREA_STYLE('',(#3791));
#3617=FILL_AREA_STYLE('',(#3792));
#3618=FILL_AREA_STYLE('',(#3793));
#3619=FILL_AREA_STYLE('',(#3794));
#3620=FILL_AREA_STYLE('',(#3795));
#3621=FILL_AREA_STYLE('',(#3796));
#3622=FILL_AREA_STYLE('',(#3797));
#3623=FILL_AREA_STYLE('',(#3798));
#3624=FILL_AREA_STYLE('',(#3799));
#3625=FILL_AREA_STYLE('',(#3800));
#3626=FILL_AREA_STYLE('',(#3801));
#3627=FILL_AREA_STYLE('',(#3802));
#3628=FILL_AREA_STYLE('',(#3803));
#3629=FILL_AREA_STYLE('',(#3804));
#3630=FILL_AREA_STYLE('',(#3805));
#3631=FILL_AREA_STYLE('',(#3806));
#3632=FILL_AREA_STYLE('',(#3807));
#3633=FILL_AREA_STYLE('',(#3808));
#3634=FILL_AREA_STYLE('',(#3809));
#3635=FILL_AREA_STYLE('',(#3810));
#3636=FILL_AREA_STYLE('',(#3811));
#3637=FILL_AREA_STYLE('',(#3812));
#3638=FILL_AREA_STYLE('',(#3813));
#3639=FILL_AREA_STYLE('',(#3814));
#3640=FILL_AREA_STYLE('',(#3815));
#3641=FILL_AREA_STYLE('',(#3816));
#3642=FILL_AREA_STYLE('',(#3817));
#3643=FILL_AREA_STYLE('',(#3818));
#3644=FILL_AREA_STYLE('',(#3819));
#3645=FILL_AREA_STYLE('',(#3820));
#3646=FILL_AREA_STYLE('',(#3821));
#3647=FILL_AREA_STYLE('',(#3822));
#3648=FILL_AREA_STYLE('',(#3823));
#3649=FILL_AREA_STYLE('',(#3824));
#3650=FILL_AREA_STYLE('',(#3825));
#3651=FILL_AREA_STYLE('',(#3826));
#3652=FILL_AREA_STYLE('',(#3827));
#3653=FILL_AREA_STYLE('',(#3828));
#3654=FILL_AREA_STYLE('',(#3829));
#3655=FILL_AREA_STYLE('',(#3830));
#3656=FILL_AREA_STYLE('',(#3831));
#3657=FILL_AREA_STYLE('',(#3832));
#3658=FILL_AREA_STYLE('',(#3833));
#3659=FILL_AREA_STYLE('',(#3834));
#3660=FILL_AREA_STYLE('',(#3835));
#3661=FILL_AREA_STYLE('',(#3836));
#3662=FILL_AREA_STYLE('',(#3837));
#3663=FILL_AREA_STYLE('',(#3838));
#3664=FILL_AREA_STYLE('',(#3839));
#3665=FILL_AREA_STYLE('',(#3840));
#3666=FILL_AREA_STYLE('',(#3841));
#3667=FILL_AREA_STYLE('',(#3842));
#3668=FILL_AREA_STYLE('',(#3843));
#3669=FILL_AREA_STYLE('',(#3844));
#3670=FILL_AREA_STYLE('',(#3845));
#3671=FILL_AREA_STYLE('',(#3846));
#3672=FILL_AREA_STYLE('',(#3847));
#3673=FILL_AREA_STYLE('',(#3848));
#3674=FILL_AREA_STYLE('',(#3849));
#3675=FILL_AREA_STYLE('',(#3850));
#3676=FILL_AREA_STYLE('',(#3851));
#3677=FILL_AREA_STYLE('',(#3852));
#3678=FILL_AREA_STYLE('',(#3853));
#3679=FILL_AREA_STYLE('',(#3854));
#3680=FILL_AREA_STYLE('',(#3855));
#3681=FILL_AREA_STYLE('',(#3856));
#3682=FILL_AREA_STYLE('',(#3857));
#3683=FILL_AREA_STYLE('',(#3858));
#3684=FILL_AREA_STYLE('',(#3859));
#3685=FILL_AREA_STYLE('',(#3860));
#3686=FILL_AREA_STYLE('',(#3861));
#3687=FILL_AREA_STYLE('',(#3862));
#3688=FILL_AREA_STYLE('',(#3863));
#3689=FILL_AREA_STYLE('',(#3864));
#3690=FILL_AREA_STYLE('',(#3865));
#3691=FILL_AREA_STYLE('',(#3866));
#3692=FILL_AREA_STYLE('',(#3867));
#3693=FILL_AREA_STYLE('',(#3868));
#3694=FILL_AREA_STYLE('',(#3869));
#3695=FILL_AREA_STYLE('',(#3870));
#3696=FILL_AREA_STYLE('',(#3871));
#3697=FILL_AREA_STYLE('',(#3872));
#3698=FILL_AREA_STYLE('',(#3873));
#3699=FILL_AREA_STYLE('',(#3874));
#3700=FILL_AREA_STYLE('',(#3875));
#3701=FILL_AREA_STYLE('',(#3876));
#3702=FILL_AREA_STYLE('',(#3877));
#3703=FILL_AREA_STYLE('',(#3878));
#3704=FILL_AREA_STYLE('',(#3879));
#3705=FILL_AREA_STYLE('',(#3880));
#3706=FILL_AREA_STYLE('',(#3881));
#3707=FILL_AREA_STYLE('',(#3882));
#3708=FILL_AREA_STYLE_COLOUR('',#3883);
#3709=FILL_AREA_STYLE_COLOUR('',#3884);
#3710=FILL_AREA_STYLE_COLOUR('',#3884);
#3711=FILL_AREA_STYLE_COLOUR('',#3884);
#3712=FILL_AREA_STYLE_COLOUR('',#3883);
#3713=FILL_AREA_STYLE_COLOUR('',#3884);
#3714=FILL_AREA_STYLE_COLOUR('',#3884);
#3715=FILL_AREA_STYLE_COLOUR('',#3884);
#3716=FILL_AREA_STYLE_COLOUR('',#3883);
#3717=FILL_AREA_STYLE_COLOUR('',#3884);
#3718=FILL_AREA_STYLE_COLOUR('',#3884);
#3719=FILL_AREA_STYLE_COLOUR('',#3883);
#3720=FILL_AREA_STYLE_COLOUR('',#3884);
#3721=FILL_AREA_STYLE_COLOUR('',#3884);
#3722=FILL_AREA_STYLE_COLOUR('',#3883);
#3723=FILL_AREA_STYLE_COLOUR('',#3884);
#3724=FILL_AREA_STYLE_COLOUR('',#3884);
#3725=FILL_AREA_STYLE_COLOUR('',#3883);
#3726=FILL_AREA_STYLE_COLOUR('',#3884);
#3727=FILL_AREA_STYLE_COLOUR('',#3884);
#3728=FILL_AREA_STYLE_COLOUR('',#3884);
#3729=FILL_AREA_STYLE_COLOUR('',#3884);
#3730=FILL_AREA_STYLE_COLOUR('',#3884);
#3731=FILL_AREA_STYLE_COLOUR('',#3884);
#3732=FILL_AREA_STYLE_COLOUR('',#3884);
#3733=FILL_AREA_STYLE_COLOUR('',#3884);
#3734=FILL_AREA_STYLE_COLOUR('',#3884);
#3735=FILL_AREA_STYLE_COLOUR('',#3884);
#3736=FILL_AREA_STYLE_COLOUR('',#3884);
#3737=FILL_AREA_STYLE_COLOUR('',#3884);
#3738=FILL_AREA_STYLE_COLOUR('',#3884);
#3739=FILL_AREA_STYLE_COLOUR('',#3884);
#3740=FILL_AREA_STYLE_COLOUR('',#3884);
#3741=FILL_AREA_STYLE_COLOUR('',#3884);
#3742=FILL_AREA_STYLE_COLOUR('',#3884);
#3743=FILL_AREA_STYLE_COLOUR('',#3884);
#3744=FILL_AREA_STYLE_COLOUR('',#3884);
#3745=FILL_AREA_STYLE_COLOUR('',#3884);
#3746=FILL_AREA_STYLE_COLOUR('',#3884);
#3747=FILL_AREA_STYLE_COLOUR('',#3884);
#3748=FILL_AREA_STYLE_COLOUR('',#3884);
#3749=FILL_AREA_STYLE_COLOUR('',#3884);
#3750=FILL_AREA_STYLE_COLOUR('',#3884);
#3751=FILL_AREA_STYLE_COLOUR('',#3884);
#3752=FILL_AREA_STYLE_COLOUR('',#3884);
#3753=FILL_AREA_STYLE_COLOUR('',#3884);
#3754=FILL_AREA_STYLE_COLOUR('',#3884);
#3755=FILL_AREA_STYLE_COLOUR('',#3884);
#3756=FILL_AREA_STYLE_COLOUR('',#3884);
#3757=FILL_AREA_STYLE_COLOUR('',#3884);
#3758=FILL_AREA_STYLE_COLOUR('',#3884);
#3759=FILL_AREA_STYLE_COLOUR('',#3884);
#3760=FILL_AREA_STYLE_COLOUR('',#3884);
#3761=FILL_AREA_STYLE_COLOUR('',#3884);
#3762=FILL_AREA_STYLE_COLOUR('',#3884);
#3763=FILL_AREA_STYLE_COLOUR('',#3884);
#3764=FILL_AREA_STYLE_COLOUR('',#3884);
#3765=FILL_AREA_STYLE_COLOUR('',#3884);
#3766=FILL_AREA_STYLE_COLOUR('',#3884);
#3767=FILL_AREA_STYLE_COLOUR('',#3884);
#3768=FILL_AREA_STYLE_COLOUR('',#3884);
#3769=FILL_AREA_STYLE_COLOUR('',#3884);
#3770=FILL_AREA_STYLE_COLOUR('',#3884);
#3771=FILL_AREA_STYLE_COLOUR('',#3884);
#3772=FILL_AREA_STYLE_COLOUR('',#3884);
#3773=FILL_AREA_STYLE_COLOUR('',#3884);
#3774=FILL_AREA_STYLE_COLOUR('',#3884);
#3775=FILL_AREA_STYLE_COLOUR('',#3884);
#3776=FILL_AREA_STYLE_COLOUR('',#3884);
#3777=FILL_AREA_STYLE_COLOUR('',#3884);
#3778=FILL_AREA_STYLE_COLOUR('',#3884);
#3779=FILL_AREA_STYLE_COLOUR('',#3884);
#3780=FILL_AREA_STYLE_COLOUR('',#3884);
#3781=FILL_AREA_STYLE_COLOUR('',#3884);
#3782=FILL_AREA_STYLE_COLOUR('',#3884);
#3783=FILL_AREA_STYLE_COLOUR('',#3884);
#3784=FILL_AREA_STYLE_COLOUR('',#3884);
#3785=FILL_AREA_STYLE_COLOUR('',#3884);
#3786=FILL_AREA_STYLE_COLOUR('',#3884);
#3787=FILL_AREA_STYLE_COLOUR('',#3884);
#3788=FILL_AREA_STYLE_COLOUR('',#3884);
#3789=FILL_AREA_STYLE_COLOUR('',#3884);
#3790=FILL_AREA_STYLE_COLOUR('',#3884);
#3791=FILL_AREA_STYLE_COLOUR('',#3884);
#3792=FILL_AREA_STYLE_COLOUR('',#3884);
#3793=FILL_AREA_STYLE_COLOUR('',#3884);
#3794=FILL_AREA_STYLE_COLOUR('',#3884);
#3795=FILL_AREA_STYLE_COLOUR('',#3884);
#3796=FILL_AREA_STYLE_COLOUR('',#3884);
#3797=FILL_AREA_STYLE_COLOUR('',#3884);
#3798=FILL_AREA_STYLE_COLOUR('',#3884);
#3799=FILL_AREA_STYLE_COLOUR('',#3884);
#3800=FILL_AREA_STYLE_COLOUR('',#3884);
#3801=FILL_AREA_STYLE_COLOUR('',#3884);
#3802=FILL_AREA_STYLE_COLOUR('',#3884);
#3803=FILL_AREA_STYLE_COLOUR('',#3884);
#3804=FILL_AREA_STYLE_COLOUR('',#3884);
#3805=FILL_AREA_STYLE_COLOUR('',#3884);
#3806=FILL_AREA_STYLE_COLOUR('',#3884);
#3807=FILL_AREA_STYLE_COLOUR('',#3884);
#3808=FILL_AREA_STYLE_COLOUR('',#3884);
#3809=FILL_AREA_STYLE_COLOUR('',#3884);
#3810=FILL_AREA_STYLE_COLOUR('',#3884);
#3811=FILL_AREA_STYLE_COLOUR('',#3884);
#3812=FILL_AREA_STYLE_COLOUR('',#3884);
#3813=FILL_AREA_STYLE_COLOUR('',#3884);
#3814=FILL_AREA_STYLE_COLOUR('',#3884);
#3815=FILL_AREA_STYLE_COLOUR('',#3884);
#3816=FILL_AREA_STYLE_COLOUR('',#3884);
#3817=FILL_AREA_STYLE_COLOUR('',#3884);
#3818=FILL_AREA_STYLE_COLOUR('',#3884);
#3819=FILL_AREA_STYLE_COLOUR('',#3884);
#3820=FILL_AREA_STYLE_COLOUR('',#3884);
#3821=FILL_AREA_STYLE_COLOUR('',#3884);
#3822=FILL_AREA_STYLE_COLOUR('',#3884);
#3823=FILL_AREA_STYLE_COLOUR('',#3884);
#3824=FILL_AREA_STYLE_COLOUR('',#3884);
#3825=FILL_AREA_STYLE_COLOUR('',#3884);
#3826=FILL_AREA_STYLE_COLOUR('',#3884);
#3827=FILL_AREA_STYLE_COLOUR('',#3884);
#3828=FILL_AREA_STYLE_COLOUR('',#3884);
#3829=FILL_AREA_STYLE_COLOUR('',#3884);
#3830=FILL_AREA_STYLE_COLOUR('',#3884);
#3831=FILL_AREA_STYLE_COLOUR('',#3884);
#3832=FILL_AREA_STYLE_COLOUR('',#3884);
#3833=FILL_AREA_STYLE_COLOUR('',#3884);
#3834=FILL_AREA_STYLE_COLOUR('',#3884);
#3835=FILL_AREA_STYLE_COLOUR('',#3884);
#3836=FILL_AREA_STYLE_COLOUR('',#3884);
#3837=FILL_AREA_STYLE_COLOUR('',#3884);
#3838=FILL_AREA_STYLE_COLOUR('',#3885);
#3839=FILL_AREA_STYLE_COLOUR('',#3885);
#3840=FILL_AREA_STYLE_COLOUR('',#3885);
#3841=FILL_AREA_STYLE_COLOUR('',#3885);
#3842=FILL_AREA_STYLE_COLOUR('',#3885);
#3843=FILL_AREA_STYLE_COLOUR('',#3885);
#3844=FILL_AREA_STYLE_COLOUR('',#3885);
#3845=FILL_AREA_STYLE_COLOUR('',#3885);
#3846=FILL_AREA_STYLE_COLOUR('',#3885);
#3847=FILL_AREA_STYLE_COLOUR('',#3885);
#3848=FILL_AREA_STYLE_COLOUR('',#3885);
#3849=FILL_AREA_STYLE_COLOUR('',#3885);
#3850=FILL_AREA_STYLE_COLOUR('',#3885);
#3851=FILL_AREA_STYLE_COLOUR('',#3885);
#3852=FILL_AREA_STYLE_COLOUR('',#3885);
#3853=FILL_AREA_STYLE_COLOUR('',#3885);
#3854=FILL_AREA_STYLE_COLOUR('',#3885);
#3855=FILL_AREA_STYLE_COLOUR('',#3885);
#3856=FILL_AREA_STYLE_COLOUR('',#3885);
#3857=FILL_AREA_STYLE_COLOUR('',#3885);
#3858=FILL_AREA_STYLE_COLOUR('',#3885);
#3859=FILL_AREA_STYLE_COLOUR('',#3885);
#3860=FILL_AREA_STYLE_COLOUR('',#3885);
#3861=FILL_AREA_STYLE_COLOUR('',#3885);
#3862=FILL_AREA_STYLE_COLOUR('',#3885);
#3863=FILL_AREA_STYLE_COLOUR('',#3885);
#3864=FILL_AREA_STYLE_COLOUR('',#3885);
#3865=FILL_AREA_STYLE_COLOUR('',#3885);
#3866=FILL_AREA_STYLE_COLOUR('',#3885);
#3867=FILL_AREA_STYLE_COLOUR('',#3885);
#3868=FILL_AREA_STYLE_COLOUR('',#3885);
#3869=FILL_AREA_STYLE_COLOUR('',#3885);
#3870=FILL_AREA_STYLE_COLOUR('',#3885);
#3871=FILL_AREA_STYLE_COLOUR('',#3885);
#3872=FILL_AREA_STYLE_COLOUR('',#3885);
#3873=FILL_AREA_STYLE_COLOUR('',#3883);
#3874=FILL_AREA_STYLE_COLOUR('',#3883);
#3875=FILL_AREA_STYLE_COLOUR('',#3883);
#3876=FILL_AREA_STYLE_COLOUR('',#3883);
#3877=FILL_AREA_STYLE_COLOUR('',#3883);
#3878=FILL_AREA_STYLE_COLOUR('',#3883);
#3879=FILL_AREA_STYLE_COLOUR('',#3883);
#3880=FILL_AREA_STYLE_COLOUR('',#3883);
#3881=FILL_AREA_STYLE_COLOUR('',#3883);
#3882=FILL_AREA_STYLE_COLOUR('',#3883);
#3883=COLOUR_RGB('',0.18823529779911,0.18823529779911,0.18823529779911);
#3884=COLOUR_RGB('',0.439215689897537,0.501960813999176,0.501960813999176);
#3885=COLOUR_RGB('',0.690196096897125,0.627451002597809,0.376470595598221);
#3886=ADVANCED_FACE('',(#2305),#2537,.F.);
#3887=ADVANCED_FACE('',(#2306,#2307),#465,.T.);
#3888=ADVANCED_FACE('',(#2308,#2309),#466,.T.);
#3889=ADVANCED_FACE('',(#2310,#2311),#2538,.T.);
#3890=ADVANCED_FACE('',(#2312),#2539,.F.);
#3891=ADVANCED_FACE('',(#2313,#2314),#467,.T.);
#3892=ADVANCED_FACE('',(#2315,#2316),#468,.T.);
#3893=ADVANCED_FACE('',(#2317,#2318),#2540,.T.);
#3894=ADVANCED_FACE('',(#2319),#2541,.F.);
#3895=ADVANCED_FACE('',(#2320,#2321),#469,.T.);
#3896=ADVANCED_FACE('',(#2322),#2542,.T.);
#3897=ADVANCED_FACE('',(#2323),#2543,.F.);
#3898=ADVANCED_FACE('',(#2324,#2325),#470,.T.);
#3899=ADVANCED_FACE('',(#2326),#2544,.F.);
#3900=ADVANCED_FACE('',(#2327),#2545,.F.);
#3901=ADVANCED_FACE('',(#2328,#2329),#471,.T.);
#3902=ADVANCED_FACE('',(#2330),#2546,.T.);
#3903=ADVANCED_FACE('',(#2331),#2547,.F.);
#3904=ADVANCED_FACE('',(#2332),#2548,.F.);
#3905=ADVANCED_FACE('',(#2333),#2549,.F.);
#3906=ADVANCED_FACE('',(#2334),#2550,.F.);
#3907=ADVANCED_FACE('',(#2335),#2551,.F.);
#3908=ADVANCED_FACE('',(#2336),#2552,.F.);
#3909=ADVANCED_FACE('',(#2337),#2553,.F.);
#3910=ADVANCED_FACE('',(#2338),#2554,.F.);
#3911=ADVANCED_FACE('',(#2339),#2555,.F.);
#3912=ADVANCED_FACE('',(#2340),#2556,.F.);
#3913=ADVANCED_FACE('',(#2341),#2557,.F.);
#3914=ADVANCED_FACE('',(#2342),#2558,.F.);
#3915=ADVANCED_FACE('',(#2343),#2559,.F.);
#3916=ADVANCED_FACE('',(#2344),#2560,.F.);
#3917=ADVANCED_FACE('',(#2345),#2561,.T.);
#3918=ADVANCED_FACE('',(#2346),#2562,.F.);
#3919=ADVANCED_FACE('',(#2347),#2563,.F.);
#3920=ADVANCED_FACE('',(#2348),#2564,.F.);
#3921=ADVANCED_FACE('',(#2349),#2565,.F.);
#3922=ADVANCED_FACE('',(#2350),#2566,.F.);
#3923=ADVANCED_FACE('',(#2351),#2567,.F.);
#3924=ADVANCED_FACE('',(#2352),#2568,.F.);
#3925=ADVANCED_FACE('',(#2353),#2569,.F.);
#3926=ADVANCED_FACE('',(#2354),#2570,.F.);
#3927=ADVANCED_FACE('',(#2355),#2571,.F.);
#3928=ADVANCED_FACE('',(#2356),#2572,.F.);
#3929=ADVANCED_FACE('',(#2357),#2573,.F.);
#3930=ADVANCED_FACE('',(#2358),#2574,.T.);
#3931=ADVANCED_FACE('',(#2359),#472,.T.);
#3932=ADVANCED_FACE('',(#2360),#473,.T.);
#3933=ADVANCED_FACE('',(#2361),#474,.T.);
#3934=ADVANCED_FACE('',(#2362),#2575,.T.);
#3935=ADVANCED_FACE('',(#2363),#2576,.T.);
#3936=ADVANCED_FACE('',(#2364),#475,.T.);
#3937=ADVANCED_FACE('',(#2365),#476,.T.);
#3938=ADVANCED_FACE('',(#2366),#26,.F.);
#3939=ADVANCED_FACE('',(#2367),#477,.T.);
#3940=ADVANCED_FACE('',(#2368),#2577,.T.);
#3941=ADVANCED_FACE('',(#2369,#2370),#27,.F.);
#3942=ADVANCED_FACE('',(#2371),#2578,.F.);
#3943=ADVANCED_FACE('',(#2372),#478,.T.);
#3944=ADVANCED_FACE('',(#2373),#2579,.T.);
#3945=ADVANCED_FACE('',(#2374),#479,.T.);
#3946=ADVANCED_FACE('',(#2375),#2580,.T.);
#3947=ADVANCED_FACE('',(#2376),#28,.T.);
#3948=ADVANCED_FACE('',(#2377),#480,.T.);
#3949=ADVANCED_FACE('',(#2378),#2581,.T.);
#3950=ADVANCED_FACE('',(#2379),#2582,.T.);
#3951=ADVANCED_FACE('',(#2380),#29,.F.);
#3952=ADVANCED_FACE('',(#2381),#481,.T.);
#3953=ADVANCED_FACE('',(#2382),#2583,.T.);
#3954=ADVANCED_FACE('',(#2383,#2384),#482,.T.);
#3955=ADVANCED_FACE('',(#2385),#483,.T.);
#3956=ADVANCED_FACE('',(#2386),#484,.T.);
#3957=ADVANCED_FACE('',(#2387,#2388),#2584,.T.);
#3958=ADVANCED_FACE('',(#2389),#2585,.T.);
#3959=ADVANCED_FACE('',(#2390),#485,.T.);
#3960=ADVANCED_FACE('',(#2391),#2586,.T.);
#3961=ADVANCED_FACE('',(#2392),#486,.T.);
#3962=ADVANCED_FACE('',(#2393),#487,.T.);
#3963=ADVANCED_FACE('',(#2394),#30,.F.);
#3964=ADVANCED_FACE('',(#2395),#488,.T.);
#3965=ADVANCED_FACE('',(#2396),#2587,.T.);
#3966=ADVANCED_FACE('',(#2397,#2398),#489,.T.);
#3967=ADVANCED_FACE('',(#2399),#490,.T.);
#3968=ADVANCED_FACE('',(#2400,#2401),#2588,.T.);
#3969=ADVANCED_FACE('',(#2402),#31,.T.);
#3970=ADVANCED_FACE('',(#2403),#491,.T.);
#3971=ADVANCED_FACE('',(#2404),#2589,.T.);
#3972=ADVANCED_FACE('',(#2405),#2590,.T.);
#3973=ADVANCED_FACE('',(#2406),#2591,.T.);
#3974=ADVANCED_FACE('',(#2407),#492,.T.);
#3975=ADVANCED_FACE('',(#2408),#2592,.T.);
#3976=ADVANCED_FACE('',(#2409),#2593,.T.);
#3977=ADVANCED_FACE('',(#2410),#493,.T.);
#3978=ADVANCED_FACE('',(#2411),#2594,.T.);
#3979=ADVANCED_FACE('',(#2412,#2413),#494,.T.);
#3980=ADVANCED_FACE('',(#2414),#495,.T.);
#3981=ADVANCED_FACE('',(#2415,#2416),#2595,.T.);
#3982=ADVANCED_FACE('',(#2417),#496,.T.);
#3983=ADVANCED_FACE('',(#2418),#2596,.T.);
#3984=ADVANCED_FACE('',(#2419,#2420),#497,.T.);
#3985=ADVANCED_FACE('',(#2421),#498,.T.);
#3986=ADVANCED_FACE('',(#2422),#499,.T.);
#3987=ADVANCED_FACE('',(#2423,#2424),#2597,.T.);
#3988=ADVANCED_FACE('',(#2425),#2598,.T.);
#3989=ADVANCED_FACE('',(#2426),#500,.T.);
#3990=ADVANCED_FACE('',(#2427),#2599,.T.);
#3991=ADVANCED_FACE('',(#2428),#2600,.T.);
#3992=ADVANCED_FACE('',(#2429),#501,.T.);
#3993=ADVANCED_FACE('',(#2430),#2601,.T.);
#3994=ADVANCED_FACE('',(#2431),#2602,.T.);
#3995=ADVANCED_FACE('',(#2432),#2603,.T.);
#3996=ADVANCED_FACE('',(#2433),#502,.T.);
#3997=ADVANCED_FACE('',(#2434),#2604,.T.);
#3998=ADVANCED_FACE('',(#2435),#2605,.T.);
#3999=ADVANCED_FACE('',(#2436),#503,.T.);
#4000=ADVANCED_FACE('',(#2437),#2606,.T.);
#4001=ADVANCED_FACE('',(#2438),#504,.T.);
#4002=ADVANCED_FACE('',(#2439),#505,.T.);
#4003=ADVANCED_FACE('',(#2440),#2607,.T.);
#4004=ADVANCED_FACE('',(#2441),#2608,.T.);
#4005=ADVANCED_FACE('',(#2442),#506,.T.);
#4006=ADVANCED_FACE('',(#2443),#2609,.T.);
#4007=ADVANCED_FACE('',(#2444),#507,.T.);
#4008=ADVANCED_FACE('',(#2445),#508,.T.);
#4009=ADVANCED_FACE('',(#2446),#32,.F.);
#4010=ADVANCED_FACE('',(#2447),#2610,.T.);
#4011=ADVANCED_FACE('',(#2448),#509,.T.);
#4012=ADVANCED_FACE('',(#2449),#510,.T.);
#4013=ADVANCED_FACE('',(#2450),#2611,.T.);
#4014=ADVANCED_FACE('',(#2451),#511,.T.);
#4015=ADVANCED_FACE('',(#2452),#2612,.T.);
#4016=ADVANCED_FACE('',(#2453),#2613,.T.);
#4017=ADVANCED_FACE('',(#2454),#2614,.T.);
#4018=ADVANCED_FACE('',(#2455),#2615,.T.);
#4019=ADVANCED_FACE('',(#2456),#2616,.T.);
#4020=ADVANCED_FACE('',(#2457),#2617,.F.);
#4021=ADVANCED_FACE('',(#2458),#2618,.T.);
#4022=ADVANCED_FACE('',(#2459),#2619,.T.);
#4023=ADVANCED_FACE('',(#2460),#2620,.T.);
#4024=ADVANCED_FACE('',(#2461),#2621,.T.);
#4025=ADVANCED_FACE('',(#2462),#2622,.F.);
#4026=ADVANCED_FACE('',(#2463),#2623,.T.);
#4027=ADVANCED_FACE('',(#2464),#2624,.T.);
#4028=ADVANCED_FACE('',(#2465),#2625,.T.);
#4029=ADVANCED_FACE('',(#2466),#2626,.T.);
#4030=ADVANCED_FACE('',(#2467),#2627,.F.);
#4031=ADVANCED_FACE('',(#2468),#2628,.T.);
#4032=ADVANCED_FACE('',(#2469),#2629,.T.);
#4033=ADVANCED_FACE('',(#2470),#2630,.T.);
#4034=ADVANCED_FACE('',(#2471),#2631,.T.);
#4035=ADVANCED_FACE('',(#2472),#2632,.F.);
#4036=ADVANCED_FACE('',(#2473),#2633,.T.);
#4037=ADVANCED_FACE('',(#2474),#2634,.T.);
#4038=ADVANCED_FACE('',(#2475),#2635,.T.);
#4039=ADVANCED_FACE('',(#2476),#2636,.T.);
#4040=ADVANCED_FACE('',(#2477),#2637,.F.);
#4041=ADVANCED_FACE('',(#2478),#2638,.T.);
#4042=ADVANCED_FACE('',(#2479),#2639,.T.);
#4043=ADVANCED_FACE('',(#2480),#2640,.T.);
#4044=ADVANCED_FACE('',(#2481),#2641,.T.);
#4045=ADVANCED_FACE('',(#2482),#2642,.F.);
#4046=ADVANCED_FACE('',(#2483),#2643,.T.);
#4047=ADVANCED_FACE('',(#2484),#2644,.T.);
#4048=ADVANCED_FACE('',(#2485),#2645,.T.);
#4049=ADVANCED_FACE('',(#2486),#2646,.T.);
#4050=ADVANCED_FACE('',(#2487),#2647,.F.);
#4051=ADVANCED_FACE('',(#2488,#2489,#2490,#2491,#2492,#2493,#2494,#2495),
#2648,.F.);
#4052=ADVANCED_FACE('',(#2496),#2649,.F.);
#4053=ADVANCED_FACE('',(#2497),#2650,.F.);
#4054=ADVANCED_FACE('',(#2498),#2651,.F.);
#4055=ADVANCED_FACE('',(#2499),#2652,.T.);
#4056=ADVANCED_FACE('',(#2500),#2653,.F.);
#4057=ADVANCED_FACE('',(#2501),#2654,.F.);
#4058=ADVANCED_FACE('',(#2502),#2655,.F.);
#4059=ADVANCED_FACE('',(#2503),#2656,.F.);
#4060=ADVANCED_FACE('',(#2504,#2505,#2506,#2507,#2508,#2509,#2510,#2511,
#2512,#2513,#2514,#2515,#2516,#2517,#2518,#2519,#2520,#2521,#2522,#2523,
#2524,#2525,#2526,#2527,#2528,#2529,#2530,#2531,#2532,#2533,#2534,#2535,
#2536),#2657,.F.);
#4061=CLOSED_SHELL('',(#3886,#3887,#3888,#3889,#3890,#3891,#3892,#3893,
#3894,#3895,#3896,#3897,#3898,#3899,#3900,#3901,#3902,#3903,#3904,#3905,
#3906,#3907,#3908,#3909,#3910,#3911,#3912,#3913,#3914,#3915,#3916,#3917,
#3918,#3919,#3920,#3921,#3922,#3923,#3924,#3925,#3926,#3927,#3928,#3929,
#3930,#3931,#3932,#3933,#3934,#3935,#3936,#3937,#3938,#3939,#3940,#3941,
#3942,#3943,#3944,#3945,#3946,#3947,#3948,#3949,#3950,#3951,#3952,#3953,
#3954,#3955,#3956,#3957,#3958,#3959,#3960,#3961,#3962,#3963,#3964,#3965,
#3966,#3967,#3968,#3969,#3970,#3971,#3972,#3973,#3974,#3975,#3976,#3977,
#3978,#3979,#3980,#3981,#3982,#3983,#3984,#3985,#3986,#3987,#3988,#3989,
#3990,#3991,#3992,#3993,#3994,#3995,#3996,#3997,#3998,#3999,#4000,#4001,
#4002,#4003,#4004,#4005,#4006,#4007,#4008,#4009,#4010,#4011,#4012,#4013,
#4014,#4015,#4016,#4017,#4018,#4019,#4020,#4021,#4022,#4023,#4024,#4025,
#4026,#4027,#4028,#4029,#4030,#4031,#4032,#4033,#4034,#4035,#4036,#4037,
#4038,#4039,#4040,#4041,#4042,#4043,#4044,#4045,#4046,#4047,#4048,#4049,
#4050,#4051,#4052,#4053,#4054,#4055,#4056,#4057,#4058,#4059,#4060));
#4062=MANIFOLD_SOLID_BREP('',#4061);
#4063=SHAPE_DEFINITION_REPRESENTATION(#9444,#4065);
#4064=SHAPE_DEFINITION_REPRESENTATION(#9443,#4066);
#4065=SHAPE_REPRESENTATION('U_Wurth_WPME-FIRM_1770105311',(#4067),#9437);
#4066=SHAPE_REPRESENTATION('U_Wurth_WPME-FIRM_1770105311',(#4067,#4198),
#9436);
#4067=AXIS2_PLACEMENT_3D('',#4679,#4199,#4200);
#4068=AXIS2_PLACEMENT_3D('',#4680,#4201,#4202);
#4069=AXIS2_PLACEMENT_3D('',#4825,#4203,#4204);
#4070=AXIS2_PLACEMENT_3D('',#4826,#4205,#4206);
#4071=AXIS2_PLACEMENT_3D('',#4980,#4207,#4208);
#4072=AXIS2_PLACEMENT_3D('',#4981,#4209,#4210);
#4073=AXIS2_PLACEMENT_3D('',#5032,#4211,#4212);
#4074=AXIS2_PLACEMENT_3D('',#5033,#4213,#4214);
#4075=AXIS2_PLACEMENT_3D('',#5177,#4215,#4216);
#4076=AXIS2_PLACEMENT_3D('',#5178,#4217,#4218);
#4077=AXIS2_PLACEMENT_3D('',#5245,#4219,#4220);
#4078=AXIS2_PLACEMENT_3D('',#5246,#4221,#4222);
#4079=AXIS2_PLACEMENT_3D('',#5257,#4223,#4224);
#4080=AXIS2_PLACEMENT_3D('',#5266,#4229,#4230);
#4081=AXIS2_PLACEMENT_3D('',#5272,#4234,#4235);
#4082=AXIS2_PLACEMENT_3D('',#5278,#4239,#4240);
#4083=AXIS2_PLACEMENT_3D('',#5284,#4244,#4245);
#4084=AXIS2_PLACEMENT_3D('',#5290,#4249,#4250);
#4085=AXIS2_PLACEMENT_3D('',#5296,#4254,#4255);
#4086=AXIS2_PLACEMENT_3D('',#5302,#4259,#4260);
#4087=AXIS2_PLACEMENT_3D('',#5308,#4264,#4265);
#4088=AXIS2_PLACEMENT_3D('',#5314,#4269,#4270);
#4089=AXIS2_PLACEMENT_3D('',#5320,#4274,#4275);
#4090=AXIS2_PLACEMENT_3D('',#5326,#4279,#4280);
#4091=AXIS2_PLACEMENT_3D('',#5332,#4284,#4285);
#4092=AXIS2_PLACEMENT_3D('',#5335,#4288,#4289);
#4093=AXIS2_PLACEMENT_3D('',#5336,#4290,#4291);
#4094=AXIS2_PLACEMENT_3D('',#5345,#4296,#4297);
#4095=AXIS2_PLACEMENT_3D('',#5351,#4301,#4302);
#4096=AXIS2_PLACEMENT_3D('',#5357,#4306,#4307);
#4097=AXIS2_PLACEMENT_3D('',#5363,#4311,#4312);
#4098=AXIS2_PLACEMENT_3D('',#5369,#4316,#4317);
#4099=AXIS2_PLACEMENT_3D('',#5375,#4321,#4322);
#4100=AXIS2_PLACEMENT_3D('',#5381,#4326,#4327);
#4101=AXIS2_PLACEMENT_3D('',#5387,#4331,#4332);
#4102=AXIS2_PLACEMENT_3D('',#5393,#4336,#4337);
#4103=AXIS2_PLACEMENT_3D('',#5399,#4341,#4342);
#4104=AXIS2_PLACEMENT_3D('',#5405,#4346,#4347);
#4105=AXIS2_PLACEMENT_3D('',#5408,#4350,#4351);
#4106=AXIS2_PLACEMENT_3D('',#5576,#4356,#4357);
#4107=AXIS2_PLACEMENT_3D('',#5585,#4358,#4359);
#4108=AXIS2_PLACEMENT_3D('',#5760,#4362,#4363);
#4109=AXIS2_PLACEMENT_3D('',#5877,#4364,#4365);
#4110=AXIS2_PLACEMENT_3D('',#5878,#4366,#4367);
#4111=AXIS2_PLACEMENT_3D('',#5879,#4368,#4369);
#4112=AXIS2_PLACEMENT_3D('',#5881,#4370,#4371);
#4113=AXIS2_PLACEMENT_3D('',#5883,#4372,#4373);
#4114=AXIS2_PLACEMENT_3D('',#5923,#4374,#4375);
#4115=AXIS2_PLACEMENT_3D('',#6014,#4376,#4377);
#4116=AXIS2_PLACEMENT_3D('',#6042,#4378,#4379);
#4117=AXIS2_PLACEMENT_3D('',#6212,#4380,#4381);
#4118=AXIS2_PLACEMENT_3D('',#6213,#4382,#4383);
#4119=AXIS2_PLACEMENT_3D('',#6229,#4384,#4385);
#4120=AXIS2_PLACEMENT_3D('',#6292,#4386,#4387);
#4121=AXIS2_PLACEMENT_3D('',#6484,#4390,#4391);
#4122=AXIS2_PLACEMENT_3D('',#6485,#4392,#4393);
#4123=AXIS2_PLACEMENT_3D('',#6615,#4396,#4397);
#4124=AXIS2_PLACEMENT_3D('',#6813,#4400,#4401);
#4125=AXIS2_PLACEMENT_3D('',#6936,#4402,#4403);
#4126=AXIS2_PLACEMENT_3D('',#7008,#4404,#4405);
#4127=AXIS2_PLACEMENT_3D('',#7028,#4406,#4407);
#4128=AXIS2_PLACEMENT_3D('',#7199,#4408,#4409);
#4129=AXIS2_PLACEMENT_3D('',#7200,#4410,#4411);
#4130=AXIS2_PLACEMENT_3D('',#7215,#4414,#4415);
#4131=AXIS2_PLACEMENT_3D('',#7421,#4417,#4418);
#4132=AXIS2_PLACEMENT_3D('',#7422,#4419,#4420);
#4133=AXIS2_PLACEMENT_3D('',#7581,#4421,#4422);
#4134=AXIS2_PLACEMENT_3D('',#7655,#4423,#4424);
#4135=AXIS2_PLACEMENT_3D('',#7750,#4425,#4426);
#4136=AXIS2_PLACEMENT_3D('',#7917,#4427,#4428);
#4137=AXIS2_PLACEMENT_3D('',#7918,#4429,#4430);
#4138=AXIS2_PLACEMENT_3D('',#8046,#4433,#4434);
#4139=AXIS2_PLACEMENT_3D('',#8047,#4435,#4436);
#4140=AXIS2_PLACEMENT_3D('',#8175,#4439,#4440);
#4141=AXIS2_PLACEMENT_3D('',#8176,#4441,#4442);
#4142=AXIS2_PLACEMENT_3D('',#8191,#4445,#4446);
#4143=AXIS2_PLACEMENT_3D('',#8397,#4448,#4449);
#4144=AXIS2_PLACEMENT_3D('',#8398,#4450,#4451);
#4145=AXIS2_PLACEMENT_3D('',#8526,#4454,#4455);
#4146=AXIS2_PLACEMENT_3D('',#8680,#4458,#4459);
#4147=AXIS2_PLACEMENT_3D('',#8681,#4460,#4461);
#4148=AXIS2_PLACEMENT_3D('',#8808,#4464,#4465);
#4149=AXIS2_PLACEMENT_3D('',#8993,#4467,#4468);
#4150=AXIS2_PLACEMENT_3D('',#9009,#4469,#4470);
#4151=AXIS2_PLACEMENT_3D('',#9157,#4474,#4475);
#4152=AXIS2_PLACEMENT_3D('',#9208,#4477,#4478);
#4153=AXIS2_PLACEMENT_3D('',#9209,#4479,#4480);
#4154=AXIS2_PLACEMENT_3D('',#9218,#4485,#4486);
#4155=AXIS2_PLACEMENT_3D('',#9224,#4490,#4491);
#4156=AXIS2_PLACEMENT_3D('',#9230,#4495,#4496);
#4157=AXIS2_PLACEMENT_3D('',#9233,#4499,#4500);
#4158=AXIS2_PLACEMENT_3D('',#9234,#4501,#4502);
#4159=AXIS2_PLACEMENT_3D('',#9243,#4507,#4508);
#4160=AXIS2_PLACEMENT_3D('',#9249,#4512,#4513);
#4161=AXIS2_PLACEMENT_3D('',#9255,#4517,#4518);
#4162=AXIS2_PLACEMENT_3D('',#9258,#4521,#4522);
#4163=AXIS2_PLACEMENT_3D('',#9259,#4523,#4524);
#4164=AXIS2_PLACEMENT_3D('',#9268,#4529,#4530);
#4165=AXIS2_PLACEMENT_3D('',#9274,#4534,#4535);
#4166=AXIS2_PLACEMENT_3D('',#9280,#4539,#4540);
#4167=AXIS2_PLACEMENT_3D('',#9283,#4543,#4544);
#4168=AXIS2_PLACEMENT_3D('',#9284,#4545,#4546);
#4169=AXIS2_PLACEMENT_3D('',#9293,#4551,#4552);
#4170=AXIS2_PLACEMENT_3D('',#9299,#4556,#4557);
#4171=AXIS2_PLACEMENT_3D('',#9305,#4561,#4562);
#4172=AXIS2_PLACEMENT_3D('',#9308,#4565,#4566);
#4173=AXIS2_PLACEMENT_3D('',#9309,#4567,#4568);
#4174=AXIS2_PLACEMENT_3D('',#9318,#4573,#4574);
#4175=AXIS2_PLACEMENT_3D('',#9324,#4578,#4579);
#4176=AXIS2_PLACEMENT_3D('',#9330,#4583,#4584);
#4177=AXIS2_PLACEMENT_3D('',#9333,#4587,#4588);
#4178=AXIS2_PLACEMENT_3D('',#9334,#4589,#4590);
#4179=AXIS2_PLACEMENT_3D('',#9343,#4595,#4596);
#4180=AXIS2_PLACEMENT_3D('',#9349,#4600,#4601);
#4181=AXIS2_PLACEMENT_3D('',#9355,#4605,#4606);
#4182=AXIS2_PLACEMENT_3D('',#9358,#4609,#4610);
#4183=AXIS2_PLACEMENT_3D('',#9359,#4611,#4612);
#4184=AXIS2_PLACEMENT_3D('',#9368,#4617,#4618);
#4185=AXIS2_PLACEMENT_3D('',#9374,#4622,#4623);
#4186=AXIS2_PLACEMENT_3D('',#9380,#4627,#4628);
#4187=AXIS2_PLACEMENT_3D('',#9383,#4631,#4632);
#4188=AXIS2_PLACEMENT_3D('',#9384,#4633,#4634);
#4189=AXIS2_PLACEMENT_3D('',#9393,#4639,#4640);
#4190=AXIS2_PLACEMENT_3D('',#9399,#4644,#4645);
#4191=AXIS2_PLACEMENT_3D('',#9405,#4649,#4650);
#4192=AXIS2_PLACEMENT_3D('',#9411,#4654,#4655);
#4193=AXIS2_PLACEMENT_3D('',#9420,#4660,#4661);
#4194=AXIS2_PLACEMENT_3D('',#9425,#4665,#4666);
#4195=AXIS2_PLACEMENT_3D('',#9429,#4669,#4670);
#4196=AXIS2_PLACEMENT_3D('',#9431,#4672,#4673);
#4197=AXIS2_PLACEMENT_3D('',#9433,#4675,#4676);
#4198=AXIS2_PLACEMENT_3D('',#9434,#4677,#4678);
#4199=DIRECTION('',(0.,0.,1.));
#4200=DIRECTION('',(1.,0.,0.));
#4201=DIRECTION('',(0.,1.,0.));
#4202=DIRECTION('',(0.,0.,1.));
#4203=DIRECTION('',(0.,-1.,0.));
#4204=DIRECTION('',(0.,0.,-1.));
#4205=DIRECTION('',(0.,1.,0.));
#4206=DIRECTION('',(0.,0.,1.));
#4207=DIRECTION('',(0.,-1.,0.));
#4208=DIRECTION('',(0.,0.,-1.));
#4209=DIRECTION('',(0.,1.,0.));
#4210=DIRECTION('',(0.,0.,1.));
#4211=DIRECTION('',(0.,-1.,0.));
#4212=DIRECTION('',(0.,0.,-1.));
#4213=DIRECTION('',(0.,1.,0.));
#4214=DIRECTION('',(0.,0.,1.));
#4215=DIRECTION('',(0.,1.,0.));
#4216=DIRECTION('',(0.,0.,1.));
#4217=DIRECTION('',(0.,1.,0.));
#4218=DIRECTION('',(0.,0.,1.));
#4219=DIRECTION('',(0.,-1.,0.));
#4220=DIRECTION('',(0.,0.,-1.));
#4221=DIRECTION('',(0.,1.,0.));
#4222=DIRECTION('',(0.,0.,1.));
#4223=DIRECTION('',(1.,0.,0.));
#4224=DIRECTION('',(0.,0.,-1.));
#4225=DIRECTION('',(0.,0.,1.));
#4226=DIRECTION('',(0.,-1.,0.));
#4227=DIRECTION('',(0.,0.,1.));
#4228=DIRECTION('',(0.,-1.,0.));
#4229=DIRECTION('',(-0.798255000044288,0.,0.602319645125654));
#4230=DIRECTION('',(0.602319645125654,0.,0.798255000044288));
#4231=DIRECTION('',(-0.602319645125654,0.,-0.798255000044288));
#4232=DIRECTION('',(-0.602319645125654,0.,-0.798255000044288));
#4233=DIRECTION('',(0.,-1.,0.));
#4234=DIRECTION('',(0.,0.,1.));
#4235=DIRECTION('',(1.,0.,0.));
#4236=DIRECTION('',(-1.,0.,0.));
#4237=DIRECTION('',(-1.,0.,0.));
#4238=DIRECTION('',(0.,-1.,0.));
#4239=DIRECTION('',(0.987837015595221,0.,0.155492863565913));
#4240=DIRECTION('',(0.155492863565913,0.,-0.987837015595221));
#4241=DIRECTION('',(-0.155492863565913,0.,0.987837015595221));
#4242=DIRECTION('',(-0.155492863565913,0.,0.987837015595221));
#4243=DIRECTION('',(0.,-1.,0.));
#4244=DIRECTION('',(-0.85882504707723,0.,0.512269009908655));
#4245=DIRECTION('',(0.512269009908655,0.,0.85882504707723));
#4246=DIRECTION('',(-0.512269009908655,0.,-0.85882504707723));
#4247=DIRECTION('',(-0.512269009908655,0.,-0.85882504707723));
#4248=DIRECTION('',(0.,-1.,0.));
#4249=DIRECTION('',(0.,0.,1.));
#4250=DIRECTION('',(1.,0.,0.));
#4251=DIRECTION('',(-1.,0.,0.));
#4252=DIRECTION('',(-1.,0.,0.));
#4253=DIRECTION('',(0.,-1.,0.));
#4254=DIRECTION('',(0.864495848496878,0.,-0.502639958550514));
#4255=DIRECTION('',(-0.502639958550514,0.,-0.864495848496878));
#4256=DIRECTION('',(0.502639958550514,0.,0.864495848496878));
#4257=DIRECTION('',(0.502639958550514,0.,0.864495848496878));
#4258=DIRECTION('',(0.,-1.,0.));
#4259=DIRECTION('',(0.,0.,-1.));
#4260=DIRECTION('',(-1.,0.,0.));
#4261=DIRECTION('',(1.,0.,0.));
#4262=DIRECTION('',(1.,0.,0.));
#4263=DIRECTION('',(0.,-1.,0.));
#4264=DIRECTION('',(-0.991864698181587,0.,-0.12729658479767));
#4265=DIRECTION('',(-0.12729658479767,0.,0.991864698181587));
#4266=DIRECTION('',(0.12729658479767,0.,-0.991864698181587));
#4267=DIRECTION('',(0.12729658479767,0.,-0.991864698181587));
#4268=DIRECTION('',(0.,-1.,0.));
#4269=DIRECTION('',(0.847128355616001,0.,-0.531388322332482));
#4270=DIRECTION('',(-0.531388322332482,0.,-0.847128355616001));
#4271=DIRECTION('',(0.531388322332482,0.,0.847128355616001));
#4272=DIRECTION('',(0.531388322332482,0.,0.847128355616001));
#4273=DIRECTION('',(0.,-1.,0.));
#4274=DIRECTION('',(0.,0.,-1.));
#4275=DIRECTION('',(-1.,0.,0.));
#4276=DIRECTION('',(1.,0.,0.));
#4277=DIRECTION('',(1.,0.,0.));
#4278=DIRECTION('',(0.,-1.,0.));
#4279=DIRECTION('',(-1.,0.,0.));
#4280=DIRECTION('',(0.,0.,1.));
#4281=DIRECTION('',(0.,0.,-1.));
#4282=DIRECTION('',(0.,0.,-1.));
#4283=DIRECTION('',(0.,-1.,0.));
#4284=DIRECTION('',(0.,0.,1.));
#4285=DIRECTION('',(1.,0.,0.));
#4286=DIRECTION('',(-1.,0.,0.));
#4287=DIRECTION('',(-1.,0.,0.));
#4288=DIRECTION('',(0.,-1.,0.));
#4289=DIRECTION('',(0.,0.,-1.));
#4290=DIRECTION('',(0.,0.,1.));
#4291=DIRECTION('',(1.,0.,0.));
#4292=DIRECTION('',(-1.,0.,0.));
#4293=DIRECTION('',(0.,-1.,0.));
#4294=DIRECTION('',(-1.,0.,0.));
#4295=DIRECTION('',(0.,-1.,0.));
#4296=DIRECTION('',(0.870067947070944,0.,-0.492931808143634));
#4297=DIRECTION('',(-0.492931808143634,0.,-0.870067947070944));
#4298=DIRECTION('',(0.492931808143634,0.,0.870067947070944));
#4299=DIRECTION('',(0.492931808143634,0.,0.870067947070944));
#4300=DIRECTION('',(0.,-1.,0.));
#4301=DIRECTION('',(0.,0.,-1.));
#4302=DIRECTION('',(-1.,0.,0.));
#4303=DIRECTION('',(1.,0.,0.));
#4304=DIRECTION('',(1.,0.,0.));
#4305=DIRECTION('',(0.,-1.,0.));
#4306=DIRECTION('',(0.862103343051948,0.,-0.506732499351143));
#4307=DIRECTION('',(-0.506732499351143,0.,-0.862103343051948));
#4308=DIRECTION('',(0.506732499351143,0.,0.862103343051948));
#4309=DIRECTION('',(0.506732499351143,0.,0.862103343051948));
#4310=DIRECTION('',(0.,-1.,0.));
#4311=DIRECTION('',(0.,0.,1.));
#4312=DIRECTION('',(1.,0.,0.));
#4313=DIRECTION('',(-1.,0.,0.));
#4314=DIRECTION('',(-1.,0.,0.));
#4315=DIRECTION('',(0.,-1.,0.));
#4316=DIRECTION('',(0.861575164786888,0.,-0.507630018244042));
#4317=DIRECTION('',(-0.507630018244042,0.,-0.861575164786888));
#4318=DIRECTION('',(0.507630018244042,0.,0.861575164786888));
#4319=DIRECTION('',(0.507630018244042,0.,0.861575164786888));
#4320=DIRECTION('',(0.,-1.,0.));
#4321=DIRECTION('',(0.,0.,-1.));
#4322=DIRECTION('',(-1.,0.,0.));
#4323=DIRECTION('',(1.,0.,0.));
#4324=DIRECTION('',(1.,0.,0.));
#4325=DIRECTION('',(0.,-1.,0.));
#4326=DIRECTION('',(0.856241627455054,0.,-0.516575527307595));
#4327=DIRECTION('',(-0.516575527307595,0.,-0.856241627455054));
#4328=DIRECTION('',(0.516575527307595,0.,0.856241627455054));
#4329=DIRECTION('',(0.516575527307595,0.,0.856241627455054));
#4330=DIRECTION('',(0.,-1.,0.));
#4331=DIRECTION('',(0.,0.,1.));
#4332=DIRECTION('',(1.,0.,0.));
#4333=DIRECTION('',(-1.,0.,0.));
#4334=DIRECTION('',(-1.,0.,0.));
#4335=DIRECTION('',(0.,-1.,0.));
#4336=DIRECTION('',(0.864631713737224,0.,-0.502406209754448));
#4337=DIRECTION('',(-0.502406209754448,0.,-0.864631713737225));
#4338=DIRECTION('',(0.502406209754448,0.,0.864631713737225));
#4339=DIRECTION('',(0.502406209754448,0.,0.864631713737225));
#4340=DIRECTION('',(0.,-1.,0.));
#4341=DIRECTION('',(0.,0.,-1.));
#4342=DIRECTION('',(-1.,0.,0.));
#4343=DIRECTION('',(1.,0.,0.));
#4344=DIRECTION('',(1.,0.,0.));
#4345=DIRECTION('',(0.,-1.,0.));
#4346=DIRECTION('',(-0.864377648744627,0.,0.502843196583895));
#4347=DIRECTION('',(0.502843196583895,0.,0.864377648744627));
#4348=DIRECTION('',(-0.502843196583895,0.,-0.864377648744627));
#4349=DIRECTION('',(-0.502843196583895,0.,-0.864377648744627));
#4350=DIRECTION('',(0.,-1.,0.));
#4351=DIRECTION('',(0.,0.,-1.));
#4352=DIRECTION('',(0.,-1.,0.));
#4353=DIRECTION('',(0.,-1.,0.));
#4354=DIRECTION('',(0.,-1.,0.));
#4355=DIRECTION('',(0.,-1.,0.));
#4356=DIRECTION('',(1.,0.,1.17815120769739E-15));
#4357=DIRECTION('',(1.17815120769739E-15,0.,-1.));
#4358=DIRECTION('',(0.,-1.,0.));
#4359=DIRECTION('',(0.,0.,-1.));
#4360=DIRECTION('',(0.,-1.,0.));
#4361=DIRECTION('',(0.,-1.,0.));
#4362=DIRECTION('',(-5.14300162871153E-12,1.,1.88143830444328E-11));
#4363=DIRECTION('',(0.,-1.88143830444328E-11,1.));
#4364=DIRECTION('',(0.,-1.,0.));
#4365=DIRECTION('',(0.,0.,-1.));
#4366=DIRECTION('',(0.,-1.,0.));
#4367=DIRECTION('',(0.,0.,-1.));
#4368=DIRECTION('',(0.,1.,0.));
#4369=DIRECTION('',(1.,0.,0.));
#4370=DIRECTION('',(0.,1.,0.));
#4371=DIRECTION('',(1.,0.,0.));
#4372=DIRECTION('',(0.,1.,0.));
#4373=DIRECTION('',(0.,0.,1.));
#4374=DIRECTION('',(0.,-1.,0.));
#4375=DIRECTION('',(0.,0.,-1.));
#4376=DIRECTION('',(0.,-1.,0.));
#4377=DIRECTION('',(0.,0.,-1.));
#4378=DIRECTION('',(2.1169510035507E-12,1.,-7.48388597713071E-12));
#4379=DIRECTION('',(0.,7.48388597713071E-12,1.));
#4380=DIRECTION('',(0.,-1.,0.));
#4381=DIRECTION('',(0.,0.,-1.));
#4382=DIRECTION('',(-0.687611262673107,0.,0.726079025619867));
#4383=DIRECTION('',(0.726079025619867,0.,0.687611262673107));
#4384=DIRECTION('',(4.58144647725081E-13,1.,-6.8521253370569E-13));
#4385=DIRECTION('',(0.,6.8521253370569E-13,1.));
#4386=DIRECTION('',(0.,-1.,0.));
#4387=DIRECTION('',(0.,0.,-1.));
#4388=DIRECTION('',(0.,-1.,0.));
#4389=DIRECTION('',(0.,-1.,0.));
#4390=DIRECTION('',(0.,-1.,0.));
#4391=DIRECTION('',(0.,0.,-1.));
#4392=DIRECTION('',(1.,0.,0.));
#4393=DIRECTION('',(0.,0.,-1.));
#4394=DIRECTION('',(0.,-1.,0.));
#4395=DIRECTION('',(0.,-1.,0.));
#4396=DIRECTION('',(0.,-1.,0.));
#4397=DIRECTION('',(0.,0.,-1.));
#4398=DIRECTION('',(0.,-1.,0.));
#4399=DIRECTION('',(0.,-1.,0.));
#4400=DIRECTION('',(-8.59612618393791E-12,1.,3.26857315587044E-11));
#4401=DIRECTION('',(0.,-3.26857315587044E-11,1.));
#4402=DIRECTION('',(0.,-1.,0.));
#4403=DIRECTION('',(0.,0.,-1.));
#4404=DIRECTION('',(0.,-1.,0.));
#4405=DIRECTION('',(0.,0.,-1.));
#4406=DIRECTION('',(3.47225883419986E-12,1.,-1.07395039650794E-11));
#4407=DIRECTION('',(0.,1.07395039650794E-11,1.));
#4408=DIRECTION('',(0.,-1.,0.));
#4409=DIRECTION('',(0.,0.,-1.));
#4410=DIRECTION('',(-0.984573862664762,0.,0.174969451497656));
#4411=DIRECTION('',(0.174969451497656,0.,0.984573862664762));
#4412=DIRECTION('',(0.,-1.,0.));
#4413=DIRECTION('',(0.,-1.,0.));
#4414=DIRECTION('',(0.,0.,1.));
#4415=DIRECTION('',(1.,0.,0.));
#4416=DIRECTION('',(0.,-1.,0.));
#4417=DIRECTION('',(0.,-1.,0.));
#4418=DIRECTION('',(0.,0.,-1.));
#4419=DIRECTION('',(-0.947231598520374,3.1284652086895E-15,-0.320549994173353));
#4420=DIRECTION('',(-0.320549994173353,0.,0.947231598520374));
#4421=DIRECTION('',(0.,-1.,0.));
#4422=DIRECTION('',(0.,0.,-1.));
#4423=DIRECTION('',(0.,-1.,0.));
#4424=DIRECTION('',(0.,0.,-1.));
#4425=DIRECTION('',(0.,-1.,0.));
#4426=DIRECTION('',(0.,0.,-1.));
#4427=DIRECTION('',(0.,-1.,0.));
#4428=DIRECTION('',(0.,0.,-1.));
#4429=DIRECTION('',(1.,0.,0.));
#4430=DIRECTION('',(0.,0.,-1.));
#4431=DIRECTION('',(0.,-1.,0.));
#4432=DIRECTION('',(0.,-1.,0.));
#4433=DIRECTION('',(0.,-1.,0.));
#4434=DIRECTION('',(0.,0.,-1.));
#4435=DIRECTION('',(1.,0.,0.));
#4436=DIRECTION('',(0.,0.,-1.));
#4437=DIRECTION('',(0.,-1.,0.));
#4438=DIRECTION('',(0.,-1.,0.));
#4439=DIRECTION('',(0.,-1.,0.));
#4440=DIRECTION('',(0.,0.,-1.));
#4441=DIRECTION('',(-0.984573862664763,0.,0.174969451497652));
#4442=DIRECTION('',(0.174969451497652,0.,0.984573862664763));
#4443=DIRECTION('',(0.,-1.,0.));
#4444=DIRECTION('',(0.,-1.,0.));
#4445=DIRECTION('',(0.,0.,1.));
#4446=DIRECTION('',(1.,0.,0.));
#4447=DIRECTION('',(0.,-1.,0.));
#4448=DIRECTION('',(0.,-1.,0.));
#4449=DIRECTION('',(0.,0.,-1.));
#4450=DIRECTION('',(1.,0.,6.37351850059279E-16));
#4451=DIRECTION('',(6.37351850059279E-16,0.,-1.));
#4452=DIRECTION('',(0.,-1.,0.));
#4453=DIRECTION('',(0.,-1.,0.));
#4454=DIRECTION('',(0.,-1.,0.));
#4455=DIRECTION('',(0.,0.,-1.));
#4456=DIRECTION('',(0.,-1.,0.));
#4457=DIRECTION('',(0.,-1.,0.));
#4458=DIRECTION('',(0.,-1.,0.));
#4459=DIRECTION('',(0.,0.,-1.));
#4460=DIRECTION('',(1.,0.,-1.01976296009485E-15));
#4461=DIRECTION('',(-1.01976296009485E-15,0.,-1.));
#4462=DIRECTION('',(0.,-1.,0.));
#4463=DIRECTION('',(0.,-1.,0.));
#4464=DIRECTION('',(0.,-1.,0.));
#4465=DIRECTION('',(0.,0.,-1.));
#4466=DIRECTION('',(0.,-1.,0.));
#4467=DIRECTION('',(5.14037046613588E-13,1.,-3.15604243447939E-12));
#4468=DIRECTION('',(0.,3.15604243447939E-12,1.));
#4469=DIRECTION('',(0.,-1.,0.));
#4470=DIRECTION('',(0.,0.,-1.));
#4471=DIRECTION('',(0.,-1.,0.));
#4472=DIRECTION('',(0.,-1.,0.));
#4473=DIRECTION('',(0.,-1.,0.));
#4474=DIRECTION('',(1.,0.,0.));
#4475=DIRECTION('',(0.,0.,-1.));
#4476=DIRECTION('',(0.,-1.,0.));
#4477=DIRECTION('',(0.,-1.,0.));
#4478=DIRECTION('',(0.,0.,-1.));
#4479=DIRECTION('',(0.,1.,0.));
#4480=DIRECTION('',(0.,0.,1.));
#4481=DIRECTION('',(-1.,0.,0.));
#4482=DIRECTION('',(0.,0.,1.));
#4483=DIRECTION('',(-1.,0.,0.));
#4484=DIRECTION('',(0.,0.,1.));
#4485=DIRECTION('',(1.,0.,0.));
#4486=DIRECTION('',(0.,0.,-1.));
#4487=DIRECTION('',(0.,1.,0.));
#4488=DIRECTION('',(0.,0.,1.));
#4489=DIRECTION('',(0.,1.,0.));
#4490=DIRECTION('',(0.,-1.,0.));
#4491=DIRECTION('',(0.,0.,-1.));
#4492=DIRECTION('',(1.,0.,0.));
#4493=DIRECTION('',(0.,0.,1.));
#4494=DIRECTION('',(1.,0.,0.));
#4495=DIRECTION('',(-1.,0.,0.));
#4496=DIRECTION('',(0.,0.,1.));
#4497=DIRECTION('',(0.,-1.,0.));
#4498=DIRECTION('',(0.,-1.,0.));
#4499=DIRECTION('',(0.,0.,1.));
#4500=DIRECTION('',(1.,0.,0.));
#4501=DIRECTION('',(0.,1.,0.));
#4502=DIRECTION('',(0.,0.,1.));
#4503=DIRECTION('',(-1.,0.,0.));
#4504=DIRECTION('',(0.,0.,1.));
#4505=DIRECTION('',(-1.,0.,0.));
#4506=DIRECTION('',(0.,0.,1.));
#4507=DIRECTION('',(1.,0.,0.));
#4508=DIRECTION('',(0.,0.,-1.));
#4509=DIRECTION('',(0.,1.,0.));
#4510=DIRECTION('',(0.,0.,1.));
#4511=DIRECTION('',(0.,1.,0.));
#4512=DIRECTION('',(0.,-1.,0.));
#4513=DIRECTION('',(0.,0.,-1.));
#4514=DIRECTION('',(1.,0.,0.));
#4515=DIRECTION('',(0.,0.,1.));
#4516=DIRECTION('',(1.,0.,0.));
#4517=DIRECTION('',(-1.,0.,0.));
#4518=DIRECTION('',(0.,0.,1.));
#4519=DIRECTION('',(0.,-1.,0.));
#4520=DIRECTION('',(0.,-1.,0.));
#4521=DIRECTION('',(0.,0.,1.));
#4522=DIRECTION('',(1.,0.,0.));
#4523=DIRECTION('',(0.,1.,0.));
#4524=DIRECTION('',(0.,0.,1.));
#4525=DIRECTION('',(-1.,0.,0.));
#4526=DIRECTION('',(0.,0.,1.));
#4527=DIRECTION('',(-1.,0.,0.));
#4528=DIRECTION('',(0.,0.,1.));
#4529=DIRECTION('',(1.,-7.22801448323669E-16,0.));
#4530=DIRECTION('',(7.22801448323669E-16,1.,0.));
#4531=DIRECTION('',(7.22801448323669E-16,1.,0.));
#4532=DIRECTION('',(0.,0.,1.));
#4533=DIRECTION('',(7.22801448323669E-16,1.,0.));
#4534=DIRECTION('',(-3.09772049281573E-16,-1.,0.));
#4535=DIRECTION('',(1.,-3.09772049281573E-16,0.));
#4536=DIRECTION('',(1.,-3.09772049281573E-16,0.));
#4537=DIRECTION('',(0.,0.,1.));
#4538=DIRECTION('',(1.,-3.09772049281573E-16,0.));
#4539=DIRECTION('',(-1.,0.,0.));
#4540=DIRECTION('',(0.,0.,1.));
#4541=DIRECTION('',(0.,-1.,0.));
#4542=DIRECTION('',(0.,-1.,0.));
#4543=DIRECTION('',(0.,0.,1.));
#4544=DIRECTION('',(1.,0.,0.));
#4545=DIRECTION('',(0.,1.,0.));
#4546=DIRECTION('',(0.,0.,1.));
#4547=DIRECTION('',(-1.,0.,0.));
#4548=DIRECTION('',(0.,0.,1.));
#4549=DIRECTION('',(-1.,0.,0.));
#4550=DIRECTION('',(0.,0.,1.));
#4551=DIRECTION('',(1.,0.,0.));
#4552=DIRECTION('',(0.,0.,-1.));
#4553=DIRECTION('',(0.,1.,0.));
#4554=DIRECTION('',(0.,0.,1.));
#4555=DIRECTION('',(0.,1.,0.));
#4556=DIRECTION('',(-3.09772049281573E-16,-1.,0.));
#4557=DIRECTION('',(1.,-3.09772049281573E-16,0.));
#4558=DIRECTION('',(1.,-3.09772049281573E-16,0.));
#4559=DIRECTION('',(0.,0.,1.));
#4560=DIRECTION('',(1.,-3.09772049281573E-16,0.));
#4561=DIRECTION('',(-1.,0.,0.));
#4562=DIRECTION('',(0.,0.,1.));
#4563=DIRECTION('',(0.,-1.,0.));
#4564=DIRECTION('',(0.,-1.,0.));
#4565=DIRECTION('',(0.,0.,1.));
#4566=DIRECTION('',(1.,0.,0.));
#4567=DIRECTION('',(0.,1.,0.));
#4568=DIRECTION('',(0.,0.,1.));
#4569=DIRECTION('',(-1.,0.,0.));
#4570=DIRECTION('',(0.,0.,1.));
#4571=DIRECTION('',(-1.,0.,0.));
#4572=DIRECTION('',(0.,0.,1.));
#4573=DIRECTION('',(1.,0.,0.));
#4574=DIRECTION('',(0.,0.,-1.));
#4575=DIRECTION('',(0.,1.,0.));
#4576=DIRECTION('',(0.,0.,1.));
#4577=DIRECTION('',(0.,1.,0.));
#4578=DIRECTION('',(0.,-1.,0.));
#4579=DIRECTION('',(0.,0.,-1.));
#4580=DIRECTION('',(1.,0.,0.));
#4581=DIRECTION('',(0.,0.,1.));
#4582=DIRECTION('',(1.,0.,0.));
#4583=DIRECTION('',(-1.,0.,0.));
#4584=DIRECTION('',(0.,0.,1.));
#4585=DIRECTION('',(0.,-1.,0.));
#4586=DIRECTION('',(0.,-1.,0.));
#4587=DIRECTION('',(0.,0.,1.));
#4588=DIRECTION('',(1.,0.,0.));
#4589=DIRECTION('',(0.,1.,0.));
#4590=DIRECTION('',(0.,0.,1.));
#4591=DIRECTION('',(-1.,0.,0.));
#4592=DIRECTION('',(0.,0.,1.));
#4593=DIRECTION('',(-1.,0.,0.));
#4594=DIRECTION('',(0.,0.,1.));
#4595=DIRECTION('',(1.,0.,0.));
#4596=DIRECTION('',(0.,0.,-1.));
#4597=DIRECTION('',(0.,1.,0.));
#4598=DIRECTION('',(0.,0.,1.));
#4599=DIRECTION('',(0.,1.,0.));
#4600=DIRECTION('',(0.,-1.,0.));
#4601=DIRECTION('',(0.,0.,-1.));
#4602=DIRECTION('',(1.,0.,0.));
#4603=DIRECTION('',(0.,0.,1.));
#4604=DIRECTION('',(1.,0.,0.));
#4605=DIRECTION('',(-1.,0.,0.));
#4606=DIRECTION('',(0.,0.,1.));
#4607=DIRECTION('',(0.,-1.,0.));
#4608=DIRECTION('',(0.,-1.,0.));
#4609=DIRECTION('',(0.,0.,1.));
#4610=DIRECTION('',(1.,0.,0.));
#4611=DIRECTION('',(-1.,0.,0.));
#4612=DIRECTION('',(0.,0.,1.));
#4613=DIRECTION('',(0.,-1.,0.));
#4614=DIRECTION('',(0.,0.,1.));
#4615=DIRECTION('',(0.,-1.,0.));
#4616=DIRECTION('',(0.,0.,1.));
#4617=DIRECTION('',(0.,1.,0.));
#4618=DIRECTION('',(0.,0.,1.));
#4619=DIRECTION('',(-1.,0.,0.));
#4620=DIRECTION('',(0.,0.,1.));
#4621=DIRECTION('',(-1.,0.,0.));
#4622=DIRECTION('',(1.,0.,0.));
#4623=DIRECTION('',(0.,0.,-1.));
#4624=DIRECTION('',(0.,1.,0.));
#4625=DIRECTION('',(0.,0.,1.));
#4626=DIRECTION('',(0.,1.,0.));
#4627=DIRECTION('',(0.,-1.,0.));
#4628=DIRECTION('',(0.,0.,-1.));
#4629=DIRECTION('',(1.,0.,0.));
#4630=DIRECTION('',(1.,0.,0.));
#4631=DIRECTION('',(0.,0.,1.));
#4632=DIRECTION('',(1.,0.,0.));
#4633=DIRECTION('',(0.,0.,1.));
#4634=DIRECTION('',(1.,0.,0.));
#4635=DIRECTION('',(0.,-1.,0.));
#4636=DIRECTION('',(-1.,0.,0.));
#4637=DIRECTION('',(0.,-1.,0.));
#4638=DIRECTION('',(-1.,0.,0.));
#4639=DIRECTION('',(1.,0.,0.));
#4640=DIRECTION('',(0.,0.,-1.));
#4641=DIRECTION('',(0.,-1.,0.));
#4642=DIRECTION('',(0.,0.,1.));
#4643=DIRECTION('',(0.,0.,1.));
#4644=DIRECTION('',(-1.,0.,0.));
#4645=DIRECTION('',(0.,0.,1.));
#4646=DIRECTION('',(0.,0.,-1.));
#4647=DIRECTION('',(0.,-1.,0.));
#4648=DIRECTION('',(0.,0.,-1.));
#4649=DIRECTION('',(0.,0.,1.));
#4650=DIRECTION('',(1.,0.,0.));
#4651=DIRECTION('',(-1.,0.,0.));
#4652=DIRECTION('',(1.,0.,0.));
#4653=DIRECTION('',(0.,-1.,0.));
#4654=DIRECTION('',(0.,0.,1.));
#4655=DIRECTION('',(1.,0.,0.));
#4656=DIRECTION('',(0.,-1.,0.));
#4657=DIRECTION('',(1.,0.,0.));
#4658=DIRECTION('',(-1.82602471155453E-16,1.,0.));
#4659=DIRECTION('',(-1.,0.,0.));
#4660=DIRECTION('',(0.,-1.,0.));
#4661=DIRECTION('',(0.,0.,-1.));
#4662=DIRECTION('',(0.,0.,-1.));
#4663=DIRECTION('',(0.,0.,-1.));
#4664=DIRECTION('',(-1.,0.,0.));
#4665=DIRECTION('',(-1.,-1.82602471155453E-16,0.));
#4666=DIRECTION('',(1.82602471155453E-16,-1.,0.));
#4667=DIRECTION('',(-1.82602471155453E-16,1.,0.));
#4668=DIRECTION('',(0.,0.,-1.));
#4669=DIRECTION('',(1.,0.,0.));
#4670=DIRECTION('',(0.,0.,-1.));
#4671=DIRECTION('',(0.,0.,-1.));
#4672=DIRECTION('',(0.,0.,1.));
#4673=DIRECTION('',(1.,0.,0.));
#4674=DIRECTION('',(1.,0.,0.));
#4675=DIRECTION('',(0.,1.,0.));
#4676=DIRECTION('',(0.,0.,1.));
#4677=DIRECTION('',(0.,0.,1.));
#4678=DIRECTION('',(1.,0.,0.));
#4679=CARTESIAN_POINT('',(0.,0.,0.));
#4680=CARTESIAN_POINT('',(-11.,-4.75,12.));
#4681=CARTESIAN_POINT('',(-1.37321008366301,-4.75000000000001,5.37707633906504));
#4682=CARTESIAN_POINT('',(-1.36725029078393,-4.74999999999999,5.54820438841558));
#4683=CARTESIAN_POINT('',(-1.37227427131995,-4.75000000000001,5.71160115824786));
#4684=CARTESIAN_POINT('',(-1.3858352758917,-4.74999999999999,5.83177665283759));
#4685=CARTESIAN_POINT('',(-1.42313687605379,-4.74999999999999,6.00437311749333));
#4686=CARTESIAN_POINT('',(-1.61580828495704,-4.74999999999999,6.07808194824034));
#4687=CARTESIAN_POINT('',(-1.72439902563004,-4.74999999999999,6.02037658431506));
#4688=CARTESIAN_POINT('',(-1.81439082158823,-4.75000000000001,5.83322622366115));
#4689=CARTESIAN_POINT('',(-1.8170961284186,-4.74999999999999,5.35928146171982));
#4690=CARTESIAN_POINT('',(-1.76316978377509,-4.74999999999999,5.10117348180821));
#4691=CARTESIAN_POINT('',(-1.60583956540071,-4.75000000000001,5.01096980184344));
#4692=CARTESIAN_POINT('',(-1.43505437492691,-4.74999999999999,5.07132589528876));
#4693=CARTESIAN_POINT('',(-1.38669776310763,-4.74999999999999,5.24772172302676));
#4694=CARTESIAN_POINT('',(-1.37321008366301,-4.75000000000001,5.37707633906504));
#4695=CARTESIAN_POINT('',(-1.36725029078393,-4.74999999999999,5.54820438841558));
#4696=CARTESIAN_POINT('',(-1.37227427131995,-4.75000000000001,5.71160115824786));
#4697=CARTESIAN_POINT('',(-1.36907082521117,-4.75,5.55489416069794));
#4698=CARTESIAN_POINT('',(-1.37321008366301,-4.74000000000001,5.37707633906504));
#4699=CARTESIAN_POINT('',(-1.37321008366301,-4.75000000000001,5.37707633906504));
#4700=CARTESIAN_POINT('',(-1.36725029078393,-4.74,5.54820438841558));
#4701=CARTESIAN_POINT('',(-1.36725029078393,-4.75,5.54820438841558));
#4702=CARTESIAN_POINT('',(-1.37227427131995,-4.74000000000001,5.71160115824786));
#4703=CARTESIAN_POINT('',(-1.37227427131995,-4.75000000000001,5.71160115824786));
#4704=CARTESIAN_POINT('',(-1.3858352758917,-4.74,5.83177665283759));
#4705=CARTESIAN_POINT('',(-1.3858352758917,-4.75,5.83177665283759));
#4706=CARTESIAN_POINT('',(-1.42313687605379,-4.74,6.00437311749333));
#4707=CARTESIAN_POINT('',(-1.42313687605379,-4.75,6.00437311749333));
#4708=CARTESIAN_POINT('',(-1.61580828495704,-4.74,6.07808194824034));
#4709=CARTESIAN_POINT('',(-1.61580828495704,-4.75,6.07808194824034));
#4710=CARTESIAN_POINT('',(-1.72439902563004,-4.74,6.02037658431506));
#4711=CARTESIAN_POINT('',(-1.72439902563004,-4.75,6.02037658431506));
#4712=CARTESIAN_POINT('',(-1.81439082158823,-4.74000000000001,5.83322622366115));
#4713=CARTESIAN_POINT('',(-1.81439082158823,-4.75000000000001,5.83322622366115));
#4714=CARTESIAN_POINT('',(-1.8170961284186,-4.74,5.35928146171982));
#4715=CARTESIAN_POINT('',(-1.8170961284186,-4.75,5.35928146171982));
#4716=CARTESIAN_POINT('',(-1.76316978377509,-4.74,5.10117348180821));
#4717=CARTESIAN_POINT('',(-1.76316978377509,-4.75,5.10117348180821));
#4718=CARTESIAN_POINT('',(-1.60583956540071,-4.74000000000001,5.01096980184344));
#4719=CARTESIAN_POINT('',(-1.60583956540071,-4.75000000000001,5.01096980184344));
#4720=CARTESIAN_POINT('',(-1.43505437492691,-4.74,5.07132589528876));
#4721=CARTESIAN_POINT('',(-1.43505437492691,-4.75,5.07132589528876));
#4722=CARTESIAN_POINT('',(-1.38669776310763,-4.74,5.24772172302676));
#4723=CARTESIAN_POINT('',(-1.38669776310763,-4.75,5.24772172302676));
#4724=CARTESIAN_POINT('',(-1.37321008366301,-4.74000000000001,5.37707633906504));
#4725=CARTESIAN_POINT('',(-1.37321008366301,-4.75000000000001,5.37707633906504));
#4726=CARTESIAN_POINT('',(-1.36725029078393,-4.74,5.54820438841558));
#4727=CARTESIAN_POINT('',(-1.36725029078393,-4.75,5.54820438841558));
#4728=CARTESIAN_POINT('',(-1.37227427131995,-4.74000000000001,5.71160115824786));
#4729=CARTESIAN_POINT('',(-1.37227427131995,-4.75000000000001,5.71160115824786));
#4730=CARTESIAN_POINT('',(-1.37321008366301,-4.74000000000001,5.37707633906504));
#4731=CARTESIAN_POINT('',(-1.36725029078393,-4.73999999999999,5.54820438841558));
#4732=CARTESIAN_POINT('',(-1.37227427131995,-4.74000000000001,5.71160115824786));
#4733=CARTESIAN_POINT('',(-1.3858352758917,-4.73999999999999,5.83177665283759));
#4734=CARTESIAN_POINT('',(-1.42313687605379,-4.73999999999999,6.00437311749333));
#4735=CARTESIAN_POINT('',(-1.61580828495704,-4.73999999999999,6.07808194824034));
#4736=CARTESIAN_POINT('',(-1.72439902563004,-4.73999999999999,6.02037658431506));
#4737=CARTESIAN_POINT('',(-1.81439082158823,-4.74000000000001,5.83322622366115));
#4738=CARTESIAN_POINT('',(-1.8170961284186,-4.73999999999999,5.35928146171982));
#4739=CARTESIAN_POINT('',(-1.76316978377509,-4.73999999999999,5.10117348180821));
#4740=CARTESIAN_POINT('',(-1.60583956540071,-4.74000000000001,5.01096980184344));
#4741=CARTESIAN_POINT('',(-1.43505437492691,-4.73999999999999,5.07132589528876));
#4742=CARTESIAN_POINT('',(-1.38669776310763,-4.73999999999999,5.24772172302676));
#4743=CARTESIAN_POINT('',(-1.37321008366301,-4.74000000000001,5.37707633906504));
#4744=CARTESIAN_POINT('',(-1.36725029078393,-4.73999999999999,5.54820438841558));
#4745=CARTESIAN_POINT('',(-1.37227427131995,-4.74000000000001,5.71160115824786));
#4746=CARTESIAN_POINT('',(-1.36907082521117,-4.74,5.55489416069794));
#4747=CARTESIAN_POINT('',(-1.12750614265154,-4.74,5.81170245773415));
#4748=CARTESIAN_POINT('',(-1.12750614265154,-4.75,5.81170245773415));
#4749=CARTESIAN_POINT('',(-1.10811143959083,-4.74,5.51501853400268));
#4750=CARTESIAN_POINT('',(-1.10811143959083,-4.75,5.51501853400268));
#4751=CARTESIAN_POINT('',(-1.11909410337535,-4.74,5.29705423567454));
#4752=CARTESIAN_POINT('',(-1.11909410337535,-4.75,5.29705423567454));
#4753=CARTESIAN_POINT('',(-1.18330614608561,-4.74,5.06834830565102));
#4754=CARTESIAN_POINT('',(-1.18330614608561,-4.75000000000001,5.06834830565102));
#4755=CARTESIAN_POINT('',(-1.40071146000916,-4.74,4.82461676855606));
#4756=CARTESIAN_POINT('',(-1.40071146000916,-4.75,4.82461676855606));
#4757=CARTESIAN_POINT('',(-1.79568121258759,-4.74,4.82145708121326));
#4758=CARTESIAN_POINT('',(-1.79568121258759,-4.75,4.82145708121326));
#4759=CARTESIAN_POINT('',(-2.03210114016438,-4.74,5.13247237421704));
#4760=CARTESIAN_POINT('',(-2.03210114016438,-4.75,5.13247237421704));
#4761=CARTESIAN_POINT('',(-2.07047554853479,-4.74,5.40848286547592));
#4762=CARTESIAN_POINT('',(-2.07047554853479,-4.75,5.40848286547592));
#4763=CARTESIAN_POINT('',(-2.06372220511574,-4.74,5.72011059120332));
#4764=CARTESIAN_POINT('',(-2.06372220511574,-4.75,5.72011059120332));
#4765=CARTESIAN_POINT('',(-2.01645167249158,-4.74000000000001,6.00255994819621));
#4766=CARTESIAN_POINT('',(-2.01645167249158,-4.75000000000001,6.00255994819621));
#4767=CARTESIAN_POINT('',(-1.81867825097338,-4.74,6.24646664646032));
#4768=CARTESIAN_POINT('',(-1.81867825097338,-4.75,6.24646664646032));
#4769=CARTESIAN_POINT('',(-1.4910169594103,-4.74,6.26148687328172));
#4770=CARTESIAN_POINT('',(-1.4910169594103,-4.75000000000001,6.26148687328172));
#4771=CARTESIAN_POINT('',(-1.28554842244818,-4.74,6.14312508315383));
#4772=CARTESIAN_POINT('',(-1.28554842244818,-4.75000000000001,6.14312508315383));
#4773=CARTESIAN_POINT('',(-1.16955864673548,-4.74000000000001,5.96253255135641));
#4774=CARTESIAN_POINT('',(-1.16955864673548,-4.75000000000001,5.96253255135641));
#4775=CARTESIAN_POINT('',(-1.12750614265154,-4.74,5.81170245773415));
#4776=CARTESIAN_POINT('',(-1.12750614265154,-4.75,5.81170245773415));
#4777=CARTESIAN_POINT('',(-1.10811143959083,-4.74,5.51501853400268));
#4778=CARTESIAN_POINT('',(-1.10811143959083,-4.75,5.51501853400268));
#4779=CARTESIAN_POINT('',(-1.11909410337535,-4.74,5.29705423567454));
#4780=CARTESIAN_POINT('',(-1.11909410337535,-4.75,5.29705423567454));
#4781=CARTESIAN_POINT('',(-1.12578497696277,-4.75,5.78218908052964));
#4782=CARTESIAN_POINT('',(-1.10755969628936,-4.75,5.51820268747635));
#4783=CARTESIAN_POINT('',(-1.11949846973348,-4.75,5.29177534837827));
#4784=CARTESIAN_POINT('',(-1.18661578391132,-4.75,5.06331025188372));
#4785=CARTESIAN_POINT('',(-1.34536453988066,-4.75,4.88819365618909));
#4786=CARTESIAN_POINT('',(-1.58331520446298,-4.75,4.82419914149573));
#4787=CARTESIAN_POINT('',(-1.82464787131526,-4.75,4.88336178762364));
#4788=CARTESIAN_POINT('',(-1.99160328511162,-4.75,5.07030838859824));
#4789=CARTESIAN_POINT('',(-2.05988883256496,-4.75,5.28596887181668));
#4790=CARTESIAN_POINT('',(-2.06899143954852,-4.75,5.52458734444768));
#4791=CARTESIAN_POINT('',(-2.0584767046379,-4.75,5.74936834228173));
#4792=CARTESIAN_POINT('',(-2.03041941679657,-4.75,5.90629832978078));
#4793=CARTESIAN_POINT('',(-1.97314224544134,-4.75,6.05152807673523));
#4794=CARTESIAN_POINT('',(-1.8664620088069,-4.75,6.17399584747973));
#4795=CARTESIAN_POINT('',(-1.71956058042635,-4.75,6.23619212067149));
#4796=CARTESIAN_POINT('',(-1.58815281613321,-4.75,6.25146749494566));
#4797=CARTESIAN_POINT('',(-1.45359584633239,-4.75,6.23108102432538));
#4798=CARTESIAN_POINT('',(-1.31122530514532,-4.75,6.16305032421103));
#4799=CARTESIAN_POINT('',(-1.21087881910898,-4.75,6.03434015905189));
#4800=CARTESIAN_POINT('',(-1.15558289256896,-4.75,5.91181987093136));
#4801=CARTESIAN_POINT('',(-1.12578497696277,-4.75,5.78218908052964));
#4802=CARTESIAN_POINT('',(-1.10755969628936,-4.75,5.51820268747635));
#4803=CARTESIAN_POINT('',(-1.11949846973348,-4.75,5.29177534837827));
#4804=CARTESIAN_POINT('',(-1.11345029239766,-4.75,5.53670052846922));
#4805=CARTESIAN_POINT('',(-1.12616112320612,-4.74,5.27665953500147));
#4806=CARTESIAN_POINT('',(-1.1081747531799,-4.74,5.5251696971312));
#4807=CARTESIAN_POINT('',(-1.12221414350621,-4.74,5.75645860879517));
#4808=CARTESIAN_POINT('',(-1.15536841100844,-4.74,5.91714169143601));
#4809=CARTESIAN_POINT('',(-1.25854276627866,-4.74,6.13711336543375));
#4810=CARTESIAN_POINT('',(-1.5137703913624,-4.74,6.27081652430139));
#4811=CARTESIAN_POINT('',(-1.81723083179173,-4.74,6.22311237820085));
#4812=CARTESIAN_POINT('',(-1.98583252050693,-4.74,6.04510867594066));
#4813=CARTESIAN_POINT('',(-2.04121473938777,-4.74,5.87418162203381));
#4814=CARTESIAN_POINT('',(-2.0732172736586,-4.74,5.58588286472867));
#4815=CARTESIAN_POINT('',(-2.05609047395171,-4.74,5.28868649177126));
#4816=CARTESIAN_POINT('',(-2.00576096709654,-4.74,5.09948220129993));
#4817=CARTESIAN_POINT('',(-1.85138162720238,-4.74,4.89990490526963));
#4818=CARTESIAN_POINT('',(-1.59967033955933,-4.74,4.8198205884962));
#4819=CARTESIAN_POINT('',(-1.33507272219124,-4.74,4.88284334712424));
#4820=CARTESIAN_POINT('',(-1.16663947684247,-4.74,5.1070963733042));
#4821=CARTESIAN_POINT('',(-1.12616112320612,-4.74,5.27665953500147));
#4822=CARTESIAN_POINT('',(-1.1081747531799,-4.74,5.5251696971312));
#4823=CARTESIAN_POINT('',(-1.12221414350621,-4.74,5.75645860879517));
#4824=CARTESIAN_POINT('',(-1.11345029239766,-4.74,5.53670052846922));
#4825=CARTESIAN_POINT('',(-2.0656895106761,-4.74,5.55104976636954));
#4826=CARTESIAN_POINT('',(-11.,-4.75,12.));
#4827=CARTESIAN_POINT('',(0.890676649389239,-4.75,5.35925620243951));
#4828=CARTESIAN_POINT('',(0.899970085712658,-4.75,5.54695147728378));
#4829=CARTESIAN_POINT('',(0.891147668554047,-4.75,5.73708152752938));
#4830=CARTESIAN_POINT('',(0.879307319991289,-4.75,5.84875132838765));
#4831=CARTESIAN_POINT('',(0.817475421380048,-4.75,6.02170534968613));
#4832=CARTESIAN_POINT('',(0.669788324603013,-4.75,6.06986265754379));
#4833=CARTESIAN_POINT('',(0.543126000165023,-4.75,6.03106309187183));
#4834=CARTESIAN_POINT('',(0.459687292291206,-4.75,5.81982183169073));
#4835=CARTESIAN_POINT('',(0.451786397838462,-4.75,5.63145938193647));
#4836=CARTESIAN_POINT('',(0.459815852445314,-4.75,5.35437573472025));
#4837=CARTESIAN_POINT('',(0.473026385854582,-4.75,5.23592815473787));
#4838=CARTESIAN_POINT('',(0.541011923072385,-4.75,5.05660561054803));
#4839=CARTESIAN_POINT('',(0.686325571386856,-4.75,5.01962358538506));
#4840=CARTESIAN_POINT('',(0.80877001508731,-4.75,5.06166732640883));
#4841=CARTESIAN_POINT('',(0.879136518654639,-4.75,5.23386128136208));
#4842=CARTESIAN_POINT('',(0.890676649389239,-4.75,5.35925620243951));
#4843=CARTESIAN_POINT('',(0.899970085712658,-4.75,5.54695147728378));
#4844=CARTESIAN_POINT('',(0.891147668554047,-4.75,5.73708152752938));
#4845=CARTESIAN_POINT('',(0.896946068875894,-4.75,5.55489416069794));
#4846=CARTESIAN_POINT('',(0.892007388034008,-4.74,5.37698126277263));
#4847=CARTESIAN_POINT('',(0.892007388034008,-4.75,5.37698126277263));
#4848=CARTESIAN_POINT('',(0.899124914513902,-4.74,5.54807152799506));
#4849=CARTESIAN_POINT('',(0.899124914513902,-4.75,5.54807152799506));
#4850=CARTESIAN_POINT('',(0.893100920745944,-4.74,5.71156093421764));
#4851=CARTESIAN_POINT('',(0.893100920745944,-4.75,5.71156093421764));
#4852=CARTESIAN_POINT('',(0.879958952170577,-4.74,5.83198917925833));
#4853=CARTESIAN_POINT('',(0.879958952170577,-4.75,5.83198917925833));
#4854=CARTESIAN_POINT('',(0.837819374877571,-4.74,6.00320232664405));
#4855=CARTESIAN_POINT('',(0.837819374877571,-4.75,6.00320232664405));
#4856=CARTESIAN_POINT('',(0.697042794694141,-4.74,6.06716315904536));
#4857=CARTESIAN_POINT('',(0.697042794694141,-4.75,6.06716315904536));
#4858=CARTESIAN_POINT('',(0.569338481878288,-4.74,6.04363407694104));
#4859=CARTESIAN_POINT('',(0.569338481878288,-4.75,6.04363407694104));
#4860=CARTESIAN_POINT('',(0.489810519852152,-4.74,5.92250792591742));
#4861=CARTESIAN_POINT('',(0.489810519852152,-4.75,5.92250792591742));
#4862=CARTESIAN_POINT('',(0.474198458537315,-4.74,5.82715832059287));
#4863=CARTESIAN_POINT('',(0.474198458537315,-4.75,5.82715832059287));
#4864=CARTESIAN_POINT('',(0.453234276475789,-4.74,5.66206279097254));
#4865=CARTESIAN_POINT('',(0.453234276475789,-4.75,5.66206279097254));
#4866=CARTESIAN_POINT('',(0.455543467556486,-4.74,5.44210406383325));
#4867=CARTESIAN_POINT('',(0.455543467556486,-4.75,5.44210406383325));
#4868=CARTESIAN_POINT('',(0.463892339648431,-4.74,5.27155729279276));
#4869=CARTESIAN_POINT('',(0.463892339648431,-4.75,5.27155729279276));
#4870=CARTESIAN_POINT('',(0.548084412256305,-4.74,5.00348836781644));
#4871=CARTESIAN_POINT('',(0.548084412256305,-4.75,5.00348836781644));
#4872=CARTESIAN_POINT('',(0.811845065407467,-4.74,5.03044760423137));
#4873=CARTESIAN_POINT('',(0.811845065407467,-4.75,5.03044760423137));
#4874=CARTESIAN_POINT('',(0.878931426470068,-4.74,5.24399750494622));
#4875=CARTESIAN_POINT('',(0.878931426470068,-4.75,5.24399750494622));
#4876=CARTESIAN_POINT('',(0.892007388034008,-4.74,5.37698126277263));
#4877=CARTESIAN_POINT('',(0.892007388034008,-4.75,5.37698126277263));
#4878=CARTESIAN_POINT('',(0.899124914513902,-4.74,5.54807152799506));
#4879=CARTESIAN_POINT('',(0.899124914513902,-4.75,5.54807152799506));
#4880=CARTESIAN_POINT('',(0.893100920745944,-4.74,5.71156093421764));
#4881=CARTESIAN_POINT('',(0.893100920745944,-4.75,5.71156093421764));
#4882=CARTESIAN_POINT('',(0.889837919370534,-4.74,5.75339959118864));
#4883=CARTESIAN_POINT('',(0.900004183411861,-4.74,5.56148692673435));
#4884=CARTESIAN_POINT('',(0.891686657627941,-4.74,5.37541796511033));
#4885=CARTESIAN_POINT('',(0.882694616982183,-4.74,5.263179810658));
#4886=CARTESIAN_POINT('',(0.82602860788575,-4.74,5.08485772596873));
#4887=CARTESIAN_POINT('',(0.721642535988809,-4.74,5.02396607541346));
#4888=CARTESIAN_POINT('',(0.56475788715505,-4.74,5.03555672656904));
#4889=CARTESIAN_POINT('',(0.479523488647707,-4.74,5.20072149458448));
#4890=CARTESIAN_POINT('',(0.463348566749305,-4.74,5.32336286942379));
#4891=CARTESIAN_POINT('',(0.452365323634695,-4.74,5.51380209251168));
#4892=CARTESIAN_POINT('',(0.457775214996923,-4.74,5.6857880324451));
#4893=CARTESIAN_POINT('',(0.468135068696411,-4.74,5.81705422037701));
#4894=CARTESIAN_POINT('',(0.524688403695402,-4.74,6.00730057556569));
#4895=CARTESIAN_POINT('',(0.63075437642473,-4.74,6.0667342877235));
#4896=CARTESIAN_POINT('',(0.794078662487797,-4.74,6.04451036302055));
#4897=CARTESIAN_POINT('',(0.875580394466085,-4.74,5.87842715420942));
#4898=CARTESIAN_POINT('',(0.889837919370534,-4.74,5.75339959118864));
#4899=CARTESIAN_POINT('',(0.900004183411861,-4.74,5.56148692673435));
#4900=CARTESIAN_POINT('',(0.891686657627941,-4.74,5.37541796511033));
#4901=CARTESIAN_POINT('',(0.896946068875894,-4.74,5.55489416069794));
#4902=CARTESIAN_POINT('',(1.13757611108256,-4.74000000000001,5.81172184747709));
#4903=CARTESIAN_POINT('',(1.13757611108256,-4.75000000000001,5.81172184747709));
#4904=CARTESIAN_POINT('',(1.1570506418395,-4.74,5.5149627583232));
#4905=CARTESIAN_POINT('',(1.1570506418395,-4.75,5.5149627583232));
#4906=CARTESIAN_POINT('',(1.14581112821904,-4.74,5.2972666262923));
#4907=CARTESIAN_POINT('',(1.14581112821904,-4.75,5.2972666262923));
#4908=CARTESIAN_POINT('',(1.07155118701026,-4.74,5.02813578141091));
#4909=CARTESIAN_POINT('',(1.07155118701026,-4.75,5.02813578141091));
#4910=CARTESIAN_POINT('',(0.815999399688875,-4.74,4.81054553879451));
#4911=CARTESIAN_POINT('',(0.815999399688875,-4.75,4.81054553879451));
#4912=CARTESIAN_POINT('',(0.446973808787483,-4.74,4.85482734056564));
#4913=CARTESIAN_POINT('',(0.446973808787483,-4.75,4.85482734056564));
#4914=CARTESIAN_POINT('',(0.234908445457228,-4.74,5.12818403825824));
#4915=CARTESIAN_POINT('',(0.234908445457228,-4.75,5.12818403825824));
#4916=CARTESIAN_POINT('',(0.194075797222515,-4.74000000000001,5.40830346869033));
#4917=CARTESIAN_POINT('',(0.194075797222515,-4.75000000000001,5.40830346869033));
#4918=CARTESIAN_POINT('',(0.2021208823667,-4.74,5.71998320958714));
#4919=CARTESIAN_POINT('',(0.2021208823667,-4.75,5.71998320958714));
#4920=CARTESIAN_POINT('',(0.249311369137052,-4.74,6.00223573268685));
#4921=CARTESIAN_POINT('',(0.249311369137052,-4.75,6.00223573268685));
#4922=CARTESIAN_POINT('',(0.447610248660812,-4.74,6.24741358748151));
#4923=CARTESIAN_POINT('',(0.447610248660812,-4.75,6.24741358748151));
#4924=CARTESIAN_POINT('',(0.774854059456199,-4.74,6.26112364569988));
#4925=CARTESIAN_POINT('',(0.774854059456199,-4.75,6.26112364569988));
#4926=CARTESIAN_POINT('',(0.979447413105129,-4.74,6.14316907931998));
#4927=CARTESIAN_POINT('',(0.979447413105129,-4.75,6.14316907931998));
#4928=CARTESIAN_POINT('',(1.09559146529055,-4.74,5.96251047706405));
#4929=CARTESIAN_POINT('',(1.09559146529055,-4.75,5.96251047706405));
#4930=CARTESIAN_POINT('',(1.13757611108256,-4.74000000000001,5.81172184747709));
#4931=CARTESIAN_POINT('',(1.13757611108256,-4.75000000000001,5.81172184747709));
#4932=CARTESIAN_POINT('',(1.1570506418395,-4.74,5.5149627583232));
#4933=CARTESIAN_POINT('',(1.1570506418395,-4.75,5.5149627583232));
#4934=CARTESIAN_POINT('',(1.14581112821904,-4.74,5.2972666262923));
#4935=CARTESIAN_POINT('',(1.14581112821904,-4.75,5.2972666262923));
#4936=CARTESIAN_POINT('',(1.13901830519224,-4.75,5.78078048795024));
#4937=CARTESIAN_POINT('',(1.15871301432802,-4.75,5.54418599564574));
#4938=CARTESIAN_POINT('',(1.1399024774127,-4.75,5.26368695688858));
#4939=CARTESIAN_POINT('',(1.08749230778395,-4.75,5.08330770875708));
#4940=CARTESIAN_POINT('',(0.923049269079807,-4.75,4.89008315902232));
#4941=CARTESIAN_POINT('',(0.719871346918999,-4.75,4.83117955132565));
#4942=CARTESIAN_POINT('',(0.556712974212639,-4.75,4.8532334641729));
#4943=CARTESIAN_POINT('',(0.409681108143044,-4.75,4.91832628442848));
#4944=CARTESIAN_POINT('',(0.273797268107888,-4.75,5.07269498227556));
#4945=CARTESIAN_POINT('',(0.205498597043105,-4.75,5.28565660253675));
#4946=CARTESIAN_POINT('',(0.195975198469,-4.75,5.52474820587745));
#4947=CARTESIAN_POINT('',(0.207285582126962,-4.75,5.74873646365613));
#4948=CARTESIAN_POINT('',(0.235327066432001,-4.75,5.9058967025734));
#4949=CARTESIAN_POINT('',(0.292592619713845,-4.75,6.05127657353234));
#4950=CARTESIAN_POINT('',(0.399533601344019,-4.75,6.17439601322523));
#4951=CARTESIAN_POINT('',(0.546433343978139,-4.75,6.23669543042308));
#4952=CARTESIAN_POINT('',(0.711553291445664,-4.75,6.25488478240942));
#4953=CARTESIAN_POINT('',(0.91215008832103,-4.75,6.20733624897057));
#4954=CARTESIAN_POINT('',(1.04867154722608,-4.75,6.04667860602095));
#4955=CARTESIAN_POINT('',(1.1095405214482,-4.75,5.91236997213794));
#4956=CARTESIAN_POINT('',(1.13901830519224,-4.75,5.78078048795024));
#4957=CARTESIAN_POINT('',(1.15871301432802,-4.75,5.54418599564574));
#4958=CARTESIAN_POINT('',(1.1399024774127,-4.75,5.26368695688858));
#4959=CARTESIAN_POINT('',(1.15165692007798,-4.75,5.53670052846922));
#4960=CARTESIAN_POINT('',(1.13886024707752,-4.74,5.27672324924161));
#4961=CARTESIAN_POINT('',(1.15700439967394,-4.74,5.52513651178962));
#4962=CARTESIAN_POINT('',(1.1427125822623,-4.74,5.75652505731507));
#4963=CARTESIAN_POINT('',(1.10526342930233,-4.74,5.94253259779774));
#4964=CARTESIAN_POINT('',(0.981291384466499,-4.74,6.16817411619814));
#4965=CARTESIAN_POINT('',(0.71781314702457,-4.74,6.26400104174605));
#4966=CARTESIAN_POINT('',(0.448140139124631,-4.74,6.22271132508063));
#4967=CARTESIAN_POINT('',(0.280330936974283,-4.74,6.04398943774833));
#4968=CARTESIAN_POINT('',(0.224092481454586,-4.74,5.87225716250309));
#4969=CARTESIAN_POINT('',(0.191821294350624,-4.74,5.5850803777909));
#4970=CARTESIAN_POINT('',(0.209074380525768,-4.74,5.29069999725237));
#4971=CARTESIAN_POINT('',(0.259801164934011,-4.74,5.09934311567943));
#4972=CARTESIAN_POINT('',(0.414174567746428,-4.74,4.89974100170896));
#4973=CARTESIAN_POINT('',(0.663371338356603,-4.74,4.82048683225096));
#4974=CARTESIAN_POINT('',(0.927792999220295,-4.74,4.88071442726088));
#4975=CARTESIAN_POINT('',(1.09882935058647,-4.74,5.10727083897931));
#4976=CARTESIAN_POINT('',(1.13886024707752,-4.74,5.27672324924161));
#4977=CARTESIAN_POINT('',(1.15700439967394,-4.74,5.52513651178962));
#4978=CARTESIAN_POINT('',(1.1427125822623,-4.74,5.75652505731507));
#4979=CARTESIAN_POINT('',(1.15165692007797,-4.74,5.53670052846922));
#4980=CARTESIAN_POINT('',(0.199415865125501,-4.74,5.55081377995432));
#4981=CARTESIAN_POINT('',(-11.,-4.75,12.));
#4982=CARTESIAN_POINT('',(5.56079842137993,-4.75,2.28076344095813));
#4983=CARTESIAN_POINT('',(5.72574167748772,-4.75,2.19792129735635));
#4984=CARTESIAN_POINT('',(5.90555877495059,-4.75,2.27450433773556));
#4985=CARTESIAN_POINT('',(5.97084084748873,-4.75,2.50318739203221));
#4986=CARTESIAN_POINT('',(5.90265723751488,-4.75,2.72847707651468));
#4987=CARTESIAN_POINT('',(5.72838612762116,-4.75,2.79650895311489));
#4988=CARTESIAN_POINT('',(5.54474547319608,-4.75,2.71640135566989));
#4989=CARTESIAN_POINT('',(5.48432551141434,-4.75,2.49154982161342));
#4990=CARTESIAN_POINT('',(5.56079842137993,-4.75,2.28076344095813));
#4991=CARTESIAN_POINT('',(5.72574167748772,-4.75,2.19792129735635));
#4992=CARTESIAN_POINT('',(5.90555877495059,-4.75,2.27450433773556));
#4993=CARTESIAN_POINT('',(5.73414790996784,-4.75,2.22447841071204));
#4994=CARTESIAN_POINT('',(5.00230064390669,-4.74,2.08755491539253));
#4995=CARTESIAN_POINT('',(5.00230064390669,-4.75,2.08755491539253));
#4996=CARTESIAN_POINT('',(4.85557118313942,-4.74,2.0294027472943));
#4997=CARTESIAN_POINT('',(4.85557118313942,-4.75,2.0294027472943));
#4998=CARTESIAN_POINT('',(4.70660896409426,-4.74,2.07728172243664));
#4999=CARTESIAN_POINT('',(4.70660896409426,-4.75,2.07728172243664));
#5000=CARTESIAN_POINT('',(4.69372305065027,-4.74,2.26284853269814));
#5001=CARTESIAN_POINT('',(4.69372305065027,-4.75,2.26284853269814));
#5002=CARTESIAN_POINT('',(4.83905706427186,-4.74000000000001,2.33553000722225));
#5003=CARTESIAN_POINT('',(4.83905706427186,-4.75000000000001,2.33553000722225));
#5004=CARTESIAN_POINT('',(4.99007133012326,-4.74,2.28271301860123));
#5005=CARTESIAN_POINT('',(4.99007133012326,-4.75,2.28271301860123));
#5006=CARTESIAN_POINT('',(5.00230064390669,-4.74,2.08755491539253));
#5007=CARTESIAN_POINT('',(5.00230064390669,-4.75,2.08755491539253));
#5008=CARTESIAN_POINT('',(4.85557118313942,-4.74,2.0294027472943));
#5009=CARTESIAN_POINT('',(4.85557118313942,-4.75,2.0294027472943));
#5010=CARTESIAN_POINT('',(4.70660896409426,-4.74,2.07728172243664));
#5011=CARTESIAN_POINT('',(4.70660896409426,-4.75,2.07728172243664));
#5012=CARTESIAN_POINT('',(5.00230064390669,-4.74999999999999,2.08755491539253));
#5013=CARTESIAN_POINT('',(4.85557118313942,-4.74999999999999,2.0294027472943));
#5014=CARTESIAN_POINT('',(4.70660896409426,-4.74999999999999,2.07728172243664));
#5015=CARTESIAN_POINT('',(4.69372305065027,-4.74999999999999,2.26284853269814));
#5016=CARTESIAN_POINT('',(4.83905706427186,-4.75,2.33553000722225));
#5017=CARTESIAN_POINT('',(4.99007133012326,-4.74999999999999,2.28271301860123));
#5018=CARTESIAN_POINT('',(5.00230064390669,-4.74999999999999,2.08755491539253));
#5019=CARTESIAN_POINT('',(4.85557118313942,-4.74999999999999,2.0294027472943));
#5020=CARTESIAN_POINT('',(4.70660896409426,-4.74999999999999,2.07728172243664));
#5021=CARTESIAN_POINT('',(4.85003215434083,-4.75,2.04261345894355));
#5022=CARTESIAN_POINT('',(5.00230064390669,-4.73999999999999,2.08755491539253));
#5023=CARTESIAN_POINT('',(4.85557118313942,-4.73999999999999,2.0294027472943));
#5024=CARTESIAN_POINT('',(4.70660896409426,-4.73999999999999,2.07728172243664));
#5025=CARTESIAN_POINT('',(4.69372305065027,-4.73999999999999,2.26284853269814));
#5026=CARTESIAN_POINT('',(4.83905706427186,-4.74,2.33553000722225));
#5027=CARTESIAN_POINT('',(4.99007133012326,-4.73999999999999,2.28271301860123));
#5028=CARTESIAN_POINT('',(5.00230064390669,-4.73999999999999,2.08755491539253));
#5029=CARTESIAN_POINT('',(4.85557118313942,-4.73999999999999,2.0294027472943));
#5030=CARTESIAN_POINT('',(4.70660896409426,-4.73999999999999,2.07728172243664));
#5031=CARTESIAN_POINT('',(4.85003215434083,-4.74,2.04261345894355));
#5032=CARTESIAN_POINT('',(4.84745182093251,-4.74,2.31991525051017));
#5033=CARTESIAN_POINT('',(-11.,-4.75,12.));
#5034=CARTESIAN_POINT('',(0.484673713089225,-4.75,2.28084682068562));
#5035=CARTESIAN_POINT('',(0.648955437059615,-4.75,2.19802080546593));
#5036=CARTESIAN_POINT('',(0.827545830888606,-4.75,2.27407740250256));
#5037=CARTESIAN_POINT('',(0.895331569736191,-4.75,2.50107748758322));
#5038=CARTESIAN_POINT('',(0.826692285077499,-4.75,2.72622390924966));
#5039=CARTESIAN_POINT('',(0.655465793262454,-4.75,2.79697906976194));
#5040=CARTESIAN_POINT('',(0.468028269136725,-4.75,2.71711821089102));
#5041=CARTESIAN_POINT('',(0.408463795912442,-4.75,2.49238078563213));
#5042=CARTESIAN_POINT('',(0.484673713089225,-4.75,2.28084682068562));
#5043=CARTESIAN_POINT('',(0.648955437059615,-4.75,2.19802080546593));
#5044=CARTESIAN_POINT('',(0.827545830888606,-4.75,2.27407740250256));
#5045=CARTESIAN_POINT('',(0.6572347266881,-4.75,2.22447841071204));
#5046=CARTESIAN_POINT('',(-2.8506261238728,-4.74000000000001,3.33837979753899));
#5047=CARTESIAN_POINT('',(-2.8506261238728,-4.75,3.33837979753899));
#5048=CARTESIAN_POINT('',(-2.87631880062837,-4.74000000000001,3.23344018249028));
#5049=CARTESIAN_POINT('',(-2.87631880062837,-4.75,3.23344018249028));
#5050=CARTESIAN_POINT('',(-2.88679712120265,-4.74000000000001,3.19716341371339));
#5051=CARTESIAN_POINT('',(-2.88679712120265,-4.75,3.19716341371339));
#5052=CARTESIAN_POINT('',(-2.91016345969552,-4.74000000000001,3.10586537331641));
#5053=CARTESIAN_POINT('',(-2.91016345969552,-4.75,3.10586537331641));
#5054=CARTESIAN_POINT('',(-2.94627921160241,-4.74000000000002,2.96329464365894));
#5055=CARTESIAN_POINT('',(-2.94627921160241,-4.75000000000001,2.96329464365894));
#5056=CARTESIAN_POINT('',(-3.01642623687911,-4.74000000000001,2.66387649836715));
#5057=CARTESIAN_POINT('',(-3.01642623687911,-4.75,2.66387649836715));
#5058=CARTESIAN_POINT('',(-3.09153711345167,-4.74000000000001,2.37299425999596));
#5059=CARTESIAN_POINT('',(-3.09153711345167,-4.75,2.37299425999596));
#5060=CARTESIAN_POINT('',(-3.13729705406969,-4.74000000000001,2.13453790524022));
#5061=CARTESIAN_POINT('',(-3.13729705406969,-4.75,2.13453790524022));
#5062=CARTESIAN_POINT('',(-3.1877375771472,-4.74000000000001,2.0281008395926));
#5063=CARTESIAN_POINT('',(-3.1877375771472,-4.75,2.0281008395926));
#5064=CARTESIAN_POINT('',(-3.2913648456485,-4.74000000000001,2.03880459473783));
#5065=CARTESIAN_POINT('',(-3.2913648456485,-4.75,2.03880459473783));
#5066=CARTESIAN_POINT('',(-3.32707797302766,-4.74000000000001,2.08190349869152));
#5067=CARTESIAN_POINT('',(-3.32707797302766,-4.75,2.08190349869152));
#5068=CARTESIAN_POINT('',(-3.33362781563838,-4.74000000000001,2.11841854395755));
#5069=CARTESIAN_POINT('',(-3.33362781563838,-4.75,2.11841854395755));
#5070=CARTESIAN_POINT('',(-3.32995815868275,-4.74000000000002,2.15174471105178));
#5071=CARTESIAN_POINT('',(-3.32995815868275,-4.75000000000001,2.15174471105178));
#5072=CARTESIAN_POINT('',(-3.31199515832814,-4.74000000000001,2.24022114322904));
#5073=CARTESIAN_POINT('',(-3.31199515832814,-4.75,2.24022114322904));
#5074=CARTESIAN_POINT('',(-3.31056404379683,-4.74000000000001,2.24673352874119));
#5075=CARTESIAN_POINT('',(-3.31056404379683,-4.75,2.24673352874119));
#5076=CARTESIAN_POINT('',(-3.30075225641413,-4.74000000000001,2.29369177488982));
#5077=CARTESIAN_POINT('',(-3.30075225641413,-4.75,2.29369177488982));
#5078=CARTESIAN_POINT('',(-3.28580421621062,-4.74000000000001,2.36228869029523));
#5079=CARTESIAN_POINT('',(-3.28580421621062,-4.75,2.36228869029523));
#5080=CARTESIAN_POINT('',(-3.25068782527214,-4.74000000000002,2.5172622735616));
#5081=CARTESIAN_POINT('',(-3.25068782527214,-4.75000000000001,2.5172622735616));
#5082=CARTESIAN_POINT('',(-3.19940291869493,-4.74000000000001,2.72698759561244));
#5083=CARTESIAN_POINT('',(-3.19940291869493,-4.75,2.72698759561244));
#5084=CARTESIAN_POINT('',(-3.13249303390004,-4.74000000000001,2.98933515225282));
#5085=CARTESIAN_POINT('',(-3.13249303390004,-4.75,2.98933515225282));
#5086=CARTESIAN_POINT('',(-3.08707824676273,-4.74000000000001,3.17129503548963));
#5087=CARTESIAN_POINT('',(-3.08707824676273,-4.75,3.17129503548963));
#5088=CARTESIAN_POINT('',(-3.04616319181912,-4.74000000000001,3.33564950075264));
#5089=CARTESIAN_POINT('',(-3.04616319181912,-4.75,3.33564950075264));
#5090=CARTESIAN_POINT('',(-3.0277943570624,-4.74000000000001,3.41022917295207));
#5091=CARTESIAN_POINT('',(-3.0277943570624,-4.75,3.41022917295207));
#5092=CARTESIAN_POINT('',(-2.97223676689854,-4.74000000000001,3.45222251993526));
#5093=CARTESIAN_POINT('',(-2.97223676689854,-4.75,3.45222251993526));
#5094=CARTESIAN_POINT('',(-2.86174510717932,-4.74000000000001,3.42830913690189));
#5095=CARTESIAN_POINT('',(-2.86174510717932,-4.75,3.42830913690189));
#5096=CARTESIAN_POINT('',(-2.8514377857164,-4.74000000000001,3.38213633667215));
#5097=CARTESIAN_POINT('',(-2.8514377857164,-4.75,3.38213633667215));
#5098=CARTESIAN_POINT('',(-2.8506261238728,-4.74000000000001,3.33837979753899));
#5099=CARTESIAN_POINT('',(-2.8506261238728,-4.75,3.33837979753899));
#5100=CARTESIAN_POINT('',(-2.87631880062837,-4.74000000000001,3.23344018249028));
#5101=CARTESIAN_POINT('',(-2.87631880062837,-4.75,3.23344018249028));
#5102=CARTESIAN_POINT('',(-2.88679712120265,-4.74000000000001,3.19716341371339));
#5103=CARTESIAN_POINT('',(-2.88679712120265,-4.75,3.19716341371339));
#5104=CARTESIAN_POINT('',(-2.84896015654873,-4.75,3.34549918516434));
#5105=CARTESIAN_POINT('',(-2.87330111140955,-4.75,3.24604853684835));
#5106=CARTESIAN_POINT('',(-2.8811861289941,-4.75,3.2160133444687));
#5107=CARTESIAN_POINT('',(-2.89657874918815,-4.75,3.15897269871285));
#5108=CARTESIAN_POINT('',(-2.89873091936783,-4.75,3.15089722497978));
#5109=CARTESIAN_POINT('',(-2.92583269162662,-4.75,3.04395801982925));
#5110=CARTESIAN_POINT('',(-2.9374610954797,-4.75,2.99707495966126));
#5111=CARTESIAN_POINT('',(-2.98922995643629,-4.75,2.78278803260263));
#5112=CARTESIAN_POINT('',(-3.03793798458994,-4.75,2.5829887502746));
#5113=CARTESIAN_POINT('',(-3.09225424306111,-4.75,2.35759663584178));
#5114=CARTESIAN_POINT('',(-3.11822126744616,-4.75,2.23009894471903));
#5115=CARTESIAN_POINT('',(-3.13775052079387,-4.75,2.14179602221334));
#5116=CARTESIAN_POINT('',(-3.16127853635643,-4.75,2.08002966876918));
#5117=CARTESIAN_POINT('',(-3.19124680628544,-4.75,2.04664108254853));
#5118=CARTESIAN_POINT('',(-3.23230053621303,-4.75,2.03686733406613));
#5119=CARTESIAN_POINT('',(-3.28865493384118,-4.75,2.0450257438444));
#5120=CARTESIAN_POINT('',(-3.32487414015417,-4.75,2.07216922501789));
#5121=CARTESIAN_POINT('',(-3.33340542059837,-4.75,2.11402006093649));
#5122=CARTESIAN_POINT('',(-3.33059871920874,-4.75,2.14511492140641));
#5123=CARTESIAN_POINT('',(-3.30918045701424,-4.75,2.25594594568224));
#5124=CARTESIAN_POINT('',(-3.30809547115203,-4.75,2.25825356276964));
#5125=CARTESIAN_POINT('',(-3.29443949412436,-4.75,2.32388415940168));
#5126=CARTESIAN_POINT('',(-3.27943606063765,-4.75,2.39082596356678));
#5127=CARTESIAN_POINT('',(-3.25854010559807,-4.75,2.4822203888051));
#5128=CARTESIAN_POINT('',(-3.22156979275378,-4.75,2.63666990801376));
#5129=CARTESIAN_POINT('',(-3.21032303896209,-4.75,2.68073476055887));
#5130=CARTESIAN_POINT('',(-3.13754744009288,-4.75,2.97097443167418));
#5131=CARTESIAN_POINT('',(-3.09109164327892,-4.75,3.15234721606269));
#5132=CARTESIAN_POINT('',(-3.05333060476807,-4.75,3.30993206103294));
#5133=CARTESIAN_POINT('',(-3.02727450877583,-4.75,3.40351619701273));
#5134=CARTESIAN_POINT('',(-2.99520589218217,-4.75,3.43621325570857));
#5135=CARTESIAN_POINT('',(-2.94853929805105,-4.75,3.44588855234169));
#5136=CARTESIAN_POINT('',(-2.889688201666,-4.75,3.4331088942863));
#5137=CARTESIAN_POINT('',(-2.85817106061775,-4.75,3.40893760553804));
#5138=CARTESIAN_POINT('',(-2.85195898425674,-4.75,3.37674704628481));
#5139=CARTESIAN_POINT('',(-2.84896015654873,-4.75,3.34549918516434));
#5140=CARTESIAN_POINT('',(-2.87330111140955,-4.75,3.24604853684835));
#5141=CARTESIAN_POINT('',(-2.8811861289941,-4.75,3.2160133444687));
#5142=CARTESIAN_POINT('',(-2.87112540192926,-4.75,3.25534657791462));
#5143=CARTESIAN_POINT('',(-2.87830521024475,-4.74000000000001,3.22892207832778));
#5144=CARTESIAN_POINT('',(-2.87479682440963,-4.74000000000001,3.23963869522476));
#5145=CARTESIAN_POINT('',(-2.85157813748695,-4.74000000000001,3.33535551309758));
#5146=CARTESIAN_POINT('',(-2.85049551973763,-4.74000000000001,3.38633842152348));
#5147=CARTESIAN_POINT('',(-2.86631873437664,-4.74000000000001,3.42791007620523));
#5148=CARTESIAN_POINT('',(-2.94539998391466,-4.74000000000001,3.44742850135008));
#5149=CARTESIAN_POINT('',(-3.01609641708161,-4.74000000000001,3.43224196083071));
#5150=CARTESIAN_POINT('',(-3.038494737447,-4.74000000000001,3.36034304236209));
#5151=CARTESIAN_POINT('',(-3.0380200649078,-4.74000000000001,3.3607740372518));
#5152=CARTESIAN_POINT('',(-3.05706803369749,-4.74000000000001,3.28719608097072));
#5153=CARTESIAN_POINT('',(-3.08321893019526,-4.74000000000001,3.18435812102495));
#5154=CARTESIAN_POINT('',(-3.14106125412678,-4.74000000000001,2.95663105693916));
#5155=CARTESIAN_POINT('',(-3.18831704592912,-4.74000000000001,2.76901085345653));
#5156=CARTESIAN_POINT('',(-3.23982750196219,-4.74000000000001,2.55765286325051));
#5157=CARTESIAN_POINT('',(-3.27818021911892,-4.74000000000001,2.39676593143024));
#5158=CARTESIAN_POINT('',(-3.30581808474799,-4.74000000000002,2.2670141039011));
#5159=CARTESIAN_POINT('',(-3.31136618388574,-4.74000000000001,2.24448675195001));
#5160=CARTESIAN_POINT('',(-3.33180971441215,-4.74000000000001,2.13627592903582));
#5161=CARTESIAN_POINT('',(-3.32929870123495,-4.74000000000001,2.06442821834463));
#5162=CARTESIAN_POINT('',(-3.26560278740701,-4.74000000000001,2.03147335569407));
#5163=CARTESIAN_POINT('',(-3.16802006798949,-4.74000000000001,2.06083704785568));
#5164=CARTESIAN_POINT('',(-3.15554270479359,-4.74000000000001,2.09472846893565));
#5165=CARTESIAN_POINT('',(-3.12743834416794,-4.74000000000001,2.18977169265518));
#5166=CARTESIAN_POINT('',(-3.12412946953144,-4.74000000000001,2.21000948315696));
#5167=CARTESIAN_POINT('',(-3.10169474335813,-4.74000000000001,2.30117299159871));
#5168=CARTESIAN_POINT('',(-3.05705959064118,-4.74000000000001,2.49320803394011));
#5169=CARTESIAN_POINT('',(-2.99948886992268,-4.74000000000001,2.73858271764857));
#5170=CARTESIAN_POINT('',(-2.94929992571882,-4.74000000000001,2.94725728434443));
#5171=CARTESIAN_POINT('',(-2.9124213156089,-4.74000000000001,3.09631111584007));
#5172=CARTESIAN_POINT('',(-2.89141091755423,-4.74000000000001,3.17801528332907));
#5173=CARTESIAN_POINT('',(-2.87830521024475,-4.74000000000001,3.22892207832778));
#5174=CARTESIAN_POINT('',(-2.87479682440963,-4.74000000000001,3.23963869522476));
#5175=CARTESIAN_POINT('',(-2.85157813748695,-4.74000000000001,3.33535551309758));
#5176=CARTESIAN_POINT('',(-2.87112540192926,-4.74,3.25534657791461));
#5177=CARTESIAN_POINT('',(-3.31404714675657,-4.74000000000001,2.23005699431601));
#5178=CARTESIAN_POINT('',(-11.,-4.75,12.));
#5179=CARTESIAN_POINT('',(-5.35828122095521,-4.75,2.28055034027609));
#5180=CARTESIAN_POINT('',(-5.19094385893743,-4.75,2.19916973782696));
#5181=CARTESIAN_POINT('',(-5.02226872481067,-4.75,2.27017272426906));
#5182=CARTESIAN_POINT('',(-4.95115895898672,-4.75,2.46977388091585));
#5183=CARTESIAN_POINT('',(-4.99499180684424,-4.75,2.70421751464904));
#5184=CARTESIAN_POINT('',(-5.17369031239643,-4.75,2.80235128927338));
#5185=CARTESIAN_POINT('',(-5.37639660822313,-4.75,2.71653039986523));
#5186=CARTESIAN_POINT('',(-5.432967319731,-4.75,2.49246982786997));
#5187=CARTESIAN_POINT('',(-5.35828122095521,-4.75,2.28055034027609));
#5188=CARTESIAN_POINT('',(-5.19094385893743,-4.75,2.19916973782696));
#5189=CARTESIAN_POINT('',(-5.02226872481067,-4.75,2.27017272426906));
#5190=CARTESIAN_POINT('',(-5.18495176848875,-4.75,2.22447841071204));
#5191=CARTESIAN_POINT('',(-6.92840278312565,-4.74,2.47159143089853));
#5192=CARTESIAN_POINT('',(-6.92840278312565,-4.75,2.47159143089853));
#5193=CARTESIAN_POINT('',(-7.07198459842205,-4.74,2.44197819958645));
#5194=CARTESIAN_POINT('',(-7.07198459842205,-4.75,2.44197819958645));
#5195=CARTESIAN_POINT('',(-7.20460670659025,-4.74,2.45132786327697));
#5196=CARTESIAN_POINT('',(-7.20460670659025,-4.75,2.45132786327697));
#5197=CARTESIAN_POINT('',(-7.33265333714549,-4.74000000000001,2.44532632393438));
#5198=CARTESIAN_POINT('',(-7.33265333714549,-4.75000000000001,2.44532632393438));
#5199=CARTESIAN_POINT('',(-7.47649236789093,-4.74,2.45854018040919));
#5200=CARTESIAN_POINT('',(-7.47649236789093,-4.75,2.45854018040919));
#5201=CARTESIAN_POINT('',(-7.51869540161739,-4.74000000000001,2.60738348705985));
#5202=CARTESIAN_POINT('',(-7.51869540161739,-4.75000000000001,2.60738348705985));
#5203=CARTESIAN_POINT('',(-7.37760347196846,-4.74,2.68599770943562));
#5204=CARTESIAN_POINT('',(-7.37760347196846,-4.75,2.68599770943562));
#5205=CARTESIAN_POINT('',(-7.22287417971466,-4.74000000000001,2.66251363344689));
#5206=CARTESIAN_POINT('',(-7.22287417971466,-4.75000000000001,2.66251363344689));
#5207=CARTESIAN_POINT('',(-7.08887813271237,-4.74,2.67899864015902));
#5208=CARTESIAN_POINT('',(-7.08887813271237,-4.75,2.67899864015902));
#5209=CARTESIAN_POINT('',(-6.91179631870089,-4.74000000000001,2.63723638015695));
#5210=CARTESIAN_POINT('',(-6.91179631870089,-4.75000000000001,2.63723638015695));
#5211=CARTESIAN_POINT('',(-6.92840278312565,-4.74,2.47159143089853));
#5212=CARTESIAN_POINT('',(-6.92840278312565,-4.75,2.47159143089853));
#5213=CARTESIAN_POINT('',(-7.07198459842205,-4.74,2.44197819958645));
#5214=CARTESIAN_POINT('',(-7.07198459842205,-4.75,2.44197819958645));
#5215=CARTESIAN_POINT('',(-7.20460670659025,-4.74,2.45132786327697));
#5216=CARTESIAN_POINT('',(-7.20460670659025,-4.75,2.45132786327697));
#5217=CARTESIAN_POINT('',(-6.92840278312565,-4.75,2.47159143089853));
#5218=CARTESIAN_POINT('',(-7.07198459842205,-4.75,2.44197819958645));
#5219=CARTESIAN_POINT('',(-7.20460670659025,-4.75,2.45132786327697));
#5220=CARTESIAN_POINT('',(-7.33265333714549,-4.75000000000001,2.44532632393438));
#5221=CARTESIAN_POINT('',(-7.47649236789093,-4.75,2.45854018040919));
#5222=CARTESIAN_POINT('',(-7.51869540161739,-4.75000000000001,2.60738348705985));
#5223=CARTESIAN_POINT('',(-7.37760347196846,-4.75,2.68599770943562));
#5224=CARTESIAN_POINT('',(-7.22287417971466,-4.75000000000001,2.66251363344689));
#5225=CARTESIAN_POINT('',(-7.08887813271237,-4.75,2.67899864015902));
#5226=CARTESIAN_POINT('',(-6.91179631870089,-4.75000000000001,2.63723638015695));
#5227=CARTESIAN_POINT('',(-6.92840278312565,-4.75,2.47159143089853));
#5228=CARTESIAN_POINT('',(-7.07198459842205,-4.75,2.44197819958645));
#5229=CARTESIAN_POINT('',(-7.20460670659025,-4.75,2.45132786327697));
#5230=CARTESIAN_POINT('',(-7.06572347266881,-4.75,2.44865847502072));
#5231=CARTESIAN_POINT('',(-6.92840278312565,-4.74,2.47159143089853));
#5232=CARTESIAN_POINT('',(-7.07198459842205,-4.74,2.44197819958645));
#5233=CARTESIAN_POINT('',(-7.20460670659025,-4.74,2.45132786327697));
#5234=CARTESIAN_POINT('',(-7.33265333714549,-4.74000000000001,2.44532632393438));
#5235=CARTESIAN_POINT('',(-7.47649236789093,-4.74,2.45854018040919));
#5236=CARTESIAN_POINT('',(-7.51869540161739,-4.74000000000001,2.60738348705985));
#5237=CARTESIAN_POINT('',(-7.37760347196846,-4.74,2.68599770943562));
#5238=CARTESIAN_POINT('',(-7.22287417971466,-4.74000000000001,2.66251363344689));
#5239=CARTESIAN_POINT('',(-7.08887813271237,-4.74,2.67899864015902));
#5240=CARTESIAN_POINT('',(-6.91179631870089,-4.74000000000001,2.63723638015695));
#5241=CARTESIAN_POINT('',(-6.92840278312565,-4.74,2.47159143089853));
#5242=CARTESIAN_POINT('',(-7.07198459842205,-4.74,2.44197819958645));
#5243=CARTESIAN_POINT('',(-7.20460670659025,-4.74,2.45132786327697));
#5244=CARTESIAN_POINT('',(-7.06572347266881,-4.74,2.44865847502072));
#5245=CARTESIAN_POINT('',(-7.35685763673002,-4.74,2.66923725315577));
#5246=CARTESIAN_POINT('',(-11.,-4.75,12.));
#5247=CARTESIAN_POINT('',(-7.92336505766779,-4.74999999999999,2.80455501468913));
#5248=CARTESIAN_POINT('',(-7.87931319506481,-4.75000000000001,3.00450092649829));
#5249=CARTESIAN_POINT('',(-7.98419844276885,-4.74999999999999,3.26996404570107));
#5250=CARTESIAN_POINT('',(-8.34284496881659,-4.75000000000001,3.23181977273915));
#5251=CARTESIAN_POINT('',(-8.37880858342908,-4.74999999999999,2.77014850480256));
#5252=CARTESIAN_POINT('',(-8.10201158260854,-4.75000000000001,2.65678094959123));
#5253=CARTESIAN_POINT('',(-7.92336505766779,-4.74999999999999,2.80455501468913));
#5254=CARTESIAN_POINT('',(-7.87931319506481,-4.75000000000001,3.00450092649829));
#5255=CARTESIAN_POINT('',(-7.98419844276885,-4.74999999999999,3.26996404570107));
#5256=CARTESIAN_POINT('',(-7.90122186495177,-4.75000000000001,2.95553950395963));
#5257=CARTESIAN_POINT('',(-9.14289128277779,-4.74,9.49037756468911));
#5258=CARTESIAN_POINT('',(-9.14289128277779,-4.75,9.49037756468911));
#5259=CARTESIAN_POINT('',(-9.14289128277779,-4.75,9.49037756468911));
#5260=CARTESIAN_POINT('',(-9.14289128277779,-4.75,11.231326114173));
#5261=CARTESIAN_POINT('',(-9.14289128277779,-4.74,11.231326114173));
#5262=CARTESIAN_POINT('',(-9.14289128277779,-4.74,11.231326114173));
#5263=CARTESIAN_POINT('',(-9.14289128277779,-4.74,9.49037756468911));
#5264=CARTESIAN_POINT('',(-9.14289128277779,-4.74,9.49037756468911));
#5265=CARTESIAN_POINT('',(-9.14289128277779,-4.74,9.49037756468911));
#5266=CARTESIAN_POINT('',(-8.78944014484938,-4.74,9.95880681219246));
#5267=CARTESIAN_POINT('',(-8.78944014484938,-4.75,9.95880681219246));
#5268=CARTESIAN_POINT('',(-8.78944014484938,-4.75,9.95880681219246));
#5269=CARTESIAN_POINT('',(-8.78944014484938,-4.74,9.95880681219246));
#5270=CARTESIAN_POINT('',(-8.78944014484938,-4.74,9.95880681219246));
#5271=CARTESIAN_POINT('',(-8.78944014484938,-4.74,9.95880681219246));
#5272=CARTESIAN_POINT('',(-7.85092693380858,-4.74,9.95880681219246));
#5273=CARTESIAN_POINT('',(-7.85092693380858,-4.75,9.95880681219246));
#5274=CARTESIAN_POINT('',(-7.85092693380858,-4.75,9.95880681219246));
#5275=CARTESIAN_POINT('',(-7.85092693380858,-4.74,9.95880681219246));
#5276=CARTESIAN_POINT('',(-7.85092693380858,-4.74,9.95880681219246));
#5277=CARTESIAN_POINT('',(-7.85092693380858,-4.74,9.95880681219246));
#5278=CARTESIAN_POINT('',(-7.77032472011333,-4.74,9.44674568989319));
#5279=CARTESIAN_POINT('',(-7.77032472011333,-4.75,9.44674568989319));
#5280=CARTESIAN_POINT('',(-7.77032472011333,-4.75,9.44674568989319));
#5281=CARTESIAN_POINT('',(-7.77032472011333,-4.74,9.44674568989319));
#5282=CARTESIAN_POINT('',(-7.77032472011333,-4.74,9.44674568989319));
#5283=CARTESIAN_POINT('',(-7.77032472011333,-4.74,9.44674568989319));
#5284=CARTESIAN_POINT('',(-6.70586432720867,-4.74,11.231326114173));
#5285=CARTESIAN_POINT('',(-6.70586432720867,-4.75,11.231326114173));
#5286=CARTESIAN_POINT('',(-6.70586432720867,-4.75,11.231326114173));
#5287=CARTESIAN_POINT('',(-6.70586432720867,-4.74,11.231326114173));
#5288=CARTESIAN_POINT('',(-6.70586432720867,-4.74,11.231326114173));
#5289=CARTESIAN_POINT('',(-6.70586432720867,-4.74,11.231326114173));
#5290=CARTESIAN_POINT('',(-5.69363239078853,-4.74,11.231326114173));
#5291=CARTESIAN_POINT('',(-5.69363239078853,-4.75,11.231326114173));
#5292=CARTESIAN_POINT('',(-5.69363239078853,-4.75,11.231326114173));
#5293=CARTESIAN_POINT('',(-5.69363239078853,-4.74,11.231326114173));
#5294=CARTESIAN_POINT('',(-5.69363239078853,-4.74,11.231326114173));
#5295=CARTESIAN_POINT('',(-5.69363239078853,-4.74,11.231326114173));
#5296=CARTESIAN_POINT('',(-7.71809626362881,-4.74,7.7494290152052));
#5297=CARTESIAN_POINT('',(-7.71809626362881,-4.75,7.7494290152052));
#5298=CARTESIAN_POINT('',(-7.71809626362882,-4.75,7.7494290152052));
#5299=CARTESIAN_POINT('',(-7.71809626362881,-4.74,7.7494290152052));
#5300=CARTESIAN_POINT('',(-7.71809626362882,-4.74,7.7494290152052));
#5301=CARTESIAN_POINT('',(-7.71809626362882,-4.74,7.7494290152052));
#5302=CARTESIAN_POINT('',(-8.65877151051932,-4.74,7.7494290152052));
#5303=CARTESIAN_POINT('',(-8.65877151051932,-4.75,7.7494290152052));
#5304=CARTESIAN_POINT('',(-8.65877151051932,-4.75,7.7494290152052));
#5305=CARTESIAN_POINT('',(-8.65877151051932,-4.74,7.7494290152052));
#5306=CARTESIAN_POINT('',(-8.65877151051932,-4.74,7.7494290152052));
#5307=CARTESIAN_POINT('',(-8.65877151051932,-4.74,7.7494290152052));
#5308=CARTESIAN_POINT('',(-8.73141958958219,-4.74,8.31548556045892));
#5309=CARTESIAN_POINT('',(-8.73141958958219,-4.75,8.31548556045892));
#5310=CARTESIAN_POINT('',(-8.73141958958218,-4.75,8.31548556045892));
#5311=CARTESIAN_POINT('',(-8.73141958958219,-4.74,8.31548556045892));
#5312=CARTESIAN_POINT('',(-8.73141958958218,-4.74,8.31548556045892));
#5313=CARTESIAN_POINT('',(-8.73141958958218,-4.74,8.31548556045892));
#5314=CARTESIAN_POINT('',(-9.08649664010656,-4.74,7.7494290152052));
#5315=CARTESIAN_POINT('',(-9.08649664010656,-4.75,7.7494290152052));
#5316=CARTESIAN_POINT('',(-9.08649664010657,-4.75,7.7494290152052));
#5317=CARTESIAN_POINT('',(-9.08649664010656,-4.74,7.7494290152052));
#5318=CARTESIAN_POINT('',(-9.08649664010657,-4.74,7.7494290152052));
#5319=CARTESIAN_POINT('',(-9.08649664010657,-4.74,7.7494290152052));
#5320=CARTESIAN_POINT('',(-10.0569828527976,-4.74,7.7494290152052));
#5321=CARTESIAN_POINT('',(-10.0569828527976,-4.75,7.7494290152052));
#5322=CARTESIAN_POINT('',(-10.0569828527976,-4.75,7.7494290152052));
#5323=CARTESIAN_POINT('',(-10.0569828527976,-4.74,7.7494290152052));
#5324=CARTESIAN_POINT('',(-10.0569828527976,-4.74,7.7494290152052));
#5325=CARTESIAN_POINT('',(-10.0569828527976,-4.74,7.7494290152052));
#5326=CARTESIAN_POINT('',(-10.0569828527976,-4.74,11.231326114173));
#5327=CARTESIAN_POINT('',(-10.0569828527976,-4.75,11.231326114173));
#5328=CARTESIAN_POINT('',(-10.0569828527976,-4.75,11.231326114173));
#5329=CARTESIAN_POINT('',(-10.0569828527976,-4.74,11.231326114173));
#5330=CARTESIAN_POINT('',(-10.0569828527976,-4.74,11.231326114173));
#5331=CARTESIAN_POINT('',(-10.0569828527976,-4.74,11.231326114173));
#5332=CARTESIAN_POINT('',(-9.14289128277779,-4.74,11.231326114173));
#5333=CARTESIAN_POINT('',(-9.14289128277779,-4.75,11.231326114173));
#5334=CARTESIAN_POINT('',(-9.14289128277779,-4.74,11.231326114173));
#5335=CARTESIAN_POINT('',(0.,-4.74,0.));
#5336=CARTESIAN_POINT('',(-2.96810053850363,-4.74,11.234949420744));
#5337=CARTESIAN_POINT('',(-2.96810053850363,-4.75,11.234949420744));
#5338=CARTESIAN_POINT('',(-2.96810053850363,-4.75,11.234949420744));
#5339=CARTESIAN_POINT('',(-5.4809930831204,-4.75,11.234949420744));
#5340=CARTESIAN_POINT('',(-5.4809930831204,-4.74,11.234949420744));
#5341=CARTESIAN_POINT('',(-5.4809930831204,-4.74,11.234949420744));
#5342=CARTESIAN_POINT('',(-2.96810053850363,-4.74,11.234949420744));
#5343=CARTESIAN_POINT('',(-2.96810053850363,-4.74,11.234949420744));
#5344=CARTESIAN_POINT('',(-2.96810053850363,-4.74,11.234949420744));
#5345=CARTESIAN_POINT('',(-3.4646101748664,-4.74,10.3585662925421));
#5346=CARTESIAN_POINT('',(-3.4646101748664,-4.75,10.3585662925421));
#5347=CARTESIAN_POINT('',(-3.4646101748664,-4.75,10.3585662925421));
#5348=CARTESIAN_POINT('',(-3.4646101748664,-4.74,10.3585662925421));
#5349=CARTESIAN_POINT('',(-3.4646101748664,-4.74,10.3585662925421));
#5350=CARTESIAN_POINT('',(-3.4646101748664,-4.74,10.3585662925421));
#5351=CARTESIAN_POINT('',(-4.93024289824741,-4.74,10.3585662925421));
#5352=CARTESIAN_POINT('',(-4.93024289824741,-4.75,10.3585662925421));
#5353=CARTESIAN_POINT('',(-4.93024289824741,-4.75,10.3585662925421));
#5354=CARTESIAN_POINT('',(-4.93024289824741,-4.74,10.3585662925421));
#5355=CARTESIAN_POINT('',(-4.93024289824741,-4.74,10.3585662925421));
#5356=CARTESIAN_POINT('',(-4.93024289824741,-4.74,10.3585662925421));
#5357=CARTESIAN_POINT('',(-5.16389449182989,-4.74,9.96105513982389));
#5358=CARTESIAN_POINT('',(-5.16389449182989,-4.75,9.96105513982389));
#5359=CARTESIAN_POINT('',(-5.16389449182989,-4.75,9.96105513982389));
#5360=CARTESIAN_POINT('',(-5.16389449182989,-4.74,9.96105513982389));
#5361=CARTESIAN_POINT('',(-5.16389449182989,-4.74,9.96105513982389));
#5362=CARTESIAN_POINT('',(-5.16389449182989,-4.74,9.96105513982389));
#5363=CARTESIAN_POINT('',(-3.71039951357005,-4.74,9.96105513982389));
#5364=CARTESIAN_POINT('',(-3.71039951357005,-4.75,9.96105513982389));
#5365=CARTESIAN_POINT('',(-3.71039951357005,-4.75,9.96105513982389));
#5366=CARTESIAN_POINT('',(-3.71039951357005,-4.74,9.96105513982389));
#5367=CARTESIAN_POINT('',(-3.71039951357005,-4.74,9.96105513982389));
#5368=CARTESIAN_POINT('',(-3.71039951357005,-4.74,9.96105513982389));
#5369=CARTESIAN_POINT('',(-4.22767607322607,-4.74,9.08310738041505));
#5370=CARTESIAN_POINT('',(-4.22767607322607,-4.75,9.08310738041505));
#5371=CARTESIAN_POINT('',(-4.22767607322606,-4.75,9.08310738041505));
#5372=CARTESIAN_POINT('',(-4.22767607322607,-4.74,9.08310738041505));
#5373=CARTESIAN_POINT('',(-4.22767607322606,-4.74,9.08310738041505));
#5374=CARTESIAN_POINT('',(-4.22767607322606,-4.74,9.08310738041505));
#5375=CARTESIAN_POINT('',(-5.69179157846693,-4.74,9.08310738041505));
#5376=CARTESIAN_POINT('',(-5.69179157846693,-4.75,9.08310738041505));
#5377=CARTESIAN_POINT('',(-5.69179157846693,-4.75,9.08310738041505));
#5378=CARTESIAN_POINT('',(-5.69179157846693,-4.74,9.08310738041505));
#5379=CARTESIAN_POINT('',(-5.69179157846693,-4.74,9.08310738041505));
#5380=CARTESIAN_POINT('',(-5.69179157846693,-4.74,9.08310738041505));
#5381=CARTESIAN_POINT('',(-5.96868388904357,-4.74,8.62414889302089));
#5382=CARTESIAN_POINT('',(-5.96868388904357,-4.75,8.62414889302089));
#5383=CARTESIAN_POINT('',(-5.96868388904357,-4.75,8.62414889302089));
#5384=CARTESIAN_POINT('',(-5.96868388904357,-4.74,8.62414889302089));
#5385=CARTESIAN_POINT('',(-5.96868388904357,-4.74,8.62414889302089));
#5386=CARTESIAN_POINT('',(-5.96868388904357,-4.74,8.62414889302089));
#5387=CARTESIAN_POINT('',(-4.51215447450344,-4.74,8.62414889302089));
#5388=CARTESIAN_POINT('',(-4.51215447450344,-4.75,8.62414889302089));
#5389=CARTESIAN_POINT('',(-4.51215447450343,-4.75,8.62414889302089));
#5390=CARTESIAN_POINT('',(-4.51215447450344,-4.74,8.62414889302089));
#5391=CARTESIAN_POINT('',(-4.51215447450343,-4.74,8.62414889302089));
#5392=CARTESIAN_POINT('',(-4.51215447450343,-4.74,8.62414889302089));
#5393=CARTESIAN_POINT('',(-5.02042255145233,-4.74,7.7494290152052));
#5394=CARTESIAN_POINT('',(-5.02042255145233,-4.75,7.7494290152052));
#5395=CARTESIAN_POINT('',(-5.02042255145233,-4.75,7.7494290152052));
#5396=CARTESIAN_POINT('',(-5.02042255145233,-4.74,7.7494290152052));
#5397=CARTESIAN_POINT('',(-5.02042255145233,-4.74,7.7494290152052));
#5398=CARTESIAN_POINT('',(-5.02042255145233,-4.74,7.7494290152052));
#5399=CARTESIAN_POINT('',(-7.50866030129173,-4.74,7.7494290152052));
#5400=CARTESIAN_POINT('',(-7.50866030129173,-4.75,7.7494290152052));
#5401=CARTESIAN_POINT('',(-7.50866030129173,-4.75,7.7494290152052));
#5402=CARTESIAN_POINT('',(-7.50866030129173,-4.74,7.7494290152052));
#5403=CARTESIAN_POINT('',(-7.50866030129173,-4.74,7.7494290152052));
#5404=CARTESIAN_POINT('',(-7.50866030129173,-4.74,7.7494290152052));
#5405=CARTESIAN_POINT('',(-5.4809930831204,-4.74,11.234949420744));
#5406=CARTESIAN_POINT('',(-5.4809930831204,-4.75,11.234949420744));
#5407=CARTESIAN_POINT('',(-5.4809930831204,-4.74,11.234949420744));
#5408=CARTESIAN_POINT('',(0.,-4.74,0.));
#5409=CARTESIAN_POINT('',(-2.77910134829597,-4.74,8.25348162614612));
#5410=CARTESIAN_POINT('',(-2.77910134829597,-4.75,8.25348162614612));
#5411=CARTESIAN_POINT('',(-2.77910134829597,-4.74,8.18782048983479));
#5412=CARTESIAN_POINT('',(-2.77910134829597,-4.75,8.18782048983479));
#5413=CARTESIAN_POINT('',(-2.77795275900331,-4.74000000000001,8.08768545509207));
#5414=CARTESIAN_POINT('',(-2.77795275900331,-4.75000000000001,8.08768545509207));
#5415=CARTESIAN_POINT('',(-2.78101566378371,-4.74,7.96074539653801));
#5416=CARTESIAN_POINT('',(-2.78101566378371,-4.75,7.96074539653801));
#5417=CARTESIAN_POINT('',(-2.77182694944251,-4.74000000000001,7.84910704986514));
#5418=CARTESIAN_POINT('',(-2.77182694944251,-4.75000000000001,7.84910704986514));
#5419=CARTESIAN_POINT('',(-2.81900080739888,-4.74,7.74990699503568));
#5420=CARTESIAN_POINT('',(-2.81900080739888,-4.75,7.74990699503568));
#5421=CARTESIAN_POINT('',(-2.95618368428282,-4.74,7.72868676630791));
#5422=CARTESIAN_POINT('',(-2.95618368428282,-4.75,7.72868676630791));
#5423=CARTESIAN_POINT('',(-3.01447112321558,-4.74,7.80244683284401));
#5424=CARTESIAN_POINT('',(-3.01447112321558,-4.75,7.80244683284401));
#5425=CARTESIAN_POINT('',(-3.01447112321558,-4.74,7.88537873225545));
#5426=CARTESIAN_POINT('',(-3.01447112321558,-4.75,7.88537873225545));
#5427=CARTESIAN_POINT('',(-2.77910134829597,-4.75,8.25348162614612));
#5428=CARTESIAN_POINT('',(-2.77910134829597,-4.75,8.24300139370268));
#5429=CARTESIAN_POINT('',(-2.77867796809457,-4.75,8.14373387515093));
#5430=CARTESIAN_POINT('',(-2.77886887238289,-4.75,8.05936948258718));
#5431=CARTESIAN_POINT('',(-2.78079053567079,-4.75,7.95671931177083));
#5432=CARTESIAN_POINT('',(-2.77189675709717,-4.75,7.85019847583671));
#5433=CARTESIAN_POINT('',(-2.81894670489315,-4.75,7.7495673759166));
#5434=CARTESIAN_POINT('',(-2.95639718827572,-4.75,7.72915604002062));
#5435=CARTESIAN_POINT('',(-3.01356591076827,-4.75,7.80111932163773));
#5436=CARTESIAN_POINT('',(-3.01447112321558,-4.75,7.88537873225545));
#5437=CARTESIAN_POINT('',(-2.77910124829552,-4.75,8.25348157606564));
#5438=CARTESIAN_POINT('',(-3.01447112321558,-4.75,7.88537873225545));
#5439=CARTESIAN_POINT('',(-2.77910134829597,-4.74,8.25348162614612));
#5440=CARTESIAN_POINT('',(-2.77910124829597,-4.74,8.25348159619642));
#5441=CARTESIAN_POINT('',(-3.01447112321558,-4.74,7.88537873225545));
#5442=CARTESIAN_POINT('',(-3.01447112321558,-4.74,7.80139071712439));
#5443=CARTESIAN_POINT('',(-2.95610843463907,-4.74,7.72575336388339));
#5444=CARTESIAN_POINT('',(-2.83624899986772,-4.74,7.75147370342896));
#5445=CARTESIAN_POINT('',(-2.79523829591858,-4.74,7.79209035411172));
#5446=CARTESIAN_POINT('',(-2.77760760723902,-4.74,7.86511944415476));
#5447=CARTESIAN_POINT('',(-2.78165554407795,-4.74,7.85451246030349));
#5448=CARTESIAN_POINT('',(-2.77960032651698,-4.74,7.88918695934268));
#5449=CARTESIAN_POINT('',(-2.77977023870331,-4.74,7.975132694275));
#5450=CARTESIAN_POINT('',(-2.77910134829597,-4.74,8.12417889742816));
#5451=CARTESIAN_POINT('',(-2.77910134829597,-4.74,8.25348162614612));
#5452=CARTESIAN_POINT('',(-3.01447112321558,-4.74,7.88537873225545));
#5453=CARTESIAN_POINT('',(-3.01447112321558,-4.74,7.88537873225545));
#5454=CARTESIAN_POINT('',(-2.89254186276542,-4.74,8.45489641714291));
#5455=CARTESIAN_POINT('',(-2.89254186276542,-4.75,8.45489641714291));
#5456=CARTESIAN_POINT('',(-2.85996649804009,-4.74,8.50720052388498));
#5457=CARTESIAN_POINT('',(-2.85996649804009,-4.75,8.50720052388498));
#5458=CARTESIAN_POINT('',(-2.79590421831652,-4.74,8.61387616742227));
#5459=CARTESIAN_POINT('',(-2.79590421831652,-4.75,8.61387616742227));
#5460=CARTESIAN_POINT('',(-2.69328010036868,-4.74,8.76148505240938));
#5461=CARTESIAN_POINT('',(-2.69328010036868,-4.75,8.76148505240938));
#5462=CARTESIAN_POINT('',(-2.6268078723027,-4.74,8.92067248249519));
#5463=CARTESIAN_POINT('',(-2.6268078723027,-4.75,8.92067248249519));
#5464=CARTESIAN_POINT('',(-2.50579845660892,-4.74,8.95538153761593));
#5465=CARTESIAN_POINT('',(-2.50579845660892,-4.75,8.95538153761593));
#5466=CARTESIAN_POINT('',(-2.41640302044641,-4.74,8.89484063402495));
#5467=CARTESIAN_POINT('',(-2.41640302044641,-4.75,8.89484063402495));
#5468=CARTESIAN_POINT('',(-2.42422748594443,-4.74,8.79452774474018));
#5469=CARTESIAN_POINT('',(-2.42422748594443,-4.75,8.79452774474018));
#5470=CARTESIAN_POINT('',(-2.48903020413952,-4.74,8.7006870076094));
#5471=CARTESIAN_POINT('',(-2.48903020413952,-4.75,8.7006870076094));
#5472=CARTESIAN_POINT('',(-2.61714329981226,-4.74,8.50742312379674));
#5473=CARTESIAN_POINT('',(-2.61714329981226,-4.75,8.50742312379674));
#5474=CARTESIAN_POINT('',(-2.71190260462102,-4.74,8.35678182254006));
#5475=CARTESIAN_POINT('',(-2.71190260462102,-4.75,8.35678182254006));
#5476=CARTESIAN_POINT('',(-2.77910134829597,-4.74,8.25348162614612));
#5477=CARTESIAN_POINT('',(-2.77910134829597,-4.75,8.25348162614612));
#5478=CARTESIAN_POINT('',(-2.8925365786867,-4.75,8.45490490143833));
#5479=CARTESIAN_POINT('',(-2.8599808418182,-4.75,8.50717749302999));
#5480=CARTESIAN_POINT('',(-2.81318642909101,-4.75,8.58229795167099));
#5481=CARTESIAN_POINT('',(-2.74254977035094,-4.75,8.69575251124004));
#5482=CARTESIAN_POINT('',(-2.71550430277002,-4.75,8.73908274675609));
#5483=CARTESIAN_POINT('',(-2.65482920743759,-4.75,8.8366992377767));
#5484=CARTESIAN_POINT('',(-2.65156284997845,-4.75,8.8416325614861));
#5485=CARTESIAN_POINT('',(-2.62130616778187,-4.75,8.89216257850681));
#5486=CARTESIAN_POINT('',(-2.58353917371039,-4.75,8.93428113991757));
#5487=CARTESIAN_POINT('',(-2.50508905490237,-4.75,8.95515550984109));
#5488=CARTESIAN_POINT('',(-2.41653383418412,-4.75,8.89498174560119));
#5489=CARTESIAN_POINT('',(-2.42440151101032,-4.75,8.79416576052399));
#5490=CARTESIAN_POINT('',(-2.48787878217159,-4.75,8.70252208432585));
#5491=CARTESIAN_POINT('',(-2.56962452792476,-4.75,8.57881914465726));
#5492=CARTESIAN_POINT('',(-2.6177916887009,-4.75,8.50436008202162));
#5493=CARTESIAN_POINT('',(-2.70171563621686,-4.75,8.37359703449325));
#5494=CARTESIAN_POINT('',(-2.75787102630138,-4.75,8.28611759985058));
#5495=CARTESIAN_POINT('',(-2.77910134829597,-4.75,8.25348162614612));
#5496=CARTESIAN_POINT('',(-2.89253722250867,-4.75,8.45490530241517));
#5497=CARTESIAN_POINT('',(-2.89254186276542,-4.74,8.45489641714291));
#5498=CARTESIAN_POINT('',(-2.89254534500981,-4.74,8.45490206804478));
#5499=CARTESIAN_POINT('',(-2.77910134829597,-4.74,8.25348162614612));
#5500=CARTESIAN_POINT('',(-2.71189511149131,-4.74,8.35679334123414));
#5501=CARTESIAN_POINT('',(-2.61612527524128,-4.74,8.513518287005));
#5502=CARTESIAN_POINT('',(-2.47242874120967,-4.74,8.71813180381233));
#5503=CARTESIAN_POINT('',(-2.38812758534204,-4.74,8.86917255769973));
#5504=CARTESIAN_POINT('',(-2.50470173442677,-4.74,8.95649498082081));
#5505=CARTESIAN_POINT('',(-2.60006278622788,-4.74,8.92873139702103));
#5506=CARTESIAN_POINT('',(-2.64045516824078,-4.74,8.85836414402929));
#5507=CARTESIAN_POINT('',(-2.71781575839886,-4.74,8.73605874049741));
#5508=CARTESIAN_POINT('',(-2.79370889750139,-4.74,8.61449598463986));
#5509=CARTESIAN_POINT('',(-2.86018891794135,-4.74,8.50734241427126));
#5510=CARTESIAN_POINT('',(-2.89254029758832,-4.74,8.45489895438582));
#5511=CARTESIAN_POINT('',(-3.01447112321558,-4.74,8.25348162614612));
#5512=CARTESIAN_POINT('',(-3.01447112321558,-4.75,8.25348162614612));
#5513=CARTESIAN_POINT('',(-3.08119386205936,-4.74,8.35711094805609));
#5514=CARTESIAN_POINT('',(-3.08119386205936,-4.75,8.35711094805609));
#5515=CARTESIAN_POINT('',(-3.17804358460486,-4.74,8.50710477906756));
#5516=CARTESIAN_POINT('',(-3.17804358460486,-4.75,8.50710477906756));
#5517=CARTESIAN_POINT('',(-3.30235527759522,-4.74,8.70117311340143));
#5518=CARTESIAN_POINT('',(-3.30235527759522,-4.75,8.70117311340143));
#5519=CARTESIAN_POINT('',(-3.3668531399904,-4.74,8.8030231071459));
#5520=CARTESIAN_POINT('',(-3.3668531399904,-4.75,8.8030231071459));
#5521=CARTESIAN_POINT('',(-3.36556425053355,-4.74,8.90381105594638));
#5522=CARTESIAN_POINT('',(-3.36556425053355,-4.75,8.90381105594638));
#5523=CARTESIAN_POINT('',(-3.27150054279645,-4.74,8.95533018287231));
#5524=CARTESIAN_POINT('',(-3.27150054279645,-4.75,8.95533018287231));
#5525=CARTESIAN_POINT('',(-3.17932423186877,-4.74,8.92586939335776));
#5526=CARTESIAN_POINT('',(-3.17932423186877,-4.75,8.92586939335776));
#5527=CARTESIAN_POINT('',(-3.148248536685,-4.74,8.86601425890918));
#5528=CARTESIAN_POINT('',(-3.148248536685,-4.75,8.86601425890918));
#5529=CARTESIAN_POINT('',(-3.06275772971091,-4.74000000000001,8.73320301796966));
#5530=CARTESIAN_POINT('',(-3.06275772971091,-4.75000000000001,8.73320301796966));
#5531=CARTESIAN_POINT('',(-2.99239501595559,-4.74,8.61595454295682));
#5532=CARTESIAN_POINT('',(-2.99239501595559,-4.75,8.61595454295682));
#5533=CARTESIAN_POINT('',(-2.92487187558131,-4.74,8.50736077957725));
#5534=CARTESIAN_POINT('',(-2.92487187558131,-4.75,8.50736077957725));
#5535=CARTESIAN_POINT('',(-2.89254186276542,-4.74,8.45489641714291));
#5536=CARTESIAN_POINT('',(-2.89254186276542,-4.75,8.45489641714291));
#5537=CARTESIAN_POINT('',(-3.01447112321558,-4.75,8.25348162614612));
#5538=CARTESIAN_POINT('',(-3.04785582891187,-4.75,8.30533253145099));
#5539=CARTESIAN_POINT('',(-3.11503426941984,-4.75,8.40972574475026));
#5540=CARTESIAN_POINT('',(-3.21313720267211,-4.75,8.56184013192466));
#5541=CARTESIAN_POINT('',(-3.3023985779306,-4.75,8.70124669603237));
#5542=CARTESIAN_POINT('',(-3.3668582548457,-4.75,8.80303046068634));
#5543=CARTESIAN_POINT('',(-3.36550843519467,-4.75,8.90371866837319));
#5544=CARTESIAN_POINT('',(-3.27172255943873,-4.75,8.95568610651362));
#5545=CARTESIAN_POINT('',(-3.19403809647569,-4.75,8.92972847509341));
#5546=CARTESIAN_POINT('',(-3.16491343431821,-4.75,8.89776505140187));
#5547=CARTESIAN_POINT('',(-3.13982017056919,-4.75,8.85409211722126));
#5548=CARTESIAN_POINT('',(-3.13226262312294,-4.75,8.84221203443109));
#5549=CARTESIAN_POINT('',(-3.07495203415823,-4.75,8.75123637835274));
#5550=CARTESIAN_POINT('',(-3.08732394942579,-4.75,8.77080231354031));
#5551=CARTESIAN_POINT('',(-3.06954802199842,-4.75,8.742155016638));
#5552=CARTESIAN_POINT('',(-3.0300749945872,-4.75,8.67802277832432));
#5553=CARTESIAN_POINT('',(-2.9564674517797,-4.75,8.55863331582242));
#5554=CARTESIAN_POINT('',(-2.89254455405857,-4.75,8.45490078450831));
#5555=CARTESIAN_POINT('',(-3.01447112321558,-4.75,8.25348162614612));
#5556=CARTESIAN_POINT('',(-3.01447112321558,-4.74,8.25348162614612));
#5557=CARTESIAN_POINT('',(-3.01447112321558,-4.74,8.25348162614612));
#5558=CARTESIAN_POINT('',(-2.8925453450098,-4.74,8.45490206804479));
#5559=CARTESIAN_POINT('',(-2.92487521960867,-4.74,8.50736620562329));
#5560=CARTESIAN_POINT('',(-2.99540708039406,-4.74,8.62014328658617));
#5561=CARTESIAN_POINT('',(-3.0542636459277,-4.74,8.72183837198725));
#5562=CARTESIAN_POINT('',(-3.16294811986256,-4.74,8.8856533811229));
#5563=CARTESIAN_POINT('',(-3.17539221820325,-4.74,8.92008817465347));
#5564=CARTESIAN_POINT('',(-3.27254378429384,-4.74,8.95883042630165));
#5565=CARTESIAN_POINT('',(-3.36534638086186,-4.74,8.89558882830266));
#5566=CARTESIAN_POINT('',(-3.36646578673212,-4.74,8.84293201487174));
#5567=CARTESIAN_POINT('',(-3.35120235740608,-4.74,8.78566260404663));
#5568=CARTESIAN_POINT('',(-3.31117772424048,-4.74,8.71335042746183));
#5569=CARTESIAN_POINT('',(-3.31169503294282,-4.74,8.71622379077251));
#5570=CARTESIAN_POINT('',(-3.28323605074923,-4.74,8.67073418252107));
#5571=CARTESIAN_POINT('',(-3.20551298410196,-4.74,8.55025460634661));
#5572=CARTESIAN_POINT('',(-3.16699804799948,-4.74,8.49036065673095));
#5573=CARTESIAN_POINT('',(-3.09643331078416,-4.74,8.3807892355614));
#5574=CARTESIAN_POINT('',(-3.04783234291537,-4.74,8.30529605456269));
#5575=CARTESIAN_POINT('',(-3.01447112321558,-4.74,8.25348162614612));
#5576=CARTESIAN_POINT('',(-3.01447112321558,-4.74,7.88537873225545));
#5577=CARTESIAN_POINT('',(-3.01447112321558,-4.75,7.88537873225545));
#5578=CARTESIAN_POINT('',(-3.01447112321558,-4.75,8.00807969688567));
#5579=CARTESIAN_POINT('',(-3.01447112321558,-4.75,8.1307806615159));
#5580=CARTESIAN_POINT('',(-3.01447112321558,-4.75,8.25348162614612));
#5581=CARTESIAN_POINT('',(-3.01447112321558,-4.74,7.88537873225545));
#5582=CARTESIAN_POINT('',(-3.01447112321558,-4.74,8.00807969688567));
#5583=CARTESIAN_POINT('',(-3.01447112321558,-4.74,8.1307806615159));
#5584=CARTESIAN_POINT('',(-3.01447112321558,-4.74,8.25348162614612));
#5585=CARTESIAN_POINT('',(-2.78122071149211,-4.74,7.85118009850571));
#5586=CARTESIAN_POINT('',(-0.96019459588439,-4.74,8.10531442357378));
#5587=CARTESIAN_POINT('',(-0.96019459588439,-4.75,8.10531442357378));
#5588=CARTESIAN_POINT('',(-0.93967056335335,-4.74,8.18190638133735));
#5589=CARTESIAN_POINT('',(-0.93967056335335,-4.75,8.18190638133735));
#5590=CARTESIAN_POINT('',(-0.898342528256912,-4.74,8.33595940883262));
#5591=CARTESIAN_POINT('',(-0.898342528256912,-4.75,8.33595940883262));
#5592=CARTESIAN_POINT('',(-0.848082334558153,-4.74000000000001,8.52418013336096));
#5593=CARTESIAN_POINT('',(-0.848082334558153,-4.75000000000001,8.52418013336096));
#5594=CARTESIAN_POINT('',(-0.810327974278356,-4.74,8.66391960673822));
#5595=CARTESIAN_POINT('',(-0.810327974278356,-4.75,8.66391960673822));
#5596=CARTESIAN_POINT('',(-0.792743627108079,-4.74,8.73138588883615));
#5597=CARTESIAN_POINT('',(-0.792743627108079,-4.75,8.73138588883615));
#5598=CARTESIAN_POINT('',(-0.760180883099644,-4.74,8.84534966123029));
#5599=CARTESIAN_POINT('',(-0.760180883099644,-4.75,8.84534966123029));
#5600=CARTESIAN_POINT('',(-0.739682592690291,-4.74,8.9036110218413));
#5601=CARTESIAN_POINT('',(-0.739682592690291,-4.75,8.9036110218413));
#5602=CARTESIAN_POINT('',(-0.605411270238213,-4.74,8.96448143156888));
#5603=CARTESIAN_POINT('',(-0.605411270238213,-4.75,8.96448143156888));
#5604=CARTESIAN_POINT('',(-0.485350790866217,-4.74,8.89355024622644));
#5605=CARTESIAN_POINT('',(-0.485350790866217,-4.75,8.89355024622644));
#5606=CARTESIAN_POINT('',(-0.465545779507334,-4.74,8.81473508101009));
#5607=CARTESIAN_POINT('',(-0.465545779507334,-4.75,8.81473508101009));
#5608=CARTESIAN_POINT('',(-0.424565110087697,-4.74,8.67426722721843));
#5609=CARTESIAN_POINT('',(-0.424565110087697,-4.75,8.67426722721843));
#5610=CARTESIAN_POINT('',(-0.365483729596808,-4.74,8.456919252754));
#5611=CARTESIAN_POINT('',(-0.365483729596808,-4.75,8.456919252754));
#5612=CARTESIAN_POINT('',(-0.313229964228954,-4.74,8.2584031758519));
#5613=CARTESIAN_POINT('',(-0.313229964228954,-4.75,8.2584031758519));
#5614=CARTESIAN_POINT('',(-0.271834467267026,-4.74,8.10531442357378));
#5615=CARTESIAN_POINT('',(-0.271834467267026,-4.75,8.10531442357378));
#5616=CARTESIAN_POINT('',(-0.960194491658453,-4.75,8.10531481252603));
#5617=CARTESIAN_POINT('',(-0.939719729531382,-4.75,8.18172290210023));
#5618=CARTESIAN_POINT('',(-0.909846390125106,-4.75,8.29328771476183));
#5619=CARTESIAN_POINT('',(-0.866438378077075,-4.75,8.45505734598958));
#5620=CARTESIAN_POINT('',(-0.842602923437876,-4.75,8.54467046109308));
#5621=CARTESIAN_POINT('',(-0.785451792141206,-4.75,8.75545984656855));
#5622=CARTESIAN_POINT('',(-0.778193058981692,-4.75,8.78394299601945));
#5623=CARTESIAN_POINT('',(-0.751167757395144,-4.75,8.87154850284434));
#5624=CARTESIAN_POINT('',(-0.717761869917992,-4.75,8.91204128138288));
#5625=CARTESIAN_POINT('',(-0.605359322288405,-4.75,8.96544365216285));
#5626=CARTESIAN_POINT('',(-0.484998809751179,-4.75,8.89195157895227));
#5627=CARTESIAN_POINT('',(-0.467005859548296,-4.75,8.82016775014969));
#5628=CARTESIAN_POINT('',(-0.427065124321699,-4.75,8.68180792698394));
#5629=CARTESIAN_POINT('',(-0.417297066045925,-4.75,8.64741128193136));
#5630=CARTESIAN_POINT('',(-0.385756463862667,-4.75,8.53128103751506));
#5631=CARTESIAN_POINT('',(-0.365262443003517,-4.75,8.45488170975698));
#5632=CARTESIAN_POINT('',(-0.322043123717013,-4.75,8.29398554922723));
#5633=CARTESIAN_POINT('',(-0.292188238332869,-4.75,8.18195424083072));
#5634=CARTESIAN_POINT('',(-0.271834572031369,-4.75,8.10531481805204));
#5635=CARTESIAN_POINT('',(-0.960194588324896,-4.75,8.10531483842933));
#5636=CARTESIAN_POINT('',(-0.271834475381705,-4.75,8.10531484371997));
#5637=CARTESIAN_POINT('',(-0.96019459588439,-4.74,8.10531442357378));
#5638=CARTESIAN_POINT('',(-0.96019459588439,-4.74,8.10531442357378));
#5639=CARTESIAN_POINT('',(-0.271834784724842,-4.74000000000001,8.10531559759573));
#5640=CARTESIAN_POINT('',(-0.313231736846903,-4.74000000000001,8.25840973892594));
#5641=CARTESIAN_POINT('',(-0.377627623622726,-4.74000000000001,8.48040147820728));
#5642=CARTESIAN_POINT('',(-0.441760010579304,-4.74000000000001,8.76695379702674));
#5643=CARTESIAN_POINT('',(-0.51169202579012,-4.74000000000001,8.92040993067378));
#5644=CARTESIAN_POINT('',(-0.604896078914701,-4.74000000000001,8.95067734049878));
#5645=CARTESIAN_POINT('',(-0.715405779119677,-4.74000000000001,8.93196782124598));
#5646=CARTESIAN_POINT('',(-0.780561727094826,-4.74000000000001,8.7913283738277));
#5647=CARTESIAN_POINT('',(-0.780358989206531,-4.74000000000001,8.77019299737863));
#5648=CARTESIAN_POINT('',(-0.843982926720789,-4.74000000000001,8.54066382160702));
#5649=CARTESIAN_POINT('',(-0.866012180272379,-4.74000000000001,8.45634697505985));
#5650=CARTESIAN_POINT('',(-0.909979144292979,-4.74000000000001,8.29297281853225));
#5651=CARTESIAN_POINT('',(-0.939670576469271,-4.74000000000001,8.18190633239111));
#5652=CARTESIAN_POINT('',(-0.96019459588439,-4.74000000000001,8.10531442357378));
#5653=CARTESIAN_POINT('',(-0.271834688191675,-4.74,8.10531562369849));
#5654=CARTESIAN_POINT('',(-0.271834467267026,-4.74,8.10531442357378));
#5655=CARTESIAN_POINT('',(-0.614471123215579,-4.74,8.64242053289854));
#5656=CARTESIAN_POINT('',(-0.614471123215579,-4.75,8.64242053289854));
#5657=CARTESIAN_POINT('',(-0.650686609651656,-4.74,8.50948319854172));
#5658=CARTESIAN_POINT('',(-0.650686609651656,-4.75,8.50948319854172));
#5659=CARTESIAN_POINT('',(-0.705104307892332,-4.74,8.30696730802852));
#5660=CARTESIAN_POINT('',(-0.705104307892332,-4.75,8.30696730802852));
#5661=CARTESIAN_POINT('',(-0.777283364533658,-4.74,8.04938567658948));
#5662=CARTESIAN_POINT('',(-0.777283364533658,-4.75,8.04938567658948));
#5663=CARTESIAN_POINT('',(-0.823182513155818,-4.74000000000001,7.86248141545697));
#5664=CARTESIAN_POINT('',(-0.823182513155818,-4.75000000000001,7.86248141545697));
#5665=CARTESIAN_POINT('',(-0.871289094643542,-4.74,7.76034620755824));
#5666=CARTESIAN_POINT('',(-0.871289094643542,-4.75,7.76034620755824));
#5667=CARTESIAN_POINT('',(-1.00167888427037,-4.74,7.73101461690496));
#5668=CARTESIAN_POINT('',(-1.00167888427037,-4.75,7.73101461690496));
#5669=CARTESIAN_POINT('',(-1.08626633667853,-4.74,7.77868323393513));
#5670=CARTESIAN_POINT('',(-1.08626633667853,-4.75,7.77868323393513));
#5671=CARTESIAN_POINT('',(-1.13419387651016,-4.74,7.92744355871441));
#5672=CARTESIAN_POINT('',(-1.13419387651016,-4.75,7.92744355871441));
#5673=CARTESIAN_POINT('',(-1.17156009840676,-4.74,8.08534793538643));
#5674=CARTESIAN_POINT('',(-1.17156009840676,-4.75,8.08534793538643));
#5675=CARTESIAN_POINT('',(-1.22241516613478,-4.74,8.28677629165568));
#5676=CARTESIAN_POINT('',(-1.22241516613478,-4.75,8.28677629165568));
#5677=CARTESIAN_POINT('',(-1.27194608652002,-4.74,8.49525976873712));
#5678=CARTESIAN_POINT('',(-1.27194608652002,-4.75,8.49525976873712));
#5679=CARTESIAN_POINT('',(-1.30558112580062,-4.74,8.63740409030477));
#5680=CARTESIAN_POINT('',(-1.30558112580062,-4.75,8.63740409030477));
#5681=CARTESIAN_POINT('',(-1.35190148024829,-4.74,8.82330256879206));
#5682=CARTESIAN_POINT('',(-1.35190148024829,-4.75,8.82330256879206));
#5683=CARTESIAN_POINT('',(-1.34672988177878,-4.74,8.89651598930192));
#5684=CARTESIAN_POINT('',(-1.34672988177878,-4.75,8.89651598930192));
#5685=CARTESIAN_POINT('',(-1.23534157398973,-4.74000000000001,8.96112227230013));
#5686=CARTESIAN_POINT('',(-1.23534157398973,-4.75000000000001,8.96112227230013));
#5687=CARTESIAN_POINT('',(-1.11402944048122,-4.74000000000001,8.899127074631));
#5688=CARTESIAN_POINT('',(-1.11402944048122,-4.75000000000001,8.899127074631));
#5689=CARTESIAN_POINT('',(-1.10369015336856,-4.74,8.70298363590287));
#5690=CARTESIAN_POINT('',(-1.10369015336856,-4.75,8.70298363590287));
#5691=CARTESIAN_POINT('',(-1.05080056688814,-4.74,8.5101301192101));
#5692=CARTESIAN_POINT('',(-1.05080056688814,-4.75,8.5101301192101));
#5693=CARTESIAN_POINT('',(-1.00657168960687,-4.74,8.30629701191737));
#5694=CARTESIAN_POINT('',(-1.00657168960687,-4.75,8.30629701191737));
#5695=CARTESIAN_POINT('',(-0.975293081952394,-4.74,8.17252951129784));
#5696=CARTESIAN_POINT('',(-0.975293081952394,-4.75,8.17252951129784));
#5697=CARTESIAN_POINT('',(-0.96019459588439,-4.74,8.10531442357378));
#5698=CARTESIAN_POINT('',(-0.96019459588439,-4.75,8.10531442357378));
#5699=CARTESIAN_POINT('',(-0.614471123215579,-4.75,8.64242053289854));
#5700=CARTESIAN_POINT('',(-0.684301332270131,-4.75,8.38609257039341));
#5701=CARTESIAN_POINT('',(-0.765470985323623,-4.75,8.09106716981763));
#5702=CARTESIAN_POINT('',(-0.813209352232603,-4.75,7.91702926444292));
#5703=CARTESIAN_POINT('',(-0.833588150826851,-4.75,7.85066206605231));
#5704=CARTESIAN_POINT('',(-0.827501054805051,-4.75,7.86014572446126));
#5705=CARTESIAN_POINT('',(-0.873356194615035,-4.75,7.75413486498907));
#5706=CARTESIAN_POINT('',(-1.00111808058061,-4.75,7.73266220256969));
#5707=CARTESIAN_POINT('',(-1.08644164820185,-4.75,7.77830416819186));
#5708=CARTESIAN_POINT('',(-1.13394751002021,-4.75,7.92739393560731));
#5709=CARTESIAN_POINT('',(-1.16510943615518,-4.75,8.05562820217065));
#5710=CARTESIAN_POINT('',(-1.19571751007089,-4.75,8.18326886997374));
#5711=CARTESIAN_POINT('',(-1.22619612586429,-4.75,8.30353086570634));
#5712=CARTESIAN_POINT('',(-1.23266453667561,-4.75,8.33031936466339));
#5713=CARTESIAN_POINT('',(-1.27323057227607,-4.75,8.50076733942298));
#5714=CARTESIAN_POINT('',(-1.29297200731541,-4.75,8.58367570733405));
#5715=CARTESIAN_POINT('',(-1.30969325198999,-4.75,8.65307624346218));
#5716=CARTESIAN_POINT('',(-1.31604717504363,-4.75,8.67799331917479));
#5717=CARTESIAN_POINT('',(-1.33879121973308,-4.75,8.7743131299608));
#5718=CARTESIAN_POINT('',(-1.34858090490045,-4.75,8.82354422702189));
#5719=CARTESIAN_POINT('',(-1.34755793126539,-4.75,8.90054609808869));
#5720=CARTESIAN_POINT('',(-1.23514625296957,-4.75,8.96015947576072));
#5721=CARTESIAN_POINT('',(-1.11403446225305,-4.75,8.89920922639337));
#5722=CARTESIAN_POINT('',(-1.10462424555246,-4.75,8.70706151504364));
#5723=CARTESIAN_POINT('',(-1.04884930500945,-4.75,8.50184058321587));
#5724=CARTESIAN_POINT('',(-1.00739593819994,-4.75,8.30903301516455));
#5725=CARTESIAN_POINT('',(-0.975597485178994,-4.75,8.17255565252838));
#5726=CARTESIAN_POINT('',(-0.960194685800197,-4.75,8.10531481610075));
#5727=CARTESIAN_POINT('',(-0.614471123215579,-4.75,8.64242053289854));
#5728=CARTESIAN_POINT('',(-0.614094379371606,-4.74,8.64251849837284));
#5729=CARTESIAN_POINT('',(-0.614094379371606,-4.74333333333333,8.64251849837284));
#5730=CARTESIAN_POINT('',(-0.614094379371613,-4.74666666666667,8.64251849837285));
#5731=CARTESIAN_POINT('',(-0.614094379371613,-4.75,8.64251849837285));
#5732=CARTESIAN_POINT('',(-0.614471123215579,-4.74,8.64242053289854));
#5733=CARTESIAN_POINT('',(-0.96019459588439,-4.74000000000001,8.10531442357378));
#5734=CARTESIAN_POINT('',(-1.01774390539431,-4.74000000000001,8.36151109585904));
#5735=CARTESIAN_POINT('',(-1.08752503269479,-4.74000000000001,8.65557006412952));
#5736=CARTESIAN_POINT('',(-1.12727467321924,-4.74000000000001,8.83161033017488));
#5737=CARTESIAN_POINT('',(-1.1526130864411,-4.74000000000001,8.89489999926042));
#5738=CARTESIAN_POINT('',(-1.13297797433589,-4.74000000000001,8.89506627819241));
#5739=CARTESIAN_POINT('',(-1.2381402112746,-4.74000000000001,8.96513035560295));
#5740=CARTESIAN_POINT('',(-1.34691483216176,-4.74000000000001,8.90004325194648));
#5741=CARTESIAN_POINT('',(-1.34812167321986,-4.74000000000001,8.8209950710836));
#5742=CARTESIAN_POINT('',(-1.33974653036415,-4.74000000000001,8.7790027088586));
#5743=CARTESIAN_POINT('',(-1.30965344918154,-4.74000000000001,8.6507109339829));
#5744=CARTESIAN_POINT('',(-1.29606992551243,-4.74000000000001,8.59699747530133));
#5745=CARTESIAN_POINT('',(-1.26085278416277,-4.74000000000001,8.4508215438985));
#5746=CARTESIAN_POINT('',(-1.22430944381774,-4.74000000000001,8.2926578907434));
#5747=CARTESIAN_POINT('',(-1.16776762196315,-4.74000000000001,8.07462703324315));
#5748=CARTESIAN_POINT('',(-1.14107354463651,-4.74000000000001,7.93287419768389));
#5749=CARTESIAN_POINT('',(-1.0746414293398,-4.74000000000001,7.7710522642187));
#5750=CARTESIAN_POINT('',(-1.00136197270194,-4.74000000000001,7.73470515371187));
#5751=CARTESIAN_POINT('',(-0.903711702330308,-4.74000000000001,7.7501300506578));
#5752=CARTESIAN_POINT('',(-0.861266743087795,-4.74000000000001,7.78672797809803));
#5753=CARTESIAN_POINT('',(-0.829984715235864,-4.74000000000001,7.85379463451159));
#5754=CARTESIAN_POINT('',(-0.83574297843024,-4.74000000000001,7.84347326525301));
#5755=CARTESIAN_POINT('',(-0.827921624220793,-4.74000000000001,7.86633415531483));
#5756=CARTESIAN_POINT('',(-0.815124914861613,-4.74000000000001,7.91289444190752));
#5757=CARTESIAN_POINT('',(-0.763588847762192,-4.74000000000001,8.09580347284778));
#5758=CARTESIAN_POINT('',(-0.684138418606212,-4.74000000000001,8.38669058274511));
#5759=CARTESIAN_POINT('',(-0.614471123215579,-4.74000000000001,8.64242053289854));
#5760=CARTESIAN_POINT('',(54.2314503517478,-4.74199999999827,22.9041179646663));
#5761=CARTESIAN_POINT('',(-0.427718711640017,-4.75,7.94557165830047));
#5762=CARTESIAN_POINT('',(-0.453707481156009,-4.75,8.03783179008224));
#5763=CARTESIAN_POINT('',(-0.525687273466614,-4.75,8.30536658071638));
#5764=CARTESIAN_POINT('',(-0.583718381851402,-4.75,8.52617415194513));
#5765=CARTESIAN_POINT('',(-0.614471123215579,-4.75,8.64242053289854));
#5766=CARTESIAN_POINT('',(-0.427718711640016,-4.75,7.94557165830047));
#5767=CARTESIAN_POINT('',(-0.428094231520584,-4.75,7.9454688899705));
#5768=CARTESIAN_POINT('',(-0.428094231520584,-4.74666666666667,7.9454688899705));
#5769=CARTESIAN_POINT('',(-0.428094231520578,-4.74333333333334,7.94546888997049));
#5770=CARTESIAN_POINT('',(-0.428094231520577,-4.74,7.94546888997049));
#5771=CARTESIAN_POINT('',(-0.427718711640016,-4.74,7.94557165830047));
#5772=CARTESIAN_POINT('',(-0.614471123215579,-4.74000000000001,8.64242053289854));
#5773=CARTESIAN_POINT('',(-0.614124247989345,-4.74000000000001,8.64112620095933));
#5774=CARTESIAN_POINT('',(-0.601337416749863,-4.74000000000001,8.59279575585222));
#5775=CARTESIAN_POINT('',(-0.565712055001318,-4.74000000000001,8.45818362712056));
#5776=CARTESIAN_POINT('',(-0.517791340233235,-4.74000000000001,8.27692604466192));
#5777=CARTESIAN_POINT('',(-0.496323198976702,-4.74000000000001,8.19622084942196));
#5778=CARTESIAN_POINT('',(-0.461781596800627,-4.74000000000001,8.06794982500381));
#5779=CARTESIAN_POINT('',(-0.440802292312939,-4.74000000000001,7.99201836968934));
#5780=CARTESIAN_POINT('',(-0.427718711640016,-4.74000000000001,7.94557165830047));
#5781=CARTESIAN_POINT('',(-0.271834467267026,-4.74,8.10531442357378));
#5782=CARTESIAN_POINT('',(-0.271834467267026,-4.75,8.10531442357378));
#5783=CARTESIAN_POINT('',(-0.248237035776485,-4.74,8.21036491807735));
#5784=CARTESIAN_POINT('',(-0.248237035776485,-4.75,8.21036491807735));
#5785=CARTESIAN_POINT('',(-0.212616385600461,-4.74,8.36700067114087));
#5786=CARTESIAN_POINT('',(-0.212616385600461,-4.75,8.36700067114087));
#5787=CARTESIAN_POINT('',(-0.166020197126615,-4.74,8.57960829665961));
#5788=CARTESIAN_POINT('',(-0.166020197126615,-4.75,8.57960829665961));
#5789=CARTESIAN_POINT('',(-0.128828026369102,-4.74,8.72966412888019));
#5790=CARTESIAN_POINT('',(-0.128828026369102,-4.75,8.72966412888019));
#5791=CARTESIAN_POINT('',(-0.104943810511241,-4.74,8.88447696430588));
#5792=CARTESIAN_POINT('',(-0.104943810511241,-4.75,8.88447696430588));
#5793=CARTESIAN_POINT('',(-0.0404006388970347,-4.74,8.94573423334046));
#5794=CARTESIAN_POINT('',(-0.0404006388970347,-4.75,8.94573423334046));
#5795=CARTESIAN_POINT('',(0.0589094684639019,-4.74000000000001,8.94323018076108));
#5796=CARTESIAN_POINT('',(0.0589094684639019,-4.75000000000001,8.94323018076108));
#5797=CARTESIAN_POINT('',(0.109617006777809,-4.74,8.88275165256749));
#5798=CARTESIAN_POINT('',(0.109617006777809,-4.75,8.88275165256749));
#5799=CARTESIAN_POINT('',(0.12132936445961,-4.74,8.83806100949113));
#5800=CARTESIAN_POINT('',(0.12132936445961,-4.75,8.83806100949113));
#5801=CARTESIAN_POINT('',(0.09103079449636,-4.74000000000001,8.70566940876829));
#5802=CARTESIAN_POINT('',(0.09103079449636,-4.75000000000001,8.70566940876829));
#5803=CARTESIAN_POINT('',(0.0677187596571539,-4.74,8.61899779753457));
#5804=CARTESIAN_POINT('',(0.0677187596571539,-4.75,8.61899779753457));
#5805=CARTESIAN_POINT('',(0.0337552576182914,-4.74000000000001,8.48051919260913));
#5806=CARTESIAN_POINT('',(0.0337552576182914,-4.75000000000001,8.48051919260913));
#5807=CARTESIAN_POINT('',(-0.0172010031142178,-4.74,8.27041679894228));
#5808=CARTESIAN_POINT('',(-0.0172010031142178,-4.75,8.27041679894228));
#5809=CARTESIAN_POINT('',(-0.0640129938497053,-4.74,8.08565118423629));
#5810=CARTESIAN_POINT('',(-0.0640129938497053,-4.75,8.08565118423629));
#5811=CARTESIAN_POINT('',(-0.124254928562608,-4.74,7.81587979930065));
#5812=CARTESIAN_POINT('',(-0.124254928562608,-4.75,7.81587979930065));
#5813=CARTESIAN_POINT('',(-0.181123981103529,-4.74,7.74300329570664));
#5814=CARTESIAN_POINT('',(-0.181123981103529,-4.75,7.74300329570664));
#5815=CARTESIAN_POINT('',(-0.314962610543219,-4.74,7.73909382470578));
#5816=CARTESIAN_POINT('',(-0.314962610543219,-4.75,7.73909382470578));
#5817=CARTESIAN_POINT('',(-0.400727967933122,-4.74,7.81553001989306));
#5818=CARTESIAN_POINT('',(-0.400727967933122,-4.75,7.81553001989306));
#5819=CARTESIAN_POINT('',(-0.407136293600265,-4.74,7.87250407425935));
#5820=CARTESIAN_POINT('',(-0.407136293600265,-4.75,7.87250407425935));
#5821=CARTESIAN_POINT('',(-0.427718711640016,-4.74,7.94557165830047));
#5822=CARTESIAN_POINT('',(-0.427718711640016,-4.75,7.94557165830047));
#5823=CARTESIAN_POINT('',(-0.271834377812991,-4.75,8.10531482180316));
#5824=CARTESIAN_POINT('',(-0.24828401392314,-4.75,8.21015578186102));
#5825=CARTESIAN_POINT('',(-0.212693016935293,-4.75,8.36666001782749));
#5826=CARTESIAN_POINT('',(-0.166088371265528,-4.75,8.57930398016375));
#5827=CARTESIAN_POINT('',(-0.128798056929866,-4.75,8.72980066386326));
#5828=CARTESIAN_POINT('',(-0.10498153997281,-4.75,8.884299812063));
#5829=CARTESIAN_POINT('',(-0.0403383072373243,-4.75,8.94602649157911));
#5830=CARTESIAN_POINT('',(0.0586743178242978,-4.75,8.94212138559137));
#5831=CARTESIAN_POINT('',(0.110496462728928,-4.75,8.88689408503846));
#5832=CARTESIAN_POINT('',(0.118047268130723,-4.75,8.82259911059568));
#5833=CARTESIAN_POINT('',(0.10574091692424,-4.75,8.77324470287037));
#5834=CARTESIAN_POINT('',(0.0914398252743517,-4.75,8.70951525355998));
#5835=CARTESIAN_POINT('',(0.0691603027875313,-4.75,8.62283307236531));
#5836=CARTESIAN_POINT('',(0.0712701061512949,-4.75,8.6310906983589));
#5837=CARTESIAN_POINT('',(0.0641404201537582,-4.75,8.60296814229069));
#5838=CARTESIAN_POINT('',(0.0528058527162274,-4.75,8.55742018689514));
#5839=CARTESIAN_POINT('',(0.0257629697632526,-4.75,8.4470911858986));
#5840=CARTESIAN_POINT('',(-0.0185671662759293,-4.75,8.26663667856907));
#5841=CARTESIAN_POINT('',(-0.0696131721490343,-4.75,8.05132708731508));
#5842=CARTESIAN_POINT('',(-0.11156089960267,-4.75,7.8876569657289));
#5843=CARTESIAN_POINT('',(-0.129111159203291,-4.75,7.81947229786534));
#5844=CARTESIAN_POINT('',(-0.201672947534431,-4.75,7.71185218270585));
#5845=CARTESIAN_POINT('',(-0.375598241773,-4.75,7.77776395305804));
#5846=CARTESIAN_POINT('',(-0.402143266555731,-4.75,7.84679970980713));
#5847=CARTESIAN_POINT('',(-0.422123689705498,-4.75,7.92570933043292));
#5848=CARTESIAN_POINT('',(-0.427718711640017,-4.75,7.94557165830047));
#5849=CARTESIAN_POINT('',(-0.427718711640016,-4.74000000000001,7.94557165830047));
#5850=CARTESIAN_POINT('',(-0.416098446701257,-4.74000000000001,7.90431971776787));
#5851=CARTESIAN_POINT('',(-0.391947496847836,-4.74000000000001,7.83434539221805));
#5852=CARTESIAN_POINT('',(-0.383465262467281,-4.74000000000001,7.80168918926372));
#5853=CARTESIAN_POINT('',(-0.311300867504444,-4.74000000000001,7.73718841520686));
#5854=CARTESIAN_POINT('',(-0.183591951403036,-4.74000000000001,7.74275275584952));
#5855=CARTESIAN_POINT('',(-0.120354397219916,-4.74000000000001,7.82766116439552));
#5856=CARTESIAN_POINT('',(-0.0958376729443181,-4.74000000000001,7.94939240093402));
#5857=CARTESIAN_POINT('',(-0.0439995509673863,-4.74000000000001,8.15893369331044));
#5858=CARTESIAN_POINT('',(-0.00515717922621839,-4.74000000000001,8.3186587225422));
#5859=CARTESIAN_POINT('',(0.0346197030252317,-4.74000000000001,8.4811380707098));
#5860=CARTESIAN_POINT('',(0.0597820207847461,-4.74000000000001,8.58399073539514));
#5861=CARTESIAN_POINT('',(0.0680549789563022,-4.74000000000001,8.61780415671705));
#5862=CARTESIAN_POINT('',(0.0733902456803749,-4.74000000000001,8.63929001953151));
#5863=CARTESIAN_POINT('',(0.0683423334787638,-4.74000000000001,8.61923153385353));
#5864=CARTESIAN_POINT('',(0.0925915810298411,-4.74000000000001,8.71572214885402));
#5865=CARTESIAN_POINT('',(0.106848686526961,-4.74000000000001,8.78051170640047));
#5866=CARTESIAN_POINT('',(0.123411510521511,-4.74000000000001,8.83615934744919));
#5867=CARTESIAN_POINT('',(0.0901194503506863,-4.74000000000001,8.93796365000494));
#5868=CARTESIAN_POINT('',(-0.0361329851326021,-4.74000000000001,8.95022628183077));
#5869=CARTESIAN_POINT('',(-0.0938907159461324,-4.74000000000001,8.88865905202588));
#5870=CARTESIAN_POINT('',(-0.0984318247084551,-4.74000000000001,8.86259260011631));
#5871=CARTESIAN_POINT('',(-0.134026524085166,-4.74000000000001,8.72272927585506));
#5872=CARTESIAN_POINT('',(-0.146959430318539,-4.74000000000001,8.66020318109545));
#5873=CARTESIAN_POINT('',(-0.172109940644382,-4.74000000000001,8.54985260894335));
#5874=CARTESIAN_POINT('',(-0.212417098395226,-4.74000000000001,8.3693871291487));
#5875=CARTESIAN_POINT('',(-0.248236800005451,-4.74000000000001,8.21036596767734));
#5876=CARTESIAN_POINT('',(-0.271834221245078,-4.74000000000001,8.10531551880855));
#5877=CARTESIAN_POINT('',(0.0732252044676308,-4.74000000000001,8.63865642761744));
#5878=CARTESIAN_POINT('',(-10.,-4.74,1.5));
#5879=CARTESIAN_POINT('',(-10.,-4.75,1.5));
#5880=CARTESIAN_POINT('',(-9.6,-4.75,1.5));
#5881=CARTESIAN_POINT('',(-10.,-4.74,1.5));
#5882=CARTESIAN_POINT('',(-9.6,-4.74,1.5));
#5883=CARTESIAN_POINT('',(-10.,-4.74,1.5));
#5884=CARTESIAN_POINT('',(-3.62690058479532,-4.74,6.00063815030158));
#5885=CARTESIAN_POINT('',(-3.62690058479532,-4.75,6.00063815030158));
#5886=CARTESIAN_POINT('',(-3.70501513967548,-4.74,6.00063815030158));
#5887=CARTESIAN_POINT('',(-3.70501513967548,-4.75,6.00063815030158));
#5888=CARTESIAN_POINT('',(-3.86426754933496,-4.74,6.00018319011933));
#5889=CARTESIAN_POINT('',(-3.86426754933496,-4.75,6.00018319011933));
#5890=CARTESIAN_POINT('',(-4.0482165619135,-4.74,6.00188929080275));
#5891=CARTESIAN_POINT('',(-4.0482165619135,-4.75,6.00188929080275));
#5892=CARTESIAN_POINT('',(-4.22712042091752,-4.74,5.9984770894359));
#5893=CARTESIAN_POINT('',(-4.22712042091752,-4.75,5.9984770894359));
#5894=CARTESIAN_POINT('',(-4.30150992245767,-4.74,6.09333473634907));
#5895=CARTESIAN_POINT('',(-4.30150992245767,-4.75,6.09333473634907));
#5896=CARTESIAN_POINT('',(-4.25201747105202,-4.74,6.22349432049497));
#5897=CARTESIAN_POINT('',(-4.25201747105202,-4.75,6.22349432049497));
#5898=CARTESIAN_POINT('',(-4.17555043869835,-4.74,6.21896173704622));
#5899=CARTESIAN_POINT('',(-4.17555043869835,-4.75,6.21896173704622));
#5900=CARTESIAN_POINT('',(-4.12631578947368,-4.74,6.21896173704622));
#5901=CARTESIAN_POINT('',(-4.12631578947368,-4.75,6.21896173704622));
#5902=CARTESIAN_POINT('',(-3.62758076437613,-4.75,6.00063814457325));
#5903=CARTESIAN_POINT('',(-3.70561142124432,-4.75,6.00063686392391));
#5904=CARTESIAN_POINT('',(-3.86455168238354,-4.75,6.00019398171957));
#5905=CARTESIAN_POINT('',(-4.04883227183269,-4.75,6.00184692730583));
#5906=CARTESIAN_POINT('',(-4.22648569107468,-4.75,5.99853998168935));
#5907=CARTESIAN_POINT('',(-4.30396303538986,-4.75,6.09320079021436));
#5908=CARTESIAN_POINT('',(-4.24275867863979,-4.75,6.22330947724319));
#5909=CARTESIAN_POINT('',(-4.19621051844454,-4.75,6.21895144682721));
#5910=CARTESIAN_POINT('',(-4.12697270534321,-4.75,6.21896169680405));
#5911=CARTESIAN_POINT('',(-3.62758076362969,-4.745,6.00059266362763));
#5912=CARTESIAN_POINT('',(-4.12665935693944,-4.74499998516852,6.21903054757758));
#5913=CARTESIAN_POINT('',(-4.1269732524133,-4.74,6.21909935851717));
#5914=CARTESIAN_POINT('',(-4.18189387510444,-4.74,6.21888122305514));
#5915=CARTESIAN_POINT('',(-4.24778879598985,-4.74,6.22423676751722));
#5916=CARTESIAN_POINT('',(-4.30907045991513,-4.74,6.08879356354573));
#5917=CARTESIAN_POINT('',(-4.21703167668575,-4.74,6.00994206940357));
#5918=CARTESIAN_POINT('',(-4.16791530414213,-4.74,6.00337868002746));
#5919=CARTESIAN_POINT('',(-4.01121394011151,-4.74,5.99681443568087));
#5920=CARTESIAN_POINT('',(-3.86899760522391,-4.74,6.00161228686769));
#5921=CARTESIAN_POINT('',(-3.70491382050883,-4.74,6.00034775166635));
#5922=CARTESIAN_POINT('',(-3.62758061520141,-4.74,6.00052951221881));
#5923=CARTESIAN_POINT('',(-4.09558791407627,-4.74,6.00063815030158));
#5924=CARTESIAN_POINT('',(-3.86412384600133,-4.74,4.87342700497101));
#5925=CARTESIAN_POINT('',(-3.9114847848973,-4.74,4.83597185942925));
#5926=CARTESIAN_POINT('',(-4.0657991645414,-4.74,4.82850135895519));
#5927=CARTESIAN_POINT('',(-4.08971395815982,-4.74,5.04055764587295));
#5928=CARTESIAN_POINT('',(-4.04353340085943,-4.74,5.20947306229123));
#5929=CARTESIAN_POINT('',(-3.96739546046277,-4.74,5.43769963093538));
#5930=CARTESIAN_POINT('',(-3.83725259681979,-4.74,5.70772430291954));
#5931=CARTESIAN_POINT('',(-3.69989888337191,-4.74,5.90467832212926));
#5932=CARTESIAN_POINT('',(-3.6275627794964,-4.74,6.00057909854334));
#5933=CARTESIAN_POINT('',(-3.86407085067089,-4.745,4.87337121051943));
#5934=CARTESIAN_POINT('',(-4.12634498923387,-4.74,6.21896173704622));
#5935=CARTESIAN_POINT('',(-4.03446587469246,-4.74,6.21896173704622));
#5936=CARTESIAN_POINT('',(-3.85052559202779,-4.74,6.22104194411623));
#5937=CARTESIAN_POINT('',(-3.62151050660679,-4.74,6.21324116760369));
#5938=CARTESIAN_POINT('',(-3.43652778093554,-4.74,6.22978381824887));
#5939=CARTESIAN_POINT('',(-3.30074648101861,-4.74,6.14572424156019));
#5940=CARTESIAN_POINT('',(-3.37599752699248,-4.74,5.99276111652108));
#5941=CARTESIAN_POINT('',(-3.48907561935327,-4.74,5.85817649361103));
#5942=CARTESIAN_POINT('',(-3.62002351067593,-4.74,5.66370185303455));
#5943=CARTESIAN_POINT('',(-3.73447154627985,-4.74,5.4097423639721));
#5944=CARTESIAN_POINT('',(-3.78700075701951,-4.74,5.13813960172102));
#5945=CARTESIAN_POINT('',(-3.79677683852669,-4.74,4.95167705251195));
#5946=CARTESIAN_POINT('',(-3.86401275523875,-4.74,4.87332135964715));
#5947=CARTESIAN_POINT('',(2.90006497725796,-4.74,5.69134640241334));
#5948=CARTESIAN_POINT('',(2.90006497725796,-4.75,5.69134640241334));
#5949=CARTESIAN_POINT('',(3.02134742775053,-4.74,5.69134640241334));
#5950=CARTESIAN_POINT('',(3.02134742775053,-4.75,5.69134640241334));
#5951=CARTESIAN_POINT('',(3.15872153646421,-4.74,5.82673236322426));
#5952=CARTESIAN_POINT('',(3.15872153646421,-4.75,5.82673236322426));
#5953=CARTESIAN_POINT('',(3.05616552991961,-4.74000000000001,6.0637633518112));
#5954=CARTESIAN_POINT('',(3.05616552991961,-4.75000000000001,6.0637633518112));
#5955=CARTESIAN_POINT('',(2.82661297295656,-4.74,6.08033389624081));
#5956=CARTESIAN_POINT('',(2.82661297295656,-4.75,6.08033389624081));
#5957=CARTESIAN_POINT('',(2.7298780145687,-4.74000000000001,5.94143371280161));
#5958=CARTESIAN_POINT('',(2.7298780145687,-4.75000000000001,5.94143371280161));
#5959=CARTESIAN_POINT('',(2.65758909704819,-4.74,5.77952762999584));
#5960=CARTESIAN_POINT('',(2.65758909704819,-4.75,5.77952762999584));
#5961=CARTESIAN_POINT('',(2.4715117450377,-4.74,5.86013854038279));
#5962=CARTESIAN_POINT('',(2.4715117450377,-4.75,5.86013854038279));
#5963=CARTESIAN_POINT('',(2.55722382948572,-4.74,6.09448038146336));
#5964=CARTESIAN_POINT('',(2.55722382948572,-4.75,6.09448038146336));
#5965=CARTESIAN_POINT('',(2.68871508576417,-4.74,6.18571477031935));
#5966=CARTESIAN_POINT('',(2.68871508576417,-4.75,6.18571477031935));
#5967=CARTESIAN_POINT('',(2.90747185683034,-4.74,6.26287059423227));
#5968=CARTESIAN_POINT('',(2.90747185683034,-4.75,6.26287059423227));
#5969=CARTESIAN_POINT('',(3.15597088983777,-4.74,6.23054057107622));
#5970=CARTESIAN_POINT('',(3.15597088983777,-4.75,6.23054057107622));
#5971=CARTESIAN_POINT('',(3.32912409279208,-4.74000000000001,6.07862129180136));
#5972=CARTESIAN_POINT('',(3.32912409279208,-4.75000000000001,6.07862129180136));
#5973=CARTESIAN_POINT('',(3.38773452633124,-4.74,5.82968839910789));
#5974=CARTESIAN_POINT('',(3.38773452633124,-4.75,5.82968839910789));
#5975=CARTESIAN_POINT('',(3.30041616158531,-4.74,5.69535918217907));
#5976=CARTESIAN_POINT('',(3.30041616158531,-4.75,5.69535918217907));
#5977=CARTESIAN_POINT('',(3.20207927225471,-4.74,5.61311378382984));
#5978=CARTESIAN_POINT('',(3.20207927225471,-4.75,5.61311378382984));
#5979=CARTESIAN_POINT('',(2.90027001124197,-4.75,5.69134648821685));
#5980=CARTESIAN_POINT('',(3.01893854241092,-4.75,5.69144566996366));
#5981=CARTESIAN_POINT('',(3.1605337075598,-4.75,5.82850515479196));
#5982=CARTESIAN_POINT('',(3.05375971440106,-4.75,6.06551722100598));
#5983=CARTESIAN_POINT('',(2.82272224713378,-4.75,6.07947666465232));
#5984=CARTESIAN_POINT('',(2.72981016861333,-4.75,5.93665038245187));
#5985=CARTESIAN_POINT('',(2.65242754494085,-4.75,5.77769959313941));
#5986=CARTESIAN_POINT('',(2.46933363063981,-4.75,5.86741815436387));
#5987=CARTESIAN_POINT('',(2.56231261468134,-4.75,6.09953179886932));
#5988=CARTESIAN_POINT('',(2.69435119614665,-4.75,6.18879209873675));
#5989=CARTESIAN_POINT('',(2.91519445202528,-4.75,6.26328313175757));
#5990=CARTESIAN_POINT('',(3.16038276119633,-4.75,6.22849693918197));
#5991=CARTESIAN_POINT('',(3.33086517230634,-4.75,6.07559338779074));
#5992=CARTESIAN_POINT('',(3.38585318644821,-4.75,5.82713506223544));
#5993=CARTESIAN_POINT('',(3.30456351106594,-4.75,5.69889381158004));
#5994=CARTESIAN_POINT('',(3.20230747181436,-4.75,5.61330471509737));
#5995=CARTESIAN_POINT('',(2.90026981223548,-4.745,5.69158467955946));
#5996=CARTESIAN_POINT('',(3.2023206606759,-4.745,5.61328895794478));
#5997=CARTESIAN_POINT('',(3.20230746538059,-4.74,5.61330472093384));
#5998=CARTESIAN_POINT('',(3.30477006927907,-4.74,5.69907678252226));
#5999=CARTESIAN_POINT('',(3.38285988306083,-4.74,5.83172673547373));
#6000=CARTESIAN_POINT('',(3.33580776211302,-4.74,6.07463269927949));
#6001=CARTESIAN_POINT('',(3.15117253065051,-4.74,6.23279398089782));
#6002=CARTESIAN_POINT('',(2.91294456700267,-4.74,6.26382842656367));
#6003=CARTESIAN_POINT('',(2.68008797663164,-4.74,6.1834361493805));
#6004=CARTESIAN_POINT('',(2.55896416950597,-4.74,6.09548376643109));
#6005=CARTESIAN_POINT('',(2.47308675242918,-4.74,5.85828531020731));
#6006=CARTESIAN_POINT('',(2.62011608260214,-4.74,5.79805866375466));
#6007=CARTESIAN_POINT('',(2.70490960802442,-4.74,5.85164957949485));
#6008=CARTESIAN_POINT('',(2.73951601762857,-4.74,5.96957432402216));
#6009=CARTESIAN_POINT('',(2.82866266922553,-4.74,6.07857997043912));
#6010=CARTESIAN_POINT('',(3.05563115150557,-4.74,6.06428235276038));
#6011=CARTESIAN_POINT('',(3.15807157593399,-4.74,5.82673075595107));
#6012=CARTESIAN_POINT('',(3.02617287832981,-4.74,5.6914461555274));
#6013=CARTESIAN_POINT('',(2.90030839714295,-4.74,5.69134649875851));
#6014=CARTESIAN_POINT('',(2.48790070266538,-4.74,5.28059209572618));
#6015=CARTESIAN_POINT('',(3.20234783725247,-4.74,5.61325804624214));
#6016=CARTESIAN_POINT('',(3.27004018751201,-4.74,5.57272603058635));
#6017=CARTESIAN_POINT('',(3.40111508774052,-4.74,5.47468722271299));
#6018=CARTESIAN_POINT('',(3.44402885807716,-4.74,5.2269489200567));
#6019=CARTESIAN_POINT('',(3.35219961969372,-4.74,4.99998385043357));
#6020=CARTESIAN_POINT('',(3.08348441416517,-4.74,4.81945939047773));
#6021=CARTESIAN_POINT('',(2.74190676160647,-4.74,4.82912063175226));
#6022=CARTESIAN_POINT('',(2.50966357409501,-4.74,5.04769801145976));
#6023=CARTESIAN_POINT('',(2.45083415736891,-4.74,5.20828671918771));
#6024=CARTESIAN_POINT('',(2.48746690549947,-4.74,5.28081638179404));
#6025=CARTESIAN_POINT('',(2.48747349166343,-4.745,5.28087252962857));
#6026=CARTESIAN_POINT('',(2.48748007782739,-4.74,5.28092867746309));
#6027=CARTESIAN_POINT('',(2.51178782200772,-4.74,5.3118639207539));
#6028=CARTESIAN_POINT('',(2.58892732103059,-4.74,5.358520350359));
#6029=CARTESIAN_POINT('',(2.68847695610153,-4.74,5.28326949744168));
#6030=CARTESIAN_POINT('',(2.71335881139727,-4.74,5.16602864130993));
#6031=CARTESIAN_POINT('',(2.80671456413763,-4.74,5.03498777351305));
#6032=CARTESIAN_POINT('',(3.02052027548758,-4.74,4.99810235130749));
#6033=CARTESIAN_POINT('',(3.19654571645406,-4.74,5.18910387785911));
#6034=CARTESIAN_POINT('',(3.16636829625109,-4.74,5.40708665726445));
#6035=CARTESIAN_POINT('',(3.03246709414774,-4.74,5.49957818520782));
#6036=CARTESIAN_POINT('',(2.91529924572248,-4.74,5.50834201785648));
#6037=CARTESIAN_POINT('',(2.79339971114037,-4.74,5.47924664497835));
#6038=CARTESIAN_POINT('',(2.69891936031445,-4.74,5.5804300853054));
#6039=CARTESIAN_POINT('',(2.77868083095506,-4.74,5.69334188226845));
#6040=CARTESIAN_POINT('',(2.86147282010336,-4.74,5.69038231667405));
#6041=CARTESIAN_POINT('',(2.90023794782692,-4.74,5.69182311018016));
#6042=CARTESIAN_POINT('',(50.7905005739034,-4.74499999999918,17.3937973574631));
#6043=CARTESIAN_POINT('',(7.69504823151125,-4.75,3.26254915026188));
#6044=CARTESIAN_POINT('',(7.71410473590936,-4.75,3.20191481808609));
#6045=CARTESIAN_POINT('',(7.75676416784634,-4.75,3.06975093552575));
#6046=CARTESIAN_POINT('',(7.87832609798544,-4.75,2.71205925007261));
#6047=CARTESIAN_POINT('',(7.94932735889372,-4.75,2.50677386091261));
#6048=CARTESIAN_POINT('',(8.00115755627009,-4.75,2.35592535604966));
#6049=CARTESIAN_POINT('',(7.69504823151125,-4.75,3.26254915026188));
#6050=CARTESIAN_POINT('',(8.00115755627009,-4.75,2.35592535604966));
#6051=CARTESIAN_POINT('',(7.69423473892988,-4.75,3.26228240133695));
#6052=CARTESIAN_POINT('',(7.69423473892988,-4.74666666666667,3.26228240133695));
#6053=CARTESIAN_POINT('',(7.69423473892988,-4.74333333333333,3.26228240133694));
#6054=CARTESIAN_POINT('',(7.69423473892988,-4.74,3.26228240133694));
#6055=CARTESIAN_POINT('',(7.69504823151125,-4.74,3.26254915026188));
#6056=CARTESIAN_POINT('',(8.00115755627009,-4.74,2.35592535604966));
#6057=CARTESIAN_POINT('',(8.00058898668768,-4.74,2.35760932537168));
#6058=CARTESIAN_POINT('',(7.97904223259348,-4.74,2.42032705511892));
#6059=CARTESIAN_POINT('',(7.91905008463184,-4.74,2.59502195589313));
#6060=CARTESIAN_POINT('',(7.8381750885323,-4.74,2.83020334286382));
#6061=CARTESIAN_POINT('',(7.80241646281226,-4.74,2.93504661788685));
#6062=CARTESIAN_POINT('',(7.74638638578849,-4.74,3.10209335371653));
#6063=CARTESIAN_POINT('',(7.71423554335921,-4.74,3.20149861256381));
#6064=CARTESIAN_POINT('',(7.69504823151125,-4.74,3.26254915026188));
#6065=CARTESIAN_POINT('',(8.00115755627009,-4.74,2.35592535604966));
#6066=CARTESIAN_POINT('',(8.0019649227283,-4.74,2.35620909664018));
#6067=CARTESIAN_POINT('',(8.0019649227283,-4.74333333333333,2.35620909664018));
#6068=CARTESIAN_POINT('',(8.00196492272829,-4.74666666666667,2.35620909664018));
#6069=CARTESIAN_POINT('',(8.00196492272829,-4.75,2.35620909664018));
#6070=CARTESIAN_POINT('',(8.0011575562701,-4.74,2.35592535604966));
#6071=CARTESIAN_POINT('',(8.0011575562701,-4.75,2.35592535604966));
#6072=CARTESIAN_POINT('',(8.03307966655641,-4.74,2.45057161286347));
#6073=CARTESIAN_POINT('',(8.03307966655641,-4.75,2.45057161286347));
#6074=CARTESIAN_POINT('',(8.09712693508216,-4.74000000000001,2.63899300144066));
#6075=CARTESIAN_POINT('',(8.09712693508216,-4.75000000000001,2.63899300144066));
#6076=CARTESIAN_POINT('',(8.19197955015207,-4.74,2.92685183460898));
#6077=CARTESIAN_POINT('',(8.19197955015207,-4.75,2.92685183460898));
#6078=CARTESIAN_POINT('',(8.27457673522319,-4.74000000000001,3.15148950720018));
#6079=CARTESIAN_POINT('',(8.27457673522319,-4.75000000000001,3.15148950720018));
#6080=CARTESIAN_POINT('',(8.3327356131086,-4.74,3.36517352223965));
#6081=CARTESIAN_POINT('',(8.3327356131086,-4.75,3.36517352223965));
#6082=CARTESIAN_POINT('',(8.41664733771103,-4.74,3.47102066620793));
#6083=CARTESIAN_POINT('',(8.41664733771103,-4.75,3.47102066620793));
#6084=CARTESIAN_POINT('',(8.60812645501722,-4.74,3.39514662433428));
#6085=CARTESIAN_POINT('',(8.60812645501722,-4.75,3.39514662433428));
#6086=CARTESIAN_POINT('',(8.5764971137308,-4.74,3.23101848668507));
#6087=CARTESIAN_POINT('',(8.5764971137308,-4.75,3.23101848668507));
#6088=CARTESIAN_POINT('',(8.520584154805,-4.74,3.09630560278539));
#6089=CARTESIAN_POINT('',(8.520584154805,-4.75,3.09630560278539));
#6090=CARTESIAN_POINT('',(8.45420576392934,-4.74000000000001,2.90649413813464));
#6091=CARTESIAN_POINT('',(8.45420576392934,-4.75000000000001,2.90649413813464));
#6092=CARTESIAN_POINT('',(8.36550494794098,-4.74,2.67353017748507));
#6093=CARTESIAN_POINT('',(8.36550494794098,-4.75,2.67353017748507));
#6094=CARTESIAN_POINT('',(8.27848197680889,-4.74,2.43999636621681));
#6095=CARTESIAN_POINT('',(8.27848197680889,-4.75,2.43999636621681));
#6096=CARTESIAN_POINT('',(8.20716185023999,-4.74,2.25189331570534));
#6097=CARTESIAN_POINT('',(8.20716185023999,-4.75,2.25189331570534));
#6098=CARTESIAN_POINT('',(8.16099382902511,-4.74,2.10577631298001));
#6099=CARTESIAN_POINT('',(8.16099382902511,-4.75,2.10577631298001));
#6100=CARTESIAN_POINT('',(8.02947595121134,-4.74,2.02450837076573));
#6101=CARTESIAN_POINT('',(8.02947595121134,-4.75,2.02450837076573));
#6102=CARTESIAN_POINT('',(7.86198571009034,-4.74,2.06165729374674));
#6103=CARTESIAN_POINT('',(7.86198571009034,-4.75,2.06165729374674));
#6104=CARTESIAN_POINT('',(7.79486240479137,-4.74,2.20271200233187));
#6105=CARTESIAN_POINT('',(7.79486240479137,-4.75,2.20271200233187));
#6106=CARTESIAN_POINT('',(7.73287392343097,-4.74,2.3907986290012));
#6107=CARTESIAN_POINT('',(7.73287392343097,-4.75,2.3907986290012));
#6108=CARTESIAN_POINT('',(7.64677977901101,-4.74,2.62635321495529));
#6109=CARTESIAN_POINT('',(7.64677977901101,-4.75,2.62635321495529));
#6110=CARTESIAN_POINT('',(7.56012320867372,-4.74,2.85929992732302));
#6111=CARTESIAN_POINT('',(7.56012320867372,-4.75,2.85929992732302));
#6112=CARTESIAN_POINT('',(7.48873681541447,-4.74,3.0480362224209));
#6113=CARTESIAN_POINT('',(7.48873681541447,-4.75,3.0480362224209));
#6114=CARTESIAN_POINT('',(7.44099668782811,-4.74,3.18376966625641));
#6115=CARTESIAN_POINT('',(7.44099668782811,-4.75,3.18376966625641));
#6116=CARTESIAN_POINT('',(7.37416201757278,-4.74,3.34202913546422));
#6117=CARTESIAN_POINT('',(7.37416201757278,-4.75,3.34202913546422));
#6118=CARTESIAN_POINT('',(7.49789939643441,-4.74,3.4703099156147));
#6119=CARTESIAN_POINT('',(7.49789939643441,-4.75,3.4703099156147));
#6120=CARTESIAN_POINT('',(7.65785002661981,-4.74,3.41098694905448));
#6121=CARTESIAN_POINT('',(7.65785002661981,-4.75,3.41098694905448));
#6122=CARTESIAN_POINT('',(7.67521466418212,-4.74,3.32565595540004));
#6123=CARTESIAN_POINT('',(7.67521466418212,-4.75,3.32565595540004));
#6124=CARTESIAN_POINT('',(7.69504823151125,-4.74,3.26254915026188));
#6125=CARTESIAN_POINT('',(7.69504823151125,-4.75,3.26254915026188));
#6126=CARTESIAN_POINT('',(8.0011575562701,-4.75,2.35592535604966));
#6127=CARTESIAN_POINT('',(8.03309536134018,-4.75,2.45061814652062));
#6128=CARTESIAN_POINT('',(8.08029549769941,-4.75,2.59053603471789));
#6129=CARTESIAN_POINT('',(8.13777352460139,-4.75,2.76101488595509));
#6130=CARTESIAN_POINT('',(8.16713822506825,-4.75,2.84798193592339));
#6131=CARTESIAN_POINT('',(8.19359471239426,-4.75,2.9266703727099));
#6132=CARTESIAN_POINT('',(8.1961725266406,-4.75,2.933805632735));
#6133=CARTESIAN_POINT('',(8.22622055963424,-4.75,3.01937036755219));
#6134=CARTESIAN_POINT('',(8.23841144835674,-4.75,3.05364572455443));
#6135=CARTESIAN_POINT('',(8.27035227518579,-4.75,3.14891520059698));
#6136=CARTESIAN_POINT('',(8.28000405144488,-4.75,3.17965348884712));
#6137=CARTESIAN_POINT('',(8.30729189890282,-4.75,3.27006568207756));
#6138=CARTESIAN_POINT('',(8.31111440685422,-4.75,3.28356602765155));
#6139=CARTESIAN_POINT('',(8.34981187536583,-4.75,3.39268905822149));
#6140=CARTESIAN_POINT('',(8.4155277484732,-4.75,3.46747652490097));
#6141=CARTESIAN_POINT('',(8.60867172433279,-4.75,3.39676514691618));
#6142=CARTESIAN_POINT('',(8.58097497547742,-4.75,3.25620130587305));
#6143=CARTESIAN_POINT('',(8.5498602316468,-4.75,3.16724770697526));
#6144=CARTESIAN_POINT('',(8.51633728301669,-4.75,3.0817397267569));
#6145=CARTESIAN_POINT('',(8.51442473088552,-4.75,3.07598128812111));
#6146=CARTESIAN_POINT('',(8.46139481438866,-4.75,2.92924881661806));
#6147=CARTESIAN_POINT('',(8.46250705049186,-4.75,2.93242561925615));
#6148=CARTESIAN_POINT('',(8.43797478573176,-4.75,2.86569516959836));
#6149=CARTESIAN_POINT('',(8.40246048452039,-4.75,2.77050248460266));
#6150=CARTESIAN_POINT('',(8.34461172707476,-4.75,2.61615932874126));
#6151=CARTESIAN_POINT('',(8.25207500922499,-4.75,2.37030676680759));
#6152=CARTESIAN_POINT('',(8.21713669503223,-4.75,2.27821714847927));
#6153=CARTESIAN_POINT('',(8.18388553467286,-4.75,2.17830786907095));
#6154=CARTESIAN_POINT('',(8.13916818350985,-4.75,2.09258237611466));
#6155=CARTESIAN_POINT('',(8.02959146892653,-4.75,2.02398661559105));
#6156=CARTESIAN_POINT('',(7.88946019634458,-4.75,2.0566803519369));
#6157=CARTESIAN_POINT('',(7.82919395097649,-4.75,2.13010281743765));
#6158=CARTESIAN_POINT('',(7.79449976574922,-4.75,2.21065015605078));
#6159=CARTESIAN_POINT('',(7.78261335905353,-4.75,2.24357883376732));
#6160=CARTESIAN_POINT('',(7.74358688546838,-4.75,2.35581780982825));
#6161=CARTESIAN_POINT('',(7.72982194461157,-4.75,2.39599028196984));
#6162=CARTESIAN_POINT('',(7.69721498452711,-4.75,2.48787553052309));
#6163=CARTESIAN_POINT('',(7.62404361706382,-4.75,2.68798097733738));
#6164=CARTESIAN_POINT('',(7.56103005839635,-4.75,2.85695668901038));
#6165=CARTESIAN_POINT('',(7.48850104036981,-4.75,3.04837728449089));
#6166=CARTESIAN_POINT('',(7.44107775132006,-4.75,3.18363765018174));
#6167=CARTESIAN_POINT('',(7.37407353864967,-4.75,3.3422161376929));
#6168=CARTESIAN_POINT('',(7.4981722486349,-4.75,3.46969392277465));
#6169=CARTESIAN_POINT('',(7.65684709674094,-4.75,3.41326391818599));
#6170=CARTESIAN_POINT('',(7.67737293243248,-4.75,3.32075368931988));
#6171=CARTESIAN_POINT('',(7.69504823151125,-4.75,3.26254915026188));
#6172=CARTESIAN_POINT('',(7.69504823151125,-4.74,3.26254915026188));
#6173=CARTESIAN_POINT('',(7.67648498526207,-4.74,3.32161402469109));
#6174=CARTESIAN_POINT('',(7.65461341421066,-4.74,3.38591121461644));
#6175=CARTESIAN_POINT('',(7.59008089083332,-4.74,3.44823405261161));
#6176=CARTESIAN_POINT('',(7.46806471872541,-4.74,3.44130446990052));
#6177=CARTESIAN_POINT('',(7.41044266544918,-4.74,3.38644399420485));
#6178=CARTESIAN_POINT('',(7.40470300887507,-4.74,3.29166207066149));
#6179=CARTESIAN_POINT('',(7.45083484131355,-4.74,3.14364332477558));
#6180=CARTESIAN_POINT('',(7.48618534455199,-4.74,3.06175978098925));
#6181=CARTESIAN_POINT('',(7.557867246488,-4.74,2.86478770529965));
#6182=CARTESIAN_POINT('',(7.62584460607228,-4.74,2.68220588107577));
#6183=CARTESIAN_POINT('',(7.70530700923415,-4.74,2.46743770250654));
#6184=CARTESIAN_POINT('',(7.7374958989676,-4.74,2.36423858823425));
#6185=CARTESIAN_POINT('',(7.8314922404341,-4.74,2.13844829960667));
#6186=CARTESIAN_POINT('',(7.85193195239925,-4.74,2.07810321617162));
#6187=CARTESIAN_POINT('',(8.00287294734407,-4.74,2.0321741891881));
#6188=CARTESIAN_POINT('',(8.09488397628123,-4.74,2.05919936112193));
#6189=CARTESIAN_POINT('',(8.15701560205985,-4.74,2.12569239354395));
#6190=CARTESIAN_POINT('',(8.15766673303118,-4.74,2.13753800309338));
#6191=CARTESIAN_POINT('',(8.18634297321663,-4.74,2.19948170276195));
#6192=CARTESIAN_POINT('',(8.21586562455606,-4.74,2.27474746503335));
#6193=CARTESIAN_POINT('',(8.26544387526864,-4.74,2.40569388698112));
#6194=CARTESIAN_POINT('',(8.2854196705378,-4.74,2.45966260782742));
#6195=CARTESIAN_POINT('',(8.32246649364365,-4.74,2.55868575506538));
#6196=CARTESIAN_POINT('',(8.36480560569431,-4.74,2.67187854845312));
#6197=CARTESIAN_POINT('',(8.41918829502098,-4.74,2.81787329941062));
#6198=CARTESIAN_POINT('',(8.46580729607404,-4.74,2.94008188370802));
#6199=CARTESIAN_POINT('',(8.54009355961487,-4.74,3.14720133960682));
#6200=CARTESIAN_POINT('',(8.56469636893753,-4.74,3.1972377505468));
#6201=CARTESIAN_POINT('',(8.59287735636219,-4.74,3.32329486802436));
#6202=CARTESIAN_POINT('',(8.5755530799595,-4.74,3.40120471224459));
#6203=CARTESIAN_POINT('',(8.4197611773304,-4.74,3.47924737525213));
#6204=CARTESIAN_POINT('',(8.33803957052425,-4.74,3.36472217150369));
#6205=CARTESIAN_POINT('',(8.32592966001024,-4.74,3.31596324930621));
#6206=CARTESIAN_POINT('',(8.27267068118786,-4.74,3.1626008899344));
#6207=CARTESIAN_POINT('',(8.24316380196176,-4.74,3.07290075466824));
#6208=CARTESIAN_POINT('',(8.17522944684548,-4.74,2.87235275812216));
#6209=CARTESIAN_POINT('',(8.09746923840152,-4.74,2.64136485754688));
#6210=CARTESIAN_POINT('',(8.0330796665564,-4.74,2.45057161286347));
#6211=CARTESIAN_POINT('',(8.00115755627009,-4.74,2.35592535604966));
#6212=CARTESIAN_POINT('',(8.26051013269473,-4.74,2.39286427013087));
#6213=CARTESIAN_POINT('',(6.79922829581993,-4.74,2.52338516312362));
#6214=CARTESIAN_POINT('',(6.79922829581993,-4.75,2.52338516312362));
#6215=CARTESIAN_POINT('',(6.75391211146838,-4.75,2.48046983622115));
#6216=CARTESIAN_POINT('',(6.70859592711683,-4.75,2.43755450931869));
#6217=CARTESIAN_POINT('',(6.66327974276527,-4.75,2.39463918241622));
#6218=CARTESIAN_POINT('',(6.79922829581993,-4.75,2.52338516312362));
#6219=CARTESIAN_POINT('',(6.66327970018113,-4.745,2.39463902481057));
#6220=CARTESIAN_POINT('',(6.79922829581993,-4.75,2.52338516312362));
#6221=CARTESIAN_POINT('',(6.79922829581993,-4.74666666666667,2.52338516312362));
#6222=CARTESIAN_POINT('',(6.79922829581993,-4.74333333333333,2.52338516312362));
#6223=CARTESIAN_POINT('',(6.79922829581993,-4.74,2.52338516312362));
#6224=CARTESIAN_POINT('',(6.79922826090598,-4.74,2.52338489984347));
#6225=CARTESIAN_POINT('',(6.79922829581993,-4.74,2.52338516312362));
#6226=CARTESIAN_POINT('',(6.75391211146838,-4.74,2.48046983622115));
#6227=CARTESIAN_POINT('',(6.70859592711683,-4.74,2.43755450931869));
#6228=CARTESIAN_POINT('',(6.66327974276527,-4.74,2.39463918241622));
#6229=CARTESIAN_POINT('',(18.3725256302507,-4.74200000000013,9.27138994322682));
#6230=CARTESIAN_POINT('',(7.02160475272659,-4.75,2.15785915561698));
#6231=CARTESIAN_POINT('',(6.99053556696316,-4.75,2.2054340451792));
#6232=CARTESIAN_POINT('',(6.90479794446698,-4.75,2.34558437149689));
#6233=CARTESIAN_POINT('',(6.83580819959513,-4.75,2.46214942608803));
#6234=CARTESIAN_POINT('',(6.79922829581993,-4.75,2.52338516312362));
#6235=CARTESIAN_POINT('',(7.02136204948624,-4.74999975,2.15770065620417));
#6236=CARTESIAN_POINT('',(7.02111637982071,-4.74999975,2.15754669913962));
#6237=CARTESIAN_POINT('',(7.02111637982071,-4.74666658333333,2.15754669913962));
#6238=CARTESIAN_POINT('',(7.02111637982071,-4.74333341666667,2.15754669913962));
#6239=CARTESIAN_POINT('',(7.02111637982071,-4.74000025,2.15754669913963));
#6240=CARTESIAN_POINT('',(7.02136204948624,-4.74000025,2.15770065620417));
#6241=CARTESIAN_POINT('',(6.79922840329267,-4.74,2.52338498646185));
#6242=CARTESIAN_POINT('',(6.79964298470891,-4.74,2.52270348131855));
#6243=CARTESIAN_POINT('',(6.81384602586556,-4.74,2.49904815804473));
#6244=CARTESIAN_POINT('',(6.94980515590589,-4.74,2.27085011914413));
#6245=CARTESIAN_POINT('',(6.99032299493623,-4.74,2.20575954473568));
#6246=CARTESIAN_POINT('',(7.02160475272241,-4.74,2.15785915562324));
#6247=CARTESIAN_POINT('',(6.9675884244373,-4.74,2.69174529174098));
#6248=CARTESIAN_POINT('',(6.9675884244373,-4.75,2.69174529174098));
#6249=CARTESIAN_POINT('',(7.01222058303386,-4.74,2.62160904251781));
#6250=CARTESIAN_POINT('',(7.01222058303386,-4.75,2.62160904251781));
#6251=CARTESIAN_POINT('',(7.07995296097526,-4.74,2.51430182173571));
#6252=CARTESIAN_POINT('',(7.07995296097526,-4.75,2.51430182173571));
#6253=CARTESIAN_POINT('',(7.16712623804423,-4.74000000000001,2.37963691514897));
#6254=CARTESIAN_POINT('',(7.16712623804423,-4.75000000000001,2.37963691514897));
#6255=CARTESIAN_POINT('',(7.22814403660032,-4.74,2.27794762397103));
#6256=CARTESIAN_POINT('',(7.22814403660032,-4.75,2.27794762397103));
#6257=CARTESIAN_POINT('',(7.26913316973408,-4.74,2.22422622389326));
#6258=CARTESIAN_POINT('',(7.26913316973408,-4.75,2.22422622389326));
#6259=CARTESIAN_POINT('',(7.28790835609195,-4.74000000000001,2.10979500345122));
#6260=CARTESIAN_POINT('',(7.28790835609195,-4.75000000000001,2.10979500345122));
#6261=CARTESIAN_POINT('',(7.21852137273331,-4.74,2.03335183830332));
#6262=CARTESIAN_POINT('',(7.21852137273331,-4.75,2.03335183830332));
#6263=CARTESIAN_POINT('',(7.07968766413893,-4.74,2.04806567231396));
#6264=CARTESIAN_POINT('',(7.07968766413893,-4.75,2.04806567231396));
#6265=CARTESIAN_POINT('',(7.05327169490321,-4.74,2.10936915039954));
#6266=CARTESIAN_POINT('',(7.05327169490321,-4.75,2.10936915039954));
#6267=CARTESIAN_POINT('',(7.0216077170418,-4.74,2.15785461649982));
#6268=CARTESIAN_POINT('',(7.0216077170418,-4.75,2.15785461649982));
#6269=CARTESIAN_POINT('',(6.9677531499229,-4.75,2.69148643477676));
#6270=CARTESIAN_POINT('',(7.01279327575527,-4.75,2.62070769769321));
#6271=CARTESIAN_POINT('',(7.08059613604282,-4.75,2.51332929290782));
#6272=CARTESIAN_POINT('',(7.16989862839846,-4.75,2.3749162285493));
#6273=CARTESIAN_POINT('',(7.22789824295201,-4.75,2.27842605526427));
#6274=CARTESIAN_POINT('',(7.26926179241846,-4.75,2.22396096206935));
#6275=CARTESIAN_POINT('',(7.28776975740928,-4.75,2.10981703491709));
#6276=CARTESIAN_POINT('',(7.21900086618854,-4.75,2.03247728491148));
#6277=CARTESIAN_POINT('',(7.10118558036455,-4.75,2.0480967610266));
#6278=CARTESIAN_POINT('',(7.06265177119665,-4.75,2.08979702749088));
#6279=CARTESIAN_POINT('',(7.03127990499564,-4.75,2.14304407869551));
#6280=CARTESIAN_POINT('',(7.0216077170418,-4.75,2.15785461649982));
#6281=CARTESIAN_POINT('',(6.96775897965804,-4.745,2.69149014453502));
#6282=CARTESIAN_POINT('',(7.02154790193216,-4.74,2.15781601080231));
#6283=CARTESIAN_POINT('',(7.05630166116166,-4.74,2.10396905640183));
#6284=CARTESIAN_POINT('',(7.07681371856535,-4.74,2.04942285583157));
#6285=CARTESIAN_POINT('',(7.23440869492286,-4.74,2.03012018072236));
#6286=CARTESIAN_POINT('',(7.29911267336505,-4.74,2.16066015832231));
#6287=CARTESIAN_POINT('',(7.23460668897003,-4.74,2.27484150846674));
#6288=CARTESIAN_POINT('',(7.16677897218512,-4.74,2.37661030261093));
#6289=CARTESIAN_POINT('',(7.07807382638961,-4.74,2.51690219458226));
#6290=CARTESIAN_POINT('',(7.01170428264395,-4.74,2.62143526272259));
#6291=CARTESIAN_POINT('',(6.96772750158689,-4.74,2.69147037867579));
#6292=CARTESIAN_POINT('',(7.23773922774117,-4.74,2.26681977669031));
#6293=CARTESIAN_POINT('',(7.0644418555967,-4.74,3.06504631706809));
#6294=CARTESIAN_POINT('',(7.11175624529842,-4.74,3.07203914815874));
#6295=CARTESIAN_POINT('',(7.2234640958168,-4.74,3.03645161236701));
#6296=CARTESIAN_POINT('',(7.18222241039007,-4.74,2.87505185991686));
#6297=CARTESIAN_POINT('',(7.06842038162394,-4.74,2.78967775104046));
#6298=CARTESIAN_POINT('',(7.00216623733184,-4.74,2.72339949201104));
#6299=CARTESIAN_POINT('',(6.96779751971093,-4.74,2.69151995525047));
#6300=CARTESIAN_POINT('',(7.06411988689456,-4.745,3.06499873397346));
#6301=CARTESIAN_POINT('',(6.66356393906664,-4.74,2.67561342270343));
#6302=CARTESIAN_POINT('',(6.79279224665144,-4.74,2.80979898573839));
#6303=CARTESIAN_POINT('',(6.901219453561,-4.74,2.96504744610969));
#6304=CARTESIAN_POINT('',(7.06389267778473,-4.74,3.06536716441857));
#6305=CARTESIAN_POINT('',(6.66356375898318,-4.745,2.67561359613401));
#6306=CARTESIAN_POINT('',(6.66356350889295,-4.74,2.67561359587364));
#6307=CARTESIAN_POINT('',(6.66343918359967,-4.74,2.79520367203241));
#6308=CARTESIAN_POINT('',(6.66316001882683,-4.74,2.94441371706061));
#6309=CARTESIAN_POINT('',(6.66278665367564,-4.74,3.05821600344154));
#6310=CARTESIAN_POINT('',(6.66242881099445,-4.74,3.11456097108385));
#6311=CARTESIAN_POINT('',(6.66244807681624,-4.74,3.12900095251457));
#6312=CARTESIAN_POINT('',(6.66128269922429,-4.74,3.21166155437414));
#6313=CARTESIAN_POINT('',(6.66154163199126,-4.74,3.24791933109907));
#6314=CARTESIAN_POINT('',(6.65586023649802,-4.74,3.33539514895271));
#6315=CARTESIAN_POINT('',(6.65237717797921,-4.74,3.38261706594408));
#6316=CARTESIAN_POINT('',(6.56251308860994,-4.74,3.46545418978629));
#6317=CARTESIAN_POINT('',(6.48817259038482,-4.74,3.43880719924312));
#6318=CARTESIAN_POINT('',(6.45404819439215,-4.74,3.4101012712644));
#6319=CARTESIAN_POINT('',(6.45426060404223,-4.74496802171877,3.40984876764373));
#6320=CARTESIAN_POINT('',(6.45277685272674,-4.74,3.40833664867294));
#6321=CARTESIAN_POINT('',(6.4303261028048,-4.74,3.38389461779731));
#6322=CARTESIAN_POINT('',(6.41125102027,-4.74,3.29498691725214));
#6323=CARTESIAN_POINT('',(6.41464324690668,-4.74,3.29479137937054));
#6324=CARTESIAN_POINT('',(6.41314841743111,-4.74,3.24251610162892));
#6325=CARTESIAN_POINT('',(6.4132034047972,-4.74,3.15289391712717));
#6326=CARTESIAN_POINT('',(6.41293028666133,-4.74,2.91967245541192));
#6327=CARTESIAN_POINT('',(6.41301757074397,-4.74,2.83458734170123));
#6328=CARTESIAN_POINT('',(6.41291621315104,-4.74,2.67001775700417));
#6329=CARTESIAN_POINT('',(6.41352153338702,-4.74,2.47738565424252));
#6330=CARTESIAN_POINT('',(6.41147095517665,-4.74,2.29633749706232));
#6331=CARTESIAN_POINT('',(6.41564114820607,-4.74,2.10872459624973));
#6332=CARTESIAN_POINT('',(6.475287994224,-4.74,2.03662241150327));
#6333=CARTESIAN_POINT('',(6.61802191987389,-4.74,2.04894201276543));
#6334=CARTESIAN_POINT('',(6.66465219034441,-4.74,2.14337778654764));
#6335=CARTESIAN_POINT('',(6.66288761488552,-4.74,2.28391468583992));
#6336=CARTESIAN_POINT('',(6.66327974276527,-4.74,2.35592408998268));
#6337=CARTESIAN_POINT('',(6.66327974276527,-4.74,2.39463902481057));
#6338=CARTESIAN_POINT('',(5.4977647275441,-4.74,2.33364692071695));
#6339=CARTESIAN_POINT('',(5.4977647275441,-4.75,2.33364692071695));
#6340=CARTESIAN_POINT('',(5.71069560634097,-4.74,2.18289357844692));
#6341=CARTESIAN_POINT('',(5.71069560634097,-4.75,2.18289357844692));
#6342=CARTESIAN_POINT('',(5.92551455696643,-4.74,2.28780242255885));
#6343=CARTESIAN_POINT('',(5.92551455696643,-4.75,2.28780242255885));
#6344=CARTESIAN_POINT('',(5.97182923513652,-4.74,2.5682940549994));
#6345=CARTESIAN_POINT('',(5.97182923513652,-4.75,2.5682940549994));
#6346=CARTESIAN_POINT('',(5.85974872925687,-4.74,2.76798955926115));
#6347=CARTESIAN_POINT('',(5.85974872925687,-4.75,2.76798955926115));
#6348=CARTESIAN_POINT('',(5.67079074582922,-4.74,2.78719038402361));
#6349=CARTESIAN_POINT('',(5.67079074582922,-4.75,2.78719038402361));
#6350=CARTESIAN_POINT('',(5.49468074809205,-4.74,2.64674238935009));
#6351=CARTESIAN_POINT('',(5.49468074809205,-4.75,2.64674238935009));
#6352=CARTESIAN_POINT('',(5.4977647275441,-4.74,2.33364692071695));
#6353=CARTESIAN_POINT('',(5.4977647275441,-4.75,2.33364692071695));
#6354=CARTESIAN_POINT('',(5.71069560634097,-4.74,2.18289357844692));
#6355=CARTESIAN_POINT('',(5.71069560634097,-4.75,2.18289357844692));
#6356=CARTESIAN_POINT('',(5.92551455696643,-4.74,2.28780242255885));
#6357=CARTESIAN_POINT('',(5.92551455696643,-4.75,2.28780242255885));
#6358=CARTESIAN_POINT('',(5.91750935905237,-4.74,2.28317404229952));
#6359=CARTESIAN_POINT('',(5.73766375439691,-4.74,2.19807892304189));
#6360=CARTESIAN_POINT('',(5.5722361653877,-4.74,2.27197372489082));
#6361=CARTESIAN_POINT('',(5.48697156138949,-4.74,2.46396582542232));
#6362=CARTESIAN_POINT('',(5.53109248238033,-4.74,2.69819429246891));
#6363=CARTESIAN_POINT('',(5.70498029380095,-4.74,2.79519825857183));
#6364=CARTESIAN_POINT('',(5.88783423003879,-4.74,2.74263789496808));
#6365=CARTESIAN_POINT('',(5.96997720561196,-4.74,2.53508140243666));
#6366=CARTESIAN_POINT('',(5.91750935905237,-4.74,2.28317404229952));
#6367=CARTESIAN_POINT('',(5.73766375439691,-4.74,2.19807892304189));
#6368=CARTESIAN_POINT('',(5.5722361653877,-4.74,2.27197372489082));
#6369=CARTESIAN_POINT('',(5.73414790996784,-4.74,2.22447841071204));
#6370=CARTESIAN_POINT('',(5.22996784565916,-4.74,2.7043497933487));
#6371=CARTESIAN_POINT('',(5.22996784565916,-4.75,2.7043497933487));
#6372=CARTESIAN_POINT('',(5.22996784565916,-4.74,2.83857965902485));
#6373=CARTESIAN_POINT('',(5.22996784565916,-4.75,2.83857965902485));
#6374=CARTESIAN_POINT('',(5.26483306804072,-4.74,3.07402467443827));
#6375=CARTESIAN_POINT('',(5.26483306804072,-4.75,3.07402467443827));
#6376=CARTESIAN_POINT('',(5.39648770346655,-4.74000000000001,3.33400111469098));
#6377=CARTESIAN_POINT('',(5.39648770346655,-4.75000000000001,3.33400111469098));
#6378=CARTESIAN_POINT('',(5.67428341415751,-4.74,3.44542508163725));
#6379=CARTESIAN_POINT('',(5.67428341415751,-4.75000000000001,3.44542508163725));
#6380=CARTESIAN_POINT('',(5.90701942804618,-4.74,3.41536650916904));
#6381=CARTESIAN_POINT('',(5.90701942804618,-4.75,3.41536650916904));
#6382=CARTESIAN_POINT('',(6.05275376318098,-4.74,3.33180772297289));
#6383=CARTESIAN_POINT('',(6.05275376318098,-4.75,3.33180772297289));
#6384=CARTESIAN_POINT('',(6.16438150044837,-4.74,3.18226447133616));
#6385=CARTESIAN_POINT('',(6.16438150044837,-4.75,3.18226447133616));
#6386=CARTESIAN_POINT('',(6.09877032271419,-4.74,3.00158224608304));
#6387=CARTESIAN_POINT('',(6.09877032271419,-4.75000000000001,3.00158224608304));
#6388=CARTESIAN_POINT('',(5.93018251896438,-4.74,3.06776041362334));
#6389=CARTESIAN_POINT('',(5.93018251896438,-4.75,3.06776041362334));
#6390=CARTESIAN_POINT('',(5.90250163164309,-4.74,3.17806589916813));
#6391=CARTESIAN_POINT('',(5.90250163164309,-4.75,3.17806589916813));
#6392=CARTESIAN_POINT('',(5.82448274571344,-4.74,3.24672503577413));
#6393=CARTESIAN_POINT('',(5.82448274571344,-4.75,3.24672503577413));
#6394=CARTESIAN_POINT('',(5.68488819263008,-4.74,3.27290806321076));
#6395=CARTESIAN_POINT('',(5.68488819263008,-4.75,3.27290806321076));
#6396=CARTESIAN_POINT('',(5.53279496505404,-4.74,3.12857282028232));
#6397=CARTESIAN_POINT('',(5.53279496505404,-4.75,3.12857282028232));
#6398=CARTESIAN_POINT('',(5.50794083441721,-4.74,3.01538453814729));
#6399=CARTESIAN_POINT('',(5.50794083441721,-4.75,3.01538453814729));
#6400=CARTESIAN_POINT('',(5.4885086306191,-4.74,2.87776317765376));
#6401=CARTESIAN_POINT('',(5.4885086306191,-4.75,2.87776317765376));
#6402=CARTESIAN_POINT('',(5.48475884244373,-4.74,2.80068419849339));
#6403=CARTESIAN_POINT('',(5.48475884244373,-4.75,2.80068419849339));
#6404=CARTESIAN_POINT('',(5.22996784565916,-4.75,2.7043497933487));
#6405=CARTESIAN_POINT('',(5.22996784565916,-4.75,2.83540749425632));
#6406=CARTESIAN_POINT('',(5.26483305676963,-4.75,3.07549953326738));
#6407=CARTESIAN_POINT('',(5.39648765706092,-4.75,3.33359707466622));
#6408=CARTESIAN_POINT('',(5.67428325320301,-4.75,3.44547520792532));
#6409=CARTESIAN_POINT('',(5.90701926168816,-4.75,3.41535707301205));
#6410=CARTESIAN_POINT('',(6.0527535989703,-4.75,3.33181055707728));
#6411=CARTESIAN_POINT('',(6.16438140929717,-4.75,3.18226339787148));
#6412=CARTESIAN_POINT('',(6.09877068206273,-4.75,3.00158489328759));
#6413=CARTESIAN_POINT('',(5.93018243385663,-4.75,3.06775330300913));
#6414=CARTESIAN_POINT('',(5.90250219095398,-4.75,3.17807748785584));
#6415=CARTESIAN_POINT('',(5.82448008378458,-4.75,3.24666157399421));
#6416=CARTESIAN_POINT('',(5.68491332356415,-4.75,3.27341891570819));
#6417=CARTESIAN_POINT('',(5.53270447176887,-4.75,3.12670836817749));
#6418=CARTESIAN_POINT('',(5.50827889801325,-4.75,3.02233326477701));
#6419=CARTESIAN_POINT('',(5.48778042628196,-4.75,2.86279411615517));
#6420=CARTESIAN_POINT('',(5.48475886402048,-4.75,2.80068464201397));
#6421=CARTESIAN_POINT('',(5.22996784567132,-4.75,2.7043447582011));
#6422=CARTESIAN_POINT('',(5.48475901309034,-4.75,2.80068463476172));
#6423=CARTESIAN_POINT('',(5.22996784565916,-4.74,2.7043497933487));
#6424=CARTESIAN_POINT('',(5.22996787684128,-4.74,2.70458870766854));
#6425=CARTESIAN_POINT('',(5.48475886398633,-4.74,2.80068464131245));
#6426=CARTESIAN_POINT('',(5.48857384301386,-4.74,2.87910331272771));
#6427=CARTESIAN_POINT('',(5.50895145556098,-4.74,3.01797355347781));
#6428=CARTESIAN_POINT('',(5.53253700894026,-4.74,3.1278917890872));
#6429=CARTESIAN_POINT('',(5.68481318363075,-4.74,3.2728803570045));
#6430=CARTESIAN_POINT('',(5.82457999789489,-4.74,3.24726282878106));
#6431=CARTESIAN_POINT('',(5.9021031375754,-4.74,3.17725452295899));
#6432=CARTESIAN_POINT('',(5.92454612809608,-4.74,3.09886340865987));
#6433=CARTESIAN_POINT('',(5.99270220504186,-4.74,3.02827877615158));
#6434=CARTESIAN_POINT('',(6.11222208110797,-4.74,3.03916018153172));
#6435=CARTESIAN_POINT('',(6.16412022743309,-4.74,3.17926824976149));
#6436=CARTESIAN_POINT('',(6.0509827725361,-4.74,3.33306563470826));
#6437=CARTESIAN_POINT('',(5.91530545414494,-4.74,3.41247346947779));
#6438=CARTESIAN_POINT('',(5.6700330682233,-4.74,3.44764153028444));
#6439=CARTESIAN_POINT('',(5.39729755826267,-4.74,3.32862272745521));
#6440=CARTESIAN_POINT('',(5.26808382527957,-4.74,3.09290973413527));
#6441=CARTESIAN_POINT('',(5.23000514283355,-4.74,2.84744929478947));
#6442=CARTESIAN_POINT('',(5.22996790802341,-4.74,2.70482762198838));
#6443=CARTESIAN_POINT('',(5.48475901267919,-4.74,2.80068463407896));
#6444=CARTESIAN_POINT('',(5.48475884244373,-4.74,2.80068419849339));
#6445=CARTESIAN_POINT('',(5.48475884244373,-4.74,2.80068419849339));
#6446=CARTESIAN_POINT('',(5.48475884244373,-4.75,2.80068419849339));
#6447=CARTESIAN_POINT('',(5.56350467537523,-4.74,2.89483682482453));
#6448=CARTESIAN_POINT('',(5.56350467537523,-4.75,2.89483682482453));
#6449=CARTESIAN_POINT('',(5.76201850601811,-4.74,2.9940081937163));
#6450=CARTESIAN_POINT('',(5.76201850601811,-4.75,2.9940081937163));
#6451=CARTESIAN_POINT('',(6.2308454331408,-4.74000000000001,2.81050851343814));
#6452=CARTESIAN_POINT('',(6.2308454331408,-4.75000000000001,2.81050851343814));
#6453=CARTESIAN_POINT('',(6.22795430385871,-4.74,2.23335881435031));
#6454=CARTESIAN_POINT('',(6.22795430385871,-4.75,2.23335881435031));
#6455=CARTESIAN_POINT('',(5.8256834176925,-4.74,2.01282308678727));
#6456=CARTESIAN_POINT('',(5.8256834176925,-4.75,2.01282308678727));
#6457=CARTESIAN_POINT('',(5.45346392657155,-4.74,2.06513618872925));
#6458=CARTESIAN_POINT('',(5.45346392657155,-4.75,2.06513618872925));
#6459=CARTESIAN_POINT('',(5.25593858770901,-4.74,2.35557378068538));
#6460=CARTESIAN_POINT('',(5.25593858770901,-4.75,2.35557378068538));
#6461=CARTESIAN_POINT('',(5.22996784565916,-4.74,2.56998781665246));
#6462=CARTESIAN_POINT('',(5.22996784565916,-4.75,2.56998781665246));
#6463=CARTESIAN_POINT('',(5.22996784565916,-4.74,2.7043497933487));
#6464=CARTESIAN_POINT('',(5.22996784565916,-4.75,2.7043497933487));
#6465=CARTESIAN_POINT('',(5.48475912737795,-4.75,2.80068453917531));
#6466=CARTESIAN_POINT('',(5.56292609626603,-4.75,2.89414488186037));
#6467=CARTESIAN_POINT('',(5.76227994208055,-4.75,2.99431739795753));
#6468=CARTESIAN_POINT('',(6.23069037291402,-4.75,2.81034628459896));
#6469=CARTESIAN_POINT('',(6.2279798055924,-4.75,2.23327187468044));
#6470=CARTESIAN_POINT('',(5.8256843516191,-4.75,2.01302438318103));
#6471=CARTESIAN_POINT('',(5.4534705397546,-4.75,2.06435089939398));
#6472=CARTESIAN_POINT('',(5.25594089286774,-4.75,2.35849583733097));
#6473=CARTESIAN_POINT('',(5.2299685723165,-4.75,2.5636660617319));
#6474=CARTESIAN_POINT('',(5.22996784568517,-4.75,2.7043397230535));
#6475=CARTESIAN_POINT('',(5.22996784565916,-4.74,2.7043497933487));
#6476=CARTESIAN_POINT('',(5.22996784565916,-4.74,2.40444213043863));
#6477=CARTESIAN_POINT('',(5.32697466858152,-4.74,2.10228784400914));
#6478=CARTESIAN_POINT('',(5.82612489633225,-4.74,2.00917716396164));
#6479=CARTESIAN_POINT('',(6.2277201573257,-4.74,2.23552018367509));
#6480=CARTESIAN_POINT('',(6.23071701705072,-4.74,2.80996070309773));
#6481=CARTESIAN_POINT('',(5.76230240813102,-4.74,2.99442583196049));
#6482=CARTESIAN_POINT('',(5.56286069189708,-4.74,2.89406668543814));
#6483=CARTESIAN_POINT('',(5.4847591268727,-4.74,2.80068453857122));
#6484=CARTESIAN_POINT('',(6.09410493591015,-4.74,2.20794271341995));
#6485=CARTESIAN_POINT('',(3.96411575562701,-4.74,2.19206683514934));
#6486=CARTESIAN_POINT('',(3.96411575562701,-4.75,2.19206683514934));
#6487=CARTESIAN_POINT('',(3.96411575562701,-4.75,2.47266704951161));
#6488=CARTESIAN_POINT('',(3.96411575562701,-4.75,2.75326726387389));
#6489=CARTESIAN_POINT('',(3.96411575562701,-4.75,3.03386747823616));
#6490=CARTESIAN_POINT('',(3.96411575562701,-4.75,2.19206683514934));
#6491=CARTESIAN_POINT('',(3.96411575562701,-4.75,3.03386747823616));
#6492=CARTESIAN_POINT('',(3.96411575562701,-4.74,2.19206683514934));
#6493=CARTESIAN_POINT('',(3.96411575562701,-4.74,2.19206683514934));
#6494=CARTESIAN_POINT('',(3.96411575562701,-4.74,2.19206683514934));
#6495=CARTESIAN_POINT('',(3.96411575562701,-4.74,2.47266704951161));
#6496=CARTESIAN_POINT('',(3.96411575562701,-4.74,2.75326726387389));
#6497=CARTESIAN_POINT('',(3.96411575562701,-4.74,3.03386747823616));
#6498=CARTESIAN_POINT('',(3.96411575562701,-4.74,3.03386747823616));
#6499=CARTESIAN_POINT('',(3.96411575562701,-4.74,3.03386747823616));
#6500=CARTESIAN_POINT('',(3.96411575562701,-4.74,3.03386747823616));
#6501=CARTESIAN_POINT('',(3.96411575562701,-4.75,3.03386747823616));
#6502=CARTESIAN_POINT('',(3.88402451489011,-4.74,2.97229444344999));
#6503=CARTESIAN_POINT('',(3.88402451489011,-4.75,2.97229444344999));
#6504=CARTESIAN_POINT('',(3.78535859670776,-4.74,2.90219897696155));
#6505=CARTESIAN_POINT('',(3.78535859670776,-4.75,2.90219897696155));
#6506=CARTESIAN_POINT('',(3.68826801888383,-4.74,2.86182208994957));
#6507=CARTESIAN_POINT('',(3.68826801888383,-4.75,2.86182208994957));
#6508=CARTESIAN_POINT('',(3.65046416377927,-4.74000000000001,2.84262271739529));
#6509=CARTESIAN_POINT('',(3.65046416377927,-4.75000000000001,2.84262271739529));
#6510=CARTESIAN_POINT('',(3.54121680394147,-4.74,2.90001031892788));
#6511=CARTESIAN_POINT('',(3.54121680394147,-4.75,2.90001031892788));
#6512=CARTESIAN_POINT('',(3.55248722444188,-4.74,3.01677237622157));
#6513=CARTESIAN_POINT('',(3.55248722444188,-4.75,3.01677237622157));
#6514=CARTESIAN_POINT('',(3.60707979120894,-4.74,3.04519624561076));
#6515=CARTESIAN_POINT('',(3.60707979120894,-4.75,3.04519624561076));
#6516=CARTESIAN_POINT('',(3.772388058508,-4.74,3.12222819355351));
#6517=CARTESIAN_POINT('',(3.772388058508,-4.75,3.12222819355351));
#6518=CARTESIAN_POINT('',(3.90933162298581,-4.74,3.22347015018274));
#6519=CARTESIAN_POINT('',(3.90933162298581,-4.75,3.22347015018274));
#6520=CARTESIAN_POINT('',(4.02835348578826,-4.74,3.37532300835933));
#6521=CARTESIAN_POINT('',(4.02835348578826,-4.75,3.37532300835933));
#6522=CARTESIAN_POINT('',(4.03214447387563,-4.74,3.41438425560127));
#6523=CARTESIAN_POINT('',(4.03214447387563,-4.75,3.41438425560127));
#6524=CARTESIAN_POINT('',(4.14743656478574,-4.74,3.44149812360123));
#6525=CARTESIAN_POINT('',(4.14743656478574,-4.75,3.44149812360123));
#6526=CARTESIAN_POINT('',(4.21382541467183,-4.74,3.36042725185274));
#6527=CARTESIAN_POINT('',(4.21382541467183,-4.75,3.36042725185274));
#6528=CARTESIAN_POINT('',(4.21474094082494,-4.74,3.22568226589064));
#6529=CARTESIAN_POINT('',(4.21474094082494,-4.75,3.22568226589064));
#6530=CARTESIAN_POINT('',(4.2142816296344,-4.74,3.0731122185729));
#6531=CARTESIAN_POINT('',(4.2142816296344,-4.75,3.0731122185729));
#6532=CARTESIAN_POINT('',(4.21447154656656,-4.74,2.88332751564685));
#6533=CARTESIAN_POINT('',(4.21447154656656,-4.75,2.88332751564685));
#6534=CARTESIAN_POINT('',(4.21426305226655,-4.74,2.69496750108405));
#6535=CARTESIAN_POINT('',(4.21426305226655,-4.75,2.69496750108405));
#6536=CARTESIAN_POINT('',(4.21490711253443,-4.74,2.50760937921298));
#6537=CARTESIAN_POINT('',(4.21490711253443,-4.75,2.50760937921298));
#6538=CARTESIAN_POINT('',(4.21293399022485,-4.74,2.34695072837864));
#6539=CARTESIAN_POINT('',(4.21293399022485,-4.75,2.34695072837864));
#6540=CARTESIAN_POINT('',(4.21695282917199,-4.74,2.22878737962558));
#6541=CARTESIAN_POINT('',(4.21695282917199,-4.75,2.22878737962558));
#6542=CARTESIAN_POINT('',(4.20034048677068,-4.74,2.05808512005373));
#6543=CARTESIAN_POINT('',(4.20034048677068,-4.75,2.05808512005373));
#6544=CARTESIAN_POINT('',(4.04735042456885,-4.74,2.01345822880963));
#6545=CARTESIAN_POINT('',(4.04735042456885,-4.75,2.01345822880963));
#6546=CARTESIAN_POINT('',(3.96411575562701,-4.74,2.10776103646084));
#6547=CARTESIAN_POINT('',(3.96411575562701,-4.75,2.10776103646084));
#6548=CARTESIAN_POINT('',(3.96411575562701,-4.74,2.19206683514934));
#6549=CARTESIAN_POINT('',(3.96411575562701,-4.75,2.19206683514934));
#6550=CARTESIAN_POINT('',(3.96411575562701,-4.75,3.03386747823616));
#6551=CARTESIAN_POINT('',(3.87804894738943,-4.75,2.96770051005352));
#6552=CARTESIAN_POINT('',(3.77929111471316,-4.75,2.90307438486872));
#6553=CARTESIAN_POINT('',(3.74313459448368,-4.75,2.88595370345653));
#6554=CARTESIAN_POINT('',(3.67126352396006,-4.75,2.85340769590527));
#6555=CARTESIAN_POINT('',(3.654510790857,-4.75,2.84460180057525));
#6556=CARTESIAN_POINT('',(3.5386842439337,-4.75,2.89874720118633));
#6557=CARTESIAN_POINT('',(3.55857083739523,-4.75,3.01984576400783));
#6558=CARTESIAN_POINT('',(3.58082672240195,-4.75,3.03177913750736));
#6559=CARTESIAN_POINT('',(3.69873142267788,-4.75,3.0890921823014));
#6560=CARTESIAN_POINT('',(3.73027173879253,-4.75,3.10442119558772));
#6561=CARTESIAN_POINT('',(3.83012034308035,-4.75,3.16425344842167));
#6562=CARTESIAN_POINT('',(3.90583326018472,-4.75,3.23064825997408));
#6563=CARTESIAN_POINT('',(3.98103031208518,-4.75,3.31470749463528));
#6564=CARTESIAN_POINT('',(4.02896905468827,-4.75,3.38499932742425));
#6565=CARTESIAN_POINT('',(4.03318761494506,-4.75,3.41461459703695));
#6566=CARTESIAN_POINT('',(4.14714903899424,-4.75,3.44203828480427));
#6567=CARTESIAN_POINT('',(4.20280182047273,-4.75,3.37203660213812));
#6568=CARTESIAN_POINT('',(4.2141520567301,-4.75,3.3132142808872));
#6569=CARTESIAN_POINT('',(4.21447185381499,-4.75,3.24749372311887));
#6570=CARTESIAN_POINT('',(4.21439139617716,-4.75,3.25936637497826));
#6571=CARTESIAN_POINT('',(4.21442230781194,-4.75,3.22911220636484));
#6572=CARTESIAN_POINT('',(4.21441006319463,-4.75,3.17028343760095));
#6573=CARTESIAN_POINT('',(4.21441420210387,-4.75,3.0624755695626));
#6574=CARTESIAN_POINT('',(4.21440025414502,-4.75,2.86088146901068));
#6575=CARTESIAN_POINT('',(4.21441564948322,-4.75,2.79538833663903));
#6576=CARTESIAN_POINT('',(4.21432769027662,-4.75,2.65975525465817));
#6577=CARTESIAN_POINT('',(4.21485641043577,-4.75,2.5417736692288));
#6578=CARTESIAN_POINT('',(4.21363479325185,-4.75,2.40706927325892));
#6579=CARTESIAN_POINT('',(4.21416589392838,-4.75,2.34519682020114));
#6580=CARTESIAN_POINT('',(4.21498986636216,-4.75,2.2520524355359));
#6581=CARTESIAN_POINT('',(4.21561381116689,-4.75,2.23225247365597));
#6582=CARTESIAN_POINT('',(4.20879847799089,-4.75,2.15225776447962));
#6583=CARTESIAN_POINT('',(4.18740081815253,-4.75,2.0690553883601));
#6584=CARTESIAN_POINT('',(4.04635701926273,-4.75,2.00518950755051));
#6585=CARTESIAN_POINT('',(3.96411575562701,-4.75,2.11149904140272));
#6586=CARTESIAN_POINT('',(3.96411575562701,-4.75,2.19206683514934));
#6587=CARTESIAN_POINT('',(3.96411575562701,-4.74,2.19206683514934));
#6588=CARTESIAN_POINT('',(3.96411575562701,-4.74,2.10904254122011));
#6589=CARTESIAN_POINT('',(4.02127805972488,-4.74,2.03948131966737));
#6590=CARTESIAN_POINT('',(4.14791729123746,-4.74,2.0357282137281));
#6591=CARTESIAN_POINT('',(4.20614743123945,-4.74,2.12378597793025));
#6592=CARTESIAN_POINT('',(4.20156456435068,-4.74,2.14119235751935));
#6593=CARTESIAN_POINT('',(4.21082308023807,-4.74,2.22918585165097));
#6594=CARTESIAN_POINT('',(4.21348416095894,-4.74,2.33639100996201));
#6595=CARTESIAN_POINT('',(4.21464868861704,-4.74,2.52707113474928));
#6596=CARTESIAN_POINT('',(4.21435195274009,-4.74,2.59554846718866));
#6597=CARTESIAN_POINT('',(4.21438184053967,-4.74,2.72981778316112));
#6598=CARTESIAN_POINT('',(4.21488084186049,-4.74,2.88091486359682));
#6599=CARTESIAN_POINT('',(4.21262546044972,-4.74,3.0781319607831));
#6600=CARTESIAN_POINT('',(4.21964439716479,-4.74,3.21179695893338));
#6601=CARTESIAN_POINT('',(4.20533042709702,-4.74,3.38441685593377));
#6602=CARTESIAN_POINT('',(4.11337595765041,-4.74,3.44462776419306));
#6603=CARTESIAN_POINT('',(4.0564788834399,-4.74,3.4315462306314));
#6604=CARTESIAN_POINT('',(3.93786503745923,-4.74,3.26829685603139));
#6605=CARTESIAN_POINT('',(3.91829581206265,-4.74,3.24361442281855));
#6606=CARTESIAN_POINT('',(3.82343541019461,-4.74,3.15879943564772));
#6607=CARTESIAN_POINT('',(3.69645920945433,-4.74,3.08026761524043));
#6608=CARTESIAN_POINT('',(3.54802237752326,-4.74,3.04253304690064));
#6609=CARTESIAN_POINT('',(3.54238391233672,-4.74,2.90231937940949));
#6610=CARTESIAN_POINT('',(3.65192324798512,-4.74,2.84223033688265));
#6611=CARTESIAN_POINT('',(3.68126457366519,-4.74,2.86108255151851));
#6612=CARTESIAN_POINT('',(3.78314959352116,-4.74,2.9002551059921));
#6613=CARTESIAN_POINT('',(3.88244559878842,-4.74,2.97108059465505));
#6614=CARTESIAN_POINT('',(3.96411575562701,-4.74,3.03386747823616));
#6615=CARTESIAN_POINT('',(4.21440514469453,-4.74,3.26042592472349));
#6616=CARTESIAN_POINT('',(1.67279742765273,-4.74,2.46576458434548));
#6617=CARTESIAN_POINT('',(1.67279742765273,-4.75,2.46576458434548));
#6618=CARTESIAN_POINT('',(1.69673960465181,-4.74,2.55511243578294));
#6619=CARTESIAN_POINT('',(1.69673960465181,-4.75,2.55511243578294));
#6620=CARTESIAN_POINT('',(1.74496722353263,-4.74,2.73483102272118));
#6621=CARTESIAN_POINT('',(1.74496722353263,-4.75,2.73483102272118));
#6622=CARTESIAN_POINT('',(1.8035354227203,-4.74,2.95436483607737));
#6623=CARTESIAN_POINT('',(1.8035354227203,-4.75,2.95436483607737));
#6624=CARTESIAN_POINT('',(1.84768690826122,-4.74000000000001,3.11743625275848));
#6625=CARTESIAN_POINT('',(1.84768690826122,-4.75000000000001,3.11743625275848));
#6626=CARTESIAN_POINT('',(1.86802480399223,-4.74,3.19604382153103));
#6627=CARTESIAN_POINT('',(1.86802480399223,-4.75,3.19604382153103));
#6628=CARTESIAN_POINT('',(1.90672737094623,-4.74000000000001,3.32937568769148));
#6629=CARTESIAN_POINT('',(1.90672737094623,-4.75000000000001,3.32937568769148));
#6630=CARTESIAN_POINT('',(1.93486724530078,-4.74,3.39868855991159));
#6631=CARTESIAN_POINT('',(1.93486724530078,-4.75,3.39868855991159));
#6632=CARTESIAN_POINT('',(2.07327710577716,-4.74,3.4645524077429));
#6633=CARTESIAN_POINT('',(2.07327710577716,-4.75,3.4645524077429));
#6634=CARTESIAN_POINT('',(2.21926796035903,-4.74,3.39875616464706));
#6635=CARTESIAN_POINT('',(2.21926796035903,-4.75,3.39875616464706));
#6636=CARTESIAN_POINT('',(2.25268272418036,-4.74000000000001,3.28981284326065));
#6637=CARTESIAN_POINT('',(2.25268272418036,-4.75000000000001,3.28981284326065));
#6638=CARTESIAN_POINT('',(2.2962507005998,-4.74,3.13009073328628));
#6639=CARTESIAN_POINT('',(2.2962507005998,-4.75,3.13009073328628));
#6640=CARTESIAN_POINT('',(2.34196347977713,-4.74,2.95991252819708));
#6641=CARTESIAN_POINT('',(2.34196347977713,-4.75,2.95991252819708));
#6642=CARTESIAN_POINT('',(2.40367420725264,-4.74,2.73249131467163));
#6643=CARTESIAN_POINT('',(2.40367420725264,-4.75,2.73249131467163));
#6644=CARTESIAN_POINT('',(2.45173918326949,-4.74,2.55505780581383));
#6645=CARTESIAN_POINT('',(2.45173918326949,-4.75,2.55505780581383));
#6646=CARTESIAN_POINT('',(2.47588424437299,-4.74,2.46576458434548));
#6647=CARTESIAN_POINT('',(2.47588424437299,-4.75,2.46576458434548));
#6648=CARTESIAN_POINT('',(1.67279758778792,-4.75,2.4657651819409));
#6649=CARTESIAN_POINT('',(1.69672824187173,-4.75,2.55507003195366));
#6650=CARTESIAN_POINT('',(1.74510685047697,-4.75,2.73506988597479));
#6651=CARTESIAN_POINT('',(1.8030799313991,-4.75,2.95344107285203));
#6652=CARTESIAN_POINT('',(1.84832314970208,-4.75,3.11873470600607));
#6653=CARTESIAN_POINT('',(1.86734791478592,-4.75,3.19443041817166));
#6654=CARTESIAN_POINT('',(1.90711525082516,-4.75,3.33031866283759));
#6655=CARTESIAN_POINT('',(1.93476168451832,-4.75,3.39827174377527));
#6656=CARTESIAN_POINT('',(2.07321309528733,-4.75,3.46500501283901));
#6657=CARTESIAN_POINT('',(2.19522683293419,-4.75,3.40863630252745));
#6658=CARTESIAN_POINT('',(2.23546476597068,-4.75,3.34614875404666));
#6659=CARTESIAN_POINT('',(2.2627164829527,-4.75,3.25309367039337));
#6660=CARTESIAN_POINT('',(2.27385093370392,-4.75,3.21166160872657));
#6661=CARTESIAN_POINT('',(2.33642061396563,-4.75,2.98108042179934));
#6662=CARTESIAN_POINT('',(2.36550543888852,-4.75,2.87288270215844));
#6663=CARTESIAN_POINT('',(2.41615907166967,-4.75,2.68571172455181));
#6664=CARTESIAN_POINT('',(2.45161116504165,-4.75,2.55502378750824));
#6665=CARTESIAN_POINT('',(2.4758840834955,-4.75,2.46576517593898));
#6666=CARTESIAN_POINT('',(1.67279744101065,-4.75,2.4657652212722));
#6667=CARTESIAN_POINT('',(2.47588423039534,-4.75,2.46576521588681));
#6668=CARTESIAN_POINT('',(1.67279742765273,-4.74,2.46576458434548));
#6669=CARTESIAN_POINT('',(1.67279742765273,-4.74,2.46576458434548));
#6670=CARTESIAN_POINT('',(2.47588377991154,-4.74,2.46576630201597));
#6671=CARTESIAN_POINT('',(2.45173872268314,-4.74,2.55505950841602));
#6672=CARTESIAN_POINT('',(2.4150143302356,-4.74,2.69077613391973));
#6673=CARTESIAN_POINT('',(2.37382893943561,-4.74,2.84286245161476));
#6674=CARTESIAN_POINT('',(2.34785818829247,-4.74,2.93867947529857));
#6675=CARTESIAN_POINT('',(2.33516574618888,-4.74,2.98558297685797));
#6676=CARTESIAN_POINT('',(2.29651435559693,-4.74,3.12786677088396));
#6677=CARTESIAN_POINT('',(2.27596082970349,-4.74,3.20393625632209));
#6678=CARTESIAN_POINT('',(2.25774477274833,-4.74,3.26794741272017));
#6679=CARTESIAN_POINT('',(2.26085095458554,-4.74,3.26487092294134));
#6680=CARTESIAN_POINT('',(2.2250986144428,-4.74,3.36067494474563));
#6681=CARTESIAN_POINT('',(2.17498650113507,-4.74,3.41967388612216));
#6682=CARTESIAN_POINT('',(2.07403529662789,-4.74,3.45759988904119));
#6683=CARTESIAN_POINT('',(1.97560649819546,-4.74,3.42057172778877));
#6684=CARTESIAN_POINT('',(1.92514147858974,-4.74,3.36377175487149));
#6685=CARTESIAN_POINT('',(1.88992946191497,-4.74,3.27655739537298));
#6686=CARTESIAN_POINT('',(1.88935536960469,-4.74,3.26731314879464));
#6687=CARTESIAN_POINT('',(1.87019054570463,-4.74,3.2011500136583));
#6688=CARTESIAN_POINT('',(1.84928068833496,-4.74,3.1238937810324));
#6689=CARTESIAN_POINT('',(1.81247166096921,-4.74,2.98713028812134));
#6690=CARTESIAN_POINT('',(1.79953491483366,-4.74,2.93869264622328));
#6691=CARTESIAN_POINT('',(1.77395665052276,-4.74,2.84329138128301));
#6692=CARTESIAN_POINT('',(1.7330990330397,-4.74,2.69078498439199));
#6693=CARTESIAN_POINT('',(1.69673958546187,-4.74,2.5551123641696));
#6694=CARTESIAN_POINT('',(1.67279742765273,-4.74,2.46576458434548));
#6695=CARTESIAN_POINT('',(2.475884013717,-4.74,2.46576636523742));
#6696=CARTESIAN_POINT('',(2.47588424437299,-4.74,2.46576458434548));
#6697=CARTESIAN_POINT('',(2.07614147909967,-4.74,3.0923883785577));
#6698=CARTESIAN_POINT('',(2.07614147909967,-4.75,3.0923883785577));
#6699=CARTESIAN_POINT('',(2.03388977755371,-4.74,2.93729371800481));
#6700=CARTESIAN_POINT('',(2.03388977755371,-4.75,2.93729371800481));
#6701=CARTESIAN_POINT('',(1.97091202011475,-4.74000000000001,2.70569355505979));
#6702=CARTESIAN_POINT('',(1.97091202011475,-4.75000000000001,2.70569355505979));
#6703=CARTESIAN_POINT('',(1.8960386876893,-4.74,2.43184696736217));
#6704=CARTESIAN_POINT('',(1.8960386876893,-4.75,2.43184696736217));
#6705=CARTESIAN_POINT('',(1.85525290070333,-4.74,2.28057234238509));
#6706=CARTESIAN_POINT('',(1.85525290070333,-4.75,2.28057234238509));
#6707=CARTESIAN_POINT('',(1.81828133313853,-4.74,2.14965849654677));
#6708=CARTESIAN_POINT('',(1.81828133313853,-4.75,2.14965849654677));
#6709=CARTESIAN_POINT('',(1.77665161067294,-4.74,2.06442886622282));
#6710=CARTESIAN_POINT('',(1.77665161067294,-4.75,2.06442886622282));
#6711=CARTESIAN_POINT('',(1.62573632243343,-4.74,2.02884176370211));
#6712=CARTESIAN_POINT('',(1.62573632243343,-4.75,2.02884176370211));
#6713=CARTESIAN_POINT('',(1.52597373885753,-4.74,2.08398256736801));
#6714=CARTESIAN_POINT('',(1.52597373885753,-4.75,2.08398256736801));
#6715=CARTESIAN_POINT('',(1.46901374089393,-4.74,2.25860896523528));
#6716=CARTESIAN_POINT('',(1.46901374089393,-4.75,2.25860896523528));
#6717=CARTESIAN_POINT('',(1.43192005169388,-4.74,2.4431961166814));
#6718=CARTESIAN_POINT('',(1.43192005169388,-4.75,2.4431961166814));
#6719=CARTESIAN_POINT('',(1.37138566286815,-4.74,2.68064447223203));
#6720=CARTESIAN_POINT('',(1.37138566286815,-4.75,2.68064447223203));
#6721=CARTESIAN_POINT('',(1.31277165646728,-4.74,2.91423155537085));
#6722=CARTESIAN_POINT('',(1.31277165646728,-4.75,2.91423155537085));
#6723=CARTESIAN_POINT('',(1.27022614080672,-4.74,3.08791844311652));
#6724=CARTESIAN_POINT('',(1.27022614080672,-4.75,3.08791844311652));
#6725=CARTESIAN_POINT('',(1.23910174061463,-4.74,3.20746818964286));
#6726=CARTESIAN_POINT('',(1.23910174061463,-4.75,3.20746818964286));
#6727=CARTESIAN_POINT('',(1.21500557124676,-4.74,3.32610946865259));
#6728=CARTESIAN_POINT('',(1.21500557124676,-4.75,3.32610946865259));
#6729=CARTESIAN_POINT('',(1.22278357341939,-4.74,3.3860157705309));
#6730=CARTESIAN_POINT('',(1.22278357341939,-4.75,3.3860157705309));
#6731=CARTESIAN_POINT('',(1.35040954578147,-4.74,3.46481968009681));
#6732=CARTESIAN_POINT('',(1.35040954578147,-4.75,3.46481968009681));
#6733=CARTESIAN_POINT('',(1.46142510081418,-4.74,3.4102394954769));
#6734=CARTESIAN_POINT('',(1.46142510081418,-4.75,3.4102394954769));
#6735=CARTESIAN_POINT('',(1.48547265852846,-4.74,3.29880949184607));
#6736=CARTESIAN_POINT('',(1.48547265852846,-4.75,3.29880949184607));
#6737=CARTESIAN_POINT('',(1.52570873958204,-4.74,3.12704691646065));
#6738=CARTESIAN_POINT('',(1.52570873958204,-4.75,3.12704691646065));
#6739=CARTESIAN_POINT('',(1.5670250371562,-4.74000000000001,2.93826816904893));
#6740=CARTESIAN_POINT('',(1.5670250371562,-4.75000000000001,2.93826816904893));
#6741=CARTESIAN_POINT('',(1.62040750254589,-4.74,2.70055168108411));
#6742=CARTESIAN_POINT('',(1.62040750254589,-4.75,2.70055168108411));
#6743=CARTESIAN_POINT('',(1.65526729257168,-4.74,2.54420299488672));
#6744=CARTESIAN_POINT('',(1.65526729257168,-4.75,2.54420299488672));
#6745=CARTESIAN_POINT('',(1.67279742765273,-4.74,2.46576458434548));
#6746=CARTESIAN_POINT('',(1.67279742765273,-4.75,2.46576458434548));
#6747=CARTESIAN_POINT('',(2.07614147909967,-4.75,3.0923883785577));
#6748=CARTESIAN_POINT('',(2.03387602533806,-4.75,2.93724323731076));
#6749=CARTESIAN_POINT('',(1.97243837994992,-4.75,2.7106237510799));
#6750=CARTESIAN_POINT('',(1.89928438392301,-4.75,2.44427236791012));
#6751=CARTESIAN_POINT('',(1.87194083448174,-4.75,2.34224152221789));
#6752=CARTESIAN_POINT('',(1.83971077699532,-4.75,2.22546190127332));
#6753=CARTESIAN_POINT('',(1.82140151939121,-4.75,2.15976357194914));
#6754=CARTESIAN_POINT('',(1.77404915191375,-4.75,2.06048694921816));
#6755=CARTESIAN_POINT('',(1.62455861194833,-4.75,2.0298216522067));
#6756=CARTESIAN_POINT('',(1.52532782781526,-4.75,2.08465772690876));
#6757=CARTESIAN_POINT('',(1.48292554544549,-4.75,2.21665508096167));
#6758=CARTESIAN_POINT('',(1.45517175369379,-4.75,2.32829307527224));
#6759=CARTESIAN_POINT('',(1.42636795493758,-4.75,2.45963870210993));
#6760=CARTESIAN_POINT('',(1.41576520956311,-4.75,2.50429348764592));
#6761=CARTESIAN_POINT('',(1.3683883952795,-4.75,2.69348246840993));
#6762=CARTESIAN_POINT('',(1.34378225524902,-4.75,2.79044987565093));
#6763=CARTESIAN_POINT('',(1.31353188654599,-4.75,2.91111364856148));
#6764=CARTESIAN_POINT('',(1.28396001834971,-4.75,3.02943130918055));
#6765=CARTESIAN_POINT('',(1.25819049960835,-4.75,3.13365537271605));
#6766=CARTESIAN_POINT('',(1.21740520534993,-4.75,3.29681825629742));
#6767=CARTESIAN_POINT('',(1.21907917642316,-4.75,3.38604744414094));
#6768=CARTESIAN_POINT('',(1.34514217634917,-4.75,3.46363858255882));
#6769=CARTESIAN_POINT('',(1.45992961929845,-4.75,3.41174239169401));
#6770=CARTESIAN_POINT('',(1.48326253972382,-4.75,3.31000251476935));
#6771=CARTESIAN_POINT('',(1.5150156879236,-4.75,3.1718277460888));
#6772=CARTESIAN_POINT('',(1.51939141347853,-4.75,3.15291896990466));
#6773=CARTESIAN_POINT('',(1.53177783946721,-4.75,3.09777295022032));
#6774=CARTESIAN_POINT('',(1.54493583309274,-4.75,3.03880582598279));
#6775=CARTESIAN_POINT('',(1.572579893387,-4.75,2.91422306616465));
#6776=CARTESIAN_POINT('',(1.56818508840801,-4.75,2.93405946188256));
#6777=CARTESIAN_POINT('',(1.57842430720537,-4.75,2.88811417591717));
#6778=CARTESIAN_POINT('',(1.6008620144689,-4.75,2.78768520868142));
#6779=CARTESIAN_POINT('',(1.63960465230814,-4.75,2.61428531897119));
#6780=CARTESIAN_POINT('',(1.67279729271365,-4.75,2.46576518812902));
#6781=CARTESIAN_POINT('',(2.07614147909967,-4.75,3.0923883785577));
#6782=CARTESIAN_POINT('',(2.07658101358429,-4.74,3.09250267161109));
#6783=CARTESIAN_POINT('',(2.0765810135843,-4.74333333333333,3.09250267161108));
#6784=CARTESIAN_POINT('',(2.0765810135843,-4.74666666666667,3.09250267161107));
#6785=CARTESIAN_POINT('',(2.07658101358431,-4.75,3.09250267161105));
#6786=CARTESIAN_POINT('',(2.07614147909967,-4.74,3.0923883785577));
#6787=CARTESIAN_POINT('',(1.67279742765273,-4.74,2.46576458434548));
#6788=CARTESIAN_POINT('',(1.6061779150766,-4.74,2.76385291357645));
#6789=CARTESIAN_POINT('',(1.52516709940366,-4.74,3.10638761619737));
#6790=CARTESIAN_POINT('',(1.47852901152316,-4.74,3.31197462033987));
#6791=CARTESIAN_POINT('',(1.44868027019863,-4.74,3.38657459646902));
#6792=CARTESIAN_POINT('',(1.47110582879981,-4.74,3.38654328250131));
#6793=CARTESIAN_POINT('',(1.3484790221688,-4.74,3.47183942737623));
#6794=CARTESIAN_POINT('',(1.22082493988447,-4.74,3.38163299438878));
#6795=CARTESIAN_POINT('',(1.22321502856461,-4.74,3.32463956556597));
#6796=CARTESIAN_POINT('',(1.25518900645777,-4.74,3.13181209197484));
#6797=CARTESIAN_POINT('',(1.28346044525134,-4.74,3.03502366241862));
#6798=CARTESIAN_POINT('',(1.32281439742596,-4.74,2.8723208251432));
#6799=CARTESIAN_POINT('',(1.37069879501639,-4.74,2.68170133754288));
#6800=CARTESIAN_POINT('',(1.43420166166032,-4.74,2.44275548814556));
#6801=CARTESIAN_POINT('',(1.46419258622063,-4.74,2.26284094246873));
#6802=CARTESIAN_POINT('',(1.53419549527619,-4.74,2.07645313405497));
#6803=CARTESIAN_POINT('',(1.62756908567006,-4.74,2.03299273291737));
#6804=CARTESIAN_POINT('',(1.73884384870147,-4.74,2.05162747438187));
#6805=CARTESIAN_POINT('',(1.78838000787204,-4.74,2.09425211374827));
#6806=CARTESIAN_POINT('',(1.82466107058664,-4.74,2.17226896911036));
#6807=CARTESIAN_POINT('',(1.81800555371182,-4.74,2.16030720460534));
#6808=CARTESIAN_POINT('',(1.8271162047845,-4.74,2.18697421462394));
#6809=CARTESIAN_POINT('',(1.84206392963258,-4.74,2.24133092422573));
#6810=CARTESIAN_POINT('',(1.9021862056784,-4.74,2.45473462686554));
#6811=CARTESIAN_POINT('',(1.99487399360037,-4.74,2.79407724276147));
#6812=CARTESIAN_POINT('',(2.07614147909967,-4.74,3.0923883785577));
#6813=CARTESIAN_POINT('',(66.0630498675142,-4.74200000000147,19.7310353825426));
#6814=CARTESIAN_POINT('',(2.29367362377892,-4.75,2.28062536289246));
#6815=CARTESIAN_POINT('',(2.26336227586675,-4.75,2.38826809645482));
#6816=CARTESIAN_POINT('',(2.17951627112018,-4.75,2.69995828477002));
#6817=CARTESIAN_POINT('',(2.11195155998207,-4.75,2.95702508671559));
#6818=CARTESIAN_POINT('',(2.07614147909967,-4.75,3.0923883785577));
#6819=CARTESIAN_POINT('',(2.293668825995,-4.74999999444361,2.2806240118742));
#6820=CARTESIAN_POINT('',(2.29358118607718,-4.75,2.27927812847493));
#6821=CARTESIAN_POINT('',(2.29358118607718,-4.74666666666667,2.27927812847494));
#6822=CARTESIAN_POINT('',(2.29358118607719,-4.74333333333333,2.27927812847496));
#6823=CARTESIAN_POINT('',(2.29358118607718,-4.74,2.27927812847497));
#6824=CARTESIAN_POINT('',(2.29367625826643,-4.74000000690352,2.28059308655526));
#6825=CARTESIAN_POINT('',(2.07614147909967,-4.74,3.0923883785577));
#6826=CARTESIAN_POINT('',(2.07654542274753,-4.74,3.09088110122703));
#6827=CARTESIAN_POINT('',(2.0913974375586,-4.74,3.03474536969335));
#6828=CARTESIAN_POINT('',(2.13284182895297,-4.74,2.87814460902133));
#6829=CARTESIAN_POINT('',(2.1884469623864,-4.74,2.6678244543072));
#6830=CARTESIAN_POINT('',(2.21376998611613,-4.74,2.57260681496922));
#6831=CARTESIAN_POINT('',(2.2539245672159,-4.74,2.42347986221425));
#6832=CARTESIAN_POINT('',(2.27842331573812,-4.74,2.33478207844677));
#6833=CARTESIAN_POINT('',(2.29368223766791,-4.74,2.28059477033));
#6834=CARTESIAN_POINT('',(2.47588424437299,-4.74,2.46576458434548));
#6835=CARTESIAN_POINT('',(2.47588424437299,-4.75,2.46576458434548));
#6836=CARTESIAN_POINT('',(2.50341214619292,-4.74,2.58831265488396));
#6837=CARTESIAN_POINT('',(2.50341214619292,-4.75,2.58831265488396));
#6838=CARTESIAN_POINT('',(2.54529496438698,-4.74000000000001,2.77154918123127));
#6839=CARTESIAN_POINT('',(2.54529496438698,-4.75000000000001,2.77154918123127));
#6840=CARTESIAN_POINT('',(2.5987748601224,-4.74,3.01820686753599));
#6841=CARTESIAN_POINT('',(2.5987748601224,-4.75,3.01820686753599));
#6842=CARTESIAN_POINT('',(2.64479443656561,-4.74,3.1973443376603));
#6843=CARTESIAN_POINT('',(2.64479443656561,-4.75,3.1973443376603));
#6844=CARTESIAN_POINT('',(2.66443017723643,-4.74,3.36516891234408));
#6845=CARTESIAN_POINT('',(2.66443017723643,-4.75,3.36516891234408));
#6846=CARTESIAN_POINT('',(2.74750139452898,-4.73999999999999,3.44835795351739));
#6847=CARTESIAN_POINT('',(2.74750139452898,-4.74999999999999,3.44835795351739));
#6848=CARTESIAN_POINT('',(2.86241058096863,-4.74,3.44247566512859));
#6849=CARTESIAN_POINT('',(2.86241058096863,-4.75,3.44247566512859));
#6850=CARTESIAN_POINT('',(2.92074624844988,-4.74,3.3731099240619));
#6851=CARTESIAN_POINT('',(2.92074624844988,-4.75,3.3731099240619));
#6852=CARTESIAN_POINT('',(2.93432042573929,-4.74,3.32063796573149));
#6853=CARTESIAN_POINT('',(2.93432042573929,-4.75,3.32063796573149));
#6854=CARTESIAN_POINT('',(2.90045971329179,-4.74,3.16615492812643));
#6855=CARTESIAN_POINT('',(2.90045971329179,-4.75,3.16615492812643));
#6856=CARTESIAN_POINT('',(2.87463137122983,-4.74,3.06466705576496));
#6857=CARTESIAN_POINT('',(2.87463137122983,-4.75,3.06466705576496));
#6858=CARTESIAN_POINT('',(2.83522780868826,-4.74,2.902479414163));
#6859=CARTESIAN_POINT('',(2.83522780868826,-4.75,2.902479414163));
#6860=CARTESIAN_POINT('',(2.77598738352225,-4.74000000000001,2.66085105397888));
#6861=CARTESIAN_POINT('',(2.77598738352225,-4.75000000000001,2.66085105397888));
#6862=CARTESIAN_POINT('',(2.71249409742602,-4.74,2.4260564051877));
#6863=CARTESIAN_POINT('',(2.71249409742602,-4.75,2.4260564051877));
#6864=CARTESIAN_POINT('',(2.65818628881191,-4.74,2.15753071012704));
#6865=CARTESIAN_POINT('',(2.65818628881191,-4.75,2.15753071012704));
#6866=CARTESIAN_POINT('',(2.58056166015407,-4.74,2.03760507063853));
#6867=CARTESIAN_POINT('',(2.58056166015407,-4.75,2.03760507063853));
#6868=CARTESIAN_POINT('',(2.42273472172145,-4.74,2.04167161852406));
#6869=CARTESIAN_POINT('',(2.42273472172145,-4.75,2.04167161852406));
#6870=CARTESIAN_POINT('',(2.33780625330278,-4.74,2.11626253021214));
#6871=CARTESIAN_POINT('',(2.33780625330278,-4.75,2.11626253021214));
#6872=CARTESIAN_POINT('',(2.32351770721271,-4.74,2.17467865300081));
#6873=CARTESIAN_POINT('',(2.32351770721271,-4.75,2.17467865300081));
#6874=CARTESIAN_POINT('',(2.2940192926045,-4.74,2.27939802485995));
#6875=CARTESIAN_POINT('',(2.2940192926045,-4.75,2.27939802485995));
#6876=CARTESIAN_POINT('',(2.47588437875002,-4.75,2.46576518256199));
#6877=CARTESIAN_POINT('',(2.5034424609559,-4.75,2.58844760943795));
#6878=CARTESIAN_POINT('',(2.54534761452543,-4.75,2.77178442222586));
#6879=CARTESIAN_POINT('',(2.59881319447725,-4.75,3.01837609962575));
#6880=CARTESIAN_POINT('',(2.64479643769525,-4.75,3.19735865704754));
#6881=CARTESIAN_POINT('',(2.66439196948687,-4.75,3.36498287235055));
#6882=CARTESIAN_POINT('',(2.74757044998317,-4.75,3.44869109577277));
#6883=CARTESIAN_POINT('',(2.86214796511234,-4.75,3.44120005827099));
#6884=CARTESIAN_POINT('',(2.92172942178149,-4.75,3.37787845230263));
#6885=CARTESIAN_POINT('',(2.93065119766489,-4.75,3.30283803411954));
#6886=CARTESIAN_POINT('',(2.91690298270567,-4.75,3.24429380313217));
#6887=CARTESIAN_POINT('',(2.90064399531564,-4.75,3.16870648664533));
#6888=CARTESIAN_POINT('',(2.87695525438898,-4.75,3.07284198863516));
#6889=CARTESIAN_POINT('',(2.87521826098619,-4.75,3.06602773111815));
#6890=CARTESIAN_POINT('',(2.86090746286976,-4.75,3.00790891429953));
#6891=CARTESIAN_POINT('',(2.83477406764887,-4.75,2.90080767494391));
#6892=CARTESIAN_POINT('',(2.80898991578954,-4.75,2.7957185557053));
#6893=CARTESIAN_POINT('',(2.78529556711318,-4.75,2.70073827861055));
#6894=CARTESIAN_POINT('',(2.75228771811393,-4.75,2.57388663905871));
#6895=CARTESIAN_POINT('',(2.72051125894384,-4.75,2.44751228950126));
#6896=CARTESIAN_POINT('',(2.70650990034679,-4.75,2.38657259788191));
#6897=CARTESIAN_POINT('',(2.683227562209,-4.75,2.28300828407208));
#6898=CARTESIAN_POINT('',(2.67737123923406,-4.75,2.25662433212483));
#6899=CARTESIAN_POINT('',(2.64024235294331,-4.75,2.1233775962447));
#6900=CARTESIAN_POINT('',(2.58099958915433,-4.75,2.03905262070631));
#6901=CARTESIAN_POINT('',(2.42257287122316,-4.75,2.04168034880343));
#6902=CARTESIAN_POINT('',(2.35939751252944,-4.75,2.09649212422547));
#6903=CARTESIAN_POINT('',(2.32700573381648,-4.75,2.15968871828769));
#6904=CARTESIAN_POINT('',(2.31150364324769,-4.75,2.21732858007665));
#6905=CARTESIAN_POINT('',(2.2940192926045,-4.75,2.27939802485995));
#6906=CARTESIAN_POINT('',(2.2940192926045,-4.74,2.27939802485995));
#6907=CARTESIAN_POINT('',(2.30789207157191,-4.74,2.23014965952566));
#6908=CARTESIAN_POINT('',(2.33706815204376,-4.74,2.14832269110025));
#6909=CARTESIAN_POINT('',(2.35852038828565,-4.74,2.07927421276382));
#6910=CARTESIAN_POINT('',(2.51642180429958,-4.74,2.02646507926113));
#6911=CARTESIAN_POINT('',(2.60601400271502,-4.74,2.07473429488112));
#6912=CARTESIAN_POINT('',(2.65655555052539,-4.74,2.17679307633311));
#6913=CARTESIAN_POINT('',(2.66446213984958,-4.74,2.22075909483777));
#6914=CARTESIAN_POINT('',(2.69789586462547,-4.74,2.34702710558752));
#6915=CARTESIAN_POINT('',(2.742049023044,-4.74,2.52781285165711));
#6916=CARTESIAN_POINT('',(2.78846467192824,-4.74,2.71463982541177));
#6917=CARTESIAN_POINT('',(2.8351291277096,-4.74,2.90364038690289));
#6918=CARTESIAN_POINT('',(2.86481185946719,-4.74,3.02365366642884));
#6919=CARTESIAN_POINT('',(2.87462013876924,-4.74,3.06328242816109));
#6920=CARTESIAN_POINT('',(2.88073311755245,-4.74,3.08823580546451));
#6921=CARTESIAN_POINT('',(2.87523161197935,-4.74,3.06547151454286));
#6922=CARTESIAN_POINT('',(2.90202382301372,-4.74,3.17598075748209));
#6923=CARTESIAN_POINT('',(2.91790304392242,-4.74,3.25158369482019));
#6924=CARTESIAN_POINT('',(2.93105560395557,-4.74,3.29757360135724));
#6925=CARTESIAN_POINT('',(2.91899253835794,-4.74,3.38913415448007));
#6926=CARTESIAN_POINT('',(2.86156455863263,-4.74,3.43693350924441));
#6927=CARTESIAN_POINT('',(2.75264457889347,-4.74,3.45449993039799));
#6928=CARTESIAN_POINT('',(2.67865002154136,-4.74,3.37233805202929));
#6929=CARTESIAN_POINT('',(2.67762841065223,-4.74,3.34641610830203));
#6930=CARTESIAN_POINT('',(2.63679081639611,-4.74,3.18675751342512));
#6931=CARTESIAN_POINT('',(2.62152107623756,-4.74,3.11288444065444));
#6932=CARTESIAN_POINT('',(2.59224095512234,-4.74,2.98445741008862));
#6933=CARTESIAN_POINT('',(2.54518221234438,-4.74,2.77373960669449));
#6934=CARTESIAN_POINT('',(2.5034125005323,-4.74,2.58831423232374));
#6935=CARTESIAN_POINT('',(2.47588461411843,-4.74,2.4657662303696));
#6936=CARTESIAN_POINT('',(2.88061391441438,-4.74,3.08768383711199));
#6937=CARTESIAN_POINT('',(0.422369434983209,-4.74,2.33366216916801));
#6938=CARTESIAN_POINT('',(0.422369434983209,-4.75,2.33366216916801));
#6939=CARTESIAN_POINT('',(0.63406882616211,-4.74,2.18302738351975));
#6940=CARTESIAN_POINT('',(0.63406882616211,-4.75,2.18302738351975));
#6941=CARTESIAN_POINT('',(0.847788200029238,-4.74000000000001,2.2874200511385));
#6942=CARTESIAN_POINT('',(0.847788200029238,-4.75000000000001,2.2874200511385));
#6943=CARTESIAN_POINT('',(0.895978669641408,-4.74,2.56624211251177));
#6944=CARTESIAN_POINT('',(0.895978669641408,-4.75,2.56624211251177));
#6945=CARTESIAN_POINT('',(0.784650625000693,-4.74,2.76666324923287));
#6946=CARTESIAN_POINT('',(0.784650625000693,-4.75,2.76666324923287));
#6947=CARTESIAN_POINT('',(0.595239011883869,-4.74,2.78791571098659));
#6948=CARTESIAN_POINT('',(0.595239011883869,-4.75,2.78791571098659));
#6949=CARTESIAN_POINT('',(0.417365541518481,-4.74,2.64660334276664));
#6950=CARTESIAN_POINT('',(0.417365541518481,-4.75,2.64660334276664));
#6951=CARTESIAN_POINT('',(0.422369434983209,-4.74,2.33366216916801));
#6952=CARTESIAN_POINT('',(0.422369434983209,-4.75,2.33366216916801));
#6953=CARTESIAN_POINT('',(0.63406882616211,-4.74,2.18302738351975));
#6954=CARTESIAN_POINT('',(0.63406882616211,-4.75,2.18302738351975));
#6955=CARTESIAN_POINT('',(0.847788200029238,-4.74000000000001,2.2874200511385));
#6956=CARTESIAN_POINT('',(0.847788200029238,-4.75000000000001,2.2874200511385));
#6957=CARTESIAN_POINT('',(0.83963766335108,-4.74,2.28299430985805));
#6958=CARTESIAN_POINT('',(0.660729646573617,-4.74,2.19808985894035));
#6959=CARTESIAN_POINT('',(0.496178553383137,-4.74,2.27208053363105));
#6960=CARTESIAN_POINT('',(0.41108798806713,-4.74,2.46462441188185));
#6961=CARTESIAN_POINT('',(0.454249096349195,-4.74,2.6989209297069));
#6962=CARTESIAN_POINT('',(0.63196705488456,-4.74,2.79593623658048));
#6963=CARTESIAN_POINT('',(0.812077807906835,-4.74,2.74075612753305));
#6964=CARTESIAN_POINT('',(0.894461101752173,-4.74,2.53237784201352));
#6965=CARTESIAN_POINT('',(0.83963766335108,-4.74,2.28299430985805));
#6966=CARTESIAN_POINT('',(0.660729646573617,-4.74,2.19808985894035));
#6967=CARTESIAN_POINT('',(0.496178553383137,-4.74,2.27208053363105));
#6968=CARTESIAN_POINT('',(0.6572347266881,-4.74,2.22447841071204));
#6969=CARTESIAN_POINT('',(0.405905073946386,-4.74,2.79841330089833));
#6970=CARTESIAN_POINT('',(0.405905073946386,-4.75,2.79841330089833));
#6971=CARTESIAN_POINT('',(0.486924587638903,-4.74,2.89322337011299));
#6972=CARTESIAN_POINT('',(0.486924587638903,-4.75,2.89322337011299));
#6973=CARTESIAN_POINT('',(0.68830052172105,-4.74,2.99461483044478));
#6974=CARTESIAN_POINT('',(0.68830052172105,-4.75,2.99461483044478));
#6975=CARTESIAN_POINT('',(1.15445342403388,-4.74000000000001,2.81129115683673));
#6976=CARTESIAN_POINT('',(1.15445342403388,-4.75000000000001,2.81129115683673));
#6977=CARTESIAN_POINT('',(1.1536577230135,-4.74,2.06730243788626));
#6978=CARTESIAN_POINT('',(1.1536577230135,-4.75,2.06730243788626));
#6979=CARTESIAN_POINT('',(0.426652584445399,-4.74,1.9732170155339));
#6980=CARTESIAN_POINT('',(0.426652584445399,-4.75,1.9732170155339));
#6981=CARTESIAN_POINT('',(0.172044144349619,-4.74,2.37812895717889));
#6982=CARTESIAN_POINT('',(0.172044144349619,-4.75,2.37812895717889));
#6983=CARTESIAN_POINT('',(0.15305466237942,-4.74,2.58221866591405));
#6984=CARTESIAN_POINT('',(0.15305466237942,-4.75,2.58221866591405));
#6985=CARTESIAN_POINT('',(0.15305466237942,-4.74,2.71049475251794));
#6986=CARTESIAN_POINT('',(0.15305466237942,-4.75,2.71049475251794));
#6987=CARTESIAN_POINT('',(0.407733921590518,-4.75,2.80055344175848));
#6988=CARTESIAN_POINT('',(0.488025725968798,-4.75,2.8945119362437));
#6989=CARTESIAN_POINT('',(0.691108036118282,-4.75,2.99457197057226));
#6990=CARTESIAN_POINT('',(1.15510504075215,-4.75,2.80923030922153));
#6991=CARTESIAN_POINT('',(1.1531593099673,-4.75,2.21501862460413));
#6992=CARTESIAN_POINT('',(0.716255299749584,-4.75,2.01075036074905));
#6993=CARTESIAN_POINT('',(0.362791447694372,-4.75,2.07338891014884));
#6994=CARTESIAN_POINT('',(0.17206960285492,-4.75,2.3838185636873));
#6995=CARTESIAN_POINT('',(0.15305466237942,-4.75,2.56986770351225));
#6996=CARTESIAN_POINT('',(0.15305466237942,-4.75,2.71016109184961));
#6997=CARTESIAN_POINT('',(0.407533726135754,-4.74500000235247,2.80071619359295));
#6998=CARTESIAN_POINT('',(0.153054015385868,-4.745,2.71134719075817));
#6999=CARTESIAN_POINT('',(0.153053394753143,-4.74,2.7048849077092));
#7000=CARTESIAN_POINT('',(0.154847593278304,-4.74,2.41136799511355));
#7001=CARTESIAN_POINT('',(0.243827124073116,-4.74,2.11246977280511));
#7002=CARTESIAN_POINT('',(0.730288013457073,-4.74,2.00728343792495));
#7003=CARTESIAN_POINT('',(1.15120192579618,-4.74,2.22444661942546));
#7004=CARTESIAN_POINT('',(1.15528836060183,-4.74,2.80764654085108));
#7005=CARTESIAN_POINT('',(0.691530504119978,-4.74,2.99446341543331));
#7006=CARTESIAN_POINT('',(0.49356801454184,-4.74,2.89603194479256));
#7007=CARTESIAN_POINT('',(0.407801325854565,-4.74,2.80072484059211));
#7008=CARTESIAN_POINT('',(1.00928700212695,-4.74,2.19828885005108));
#7009=CARTESIAN_POINT('',(0.978416593401185,-4.74,3.31381697848839));
#7010=CARTESIAN_POINT('',(1.01574590109536,-4.74,3.27297789694298));
#7011=CARTESIAN_POINT('',(1.09102435157637,-4.74,3.17895519206936));
#7012=CARTESIAN_POINT('',(1.02595410901584,-4.74,3.02694164829785));
#7013=CARTESIAN_POINT('',(0.901284534758527,-4.74,3.04048930419125));
#7014=CARTESIAN_POINT('',(0.8481916314299,-4.74,3.10571920933049));
#7015=CARTESIAN_POINT('',(0.814897000486613,-4.74,3.18260575548976));
#7016=CARTESIAN_POINT('',(0.73077698169511,-4.74,3.2604105635707));
#7017=CARTESIAN_POINT('',(0.579126262339638,-4.74,3.25622303994631));
#7018=CARTESIAN_POINT('',(0.418429068295202,-4.74,3.08528331679728));
#7019=CARTESIAN_POINT('',(0.414813764497422,-4.74,2.910850158305));
#7020=CARTESIAN_POINT('',(0.407217679191915,-4.74,2.80074337421877));
#7021=CARTESIAN_POINT('',(0.978428667106118,-4.745,3.31385761473369));
#7022=CARTESIAN_POINT('',(0.152896960460791,-4.74,2.71135067531735));
#7023=CARTESIAN_POINT('',(0.15534924937472,-4.74,2.8218794480642));
#7024=CARTESIAN_POINT('',(0.169715365530599,-4.74,3.04208303217505));
#7025=CARTESIAN_POINT('',(0.391242106604192,-4.74,3.46131234766576));
#7026=CARTESIAN_POINT('',(0.810803773283191,-4.74,3.46085955402128));
#7027=CARTESIAN_POINT('',(0.978440740811049,-4.74,3.313898250979));
#7028=CARTESIAN_POINT('',(41.7377674392191,-4.74499999999981,17.3937973521265));
#7029=CARTESIAN_POINT('',(-1.35768488745981,-4.75,3.26254915026188));
#7030=CARTESIAN_POINT('',(-1.33862838306237,-4.75,3.2019148180882));
#7031=CARTESIAN_POINT('',(-1.29596895112624,-4.75,3.06975093553055));
#7032=CARTESIAN_POINT('',(-1.17440702098469,-4.75,2.71205925006971));
#7033=CARTESIAN_POINT('',(-1.10340576007747,-4.75,2.50677386091267));
#7034=CARTESIAN_POINT('',(-1.05157556270097,-4.75,2.35592535604966));
#7035=CARTESIAN_POINT('',(-1.35768488745981,-4.75,3.26254915026188));
#7036=CARTESIAN_POINT('',(-1.05157556270097,-4.75,2.35592535604966));
#7037=CARTESIAN_POINT('',(-1.35849838004062,-4.75,3.2622824013371));
#7038=CARTESIAN_POINT('',(-1.35849838004062,-4.74666666666667,3.2622824013371));
#7039=CARTESIAN_POINT('',(-1.35849838004062,-4.74333333333333,3.26228240133711));
#7040=CARTESIAN_POINT('',(-1.35849838004062,-4.74,3.26228240133711));
#7041=CARTESIAN_POINT('',(-1.35768488745981,-4.74,3.26254915026188));
#7042=CARTESIAN_POINT('',(-1.05157556270097,-4.74,2.35592535604966));
#7043=CARTESIAN_POINT('',(-1.0521441322883,-4.74,2.35760932538625));
#7044=CARTESIAN_POINT('',(-1.07369088638584,-4.74,2.42032705514339));
#7045=CARTESIAN_POINT('',(-1.13368303434596,-4.74,2.59502195591306));
#7046=CARTESIAN_POINT('',(-1.21455803043716,-4.74,2.8302033428591));
#7047=CARTESIAN_POINT('',(-1.25031665615851,-4.74,2.93504661788579));
#7048=CARTESIAN_POINT('',(-1.30634673318135,-4.74,3.10209335371269));
#7049=CARTESIAN_POINT('',(-1.33849757561129,-4.74,3.20149861256202));
#7050=CARTESIAN_POINT('',(-1.35768488745981,-4.74,3.26254915026188));
#7051=CARTESIAN_POINT('',(-1.05157556270097,-4.74,2.35592535604966));
#7052=CARTESIAN_POINT('',(-1.05076819624222,-4.74,2.35620909664039));
#7053=CARTESIAN_POINT('',(-1.05076819624222,-4.74333333333333,2.35620909664039));
#7054=CARTESIAN_POINT('',(-1.05076819624223,-4.74666666666667,2.35620909664038));
#7055=CARTESIAN_POINT('',(-1.05076819624222,-4.75,2.35620909664038));
#7056=CARTESIAN_POINT('',(-1.05157556270097,-4.74,2.35592535604966));
#7057=CARTESIAN_POINT('',(-1.05157556270097,-4.75,2.35592535604966));
#7058=CARTESIAN_POINT('',(-1.01973126855675,-4.74,2.45061777324098));
#7059=CARTESIAN_POINT('',(-1.01973126855675,-4.75,2.45061777324098));
#7060=CARTESIAN_POINT('',(-0.955875506845496,-4.74,2.63915563412276));
#7061=CARTESIAN_POINT('',(-0.955875506845496,-4.75,2.63915563412276));
#7062=CARTESIAN_POINT('',(-0.861094904815499,-4.74,2.92704426645048));
#7063=CARTESIAN_POINT('',(-0.861094904815499,-4.75,2.92704426645048));
#7064=CARTESIAN_POINT('',(-0.779185534891274,-4.74,3.15212942379221));
#7065=CARTESIAN_POINT('',(-0.779185534891274,-4.75,3.15212942379221));
#7066=CARTESIAN_POINT('',(-0.720177802441596,-4.74,3.36522951619837));
#7067=CARTESIAN_POINT('',(-0.720177802441596,-4.75,3.36522951619837));
#7068=CARTESIAN_POINT('',(-0.634676263965853,-4.73999999999999,3.4714565368024));
#7069=CARTESIAN_POINT('',(-0.634676263965853,-4.74999999999999,3.4714565368024));
#7070=CARTESIAN_POINT('',(-0.444545918709725,-4.74000000000001,3.39449710765762));
#7071=CARTESIAN_POINT('',(-0.444545918709725,-4.75000000000001,3.39449710765762));
#7072=CARTESIAN_POINT('',(-0.477133178861445,-4.73999999999999,3.23125363442836));
#7073=CARTESIAN_POINT('',(-0.477133178861445,-4.75,3.23125363442836));
#7074=CARTESIAN_POINT('',(-0.53204231953845,-4.74000000000001,3.09588054929042));
#7075=CARTESIAN_POINT('',(-0.53204231953845,-4.75000000000001,3.09588054929042));
#7076=CARTESIAN_POINT('',(-0.598776282015755,-4.73999999999999,2.90624903166121));
#7077=CARTESIAN_POINT('',(-0.598776282015755,-4.75,2.90624903166121));
#7078=CARTESIAN_POINT('',(-0.687274613815788,-4.74,2.67308813560308));
#7079=CARTESIAN_POINT('',(-0.687274613815788,-4.75,2.67308813560308));
#7080=CARTESIAN_POINT('',(-0.774558472059368,-4.74,2.43971608718182));
#7081=CARTESIAN_POINT('',(-0.774558472059368,-4.75,2.43971608718182));
#7082=CARTESIAN_POINT('',(-0.845483405761655,-4.74,2.25121523523113));
#7083=CARTESIAN_POINT('',(-0.845483405761655,-4.75,2.25121523523113));
#7084=CARTESIAN_POINT('',(-0.892845674038335,-4.74,2.10614309600357));
#7085=CARTESIAN_POINT('',(-0.892845674038335,-4.75,2.10614309600357));
#7086=CARTESIAN_POINT('',(-1.01927860841995,-4.74,2.02329730044915));
#7087=CARTESIAN_POINT('',(-1.01927860841995,-4.75,2.02329730044915));
#7088=CARTESIAN_POINT('',(-1.19742254882372,-4.74,2.06670255952147));
#7089=CARTESIAN_POINT('',(-1.19742254882372,-4.75,2.06670255952147));
#7090=CARTESIAN_POINT('',(-1.25638478050066,-4.74000000000001,2.20205550572926));
#7091=CARTESIAN_POINT('',(-1.25638478050066,-4.75000000000001,2.20205550572926));
#7092=CARTESIAN_POINT('',(-1.32104008336092,-4.73999999999999,2.39213834583843));
#7093=CARTESIAN_POINT('',(-1.32104008336092,-4.75,2.39213834583843));
#7094=CARTESIAN_POINT('',(-1.40600649137756,-4.74000000000001,2.6267482587242));
#7095=CARTESIAN_POINT('',(-1.40600649137756,-4.75000000000001,2.6267482587242));
#7096=CARTESIAN_POINT('',(-1.49337503803083,-4.74,2.85974654121558));
#7097=CARTESIAN_POINT('',(-1.49337503803083,-4.75,2.85974654121558));
#7098=CARTESIAN_POINT('',(-1.56489779152741,-4.74,3.04874374411587));
#7099=CARTESIAN_POINT('',(-1.56489779152741,-4.75,3.04874374411587));
#7100=CARTESIAN_POINT('',(-1.61295037241764,-4.74,3.1834112591449));
#7101=CARTESIAN_POINT('',(-1.61295037241764,-4.75,3.1834112591449));
#7102=CARTESIAN_POINT('',(-1.6782504707417,-4.74,3.3448258864253));
#7103=CARTESIAN_POINT('',(-1.6782504707417,-4.75,3.3448258864253));
#7104=CARTESIAN_POINT('',(-1.55962069264392,-4.73999999999999,3.46332238042615));
#7105=CARTESIAN_POINT('',(-1.55962069264392,-4.75,3.46332238042615));
#7106=CARTESIAN_POINT('',(-1.40796768865209,-4.74000000000001,3.42850864584048));
#7107=CARTESIAN_POINT('',(-1.40796768865209,-4.75000000000001,3.42850864584048));
#7108=CARTESIAN_POINT('',(-1.38030937422225,-4.74,3.33453615359692));
#7109=CARTESIAN_POINT('',(-1.38030937422225,-4.75,3.33453615359692));
#7110=CARTESIAN_POINT('',(-1.35768488745981,-4.74,3.26254915026188));
#7111=CARTESIAN_POINT('',(-1.35768488745981,-4.75,3.26254915026188));
#7112=CARTESIAN_POINT('',(-1.05157556270097,-4.75,2.35592535604966));
#7113=CARTESIAN_POINT('',(-1.01983599332897,-4.75,2.45030636292123));
#7114=CARTESIAN_POINT('',(-0.972845784944596,-4.75,2.59001274431254));
#7115=CARTESIAN_POINT('',(-0.91544451151453,-4.75,2.76075765194256));
#7116=CARTESIAN_POINT('',(-0.88609295831456,-4.75,2.8479495161789));
#7117=CARTESIAN_POINT('',(-0.859592166369732,-4.75,2.92697776684074));
#7118=CARTESIAN_POINT('',(-0.857044902378532,-4.75,2.93408969404352));
#7119=CARTESIAN_POINT('',(-0.827157193200724,-4.75,3.01974527315046));
#7120=CARTESIAN_POINT('',(-0.814998883290093,-4.75,3.05421275896114));
#7121=CARTESIAN_POINT('',(-0.783302419460105,-4.75,3.14890403949373));
#7122=CARTESIAN_POINT('',(-0.773067863303436,-4.75,3.18151931973764));
#7123=CARTESIAN_POINT('',(-0.746748108370785,-4.75,3.26795574888795));
#7124=CARTESIAN_POINT('',(-0.741649827342966,-4.75,3.28522554124343));
#7125=CARTESIAN_POINT('',(-0.703116417650939,-4.75,3.39181093045955));
#7126=CARTESIAN_POINT('',(-0.635731929138697,-4.75,3.46815396173962));
#7127=CARTESIAN_POINT('',(-0.443907745106563,-4.75,3.39639459990356));
#7128=CARTESIAN_POINT('',(-0.472843130935465,-4.75,3.25520430040674));
#7129=CARTESIAN_POINT('',(-0.502661292141828,-4.75,3.16904943661789));
#7130=CARTESIAN_POINT('',(-0.535131751431149,-4.75,3.08418950070146));
#7131=CARTESIAN_POINT('',(-0.54208538225868,-4.75,3.06563277385943));
#7132=CARTESIAN_POINT('',(-0.558400092118875,-4.75,3.02047038897427));
#7133=CARTESIAN_POINT('',(-0.588021568716314,-4.75,2.93842236204721));
#7134=CARTESIAN_POINT('',(-0.584102732875798,-4.75,2.94933302963932));
#7135=CARTESIAN_POINT('',(-0.592752419636423,-4.75,2.92569301670625));
#7136=CARTESIAN_POINT('',(-0.606800659688167,-4.75,2.88787544710654));
#7137=CARTESIAN_POINT('',(-0.642468614976272,-4.75,2.79218642620398));
#7138=CARTESIAN_POINT('',(-0.695544450248878,-4.75,2.65049623331719));
#7139=CARTESIAN_POINT('',(-0.745931219342039,-4.75,2.51616580440879));
#7140=CARTESIAN_POINT('',(-0.812871526527944,-4.75,2.33783718694302));
#7141=CARTESIAN_POINT('',(-0.834748749862944,-4.75,2.27976375087979));
#7142=CARTESIAN_POINT('',(-0.869506307392811,-4.75,2.17775159478574));
#7143=CARTESIAN_POINT('',(-0.91373626399765,-4.75,2.09291497924602));
#7144=CARTESIAN_POINT('',(-1.01920386289446,-4.75,2.02271951209354));
#7145=CARTESIAN_POINT('',(-1.16813769443717,-4.75,2.06062219890806));
#7146=CARTESIAN_POINT('',(-1.22618816954194,-4.75,2.13241766167892));
#7147=CARTESIAN_POINT('',(-1.25781243868471,-4.75,2.21042709331192));
#7148=CARTESIAN_POINT('',(-1.27040000419145,-4.75,2.24541618332305));
#7149=CARTESIAN_POINT('',(-1.31987742278686,-4.75,2.38634821659541));
#7150=CARTESIAN_POINT('',(-1.34639431809012,-4.75,2.46205603394239));
#7151=CARTESIAN_POINT('',(-1.4104676091233,-4.75,2.63771314056784));
#7152=CARTESIAN_POINT('',(-1.450656760046,-4.75,2.74564699965813));
#7153=CARTESIAN_POINT('',(-1.51335847082303,-4.75,2.91266833393665));
#7154=CARTESIAN_POINT('',(-1.56425767317872,-4.75,3.0469540046928));
#7155=CARTESIAN_POINT('',(-1.61317154609013,-4.75,3.18404880826621));
#7156=CARTESIAN_POINT('',(-1.67800589440043,-4.75,3.34406542936314));
#7157=CARTESIAN_POINT('',(-1.56037782433649,-4.75,3.46572665955348));
#7158=CARTESIAN_POINT('',(-1.40518373822307,-4.75,3.41965198639333));
#7159=CARTESIAN_POINT('',(-1.38630050409491,-4.75,3.35359883955538));
#7160=CARTESIAN_POINT('',(-1.35768488745981,-4.75,3.26254915026188));
#7161=CARTESIAN_POINT('',(-1.35768488745981,-4.74,3.26254915026188));
#7162=CARTESIAN_POINT('',(-1.38130143241268,-4.74,3.33769270238466));
#7163=CARTESIAN_POINT('',(-1.40738776101977,-4.74,3.425516883761));
#7164=CARTESIAN_POINT('',(-1.5601623520714,-4.74,3.4690587245227));
#7165=CARTESIAN_POINT('',(-1.65724685923197,-4.74,3.34890334751924));
#7166=CARTESIAN_POINT('',(-1.64770965698235,-4.74,3.29118082219694));
#7167=CARTESIAN_POINT('',(-1.60359512860153,-4.74,3.14539490329824));
#7168=CARTESIAN_POINT('',(-1.56646993752361,-4.74,3.05357842713301));
#7169=CARTESIAN_POINT('',(-1.51249958616449,-4.74,2.90382481095981));
#7170=CARTESIAN_POINT('',(-1.46174309838821,-4.74,2.76980321881022));
#7171=CARTESIAN_POINT('',(-1.40191340470354,-4.74,2.61452949619803));
#7172=CARTESIAN_POINT('',(-1.36952479742694,-4.74,2.53063439226958));
#7173=CARTESIAN_POINT('',(-1.30950188197443,-4.74,2.34754986054315));
#7174=CARTESIAN_POINT('',(-1.22338413232706,-4.74,2.1456745255244));
#7175=CARTESIAN_POINT('',(-1.20680692534755,-4.74,2.08108544335051));
#7176=CARTESIAN_POINT('',(-1.04675261297312,-4.74,2.03196986167328));
#7177=CARTESIAN_POINT('',(-0.958175239849808,-4.74,2.05925458897879));
#7178=CARTESIAN_POINT('',(-0.895693538167388,-4.74,2.12563374568468));
#7179=CARTESIAN_POINT('',(-0.895195317815585,-4.74,2.13729534797703));
#7180=CARTESIAN_POINT('',(-0.866521067761912,-4.74,2.1991331320304));
#7181=CARTESIAN_POINT('',(-0.837023751635374,-4.74,2.27433462997805));
#7182=CARTESIAN_POINT('',(-0.787451025952437,-4.74,2.40525597711235));
#7183=CARTESIAN_POINT('',(-0.767459301018226,-4.74,2.45928510013057));
#7184=CARTESIAN_POINT('',(-0.730454330600774,-4.74,2.55812706246167));
#7185=CARTESIAN_POINT('',(-0.670661266211421,-4.74,2.71872724130094));
#7186=CARTESIAN_POINT('',(-0.599034736926576,-4.74,2.90659781682939));
#7187=CARTESIAN_POINT('',(-0.531318443755602,-4.74,3.09551844362455));
#7188=CARTESIAN_POINT('',(-0.477175494406641,-4.74,3.2316315448229));
#7189=CARTESIAN_POINT('',(-0.445100532311792,-4.74,3.39334757174531));
#7190=CARTESIAN_POINT('',(-0.632415494012388,-4.74,3.47567677005713));
#7191=CARTESIAN_POINT('',(-0.712624472879889,-4.74,3.37052789425266));
#7192=CARTESIAN_POINT('',(-0.730703387769268,-4.74,3.30680396057861));
#7193=CARTESIAN_POINT('',(-0.778931390220803,-4.74,3.16854771943782));
#7194=CARTESIAN_POINT('',(-0.810754280211409,-4.74,3.07140738373876));
#7195=CARTESIAN_POINT('',(-0.877583515459715,-4.74,2.87367165658627));
#7196=CARTESIAN_POINT('',(-0.95562392734033,-4.74,2.64111605999291));
#7197=CARTESIAN_POINT('',(-1.01973126855675,-4.74,2.45061777324097));
#7198=CARTESIAN_POINT('',(-1.05157556270097,-4.74,2.35592535604966));
#7199=CARTESIAN_POINT('',(-0.792381192743891,-4.74,2.39244060642634));
#7200=CARTESIAN_POINT('',(-2.39125401929261,-4.74,3.19232406987603));
#7201=CARTESIAN_POINT('',(-2.39125401929261,-4.75,3.19232406987603));
#7202=CARTESIAN_POINT('',(-2.40896034297964,-4.75,3.09268848573884));
#7203=CARTESIAN_POINT('',(-2.42666666666667,-4.75,2.99305290160165));
#7204=CARTESIAN_POINT('',(-2.4443729903537,-4.75,2.89341731746445));
#7205=CARTESIAN_POINT('',(-2.39125401929261,-4.75,3.19232406987603));
#7206=CARTESIAN_POINT('',(-2.4443729903537,-4.75,2.89341731746445));
#7207=CARTESIAN_POINT('',(-2.39125401929261,-4.74,3.19232406987603));
#7208=CARTESIAN_POINT('',(-2.39125401929261,-4.74,3.19232406987603));
#7209=CARTESIAN_POINT('',(-2.39125401929261,-4.74,3.19232406987603));
#7210=CARTESIAN_POINT('',(-2.40896034297964,-4.74,3.09268848573884));
#7211=CARTESIAN_POINT('',(-2.42666666666667,-4.74,2.99305290160165));
#7212=CARTESIAN_POINT('',(-2.4443729903537,-4.74,2.89341731746445));
#7213=CARTESIAN_POINT('',(-2.4443729903537,-4.74,2.89341731746445));
#7214=CARTESIAN_POINT('',(-2.4443729903537,-4.74,2.89341731746445));
#7215=CARTESIAN_POINT('',(-1.95369774919614,-4.74,3.19232406987603));
#7216=CARTESIAN_POINT('',(-1.95369774919614,-4.75,3.19232406987603));
#7217=CARTESIAN_POINT('',(-2.0995498392283,-4.75,3.19232406987603));
#7218=CARTESIAN_POINT('',(-2.24540192926045,-4.75,3.19232406987603));
#7219=CARTESIAN_POINT('',(-2.39125401929261,-4.75,3.19232406987603));
#7220=CARTESIAN_POINT('',(-1.95369774919614,-4.75,3.19232406987603));
#7221=CARTESIAN_POINT('',(-1.95369774919614,-4.74,3.19232406987603));
#7222=CARTESIAN_POINT('',(-1.95369774919614,-4.74,3.19232406987603));
#7223=CARTESIAN_POINT('',(-1.95369774919614,-4.74,3.19232406987603));
#7224=CARTESIAN_POINT('',(-2.0995498392283,-4.74,3.19232406987603));
#7225=CARTESIAN_POINT('',(-2.24540192926045,-4.74,3.19232406987603));
#7226=CARTESIAN_POINT('',(-2.39125401929261,-4.74,3.19232406987603));
#7227=CARTESIAN_POINT('',(-2.4443729903537,-4.74,2.89341731746445));
#7228=CARTESIAN_POINT('',(-2.4443729903537,-4.75,2.89341731746445));
#7229=CARTESIAN_POINT('',(-2.30131283806395,-4.74,2.97010935786721));
#7230=CARTESIAN_POINT('',(-2.30131283806395,-4.75,2.97010935786721));
#7231=CARTESIAN_POINT('',(-2.05215937778141,-4.74000000000001,2.98916441592016));
#7232=CARTESIAN_POINT('',(-2.05215937778141,-4.75000000000001,2.98916441592016));
#7233=CARTESIAN_POINT('',(-1.76773660971095,-4.74,2.73576614020643));
#7234=CARTESIAN_POINT('',(-1.76773660971095,-4.75,2.73576614020643));
#7235=CARTESIAN_POINT('',(-1.7652927071324,-4.74000000000001,2.32010621992247));
#7236=CARTESIAN_POINT('',(-1.7652927071324,-4.75000000000001,2.32010621992247));
#7237=CARTESIAN_POINT('',(-1.98793992622961,-4.74,2.08296943415373));
#7238=CARTESIAN_POINT('',(-1.98793992622961,-4.75,2.08296943415373));
#7239=CARTESIAN_POINT('',(-2.2515888073071,-4.74,2.03327956077409));
#7240=CARTESIAN_POINT('',(-2.2515888073071,-4.75,2.03327956077409));
#7241=CARTESIAN_POINT('',(-2.45030879058435,-4.74,2.05362900662149));
#7242=CARTESIAN_POINT('',(-2.45030879058435,-4.75,2.05362900662149));
#7243=CARTESIAN_POINT('',(-2.60492406783978,-4.74,2.13236497651098));
#7244=CARTESIAN_POINT('',(-2.60492406783978,-4.75,2.13236497651098));
#7245=CARTESIAN_POINT('',(-2.72865177714104,-4.74,2.28861770593758));
#7246=CARTESIAN_POINT('',(-2.72865177714104,-4.75,2.28861770593758));
#7247=CARTESIAN_POINT('',(-2.73099234660214,-4.74,2.4585364531024));
#7248=CARTESIAN_POINT('',(-2.73099234660214,-4.75,2.4585364531024));
#7249=CARTESIAN_POINT('',(-2.60165231210924,-4.74,2.49359559835392));
#7250=CARTESIAN_POINT('',(-2.60165231210924,-4.75,2.49359559835392));
#7251=CARTESIAN_POINT('',(-2.52310341805556,-4.74,2.44303696345051));
#7252=CARTESIAN_POINT('',(-2.52310341805556,-4.75,2.44303696345051));
#7253=CARTESIAN_POINT('',(-2.48373807862245,-4.74,2.33490195790505));
#7254=CARTESIAN_POINT('',(-2.48373807862245,-4.75,2.33490195790505));
#7255=CARTESIAN_POINT('',(-2.4059168654374,-4.74,2.24950273412565));
#7256=CARTESIAN_POINT('',(-2.4059168654374,-4.75,2.24950273412565));
#7257=CARTESIAN_POINT('',(-2.23846284638553,-4.74,2.19159016850873));
#7258=CARTESIAN_POINT('',(-2.23846284638553,-4.75,2.19159016850873));
#7259=CARTESIAN_POINT('',(-2.07410481512406,-4.74,2.28200837833618));
#7260=CARTESIAN_POINT('',(-2.07410481512406,-4.75,2.28200837833618));
#7261=CARTESIAN_POINT('',(-2.00953877695629,-4.74,2.49621304886088));
#7262=CARTESIAN_POINT('',(-2.00953877695629,-4.75,2.49621304886088));
#7263=CARTESIAN_POINT('',(-2.06945748384183,-4.74000000000001,2.70904214351533));
#7264=CARTESIAN_POINT('',(-2.06945748384183,-4.75000000000001,2.70904214351533));
#7265=CARTESIAN_POINT('',(-2.17159343654245,-4.74,2.77802968754759));
#7266=CARTESIAN_POINT('',(-2.17159343654245,-4.75,2.77802968754759));
#7267=CARTESIAN_POINT('',(-2.3092249598028,-4.74,2.78479679101142));
#7268=CARTESIAN_POINT('',(-2.3092249598028,-4.75,2.78479679101142));
#7269=CARTESIAN_POINT('',(-2.3844686603699,-4.74,2.76430828590516));
#7270=CARTESIAN_POINT('',(-2.3844686603699,-4.75,2.76430828590516));
#7271=CARTESIAN_POINT('',(-2.45052905413775,-4.74,2.70929266818407));
#7272=CARTESIAN_POINT('',(-2.45052905413775,-4.75,2.70929266818407));
#7273=CARTESIAN_POINT('',(-2.56176424155403,-4.74,2.63580190994926));
#7274=CARTESIAN_POINT('',(-2.56176424155403,-4.75,2.63580190994926));
#7275=CARTESIAN_POINT('',(-2.62468898772481,-4.74,2.64735672938142));
#7276=CARTESIAN_POINT('',(-2.62468898772481,-4.75,2.64735672938142));
#7277=CARTESIAN_POINT('',(-2.67639344993588,-4.74,2.69356832789971));
#7278=CARTESIAN_POINT('',(-2.67639344993588,-4.75,2.69356832789971));
#7279=CARTESIAN_POINT('',(-2.6934831573172,-4.74,2.71921044257079));
#7280=CARTESIAN_POINT('',(-2.6934831573172,-4.75,2.71921044257079));
#7281=CARTESIAN_POINT('',(-2.69400142240268,-4.74,2.75180852664212));
#7282=CARTESIAN_POINT('',(-2.69400142240268,-4.75,2.75180852664212));
#7283=CARTESIAN_POINT('',(-2.69813473009895,-4.74,2.74074474609596));
#7284=CARTESIAN_POINT('',(-2.69813473009895,-4.75,2.74074474609596));
#7285=CARTESIAN_POINT('',(-2.68220009188178,-4.74,2.83573474062182));
#7286=CARTESIAN_POINT('',(-2.68220009188178,-4.75,2.83573474062182));
#7287=CARTESIAN_POINT('',(-2.68405910387506,-4.74000000000001,2.8250212488178));
#7288=CARTESIAN_POINT('',(-2.68405910387506,-4.75000000000001,2.8250212488178));
#7289=CARTESIAN_POINT('',(-2.6803101115813,-4.74,2.8475991685437));
#7290=CARTESIAN_POINT('',(-2.6803101115813,-4.75,2.8475991685437));
#7291=CARTESIAN_POINT('',(-2.67657490951289,-4.74,2.86996892184796));
#7292=CARTESIAN_POINT('',(-2.67657490951289,-4.75,2.86996892184796));
#7293=CARTESIAN_POINT('',(-2.66707868051014,-4.74000000000001,2.92674655546283));
#7294=CARTESIAN_POINT('',(-2.66707868051014,-4.75000000000001,2.92674655546283));
#7295=CARTESIAN_POINT('',(-2.65263883954243,-4.74000000000001,3.00228497570715));
#7296=CARTESIAN_POINT('',(-2.65263883954243,-4.75000000000001,3.00228497570715));
#7297=CARTESIAN_POINT('',(-2.63121160785258,-4.74,3.12300211207766));
#7298=CARTESIAN_POINT('',(-2.63121160785258,-4.75,3.12300211207766));
#7299=CARTESIAN_POINT('',(-2.61516466676127,-4.74000000000001,3.29103967890584));
#7300=CARTESIAN_POINT('',(-2.61516466676127,-4.75000000000001,3.29103967890584));
#7301=CARTESIAN_POINT('',(-2.53877064260306,-4.74,3.41489798609761));
#7302=CARTESIAN_POINT('',(-2.53877064260306,-4.75,3.41489798609761));
#7303=CARTESIAN_POINT('',(-2.39081167563163,-4.74,3.40721702092873));
#7304=CARTESIAN_POINT('',(-2.39081167563163,-4.75,3.40721702092873));
#7305=CARTESIAN_POINT('',(-2.27249486503648,-4.74,3.40900981068233));
#7306=CARTESIAN_POINT('',(-2.27249486503648,-4.75,3.40900981068233));
#7307=CARTESIAN_POINT('',(-2.14325004908797,-4.74,3.40887812503722));
#7308=CARTESIAN_POINT('',(-2.14325004908797,-4.75,3.40887812503722));
#7309=CARTESIAN_POINT('',(-2.02455763191738,-4.74,3.4074145493964));
#7310=CARTESIAN_POINT('',(-2.02455763191738,-4.75,3.4074145493964));
#7311=CARTESIAN_POINT('',(-1.91480912805899,-4.74,3.4122370130516));
#7312=CARTESIAN_POINT('',(-1.91480912805899,-4.75,3.4122370130516));
#7313=CARTESIAN_POINT('',(-1.82527841328538,-4.74000000000001,3.37875781595219));
#7314=CARTESIAN_POINT('',(-1.82527841328538,-4.75000000000001,3.37875781595219));
#7315=CARTESIAN_POINT('',(-1.79826632993122,-4.74,3.24753595518744));
#7316=CARTESIAN_POINT('',(-1.79826632993122,-4.75,3.24753595518744));
#7317=CARTESIAN_POINT('',(-1.87554480680207,-4.74,3.19232406987603));
#7318=CARTESIAN_POINT('',(-1.87554480680207,-4.75,3.19232406987603));
#7319=CARTESIAN_POINT('',(-1.95369774919614,-4.74,3.19232406987603));
#7320=CARTESIAN_POINT('',(-1.95369774919614,-4.75,3.19232406987603));
#7321=CARTESIAN_POINT('',(-2.4443729903537,-4.75,2.89341731746445));
#7322=CARTESIAN_POINT('',(-2.17496018459408,-4.75,3.03784480096447));
#7323=CARTESIAN_POINT('',(-1.77278677946477,-4.75,2.87649069511238));
#7324=CARTESIAN_POINT('',(-1.76456790123949,-4.75,2.31940150615872));
#7325=CARTESIAN_POINT('',(-2.03237314342319,-4.75,2.03690867438745));
#7326=CARTESIAN_POINT('',(-2.39857715470511,-4.75,2.02803091969964));
#7327=CARTESIAN_POINT('',(-2.6049605115883,-4.75,2.13224289154867));
#7328=CARTESIAN_POINT('',(-2.7286417988054,-4.75,2.28865113974642));
#7329=CARTESIAN_POINT('',(-2.73099357487456,-4.75,2.45853231684303));
#7330=CARTESIAN_POINT('',(-2.60165209688601,-4.75,2.49359635685903));
#7331=CARTESIAN_POINT('',(-2.52310341154998,-4.75,2.4430368419983));
#7332=CARTESIAN_POINT('',(-2.48373831986802,-4.75,2.33490168520877));
#7333=CARTESIAN_POINT('',(-2.40591550705326,-4.75,2.24950444134084));
#7334=CARTESIAN_POINT('',(-2.23847386561488,-4.75,2.19157616705334));
#7335=CARTESIAN_POINT('',(-2.0740645721135,-4.75,2.28205953520841));
#7336=CARTESIAN_POINT('',(-2.00968872976917,-4.75,2.49602242282736));
#7337=CARTESIAN_POINT('',(-2.06889791560088,-4.75,2.70975349077719));
#7338=CARTESIAN_POINT('',(-2.17324044196141,-4.75,2.77593594291298));
#7339=CARTESIAN_POINT('',(-2.30637226369686,-4.75,2.78842326190134));
#7340=CARTESIAN_POINT('',(-2.382295006167,-4.75,2.76100129167014));
#7341=CARTESIAN_POINT('',(-2.3994088638701,-4.75,2.74817432402154));
#7342=CARTESIAN_POINT('',(-2.47905546715728,-4.75,2.69033152778235));
#7343=CARTESIAN_POINT('',(-2.56232927242131,-4.75,2.63934680132792));
#7344=CARTESIAN_POINT('',(-2.61055721228897,-4.75,2.64194135897761));
#7345=CARTESIAN_POINT('',(-2.67891589426762,-4.75,2.69093163533253));
#7346=CARTESIAN_POINT('',(-2.69229867373744,-4.75,2.72398133661386));
#7347=CARTESIAN_POINT('',(-2.69546284223085,-4.75,2.74498177214842));
#7348=CARTESIAN_POINT('',(-2.69558987664375,-4.75,2.75274144814954));
#7349=CARTESIAN_POINT('',(-2.68298507942945,-4.75,2.83188990074695));
#7350=CARTESIAN_POINT('',(-2.68346400713955,-4.75,2.82840390626374));
#7351=CARTESIAN_POINT('',(-2.6797018790946,-4.75,2.85145059251514));
#7352=CARTESIAN_POINT('',(-2.67546908403458,-4.75,2.87674577738091));
#7353=CARTESIAN_POINT('',(-2.66770591341964,-4.75,2.92198841844511));
#7354=CARTESIAN_POINT('',(-2.65376076959691,-4.75,3.00298465080859));
#7355=CARTESIAN_POINT('',(-2.62813312831615,-4.75,3.12381376281575));
#7356=CARTESIAN_POINT('',(-2.62710179808075,-4.75,3.28949785104854));
#7357=CARTESIAN_POINT('',(-2.51814413517103,-4.75,3.40579042214312));
#7358=CARTESIAN_POINT('',(-2.46935383264748,-4.75,3.40742973672388));
#7359=CARTESIAN_POINT('',(-2.37621081391133,-4.75,3.40891735597092));
#7360=CARTESIAN_POINT('',(-2.3024949808968,-4.75,3.40804797834882));
#7361=CARTESIAN_POINT('',(-2.22212124626073,-4.75,3.4089449104528));
#7362=CARTESIAN_POINT('',(-2.1697371716526,-4.75,3.4087201248801));
#7363=CARTESIAN_POINT('',(-2.05097673917146,-4.75,3.40833097762062));
#7364=CARTESIAN_POINT('',(-1.94447094486611,-4.75,3.40527967273358));
#7365=CARTESIAN_POINT('',(-1.93623877930319,-4.75,3.41280831807404));
#7366=CARTESIAN_POINT('',(-1.81964649535985,-4.75,3.37860747252524));
#7367=CARTESIAN_POINT('',(-1.80160766318363,-4.75,3.24762616124361));
#7368=CARTESIAN_POINT('',(-1.87573389431663,-4.75,3.19232406987603));
#7369=CARTESIAN_POINT('',(-1.95369774919614,-4.75,3.19232406987603));
#7370=CARTESIAN_POINT('',(-1.95369774919614,-4.74,3.19232406987603));
#7371=CARTESIAN_POINT('',(-1.87546359317936,-4.74,3.19232406987603));
#7372=CARTESIAN_POINT('',(-1.80212233135569,-4.74,3.24763109917393));
#7373=CARTESIAN_POINT('',(-1.81887881545218,-4.74,3.37859924264137));
#7374=CARTESIAN_POINT('',(-1.93911541778179,-4.74,3.41283959163273));
#7375=CARTESIAN_POINT('',(-1.93373207085945,-4.74,3.40516280838272));
#7376=CARTESIAN_POINT('',(-2.02010686103947,-4.74,3.40831766548293));
#7377=CARTESIAN_POINT('',(-2.12466835651452,-4.74,3.40815221539748));
#7378=CARTESIAN_POINT('',(-2.32432419815962,-4.74,3.40852547567832));
#7379=CARTESIAN_POINT('',(-2.38501525428197,-4.74,3.40815332365348));
#7380=CARTESIAN_POINT('',(-2.50271645578453,-4.74,3.40926867147201));
#7381=CARTESIAN_POINT('',(-2.57138245391873,-4.74,3.37925465382973));
#7382=CARTESIAN_POINT('',(-2.61024989866128,-4.74,3.26312596553081));
#7383=CARTESIAN_POINT('',(-2.60618945232348,-4.74,3.26146444591839));
#7384=CARTESIAN_POINT('',(-2.6341567479336,-4.74,3.11314776259116));
#7385=CARTESIAN_POINT('',(-2.65704315227016,-4.74,2.98286247566149));
#7386=CARTESIAN_POINT('',(-2.66640526847644,-4.74,2.92993838751813));
#7387=CARTESIAN_POINT('',(-2.67678060223441,-4.74,2.86873970287576));
#7388=CARTESIAN_POINT('',(-2.68060073511962,-4.74,2.8459653651773));
#7389=CARTESIAN_POINT('',(-2.68392467424187,-4.74,2.82559111656781));
#7390=CARTESIAN_POINT('',(-2.68305665493274,-4.74,2.83145758449661));
#7391=CARTESIAN_POINT('',(-2.69484290752832,-4.74,2.7572835028468));
#7392=CARTESIAN_POINT('',(-2.69587544975877,-4.74,2.74239012712058));
#7393=CARTESIAN_POINT('',(-2.69216355968239,-4.74,2.72587833909475));
#7394=CARTESIAN_POINT('',(-2.67723640270492,-4.74,2.68890076578447));
#7395=CARTESIAN_POINT('',(-2.62524507983741,-4.74,2.64792854962795));
#7396=CARTESIAN_POINT('',(-2.56974047014232,-4.74,2.64067981456361));
#7397=CARTESIAN_POINT('',(-2.51055564181566,-4.74,2.6671191425412));
#7398=CARTESIAN_POINT('',(-2.43697362293725,-4.74,2.72159567248007));
#7399=CARTESIAN_POINT('',(-2.38533198067369,-4.74,2.76324540645021));
#7400=CARTESIAN_POINT('',(-2.30899878133541,-4.74,2.78507525132922));
#7401=CARTESIAN_POINT('',(-2.17172402078598,-4.74,2.77786891835337));
#7402=CARTESIAN_POINT('',(-2.06941311798702,-4.74,2.70909676467437));
#7403=CARTESIAN_POINT('',(-2.00955066611236,-4.74,2.49619841148963));
#7404=CARTESIAN_POINT('',(-2.07410162435462,-4.74,2.28201230666214));
#7405=CARTESIAN_POINT('',(-2.23846372030726,-4.74,2.19158909257617));
#7406=CARTESIAN_POINT('',(-2.40591675699314,-4.74,2.24950286764047));
#7407=CARTESIAN_POINT('',(-2.48373809903775,-4.74,2.33490193276487));
#7408=CARTESIAN_POINT('',(-2.52310341262372,-4.74,2.44303697016015));
#7409=CARTESIAN_POINT('',(-2.60165231342134,-4.74,2.49359559665557));
#7410=CARTESIAN_POINT('',(-2.73099234640937,-4.74,2.45853645378018));
#7411=CARTESIAN_POINT('',(-2.72865177231553,-4.74,2.2886177083293));
#7412=CARTESIAN_POINT('',(-2.60492408640805,-4.74,2.13236496660914));
#7413=CARTESIAN_POINT('',(-2.45030872113677,-4.74,2.05362904383713));
#7414=CARTESIAN_POINT('',(-2.25158906652912,-4.74,2.03327942181337));
#7415=CARTESIAN_POINT('',(-1.98793854990162,-4.74,2.08297017197694));
#7416=CARTESIAN_POINT('',(-1.7653037979742,-4.74,2.32010027431727));
#7417=CARTESIAN_POINT('',(-1.76769611610569,-4.74,2.73578784811834));
#7418=CARTESIAN_POINT('',(-2.05231026136062,-4.74,2.98908352987775));
#7419=CARTESIAN_POINT('',(-2.30098777211595,-4.74,2.9702836200249));
#7420=CARTESIAN_POINT('',(-2.4443729903537,-4.74,2.89341731746445));
#7421=CARTESIAN_POINT('',(-2.24456064498566,-4.74,2.21824238327002));
#7422=CARTESIAN_POINT('',(-4.15376889766169,-4.74499999999999,2.80904483583956));
#7423=CARTESIAN_POINT('',(-4.00039903464815,-4.75,2.35583384489314));
#7424=CARTESIAN_POINT('',(-4.10264444403083,-4.75,2.65797106009009));
#7425=CARTESIAN_POINT('',(-4.20488985341352,-4.75,2.96010827528703));
#7426=CARTESIAN_POINT('',(-4.30713526279621,-4.75,3.26224549048398));
#7427=CARTESIAN_POINT('',(-4.30623794212219,-4.75,3.26254915026188));
#7428=CARTESIAN_POINT('',(-4.00012861736334,-4.75,2.35592535604966));
#7429=CARTESIAN_POINT('',(-4.30713526279621,-4.75,3.26224549048398));
#7430=CARTESIAN_POINT('',(-4.30713526279621,-4.74666666666667,3.26224549048398));
#7431=CARTESIAN_POINT('',(-4.30713526279621,-4.74333333333333,3.26224549048398));
#7432=CARTESIAN_POINT('',(-4.30713526279621,-4.74,3.26224549048398));
#7433=CARTESIAN_POINT('',(-4.30623794212219,-4.74,3.26254915026188));
#7434=CARTESIAN_POINT('',(-4.30713526279621,-4.74,3.26224549048398));
#7435=CARTESIAN_POINT('',(-4.20488985341352,-4.74,2.96010827528703));
#7436=CARTESIAN_POINT('',(-4.10264444403083,-4.74,2.65797106009009));
#7437=CARTESIAN_POINT('',(-4.00039903464815,-4.74,2.35583384489314));
#7438=CARTESIAN_POINT('',(-4.00012861736334,-4.74,2.35592535604966));
#7439=CARTESIAN_POINT('',(-4.00039903464815,-4.74,2.35583384489314));
#7440=CARTESIAN_POINT('',(-4.00039903464815,-4.74333333333333,2.35583384489314));
#7441=CARTESIAN_POINT('',(-4.00039903464815,-4.74666666666667,2.35583384489314));
#7442=CARTESIAN_POINT('',(-4.00039903464815,-4.75,2.35583384489314));
#7443=CARTESIAN_POINT('',(-4.00012861736334,-4.74,2.35592535604966));
#7444=CARTESIAN_POINT('',(-4.00012861736334,-4.75,2.35592535604966));
#7445=CARTESIAN_POINT('',(-3.96828129065397,-4.74,2.45062679089807));
#7446=CARTESIAN_POINT('',(-3.96828129065397,-4.75,2.45062679089807));
#7447=CARTESIAN_POINT('',(-3.90484268334531,-4.74,2.63800138058145));
#7448=CARTESIAN_POINT('',(-3.90484268334531,-4.75,2.63800138058145));
#7449=CARTESIAN_POINT('',(-3.80814849572178,-4.74,2.93123294518705));
#7450=CARTESIAN_POINT('',(-3.80814849572178,-4.75,2.93123294518705));
#7451=CARTESIAN_POINT('',(-3.73205081296209,-4.74,3.14009768212354));
#7452=CARTESIAN_POINT('',(-3.73205081296209,-4.75,3.14009768212354));
#7453=CARTESIAN_POINT('',(-3.66118686846081,-4.74,3.38629239219609));
#7454=CARTESIAN_POINT('',(-3.66118686846081,-4.75,3.38629239219609));
#7455=CARTESIAN_POINT('',(-3.58339951589375,-4.74,3.46626762594892));
#7456=CARTESIAN_POINT('',(-3.58339951589375,-4.75,3.46626762594892));
#7457=CARTESIAN_POINT('',(-3.39297961473172,-4.74,3.39603724596277));
#7458=CARTESIAN_POINT('',(-3.39297961473172,-4.75,3.39603724596277));
#7459=CARTESIAN_POINT('',(-3.42630688529178,-4.74,3.23078447081895));
#7460=CARTESIAN_POINT('',(-3.42630688529178,-4.75,3.23078447081895));
#7461=CARTESIAN_POINT('',(-3.48040478921542,-4.74000000000001,3.09608821805918));
#7462=CARTESIAN_POINT('',(-3.48040478921542,-4.75000000000001,3.09608821805918));
#7463=CARTESIAN_POINT('',(-3.54739761024706,-4.74,2.9062104178092));
#7464=CARTESIAN_POINT('',(-3.54739761024706,-4.75,2.9062104178092));
#7465=CARTESIAN_POINT('',(-3.63588883639375,-4.74,2.67315223367212));
#7466=CARTESIAN_POINT('',(-3.63588883639375,-4.75,2.67315223367212));
#7467=CARTESIAN_POINT('',(-3.72281602944544,-4.74,2.43967879328173));
#7468=CARTESIAN_POINT('',(-3.72281602944544,-4.75,2.43967879328173));
#7469=CARTESIAN_POINT('',(-3.79456003260517,-4.74,2.25125907215808));
#7470=CARTESIAN_POINT('',(-3.79456003260517,-4.75,2.25125907215808));
#7471=CARTESIAN_POINT('',(-3.83943124381216,-4.74,2.10588272407683));
#7472=CARTESIAN_POINT('',(-3.83943124381216,-4.75,2.10588272407683));
#7473=CARTESIAN_POINT('',(-3.9767105649804,-4.74,2.02211983275932));
#7474=CARTESIAN_POINT('',(-3.9767105649804,-4.75,2.02211983275932));
#7475=CARTESIAN_POINT('',(-4.14475684503718,-4.74,2.06793398025579));
#7476=CARTESIAN_POINT('',(-4.14475684503718,-4.75,2.06793398025579));
#7477=CARTESIAN_POINT('',(-4.20518442142894,-4.74,2.20154561530876));
#7478=CARTESIAN_POINT('',(-4.20518442142894,-4.75,2.20154561530876));
#7479=CARTESIAN_POINT('',(-4.26936830304685,-4.74,2.39220132708346));
#7480=CARTESIAN_POINT('',(-4.26936830304685,-4.75,2.39220132708346));
#7481=CARTESIAN_POINT('',(-4.35458781435521,-4.74,2.62653460665471));
#7482=CARTESIAN_POINT('',(-4.35458781435521,-4.75,2.62653460665471));
#7483=CARTESIAN_POINT('',(-4.44184915699077,-4.74,2.85973119020679));
#7484=CARTESIAN_POINT('',(-4.44184915699077,-4.75,2.85973119020679));
#7485=CARTESIAN_POINT('',(-4.51348394971414,-4.74,3.04853898571807));
#7486=CARTESIAN_POINT('',(-4.51348394971414,-4.75,3.04853898571807));
#7487=CARTESIAN_POINT('',(-4.56124647859317,-4.74,3.18382255456706));
#7488=CARTESIAN_POINT('',(-4.56124647859317,-4.75,3.18382255456706));
#7489=CARTESIAN_POINT('',(-4.62766051791061,-4.74,3.34300069666667));
#7490=CARTESIAN_POINT('',(-4.62766051791061,-4.75,3.34300069666667));
#7491=CARTESIAN_POINT('',(-4.50506637136312,-4.74,3.46985964718892));
#7492=CARTESIAN_POINT('',(-4.50506637136312,-4.75,3.46985964718892));
#7493=CARTESIAN_POINT('',(-4.34261135368261,-4.74,3.41116067058618));
#7494=CARTESIAN_POINT('',(-4.34261135368261,-4.75,3.41116067058618));
#7495=CARTESIAN_POINT('',(-4.32697871768311,-4.74,3.32567324979512));
#7496=CARTESIAN_POINT('',(-4.32697871768311,-4.75,3.32567324979512));
#7497=CARTESIAN_POINT('',(-4.30623794212219,-4.74,3.26254915026188));
#7498=CARTESIAN_POINT('',(-4.30623794212219,-4.75,3.26254915026188));
#7499=CARTESIAN_POINT('',(-4.00012861736334,-4.75,2.35592535604966));
#7500=CARTESIAN_POINT('',(-3.96826026516324,-4.75,2.45068931244528));
#7501=CARTESIAN_POINT('',(-3.90505272677373,-4.75,2.63865388709967));
#7502=CARTESIAN_POINT('',(-3.82355516491386,-4.75,2.88095738449777));
#7503=CARTESIAN_POINT('',(-3.76372412912161,-4.75,3.05894782590432));
#7504=CARTESIAN_POINT('',(-3.71890753572234,-4.75,3.19203987887851));
#7505=CARTESIAN_POINT('',(-3.70690606752024,-4.75,3.22795736384849));
#7506=CARTESIAN_POINT('',(-3.67498517161936,-4.75,3.32197101125098));
#7507=CARTESIAN_POINT('',(-3.6538422638463,-4.75,3.38901869340165));
#7508=CARTESIAN_POINT('',(-3.58159623174023,-4.75,3.46957679060383));
#7509=CARTESIAN_POINT('',(-3.39308814953914,-4.75,3.39618590557801));
#7510=CARTESIAN_POINT('',(-3.42191138343621,-4.75,3.2550982073489));
#7511=CARTESIAN_POINT('',(-3.45124785246412,-4.75,3.16921771930526));
#7512=CARTESIAN_POINT('',(-3.48379575785338,-4.75,3.08384055149192));
#7513=CARTESIAN_POINT('',(-3.49014915230481,-4.75,3.06689627283026));
#7514=CARTESIAN_POINT('',(-3.50687006673855,-4.75,3.02062534380828));
#7515=CARTESIAN_POINT('',(-3.53569831215561,-4.75,2.94086388303926));
#7516=CARTESIAN_POINT('',(-3.53613319451675,-4.75,2.93971395773498));
#7517=CARTESIAN_POINT('',(-3.54809260749328,-4.75,2.90693394081369));
#7518=CARTESIAN_POINT('',(-3.56720676810325,-4.75,2.85509378791807));
#7519=CARTESIAN_POINT('',(-3.60659607240159,-4.75,2.74922869335027));
#7520=CARTESIAN_POINT('',(-3.66273319300402,-4.75,2.59963607548825));
#7521=CARTESIAN_POINT('',(-3.74768637390237,-4.75,2.37434940237462));
#7522=CARTESIAN_POINT('',(-3.78472657661534,-4.75,2.27704907423951));
#7523=CARTESIAN_POINT('',(-3.81716658954602,-4.75,2.17818822374893));
#7524=CARTESIAN_POINT('',(-3.86215199114678,-4.75,2.09197903747779));
#7525=CARTESIAN_POINT('',(-3.97728806403435,-4.75,2.02352204701706));
#7526=CARTESIAN_POINT('',(-4.14275331606426,-4.75,2.06253741173173));
#7527=CARTESIAN_POINT('',(-4.20097641789956,-4.75,2.19519763124467));
#7528=CARTESIAN_POINT('',(-4.21910021626558,-4.75,2.24546370172856));
#7529=CARTESIAN_POINT('',(-4.26849642292461,-4.75,2.38670035342145));
#7530=CARTESIAN_POINT('',(-4.29285576127211,-4.75,2.45645293751386));
#7531=CARTESIAN_POINT('',(-4.35852940614381,-4.75,2.63639713308454));
#7532=CARTESIAN_POINT('',(-4.40300369787654,-4.75,2.75580213485324));
#7533=CARTESIAN_POINT('',(-4.46082295888802,-4.75,2.90985923280825));
#7534=CARTESIAN_POINT('',(-4.51316445690851,-4.75,3.04748503275619));
#7535=CARTESIAN_POINT('',(-4.56136776820379,-4.75,3.184213559645));
#7536=CARTESIAN_POINT('',(-4.62749485227378,-4.75,3.34249062931678));
#7537=CARTESIAN_POINT('',(-4.50560774429984,-4.75,3.47150891151055));
#7538=CARTESIAN_POINT('',(-4.36811089702709,-4.75,3.4161462191264));
#7539=CARTESIAN_POINT('',(-4.33361592937971,-4.75,3.35535095773699));
#7540=CARTESIAN_POINT('',(-4.31057384462868,-4.75,3.27574537528162));
#7541=CARTESIAN_POINT('',(-4.30623794212219,-4.75,3.26254915026188));
#7542=CARTESIAN_POINT('',(-4.30623794212219,-4.74,3.26254915026188));
#7543=CARTESIAN_POINT('',(-4.32733089862932,-4.74,3.32674510484882));
#7544=CARTESIAN_POINT('',(-4.34234965637676,-4.74,3.40908988739587));
#7545=CARTESIAN_POINT('',(-4.50545404051425,-4.74,3.47549960577441));
#7546=CARTESIAN_POINT('',(-4.60621862226235,-4.74,3.34800963889159));
#7547=CARTESIAN_POINT('',(-4.5961931326243,-4.74,3.29132522305159));
#7548=CARTESIAN_POINT('',(-4.55215329628871,-4.74,3.14521190062538));
#7549=CARTESIAN_POINT('',(-4.51498062527374,-4.74,3.05354153074608));
#7550=CARTESIAN_POINT('',(-4.46101634236709,-4.74,2.90372631531817));
#7551=CARTESIAN_POINT('',(-4.41025389348483,-4.74,2.76969674231061));
#7552=CARTESIAN_POINT('',(-4.35041810851054,-4.74,2.61443198036929));
#7553=CARTESIAN_POINT('',(-4.31805075619687,-4.74,2.5304189409175));
#7554=CARTESIAN_POINT('',(-4.25779133380792,-4.74,2.34735023359056));
#7555=CARTESIAN_POINT('',(-4.17271376814002,-4.74,2.14580997550014));
#7556=CARTESIAN_POINT('',(-4.15371948036978,-4.74,2.08190961507235));
#7557=CARTESIAN_POINT('',(-4.00339547751071,-4.74,2.03194571359679));
#7558=CARTESIAN_POINT('',(-3.90865941879226,-4.74,2.05726381019625));
#7559=CARTESIAN_POINT('',(-3.84406919025327,-4.74,2.12570401501082));
#7560=CARTESIAN_POINT('',(-3.84405939302885,-4.74,2.13682993098525));
#7561=CARTESIAN_POINT('',(-3.81517345212122,-4.74,2.1988901031955));
#7562=CARTESIAN_POINT('',(-3.78565818235092,-4.74,2.27414366075));
#7563=CARTESIAN_POINT('',(-3.73598289943359,-4.74,2.40530554213906));
#7564=CARTESIAN_POINT('',(-3.71602352568616,-4.74,2.45925686429299));
#7565=CARTESIAN_POINT('',(-3.67896182672047,-4.74,2.55824644372028));
#7566=CARTESIAN_POINT('',(-3.61964673075613,-4.74,2.7175802541469));
#7567=CARTESIAN_POINT('',(-3.54490926940507,-4.74,2.91370512020591));
#7568=CARTESIAN_POINT('',(-3.48439535079097,-4.74,3.08351839295308));
#7569=CARTESIAN_POINT('',(-3.42500136245016,-4.74,3.23468833561547));
#7570=CARTESIAN_POINT('',(-3.39421114452264,-4.74,3.39299161188275));
#7571=CARTESIAN_POINT('',(-3.5797789195717,-4.74,3.47454629747249));
#7572=CARTESIAN_POINT('',(-3.65866125656035,-4.74,3.3759438330636));
#7573=CARTESIAN_POINT('',(-3.66969486256394,-4.74,3.3349336181785));
#7574=CARTESIAN_POINT('',(-3.71883179969163,-4.74,3.19334701239689));
#7575=CARTESIAN_POINT('',(-3.73599400054339,-4.74,3.14110795034571));
#7576=CARTESIAN_POINT('',(-3.77003030675332,-4.74,3.04028981323703));
#7577=CARTESIAN_POINT('',(-3.82439501630688,-4.74,2.878385241165));
#7578=CARTESIAN_POINT('',(-3.90479511147337,-4.74,2.63944711752246));
#7579=CARTESIAN_POINT('',(-3.96828129065397,-4.74,2.45062679089806));
#7580=CARTESIAN_POINT('',(-4.00012861736334,-4.74,2.35592535604966));
#7581=CARTESIAN_POINT('',(-3.74093555096191,-4.74,2.39243711559987));
#7582=CARTESIAN_POINT('',(-5.42100435443772,-4.74,2.33318069168403));
#7583=CARTESIAN_POINT('',(-5.42100435443772,-4.75,2.33318069168403));
#7584=CARTESIAN_POINT('',(-5.19101276942256,-4.74,2.17562420598296));
#7585=CARTESIAN_POINT('',(-5.19101276942256,-4.75,2.17562420598296));
#7586=CARTESIAN_POINT('',(-4.96860548167192,-4.74,2.31231405951377));
#7587=CARTESIAN_POINT('',(-4.96860548167192,-4.75,2.31231405951377));
#7588=CARTESIAN_POINT('',(-4.95404068558272,-4.74000000000001,2.59752254782867));
#7589=CARTESIAN_POINT('',(-4.95404068558272,-4.75000000000001,2.59752254782867));
#7590=CARTESIAN_POINT('',(-5.07692910387781,-4.74,2.77314361721046));
#7591=CARTESIAN_POINT('',(-5.07692910387781,-4.75,2.77314361721046));
#7592=CARTESIAN_POINT('',(-5.26675301273843,-4.74,2.7829653560706));
#7593=CARTESIAN_POINT('',(-5.26675301273843,-4.75,2.7829653560706));
#7594=CARTESIAN_POINT('',(-5.42325350864514,-4.74000000000001,2.6298350008293));
#7595=CARTESIAN_POINT('',(-5.42325350864514,-4.75000000000001,2.6298350008293));
#7596=CARTESIAN_POINT('',(-5.42100435443772,-4.74,2.33318069168403));
#7597=CARTESIAN_POINT('',(-5.42100435443772,-4.75,2.33318069168403));
#7598=CARTESIAN_POINT('',(-5.19101276942256,-4.74,2.17562420598296));
#7599=CARTESIAN_POINT('',(-5.19101276942256,-4.75,2.17562420598296));
#7600=CARTESIAN_POINT('',(-4.96860548167192,-4.74,2.31231405951377));
#7601=CARTESIAN_POINT('',(-4.96860548167192,-4.75,2.31231405951377));
#7602=CARTESIAN_POINT('',(-5.0109380893881,-4.74,2.27779769695753));
#7603=CARTESIAN_POINT('',(-5.17936937778041,-4.74,2.19939558539418));
#7604=CARTESIAN_POINT('',(-5.3467132392827,-4.74,2.27159792393495));
#7605=CARTESIAN_POINT('',(-5.43035753343495,-4.74,2.46530161785989));
#7606=CARTESIAN_POINT('',(-5.39019158366869,-4.74,2.69678697875297));
#7607=CARTESIAN_POINT('',(-5.19988669345118,-4.74,2.80265516878387));
#7608=CARTESIAN_POINT('',(-5.00759547827428,-4.74,2.72160754118115));
#7609=CARTESIAN_POINT('',(-4.9502930696519,-4.74,2.49982942068066));
#7610=CARTESIAN_POINT('',(-5.0109380893881,-4.74,2.27779769695753));
#7611=CARTESIAN_POINT('',(-5.17936937778041,-4.74,2.19939558539418));
#7612=CARTESIAN_POINT('',(-5.3467132392827,-4.74,2.27159792393495));
#7613=CARTESIAN_POINT('',(-5.18495176848875,-4.74,2.22447841071204));
#7614=CARTESIAN_POINT('',(-5.43344051446945,-4.74,2.80068419849339));
#7615=CARTESIAN_POINT('',(-5.43344051446945,-4.75,2.80068419849339));
#7616=CARTESIAN_POINT('',(-5.35336645418071,-4.74,2.89642492275168));
#7617=CARTESIAN_POINT('',(-5.35336645418071,-4.75,2.89642492275168));
#7618=CARTESIAN_POINT('',(-5.14655000542024,-4.74000000000001,2.99602361031384));
#7619=CARTESIAN_POINT('',(-5.14655000542024,-4.75000000000001,2.99602361031384));
#7620=CARTESIAN_POINT('',(-4.67870927047221,-4.74,2.79857312092687));
#7621=CARTESIAN_POINT('',(-4.67870927047221,-4.75,2.79857312092687));
#7622=CARTESIAN_POINT('',(-4.69705964431859,-4.74,2.20972462587361));
#7623=CARTESIAN_POINT('',(-4.69705964431859,-4.75,2.20972462587361));
#7624=CARTESIAN_POINT('',(-5.12479482145094,-4.74,2.00696907789401));
#7625=CARTESIAN_POINT('',(-5.12479482145094,-4.75,2.00696907789401));
#7626=CARTESIAN_POINT('',(-5.49547098508165,-4.74,2.08457009609508));
#7627=CARTESIAN_POINT('',(-5.49547098508165,-4.75,2.08457009609508));
#7628=CARTESIAN_POINT('',(-5.67316122151645,-4.74,2.39219130757491));
#7629=CARTESIAN_POINT('',(-5.67316122151645,-4.75,2.39219130757491));
#7630=CARTESIAN_POINT('',(-5.68823151125402,-4.74,2.60275730789896));
#7631=CARTESIAN_POINT('',(-5.68823151125402,-4.75,2.60275730789896));
#7632=CARTESIAN_POINT('',(-5.68823151125402,-4.74,2.7317697218435));
#7633=CARTESIAN_POINT('',(-5.68823151125402,-4.75,2.7317697218435));
#7634=CARTESIAN_POINT('',(-5.43341284848906,-4.75,2.80071727445508));
#7635=CARTESIAN_POINT('',(-5.35460519194274,-4.75,2.89492718939394));
#7636=CARTESIAN_POINT('',(-5.1485380414414,-4.75,2.99576152938536));
#7637=CARTESIAN_POINT('',(-4.68302422807406,-4.75,2.80279831040139));
#7638=CARTESIAN_POINT('',(-4.69409838681278,-4.75,2.21873799091839));
#7639=CARTESIAN_POINT('',(-5.11228834821586,-4.75,2.00933382946007));
#7640=CARTESIAN_POINT('',(-5.48426747817974,-4.75,2.07586010366165));
#7641=CARTESIAN_POINT('',(-5.66682231606817,-4.75,2.38036609549311));
#7642=CARTESIAN_POINT('',(-5.68823151125402,-4.75,2.57104193851639));
#7643=CARTESIAN_POINT('',(-5.68823151125402,-4.75,2.71188491228169));
#7644=CARTESIAN_POINT('',(-5.43349473044093,-4.745,2.80078576963146));
#7645=CARTESIAN_POINT('',(-5.68823217832656,-4.745,2.71330300199222));
#7646=CARTESIAN_POINT('',(-5.68823281487343,-4.74,2.70488932527867));
#7647=CARTESIAN_POINT('',(-5.68639387703262,-4.74,2.41015482380888));
#7648=CARTESIAN_POINT('',(-5.59635014528135,-4.74,2.1129268170559));
#7649=CARTESIAN_POINT('',(-5.11127820017738,-4.74,2.00603276684646));
#7650=CARTESIAN_POINT('',(-4.68889363253562,-4.74,2.22610218074176));
#7651=CARTESIAN_POINT('',(-4.68719790955313,-4.74,2.80782515564872));
#7652=CARTESIAN_POINT('',(-5.15161314271242,-4.74,2.9944758307048));
#7653=CARTESIAN_POINT('',(-5.34785154755903,-4.74,2.89617443822541));
#7654=CARTESIAN_POINT('',(-5.43359258577996,-4.74,2.80087380911705));
#7655=CARTESIAN_POINT('',(-4.83049250779883,-4.74,2.20008539191575));
#7656=CARTESIAN_POINT('',(-4.86366519128473,-4.74,3.3139518555371));
#7657=CARTESIAN_POINT('',(-4.82592153408099,-4.74,3.27384120158348));
#7658=CARTESIAN_POINT('',(-4.75146575910071,-4.74,3.18021585616855));
#7659=CARTESIAN_POINT('',(-4.81579495859808,-4.74,3.02590522621309));
#7660=CARTESIAN_POINT('',(-4.93919048700819,-4.74,3.04200648075774));
#7661=CARTESIAN_POINT('',(-4.99511813127573,-4.74,3.1051416356132));
#7662=CARTESIAN_POINT('',(-5.02250709529089,-4.74,3.18474702045));
#7663=CARTESIAN_POINT('',(-5.11099077804457,-4.74,3.2584934183557));
#7664=CARTESIAN_POINT('',(-5.26330235290097,-4.74,3.25696046903007));
#7665=CARTESIAN_POINT('',(-5.42311695784617,-4.74,3.08354901478445));
#7666=CARTESIAN_POINT('',(-5.42598481201701,-4.74,2.91032602495371));
#7667=CARTESIAN_POINT('',(-5.43357507473486,-4.74,2.80079133713077));
#7668=CARTESIAN_POINT('',(-4.86368309879268,-4.745,3.31395487932161));
#7669=CARTESIAN_POINT('',(-5.68847134236551,-4.74,2.71330914960719));
#7670=CARTESIAN_POINT('',(-5.68563564936499,-4.74,2.82362767024948));
#7671=CARTESIAN_POINT('',(-5.67143929714517,-4.74,3.0434279855254));
#7672=CARTESIAN_POINT('',(-5.4499974277633,-4.74,3.46188086508984));
#7673=CARTESIAN_POINT('',(-5.03089022622266,-4.74,3.46109296022803));
#7674=CARTESIAN_POINT('',(-4.86370100630064,-4.74,3.31395790310612));
#7675=CARTESIAN_POINT('',(-6.38057877813505,-4.74,2.88351378048696));
#7676=CARTESIAN_POINT('',(-6.38057877813505,-4.75,2.88351378048696));
#7677=CARTESIAN_POINT('',(-6.25917608672837,-4.74,2.88351378048696));
#7678=CARTESIAN_POINT('',(-6.25917608672837,-4.75,2.88351378048696));
#7679=CARTESIAN_POINT('',(-6.11296912370249,-4.74,3.02946373216959));
#7680=CARTESIAN_POINT('',(-6.11296912370249,-4.75,3.02946373216959));
#7681=CARTESIAN_POINT('',(-6.24422624361783,-4.74,3.26031619973191));
#7682=CARTESIAN_POINT('',(-6.24422624361783,-4.75,3.26031619973191));
#7683=CARTESIAN_POINT('',(-6.44603655053255,-4.74,3.26407013059063));
#7684=CARTESIAN_POINT('',(-6.44603655053255,-4.75,3.26407013059063));
#7685=CARTESIAN_POINT('',(-6.5409371788069,-4.74,3.15987665360091));
#7686=CARTESIAN_POINT('',(-6.5409371788069,-4.75,3.15987665360091));
#7687=CARTESIAN_POINT('',(-6.57078700227063,-4.74,3.04387253389787));
#7688=CARTESIAN_POINT('',(-6.57078700227063,-4.75,3.04387253389787));
#7689=CARTESIAN_POINT('',(-6.6412578764156,-4.74,2.99744934803744));
#7690=CARTESIAN_POINT('',(-6.6412578764156,-4.75,2.99744934803744));
#7691=CARTESIAN_POINT('',(-6.7359790671233,-4.74,3.02294884576268));
#7692=CARTESIAN_POINT('',(-6.7359790671233,-4.75,3.02294884576268));
#7693=CARTESIAN_POINT('',(-6.78415043231018,-4.74,3.11389135013178));
#7694=CARTESIAN_POINT('',(-6.78415043231018,-4.75,3.11389135013178));
#7695=CARTESIAN_POINT('',(-6.72105164647754,-4.74,3.27360992463224));
#7696=CARTESIAN_POINT('',(-6.72105164647754,-4.75,3.27360992463224));
#7697=CARTESIAN_POINT('',(-6.58922339809636,-4.74,3.37493752976416));
#7698=CARTESIAN_POINT('',(-6.58922339809636,-4.75,3.37493752976416));
#7699=CARTESIAN_POINT('',(-6.37304254811152,-4.74,3.44743930960386));
#7700=CARTESIAN_POINT('',(-6.37304254811152,-4.75,3.44743930960386));
#7701=CARTESIAN_POINT('',(-6.12666411189227,-4.74,3.41751498940026));
#7702=CARTESIAN_POINT('',(-6.12666411189227,-4.75,3.41751498940026));
#7703=CARTESIAN_POINT('',(-5.95466549108135,-4.74,3.2667564767918));
#7704=CARTESIAN_POINT('',(-5.95466549108135,-4.75,3.2667564767918));
#7705=CARTESIAN_POINT('',(-5.89903658854416,-4.74,3.02045701514661));
#7706=CARTESIAN_POINT('',(-5.89903658854416,-4.75,3.02045701514661));
#7707=CARTESIAN_POINT('',(-5.98257799707378,-4.74,2.88748479414467));
#7708=CARTESIAN_POINT('',(-5.98257799707378,-4.75,2.88748479414467));
#7709=CARTESIAN_POINT('',(-6.08167202572347,-4.74,2.80608612775384));
#7710=CARTESIAN_POINT('',(-6.08167202572347,-4.75,2.80608612775384));
#7711=CARTESIAN_POINT('',(-6.38036957991548,-4.75,2.88351385787903));
#7712=CARTESIAN_POINT('',(-6.25843719678546,-4.75,2.88360406644198));
#7713=CARTESIAN_POINT('',(-6.11309451794764,-4.75,3.02964475367307));
#7714=CARTESIAN_POINT('',(-6.24430281463019,-4.75,3.26035773364095));
#7715=CARTESIAN_POINT('',(-6.44609680954027,-4.75,3.26403687944718));
#7716=CARTESIAN_POINT('',(-6.54094143313697,-4.75,3.15984837622057));
#7717=CARTESIAN_POINT('',(-6.57079217671869,-4.75,3.04387216882421));
#7718=CARTESIAN_POINT('',(-6.64124389314431,-4.75,2.99745607571623));
#7719=CARTESIAN_POINT('',(-6.73594806208046,-4.75,3.02293271168943));
#7720=CARTESIAN_POINT('',(-6.78415068591679,-4.75,3.11383494388514));
#7721=CARTESIAN_POINT('',(-6.7211048911444,-4.75,3.27352820864742));
#7722=CARTESIAN_POINT('',(-6.58932820952497,-4.75,3.37488155442957));
#7723=CARTESIAN_POINT('',(-6.37320043562245,-4.75,3.44742948586191));
#7724=CARTESIAN_POINT('',(-6.12697932088182,-4.75,3.41749544023942));
#7725=CARTESIAN_POINT('',(-5.95465595541483,-4.75,3.26711940189068));
#7726=CARTESIAN_POINT('',(-5.89981546267226,-4.75,3.02010544635562));
#7727=CARTESIAN_POINT('',(-5.97871292173745,-4.75,2.8907548876942));
#7728=CARTESIAN_POINT('',(-6.08135470866376,-4.75,2.806346927852));
#7729=CARTESIAN_POINT('',(-6.38036967490967,-4.74499999990114,2.8836422615597));
#7730=CARTESIAN_POINT('',(-6.081352011421,-4.745,2.80634364795023));
#7731=CARTESIAN_POINT('',(-6.08135471917115,-4.74,2.80634694010364));
#7732=CARTESIAN_POINT('',(-5.97989165668356,-4.74,2.88979889065713));
#7733=CARTESIAN_POINT('',(-5.90268837829505,-4.74,3.02258691585107));
#7734=CARTESIAN_POINT('',(-5.94946037949866,-4.74,3.26337606879828));
#7735=CARTESIAN_POINT('',(-6.13069504186114,-4.74,3.41943869822728));
#7736=CARTESIAN_POINT('',(-6.36780059502741,-4.74,3.4487064292054));
#7737=CARTESIAN_POINT('',(-6.59784694647635,-4.74,3.37216628939925));
#7738=CARTESIAN_POINT('',(-6.71877576722963,-4.74,3.27427036058392));
#7739=CARTESIAN_POINT('',(-6.78443489662868,-4.74,3.11376439335818));
#7740=CARTESIAN_POINT('',(-6.73590717889317,-4.74,3.02295761816035));
#7741=CARTESIAN_POINT('',(-6.64128033174193,-4.74,2.99744892661773));
#7742=CARTESIAN_POINT('',(-6.57078993672971,-4.74,3.04386219116889));
#7743=CARTESIAN_POINT('',(-6.54095137489869,-4.74,3.15980462766332));
#7744=CARTESIAN_POINT('',(-6.44611945081594,-4.74,3.2642345342255));
#7745=CARTESIAN_POINT('',(-6.24428708239864,-4.74,3.25965743621194));
#7746=CARTESIAN_POINT('',(-6.14604192461707,-4.74,3.0899554424188));
#7747=CARTESIAN_POINT('',(-6.20940985074815,-4.74,2.92272358828116));
#7748=CARTESIAN_POINT('',(-6.31801319347439,-4.74,2.88356262665964));
#7749=CARTESIAN_POINT('',(-6.38033946265355,-4.74,2.88351387406424));
#7750=CARTESIAN_POINT('',(-6.7880104219251,-4.74,2.47633318726713));
#7751=CARTESIAN_POINT('',(-6.08134701565616,-4.74,2.80634714968061));
#7752=CARTESIAN_POINT('',(-6.01407140916295,-4.74,2.76666757372949));
#7753=CARTESIAN_POINT('',(-5.88370923339793,-4.74,2.67000613251572));
#7754=CARTESIAN_POINT('',(-5.84137959375841,-4.74,2.42508947735249));
#7755=CARTESIAN_POINT('',(-5.93148879688005,-4.74,2.19991118516645));
#7756=CARTESIAN_POINT('',(-6.19725310557769,-4.74,2.02074558267303));
#7757=CARTESIAN_POINT('',(-6.53532732517844,-4.74,2.02984488485141));
#7758=CARTESIAN_POINT('',(-6.76561070000332,-4.74,2.24585566547857));
#7759=CARTESIAN_POINT('',(-6.82437738535486,-4.74,2.40460266465376));
#7760=CARTESIAN_POINT('',(-6.78847665535121,-4.74,2.47657110907091));
#7761=CARTESIAN_POINT('',(-6.78844971262105,-4.745,2.47661730118243));
#7762=CARTESIAN_POINT('',(-6.7884227698909,-4.74,2.47666349329395));
#7763=CARTESIAN_POINT('',(-6.76440785044617,-4.74,2.50722283460527));
#7764=CARTESIAN_POINT('',(-6.68883434450153,-4.74,2.5540093078419));
#7765=CARTESIAN_POINT('',(-6.58947082788527,-4.74,2.48090856695105));
#7766=CARTESIAN_POINT('',(-6.56461647976592,-4.74,2.36543226165455));
#7767=CARTESIAN_POINT('',(-6.47332093657986,-4.74,2.23245528589157));
#7768=CARTESIAN_POINT('',(-6.2567632825855,-4.74,2.19927739637951));
#7769=CARTESIAN_POINT('',(-6.08853335788516,-4.74,2.38451228943244));
#7770=CARTESIAN_POINT('',(-6.11282425089071,-4.74,2.60388839822689));
#7771=CARTESIAN_POINT('',(-6.25032566651483,-4.74,2.68672730309436));
#7772=CARTESIAN_POINT('',(-6.36505166636521,-4.74,2.69815220700294));
#7773=CARTESIAN_POINT('',(-6.4865483599417,-4.74,2.67193179935126));
#7774=CARTESIAN_POINT('',(-6.5780064208407,-4.74,2.77343909297982));
#7775=CARTESIAN_POINT('',(-6.50115719445139,-4.74,2.88534347771193));
#7776=CARTESIAN_POINT('',(-6.41896134323196,-4.74,2.88246448817476));
#7777=CARTESIAN_POINT('',(-6.38039988716369,-4.74,2.88377064135532));
#7778=CARTESIAN_POINT('',(-7.92336505766779,-4.74,2.80455501468913));
#7779=CARTESIAN_POINT('',(-7.92336505766779,-4.75,2.80455501468913));
#7780=CARTESIAN_POINT('',(-7.87931319506481,-4.74000000000001,3.00450092649829));
#7781=CARTESIAN_POINT('',(-7.87931319506481,-4.75000000000001,3.00450092649829));
#7782=CARTESIAN_POINT('',(-7.98419844276885,-4.74,3.26996404570107));
#7783=CARTESIAN_POINT('',(-7.98419844276885,-4.75,3.26996404570107));
#7784=CARTESIAN_POINT('',(-8.34284496881659,-4.74000000000001,3.23181977273915));
#7785=CARTESIAN_POINT('',(-8.34284496881659,-4.75000000000001,3.23181977273915));
#7786=CARTESIAN_POINT('',(-8.37880858342908,-4.74,2.77014850480256));
#7787=CARTESIAN_POINT('',(-8.37880858342908,-4.75,2.77014850480256));
#7788=CARTESIAN_POINT('',(-8.10201158260854,-4.74000000000001,2.65678094959123));
#7789=CARTESIAN_POINT('',(-8.10201158260854,-4.75000000000001,2.65678094959123));
#7790=CARTESIAN_POINT('',(-7.92336505766779,-4.74,2.80455501468913));
#7791=CARTESIAN_POINT('',(-7.92336505766779,-4.75,2.80455501468913));
#7792=CARTESIAN_POINT('',(-7.87931319506481,-4.74000000000001,3.00450092649829));
#7793=CARTESIAN_POINT('',(-7.87931319506481,-4.75000000000001,3.00450092649829));
#7794=CARTESIAN_POINT('',(-7.98419844276885,-4.74,3.26996404570107));
#7795=CARTESIAN_POINT('',(-7.98419844276885,-4.75,3.26996404570107));
#7796=CARTESIAN_POINT('',(-7.92336505766779,-4.73999999999999,2.80455501468913));
#7797=CARTESIAN_POINT('',(-7.87931319506481,-4.74000000000001,3.00450092649829));
#7798=CARTESIAN_POINT('',(-7.98419844276885,-4.73999999999999,3.26996404570107));
#7799=CARTESIAN_POINT('',(-8.34284496881659,-4.74000000000001,3.23181977273915));
#7800=CARTESIAN_POINT('',(-8.37880858342908,-4.73999999999999,2.77014850480256));
#7801=CARTESIAN_POINT('',(-8.10201158260854,-4.74000000000001,2.65678094959123));
#7802=CARTESIAN_POINT('',(-7.92336505766779,-4.73999999999999,2.80455501468913));
#7803=CARTESIAN_POINT('',(-7.87931319506481,-4.74000000000001,3.00450092649829));
#7804=CARTESIAN_POINT('',(-7.98419844276885,-4.73999999999999,3.26996404570107));
#7805=CARTESIAN_POINT('',(-7.90122186495177,-4.74000000000001,2.95553950395963));
#7806=CARTESIAN_POINT('',(-7.623922829582,-4.74,2.76557165830047));
#7807=CARTESIAN_POINT('',(-7.623922829582,-4.75,2.76557165830047));
#7808=CARTESIAN_POINT('',(-7.623922829582,-4.74,2.6414204256095));
#7809=CARTESIAN_POINT('',(-7.623922829582,-4.75,2.6414204256095));
#7810=CARTESIAN_POINT('',(-7.63165949151412,-4.74,2.50076385545048));
#7811=CARTESIAN_POINT('',(-7.63165949151412,-4.75,2.50076385545048));
#7812=CARTESIAN_POINT('',(-7.73516391987177,-4.74,2.25218998760776));
#7813=CARTESIAN_POINT('',(-7.73516391987177,-4.75,2.25218998760776));
#7814=CARTESIAN_POINT('',(-7.87579040499627,-4.74,2.09281606190345));
#7815=CARTESIAN_POINT('',(-7.87579040499627,-4.75,2.09281606190345));
#7816=CARTESIAN_POINT('',(-8.09395532394776,-4.74,2.02846255488441));
#7817=CARTESIAN_POINT('',(-8.09395532394776,-4.75,2.02846255488441));
#7818=CARTESIAN_POINT('',(-8.31306621309327,-4.74,2.0602365779511));
#7819=CARTESIAN_POINT('',(-8.31306621309327,-4.75,2.0602365779511));
#7820=CARTESIAN_POINT('',(-8.45482732453059,-4.74,2.14379423270717));
#7821=CARTESIAN_POINT('',(-8.45482732453059,-4.75,2.14379423270717));
#7822=CARTESIAN_POINT('',(-8.56161493686515,-4.74,2.29873718609699));
#7823=CARTESIAN_POINT('',(-8.56161493686515,-4.75,2.29873718609699));
#7824=CARTESIAN_POINT('',(-8.50612437312156,-4.74,2.44278112247814));
#7825=CARTESIAN_POINT('',(-8.50612437312156,-4.75,2.44278112247814));
#7826=CARTESIAN_POINT('',(-8.37836604450001,-4.74,2.433977219689));
#7827=CARTESIAN_POINT('',(-8.37836604450001,-4.75,2.433977219689));
#7828=CARTESIAN_POINT('',(-8.32044019156474,-4.74,2.37736819847539));
#7829=CARTESIAN_POINT('',(-8.32044019156474,-4.75,2.37736819847539));
#7830=CARTESIAN_POINT('',(-8.29353983268774,-4.74,2.28983477983573));
#7831=CARTESIAN_POINT('',(-8.29353983268774,-4.75,2.28983477983573));
#7832=CARTESIAN_POINT('',(-8.20574069200065,-4.74,2.21832716201812));
#7833=CARTESIAN_POINT('',(-8.20574069200065,-4.75,2.21832716201812));
#7834=CARTESIAN_POINT('',(-8.05843868113964,-4.74,2.21077756759571));
#7835=CARTESIAN_POINT('',(-8.05843868113964,-4.75,2.21077756759571));
#7836=CARTESIAN_POINT('',(-7.89624032691522,-4.74,2.38107370036751));
#7837=CARTESIAN_POINT('',(-7.89624032691522,-4.75,2.38107370036751));
#7838=CARTESIAN_POINT('',(-7.88796923347296,-4.74,2.51877341625779));
#7839=CARTESIAN_POINT('',(-7.88796923347296,-4.75,2.51877341625779));
#7840=CARTESIAN_POINT('',(-7.88051446945338,-4.74,2.67283853932941));
#7841=CARTESIAN_POINT('',(-7.88051446945338,-4.75,2.67283853932941));
#7842=CARTESIAN_POINT('',(-7.62392289309265,-4.75,2.76488355829431));
#7843=CARTESIAN_POINT('',(-7.6239507947322,-4.75,2.62587245023588));
#7844=CARTESIAN_POINT('',(-7.6320181990436,-4.75,2.50304862801875));
#7845=CARTESIAN_POINT('',(-7.73507432257311,-4.75,2.2519337378872));
#7846=CARTESIAN_POINT('',(-7.87633129394028,-4.75,2.09254874610955));
#7847=CARTESIAN_POINT('',(-8.09432756167723,-4.75,2.02844194378079));
#7848=CARTESIAN_POINT('',(-8.31336914719602,-4.75,2.06033782516435));
#7849=CARTESIAN_POINT('',(-8.45507355997662,-4.75,2.14401454527218));
#7850=CARTESIAN_POINT('',(-8.56166484509376,-4.75,2.29903718299147));
#7851=CARTESIAN_POINT('',(-8.50591725402077,-4.75,2.44290595399828));
#7852=CARTESIAN_POINT('',(-8.37816452021616,-4.75,2.43387780994914));
#7853=CARTESIAN_POINT('',(-8.32040741312423,-4.75,2.37726993546756));
#7854=CARTESIAN_POINT('',(-8.29347284960966,-4.75,2.28964953448245));
#7855=CARTESIAN_POINT('',(-8.20547891489889,-4.75,2.21846279201803));
#7856=CARTESIAN_POINT('',(-8.0592604099169,-4.75,2.20952494243868));
#7857=CARTESIAN_POINT('',(-7.93342799838371,-4.75,2.34331957745558));
#7858=CARTESIAN_POINT('',(-7.90316194871582,-4.75,2.45515008935622));
#7859=CARTESIAN_POINT('',(-7.88373835515651,-4.75,2.60621228674116));
#7860=CARTESIAN_POINT('',(-7.88051450677678,-4.75,2.67283776798336));
#7861=CARTESIAN_POINT('',(-7.62392296922053,-4.745,2.7648835583096));
#7862=CARTESIAN_POINT('',(-7.88051476908616,-4.745,2.67283778067588));
#7863=CARTESIAN_POINT('',(-7.88051450677669,-4.74,2.67283776798408));
#7864=CARTESIAN_POINT('',(-7.88420999993733,-4.74,2.59646485410315));
#7865=CARTESIAN_POINT('',(-7.9027921435091,-4.74,2.46099448293858));
#7866=CARTESIAN_POINT('',(-7.93353518434597,-4.74,2.34170797127738));
#7867=CARTESIAN_POINT('',(-8.05925898947905,-4.74,2.21006247882044));
#7868=CARTESIAN_POINT('',(-8.20541614909965,-4.74,2.21809335547129));
#7869=CARTESIAN_POINT('',(-8.29361177644342,-4.74,2.2902102618928));
#7870=CARTESIAN_POINT('',(-8.31986448641544,-4.74,2.37524778011627));
#7871=CARTESIAN_POINT('',(-8.38056529317773,-4.74,2.44202736583863));
#7872=CARTESIAN_POINT('',(-8.50438233959952,-4.74,2.43817252860902));
#7873=CARTESIAN_POINT('',(-8.56312593624797,-4.74,2.30098333853349));
#7874=CARTESIAN_POINT('',(-8.45148337230467,-4.74,2.14242731673636));
#7875=CARTESIAN_POINT('',(-8.32620294863951,-4.74,2.06469314015629));
#7876=CARTESIAN_POINT('',(-8.08740748861313,-4.74,2.02497761147652));
#7877=CARTESIAN_POINT('',(-7.81988040689746,-4.74,2.11800802718739));
#7878=CARTESIAN_POINT('',(-7.66381410130508,-4.74,2.36371993566602));
#7879=CARTESIAN_POINT('',(-7.62398035532793,-4.74,2.61632633808471));
#7880=CARTESIAN_POINT('',(-7.62392296246986,-4.74,2.76488355830699));
#7881=CARTESIAN_POINT('',(-7.88051446945338,-4.74,2.67283853932941));
#7882=CARTESIAN_POINT('',(-7.88051446945338,-4.75,2.67283853932941));
#7883=CARTESIAN_POINT('',(-7.95822132675584,-4.74,2.58131712961761));
#7884=CARTESIAN_POINT('',(-7.95822132675584,-4.75,2.58131712961761));
#7885=CARTESIAN_POINT('',(-8.1608622624474,-4.74,2.48044258802448));
#7886=CARTESIAN_POINT('',(-8.1608622624474,-4.75,2.48044258802448));
#7887=CARTESIAN_POINT('',(-8.62787236361,-4.74,2.66726467305368));
#7888=CARTESIAN_POINT('',(-8.62787236361,-4.75,2.66726467305368));
#7889=CARTESIAN_POINT('',(-8.62398726925687,-4.74,3.39650769503983));
#7890=CARTESIAN_POINT('',(-8.62398726925687,-4.75,3.39650769503983));
#7891=CARTESIAN_POINT('',(-7.91248119997202,-4.74,3.49702022769857));
#7892=CARTESIAN_POINT('',(-7.91248119997202,-4.75,3.49702022769857));
#7893=CARTESIAN_POINT('',(-7.64902612592264,-4.74,3.1131485672843));
#7894=CARTESIAN_POINT('',(-7.64902612592264,-4.75,3.1131485672843));
#7895=CARTESIAN_POINT('',(-7.623922829582,-4.74,2.89036540577515));
#7896=CARTESIAN_POINT('',(-7.623922829582,-4.75,2.89036540577515));
#7897=CARTESIAN_POINT('',(-7.623922829582,-4.74,2.76557165830047));
#7898=CARTESIAN_POINT('',(-7.623922829582,-4.75,2.76557165830047));
#7899=CARTESIAN_POINT('',(-7.8805149692767,-4.75,2.67283795064956));
#7900=CARTESIAN_POINT('',(-7.9579207511246,-4.75,2.58167143394287));
#7901=CARTESIAN_POINT('',(-8.16102992329828,-4.75,2.48025162427061));
#7902=CARTESIAN_POINT('',(-8.62784610054262,-4.75,2.66750728037784));
#7903=CARTESIAN_POINT('',(-8.62394041396914,-4.75,3.39584978764217));
#7904=CARTESIAN_POINT('',(-7.91230897967842,-4.75,3.49914448544721));
#7905=CARTESIAN_POINT('',(-7.64895686750059,-4.75,3.10921268198769));
#7906=CARTESIAN_POINT('',(-7.623922829582,-4.75,2.89845713546531));
#7907=CARTESIAN_POINT('',(-7.623922829582,-4.75,2.76533591672757));
#7908=CARTESIAN_POINT('',(-7.623922829582,-4.74,2.76557165830047));
#7909=CARTESIAN_POINT('',(-7.623922829582,-4.74,3.06286731269774));
#7910=CARTESIAN_POINT('',(-7.719433170465,-4.74,3.36184453584989));
#7911=CARTESIAN_POINT('',(-8.20925978394319,-4.74,3.46305627865386));
#7912=CARTESIAN_POINT('',(-8.6176127993039,-4.74,3.24704337287037));
#7913=CARTESIAN_POINT('',(-8.62922533690293,-4.74,2.66761374293524));
#7914=CARTESIAN_POINT('',(-8.1602835286109,-4.74,2.48073682966347));
#7915=CARTESIAN_POINT('',(-7.95899439129032,-4.74,2.58040690800981));
#7916=CARTESIAN_POINT('',(-7.88051496927631,-4.74,2.67283795064996));
#7917=CARTESIAN_POINT('',(-8.48246307427053,-4.74,3.27076159717435));
#7918=CARTESIAN_POINT('',(5.18427550357375,-4.74,4.99271092483049));
#7919=CARTESIAN_POINT('',(5.18427550357375,-4.75,4.99271092483049));
#7920=CARTESIAN_POINT('',(5.18427550357375,-4.75,5.27622836039471));
#7921=CARTESIAN_POINT('',(5.18427550357375,-4.75,5.55974579595893));
#7922=CARTESIAN_POINT('',(5.18427550357375,-4.75,5.84326323152315));
#7923=CARTESIAN_POINT('',(5.18427550357375,-4.75,4.99271092483049));
#7924=CARTESIAN_POINT('',(5.18427550357375,-4.75,5.84326323152315));
#7925=CARTESIAN_POINT('',(5.18427550357375,-4.74,4.99271092483049));
#7926=CARTESIAN_POINT('',(5.18427550357375,-4.74,4.99271092483049));
#7927=CARTESIAN_POINT('',(5.18427550357375,-4.74,4.99271092483049));
#7928=CARTESIAN_POINT('',(5.18427550357375,-4.74,5.27622836039471));
#7929=CARTESIAN_POINT('',(5.18427550357375,-4.74,5.55974579595893));
#7930=CARTESIAN_POINT('',(5.18427550357375,-4.74,5.84326323152315));
#7931=CARTESIAN_POINT('',(5.18427550357375,-4.74,5.84326323152315));
#7932=CARTESIAN_POINT('',(5.18427550357375,-4.74,5.84326323152315));
#7933=CARTESIAN_POINT('',(5.18427550357375,-4.74,5.84326323152315));
#7934=CARTESIAN_POINT('',(5.18427550357375,-4.75,5.84326323152315));
#7935=CARTESIAN_POINT('',(5.10303992488744,-4.74,5.78116936965374));
#7936=CARTESIAN_POINT('',(5.10303992488744,-4.75,5.78116936965374));
#7937=CARTESIAN_POINT('',(5.00326303199255,-4.74,5.71044947585138));
#7938=CARTESIAN_POINT('',(5.00326303199255,-4.75,5.71044947585138));
#7939=CARTESIAN_POINT('',(4.9048411209116,-4.74,5.66953877382999));
#7940=CARTESIAN_POINT('',(4.9048411209116,-4.75,5.66953877382999));
#7941=CARTESIAN_POINT('',(4.86740966897079,-4.74000000000001,5.65012575377066));
#7942=CARTESIAN_POINT('',(4.86740966897079,-4.75000000000001,5.65012575377066));
#7943=CARTESIAN_POINT('',(4.75818309059137,-4.74,5.7069844201396));
#7944=CARTESIAN_POINT('',(4.75818309059137,-4.75,5.7069844201396));
#7945=CARTESIAN_POINT('',(4.76600963031497,-4.74,5.82563484155859));
#7946=CARTESIAN_POINT('',(4.76600963031497,-4.75,5.82563484155859));
#7947=CARTESIAN_POINT('',(4.82542864370027,-4.74,5.8554826527027));
#7948=CARTESIAN_POINT('',(4.82542864370027,-4.75,5.8554826527027));
#7949=CARTESIAN_POINT('',(4.93949769643976,-4.74,5.91003681545912));
#7950=CARTESIAN_POINT('',(4.93949769643976,-4.75,5.91003681545912));
#7951=CARTESIAN_POINT('',(5.02385773389782,-4.74,5.95918716188608));
#7952=CARTESIAN_POINT('',(5.02385773389782,-4.75,5.95918716188608));
#7953=CARTESIAN_POINT('',(5.10689442848867,-4.74,6.02017675680892));
#7954=CARTESIAN_POINT('',(5.10689442848867,-4.75,6.02017675680892));
#7955=CARTESIAN_POINT('',(5.24292000507437,-4.74,6.17997607468319));
#7956=CARTESIAN_POINT('',(5.24292000507437,-4.75,6.17997607468319));
#7957=CARTESIAN_POINT('',(5.25425871461712,-4.74,6.22863170967019));
#7958=CARTESIAN_POINT('',(5.25425871461712,-4.75,6.22863170967019));
#7959=CARTESIAN_POINT('',(5.36711364721388,-4.74,6.25492802366688));
#7960=CARTESIAN_POINT('',(5.36711364721388,-4.75,6.25492802366688));
#7961=CARTESIAN_POINT('',(5.43749464168163,-4.74,6.17382789028891));
#7962=CARTESIAN_POINT('',(5.43749464168163,-4.75,6.17382789028891));
#7963=CARTESIAN_POINT('',(5.43697901428731,-4.74,6.03706897176301));
#7964=CARTESIAN_POINT('',(5.43697901428731,-4.75,6.03706897176301));
#7965=CARTESIAN_POINT('',(5.43722053630042,-4.74000000000001,5.88320156567216));
#7966=CARTESIAN_POINT('',(5.43722053630042,-4.75000000000001,5.88320156567216));
#7967=CARTESIAN_POINT('',(5.43718909423139,-4.74,5.69135813166716));
#7968=CARTESIAN_POINT('',(5.43718909423139,-4.75,5.69135813166716));
#7969=CARTESIAN_POINT('',(5.43702503609177,-4.74,5.50099489713961));
#7970=CARTESIAN_POINT('',(5.43702503609177,-4.75,5.50099489713961));
#7971=CARTESIAN_POINT('',(5.43771271071927,-4.74,5.31191341139823));
#7972=CARTESIAN_POINT('',(5.43771271071927,-4.75,5.31191341139823));
#7973=CARTESIAN_POINT('',(5.43555717707728,-4.74,5.14883951109533));
#7974=CARTESIAN_POINT('',(5.43555717707728,-4.75,5.14883951109533));
#7975=CARTESIAN_POINT('',(5.43995551377591,-4.74000000000001,5.03095390570409));
#7976=CARTESIAN_POINT('',(5.43995551377591,-4.75000000000001,5.03095390570409));
#7977=CARTESIAN_POINT('',(5.42179335098488,-4.74,4.85135051446505));
#7978=CARTESIAN_POINT('',(5.42179335098488,-4.75,4.85135051446505));
#7979=CARTESIAN_POINT('',(5.25400114810947,-4.74,4.81526378424348));
#7980=CARTESIAN_POINT('',(5.25400114810947,-4.75,4.81526378424348));
#7981=CARTESIAN_POINT('',(5.18427550357375,-4.74,4.91377269584911));
#7982=CARTESIAN_POINT('',(5.18427550357375,-4.75,4.91377269584911));
#7983=CARTESIAN_POINT('',(5.18427550357375,-4.74,4.99271092483049));
#7984=CARTESIAN_POINT('',(5.18427550357375,-4.75,4.99271092483049));
#7985=CARTESIAN_POINT('',(5.18427550357375,-4.75,5.84326323152315));
#7986=CARTESIAN_POINT('',(5.09670953077042,-4.75,5.77633062012751));
#7987=CARTESIAN_POINT('',(4.99579054116167,-4.75,5.71063358336581));
#7988=CARTESIAN_POINT('',(4.96150569550975,-4.75,5.69452522646458));
#7989=CARTESIAN_POINT('',(4.88715829916241,-4.75,5.66071569237107));
#7990=CARTESIAN_POINT('',(4.87162609708829,-4.75,5.65218925992906));
#7991=CARTESIAN_POINT('',(4.75589375945574,-4.75,5.70584819047651));
#7992=CARTESIAN_POINT('',(4.77095052674002,-4.75,5.82811625405256));
#7993=CARTESIAN_POINT('',(4.80178707873641,-4.75,5.84359706933369));
#7994=CARTESIAN_POINT('',(4.90620410370435,-4.75,5.8947031583031));
#7995=CARTESIAN_POINT('',(4.93965631103725,-4.75,5.91119516005769));
#7996=CARTESIAN_POINT('',(5.03026559053578,-4.75,5.96277045902842));
#7997=CARTESIAN_POINT('',(5.08441828429788,-4.75,6.00396933719056));
#7998=CARTESIAN_POINT('',(5.17536724231589,-4.75,6.10033320215433));
#7999=CARTESIAN_POINT('',(5.24563155086565,-4.75,6.19207285868448));
#8000=CARTESIAN_POINT('',(5.25429121546038,-4.75,6.22864342224377));
#8001=CARTESIAN_POINT('',(5.36710677543523,-4.75,6.25494829811803));
#8002=CARTESIAN_POINT('',(5.43748962795296,-4.75,6.17373507991074));
#8003=CARTESIAN_POINT('',(5.43701658778798,-4.75,6.03756786463779));
#8004=CARTESIAN_POINT('',(5.4369074434377,-4.75,5.87917558169002));
#8005=CARTESIAN_POINT('',(5.43712405193733,-4.75,5.70605819934956));
#8006=CARTESIAN_POINT('',(5.4375192570985,-4.75,5.48952687521838));
#8007=CARTESIAN_POINT('',(5.43738569531844,-4.75,5.36825590867831));
#8008=CARTESIAN_POINT('',(5.43723959212698,-4.75,5.33431497159302));
#8009=CARTESIAN_POINT('',(5.43665788549137,-4.75,5.15935747871689));
#8010=CARTESIAN_POINT('',(5.43686469486474,-4.75,5.15381791137327));
#8011=CARTESIAN_POINT('',(5.43781294680405,-4.75,5.05250397174007));
#8012=CARTESIAN_POINT('',(5.4385019309559,-4.75,5.03419347509399));
#8013=CARTESIAN_POINT('',(5.43099203741057,-4.75,4.95015722272268));
#8014=CARTESIAN_POINT('',(5.40765288173317,-4.75,4.86426925349046));
#8015=CARTESIAN_POINT('',(5.25289009504175,-4.75,4.8074054136945));
#8016=CARTESIAN_POINT('',(5.18427550357375,-4.75,4.91567155629912));
#8017=CARTESIAN_POINT('',(5.18427550357375,-4.75,4.99271092483049));
#8018=CARTESIAN_POINT('',(5.18427550357375,-4.74,4.99271092483049));
#8019=CARTESIAN_POINT('',(5.18427550357375,-4.74,4.91297597552988));
#8020=CARTESIAN_POINT('',(5.23043975657289,-4.74,4.84432005200388));
#8021=CARTESIAN_POINT('',(5.36489310383913,-4.74,4.82979966271784));
#8022=CARTESIAN_POINT('',(5.42798246651537,-4.74,4.92112078244681));
#8023=CARTESIAN_POINT('',(5.42314458044057,-4.74,4.93859238467469));
#8024=CARTESIAN_POINT('',(5.43323431161578,-4.74,5.02837400111905));
#8025=CARTESIAN_POINT('',(5.43616152266991,-4.74,5.13743866423992));
#8026=CARTESIAN_POINT('',(5.43743189708632,-4.74,5.33173471247961));
#8027=CARTESIAN_POINT('',(5.43711283830259,-4.74,5.4004957596089));
#8028=CARTESIAN_POINT('',(5.43712065259394,-4.74,5.53629401583748));
#8029=CARTESIAN_POINT('',(5.43785480843599,-4.74,5.68900288847775));
#8030=CARTESIAN_POINT('',(5.43460889414826,-4.74,5.88786519425997));
#8031=CARTESIAN_POINT('',(5.44469445259864,-4.74,6.02426351722611));
#8032=CARTESIAN_POINT('',(5.42412918115168,-4.74,6.19594498273777));
#8033=CARTESIAN_POINT('',(5.37123358893326,-4.74,6.24958710131743));
#8034=CARTESIAN_POINT('',(5.2511444082695,-4.74,6.22787830661916));
#8035=CARTESIAN_POINT('',(5.25409196613116,-4.74,6.20049451798353));
#8036=CARTESIAN_POINT('',(5.14467238844473,-4.74,6.06741168058273));
#8037=CARTESIAN_POINT('',(5.07670500822968,-4.74,5.99564477634126));
#8038=CARTESIAN_POINT('',(4.94455790881714,-4.74,5.89959113487734));
#8039=CARTESIAN_POINT('',(4.76235223478319,-4.74,5.85126271604778));
#8040=CARTESIAN_POINT('',(4.75889630160961,-4.74,5.70975706462957));
#8041=CARTESIAN_POINT('',(4.86888651424648,-4.74,5.64961119412631));
#8042=CARTESIAN_POINT('',(4.89822052879056,-4.74,5.66882436791744));
#8043=CARTESIAN_POINT('',(5.00097441396003,-4.74,5.70854163980588));
#8044=CARTESIAN_POINT('',(5.10149157780199,-4.74,5.77998586297347));
#8045=CARTESIAN_POINT('',(5.18427550357375,-4.74,5.84326323152315));
#8046=CARTESIAN_POINT('',(5.43716699155296,-4.74,6.07239745086559));
#8047=CARTESIAN_POINT('',(4.04990253411306,-4.74,4.99271092483049));
#8048=CARTESIAN_POINT('',(4.04990253411306,-4.75,4.99271092483049));
#8049=CARTESIAN_POINT('',(4.04990253411306,-4.75,5.27622836039471));
#8050=CARTESIAN_POINT('',(4.04990253411306,-4.75,5.55974579595893));
#8051=CARTESIAN_POINT('',(4.04990253411306,-4.75,5.84326323152315));
#8052=CARTESIAN_POINT('',(4.04990253411306,-4.75,4.99271092483049));
#8053=CARTESIAN_POINT('',(4.04990253411306,-4.75,5.84326323152315));
#8054=CARTESIAN_POINT('',(4.04990253411306,-4.74,4.99271092483049));
#8055=CARTESIAN_POINT('',(4.04990253411306,-4.74,4.99271092483049));
#8056=CARTESIAN_POINT('',(4.04990253411306,-4.74,4.99271092483049));
#8057=CARTESIAN_POINT('',(4.04990253411306,-4.74,5.27622836039471));
#8058=CARTESIAN_POINT('',(4.04990253411306,-4.74,5.55974579595893));
#8059=CARTESIAN_POINT('',(4.04990253411306,-4.74,5.84326323152315));
#8060=CARTESIAN_POINT('',(4.04990253411306,-4.74,5.84326323152315));
#8061=CARTESIAN_POINT('',(4.04990253411306,-4.74,5.84326323152315));
#8062=CARTESIAN_POINT('',(4.04990253411306,-4.74,5.84326323152315));
#8063=CARTESIAN_POINT('',(4.04990253411306,-4.75,5.84326323152315));
#8064=CARTESIAN_POINT('',(3.96896446576421,-4.74,5.78103916741681));
#8065=CARTESIAN_POINT('',(3.96896446576421,-4.75,5.78103916741681));
#8066=CARTESIAN_POINT('',(3.86925059147768,-4.74,5.71020502489819));
#8067=CARTESIAN_POINT('',(3.86925059147768,-4.75,5.71020502489819));
#8068=CARTESIAN_POINT('',(3.7711674300584,-4.74,5.66941993495767));
#8069=CARTESIAN_POINT('',(3.7711674300584,-4.75,5.66941993495767));
#8070=CARTESIAN_POINT('',(3.73291027060627,-4.74,5.65001889215834));
#8071=CARTESIAN_POINT('',(3.73291027060627,-4.75,5.65001889215834));
#8072=CARTESIAN_POINT('',(3.62255189998782,-4.74000000000001,5.7081150757566));
#8073=CARTESIAN_POINT('',(3.62255189998782,-4.75000000000001,5.7081150757566));
#8074=CARTESIAN_POINT('',(3.63404445819642,-4.74,5.82606986155947));
#8075=CARTESIAN_POINT('',(3.63404445819642,-4.75,5.82606986155947));
#8076=CARTESIAN_POINT('',(3.68924922880372,-4.74000000000001,5.85474998122863));
#8077=CARTESIAN_POINT('',(3.68924922880372,-4.75000000000001,5.85474998122863));
#8078=CARTESIAN_POINT('',(3.85638632890415,-4.74,5.93264728202144));
#8079=CARTESIAN_POINT('',(3.85638632890415,-4.75,5.93264728202144));
#8080=CARTESIAN_POINT('',(3.99470206180041,-4.74,6.03498232570837));
#8081=CARTESIAN_POINT('',(3.99470206180041,-4.75,6.03498232570837));
#8082=CARTESIAN_POINT('',(4.11476795687223,-4.74,6.1883575233));
#8083=CARTESIAN_POINT('',(4.11476795687223,-4.75,6.1883575233));
#8084=CARTESIAN_POINT('',(4.11892954726985,-4.74000000000001,6.22787850097877));
#8085=CARTESIAN_POINT('',(4.11892954726985,-4.75000000000001,6.22787850097877));
#8086=CARTESIAN_POINT('',(4.23448788934368,-4.74,6.25493764907224));
#8087=CARTESIAN_POINT('',(4.23448788934368,-4.75,6.25493764907224));
#8088=CARTESIAN_POINT('',(4.30336115783525,-4.74,6.1742855667635));
#8089=CARTESIAN_POINT('',(4.30336115783525,-4.75,6.1742855667635));
#8090=CARTESIAN_POINT('',(4.30246768562879,-4.74,6.03653062713913));
#8091=CARTESIAN_POINT('',(4.30246768562879,-4.75,6.03653062713913));
#8092=CARTESIAN_POINT('',(4.30289537154862,-4.74000000000001,5.88315662545578));
#8093=CARTESIAN_POINT('',(4.30289537154862,-4.75000000000001,5.88315662545578));
#8094=CARTESIAN_POINT('',(4.30280049791433,-4.74,5.69114007188716));
#8095=CARTESIAN_POINT('',(4.30280049791433,-4.75,5.69114007188716));
#8096=CARTESIAN_POINT('',(4.30266676934769,-4.74000000000001,5.50088304795752));
#8097=CARTESIAN_POINT('',(4.30266676934769,-4.75000000000001,5.50088304795752));
#8098=CARTESIAN_POINT('',(4.30329655724853,-4.74000000000001,5.31155565702057));
#8099=CARTESIAN_POINT('',(4.30329655724853,-4.75000000000001,5.31155565702057));
#8100=CARTESIAN_POINT('',(4.30130870471794,-4.74,5.14921777989834));
#8101=CARTESIAN_POINT('',(4.30130870471794,-4.75,5.14921777989834));
#8102=CARTESIAN_POINT('',(4.30536708633481,-4.74000000000001,5.02983878492366));
#8103=CARTESIAN_POINT('',(4.30536708633481,-4.75000000000001,5.02983878492366));
#8104=CARTESIAN_POINT('',(4.28859047126431,-4.74,4.85733985331596));
#8105=CARTESIAN_POINT('',(4.28859047126431,-4.75,4.85733985331596));
#8106=CARTESIAN_POINT('',(4.13400942110452,-4.74000000000001,4.81224316712813));
#8107=CARTESIAN_POINT('',(4.13400942110452,-4.75000000000001,4.81224316712813));
#8108=CARTESIAN_POINT('',(4.04990253411306,-4.74000000000001,4.90752602711575));
#8109=CARTESIAN_POINT('',(4.04990253411306,-4.75000000000001,4.90752602711575));
#8110=CARTESIAN_POINT('',(4.04990253411306,-4.74,4.9927109248305));
#8111=CARTESIAN_POINT('',(4.04990253411306,-4.75,4.9927109248305));
#8112=CARTESIAN_POINT('',(4.04990253411306,-4.75,5.84326323152315));
#8113=CARTESIAN_POINT('',(3.96293153829554,-4.75,5.77640113647268));
#8114=CARTESIAN_POINT('',(3.86320166689736,-4.75,5.71113193503518));
#8115=CARTESIAN_POINT('',(3.82653540805324,-4.75,5.6937652202324));
#8116=CARTESIAN_POINT('',(3.75401285054804,-4.75,5.66093697632779));
#8117=CARTESIAN_POINT('',(3.73698178470826,-4.75,5.65200957289313));
#8118=CARTESIAN_POINT('',(3.62001420992225,-4.75,5.70684983076038));
#8119=CARTESIAN_POINT('',(3.64012370435671,-4.75,5.82914016080955));
#8120=CARTESIAN_POINT('',(3.66291222924958,-4.75,5.84130171782204));
#8121=CARTESIAN_POINT('',(3.7815549601246,-4.75,5.89895024740704));
#8122=CARTESIAN_POINT('',(3.81400483593201,-4.75,5.91474806471136));
#8123=CARTESIAN_POINT('',(3.91460684194527,-4.75,5.97507395060708));
#8124=CARTESIAN_POINT('',(3.99117069361895,-4.75,6.04223131305417));
#8125=CARTESIAN_POINT('',(4.06702294899208,-4.75,6.1271429361121));
#8126=CARTESIAN_POINT('',(4.11547684638513,-4.75,6.19810283606459));
#8127=CARTESIAN_POINT('',(4.1199742294673,-4.75,6.22828273575043));
#8128=CARTESIAN_POINT('',(4.23421167593862,-4.75,6.25483521100243));
#8129=CARTESIAN_POINT('',(4.30342132925805,-4.75,6.17429108427109));
#8130=CARTESIAN_POINT('',(4.30249499877302,-4.75,6.03663594535586));
#8131=CARTESIAN_POINT('',(4.30234869613654,-4.75,5.88218117396723));
#8132=CARTESIAN_POINT('',(4.30276230969736,-4.75,5.69472040568356));
#8133=CARTESIAN_POINT('',(4.30326554963927,-4.75,5.52206770449766));
#8134=CARTESIAN_POINT('',(4.30310552087049,-4.75,5.39359126523397));
#8135=CARTESIAN_POINT('',(4.30284736545033,-4.75,5.32444312615446));
#8136=CARTESIAN_POINT('',(4.30236551914322,-4.75,5.19781727991063));
#8137=CARTESIAN_POINT('',(4.3025266304031,-4.75,5.14122417183934));
#8138=CARTESIAN_POINT('',(4.30270977149426,-4.75,5.13228461615826));
#8139=CARTESIAN_POINT('',(4.30339841617345,-4.75,5.05112120381717));
#8140=CARTESIAN_POINT('',(4.30401098908724,-4.75,5.03393044363809));
#8141=CARTESIAN_POINT('',(4.29713389797091,-4.75,4.95234977869766));
#8142=CARTESIAN_POINT('',(4.27551283054103,-4.75,4.86861434914852));
#8143=CARTESIAN_POINT('',(4.1330071203497,-4.75,4.80380564305586));
#8144=CARTESIAN_POINT('',(4.04990253411306,-4.75,4.91130820953378));
#8145=CARTESIAN_POINT('',(4.04990253411306,-4.75,4.9927109248305));
#8146=CARTESIAN_POINT('',(4.04990253411306,-4.74,4.99271092483049));
#8147=CARTESIAN_POINT('',(4.04990253411306,-4.74,4.90882067148677));
#8148=CARTESIAN_POINT('',(4.10766396360621,-4.74,4.83853587720785));
#8149=CARTESIAN_POINT('',(4.23562261078446,-4.74,4.83474963891246));
#8150=CARTESIAN_POINT('',(4.29445464768711,-4.74,4.92373289531318));
#8151=CARTESIAN_POINT('',(4.28982243613002,-4.74,4.94131708847086));
#8152=CARTESIAN_POINT('',(4.2991757119704,-4.74,5.03022856973896));
#8153=CARTESIAN_POINT('',(4.30186372481932,-4.74,5.13855188358831));
#8154=CARTESIAN_POINT('',(4.30303974037528,-4.74,5.33122250078218));
#8155=CARTESIAN_POINT('',(4.30274144623317,-4.74,5.40041399379664));
#8156=CARTESIAN_POINT('',(4.30276432758316,-4.74,5.53607990161041));
#8157=CARTESIAN_POINT('',(4.30332415196976,-4.74,5.68878071836755));
#8158=CARTESIAN_POINT('',(4.30081516196875,-4.74,5.88793734923273));
#8159=CARTESIAN_POINT('',(4.30861863758551,-4.74,6.0233577964451));
#8160=CARTESIAN_POINT('',(4.29270548622915,-4.74,6.19704051725737));
#8161=CARTESIAN_POINT('',(4.22717137037217,-4.74,6.24579812925979));
#8162=CARTESIAN_POINT('',(4.15885129476199,-4.74,6.24168162973469));
#8163=CARTESIAN_POINT('',(4.11690684315675,-4.74,6.20668639102881));
#8164=CARTESIAN_POINT('',(4.02242589661091,-4.74,6.07940982227095));
#8165=CARTESIAN_POINT('',(4.00401867901734,-4.74,6.05555108820532));
#8166=CARTESIAN_POINT('',(3.90781195273288,-4.74,5.96952796384368));
#8167=CARTESIAN_POINT('',(3.77970797498203,-4.74,5.89026749264958));
#8168=CARTESIAN_POINT('',(3.6295364969594,-4.74,5.85206191211379));
#8169=CARTESIAN_POINT('',(3.62373257214442,-4.74,5.71045507577439));
#8170=CARTESIAN_POINT('',(3.73439439022947,-4.74,5.64962108497556));
#8171=CARTESIAN_POINT('',(3.76405027940896,-4.74,5.66867116367105));
#8172=CARTESIAN_POINT('',(3.86701030408188,-4.74,5.7082321989725));
#8173=CARTESIAN_POINT('',(3.96736274473782,-4.74,5.77980778651212));
#8174=CARTESIAN_POINT('',(4.04990253411306,-4.74,5.84326323152315));
#8175=CARTESIAN_POINT('',(4.30279402209227,-4.74,6.0722240069017));
#8176=CARTESIAN_POINT('',(1.6829109811566,-4.74,6.00336719513589));
#8177=CARTESIAN_POINT('',(1.6829109811566,-4.75,6.00336719513589));
#8178=CARTESIAN_POINT('',(1.66502057613169,-4.75,5.9026957634703));
#8179=CARTESIAN_POINT('',(1.64713017110678,-4.75,5.80202433180472));
#8180=CARTESIAN_POINT('',(1.62923976608187,-4.75,5.70135290013913));
#8181=CARTESIAN_POINT('',(1.6829109811566,-4.75,6.00336719513589));
#8182=CARTESIAN_POINT('',(1.62923976608187,-4.75,5.70135290013913));
#8183=CARTESIAN_POINT('',(1.6829109811566,-4.74,6.00336719513589));
#8184=CARTESIAN_POINT('',(1.6829109811566,-4.74,6.00336719513589));
#8185=CARTESIAN_POINT('',(1.6829109811566,-4.74,6.00336719513589));
#8186=CARTESIAN_POINT('',(1.66502057613169,-4.74,5.9026957634703));
#8187=CARTESIAN_POINT('',(1.64713017110678,-4.74,5.80202433180472));
#8188=CARTESIAN_POINT('',(1.62923976608187,-4.74,5.70135290013913));
#8189=CARTESIAN_POINT('',(1.62923976608187,-4.74,5.70135290013913));
#8190=CARTESIAN_POINT('',(1.62923976608187,-4.74,5.70135290013913));
#8191=CARTESIAN_POINT('',(2.12592592592593,-4.74,6.00336719513589));
#8192=CARTESIAN_POINT('',(2.12592592592593,-4.75,6.00336719513589));
#8193=CARTESIAN_POINT('',(1.97825427766948,-4.75,6.00336719513589));
#8194=CARTESIAN_POINT('',(1.83058262941304,-4.75,6.00336719513589));
#8195=CARTESIAN_POINT('',(1.6829109811566,-4.75,6.00336719513589));
#8196=CARTESIAN_POINT('',(2.12592592592593,-4.75,6.00336719513589));
#8197=CARTESIAN_POINT('',(2.12592592592593,-4.74,6.00336719513589));
#8198=CARTESIAN_POINT('',(2.12592592592593,-4.74,6.00336719513589));
#8199=CARTESIAN_POINT('',(2.12592592592593,-4.74,6.00336719513589));
#8200=CARTESIAN_POINT('',(1.97825427766948,-4.74,6.00336719513589));
#8201=CARTESIAN_POINT('',(1.83058262941304,-4.74,6.00336719513589));
#8202=CARTESIAN_POINT('',(1.6829109811566,-4.74,6.00336719513589));
#8203=CARTESIAN_POINT('',(1.62923976608187,-4.74,5.70135290013913));
#8204=CARTESIAN_POINT('',(1.62923976608187,-4.75,5.70135290013913));
#8205=CARTESIAN_POINT('',(1.77376458646665,-4.74,5.77883012343819));
#8206=CARTESIAN_POINT('',(1.77376458646665,-4.75,5.77883012343819));
#8207=CARTESIAN_POINT('',(2.02547284506908,-4.74,5.79809570730637));
#8208=CARTESIAN_POINT('',(2.02547284506908,-4.75,5.79809570730637));
#8209=CARTESIAN_POINT('',(2.31283610898157,-4.74,5.54218572043133));
#8210=CARTESIAN_POINT('',(2.31283610898157,-4.75,5.54218572043133));
#8211=CARTESIAN_POINT('',(2.3154397434938,-4.74,5.12226319419511));
#8212=CARTESIAN_POINT('',(2.3154397434938,-4.75,5.12226319419511));
#8213=CARTESIAN_POINT('',(2.09059396489792,-4.74,4.88260874513892));
#8214=CARTESIAN_POINT('',(2.09059396489792,-4.75,4.88260874513892));
#8215=CARTESIAN_POINT('',(1.82435665867988,-4.74,4.83227830942502));
#8216=CARTESIAN_POINT('',(1.82435665867988,-4.75,4.83227830942502));
#8217=CARTESIAN_POINT('',(1.62350312097755,-4.74,4.85276535324318));
#8218=CARTESIAN_POINT('',(1.62350312097755,-4.75,4.85276535324318));
#8219=CARTESIAN_POINT('',(1.46722065489371,-4.74,4.93222277657984));
#8220=CARTESIAN_POINT('',(1.46722065489371,-4.75,4.93222277657984));
#8221=CARTESIAN_POINT('',(1.34252813541343,-4.74000000000001,5.08972276474536));
#8222=CARTESIAN_POINT('',(1.34252813541343,-4.75000000000001,5.08972276474536));
#8223=CARTESIAN_POINT('',(1.33853088049623,-4.74,5.26198874654193));
#8224=CARTESIAN_POINT('',(1.33853088049623,-4.75,5.26198874654193));
#8225=CARTESIAN_POINT('',(1.47211312820888,-4.74,5.29718746197698));
#8226=CARTESIAN_POINT('',(1.47211312820888,-4.75,5.29718746197698));
#8227=CARTESIAN_POINT('',(1.54936713873824,-4.74000000000001,5.24610295303342));
#8228=CARTESIAN_POINT('',(1.54936713873824,-4.75000000000001,5.24610295303342));
#8229=CARTESIAN_POINT('',(1.58931642458076,-4.74,5.1375007393508));
#8230=CARTESIAN_POINT('',(1.58931642458076,-4.75,5.1375007393508));
#8231=CARTESIAN_POINT('',(1.66776360044161,-4.74,5.05086742067926));
#8232=CARTESIAN_POINT('',(1.66776360044161,-4.75,5.05086742067926));
#8233=CARTESIAN_POINT('',(1.83681387838563,-4.74,4.99224344177055));
#8234=CARTESIAN_POINT('',(1.83681387838563,-4.75,4.99224344177055));
#8235=CARTESIAN_POINT('',(2.00306811403423,-4.74,5.08316828678154));
#8236=CARTESIAN_POINT('',(2.00306811403423,-4.75,5.08316828678154));
#8237=CARTESIAN_POINT('',(2.06864127456125,-4.74,5.29960229404383));
#8238=CARTESIAN_POINT('',(2.06864127456125,-4.75,5.29960229404383));
#8239=CARTESIAN_POINT('',(2.00812264600416,-4.74,5.51513905116271));
#8240=CARTESIAN_POINT('',(2.00812264600416,-4.75,5.51513905116271));
#8241=CARTESIAN_POINT('',(1.90459567443633,-4.74,5.58486595448189));
#8242=CARTESIAN_POINT('',(1.90459567443633,-4.75,5.58486595448189));
#8243=CARTESIAN_POINT('',(1.76609350802734,-4.74,5.59155747949353));
#8244=CARTESIAN_POINT('',(1.76609350802734,-4.75,5.59155747949353));
#8245=CARTESIAN_POINT('',(1.69004831600655,-4.74000000000001,5.57107743015127));
#8246=CARTESIAN_POINT('',(1.69004831600655,-4.75000000000001,5.57107743015127));
#8247=CARTESIAN_POINT('',(1.62370235063327,-4.74,5.51588140017286));
#8248=CARTESIAN_POINT('',(1.62370235063327,-4.75,5.51588140017286));
#8249=CARTESIAN_POINT('',(1.51115224316266,-4.74000000000001,5.44125174632428));
#8250=CARTESIAN_POINT('',(1.51115224316266,-4.75000000000001,5.44125174632428));
#8251=CARTESIAN_POINT('',(1.44743977519942,-4.74,5.45232925315743));
#8252=CARTESIAN_POINT('',(1.44743977519942,-4.75,5.45232925315743));
#8253=CARTESIAN_POINT('',(1.39524460831957,-4.74,5.49965861404954));
#8254=CARTESIAN_POINT('',(1.39524460831957,-4.75,5.49965861404954));
#8255=CARTESIAN_POINT('',(1.37751469543123,-4.74000000000001,5.52405462906787));
#8256=CARTESIAN_POINT('',(1.37751469543123,-4.75000000000001,5.52405462906787));
#8257=CARTESIAN_POINT('',(1.37728112989532,-4.74,5.55902923210426));
#8258=CARTESIAN_POINT('',(1.37728112989532,-4.75,5.55902923210426));
#8259=CARTESIAN_POINT('',(1.37244361997794,-4.74,5.54450924832107));
#8260=CARTESIAN_POINT('',(1.37244361997794,-4.75,5.54450924832107));
#8261=CARTESIAN_POINT('',(1.38891477832622,-4.74,5.64295520891797));
#8262=CARTESIAN_POINT('',(1.38891477832622,-4.75,5.64295520891797));
#8263=CARTESIAN_POINT('',(1.38693634456556,-4.74,5.63147105143658));
#8264=CARTESIAN_POINT('',(1.38693634456556,-4.75,5.63147105143658));
#8265=CARTESIAN_POINT('',(1.39075509712356,-4.74,5.65449509723828));
#8266=CARTESIAN_POINT('',(1.39075509712356,-4.75,5.65449509723828));
#8267=CARTESIAN_POINT('',(1.39450733772935,-4.74000000000001,5.67696456128002));
#8268=CARTESIAN_POINT('',(1.39450733772935,-4.75000000000001,5.67696456128002));
#8269=CARTESIAN_POINT('',(1.40959115796931,-4.74,5.76718136786681));
#8270=CARTESIAN_POINT('',(1.40959115796931,-4.75,5.76718136786681));
#8271=CARTESIAN_POINT('',(1.43701499174373,-4.74,5.8986020650898));
#8272=CARTESIAN_POINT('',(1.43701499174373,-4.75,5.8986020650898));
#8273=CARTESIAN_POINT('',(1.45669803976592,-4.74,6.10206187089271));
#8274=CARTESIAN_POINT('',(1.45669803976592,-4.75,6.10206187089271));
#8275=CARTESIAN_POINT('',(1.53297341892873,-4.74,6.22809625604298));
#8276=CARTESIAN_POINT('',(1.53297341892873,-4.75,6.22809625604298));
#8277=CARTESIAN_POINT('',(1.68261938091282,-4.74,6.22052386290762));
#8278=CARTESIAN_POINT('',(1.68261938091282,-4.75,6.22052386290762));
#8279=CARTESIAN_POINT('',(1.80211509917873,-4.74,6.2222868215555));
#8280=CARTESIAN_POINT('',(1.80211509917873,-4.75,6.2222868215555));
#8281=CARTESIAN_POINT('',(1.93263570877844,-4.74000000000001,6.22218618004736));
#8282=CARTESIAN_POINT('',(1.93263570877844,-4.75000000000001,6.22218618004736));
#8283=CARTESIAN_POINT('',(2.05269432716538,-4.74,6.22067482516983));
#8284=CARTESIAN_POINT('',(2.05269432716538,-4.75,6.22067482516983));
#8285=CARTESIAN_POINT('',(2.16309937326011,-4.74000000000001,6.22563704927587));
#8286=CARTESIAN_POINT('',(2.16309937326011,-4.75000000000001,6.22563704927587));
#8287=CARTESIAN_POINT('',(2.25431203050254,-4.74,6.19228206756251));
#8288=CARTESIAN_POINT('',(2.25431203050254,-4.75,6.19228206756251));
#8289=CARTESIAN_POINT('',(2.2825201547351,-4.74,6.06040302356248));
#8290=CARTESIAN_POINT('',(2.2825201547351,-4.75,6.06040302356248));
#8291=CARTESIAN_POINT('',(2.20396209860404,-4.74,6.00336719513589));
#8292=CARTESIAN_POINT('',(2.20396209860404,-4.75,6.00336719513589));
#8293=CARTESIAN_POINT('',(2.12592592592593,-4.74,6.00336719513589));
#8294=CARTESIAN_POINT('',(2.12592592592593,-4.75,6.00336719513589));
#8295=CARTESIAN_POINT('',(1.62923976608187,-4.75,5.70135290013913));
#8296=CARTESIAN_POINT('',(1.901395887113,-4.75,5.84725102687747));
#8297=CARTESIAN_POINT('',(2.30770154116206,-4.75,5.68434756536523));
#8298=CARTESIAN_POINT('',(2.31616064793682,-4.75,5.12155460704554));
#8299=CARTESIAN_POINT('',(2.04576098253251,-4.75,4.83604859857203));
#8300=CARTESIAN_POINT('',(1.67581258902454,-4.75,4.82692841450747));
#8301=CARTESIAN_POINT('',(1.46718004199123,-4.75,4.93210038366093));
#8302=CARTESIAN_POINT('',(1.3425392557347,-4.75,5.08975628286835));
#8303=CARTESIAN_POINT('',(1.33852951023093,-4.75,5.26198459991823));
#8304=CARTESIAN_POINT('',(1.47211337062216,-4.75,5.29718822227505));
#8305=CARTESIAN_POINT('',(1.54936713618076,-4.75,5.24610283173438));
#8306=CARTESIAN_POINT('',(1.58931619239739,-4.75,5.13750046424891));
#8307=CARTESIAN_POINT('',(1.6677649195573,-4.75,5.05086914132206));
#8308=CARTESIAN_POINT('',(1.83680316726128,-4.75,4.99222933149481));
#8309=CARTESIAN_POINT('',(2.00310723336794,-4.75,5.08321984105798));
#8310=CARTESIAN_POINT('',(2.06849550835074,-4.75,5.29941018721382));
#8311=CARTESIAN_POINT('',(2.0086665915125,-4.75,5.5158559242063));
#8312=CARTESIAN_POINT('',(1.90299465216867,-4.75,5.58275594553552));
#8313=CARTESIAN_POINT('',(1.76886655900747,-4.75,5.59521212098828));
#8314=CARTESIAN_POINT('',(1.6925512255165,-4.75,5.5678940943454));
#8315=CARTESIAN_POINT('',(1.67462904361221,-4.75,5.55462250611637));
#8316=CARTESIAN_POINT('',(1.59516182798272,-4.75,5.49687779320136));
#8317=CARTESIAN_POINT('',(1.51042323435018,-4.75,5.44462427352335));
#8318=CARTESIAN_POINT('',(1.46194861437335,-4.75,5.44739204739704));
#8319=CARTESIAN_POINT('',(1.3925627306431,-4.75,5.49592719967668));
#8320=CARTESIAN_POINT('',(1.37886437120667,-4.75,5.53032919091658));
#8321=CARTESIAN_POINT('',(1.37559185094171,-4.75,5.55008381612781));
#8322=CARTESIAN_POINT('',(1.37538804149529,-4.75,5.56022579772752));
#8323=CARTESIAN_POINT('',(1.39109336772029,-4.75,5.65713584514133));
#8324=CARTESIAN_POINT('',(1.3908171776619,-4.75,5.65415124366429));
#8325=CARTESIAN_POINT('',(1.39933760632795,-4.75,5.70562372476696));
#8326=CARTESIAN_POINT('',(1.40080750176765,-4.75,5.71392533310435));
#8327=CARTESIAN_POINT('',(1.41846241222664,-4.75,5.81666383987691));
#8328=CARTESIAN_POINT('',(1.442882873582,-4.75,5.93048516824));
#8329=CARTESIAN_POINT('',(1.44490395519358,-4.75,6.1015049421555));
#8330=CARTESIAN_POINT('',(1.5536818644494,-4.75,6.21876501027996));
#8331=CARTESIAN_POINT('',(1.6033802458285,-4.75,6.22065988840409));
#8332=CARTESIAN_POINT('',(1.69737132474957,-4.75,6.22223462656877));
#8333=CARTESIAN_POINT('',(1.77159213425804,-4.75,6.22132731354323));
#8334=CARTESIAN_POINT('',(1.85365182525999,-4.75,6.22223734220419));
#8335=CARTESIAN_POINT('',(1.90588610149556,-4.75,6.22201364887878));
#8336=CARTESIAN_POINT('',(2.02613657759817,-4.75,6.22162154226034));
#8337=CARTESIAN_POINT('',(2.13391901944779,-4.75,6.21859826370262));
#8338=CARTESIAN_POINT('',(2.14136528355964,-4.75,6.22619274882343));
#8339=CARTESIAN_POINT('',(2.26002369702201,-4.75,6.19213583083947));
#8340=CARTESIAN_POINT('',(2.27913283072539,-4.75,6.0604907655963));
#8341=CARTESIAN_POINT('',(2.20376371909419,-4.75,6.00336719513589));
#8342=CARTESIAN_POINT('',(2.12592592592593,-4.75,6.00336719513589));
#8343=CARTESIAN_POINT('',(2.12592592592593,-4.74,6.00336719513589));
#8344=CARTESIAN_POINT('',(2.20448079769524,-4.74,6.00336719513589));
#8345=CARTESIAN_POINT('',(2.2785274250647,-4.74,6.06049422715221));
#8346=CARTESIAN_POINT('',(2.26079368025613,-4.74,6.19213006157962));
#8347=CARTESIAN_POINT('',(2.13854690906015,-4.74,6.2262146720109));
#8348=CARTESIAN_POINT('',(2.14442253421165,-4.74,6.21851634021263));
#8349=CARTESIAN_POINT('',(2.05716677515014,-4.74,6.22162988260763));
#8350=CARTESIAN_POINT('',(1.95157344513286,-4.74,6.22144892027821));
#8351=CARTESIAN_POINT('',(1.74972107169133,-4.74,6.22180415247224));
#8352=CARTESIAN_POINT('',(1.68850173144222,-4.74,6.22147916111601));
#8353=CARTESIAN_POINT('',(1.56937560522807,-4.74,6.22242389434691));
#8354=CARTESIAN_POINT('',(1.5006181335209,-4.74,6.19184425742344));
#8355=CARTESIAN_POINT('',(1.46144327071081,-4.74,6.07387279935732));
#8356=CARTESIAN_POINT('',(1.46564442920455,-4.74,6.07281722688096));
#8357=CARTESIAN_POINT('',(1.43734307106511,-4.74,5.92254777829132));
#8358=CARTESIAN_POINT('',(1.41434732163944,-4.74,5.79172877709336));
#8359=CARTESIAN_POINT('',(1.40450480969632,-4.74,5.73584238761913));
#8360=CARTESIAN_POINT('',(1.39469665068413,-4.74,5.67820763170764));
#8361=CARTESIAN_POINT('',(1.38990178145697,-4.74,5.64934031755187));
#8362=CARTESIAN_POINT('',(1.38828631345609,-4.74,5.63959478744608));
#8363=CARTESIAN_POINT('',(1.38617306806527,-4.74,5.62665309696551));
#8364=CARTESIAN_POINT('',(1.38801807486801,-4.74,5.63805423226801));
#8365=CARTESIAN_POINT('',(1.37679371031104,-4.74,5.56893110939192));
#8366=CARTESIAN_POINT('',(1.37526103104487,-4.74,5.56044842842974));
#8367=CARTESIAN_POINT('',(1.37571416152814,-4.74,5.54902269893246));
#8368=CARTESIAN_POINT('',(1.37861653721933,-4.74,5.53113957004335));
#8369=CARTESIAN_POINT('',(1.39455825379984,-4.74,5.49469158771807));
#8370=CARTESIAN_POINT('',(1.44683047385961,-4.74,5.45299923718686));
#8371=CARTESIAN_POINT('',(1.5030477570413,-4.74,5.44605507170635));
#8372=CARTESIAN_POINT('',(1.5630234917954,-4.74,5.47310984280492));
#8373=CARTESIAN_POINT('',(1.63730238161498,-4.74,5.52823097510969));
#8374=CARTESIAN_POINT('',(1.68918601074386,-4.74,5.57000895290565));
#8375=CARTESIAN_POINT('',(1.76631942392217,-4.74,5.5918374090984));
#8376=CARTESIAN_POINT('',(1.90446522471591,-4.74,5.58470432304845));
#8377=CARTESIAN_POINT('',(2.00816711401386,-4.74,5.51519408603935));
#8378=CARTESIAN_POINT('',(2.06862883578887,-4.74,5.2995871192327));
#8379=CARTESIAN_POINT('',(2.00307340111407,-4.74,5.08317395114939));
#8380=CARTESIAN_POINT('',(1.83680516883869,-4.74,4.9922359591103));
#8381=CARTESIAN_POINT('',(1.66778677477375,-4.74,5.05088639546352));
#8382=CARTESIAN_POINT('',(1.58927645269228,-4.74,5.13746808127121));
#8383=CARTESIAN_POINT('',(1.54951963851516,-4.74,5.2462275187835));
#8384=CARTESIAN_POINT('',(1.47154310098968,-4.74,5.29672185705624));
#8385=CARTESIAN_POINT('',(1.37405405152426,-4.74,5.27252627933355));
#8386=CARTESIAN_POINT('',(1.33218937328284,-4.74,5.18659654301262));
#8387=CARTESIAN_POINT('',(1.36789459971435,-4.74,5.0672173346893));
#8388=CARTESIAN_POINT('',(1.46566330130725,-4.74,4.9309507188896));
#8389=CARTESIAN_POINT('',(1.62391981134105,-4.74,4.85310569090031));
#8390=CARTESIAN_POINT('',(1.82424725081233,-4.74,4.83218901648675));
#8391=CARTESIAN_POINT('',(2.09065835566271,-4.74,4.88266095491295));
#8392=CARTESIAN_POINT('',(2.31540726594845,-4.74,5.12223977092019));
#8393=CARTESIAN_POINT('',(2.31288225473615,-4.74,5.54221207714718));
#8394=CARTESIAN_POINT('',(2.0253207395961,-4.74,5.7980137037179));
#8395=CARTESIAN_POINT('',(1.77408873540056,-4.74,5.77900389400071));
#8396=CARTESIAN_POINT('',(1.62923976608187,-4.74,5.70135290013913));
#8397=CARTESIAN_POINT('',(1.8307128620716,-4.74,5.01912237838746));
#8398=CARTESIAN_POINT('',(-0.484860298895385,-4.74,4.99271092483049));
#8399=CARTESIAN_POINT('',(-0.484860298895385,-4.75,4.99271092483049));
#8400=CARTESIAN_POINT('',(-0.484860298895385,-4.75,5.27622836039471));
#8401=CARTESIAN_POINT('',(-0.484860298895385,-4.75,5.55974579595893));
#8402=CARTESIAN_POINT('',(-0.484860298895385,-4.75,5.84326323152315));
#8403=CARTESIAN_POINT('',(-0.484860298895385,-4.75,4.99271092483049));
#8404=CARTESIAN_POINT('',(-0.484860298895385,-4.75,5.84326323152315));
#8405=CARTESIAN_POINT('',(-0.484860298895385,-4.74,4.99271092483049));
#8406=CARTESIAN_POINT('',(-0.484860298895385,-4.74,4.99271092483049));
#8407=CARTESIAN_POINT('',(-0.484860298895385,-4.74,4.99271092483049));
#8408=CARTESIAN_POINT('',(-0.484860298895385,-4.74,5.27622836039471));
#8409=CARTESIAN_POINT('',(-0.484860298895385,-4.74,5.55974579595893));
#8410=CARTESIAN_POINT('',(-0.484860298895385,-4.74,5.84326323152315));
#8411=CARTESIAN_POINT('',(-0.484860298895385,-4.74,5.84326323152315));
#8412=CARTESIAN_POINT('',(-0.484860298895385,-4.74,5.84326323152315));
#8413=CARTESIAN_POINT('',(-0.484860298895385,-4.74,5.84326323152315));
#8414=CARTESIAN_POINT('',(-0.484860298895385,-4.75,5.84326323152315));
#8415=CARTESIAN_POINT('',(-0.566092638022182,-4.74,5.78117184586876));
#8416=CARTESIAN_POINT('',(-0.566092638022182,-4.75,5.78117184586876));
#8417=CARTESIAN_POINT('',(-0.66592309936131,-4.74,5.71044378944681));
#8418=CARTESIAN_POINT('',(-0.66592309936131,-4.75,5.71044378944681));
#8419=CARTESIAN_POINT('',(-0.764192527442934,-4.74,5.66955827196229));
#8420=CARTESIAN_POINT('',(-0.764192527442934,-4.75,5.66955827196229));
#8421=CARTESIAN_POINT('',(-0.802079189655707,-4.74,5.65006233188786));
#8422=CARTESIAN_POINT('',(-0.802079189655707,-4.75,5.65006233188786));
#8423=CARTESIAN_POINT('',(-0.91108705243214,-4.74,5.70723056716432));
#8424=CARTESIAN_POINT('',(-0.91108705243214,-4.75,5.70723056716432));
#8425=CARTESIAN_POINT('',(-0.90312512505018,-4.74,5.82545630398632));
#8426=CARTESIAN_POINT('',(-0.90312512505018,-4.75,5.82545630398632));
#8427=CARTESIAN_POINT('',(-0.84382733912454,-4.74,5.85546380137289));
#8428=CARTESIAN_POINT('',(-0.84382733912454,-4.75,5.85546380137289));
#8429=CARTESIAN_POINT('',(-0.729766727534919,-4.74,5.90996225258106));
#8430=CARTESIAN_POINT('',(-0.729766727534919,-4.75,5.90996225258106));
#8431=CARTESIAN_POINT('',(-0.645363577692931,-4.74,5.95913611903026));
#8432=CARTESIAN_POINT('',(-0.645363577692931,-4.75,5.95913611903026));
#8433=CARTESIAN_POINT('',(-0.562382685849422,-4.74,6.02003815569806));
#8434=CARTESIAN_POINT('',(-0.562382685849422,-4.75,6.02003815569806));
#8435=CARTESIAN_POINT('',(-0.426293608989049,-4.74,6.17987721913917));
#8436=CARTESIAN_POINT('',(-0.426293608989049,-4.75,6.17987721913917));
#8437=CARTESIAN_POINT('',(-0.414919587829931,-4.74,6.22855302551795));
#8438=CARTESIAN_POINT('',(-0.414919587829931,-4.75,6.22855302551795));
#8439=CARTESIAN_POINT('',(-0.302196064486506,-4.74,6.25499627792735));
#8440=CARTESIAN_POINT('',(-0.302196064486506,-4.75,6.25499627792735));
#8441=CARTESIAN_POINT('',(-0.231796188472733,-4.74,6.17391401002806));
#8442=CARTESIAN_POINT('',(-0.231796188472733,-4.75,6.17391401002806));
#8443=CARTESIAN_POINT('',(-0.233502205438209,-4.74,6.03685962418941));
#8444=CARTESIAN_POINT('',(-0.233502205438209,-4.75,6.03685962418941));
#8445=CARTESIAN_POINT('',(-0.232676596606692,-4.74,5.88314632429605));
#8446=CARTESIAN_POINT('',(-0.232676596606692,-4.75,5.88314632429605));
#8447=CARTESIAN_POINT('',(-0.232897241534417,-4.74,5.69126209979037));
#8448=CARTESIAN_POINT('',(-0.232897241534417,-4.75,5.69126209979037));
#8449=CARTESIAN_POINT('',(-0.233005392421336,-4.74000000000001,5.50092344197132));
#8450=CARTESIAN_POINT('',(-0.233005392421336,-4.75000000000001,5.50092344197132));
#8451=CARTESIAN_POINT('',(-0.232352143945932,-4.74,5.31183078203946));
#8452=CARTESIAN_POINT('',(-0.232352143945932,-4.75,5.31183078203946));
#8453=CARTESIAN_POINT('',(-0.234439513124847,-4.74,5.14881226690005));
#8454=CARTESIAN_POINT('',(-0.234439513124847,-4.75,5.14881226690005));
#8455=CARTESIAN_POINT('',(-0.230173925168935,-4.74,5.03083357231582));
#8456=CARTESIAN_POINT('',(-0.230173925168935,-4.75,5.03083357231582));
#8457=CARTESIAN_POINT('',(-0.247799021005888,-4.74,4.8514330036377));
#8458=CARTESIAN_POINT('',(-0.247799021005888,-4.75,4.8514330036377));
#8459=CARTESIAN_POINT('',(-0.414845628280111,-4.74,4.81522497585266));
#8460=CARTESIAN_POINT('',(-0.414845628280111,-4.75,4.81522497585266));
#8461=CARTESIAN_POINT('',(-0.484860298895385,-4.74,4.91365468885308));
#8462=CARTESIAN_POINT('',(-0.484860298895385,-4.75,4.91365468885308));
#8463=CARTESIAN_POINT('',(-0.484860298895385,-4.74,4.99271092483049));
#8464=CARTESIAN_POINT('',(-0.484860298895385,-4.75,4.99271092483049));
#8465=CARTESIAN_POINT('',(-0.484860298895384,-4.75,5.84326323152315));
#8466=CARTESIAN_POINT('',(-0.572372569260456,-4.75,5.77637166854295));
#8467=CARTESIAN_POINT('',(-0.672895159042249,-4.75,5.71087446830189));
#8468=CARTESIAN_POINT('',(-0.707982121146152,-4.75,5.69433621875728));
#8469=CARTESIAN_POINT('',(-0.781724549245516,-4.75,5.66083500330435));
#8470=CARTESIAN_POINT('',(-0.797917840582488,-4.75,5.65209845100619));
#8471=CARTESIAN_POINT('',(-0.913439085189821,-4.75,5.70606204888932));
#8472=CARTESIAN_POINT('',(-0.897878343092685,-4.75,5.828094257968));
#8473=CARTESIAN_POINT('',(-0.868365085679484,-4.75,5.84308279609565));
#8474=CARTESIAN_POINT('',(-0.761467781700025,-4.75,5.89546899646371));
#8475=CARTESIAN_POINT('',(-0.730518761989285,-4.75,5.91065473762537));
#8476=CARTESIAN_POINT('',(-0.638636800989176,-4.75,5.96288470587162));
#8477=CARTESIAN_POINT('',(-0.584930353977713,-4.75,6.003803671755));
#8478=CARTESIAN_POINT('',(-0.493855143453338,-4.75,6.1002449996817));
#8479=CARTESIAN_POINT('',(-0.423579674395456,-4.75,6.19190589645762));
#8480=CARTESIAN_POINT('',(-0.414884309011085,-4.75,6.22882681035984));
#8481=CARTESIAN_POINT('',(-0.302207609065703,-4.75,6.25404141283604));
#8482=CARTESIAN_POINT('',(-0.231785288974781,-4.75,6.1774596855514));
#8483=CARTESIAN_POINT('',(-0.233107754609458,-4.75,6.05789538364704));
#8484=CARTESIAN_POINT('',(-0.233054647753085,-4.75,6.02473997671686));
#8485=CARTESIAN_POINT('',(-0.232854378657997,-4.75,5.86092474474256));
#8486=CARTESIAN_POINT('',(-0.232798792780627,-4.75,5.82301072545554));
#8487=CARTESIAN_POINT('',(-0.232899276662844,-4.75,5.63855681248222));
#8488=CARTESIAN_POINT('',(-0.233089934045521,-4.75,5.51073047395439));
#8489=CARTESIAN_POINT('',(-0.232542302574307,-4.75,5.29974267370974));
#8490=CARTESIAN_POINT('',(-0.23364443376079,-4.75,5.19100114233342));
#8491=CARTESIAN_POINT('',(-0.232254216081357,-4.75,5.05400673403245));
#8492=CARTESIAN_POINT('',(-0.231568188673571,-4.75,5.03370056570774));
#8493=CARTESIAN_POINT('',(-0.238934593082615,-4.75,4.95012603146108));
#8494=CARTESIAN_POINT('',(-0.261866657054495,-4.75,4.8643249619852));
#8495=CARTESIAN_POINT('',(-0.415955954460666,-4.75,4.80734561574334));
#8496=CARTESIAN_POINT('',(-0.484860298895384,-4.75,4.91561088363854));
#8497=CARTESIAN_POINT('',(-0.484860298895384,-4.75,4.99271092483049));
#8498=CARTESIAN_POINT('',(-0.484860298895385,-4.74000000000001,4.99271092483049));
#8499=CARTESIAN_POINT('',(-0.484860298895385,-4.74000000000001,4.91283145887182));
#8500=CARTESIAN_POINT('',(-0.438576706054277,-4.74000000000001,4.84418567015926));
#8501=CARTESIAN_POINT('',(-0.304238647048337,-4.74000000000001,4.82996875908995));
#8502=CARTESIAN_POINT('',(-0.241857028568947,-4.74000000000001,4.92109988206012));
#8503=CARTESIAN_POINT('',(-0.246695815946986,-4.74000000000001,4.93854766073798));
#8504=CARTESIAN_POINT('',(-0.2367447002431,-4.74000000000001,5.02829146621244));
#8505=CARTESIAN_POINT('',(-0.233869243772662,-4.74000000000001,5.13734701101092));
#8506=CARTESIAN_POINT('',(-0.232617506213533,-4.74000000000001,5.33167207393483));
#8507=CARTESIAN_POINT('',(-0.232931686538899,-4.74000000000001,5.40041982725111));
#8508=CARTESIAN_POINT('',(-0.232925041549123,-4.74000000000001,5.53621940280823));
#8509=CARTESIAN_POINT('',(-0.23219358127764,-4.74000000000001,5.68889286275816));
#8510=CARTESIAN_POINT('',(-0.235425296451717,-4.74000000000001,5.88786200357798));
#8511=CARTESIAN_POINT('',(-0.225384372809609,-4.74000000000001,6.02390100399013));
#8512=CARTESIAN_POINT('',(-0.245858547235208,-4.74000000000001,6.19629639053038));
#8513=CARTESIAN_POINT('',(-0.297891119579603,-4.74000000000001,6.24958262146726));
#8514=CARTESIAN_POINT('',(-0.418077008695059,-4.74000000000001,6.22782527085602));
#8515=CARTESIAN_POINT('',(-0.415125365145664,-4.74000000000001,6.20037084584167));
#8516=CARTESIAN_POINT('',(-0.52447968076853,-4.74000000000001,6.06738674164933));
#8517=CARTESIAN_POINT('',(-0.59260286459299,-4.74000000000001,5.99548161476366));
#8518=CARTESIAN_POINT('',(-0.724709215703832,-4.74000000000001,5.89959274031367));
#8519=CARTESIAN_POINT('',(-0.906817677426465,-4.74000000000001,5.85111427323481));
#8520=CARTESIAN_POINT('',(-0.91025300622797,-4.74000000000001,5.70980732193926));
#8521=CARTESIAN_POINT('',(-0.800599221167772,-4.74000000000001,5.64958637030806));
#8522=CARTESIAN_POINT('',(-0.770946447598838,-4.74000000000001,5.66888536350658));
#8523=CARTESIAN_POINT('',(-0.668116225622183,-4.74000000000001,5.70860896792685));
#8524=CARTESIAN_POINT('',(-0.567590308921165,-4.74000000000001,5.78002707443448));
#8525=CARTESIAN_POINT('',(-0.484860298895385,-4.74000000000001,5.84326323152315));
#8526=CARTESIAN_POINT('',(-0.232878492527616,-4.74000000000001,6.07229686614274));
#8527=CARTESIAN_POINT('',(-2.991942820013,-4.74,6.21896173704622));
#8528=CARTESIAN_POINT('',(-2.991942820013,-4.75,6.21896173704622));
#8529=CARTESIAN_POINT('',(-2.9157277265791,-4.74,6.21896173704622));
#8530=CARTESIAN_POINT('',(-2.9157277265791,-4.75,6.21896173704622));
#8531=CARTESIAN_POINT('',(-2.76023450778578,-4.74,6.21912409705078));
#8532=CARTESIAN_POINT('',(-2.76023450778578,-4.75,6.21912409705078));
#8533=CARTESIAN_POINT('',(-2.56965614549405,-4.74000000000001,6.21861410118));
#8534=CARTESIAN_POINT('',(-2.56965614549405,-4.75000000000001,6.21861410118));
#8535=CARTESIAN_POINT('',(-2.42652881478243,-4.74,6.2195550096045));
#8536=CARTESIAN_POINT('',(-2.42652881478243,-4.75,6.2195550096045));
#8537=CARTESIAN_POINT('',(-2.23380791988161,-4.74,6.21574973756273));
#8538=CARTESIAN_POINT('',(-2.23380791988161,-4.75,6.21574973756273));
#8539=CARTESIAN_POINT('',(-2.20228721935787,-4.74,6.15066890045429));
#8540=CARTESIAN_POINT('',(-2.20228721935787,-4.75,6.15066890045429));
#8541=CARTESIAN_POINT('',(-2.19400870751458,-4.74,6.04498619367555));
#8542=CARTESIAN_POINT('',(-2.19400870751458,-4.75,6.04498619367555));
#8543=CARTESIAN_POINT('',(-2.33632607204497,-4.74,5.88677813721781));
#8544=CARTESIAN_POINT('',(-2.33632607204497,-4.75,5.88677813721781));
#8545=CARTESIAN_POINT('',(-2.44920490349925,-4.74000000000001,5.71791472908557));
#8546=CARTESIAN_POINT('',(-2.44920490349925,-4.75000000000001,5.71791472908557));
#8547=CARTESIAN_POINT('',(-2.53644297793115,-4.74,5.55703761461054));
#8548=CARTESIAN_POINT('',(-2.53644297793115,-4.75,5.55703761461054));
#8549=CARTESIAN_POINT('',(-2.61452632350973,-4.74000000000001,5.32394006511181));
#8550=CARTESIAN_POINT('',(-2.61452632350973,-4.75000000000001,5.32394006511181));
#8551=CARTESIAN_POINT('',(-2.63531439083569,-4.74000000000001,5.22835903553043));
#8552=CARTESIAN_POINT('',(-2.63531439083569,-4.75000000000001,5.22835903553043));
#8553=CARTESIAN_POINT('',(-2.65203826853731,-4.74,5.05788020575419));
#8554=CARTESIAN_POINT('',(-2.65203826853731,-4.75,5.05788020575419));
#8555=CARTESIAN_POINT('',(-2.70096429130305,-4.74,4.88912489251242));
#8556=CARTESIAN_POINT('',(-2.70096429130305,-4.75,4.88912489251242));
#8557=CARTESIAN_POINT('',(-2.78655290727822,-4.74,4.82425181112693));
#8558=CARTESIAN_POINT('',(-2.78655290727822,-4.75,4.82425181112693));
#8559=CARTESIAN_POINT('',(-2.93093534292402,-4.74,4.86214144494011));
#8560=CARTESIAN_POINT('',(-2.93093534292402,-4.75,4.86214144494011));
#8561=CARTESIAN_POINT('',(-2.95305023791414,-4.74,4.98460000904621));
#8562=CARTESIAN_POINT('',(-2.95305023791414,-4.75,4.98460000904621));
#8563=CARTESIAN_POINT('',(-2.93051848098017,-4.74,5.12273568325009));
#8564=CARTESIAN_POINT('',(-2.93051848098017,-4.75,5.12273568325009));
#8565=CARTESIAN_POINT('',(-2.91170965390525,-4.74,5.1922013409312));
#8566=CARTESIAN_POINT('',(-2.91170965390525,-4.75,5.1922013409312));
#8567=CARTESIAN_POINT('',(-2.9032073877927,-4.74,5.2208842671043));
#8568=CARTESIAN_POINT('',(-2.9032073877927,-4.75,5.2208842671043));
#8569=CARTESIAN_POINT('',(-2.88050816270449,-4.74,5.29514273791658));
#8570=CARTESIAN_POINT('',(-2.88050816270449,-4.75,5.29514273791658));
#8571=CARTESIAN_POINT('',(-2.84000600326499,-4.74,5.40731975334687));
#8572=CARTESIAN_POINT('',(-2.84000600326499,-4.75,5.40731975334687));
#8573=CARTESIAN_POINT('',(-2.71263464623942,-4.74,5.69347790487533));
#8574=CARTESIAN_POINT('',(-2.71263464623942,-4.75,5.69347790487533));
#8575=CARTESIAN_POINT('',(-2.59217022462897,-4.74,5.8757985593466));
#8576=CARTESIAN_POINT('',(-2.59217022462897,-4.75,5.8757985593466));
#8577=CARTESIAN_POINT('',(-2.49252761533463,-4.74,6.00063815030158));
#8578=CARTESIAN_POINT('',(-2.49252761533463,-4.75,6.00063815030158));
#8579=CARTESIAN_POINT('',(-2.991942820013,-4.75,6.21896173704622));
#8580=CARTESIAN_POINT('',(-2.83959973961584,-4.75,6.21896173704622));
#8581=CARTESIAN_POINT('',(-2.62565998965527,-4.75,6.21805006828914));
#8582=CARTESIAN_POINT('',(-2.45498123822499,-4.75,6.21955448339294));
#8583=CARTESIAN_POINT('',(-2.33663365657284,-4.75,6.2179121307597));
#8584=CARTESIAN_POINT('',(-2.25328087803982,-4.75,6.20939552847503));
#8585=CARTESIAN_POINT('',(-2.18936532318251,-4.75,6.15584892866231));
#8586=CARTESIAN_POINT('',(-2.20784326216469,-4.75,6.04841892459511));
#8587=CARTESIAN_POINT('',(-2.25246877438426,-4.75,5.98496232970292));
#8588=CARTESIAN_POINT('',(-2.34912169320052,-4.75,5.86119346625531));
#8589=CARTESIAN_POINT('',(-2.35386426006469,-4.75,5.85625417829608));
#8590=CARTESIAN_POINT('',(-2.41856693477302,-4.75,5.76497742865991));
#8591=CARTESIAN_POINT('',(-2.47507334309596,-4.75,5.67158163525341));
#8592=CARTESIAN_POINT('',(-2.52306897897737,-4.75,5.57737116599507));
#8593=CARTESIAN_POINT('',(-2.56853896614041,-4.75,5.46163800875144));
#8594=CARTESIAN_POINT('',(-2.60889734928307,-4.75,5.33740014710885));
#8595=CARTESIAN_POINT('',(-2.61805557503017,-4.75,5.30192198394008));
#8596=CARTESIAN_POINT('',(-2.63382816847875,-4.75,5.22918321051044));
#8597=CARTESIAN_POINT('',(-2.64943424978715,-4.75,5.13179575930734));
#8598=CARTESIAN_POINT('',(-2.66245586662961,-4.75,5.02041253558822));
#8599=CARTESIAN_POINT('',(-2.70082527406404,-4.75,4.88928369505791));
#8600=CARTESIAN_POINT('',(-2.76405834575074,-4.75,4.84120582327227));
#8601=CARTESIAN_POINT('',(-2.85821402785441,-4.75,4.84160002489488));
#8602=CARTESIAN_POINT('',(-2.9370632214246,-4.75,4.89424129308647));
#8603=CARTESIAN_POINT('',(-2.95493934026616,-4.75,5.01076223786396));
#8604=CARTESIAN_POINT('',(-2.9106963687738,-4.75,5.20389894686815));
#8605=CARTESIAN_POINT('',(-2.88357805252636,-4.75,5.28345141559707));
#8606=CARTESIAN_POINT('',(-2.84191651025578,-4.75,5.40392095360522));
#8607=CARTESIAN_POINT('',(-2.71149353133852,-4.75,5.69537334511813));
#8608=CARTESIAN_POINT('',(-2.5926579276899,-4.75,5.8751874976967));
#8609=CARTESIAN_POINT('',(-2.49252780070411,-4.75,6.00063791805703));
#8610=CARTESIAN_POINT('',(-2.99218714129509,-4.75,6.21896170530467));
#8611=CARTESIAN_POINT('',(-2.49252791248675,-4.75,6.000638007278));
#8612=CARTESIAN_POINT('',(-2.991942820013,-4.74,6.21896173704622));
#8613=CARTESIAN_POINT('',(-2.991942820013,-4.74,6.21896173704622));
#8614=CARTESIAN_POINT('',(-2.49252761533463,-4.74,6.00063815030158));
#8615=CARTESIAN_POINT('',(-2.59315620416421,-4.74,5.87456325165302));
#8616=CARTESIAN_POINT('',(-2.72164363513652,-4.74,5.67576045648758));
#8617=CARTESIAN_POINT('',(-2.83013014529051,-4.74,5.43916307332269));
#8618=CARTESIAN_POINT('',(-2.88271052596042,-4.74,5.28857863610489));
#8619=CARTESIAN_POINT('',(-2.91078186664516,-4.74,5.20659660808693));
#8620=CARTESIAN_POINT('',(-2.95472649185279,-4.74,4.99746024562655));
#8621=CARTESIAN_POINT('',(-2.93379501617355,-4.74,4.90123695739189));
#8622=CARTESIAN_POINT('',(-2.87406261458025,-4.74,4.83140106692539));
#8623=CARTESIAN_POINT('',(-2.76066424552717,-4.74,4.84339308924903));
#8624=CARTESIAN_POINT('',(-2.70361183285292,-4.74,4.88922842251764));
#8625=CARTESIAN_POINT('',(-2.64985038869444,-4.74,5.0610243018587));
#8626=CARTESIAN_POINT('',(-2.6400393835363,-4.74,5.20593624277811));
#8627=CARTESIAN_POINT('',(-2.60680455624436,-4.74,5.36239392840226));
#8628=CARTESIAN_POINT('',(-2.51134861169469,-4.74,5.61568292391633));
#8629=CARTESIAN_POINT('',(-2.4123477706269,-4.74,5.78065432425581));
#8630=CARTESIAN_POINT('',(-2.24394782316237,-4.74,6.00304681638597));
#8631=CARTESIAN_POINT('',(-2.21771471098334,-4.74,6.03203934343501));
#8632=CARTESIAN_POINT('',(-2.17860747125624,-4.74,6.16078732986188));
#8633=CARTESIAN_POINT('',(-2.28252091269162,-4.74,6.21595508404361));
#8634=CARTESIAN_POINT('',(-2.34358137734472,-4.74,6.2171617000574));
#8635=CARTESIAN_POINT('',(-2.55519052133028,-4.74,6.21944343708548));
#8636=CARTESIAN_POINT('',(-2.64357009379187,-4.74,6.21883497387799));
#8637=CARTESIAN_POINT('',(-2.80464796988942,-4.74,6.21903779494715));
#8638=CARTESIAN_POINT('',(-2.9157277265791,-4.74,6.21896173704622));
#8639=CARTESIAN_POINT('',(-2.991942820013,-4.74,6.21896173704622));
#8640=CARTESIAN_POINT('',(-2.49252761533463,-4.74,6.00063815030158));
#8641=CARTESIAN_POINT('',(-2.49252761533463,-4.74,6.00063815030158));
#8642=CARTESIAN_POINT('',(-2.49252761533463,-4.74,6.00063815030158));
#8643=CARTESIAN_POINT('',(-2.49252761533463,-4.75,6.00063815030158));
#8644=CARTESIAN_POINT('',(-2.57074588535486,-4.74,6.00063815030158));
#8645=CARTESIAN_POINT('',(-2.57074588535486,-4.75,6.00063815030158));
#8646=CARTESIAN_POINT('',(-2.7340296158452,-4.74,6.0009313831746));
#8647=CARTESIAN_POINT('',(-2.7340296158452,-4.75,6.0009313831746));
#8648=CARTESIAN_POINT('',(-2.90389832670874,-4.74,5.99983175990074));
#8649=CARTESIAN_POINT('',(-2.90389832670874,-4.75,5.99983175990074));
#8650=CARTESIAN_POINT('',(-3.11168879512325,-4.74,6.00203100644847));
#8651=CARTESIAN_POINT('',(-3.11168879512325,-4.75,6.00203100644847));
#8652=CARTESIAN_POINT('',(-3.16479493360645,-4.74,6.1095265494748));
#8653=CARTESIAN_POINT('',(-3.16479493360645,-4.75,6.1095265494748));
#8654=CARTESIAN_POINT('',(-3.11845353329659,-4.74,6.21878893696615));
#8655=CARTESIAN_POINT('',(-3.11845353329659,-4.75,6.21878893696615));
#8656=CARTESIAN_POINT('',(-3.04124283962284,-4.74,6.21896173704621));
#8657=CARTESIAN_POINT('',(-3.04124283962284,-4.75,6.21896173704621));
#8658=CARTESIAN_POINT('',(-2.991942820013,-4.74,6.21896173704622));
#8659=CARTESIAN_POINT('',(-2.991942820013,-4.75,6.21896173704622));
#8660=CARTESIAN_POINT('',(-2.49252791248675,-4.75,6.00063815030158));
#8661=CARTESIAN_POINT('',(-2.57072061219824,-4.75,6.00063815030158));
#8662=CARTESIAN_POINT('',(-2.73386363623432,-4.75,6.00092130825179));
#8663=CARTESIAN_POINT('',(-2.90400429321391,-4.75,5.9998594659385));
#8664=CARTESIAN_POINT('',(-3.11107187723517,-4.75,6.00198315056507));
#8665=CARTESIAN_POINT('',(-3.16640966242412,-4.75,6.109231763434));
#8666=CARTESIAN_POINT('',(-3.11256223482738,-4.75,6.21866132143095));
#8667=CARTESIAN_POINT('',(-3.0546550351853,-4.75,6.2189454805399));
#8668=CARTESIAN_POINT('',(-2.99243146257719,-4.75,6.21896167356311));
#8669=CARTESIAN_POINT('',(-2.991942820013,-4.74,6.21896173704622));
#8670=CARTESIAN_POINT('',(-3.04136291294023,-4.74,6.21896173704622));
#8671=CARTESIAN_POINT('',(-3.1173114224012,-4.74,6.21860665608452));
#8672=CARTESIAN_POINT('',(-3.16861221176421,-4.74,6.1101645325605));
#8673=CARTESIAN_POINT('',(-3.10940352978372,-4.74,6.01807855124952));
#8674=CARTESIAN_POINT('',(-3.05304923299237,-4.74,6.00444177464196));
#8675=CARTESIAN_POINT('',(-2.92350480543873,-4.74,5.99844375164367));
#8676=CARTESIAN_POINT('',(-2.85076911792974,-4.74,6.00136961652088));
#8677=CARTESIAN_POINT('',(-2.68431771788276,-4.74,6.00019927057));
#8678=CARTESIAN_POINT('',(-2.57074588535486,-4.74,6.00063815030158));
#8679=CARTESIAN_POINT('',(-2.49252761533463,-4.74,6.00063815030158));
#8680=CARTESIAN_POINT('',(-2.96183723545601,-4.74,6.00063815030158));
#8681=CARTESIAN_POINT('',(-5.01780376868096,-4.74,4.99271092483049));
#8682=CARTESIAN_POINT('',(-5.01780376868096,-4.75,4.99271092483049));
#8683=CARTESIAN_POINT('',(-5.01780376868096,-4.75,5.27622836039471));
#8684=CARTESIAN_POINT('',(-5.01780376868096,-4.75,5.55974579595893));
#8685=CARTESIAN_POINT('',(-5.01780376868096,-4.75,5.84326323152315));
#8686=CARTESIAN_POINT('',(-5.01780376868096,-4.75,4.99271092483049));
#8687=CARTESIAN_POINT('',(-5.01780376868096,-4.75,5.84326323152315));
#8688=CARTESIAN_POINT('',(-5.01780376868096,-4.74,4.99271092483049));
#8689=CARTESIAN_POINT('',(-5.01780376868096,-4.74,4.99271092483049));
#8690=CARTESIAN_POINT('',(-5.01780376868096,-4.74,4.99271092483049));
#8691=CARTESIAN_POINT('',(-5.01780376868096,-4.74,5.27622836039471));
#8692=CARTESIAN_POINT('',(-5.01780376868096,-4.74,5.55974579595893));
#8693=CARTESIAN_POINT('',(-5.01780376868096,-4.74,5.84326323152315));
#8694=CARTESIAN_POINT('',(-5.01780376868096,-4.74,5.84326323152315));
#8695=CARTESIAN_POINT('',(-5.01780376868096,-4.74,5.84326323152315));
#8696=CARTESIAN_POINT('',(-5.01780376868096,-4.74,5.84326323152315));
#8697=CARTESIAN_POINT('',(-5.01780376868096,-4.75,5.84326323152315));
#8698=CARTESIAN_POINT('',(-5.09904503756324,-4.74,5.78116502025106));
#8699=CARTESIAN_POINT('',(-5.09904503756324,-4.75,5.78116502025106));
#8700=CARTESIAN_POINT('',(-5.19888926393239,-4.74,5.71043065356382));
#8701=CARTESIAN_POINT('',(-5.19888926393239,-4.75,5.71043065356382));
#8702=CARTESIAN_POINT('',(-5.2971485396625,-4.74,5.66955254418149));
#8703=CARTESIAN_POINT('',(-5.2971485396625,-4.75,5.66955254418149));
#8704=CARTESIAN_POINT('',(-5.33507182778619,-4.74,5.65005468763163));
#8705=CARTESIAN_POINT('',(-5.33507182778619,-4.75,5.65005468763163));
#8706=CARTESIAN_POINT('',(-5.44406756719742,-4.74,5.70729370755782));
#8707=CARTESIAN_POINT('',(-5.44406756719742,-4.75,5.70729370755782));
#8708=CARTESIAN_POINT('',(-5.43603848213271,-4.74000000000001,5.82550649993204));
#8709=CARTESIAN_POINT('',(-5.43603848213271,-4.75000000000001,5.82550649993204));
#8710=CARTESIAN_POINT('',(-5.37670470885028,-4.74,5.85549081954017));
#8711=CARTESIAN_POINT('',(-5.37670470885028,-4.75,5.85549081954017));
#8712=CARTESIAN_POINT('',(-5.26262272303806,-4.74,5.91001028927267));
#8713=CARTESIAN_POINT('',(-5.26262272303806,-4.75,5.91001028927267));
#8714=CARTESIAN_POINT('',(-5.17822239016801,-4.74,5.95917287162059));
#8715=CARTESIAN_POINT('',(-5.17822239016801,-4.75,5.95917287162059));
#8716=CARTESIAN_POINT('',(-5.09531796970315,-4.74,6.02016558391673));
#8717=CARTESIAN_POINT('',(-5.09531796970315,-4.75,6.02016558391673));
#8718=CARTESIAN_POINT('',(-4.95824352969461,-4.74,6.18009377586462));
#8719=CARTESIAN_POINT('',(-4.95824352969461,-4.75,6.18009377586462));
#8720=CARTESIAN_POINT('',(-4.94893000071948,-4.74,6.22925734651505));
#8721=CARTESIAN_POINT('',(-4.94893000071948,-4.75,6.22925734651505));
#8722=CARTESIAN_POINT('',(-4.83473143325203,-4.74000000000001,6.25469562466411));
#8723=CARTESIAN_POINT('',(-4.83473143325203,-4.75000000000001,6.25469562466411));
#8724=CARTESIAN_POINT('',(-4.76499816688174,-4.74,6.17431610324358));
#8725=CARTESIAN_POINT('',(-4.76499816688174,-4.75,6.17431610324358));
#8726=CARTESIAN_POINT('',(-4.76629646373339,-4.74,6.03708254835552));
#8727=CARTESIAN_POINT('',(-4.76629646373339,-4.75,6.03708254835552));
#8728=CARTESIAN_POINT('',(-4.76567042668865,-4.74,5.88343329308089));
#8729=CARTESIAN_POINT('',(-4.76567042668865,-4.75,5.88343329308089));
#8730=CARTESIAN_POINT('',(-4.7658283959822,-4.74,5.69150004094464));
#8731=CARTESIAN_POINT('',(-4.7658283959822,-4.75,5.69150004094464));
#8732=CARTESIAN_POINT('',(-4.76594776326168,-4.74,5.50115507069841));
#8733=CARTESIAN_POINT('',(-4.76594776326168,-4.75,5.50115507069841));
#8734=CARTESIAN_POINT('',(-4.76531232485021,-4.74,5.31201111869886));
#8735=CARTESIAN_POINT('',(-4.76531232485021,-4.75,5.31201111869886));
#8736=CARTESIAN_POINT('',(-4.76733098015553,-4.74,5.14906419630189));
#8737=CARTESIAN_POINT('',(-4.76733098015553,-4.75,5.14906419630189));
#8738=CARTESIAN_POINT('',(-4.76320765768956,-4.74000000000001,5.03089085901463));
#8739=CARTESIAN_POINT('',(-4.76320765768956,-4.75000000000001,5.03089085901463));
#8740=CARTESIAN_POINT('',(-4.78022648284417,-4.74,4.85336028518999));
#8741=CARTESIAN_POINT('',(-4.78022648284417,-4.75,4.85336028518999));
#8742=CARTESIAN_POINT('',(-4.94564238389552,-4.74000000000001,4.81372989950026));
#8743=CARTESIAN_POINT('',(-4.94564238389552,-4.75000000000001,4.81372989950026));
#8744=CARTESIAN_POINT('',(-5.01780376868096,-4.74,4.91364599831352));
#8745=CARTESIAN_POINT('',(-5.01780376868096,-4.75,4.91364599831352));
#8746=CARTESIAN_POINT('',(-5.01780376868096,-4.74,4.99271092483049));
#8747=CARTESIAN_POINT('',(-5.01780376868096,-4.75,4.99271092483049));
#8748=CARTESIAN_POINT('',(-5.01780376868096,-4.75,5.84326323152315));
#8749=CARTESIAN_POINT('',(-5.10532073962962,-4.75,5.77636807556814));
#8750=CARTESIAN_POINT('',(-5.20580965811577,-4.75,5.71088841580905));
#8751=CARTESIAN_POINT('',(-5.24098175474614,-4.75,5.69430664514653));
#8752=CARTESIAN_POINT('',(-5.31466310407744,-4.75,5.66084144190719));
#8753=CARTESIAN_POINT('',(-5.33092346282516,-4.75,5.65208377354217));
#8754=CARTESIAN_POINT('',(-5.44639853437614,-4.75,5.70613693251695));
#8755=CARTESIAN_POINT('',(-5.43086297837888,-4.75,5.82810451418499));
#8756=CARTESIAN_POINT('',(-5.40104029363556,-4.75,5.8432303670052));
#8757=CARTESIAN_POINT('',(-5.29469489606616,-4.75,5.89530447023635));
#8758=CARTESIAN_POINT('',(-5.26283372139163,-4.75,5.91107096424386));
#8759=CARTESIAN_POINT('',(-5.17456700507085,-4.75,5.96060109125212));
#8760=CARTESIAN_POINT('',(-5.09460501208926,-4.75,6.02228586850901));
#8761=CARTESIAN_POINT('',(-4.95835791849234,-4.75,6.17961415993002));
#8762=CARTESIAN_POINT('',(-4.94890805972693,-4.75,6.22956660325254));
#8763=CARTESIAN_POINT('',(-4.83473889087207,-4.75,6.25374099548075));
#8764=CARTESIAN_POINT('',(-4.76499027739414,-4.75,6.17782536323955));
#8765=CARTESIAN_POINT('',(-4.76599598985086,-4.75,6.05830852627702));
#8766=CARTESIAN_POINT('',(-4.76595753708158,-4.75,6.02444322945174));
#8767=CARTESIAN_POINT('',(-4.76580447347496,-4.75,5.86210134937194));
#8768=CARTESIAN_POINT('',(-4.76575634289772,-4.75,5.82019698573915));
#8769=CARTESIAN_POINT('',(-4.76583750888849,-4.75,5.64057077180413));
#8770=CARTESIAN_POINT('',(-4.76601014021284,-4.75,5.51034944396174));
#8771=CARTESIAN_POINT('',(-4.7655029430399,-4.75,5.30011862921754));
#8772=CARTESIAN_POINT('',(-4.76655813188997,-4.75,5.19116745466773));
#8773=CARTESIAN_POINT('',(-4.76522178013558,-4.75,5.05419424245396));
#8774=CARTESIAN_POINT('',(-4.76454045394523,-4.75,5.03392133153136));
#8775=CARTESIAN_POINT('',(-4.77171896093628,-4.75,4.95094765810535));
#8776=CARTESIAN_POINT('',(-4.79415803214536,-4.75,4.86583443853282));
#8777=CARTESIAN_POINT('',(-4.94674134844455,-4.75,4.80584771866512));
#8778=CARTESIAN_POINT('',(-5.01780376868096,-4.75,4.91567532059943));
#8779=CARTESIAN_POINT('',(-5.01780376868096,-4.75,4.99271092483049));
#8780=CARTESIAN_POINT('',(-5.01780376868096,-4.74000000000001,4.99271092483049));
#8781=CARTESIAN_POINT('',(-5.01780376868096,-4.74000000000001,4.91215330938159));
#8782=CARTESIAN_POINT('',(-4.96973953945202,-4.74000000000001,4.84311522208749));
#8783=CARTESIAN_POINT('',(-4.83629816099782,-4.74000000000001,4.83066186408489));
#8784=CARTESIAN_POINT('',(-4.77444892184259,-4.74000000000001,4.92231338720154));
#8785=CARTESIAN_POINT('',(-4.77939375880819,-4.74000000000001,4.9394552916223));
#8786=CARTESIAN_POINT('',(-4.76959547303347,-4.74000000000001,5.02904097037764));
#8787=CARTESIAN_POINT('',(-4.76679508126139,-4.74000000000001,5.13787523292104));
#8788=CARTESIAN_POINT('',(-4.7655657153812,-4.74000000000001,5.33178544840809));
#8789=CARTESIAN_POINT('',(-4.76587383109296,-4.74000000000001,5.40065733076296));
#8790=CARTESIAN_POINT('',(-4.76586970180381,-4.74000000000001,5.53643172763479));
#8791=CARTESIAN_POINT('',(-4.76513296299875,-4.74000000000001,5.68915640356497));
#8792=CARTESIAN_POINT('',(-4.76838287231931,-4.74000000000001,5.88807612084928));
#8793=CARTESIAN_POINT('',(-4.75828658005584,-4.74000000000001,6.02433329157203));
#8794=CARTESIAN_POINT('',(-4.77887346837521,-4.74000000000001,6.19633619990021));
#8795=CARTESIAN_POINT('',(-4.83048512992519,-4.74000000000001,6.24936394174068));
#8796=CARTESIAN_POINT('',(-4.95203991253337,-4.74000000000001,6.22856398155209));
#8797=CARTESIAN_POINT('',(-4.9477218035221,-4.74000000000001,6.20048981130249));
#8798=CARTESIAN_POINT('',(-5.05644421359991,-4.74000000000001,6.06840247375257));
#8799=CARTESIAN_POINT('',(-5.12592580116276,-4.74000000000001,5.99506898486444));
#8800=CARTESIAN_POINT('',(-5.25739531939633,-4.74000000000001,5.89979720466232));
#8801=CARTESIAN_POINT('',(-5.43973656662367,-4.74000000000001,5.85112677469145));
#8802=CARTESIAN_POINT('',(-5.44323037357646,-4.74000000000001,5.70987660819007));
#8803=CARTESIAN_POINT('',(-5.33358632850493,-4.74000000000001,5.64957742631884));
#8804=CARTESIAN_POINT('',(-5.30392773040853,-4.74000000000001,5.66887868880037));
#8805=CARTESIAN_POINT('',(-5.20108760921257,-4.74000000000001,5.7085904247073));
#8806=CARTESIAN_POINT('',(-5.10054663153065,-4.74000000000001,5.78001725014954));
#8807=CARTESIAN_POINT('',(-5.01780376868096,-4.74000000000001,5.84326323152315));
#8808=CARTESIAN_POINT('',(-4.76582196231319,-4.74000000000001,6.07258378296657));
#8809=CARTESIAN_POINT('',(0.559290934662234,-4.74,8.10531442357378));
#8810=CARTESIAN_POINT('',(0.559290934662234,-4.75,8.10531442357378));
#8811=CARTESIAN_POINT('',(0.579902392228161,-4.74,8.18188458946349));
#8812=CARTESIAN_POINT('',(0.579902392228161,-4.75,8.18188458946349));
#8813=CARTESIAN_POINT('',(0.620735125988163,-4.74,8.33352495688247));
#8814=CARTESIAN_POINT('',(0.620735125988163,-4.75,8.33352495688247));
#8815=CARTESIAN_POINT('',(0.673726950047413,-4.74000000000001,8.53057523795835));
#8816=CARTESIAN_POINT('',(0.673726950047413,-4.75000000000001,8.53057523795835));
#8817=CARTESIAN_POINT('',(0.712023504890395,-4.74,8.67246583703455));
#8818=CARTESIAN_POINT('',(0.712023504890395,-4.75,8.67246583703455));
#8819=CARTESIAN_POINT('',(0.751866090120352,-4.74,8.82163277061398));
#8820=CARTESIAN_POINT('',(0.751866090120352,-4.75,8.82163277061398));
#8821=CARTESIAN_POINT('',(0.783988105706083,-4.74,8.90790484092103));
#8822=CARTESIAN_POINT('',(0.783988105706083,-4.75,8.90790484092103));
#8823=CARTESIAN_POINT('',(0.904158500342905,-4.74,8.96042985598626));
#8824=CARTESIAN_POINT('',(0.904158500342905,-4.75,8.96042985598626));
#8825=CARTESIAN_POINT('',(1.02745871524113,-4.74,8.90605515404266));
#8826=CARTESIAN_POINT('',(1.02745871524113,-4.75,8.90605515404266));
#8827=CARTESIAN_POINT('',(1.06674927800147,-4.74,8.775077575601));
#8828=CARTESIAN_POINT('',(1.06674927800147,-4.75,8.775077575601));
#8829=CARTESIAN_POINT('',(1.12531907076984,-4.74,8.55694523961099));
#8830=CARTESIAN_POINT('',(1.12531907076984,-4.75,8.55694523961099));
#8831=CARTESIAN_POINT('',(1.18443825078589,-4.74,8.33982648184887));
#8832=CARTESIAN_POINT('',(1.18443825078589,-4.75,8.33982648184887));
#8833=CARTESIAN_POINT('',(1.22763755396998,-4.74,8.18183756382054));
#8834=CARTESIAN_POINT('',(1.22763755396998,-4.75,8.18183756382054));
#8835=CARTESIAN_POINT('',(1.24842276745966,-4.74,8.10531442357378));
#8836=CARTESIAN_POINT('',(1.24842276745966,-4.75,8.10531442357378));
#8837=CARTESIAN_POINT('',(0.559291040233029,-4.75,8.10531481576211));
#8838=CARTESIAN_POINT('',(0.579902473544705,-4.75,8.18188489154893));
#8839=CARTESIAN_POINT('',(0.60984871867578,-4.75,8.29322989991912));
#8840=CARTESIAN_POINT('',(0.653660667157967,-4.75,8.45573034121837));
#8841=CARTESIAN_POINT('',(0.676810576712711,-4.75,8.54250460574415));
#8842=CARTESIAN_POINT('',(0.736855171259943,-4.75,8.76266399344288));
#8843=CARTESIAN_POINT('',(0.745225965357703,-4.75,8.79741462470598));
#8844=CARTESIAN_POINT('',(0.785716176335714,-4.75,8.9145767774016));
#8845=CARTESIAN_POINT('',(0.903884129681212,-4.75,8.95795823719187));
#8846=CARTESIAN_POINT('',(1.02682370232784,-4.75,8.90926974292568));
#8847=CARTESIAN_POINT('',(1.05973776634706,-4.75,8.79743847171206));
#8848=CARTESIAN_POINT('',(1.07956600000973,-4.75,8.72614994502269));
#8849=CARTESIAN_POINT('',(1.1269034991703,-4.75,8.55182654598376));
#8850=CARTESIAN_POINT('',(1.1535677934319,-4.75,8.45286300219614));
#8851=CARTESIAN_POINT('',(1.19659499825092,-4.75,8.29452988877431));
#8852=CARTESIAN_POINT('',(1.22741986565636,-4.75,8.18178026379381));
#8853=CARTESIAN_POINT('',(1.24842228341582,-4.75,8.10531620195564));
#8854=CARTESIAN_POINT('',(0.559290943670139,-4.75,8.10531484175529));
#8855=CARTESIAN_POINT('',(1.24842244453948,-4.745,8.10531624621154));
#8856=CARTESIAN_POINT('',(0.559290934662234,-4.74,8.10531442357378));
#8857=CARTESIAN_POINT('',(0.559290943472449,-4.74,8.10531484264009));
#8858=CARTESIAN_POINT('',(1.24842228422258,-4.74,8.10531620266627));
#8859=CARTESIAN_POINT('',(1.22763705715608,-4.74,8.18183938629909));
#8860=CARTESIAN_POINT('',(1.1973361456139,-4.74,8.29331210791293));
#8861=CARTESIAN_POINT('',(1.15323751025007,-4.74,8.45513897915779));
#8862=CARTESIAN_POINT('',(1.12921737991889,-4.74,8.54346605361032));
#8863=CARTESIAN_POINT('',(1.07064067984579,-4.74,8.75731621746336));
#8864=CARTESIAN_POINT('',(1.06212829993807,-4.74,8.78908410692526));
#8865=CARTESIAN_POINT('',(1.0261868908178,-4.74,8.91152092058755));
#8866=CARTESIAN_POINT('',(0.904040845139417,-4.74,8.95730788927028));
#8867=CARTESIAN_POINT('',(0.785726134591075,-4.74,8.91492698974536));
#8868=CARTESIAN_POINT('',(0.745029433209974,-4.74,8.7966641334994));
#8869=CARTESIAN_POINT('',(0.737631349866565,-4.74,8.76531577055723));
#8870=CARTESIAN_POINT('',(0.67661235828727,-4.74,8.54179243074508));
#8871=CARTESIAN_POINT('',(0.653677373747471,-4.74,8.4559273033847));
#8872=CARTESIAN_POINT('',(0.609769600465016,-4.74,8.29313032806518));
#8873=CARTESIAN_POINT('',(0.579874835845357,-4.74,8.18189233410041));
#8874=CARTESIAN_POINT('',(0.559291040309305,-4.74,8.10531481661065));
#8875=CARTESIAN_POINT('',(0.905014407331045,-4.74,8.64242053289854));
#8876=CARTESIAN_POINT('',(0.905014407331045,-4.75,8.64242053289854));
#8877=CARTESIAN_POINT('',(0.868802054351096,-4.74,8.50949470061848));
#8878=CARTESIAN_POINT('',(0.868802054351096,-4.75,8.50949470061848));
#8879=CARTESIAN_POINT('',(0.81440039165368,-4.74000000000001,8.30671891545491));
#8880=CARTESIAN_POINT('',(0.81440039165368,-4.75000000000001,8.30671891545491));
#8881=CARTESIAN_POINT('',(0.742197374300432,-4.74,8.04989934887745));
#8882=CARTESIAN_POINT('',(0.742197374300432,-4.75,8.04989934887745));
#8883=CARTESIAN_POINT('',(0.69637771155887,-4.74,7.86116181357075));
#8884=CARTESIAN_POINT('',(0.69637771155887,-4.75,7.86116181357075));
#8885=CARTESIAN_POINT('',(0.649500385804756,-4.74,7.762322890904));
#8886=CARTESIAN_POINT('',(0.649500385804756,-4.75,7.762322890904));
#8887=CARTESIAN_POINT('',(0.523142758098022,-4.74,7.72884523054976));
#8888=CARTESIAN_POINT('',(0.523142758098022,-4.75,7.72884523054976));
#8889=CARTESIAN_POINT('',(0.429236115395317,-4.74,7.78368976590421));
#8890=CARTESIAN_POINT('',(0.429236115395317,-4.75,7.78368976590421));
#8891=CARTESIAN_POINT('',(0.38923085265092,-4.74,7.92477202537851));
#8892=CARTESIAN_POINT('',(0.38923085265092,-4.75,7.92477202537851));
#8893=CARTESIAN_POINT('',(0.34762935818867,-4.74,8.08621673279196));
#8894=CARTESIAN_POINT('',(0.34762935818867,-4.75,8.08621673279196));
#8895=CARTESIAN_POINT('',(0.297896196036402,-4.74,8.28644109094631));
#8896=CARTESIAN_POINT('',(0.297896196036402,-4.75,8.28644109094631));
#8897=CARTESIAN_POINT('',(0.247944557392882,-4.74,8.4951362310194));
#8898=CARTESIAN_POINT('',(0.247944557392882,-4.75,8.4951362310194));
#8899=CARTESIAN_POINT('',(0.213598021836996,-4.74,8.63719298835025));
#8900=CARTESIAN_POINT('',(0.213598021836996,-4.75,8.63719298835025));
#8901=CARTESIAN_POINT('',(0.168369855456506,-4.74,8.82295344334672));
#8902=CARTESIAN_POINT('',(0.168369855456506,-4.75,8.82295344334672));
#8903=CARTESIAN_POINT('',(0.173506125182649,-4.74,8.89634044907707));
#8904=CARTESIAN_POINT('',(0.173506125182649,-4.75,8.89634044907707));
#8905=CARTESIAN_POINT('',(0.282214552120822,-4.74,8.96098373343801));
#8906=CARTESIAN_POINT('',(0.282214552120822,-4.75,8.96098373343801));
#8907=CARTESIAN_POINT('',(0.379365314323663,-4.74,8.91523498965911));
#8908=CARTESIAN_POINT('',(0.379365314323663,-4.75,8.91523498965911));
#8909=CARTESIAN_POINT('',(0.398571387129368,-4.74,8.8192558723291));
#8910=CARTESIAN_POINT('',(0.398571387129368,-4.75,8.8192558723291));
#8911=CARTESIAN_POINT('',(0.433325202065171,-4.74,8.67209220982461));
#8912=CARTESIAN_POINT('',(0.433325202065171,-4.75,8.67209220982461));
#8913=CARTESIAN_POINT('',(0.468603750962795,-4.74,8.51027361959821));
#8914=CARTESIAN_POINT('',(0.468603750962795,-4.75,8.51027361959821));
#8915=CARTESIAN_POINT('',(0.514399094946624,-4.74,8.30654336243134));
#8916=CARTESIAN_POINT('',(0.514399094946624,-4.75,8.30654336243134));
#8917=CARTESIAN_POINT('',(0.544266511594905,-4.74,8.17254105127811));
#8918=CARTESIAN_POINT('',(0.544266511594905,-4.75,8.17254105127811));
#8919=CARTESIAN_POINT('',(0.559290934662234,-4.74,8.10531442357378));
#8920=CARTESIAN_POINT('',(0.559290934662234,-4.75,8.10531442357378));
#8921=CARTESIAN_POINT('',(0.905014407331045,-4.75,8.64242053289854));
#8922=CARTESIAN_POINT('',(0.83477008627565,-4.75,8.38457247634154));
#8923=CARTESIAN_POINT('',(0.753335978361865,-4.75,8.08840437541435));
#8924=CARTESIAN_POINT('',(0.705985589963424,-4.75,7.91497292399788));
#8925=CARTESIAN_POINT('',(0.685944911787826,-4.75,7.84956463414918));
#8926=CARTESIAN_POINT('',(0.692570913908738,-4.75,7.85991363112377));
#8927=CARTESIAN_POINT('',(0.646610923615121,-4.75,7.7555689132719));
#8928=CARTESIAN_POINT('',(0.523844745964676,-4.75,7.73093464976874));
#8929=CARTESIAN_POINT('',(0.429318052656528,-4.75,7.78208602698313));
#8930=CARTESIAN_POINT('',(0.387830924603178,-4.75,7.93107351537999));
#8931=CARTESIAN_POINT('',(0.359819461367526,-4.75,8.03752043112787));
#8932=CARTESIAN_POINT('',(0.294005297701515,-4.75,8.3026050320101));
#8933=CARTESIAN_POINT('',(0.258432749548296,-4.75,8.44974748816601));
#8934=CARTESIAN_POINT('',(0.22338462456196,-4.75,8.59602128733419));
#8935=CARTESIAN_POINT('',(0.209121896912856,-4.75,8.65311750051267));
#8936=CARTESIAN_POINT('',(0.181338959821813,-4.75,8.77411192179945));
#8937=CARTESIAN_POINT('',(0.171527422080865,-4.75,8.82317790731664));
#8938=CARTESIAN_POINT('',(0.172749900690274,-4.75,8.90030621669583));
#8939=CARTESIAN_POINT('',(0.282325913340496,-4.75,8.96032128973975));
#8940=CARTESIAN_POINT('',(0.363450310995982,-4.75,8.92165263903416));
#8941=CARTESIAN_POINT('',(0.388447570098895,-4.75,8.86955111797995));
#8942=CARTESIAN_POINT('',(0.401434203250085,-4.75,8.80856382867514));
#8943=CARTESIAN_POINT('',(0.404102927063321,-4.75,8.79733654477361));
#8944=CARTESIAN_POINT('',(0.427816393367399,-4.75,8.69418544954203));
#8945=CARTESIAN_POINT('',(0.429186084046046,-4.75,8.6880766148693));
#8946=CARTESIAN_POINT('',(0.440822488549307,-4.75,8.63633371946633));
#8947=CARTESIAN_POINT('',(0.451604674634905,-4.75,8.58796178181354));
#8948=CARTESIAN_POINT('',(0.473406192498177,-4.75,8.48961570243356));
#8949=CARTESIAN_POINT('',(0.469853773600039,-4.75,8.50567086075544));
#8950=CARTESIAN_POINT('',(0.478263756844291,-4.75,8.46792930261027));
#8951=CARTESIAN_POINT('',(0.497363800364426,-4.75,8.38244577217406));
#8952=CARTESIAN_POINT('',(0.530638512977029,-4.75,8.2335193920618));
#8953=CARTESIAN_POINT('',(0.559290846077729,-4.75,8.10531481994424));
#8954=CARTESIAN_POINT('',(0.905014407331045,-4.75,8.64242053289854));
#8955=CARTESIAN_POINT('',(0.905360542232982,-4.74,8.64251114415711));
#8956=CARTESIAN_POINT('',(0.90536054223298,-4.74333333333333,8.64251114415712));
#8957=CARTESIAN_POINT('',(0.905360542232976,-4.74666666666667,8.64251114415713));
#8958=CARTESIAN_POINT('',(0.905360542232975,-4.75,8.64251114415715));
#8959=CARTESIAN_POINT('',(0.905014407331045,-4.74,8.64242053289854));
#8960=CARTESIAN_POINT('',(0.55929084587999,-4.74,8.10531482082903));
#8961=CARTESIAN_POINT('',(0.530663200930169,-4.74,8.23340892606749));
#8962=CARTESIAN_POINT('',(0.497407424815279,-4.74,8.38225024351819));
#8963=CARTESIAN_POINT('',(0.478295599410029,-4.74,8.46778726536965));
#8964=CARTESIAN_POINT('',(0.46987172745918,-4.74,8.50558975290597));
#8965=CARTESIAN_POINT('',(0.473403215627514,-4.74,8.48963197824964));
#8966=CARTESIAN_POINT('',(0.451598626940204,-4.74,8.58797779208258));
#8967=CARTESIAN_POINT('',(0.440815730507059,-4.74,8.63635094013493));
#8968=CARTESIAN_POINT('',(0.429173930283435,-4.74,8.68812176933125));
#8969=CARTESIAN_POINT('',(0.427837841338097,-4.74,8.69408514624311));
#8970=CARTESIAN_POINT('',(0.404029285947937,-4.74,8.79769261736421));
#8971=CARTESIAN_POINT('',(0.401453963841829,-4.74,8.80846797113328));
#8972=CARTESIAN_POINT('',(0.388442172342299,-4.74,8.86957845757188));
#8973=CARTESIAN_POINT('',(0.36345457059539,-4.74,8.92162548472362));
#8974=CARTESIAN_POINT('',(0.28231464214157,-4.74,8.96042892660977));
#8975=CARTESIAN_POINT('',(0.172787655606434,-4.74,8.89992979486805));
#8976=CARTESIAN_POINT('',(0.171417267137827,-4.74,8.82428023426653));
#8977=CARTESIAN_POINT('',(0.181529689643734,-4.74,8.77220299803063));
#8978=CARTESIAN_POINT('',(0.208970118208338,-4.74,8.65422781775172));
#8979=CARTESIAN_POINT('',(0.22379699221826,-4.74,8.59557304670089));
#8980=CARTESIAN_POINT('',(0.258611438021557,-4.74,8.45091383651729));
#8981=CARTESIAN_POINT('',(0.295741827936937,-4.74,8.29565499243687));
#8982=CARTESIAN_POINT('',(0.353006196964258,-4.74,8.06253104825053));
#8983=CARTESIAN_POINT('',(0.388663528469428,-4.74,7.92796601027928));
#8984=CARTESIAN_POINT('',(0.429182016936783,-4.74,7.78267741850162));
#8985=CARTESIAN_POINT('',(0.523798431680158,-4.74,7.73075187569069));
#8986=CARTESIAN_POINT('',(0.646932202878668,-4.74,7.75570861603614));
#8987=CARTESIAN_POINT('',(0.692493973543232,-4.74,7.85990930395913));
#8988=CARTESIAN_POINT('',(0.685931393898867,-4.74,7.8494422396977));
#8989=CARTESIAN_POINT('',(0.705910821730651,-4.74,7.91474005496152));
#8990=CARTESIAN_POINT('',(0.753259785431216,-4.74,8.0880935027911));
#8991=CARTESIAN_POINT('',(0.83472171357693,-4.74,8.38439491314258));
#8992=CARTESIAN_POINT('',(0.905014407331045,-4.74,8.64242053289854));
#8993=CARTESIAN_POINT('',(60.5826663007776,-4.7420000000021,24.2648472786168));
#8994=CARTESIAN_POINT('',(1.09253852308667,-4.75,7.94557165830047));
#8995=CARTESIAN_POINT('',(1.06654221546006,-4.75,8.03785855037495));
#8996=CARTESIAN_POINT('',(0.994287244113726,-4.75,8.30539931175129));
#8997=CARTESIAN_POINT('',(0.93592590274568,-4.75,8.52618262981562));
#8998=CARTESIAN_POINT('',(0.905014407331045,-4.75,8.64242053289854));
#8999=CARTESIAN_POINT('',(1.09253852308667,-4.745,7.94557165830047));
#9000=CARTESIAN_POINT('',(0.905014407331045,-4.74,8.64242053289854));
#9001=CARTESIAN_POINT('',(0.905362715929134,-4.74,8.64112620094762));
#9002=CARTESIAN_POINT('',(0.918215466150206,-4.74,8.59279926143808));
#9003=CARTESIAN_POINT('',(0.954023611665753,-4.74,8.45819666572236));
#9004=CARTESIAN_POINT('',(1.00219415226699,-4.74,8.27695296715745));
#9005=CARTESIAN_POINT('',(1.02376368891606,-4.74,8.19625117118756));
#9006=CARTESIAN_POINT('',(1.05843494242252,-4.74,8.0679766407029));
#9007=CARTESIAN_POINT('',(1.07945114748617,-4.74,7.99203184168224));
#9008=CARTESIAN_POINT('',(1.09253852308667,-4.74,7.94557165830047));
#9009=CARTESIAN_POINT('',(1.59451198772824,-4.74,8.63818228643163));
#9010=CARTESIAN_POINT('',(1.59451198772824,-4.74,8.63818228643164));
#9011=CARTESIAN_POINT('',(1.60694987418138,-4.74,8.68914410138704));
#9012=CARTESIAN_POINT('',(1.62566344830823,-4.74,8.77466189132608));
#9013=CARTESIAN_POINT('',(1.64311672010207,-4.74,8.83524927756863));
#9014=CARTESIAN_POINT('',(1.60957204324563,-4.74,8.93187612522597));
#9015=CARTESIAN_POINT('',(1.48786973232713,-4.74,8.95944219276032));
#9016=CARTESIAN_POINT('',(1.42239708733719,-4.74,8.88129816484732));
#9017=CARTESIAN_POINT('',(1.41962459050078,-4.74,8.85612853668849));
#9018=CARTESIAN_POINT('',(1.37608133067073,-4.74,8.68530599497826));
#9019=CARTESIAN_POINT('',(1.35652144273963,-4.74,8.58607263208127));
#9020=CARTESIAN_POINT('',(1.30565019029524,-4.74,8.36313486968927));
#9021=CARTESIAN_POINT('',(1.27190122310674,-4.74,8.21036853379056));
#9022=CARTESIAN_POINT('',(1.24842314006001,-4.74,8.10531609077024));
#9023=CARTESIAN_POINT('',(1.59447278424539,-4.745,8.63802176065651));
#9024=CARTESIAN_POINT('',(1.09253852308667,-4.74,7.94557165830047));
#9025=CARTESIAN_POINT('',(1.11651349877346,-4.74,7.86046049461239));
#9026=CARTESIAN_POINT('',(1.12227833572873,-4.74,7.78321234574853));
#9027=CARTESIAN_POINT('',(1.31013826375521,-4.74,7.70842275253828));
#9028=CARTESIAN_POINT('',(1.39834262334246,-4.74,7.8354062373379));
#9029=CARTESIAN_POINT('',(1.4097972630197,-4.74,7.89727030038114));
#9030=CARTESIAN_POINT('',(1.43688966065687,-4.74,7.99929469128599));
#9031=CARTESIAN_POINT('',(1.47493428571932,-4.74,8.15502440622214));
#9032=CARTESIAN_POINT('',(1.51470265201567,-4.74,8.31510767702011));
#9033=CARTESIAN_POINT('',(1.57114270684288,-4.74,8.54367371861905));
#9034=CARTESIAN_POINT('',(1.5921038351721,-4.74,8.62833219995716));
#9035=CARTESIAN_POINT('',(1.59443359808565,-4.74,8.6378613965913));
#9036=CARTESIAN_POINT('',(-1.88083768270111,-4.74,8.45489641714291));
#9037=CARTESIAN_POINT('',(-1.88083768270111,-4.75,8.45489641714291));
#9038=CARTESIAN_POINT('',(-1.84826703782215,-4.74,8.50719294554011));
#9039=CARTESIAN_POINT('',(-1.84826703782215,-4.75,8.50719294554011));
#9040=CARTESIAN_POINT('',(-1.78266727362947,-4.74,8.61210536083851));
#9041=CARTESIAN_POINT('',(-1.78266727362947,-4.75,8.61210536083851));
#9042=CARTESIAN_POINT('',(-1.70295994056246,-4.74,8.74164908744147));
#9043=CARTESIAN_POINT('',(-1.70295994056246,-4.75,8.74164908744147));
#9044=CARTESIAN_POINT('',(-1.63438009254379,-4.74,8.84863733301595));
#9045=CARTESIAN_POINT('',(-1.63438009254379,-4.75,8.84863733301595));
#9046=CARTESIAN_POINT('',(-1.58778970137281,-4.74,8.93099197475325));
#9047=CARTESIAN_POINT('',(-1.58778970137281,-4.75,8.93099197475325));
#9048=CARTESIAN_POINT('',(-1.48951011337036,-4.74,8.95516199324408));
#9049=CARTESIAN_POINT('',(-1.48951011337036,-4.75,8.95516199324408));
#9050=CARTESIAN_POINT('',(-1.40364385308709,-4.74,8.89101713838584));
#9051=CARTESIAN_POINT('',(-1.40364385308709,-4.75,8.89101713838584));
#9052=CARTESIAN_POINT('',(-1.41304611127256,-4.74,8.79484475829865));
#9053=CARTESIAN_POINT('',(-1.41304611127256,-4.75,8.79484475829865));
#9054=CARTESIAN_POINT('',(-1.47711020206182,-4.74,8.70037716283455));
#9055=CARTESIAN_POINT('',(-1.47711020206182,-4.75,8.70037716283455));
#9056=CARTESIAN_POINT('',(-1.60565646933413,-4.74,8.50757045453366));
#9057=CARTESIAN_POINT('',(-1.60565646933413,-4.75,8.50757045453366));
#9058=CARTESIAN_POINT('',(-1.70020816098635,-4.74,8.35676685536897));
#9059=CARTESIAN_POINT('',(-1.70020816098635,-4.75,8.35676685536897));
#9060=CARTESIAN_POINT('',(-1.76739716823166,-4.74,8.25348162614612));
#9061=CARTESIAN_POINT('',(-1.76739716823166,-4.75,8.25348162614612));
#9062=CARTESIAN_POINT('',(-1.88083237967844,-4.75,8.45490493185538));
#9063=CARTESIAN_POINT('',(-1.84820300817245,-4.75,8.50729575371006));
#9064=CARTESIAN_POINT('',(-1.78252266773106,-4.75,8.61233772860116));
#9065=CARTESIAN_POINT('',(-1.70297235418765,-4.75,8.74162865068404));
#9066=CARTESIAN_POINT('',(-1.63437446106112,-4.75,8.84864724741768));
#9067=CARTESIAN_POINT('',(-1.58778183568772,-4.75,8.93100098042849));
#9068=CARTESIAN_POINT('',(-1.48951806148707,-4.75,8.95513770837537));
#9069=CARTESIAN_POINT('',(-1.40358684164818,-4.75,8.89109827625279));
#9070=CARTESIAN_POINT('',(-1.41325492914695,-4.75,8.79452122665678));
#9071=CARTESIAN_POINT('',(-1.47601228117695,-4.75,8.70207483881757));
#9072=CARTESIAN_POINT('',(-1.55744309360573,-4.75,8.57957118561999));
#9073=CARTESIAN_POINT('',(-1.60705116642987,-4.75,8.50302110313283));
#9074=CARTESIAN_POINT('',(-1.68932824686173,-4.75,8.37479644663038));
#9075=CARTESIAN_POINT('',(-1.74729049085951,-4.75,8.28439029508523));
#9076=CARTESIAN_POINT('',(-1.76739716823166,-4.75,8.25348162614612));
#9077=CARTESIAN_POINT('',(-1.88083303404796,-4.75,8.45490531805166));
#9078=CARTESIAN_POINT('',(-1.76739706823111,-4.75,8.25348157607952));
#9079=CARTESIAN_POINT('',(-1.88083768270111,-4.74,8.45489641714291));
#9080=CARTESIAN_POINT('',(-1.88084116463161,-4.74,8.45490206753541));
#9081=CARTESIAN_POINT('',(-1.76739716823166,-4.74,8.25348162614612));
#9082=CARTESIAN_POINT('',(-1.70020066613931,-4.74,8.35677837670298));
#9083=CARTESIAN_POINT('',(-1.60442509414586,-4.74,8.51261503899299));
#9084=CARTESIAN_POINT('',(-1.46080243205736,-4.74,8.71950762817308));
#9085=CARTESIAN_POINT('',(-1.3764131349377,-4.74,8.86469811288769));
#9086=CARTESIAN_POINT('',(-1.48886029919452,-4.74,8.95667664707941));
#9087=CARTESIAN_POINT('',(-1.5894969628934,-4.74,8.92825551658757));
#9088=CARTESIAN_POINT('',(-1.62819167145114,-4.74,8.85807552317905));
#9089=CARTESIAN_POINT('',(-1.70653969631026,-4.74,8.73618971203949));
#9090=CARTESIAN_POINT('',(-1.78136373916633,-4.74,8.61409348658749));
#9091=CARTESIAN_POINT('',(-1.84826554047665,-4.74,8.50719534972866));
#9092=CARTESIAN_POINT('',(-1.88083612025363,-4.74,8.4548989258614));
#9093=CARTESIAN_POINT('',(-1.76739706823166,-4.74,8.25348159615342));
#9094=CARTESIAN_POINT('',(-1.76739716823166,-4.74,8.25348162614612));
#9095=CARTESIAN_POINT('',(-2.00276694315127,-4.74,8.25348162614613));
#9096=CARTESIAN_POINT('',(-2.00276694315127,-4.75,8.25348162614613));
#9097=CARTESIAN_POINT('',(-2.06947346366259,-4.74,8.35708575882038));
#9098=CARTESIAN_POINT('',(-2.06947346366259,-4.75,8.35708575882038));
#9099=CARTESIAN_POINT('',(-2.16673799565618,-4.74000000000001,8.50664344953906));
#9100=CARTESIAN_POINT('',(-2.16673799565618,-4.75000000000001,8.50664344953906));
#9101=CARTESIAN_POINT('',(-2.2899966536889,-4.74,8.70159720106866));
#9102=CARTESIAN_POINT('',(-2.2899966536889,-4.75,8.70159720106866));
#9103=CARTESIAN_POINT('',(-2.35566097914106,-4.74,8.80193076725611));
#9104=CARTESIAN_POINT('',(-2.35566097914106,-4.75,8.80193076725611));
#9105=CARTESIAN_POINT('',(-2.35205016199136,-4.74,8.93919278664432));
#9106=CARTESIAN_POINT('',(-2.35205016199136,-4.75,8.93919278664432));
#9107=CARTESIAN_POINT('',(-2.17659597531782,-4.74,8.95020447226312));
#9108=CARTESIAN_POINT('',(-2.17659597531782,-4.75,8.95020447226312));
#9109=CARTESIAN_POINT('',(-2.13671195150529,-4.74,8.86507495341063));
#9110=CARTESIAN_POINT('',(-2.13671195150529,-4.75,8.86507495341063));
#9111=CARTESIAN_POINT('',(-2.0508792949847,-4.74,8.73362124215062));
#9112=CARTESIAN_POINT('',(-2.0508792949847,-4.75,8.73362124215062));
#9113=CARTESIAN_POINT('',(-1.9807148799725,-4.74,8.61573871647211));
#9114=CARTESIAN_POINT('',(-1.9807148799725,-4.75,8.61573871647211));
#9115=CARTESIAN_POINT('',(-1.91315983704318,-4.74,8.5073480270361));
#9116=CARTESIAN_POINT('',(-1.91315983704318,-4.75,8.5073480270361));
#9117=CARTESIAN_POINT('',(-1.88083768270111,-4.74,8.45489641714291));
#9118=CARTESIAN_POINT('',(-1.88083768270111,-4.75,8.45489641714291));
#9119=CARTESIAN_POINT('',(-2.00276694315127,-4.75,8.25348162614613));
#9120=CARTESIAN_POINT('',(-2.03613289481304,-4.75,8.30530340393143));
#9121=CARTESIAN_POINT('',(-2.10322676649979,-4.75,8.40970449150107));
#9122=CARTESIAN_POINT('',(-2.20158101438384,-4.75,8.56158270961864));
#9123=CARTESIAN_POINT('',(-2.29006858308813,-4.75,8.70170173677093));
#9124=CARTESIAN_POINT('',(-2.35560463414087,-4.75,8.80189240811517));
#9125=CARTESIAN_POINT('',(-2.35231418887276,-4.75,8.93931056264813));
#9126=CARTESIAN_POINT('',(-2.19714736039689,-4.75,8.94824454454318));
#9127=CARTESIAN_POINT('',(-2.15279046463485,-4.75,8.89747305790073));
#9128=CARTESIAN_POINT('',(-2.12824506395609,-4.75,8.85425132496179));
#9129=CARTESIAN_POINT('',(-2.12004755997433,-4.75,8.84124185420384));
#9130=CARTESIAN_POINT('',(-2.0633107064441,-4.75,8.75137591645292));
#9131=CARTESIAN_POINT('',(-2.07559661370291,-4.75,8.77075476221946));
#9132=CARTESIAN_POINT('',(-2.05791493721731,-4.75,8.74227595194136));
#9133=CARTESIAN_POINT('',(-2.01845686676306,-4.75,8.67815817650583));
#9134=CARTESIAN_POINT('',(-1.94482272089821,-4.75,8.55872978851714));
#9135=CARTESIAN_POINT('',(-1.88084037866706,-4.75,8.4549007920912));
#9136=CARTESIAN_POINT('',(-2.00276694315127,-4.75,8.25348162614613));
#9137=CARTESIAN_POINT('',(-2.00276694315127,-4.74,8.25348162614613));
#9138=CARTESIAN_POINT('',(-2.00276694315127,-4.74,8.25348162614613));
#9139=CARTESIAN_POINT('',(-1.8808411646316,-4.74,8.45490206753542));
#9140=CARTESIAN_POINT('',(-1.91316318078166,-4.74,8.50735345261239));
#9141=CARTESIAN_POINT('',(-1.98375569159041,-4.74,8.62010832772964));
#9142=CARTESIAN_POINT('',(-2.04230631739386,-4.74,8.72175910925991));
#9143=CARTESIAN_POINT('',(-2.15154780583,-4.74,8.88557339753394));
#9144=CARTESIAN_POINT('',(-2.16273495548437,-4.74,8.92059757826505));
#9145=CARTESIAN_POINT('',(-2.26506259575418,-4.74,8.95751326727231));
#9146=CARTESIAN_POINT('',(-2.35239087572161,-4.74,8.89817107875857));
#9147=CARTESIAN_POINT('',(-2.35638186641801,-4.74,8.82963387350965));
#9148=CARTESIAN_POINT('',(-2.33882472338881,-4.74,8.78480685888497));
#9149=CARTESIAN_POINT('',(-2.29939824500959,-4.74,8.71347631771998));
#9150=CARTESIAN_POINT('',(-2.29967260524487,-4.74,8.71583459112929));
#9151=CARTESIAN_POINT('',(-2.27127132212917,-4.74,8.67036025706271));
#9152=CARTESIAN_POINT('',(-2.19382860245642,-4.74,8.55027492587216));
#9153=CARTESIAN_POINT('',(-2.15523936271229,-4.74,8.49027874759575));
#9154=CARTESIAN_POINT('',(-2.08471966625936,-4.74,8.38077288913869));
#9155=CARTESIAN_POINT('',(-2.03612005369833,-4.74,8.30528345996581));
#9156=CARTESIAN_POINT('',(-2.00276694315127,-4.74,8.25348162614613));
#9157=CARTESIAN_POINT('',(-2.00276694315127,-4.74,7.88537873225545));
#9158=CARTESIAN_POINT('',(-2.00276694315127,-4.75,7.88537873225545));
#9159=CARTESIAN_POINT('',(-2.00276694315127,-4.75,8.00807969688567));
#9160=CARTESIAN_POINT('',(-2.00276694315127,-4.75,8.1307806615159));
#9161=CARTESIAN_POINT('',(-2.00276694315127,-4.75,8.25348162614613));
#9162=CARTESIAN_POINT('',(-2.00276694315127,-4.75,7.88537873225545));
#9163=CARTESIAN_POINT('',(-2.00276694315127,-4.74,7.88537873225545));
#9164=CARTESIAN_POINT('',(-2.00276694315127,-4.74,7.88537873225545));
#9165=CARTESIAN_POINT('',(-2.00276694315127,-4.74,7.88537873225545));
#9166=CARTESIAN_POINT('',(-2.00276694315127,-4.74,8.00807969688567));
#9167=CARTESIAN_POINT('',(-2.00276694315127,-4.74,8.1307806615159));
#9168=CARTESIAN_POINT('',(-2.00276694315127,-4.74,8.25348162614613));
#9169=CARTESIAN_POINT('',(-1.76739716823166,-4.74,8.25348162614613));
#9170=CARTESIAN_POINT('',(-1.76739716823166,-4.75,8.25348162614613));
#9171=CARTESIAN_POINT('',(-1.76739716823166,-4.74,8.1878204898348));
#9172=CARTESIAN_POINT('',(-1.76739716823166,-4.75,8.1878204898348));
#9173=CARTESIAN_POINT('',(-1.76624857893901,-4.74,8.08768545509207));
#9174=CARTESIAN_POINT('',(-1.76624857893901,-4.75,8.08768545509207));
#9175=CARTESIAN_POINT('',(-1.76931148371941,-4.74,7.96074539653802));
#9176=CARTESIAN_POINT('',(-1.76931148371941,-4.75,7.96074539653802));
#9177=CARTESIAN_POINT('',(-1.76012276937821,-4.74,7.84910704986514));
#9178=CARTESIAN_POINT('',(-1.76012276937821,-4.75,7.84910704986514));
#9179=CARTESIAN_POINT('',(-1.80729662733458,-4.74000000000001,7.74990699503568));
#9180=CARTESIAN_POINT('',(-1.80729662733458,-4.75000000000001,7.74990699503568));
#9181=CARTESIAN_POINT('',(-1.94447950421851,-4.74,7.72868676630792));
#9182=CARTESIAN_POINT('',(-1.94447950421851,-4.75,7.72868676630792));
#9183=CARTESIAN_POINT('',(-2.00276694315127,-4.74,7.80244683284402));
#9184=CARTESIAN_POINT('',(-2.00276694315127,-4.75,7.80244683284402));
#9185=CARTESIAN_POINT('',(-2.00276694315127,-4.74,7.88537873225545));
#9186=CARTESIAN_POINT('',(-2.00276694315127,-4.75,7.88537873225545));
#9187=CARTESIAN_POINT('',(-1.76739716823166,-4.75,8.25348162614613));
#9188=CARTESIAN_POINT('',(-1.76739716823166,-4.75,8.24300139370195));
#9189=CARTESIAN_POINT('',(-1.76697378803027,-4.75,8.14373387515129));
#9190=CARTESIAN_POINT('',(-1.76716469231859,-4.75,8.05936948258733));
#9191=CARTESIAN_POINT('',(-1.76908635560649,-4.75,7.95671931177067));
#9192=CARTESIAN_POINT('',(-1.76019257703287,-4.75,7.85019847583675));
#9193=CARTESIAN_POINT('',(-1.80724252482885,-4.75,7.74956737591659));
#9194=CARTESIAN_POINT('',(-1.94469300821141,-4.75,7.72915604002062));
#9195=CARTESIAN_POINT('',(-2.00186173070396,-4.75,7.80111932163775));
#9196=CARTESIAN_POINT('',(-2.00276694315127,-4.75,7.88537873225545));
#9197=CARTESIAN_POINT('',(-2.00276694315127,-4.74,7.88537873225545));
#9198=CARTESIAN_POINT('',(-2.00276694315127,-4.74,7.80139071712439));
#9199=CARTESIAN_POINT('',(-1.94440425457475,-4.74,7.72575336388339));
#9200=CARTESIAN_POINT('',(-1.82454481980343,-4.74,7.75147370342895));
#9201=CARTESIAN_POINT('',(-1.78353411585427,-4.74,7.79209035411174));
#9202=CARTESIAN_POINT('',(-1.76590342717473,-4.74,7.86511944415475));
#9203=CARTESIAN_POINT('',(-1.76995136401365,-4.74,7.85451246030352));
#9204=CARTESIAN_POINT('',(-1.76789614645267,-4.74,7.88918695934271));
#9205=CARTESIAN_POINT('',(-1.768066058639,-4.74,7.97513269427506));
#9206=CARTESIAN_POINT('',(-1.76739716823166,-4.74,8.12417889742819));
#9207=CARTESIAN_POINT('',(-1.76739716823166,-4.74,8.25348162614612));
#9208=CARTESIAN_POINT('',(-1.7695165314278,-4.74,7.85118009850571));
#9209=CARTESIAN_POINT('',(-6.,2.2,-4.1));
#9210=CARTESIAN_POINT('',(-6.,2.2,0.499999999999998));
#9211=CARTESIAN_POINT('',(-6.,2.2,0.499999999999998));
#9212=CARTESIAN_POINT('',(-6.7,2.2,0.499999999999998));
#9213=CARTESIAN_POINT('',(-6.,2.2,-4.1));
#9214=CARTESIAN_POINT('',(-6.,2.2,-4.1));
#9215=CARTESIAN_POINT('',(-6.,2.2,-4.1));
#9216=CARTESIAN_POINT('',(-6.7,2.2,-4.1));
#9217=CARTESIAN_POINT('',(-6.7,2.2,-4.1));
#9218=CARTESIAN_POINT('',(-6.,1.9,-4.1));
#9219=CARTESIAN_POINT('',(-6.,1.9,0.499999999999998));
#9220=CARTESIAN_POINT('',(-6.,1.9,0.499999999999998));
#9221=CARTESIAN_POINT('',(-6.,1.9,-4.1));
#9222=CARTESIAN_POINT('',(-6.,1.9,-4.1));
#9223=CARTESIAN_POINT('',(-6.,1.9,-4.1));
#9224=CARTESIAN_POINT('',(-6.7,1.9,-4.1));
#9225=CARTESIAN_POINT('',(-6.7,1.9,0.499999999999998));
#9226=CARTESIAN_POINT('',(-6.7,1.9,0.499999999999998));
#9227=CARTESIAN_POINT('',(-6.7,1.9,-4.1));
#9228=CARTESIAN_POINT('',(-6.7,1.9,-4.1));
#9229=CARTESIAN_POINT('',(-6.7,1.9,-4.1));
#9230=CARTESIAN_POINT('',(-6.7,2.2,-4.1));
#9231=CARTESIAN_POINT('',(-6.7,2.2,0.499999999999998));
#9232=CARTESIAN_POINT('',(-6.7,2.2,-4.1));
#9233=CARTESIAN_POINT('',(0.,0.,-4.1));
#9234=CARTESIAN_POINT('',(-8.54,2.2,-4.1));
#9235=CARTESIAN_POINT('',(-8.54,2.2,0.499999999999998));
#9236=CARTESIAN_POINT('',(-8.54,2.2,0.499999999999998));
#9237=CARTESIAN_POINT('',(-9.24,2.2,0.499999999999998));
#9238=CARTESIAN_POINT('',(-8.54,2.2,-4.1));
#9239=CARTESIAN_POINT('',(-8.54,2.2,-4.1));
#9240=CARTESIAN_POINT('',(-8.54,2.2,-4.1));
#9241=CARTESIAN_POINT('',(-9.24,2.2,-4.1));
#9242=CARTESIAN_POINT('',(-9.24,2.2,-4.1));
#9243=CARTESIAN_POINT('',(-8.54,1.9,-4.1));
#9244=CARTESIAN_POINT('',(-8.54,1.9,0.499999999999998));
#9245=CARTESIAN_POINT('',(-8.54,1.9,0.499999999999998));
#9246=CARTESIAN_POINT('',(-8.54,1.9,-4.1));
#9247=CARTESIAN_POINT('',(-8.54,1.9,-4.1));
#9248=CARTESIAN_POINT('',(-8.54,1.9,-4.1));
#9249=CARTESIAN_POINT('',(-9.24,1.9,-4.1));
#9250=CARTESIAN_POINT('',(-9.24,1.9,0.499999999999998));
#9251=CARTESIAN_POINT('',(-9.24,1.9,0.499999999999998));
#9252=CARTESIAN_POINT('',(-9.24,1.9,-4.1));
#9253=CARTESIAN_POINT('',(-9.24,1.9,-4.1));
#9254=CARTESIAN_POINT('',(-9.24,1.9,-4.1));
#9255=CARTESIAN_POINT('',(-9.24,2.2,-4.1));
#9256=CARTESIAN_POINT('',(-9.24,2.2,0.499999999999998));
#9257=CARTESIAN_POINT('',(-9.24,2.2,-4.1));
#9258=CARTESIAN_POINT('',(0.,0.,-4.1));
#9259=CARTESIAN_POINT('',(1.62,2.2,-4.1));
#9260=CARTESIAN_POINT('',(1.62,2.2,0.499999999999998));
#9261=CARTESIAN_POINT('',(1.62,2.2,0.499999999999998));
#9262=CARTESIAN_POINT('',(0.919999999999999,2.2,0.499999999999998));
#9263=CARTESIAN_POINT('',(1.62,2.2,-4.1));
#9264=CARTESIAN_POINT('',(1.62,2.2,-4.1));
#9265=CARTESIAN_POINT('',(1.62,2.2,-4.1));
#9266=CARTESIAN_POINT('',(0.92,2.2,-4.1));
#9267=CARTESIAN_POINT('',(0.92,2.2,-4.1));
#9268=CARTESIAN_POINT('',(1.62,1.9,-4.1));
#9269=CARTESIAN_POINT('',(1.62,1.9,0.499999999999998));
#9270=CARTESIAN_POINT('',(1.62,1.9,0.499999999999998));
#9271=CARTESIAN_POINT('',(1.62,1.9,-4.1));
#9272=CARTESIAN_POINT('',(1.62,1.9,-4.1));
#9273=CARTESIAN_POINT('',(1.62,1.9,-4.1));
#9274=CARTESIAN_POINT('',(0.92,1.9,-4.1));
#9275=CARTESIAN_POINT('',(0.92,1.9,0.499999999999998));
#9276=CARTESIAN_POINT('',(0.92,1.9,0.499999999999998));
#9277=CARTESIAN_POINT('',(0.92,1.9,-4.1));
#9278=CARTESIAN_POINT('',(0.92,1.9,-4.1));
#9279=CARTESIAN_POINT('',(0.92,1.9,-4.1));
#9280=CARTESIAN_POINT('',(0.92,2.2,-4.1));
#9281=CARTESIAN_POINT('',(0.92,2.2,0.499999999999998));
#9282=CARTESIAN_POINT('',(0.92,2.2,-4.1));
#9283=CARTESIAN_POINT('',(0.,0.,-4.1));
#9284=CARTESIAN_POINT('',(4.16,2.2,-4.1));
#9285=CARTESIAN_POINT('',(4.16,2.2,0.499999999999998));
#9286=CARTESIAN_POINT('',(4.16,2.2,0.499999999999998));
#9287=CARTESIAN_POINT('',(3.46,2.2,0.499999999999998));
#9288=CARTESIAN_POINT('',(4.16,2.2,-4.1));
#9289=CARTESIAN_POINT('',(4.16,2.2,-4.1));
#9290=CARTESIAN_POINT('',(4.16,2.2,-4.1));
#9291=CARTESIAN_POINT('',(3.46,2.2,-4.1));
#9292=CARTESIAN_POINT('',(3.46,2.2,-4.1));
#9293=CARTESIAN_POINT('',(4.16,1.9,-4.1));
#9294=CARTESIAN_POINT('',(4.16,1.9,0.499999999999998));
#9295=CARTESIAN_POINT('',(4.16,1.9,0.499999999999998));
#9296=CARTESIAN_POINT('',(4.16,1.9,-4.1));
#9297=CARTESIAN_POINT('',(4.16,1.9,-4.1));
#9298=CARTESIAN_POINT('',(4.16,1.9,-4.1));
#9299=CARTESIAN_POINT('',(3.46,1.9,-4.1));
#9300=CARTESIAN_POINT('',(3.46,1.9,0.499999999999998));
#9301=CARTESIAN_POINT('',(3.46,1.9,0.499999999999998));
#9302=CARTESIAN_POINT('',(3.46,1.9,-4.1));
#9303=CARTESIAN_POINT('',(3.46,1.9,-4.1));
#9304=CARTESIAN_POINT('',(3.46,1.9,-4.1));
#9305=CARTESIAN_POINT('',(3.46,2.2,-4.1));
#9306=CARTESIAN_POINT('',(3.46,2.2,0.499999999999998));
#9307=CARTESIAN_POINT('',(3.46,2.2,-4.1));
#9308=CARTESIAN_POINT('',(0.,0.,-4.1));
#9309=CARTESIAN_POINT('',(6.7,2.2,-4.1));
#9310=CARTESIAN_POINT('',(6.7,2.2,0.499999999999998));
#9311=CARTESIAN_POINT('',(6.7,2.2,0.499999999999998));
#9312=CARTESIAN_POINT('',(6.,2.2,0.499999999999998));
#9313=CARTESIAN_POINT('',(6.7,2.2,-4.1));
#9314=CARTESIAN_POINT('',(6.7,2.2,-4.1));
#9315=CARTESIAN_POINT('',(6.7,2.2,-4.1));
#9316=CARTESIAN_POINT('',(6.,2.2,-4.1));
#9317=CARTESIAN_POINT('',(6.,2.2,-4.1));
#9318=CARTESIAN_POINT('',(6.7,1.9,-4.1));
#9319=CARTESIAN_POINT('',(6.7,1.9,0.499999999999998));
#9320=CARTESIAN_POINT('',(6.7,1.9,0.499999999999998));
#9321=CARTESIAN_POINT('',(6.7,1.9,-4.1));
#9322=CARTESIAN_POINT('',(6.7,1.9,-4.1));
#9323=CARTESIAN_POINT('',(6.7,1.9,-4.1));
#9324=CARTESIAN_POINT('',(6.,1.9,-4.1));
#9325=CARTESIAN_POINT('',(6.,1.9,0.499999999999998));
#9326=CARTESIAN_POINT('',(6.,1.9,0.499999999999998));
#9327=CARTESIAN_POINT('',(6.,1.9,-4.1));
#9328=CARTESIAN_POINT('',(6.,1.9,-4.1));
#9329=CARTESIAN_POINT('',(6.,1.9,-4.1));
#9330=CARTESIAN_POINT('',(6.,2.2,-4.1));
#9331=CARTESIAN_POINT('',(6.,2.2,0.499999999999998));
#9332=CARTESIAN_POINT('',(6.,2.2,-4.1));
#9333=CARTESIAN_POINT('',(0.,0.,-4.1));
#9334=CARTESIAN_POINT('',(9.24,2.2,-4.1));
#9335=CARTESIAN_POINT('',(9.24,2.2,0.499999999999998));
#9336=CARTESIAN_POINT('',(9.24,2.2,0.499999999999998));
#9337=CARTESIAN_POINT('',(8.54,2.2,0.499999999999998));
#9338=CARTESIAN_POINT('',(9.24,2.2,-4.1));
#9339=CARTESIAN_POINT('',(9.24,2.2,-4.1));
#9340=CARTESIAN_POINT('',(9.24,2.2,-4.1));
#9341=CARTESIAN_POINT('',(8.54,2.2,-4.1));
#9342=CARTESIAN_POINT('',(8.54,2.2,-4.1));
#9343=CARTESIAN_POINT('',(9.24,1.9,-4.1));
#9344=CARTESIAN_POINT('',(9.24,1.9,0.499999999999998));
#9345=CARTESIAN_POINT('',(9.24,1.9,0.499999999999998));
#9346=CARTESIAN_POINT('',(9.24,1.9,-4.1));
#9347=CARTESIAN_POINT('',(9.24,1.9,-4.1));
#9348=CARTESIAN_POINT('',(9.24,1.9,-4.1));
#9349=CARTESIAN_POINT('',(8.54,1.9,-4.1));
#9350=CARTESIAN_POINT('',(8.54,1.9,0.499999999999998));
#9351=CARTESIAN_POINT('',(8.54,1.9,0.499999999999998));
#9352=CARTESIAN_POINT('',(8.54,1.9,-4.1));
#9353=CARTESIAN_POINT('',(8.54,1.9,-4.1));
#9354=CARTESIAN_POINT('',(8.54,1.9,-4.1));
#9355=CARTESIAN_POINT('',(8.54,2.2,-4.1));
#9356=CARTESIAN_POINT('',(8.54,2.2,0.499999999999998));
#9357=CARTESIAN_POINT('',(8.54,2.2,-4.1));
#9358=CARTESIAN_POINT('',(0.,0.,-4.1));
#9359=CARTESIAN_POINT('',(-4.16,2.2,-4.1));
#9360=CARTESIAN_POINT('',(-4.16,2.2,0.499999999999998));
#9361=CARTESIAN_POINT('',(-4.16,2.2,0.499999999999998));
#9362=CARTESIAN_POINT('',(-4.16,1.9,0.499999999999998));
#9363=CARTESIAN_POINT('',(-4.16,2.2,-4.1));
#9364=CARTESIAN_POINT('',(-4.16,2.2,-4.1));
#9365=CARTESIAN_POINT('',(-4.16,2.2,-4.1));
#9366=CARTESIAN_POINT('',(-4.16,1.9,-4.1));
#9367=CARTESIAN_POINT('',(-4.16,1.9,-4.1));
#9368=CARTESIAN_POINT('',(-3.46,2.2,-4.1));
#9369=CARTESIAN_POINT('',(-3.46,2.2,0.499999999999998));
#9370=CARTESIAN_POINT('',(-3.46,2.2,0.499999999999998));
#9371=CARTESIAN_POINT('',(-3.46,2.2,-4.1));
#9372=CARTESIAN_POINT('',(-3.46,2.2,-4.1));
#9373=CARTESIAN_POINT('',(-3.46,2.2,-4.1));
#9374=CARTESIAN_POINT('',(-3.46,1.9,-4.1));
#9375=CARTESIAN_POINT('',(-3.46,1.9,0.499999999999998));
#9376=CARTESIAN_POINT('',(-3.46,1.9,0.499999999999998));
#9377=CARTESIAN_POINT('',(-3.46,1.9,-4.1));
#9378=CARTESIAN_POINT('',(-3.46,1.9,-4.1));
#9379=CARTESIAN_POINT('',(-3.46,1.9,-4.1));
#9380=CARTESIAN_POINT('',(-4.16,1.9,-4.1));
#9381=CARTESIAN_POINT('',(-4.16,1.9,0.499999999999998));
#9382=CARTESIAN_POINT('',(-4.16,1.9,-4.1));
#9383=CARTESIAN_POINT('',(0.,0.,-4.1));
#9384=CARTESIAN_POINT('',(10.5,6.30545799749604,0.499999999999998));
#9385=CARTESIAN_POINT('',(10.5,6.30545799749604,0.499999999999998));
#9386=CARTESIAN_POINT('',(10.5,4.75,0.499999999999998));
#9387=CARTESIAN_POINT('',(10.5,-4.75,0.499999999999998));
#9388=CARTESIAN_POINT('',(10.5,-4.75,0.499999999999998));
#9389=CARTESIAN_POINT('',(-10.5,-4.75,0.499999999999998));
#9390=CARTESIAN_POINT('',(-10.5,6.30545799749604,0.499999999999998));
#9391=CARTESIAN_POINT('',(-10.5,4.75,0.499999999999997));
#9392=CARTESIAN_POINT('',(11.,4.75,0.499999999999997));
#9393=CARTESIAN_POINT('',(10.5,6.30545799749604,0.));
#9394=CARTESIAN_POINT('',(10.5,6.30545799749604,0.));
#9395=CARTESIAN_POINT('',(10.5,4.75,0.));
#9396=CARTESIAN_POINT('',(10.5,-4.75,0.));
#9397=CARTESIAN_POINT('',(10.5,-4.75,0.));
#9398=CARTESIAN_POINT('',(10.5,4.75,12.));
#9399=CARTESIAN_POINT('',(-10.5,6.30545799749604,0.499999999999998));
#9400=CARTESIAN_POINT('',(-10.5,-4.75,0.499999999999998));
#9401=CARTESIAN_POINT('',(-10.5,-4.75,0.));
#9402=CARTESIAN_POINT('',(-10.5,6.30545799749604,0.));
#9403=CARTESIAN_POINT('',(-10.5,4.75,0.));
#9404=CARTESIAN_POINT('',(-10.5,4.75,12.));
#9405=CARTESIAN_POINT('',(0.,0.,0.));
#9406=CARTESIAN_POINT('',(11.,4.75,0.));
#9407=CARTESIAN_POINT('',(-11.,4.75,0.));
#9408=CARTESIAN_POINT('',(-11.,-4.75,0.));
#9409=CARTESIAN_POINT('',(-11.,-4.75,0.));
#9410=CARTESIAN_POINT('',(-11.,4.75,0.));
#9411=CARTESIAN_POINT('',(0.,0.,12.));
#9412=CARTESIAN_POINT('',(-11.,4.75,12.));
#9413=CARTESIAN_POINT('',(-11.,4.75,12.));
#9414=CARTESIAN_POINT('',(-11.,-4.75,12.));
#9415=CARTESIAN_POINT('',(-11.,-4.75,12.));
#9416=CARTESIAN_POINT('',(11.,-4.75,12.));
#9417=CARTESIAN_POINT('',(11.,-4.75,12.));
#9418=CARTESIAN_POINT('',(11.,4.75,12.));
#9419=CARTESIAN_POINT('',(11.,4.75,12.));
#9420=CARTESIAN_POINT('',(11.,4.75,12.));
#9421=CARTESIAN_POINT('',(-11.,4.75,12.));
#9422=CARTESIAN_POINT('',(11.,4.75,12.));
#9423=CARTESIAN_POINT('',(11.,4.75,0.));
#9424=CARTESIAN_POINT('',(11.,4.75,0.));
#9425=CARTESIAN_POINT('',(11.,-4.75,12.));
#9426=CARTESIAN_POINT('',(11.,-4.75,0.));
#9427=CARTESIAN_POINT('',(11.,-4.75,0.));
#9428=CARTESIAN_POINT('',(11.,-4.75,12.));
#9429=CARTESIAN_POINT('',(-11.,4.75,12.));
#9430=CARTESIAN_POINT('',(-11.,-4.75,12.));
#9431=CARTESIAN_POINT('',(0.,0.,0.));
#9432=CARTESIAN_POINT('',(-11.,-4.75,0.));
#9433=CARTESIAN_POINT('',(-11.,-4.75,12.));
#9434=CARTESIAN_POINT('',(8.89,-2.05,0.));
#9435=MECHANICAL_DESIGN_GEOMETRIC_PRESENTATION_REPRESENTATION('',(#2658,
#2659,#2660,#2661,#2662,#2663,#2664,#2665,#2666,#2667,#2668,#2669,#2670,
#2671,#2672,#2673,#2674,#2675,#2676,#2677,#2678,#2679,#2680,#2681,#2682,
#2683,#2684,#2685,#2686,#2687,#2688,#2689,#2690,#2691,#2692,#2693,#2694,
#2695,#2696,#2697,#2698,#2699,#2700,#2701,#2702,#2703,#2704,#2705,#2706,
#2707,#2708,#2709,#2710,#2711,#2712,#2713,#2714,#2715,#2716,#2717,#2718,
#2719,#2720,#2721,#2722,#2723,#2724,#2725,#2726,#2727,#2728,#2729,#2730,
#2731,#2732,#2733,#2734,#2735,#2736,#2737,#2738,#2739,#2740,#2741,#2742,
#2743,#2744,#2745,#2746,#2747,#2748,#2749,#2750,#2751,#2752,#2753,#2754,
#2755,#2756,#2757,#2758,#2759,#2760,#2761,#2762,#2763,#2764,#2765,#2766,
#2767,#2768,#2769,#2770,#2771,#2772,#2773,#2774,#2775,#2776,#2777,#2778,
#2779,#2780,#2781,#2782,#2783,#2784,#2785,#2786,#2787,#2788,#2789,#2790,
#2791,#2792,#2793,#2794,#2795,#2796,#2797,#2798,#2799,#2800,#2801,#2802,
#2803,#2804,#2805,#2806,#2807,#2808,#2809,#2810,#2811,#2812,#2813,#2814,
#2815,#2816,#2817,#2818,#2819,#2820,#2821,#2822,#2823,#2824,#2825,#2826,
#2827,#2828,#2829,#2830,#2831,#2832),#9436);
#9436=(
GEOMETRIC_REPRESENTATION_CONTEXT(3)
GLOBAL_UNCERTAINTY_ASSIGNED_CONTEXT((#9438))
GLOBAL_UNIT_ASSIGNED_CONTEXT((#9442,#9441,#9440))
REPRESENTATION_CONTEXT('U_Wurth_WPME-FIRM_1770105311',
'TOP_LEVEL_ASSEMBLY_PART')
);
#9437=(
GEOMETRIC_REPRESENTATION_CONTEXT(3)
GLOBAL_UNCERTAINTY_ASSIGNED_CONTEXT((#9439))
GLOBAL_UNIT_ASSIGNED_CONTEXT((#9442,#9441,#9440))
REPRESENTATION_CONTEXT('U_Wurth_WPME-FIRM_1770105311','COMPONENT_PART')
);
#9438=UNCERTAINTY_MEASURE_WITH_UNIT(LENGTH_MEASURE(0.005),#9442,
'DISTANCE_ACCURACY_VALUE','Maximum Tolerance applied to model');
#9439=UNCERTAINTY_MEASURE_WITH_UNIT(LENGTH_MEASURE(0.005),#9442,
'DISTANCE_ACCURACY_VALUE','Maximum Tolerance applied to model');
#9440=(
NAMED_UNIT(*)
SI_UNIT($,.STERADIAN.)
SOLID_ANGLE_UNIT()
);
#9441=(
NAMED_UNIT(*)
PLANE_ANGLE_UNIT()
SI_UNIT($,.RADIAN.)
);
#9442=(
LENGTH_UNIT()
NAMED_UNIT(*)
SI_UNIT(.MILLI.,.METRE.)
);
#9443=PRODUCT_DEFINITION_SHAPE('','',#9446);
#9444=PRODUCT_DEFINITION_SHAPE('','',#9447);
#9445=PRODUCT_DEFINITION_SHAPE(' ','NAUO PRDDFN',#19);
#9446=PRODUCT_DEFINITION('','',#9450,#9448);
#9447=PRODUCT_DEFINITION('','',#9451,#9449);
#9448=PRODUCT_DEFINITION_CONTEXT('',#9461,'design');
#9449=PRODUCT_DEFINITION_CONTEXT('',#9461,'design');
#9450=PRODUCT_DEFINITION_FORMATION_WITH_SPECIFIED_SOURCE('','',#9454,
 .NOT_KNOWN.);
#9451=PRODUCT_DEFINITION_FORMATION_WITH_SPECIFIED_SOURCE('','',#9455,
 .NOT_KNOWN.);
#9452=PRODUCT_RELATED_PRODUCT_CATEGORY('','',(#9454));
#9453=PRODUCT_RELATED_PRODUCT_CATEGORY('','',(#9455));
#9454=PRODUCT('U_Wurth_WPME-FIRM_1770105311',
'U_Wurth_WPME-FIRM_1770105311','U_Wurth_WPME-FIRM_1770105311',(#9458));
#9455=PRODUCT('U_Wurth_WPME-FIRM_1770105311',
'U_Wurth_WPME-FIRM_1770105311','U_Wurth_WPME-FIRM_1770105311',(#9459));
#9456=PRODUCT_CATEGORY('','');
#9457=PRODUCT_CATEGORY('','');
#9458=PRODUCT_CONTEXT('',#9461,'mechanical');
#9459=PRODUCT_CONTEXT('',#9461,'mechanical');
#9460=APPLICATION_PROTOCOL_DEFINITION('international standard',
'automotive_design',2010,#9461);
#9461=APPLICATION_CONTEXT(
'core data for automotive mechanical design processes');
ENDSEC;
END-ISO-10303-21;
