ISO-10303-21;
HEADER;
FILE_DESCRIPTION(('FreeCAD Model'),'2;1');
FILE_NAME('Open CASCADE Shape Model','2026-06-26T15:07:08',('Author'),(
    ''),'Open CASCADE STEP processor 7.8','FreeCAD','Unknown');
FILE_SCHEMA((
'AP242_MANAGED_MODEL_BASED_3D_ENGINEERING_MIM_LF. {1 0 10303 442 1 1 4 
}'));
ENDSEC;
DATA;
#1 = APPLICATION_PROTOCOL_DEFINITION('international standard',
  'ap242_managed_model_based_3d_engineering',2013,#2);
#2 = APPLICATION_CONTEXT('Managed model based 3d engineering');
#3 = SHAPE_DEFINITION_REPRESENTATION(#4,#10);
#4 = PRODUCT_DEFINITION_SHAPE('','',#5);
#5 = PRODUCT_DEFINITION('design','',#6,#9);
#6 = PRODUCT_DEFINITION_FORMATION('','',#7);
#7 = PRODUCT('17791053412_transformed','17791053412_transformed','',(#8)
  );
#8 = PRODUCT_CONTEXT('',#2,'mechanical');
#9 = PRODUCT_DEFINITION_CONTEXT('part definition',#2,'design');
#10 = ADVANCED_BREP_SHAPE_REPRESENTATION('',(#11,#15),#9969);
#11 = AXIS2_PLACEMENT_3D('',#12,#13,#14);
#12 = CARTESIAN_POINT('',(0.,0.,0.));
#13 = DIRECTION('',(0.,0.,1.));
#14 = DIRECTION('',(1.,0.,-0.));
#15 = MANIFOLD_SOLID_BREP('',#16);
#16 = CLOSED_SHELL('',(#17,#2592,#2620,#2642,#2670,#2692,#2708,#2740,
    #2756,#2772,#2934,#2970,#2990,#3006,#3022,#3034,#3070,#3090,#3106,
    #3122,#3134,#3170,#3190,#3206,#3222,#3234,#3270,#3290,#3306,#3322,
    #3334,#3370,#3390,#3406,#3422,#3434,#3530,#3564,#3580,#3618,#3652,
    #3784,#3844,#3864,#3922,#3960,#4024,#4092,#4104,#4183,#4217,#4281,
    #4345,#4413,#4425,#4548,#4664,#4680,#4692,#4815,#4845,#4861,#4909,
    #4931,#4959,#4981,#4997,#5094,#5170,#5186,#5297,#5333,#5353,#5369,
    #5417,#5449,#5572,#5602,#5618,#5664,#5686,#5714,#5736,#5752,#5849,
    #5925,#5941,#6063,#6173,#6189,#6201,#6298,#6374,#6390,#6513,#6543,
    #6559,#6605,#6627,#6655,#6677,#6693,#6811,#6873,#6925,#7043,#7105,
    #7157,#7221,#7289,#7301,#7455,#7531,#7575,#7705,#7739,#7781,#7845,
    #7927,#7961,#8027,#8119,#8139,#8155,#8171,#8187,#8203,#8219,#8235,
    #8251,#8267,#8283,#8299,#8311,#8447,#8503,#8523,#8581,#8617,#8712,
    #8746,#8762,#8800,#8834,#8854,#8884,#8983,#9003,#9019,#9035,#9051,
    #9067,#9083,#9099,#9115,#9131,#9147,#9163,#9179,#9191,#9237,#9309,
    #9403,#9449,#9534,#9543,#9552,#9563,#9574,#9585,#9621,#9641,#9657,
    #9673,#9685,#9777,#9797,#9813,#9829,#9845,#9861,#9877,#9893,#9909,
    #9925,#9941,#9957));
#17 = ADVANCED_FACE('',(#18,#104,#144,#233,#363,#449,#525,#614,#762,#820
    ,#932,#1044,#1138,#1243,#1334,#1428,#1486,#1576,#1702,#1760,#1833,
    #1891,#2008,#2102,#2193,#2309,#2400,#2414,#2507,#2557),#2587,.T.);
#18 = FACE_BOUND('',#19,.T.);
#19 = EDGE_LOOP('',(#20,#29,#36,#43,#50,#57,#64,#71,#78,#85,#92,#99));
#20 = ORIENTED_EDGE('',*,*,#21,.F.);
#21 = EDGE_CURVE('',#22,#24,#26,.T.);
#22 = VERTEX_POINT('',#23);
#23 = CARTESIAN_POINT('',(6.,-4.75,2.6));
#24 = VERTEX_POINT('',#25);
#25 = CARTESIAN_POINT('',(6.,-4.75,2.29));
#26 = B_SPLINE_CURVE_WITH_KNOTS('',1,(#27,#28),.UNSPECIFIED.,.F.,.F.,(2,
    2),(0.,0.31),.PIECEWISE_BEZIER_KNOTS.);
#27 = CARTESIAN_POINT('',(6.,-4.75,2.6));
#28 = CARTESIAN_POINT('',(6.,-4.75,2.29));
#29 = ORIENTED_EDGE('',*,*,#30,.F.);
#30 = EDGE_CURVE('',#31,#22,#33,.T.);
#31 = VERTEX_POINT('',#32);
#32 = CARTESIAN_POINT('',(6.2,-4.75,2.6));
#33 = B_SPLINE_CURVE_WITH_KNOTS('',1,(#34,#35),.UNSPECIFIED.,.F.,.F.,(2,
    2),(0.,0.2),.PIECEWISE_BEZIER_KNOTS.);
#34 = CARTESIAN_POINT('',(6.2,-4.75,2.6));
#35 = CARTESIAN_POINT('',(6.,-4.75,2.6));
#36 = ORIENTED_EDGE('',*,*,#37,.F.);
#37 = EDGE_CURVE('',#38,#31,#40,.T.);
#38 = VERTEX_POINT('',#39);
#39 = CARTESIAN_POINT('',(6.2,-4.75,2.29));
#40 = B_SPLINE_CURVE_WITH_KNOTS('',1,(#41,#42),.UNSPECIFIED.,.F.,.F.,(2,
    2),(0.,0.31),.PIECEWISE_BEZIER_KNOTS.);
#41 = CARTESIAN_POINT('',(6.2,-4.75,2.29));
#42 = CARTESIAN_POINT('',(6.2,-4.75,2.6));
#43 = ORIENTED_EDGE('',*,*,#44,.F.);
#44 = EDGE_CURVE('',#45,#38,#47,.T.);
#45 = VERTEX_POINT('',#46);
#46 = CARTESIAN_POINT('',(6.51,-4.75,2.29));
#47 = B_SPLINE_CURVE_WITH_KNOTS('',1,(#48,#49),.UNSPECIFIED.,.F.,.F.,(2,
    2),(0.,0.31),.PIECEWISE_BEZIER_KNOTS.);
#48 = CARTESIAN_POINT('',(6.51,-4.75,2.29));
#49 = CARTESIAN_POINT('',(6.2,-4.75,2.29));
#50 = ORIENTED_EDGE('',*,*,#51,.F.);
#51 = EDGE_CURVE('',#52,#45,#54,.T.);
#52 = VERTEX_POINT('',#53);
#53 = CARTESIAN_POINT('',(6.51,-4.75,2.09));
#54 = B_SPLINE_CURVE_WITH_KNOTS('',1,(#55,#56),.UNSPECIFIED.,.F.,.F.,(2,
    2),(0.,0.2),.PIECEWISE_BEZIER_KNOTS.);
#55 = CARTESIAN_POINT('',(6.51,-4.75,2.09));
#56 = CARTESIAN_POINT('',(6.51,-4.75,2.29));
#57 = ORIENTED_EDGE('',*,*,#58,.F.);
#58 = EDGE_CURVE('',#59,#52,#61,.T.);
#59 = VERTEX_POINT('',#60);
#60 = CARTESIAN_POINT('',(6.2,-4.75,2.09));
#61 = B_SPLINE_CURVE_WITH_KNOTS('',1,(#62,#63),.UNSPECIFIED.,.F.,.F.,(2,
    2),(0.,0.31),.PIECEWISE_BEZIER_KNOTS.);
#62 = CARTESIAN_POINT('',(6.2,-4.75,2.09));
#63 = CARTESIAN_POINT('',(6.51,-4.75,2.09));
#64 = ORIENTED_EDGE('',*,*,#65,.F.);
#65 = EDGE_CURVE('',#66,#59,#68,.T.);
#66 = VERTEX_POINT('',#67);
#67 = CARTESIAN_POINT('',(6.2,-4.75,1.78));
#68 = B_SPLINE_CURVE_WITH_KNOTS('',1,(#69,#70),.UNSPECIFIED.,.F.,.F.,(2,
    2),(0.,0.31),.PIECEWISE_BEZIER_KNOTS.);
#69 = CARTESIAN_POINT('',(6.2,-4.75,1.78));
#70 = CARTESIAN_POINT('',(6.2,-4.75,2.09));
#71 = ORIENTED_EDGE('',*,*,#72,.F.);
#72 = EDGE_CURVE('',#73,#66,#75,.T.);
#73 = VERTEX_POINT('',#74);
#74 = CARTESIAN_POINT('',(6.,-4.75,1.78));
#75 = B_SPLINE_CURVE_WITH_KNOTS('',1,(#76,#77),.UNSPECIFIED.,.F.,.F.,(2,
    2),(0.,0.2),.PIECEWISE_BEZIER_KNOTS.);
#76 = CARTESIAN_POINT('',(6.,-4.75,1.78));
#77 = CARTESIAN_POINT('',(6.2,-4.75,1.78));
#78 = ORIENTED_EDGE('',*,*,#79,.F.);
#79 = EDGE_CURVE('',#80,#73,#82,.T.);
#80 = VERTEX_POINT('',#81);
#81 = CARTESIAN_POINT('',(6.,-4.75,2.09));
#82 = B_SPLINE_CURVE_WITH_KNOTS('',1,(#83,#84),.UNSPECIFIED.,.F.,.F.,(2,
    2),(0.,0.31),.PIECEWISE_BEZIER_KNOTS.);
#83 = CARTESIAN_POINT('',(6.,-4.75,2.09));
#84 = CARTESIAN_POINT('',(6.,-4.75,1.78));
#85 = ORIENTED_EDGE('',*,*,#86,.F.);
#86 = EDGE_CURVE('',#87,#80,#89,.T.);
#87 = VERTEX_POINT('',#88);
#88 = CARTESIAN_POINT('',(5.69,-4.75,2.09));
#89 = B_SPLINE_CURVE_WITH_KNOTS('',1,(#90,#91),.UNSPECIFIED.,.F.,.F.,(2,
    2),(0.,0.31),.PIECEWISE_BEZIER_KNOTS.);
#90 = CARTESIAN_POINT('',(5.69,-4.75,2.09));
#91 = CARTESIAN_POINT('',(6.,-4.75,2.09));
#92 = ORIENTED_EDGE('',*,*,#93,.F.);
#93 = EDGE_CURVE('',#94,#87,#96,.T.);
#94 = VERTEX_POINT('',#95);
#95 = CARTESIAN_POINT('',(5.69,-4.75,2.29));
#96 = B_SPLINE_CURVE_WITH_KNOTS('',1,(#97,#98),.UNSPECIFIED.,.F.,.F.,(2,
    2),(0.,0.2),.PIECEWISE_BEZIER_KNOTS.);
#97 = CARTESIAN_POINT('',(5.69,-4.75,2.29));
#98 = CARTESIAN_POINT('',(5.69,-4.75,2.09));
#99 = ORIENTED_EDGE('',*,*,#100,.F.);
#100 = EDGE_CURVE('',#24,#94,#101,.T.);
#101 = B_SPLINE_CURVE_WITH_KNOTS('',1,(#102,#103),.UNSPECIFIED.,.F.,.F.,
  (2,2),(0.,0.31),.PIECEWISE_BEZIER_KNOTS.);
#102 = CARTESIAN_POINT('',(6.,-4.75,2.29));
#103 = CARTESIAN_POINT('',(5.69,-4.75,2.29));
#104 = FACE_BOUND('',#105,.T.);
#105 = EDGE_LOOP('',(#106));
#106 = ORIENTED_EDGE('',*,*,#107,.T.);
#107 = EDGE_CURVE('',#108,#108,#110,.T.);
#108 = VERTEX_POINT('',#109);
#109 = CARTESIAN_POINT('',(5.643162057878,-4.75,2.694509967846));
#110 = B_SPLINE_CURVE_WITH_KNOTS('',3,(#111,#112,#113,#114,#115,#116,
    #117,#118,#119,#120,#121,#122,#123,#124,#125,#126,#127,#128,#129,
    #130,#131,#132,#133,#134,#135,#136,#137,#138,#139,#140,#141,#142,
    #143),.UNSPECIFIED.,.T.,.F.,(1,3,3,3,3,2,2,3,3,3,2,3,2,3,1),(
    -2.459616309856E-02,0.,0.353536853485,0.381229756251,0.399439433181,
    0.42360049756,0.484003158508,0.500110534761,0.853517161737,
    0.893107366744,0.920349808395,0.944099629321,0.975403836901,1.,
    1.353536853485),.UNSPECIFIED.);
#111 = CARTESIAN_POINT('',(5.643162057878,-4.75,2.694509967846));
#112 = CARTESIAN_POINT('',(5.55114231133,-4.75,2.326430981653));
#113 = CARTESIAN_POINT('',(5.464256162915,-4.75,1.957068595927));
#114 = CARTESIAN_POINT('',(5.374803215434,-4.75,1.588347909968));
#115 = CARTESIAN_POINT('',(5.365980208909,-4.75,1.55197990746));
#116 = CARTESIAN_POINT('',(5.357972347267,-4.75,1.522894533762));
#117 = CARTESIAN_POINT('',(5.351427009646,-4.75,1.502323472669));
#118 = CARTESIAN_POINT('',(5.344611507996,-4.75,1.480903324626));
#119 = CARTESIAN_POINT('',(5.334596141479,-4.75,1.463986495177));
#120 = CARTESIAN_POINT('',(5.321505466238,-4.75,1.452765916399));
#121 = CARTESIAN_POINT('',(5.307413739361,-4.75,1.440687293361));
#122 = CARTESIAN_POINT('',(5.287843729904,-4.75,1.435));
#123 = CARTESIAN_POINT('',(5.196209003215,-4.75,1.435));
#124 = CARTESIAN_POINT('',(5.163482315113,-4.75,1.463051446945));
#125 = CARTESIAN_POINT('',(5.163482315113,-4.75,1.53411511254));
#126 = CARTESIAN_POINT('',(5.170027652733,-4.75,1.570581993569));
#127 = CARTESIAN_POINT('',(5.183118327974,-4.75,1.629490032154));
#128 = CARTESIAN_POINT('',(5.265380571212,-4.75,1.999670126726));
#129 = CARTESIAN_POINT('',(5.360777491961,-4.75,2.366931404073));
#130 = CARTESIAN_POINT('',(5.449607073955,-4.75,2.735652090032));
#131 = CARTESIAN_POINT('',(5.463789677171,-4.75,2.794522334258));
#132 = CARTESIAN_POINT('',(5.4776585209,-4.75,2.834767202572));
#133 = CARTESIAN_POINT('',(5.48981414791,-4.75,2.856273311897));
#134 = CARTESIAN_POINT('',(5.502196169119,-4.75,2.878179964805));
#135 = CARTESIAN_POINT('',(5.528151125402,-4.75,2.889));
#136 = CARTESIAN_POINT('',(5.596409646302,-4.75,2.889));
#137 = CARTESIAN_POINT('',(5.620720900322,-4.75,2.881519614148));
#138 = CARTESIAN_POINT('',(5.637551768489,-4.75,2.865623794212));
#139 = CARTESIAN_POINT('',(5.653915875222,-4.75,2.850168804519));
#140 = CARTESIAN_POINT('',(5.66279807074,-4.75,2.829156913183));
#141 = CARTESIAN_POINT('',(5.66279807074,-4.75,2.782404501608));
#142 = CARTESIAN_POINT('',(5.656252733119,-4.75,2.74687266881));
#143 = CARTESIAN_POINT('',(5.643162057878,-4.75,2.694509967846));
#144 = FACE_BOUND('',#145,.T.);
#145 = EDGE_LOOP('',(#146,#180,#199,#208));
#146 = ORIENTED_EDGE('',*,*,#147,.T.);
#147 = EDGE_CURVE('',#148,#150,#152,.T.);
#148 = VERTEX_POINT('',#149);
#149 = CARTESIAN_POINT('',(11.199115755627,-4.75,7.274282958199));
#150 = VERTEX_POINT('',#151);
#151 = CARTESIAN_POINT('',(11.312556270096,-4.75,7.072868167203));
#152 = B_SPLINE_CURVE_WITH_KNOTS('',3,(#153,#154,#155,#156,#157,#158,
    #159,#160,#161,#162,#163,#164,#165,#166,#167,#168,#169,#170,#171,
    #172,#173,#174,#175,#176,#177,#178,#179),.UNSPECIFIED.,.F.,.F.,(4,3,
    3,2,3,2,2,2,3,3,4),(0.448969930512,0.549755683745,0.565267366863,
    0.577181134603,0.589094902344,0.601112187928,0.620139556769,
    0.63916692561,0.654734772844,0.679076011994,0.808443986842),
  .UNSPECIFIED.);
#153 = CARTESIAN_POINT('',(11.199115755627,-4.75,7.274282958199));
#154 = CARTESIAN_POINT('',(11.272170418006,-4.75,7.391581993569));
#155 = CARTESIAN_POINT('',(11.345225080386,-4.75,7.508881028939));
#156 = CARTESIAN_POINT('',(11.418279742765,-4.75,7.626180064309));
#157 = CARTESIAN_POINT('',(11.431858262232,-4.75,7.647982194157));
#158 = CARTESIAN_POINT('',(11.442974276527,-4.75,7.665536977492));
#159 = CARTESIAN_POINT('',(11.452234726688,-4.75,7.680199356913));
#160 = CARTESIAN_POINT('',(11.461275126548,-4.75,7.694513323358));
#161 = CARTESIAN_POINT('',(11.47075562701,-4.75,7.708752411576));
#162 = CARTESIAN_POINT('',(11.492363344051,-4.75,7.734990353698));
#163 = CARTESIAN_POINT('',(11.504710610932,-4.75,7.745022508039));
#164 = CARTESIAN_POINT('',(11.517829581994,-4.75,7.751196141479));
#165 = CARTESIAN_POINT('',(11.531245866846,-4.75,7.757509687292));
#166 = CARTESIAN_POINT('',(11.547154340836,-4.75,7.762));
#167 = CARTESIAN_POINT('',(11.595,-4.75,7.762));
#168 = CARTESIAN_POINT('',(11.619694533762,-4.75,7.751967845659));
#169 = CARTESIAN_POINT('',(11.659823151125,-4.75,7.713382636656));
#170 = CARTESIAN_POINT('',(11.669083601286,-4.75,7.691774919614));
#171 = CARTESIAN_POINT('',(11.669083601286,-4.75,7.64547266881));
#172 = CARTESIAN_POINT('',(11.664453376206,-4.75,7.624636655949));
#173 = CARTESIAN_POINT('',(11.654421221865,-4.75,7.604572347267));
#174 = CARTESIAN_POINT('',(11.644080385852,-4.75,7.583890675241));
#175 = CARTESIAN_POINT('',(11.627411575563,-4.75,7.555183279743));
#176 = CARTESIAN_POINT('',(11.602717041801,-4.75,7.51891318328));
#177 = CARTESIAN_POINT('',(11.502915378288,-4.75,7.372329489996));
#178 = CARTESIAN_POINT('',(11.409276527331,-4.75,7.221549839228));
#179 = CARTESIAN_POINT('',(11.312556270096,-4.75,7.072868167203));
#180 = ORIENTED_EDGE('',*,*,#181,.T.);
#181 = EDGE_CURVE('',#150,#182,#184,.T.);
#182 = VERTEX_POINT('',#183);
#183 = CARTESIAN_POINT('',(11.077186495177,-4.75,6.704765273312));
#184 = B_SPLINE_CURVE_WITH_KNOTS('',3,(#185,#186,#187,#188,#189,#190,
    #191,#192,#193,#194,#195,#196,#197,#198),.UNSPECIFIED.,.F.,.F.,(4,3,
    2,2,3,4),(0.808443986842,0.897934166709,0.922598083289,
    0.947261999869,0.971925916449,1.),.UNSPECIFIED.);
#185 = CARTESIAN_POINT('',(11.312556270096,-4.75,7.072868167203));
#186 = CARTESIAN_POINT('',(11.312556270096,-4.75,6.950167202572));
#187 = CARTESIAN_POINT('',(11.312556270096,-4.75,6.827466237942));
#188 = CARTESIAN_POINT('',(11.312556270096,-4.75,6.704765273312));
#189 = CARTESIAN_POINT('',(11.312556270096,-4.75,6.656919614148));
#190 = CARTESIAN_POINT('',(11.301752411576,-4.75,6.621421221865));
#191 = CARTESIAN_POINT('',(11.256993569132,-4.75,6.573575562701));
#192 = CARTESIAN_POINT('',(11.22921221865,-4.75,6.562));
#193 = CARTESIAN_POINT('',(11.159758842444,-4.75,6.562));
#194 = CARTESIAN_POINT('',(11.131205787781,-4.75,6.573575562701));
#195 = CARTESIAN_POINT('',(11.10959807074,-4.75,6.596726688103));
#196 = CARTESIAN_POINT('',(11.087605418121,-4.75,6.62029024448));
#197 = CARTESIAN_POINT('',(11.077186495177,-4.75,6.656147909968));
#198 = CARTESIAN_POINT('',(11.077186495177,-4.75,6.704765273312));
#199 = ORIENTED_EDGE('',*,*,#200,.T.);
#200 = EDGE_CURVE('',#182,#201,#203,.T.);
#201 = VERTEX_POINT('',#202);
#202 = CARTESIAN_POINT('',(11.077186495177,-4.75,7.072868167203));
#203 = B_SPLINE_CURVE_WITH_KNOTS('',3,(#204,#205,#206,#207),
  .UNSPECIFIED.,.F.,.F.,(4,4),(0.,8.949017986749E-02),
  .PIECEWISE_BEZIER_KNOTS.);
#204 = CARTESIAN_POINT('',(11.077186495177,-4.75,6.704765273312));
#205 = CARTESIAN_POINT('',(11.077186495177,-4.75,6.827466237942));
#206 = CARTESIAN_POINT('',(11.077186495177,-4.75,6.950167202572));
#207 = CARTESIAN_POINT('',(11.077186495177,-4.75,7.072868167203));
#208 = ORIENTED_EDGE('',*,*,#209,.T.);
#209 = EDGE_CURVE('',#201,#148,#210,.T.);
#210 = B_SPLINE_CURVE_WITH_KNOTS('',3,(#211,#212,#213,#214,#215,#216,
    #217,#218,#219,#220,#221,#222,#223,#224,#225,#226,#227,#228,#229,
    #230,#231,#232),.UNSPECIFIED.,.F.,.F.,(4,3,3,2,2,2,3,3,4),(
    8.949017986749E-02,0.216676913691,0.242569549179,0.255260689087,
    0.275451138941,0.295641588795,0.316336799895,0.348480574534,
    0.448969930512),.UNSPECIFIED.);
#211 = CARTESIAN_POINT('',(11.077186495177,-4.75,7.072868167203));
#212 = CARTESIAN_POINT('',(10.982781350482,-4.75,7.219491961415));
#213 = CARTESIAN_POINT('',(10.888376205788,-4.75,7.366115755627));
#214 = CARTESIAN_POINT('',(10.793971061093,-4.75,7.512739549839));
#215 = CARTESIAN_POINT('',(10.768819991928,-4.75,7.551802518298));
#216 = CARTESIAN_POINT('',(10.75229903537,-4.75,7.582964630225));
#217 = CARTESIAN_POINT('',(10.741495176849,-4.75,7.605344051447));
#218 = CARTESIAN_POINT('',(10.731139308604,-4.75,7.626795492811));
#219 = CARTESIAN_POINT('',(10.726061093248,-4.75,7.64624437299));
#220 = CARTESIAN_POINT('',(10.726061093248,-4.75,7.690231511254));
#221 = CARTESIAN_POINT('',(10.736864951768,-4.75,7.713382636656));
#222 = CARTESIAN_POINT('',(10.778536977492,-4.75,7.751967845659));
#223 = CARTESIAN_POINT('',(10.804003215434,-4.75,7.762));
#224 = CARTESIAN_POINT('',(10.866511254019,-4.75,7.762));
#225 = CARTESIAN_POINT('',(10.891205787781,-4.75,7.752739549839));
#226 = CARTESIAN_POINT('',(10.907411575563,-4.75,7.734990353698));
#227 = CARTESIAN_POINT('',(10.924352471243,-4.75,7.716436039381));
#228 = CARTESIAN_POINT('',(10.949083601286,-4.75,7.680199356913));
#229 = CARTESIAN_POINT('',(10.982266881029,-4.75,7.626180064309));
#230 = CARTESIAN_POINT('',(11.05438442232,-4.75,7.508779415695));
#231 = CARTESIAN_POINT('',(11.126832797428,-4.75,7.391581993569));
#232 = CARTESIAN_POINT('',(11.199115755627,-4.75,7.274282958199));
#233 = FACE_BOUND('',#234,.T.);
#234 = EDGE_LOOP('',(#235,#265,#309,#318));
#235 = ORIENTED_EDGE('',*,*,#236,.T.);
#236 = EDGE_CURVE('',#237,#239,#241,.T.);
#237 = VERTEX_POINT('',#238);
#238 = CARTESIAN_POINT('',(13.63924437299,-4.75,6.92470096463));
#239 = VERTEX_POINT('',#240);
#240 = CARTESIAN_POINT('',(14.328376205788,-4.75,6.92470096463));
#241 = B_SPLINE_CURVE_WITH_KNOTS('',3,(#242,#243,#244,#245,#246,#247,
    #248,#249,#250,#251,#252,#253,#254,#255,#256,#257,#258,#259,#260,
    #261,#262,#263,#264),.UNSPECIFIED.,.F.,.F.,(4,3,2,3,2,3,3,3,4),(
    0.473080077107,0.550137733,0.561768059303,0.573398385605,
    0.584867095853,0.596565180305,0.605746689736,0.619482830907,
    0.696587840919),.UNSPECIFIED.);
#242 = CARTESIAN_POINT('',(13.63924437299,-4.75,6.92470096463));
#243 = CARTESIAN_POINT('',(13.696093247588,-4.75,7.135890675241));
#244 = CARTESIAN_POINT('',(13.752942122187,-4.75,7.347080385852));
#245 = CARTESIAN_POINT('',(13.809790996785,-4.75,7.558270096463));
#246 = CARTESIAN_POINT('',(13.822634333742,-4.75,7.605982221538));
#247 = CARTESIAN_POINT('',(13.833713826367,-4.75,7.64315755627));
#248 = CARTESIAN_POINT('',(13.853778135048,-4.75,7.694090032154));
#249 = CARTESIAN_POINT('',(13.86998392283,-4.75,7.715697749196));
#250 = CARTESIAN_POINT('',(13.892363344051,-4.75,7.734218649518));
#251 = CARTESIAN_POINT('',(13.915200777423,-4.75,7.753118594377));
#252 = CARTESIAN_POINT('',(13.946382636656,-4.75,7.762));
#253 = CARTESIAN_POINT('',(14.024324758842,-4.75,7.762));
#254 = CARTESIAN_POINT('',(14.055192926045,-4.75,7.751967845659));
#255 = CARTESIAN_POINT('',(14.076800643087,-4.75,7.732675241158));
#256 = CARTESIAN_POINT('',(14.09883775408,-4.75,7.7129992492));
#257 = CARTESIAN_POINT('',(14.11461414791,-4.75,7.692546623794));
#258 = CARTESIAN_POINT('',(14.122331189711,-4.75,7.670167202572));
#259 = CARTESIAN_POINT('',(14.1303680664,-4.75,7.646860260173));
#260 = CARTESIAN_POINT('',(14.142395498392,-4.75,7.609974276527));
#261 = CARTESIAN_POINT('',(14.156286173633,-4.75,7.558270096463));
#262 = CARTESIAN_POINT('',(14.213065835896,-4.75,7.346923575819));
#263 = CARTESIAN_POINT('',(14.271012861736,-4.75,7.135890675241));
#264 = CARTESIAN_POINT('',(14.328376205788,-4.75,6.92470096463));
#265 = ORIENTED_EDGE('',*,*,#266,.T.);
#266 = EDGE_CURVE('',#239,#267,#269,.T.);
#267 = VERTEX_POINT('',#268);
#268 = CARTESIAN_POINT('',(14.172491961415,-4.75,6.764958199357));
#269 = B_SPLINE_CURVE_WITH_KNOTS('',3,(#270,#271,#272,#273,#274,#275,
    #276,#277,#278,#279,#280,#281,#282,#283,#284,#285,#286,#287,#288,
    #289,#290,#291,#292,#293,#294,#295,#296,#297,#298,#299,#300,#301,
    #302,#303,#304,#305,#306,#307,#308),.UNSPECIFIED.,.F.,.F.,(4,3,3,3,2
    ,3,2,3,3,3,3,2,3,2,4),(0.696587840919,0.778033033475,0.788061951309,
    0.795627705759,0.80498528684,0.814582805898,0.827747156064,
    0.836962201179,0.931527244189,0.945648909106,0.954938304252,
    0.966251921936,0.976872869149,0.988436434574,1.),.UNSPECIFIED.);
#270 = CARTESIAN_POINT('',(14.328376205788,-4.75,6.92470096463));
#271 = CARTESIAN_POINT('',(14.378794212219,-4.75,7.150295819936));
#272 = CARTESIAN_POINT('',(14.42921221865,-4.75,7.375890675241));
#273 = CARTESIAN_POINT('',(14.47963022508,-4.75,7.601485530547));
#274 = CARTESIAN_POINT('',(14.487389170711,-4.75,7.636202853597));
#275 = CARTESIAN_POINT('',(14.494292604502,-4.75,7.663993569132));
#276 = CARTESIAN_POINT('',(14.501237942122,-4.75,7.684057877814));
#277 = CARTESIAN_POINT('',(14.508100706376,-4.75,7.703883641214));
#278 = CARTESIAN_POINT('',(14.518987138264,-4.75,7.722643086817));
#279 = CARTESIAN_POINT('',(14.535192926045,-4.75,7.738077170418));
#280 = CARTESIAN_POINT('',(14.551379444162,-4.75,7.753492901958));
#281 = CARTESIAN_POINT('',(14.574549839228,-4.75,7.762));
#282 = CARTESIAN_POINT('',(14.635514469453,-4.75,7.762));
#283 = CARTESIAN_POINT('',(14.660980707395,-4.75,7.751967845659));
#284 = CARTESIAN_POINT('',(14.682588424437,-4.75,7.731131832797));
#285 = CARTESIAN_POINT('',(14.703810544414,-4.75,7.710667645677));
#286 = CARTESIAN_POINT('',(14.715,-4.75,7.685601286174));
#287 = CARTESIAN_POINT('',(14.715,-4.75,7.633125401929));
#288 = CARTESIAN_POINT('',(14.708826366559,-4.75,7.599170418006));
#289 = CARTESIAN_POINT('',(14.697250803859,-4.75,7.551324758842));
#290 = CARTESIAN_POINT('',(14.634137577748,-4.75,7.290456757588));
#291 = CARTESIAN_POINT('',(14.568633440514,-4.75,7.030167202572));
#292 = CARTESIAN_POINT('',(14.504324758842,-4.75,6.769588424437));
#293 = CARTESIAN_POINT('',(14.491364480396,-4.75,6.717073376172));
#294 = CARTESIAN_POINT('',(14.48040192926,-4.75,6.67852733119));
#295 = CARTESIAN_POINT('',(14.47191318328,-4.75,6.653832797428));
#296 = CARTESIAN_POINT('',(14.463342886028,-4.75,6.628901023603));
#297 = CARTESIAN_POINT('',(14.447990353698,-4.75,6.607530546624));
#298 = CARTESIAN_POINT('',(14.427154340836,-4.75,6.589781350482));
#299 = CARTESIAN_POINT('',(14.405937383383,-4.75,6.571707645985));
#300 = CARTESIAN_POINT('',(14.376993569132,-4.75,6.562));
#301 = CARTESIAN_POINT('',(14.303681672026,-4.75,6.562));
#302 = CARTESIAN_POINT('',(14.274356913183,-4.75,6.570488745981));
#303 = CARTESIAN_POINT('',(14.252749196141,-4.75,6.589009646302));
#304 = CARTESIAN_POINT('',(14.231522791753,-4.75,6.607203707206));
#305 = CARTESIAN_POINT('',(14.216479099678,-4.75,6.626823151125));
#306 = CARTESIAN_POINT('',(14.199501607717,-4.75,6.671581993569));
#307 = CARTESIAN_POINT('',(14.187926045016,-4.75,6.710167202572));
#308 = CARTESIAN_POINT('',(14.172491961415,-4.75,6.764958199357));
#309 = ORIENTED_EDGE('',*,*,#310,.T.);
#310 = EDGE_CURVE('',#267,#311,#313,.T.);
#311 = VERTEX_POINT('',#312);
#312 = CARTESIAN_POINT('',(13.984967845659,-4.75,7.461807073955));
#313 = B_SPLINE_CURVE_WITH_KNOTS('',3,(#314,#315,#316,#317),
  .UNSPECIFIED.,.F.,.F.,(4,4),(0.,8.475308753247E-02),
  .PIECEWISE_BEZIER_KNOTS.);
#314 = CARTESIAN_POINT('',(14.172491961415,-4.75,6.764958199357));
#315 = CARTESIAN_POINT('',(14.107275086561,-4.75,6.996478105086));
#316 = CARTESIAN_POINT('',(14.047475884244,-4.75,7.229524115756));
#317 = CARTESIAN_POINT('',(13.984967845659,-4.75,7.461807073955));
#318 = ORIENTED_EDGE('',*,*,#319,.T.);
#319 = EDGE_CURVE('',#311,#237,#320,.T.);
#320 = B_SPLINE_CURVE_WITH_KNOTS('',3,(#321,#322,#323,#324,#325,#326,
    #327,#328,#329,#330,#331,#332,#333,#334,#335,#336,#337,#338,#339,
    #340,#341,#342,#343,#344,#345,#346,#347,#348,#349,#350,#351,#352,
    #353,#354,#355,#356,#357,#358,#359,#360,#361,#362),.UNSPECIFIED.,.F.
  ,.F.,(4,3,3,2,2,3,3,3,3,3,2,3,2,3,3,4),(8.475308753247E-02,
    0.169576462662,0.183599910923,0.193872495869,0.204145080815,
    0.212232009389,0.219885090158,0.228816308652,0.238005574186,
    0.332572675782,0.342462258691,0.354903992029,0.364136766121,
    0.376831830497,0.391634883796,0.473080077107),.UNSPECIFIED.);
#321 = CARTESIAN_POINT('',(13.984967845659,-4.75,7.461807073955));
#322 = CARTESIAN_POINT('',(13.921688102894,-4.75,7.229524115756));
#323 = CARTESIAN_POINT('',(13.858408360129,-4.75,6.997241157556));
#324 = CARTESIAN_POINT('',(13.795128617363,-4.75,6.764958199357));
#325 = CARTESIAN_POINT('',(13.780611825,-4.75,6.711670949342));
#326 = CARTESIAN_POINT('',(13.768890675241,-4.75,6.673897106109));
#327 = CARTESIAN_POINT('',(13.76040192926,-4.75,6.650745980707));
#328 = CARTESIAN_POINT('',(13.751821727642,-4.75,6.62734543084));
#329 = CARTESIAN_POINT('',(13.736479099678,-4.75,6.607530546624));
#330 = CARTESIAN_POINT('',(13.693263665595,-4.75,6.570488745981));
#331 = CARTESIAN_POINT('',(13.664710610932,-4.75,6.562));
#332 = CARTESIAN_POINT('',(13.599887459807,-4.75,6.562));
#333 = CARTESIAN_POINT('',(13.575964630225,-4.75,6.56740192926));
#334 = CARTESIAN_POINT('',(13.557443729904,-4.75,6.578205787781));
#335 = CARTESIAN_POINT('',(13.538347050297,-4.75,6.589345517552));
#336 = CARTESIAN_POINT('',(13.523488745981,-4.75,6.603672025723));
#337 = CARTESIAN_POINT('',(13.51191318328,-4.75,6.623736334405));
#338 = CARTESIAN_POINT('',(13.500144908658,-4.75,6.644134677083));
#339 = CARTESIAN_POINT('',(13.490305466238,-4.75,6.666951768489));
#340 = CARTESIAN_POINT('',(13.483360128617,-4.75,6.693961414791));
#341 = CARTESIAN_POINT('',(13.476180797999,-4.75,6.721881033863));
#342 = CARTESIAN_POINT('',(13.469469453376,-4.75,6.746437299035));
#343 = CARTESIAN_POINT('',(13.463295819936,-4.75,6.769588424437));
#344 = CARTESIAN_POINT('',(13.394151979293,-4.75,7.028877826847));
#345 = CARTESIAN_POINT('',(13.334678456592,-4.75,7.290745980707));
#346 = CARTESIAN_POINT('',(13.27036977492,-4.75,7.551324758842));
#347 = CARTESIAN_POINT('',(13.259113751646,-4.75,7.596934165147));
#348 = CARTESIAN_POINT('',(13.253392282958,-4.75,7.630810289389));
#349 = CARTESIAN_POINT('',(13.253392282958,-4.75,7.684829581994));
#350 = CARTESIAN_POINT('',(13.263424437299,-4.75,7.710295819936));
#351 = CARTESIAN_POINT('',(13.285032154341,-4.75,7.731131832797));
#352 = CARTESIAN_POINT('',(13.305854395879,-4.75,7.751210422852));
#353 = CARTESIAN_POINT('',(13.332106109325,-4.75,7.762));
#354 = CARTESIAN_POINT('',(13.405418006431,-4.75,7.762));
#355 = CARTESIAN_POINT('',(13.434742765273,-4.75,7.748109324759));
#356 = CARTESIAN_POINT('',(13.449405144695,-4.75,7.721099678457));
#357 = CARTESIAN_POINT('',(13.46439109491,-4.75,7.693493980691));
#358 = CARTESIAN_POINT('',(13.476414790997,-4.75,7.653189710611));
#359 = CARTESIAN_POINT('',(13.487990353698,-4.75,7.601485530547));
#360 = CARTESIAN_POINT('',(13.538492449801,-4.75,7.375909501287));
#361 = CARTESIAN_POINT('',(13.588826366559,-4.75,7.150295819936));
#362 = CARTESIAN_POINT('',(13.63924437299,-4.75,6.92470096463));
#363 = FACE_BOUND('',#364,.T.);
#364 = EDGE_LOOP('',(#365,#374,#381,#388,#395,#402,#409,#416,#423,#430,
    #437,#444));
#365 = ORIENTED_EDGE('',*,*,#366,.T.);
#366 = EDGE_CURVE('',#367,#369,#371,.T.);
#367 = VERTEX_POINT('',#368);
#368 = CARTESIAN_POINT('',(5.743540709559,-4.75,6.596736114656));
#369 = VERTEX_POINT('',#370);
#370 = CARTESIAN_POINT('',(3.707416049288,-4.75,6.596736114656));
#371 = B_SPLINE_CURVE_WITH_KNOTS('',1,(#372,#373),.UNSPECIFIED.,.F.,.F.,
  (2,2),(0.,2.036124660271),.PIECEWISE_BEZIER_KNOTS.);
#372 = CARTESIAN_POINT('',(5.743540709559,-4.75,6.596736114656));
#373 = CARTESIAN_POINT('',(3.707416049288,-4.75,6.596736114656));
#374 = ORIENTED_EDGE('',*,*,#375,.T.);
#375 = EDGE_CURVE('',#369,#376,#378,.T.);
#376 = VERTEX_POINT('',#377);
#377 = CARTESIAN_POINT('',(5.269612093133,-4.75,9.294427781323));
#378 = B_SPLINE_CURVE_WITH_KNOTS('',1,(#379,#380),.UNSPECIFIED.,.F.,.F.,
  (2,2),(0.,3.117370174973),.PIECEWISE_BEZIER_KNOTS.);
#379 = CARTESIAN_POINT('',(3.707416049288,-4.75,6.596736114656));
#380 = CARTESIAN_POINT('',(5.269612093133,-4.75,9.294427781323));
#381 = ORIENTED_EDGE('',*,*,#382,.T.);
#382 = EDGE_CURVE('',#376,#383,#385,.T.);
#383 = VERTEX_POINT('',#384);
#384 = CARTESIAN_POINT('',(7.305736753405,-4.75,9.294427781323));
#385 = B_SPLINE_CURVE_WITH_KNOTS('',1,(#386,#387),.UNSPECIFIED.,.F.,.F.,
  (2,2),(0.,2.036124660271),.PIECEWISE_BEZIER_KNOTS.);
#386 = CARTESIAN_POINT('',(5.269612093133,-4.75,9.294427781323));
#387 = CARTESIAN_POINT('',(7.305736753405,-4.75,9.294427781323));
#388 = ORIENTED_EDGE('',*,*,#389,.T.);
#389 = EDGE_CURVE('',#383,#390,#392,.T.);
#390 = VERTEX_POINT('',#391);
#391 = CARTESIAN_POINT('',(6.903251107515,-4.75,8.596986114656));
#392 = B_SPLINE_CURVE_WITH_KNOTS('',1,(#393,#394),.UNSPECIFIED.,.F.,.F.,
  (2,2),(0.,0.805245039445),.PIECEWISE_BEZIER_KNOTS.);
#393 = CARTESIAN_POINT('',(7.305736753405,-4.75,9.294427781323));
#394 = CARTESIAN_POINT('',(6.903251107515,-4.75,8.596986114656));
#395 = ORIENTED_EDGE('',*,*,#396,.T.);
#396 = EDGE_CURVE('',#390,#397,#399,.T.);
#397 = VERTEX_POINT('',#398);
#398 = CARTESIAN_POINT('',(5.675280841671,-4.75,8.596986114656));
#399 = B_SPLINE_CURVE_WITH_KNOTS('',1,(#400,#401),.UNSPECIFIED.,.F.,.F.,
  (2,2),(0.,1.227970265844),.PIECEWISE_BEZIER_KNOTS.);
#400 = CARTESIAN_POINT('',(6.903251107515,-4.75,8.596986114656));
#401 = CARTESIAN_POINT('',(5.675280841671,-4.75,8.596986114656));
#402 = ORIENTED_EDGE('',*,*,#403,.T.);
#403 = EDGE_CURVE('',#397,#404,#406,.T.);
#404 = VERTEX_POINT('',#405);
#405 = CARTESIAN_POINT('',(5.484294682813,-4.75,8.270313892434));
#406 = B_SPLINE_CURVE_WITH_KNOTS('',1,(#407,#408),.UNSPECIFIED.,.F.,.F.,
  (2,2),(0.,0.378405144847),.PIECEWISE_BEZIER_KNOTS.);
#407 = CARTESIAN_POINT('',(5.675280841671,-4.75,8.596986114656));
#408 = CARTESIAN_POINT('',(5.484294682813,-4.75,8.270313892434));
#409 = ORIENTED_EDGE('',*,*,#410,.T.);
#410 = EDGE_CURVE('',#404,#411,#413,.T.);
#411 = VERTEX_POINT('',#412);
#412 = CARTESIAN_POINT('',(6.712264948656,-4.75,8.270313892434));
#413 = B_SPLINE_CURVE_WITH_KNOTS('',1,(#414,#415),.UNSPECIFIED.,.F.,.F.,
  (2,2),(0.,1.227970265843),.PIECEWISE_BEZIER_KNOTS.);
#414 = CARTESIAN_POINT('',(5.484294682813,-4.75,8.270313892434));
#415 = CARTESIAN_POINT('',(6.712264948656,-4.75,8.270313892434));
#416 = ORIENTED_EDGE('',*,*,#417,.T.);
#417 = EDGE_CURVE('',#411,#418,#420,.T.);
#418 = VERTEX_POINT('',#419);
#419 = CARTESIAN_POINT('',(6.337366192379,-4.75,7.620497225767));
#420 = B_SPLINE_CURVE_WITH_KNOTS('',1,(#421,#422),.UNSPECIFIED.,.F.,.F.,
  (2,2),(0.,0.750207156548),.PIECEWISE_BEZIER_KNOTS.);
#421 = CARTESIAN_POINT('',(6.712264948656,-4.75,8.270313892434));
#422 = CARTESIAN_POINT('',(6.337366192379,-4.75,7.620497225767));
#423 = ORIENTED_EDGE('',*,*,#424,.T.);
#424 = EDGE_CURVE('',#418,#425,#427,.T.);
#425 = VERTEX_POINT('',#426);
#426 = CARTESIAN_POINT('',(5.109042248464,-4.75,7.620497225767));
#427 = B_SPLINE_CURVE_WITH_KNOTS('',1,(#428,#429),.UNSPECIFIED.,.F.,.F.,
  (2,2),(0.,1.228323943915),.PIECEWISE_BEZIER_KNOTS.);
#428 = CARTESIAN_POINT('',(6.337366192379,-4.75,7.620497225767));
#429 = CARTESIAN_POINT('',(5.109042248464,-4.75,7.620497225767));
#430 = ORIENTED_EDGE('',*,*,#431,.T.);
#431 = EDGE_CURVE('',#425,#432,#434,.T.);
#432 = VERTEX_POINT('',#433);
#433 = CARTESIAN_POINT('',(4.890822878065,-4.75,7.246200003545));
#434 = B_SPLINE_CURVE_WITH_KNOTS('',1,(#435,#436),.UNSPECIFIED.,.F.,.F.,
  (2,2),(0.,0.433264473712),.PIECEWISE_BEZIER_KNOTS.);
#435 = CARTESIAN_POINT('',(5.109042248464,-4.75,7.620497225767));
#436 = CARTESIAN_POINT('',(4.890822878065,-4.75,7.246200003545));
#437 = ORIENTED_EDGE('',*,*,#438,.T.);
#438 = EDGE_CURVE('',#432,#439,#441,.T.);
#439 = VERTEX_POINT('',#440);
#440 = CARTESIAN_POINT('',(6.118793143908,-4.75,7.246200003545));
#441 = B_SPLINE_CURVE_WITH_KNOTS('',1,(#442,#443),.UNSPECIFIED.,.F.,.F.,
  (2,2),(0.,1.227970265844),.PIECEWISE_BEZIER_KNOTS.);
#442 = CARTESIAN_POINT('',(4.890822878065,-4.75,7.246200003545));
#443 = CARTESIAN_POINT('',(6.118793143908,-4.75,7.246200003545));
#444 = ORIENTED_EDGE('',*,*,#445,.T.);
#445 = EDGE_CURVE('',#439,#367,#446,.T.);
#446 = B_SPLINE_CURVE_WITH_KNOTS('',1,(#447,#448),.UNSPECIFIED.,.F.,.F.,
  (2,2),(0.,0.750078484197),.PIECEWISE_BEZIER_KNOTS.);
#447 = CARTESIAN_POINT('',(6.118793143908,-4.75,7.246200003545));
#448 = CARTESIAN_POINT('',(5.743540709559,-4.75,6.596736114656));
#449 = FACE_BOUND('',#450,.T.);
#450 = EDGE_LOOP('',(#451,#507));
#451 = ORIENTED_EDGE('',*,*,#452,.T.);
#452 = EDGE_CURVE('',#453,#455,#457,.T.);
#453 = VERTEX_POINT('',#454);
#454 = CARTESIAN_POINT('',(3.051774193548,-4.75,5.377161290323));
#455 = VERTEX_POINT('',#456);
#456 = CARTESIAN_POINT('',(3.583064516129,-4.75,5.144903225806));
#457 = B_SPLINE_CURVE_WITH_KNOTS('',3,(#458,#459,#460,#461,#462,#463,
    #464,#465,#466,#467,#468,#469,#470,#471,#472,#473,#474,#475,#476,
    #477,#478,#479,#480,#481,#482,#483,#484,#485,#486,#487,#488,#489,
    #490,#491,#492,#493,#494,#495,#496,#497,#498,#499,#500,#501,#502,
    #503,#504,#505,#506),.UNSPECIFIED.,.F.,.F.,(4,3,3,2,3,3,2,3,3,3,3,2,
    2,3,2,3,3,2,4),(0.,0.135204369939,0.164524262819,0.194218016241,
    0.212539693884,0.251261892668,0.309731221363,0.368200550058,
    0.395630158069,0.423296357167,0.449595035123,0.475605473758,
    0.501615912393,0.526444058363,0.561974077789,0.589400759451,
    0.646037913694,0.721027493756,0.796017073817),.UNSPECIFIED.);
#458 = CARTESIAN_POINT('',(3.051774193548,-4.75,5.377161290323));
#459 = CARTESIAN_POINT('',(3.272096774194,-4.75,5.377161290323));
#460 = CARTESIAN_POINT('',(3.492419354839,-4.75,5.377161290323));
#461 = CARTESIAN_POINT('',(3.712741935484,-4.75,5.377161290323));
#462 = CARTESIAN_POINT('',(3.776612903226,-4.75,5.377161290323));
#463 = CARTESIAN_POINT('',(3.823064516129,-4.75,5.367483870968));
#464 = CARTESIAN_POINT('',(3.851129032258,-4.75,5.348129032258));
#465 = CARTESIAN_POINT('',(3.880301655793,-4.75,5.328009981545));
#466 = CARTESIAN_POINT('',(3.893709677419,-4.75,5.294903225806));
#467 = CARTESIAN_POINT('',(3.893709677419,-4.75,5.22135483871));
#468 = CARTESIAN_POINT('',(3.877258064516,-4.75,5.184580645161));
#469 = CARTESIAN_POINT('',(3.84435483871,-4.75,5.139096774194));
#470 = CARTESIAN_POINT('',(3.811119158319,-4.75,5.093153333653));
#471 = CARTESIAN_POINT('',(3.772741935484,-4.75,5.043290322581));
#472 = CARTESIAN_POINT('',(3.730161290323,-4.75,4.988129032258));
#473 = CARTESIAN_POINT('',(3.687219305067,-4.75,4.932499642268));
#474 = CARTESIAN_POINT('',(3.643064516129,-4.75,4.864258064516));
#475 = CARTESIAN_POINT('',(3.552096774194,-4.75,4.699741935484));
#476 = CARTESIAN_POINT('',(3.510483870968,-4.75,4.600064516129));
#477 = CARTESIAN_POINT('',(3.472741935484,-4.75,4.481032258065));
#478 = CARTESIAN_POINT('',(3.456271490846,-4.75,4.42908700959));
#479 = CARTESIAN_POINT('',(3.44564516129,-4.75,4.385225806452));
#480 = CARTESIAN_POINT('',(3.438870967742,-4.75,4.35135483871));
#481 = CARTESIAN_POINT('',(3.431947890819,-4.75,4.316739454094));
#482 = CARTESIAN_POINT('',(3.425322580645,-4.75,4.272));
#483 = CARTESIAN_POINT('',(3.417580645161,-4.75,4.217806451613));
#484 = CARTESIAN_POINT('',(3.409703225806,-4.75,4.162664516129));
#485 = CARTESIAN_POINT('',(3.402096774194,-4.75,4.120064516129));
#486 = CARTESIAN_POINT('',(3.396290322581,-4.75,4.091032258065));
#487 = CARTESIAN_POINT('',(3.382928039702,-4.75,4.024220843672));
#488 = CARTESIAN_POINT('',(3.362419354839,-4.75,3.976838709677));
#489 = CARTESIAN_POINT('',(3.312096774194,-4.75,3.924580645161));
#490 = CARTESIAN_POINT('',(3.278225806452,-4.75,3.912));
#491 = CARTESIAN_POINT('',(3.195,-4.75,3.912));
#492 = CARTESIAN_POINT('',(3.163064516129,-4.75,3.925548387097));
#493 = CARTESIAN_POINT('',(3.137903225806,-4.75,3.953612903226));
#494 = CARTESIAN_POINT('',(3.113173177111,-4.75,3.981196419078));
#495 = CARTESIAN_POINT('',(3.101129032258,-4.75,4.023290322581));
#496 = CARTESIAN_POINT('',(3.101129032258,-4.75,4.121032258065));
#497 = CARTESIAN_POINT('',(3.110806451613,-4.75,4.178129032258));
#498 = CARTESIAN_POINT('',(3.128225806452,-4.75,4.250709677419));
#499 = CARTESIAN_POINT('',(3.145917475965,-4.75,4.324424967059));
#500 = CARTESIAN_POINT('',(3.17564516129,-4.75,4.41135483871));
#501 = CARTESIAN_POINT('',(3.216290322581,-4.75,4.512967741935));
#502 = CARTESIAN_POINT('',(3.256802002225,-4.75,4.614246941046));
#503 = CARTESIAN_POINT('',(3.306290322581,-4.75,4.719096774194));
#504 = CARTESIAN_POINT('',(3.428225806452,-4.75,4.932));
#505 = CARTESIAN_POINT('',(3.499838709677,-4.75,5.039419354839));
#506 = CARTESIAN_POINT('',(3.583064516129,-4.75,5.144903225806));
#507 = ORIENTED_EDGE('',*,*,#508,.T.);
#508 = EDGE_CURVE('',#455,#453,#509,.T.);
#509 = B_SPLINE_CURVE_WITH_KNOTS('',3,(#510,#511,#512,#513,#514,#515,
    #516,#517,#518,#519,#520,#521,#522,#523,#524),.UNSPECIFIED.,.F.,.F.,
  (4,3,3,2,3,4),(0.796017073817,0.904695256975,0.931196924713,
    0.952407151768,0.974560055582,1.),.UNSPECIFIED.);
#510 = CARTESIAN_POINT('',(3.583064516129,-4.75,5.144903225806));
#511 = CARTESIAN_POINT('',(3.405967741935,-4.75,5.144903225806));
#512 = CARTESIAN_POINT('',(3.228870967742,-4.75,5.144903225806));
#513 = CARTESIAN_POINT('',(3.051774193548,-4.75,5.144903225806));
#514 = CARTESIAN_POINT('',(2.996612903226,-4.75,5.144903225806));
#515 = CARTESIAN_POINT('',(2.955,-4.75,5.154580645161));
#516 = CARTESIAN_POINT('',(2.927903225806,-4.75,5.174903225806));
#517 = CARTESIAN_POINT('',(2.900187096774,-4.75,5.195690322581));
#518 = CARTESIAN_POINT('',(2.886290322581,-4.75,5.226193548387));
#519 = CARTESIAN_POINT('',(2.886290322581,-4.75,5.315225806452));
#520 = CARTESIAN_POINT('',(2.900806451613,-4.75,5.344258064516));
#521 = CARTESIAN_POINT('',(2.929838709677,-4.75,5.357806451613));
#522 = CARTESIAN_POINT('',(2.95850011773,-4.75,5.371181775371));
#523 = CARTESIAN_POINT('',(2.999516129032,-4.75,5.377161290323));
#524 = CARTESIAN_POINT('',(3.051774193548,-4.75,5.377161290323));
#525 = FACE_BOUND('',#526,.T.);
#526 = EDGE_LOOP('',(#527,#574));
#527 = ORIENTED_EDGE('',*,*,#528,.T.);
#528 = EDGE_CURVE('',#529,#531,#533,.T.);
#529 = VERTEX_POINT('',#530);
#530 = CARTESIAN_POINT('',(6.249193548387,-4.75,4.689096774194));
#531 = VERTEX_POINT('',#532);
#532 = CARTESIAN_POINT('',(5.97435483871,-4.75,4.589419354839));
#533 = B_SPLINE_CURVE_WITH_KNOTS('',3,(#534,#535,#536,#537,#538,#539,
    #540,#541,#542,#543,#544,#545,#546,#547,#548,#549,#550,#551,#552,
    #553,#554,#555,#556,#557,#558,#559,#560,#561,#562,#563,#564,#565,
    #566,#567,#568,#569,#570,#571,#572,#573),.UNSPECIFIED.,.F.,.F.,(4,2,
    2,2,2,3,3,2,2,2,2,3,3,2,3,3,4),(0.490911765064,0.538794224042,
    0.586676683019,0.634559141997,0.682441600975,0.729792032631,
    0.763187111232,0.788882756436,0.804737516243,0.82059227605,
    0.835005694056,0.849419112063,0.87076842651,0.89229082482,
    0.91136749605,0.932229691866,1.),.UNSPECIFIED.);
#534 = CARTESIAN_POINT('',(6.249193548387,-4.75,4.689096774194));
#535 = CARTESIAN_POINT('',(6.249193548387,-4.75,4.562322580645));
#536 = CARTESIAN_POINT('',(6.236612903226,-4.75,4.450064516129));
#537 = CARTESIAN_POINT('',(6.18435483871,-4.75,4.256516129032));
#538 = CARTESIAN_POINT('',(6.147580645161,-4.75,4.175225806452));
#539 = CARTESIAN_POINT('',(6.048870967742,-4.75,4.043612903226));
#540 = CARTESIAN_POINT('',(5.989838709677,-4.75,3.994258064516));
#541 = CARTESIAN_POINT('',(5.852419354839,-4.75,3.930387096774));
#542 = CARTESIAN_POINT('',(5.774032258065,-4.75,3.913935483871));
#543 = CARTESIAN_POINT('',(5.600806451613,-4.75,3.913935483871));
#544 = CARTESIAN_POINT('',(5.526290322581,-4.75,3.930387096774));
#545 = CARTESIAN_POINT('',(5.463387096774,-4.75,3.963290322581));
#546 = CARTESIAN_POINT('',(5.399724028991,-4.75,3.99659100419));
#547 = CARTESIAN_POINT('',(5.351129032258,-4.75,4.036838709677));
#548 = CARTESIAN_POINT('',(5.318225806452,-4.75,4.086193548387));
#549 = CARTESIAN_POINT('',(5.285769230769,-4.75,4.134878411911));
#550 = CARTESIAN_POINT('',(5.268870967742,-4.75,4.181032258065));
#551 = CARTESIAN_POINT('',(5.268870967742,-4.75,4.254580645161));
#552 = CARTESIAN_POINT('',(5.279516129032,-4.75,4.278774193548));
#553 = CARTESIAN_POINT('',(5.320161290323,-4.75,4.323290322581));
#554 = CARTESIAN_POINT('',(5.346290322581,-4.75,4.333935483871));
#555 = CARTESIAN_POINT('',(5.407258064516,-4.75,4.333935483871));
#556 = CARTESIAN_POINT('',(5.433387096774,-4.75,4.326193548387));
#557 = CARTESIAN_POINT('',(5.479838709677,-4.75,4.293290322581));
#558 = CARTESIAN_POINT('',(5.497258064516,-4.75,4.268129032258));
#559 = CARTESIAN_POINT('',(5.508870967742,-4.75,4.236193548387));
#560 = CARTESIAN_POINT('',(5.523620202496,-4.75,4.195633152814));
#561 = CARTESIAN_POINT('',(5.547580645161,-4.75,4.163612903226));
#562 = CARTESIAN_POINT('',(5.581451612903,-4.75,4.139419354839));
#563 = CARTESIAN_POINT('',(5.615780296425,-4.75,4.114898866609));
#564 = CARTESIAN_POINT('',(5.653064516129,-4.75,4.10264516129));
#565 = CARTESIAN_POINT('',(5.733387096774,-4.75,4.10264516129));
#566 = CARTESIAN_POINT('',(5.769193548387,-4.75,4.112322580645));
#567 = CARTESIAN_POINT('',(5.802096774194,-4.75,4.131677419355));
#568 = CARTESIAN_POINT('',(5.835718965088,-4.75,4.151455178705));
#569 = CARTESIAN_POINT('',(5.865,-4.75,4.178129032258));
#570 = CARTESIAN_POINT('',(5.889193548387,-4.75,4.212967741935));
#571 = CARTESIAN_POINT('',(5.938172574768,-4.75,4.283497539924));
#572 = CARTESIAN_POINT('',(5.964677419355,-4.75,4.409419354839));
#573 = CARTESIAN_POINT('',(5.97435483871,-4.75,4.589419354839));
#574 = ORIENTED_EDGE('',*,*,#575,.T.);
#575 = EDGE_CURVE('',#531,#529,#576,.T.);
#576 = B_SPLINE_CURVE_WITH_KNOTS('',3,(#577,#578,#579,#580,#581,#582,
    #583,#584,#585,#586,#587,#588,#589,#590,#591,#592,#593,#594,#595,
    #596,#597,#598,#599,#600,#601,#602,#603,#604,#605,#606,#607,#608,
    #609,#610,#611,#612,#613),.UNSPECIFIED.,.F.,.F.,(4,3,2,3,3,2,2,3,3,3
    ,2,2,3,2,4),(0.,3.265609931352E-02,6.475301472251E-02,
    9.589181325362E-02,0.126200587677,0.157746025222,0.189291462767,
    0.223748786854,0.256714185539,0.289908969169,0.324830224265,
    0.364740230089,0.404650235913,0.447781000488,0.490911765064),
  .UNSPECIFIED.);
#577 = CARTESIAN_POINT('',(5.97435483871,-4.75,4.589419354839));
#578 = CARTESIAN_POINT('',(5.930806451613,-4.75,4.538129032258));
#579 = CARTESIAN_POINT('',(5.881451612903,-4.75,4.499419354839));
#580 = CARTESIAN_POINT('',(5.828225806452,-4.75,4.473290322581));
#581 = CARTESIAN_POINT('',(5.77422018664,-4.75,4.446778472855));
#582 = CARTESIAN_POINT('',(5.714032258065,-4.75,4.434580645161));
#583 = CARTESIAN_POINT('',(5.586290322581,-4.75,4.434580645161));
#584 = CARTESIAN_POINT('',(5.528225806452,-4.75,4.446193548387));
#585 = CARTESIAN_POINT('',(5.475,-4.75,4.470387096774));
#586 = CARTESIAN_POINT('',(5.420972160848,-4.75,4.494945205479));
#587 = CARTESIAN_POINT('',(5.37435483871,-4.75,4.528451612903));
#588 = CARTESIAN_POINT('',(5.334677419355,-4.75,4.572));
#589 = CARTESIAN_POINT('',(5.295920738819,-4.75,4.6145378201));
#590 = CARTESIAN_POINT('',(5.265967741935,-4.75,4.664903225806));
#591 = CARTESIAN_POINT('',(5.223387096774,-4.75,4.781032258065));
#592 = CARTESIAN_POINT('',(5.212741935484,-4.75,4.842));
#593 = CARTESIAN_POINT('',(5.212741935484,-4.75,4.973612903226));
#594 = CARTESIAN_POINT('',(5.22435483871,-4.75,5.037483870968));
#595 = CARTESIAN_POINT('',(5.248548387097,-4.75,5.099419354839));
#596 = CARTESIAN_POINT('',(5.272285840206,-4.75,5.160187234799));
#597 = CARTESIAN_POINT('',(5.30564516129,-4.75,5.21264516129));
#598 = CARTESIAN_POINT('',(5.350161290323,-4.75,5.258129032258));
#599 = CARTESIAN_POINT('',(5.394193660265,-4.75,5.303118627634));
#600 = CARTESIAN_POINT('',(5.446935483871,-4.75,5.338451612903));
#601 = CARTESIAN_POINT('',(5.507903225806,-4.75,5.363612903226));
#602 = CARTESIAN_POINT('',(5.569697871454,-4.75,5.389115455398));
#603 = CARTESIAN_POINT('',(5.636612903226,-4.75,5.40135483871));
#604 = CARTESIAN_POINT('',(5.796290322581,-4.75,5.40135483871));
#605 = CARTESIAN_POINT('',(5.871774193548,-4.75,5.384903225806));
#606 = CARTESIAN_POINT('',(6.005322580645,-4.75,5.322967741935));
#607 = CARTESIAN_POINT('',(6.061451612903,-4.75,5.277483870968));
#608 = CARTESIAN_POINT('',(6.106935483871,-4.75,5.218451612903));
#609 = CARTESIAN_POINT('',(6.152779850949,-4.75,5.158951476908));
#610 = CARTESIAN_POINT('',(6.188225806452,-4.75,5.084903225806));
#611 = CARTESIAN_POINT('',(6.236612903226,-4.75,4.904903225806));
#612 = CARTESIAN_POINT('',(6.249193548387,-4.75,4.803290322581));
#613 = CARTESIAN_POINT('',(6.249193548387,-4.75,4.689096774194));
#614 = FACE_BOUND('',#615,.T.);
#615 = EDGE_LOOP('',(#616,#681));
#616 = ORIENTED_EDGE('',*,*,#617,.T.);
#617 = EDGE_CURVE('',#618,#620,#622,.T.);
#618 = VERTEX_POINT('',#619);
#619 = CARTESIAN_POINT('',(10.526612903226,-4.75,4.815870967742));
#620 = VERTEX_POINT('',#621);
#621 = CARTESIAN_POINT('',(10.847903225806,-4.75,4.73264516129));
#622 = B_SPLINE_CURVE_WITH_KNOTS('',3,(#623,#624,#625,#626,#627,#628,
    #629,#630,#631,#632,#633,#634,#635,#636,#637,#638,#639,#640,#641,
    #642,#643,#644,#645,#646,#647,#648,#649,#650,#651,#652,#653,#654,
    #655,#656,#657,#658,#659,#660,#661,#662,#663,#664,#665,#666,#667,
    #668,#669,#670,#671,#672,#673,#674,#675,#676,#677,#678,#679,#680),
  .UNSPECIFIED.,.F.,.F.,(4,3,2,2,2,3,3,3,3,3,2,2,2,3,3,3,2,3,3,3,2,2,4),
  (0.,2.457995386887E-02,5.24379578452E-02,7.353044657014E-02,
    9.462293529508E-02,0.108571193968,0.119842801161,0.131954862207,
    0.145209972651,0.152529088309,0.164247096448,0.178003019046,
    0.191160858052,0.203607462518,0.224448676808,0.249343596373,
    0.27892143737,0.304607457183,0.327594242241,0.348799314012,
    0.36906623682,0.395958884392,0.422851531964),.UNSPECIFIED.);
#623 = CARTESIAN_POINT('',(10.526612903226,-4.75,4.815870967742));
#624 = CARTESIAN_POINT('',(10.586612903226,-4.75,4.815870967742));
#625 = CARTESIAN_POINT('',(10.639838709677,-4.75,4.833290322581));
#626 = CARTESIAN_POINT('',(10.683387096774,-4.75,4.870064516129));
#627 = CARTESIAN_POINT('',(10.727023358967,-4.75,4.906912915314));
#628 = CARTESIAN_POINT('',(10.749193548387,-4.75,4.957161290323));
#629 = CARTESIAN_POINT('',(10.749193548387,-4.75,5.076193548387));
#630 = CARTESIAN_POINT('',(10.731774193548,-4.75,5.120709677419));
#631 = CARTESIAN_POINT('',(10.662096774194,-4.75,5.194258064516));
#632 = CARTESIAN_POINT('',(10.614677419355,-4.75,5.21264516129));
#633 = CARTESIAN_POINT('',(10.515,-4.75,5.21264516129));
#634 = CARTESIAN_POINT('',(10.481129032258,-4.75,5.206838709677));
#635 = CARTESIAN_POINT('',(10.455,-4.75,5.196193548387));
#636 = CARTESIAN_POINT('',(10.428532827324,-4.75,5.185410626186));
#637 = CARTESIAN_POINT('',(10.408548387097,-4.75,5.170064516129));
#638 = CARTESIAN_POINT('',(10.393064516129,-4.75,5.150709677419));
#639 = CARTESIAN_POINT('',(10.378430369788,-4.75,5.132416994493));
#640 = CARTESIAN_POINT('',(10.364032258065,-4.75,5.108129032258));
#641 = CARTESIAN_POINT('',(10.350483870968,-4.75,5.079096774194));
#642 = CARTESIAN_POINT('',(10.336564633859,-4.75,5.049269837532));
#643 = CARTESIAN_POINT('',(10.32435483871,-4.75,5.022));
#644 = CARTESIAN_POINT('',(10.312741935484,-4.75,4.995870967742));
#645 = CARTESIAN_POINT('',(10.306237113402,-4.75,4.981235118058));
#646 = CARTESIAN_POINT('',(10.29435483871,-4.75,4.969741935484));
#647 = CARTESIAN_POINT('',(10.276935483871,-4.75,4.962));
#648 = CARTESIAN_POINT('',(10.259965081477,-4.75,4.954457598936));
#649 = CARTESIAN_POINT('',(10.240161290323,-4.75,4.949419354839));
#650 = CARTESIAN_POINT('',(10.191774193548,-4.75,4.949419354839));
#651 = CARTESIAN_POINT('',(10.166612903226,-4.75,4.960064516129));
#652 = CARTESIAN_POINT('',(10.123064516129,-4.75,5.003612903226));
#653 = CARTESIAN_POINT('',(10.111451612903,-4.75,5.03264516129));
#654 = CARTESIAN_POINT('',(10.111451612903,-4.75,5.102322580645));
#655 = CARTESIAN_POINT('',(10.122096774194,-4.75,5.139096774194));
#656 = CARTESIAN_POINT('',(10.142419354839,-4.75,5.176838709677));
#657 = CARTESIAN_POINT('',(10.163363421131,-4.75,5.215734832791));
#658 = CARTESIAN_POINT('',(10.193709677419,-4.75,5.25135483871));
#659 = CARTESIAN_POINT('',(10.23435483871,-4.75,5.286193548387));
#660 = CARTESIAN_POINT('',(10.274442125237,-4.75,5.320554079696));
#661 = CARTESIAN_POINT('',(10.32435483871,-4.75,5.348129032258));
#662 = CARTESIAN_POINT('',(10.383387096774,-4.75,5.369419354839));
#663 = CARTESIAN_POINT('',(10.443275708642,-4.75,5.391018526332));
#664 = CARTESIAN_POINT('',(10.509193548387,-4.75,5.40135483871));
#665 = CARTESIAN_POINT('',(10.646612903226,-4.75,5.40135483871));
#666 = CARTESIAN_POINT('',(10.70564516129,-4.75,5.39264516129));
#667 = CARTESIAN_POINT('',(10.757903225806,-4.75,5.374258064516));
#668 = CARTESIAN_POINT('',(10.810719432605,-4.75,5.355674584346));
#669 = CARTESIAN_POINT('',(10.856612903226,-4.75,5.331677419355));
#670 = CARTESIAN_POINT('',(10.896290322581,-4.75,5.298774193548));
#671 = CARTESIAN_POINT('',(10.935869842064,-4.75,5.265952153001));
#672 = CARTESIAN_POINT('',(10.964032258065,-4.75,5.227161290323));
#673 = CARTESIAN_POINT('',(10.98435483871,-4.75,5.183612903226));
#674 = CARTESIAN_POINT('',(11.004875206028,-4.75,5.139640687544));
#675 = CARTESIAN_POINT('',(11.01435483871,-4.75,5.09264516129));
#676 = CARTESIAN_POINT('',(11.01435483871,-4.75,4.975548387097));
#677 = CARTESIAN_POINT('',(10.999838709677,-4.75,4.918451612903));
#678 = CARTESIAN_POINT('',(10.941774193548,-4.75,4.823612903226));
#679 = CARTESIAN_POINT('',(10.901129032258,-4.75,4.777161290323));
#680 = CARTESIAN_POINT('',(10.847903225806,-4.75,4.73264516129));
#681 = ORIENTED_EDGE('',*,*,#682,.T.);
#682 = EDGE_CURVE('',#620,#618,#683,.T.);
#683 = B_SPLINE_CURVE_WITH_KNOTS('',3,(#684,#685,#686,#687,#688,#689,
    #690,#691,#692,#693,#694,#695,#696,#697,#698,#699,#700,#701,#702,
    #703,#704,#705,#706,#707,#708,#709,#710,#711,#712,#713,#714,#715,
    #716,#717,#718,#719,#720,#721,#722,#723,#724,#725,#726,#727,#728,
    #729,#730,#731,#732,#733,#734,#735,#736,#737,#738,#739,#740,#741,
    #742,#743,#744,#745,#746,#747,#748,#749,#750,#751,#752,#753,#754,
    #755,#756,#757,#758,#759,#760,#761),.UNSPECIFIED.,.F.,.F.,(4,3,3,2,3
    ,3,3,2,3,2,3,2,3,2,3,3,3,2,3,3,2,3,2,3,2,3,2,3,3,4),(0.422851531964,
    0.446324003086,0.467152707373,0.488574614603,0.514116119376,
    0.541101989864,0.569834489296,0.601340484037,0.633235441676,
    0.658797068961,0.684358696245,0.698549232748,0.716401843187,
    0.731818393651,0.739526668883,0.747028549839,0.781224105864,
    0.809388678829,0.825978769754,0.844969959877,0.86507796334,
    0.8948675981,0.926292564545,0.931932943138,0.935566317155,
    0.952824843735,0.965300203224,0.977775562712,0.99409953245,1.),
  .UNSPECIFIED.);
#684 = CARTESIAN_POINT('',(10.847903225806,-4.75,4.73264516129));
#685 = CARTESIAN_POINT('',(10.899193548387,-4.75,4.704580645161));
#686 = CARTESIAN_POINT('',(10.942741935484,-4.75,4.67264516129));
#687 = CARTESIAN_POINT('',(10.977580645161,-4.75,4.636838709677));
#688 = CARTESIAN_POINT('',(11.012889971555,-4.75,4.600548568662));
#689 = CARTESIAN_POINT('',(11.039516129032,-4.75,4.56135483871));
#690 = CARTESIAN_POINT('',(11.057903225806,-4.75,4.518774193548));
#691 = CARTESIAN_POINT('',(11.076490443355,-4.75,4.475730110804));
#692 = CARTESIAN_POINT('',(11.084032258065,-4.75,4.427806451613));
#693 = CARTESIAN_POINT('',(11.084032258065,-4.75,4.317483870968));
#694 = CARTESIAN_POINT('',(11.072419354839,-4.75,4.259419354839));
#695 = CARTESIAN_POINT('',(11.048225806452,-4.75,4.203290322581));
#696 = CARTESIAN_POINT('',(11.023680484235,-4.75,4.146345175038));
#697 = CARTESIAN_POINT('',(10.988225806452,-4.75,4.095870967742));
#698 = CARTESIAN_POINT('',(10.941774193548,-4.75,4.052322580645));
#699 = CARTESIAN_POINT('',(10.894324659647,-4.75,4.007838642613));
#700 = CARTESIAN_POINT('',(10.839193548387,-4.75,3.973935483871));
#701 = CARTESIAN_POINT('',(10.77435483871,-4.75,3.948774193548));
#702 = CARTESIAN_POINT('',(10.710357212004,-4.75,3.923939293633));
#703 = CARTESIAN_POINT('',(10.638870967742,-4.75,3.912));
#704 = CARTESIAN_POINT('',(10.481129032258,-4.75,3.912));
#705 = CARTESIAN_POINT('',(10.410483870968,-4.75,3.925548387097));
#706 = CARTESIAN_POINT('',(10.347580645161,-4.75,3.954580645161));
#707 = CARTESIAN_POINT('',(10.28504563336,-4.75,3.983442958301));
#708 = CARTESIAN_POINT('',(10.233387096774,-4.75,4.018451612903));
#709 = CARTESIAN_POINT('',(10.152096774194,-4.75,4.103612903226));
#710 = CARTESIAN_POINT('',(10.121129032258,-4.75,4.148129032258));
#711 = CARTESIAN_POINT('',(10.099838709677,-4.75,4.194580645161));
#712 = CARTESIAN_POINT('',(10.079082936086,-4.75,4.239865969362));
#713 = CARTESIAN_POINT('',(10.068870967742,-4.75,4.277806451613));
#714 = CARTESIAN_POINT('',(10.068870967742,-4.75,4.345548387097));
#715 = CARTESIAN_POINT('',(10.081451612903,-4.75,4.376516129032));
#716 = CARTESIAN_POINT('',(10.10564516129,-4.75,4.400709677419));
#717 = CARTESIAN_POINT('',(10.129838709677,-4.75,4.424903225806));
#718 = CARTESIAN_POINT('',(10.161774193548,-4.75,4.435548387097));
#719 = CARTESIAN_POINT('',(10.216935483871,-4.75,4.435548387097));
#720 = CARTESIAN_POINT('',(10.235322580645,-4.75,4.430709677419));
#721 = CARTESIAN_POINT('',(10.252741935484,-4.75,4.419096774194));
#722 = CARTESIAN_POINT('',(10.269044665012,-4.75,4.408228287841));
#723 = CARTESIAN_POINT('',(10.280806451613,-4.75,4.394903225806));
#724 = CARTESIAN_POINT('',(10.28564516129,-4.75,4.380387096774));
#725 = CARTESIAN_POINT('',(10.317,-4.75,4.286322580645));
#726 = CARTESIAN_POINT('',(10.357258064516,-4.75,4.219741935484));
#727 = CARTESIAN_POINT('',(10.396935483871,-4.75,4.174258064516));
#728 = CARTESIAN_POINT('',(10.435715316361,-4.75,4.129803134588));
#729 = CARTESIAN_POINT('',(10.491774193548,-4.75,4.107483870968));
#730 = CARTESIAN_POINT('',(10.604032258065,-4.75,4.107483870968));
#731 = CARTESIAN_POINT('',(10.643709677419,-4.75,4.118129032258));
#732 = CARTESIAN_POINT('',(10.681451612903,-4.75,4.138451612903));
#733 = CARTESIAN_POINT('',(10.718789582717,-4.75,4.158556673572));
#734 = CARTESIAN_POINT('',(10.751129032258,-4.75,4.187806451613));
#735 = CARTESIAN_POINT('',(10.775322580645,-4.75,4.227483870968));
#736 = CARTESIAN_POINT('',(10.799778418152,-4.75,4.267591444479));
#737 = CARTESIAN_POINT('',(10.813064516129,-4.75,4.313612903226));
#738 = CARTESIAN_POINT('',(10.813064516129,-4.75,4.443290322581));
#739 = CARTESIAN_POINT('',(10.791774193548,-4.75,4.504258064516));
#740 = CARTESIAN_POINT('',(10.749193548387,-4.75,4.548774193548));
#741 = CARTESIAN_POINT('',(10.707558672738,-4.75,4.592301563545));
#742 = CARTESIAN_POINT('',(10.648548387097,-4.75,4.614580645161));
#743 = CARTESIAN_POINT('',(10.559516129032,-4.75,4.614580645161));
#744 = CARTESIAN_POINT('',(10.539193548387,-4.75,4.613612903226));
#745 = CARTESIAN_POINT('',(10.511129032258,-4.75,4.610709677419));
#746 = CARTESIAN_POINT('',(10.484022011385,-4.75,4.607905502846));
#747 = CARTESIAN_POINT('',(10.46564516129,-4.75,4.606838709677));
#748 = CARTESIAN_POINT('',(10.421129032258,-4.75,4.606838709677));
#749 = CARTESIAN_POINT('',(10.393064516129,-4.75,4.615548387097));
#750 = CARTESIAN_POINT('',(10.373709677419,-4.75,4.633935483871));
#751 = CARTESIAN_POINT('',(10.35384617015,-4.75,4.652805815777));
#752 = CARTESIAN_POINT('',(10.343709677419,-4.75,4.677483870968));
#753 = CARTESIAN_POINT('',(10.343709677419,-4.75,4.74135483871));
#754 = CARTESIAN_POINT('',(10.355322580645,-4.75,4.766516129032));
#755 = CARTESIAN_POINT('',(10.379516129032,-4.75,4.786838709677));
#756 = CARTESIAN_POINT('',(10.403233069055,-4.75,4.806760939297));
#757 = CARTESIAN_POINT('',(10.438548387097,-4.75,4.815870967742));
#758 = CARTESIAN_POINT('',(10.485967741935,-4.75,4.815870967742));
#759 = CARTESIAN_POINT('',(10.499516129032,-4.75,4.815870967742));
#760 = CARTESIAN_POINT('',(10.513064516129,-4.75,4.815870967742));
#761 = CARTESIAN_POINT('',(10.526612903226,-4.75,4.815870967742));
#762 = FACE_BOUND('',#763,.T.);
#763 = EDGE_LOOP('',(#764,#775));
#764 = ORIENTED_EDGE('',*,*,#765,.T.);
#765 = EDGE_CURVE('',#766,#768,#770,.T.);
#766 = VERTEX_POINT('',#767);
#767 = CARTESIAN_POINT('',(12.956612903226,-4.75,4.07264516129));
#768 = VERTEX_POINT('',#769);
#769 = CARTESIAN_POINT('',(12.956612903226,-4.75,4.977483870968));
#770 = B_SPLINE_CURVE_WITH_KNOTS('',3,(#771,#772,#773,#774),
  .UNSPECIFIED.,.F.,.F.,(4,4),(0.,0.218253792432),
  .PIECEWISE_BEZIER_KNOTS.);
#771 = CARTESIAN_POINT('',(12.956612903226,-4.75,4.07264516129));
#772 = CARTESIAN_POINT('',(12.956612903226,-4.75,4.374258064516));
#773 = CARTESIAN_POINT('',(12.956612903226,-4.75,4.675870967742));
#774 = CARTESIAN_POINT('',(12.956612903226,-4.75,4.977483870968));
#775 = ORIENTED_EDGE('',*,*,#776,.T.);
#776 = EDGE_CURVE('',#768,#766,#777,.T.);
#777 = B_SPLINE_CURVE_WITH_KNOTS('',3,(#778,#779,#780,#781,#782,#783,
    #784,#785,#786,#787,#788,#789,#790,#791,#792,#793,#794,#795,#796,
    #797,#798,#799,#800,#801,#802,#803,#804,#805,#806,#807,#808,#809,
    #810,#811,#812,#813,#814,#815,#816,#817,#818,#819),.UNSPECIFIED.,.F.
  ,.F.,(4,3,3,2,3,3,3,2,3,2,3,3,3,2,3,4),(0.218253792432,0.313454063724,
    0.33343381608,0.352313265891,0.374339290669,0.405198296086,
    0.459779088289,0.497040143552,0.534301198814,0.552934811326,
    0.573897625403,0.602563469712,0.876856363579,0.940355264582,
    0.969032187616,1.),.UNSPECIFIED.);
#778 = CARTESIAN_POINT('',(12.956612903226,-4.75,4.977483870968));
#779 = CARTESIAN_POINT('',(12.788225806452,-4.75,4.848774193548));
#780 = CARTESIAN_POINT('',(12.675,-4.75,4.783935483871));
#781 = CARTESIAN_POINT('',(12.616935483871,-4.75,4.784903225806));
#782 = CARTESIAN_POINT('',(12.589862359022,-4.75,4.785354444554));
#783 = CARTESIAN_POINT('',(12.564677419355,-4.75,4.795548387097));
#784 = CARTESIAN_POINT('',(12.543387096774,-4.75,4.817806451613));
#785 = CARTESIAN_POINT('',(12.5225801675,-4.75,4.8395591504));
#786 = CARTESIAN_POINT('',(12.510483870968,-4.75,4.865225806452));
#787 = CARTESIAN_POINT('',(12.510483870968,-4.75,4.928129032258));
#788 = CARTESIAN_POINT('',(12.521129032258,-4.75,4.952322580645));
#789 = CARTESIAN_POINT('',(12.542419354839,-4.75,4.968774193548));
#790 = CARTESIAN_POINT('',(12.563241455577,-4.75,4.984863998665));
#791 = CARTESIAN_POINT('',(12.601451612903,-4.75,5.004580645161));
#792 = CARTESIAN_POINT('',(12.654677419355,-4.75,5.029741935484));
#793 = CARTESIAN_POINT('',(12.734911619353,-4.75,5.067670830029));
#794 = CARTESIAN_POINT('',(12.798870967742,-4.75,5.107161290323));
#795 = CARTESIAN_POINT('',(12.846290322581,-4.75,5.148774193548));
#796 = CARTESIAN_POINT('',(12.894256394687,-4.75,5.19086686907));
#797 = CARTESIAN_POINT('',(12.937258064516,-4.75,5.236838709677));
#798 = CARTESIAN_POINT('',(13.010806451613,-4.75,5.339419354839));
#799 = CARTESIAN_POINT('',(13.035,-4.75,5.37135483871));
#800 = CARTESIAN_POINT('',(13.046612903226,-4.75,5.382967741935));
#801 = CARTESIAN_POINT('',(13.057741935484,-4.75,5.394096774194));
#802 = CARTESIAN_POINT('',(13.078548387097,-4.75,5.40135483871));
#803 = CARTESIAN_POINT('',(13.14435483871,-4.75,5.40135483871));
#804 = CARTESIAN_POINT('',(13.172419354839,-4.75,5.387806451613));
#805 = CARTESIAN_POINT('',(13.193709677419,-4.75,5.360709677419));
#806 = CARTESIAN_POINT('',(13.215470133306,-4.75,5.333014551745));
#807 = CARTESIAN_POINT('',(13.22564516129,-4.75,5.295870967742));
#808 = CARTESIAN_POINT('',(13.22564516129,-4.75,5.248451612903));
#809 = CARTESIAN_POINT('',(13.22564516129,-4.75,4.869419354839));
#810 = CARTESIAN_POINT('',(13.22564516129,-4.75,4.490387096774));
#811 = CARTESIAN_POINT('',(13.22564516129,-4.75,4.11135483871));
#812 = CARTESIAN_POINT('',(13.22564516129,-4.75,3.977806451613));
#813 = CARTESIAN_POINT('',(13.180161290323,-4.75,3.912));
#814 = CARTESIAN_POINT('',(13.049516129032,-4.75,3.912));
#815 = CARTESIAN_POINT('',(13.017580645161,-4.75,3.925548387097));
#816 = CARTESIAN_POINT('',(12.993387096774,-4.75,3.95264516129));
#817 = CARTESIAN_POINT('',(12.968764280318,-4.75,3.980222715722));
#818 = CARTESIAN_POINT('',(12.956612903226,-4.75,4.019419354839));
#819 = CARTESIAN_POINT('',(12.956612903226,-4.75,4.07264516129));
#820 = FACE_BOUND('',#821,.T.);
#821 = EDGE_LOOP('',(#822,#881));
#822 = ORIENTED_EDGE('',*,*,#823,.T.);
#823 = EDGE_CURVE('',#824,#826,#828,.T.);
#824 = VERTEX_POINT('',#825);
#825 = CARTESIAN_POINT('',(14.30564516129,-4.75,5.172));
#826 = VERTEX_POINT('',#827);
#827 = CARTESIAN_POINT('',(14.038548387097,-4.75,4.170387096774));
#828 = B_SPLINE_CURVE_WITH_KNOTS('',3,(#829,#830,#831,#832,#833,#834,
    #835,#836,#837,#838,#839,#840,#841,#842,#843,#844,#845,#846,#847,
    #848,#849,#850,#851,#852,#853,#854,#855,#856,#857,#858,#859,#860,
    #861,#862,#863,#864,#865,#866,#867,#868,#869,#870,#871,#872,#873,
    #874,#875,#876,#877,#878,#879,#880),.UNSPECIFIED.,.F.,.F.,(4,2,3,3,3
    ,2,2,2,3,2,3,2,3,3,2,2,2,3,3,3,4),(0.496589897612,0.513821226426,
    0.550745502457,0.564042351234,0.581179765474,0.598889870118,
    0.613943459066,0.628342544147,0.645695287706,0.671713451149,
    0.697731614592,0.730796710067,0.770702859778,0.793420151501,
    0.815038886216,0.83665762093,0.870687110758,0.904716600586,
    0.946142151353,0.987913975739,1.),.UNSPECIFIED.);
#829 = CARTESIAN_POINT('',(14.30564516129,-4.75,5.172));
#830 = CARTESIAN_POINT('',(14.271563357798,-4.75,5.18998761851));
#831 = CARTESIAN_POINT('',(14.233064516129,-4.75,5.200064516129));
#832 = CARTESIAN_POINT('',(14.105322580645,-4.75,5.200064516129));
#833 = CARTESIAN_POINT('',(14.037580645161,-4.75,5.16135483871));
#834 = CARTESIAN_POINT('',(13.988225806452,-4.75,5.085870967742));
#835 = CARTESIAN_POINT('',(13.981321243523,-4.75,5.075311047969));
#836 = CARTESIAN_POINT('',(13.970806451613,-4.75,5.048129032258));
#837 = CARTESIAN_POINT('',(13.95435483871,-4.75,5.003612903226));
#838 = CARTESIAN_POINT('',(13.938019515794,-4.75,4.959411441218));
#839 = CARTESIAN_POINT('',(13.921451612903,-4.75,4.925225806452));
#840 = CARTESIAN_POINT('',(13.902096774194,-4.75,4.902));
#841 = CARTESIAN_POINT('',(13.882265996827,-4.75,4.87820306716));
#842 = CARTESIAN_POINT('',(13.854677419355,-4.75,4.866193548387));
#843 = CARTESIAN_POINT('',(13.783064516129,-4.75,4.866193548387));
#844 = CARTESIAN_POINT('',(13.755967741935,-4.75,4.876838709677));
#845 = CARTESIAN_POINT('',(13.712419354839,-4.75,4.920387096774));
#846 = CARTESIAN_POINT('',(13.701774193548,-4.75,4.950387096774));
#847 = CARTESIAN_POINT('',(13.701774193548,-4.75,5.033612903226));
#848 = CARTESIAN_POINT('',(13.711451612903,-4.75,5.081032258065));
#849 = CARTESIAN_POINT('',(13.731774193548,-4.75,5.13135483871));
#850 = CARTESIAN_POINT('',(13.751896456229,-4.75,5.181181393918));
#851 = CARTESIAN_POINT('',(13.783064516129,-4.75,5.225225806452));
#852 = CARTESIAN_POINT('',(13.86435483871,-4.75,5.306516129032));
#853 = CARTESIAN_POINT('',(13.91564516129,-4.75,5.339419354839));
#854 = CARTESIAN_POINT('',(13.978548387097,-4.75,5.363612903226));
#855 = CARTESIAN_POINT('',(14.041775856335,-4.75,5.387931160625));
#856 = CARTESIAN_POINT('',(14.114032258065,-4.75,5.40135483871));
#857 = CARTESIAN_POINT('',(14.299838709677,-4.75,5.40135483871));
#858 = CARTESIAN_POINT('',(14.385967741935,-4.75,5.384903225806));
#859 = CARTESIAN_POINT('',(14.456612903226,-4.75,5.353935483871));
#860 = CARTESIAN_POINT('',(14.503405731608,-4.75,5.333423559101));
#861 = CARTESIAN_POINT('',(14.543709677419,-4.75,5.30264516129));
#862 = CARTESIAN_POINT('',(14.579516129032,-4.75,5.265870967742));
#863 = CARTESIAN_POINT('',(14.61485161061,-4.75,5.229580473149));
#864 = CARTESIAN_POINT('',(14.641451612903,-4.75,5.185548387097));
#865 = CARTESIAN_POINT('',(14.680161290323,-4.75,5.088774193548));
#866 = CARTESIAN_POINT('',(14.689838709677,-4.75,5.038451612903));
#867 = CARTESIAN_POINT('',(14.689838709677,-4.75,4.903935483871));
#868 = CARTESIAN_POINT('',(14.669516129032,-4.75,4.828451612903));
#869 = CARTESIAN_POINT('',(14.588225806452,-4.75,4.694903225806));
#870 = CARTESIAN_POINT('',(14.546612903226,-4.75,4.641677419355));
#871 = CARTESIAN_POINT('',(14.504032258065,-4.75,4.603935483871));
#872 = CARTESIAN_POINT('',(14.461513199026,-4.75,4.566248136087));
#873 = CARTESIAN_POINT('',(14.391774193548,-4.75,4.506193548387));
#874 = CARTESIAN_POINT('',(14.292096774194,-4.75,4.424903225806));
#875 = CARTESIAN_POINT('',(14.191945372205,-4.75,4.343226354282));
#876 = CARTESIAN_POINT('',(14.123709677419,-4.75,4.279741935484));
#877 = CARTESIAN_POINT('',(14.086935483871,-4.75,4.235225806452));
#878 = CARTESIAN_POINT('',(14.071626676332,-4.75,4.216694092062));
#879 = CARTESIAN_POINT('',(14.055,-4.75,4.195548387097));
#880 = CARTESIAN_POINT('',(14.038548387097,-4.75,4.170387096774));
#881 = ORIENTED_EDGE('',*,*,#882,.T.);
#882 = EDGE_CURVE('',#826,#824,#883,.T.);
#883 = B_SPLINE_CURVE_WITH_KNOTS('',3,(#884,#885,#886,#887,#888,#889,
    #890,#891,#892,#893,#894,#895,#896,#897,#898,#899,#900,#901,#902,
    #903,#904,#905,#906,#907,#908,#909,#910,#911,#912,#913,#914,#915,
    #916,#917,#918,#919,#920,#921,#922,#923,#924,#925,#926,#927,#928,
    #929,#930,#931),.UNSPECIFIED.,.F.,.F.,(4,3,2,2,3,3,3,3,2,3,3,3,3,3,3
    ,2,3,4),(0.,7.730270241163E-02,9.346512948646E-02,0.109627556561,
    0.124042694223,0.139862079599,0.248968681237,0.267819324457,
    0.286926495144,0.298684754029,0.315079390895,0.365050338057,
    0.394689807253,0.421391012557,0.443087723931,0.460820083081,
    0.47941743536,0.496589897612),.UNSPECIFIED.);
#884 = CARTESIAN_POINT('',(14.038548387097,-4.75,4.170387096774));
#885 = CARTESIAN_POINT('',(14.211129032258,-4.75,4.170387096774));
#886 = CARTESIAN_POINT('',(14.383709677419,-4.75,4.170387096774));
#887 = CARTESIAN_POINT('',(14.556290322581,-4.75,4.170387096774));
#888 = CARTESIAN_POINT('',(14.607580645161,-4.75,4.170387096774));
#889 = CARTESIAN_POINT('',(14.647258064516,-4.75,4.159741935484));
#890 = CARTESIAN_POINT('',(14.701451612903,-4.75,4.117161290323));
#891 = CARTESIAN_POINT('',(14.715,-4.75,4.089096774194));
#892 = CARTESIAN_POINT('',(14.715,-4.75,4.02135483871));
#893 = CARTESIAN_POINT('',(14.70435483871,-4.75,3.993290322581));
#894 = CARTESIAN_POINT('',(14.683064516129,-4.75,3.971032258065));
#895 = CARTESIAN_POINT('',(14.661311817342,-4.75,3.948290800242));
#896 = CARTESIAN_POINT('',(14.628870967742,-4.75,3.938129032258));
#897 = CARTESIAN_POINT('',(14.585322580645,-4.75,3.938129032258));
#898 = CARTESIAN_POINT('',(14.341774193548,-4.75,3.938129032258));
#899 = CARTESIAN_POINT('',(14.098225806452,-4.75,3.938129032258));
#900 = CARTESIAN_POINT('',(13.854677419355,-4.75,3.938129032258));
#901 = CARTESIAN_POINT('',(13.805322580645,-4.75,3.938129032258));
#902 = CARTESIAN_POINT('',(13.766612903226,-4.75,3.951677419355));
#903 = CARTESIAN_POINT('',(13.738548387097,-4.75,3.978774193548));
#904 = CARTESIAN_POINT('',(13.71098471464,-4.75,4.005387394541));
#905 = CARTESIAN_POINT('',(13.696935483871,-4.75,4.037806451613));
#906 = CARTESIAN_POINT('',(13.696935483871,-4.75,4.098774193548));
#907 = CARTESIAN_POINT('',(13.706612903226,-4.75,4.129741935484));
#908 = CARTESIAN_POINT('',(13.724032258065,-4.75,4.169419354839));
#909 = CARTESIAN_POINT('',(13.74125178988,-4.75,4.208641621752));
#910 = CARTESIAN_POINT('',(13.761774193548,-4.75,4.239096774194));
#911 = CARTESIAN_POINT('',(13.783064516129,-4.75,4.26135483871));
#912 = CARTESIAN_POINT('',(13.871063114989,-4.75,4.353353373881));
#913 = CARTESIAN_POINT('',(13.950483870968,-4.75,4.431677419355));
#914 = CARTESIAN_POINT('',(14.021129032258,-4.75,4.496516129032));
#915 = CARTESIAN_POINT('',(14.09225629029,-4.75,4.561797311061));
#916 = CARTESIAN_POINT('',(14.142096774194,-4.75,4.604903225806));
#917 = CARTESIAN_POINT('',(14.172096774194,-4.75,4.625225806452));
#918 = CARTESIAN_POINT('',(14.227218029543,-4.75,4.662566011688));
#919 = CARTESIAN_POINT('',(14.271774193548,-4.75,4.70264516129));
#920 = CARTESIAN_POINT('',(14.307580645161,-4.75,4.74135483871));
#921 = CARTESIAN_POINT('',(14.343833320658,-4.75,4.780546920327));
#922 = CARTESIAN_POINT('',(14.371451612903,-4.75,4.819741935484));
#923 = CARTESIAN_POINT('',(14.389838709677,-4.75,4.860387096774));
#924 = CARTESIAN_POINT('',(14.408390208729,-4.75,4.901395673624));
#925 = CARTESIAN_POINT('',(14.418870967742,-4.75,4.940709677419));
#926 = CARTESIAN_POINT('',(14.418870967742,-4.75,5.022));
#927 = CARTESIAN_POINT('',(14.408225806452,-4.75,5.060709677419));
#928 = CARTESIAN_POINT('',(14.387903225806,-4.75,5.093612903226));
#929 = CARTESIAN_POINT('',(14.36741521401,-4.75,5.126783969944));
#930 = CARTESIAN_POINT('',(14.340483870968,-4.75,5.153612903226));
#931 = CARTESIAN_POINT('',(14.30564516129,-4.75,5.172));
#932 = FACE_BOUND('',#933,.T.);
#933 = EDGE_LOOP('',(#934,#993));
#934 = ORIENTED_EDGE('',*,*,#935,.T.);
#935 = EDGE_CURVE('',#936,#938,#940,.T.);
#936 = VERTEX_POINT('',#937);
#937 = CARTESIAN_POINT('',(2.153562057878,-4.75,2.652432797428));
#938 = VERTEX_POINT('',#939);
#939 = CARTESIAN_POINT('',(1.895488745981,-4.75,1.684657877814));
#940 = B_SPLINE_CURVE_WITH_KNOTS('',3,(#941,#942,#943,#944,#945,#946,
    #947,#948,#949,#950,#951,#952,#953,#954,#955,#956,#957,#958,#959,
    #960,#961,#962,#963,#964,#965,#966,#967,#968,#969,#970,#971,#972,
    #973,#974,#975,#976,#977,#978,#979,#980,#981,#982,#983,#984,#985,
    #986,#987,#988,#989,#990,#991,#992),.UNSPECIFIED.,.F.,.F.,(4,2,3,3,3
    ,2,2,2,3,2,3,2,3,3,2,2,2,3,3,3,4),(0.496503827563,0.513738102487,
    0.550668691609,0.563967813802,0.581108158094,0.598821290707,
    0.613877453428,0.628279000378,0.645634710805,0.671657322678,
    0.697679934551,0.730750683298,0.770663655924,0.793384831714,
    0.81500726267,0.836629693627,0.870665001613,0.9047003096,
    0.94613294306,0.987911909343,1.),.UNSPECIFIED.);
#941 = CARTESIAN_POINT('',(2.153562057878,-4.75,2.652432797428));
#942 = CARTESIAN_POINT('',(2.120631656793,-4.75,2.669812731334));
#943 = CARTESIAN_POINT('',(2.083433440514,-4.75,2.679549196141));
#944 = CARTESIAN_POINT('',(1.960007073955,-4.75,2.679549196141));
#945 = CARTESIAN_POINT('',(1.894553697749,-4.75,2.642147266881));
#946 = CARTESIAN_POINT('',(1.846866237942,-4.75,2.569213504823));
#947 = CARTESIAN_POINT('',(1.840194935275,-4.75,2.559010336038));
#948 = CARTESIAN_POINT('',(1.830035369775,-4.75,2.532746623794));
#949 = CARTESIAN_POINT('',(1.814139549839,-4.75,2.489734405145));
#950 = CARTESIAN_POINT('',(1.798356091209,-4.75,2.447026222968));
#951 = CARTESIAN_POINT('',(1.782347909968,-4.75,2.413995498392));
#952 = CARTESIAN_POINT('',(1.763646945338,-4.75,2.391554340836));
#953 = CARTESIAN_POINT('',(1.744486120921,-4.75,2.368561351537));
#954 = CARTESIAN_POINT('',(1.717829581994,-4.75,2.35695755627));
#955 = CARTESIAN_POINT('',(1.648636012862,-4.75,2.35695755627));
#956 = CARTESIAN_POINT('',(1.622454662379,-4.75,2.367243086817));
#957 = CARTESIAN_POINT('',(1.580377491961,-4.75,2.409320257235));
#958 = CARTESIAN_POINT('',(1.570091961415,-4.75,2.438306752412));
#959 = CARTESIAN_POINT('',(1.570091961415,-4.75,2.518720900322));
#960 = CARTESIAN_POINT('',(1.57944244373,-4.75,2.564538263666));
#961 = CARTESIAN_POINT('',(1.599078456592,-4.75,2.613160771704));
#962 = CARTESIAN_POINT('',(1.618520918929,-4.75,2.661304011778));
#963 = CARTESIAN_POINT('',(1.648636012862,-4.75,2.703860450161));
#964 = CARTESIAN_POINT('',(1.727180064309,-4.75,2.782404501608));
#965 = CARTESIAN_POINT('',(1.776737620579,-4.75,2.814196141479));
#966 = CARTESIAN_POINT('',(1.837515755627,-4.75,2.837572347267));
#967 = CARTESIAN_POINT('',(1.898607180031,-4.75,2.861069048961));
#968 = CARTESIAN_POINT('',(1.968422508039,-4.75,2.874039228296));
#969 = CARTESIAN_POINT('',(2.147951768489,-4.75,2.874039228296));
#970 = CARTESIAN_POINT('',(2.231171061093,-4.75,2.85814340836));
#971 = CARTESIAN_POINT('',(2.299429581994,-4.75,2.828221864952));
#972 = CARTESIAN_POINT('',(2.344641585134,-4.75,2.808402904671));
#973 = CARTESIAN_POINT('',(2.38358392283,-4.75,2.778664308682));
#974 = CARTESIAN_POINT('',(2.418180707395,-4.75,2.743132475884));
#975 = CARTESIAN_POINT('',(2.452322432939,-4.75,2.708068001001));
#976 = CARTESIAN_POINT('',(2.478023794212,-4.75,2.665523472669));
#977 = CARTESIAN_POINT('',(2.515425723473,-4.75,2.572018649518));
#978 = CARTESIAN_POINT('',(2.524776205788,-4.75,2.523396141479));
#979 = CARTESIAN_POINT('',(2.524776205788,-4.75,2.393424437299));
#980 = CARTESIAN_POINT('',(2.505140192926,-4.75,2.320490675241));
#981 = CARTESIAN_POINT('',(2.426596141479,-4.75,2.191454019293));
#982 = CARTESIAN_POINT('',(2.386389067524,-4.75,2.140026366559));
#983 = CARTESIAN_POINT('',(2.345246945338,-4.75,2.103559485531));
#984 = CARTESIAN_POINT('',(2.304164328679,-4.75,2.067145348038));
#985 = CARTESIAN_POINT('',(2.236781350482,-4.75,2.009119614148));
#986 = CARTESIAN_POINT('',(2.140471382637,-4.75,1.930575562701));
#987 = CARTESIAN_POINT('',(2.043703444947,-4.75,1.851658021284));
#988 = CARTESIAN_POINT('',(1.977772990354,-4.75,1.790318327974));
#989 = CARTESIAN_POINT('',(1.942241157556,-4.75,1.747306109325));
#990 = CARTESIAN_POINT('',(1.927449535027,-4.75,1.729400460999));
#991 = CARTESIAN_POINT('',(1.911384565916,-4.75,1.708969131833));
#992 = CARTESIAN_POINT('',(1.895488745981,-4.75,1.684657877814));
#993 = ORIENTED_EDGE('',*,*,#994,.T.);
#994 = EDGE_CURVE('',#938,#936,#995,.T.);
#995 = B_SPLINE_CURVE_WITH_KNOTS('',3,(#996,#997,#998,#999,#1000,#1001,
    #1002,#1003,#1004,#1005,#1006,#1007,#1008,#1009,#1010,#1011,#1012,
    #1013,#1014,#1015,#1016,#1017,#1018,#1019,#1020,#1021,#1022,#1023,
    #1024,#1025,#1026,#1027,#1028,#1029,#1030,#1031,#1032,#1033,#1034,
    #1035,#1036,#1037,#1038,#1039,#1040,#1041,#1042,#1043),
  .UNSPECIFIED.,.F.,.F.,(4,3,2,2,3,3,3,3,2,3,3,3,3,3,3,2,3,4),(0.,
    7.731591916544E-02,9.34811095954E-02,0.109646300025,0.124063902301,
    0.139885994321,0.249011263733,0.267744037235,0.286823180616,
    0.298564191927,0.31496163185,0.364941122746,0.394585659521,
    0.421292085452,0.4429925064,0.460727897323,0.479328429266,
    0.496503827563),.UNSPECIFIED.);
#996 = CARTESIAN_POINT('',(1.895488745981,-4.75,1.684657877814));
#997 = CARTESIAN_POINT('',(2.062239013934,-4.75,1.684657877814));
#998 = CARTESIAN_POINT('',(2.228989281886,-4.75,1.684657877814));
#999 = CARTESIAN_POINT('',(2.395739549839,-4.75,1.684657877814));
#1000 = CARTESIAN_POINT('',(2.445297106109,-4.75,1.684657877814));
#1001 = CARTESIAN_POINT('',(2.483634083601,-4.75,1.674372347267));
#1002 = CARTESIAN_POINT('',(2.535996784566,-4.75,1.63323022508));
#1003 = CARTESIAN_POINT('',(2.549087459807,-4.75,1.606113826367));
#1004 = CARTESIAN_POINT('',(2.549087459807,-4.75,1.540660450161));
#1005 = CARTESIAN_POINT('',(2.53880192926,-4.75,1.513544051447));
#1006 = CARTESIAN_POINT('',(2.518230868167,-4.75,1.492037942122));
#1007 = CARTESIAN_POINT('',(2.497213051552,-4.75,1.470064770206));
#1008 = CARTESIAN_POINT('',(2.465868167203,-4.75,1.460246302251));
#1009 = CARTESIAN_POINT('',(2.423790996785,-4.75,1.460246302251));
#1010 = CARTESIAN_POINT('',(2.188470525188,-4.75,1.460246302251));
#1011 = CARTESIAN_POINT('',(1.953150053591,-4.75,1.460246302251));
#1012 = CARTESIAN_POINT('',(1.717829581994,-4.75,1.460246302251));
#1013 = CARTESIAN_POINT('',(1.670142122186,-4.75,1.460246302251));
#1014 = CARTESIAN_POINT('',(1.632740192926,-4.75,1.473336977492));
#1015 = CARTESIAN_POINT('',(1.606558842444,-4.75,1.499518327974));
#1016 = CARTESIAN_POINT('',(1.579909967846,-4.75,1.526167202572));
#1017 = CARTESIAN_POINT('',(1.566351768489,-4.75,1.556556270096));
#1018 = CARTESIAN_POINT('',(1.566351768489,-4.75,1.615464308682));
#1019 = CARTESIAN_POINT('',(1.574767202572,-4.75,1.64538585209));
#1020 = CARTESIAN_POINT('',(1.59159807074,-4.75,1.683722829582));
#1021 = CARTESIAN_POINT('',(1.608235866604,-4.75,1.721620031272));
#1022 = CARTESIAN_POINT('',(1.628064951768,-4.75,1.751046302251));
#1023 = CARTESIAN_POINT('',(1.648636012862,-4.75,1.772552411576));
#1024 = CARTESIAN_POINT('',(1.733661711576,-4.75,1.861442914777));
#1025 = CARTESIAN_POINT('',(1.810399356913,-4.75,1.937120900322));
#1026 = CARTESIAN_POINT('',(1.878657877814,-4.75,1.999769131833));
#1027 = CARTESIAN_POINT('',(1.947382208543,-4.75,2.062844887434));
#1028 = CARTESIAN_POINT('',(1.995538906752,-4.75,2.104494533762));
#1029 = CARTESIAN_POINT('',(2.024525401929,-4.75,2.124130546624));
#1030 = CARTESIAN_POINT('',(2.078425396884,-4.75,2.160643446432));
#1031 = CARTESIAN_POINT('',(2.120835369775,-4.75,2.198934405145));
#1032 = CARTESIAN_POINT('',(2.155432154341,-4.75,2.236336334405));
#1033 = CARTESIAN_POINT('',(2.190460087788,-4.75,2.274204370564));
#1034 = CARTESIAN_POINT('',(2.217145337621,-4.75,2.312075241158));
#1035 = CARTESIAN_POINT('',(2.234911254019,-4.75,2.351347266881));
#1036 = CARTESIAN_POINT('',(2.252836018612,-4.75,2.390970430717));
#1037 = CARTESIAN_POINT('',(2.262962700965,-4.75,2.428956270096));
#1038 = CARTESIAN_POINT('',(2.262962700965,-4.75,2.507500321543));
#1039 = CARTESIAN_POINT('',(2.252677170418,-4.75,2.544902250804));
#1040 = CARTESIAN_POINT('',(2.233041157556,-4.75,2.576693890675));
#1041 = CARTESIAN_POINT('',(2.213245302386,-4.75,2.608744322856));
#1042 = CARTESIAN_POINT('',(2.187223794212,-4.75,2.634666881029));
#1043 = CARTESIAN_POINT('',(2.153562057878,-4.75,2.652432797428));
#1044 = FACE_BOUND('',#1045,.T.);
#1045 = EDGE_LOOP('',(#1046,#1070,#1090,#1099));
#1046 = ORIENTED_EDGE('',*,*,#1047,.T.);
#1047 = EDGE_CURVE('',#1048,#1050,#1052,.T.);
#1048 = VERTEX_POINT('',#1049);
#1049 = CARTESIAN_POINT('',(3.549589067524,-4.75,1.975457877814));
#1050 = VERTEX_POINT('',#1051);
#1051 = CARTESIAN_POINT('',(3.549589067524,-4.75,1.760396784566));
#1052 = B_SPLINE_CURVE_WITH_KNOTS('',3,(#1053,#1054,#1055,#1056,#1057,
    #1058,#1059,#1060,#1061,#1062,#1063,#1064,#1065,#1066,#1067,#1068,
    #1069),.UNSPECIFIED.,.F.,.F.,(4,3,3,2,2,3,4),(0.736024355307,
    0.745552146286,0.773445643253,0.800521389527,0.823084511422,
    0.845647633317,0.859077701994),.UNSPECIFIED.);
#1053 = CARTESIAN_POINT('',(3.549589067524,-4.75,1.975457877814));
#1054 = CARTESIAN_POINT('',(3.563303108253,-4.75,1.975457877814));
#1055 = CARTESIAN_POINT('',(3.577017148982,-4.75,1.975457877814));
#1056 = CARTESIAN_POINT('',(3.590731189711,-4.75,1.975457877814));
#1057 = CARTESIAN_POINT('',(3.639353697749,-4.75,1.975457877814));
#1058 = CARTESIAN_POINT('',(3.679560771704,-4.75,1.967977491961));
#1059 = CARTESIAN_POINT('',(3.708547266881,-4.75,1.95488681672));
#1060 = CARTESIAN_POINT('',(3.738661153832,-4.75,1.941286996807));
#1061 = CARTESIAN_POINT('',(3.753429581994,-4.75,1.911874598071));
#1062 = CARTESIAN_POINT('',(3.753429581994,-4.75,1.829590353698));
#1063 = CARTESIAN_POINT('',(3.741273954984,-4.75,1.802473954984));
#1064 = CARTESIAN_POINT('',(3.692651446945,-4.75,1.76881221865));
#1065 = CARTESIAN_POINT('',(3.656184565916,-4.75,1.760396784566));
#1066 = CARTESIAN_POINT('',(3.607562057878,-4.75,1.760396784566));
#1067 = CARTESIAN_POINT('',(3.58823772776,-4.75,1.760396784566));
#1068 = CARTESIAN_POINT('',(3.568913397642,-4.75,1.760396784566));
#1069 = CARTESIAN_POINT('',(3.549589067524,-4.75,1.760396784566));
#1070 = ORIENTED_EDGE('',*,*,#1071,.T.);
#1071 = EDGE_CURVE('',#1050,#1072,#1074,.T.);
#1072 = VERTEX_POINT('',#1073);
#1073 = CARTESIAN_POINT('',(3.309281672026,-4.75,1.580867524116));
#1074 = B_SPLINE_CURVE_WITH_KNOTS('',3,(#1075,#1076,#1077,#1078,#1079,
    #1080,#1081,#1082,#1083,#1084,#1085,#1086,#1087,#1088,#1089),
  .UNSPECIFIED.,.F.,.F.,(4,3,3,2,3,4),(0.859077701994,0.900653517176,
    0.927893347804,0.950688196547,0.972898561989,1.),.UNSPECIFIED.);
#1075 = CARTESIAN_POINT('',(3.549589067524,-4.75,1.760396784566));
#1076 = CARTESIAN_POINT('',(3.549589067524,-4.75,1.700553697749));
#1077 = CARTESIAN_POINT('',(3.549589067524,-4.75,1.640710610932));
#1078 = CARTESIAN_POINT('',(3.549589067524,-4.75,1.580867524116));
#1079 = CARTESIAN_POINT('',(3.549589067524,-4.75,1.531309967846));
#1080 = CARTESIAN_POINT('',(3.538368488746,-4.75,1.494843086817));
#1081 = CARTESIAN_POINT('',(3.516862379421,-4.75,1.470531832797));
#1082 = CARTESIAN_POINT('',(3.495409812277,-4.75,1.446281104722));
#1083 = CARTESIAN_POINT('',(3.465434726688,-4.75,1.435));
#1084 = CARTESIAN_POINT('',(3.393436012862,-4.75,1.435));
#1085 = CARTESIAN_POINT('',(3.364449517685,-4.75,1.44715562701));
#1086 = CARTESIAN_POINT('',(3.34294340836,-4.75,1.471466881029));
#1087 = CARTESIAN_POINT('',(3.320562776747,-4.75,1.496766725461));
#1088 = CARTESIAN_POINT('',(3.309281672026,-4.75,1.533180064309));
#1089 = CARTESIAN_POINT('',(3.309281672026,-4.75,1.580867524116));
#1090 = ORIENTED_EDGE('',*,*,#1091,.T.);
#1091 = EDGE_CURVE('',#1072,#1092,#1094,.T.);
#1092 = VERTEX_POINT('',#1093);
#1093 = CARTESIAN_POINT('',(3.309281672026,-4.75,1.760396784566));
#1094 = B_SPLINE_CURVE_WITH_KNOTS('',3,(#1095,#1096,#1097,#1098),
  .UNSPECIFIED.,.F.,.F.,(4,4),(0.,4.157581518224E-02),
  .PIECEWISE_BEZIER_KNOTS.);
#1095 = CARTESIAN_POINT('',(3.309281672026,-4.75,1.580867524116));
#1096 = CARTESIAN_POINT('',(3.309281672026,-4.75,1.640710610932));
#1097 = CARTESIAN_POINT('',(3.309281672026,-4.75,1.700553697749));
#1098 = CARTESIAN_POINT('',(3.309281672026,-4.75,1.760396784566));
#1099 = ORIENTED_EDGE('',*,*,#1100,.T.);
#1100 = EDGE_CURVE('',#1092,#1048,#1101,.T.);
#1101 = B_SPLINE_CURVE_WITH_KNOTS('',3,(#1102,#1103,#1104,#1105,#1106,
    #1107,#1108,#1109,#1110,#1111,#1112,#1113,#1114,#1115,#1116,#1117,
    #1118,#1119,#1120,#1121,#1122,#1123,#1124,#1125,#1126,#1127,#1128,
    #1129,#1130,#1131,#1132,#1133,#1134,#1135,#1136,#1137),
  .UNSPECIFIED.,.F.,.F.,(4,3,3,2,3,3,3,3,3,3,3,3,4),(4.157581518224E-02,
    0.152877737076,0.186644760962,0.216586225107,0.224218363027,
    0.234529695438,0.245761439629,0.25936102025,0.455850493267,
    0.485388418841,0.505166132924,0.564085166441,0.736024355307),
  .UNSPECIFIED.);
#1102 = CARTESIAN_POINT('',(3.309281672026,-4.75,1.760396784566));
#1103 = CARTESIAN_POINT('',(3.149076741693,-4.75,1.760396784566));
#1104 = CARTESIAN_POINT('',(2.988871811361,-4.75,1.760396784566));
#1105 = CARTESIAN_POINT('',(2.828666881029,-4.75,1.760396784566));
#1106 = CARTESIAN_POINT('',(2.767888745981,-4.75,1.760396784566));
#1107 = CARTESIAN_POINT('',(2.722071382637,-4.75,1.774422508039));
#1108 = CARTESIAN_POINT('',(2.692149839228,-4.75,1.801538906752));
#1109 = CARTESIAN_POINT('',(2.661714896684,-4.75,1.829120573433));
#1110 = CARTESIAN_POINT('',(2.646332475884,-4.75,1.866057234727));
#1111 = CARTESIAN_POINT('',(2.646332475884,-4.75,1.925900321543));
#1112 = CARTESIAN_POINT('',(2.649137620579,-4.75,1.938055948553));
#1113 = CARTESIAN_POINT('',(2.652877813505,-4.75,1.950211575563));
#1114 = CARTESIAN_POINT('',(2.656961699835,-4.75,1.963484206135));
#1115 = CARTESIAN_POINT('',(2.664098392283,-4.75,1.976392926045));
#1116 = CARTESIAN_POINT('',(2.673448874598,-4.75,1.989483601286));
#1117 = CARTESIAN_POINT('',(2.682925714782,-4.75,2.002751177544));
#1118 = CARTESIAN_POINT('',(2.691214790997,-4.75,2.0166));
#1119 = CARTESIAN_POINT('',(2.700565273312,-4.75,2.029690675241));
#1120 = CARTESIAN_POINT('',(2.709789397758,-4.75,2.042604449466));
#1121 = CARTESIAN_POINT('',(2.722071382637,-4.75,2.057742122187));
#1122 = CARTESIAN_POINT('',(2.736097106109,-4.75,2.076443086817));
#1123 = CARTESIAN_POINT('',(2.905789659164,-4.75,2.302699824223));
#1124 = CARTESIAN_POINT('',(3.074584565916,-4.75,2.529629796356));
#1125 = CARTESIAN_POINT('',(3.24382829582,-4.75,2.756223151125));
#1126 = CARTESIAN_POINT('',(3.277400867461,-4.75,2.801172063801));
#1127 = CARTESIAN_POINT('',(3.304606430868,-4.75,2.833832154341));
#1128 = CARTESIAN_POINT('',(3.326112540193,-4.75,2.853468167203));
#1129 = CARTESIAN_POINT('',(3.348084245699,-4.75,2.873529289621));
#1130 = CARTESIAN_POINT('',(3.3738,-4.75,2.883389710611));
#1131 = CARTESIAN_POINT('',(3.403721543408,-4.75,2.884324758842));
#1132 = CARTESIAN_POINT('',(3.500842494549,-4.75,2.887359788566));
#1133 = CARTESIAN_POINT('',(3.549589067524,-4.75,2.828221864952));
#1134 = CARTESIAN_POINT('',(3.549589067524,-4.75,2.716951125402));
#1135 = CARTESIAN_POINT('',(3.549589067524,-4.75,2.469786709539));
#1136 = CARTESIAN_POINT('',(3.549589067524,-4.75,2.222622293676));
#1137 = CARTESIAN_POINT('',(3.549589067524,-4.75,1.975457877814));
#1138 = FACE_BOUND('',#1139,.T.);
#1139 = EDGE_LOOP('',(#1140,#1166,#1190,#1199,#1208));
#1140 = ORIENTED_EDGE('',*,*,#1141,.T.);
#1141 = EDGE_CURVE('',#1142,#1144,#1146,.T.);
#1142 = VERTEX_POINT('',#1143);
#1143 = CARTESIAN_POINT('',(12.713996784566,-4.75,2.091403858521));
#1144 = VERTEX_POINT('',#1145);
#1145 = CARTESIAN_POINT('',(13.030043086817,-4.75,2.10916977492));
#1146 = B_SPLINE_CURVE_WITH_KNOTS('',3,(#1147,#1148,#1149,#1150,#1151,
    #1152,#1153,#1154,#1155,#1156,#1157,#1158,#1159,#1160,#1161,#1162,
    #1163,#1164,#1165),.UNSPECIFIED.,.F.,.F.,(4,3,2,2,3,2,3,4),(
    0.616239425775,0.690342526522,0.705618218852,0.720893911181,
    0.738715552231,0.760307748125,0.78713441575,0.820012958775),
  .UNSPECIFIED.);
#1147 = CARTESIAN_POINT('',(12.713996784566,-4.75,2.091403858521));
#1148 = CARTESIAN_POINT('',(12.812176848875,-4.75,2.194259163987));
#1149 = CARTESIAN_POINT('',(12.910356913183,-4.75,2.297114469453));
#1150 = CARTESIAN_POINT('',(13.008536977492,-4.75,2.39996977492));
#1151 = CARTESIAN_POINT('',(13.045070575476,-4.75,2.438243068046));
#1152 = CARTESIAN_POINT('',(13.072120257235,-4.75,2.464488102894));
#1153 = CARTESIAN_POINT('',(13.111392282958,-4.75,2.492539549839));
#1154 = CARTESIAN_POINT('',(13.133833440514,-4.75,2.500019935691));
#1155 = CARTESIAN_POINT('',(13.194611575563,-4.75,2.500019935691));
#1156 = CARTESIAN_POINT('',(13.221727974277,-4.75,2.489734405145));
#1157 = CARTESIAN_POINT('',(13.243234083601,-4.75,2.469163344051));
#1158 = CARTESIAN_POINT('',(13.265207255517,-4.75,2.448145527436));
#1159 = CARTESIAN_POINT('',(13.275960771704,-4.75,2.421475884244));
#1160 = CARTESIAN_POINT('',(13.275960771704,-4.75,2.352282315113));
#1161 = CARTESIAN_POINT('',(13.240428938907,-4.75,2.300854662379));
#1162 = CARTESIAN_POINT('',(13.169365273312,-4.75,2.237271382637));
#1163 = CARTESIAN_POINT('',(13.122353925303,-4.75,2.195208597576));
#1164 = CARTESIAN_POINT('',(13.076483815648,-4.75,2.151870310825));
#1165 = CARTESIAN_POINT('',(13.030043086817,-4.75,2.10916977492));
#1166 = ORIENTED_EDGE('',*,*,#1167,.T.);
#1167 = EDGE_CURVE('',#1144,#1168,#1170,.T.);
#1168 = VERTEX_POINT('',#1169);
#1169 = CARTESIAN_POINT('',(13.087081028939,-4.75,1.554686173633));
#1170 = B_SPLINE_CURVE_WITH_KNOTS('',3,(#1171,#1172,#1173,#1174,#1175,
    #1176,#1177,#1178,#1179,#1180,#1181,#1182,#1183,#1184,#1185,#1186,
    #1187,#1188,#1189),.UNSPECIFIED.,.F.,.F.,(4,3,3,2,3,2,2,4),(
    0.820012958775,0.906845512324,0.921418021812,0.928637831524,
    0.948492308233,0.966598667582,0.982847964434,1.),.UNSPECIFIED.);
#1171 = CARTESIAN_POINT('',(13.030043086817,-4.75,2.10916977492));
#1172 = CARTESIAN_POINT('',(13.119496034298,-4.75,1.968600857449));
#1173 = CARTESIAN_POINT('',(13.208948981779,-4.75,1.828031939979));
#1174 = CARTESIAN_POINT('',(13.29840192926,-4.75,1.687463022508));
#1175 = CARTESIAN_POINT('',(13.318461463968,-4.75,1.655940896539));
#1176 = CARTESIAN_POINT('',(13.332998713826,-4.75,1.631360128617));
#1177 = CARTESIAN_POINT('',(13.34141414791,-4.75,1.615464308682));
#1178 = CARTESIAN_POINT('',(13.350216237073,-4.75,1.598838140262));
#1179 = CARTESIAN_POINT('',(13.354504823151,-4.75,1.58367266881));
#1180 = CARTESIAN_POINT('',(13.354504823151,-4.75,1.52756977492));
#1181 = CARTESIAN_POINT('',(13.343284244373,-4.75,1.494843086817));
#1182 = CARTESIAN_POINT('',(13.319908038585,-4.75,1.470531832797));
#1183 = CARTESIAN_POINT('',(13.29698102968,-4.75,1.446687743536));
#1184 = CARTESIAN_POINT('',(13.267545337621,-4.75,1.435));
#1185 = CARTESIAN_POINT('',(13.198351768489,-4.75,1.435));
#1186 = CARTESIAN_POINT('',(13.174040514469,-4.75,1.443415434084));
#1187 = CARTESIAN_POINT('',(13.139443729904,-4.75,1.47801221865));
#1188 = CARTESIAN_POINT('',(13.116067524116,-4.75,1.508868810289));
#1189 = CARTESIAN_POINT('',(13.087081028939,-4.75,1.554686173633));
#1190 = ORIENTED_EDGE('',*,*,#1191,.T.);
#1191 = EDGE_CURVE('',#1168,#1192,#1194,.T.);
#1192 = VERTEX_POINT('',#1193);
#1193 = CARTESIAN_POINT('',(12.856124115756,-4.75,1.934315755627));
#1194 = B_SPLINE_CURVE_WITH_KNOTS('',3,(#1195,#1196,#1197,#1198),
  .UNSPECIFIED.,.F.,.F.,(4,4),(0.,7.719486094317E-02),
  .PIECEWISE_BEZIER_KNOTS.);
#1195 = CARTESIAN_POINT('',(13.087081028939,-4.75,1.554686173633));
#1196 = CARTESIAN_POINT('',(13.007901281902,-4.75,1.67984125766));
#1197 = CARTESIAN_POINT('',(12.933109753483,-4.75,1.807772561629));
#1198 = CARTESIAN_POINT('',(12.856124115756,-4.75,1.934315755627));
#1199 = ORIENTED_EDGE('',*,*,#1200,.T.);
#1200 = EDGE_CURVE('',#1192,#1201,#1203,.T.);
#1201 = VERTEX_POINT('',#1202);
#1202 = CARTESIAN_POINT('',(12.713996784566,-4.75,1.800603858521));
#1203 = B_SPLINE_CURVE_WITH_KNOTS('',3,(#1204,#1205,#1206,#1207),
  .UNSPECIFIED.,.F.,.F.,(4,4),(7.719486094317E-02,0.11109358042),
  .PIECEWISE_BEZIER_KNOTS.);
#1204 = CARTESIAN_POINT('',(12.856124115756,-4.75,1.934315755627));
#1205 = CARTESIAN_POINT('',(12.808748338692,-4.75,1.889745123258));
#1206 = CARTESIAN_POINT('',(12.761372561629,-4.75,1.84517449089));
#1207 = CARTESIAN_POINT('',(12.713996784566,-4.75,1.800603858521));
#1208 = ORIENTED_EDGE('',*,*,#1209,.T.);
#1209 = EDGE_CURVE('',#1201,#1142,#1210,.T.);
#1210 = B_SPLINE_CURVE_WITH_KNOTS('',3,(#1211,#1212,#1213,#1214,#1215,
    #1216,#1217,#1218,#1219,#1220,#1221,#1222,#1223,#1224,#1225,#1226,
    #1227,#1228,#1229,#1230,#1231,#1232,#1233,#1234,#1235,#1236,#1237,
    #1238,#1239,#1240,#1241,#1242),.UNSPECIFIED.,.F.,.F.,(4,3,3,2,3,3,3,
    3,2,3,3,4),(0.11109358042,0.147316138585,0.169282708149,
    0.186089543573,0.205621811768,0.227553170805,0.421500621994,
    0.445685185975,0.464795990797,0.483472459146,0.505949993647,
    0.616239425775),.UNSPECIFIED.);
#1211 = CARTESIAN_POINT('',(12.713996784566,-4.75,1.800603858521));
#1212 = CARTESIAN_POINT('',(12.713996784566,-4.75,1.731098606645));
#1213 = CARTESIAN_POINT('',(12.713996784566,-4.75,1.66159335477));
#1214 = CARTESIAN_POINT('',(12.713996784566,-4.75,1.592088102894));
#1215 = CARTESIAN_POINT('',(12.713996784566,-4.75,1.541595498392));
#1216 = CARTESIAN_POINT('',(12.700906109325,-4.75,1.502323472669));
#1217 = CARTESIAN_POINT('',(12.674724758842,-4.75,1.475207073955));
#1218 = CARTESIAN_POINT('',(12.648092283552,-4.75,1.447623438833));
#1219 = CARTESIAN_POINT('',(12.61768681672,-4.75,1.435));
#1220 = CARTESIAN_POINT('',(12.542882958199,-4.75,1.435));
#1221 = CARTESIAN_POINT('',(12.512026366559,-4.75,1.448090675241));
#1222 = CARTESIAN_POINT('',(12.488650160772,-4.75,1.475207073955));
#1223 = CARTESIAN_POINT('',(12.46613501577,-4.75,1.501324642157));
#1224 = CARTESIAN_POINT('',(12.454053376206,-4.75,1.541595498392));
#1225 = CARTESIAN_POINT('',(12.454053376206,-4.75,1.593958199357));
#1226 = CARTESIAN_POINT('',(12.454053376206,-4.75,1.966107395498));
#1227 = CARTESIAN_POINT('',(12.454053376206,-4.75,2.33825659164));
#1228 = CARTESIAN_POINT('',(12.454053376206,-4.75,2.710405787781));
#1229 = CARTESIAN_POINT('',(12.454053376206,-4.75,2.768378778135));
#1230 = CARTESIAN_POINT('',(12.465273954984,-4.75,2.812326045016));
#1231 = CARTESIAN_POINT('',(12.48771511254,-4.75,2.843182636656));
#1232 = CARTESIAN_POINT('',(12.509711490397,-4.75,2.873427656209));
#1233 = CARTESIAN_POINT('',(12.541947909968,-4.75,2.889));
#1234 = CARTESIAN_POINT('',(12.623297106109,-4.75,2.889));
#1235 = CARTESIAN_POINT('',(12.655088745981,-4.75,2.874974276527));
#1236 = CARTESIAN_POINT('',(12.678464951768,-4.75,2.847857877814));
#1237 = CARTESIAN_POINT('',(12.702702218342,-4.75,2.819742648588));
#1238 = CARTESIAN_POINT('',(12.713996784566,-4.75,2.779599356913));
#1239 = CARTESIAN_POINT('',(12.713996784566,-4.75,2.726301607717));
#1240 = CARTESIAN_POINT('',(12.713996784566,-4.75,2.514669024652));
#1241 = CARTESIAN_POINT('',(12.713996784566,-4.75,2.303036441586));
#1242 = CARTESIAN_POINT('',(12.713996784566,-4.75,2.091403858521));
#1243 = FACE_BOUND('',#1244,.T.);
#1244 = EDGE_LOOP('',(#1245,#1256));
#1245 = ORIENTED_EDGE('',*,*,#1246,.T.);
#1246 = EDGE_CURVE('',#1247,#1249,#1251,.T.);
#1247 = VERTEX_POINT('',#1248);
#1248 = CARTESIAN_POINT('',(13.786497106109,-4.75,2.701990353698));
#1249 = VERTEX_POINT('',#1250);
#1250 = CARTESIAN_POINT('',(14.104413504823,-4.75,1.760396784566));
#1251 = B_SPLINE_CURVE_WITH_KNOTS('',3,(#1252,#1253,#1254,#1255),
  .UNSPECIFIED.,.F.,.F.,(4,4),(0.,0.166352498538),
  .PIECEWISE_BEZIER_KNOTS.);
#1252 = CARTESIAN_POINT('',(13.786497106109,-4.75,2.701990353698));
#1253 = CARTESIAN_POINT('',(13.889901257962,-4.75,2.387282065451));
#1254 = CARTESIAN_POINT('',(13.998441371919,-4.75,2.07426130761));
#1255 = CARTESIAN_POINT('',(14.104413504823,-4.75,1.760396784566));
#1256 = ORIENTED_EDGE('',*,*,#1257,.T.);
#1257 = EDGE_CURVE('',#1249,#1247,#1258,.T.);
#1258 = B_SPLINE_CURVE_WITH_KNOTS('',3,(#1259,#1260,#1261,#1262,#1263,
    #1264,#1265,#1266,#1267,#1268,#1269,#1270,#1271,#1272,#1273,#1274,
    #1275,#1276,#1277,#1278,#1279,#1280,#1281,#1282,#1283,#1284,#1285,
    #1286,#1287,#1288,#1289,#1290,#1291,#1292,#1293,#1294,#1295,#1296,
    #1297,#1298,#1299,#1300,#1301,#1302,#1303,#1304,#1305,#1306,#1307,
    #1308,#1309,#1310,#1311,#1312,#1313,#1314,#1315,#1316,#1317,#1318,
    #1319,#1320,#1321,#1322,#1323,#1324,#1325,#1326,#1327,#1328,#1329,
    #1330,#1331,#1332,#1333),.UNSPECIFIED.,.F.,.F.,(4,3,2,3,2,3,3,2,3,2,
    3,3,3,3,3,2,3,3,3,3,3,3,3,2,3,2,3,4),(0.166352498538,0.333792482652,
    0.348713403797,0.363634324942,0.378462223021,0.389477233023,
    0.40110662335,0.412111629782,0.419615043258,0.428083701457,
    0.436552359656,0.600618445784,0.618590797852,0.634229555477,
    0.648873258051,0.665769425289,0.682665592527,0.697416602931,
    0.713204148691,0.731083301315,0.893593282922,0.902258826422,
    0.911230662948,0.917932814884,0.935977070097,0.953365099738,
    0.973988111639,1.),.UNSPECIFIED.);
#1259 = CARTESIAN_POINT('',(14.104413504823,-4.75,1.760396784566));
#1260 = CARTESIAN_POINT('',(14.210697320472,-4.75,2.076443086817));
#1261 = CARTESIAN_POINT('',(14.31698113612,-4.75,2.392489389068));
#1262 = CARTESIAN_POINT('',(14.423264951768,-4.75,2.708535691318));
#1263 = CARTESIAN_POINT('',(14.439947527865,-4.75,2.758143117013));
#1264 = CARTESIAN_POINT('',(14.452251446945,-4.75,2.792690032154));
#1265 = CARTESIAN_POINT('',(14.469082315113,-4.75,2.831962057878));
#1266 = CARTESIAN_POINT('',(14.483108038585,-4.75,2.849727974277));
#1267 = CARTESIAN_POINT('',(14.501809003215,-4.75,2.865623794212));
#1268 = CARTESIAN_POINT('',(14.520591394397,-4.75,2.881588826717));
#1269 = CARTESIAN_POINT('',(14.547626366559,-4.75,2.889));
#1270 = CARTESIAN_POINT('',(14.604664308682,-4.75,2.889));
#1271 = CARTESIAN_POINT('',(14.627105466238,-4.75,2.882454662379));
#1272 = CARTESIAN_POINT('',(14.647676527331,-4.75,2.87029903537));
#1273 = CARTESIAN_POINT('',(14.668940641019,-4.75,2.857733877282));
#1274 = CARTESIAN_POINT('',(14.685078456592,-4.75,2.842247588424));
#1275 = CARTESIAN_POINT('',(14.697234083601,-4.75,2.822611575563));
#1276 = CARTESIAN_POINT('',(14.70954912867,-4.75,2.802718041221));
#1277 = CARTESIAN_POINT('',(14.715,-4.75,2.781469453376));
#1278 = CARTESIAN_POINT('',(14.715,-4.75,2.74687266881));
#1279 = CARTESIAN_POINT('',(14.713129903537,-4.75,2.731911897106));
#1280 = CARTESIAN_POINT('',(14.708454662379,-4.75,2.71601607717));
#1281 = CARTESIAN_POINT('',(14.703600749585,-4.75,2.69951277367));
#1282 = CARTESIAN_POINT('',(14.700039228296,-4.75,2.683289389068));
#1283 = CARTESIAN_POINT('',(14.688818649518,-4.75,2.651497749196));
#1284 = CARTESIAN_POINT('',(14.683208360129,-4.75,2.63560192926));
#1285 = CARTESIAN_POINT('',(14.67759807074,-4.75,2.619706109325));
#1286 = CARTESIAN_POINT('',(14.568873539451,-4.75,2.311653270674));
#1287 = CARTESIAN_POINT('',(14.450693033226,-4.75,2.006937834941));
#1288 = CARTESIAN_POINT('',(14.337240514469,-4.75,1.700553697749));
#1289 = CARTESIAN_POINT('',(14.324204034982,-4.75,1.665348040233));
#1290 = CARTESIAN_POINT('',(14.31292926045,-4.75,1.631360128617));
#1291 = CARTESIAN_POINT('',(14.300773633441,-4.75,1.599568488746));
#1292 = CARTESIAN_POINT('',(14.288929924407,-4.75,1.568592634351));
#1293 = CARTESIAN_POINT('',(14.274592282958,-4.75,1.540660450161));
#1294 = CARTESIAN_POINT('',(14.258696463023,-4.75,1.516349196141));
#1295 = CARTESIAN_POINT('',(14.243228924246,-4.75,1.492692960365));
#1296 = CARTESIAN_POINT('',(14.221294533762,-4.75,1.47240192926));
#1297 = CARTESIAN_POINT('',(14.19511318328,-4.75,1.457441157556));
#1298 = CARTESIAN_POINT('',(14.168226950284,-4.75,1.442077595845));
#1299 = CARTESIAN_POINT('',(14.136205144695,-4.75,1.435));
#1300 = CARTESIAN_POINT('',(14.059531189711,-4.75,1.435));
#1301 = CARTESIAN_POINT('',(14.026804501608,-4.75,1.442480385852));
#1302 = CARTESIAN_POINT('',(14.000623151125,-4.75,1.457441157556));
#1303 = CARTESIAN_POINT('',(13.97373691813,-4.75,1.472804719268));
#1304 = CARTESIAN_POINT('',(13.952935691318,-4.75,1.492037942122));
#1305 = CARTESIAN_POINT('',(13.936104823151,-4.75,1.516349196141));
#1306 = CARTESIAN_POINT('',(13.919139308039,-4.75,1.540854940193));
#1307 = CARTESIAN_POINT('',(13.906183279743,-4.75,1.568711897106));
#1308 = CARTESIAN_POINT('',(13.894027652733,-4.75,1.600503536978));
#1309 = CARTESIAN_POINT('',(13.8821839437,-4.75,1.631479391373));
#1310 = CARTESIAN_POINT('',(13.869716398714,-4.75,1.665021864952));
#1311 = CARTESIAN_POINT('',(13.856625723473,-4.75,1.700553697749));
#1312 = CARTESIAN_POINT('',(13.744748342875,-4.75,2.004220873657));
#1313 = CARTESIAN_POINT('',(13.634084244373,-4.75,2.308335048232));
#1314 = CARTESIAN_POINT('',(13.522813504823,-4.75,2.612225723473));
#1315 = CARTESIAN_POINT('',(13.517018018338,-4.75,2.62805373278));
#1316 = CARTESIAN_POINT('',(13.510657877814,-4.75,2.644017363344));
#1317 = CARTESIAN_POINT('',(13.505047588424,-4.75,2.660848231511));
#1318 = CARTESIAN_POINT('',(13.499717813505,-4.75,2.67683755627));
#1319 = CARTESIAN_POINT('',(13.493827009646,-4.75,2.693574919614));
#1320 = CARTESIAN_POINT('',(13.49008681672,-4.75,2.712275884244));
#1321 = CARTESIAN_POINT('',(13.486310660401,-4.75,2.731156665842));
#1322 = CARTESIAN_POINT('',(13.4835414791,-4.75,2.74687266881));
#1323 = CARTESIAN_POINT('',(13.4835414791,-4.75,2.791754983923));
#1324 = CARTESIAN_POINT('',(13.496632154341,-4.75,2.821676527331));
#1325 = CARTESIAN_POINT('',(13.522813504823,-4.75,2.848792926045));
#1326 = CARTESIAN_POINT('',(13.548527618897,-4.75,2.875425401336));
#1327 = CARTESIAN_POINT('',(13.581721543408,-4.75,2.889));
#1328 = CARTESIAN_POINT('',(13.66961607717,-4.75,2.889));
#1329 = CARTESIAN_POINT('',(13.704212861736,-4.75,2.874039228296));
#1330 = CARTESIAN_POINT('',(13.72478392283,-4.75,2.844117684887));
#1331 = CARTESIAN_POINT('',(13.745054875604,-4.75,2.814632662669));
#1332 = CARTESIAN_POINT('',(13.764990996785,-4.75,2.767443729904));
#1333 = CARTESIAN_POINT('',(13.786497106109,-4.75,2.701990353698));
#1334 = FACE_BOUND('',#1335,.T.);
#1335 = EDGE_LOOP('',(#1336,#1360,#1380,#1389));
#1336 = ORIENTED_EDGE('',*,*,#1337,.T.);
#1337 = EDGE_CURVE('',#1338,#1340,#1342,.T.);
#1338 = VERTEX_POINT('',#1339);
#1339 = CARTESIAN_POINT('',(12.134032258065,-4.75,4.47135483871));
#1340 = VERTEX_POINT('',#1341);
#1341 = CARTESIAN_POINT('',(12.134032258065,-4.75,4.248774193548));
#1342 = B_SPLINE_CURVE_WITH_KNOTS('',3,(#1343,#1344,#1345,#1346,#1347,
    #1348,#1349,#1350,#1351,#1352,#1353,#1354,#1355,#1356,#1357,#1358,
    #1359),.UNSPECIFIED.,.F.,.F.,(4,3,3,2,2,3,4),(0.736014104087,
    0.745540912204,0.773641177751,0.800672166131,0.823197989781,
    0.845723813431,0.859159845589),.UNSPECIFIED.);
#1343 = CARTESIAN_POINT('',(12.134032258065,-4.75,4.47135483871));
#1344 = CARTESIAN_POINT('',(12.148225806452,-4.75,4.47135483871));
#1345 = CARTESIAN_POINT('',(12.162419354839,-4.75,4.47135483871));
#1346 = CARTESIAN_POINT('',(12.176612903226,-4.75,4.47135483871));
#1347 = CARTESIAN_POINT('',(12.227903225806,-4.75,4.47135483871));
#1348 = CARTESIAN_POINT('',(12.268548387097,-4.75,4.463612903226));
#1349 = CARTESIAN_POINT('',(12.299516129032,-4.75,4.450064516129));
#1350 = CARTESIAN_POINT('',(12.330026969857,-4.75,4.436716023268));
#1351 = CARTESIAN_POINT('',(12.345,-4.75,4.405548387097));
#1352 = CARTESIAN_POINT('',(12.345,-4.75,4.320387096774));
#1353 = CARTESIAN_POINT('',(12.332419354839,-4.75,4.292322580645));
#1354 = CARTESIAN_POINT('',(12.282096774194,-4.75,4.257483870968));
#1355 = CARTESIAN_POINT('',(12.24435483871,-4.75,4.248774193548));
#1356 = CARTESIAN_POINT('',(12.194032258065,-4.75,4.248774193548));
#1357 = CARTESIAN_POINT('',(12.174032258065,-4.75,4.248774193548));
#1358 = CARTESIAN_POINT('',(12.154032258065,-4.75,4.248774193548));
#1359 = CARTESIAN_POINT('',(12.134032258065,-4.75,4.248774193548));
#1360 = ORIENTED_EDGE('',*,*,#1361,.T.);
#1361 = EDGE_CURVE('',#1340,#1362,#1364,.T.);
#1362 = VERTEX_POINT('',#1363);
#1363 = CARTESIAN_POINT('',(11.886290322581,-4.75,4.062967741935));
#1364 = B_SPLINE_CURVE_WITH_KNOTS('',3,(#1365,#1366,#1367,#1368,#1369,
    #1370,#1371,#1372,#1373,#1374,#1375,#1376,#1377,#1378,#1379),
  .UNSPECIFIED.,.F.,.F.,(4,3,3,2,3,4),(0.859159845589,0.900731371917,
    0.927968392554,0.950743702044,0.972935029239,1.),.UNSPECIFIED.);
#1365 = CARTESIAN_POINT('',(12.134032258065,-4.75,4.248774193548));
#1366 = CARTESIAN_POINT('',(12.134032258065,-4.75,4.186838709677));
#1367 = CARTESIAN_POINT('',(12.134032258065,-4.75,4.124903225806));
#1368 = CARTESIAN_POINT('',(12.134032258065,-4.75,4.062967741935));
#1369 = CARTESIAN_POINT('',(12.134032258065,-4.75,4.011677419355));
#1370 = CARTESIAN_POINT('',(12.122419354839,-4.75,3.973935483871));
#1371 = CARTESIAN_POINT('',(12.100161290323,-4.75,3.948774193548));
#1372 = CARTESIAN_POINT('',(12.0783834828,-4.75,3.924155802436));
#1373 = CARTESIAN_POINT('',(12.047903225806,-4.75,3.912));
#1374 = CARTESIAN_POINT('',(11.973387096774,-4.75,3.912));
#1375 = CARTESIAN_POINT('',(11.943387096774,-4.75,3.924580645161));
#1376 = CARTESIAN_POINT('',(11.920161290323,-4.75,3.949741935484));
#1377 = CARTESIAN_POINT('',(11.896453158817,-4.75,3.975425744615));
#1378 = CARTESIAN_POINT('',(11.886290322581,-4.75,4.013612903226));
#1379 = CARTESIAN_POINT('',(11.886290322581,-4.75,4.062967741935));
#1380 = ORIENTED_EDGE('',*,*,#1381,.T.);
#1381 = EDGE_CURVE('',#1362,#1382,#1384,.T.);
#1382 = VERTEX_POINT('',#1383);
#1383 = CARTESIAN_POINT('',(11.886290322581,-4.75,4.248774193548));
#1384 = B_SPLINE_CURVE_WITH_KNOTS('',3,(#1385,#1386,#1387,#1388),
  .UNSPECIFIED.,.F.,.F.,(4,4),(0.,4.157152632832E-02),
  .PIECEWISE_BEZIER_KNOTS.);
#1385 = CARTESIAN_POINT('',(11.886290322581,-4.75,4.062967741935));
#1386 = CARTESIAN_POINT('',(11.886290322581,-4.75,4.124903225806));
#1387 = CARTESIAN_POINT('',(11.886290322581,-4.75,4.186838709677));
#1388 = CARTESIAN_POINT('',(11.886290322581,-4.75,4.248774193548));
#1389 = ORIENTED_EDGE('',*,*,#1390,.T.);
#1390 = EDGE_CURVE('',#1382,#1338,#1391,.T.);
#1391 = B_SPLINE_CURVE_WITH_KNOTS('',3,(#1392,#1393,#1394,#1395,#1396,
    #1397,#1398,#1399,#1400,#1401,#1402,#1403,#1404,#1405,#1406,#1407,
    #1408,#1409,#1410,#1411,#1412,#1413,#1414,#1415,#1416,#1417,#1418,
    #1419,#1420,#1421,#1422,#1423,#1424,#1425,#1426,#1427),
  .UNSPECIFIED.,.F.,.F.,(4,3,3,2,3,3,3,3,3,3,3,3,4),(4.157152632832E-02,
    0.153078484969,0.186825460641,0.216823520434,0.224470084695,
    0.234654914964,0.24600855589,0.259606705384,0.456075909053,
    0.485610502027,0.505179696443,0.564092652025,0.736014104087),
  .UNSPECIFIED.);
#1392 = CARTESIAN_POINT('',(11.886290322581,-4.75,4.248774193548));
#1393 = CARTESIAN_POINT('',(11.720161290323,-4.75,4.248774193548));
#1394 = CARTESIAN_POINT('',(11.554032258065,-4.75,4.248774193548));
#1395 = CARTESIAN_POINT('',(11.387903225806,-4.75,4.248774193548));
#1396 = CARTESIAN_POINT('',(11.325,-4.75,4.248774193548));
#1397 = CARTESIAN_POINT('',(11.278548387097,-4.75,4.263290322581));
#1398 = CARTESIAN_POINT('',(11.246612903226,-4.75,4.29135483871));
#1399 = CARTESIAN_POINT('',(11.215223466488,-4.75,4.318939495237));
#1400 = CARTESIAN_POINT('',(11.199193548387,-4.75,4.358129032258));
#1401 = CARTESIAN_POINT('',(11.199193548387,-4.75,4.420064516129));
#1402 = CARTESIAN_POINT('',(11.202096774194,-4.75,4.43264516129));
#1403 = CARTESIAN_POINT('',(11.206935483871,-4.75,4.445225806452));
#1404 = CARTESIAN_POINT('',(11.211973727968,-4.75,4.458325241104));
#1405 = CARTESIAN_POINT('',(11.218548387097,-4.75,4.472322580645));
#1406 = CARTESIAN_POINT('',(11.227258064516,-4.75,4.485870967742));
#1407 = CARTESIAN_POINT('',(11.236690928147,-4.75,4.500544311168));
#1408 = CARTESIAN_POINT('',(11.246612903226,-4.75,4.513935483871));
#1409 = CARTESIAN_POINT('',(11.256290322581,-4.75,4.527483870968));
#1410 = CARTESIAN_POINT('',(11.265510026155,-4.75,4.540391455972));
#1411 = CARTESIAN_POINT('',(11.278548387097,-4.75,4.556516129032));
#1412 = CARTESIAN_POINT('',(11.293064516129,-4.75,4.575870967742));
#1413 = CARTESIAN_POINT('',(11.468690322581,-4.75,4.810038709677));
#1414 = CARTESIAN_POINT('',(11.643387096774,-4.75,5.044903225806));
#1415 = CARTESIAN_POINT('',(11.818548387097,-4.75,5.279419354839));
#1416 = CARTESIAN_POINT('',(11.852948269203,-4.75,5.325475918911));
#1417 = CARTESIAN_POINT('',(11.881451612903,-4.75,5.359741935484));
#1418 = CARTESIAN_POINT('',(11.903709677419,-4.75,5.380064516129));
#1419 = CARTESIAN_POINT('',(11.925921849019,-4.75,5.400345194546));
#1420 = CARTESIAN_POINT('',(11.952096774194,-4.75,5.411032258065));
#1421 = CARTESIAN_POINT('',(11.983064516129,-4.75,5.412));
#1422 = CARTESIAN_POINT('',(12.083581274587,-4.75,5.415141148702));
#1423 = CARTESIAN_POINT('',(12.134032258065,-4.75,5.353935483871));
#1424 = CARTESIAN_POINT('',(12.134032258065,-4.75,5.238774193548));
#1425 = CARTESIAN_POINT('',(12.134032258065,-4.75,4.982967741935));
#1426 = CARTESIAN_POINT('',(12.134032258065,-4.75,4.727161290323));
#1427 = CARTESIAN_POINT('',(12.134032258065,-4.75,4.47135483871));
#1428 = FACE_BOUND('',#1429,.T.);
#1429 = EDGE_LOOP('',(#1430,#1439,#1446,#1453,#1460,#1467,#1474,#1481));
#1430 = ORIENTED_EDGE('',*,*,#1431,.T.);
#1431 = EDGE_CURVE('',#1432,#1434,#1436,.T.);
#1432 = VERTEX_POINT('',#1433);
#1433 = CARTESIAN_POINT('',(-2.,-4.75,1.06581410364E-14));
#1434 = VERTEX_POINT('',#1435);
#1435 = CARTESIAN_POINT('',(-1.5,-4.75,1.06581410364E-14));
#1436 = B_SPLINE_CURVE_WITH_KNOTS('',1,(#1437,#1438),.UNSPECIFIED.,.F.,
  .F.,(2,2),(0.,0.5),.PIECEWISE_BEZIER_KNOTS.);
#1437 = CARTESIAN_POINT('',(-2.,-4.75,1.06581410364E-14));
#1438 = CARTESIAN_POINT('',(-1.5,-4.75,1.06581410364E-14));
#1439 = ORIENTED_EDGE('',*,*,#1440,.T.);
#1440 = EDGE_CURVE('',#1434,#1441,#1443,.T.);
#1441 = VERTEX_POINT('',#1442);
#1442 = CARTESIAN_POINT('',(-1.5,-4.75,0.5));
#1443 = B_SPLINE_CURVE_WITH_KNOTS('',1,(#1444,#1445),.UNSPECIFIED.,.F.,
  .F.,(2,2),(-5.,-4.5),.PIECEWISE_BEZIER_KNOTS.);
#1444 = CARTESIAN_POINT('',(-1.5,-4.75,1.06581410364E-14));
#1445 = CARTESIAN_POINT('',(-1.5,-4.75,0.5));
#1446 = ORIENTED_EDGE('',*,*,#1447,.T.);
#1447 = EDGE_CURVE('',#1441,#1448,#1450,.T.);
#1448 = VERTEX_POINT('',#1449);
#1449 = CARTESIAN_POINT('',(17.,-4.75,0.5));
#1450 = B_SPLINE_CURVE_WITH_KNOTS('',1,(#1451,#1452),.UNSPECIFIED.,.F.,
  .F.,(2,2),(-9.25,9.25),.PIECEWISE_BEZIER_KNOTS.);
#1451 = CARTESIAN_POINT('',(-1.5,-4.75,0.5));
#1452 = CARTESIAN_POINT('',(17.,-4.75,0.5));
#1453 = ORIENTED_EDGE('',*,*,#1454,.T.);
#1454 = EDGE_CURVE('',#1448,#1455,#1457,.T.);
#1455 = VERTEX_POINT('',#1456);
#1456 = CARTESIAN_POINT('',(17.,-4.75,1.06581410364E-14));
#1457 = B_SPLINE_CURVE_WITH_KNOTS('',1,(#1458,#1459),.UNSPECIFIED.,.F.,
  .F.,(2,2),(4.5,5.),.PIECEWISE_BEZIER_KNOTS.);
#1458 = CARTESIAN_POINT('',(17.,-4.75,0.5));
#1459 = CARTESIAN_POINT('',(17.,-4.75,1.06581410364E-14));
#1460 = ORIENTED_EDGE('',*,*,#1461,.T.);
#1461 = EDGE_CURVE('',#1455,#1462,#1464,.T.);
#1462 = VERTEX_POINT('',#1463);
#1463 = CARTESIAN_POINT('',(17.5,-4.75,1.06581410364E-14));
#1464 = B_SPLINE_CURVE_WITH_KNOTS('',1,(#1465,#1466),.UNSPECIFIED.,.F.,
  .F.,(2,2),(19.,19.5),.PIECEWISE_BEZIER_KNOTS.);
#1465 = CARTESIAN_POINT('',(17.,-4.75,1.06581410364E-14));
#1466 = CARTESIAN_POINT('',(17.5,-4.75,1.06581410364E-14));
#1467 = ORIENTED_EDGE('',*,*,#1468,.T.);
#1468 = EDGE_CURVE('',#1462,#1469,#1471,.T.);
#1469 = VERTEX_POINT('',#1470);
#1470 = CARTESIAN_POINT('',(17.5,-4.75,10.));
#1471 = B_SPLINE_CURVE_WITH_KNOTS('',1,(#1472,#1473),.UNSPECIFIED.,.F.,
  .F.,(2,2),(0.,10.),.PIECEWISE_BEZIER_KNOTS.);
#1472 = CARTESIAN_POINT('',(17.5,-4.75,1.06581410364E-14));
#1473 = CARTESIAN_POINT('',(17.5,-4.75,10.));
#1474 = ORIENTED_EDGE('',*,*,#1475,.T.);
#1475 = EDGE_CURVE('',#1469,#1476,#1478,.T.);
#1476 = VERTEX_POINT('',#1477);
#1477 = CARTESIAN_POINT('',(-2.,-4.75,10.));
#1478 = B_SPLINE_CURVE_WITH_KNOTS('',1,(#1479,#1480),.UNSPECIFIED.,.F.,
  .F.,(2,2),(0.,19.5),.PIECEWISE_BEZIER_KNOTS.);
#1479 = CARTESIAN_POINT('',(17.5,-4.75,10.));
#1480 = CARTESIAN_POINT('',(-2.,-4.75,10.));
#1481 = ORIENTED_EDGE('',*,*,#1482,.T.);
#1482 = EDGE_CURVE('',#1476,#1432,#1483,.T.);
#1483 = B_SPLINE_CURVE_WITH_KNOTS('',1,(#1484,#1485),.UNSPECIFIED.,.F.,
  .F.,(2,2),(0.,10.),.PIECEWISE_BEZIER_KNOTS.);
#1484 = CARTESIAN_POINT('',(-2.,-4.75,10.));
#1485 = CARTESIAN_POINT('',(-2.,-4.75,1.06581410364E-14));
#1486 = FACE_BOUND('',#1487,.T.);
#1487 = EDGE_LOOP('',(#1488,#1523,#1542,#1551));
#1488 = ORIENTED_EDGE('',*,*,#1489,.T.);
#1489 = EDGE_CURVE('',#1490,#1492,#1494,.T.);
#1490 = VERTEX_POINT('',#1491);
#1491 = CARTESIAN_POINT('',(10.187411575563,-4.75,7.274282958199));
#1492 = VERTEX_POINT('',#1493);
#1493 = CARTESIAN_POINT('',(10.300852090032,-4.75,7.072868167203));
#1494 = B_SPLINE_CURVE_WITH_KNOTS('',3,(#1495,#1496,#1497,#1498,#1499,
    #1500,#1501,#1502,#1503,#1504,#1505,#1506,#1507,#1508,#1509,#1510,
    #1511,#1512,#1513,#1514,#1515,#1516,#1517,#1518,#1519,#1520,#1521,
    #1522),.UNSPECIFIED.,.F.,.F.,(4,3,3,2,3,2,3,2,3,3,4),(0.448994699551
    ,0.549766395944,0.56517751259,0.577074763397,0.588972014205,
    0.601705230115,0.621059718299,0.639607483549,0.654782927846,
    0.679120772062,0.808470703636),.UNSPECIFIED.);
#1495 = CARTESIAN_POINT('',(10.187411575563,-4.75,7.274282958199));
#1496 = CARTESIAN_POINT('',(10.260466237942,-4.75,7.391581993569));
#1497 = CARTESIAN_POINT('',(10.333520900322,-4.75,7.508881028939));
#1498 = CARTESIAN_POINT('',(10.406575562701,-4.75,7.626180064309));
#1499 = CARTESIAN_POINT('',(10.419938405461,-4.75,7.647635896345));
#1500 = CARTESIAN_POINT('',(10.431270096463,-4.75,7.665536977492));
#1501 = CARTESIAN_POINT('',(10.439758842444,-4.75,7.680199356913));
#1502 = CARTESIAN_POINT('',(10.448441314992,-4.75,7.695196354952));
#1503 = CARTESIAN_POINT('',(10.459051446945,-4.75,7.708752411576));
#1504 = CARTESIAN_POINT('',(10.480659163987,-4.75,7.734990353698));
#1505 = CARTESIAN_POINT('',(10.492234726688,-4.75,7.745022508039));
#1506 = CARTESIAN_POINT('',(10.505353697749,-4.75,7.751196141479));
#1507 = CARTESIAN_POINT('',(10.51940177441,-4.75,7.757807001084));
#1508 = CARTESIAN_POINT('',(10.534678456592,-4.75,7.762));
#1509 = CARTESIAN_POINT('',(10.583295819936,-4.75,7.762));
#1510 = CARTESIAN_POINT('',(10.607990353698,-4.75,7.751967845659));
#1511 = CARTESIAN_POINT('',(10.628054662379,-4.75,7.732675241158));
#1512 = CARTESIAN_POINT('',(10.647717993332,-4.75,7.713768192165));
#1513 = CARTESIAN_POINT('',(10.657379421222,-4.75,7.691774919614));
#1514 = CARTESIAN_POINT('',(10.657379421222,-4.75,7.64547266881));
#1515 = CARTESIAN_POINT('',(10.652749196141,-4.75,7.624636655949));
#1516 = CARTESIAN_POINT('',(10.642717041801,-4.75,7.604572347267));
#1517 = CARTESIAN_POINT('',(10.632376205788,-4.75,7.583890675241));
#1518 = CARTESIAN_POINT('',(10.615707395498,-4.75,7.555183279743));
#1519 = CARTESIAN_POINT('',(10.591012861736,-4.75,7.51891318328));
#1520 = CARTESIAN_POINT('',(10.491211198224,-4.75,7.372329489996));
#1521 = CARTESIAN_POINT('',(10.397572347267,-4.75,7.221549839228));
#1522 = CARTESIAN_POINT('',(10.300852090032,-4.75,7.072868167203));
#1523 = ORIENTED_EDGE('',*,*,#1524,.T.);
#1524 = EDGE_CURVE('',#1492,#1525,#1527,.T.);
#1525 = VERTEX_POINT('',#1526);
#1526 = CARTESIAN_POINT('',(10.065482315113,-4.75,6.704765273312));
#1527 = B_SPLINE_CURVE_WITH_KNOTS('',3,(#1528,#1529,#1530,#1531,#1532,
    #1533,#1534,#1535,#1536,#1537,#1538,#1539,#1540,#1541),
  .UNSPECIFIED.,.F.,.F.,(4,3,2,2,3,4),(0.808470703636,0.897948402085,
    0.922608878727,0.947269355369,0.971929832011,1.),.UNSPECIFIED.);
#1528 = CARTESIAN_POINT('',(10.300852090032,-4.75,7.072868167203));
#1529 = CARTESIAN_POINT('',(10.300852090032,-4.75,6.950167202572));
#1530 = CARTESIAN_POINT('',(10.300852090032,-4.75,6.827466237942));
#1531 = CARTESIAN_POINT('',(10.300852090032,-4.75,6.704765273312));
#1532 = CARTESIAN_POINT('',(10.300852090032,-4.75,6.656919614148));
#1533 = CARTESIAN_POINT('',(10.290048231511,-4.75,6.621421221865));
#1534 = CARTESIAN_POINT('',(10.245289389068,-4.75,6.573575562701));
#1535 = CARTESIAN_POINT('',(10.217508038585,-4.75,6.562));
#1536 = CARTESIAN_POINT('',(10.148054662379,-4.75,6.562));
#1537 = CARTESIAN_POINT('',(10.119501607717,-4.75,6.573575562701));
#1538 = CARTESIAN_POINT('',(10.097893890675,-4.75,6.596726688103));
#1539 = CARTESIAN_POINT('',(10.075901238057,-4.75,6.62029024448));
#1540 = CARTESIAN_POINT('',(10.065482315113,-4.75,6.656147909968));
#1541 = CARTESIAN_POINT('',(10.065482315113,-4.75,6.704765273312));
#1542 = ORIENTED_EDGE('',*,*,#1543,.T.);
#1543 = EDGE_CURVE('',#1525,#1544,#1546,.T.);
#1544 = VERTEX_POINT('',#1545);
#1545 = CARTESIAN_POINT('',(10.065482315113,-4.75,7.072868167203));
#1546 = B_SPLINE_CURVE_WITH_KNOTS('',3,(#1547,#1548,#1549,#1550),
  .UNSPECIFIED.,.F.,.F.,(4,4),(0.,8.947769844918E-02),
  .PIECEWISE_BEZIER_KNOTS.);
#1547 = CARTESIAN_POINT('',(10.065482315113,-4.75,6.704765273312));
#1548 = CARTESIAN_POINT('',(10.065482315113,-4.75,6.827466237942));
#1549 = CARTESIAN_POINT('',(10.065482315113,-4.75,6.950167202572));
#1550 = CARTESIAN_POINT('',(10.065482315113,-4.75,7.072868167203));
#1551 = ORIENTED_EDGE('',*,*,#1552,.T.);
#1552 = EDGE_CURVE('',#1544,#1490,#1553,.T.);
#1553 = B_SPLINE_CURVE_WITH_KNOTS('',3,(#1554,#1555,#1556,#1557,#1558,
    #1559,#1560,#1561,#1562,#1563,#1564,#1565,#1566,#1567,#1568,#1569,
    #1570,#1571,#1572,#1573,#1574,#1575),.UNSPECIFIED.,.F.,.F.,(4,3,3,2,
    2,2,3,3,4),(8.947769844918E-02,0.216646693222,0.24254150863,
    0.255066910687,0.274993686686,0.294920462684,0.316380067606,
    0.348519359073,0.448994699551),.UNSPECIFIED.);
#1554 = CARTESIAN_POINT('',(10.065482315113,-4.75,7.072868167203));
#1555 = CARTESIAN_POINT('',(9.971077170418,-4.75,7.219491961415));
#1556 = CARTESIAN_POINT('',(9.876672025723,-4.75,7.366115755627));
#1557 = CARTESIAN_POINT('',(9.782266881029,-4.75,7.512739549839));
#1558 = CARTESIAN_POINT('',(9.757115811863,-4.75,7.551802518298));
#1559 = CARTESIAN_POINT('',(9.739823151125,-4.75,7.582964630225));
#1560 = CARTESIAN_POINT('',(9.729790996785,-4.75,7.605344051447));
#1561 = CARTESIAN_POINT('',(9.7200468944,-4.75,7.627080895228));
#1562 = CARTESIAN_POINT('',(9.714356913183,-4.75,7.64624437299));
#1563 = CARTESIAN_POINT('',(9.714356913183,-4.75,7.690231511254));
#1564 = CARTESIAN_POINT('',(9.724389067524,-4.75,7.713382636656));
#1565 = CARTESIAN_POINT('',(9.766061093248,-4.75,7.751967845659));
#1566 = CARTESIAN_POINT('',(9.79229903537,-4.75,7.762));
#1567 = CARTESIAN_POINT('',(9.854807073955,-4.75,7.762));
#1568 = CARTESIAN_POINT('',(9.879501607717,-4.75,7.752739549839));
#1569 = CARTESIAN_POINT('',(9.895707395498,-4.75,7.734990353698));
#1570 = CARTESIAN_POINT('',(9.912648291179,-4.75,7.716436039381));
#1571 = CARTESIAN_POINT('',(9.937379421222,-4.75,7.680199356913));
#1572 = CARTESIAN_POINT('',(9.970562700965,-4.75,7.626180064309));
#1573 = CARTESIAN_POINT('',(10.042680242256,-4.75,7.508779415695));
#1574 = CARTESIAN_POINT('',(10.115128617363,-4.75,7.391581993569));
#1575 = CARTESIAN_POINT('',(10.187411575563,-4.75,7.274282958199));
#1576 = FACE_BOUND('',#1577,.T.);
#1577 = EDGE_LOOP('',(#1578,#1607,#1650,#1659));
#1578 = ORIENTED_EDGE('',*,*,#1579,.T.);
#1579 = EDGE_CURVE('',#1580,#1582,#1584,.T.);
#1580 = VERTEX_POINT('',#1581);
#1581 = CARTESIAN_POINT('',(12.119758842444,-4.75,6.92470096463));
#1582 = VERTEX_POINT('',#1583);
#1583 = CARTESIAN_POINT('',(12.808118971061,-4.75,6.92470096463));
#1584 = B_SPLINE_CURVE_WITH_KNOTS('',3,(#1585,#1586,#1587,#1588,#1589,
    #1590,#1591,#1592,#1593,#1594,#1595,#1596,#1597,#1598,#1599,#1600,
    #1601,#1602,#1603,#1604,#1605,#1606),.UNSPECIFIED.,.F.,.F.,(4,3,2,3,
    2,2,3,3,4),(0.473055577621,0.550084068751,0.561744937246,
    0.573405805741,0.584180651212,0.594955496683,0.605730342154,
    0.619465960824,0.696542334515),.UNSPECIFIED.);
#1585 = CARTESIAN_POINT('',(12.119758842444,-4.75,6.92470096463));
#1586 = CARTESIAN_POINT('',(12.176350482315,-4.75,7.135890675241));
#1587 = CARTESIAN_POINT('',(12.232942122187,-4.75,7.347080385852));
#1588 = CARTESIAN_POINT('',(12.289533762058,-4.75,7.558270096463));
#1589 = CARTESIAN_POINT('',(12.30237472922,-4.75,7.606190251191));
#1590 = CARTESIAN_POINT('',(12.31345659164,-4.75,7.64315755627));
#1591 = CARTESIAN_POINT('',(12.333520900322,-4.75,7.694090032154));
#1592 = CARTESIAN_POINT('',(12.349726688103,-4.75,7.715697749196));
#1593 = CARTESIAN_POINT('',(12.372877813505,-4.75,7.734218649518));
#1594 = CARTESIAN_POINT('',(12.395558387577,-4.75,7.752363108776));
#1595 = CARTESIAN_POINT('',(12.426125401929,-4.75,7.762));
#1596 = CARTESIAN_POINT('',(12.504839228296,-4.75,7.762));
#1597 = CARTESIAN_POINT('',(12.535707395498,-4.75,7.751967845659));
#1598 = CARTESIAN_POINT('',(12.578922829582,-4.75,7.713382636656));
#1599 = CARTESIAN_POINT('',(12.594356913183,-4.75,7.692546623794));
#1600 = CARTESIAN_POINT('',(12.602845659164,-4.75,7.670167202572));
#1601 = CARTESIAN_POINT('',(12.611590302893,-4.75,7.647113141833));
#1602 = CARTESIAN_POINT('',(12.622138263666,-4.75,7.609974276527));
#1603 = CARTESIAN_POINT('',(12.636800643087,-4.75,7.558270096463));
#1604 = CARTESIAN_POINT('',(12.696483077535,-4.75,7.347810985514));
#1605 = CARTESIAN_POINT('',(12.751012861736,-4.75,7.135890675241));
#1606 = CARTESIAN_POINT('',(12.808118971061,-4.75,6.92470096463));
#1607 = ORIENTED_EDGE('',*,*,#1608,.T.);
#1608 = EDGE_CURVE('',#1582,#1609,#1611,.T.);
#1609 = VERTEX_POINT('',#1610);
#1610 = CARTESIAN_POINT('',(12.652234726688,-4.75,6.764958199357));
#1611 = B_SPLINE_CURVE_WITH_KNOTS('',3,(#1612,#1613,#1614,#1615,#1616,
    #1617,#1618,#1619,#1620,#1621,#1622,#1623,#1624,#1625,#1626,#1627,
    #1628,#1629,#1630,#1631,#1632,#1633,#1634,#1635,#1636,#1637,#1638,
    #1639,#1640,#1641,#1642,#1643,#1644,#1645,#1646,#1647,#1648,#1649),
  .UNSPECIFIED.,.F.,.F.,(4,3,2,3,2,3,2,3,3,2,3,2,3,3,4),(0.696542334515,
    0.778001361029,0.786790642422,0.795579923816,0.805221107533,
    0.814621261657,0.827764280854,0.836964394293,0.931501525626,
    0.94319276789,0.954884010154,0.966309374488,0.976820709676,
    0.985777937481,1.),.UNSPECIFIED.);
#1612 = CARTESIAN_POINT('',(12.808118971061,-4.75,6.92470096463));
#1613 = CARTESIAN_POINT('',(12.858794212219,-4.75,7.150295819936));
#1614 = CARTESIAN_POINT('',(12.909469453376,-4.75,7.375890675241));
#1615 = CARTESIAN_POINT('',(12.960144694534,-4.75,7.601485530547));
#1616 = CARTESIAN_POINT('',(12.967941314883,-4.75,7.636194342966));
#1617 = CARTESIAN_POINT('',(12.974807073955,-4.75,7.663993569132));
#1618 = CARTESIAN_POINT('',(12.987154340836,-4.75,7.704122186495));
#1619 = CARTESIAN_POINT('',(12.998729903537,-4.75,7.722643086817));
#1620 = CARTESIAN_POINT('',(13.014935691318,-4.75,7.738077170418));
#1621 = CARTESIAN_POINT('',(13.031526872388,-4.75,7.753878295246));
#1622 = CARTESIAN_POINT('',(13.054292604502,-4.75,7.762));
#1623 = CARTESIAN_POINT('',(13.115257234727,-4.75,7.762));
#1624 = CARTESIAN_POINT('',(13.141495176849,-4.75,7.751967845659));
#1625 = CARTESIAN_POINT('',(13.163102893891,-4.75,7.731131832797));
#1626 = CARTESIAN_POINT('',(13.183925135429,-4.75,7.711053242743));
#1627 = CARTESIAN_POINT('',(13.194742765273,-4.75,7.685601286174));
#1628 = CARTESIAN_POINT('',(13.194742765273,-4.75,7.633125401929));
#1629 = CARTESIAN_POINT('',(13.189340836013,-4.75,7.599170418006));
#1630 = CARTESIAN_POINT('',(13.176993569132,-4.75,7.551324758842));
#1631 = CARTESIAN_POINT('',(13.109946906125,-4.75,7.291518939691));
#1632 = CARTESIAN_POINT('',(13.048890675241,-4.75,7.030167202572));
#1633 = CARTESIAN_POINT('',(12.984839228296,-4.75,6.769588424437));
#1634 = CARTESIAN_POINT('',(12.971927873509,-4.75,6.71706150717));
#1635 = CARTESIAN_POINT('',(12.960144694534,-4.75,6.67852733119));
#1636 = CARTESIAN_POINT('',(12.943167202572,-4.75,6.629138263666));
#1637 = CARTESIAN_POINT('',(12.928504823151,-4.75,6.607530546624));
#1638 = CARTESIAN_POINT('',(12.907668810289,-4.75,6.589781350482));
#1639 = CARTESIAN_POINT('',(12.886451852836,-4.75,6.571707645985));
#1640 = CARTESIAN_POINT('',(12.857508038585,-4.75,6.562));
#1641 = CARTESIAN_POINT('',(12.783424437299,-4.75,6.562));
#1642 = CARTESIAN_POINT('',(12.754871382637,-4.75,6.570488745981));
#1643 = CARTESIAN_POINT('',(12.733263665595,-4.75,6.589009646302));
#1644 = CARTESIAN_POINT('',(12.712037261207,-4.75,6.607203707206));
#1645 = CARTESIAN_POINT('',(12.696221864952,-4.75,6.626823151125));
#1646 = CARTESIAN_POINT('',(12.687733118971,-4.75,6.649202572347));
#1647 = CARTESIAN_POINT('',(12.679341437653,-4.75,6.671326095821));
#1648 = CARTESIAN_POINT('',(12.667668810289,-4.75,6.710167202572));
#1649 = CARTESIAN_POINT('',(12.652234726688,-4.75,6.764958199357));
#1650 = ORIENTED_EDGE('',*,*,#1651,.T.);
#1651 = EDGE_CURVE('',#1609,#1652,#1654,.T.);
#1652 = VERTEX_POINT('',#1653);
#1653 = CARTESIAN_POINT('',(12.465482315113,-4.75,7.461807073955));
#1654 = B_SPLINE_CURVE_WITH_KNOTS('',3,(#1655,#1656,#1657,#1658),
  .UNSPECIFIED.,.F.,.F.,(4,4),(0.,8.472350209518E-02),
  .PIECEWISE_BEZIER_KNOTS.);
#1655 = CARTESIAN_POINT('',(12.652234726688,-4.75,6.764958199357));
#1656 = CARTESIAN_POINT('',(12.587036762677,-4.75,6.996410971598));
#1657 = CARTESIAN_POINT('',(12.527733118971,-4.75,7.229524115756));
#1658 = CARTESIAN_POINT('',(12.465482315113,-4.75,7.461807073955));
#1659 = ORIENTED_EDGE('',*,*,#1660,.T.);
#1660 = EDGE_CURVE('',#1652,#1580,#1661,.T.);
#1661 = B_SPLINE_CURVE_WITH_KNOTS('',3,(#1662,#1663,#1664,#1665,#1666,
    #1667,#1668,#1669,#1670,#1671,#1672,#1673,#1674,#1675,#1676,#1677,
    #1678,#1679,#1680,#1681,#1682,#1683,#1684,#1685,#1686,#1687,#1688,
    #1689,#1690,#1691,#1692,#1693,#1694,#1695,#1696,#1697,#1698,#1699,
    #1700,#1701),.UNSPECIFIED.,.F.,.F.,(4,3,3,2,2,2,2,3,3,3,2,3,2,3,3,4)
  ,(8.472350209518E-02,0.169540648933,0.183592347919,0.19368431213,
    0.20377627634,0.21211311634,0.22044995634,0.22878679634,
    0.237975588986,0.332514297194,0.342402241654,0.354841913717,
    0.363986215321,0.376788237567,0.391595334323,0.473055577621),
  .UNSPECIFIED.);
#1662 = CARTESIAN_POINT('',(12.465482315113,-4.75,7.461807073955));
#1663 = CARTESIAN_POINT('',(12.402202572347,-4.75,7.229524115756));
#1664 = CARTESIAN_POINT('',(12.338922829582,-4.75,6.997241157556));
#1665 = CARTESIAN_POINT('',(12.275643086817,-4.75,6.764958199357));
#1666 = CARTESIAN_POINT('',(12.261126294454,-4.75,6.711670949342));
#1667 = CARTESIAN_POINT('',(12.249405144695,-4.75,6.673897106109));
#1668 = CARTESIAN_POINT('',(12.240144694534,-4.75,6.650745980707));
#1669 = CARTESIAN_POINT('',(12.230990686329,-4.75,6.627860960195));
#1670 = CARTESIAN_POINT('',(12.216221864952,-4.75,6.607530546624));
#1671 = CARTESIAN_POINT('',(12.173006430868,-4.75,6.570488745981));
#1672 = CARTESIAN_POINT('',(12.144453376206,-4.75,6.562));
#1673 = CARTESIAN_POINT('',(12.07963022508,-4.75,6.562));
#1674 = CARTESIAN_POINT('',(12.055707395498,-4.75,6.56740192926));
#1675 = CARTESIAN_POINT('',(12.018665594855,-4.75,6.589009646302));
#1676 = CARTESIAN_POINT('',(12.003231511254,-4.75,6.603672025723));
#1677 = CARTESIAN_POINT('',(11.980080385852,-4.75,6.643800643087));
#1678 = CARTESIAN_POINT('',(11.970819935691,-4.75,6.666951768489));
#1679 = CARTESIAN_POINT('',(11.963102893891,-4.75,6.693961414791));
#1680 = CARTESIAN_POINT('',(11.955240247528,-4.75,6.721480677061));
#1681 = CARTESIAN_POINT('',(11.94921221865,-4.75,6.746437299035));
#1682 = CARTESIAN_POINT('',(11.943038585209,-4.75,6.769588424437));
#1683 = CARTESIAN_POINT('',(11.873911822391,-4.75,7.028813785006));
#1684 = CARTESIAN_POINT('',(11.814935691318,-4.75,7.290745980707));
#1685 = CARTESIAN_POINT('',(11.750884244373,-4.75,7.551324758842));
#1686 = CARTESIAN_POINT('',(11.739670752959,-4.75,7.596944304233));
#1687 = CARTESIAN_POINT('',(11.733135048232,-4.75,7.630810289389));
#1688 = CARTESIAN_POINT('',(11.733135048232,-4.75,7.684829581994));
#1689 = CARTESIAN_POINT('',(11.743938906752,-4.75,7.710295819936));
#1690 = CARTESIAN_POINT('',(11.764774919614,-4.75,7.731131832797));
#1691 = CARTESIAN_POINT('',(11.785225080386,-4.75,7.751581993569));
#1692 = CARTESIAN_POINT('',(11.811848874598,-4.75,7.762));
#1693 = CARTESIAN_POINT('',(11.885932475884,-4.75,7.762));
#1694 = CARTESIAN_POINT('',(11.914485530547,-4.75,7.748109324759));
#1695 = CARTESIAN_POINT('',(11.929147909968,-4.75,7.721099678457));
#1696 = CARTESIAN_POINT('',(11.944133860183,-4.75,7.693493980691));
#1697 = CARTESIAN_POINT('',(11.95692926045,-4.75,7.653189710611));
#1698 = CARTESIAN_POINT('',(11.967733118971,-4.75,7.601485530547));
#1699 = CARTESIAN_POINT('',(12.01502027405,-4.75,7.375182716956));
#1700 = CARTESIAN_POINT('',(12.069083601286,-4.75,7.150295819936));
#1701 = CARTESIAN_POINT('',(12.119758842444,-4.75,6.92470096463));
#1702 = FACE_BOUND('',#1703,.T.);
#1703 = EDGE_LOOP('',(#1704,#1715));
#1704 = ORIENTED_EDGE('',*,*,#1705,.T.);
#1705 = EDGE_CURVE('',#1706,#1708,#1710,.T.);
#1706 = VERTEX_POINT('',#1707);
#1707 = CARTESIAN_POINT('',(2.103387096774,-4.75,4.07264516129));
#1708 = VERTEX_POINT('',#1709);
#1709 = CARTESIAN_POINT('',(2.103387096774,-4.75,4.977483870968));
#1710 = B_SPLINE_CURVE_WITH_KNOTS('',3,(#1711,#1712,#1713,#1714),
  .UNSPECIFIED.,.F.,.F.,(4,4),(0.,0.218241841969),
  .PIECEWISE_BEZIER_KNOTS.);
#1711 = CARTESIAN_POINT('',(2.103387096774,-4.75,4.07264516129));
#1712 = CARTESIAN_POINT('',(2.103387096774,-4.75,4.374258064516));
#1713 = CARTESIAN_POINT('',(2.103387096774,-4.75,4.675870967742));
#1714 = CARTESIAN_POINT('',(2.103387096774,-4.75,4.977483870968));
#1715 = ORIENTED_EDGE('',*,*,#1716,.T.);
#1716 = EDGE_CURVE('',#1708,#1706,#1717,.T.);
#1717 = B_SPLINE_CURVE_WITH_KNOTS('',3,(#1718,#1719,#1720,#1721,#1722,
    #1723,#1724,#1725,#1726,#1727,#1728,#1729,#1730,#1731,#1732,#1733,
    #1734,#1735,#1736,#1737,#1738,#1739,#1740,#1741,#1742,#1743,#1744,
    #1745,#1746,#1747,#1748,#1749,#1750,#1751,#1752,#1753,#1754,#1755,
    #1756,#1757,#1758,#1759),.UNSPECIFIED.,.F.,.F.,(4,3,3,2,3,3,3,2,3,2,
    3,3,3,2,3,4),(0.218241841969,0.313436900579,0.333430112543,
    0.352312477289,0.374341902825,0.40519921856,0.459777022198,
    0.496961482647,0.534145943096,0.552903569273,0.574005898721,
    0.602605662918,0.876883727878,0.941080583254,0.969081339322,1.),
  .UNSPECIFIED.);
#1718 = CARTESIAN_POINT('',(2.103387096774,-4.75,4.977483870968));
#1719 = CARTESIAN_POINT('',(1.935,-4.75,4.848774193548));
#1720 = CARTESIAN_POINT('',(1.821774193548,-4.75,4.783935483871));
#1721 = CARTESIAN_POINT('',(1.763709677419,-4.75,4.784903225806));
#1722 = CARTESIAN_POINT('',(1.735669079378,-4.75,4.785370569107));
#1723 = CARTESIAN_POINT('',(1.711451612903,-4.75,4.795548387097));
#1724 = CARTESIAN_POINT('',(1.690161290323,-4.75,4.817806451613));
#1725 = CARTESIAN_POINT('',(1.668891984842,-4.75,4.840042543706));
#1726 = CARTESIAN_POINT('',(1.657258064516,-4.75,4.865225806452));
#1727 = CARTESIAN_POINT('',(1.657258064516,-4.75,4.928129032258));
#1728 = CARTESIAN_POINT('',(1.667903225806,-4.75,4.952322580645));
#1729 = CARTESIAN_POINT('',(1.689193548387,-4.75,4.968774193548));
#1730 = CARTESIAN_POINT('',(1.710015649126,-4.75,4.984863998665));
#1731 = CARTESIAN_POINT('',(1.748225806452,-4.75,5.004580645161));
#1732 = CARTESIAN_POINT('',(1.801451612903,-4.75,5.029741935484));
#1733 = CARTESIAN_POINT('',(1.881685812901,-4.75,5.067670830029));
#1734 = CARTESIAN_POINT('',(1.94564516129,-4.75,5.107161290323));
#1735 = CARTESIAN_POINT('',(1.993064516129,-4.75,5.148774193548));
#1736 = CARTESIAN_POINT('',(2.041030588235,-4.75,5.19086686907));
#1737 = CARTESIAN_POINT('',(2.084032258065,-4.75,5.236838709677));
#1738 = CARTESIAN_POINT('',(2.157580645161,-4.75,5.339419354839));
#1739 = CARTESIAN_POINT('',(2.181774193548,-4.75,5.37135483871));
#1740 = CARTESIAN_POINT('',(2.192419354839,-4.75,5.382967741935));
#1741 = CARTESIAN_POINT('',(2.203506390749,-4.75,5.395062690201));
#1742 = CARTESIAN_POINT('',(2.225322580645,-4.75,5.40135483871));
#1743 = CARTESIAN_POINT('',(2.291129032258,-4.75,5.40135483871));
#1744 = CARTESIAN_POINT('',(2.319193548387,-4.75,5.387806451613));
#1745 = CARTESIAN_POINT('',(2.340483870968,-4.75,5.360709677419));
#1746 = CARTESIAN_POINT('',(2.362244326855,-4.75,5.333014551745));
#1747 = CARTESIAN_POINT('',(2.371451612903,-4.75,5.295870967742));
#1748 = CARTESIAN_POINT('',(2.371451612903,-4.75,5.248451612903));
#1749 = CARTESIAN_POINT('',(2.371451612903,-4.75,4.869419354839));
#1750 = CARTESIAN_POINT('',(2.371451612903,-4.75,4.490387096774));
#1751 = CARTESIAN_POINT('',(2.371451612903,-4.75,4.11135483871));
#1752 = CARTESIAN_POINT('',(2.371451612903,-4.75,3.977806451613));
#1753 = CARTESIAN_POINT('',(2.326935483871,-4.75,3.912));
#1754 = CARTESIAN_POINT('',(2.196290322581,-4.75,3.912));
#1755 = CARTESIAN_POINT('',(2.16435483871,-4.75,3.925548387097));
#1756 = CARTESIAN_POINT('',(2.139193548387,-4.75,3.95264516129));
#1757 = CARTESIAN_POINT('',(2.114480335837,-4.75,3.97925939019));
#1758 = CARTESIAN_POINT('',(2.103387096774,-4.75,4.019419354839));
#1759 = CARTESIAN_POINT('',(2.103387096774,-4.75,4.07264516129));
#1760 = FACE_BOUND('',#1761,.T.);
#1761 = EDGE_LOOP('',(#1762,#1816));
#1762 = ORIENTED_EDGE('',*,*,#1763,.T.);
#1763 = EDGE_CURVE('',#1764,#1766,#1768,.T.);
#1764 = VERTEX_POINT('',#1765);
#1765 = CARTESIAN_POINT('',(4.258548387097,-4.75,5.377161290323));
#1766 = VERTEX_POINT('',#1767);
#1767 = CARTESIAN_POINT('',(4.789838709677,-4.75,5.144903225806));
#1768 = B_SPLINE_CURVE_WITH_KNOTS('',3,(#1769,#1770,#1771,#1772,#1773,
    #1774,#1775,#1776,#1777,#1778,#1779,#1780,#1781,#1782,#1783,#1784,
    #1785,#1786,#1787,#1788,#1789,#1790,#1791,#1792,#1793,#1794,#1795,
    #1796,#1797,#1798,#1799,#1800,#1801,#1802,#1803,#1804,#1805,#1806,
    #1807,#1808,#1809,#1810,#1811,#1812,#1813,#1814,#1815),
  .UNSPECIFIED.,.F.,.F.,(4,3,3,2,2,2,2,3,3,3,3,3,2,2,2,3,2,3,4),(0.,
    0.135157743442,0.164457635266,0.223175249926,0.259405267482,
    0.295635285038,0.331865302594,0.36809532015,0.395515542373,
    0.423204200028,0.449461387669,0.480968272849,0.511182317741,
    0.539336314118,0.567490310494,0.589223219978,0.653014533846,
    0.716805847713,0.795816678128),.UNSPECIFIED.);
#1769 = CARTESIAN_POINT('',(4.258548387097,-4.75,5.377161290323));
#1770 = CARTESIAN_POINT('',(4.478870967742,-4.75,5.377161290323));
#1771 = CARTESIAN_POINT('',(4.699193548387,-4.75,5.377161290323));
#1772 = CARTESIAN_POINT('',(4.919516129032,-4.75,5.377161290323));
#1773 = CARTESIAN_POINT('',(4.983387096774,-4.75,5.377161290323));
#1774 = CARTESIAN_POINT('',(5.028870967742,-4.75,5.367483870968));
#1775 = CARTESIAN_POINT('',(5.057903225806,-4.75,5.348129032258));
#1776 = CARTESIAN_POINT('',(5.086712158809,-4.75,5.328923076923));
#1777 = CARTESIAN_POINT('',(5.100483870968,-4.75,5.294903225806));
#1778 = CARTESIAN_POINT('',(5.100483870968,-4.75,5.22135483871));
#1779 = CARTESIAN_POINT('',(5.084032258065,-4.75,5.184580645161));
#1780 = CARTESIAN_POINT('',(5.016290322581,-4.75,5.093612903226));
#1781 = CARTESIAN_POINT('',(4.978548387097,-4.75,5.043290322581));
#1782 = CARTESIAN_POINT('',(4.893387096774,-4.75,4.932967741935));
#1783 = CARTESIAN_POINT('',(4.848870967742,-4.75,4.864258064516));
#1784 = CARTESIAN_POINT('',(4.757903225806,-4.75,4.699741935484));
#1785 = CARTESIAN_POINT('',(4.717258064516,-4.75,4.600064516129));
#1786 = CARTESIAN_POINT('',(4.679516129032,-4.75,4.481032258065));
#1787 = CARTESIAN_POINT('',(4.662957279861,-4.75,4.428808195292));
#1788 = CARTESIAN_POINT('',(4.652419354839,-4.75,4.385225806452));
#1789 = CARTESIAN_POINT('',(4.64564516129,-4.75,4.35135483871));
#1790 = CARTESIAN_POINT('',(4.638684863524,-4.75,4.316553349876));
#1791 = CARTESIAN_POINT('',(4.631129032258,-4.75,4.272));
#1792 = CARTESIAN_POINT('',(4.623387096774,-4.75,4.217806451613));
#1793 = CARTESIAN_POINT('',(4.615509677419,-4.75,4.162664516129));
#1794 = CARTESIAN_POINT('',(4.608870967742,-4.75,4.120064516129));
#1795 = CARTESIAN_POINT('',(4.603064516129,-4.75,4.091032258065));
#1796 = CARTESIAN_POINT('',(4.589665012407,-4.75,4.024034739454));
#1797 = CARTESIAN_POINT('',(4.569193548387,-4.75,3.976838709677));
#1798 = CARTESIAN_POINT('',(4.544032258065,-4.75,3.950709677419));
#1799 = CARTESIAN_POINT('',(4.518405349558,-4.75,3.924097118586));
#1800 = CARTESIAN_POINT('',(4.484032258065,-4.75,3.912));
#1801 = CARTESIAN_POINT('',(4.401774193548,-4.75,3.912));
#1802 = CARTESIAN_POINT('',(4.368870967742,-4.75,3.925548387097));
#1803 = CARTESIAN_POINT('',(4.320483870968,-4.75,3.981677419355));
#1804 = CARTESIAN_POINT('',(4.307903225806,-4.75,4.023290322581));
#1805 = CARTESIAN_POINT('',(4.307903225806,-4.75,4.121032258065));
#1806 = CARTESIAN_POINT('',(4.316612903226,-4.75,4.178129032258));
#1807 = CARTESIAN_POINT('',(4.335,-4.75,4.250709677419));
#1808 = CARTESIAN_POINT('',(4.353559111044,-4.75,4.323969326277));
#1809 = CARTESIAN_POINT('',(4.381451612903,-4.75,4.41135483871));
#1810 = CARTESIAN_POINT('',(4.462741935484,-4.75,4.614580645161));
#1811 = CARTESIAN_POINT('',(4.513064516129,-4.75,4.719096774194));
#1812 = CARTESIAN_POINT('',(4.573064516129,-4.75,4.825548387097));
#1813 = CARTESIAN_POINT('',(4.633297832737,-4.75,4.932413948821));
#1814 = CARTESIAN_POINT('',(4.70564516129,-4.75,5.039419354839));
#1815 = CARTESIAN_POINT('',(4.789838709677,-4.75,5.144903225806));
#1816 = ORIENTED_EDGE('',*,*,#1817,.T.);
#1817 = EDGE_CURVE('',#1766,#1764,#1818,.T.);
#1818 = B_SPLINE_CURVE_WITH_KNOTS('',3,(#1819,#1820,#1821,#1822,#1823,
    #1824,#1825,#1826,#1827,#1828,#1829,#1830,#1831,#1832),
  .UNSPECIFIED.,.F.,.F.,(4,3,2,2,3,4),(0.795816678128,0.904457382593,
    0.927486689737,0.95051599688,0.974568828786,1.),.UNSPECIFIED.);
#1819 = CARTESIAN_POINT('',(4.789838709677,-4.75,5.144903225806));
#1820 = CARTESIAN_POINT('',(4.612741935484,-4.75,5.144903225806));
#1821 = CARTESIAN_POINT('',(4.43564516129,-4.75,5.144903225806));
#1822 = CARTESIAN_POINT('',(4.258548387097,-4.75,5.144903225806));
#1823 = CARTESIAN_POINT('',(4.202419354839,-4.75,5.144903225806));
#1824 = CARTESIAN_POINT('',(4.160806451613,-4.75,5.154580645161));
#1825 = CARTESIAN_POINT('',(4.106612903226,-4.75,5.195225806452));
#1826 = CARTESIAN_POINT('',(4.092096774194,-4.75,5.226193548387));
#1827 = CARTESIAN_POINT('',(4.092096774194,-4.75,5.315225806452));
#1828 = CARTESIAN_POINT('',(4.107580645161,-4.75,5.344258064516));
#1829 = CARTESIAN_POINT('',(4.136612903226,-4.75,5.357806451613));
#1830 = CARTESIAN_POINT('',(4.165274311279,-4.75,5.371181775371));
#1831 = CARTESIAN_POINT('',(4.206290322581,-4.75,5.377161290323));
#1832 = CARTESIAN_POINT('',(4.258548387097,-4.75,5.377161290323));
#1833 = FACE_BOUND('',#1834,.T.);
#1834 = EDGE_LOOP('',(#1835,#1846));
#1835 = ORIENTED_EDGE('',*,*,#1836,.T.);
#1836 = EDGE_CURVE('',#1837,#1839,#1841,.T.);
#1837 = VERTEX_POINT('',#1838);
#1838 = CARTESIAN_POINT('',(6.92564516129,-4.75,4.07264516129));
#1839 = VERTEX_POINT('',#1840);
#1840 = CARTESIAN_POINT('',(6.92564516129,-4.75,4.977483870968));
#1841 = B_SPLINE_CURVE_WITH_KNOTS('',3,(#1842,#1843,#1844,#1845),
  .UNSPECIFIED.,.F.,.F.,(4,4),(0.,0.218260596691),
  .PIECEWISE_BEZIER_KNOTS.);
#1842 = CARTESIAN_POINT('',(6.92564516129,-4.75,4.07264516129));
#1843 = CARTESIAN_POINT('',(6.92564516129,-4.75,4.374258064516));
#1844 = CARTESIAN_POINT('',(6.92564516129,-4.75,4.675870967742));
#1845 = CARTESIAN_POINT('',(6.92564516129,-4.75,4.977483870968));
#1846 = ORIENTED_EDGE('',*,*,#1847,.T.);
#1847 = EDGE_CURVE('',#1839,#1837,#1848,.T.);
#1848 = B_SPLINE_CURVE_WITH_KNOTS('',3,(#1849,#1850,#1851,#1852,#1853,
    #1854,#1855,#1856,#1857,#1858,#1859,#1860,#1861,#1862,#1863,#1864,
    #1865,#1866,#1867,#1868,#1869,#1870,#1871,#1872,#1873,#1874,#1875,
    #1876,#1877,#1878,#1879,#1880,#1881,#1882,#1883,#1884,#1885,#1886,
    #1887,#1888,#1889,#1890),.UNSPECIFIED.,.F.,.F.,(4,3,3,2,3,3,3,2,3,2,
    3,3,3,2,3,4),(0.218260596691,0.313463835936,0.333458766027,
    0.352342753438,0.374374072084,0.405234039558,0.459816533367,
    0.497078750276,0.534340967186,0.552975160618,0.573938628229,
    0.602540850024,0.876842483893,0.940382976137,0.969078682311,1.),
  .UNSPECIFIED.);
#1849 = CARTESIAN_POINT('',(6.92564516129,-4.75,4.977483870968));
#1850 = CARTESIAN_POINT('',(6.757258064516,-4.75,4.848774193548));
#1851 = CARTESIAN_POINT('',(6.644032258065,-4.75,4.783935483871));
#1852 = CARTESIAN_POINT('',(6.585967741935,-4.75,4.784903225806));
#1853 = CARTESIAN_POINT('',(6.557927143894,-4.75,4.785370569107));
#1854 = CARTESIAN_POINT('',(6.533709677419,-4.75,4.795548387097));
#1855 = CARTESIAN_POINT('',(6.512419354839,-4.75,4.817806451613));
#1856 = CARTESIAN_POINT('',(6.491150049358,-4.75,4.840042543706));
#1857 = CARTESIAN_POINT('',(6.479516129032,-4.75,4.865225806452));
#1858 = CARTESIAN_POINT('',(6.479516129032,-4.75,4.928129032258));
#1859 = CARTESIAN_POINT('',(6.490161290323,-4.75,4.952322580645));
#1860 = CARTESIAN_POINT('',(6.511451612903,-4.75,4.968774193548));
#1861 = CARTESIAN_POINT('',(6.532273713642,-4.75,4.984863998665));
#1862 = CARTESIAN_POINT('',(6.570483870968,-4.75,5.004580645161));
#1863 = CARTESIAN_POINT('',(6.623709677419,-4.75,5.029741935484));
#1864 = CARTESIAN_POINT('',(6.703943877418,-4.75,5.067670830029));
#1865 = CARTESIAN_POINT('',(6.767903225806,-4.75,5.107161290323));
#1866 = CARTESIAN_POINT('',(6.815322580645,-4.75,5.148774193548));
#1867 = CARTESIAN_POINT('',(6.863288652751,-4.75,5.19086686907));
#1868 = CARTESIAN_POINT('',(6.906290322581,-4.75,5.236838709677));
#1869 = CARTESIAN_POINT('',(6.979838709677,-4.75,5.339419354839));
#1870 = CARTESIAN_POINT('',(7.004032258065,-4.75,5.37135483871));
#1871 = CARTESIAN_POINT('',(7.01564516129,-4.75,5.382967741935));
#1872 = CARTESIAN_POINT('',(7.026774193548,-4.75,5.394096774194));
#1873 = CARTESIAN_POINT('',(7.047580645161,-4.75,5.40135483871));
#1874 = CARTESIAN_POINT('',(7.113387096774,-4.75,5.40135483871));
#1875 = CARTESIAN_POINT('',(7.141451612903,-4.75,5.387806451613));
#1876 = CARTESIAN_POINT('',(7.162741935484,-4.75,5.360709677419));
#1877 = CARTESIAN_POINT('',(7.184502391371,-4.75,5.333014551745));
#1878 = CARTESIAN_POINT('',(7.193709677419,-4.75,5.295870967742));
#1879 = CARTESIAN_POINT('',(7.193709677419,-4.75,5.248451612903));
#1880 = CARTESIAN_POINT('',(7.193709677419,-4.75,4.869419354839));
#1881 = CARTESIAN_POINT('',(7.193709677419,-4.75,4.490387096774));
#1882 = CARTESIAN_POINT('',(7.193709677419,-4.75,4.11135483871));
#1883 = CARTESIAN_POINT('',(7.193709677419,-4.75,3.977806451613));
#1884 = CARTESIAN_POINT('',(7.149193548387,-4.75,3.912));
#1885 = CARTESIAN_POINT('',(7.018548387097,-4.75,3.912));
#1886 = CARTESIAN_POINT('',(6.986612903226,-4.75,3.925548387097));
#1887 = CARTESIAN_POINT('',(6.961451612903,-4.75,3.95264516129));
#1888 = CARTESIAN_POINT('',(6.936738400354,-4.75,3.97925939019));
#1889 = CARTESIAN_POINT('',(6.92564516129,-4.75,4.019419354839));
#1890 = CARTESIAN_POINT('',(6.92564516129,-4.75,4.07264516129));
#1891 = FACE_BOUND('',#1892,.T.);
#1892 = EDGE_LOOP('',(#1893,#1904,#2001));
#1893 = ORIENTED_EDGE('',*,*,#1894,.T.);
#1894 = EDGE_CURVE('',#1895,#1897,#1899,.T.);
#1895 = VERTEX_POINT('',#1896);
#1896 = CARTESIAN_POINT('',(9.231774193548,-4.75,5.147806451613));
#1897 = VERTEX_POINT('',#1898);
#1898 = CARTESIAN_POINT('',(9.174677419355,-4.75,4.826516129032));
#1899 = B_SPLINE_CURVE_WITH_KNOTS('',3,(#1900,#1901,#1902,#1903),
  .UNSPECIFIED.,.F.,.F.,(4,4),(6.530457608591E-02,0.110521856133),
  .PIECEWISE_BEZIER_KNOTS.);
#1900 = CARTESIAN_POINT('',(9.231774193548,-4.75,5.147806451613));
#1901 = CARTESIAN_POINT('',(9.212741935484,-4.75,5.040709677419));
#1902 = CARTESIAN_POINT('',(9.193709677419,-4.75,4.933612903226));
#1903 = CARTESIAN_POINT('',(9.174677419355,-4.75,4.826516129032));
#1904 = ORIENTED_EDGE('',*,*,#1905,.T.);
#1905 = EDGE_CURVE('',#1897,#1906,#1908,.T.);
#1906 = VERTEX_POINT('',#1907);
#1907 = CARTESIAN_POINT('',(9.703064516129,-4.75,5.147806451613));
#1908 = B_SPLINE_CURVE_WITH_KNOTS('',3,(#1909,#1910,#1911,#1912,#1913,
    #1914,#1915,#1916,#1917,#1918,#1919,#1920,#1921,#1922,#1923,#1924,
    #1925,#1926,#1927,#1928,#1929,#1930,#1931,#1932,#1933,#1934,#1935,
    #1936,#1937,#1938,#1939,#1940,#1941,#1942,#1943,#1944,#1945,#1946,
    #1947,#1948,#1949,#1950,#1951,#1952,#1953,#1954,#1955,#1956,#1957,
    #1958,#1959,#1960,#1961,#1962,#1963,#1964,#1965,#1966,#1967,#1968,
    #1969,#1970,#1971,#1972,#1973,#1974,#1975,#1976,#1977,#1978,#1979,
    #1980,#1981,#1982,#1983,#1984,#1985,#1986,#1987,#1988,#1989,#1990,
    #1991,#1992,#1993,#1994,#1995,#1996,#1997,#1998,#1999,#2000),
  .UNSPECIFIED.,.F.,.F.,(4,2,2,3,3,2,3,3,2,3,3,2,3,2,3,3,2,3,3,2,2,2,3,3
    ,3,2,2,2,3,3,3,3,3,2,3,4),(0.110521856133,0.144463588936,
    0.171368621036,0.198273653137,0.223242393385,0.249369739926,
    0.287408082683,0.324406615404,0.363210166273,0.406246831783,
    0.436791426591,0.457584337466,0.469871057528,0.48302226507,
    0.505737987189,0.530322839388,0.55208100172,0.572312275468,
    0.59222171355,0.611800218962,0.6329835199,0.654166820838,
    0.675350121776,0.692807744079,0.710639480953,0.726954509325,
    0.744322120174,0.761689731023,0.763370467556,0.830214390908,
    0.84912069723,0.867338013422,0.939862960436,0.970280039364,
    0.98379874111,1.),.UNSPECIFIED.);
#1909 = CARTESIAN_POINT('',(9.174677419355,-4.75,4.826516129032));
#1910 = CARTESIAN_POINT('',(9.268548387097,-4.75,4.876838709677));
#1911 = CARTESIAN_POINT('',(9.35564516129,-4.75,4.902));
#1912 = CARTESIAN_POINT('',(9.497903225806,-4.75,4.902));
#1913 = CARTESIAN_POINT('',(9.557903225806,-4.75,4.890387096774));
#1914 = CARTESIAN_POINT('',(9.668225806452,-4.75,4.842));
#1915 = CARTESIAN_POINT('',(9.716612903226,-4.75,4.809096774194));
#1916 = CARTESIAN_POINT('',(9.758225806452,-4.75,4.767483870968));
#1917 = CARTESIAN_POINT('',(9.799838709677,-4.75,4.725870967742));
#1918 = CARTESIAN_POINT('',(9.831774193548,-4.75,4.675548387097));
#1919 = CARTESIAN_POINT('',(9.855967741935,-4.75,4.617483870968));
#1920 = CARTESIAN_POINT('',(9.880018133232,-4.75,4.559762931857));
#1921 = CARTESIAN_POINT('',(9.890806451613,-4.75,4.497483870968));
#1922 = CARTESIAN_POINT('',(9.890806451613,-4.75,4.335870967742));
#1923 = CARTESIAN_POINT('',(9.869516129032,-4.75,4.247806451613));
#1924 = CARTESIAN_POINT('',(9.826935483871,-4.75,4.169419354839));
#1925 = CARTESIAN_POINT('',(9.783948926946,-4.75,4.090285011408));
#1926 = CARTESIAN_POINT('',(9.722419354839,-4.75,4.027161290323));
#1927 = CARTESIAN_POINT('',(9.642096774194,-4.75,3.981677419355));
#1928 = CARTESIAN_POINT('',(9.560626475865,-4.75,3.935543635964));
#1929 = CARTESIAN_POINT('',(9.467903225806,-4.75,3.912));
#1930 = CARTESIAN_POINT('',(9.243387096774,-4.75,3.912));
#1931 = CARTESIAN_POINT('',(9.147580645161,-4.75,3.933290322581));
#1932 = CARTESIAN_POINT('',(9.074032258065,-4.75,3.976838709677));
#1933 = CARTESIAN_POINT('',(8.999767337521,-4.75,4.020811359999));
#1934 = CARTESIAN_POINT('',(8.947258064516,-4.75,4.070709677419));
#1935 = CARTESIAN_POINT('',(8.917258064516,-4.75,4.127806451613));
#1936 = CARTESIAN_POINT('',(8.887447168523,-4.75,4.18454331818));
#1937 = CARTESIAN_POINT('',(8.870806451613,-4.75,4.233290322581));
#1938 = CARTESIAN_POINT('',(8.870806451613,-4.75,4.301032258065));
#1939 = CARTESIAN_POINT('',(8.881451612903,-4.75,4.326193548387));
#1940 = CARTESIAN_POINT('',(8.902741935484,-4.75,4.349419354839));
#1941 = CARTESIAN_POINT('',(8.924474132684,-4.75,4.37312720633));
#1942 = CARTESIAN_POINT('',(8.952096774194,-4.75,4.384258064516));
#1943 = CARTESIAN_POINT('',(9.039193548387,-4.75,4.384258064516));
#1944 = CARTESIAN_POINT('',(9.080806451613,-4.75,4.35135483871));
#1945 = CARTESIAN_POINT('',(9.107903225806,-4.75,4.287483870968));
#1946 = CARTESIAN_POINT('',(9.133460650182,-4.75,4.227241370654));
#1947 = CARTESIAN_POINT('',(9.169838709677,-4.75,4.182));
#1948 = CARTESIAN_POINT('',(9.215322580645,-4.75,4.149096774194));
#1949 = CARTESIAN_POINT('',(9.260171164262,-4.75,4.11665311796));
#1950 = CARTESIAN_POINT('',(9.310161290323,-4.75,4.099741935484));
#1951 = CARTESIAN_POINT('',(9.416612903226,-4.75,4.099741935484));
#1952 = CARTESIAN_POINT('',(9.461129032258,-4.75,4.113290322581));
#1953 = CARTESIAN_POINT('',(9.499838709677,-4.75,4.139419354839));
#1954 = CARTESIAN_POINT('',(9.538997146775,-4.75,4.16585129988));
#1955 = CARTESIAN_POINT('',(9.567580645161,-4.75,4.202322580645));
#1956 = CARTESIAN_POINT('',(9.588870967742,-4.75,4.249741935484));
#1957 = CARTESIAN_POINT('',(9.609637334377,-4.75,4.295994297535));
#1958 = CARTESIAN_POINT('',(9.619838709677,-4.75,4.348451612903));
#1959 = CARTESIAN_POINT('',(9.619838709677,-4.75,4.47135483871));
#1960 = CARTESIAN_POINT('',(9.608225806452,-4.75,4.525548387097));
#1961 = CARTESIAN_POINT('',(9.563709677419,-4.75,4.616516129032));
#1962 = CARTESIAN_POINT('',(9.533709677419,-4.75,4.650387096774));
#1963 = CARTESIAN_POINT('',(9.458225806452,-4.75,4.694903225806));
#1964 = CARTESIAN_POINT('',(9.41564516129,-4.75,4.705548387097));
#1965 = CARTESIAN_POINT('',(9.370161290323,-4.75,4.706516129032));
#1966 = CARTESIAN_POINT('',(9.313110932711,-4.75,4.707729966428));
#1967 = CARTESIAN_POINT('',(9.272419354839,-4.75,4.698774193548));
#1968 = CARTESIAN_POINT('',(9.247258064516,-4.75,4.685225806452));
#1969 = CARTESIAN_POINT('',(9.222443030482,-4.75,4.671863865049));
#1970 = CARTESIAN_POINT('',(9.188225806452,-4.75,4.646516129032));
#1971 = CARTESIAN_POINT('',(9.141774193548,-4.75,4.611677419355));
#1972 = CARTESIAN_POINT('',(9.095941935484,-4.75,4.577303225806));
#1973 = CARTESIAN_POINT('',(9.058548387097,-4.75,4.560387096774));
#1974 = CARTESIAN_POINT('',(8.996612903226,-4.75,4.560387096774));
#1975 = CARTESIAN_POINT('',(8.967580645161,-4.75,4.572));
#1976 = CARTESIAN_POINT('',(8.917258064516,-4.75,4.618451612903));
#1977 = CARTESIAN_POINT('',(8.904677419355,-4.75,4.645548387097));
#1978 = CARTESIAN_POINT('',(8.904677419355,-4.75,4.678451612903));
#1979 = CARTESIAN_POINT('',(8.908548387097,-4.75,4.700709677419));
#1980 = CARTESIAN_POINT('',(8.915322580645,-4.75,4.742322580645));
#1981 = CARTESIAN_POINT('',(8.941157075359,-4.75,4.901020191033));
#1982 = CARTESIAN_POINT('',(8.970806451613,-4.75,5.059096774194));
#1983 = CARTESIAN_POINT('',(8.998548387097,-4.75,5.217483870968));
#1984 = CARTESIAN_POINT('',(9.008539422809,-4.75,5.274525714394));
#1985 = CARTESIAN_POINT('',(9.02564516129,-4.75,5.316193548387));
#1986 = CARTESIAN_POINT('',(9.050806451613,-4.75,5.34135483871));
#1987 = CARTESIAN_POINT('',(9.075967741935,-4.75,5.366516129032));
#1988 = CARTESIAN_POINT('',(9.116612903226,-4.75,5.380064516129));
#1989 = CARTESIAN_POINT('',(9.172741935484,-4.75,5.380064516129));
#1990 = CARTESIAN_POINT('',(9.347258064516,-4.75,5.380064516129));
#1991 = CARTESIAN_POINT('',(9.521774193548,-4.75,5.380064516129));
#1992 = CARTESIAN_POINT('',(9.696290322581,-4.75,5.380064516129));
#1993 = CARTESIAN_POINT('',(9.799838709677,-4.75,5.380064516129));
#1994 = CARTESIAN_POINT('',(9.851129032258,-4.75,5.34135483871));
#1995 = CARTESIAN_POINT('',(9.851129032258,-4.75,5.228129032258));
#1996 = CARTESIAN_POINT('',(9.838548387097,-4.75,5.200064516129));
#1997 = CARTESIAN_POINT('',(9.813387096774,-4.75,5.178774193548));
#1998 = CARTESIAN_POINT('',(9.788703003337,-4.75,5.157887652948));
#1999 = CARTESIAN_POINT('',(9.751451612903,-4.75,5.147806451613));
#2000 = CARTESIAN_POINT('',(9.703064516129,-4.75,5.147806451613));
#2001 = ORIENTED_EDGE('',*,*,#2002,.T.);
#2002 = EDGE_CURVE('',#1906,#1895,#2003,.T.);
#2003 = B_SPLINE_CURVE_WITH_KNOTS('',3,(#2004,#2005,#2006,#2007),
  .UNSPECIFIED.,.F.,.F.,(4,4),(0.,6.530457608591E-02),
  .PIECEWISE_BEZIER_KNOTS.);
#2004 = CARTESIAN_POINT('',(9.703064516129,-4.75,5.147806451613));
#2005 = CARTESIAN_POINT('',(9.545967741935,-4.75,5.147806451613));
#2006 = CARTESIAN_POINT('',(9.388870967742,-4.75,5.147806451613));
#2007 = CARTESIAN_POINT('',(9.231774193548,-4.75,5.147806451613));
#2008 = FACE_BOUND('',#2009,.T.);
#2009 = EDGE_LOOP('',(#2010,#2034,#2054,#2063));
#2010 = ORIENTED_EDGE('',*,*,#2011,.T.);
#2011 = EDGE_CURVE('',#2012,#2014,#2016,.T.);
#2012 = VERTEX_POINT('',#2013);
#2013 = CARTESIAN_POINT('',(12.06039807074,-4.75,1.975457877814));
#2014 = VERTEX_POINT('',#2015);
#2015 = CARTESIAN_POINT('',(12.06039807074,-4.75,1.760396784566));
#2016 = B_SPLINE_CURVE_WITH_KNOTS('',3,(#2017,#2018,#2019,#2020,#2021,
    #2022,#2023,#2024,#2025,#2026,#2027,#2028,#2029,#2030,#2031,#2032,
    #2033),.UNSPECIFIED.,.F.,.F.,(4,3,3,2,2,3,4),(0.735696688289,
    0.745222563457,0.773320077179,0.800397979583,0.822962898253,
    0.845527816922,0.85917558634),.UNSPECIFIED.);
#2017 = CARTESIAN_POINT('',(12.06039807074,-4.75,1.975457877814));
#2018 = CARTESIAN_POINT('',(12.074112111468,-4.75,1.975457877814));
#2019 = CARTESIAN_POINT('',(12.087826152197,-4.75,1.975457877814));
#2020 = CARTESIAN_POINT('',(12.101540192926,-4.75,1.975457877814));
#2021 = CARTESIAN_POINT('',(12.151097749196,-4.75,1.975457877814));
#2022 = CARTESIAN_POINT('',(12.19036977492,-4.75,1.967977491961));
#2023 = CARTESIAN_POINT('',(12.220291318328,-4.75,1.95488681672));
#2024 = CARTESIAN_POINT('',(12.25055622371,-4.75,1.941645920616));
#2025 = CARTESIAN_POINT('',(12.265173633441,-4.75,1.911874598071));
#2026 = CARTESIAN_POINT('',(12.265173633441,-4.75,1.829590353698));
#2027 = CARTESIAN_POINT('',(12.253018006431,-4.75,1.802473954984));
#2028 = CARTESIAN_POINT('',(12.204395498392,-4.75,1.76881221865));
#2029 = CARTESIAN_POINT('',(12.167928617363,-4.75,1.760396784566));
#2030 = CARTESIAN_POINT('',(12.119306109325,-4.75,1.760396784566));
#2031 = CARTESIAN_POINT('',(12.099670096463,-4.75,1.760396784566));
#2032 = CARTESIAN_POINT('',(12.080034083601,-4.75,1.760396784566));
#2033 = CARTESIAN_POINT('',(12.06039807074,-4.75,1.760396784566));
#2034 = ORIENTED_EDGE('',*,*,#2035,.T.);
#2035 = EDGE_CURVE('',#2014,#2036,#2038,.T.);
#2036 = VERTEX_POINT('',#2037);
#2037 = CARTESIAN_POINT('',(11.821025723473,-4.75,1.580867524116));
#2038 = B_SPLINE_CURVE_WITH_KNOTS('',3,(#2039,#2040,#2041,#2042,#2043,
    #2044,#2045,#2046,#2047,#2048,#2049,#2050,#2051,#2052,#2053),
  .UNSPECIFIED.,.F.,.F.,(4,3,3,2,3,4),(0.85917558634,0.90074304162,
    0.928016818471,0.950773945046,0.972947555554,1.),.UNSPECIFIED.);
#2039 = CARTESIAN_POINT('',(12.06039807074,-4.75,1.760396784566));
#2040 = CARTESIAN_POINT('',(12.06039807074,-4.75,1.700553697749));
#2041 = CARTESIAN_POINT('',(12.06039807074,-4.75,1.640710610932));
#2042 = CARTESIAN_POINT('',(12.06039807074,-4.75,1.580867524116));
#2043 = CARTESIAN_POINT('',(12.06039807074,-4.75,1.531309967846));
#2044 = CARTESIAN_POINT('',(12.050112540193,-4.75,1.494843086817));
#2045 = CARTESIAN_POINT('',(12.027671382637,-4.75,1.470531832797));
#2046 = CARTESIAN_POINT('',(12.006126437443,-4.75,1.447191475504));
#2047 = CARTESIAN_POINT('',(11.977178778135,-4.75,1.435));
#2048 = CARTESIAN_POINT('',(11.905180064309,-4.75,1.435));
#2049 = CARTESIAN_POINT('',(11.876193569132,-4.75,1.44715562701));
#2050 = CARTESIAN_POINT('',(11.853752411576,-4.75,1.471466881029));
#2051 = CARTESIAN_POINT('',(11.831275405525,-4.75,1.495816970917));
#2052 = CARTESIAN_POINT('',(11.821025723473,-4.75,1.533180064309));
#2053 = CARTESIAN_POINT('',(11.821025723473,-4.75,1.580867524116));
#2054 = ORIENTED_EDGE('',*,*,#2055,.T.);
#2055 = EDGE_CURVE('',#2036,#2056,#2058,.T.);
#2056 = VERTEX_POINT('',#2057);
#2057 = CARTESIAN_POINT('',(11.821025723473,-4.75,1.760396784566));
#2058 = B_SPLINE_CURVE_WITH_KNOTS('',3,(#2059,#2060,#2061,#2062),
  .UNSPECIFIED.,.F.,.F.,(4,4),(0.,4.156745527996E-02),
  .PIECEWISE_BEZIER_KNOTS.);
#2059 = CARTESIAN_POINT('',(11.821025723473,-4.75,1.580867524116));
#2060 = CARTESIAN_POINT('',(11.821025723473,-4.75,1.640710610932));
#2061 = CARTESIAN_POINT('',(11.821025723473,-4.75,1.700553697749));
#2062 = CARTESIAN_POINT('',(11.821025723473,-4.75,1.760396784566));
#2063 = ORIENTED_EDGE('',*,*,#2064,.T.);
#2064 = EDGE_CURVE('',#2056,#2012,#2065,.T.);
#2065 = B_SPLINE_CURVE_WITH_KNOTS('',3,(#2066,#2067,#2068,#2069,#2070,
    #2071,#2072,#2073,#2074,#2075,#2076,#2077,#2078,#2079,#2080,#2081,
    #2082,#2083,#2084,#2085,#2086,#2087,#2088,#2089,#2090,#2091,#2092,
    #2093,#2094,#2095,#2096,#2097,#2098,#2099,#2100,#2101),
  .UNSPECIFIED.,.F.,.F.,(4,3,3,2,3,3,3,3,3,3,3,3,4),(4.156745527996E-02,
    0.153063494182,0.18661100268,0.216560030369,0.22419409625,
    0.234378217493,0.245730746571,0.259327564415,0.455777528097,
    0.485309514301,0.504884885974,0.563792072282,0.735696688289),
  .UNSPECIFIED.);
#2066 = CARTESIAN_POINT('',(11.821025723473,-4.75,1.760396784566));
#2067 = CARTESIAN_POINT('',(11.660509110397,-4.75,1.760396784566));
#2068 = CARTESIAN_POINT('',(11.49999249732,-4.75,1.760396784566));
#2069 = CARTESIAN_POINT('',(11.339475884244,-4.75,1.760396784566));
#2070 = CARTESIAN_POINT('',(11.279632797428,-4.75,1.760396784566));
#2071 = CARTESIAN_POINT('',(11.233815434084,-4.75,1.774422508039));
#2072 = CARTESIAN_POINT('',(11.203893890675,-4.75,1.801538906752));
#2073 = CARTESIAN_POINT('',(11.173458948131,-4.75,1.829120573433));
#2074 = CARTESIAN_POINT('',(11.158076527331,-4.75,1.866057234727));
#2075 = CARTESIAN_POINT('',(11.158076527331,-4.75,1.925900321543));
#2076 = CARTESIAN_POINT('',(11.159946623794,-4.75,1.938055948553));
#2077 = CARTESIAN_POINT('',(11.164621864952,-4.75,1.950211575563));
#2078 = CARTESIAN_POINT('',(11.169610395465,-4.75,1.963181754898));
#2079 = CARTESIAN_POINT('',(11.17584244373,-4.75,1.976392926045));
#2080 = CARTESIAN_POINT('',(11.184257877814,-4.75,1.989483601286));
#2081 = CARTESIAN_POINT('',(11.193372066352,-4.75,2.003661227901));
#2082 = CARTESIAN_POINT('',(11.202958842444,-4.75,2.0166));
#2083 = CARTESIAN_POINT('',(11.212309324759,-4.75,2.029690675241));
#2084 = CARTESIAN_POINT('',(11.221217554532,-4.75,2.042162196924));
#2085 = CARTESIAN_POINT('',(11.233815434084,-4.75,2.057742122187));
#2086 = CARTESIAN_POINT('',(11.247841157556,-4.75,2.076443086817));
#2087 = CARTESIAN_POINT('',(11.417533710611,-4.75,2.302699824223));
#2088 = CARTESIAN_POINT('',(11.586328617363,-4.75,2.529629796356));
#2089 = CARTESIAN_POINT('',(11.755572347267,-4.75,2.756223151125));
#2090 = CARTESIAN_POINT('',(11.789144918908,-4.75,2.801172063801));
#2091 = CARTESIAN_POINT('',(11.816350482315,-4.75,2.833832154341));
#2092 = CARTESIAN_POINT('',(11.83785659164,-4.75,2.853468167203));
#2093 = CARTESIAN_POINT('',(11.859828297146,-4.75,2.873529289621));
#2094 = CARTESIAN_POINT('',(11.884609003215,-4.75,2.883389710611));
#2095 = CARTESIAN_POINT('',(11.914530546624,-4.75,2.884324758842));
#2096 = CARTESIAN_POINT('',(12.011651497765,-4.75,2.887359788566));
#2097 = CARTESIAN_POINT('',(12.06039807074,-4.75,2.828221864952));
#2098 = CARTESIAN_POINT('',(12.06039807074,-4.75,2.716951125402));
#2099 = CARTESIAN_POINT('',(12.06039807074,-4.75,2.469786709539));
#2100 = CARTESIAN_POINT('',(12.06039807074,-4.75,2.222622293676));
#2101 = CARTESIAN_POINT('',(12.06039807074,-4.75,1.975457877814));
#2102 = FACE_BOUND('',#2103,.T.);
#2103 = EDGE_LOOP('',(#2104,#2115));
#2104 = ORIENTED_EDGE('',*,*,#2105,.T.);
#2105 = EDGE_CURVE('',#2106,#2108,#2110,.T.);
#2106 = VERTEX_POINT('',#2107);
#2107 = CARTESIAN_POINT('',(8.191168488746,-4.75,2.701990353698));
#2108 = VERTEX_POINT('',#2109);
#2109 = CARTESIAN_POINT('',(8.50908488746,-4.75,1.760396784566));
#2110 = B_SPLINE_CURVE_WITH_KNOTS('',3,(#2111,#2112,#2113,#2114),
  .UNSPECIFIED.,.F.,.F.,(4,4),(0.,0.166349692689),
  .PIECEWISE_BEZIER_KNOTS.);
#2111 = CARTESIAN_POINT('',(8.191168488746,-4.75,2.701990353698));
#2112 = CARTESIAN_POINT('',(8.294572640598,-4.75,2.387282065451));
#2113 = CARTESIAN_POINT('',(8.403112754555,-4.75,2.07426130761));
#2114 = CARTESIAN_POINT('',(8.50908488746,-4.75,1.760396784566));
#2115 = ORIENTED_EDGE('',*,*,#2116,.T.);
#2116 = EDGE_CURVE('',#2108,#2106,#2117,.T.);
#2117 = B_SPLINE_CURVE_WITH_KNOTS('',3,(#2118,#2119,#2120,#2121,#2122,
    #2123,#2124,#2125,#2126,#2127,#2128,#2129,#2130,#2131,#2132,#2133,
    #2134,#2135,#2136,#2137,#2138,#2139,#2140,#2141,#2142,#2143,#2144,
    #2145,#2146,#2147,#2148,#2149,#2150,#2151,#2152,#2153,#2154,#2155,
    #2156,#2157,#2158,#2159,#2160,#2161,#2162,#2163,#2164,#2165,#2166,
    #2167,#2168,#2169,#2170,#2171,#2172,#2173,#2174,#2175,#2176,#2177,
    #2178,#2179,#2180,#2181,#2182,#2183,#2184,#2185,#2186,#2187,#2188,
    #2189,#2190,#2191,#2192),.UNSPECIFIED.,.F.,.F.,(4,3,2,3,2,3,3,2,3,2,
    3,3,3,3,3,2,3,3,3,3,3,3,3,2,3,2,3,4),(0.166349692689,0.333786852612,
    0.348707522088,0.363628191563,0.378455839542,0.389470663754,
    0.40109985793,0.412086598222,0.419577557512,0.428069710388,
    0.436561863264,0.600625182108,0.618597231037,0.634235724886,
    0.648879180466,0.665775062718,0.68267094497,0.69742170657,
    0.713208986044,0.731087837102,0.893595077672,0.902260475011,
    0.91123216021,0.917934199102,0.935978149965,0.953365886324,
    0.973988550378,1.),.UNSPECIFIED.);
#2118 = CARTESIAN_POINT('',(8.50908488746,-4.75,1.760396784566));
#2119 = CARTESIAN_POINT('',(8.615368703108,-4.75,2.076443086817));
#2120 = CARTESIAN_POINT('',(8.721652518757,-4.75,2.392489389068));
#2121 = CARTESIAN_POINT('',(8.827936334405,-4.75,2.708535691318));
#2122 = CARTESIAN_POINT('',(8.844618910502,-4.75,2.758143117013));
#2123 = CARTESIAN_POINT('',(8.856922829582,-4.75,2.792690032154));
#2124 = CARTESIAN_POINT('',(8.873753697749,-4.75,2.831962057878));
#2125 = CARTESIAN_POINT('',(8.887779421222,-4.75,2.849727974277));
#2126 = CARTESIAN_POINT('',(8.906480385852,-4.75,2.865623794212));
#2127 = CARTESIAN_POINT('',(8.925262777034,-4.75,2.881588826717));
#2128 = CARTESIAN_POINT('',(8.952297749196,-4.75,2.889));
#2129 = CARTESIAN_POINT('',(9.009335691318,-4.75,2.889));
#2130 = CARTESIAN_POINT('',(9.031776848875,-4.75,2.882454662379));
#2131 = CARTESIAN_POINT('',(9.052347909968,-4.75,2.87029903537));
#2132 = CARTESIAN_POINT('',(9.073612023655,-4.75,2.857733877282));
#2133 = CARTESIAN_POINT('',(9.089749839228,-4.75,2.842247588424));
#2134 = CARTESIAN_POINT('',(9.101905466238,-4.75,2.822611575563));
#2135 = CARTESIAN_POINT('',(9.114220511307,-4.75,2.802718041221));
#2136 = CARTESIAN_POINT('',(9.119671382637,-4.75,2.781469453376));
#2137 = CARTESIAN_POINT('',(9.119671382637,-4.75,2.74687266881));
#2138 = CARTESIAN_POINT('',(9.117801286174,-4.75,2.731911897106));
#2139 = CARTESIAN_POINT('',(9.114061093248,-4.75,2.71601607717));
#2140 = CARTESIAN_POINT('',(9.110063378841,-4.75,2.699025790944));
#2141 = CARTESIAN_POINT('',(9.104710610932,-4.75,2.683289389068));
#2142 = CARTESIAN_POINT('',(9.093490032154,-4.75,2.651497749196));
#2143 = CARTESIAN_POINT('',(9.087879742765,-4.75,2.63560192926));
#2144 = CARTESIAN_POINT('',(9.082269453376,-4.75,2.619706109325));
#2145 = CARTESIAN_POINT('',(8.973544922088,-4.75,2.311653270674));
#2146 = CARTESIAN_POINT('',(8.855364415863,-4.75,2.006937834941));
#2147 = CARTESIAN_POINT('',(8.741911897106,-4.75,1.700553697749));
#2148 = CARTESIAN_POINT('',(8.728875417619,-4.75,1.665348040233));
#2149 = CARTESIAN_POINT('',(8.717600643087,-4.75,1.631360128617));
#2150 = CARTESIAN_POINT('',(8.705445016077,-4.75,1.599568488746));
#2151 = CARTESIAN_POINT('',(8.693601307044,-4.75,1.568592634351));
#2152 = CARTESIAN_POINT('',(8.679263665595,-4.75,1.540660450161));
#2153 = CARTESIAN_POINT('',(8.663367845659,-4.75,1.516349196141));
#2154 = CARTESIAN_POINT('',(8.647900306882,-4.75,1.492692960365));
#2155 = CARTESIAN_POINT('',(8.625965916399,-4.75,1.47240192926));
#2156 = CARTESIAN_POINT('',(8.599784565916,-4.75,1.457441157556));
#2157 = CARTESIAN_POINT('',(8.572898332921,-4.75,1.442077595845));
#2158 = CARTESIAN_POINT('',(8.540876527331,-4.75,1.435));
#2159 = CARTESIAN_POINT('',(8.464202572347,-4.75,1.435));
#2160 = CARTESIAN_POINT('',(8.431475884244,-4.75,1.442480385852));
#2161 = CARTESIAN_POINT('',(8.405294533762,-4.75,1.457441157556));
#2162 = CARTESIAN_POINT('',(8.378408300767,-4.75,1.472804719268));
#2163 = CARTESIAN_POINT('',(8.357607073955,-4.75,1.492037942122));
#2164 = CARTESIAN_POINT('',(8.340776205788,-4.75,1.516349196141));
#2165 = CARTESIAN_POINT('',(8.323810690675,-4.75,1.540854940193));
#2166 = CARTESIAN_POINT('',(8.310854662379,-4.75,1.568711897106));
#2167 = CARTESIAN_POINT('',(8.29869903537,-4.75,1.600503536978));
#2168 = CARTESIAN_POINT('',(8.286855326336,-4.75,1.631479391373));
#2169 = CARTESIAN_POINT('',(8.27438778135,-4.75,1.665021864952));
#2170 = CARTESIAN_POINT('',(8.261297106109,-4.75,1.700553697749));
#2171 = CARTESIAN_POINT('',(8.149419725512,-4.75,2.004220873657));
#2172 = CARTESIAN_POINT('',(8.03875562701,-4.75,2.308335048232));
#2173 = CARTESIAN_POINT('',(7.92748488746,-4.75,2.612225723473));
#2174 = CARTESIAN_POINT('',(7.921689400975,-4.75,2.62805373278));
#2175 = CARTESIAN_POINT('',(7.91532926045,-4.75,2.644017363344));
#2176 = CARTESIAN_POINT('',(7.909718971061,-4.75,2.660848231511));
#2177 = CARTESIAN_POINT('',(7.904389196141,-4.75,2.67683755627));
#2178 = CARTESIAN_POINT('',(7.898498392283,-4.75,2.693574919614));
#2179 = CARTESIAN_POINT('',(7.894758199357,-4.75,2.712275884244));
#2180 = CARTESIAN_POINT('',(7.890982043037,-4.75,2.731156665842));
#2181 = CARTESIAN_POINT('',(7.888212861736,-4.75,2.74687266881));
#2182 = CARTESIAN_POINT('',(7.888212861736,-4.75,2.791754983923));
#2183 = CARTESIAN_POINT('',(7.901303536977,-4.75,2.821676527331));
#2184 = CARTESIAN_POINT('',(7.92748488746,-4.75,2.848792926045));
#2185 = CARTESIAN_POINT('',(7.953199001534,-4.75,2.875425401336));
#2186 = CARTESIAN_POINT('',(7.986392926045,-4.75,2.889));
#2187 = CARTESIAN_POINT('',(8.074287459807,-4.75,2.889));
#2188 = CARTESIAN_POINT('',(8.108884244373,-4.75,2.874039228296));
#2189 = CARTESIAN_POINT('',(8.129455305466,-4.75,2.844117684887));
#2190 = CARTESIAN_POINT('',(8.149726258241,-4.75,2.814632662669));
#2191 = CARTESIAN_POINT('',(8.169662379421,-4.75,2.767443729904));
#2192 = CARTESIAN_POINT('',(8.191168488746,-4.75,2.701990353698));
#2193 = FACE_BOUND('',#2194,.T.);
#2194 = EDGE_LOOP('',(#2195,#2206,#2302));
#2195 = ORIENTED_EDGE('',*,*,#2196,.T.);
#2196 = EDGE_CURVE('',#2197,#2199,#2201,.T.);
#2197 = VERTEX_POINT('',#2198);
#2198 = CARTESIAN_POINT('',(7.11679807074,-4.75,2.62905659164));
#2199 = VERTEX_POINT('',#2200);
#2200 = CARTESIAN_POINT('',(7.062565273312,-4.75,2.318620578778));
#2201 = B_SPLINE_CURVE_WITH_KNOTS('',3,(#2202,#2203,#2204,#2205),
  .UNSPECIFIED.,.F.,.F.,(4,4),(6.531272526906E-02,0.110512375163),
  .PIECEWISE_BEZIER_KNOTS.);
#2202 = CARTESIAN_POINT('',(7.11679807074,-4.75,2.62905659164));
#2203 = CARTESIAN_POINT('',(7.098720471597,-4.75,2.525577920686));
#2204 = CARTESIAN_POINT('',(7.080642872454,-4.75,2.422099249732));
#2205 = CARTESIAN_POINT('',(7.062565273312,-4.75,2.318620578778));
#2206 = ORIENTED_EDGE('',*,*,#2207,.T.);
#2207 = EDGE_CURVE('',#2199,#2208,#2210,.T.);
#2208 = VERTEX_POINT('',#2209);
#2209 = CARTESIAN_POINT('',(7.572166559486,-4.75,2.62905659164));
#2210 = B_SPLINE_CURVE_WITH_KNOTS('',3,(#2211,#2212,#2213,#2214,#2215,
    #2216,#2217,#2218,#2219,#2220,#2221,#2222,#2223,#2224,#2225,#2226,
    #2227,#2228,#2229,#2230,#2231,#2232,#2233,#2234,#2235,#2236,#2237,
    #2238,#2239,#2240,#2241,#2242,#2243,#2244,#2245,#2246,#2247,#2248,
    #2249,#2250,#2251,#2252,#2253,#2254,#2255,#2256,#2257,#2258,#2259,
    #2260,#2261,#2262,#2263,#2264,#2265,#2266,#2267,#2268,#2269,#2270,
    #2271,#2272,#2273,#2274,#2275,#2276,#2277,#2278,#2279,#2280,#2281,
    #2282,#2283,#2284,#2285,#2286,#2287,#2288,#2289,#2290,#2291,#2292,
    #2293,#2294,#2295,#2296,#2297,#2298,#2299,#2300,#2301),
  .UNSPECIFIED.,.F.,.F.,(4,2,2,3,3,2,3,3,2,2,3,2,2,2,3,3,2,3,3,2,3,2,3,3
    ,3,2,2,2,3,3,3,3,3,2,3,4),(0.110512375163,0.144092772439,
    0.171120897075,0.198149021712,0.223133662466,0.249269876099,
    0.287321128301,0.324430280903,0.359127171508,0.397962223377,
    0.436797275246,0.458167713538,0.470795699802,0.483423686065,
    0.505618328588,0.530194053705,0.551966546617,0.572211145289,
    0.592127255814,0.614104054433,0.637882229987,0.656601812165,
    0.675321394343,0.692654901956,0.710488241062,0.72615531617,
    0.743911334626,0.761667353083,0.763385677449,0.830237794341,
    0.849092954079,0.867434155788,0.939978634653,0.970318403757,
    0.98380274558,1.),.UNSPECIFIED.);
#2211 = CARTESIAN_POINT('',(7.062565273312,-4.75,2.318620578778));
#2212 = CARTESIAN_POINT('',(7.153264951768,-4.75,2.367243086817));
#2213 = CARTESIAN_POINT('',(7.236484244373,-4.75,2.391554340836));
#2214 = CARTESIAN_POINT('',(7.374871382637,-4.75,2.391554340836));
#2215 = CARTESIAN_POINT('',(7.431909324759,-4.75,2.380333762058));
#2216 = CARTESIAN_POINT('',(7.538504823151,-4.75,2.333581350482));
#2217 = CARTESIAN_POINT('',(7.585257234727,-4.75,2.301789710611));
#2218 = CARTESIAN_POINT('',(7.625464308682,-4.75,2.261582636656));
#2219 = CARTESIAN_POINT('',(7.666138906752,-4.75,2.220908038585));
#2220 = CARTESIAN_POINT('',(7.697463022508,-4.75,2.172753054662));
#2221 = CARTESIAN_POINT('',(7.719904180064,-4.75,2.116650160772));
#2222 = CARTESIAN_POINT('',(7.74247430979,-4.75,2.060224836456));
#2223 = CARTESIAN_POINT('',(7.75450096463,-4.75,2.000704180064));
#2224 = CARTESIAN_POINT('',(7.75450096463,-4.75,1.844551125402));
#2225 = CARTESIAN_POINT('',(7.733929903537,-4.75,1.759461736334));
#2226 = CARTESIAN_POINT('',(7.69278778135,-4.75,1.683722829582));
#2227 = CARTESIAN_POINT('',(7.651253460518,-4.75,1.607261920776));
#2228 = CARTESIAN_POINT('',(7.591802572347,-4.75,1.54627073955));
#2229 = CARTESIAN_POINT('',(7.5132585209,-4.75,1.502323472669));
#2230 = CARTESIAN_POINT('',(7.435028137009,-4.75,1.458551710253));
#2231 = CARTESIAN_POINT('',(7.344949839228,-4.75,1.435));
#2232 = CARTESIAN_POINT('',(7.128953697749,-4.75,1.435));
#2233 = CARTESIAN_POINT('',(7.035448874598,-4.75,1.455571061093));
#2234 = CARTESIAN_POINT('',(6.893321543408,-4.75,1.539725401929));
#2235 = CARTESIAN_POINT('',(6.842828938907,-4.75,1.588347909968));
#2236 = CARTESIAN_POINT('',(6.812907395498,-4.75,1.643515755627));
#2237 = CARTESIAN_POINT('',(6.783590260625,-4.75,1.69756922305));
#2238 = CARTESIAN_POINT('',(6.768960128617,-4.75,1.745436012862));
#2239 = CARTESIAN_POINT('',(6.768960128617,-4.75,1.810889389068));
#2240 = CARTESIAN_POINT('',(6.779245659164,-4.75,1.835200643087));
#2241 = CARTESIAN_POINT('',(6.82038778135,-4.75,1.880082958199));
#2242 = CARTESIAN_POINT('',(6.846569131833,-4.75,1.891303536978));
#2243 = CARTESIAN_POINT('',(6.9316585209,-4.75,1.891303536978));
#2244 = CARTESIAN_POINT('',(6.970930546624,-4.75,1.859511897106));
#2245 = CARTESIAN_POINT('',(6.997111897106,-4.75,1.797798713826));
#2246 = CARTESIAN_POINT('',(7.021948524529,-4.75,1.739255234902));
#2247 = CARTESIAN_POINT('',(7.057890032154,-4.75,1.695878456592));
#2248 = CARTESIAN_POINT('',(7.100902250804,-4.75,1.66408681672));
#2249 = CARTESIAN_POINT('',(7.144519164459,-4.75,1.631848228367));
#2250 = CARTESIAN_POINT('',(7.193472025723,-4.75,1.616399356913));
#2251 = CARTESIAN_POINT('',(7.29632733119,-4.75,1.616399356913));
#2252 = CARTESIAN_POINT('',(7.339339549839,-4.75,1.629490032154));
#2253 = CARTESIAN_POINT('',(7.375806430868,-4.75,1.654736334405));
#2254 = CARTESIAN_POINT('',(7.413343007074,-4.75,1.680723194855));
#2255 = CARTESIAN_POINT('',(7.442194855305,-4.75,1.715514469453));
#2256 = CARTESIAN_POINT('',(7.461830868167,-4.75,1.761331832797));
#2257 = CARTESIAN_POINT('',(7.481273422774,-4.75,1.806697793547));
#2258 = CARTESIAN_POINT('',(7.491752411576,-4.75,1.856706752412));
#2259 = CARTESIAN_POINT('',(7.491752411576,-4.75,1.975457877814));
#2260 = CARTESIAN_POINT('',(7.481466881029,-4.75,2.027820578778));
#2261 = CARTESIAN_POINT('',(7.459960771704,-4.75,2.071767845659));
#2262 = CARTESIAN_POINT('',(7.438274004777,-4.75,2.116084282423));
#2263 = CARTESIAN_POINT('',(7.408533118971,-4.75,2.148441800643));
#2264 = CARTESIAN_POINT('',(7.335599356913,-4.75,2.191454019293));
#2265 = CARTESIAN_POINT('',(7.295392282958,-4.75,2.201739549839));
#2266 = CARTESIAN_POINT('',(7.250509967846,-4.75,2.202674598071));
#2267 = CARTESIAN_POINT('',(7.195385527896,-4.75,2.203823023903));
#2268 = CARTESIAN_POINT('',(7.156070096463,-4.75,2.195194212219));
#2269 = CARTESIAN_POINT('',(7.132693890675,-4.75,2.182103536978));
#2270 = CARTESIAN_POINT('',(7.108919065057,-4.75,2.168789634631));
#2271 = CARTESIAN_POINT('',(7.074720900322,-4.75,2.144701607717));
#2272 = CARTESIAN_POINT('',(7.030773633441,-4.75,2.111039871383));
#2273 = CARTESIAN_POINT('',(6.986237059414,-4.75,2.076926750852));
#2274 = CARTESIAN_POINT('',(6.949424437299,-4.75,2.061482315113));
#2275 = CARTESIAN_POINT('',(6.889581350482,-4.75,2.061482315113));
#2276 = CARTESIAN_POINT('',(6.861529903537,-4.75,2.072702893891));
#2277 = CARTESIAN_POINT('',(6.812907395498,-4.75,2.117585209003));
#2278 = CARTESIAN_POINT('',(6.800751768489,-4.75,2.143766559486));
#2279 = CARTESIAN_POINT('',(6.800751768489,-4.75,2.175558199357));
#2280 = CARTESIAN_POINT('',(6.804491961415,-4.75,2.197064308682));
#2281 = CARTESIAN_POINT('',(6.811972347267,-4.75,2.237271382637));
#2282 = CARTESIAN_POINT('',(6.840388428807,-4.75,2.390007820917));
#2283 = CARTESIAN_POINT('',(6.865581779207,-4.75,2.543343837085));
#2284 = CARTESIAN_POINT('',(6.892386495177,-4.75,2.696380064309));
#2285 = CARTESIAN_POINT('',(6.902012166773,-4.75,2.75133593354));
#2286 = CARTESIAN_POINT('',(6.917632797428,-4.75,2.791754983923));
#2287 = CARTESIAN_POINT('',(6.941944051447,-4.75,2.816066237942));
#2288 = CARTESIAN_POINT('',(6.966722829582,-4.75,2.840845016077));
#2289 = CARTESIAN_POINT('',(7.00552733119,-4.75,2.853468167203));
#2290 = CARTESIAN_POINT('',(7.060695176849,-4.75,2.853468167203));
#2291 = CARTESIAN_POINT('',(7.229315541265,-4.75,2.853468167203));
#2292 = CARTESIAN_POINT('',(7.397935905681,-4.75,2.853468167203));
#2293 = CARTESIAN_POINT('',(7.566556270096,-4.75,2.853468167203));
#2294 = CARTESIAN_POINT('',(7.665671382637,-4.75,2.853468167203));
#2295 = CARTESIAN_POINT('',(7.715228938907,-4.75,2.816066237942));
#2296 = CARTESIAN_POINT('',(7.715228938907,-4.75,2.706665594855));
#2297 = CARTESIAN_POINT('',(7.703073311897,-4.75,2.679549196141));
#2298 = CARTESIAN_POINT('',(7.678762057878,-4.75,2.658978135048));
#2299 = CARTESIAN_POINT('',(7.655456786783,-4.75,2.639258290276));
#2300 = CARTESIAN_POINT('',(7.618918971061,-4.75,2.62905659164));
#2301 = CARTESIAN_POINT('',(7.572166559486,-4.75,2.62905659164));
#2302 = ORIENTED_EDGE('',*,*,#2303,.T.);
#2303 = EDGE_CURVE('',#2208,#2197,#2304,.T.);
#2304 = B_SPLINE_CURVE_WITH_KNOTS('',3,(#2305,#2306,#2307,#2308),
  .UNSPECIFIED.,.F.,.F.,(4,4),(0.,6.531272526906E-02),
  .PIECEWISE_BEZIER_KNOTS.);
#2305 = CARTESIAN_POINT('',(7.572166559486,-4.75,2.62905659164));
#2306 = CARTESIAN_POINT('',(7.420377063237,-4.75,2.62905659164));
#2307 = CARTESIAN_POINT('',(7.268587566988,-4.75,2.62905659164));
#2308 = CARTESIAN_POINT('',(7.11679807074,-4.75,2.62905659164));
#2309 = FACE_BOUND('',#2310,.T.);
#2310 = EDGE_LOOP('',(#2311,#2322));
#2311 = ORIENTED_EDGE('',*,*,#2312,.T.);
#2312 = EDGE_CURVE('',#2313,#2315,#2317,.T.);
#2313 = VERTEX_POINT('',#2314);
#2314 = CARTESIAN_POINT('',(4.149890032154,-4.75,2.701990353698));
#2315 = VERTEX_POINT('',#2316);
#2316 = CARTESIAN_POINT('',(4.467806430868,-4.75,1.760396784566));
#2317 = B_SPLINE_CURVE_WITH_KNOTS('',3,(#2318,#2319,#2320,#2321),
  .UNSPECIFIED.,.F.,.F.,(4,4),(0.,0.16635285277),
  .PIECEWISE_BEZIER_KNOTS.);
#2318 = CARTESIAN_POINT('',(4.149890032154,-4.75,2.701990353698));
#2319 = CARTESIAN_POINT('',(4.253294184007,-4.75,2.387282065451));
#2320 = CARTESIAN_POINT('',(4.361834297964,-4.75,2.07426130761));
#2321 = CARTESIAN_POINT('',(4.467806430868,-4.75,1.760396784566));
#2322 = ORIENTED_EDGE('',*,*,#2323,.T.);
#2323 = EDGE_CURVE('',#2315,#2313,#2324,.T.);
#2324 = B_SPLINE_CURVE_WITH_KNOTS('',3,(#2325,#2326,#2327,#2328,#2329,
    #2330,#2331,#2332,#2333,#2334,#2335,#2336,#2337,#2338,#2339,#2340,
    #2341,#2342,#2343,#2344,#2345,#2346,#2347,#2348,#2349,#2350,#2351,
    #2352,#2353,#2354,#2355,#2356,#2357,#2358,#2359,#2360,#2361,#2362,
    #2363,#2364,#2365,#2366,#2367,#2368,#2369,#2370,#2371,#2372,#2373,
    #2374,#2375,#2376,#2377,#2378,#2379,#2380,#2381,#2382,#2383,#2384,
    #2385,#2386,#2387,#2388,#2389,#2390,#2391,#2392,#2393,#2394,#2395,
    #2396,#2397,#2398,#2399),.UNSPECIFIED.,.F.,.F.,(4,3,2,3,2,3,3,2,3,2,
    3,3,3,3,3,2,3,3,3,3,3,3,3,2,3,2,3,4),(0.16635285277,0.333793193432,
    0.348721102083,0.363649010735,0.378467140187,0.389474893494,
    0.401104308585,0.412103753451,0.419603374951,0.428073225894,
    0.436543076837,0.600609512329,0.618581902666,0.634220693593,
    0.648864427349,0.665760630566,0.682656833783,0.697407875597,
    0.713203877307,0.731083300059,0.893593627715,0.902259189668,
    0.911231045299,0.917933211506,0.935977505143,0.952960942871,
    0.973988056249,1.),.UNSPECIFIED.);
#2325 = CARTESIAN_POINT('',(4.467806430868,-4.75,1.760396784566));
#2326 = CARTESIAN_POINT('',(4.574090246517,-4.75,2.076443086817));
#2327 = CARTESIAN_POINT('',(4.680374062165,-4.75,2.392489389068));
#2328 = CARTESIAN_POINT('',(4.786657877814,-4.75,2.708535691318));
#2329 = CARTESIAN_POINT('',(4.80334045391,-4.75,2.758143117013));
#2330 = CARTESIAN_POINT('',(4.81564437299,-4.75,2.792690032154));
#2331 = CARTESIAN_POINT('',(4.832475241158,-4.75,2.831962057878));
#2332 = CARTESIAN_POINT('',(4.845565916399,-4.75,2.849727974277));
#2333 = CARTESIAN_POINT('',(4.86520192926,-4.75,2.865623794212));
#2334 = CARTESIAN_POINT('',(4.88438066511,-4.75,2.881149437519));
#2335 = CARTESIAN_POINT('',(4.911019292605,-4.75,2.889));
#2336 = CARTESIAN_POINT('',(4.968057234727,-4.75,2.889));
#2337 = CARTESIAN_POINT('',(4.990498392283,-4.75,2.882454662379));
#2338 = CARTESIAN_POINT('',(5.011069453376,-4.75,2.87029903537));
#2339 = CARTESIAN_POINT('',(5.032333567064,-4.75,2.857733877282));
#2340 = CARTESIAN_POINT('',(5.048471382637,-4.75,2.842247588424));
#2341 = CARTESIAN_POINT('',(5.060627009646,-4.75,2.822611575563));
#2342 = CARTESIAN_POINT('',(5.072942054715,-4.75,2.802718041221));
#2343 = CARTESIAN_POINT('',(5.078392926045,-4.75,2.781469453376));
#2344 = CARTESIAN_POINT('',(5.078392926045,-4.75,2.74687266881));
#2345 = CARTESIAN_POINT('',(5.07558778135,-4.75,2.731911897106));
#2346 = CARTESIAN_POINT('',(5.071847588424,-4.75,2.71601607717));
#2347 = CARTESIAN_POINT('',(5.067898925729,-4.75,2.699234260714));
#2348 = CARTESIAN_POINT('',(5.063432154341,-4.75,2.683289389068));
#2349 = CARTESIAN_POINT('',(5.052211575563,-4.75,2.651497749196));
#2350 = CARTESIAN_POINT('',(5.046601286174,-4.75,2.63560192926));
#2351 = CARTESIAN_POINT('',(5.040990996785,-4.75,2.619706109325));
#2352 = CARTESIAN_POINT('',(4.932266465496,-4.75,2.311653270674));
#2353 = CARTESIAN_POINT('',(4.814085959271,-4.75,2.006937834941));
#2354 = CARTESIAN_POINT('',(4.700633440514,-4.75,1.700553697749));
#2355 = CARTESIAN_POINT('',(4.687596961027,-4.75,1.665348040233));
#2356 = CARTESIAN_POINT('',(4.676322186495,-4.75,1.631360128617));
#2357 = CARTESIAN_POINT('',(4.664166559486,-4.75,1.599568488746));
#2358 = CARTESIAN_POINT('',(4.652322850452,-4.75,1.568592634351));
#2359 = CARTESIAN_POINT('',(4.637985209003,-4.75,1.540660450161));
#2360 = CARTESIAN_POINT('',(4.622089389068,-4.75,1.516349196141));
#2361 = CARTESIAN_POINT('',(4.606621850291,-4.75,1.492692960365));
#2362 = CARTESIAN_POINT('',(4.584687459807,-4.75,1.47240192926));
#2363 = CARTESIAN_POINT('',(4.558506109325,-4.75,1.457441157556));
#2364 = CARTESIAN_POINT('',(4.531619876329,-4.75,1.442077595845));
#2365 = CARTESIAN_POINT('',(4.49959807074,-4.75,1.435));
#2366 = CARTESIAN_POINT('',(4.422924115756,-4.75,1.435));
#2367 = CARTESIAN_POINT('',(4.390197427653,-4.75,1.442480385852));
#2368 = CARTESIAN_POINT('',(4.36401607717,-4.75,1.457441157556));
#2369 = CARTESIAN_POINT('',(4.337129844175,-4.75,1.472804719268));
#2370 = CARTESIAN_POINT('',(4.316328617363,-4.75,1.492037942122));
#2371 = CARTESIAN_POINT('',(4.299497749196,-4.75,1.516349196141));
#2372 = CARTESIAN_POINT('',(4.282532234084,-4.75,1.540854940193));
#2373 = CARTESIAN_POINT('',(4.268641157556,-4.75,1.568711897106));
#2374 = CARTESIAN_POINT('',(4.257420578778,-4.75,1.600503536978));
#2375 = CARTESIAN_POINT('',(4.246389886718,-4.75,1.631757164482));
#2376 = CARTESIAN_POINT('',(4.233109324759,-4.75,1.665021864952));
#2377 = CARTESIAN_POINT('',(4.220018649518,-4.75,1.700553697749));
#2378 = CARTESIAN_POINT('',(4.10814126892,-4.75,2.004220873657));
#2379 = CARTESIAN_POINT('',(3.997477170418,-4.75,2.308335048232));
#2380 = CARTESIAN_POINT('',(3.886206430868,-4.75,2.612225723473));
#2381 = CARTESIAN_POINT('',(3.880410944384,-4.75,2.62805373278));
#2382 = CARTESIAN_POINT('',(3.874050803859,-4.75,2.644017363344));
#2383 = CARTESIAN_POINT('',(3.868440514469,-4.75,2.660848231511));
#2384 = CARTESIAN_POINT('',(3.86311073955,-4.75,2.67683755627));
#2385 = CARTESIAN_POINT('',(3.857219935691,-4.75,2.693574919614));
#2386 = CARTESIAN_POINT('',(3.853479742765,-4.75,2.712275884244));
#2387 = CARTESIAN_POINT('',(3.849703586446,-4.75,2.731156665842));
#2388 = CARTESIAN_POINT('',(3.846934405145,-4.75,2.74687266881));
#2389 = CARTESIAN_POINT('',(3.846934405145,-4.75,2.791754983923));
#2390 = CARTESIAN_POINT('',(3.860025080386,-4.75,2.821676527331));
#2391 = CARTESIAN_POINT('',(3.886206430868,-4.75,2.848792926045));
#2392 = CARTESIAN_POINT('',(3.911920544942,-4.75,2.875425401336));
#2393 = CARTESIAN_POINT('',(3.945114469453,-4.75,2.889));
#2394 = CARTESIAN_POINT('',(4.033009003215,-4.75,2.889));
#2395 = CARTESIAN_POINT('',(4.067605787781,-4.75,2.874039228296));
#2396 = CARTESIAN_POINT('',(4.088176848875,-4.75,2.844117684887));
#2397 = CARTESIAN_POINT('',(4.10844780165,-4.75,2.814632662669));
#2398 = CARTESIAN_POINT('',(4.12838392283,-4.75,2.767443729904));
#2399 = CARTESIAN_POINT('',(4.149890032154,-4.75,2.701990353698));
#2400 = FACE_BOUND('',#2401,.T.);
#2401 = EDGE_LOOP('',(#2402));
#2402 = ORIENTED_EDGE('',*,*,#2403,.T.);
#2403 = EDGE_CURVE('',#2404,#2404,#2406,.T.);
#2404 = VERTEX_POINT('',#2405);
#2405 = CARTESIAN_POINT('',(0.5,-4.75,2.));
#2406 = ( BOUNDED_CURVE() B_SPLINE_CURVE(2,(#2407,#2408,#2409,#2410,
#2411,#2412,#2413),.UNSPECIFIED.,.T.,.F.) B_SPLINE_CURVE_WITH_KNOTS((1,2
    ,2,2,2,1),(-2.094395102393,0.,2.094395102393,4.188790204786,
6.28318530718,8.377580409573),.UNSPECIFIED.) CURVE() 
GEOMETRIC_REPRESENTATION_ITEM() RATIONAL_B_SPLINE_CURVE((1.,0.5,1.,0.5,
1.,0.5,1.)) REPRESENTATION_ITEM('') );
#2407 = CARTESIAN_POINT('',(0.5,-4.75,2.));
#2408 = CARTESIAN_POINT('',(0.5,-4.75,1.133974596216));
#2409 = CARTESIAN_POINT('',(-0.25,-4.75,1.566987298108));
#2410 = CARTESIAN_POINT('',(-1.,-4.75,2.));
#2411 = CARTESIAN_POINT('',(-0.25,-4.75,2.433012701892));
#2412 = CARTESIAN_POINT('',(0.5,-4.75,2.866025403784));
#2413 = CARTESIAN_POINT('',(0.5,-4.75,2.));
#2414 = FACE_BOUND('',#2415,.T.);
#2415 = EDGE_LOOP('',(#2416,#2425,#2432,#2439,#2446,#2453,#2460,#2467,
    #2474,#2481,#2488,#2495,#2502));
#2416 = ORIENTED_EDGE('',*,*,#2417,.T.);
#2417 = EDGE_CURVE('',#2418,#2420,#2422,.T.);
#2418 = VERTEX_POINT('',#2419);
#2419 = CARTESIAN_POINT('',(4.090711178691,-4.75,9.30957727337));
#2420 = VERTEX_POINT('',#2421);
#2421 = CARTESIAN_POINT('',(4.911244305637,-4.75,9.30957727337));
#2422 = B_SPLINE_CURVE_WITH_KNOTS('',1,(#2423,#2424),.UNSPECIFIED.,.F.,
  .F.,(2,2),(0.,0.820533126946),.PIECEWISE_BEZIER_KNOTS.);
#2423 = CARTESIAN_POINT('',(4.090711178691,-4.75,9.30957727337));
#2424 = CARTESIAN_POINT('',(4.911244305637,-4.75,9.30957727337));
#2425 = ORIENTED_EDGE('',*,*,#2426,.T.);
#2426 = EDGE_CURVE('',#2420,#2427,#2429,.T.);
#2427 = VERTEX_POINT('',#2428);
#2428 = CARTESIAN_POINT('',(3.328181255546,-4.75,6.565671717815));
#2429 = B_SPLINE_CURVE_WITH_KNOTS('',1,(#2430,#2431),.UNSPECIFIED.,.F.,
  .F.,(2,2),(0.,3.167823593316),.PIECEWISE_BEZIER_KNOTS.);
#2430 = CARTESIAN_POINT('',(4.911244305637,-4.75,9.30957727337));
#2431 = CARTESIAN_POINT('',(3.328181255546,-4.75,6.565671717815));
#2432 = ORIENTED_EDGE('',*,*,#2433,.T.);
#2433 = EDGE_CURVE('',#2427,#2434,#2436,.T.);
#2434 = VERTEX_POINT('',#2435);
#2435 = CARTESIAN_POINT('',(2.638509015225,-4.75,6.565671717815));
#2436 = B_SPLINE_CURVE_WITH_KNOTS('',1,(#2437,#2438),.UNSPECIFIED.,.F.,
  .F.,(2,2),(0.,0.689672240321),.PIECEWISE_BEZIER_KNOTS.);
#2437 = CARTESIAN_POINT('',(3.328181255546,-4.75,6.565671717815));
#2438 = CARTESIAN_POINT('',(2.638509015225,-4.75,6.565671717815));
#2439 = ORIENTED_EDGE('',*,*,#2440,.T.);
#2440 = EDGE_CURVE('',#2434,#2441,#2443,.T.);
#2441 = VERTEX_POINT('',#2442);
#2442 = CARTESIAN_POINT('',(2.597128680806,-4.75,6.956196717815));
#2443 = B_SPLINE_CURVE_WITH_KNOTS('',1,(#2444,#2445),.UNSPECIFIED.,.F.,
  .F.,(2,2),(0.,0.39271122686),.PIECEWISE_BEZIER_KNOTS.);
#2444 = CARTESIAN_POINT('',(2.638509015225,-4.75,6.565671717815));
#2445 = CARTESIAN_POINT('',(2.597128680806,-4.75,6.956196717815));
#2446 = ORIENTED_EDGE('',*,*,#2447,.T.);
#2447 = EDGE_CURVE('',#2441,#2448,#2450,.T.);
#2448 = VERTEX_POINT('',#2449);
#2449 = CARTESIAN_POINT('',(2.36865264632,-4.75,6.565671717815));
#2450 = B_SPLINE_CURVE_WITH_KNOTS('',1,(#2451,#2452),.UNSPECIFIED.,.F.,
  .F.,(2,2),(0.,0.452450078969),.PIECEWISE_BEZIER_KNOTS.);
#2451 = CARTESIAN_POINT('',(2.597128680806,-4.75,6.956196717815));
#2452 = CARTESIAN_POINT('',(2.36865264632,-4.75,6.565671717815));
#2453 = ORIENTED_EDGE('',*,*,#2454,.T.);
#2454 = EDGE_CURVE('',#2448,#2455,#2457,.T.);
#2455 = VERTEX_POINT('',#2456);
#2456 = CARTESIAN_POINT('',(1.658467077825,-4.75,6.565671717815));
#2457 = B_SPLINE_CURVE_WITH_KNOTS('',1,(#2458,#2459),.UNSPECIFIED.,.F.,
  .F.,(2,2),(0.,0.710185568495),.PIECEWISE_BEZIER_KNOTS.);
#2458 = CARTESIAN_POINT('',(2.36865264632,-4.75,6.565671717815));
#2459 = CARTESIAN_POINT('',(1.658467077825,-4.75,6.565671717815));
#2460 = ORIENTED_EDGE('',*,*,#2461,.T.);
#2461 = EDGE_CURVE('',#2455,#2462,#2464,.T.);
#2462 = VERTEX_POINT('',#2463);
#2463 = CARTESIAN_POINT('',(1.513459068322,-4.75,9.30957727337));
#2464 = B_SPLINE_CURVE_WITH_KNOTS('',1,(#2465,#2466),.UNSPECIFIED.,.F.,
  .F.,(2,2),(0.,2.747734525137),.PIECEWISE_BEZIER_KNOTS.);
#2465 = CARTESIAN_POINT('',(1.658467077825,-4.75,6.565671717815));
#2466 = CARTESIAN_POINT('',(1.513459068322,-4.75,9.30957727337));
#2467 = ORIENTED_EDGE('',*,*,#2468,.T.);
#2468 = EDGE_CURVE('',#2462,#2469,#2471,.T.);
#2469 = VERTEX_POINT('',#2470);
#2470 = CARTESIAN_POINT('',(2.226827739464,-4.75,9.30957727337));
#2471 = B_SPLINE_CURVE_WITH_KNOTS('',1,(#2472,#2473),.UNSPECIFIED.,.F.,
  .F.,(2,2),(0.,0.713368671142),.PIECEWISE_BEZIER_KNOTS.);
#2472 = CARTESIAN_POINT('',(1.513459068322,-4.75,9.30957727337));
#2473 = CARTESIAN_POINT('',(2.226827739464,-4.75,9.30957727337));
#2474 = ORIENTED_EDGE('',*,*,#2475,.T.);
#2475 = EDGE_CURVE('',#2469,#2476,#2478,.T.);
#2476 = VERTEX_POINT('',#2477);
#2477 = CARTESIAN_POINT('',(2.302868524935,-4.75,7.882591162259));
#2478 = B_SPLINE_CURVE_WITH_KNOTS('',1,(#2479,#2480),.UNSPECIFIED.,.F.,
  .F.,(2,2),(0.,1.429010693578),.PIECEWISE_BEZIER_KNOTS.);
#2479 = CARTESIAN_POINT('',(2.226827739464,-4.75,9.30957727337));
#2480 = CARTESIAN_POINT('',(2.302868524935,-4.75,7.882591162259));
#2481 = ORIENTED_EDGE('',*,*,#2482,.T.);
#2482 = EDGE_CURVE('',#2476,#2483,#2485,.T.);
#2483 = VERTEX_POINT('',#2484);
#2484 = CARTESIAN_POINT('',(2.524624676054,-4.75,8.283346717815));
#2485 = B_SPLINE_CURVE_WITH_KNOTS('',1,(#2486,#2487),.UNSPECIFIED.,.F.,
  .F.,(2,2),(0.,0.45801834665),.PIECEWISE_BEZIER_KNOTS.);
#2486 = CARTESIAN_POINT('',(2.302868524935,-4.75,7.882591162259));
#2487 = CARTESIAN_POINT('',(2.524624676054,-4.75,8.283346717815));
#2488 = ORIENTED_EDGE('',*,*,#2489,.T.);
#2489 = EDGE_CURVE('',#2483,#2490,#2492,.T.);
#2490 = VERTEX_POINT('',#2491);
#2491 = CARTESIAN_POINT('',(3.22773668311,-4.75,8.283346717815));
#2492 = B_SPLINE_CURVE_WITH_KNOTS('',1,(#2493,#2494),.UNSPECIFIED.,.F.,
  .F.,(2,2),(0.,0.703112007056),.PIECEWISE_BEZIER_KNOTS.);
#2493 = CARTESIAN_POINT('',(2.524624676054,-4.75,8.283346717815));
#2494 = CARTESIAN_POINT('',(3.22773668311,-4.75,8.283346717815));
#2495 = ORIENTED_EDGE('',*,*,#2496,.T.);
#2496 = EDGE_CURVE('',#2490,#2497,#2499,.T.);
#2497 = VERTEX_POINT('',#2498);
#2498 = CARTESIAN_POINT('',(3.269117017529,-4.75,7.882591162259));
#2499 = B_SPLINE_CURVE_WITH_KNOTS('',1,(#2500,#2501),.UNSPECIFIED.,.F.,
  .F.,(2,2),(0.,0.402886271031),.PIECEWISE_BEZIER_KNOTS.);
#2500 = CARTESIAN_POINT('',(3.22773668311,-4.75,8.283346717815));
#2501 = CARTESIAN_POINT('',(3.269117017529,-4.75,7.882591162259));
#2502 = ORIENTED_EDGE('',*,*,#2503,.T.);
#2503 = EDGE_CURVE('',#2497,#2418,#2504,.T.);
#2504 = B_SPLINE_CURVE_WITH_KNOTS('',1,(#2505,#2506),.UNSPECIFIED.,.F.,
  .F.,(2,2),(0.,1.64660448407),.PIECEWISE_BEZIER_KNOTS.);
#2505 = CARTESIAN_POINT('',(3.269117017529,-4.75,7.882591162259));
#2506 = CARTESIAN_POINT('',(4.090711178691,-4.75,9.30957727337));
#2507 = FACE_BOUND('',#2508,.T.);
#2508 = EDGE_LOOP('',(#2509));
#2509 = ORIENTED_EDGE('',*,*,#2510,.T.);
#2510 = EDGE_CURVE('',#2511,#2511,#2513,.T.);
#2511 = VERTEX_POINT('',#2512);
#2512 = CARTESIAN_POINT('',(8.666612903226,-4.75,4.65135483871));
#2513 = B_SPLINE_CURVE_WITH_KNOTS('',3,(#2514,#2515,#2516,#2517,#2518,
    #2519,#2520,#2521,#2522,#2523,#2524,#2525,#2526,#2527,#2528,#2529,
    #2530,#2531,#2532,#2533,#2534,#2535,#2536,#2537,#2538,#2539,#2540,
    #2541,#2542,#2543,#2544,#2545,#2546,#2547,#2548,#2549,#2550,#2551,
    #2552,#2553,#2554,#2555,#2556),.UNSPECIFIED.,.T.,.F.,(1,3,3,3,2,2,3,
    3,2,2,3,3,2,2,3,3,3,3,1),(-0.115999844149,0.,6.905118427404E-02,
    0.124574190044,0.185952288836,0.247330387627,0.318256190675,
    0.392181366667,0.442536939049,0.49289251143,0.557725310871,
    0.610061659243,0.678909834157,0.747758009072,0.793873296042,
    0.837105677213,0.884000155851,1.,1.069051184274),.UNSPECIFIED.);
#2514 = CARTESIAN_POINT('',(8.666612903226,-4.75,4.65135483871));
#2515 = CARTESIAN_POINT('',(8.666612903226,-4.75,4.542));
#2516 = CARTESIAN_POINT('',(8.659838709677,-4.75,4.449096774194));
#2517 = CARTESIAN_POINT('',(8.647258064516,-4.75,4.370709677419));
#2518 = CARTESIAN_POINT('',(8.63465311796,-4.75,4.292171164262));
#2519 = CARTESIAN_POINT('',(8.609516129032,-4.75,4.221677419355));
#2520 = CARTESIAN_POINT('',(8.573709677419,-4.75,4.157806451613));
#2521 = CARTESIAN_POINT('',(8.530041442457,-4.75,4.07991176222));
#2522 = CARTESIAN_POINT('',(8.471129032258,-4.75,4.020387096774));
#2523 = CARTESIAN_POINT('',(8.327903225806,-4.75,3.935225806452));
#2524 = CARTESIAN_POINT('',(8.249516129032,-4.75,3.913935483871));
#2525 = CARTESIAN_POINT('',(8.061774193548,-4.75,3.913935483871));
#2526 = CARTESIAN_POINT('',(7.971774193548,-4.75,3.942967741936));
#2527 = CARTESIAN_POINT('',(7.892419354839,-4.75,3.999096774194));
#2528 = CARTESIAN_POINT('',(7.812608273004,-4.75,4.055548515003));
#2529 = CARTESIAN_POINT('',(7.753064516129,-4.75,4.134580645161));
#2530 = CARTESIAN_POINT('',(7.713387096774,-4.75,4.236193548387));
#2531 = CARTESIAN_POINT('',(7.692208735522,-4.75,4.290430815007));
#2532 = CARTESIAN_POINT('',(7.677580645161,-4.75,4.35135483871));
#2533 = CARTESIAN_POINT('',(7.658225806452,-4.75,4.484903225806));
#2534 = CARTESIAN_POINT('',(7.653387096774,-4.75,4.556516129032));
#2535 = CARTESIAN_POINT('',(7.653387096774,-4.75,4.733612903226));
#2536 = CARTESIAN_POINT('',(7.659193548387,-4.75,4.823612903226));
#2537 = CARTESIAN_POINT('',(7.669838709677,-4.75,4.903935483871));
#2538 = CARTESIAN_POINT('',(7.68046716672,-4.75,4.984132023377));
#2539 = CARTESIAN_POINT('',(7.695967741935,-4.75,5.052967741935));
#2540 = CARTESIAN_POINT('',(7.719193548387,-4.75,5.111032258065));
#2541 = CARTESIAN_POINT('',(7.757235817575,-4.75,5.206137931034));
#2542 = CARTESIAN_POINT('',(7.814032258065,-4.75,5.278451612903));
#2543 = CARTESIAN_POINT('',(7.963064516129,-4.75,5.379096774194));
#2544 = CARTESIAN_POINT('',(8.051129032258,-4.75,5.403290322581));
#2545 = CARTESIAN_POINT('',(8.222419354839,-4.75,5.403290322581));
#2546 = CARTESIAN_POINT('',(8.283387096774,-4.75,5.39264516129));
#2547 = CARTESIAN_POINT('',(8.339516129032,-4.75,5.370387096774));
#2548 = CARTESIAN_POINT('',(8.394808920892,-4.75,5.34846064483));
#2549 = CARTESIAN_POINT('',(8.443064516129,-4.75,5.315225806452));
#2550 = CARTESIAN_POINT('',(8.484677419355,-4.75,5.27264516129));
#2551 = CARTESIAN_POINT('',(8.526763071547,-4.75,5.229580773));
#2552 = CARTESIAN_POINT('',(8.562096774194,-4.75,5.177806451613));
#2553 = CARTESIAN_POINT('',(8.591129032258,-4.75,5.114903225806));
#2554 = CARTESIAN_POINT('',(8.641574350905,-4.75,5.005605035405));
#2555 = CARTESIAN_POINT('',(8.666612903226,-4.75,4.850709677419));
#2556 = CARTESIAN_POINT('',(8.666612903226,-4.75,4.65135483871));
#2557 = FACE_BOUND('',#2558,.T.);
#2558 = EDGE_LOOP('',(#2559,#2568,#2575,#2582));
#2559 = ORIENTED_EDGE('',*,*,#2560,.T.);
#2560 = EDGE_CURVE('',#2561,#2563,#2565,.T.);
#2561 = VERTEX_POINT('',#2562);
#2562 = CARTESIAN_POINT('',(6.515,-4.75,1.5));
#2563 = VERTEX_POINT('',#2564);
#2564 = CARTESIAN_POINT('',(5.685,-4.75,1.5));
#2565 = B_SPLINE_CURVE_WITH_KNOTS('',1,(#2566,#2567),.UNSPECIFIED.,.F.,
  .F.,(2,2),(0.,0.83),.PIECEWISE_BEZIER_KNOTS.);
#2566 = CARTESIAN_POINT('',(6.515,-4.75,1.5));
#2567 = CARTESIAN_POINT('',(5.685,-4.75,1.5));
#2568 = ORIENTED_EDGE('',*,*,#2569,.T.);
#2569 = EDGE_CURVE('',#2563,#2570,#2572,.T.);
#2570 = VERTEX_POINT('',#2571);
#2571 = CARTESIAN_POINT('',(5.685,-4.75,1.7));
#2572 = B_SPLINE_CURVE_WITH_KNOTS('',1,(#2573,#2574),.UNSPECIFIED.,.F.,
  .F.,(2,2),(0.,0.2),.PIECEWISE_BEZIER_KNOTS.);
#2573 = CARTESIAN_POINT('',(5.685,-4.75,1.5));
#2574 = CARTESIAN_POINT('',(5.685,-4.75,1.7));
#2575 = ORIENTED_EDGE('',*,*,#2576,.T.);
#2576 = EDGE_CURVE('',#2570,#2577,#2579,.T.);
#2577 = VERTEX_POINT('',#2578);
#2578 = CARTESIAN_POINT('',(6.515,-4.75,1.7));
#2579 = B_SPLINE_CURVE_WITH_KNOTS('',1,(#2580,#2581),.UNSPECIFIED.,.F.,
  .F.,(2,2),(0.,0.83),.PIECEWISE_BEZIER_KNOTS.);
#2580 = CARTESIAN_POINT('',(5.685,-4.75,1.7));
#2581 = CARTESIAN_POINT('',(6.515,-4.75,1.7));
#2582 = ORIENTED_EDGE('',*,*,#2583,.T.);
#2583 = EDGE_CURVE('',#2577,#2561,#2584,.T.);
#2584 = B_SPLINE_CURVE_WITH_KNOTS('',1,(#2585,#2586),.UNSPECIFIED.,.F.,
  .F.,(2,2),(0.,0.2),.PIECEWISE_BEZIER_KNOTS.);
#2585 = CARTESIAN_POINT('',(6.515,-4.75,1.7));
#2586 = CARTESIAN_POINT('',(6.515,-4.75,1.5));
#2587 = B_SPLINE_SURFACE_WITH_KNOTS('',1,1,(
    (#2588,#2589)
    ,(#2590,#2591
    )),.UNSPECIFIED.,.F.,.F.,.F.,(2,2),(2,2),(-5.,5.),(-9.75,9.75),
  .PIECEWISE_BEZIER_KNOTS.);
#2588 = CARTESIAN_POINT('',(-2.,-4.75,10.));
#2589 = CARTESIAN_POINT('',(17.5,-4.75,10.));
#2590 = CARTESIAN_POINT('',(-2.,-4.75,1.06581410364E-14));
#2591 = CARTESIAN_POINT('',(17.5,-4.75,1.06581410364E-14));
#2592 = ADVANCED_FACE('',(#2593),#2615,.F.);
#2593 = FACE_BOUND('',#2594,.T.);
#2594 = EDGE_LOOP('',(#2595,#2602,#2603,#2610));
#2595 = ORIENTED_EDGE('',*,*,#2596,.F.);
#2596 = EDGE_CURVE('',#1434,#2597,#2599,.T.);
#2597 = VERTEX_POINT('',#2598);
#2598 = CARTESIAN_POINT('',(-1.5,1.25,1.06581410364E-14));
#2599 = B_SPLINE_CURVE_WITH_KNOTS('',1,(#2600,#2601),.UNSPECIFIED.,.F.,
  .F.,(2,2),(6.,12.),.PIECEWISE_BEZIER_KNOTS.);
#2600 = CARTESIAN_POINT('',(-1.5,-4.75,1.06581410364E-14));
#2601 = CARTESIAN_POINT('',(-1.5,1.25,1.06581410364E-14));
#2602 = ORIENTED_EDGE('',*,*,#1431,.F.);
#2603 = ORIENTED_EDGE('',*,*,#2604,.T.);
#2604 = EDGE_CURVE('',#1432,#2605,#2607,.T.);
#2605 = VERTEX_POINT('',#2606);
#2606 = CARTESIAN_POINT('',(-2.,1.25,1.06581410364E-14));
#2607 = B_SPLINE_CURVE_WITH_KNOTS('',1,(#2608,#2609),.UNSPECIFIED.,.F.,
  .F.,(2,2),(0.,6.),.PIECEWISE_BEZIER_KNOTS.);
#2608 = CARTESIAN_POINT('',(-2.,-4.75,1.06581410364E-14));
#2609 = CARTESIAN_POINT('',(-2.,1.25,1.06581410364E-14));
#2610 = ORIENTED_EDGE('',*,*,#2611,.T.);
#2611 = EDGE_CURVE('',#2605,#2597,#2612,.T.);
#2612 = B_SPLINE_CURVE_WITH_KNOTS('',1,(#2613,#2614),.UNSPECIFIED.,.F.,
  .F.,(2,2),(0.,0.5),.PIECEWISE_BEZIER_KNOTS.);
#2613 = CARTESIAN_POINT('',(-2.,1.25,1.06581410364E-14));
#2614 = CARTESIAN_POINT('',(-1.5,1.25,1.06581410364E-14));
#2615 = B_SPLINE_SURFACE_WITH_KNOTS('',1,1,(
    (#2616,#2617)
    ,(#2618,#2619
    )),.UNSPECIFIED.,.F.,.F.,.F.,(2,2),(2,2),(0.,0.5),(0.,6.),
  .PIECEWISE_BEZIER_KNOTS.);
#2616 = CARTESIAN_POINT('',(-2.,-4.75,1.06581410364E-14));
#2617 = CARTESIAN_POINT('',(-2.,1.25,1.06581410364E-14));
#2618 = CARTESIAN_POINT('',(-1.5,-4.75,1.06581410364E-14));
#2619 = CARTESIAN_POINT('',(-1.5,1.25,1.06581410364E-14));
#2620 = ADVANCED_FACE('',(#2621),#2637,.F.);
#2621 = FACE_BOUND('',#2622,.T.);
#2622 = EDGE_LOOP('',(#2623,#2630,#2631,#2632));
#2623 = ORIENTED_EDGE('',*,*,#2624,.T.);
#2624 = EDGE_CURVE('',#2625,#2605,#2627,.T.);
#2625 = VERTEX_POINT('',#2626);
#2626 = CARTESIAN_POINT('',(-2.,1.25,10.));
#2627 = B_SPLINE_CURVE_WITH_KNOTS('',1,(#2628,#2629),.UNSPECIFIED.,.F.,
  .F.,(2,2),(0.,10.),.PIECEWISE_BEZIER_KNOTS.);
#2628 = CARTESIAN_POINT('',(-2.,1.25,10.));
#2629 = CARTESIAN_POINT('',(-2.,1.25,1.06581410364E-14));
#2630 = ORIENTED_EDGE('',*,*,#2604,.F.);
#2631 = ORIENTED_EDGE('',*,*,#1482,.F.);
#2632 = ORIENTED_EDGE('',*,*,#2633,.T.);
#2633 = EDGE_CURVE('',#1476,#2625,#2634,.T.);
#2634 = B_SPLINE_CURVE_WITH_KNOTS('',1,(#2635,#2636),.UNSPECIFIED.,.F.,
  .F.,(2,2),(0.,6.),.PIECEWISE_BEZIER_KNOTS.);
#2635 = CARTESIAN_POINT('',(-2.,-4.75,10.));
#2636 = CARTESIAN_POINT('',(-2.,1.25,10.));
#2637 = B_SPLINE_SURFACE_WITH_KNOTS('',1,1,(
    (#2638,#2639)
    ,(#2640,#2641
    )),.UNSPECIFIED.,.F.,.F.,.F.,(2,2),(2,2),(0.,10.),(0.,6.),
  .PIECEWISE_BEZIER_KNOTS.);
#2638 = CARTESIAN_POINT('',(-2.,-4.75,10.));
#2639 = CARTESIAN_POINT('',(-2.,1.25,10.));
#2640 = CARTESIAN_POINT('',(-2.,-4.75,1.06581410364E-14));
#2641 = CARTESIAN_POINT('',(-2.,1.25,1.06581410364E-14));
#2642 = ADVANCED_FACE('',(#2643),#2665,.F.);
#2643 = FACE_BOUND('',#2644,.T.);
#2644 = EDGE_LOOP('',(#2645,#2646,#2653,#2660));
#2645 = ORIENTED_EDGE('',*,*,#1461,.F.);
#2646 = ORIENTED_EDGE('',*,*,#2647,.T.);
#2647 = EDGE_CURVE('',#1455,#2648,#2650,.T.);
#2648 = VERTEX_POINT('',#2649);
#2649 = CARTESIAN_POINT('',(17.,1.25,1.06581410364E-14));
#2650 = B_SPLINE_CURVE_WITH_KNOTS('',1,(#2651,#2652),.UNSPECIFIED.,.F.,
  .F.,(2,2),(6.,12.),.PIECEWISE_BEZIER_KNOTS.);
#2651 = CARTESIAN_POINT('',(17.,-4.75,1.06581410364E-14));
#2652 = CARTESIAN_POINT('',(17.,1.25,1.06581410364E-14));
#2653 = ORIENTED_EDGE('',*,*,#2654,.T.);
#2654 = EDGE_CURVE('',#2648,#2655,#2657,.T.);
#2655 = VERTEX_POINT('',#2656);
#2656 = CARTESIAN_POINT('',(17.5,1.25,1.06581410364E-14));
#2657 = B_SPLINE_CURVE_WITH_KNOTS('',1,(#2658,#2659),.UNSPECIFIED.,.F.,
  .F.,(2,2),(19.,19.5),.PIECEWISE_BEZIER_KNOTS.);
#2658 = CARTESIAN_POINT('',(17.,1.25,1.06581410364E-14));
#2659 = CARTESIAN_POINT('',(17.5,1.25,1.06581410364E-14));
#2660 = ORIENTED_EDGE('',*,*,#2661,.F.);
#2661 = EDGE_CURVE('',#1462,#2655,#2662,.T.);
#2662 = B_SPLINE_CURVE_WITH_KNOTS('',1,(#2663,#2664),.UNSPECIFIED.,.F.,
  .F.,(2,2),(0.,6.),.PIECEWISE_BEZIER_KNOTS.);
#2663 = CARTESIAN_POINT('',(17.5,-4.75,1.06581410364E-14));
#2664 = CARTESIAN_POINT('',(17.5,1.25,1.06581410364E-14));
#2665 = B_SPLINE_SURFACE_WITH_KNOTS('',1,1,(
    (#2666,#2667)
    ,(#2668,#2669
    )),.UNSPECIFIED.,.F.,.F.,.F.,(2,2),(2,2),(19.,19.5),(0.,6.),
  .PIECEWISE_BEZIER_KNOTS.);
#2666 = CARTESIAN_POINT('',(17.,-4.75,1.06581410364E-14));
#2667 = CARTESIAN_POINT('',(17.,1.25,1.06581410364E-14));
#2668 = CARTESIAN_POINT('',(17.5,-4.75,1.06581410364E-14));
#2669 = CARTESIAN_POINT('',(17.5,1.25,1.06581410364E-14));
#2670 = ADVANCED_FACE('',(#2671),#2687,.F.);
#2671 = FACE_BOUND('',#2672,.T.);
#2672 = EDGE_LOOP('',(#2673,#2680,#2685,#2686));
#2673 = ORIENTED_EDGE('',*,*,#2674,.T.);
#2674 = EDGE_CURVE('',#2655,#2675,#2677,.T.);
#2675 = VERTEX_POINT('',#2676);
#2676 = CARTESIAN_POINT('',(17.5,1.25,10.));
#2677 = B_SPLINE_CURVE_WITH_KNOTS('',1,(#2678,#2679),.UNSPECIFIED.,.F.,
  .F.,(2,2),(0.,10.),.PIECEWISE_BEZIER_KNOTS.);
#2678 = CARTESIAN_POINT('',(17.5,1.25,1.06581410364E-14));
#2679 = CARTESIAN_POINT('',(17.5,1.25,10.));
#2680 = ORIENTED_EDGE('',*,*,#2681,.F.);
#2681 = EDGE_CURVE('',#1469,#2675,#2682,.T.);
#2682 = B_SPLINE_CURVE_WITH_KNOTS('',1,(#2683,#2684),.UNSPECIFIED.,.F.,
  .F.,(2,2),(0.,6.),.PIECEWISE_BEZIER_KNOTS.);
#2683 = CARTESIAN_POINT('',(17.5,-4.75,10.));
#2684 = CARTESIAN_POINT('',(17.5,1.25,10.));
#2685 = ORIENTED_EDGE('',*,*,#1468,.F.);
#2686 = ORIENTED_EDGE('',*,*,#2661,.T.);
#2687 = B_SPLINE_SURFACE_WITH_KNOTS('',1,1,(
    (#2688,#2689)
    ,(#2690,#2691
    )),.UNSPECIFIED.,.F.,.F.,.F.,(2,2),(2,2),(0.,10.),(0.,6.),
  .PIECEWISE_BEZIER_KNOTS.);
#2688 = CARTESIAN_POINT('',(17.5,-4.75,1.06581410364E-14));
#2689 = CARTESIAN_POINT('',(17.5,1.25,1.06581410364E-14));
#2690 = CARTESIAN_POINT('',(17.5,-4.75,10.));
#2691 = CARTESIAN_POINT('',(17.5,1.25,10.));
#2692 = ADVANCED_FACE('',(#2693),#2703,.F.);
#2693 = FACE_BOUND('',#2694,.T.);
#2694 = EDGE_LOOP('',(#2695,#2700,#2701,#2702));
#2695 = ORIENTED_EDGE('',*,*,#2696,.T.);
#2696 = EDGE_CURVE('',#2675,#2625,#2697,.T.);
#2697 = B_SPLINE_CURVE_WITH_KNOTS('',1,(#2698,#2699),.UNSPECIFIED.,.F.,
  .F.,(2,2),(0.,19.5),.PIECEWISE_BEZIER_KNOTS.);
#2698 = CARTESIAN_POINT('',(17.5,1.25,10.));
#2699 = CARTESIAN_POINT('',(-2.,1.25,10.));
#2700 = ORIENTED_EDGE('',*,*,#2633,.F.);
#2701 = ORIENTED_EDGE('',*,*,#1475,.F.);
#2702 = ORIENTED_EDGE('',*,*,#2681,.T.);
#2703 = B_SPLINE_SURFACE_WITH_KNOTS('',1,1,(
    (#2704,#2705)
    ,(#2706,#2707
    )),.UNSPECIFIED.,.F.,.F.,.F.,(2,2),(2,2),(0.,19.5),(0.,6.),
  .PIECEWISE_BEZIER_KNOTS.);
#2704 = CARTESIAN_POINT('',(17.5,-4.75,10.));
#2705 = CARTESIAN_POINT('',(17.5,1.25,10.));
#2706 = CARTESIAN_POINT('',(-2.,-4.75,10.));
#2707 = CARTESIAN_POINT('',(-2.,1.25,10.));
#2708 = ADVANCED_FACE('',(#2709),#2735,.F.);
#2709 = FACE_BOUND('',#2710,.T.);
#2710 = EDGE_LOOP('',(#2711,#2720,#2725,#2726,#2727,#2728,#2729,#2730));
#2711 = ORIENTED_EDGE('',*,*,#2712,.T.);
#2712 = EDGE_CURVE('',#2713,#2715,#2717,.T.);
#2713 = VERTEX_POINT('',#2714);
#2714 = CARTESIAN_POINT('',(17.,1.25,0.5));
#2715 = VERTEX_POINT('',#2716);
#2716 = CARTESIAN_POINT('',(-1.5,1.25,0.5));
#2717 = B_SPLINE_CURVE_WITH_KNOTS('',1,(#2718,#2719),.UNSPECIFIED.,.F.,
  .F.,(2,2),(0.,18.5),.PIECEWISE_BEZIER_KNOTS.);
#2718 = CARTESIAN_POINT('',(17.,1.25,0.5));
#2719 = CARTESIAN_POINT('',(-1.5,1.25,0.5));
#2720 = ORIENTED_EDGE('',*,*,#2721,.T.);
#2721 = EDGE_CURVE('',#2715,#2597,#2722,.T.);
#2722 = B_SPLINE_CURVE_WITH_KNOTS('',1,(#2723,#2724),.UNSPECIFIED.,.F.,
  .F.,(2,2),(0.,0.5),.PIECEWISE_BEZIER_KNOTS.);
#2723 = CARTESIAN_POINT('',(-1.5,1.25,0.5));
#2724 = CARTESIAN_POINT('',(-1.5,1.25,1.06581410364E-14));
#2725 = ORIENTED_EDGE('',*,*,#2611,.F.);
#2726 = ORIENTED_EDGE('',*,*,#2624,.F.);
#2727 = ORIENTED_EDGE('',*,*,#2696,.F.);
#2728 = ORIENTED_EDGE('',*,*,#2674,.F.);
#2729 = ORIENTED_EDGE('',*,*,#2654,.F.);
#2730 = ORIENTED_EDGE('',*,*,#2731,.T.);
#2731 = EDGE_CURVE('',#2648,#2713,#2732,.T.);
#2732 = B_SPLINE_CURVE_WITH_KNOTS('',1,(#2733,#2734),.UNSPECIFIED.,.F.,
  .F.,(2,2),(0.,0.5),.PIECEWISE_BEZIER_KNOTS.);
#2733 = CARTESIAN_POINT('',(17.,1.25,1.06581410364E-14));
#2734 = CARTESIAN_POINT('',(17.,1.25,0.5));
#2735 = B_SPLINE_SURFACE_WITH_KNOTS('',1,1,(
    (#2736,#2737)
    ,(#2738,#2739
    )),.UNSPECIFIED.,.F.,.F.,.F.,(2,2),(2,2),(-5.,5.),(-9.75,9.75),
  .PIECEWISE_BEZIER_KNOTS.);
#2736 = CARTESIAN_POINT('',(-2.,1.25,10.));
#2737 = CARTESIAN_POINT('',(17.5,1.25,10.));
#2738 = CARTESIAN_POINT('',(-2.,1.25,1.06581410364E-14));
#2739 = CARTESIAN_POINT('',(17.5,1.25,1.06581410364E-14));
#2740 = ADVANCED_FACE('',(#2741),#2751,.T.);
#2741 = FACE_BOUND('',#2742,.T.);
#2742 = EDGE_LOOP('',(#2743,#2744,#2745,#2750));
#2743 = ORIENTED_EDGE('',*,*,#2596,.T.);
#2744 = ORIENTED_EDGE('',*,*,#2721,.F.);
#2745 = ORIENTED_EDGE('',*,*,#2746,.F.);
#2746 = EDGE_CURVE('',#1441,#2715,#2747,.T.);
#2747 = B_SPLINE_CURVE_WITH_KNOTS('',1,(#2748,#2749),.UNSPECIFIED.,.F.,
  .F.,(2,2),(6.,12.),.PIECEWISE_BEZIER_KNOTS.);
#2748 = CARTESIAN_POINT('',(-1.5,-4.75,0.5));
#2749 = CARTESIAN_POINT('',(-1.5,1.25,0.5));
#2750 = ORIENTED_EDGE('',*,*,#1440,.F.);
#2751 = B_SPLINE_SURFACE_WITH_KNOTS('',1,1,(
    (#2752,#2753)
    ,(#2754,#2755
    )),.UNSPECIFIED.,.F.,.F.,.F.,(2,2),(2,2),(0.,0.5),(6.,12.),
  .PIECEWISE_BEZIER_KNOTS.);
#2752 = CARTESIAN_POINT('',(-1.5,-4.75,0.5));
#2753 = CARTESIAN_POINT('',(-1.5,1.25,0.5));
#2754 = CARTESIAN_POINT('',(-1.5,-4.75,1.06581410364E-14));
#2755 = CARTESIAN_POINT('',(-1.5,1.25,1.06581410364E-14));
#2756 = ADVANCED_FACE('',(#2757),#2767,.T.);
#2757 = FACE_BOUND('',#2758,.T.);
#2758 = EDGE_LOOP('',(#2759,#2764,#2765,#2766));
#2759 = ORIENTED_EDGE('',*,*,#2760,.T.);
#2760 = EDGE_CURVE('',#1448,#2713,#2761,.T.);
#2761 = B_SPLINE_CURVE_WITH_KNOTS('',1,(#2762,#2763),.UNSPECIFIED.,.F.,
  .F.,(2,2),(6.,12.),.PIECEWISE_BEZIER_KNOTS.);
#2762 = CARTESIAN_POINT('',(17.,-4.75,0.5));
#2763 = CARTESIAN_POINT('',(17.,1.25,0.5));
#2764 = ORIENTED_EDGE('',*,*,#2731,.F.);
#2765 = ORIENTED_EDGE('',*,*,#2647,.F.);
#2766 = ORIENTED_EDGE('',*,*,#1454,.F.);
#2767 = B_SPLINE_SURFACE_WITH_KNOTS('',1,1,(
    (#2768,#2769)
    ,(#2770,#2771
    )),.UNSPECIFIED.,.F.,.F.,.F.,(2,2),(2,2),(0.,0.5),(6.,12.),
  .PIECEWISE_BEZIER_KNOTS.);
#2768 = CARTESIAN_POINT('',(17.,-4.75,1.06581410364E-14));
#2769 = CARTESIAN_POINT('',(17.,1.25,1.06581410364E-14));
#2770 = CARTESIAN_POINT('',(17.,-4.75,0.5));
#2771 = CARTESIAN_POINT('',(17.,1.25,0.5));
#2772 = ADVANCED_FACE('',(#2773,#2803,#2833,#2863,#2893,#2923),#2929,.T.
  );
#2773 = FACE_BOUND('',#2774,.T.);
#2774 = EDGE_LOOP('',(#2775,#2784,#2791,#2798));
#2775 = ORIENTED_EDGE('',*,*,#2776,.T.);
#2776 = EDGE_CURVE('',#2777,#2779,#2781,.T.);
#2777 = VERTEX_POINT('',#2778);
#2778 = CARTESIAN_POINT('',(14.99,0.125,0.5));
#2779 = VERTEX_POINT('',#2780);
#2780 = CARTESIAN_POINT('',(14.99,-0.125,0.5));
#2781 = B_SPLINE_CURVE_WITH_KNOTS('',1,(#2782,#2783),.UNSPECIFIED.,.F.,
  .F.,(2,2),(0.,0.25),.PIECEWISE_BEZIER_KNOTS.);
#2782 = CARTESIAN_POINT('',(14.99,0.125,0.5));
#2783 = CARTESIAN_POINT('',(14.99,-0.125,0.5));
#2784 = ORIENTED_EDGE('',*,*,#2785,.T.);
#2785 = EDGE_CURVE('',#2779,#2786,#2788,.T.);
#2786 = VERTEX_POINT('',#2787);
#2787 = CARTESIAN_POINT('',(15.49,-0.125,0.5));
#2788 = B_SPLINE_CURVE_WITH_KNOTS('',1,(#2789,#2790),.UNSPECIFIED.,.F.,
  .F.,(2,2),(0.,0.5),.PIECEWISE_BEZIER_KNOTS.);
#2789 = CARTESIAN_POINT('',(14.99,-0.125,0.5));
#2790 = CARTESIAN_POINT('',(15.49,-0.125,0.5));
#2791 = ORIENTED_EDGE('',*,*,#2792,.T.);
#2792 = EDGE_CURVE('',#2786,#2793,#2795,.T.);
#2793 = VERTEX_POINT('',#2794);
#2794 = CARTESIAN_POINT('',(15.49,0.125,0.5));
#2795 = B_SPLINE_CURVE_WITH_KNOTS('',1,(#2796,#2797),.UNSPECIFIED.,.F.,
  .F.,(2,2),(0.,0.25),.PIECEWISE_BEZIER_KNOTS.);
#2796 = CARTESIAN_POINT('',(15.49,-0.125,0.5));
#2797 = CARTESIAN_POINT('',(15.49,0.125,0.5));
#2798 = ORIENTED_EDGE('',*,*,#2799,.T.);
#2799 = EDGE_CURVE('',#2793,#2777,#2800,.T.);
#2800 = B_SPLINE_CURVE_WITH_KNOTS('',1,(#2801,#2802),.UNSPECIFIED.,.F.,
  .F.,(2,2),(0.,0.5),.PIECEWISE_BEZIER_KNOTS.);
#2801 = CARTESIAN_POINT('',(15.49,0.125,0.5));
#2802 = CARTESIAN_POINT('',(14.99,0.125,0.5));
#2803 = FACE_BOUND('',#2804,.T.);
#2804 = EDGE_LOOP('',(#2805,#2814,#2821,#2828));
#2805 = ORIENTED_EDGE('',*,*,#2806,.T.);
#2806 = EDGE_CURVE('',#2807,#2809,#2811,.T.);
#2807 = VERTEX_POINT('',#2808);
#2808 = CARTESIAN_POINT('',(12.45,0.125,0.5));
#2809 = VERTEX_POINT('',#2810);
#2810 = CARTESIAN_POINT('',(12.45,-0.125,0.5));
#2811 = B_SPLINE_CURVE_WITH_KNOTS('',1,(#2812,#2813),.UNSPECIFIED.,.F.,
  .F.,(2,2),(0.,0.25),.PIECEWISE_BEZIER_KNOTS.);
#2812 = CARTESIAN_POINT('',(12.45,0.125,0.5));
#2813 = CARTESIAN_POINT('',(12.45,-0.125,0.5));
#2814 = ORIENTED_EDGE('',*,*,#2815,.T.);
#2815 = EDGE_CURVE('',#2809,#2816,#2818,.T.);
#2816 = VERTEX_POINT('',#2817);
#2817 = CARTESIAN_POINT('',(12.95,-0.125,0.5));
#2818 = B_SPLINE_CURVE_WITH_KNOTS('',1,(#2819,#2820),.UNSPECIFIED.,.F.,
  .F.,(2,2),(0.,0.5),.PIECEWISE_BEZIER_KNOTS.);
#2819 = CARTESIAN_POINT('',(12.45,-0.125,0.5));
#2820 = CARTESIAN_POINT('',(12.95,-0.125,0.5));
#2821 = ORIENTED_EDGE('',*,*,#2822,.T.);
#2822 = EDGE_CURVE('',#2816,#2823,#2825,.T.);
#2823 = VERTEX_POINT('',#2824);
#2824 = CARTESIAN_POINT('',(12.95,0.125,0.5));
#2825 = B_SPLINE_CURVE_WITH_KNOTS('',1,(#2826,#2827),.UNSPECIFIED.,.F.,
  .F.,(2,2),(0.,0.25),.PIECEWISE_BEZIER_KNOTS.);
#2826 = CARTESIAN_POINT('',(12.95,-0.125,0.5));
#2827 = CARTESIAN_POINT('',(12.95,0.125,0.5));
#2828 = ORIENTED_EDGE('',*,*,#2829,.T.);
#2829 = EDGE_CURVE('',#2823,#2807,#2830,.T.);
#2830 = B_SPLINE_CURVE_WITH_KNOTS('',1,(#2831,#2832),.UNSPECIFIED.,.F.,
  .F.,(2,2),(0.,0.5),.PIECEWISE_BEZIER_KNOTS.);
#2831 = CARTESIAN_POINT('',(12.95,0.125,0.5));
#2832 = CARTESIAN_POINT('',(12.45,0.125,0.5));
#2833 = FACE_BOUND('',#2834,.T.);
#2834 = EDGE_LOOP('',(#2835,#2844,#2851,#2858));
#2835 = ORIENTED_EDGE('',*,*,#2836,.T.);
#2836 = EDGE_CURVE('',#2837,#2839,#2841,.T.);
#2837 = VERTEX_POINT('',#2838);
#2838 = CARTESIAN_POINT('',(9.91,0.125,0.5));
#2839 = VERTEX_POINT('',#2840);
#2840 = CARTESIAN_POINT('',(9.91,-0.125,0.5));
#2841 = B_SPLINE_CURVE_WITH_KNOTS('',1,(#2842,#2843),.UNSPECIFIED.,.F.,
  .F.,(2,2),(0.,0.25),.PIECEWISE_BEZIER_KNOTS.);
#2842 = CARTESIAN_POINT('',(9.91,0.125,0.5));
#2843 = CARTESIAN_POINT('',(9.91,-0.125,0.5));
#2844 = ORIENTED_EDGE('',*,*,#2845,.T.);
#2845 = EDGE_CURVE('',#2839,#2846,#2848,.T.);
#2846 = VERTEX_POINT('',#2847);
#2847 = CARTESIAN_POINT('',(10.41,-0.125,0.5));
#2848 = B_SPLINE_CURVE_WITH_KNOTS('',1,(#2849,#2850),.UNSPECIFIED.,.F.,
  .F.,(2,2),(0.,0.5),.PIECEWISE_BEZIER_KNOTS.);
#2849 = CARTESIAN_POINT('',(9.91,-0.125,0.5));
#2850 = CARTESIAN_POINT('',(10.41,-0.125,0.5));
#2851 = ORIENTED_EDGE('',*,*,#2852,.T.);
#2852 = EDGE_CURVE('',#2846,#2853,#2855,.T.);
#2853 = VERTEX_POINT('',#2854);
#2854 = CARTESIAN_POINT('',(10.41,0.125,0.5));
#2855 = B_SPLINE_CURVE_WITH_KNOTS('',1,(#2856,#2857),.UNSPECIFIED.,.F.,
  .F.,(2,2),(0.,0.25),.PIECEWISE_BEZIER_KNOTS.);
#2856 = CARTESIAN_POINT('',(10.41,-0.125,0.5));
#2857 = CARTESIAN_POINT('',(10.41,0.125,0.5));
#2858 = ORIENTED_EDGE('',*,*,#2859,.T.);
#2859 = EDGE_CURVE('',#2853,#2837,#2860,.T.);
#2860 = B_SPLINE_CURVE_WITH_KNOTS('',1,(#2861,#2862),.UNSPECIFIED.,.F.,
  .F.,(2,2),(0.,0.5),.PIECEWISE_BEZIER_KNOTS.);
#2861 = CARTESIAN_POINT('',(10.41,0.125,0.5));
#2862 = CARTESIAN_POINT('',(9.91,0.125,0.5));
#2863 = FACE_BOUND('',#2864,.T.);
#2864 = EDGE_LOOP('',(#2865,#2874,#2881,#2888));
#2865 = ORIENTED_EDGE('',*,*,#2866,.T.);
#2866 = EDGE_CURVE('',#2867,#2869,#2871,.T.);
#2867 = VERTEX_POINT('',#2868);
#2868 = CARTESIAN_POINT('',(2.29,0.125,0.5));
#2869 = VERTEX_POINT('',#2870);
#2870 = CARTESIAN_POINT('',(2.29,-0.125,0.5));
#2871 = B_SPLINE_CURVE_WITH_KNOTS('',1,(#2872,#2873),.UNSPECIFIED.,.F.,
  .F.,(2,2),(0.,0.25),.PIECEWISE_BEZIER_KNOTS.);
#2872 = CARTESIAN_POINT('',(2.29,0.125,0.5));
#2873 = CARTESIAN_POINT('',(2.29,-0.125,0.5));
#2874 = ORIENTED_EDGE('',*,*,#2875,.T.);
#2875 = EDGE_CURVE('',#2869,#2876,#2878,.T.);
#2876 = VERTEX_POINT('',#2877);
#2877 = CARTESIAN_POINT('',(2.79,-0.125,0.5));
#2878 = B_SPLINE_CURVE_WITH_KNOTS('',1,(#2879,#2880),.UNSPECIFIED.,.F.,
  .F.,(2,2),(0.,0.5),.PIECEWISE_BEZIER_KNOTS.);
#2879 = CARTESIAN_POINT('',(2.29,-0.125,0.5));
#2880 = CARTESIAN_POINT('',(2.79,-0.125,0.5));
#2881 = ORIENTED_EDGE('',*,*,#2882,.T.);
#2882 = EDGE_CURVE('',#2876,#2883,#2885,.T.);
#2883 = VERTEX_POINT('',#2884);
#2884 = CARTESIAN_POINT('',(2.79,0.125,0.5));
#2885 = B_SPLINE_CURVE_WITH_KNOTS('',1,(#2886,#2887),.UNSPECIFIED.,.F.,
  .F.,(2,2),(0.,0.25),.PIECEWISE_BEZIER_KNOTS.);
#2886 = CARTESIAN_POINT('',(2.79,-0.125,0.5));
#2887 = CARTESIAN_POINT('',(2.79,0.125,0.5));
#2888 = ORIENTED_EDGE('',*,*,#2889,.T.);
#2889 = EDGE_CURVE('',#2883,#2867,#2890,.T.);
#2890 = B_SPLINE_CURVE_WITH_KNOTS('',1,(#2891,#2892),.UNSPECIFIED.,.F.,
  .F.,(2,2),(0.,0.5),.PIECEWISE_BEZIER_KNOTS.);
#2891 = CARTESIAN_POINT('',(2.79,0.125,0.5));
#2892 = CARTESIAN_POINT('',(2.29,0.125,0.5));
#2893 = FACE_BOUND('',#2894,.T.);
#2894 = EDGE_LOOP('',(#2895,#2904,#2911,#2918));
#2895 = ORIENTED_EDGE('',*,*,#2896,.T.);
#2896 = EDGE_CURVE('',#2897,#2899,#2901,.T.);
#2897 = VERTEX_POINT('',#2898);
#2898 = CARTESIAN_POINT('',(-0.25,-0.125,0.5));
#2899 = VERTEX_POINT('',#2900);
#2900 = CARTESIAN_POINT('',(0.25,-0.125,0.5));
#2901 = B_SPLINE_CURVE_WITH_KNOTS('',1,(#2902,#2903),.UNSPECIFIED.,.F.,
  .F.,(2,2),(0.,0.5),.PIECEWISE_BEZIER_KNOTS.);
#2902 = CARTESIAN_POINT('',(-0.25,-0.125,0.5));
#2903 = CARTESIAN_POINT('',(0.25,-0.125,0.5));
#2904 = ORIENTED_EDGE('',*,*,#2905,.T.);
#2905 = EDGE_CURVE('',#2899,#2906,#2908,.T.);
#2906 = VERTEX_POINT('',#2907);
#2907 = CARTESIAN_POINT('',(0.25,0.125,0.5));
#2908 = B_SPLINE_CURVE_WITH_KNOTS('',1,(#2909,#2910),.UNSPECIFIED.,.F.,
  .F.,(2,2),(0.,0.25),.PIECEWISE_BEZIER_KNOTS.);
#2909 = CARTESIAN_POINT('',(0.25,-0.125,0.5));
#2910 = CARTESIAN_POINT('',(0.25,0.125,0.5));
#2911 = ORIENTED_EDGE('',*,*,#2912,.T.);
#2912 = EDGE_CURVE('',#2906,#2913,#2915,.T.);
#2913 = VERTEX_POINT('',#2914);
#2914 = CARTESIAN_POINT('',(-0.25,0.125,0.5));
#2915 = B_SPLINE_CURVE_WITH_KNOTS('',1,(#2916,#2917),.UNSPECIFIED.,.F.,
  .F.,(2,2),(0.,0.5),.PIECEWISE_BEZIER_KNOTS.);
#2916 = CARTESIAN_POINT('',(0.25,0.125,0.5));
#2917 = CARTESIAN_POINT('',(-0.25,0.125,0.5));
#2918 = ORIENTED_EDGE('',*,*,#2919,.T.);
#2919 = EDGE_CURVE('',#2913,#2897,#2920,.T.);
#2920 = B_SPLINE_CURVE_WITH_KNOTS('',1,(#2921,#2922),.UNSPECIFIED.,.F.,
  .F.,(2,2),(0.,0.25),.PIECEWISE_BEZIER_KNOTS.);
#2921 = CARTESIAN_POINT('',(-0.25,0.125,0.5));
#2922 = CARTESIAN_POINT('',(-0.25,-0.125,0.5));
#2923 = FACE_BOUND('',#2924,.T.);
#2924 = EDGE_LOOP('',(#2925,#2926,#2927,#2928));
#2925 = ORIENTED_EDGE('',*,*,#2746,.T.);
#2926 = ORIENTED_EDGE('',*,*,#2712,.F.);
#2927 = ORIENTED_EDGE('',*,*,#2760,.F.);
#2928 = ORIENTED_EDGE('',*,*,#1447,.F.);
#2929 = B_SPLINE_SURFACE_WITH_KNOTS('',1,1,(
    (#2930,#2931)
    ,(#2932,#2933
    )),.UNSPECIFIED.,.F.,.F.,.F.,(2,2),(2,2),(0.,18.5),(6.,12.),
  .PIECEWISE_BEZIER_KNOTS.);
#2930 = CARTESIAN_POINT('',(17.,-4.75,0.5));
#2931 = CARTESIAN_POINT('',(17.,1.25,0.5));
#2932 = CARTESIAN_POINT('',(-1.5,-4.75,0.5));
#2933 = CARTESIAN_POINT('',(-1.5,1.25,0.5));
#2934 = ADVANCED_FACE('',(#2935),#2965,.F.);
#2935 = FACE_BOUND('',#2936,.T.);
#2936 = EDGE_LOOP('',(#2937,#2946,#2953,#2960));
#2937 = ORIENTED_EDGE('',*,*,#2938,.F.);
#2938 = EDGE_CURVE('',#2939,#2941,#2943,.T.);
#2939 = VERTEX_POINT('',#2940);
#2940 = CARTESIAN_POINT('',(-0.25,0.125,-4.));
#2941 = VERTEX_POINT('',#2942);
#2942 = CARTESIAN_POINT('',(-0.25,-0.125,-4.));
#2943 = B_SPLINE_CURVE_WITH_KNOTS('',1,(#2944,#2945),.UNSPECIFIED.,.F.,
  .F.,(2,2),(0.,0.25),.PIECEWISE_BEZIER_KNOTS.);
#2944 = CARTESIAN_POINT('',(-0.25,0.125,-4.));
#2945 = CARTESIAN_POINT('',(-0.25,-0.125,-4.));
#2946 = ORIENTED_EDGE('',*,*,#2947,.F.);
#2947 = EDGE_CURVE('',#2948,#2939,#2950,.T.);
#2948 = VERTEX_POINT('',#2949);
#2949 = CARTESIAN_POINT('',(0.25,0.125,-4.));
#2950 = B_SPLINE_CURVE_WITH_KNOTS('',1,(#2951,#2952),.UNSPECIFIED.,.F.,
  .F.,(2,2),(0.,0.5),.PIECEWISE_BEZIER_KNOTS.);
#2951 = CARTESIAN_POINT('',(0.25,0.125,-4.));
#2952 = CARTESIAN_POINT('',(-0.25,0.125,-4.));
#2953 = ORIENTED_EDGE('',*,*,#2954,.F.);
#2954 = EDGE_CURVE('',#2955,#2948,#2957,.T.);
#2955 = VERTEX_POINT('',#2956);
#2956 = CARTESIAN_POINT('',(0.25,-0.125,-4.));
#2957 = B_SPLINE_CURVE_WITH_KNOTS('',1,(#2958,#2959),.UNSPECIFIED.,.F.,
  .F.,(2,2),(0.,0.25),.PIECEWISE_BEZIER_KNOTS.);
#2958 = CARTESIAN_POINT('',(0.25,-0.125,-4.));
#2959 = CARTESIAN_POINT('',(0.25,0.125,-4.));
#2960 = ORIENTED_EDGE('',*,*,#2961,.F.);
#2961 = EDGE_CURVE('',#2941,#2955,#2962,.T.);
#2962 = B_SPLINE_CURVE_WITH_KNOTS('',1,(#2963,#2964),.UNSPECIFIED.,.F.,
  .F.,(2,2),(0.,0.5),.PIECEWISE_BEZIER_KNOTS.);
#2963 = CARTESIAN_POINT('',(-0.25,-0.125,-4.));
#2964 = CARTESIAN_POINT('',(0.25,-0.125,-4.));
#2965 = B_SPLINE_SURFACE_WITH_KNOTS('',1,1,(
    (#2966,#2967)
    ,(#2968,#2969
    )),.UNSPECIFIED.,.F.,.F.,.F.,(2,2),(2,2),(-8.,-7.5),(1.625,1.875),
  .PIECEWISE_BEZIER_KNOTS.);
#2966 = CARTESIAN_POINT('',(-0.25,-0.125,-4.));
#2967 = CARTESIAN_POINT('',(-0.25,0.125,-4.));
#2968 = CARTESIAN_POINT('',(0.25,-0.125,-4.));
#2969 = CARTESIAN_POINT('',(0.25,0.125,-4.));
#2970 = ADVANCED_FACE('',(#2971),#2985,.T.);
#2971 = FACE_BOUND('',#2972,.T.);
#2972 = EDGE_LOOP('',(#2973,#2974,#2979,#2980));
#2973 = ORIENTED_EDGE('',*,*,#2896,.F.);
#2974 = ORIENTED_EDGE('',*,*,#2975,.F.);
#2975 = EDGE_CURVE('',#2941,#2897,#2976,.T.);
#2976 = B_SPLINE_CURVE_WITH_KNOTS('',1,(#2977,#2978),.UNSPECIFIED.,.F.,
  .F.,(2,2),(0.,4.5),.PIECEWISE_BEZIER_KNOTS.);
#2977 = CARTESIAN_POINT('',(-0.25,-0.125,-4.));
#2978 = CARTESIAN_POINT('',(-0.25,-0.125,0.5));
#2979 = ORIENTED_EDGE('',*,*,#2961,.T.);
#2980 = ORIENTED_EDGE('',*,*,#2981,.T.);
#2981 = EDGE_CURVE('',#2955,#2899,#2982,.T.);
#2982 = B_SPLINE_CURVE_WITH_KNOTS('',1,(#2983,#2984),.UNSPECIFIED.,.F.,
  .F.,(2,2),(0.,4.5),.PIECEWISE_BEZIER_KNOTS.);
#2983 = CARTESIAN_POINT('',(0.25,-0.125,-4.));
#2984 = CARTESIAN_POINT('',(0.25,-0.125,0.5));
#2985 = B_SPLINE_SURFACE_WITH_KNOTS('',1,1,(
    (#2986,#2987)
    ,(#2988,#2989
    )),.UNSPECIFIED.,.F.,.F.,.F.,(2,2),(2,2),(-4.5,0.),(0.,0.5),
  .PIECEWISE_BEZIER_KNOTS.);
#2986 = CARTESIAN_POINT('',(-0.25,-0.125,0.5));
#2987 = CARTESIAN_POINT('',(0.25,-0.125,0.5));
#2988 = CARTESIAN_POINT('',(-0.25,-0.125,-4.));
#2989 = CARTESIAN_POINT('',(0.25,-0.125,-4.));
#2990 = ADVANCED_FACE('',(#2991),#3001,.T.);
#2991 = FACE_BOUND('',#2992,.T.);
#2992 = EDGE_LOOP('',(#2993,#2994,#2995,#2996));
#2993 = ORIENTED_EDGE('',*,*,#2905,.F.);
#2994 = ORIENTED_EDGE('',*,*,#2981,.F.);
#2995 = ORIENTED_EDGE('',*,*,#2954,.T.);
#2996 = ORIENTED_EDGE('',*,*,#2997,.T.);
#2997 = EDGE_CURVE('',#2948,#2906,#2998,.T.);
#2998 = B_SPLINE_CURVE_WITH_KNOTS('',1,(#2999,#3000),.UNSPECIFIED.,.F.,
  .F.,(2,2),(0.,4.5),.PIECEWISE_BEZIER_KNOTS.);
#2999 = CARTESIAN_POINT('',(0.25,0.125,-4.));
#3000 = CARTESIAN_POINT('',(0.25,0.125,0.5));
#3001 = B_SPLINE_SURFACE_WITH_KNOTS('',1,1,(
    (#3002,#3003)
    ,(#3004,#3005
    )),.UNSPECIFIED.,.F.,.F.,.F.,(2,2),(2,2),(0.,0.25),(0.,4.5),
  .PIECEWISE_BEZIER_KNOTS.);
#3002 = CARTESIAN_POINT('',(0.25,-0.125,-4.));
#3003 = CARTESIAN_POINT('',(0.25,-0.125,0.5));
#3004 = CARTESIAN_POINT('',(0.25,0.125,-4.));
#3005 = CARTESIAN_POINT('',(0.25,0.125,0.5));
#3006 = ADVANCED_FACE('',(#3007),#3017,.T.);
#3007 = FACE_BOUND('',#3008,.T.);
#3008 = EDGE_LOOP('',(#3009,#3010,#3011,#3012));
#3009 = ORIENTED_EDGE('',*,*,#2912,.F.);
#3010 = ORIENTED_EDGE('',*,*,#2997,.F.);
#3011 = ORIENTED_EDGE('',*,*,#2947,.T.);
#3012 = ORIENTED_EDGE('',*,*,#3013,.T.);
#3013 = EDGE_CURVE('',#2939,#2913,#3014,.T.);
#3014 = B_SPLINE_CURVE_WITH_KNOTS('',1,(#3015,#3016),.UNSPECIFIED.,.F.,
  .F.,(2,2),(0.,4.5),.PIECEWISE_BEZIER_KNOTS.);
#3015 = CARTESIAN_POINT('',(-0.25,0.125,-4.));
#3016 = CARTESIAN_POINT('',(-0.25,0.125,0.5));
#3017 = B_SPLINE_SURFACE_WITH_KNOTS('',1,1,(
    (#3018,#3019)
    ,(#3020,#3021
    )),.UNSPECIFIED.,.F.,.F.,.F.,(2,2),(2,2),(0.,0.5),(0.,4.5),
  .PIECEWISE_BEZIER_KNOTS.);
#3018 = CARTESIAN_POINT('',(0.25,0.125,-4.));
#3019 = CARTESIAN_POINT('',(0.25,0.125,0.5));
#3020 = CARTESIAN_POINT('',(-0.25,0.125,-4.));
#3021 = CARTESIAN_POINT('',(-0.25,0.125,0.5));
#3022 = ADVANCED_FACE('',(#3023),#3029,.T.);
#3023 = FACE_BOUND('',#3024,.T.);
#3024 = EDGE_LOOP('',(#3025,#3026,#3027,#3028));
#3025 = ORIENTED_EDGE('',*,*,#2919,.F.);
#3026 = ORIENTED_EDGE('',*,*,#3013,.F.);
#3027 = ORIENTED_EDGE('',*,*,#2938,.T.);
#3028 = ORIENTED_EDGE('',*,*,#2975,.T.);
#3029 = B_SPLINE_SURFACE_WITH_KNOTS('',1,1,(
    (#3030,#3031)
    ,(#3032,#3033
    )),.UNSPECIFIED.,.F.,.F.,.F.,(2,2),(2,2),(0.,4.5),(-0.25,0.),
  .PIECEWISE_BEZIER_KNOTS.);
#3030 = CARTESIAN_POINT('',(-0.25,-0.125,-4.));
#3031 = CARTESIAN_POINT('',(-0.25,0.125,-4.));
#3032 = CARTESIAN_POINT('',(-0.25,-0.125,0.5));
#3033 = CARTESIAN_POINT('',(-0.25,0.125,0.5));
#3034 = ADVANCED_FACE('',(#3035),#3065,.F.);
#3035 = FACE_BOUND('',#3036,.T.);
#3036 = EDGE_LOOP('',(#3037,#3046,#3053,#3060));
#3037 = ORIENTED_EDGE('',*,*,#3038,.F.);
#3038 = EDGE_CURVE('',#3039,#3041,#3043,.T.);
#3039 = VERTEX_POINT('',#3040);
#3040 = CARTESIAN_POINT('',(2.29,0.125,-4.));
#3041 = VERTEX_POINT('',#3042);
#3042 = CARTESIAN_POINT('',(2.29,-0.125,-4.));
#3043 = B_SPLINE_CURVE_WITH_KNOTS('',1,(#3044,#3045),.UNSPECIFIED.,.F.,
  .F.,(2,2),(0.,0.25),.PIECEWISE_BEZIER_KNOTS.);
#3044 = CARTESIAN_POINT('',(2.29,0.125,-4.));
#3045 = CARTESIAN_POINT('',(2.29,-0.125,-4.));
#3046 = ORIENTED_EDGE('',*,*,#3047,.F.);
#3047 = EDGE_CURVE('',#3048,#3039,#3050,.T.);
#3048 = VERTEX_POINT('',#3049);
#3049 = CARTESIAN_POINT('',(2.79,0.125,-4.));
#3050 = B_SPLINE_CURVE_WITH_KNOTS('',1,(#3051,#3052),.UNSPECIFIED.,.F.,
  .F.,(2,2),(0.,0.5),.PIECEWISE_BEZIER_KNOTS.);
#3051 = CARTESIAN_POINT('',(2.79,0.125,-4.));
#3052 = CARTESIAN_POINT('',(2.29,0.125,-4.));
#3053 = ORIENTED_EDGE('',*,*,#3054,.F.);
#3054 = EDGE_CURVE('',#3055,#3048,#3057,.T.);
#3055 = VERTEX_POINT('',#3056);
#3056 = CARTESIAN_POINT('',(2.79,-0.125,-4.));
#3057 = B_SPLINE_CURVE_WITH_KNOTS('',1,(#3058,#3059),.UNSPECIFIED.,.F.,
  .F.,(2,2),(0.,0.25),.PIECEWISE_BEZIER_KNOTS.);
#3058 = CARTESIAN_POINT('',(2.79,-0.125,-4.));
#3059 = CARTESIAN_POINT('',(2.79,0.125,-4.));
#3060 = ORIENTED_EDGE('',*,*,#3061,.F.);
#3061 = EDGE_CURVE('',#3041,#3055,#3062,.T.);
#3062 = B_SPLINE_CURVE_WITH_KNOTS('',1,(#3063,#3064),.UNSPECIFIED.,.F.,
  .F.,(2,2),(0.,0.5),.PIECEWISE_BEZIER_KNOTS.);
#3063 = CARTESIAN_POINT('',(2.29,-0.125,-4.));
#3064 = CARTESIAN_POINT('',(2.79,-0.125,-4.));
#3065 = B_SPLINE_SURFACE_WITH_KNOTS('',1,1,(
    (#3066,#3067)
    ,(#3068,#3069
  )),.UNSPECIFIED.,.F.,.F.,.F.,(2,2),(2,2),(-5.46,-4.96),(1.625,1.875),
  .PIECEWISE_BEZIER_KNOTS.);
#3066 = CARTESIAN_POINT('',(2.29,-0.125,-4.));
#3067 = CARTESIAN_POINT('',(2.29,0.125,-4.));
#3068 = CARTESIAN_POINT('',(2.79,-0.125,-4.));
#3069 = CARTESIAN_POINT('',(2.79,0.125,-4.));
#3070 = ADVANCED_FACE('',(#3071),#3085,.T.);
#3071 = FACE_BOUND('',#3072,.T.);
#3072 = EDGE_LOOP('',(#3073,#3074,#3079,#3080));
#3073 = ORIENTED_EDGE('',*,*,#2866,.F.);
#3074 = ORIENTED_EDGE('',*,*,#3075,.F.);
#3075 = EDGE_CURVE('',#3039,#2867,#3076,.T.);
#3076 = B_SPLINE_CURVE_WITH_KNOTS('',1,(#3077,#3078),.UNSPECIFIED.,.F.,
  .F.,(2,2),(0.,4.5),.PIECEWISE_BEZIER_KNOTS.);
#3077 = CARTESIAN_POINT('',(2.29,0.125,-4.));
#3078 = CARTESIAN_POINT('',(2.29,0.125,0.5));
#3079 = ORIENTED_EDGE('',*,*,#3038,.T.);
#3080 = ORIENTED_EDGE('',*,*,#3081,.T.);
#3081 = EDGE_CURVE('',#3041,#2869,#3082,.T.);
#3082 = B_SPLINE_CURVE_WITH_KNOTS('',1,(#3083,#3084),.UNSPECIFIED.,.F.,
  .F.,(2,2),(0.,4.5),.PIECEWISE_BEZIER_KNOTS.);
#3083 = CARTESIAN_POINT('',(2.29,-0.125,-4.));
#3084 = CARTESIAN_POINT('',(2.29,-0.125,0.5));
#3085 = B_SPLINE_SURFACE_WITH_KNOTS('',1,1,(
    (#3086,#3087)
    ,(#3088,#3089
    )),.UNSPECIFIED.,.F.,.F.,.F.,(2,2),(2,2),(0.,4.5),(-0.25,0.),
  .PIECEWISE_BEZIER_KNOTS.);
#3086 = CARTESIAN_POINT('',(2.29,-0.125,-4.));
#3087 = CARTESIAN_POINT('',(2.29,0.125,-4.));
#3088 = CARTESIAN_POINT('',(2.29,-0.125,0.5));
#3089 = CARTESIAN_POINT('',(2.29,0.125,0.5));
#3090 = ADVANCED_FACE('',(#3091),#3101,.T.);
#3091 = FACE_BOUND('',#3092,.T.);
#3092 = EDGE_LOOP('',(#3093,#3094,#3095,#3096));
#3093 = ORIENTED_EDGE('',*,*,#2875,.F.);
#3094 = ORIENTED_EDGE('',*,*,#3081,.F.);
#3095 = ORIENTED_EDGE('',*,*,#3061,.T.);
#3096 = ORIENTED_EDGE('',*,*,#3097,.T.);
#3097 = EDGE_CURVE('',#3055,#2876,#3098,.T.);
#3098 = B_SPLINE_CURVE_WITH_KNOTS('',1,(#3099,#3100),.UNSPECIFIED.,.F.,
  .F.,(2,2),(0.,4.5),.PIECEWISE_BEZIER_KNOTS.);
#3099 = CARTESIAN_POINT('',(2.79,-0.125,-4.));
#3100 = CARTESIAN_POINT('',(2.79,-0.125,0.5));
#3101 = B_SPLINE_SURFACE_WITH_KNOTS('',1,1,(
    (#3102,#3103)
    ,(#3104,#3105
    )),.UNSPECIFIED.,.F.,.F.,.F.,(2,2),(2,2),(-4.5,0.),(0.,0.5),
  .PIECEWISE_BEZIER_KNOTS.);
#3102 = CARTESIAN_POINT('',(2.29,-0.125,0.5));
#3103 = CARTESIAN_POINT('',(2.79,-0.125,0.5));
#3104 = CARTESIAN_POINT('',(2.29,-0.125,-4.));
#3105 = CARTESIAN_POINT('',(2.79,-0.125,-4.));
#3106 = ADVANCED_FACE('',(#3107),#3117,.T.);
#3107 = FACE_BOUND('',#3108,.T.);
#3108 = EDGE_LOOP('',(#3109,#3110,#3111,#3112));
#3109 = ORIENTED_EDGE('',*,*,#2882,.F.);
#3110 = ORIENTED_EDGE('',*,*,#3097,.F.);
#3111 = ORIENTED_EDGE('',*,*,#3054,.T.);
#3112 = ORIENTED_EDGE('',*,*,#3113,.T.);
#3113 = EDGE_CURVE('',#3048,#2883,#3114,.T.);
#3114 = B_SPLINE_CURVE_WITH_KNOTS('',1,(#3115,#3116),.UNSPECIFIED.,.F.,
  .F.,(2,2),(0.,4.5),.PIECEWISE_BEZIER_KNOTS.);
#3115 = CARTESIAN_POINT('',(2.79,0.125,-4.));
#3116 = CARTESIAN_POINT('',(2.79,0.125,0.5));
#3117 = B_SPLINE_SURFACE_WITH_KNOTS('',1,1,(
    (#3118,#3119)
    ,(#3120,#3121
    )),.UNSPECIFIED.,.F.,.F.,.F.,(2,2),(2,2),(-4.5,0.),(0.,0.25),
  .PIECEWISE_BEZIER_KNOTS.);
#3118 = CARTESIAN_POINT('',(2.79,-0.125,0.5));
#3119 = CARTESIAN_POINT('',(2.79,0.125,0.5));
#3120 = CARTESIAN_POINT('',(2.79,-0.125,-4.));
#3121 = CARTESIAN_POINT('',(2.79,0.125,-4.));
#3122 = ADVANCED_FACE('',(#3123),#3129,.T.);
#3123 = FACE_BOUND('',#3124,.T.);
#3124 = EDGE_LOOP('',(#3125,#3126,#3127,#3128));
#3125 = ORIENTED_EDGE('',*,*,#2889,.F.);
#3126 = ORIENTED_EDGE('',*,*,#3113,.F.);
#3127 = ORIENTED_EDGE('',*,*,#3047,.T.);
#3128 = ORIENTED_EDGE('',*,*,#3075,.T.);
#3129 = B_SPLINE_SURFACE_WITH_KNOTS('',1,1,(
    (#3130,#3131)
    ,(#3132,#3133
    )),.UNSPECIFIED.,.F.,.F.,.F.,(2,2),(2,2),(0.,0.5),(0.,4.5),
  .PIECEWISE_BEZIER_KNOTS.);
#3130 = CARTESIAN_POINT('',(2.79,0.125,-4.));
#3131 = CARTESIAN_POINT('',(2.79,0.125,0.5));
#3132 = CARTESIAN_POINT('',(2.29,0.125,-4.));
#3133 = CARTESIAN_POINT('',(2.29,0.125,0.5));
#3134 = ADVANCED_FACE('',(#3135),#3165,.F.);
#3135 = FACE_BOUND('',#3136,.T.);
#3136 = EDGE_LOOP('',(#3137,#3146,#3153,#3160));
#3137 = ORIENTED_EDGE('',*,*,#3138,.F.);
#3138 = EDGE_CURVE('',#3139,#3141,#3143,.T.);
#3139 = VERTEX_POINT('',#3140);
#3140 = CARTESIAN_POINT('',(9.91,0.125,-4.));
#3141 = VERTEX_POINT('',#3142);
#3142 = CARTESIAN_POINT('',(9.91,-0.125,-4.));
#3143 = B_SPLINE_CURVE_WITH_KNOTS('',1,(#3144,#3145),.UNSPECIFIED.,.F.,
  .F.,(2,2),(0.,0.25),.PIECEWISE_BEZIER_KNOTS.);
#3144 = CARTESIAN_POINT('',(9.91,0.125,-4.));
#3145 = CARTESIAN_POINT('',(9.91,-0.125,-4.));
#3146 = ORIENTED_EDGE('',*,*,#3147,.F.);
#3147 = EDGE_CURVE('',#3148,#3139,#3150,.T.);
#3148 = VERTEX_POINT('',#3149);
#3149 = CARTESIAN_POINT('',(10.41,0.125,-4.));
#3150 = B_SPLINE_CURVE_WITH_KNOTS('',1,(#3151,#3152),.UNSPECIFIED.,.F.,
  .F.,(2,2),(0.,0.5),.PIECEWISE_BEZIER_KNOTS.);
#3151 = CARTESIAN_POINT('',(10.41,0.125,-4.));
#3152 = CARTESIAN_POINT('',(9.91,0.125,-4.));
#3153 = ORIENTED_EDGE('',*,*,#3154,.F.);
#3154 = EDGE_CURVE('',#3155,#3148,#3157,.T.);
#3155 = VERTEX_POINT('',#3156);
#3156 = CARTESIAN_POINT('',(10.41,-0.125,-4.));
#3157 = B_SPLINE_CURVE_WITH_KNOTS('',1,(#3158,#3159),.UNSPECIFIED.,.F.,
  .F.,(2,2),(0.,0.25),.PIECEWISE_BEZIER_KNOTS.);
#3158 = CARTESIAN_POINT('',(10.41,-0.125,-4.));
#3159 = CARTESIAN_POINT('',(10.41,0.125,-4.));
#3160 = ORIENTED_EDGE('',*,*,#3161,.F.);
#3161 = EDGE_CURVE('',#3141,#3155,#3162,.T.);
#3162 = B_SPLINE_CURVE_WITH_KNOTS('',1,(#3163,#3164),.UNSPECIFIED.,.F.,
  .F.,(2,2),(0.,0.5),.PIECEWISE_BEZIER_KNOTS.);
#3163 = CARTESIAN_POINT('',(9.91,-0.125,-4.));
#3164 = CARTESIAN_POINT('',(10.41,-0.125,-4.));
#3165 = B_SPLINE_SURFACE_WITH_KNOTS('',1,1,(
    (#3166,#3167)
    ,(#3168,#3169
    )),.UNSPECIFIED.,.F.,.F.,.F.,(2,2),(2,2),(2.16,2.66),(1.625,1.875),
  .PIECEWISE_BEZIER_KNOTS.);
#3166 = CARTESIAN_POINT('',(9.91,-0.125,-4.));
#3167 = CARTESIAN_POINT('',(9.91,0.125,-4.));
#3168 = CARTESIAN_POINT('',(10.41,-0.125,-4.));
#3169 = CARTESIAN_POINT('',(10.41,0.125,-4.));
#3170 = ADVANCED_FACE('',(#3171),#3185,.T.);
#3171 = FACE_BOUND('',#3172,.T.);
#3172 = EDGE_LOOP('',(#3173,#3174,#3179,#3180));
#3173 = ORIENTED_EDGE('',*,*,#2836,.F.);
#3174 = ORIENTED_EDGE('',*,*,#3175,.F.);
#3175 = EDGE_CURVE('',#3139,#2837,#3176,.T.);
#3176 = B_SPLINE_CURVE_WITH_KNOTS('',1,(#3177,#3178),.UNSPECIFIED.,.F.,
  .F.,(2,2),(0.,4.5),.PIECEWISE_BEZIER_KNOTS.);
#3177 = CARTESIAN_POINT('',(9.91,0.125,-4.));
#3178 = CARTESIAN_POINT('',(9.91,0.125,0.5));
#3179 = ORIENTED_EDGE('',*,*,#3138,.T.);
#3180 = ORIENTED_EDGE('',*,*,#3181,.T.);
#3181 = EDGE_CURVE('',#3141,#2839,#3182,.T.);
#3182 = B_SPLINE_CURVE_WITH_KNOTS('',1,(#3183,#3184),.UNSPECIFIED.,.F.,
  .F.,(2,2),(0.,4.5),.PIECEWISE_BEZIER_KNOTS.);
#3183 = CARTESIAN_POINT('',(9.91,-0.125,-4.));
#3184 = CARTESIAN_POINT('',(9.91,-0.125,0.5));
#3185 = B_SPLINE_SURFACE_WITH_KNOTS('',1,1,(
    (#3186,#3187)
    ,(#3188,#3189
    )),.UNSPECIFIED.,.F.,.F.,.F.,(2,2),(2,2),(0.,4.5),(-0.25,0.),
  .PIECEWISE_BEZIER_KNOTS.);
#3186 = CARTESIAN_POINT('',(9.91,-0.125,-4.));
#3187 = CARTESIAN_POINT('',(9.91,0.125,-4.));
#3188 = CARTESIAN_POINT('',(9.91,-0.125,0.5));
#3189 = CARTESIAN_POINT('',(9.91,0.125,0.5));
#3190 = ADVANCED_FACE('',(#3191),#3201,.T.);
#3191 = FACE_BOUND('',#3192,.T.);
#3192 = EDGE_LOOP('',(#3193,#3194,#3195,#3196));
#3193 = ORIENTED_EDGE('',*,*,#2845,.F.);
#3194 = ORIENTED_EDGE('',*,*,#3181,.F.);
#3195 = ORIENTED_EDGE('',*,*,#3161,.T.);
#3196 = ORIENTED_EDGE('',*,*,#3197,.T.);
#3197 = EDGE_CURVE('',#3155,#2846,#3198,.T.);
#3198 = B_SPLINE_CURVE_WITH_KNOTS('',1,(#3199,#3200),.UNSPECIFIED.,.F.,
  .F.,(2,2),(0.,4.5),.PIECEWISE_BEZIER_KNOTS.);
#3199 = CARTESIAN_POINT('',(10.41,-0.125,-4.));
#3200 = CARTESIAN_POINT('',(10.41,-0.125,0.5));
#3201 = B_SPLINE_SURFACE_WITH_KNOTS('',1,1,(
    (#3202,#3203)
    ,(#3204,#3205
    )),.UNSPECIFIED.,.F.,.F.,.F.,(2,2),(2,2),(-4.5,0.),(0.,0.5),
  .PIECEWISE_BEZIER_KNOTS.);
#3202 = CARTESIAN_POINT('',(9.91,-0.125,0.5));
#3203 = CARTESIAN_POINT('',(10.41,-0.125,0.5));
#3204 = CARTESIAN_POINT('',(9.91,-0.125,-4.));
#3205 = CARTESIAN_POINT('',(10.41,-0.125,-4.));
#3206 = ADVANCED_FACE('',(#3207),#3217,.T.);
#3207 = FACE_BOUND('',#3208,.T.);
#3208 = EDGE_LOOP('',(#3209,#3210,#3211,#3212));
#3209 = ORIENTED_EDGE('',*,*,#2852,.F.);
#3210 = ORIENTED_EDGE('',*,*,#3197,.F.);
#3211 = ORIENTED_EDGE('',*,*,#3154,.T.);
#3212 = ORIENTED_EDGE('',*,*,#3213,.T.);
#3213 = EDGE_CURVE('',#3148,#2853,#3214,.T.);
#3214 = B_SPLINE_CURVE_WITH_KNOTS('',1,(#3215,#3216),.UNSPECIFIED.,.F.,
  .F.,(2,2),(0.,4.5),.PIECEWISE_BEZIER_KNOTS.);
#3215 = CARTESIAN_POINT('',(10.41,0.125,-4.));
#3216 = CARTESIAN_POINT('',(10.41,0.125,0.5));
#3217 = B_SPLINE_SURFACE_WITH_KNOTS('',1,1,(
    (#3218,#3219)
    ,(#3220,#3221
    )),.UNSPECIFIED.,.F.,.F.,.F.,(2,2),(2,2),(-4.5,0.),(0.,0.25),
  .PIECEWISE_BEZIER_KNOTS.);
#3218 = CARTESIAN_POINT('',(10.41,-0.125,0.5));
#3219 = CARTESIAN_POINT('',(10.41,0.125,0.5));
#3220 = CARTESIAN_POINT('',(10.41,-0.125,-4.));
#3221 = CARTESIAN_POINT('',(10.41,0.125,-4.));
#3222 = ADVANCED_FACE('',(#3223),#3229,.T.);
#3223 = FACE_BOUND('',#3224,.T.);
#3224 = EDGE_LOOP('',(#3225,#3226,#3227,#3228));
#3225 = ORIENTED_EDGE('',*,*,#2859,.F.);
#3226 = ORIENTED_EDGE('',*,*,#3213,.F.);
#3227 = ORIENTED_EDGE('',*,*,#3147,.T.);
#3228 = ORIENTED_EDGE('',*,*,#3175,.T.);
#3229 = B_SPLINE_SURFACE_WITH_KNOTS('',1,1,(
    (#3230,#3231)
    ,(#3232,#3233
    )),.UNSPECIFIED.,.F.,.F.,.F.,(2,2),(2,2),(0.,0.5),(0.,4.5),
  .PIECEWISE_BEZIER_KNOTS.);
#3230 = CARTESIAN_POINT('',(10.41,0.125,-4.));
#3231 = CARTESIAN_POINT('',(10.41,0.125,0.5));
#3232 = CARTESIAN_POINT('',(9.91,0.125,-4.));
#3233 = CARTESIAN_POINT('',(9.91,0.125,0.5));
#3234 = ADVANCED_FACE('',(#3235),#3265,.F.);
#3235 = FACE_BOUND('',#3236,.T.);
#3236 = EDGE_LOOP('',(#3237,#3246,#3253,#3260));
#3237 = ORIENTED_EDGE('',*,*,#3238,.F.);
#3238 = EDGE_CURVE('',#3239,#3241,#3243,.T.);
#3239 = VERTEX_POINT('',#3240);
#3240 = CARTESIAN_POINT('',(12.45,0.125,-4.));
#3241 = VERTEX_POINT('',#3242);
#3242 = CARTESIAN_POINT('',(12.45,-0.125,-4.));
#3243 = B_SPLINE_CURVE_WITH_KNOTS('',1,(#3244,#3245),.UNSPECIFIED.,.F.,
  .F.,(2,2),(0.,0.25),.PIECEWISE_BEZIER_KNOTS.);
#3244 = CARTESIAN_POINT('',(12.45,0.125,-4.));
#3245 = CARTESIAN_POINT('',(12.45,-0.125,-4.));
#3246 = ORIENTED_EDGE('',*,*,#3247,.F.);
#3247 = EDGE_CURVE('',#3248,#3239,#3250,.T.);
#3248 = VERTEX_POINT('',#3249);
#3249 = CARTESIAN_POINT('',(12.95,0.125,-4.));
#3250 = B_SPLINE_CURVE_WITH_KNOTS('',1,(#3251,#3252),.UNSPECIFIED.,.F.,
  .F.,(2,2),(0.,0.5),.PIECEWISE_BEZIER_KNOTS.);
#3251 = CARTESIAN_POINT('',(12.95,0.125,-4.));
#3252 = CARTESIAN_POINT('',(12.45,0.125,-4.));
#3253 = ORIENTED_EDGE('',*,*,#3254,.F.);
#3254 = EDGE_CURVE('',#3255,#3248,#3257,.T.);
#3255 = VERTEX_POINT('',#3256);
#3256 = CARTESIAN_POINT('',(12.95,-0.125,-4.));
#3257 = B_SPLINE_CURVE_WITH_KNOTS('',1,(#3258,#3259),.UNSPECIFIED.,.F.,
  .F.,(2,2),(0.,0.25),.PIECEWISE_BEZIER_KNOTS.);
#3258 = CARTESIAN_POINT('',(12.95,-0.125,-4.));
#3259 = CARTESIAN_POINT('',(12.95,0.125,-4.));
#3260 = ORIENTED_EDGE('',*,*,#3261,.F.);
#3261 = EDGE_CURVE('',#3241,#3255,#3262,.T.);
#3262 = B_SPLINE_CURVE_WITH_KNOTS('',1,(#3263,#3264),.UNSPECIFIED.,.F.,
  .F.,(2,2),(0.,0.5),.PIECEWISE_BEZIER_KNOTS.);
#3263 = CARTESIAN_POINT('',(12.45,-0.125,-4.));
#3264 = CARTESIAN_POINT('',(12.95,-0.125,-4.));
#3265 = B_SPLINE_SURFACE_WITH_KNOTS('',1,1,(
    (#3266,#3267)
    ,(#3268,#3269
    )),.UNSPECIFIED.,.F.,.F.,.F.,(2,2),(2,2),(4.7,5.2),(1.625,1.875),
  .PIECEWISE_BEZIER_KNOTS.);
#3266 = CARTESIAN_POINT('',(12.45,-0.125,-4.));
#3267 = CARTESIAN_POINT('',(12.45,0.125,-4.));
#3268 = CARTESIAN_POINT('',(12.95,-0.125,-4.));
#3269 = CARTESIAN_POINT('',(12.95,0.125,-4.));
#3270 = ADVANCED_FACE('',(#3271),#3285,.T.);
#3271 = FACE_BOUND('',#3272,.T.);
#3272 = EDGE_LOOP('',(#3273,#3274,#3279,#3280));
#3273 = ORIENTED_EDGE('',*,*,#2806,.F.);
#3274 = ORIENTED_EDGE('',*,*,#3275,.F.);
#3275 = EDGE_CURVE('',#3239,#2807,#3276,.T.);
#3276 = B_SPLINE_CURVE_WITH_KNOTS('',1,(#3277,#3278),.UNSPECIFIED.,.F.,
  .F.,(2,2),(0.,4.5),.PIECEWISE_BEZIER_KNOTS.);
#3277 = CARTESIAN_POINT('',(12.45,0.125,-4.));
#3278 = CARTESIAN_POINT('',(12.45,0.125,0.5));
#3279 = ORIENTED_EDGE('',*,*,#3238,.T.);
#3280 = ORIENTED_EDGE('',*,*,#3281,.T.);
#3281 = EDGE_CURVE('',#3241,#2809,#3282,.T.);
#3282 = B_SPLINE_CURVE_WITH_KNOTS('',1,(#3283,#3284),.UNSPECIFIED.,.F.,
  .F.,(2,2),(0.,4.5),.PIECEWISE_BEZIER_KNOTS.);
#3283 = CARTESIAN_POINT('',(12.45,-0.125,-4.));
#3284 = CARTESIAN_POINT('',(12.45,-0.125,0.5));
#3285 = B_SPLINE_SURFACE_WITH_KNOTS('',1,1,(
    (#3286,#3287)
    ,(#3288,#3289
    )),.UNSPECIFIED.,.F.,.F.,.F.,(2,2),(2,2),(0.,4.5),(-0.25,0.),
  .PIECEWISE_BEZIER_KNOTS.);
#3286 = CARTESIAN_POINT('',(12.45,-0.125,-4.));
#3287 = CARTESIAN_POINT('',(12.45,0.125,-4.));
#3288 = CARTESIAN_POINT('',(12.45,-0.125,0.5));
#3289 = CARTESIAN_POINT('',(12.45,0.125,0.5));
#3290 = ADVANCED_FACE('',(#3291),#3301,.T.);
#3291 = FACE_BOUND('',#3292,.T.);
#3292 = EDGE_LOOP('',(#3293,#3294,#3295,#3296));
#3293 = ORIENTED_EDGE('',*,*,#2815,.F.);
#3294 = ORIENTED_EDGE('',*,*,#3281,.F.);
#3295 = ORIENTED_EDGE('',*,*,#3261,.T.);
#3296 = ORIENTED_EDGE('',*,*,#3297,.T.);
#3297 = EDGE_CURVE('',#3255,#2816,#3298,.T.);
#3298 = B_SPLINE_CURVE_WITH_KNOTS('',1,(#3299,#3300),.UNSPECIFIED.,.F.,
  .F.,(2,2),(0.,4.5),.PIECEWISE_BEZIER_KNOTS.);
#3299 = CARTESIAN_POINT('',(12.95,-0.125,-4.));
#3300 = CARTESIAN_POINT('',(12.95,-0.125,0.5));
#3301 = B_SPLINE_SURFACE_WITH_KNOTS('',1,1,(
    (#3302,#3303)
    ,(#3304,#3305
    )),.UNSPECIFIED.,.F.,.F.,.F.,(2,2),(2,2),(-4.5,0.),(0.,0.5),
  .PIECEWISE_BEZIER_KNOTS.);
#3302 = CARTESIAN_POINT('',(12.45,-0.125,0.5));
#3303 = CARTESIAN_POINT('',(12.95,-0.125,0.5));
#3304 = CARTESIAN_POINT('',(12.45,-0.125,-4.));
#3305 = CARTESIAN_POINT('',(12.95,-0.125,-4.));
#3306 = ADVANCED_FACE('',(#3307),#3317,.T.);
#3307 = FACE_BOUND('',#3308,.T.);
#3308 = EDGE_LOOP('',(#3309,#3310,#3311,#3312));
#3309 = ORIENTED_EDGE('',*,*,#2822,.F.);
#3310 = ORIENTED_EDGE('',*,*,#3297,.F.);
#3311 = ORIENTED_EDGE('',*,*,#3254,.T.);
#3312 = ORIENTED_EDGE('',*,*,#3313,.T.);
#3313 = EDGE_CURVE('',#3248,#2823,#3314,.T.);
#3314 = B_SPLINE_CURVE_WITH_KNOTS('',1,(#3315,#3316),.UNSPECIFIED.,.F.,
  .F.,(2,2),(0.,4.5),.PIECEWISE_BEZIER_KNOTS.);
#3315 = CARTESIAN_POINT('',(12.95,0.125,-4.));
#3316 = CARTESIAN_POINT('',(12.95,0.125,0.5));
#3317 = B_SPLINE_SURFACE_WITH_KNOTS('',1,1,(
    (#3318,#3319)
    ,(#3320,#3321
    )),.UNSPECIFIED.,.F.,.F.,.F.,(2,2),(2,2),(-4.5,0.),(0.,0.25),
  .PIECEWISE_BEZIER_KNOTS.);
#3318 = CARTESIAN_POINT('',(12.95,-0.125,0.5));
#3319 = CARTESIAN_POINT('',(12.95,0.125,0.5));
#3320 = CARTESIAN_POINT('',(12.95,-0.125,-4.));
#3321 = CARTESIAN_POINT('',(12.95,0.125,-4.));
#3322 = ADVANCED_FACE('',(#3323),#3329,.T.);
#3323 = FACE_BOUND('',#3324,.T.);
#3324 = EDGE_LOOP('',(#3325,#3326,#3327,#3328));
#3325 = ORIENTED_EDGE('',*,*,#2829,.F.);
#3326 = ORIENTED_EDGE('',*,*,#3313,.F.);
#3327 = ORIENTED_EDGE('',*,*,#3247,.T.);
#3328 = ORIENTED_EDGE('',*,*,#3275,.T.);
#3329 = B_SPLINE_SURFACE_WITH_KNOTS('',1,1,(
    (#3330,#3331)
    ,(#3332,#3333
    )),.UNSPECIFIED.,.F.,.F.,.F.,(2,2),(2,2),(0.,4.5),(-0.5,0.),
  .PIECEWISE_BEZIER_KNOTS.);
#3330 = CARTESIAN_POINT('',(12.45,0.125,-4.));
#3331 = CARTESIAN_POINT('',(12.95,0.125,-4.));
#3332 = CARTESIAN_POINT('',(12.45,0.125,0.5));
#3333 = CARTESIAN_POINT('',(12.95,0.125,0.5));
#3334 = ADVANCED_FACE('',(#3335),#3365,.F.);
#3335 = FACE_BOUND('',#3336,.T.);
#3336 = EDGE_LOOP('',(#3337,#3346,#3353,#3360));
#3337 = ORIENTED_EDGE('',*,*,#3338,.F.);
#3338 = EDGE_CURVE('',#3339,#3341,#3343,.T.);
#3339 = VERTEX_POINT('',#3340);
#3340 = CARTESIAN_POINT('',(14.99,0.125,-4.));
#3341 = VERTEX_POINT('',#3342);
#3342 = CARTESIAN_POINT('',(14.99,-0.125,-4.));
#3343 = B_SPLINE_CURVE_WITH_KNOTS('',1,(#3344,#3345),.UNSPECIFIED.,.F.,
  .F.,(2,2),(0.,0.25),.PIECEWISE_BEZIER_KNOTS.);
#3344 = CARTESIAN_POINT('',(14.99,0.125,-4.));
#3345 = CARTESIAN_POINT('',(14.99,-0.125,-4.));
#3346 = ORIENTED_EDGE('',*,*,#3347,.F.);
#3347 = EDGE_CURVE('',#3348,#3339,#3350,.T.);
#3348 = VERTEX_POINT('',#3349);
#3349 = CARTESIAN_POINT('',(15.49,0.125,-4.));
#3350 = B_SPLINE_CURVE_WITH_KNOTS('',1,(#3351,#3352),.UNSPECIFIED.,.F.,
  .F.,(2,2),(0.,0.5),.PIECEWISE_BEZIER_KNOTS.);
#3351 = CARTESIAN_POINT('',(15.49,0.125,-4.));
#3352 = CARTESIAN_POINT('',(14.99,0.125,-4.));
#3353 = ORIENTED_EDGE('',*,*,#3354,.F.);
#3354 = EDGE_CURVE('',#3355,#3348,#3357,.T.);
#3355 = VERTEX_POINT('',#3356);
#3356 = CARTESIAN_POINT('',(15.49,-0.125,-4.));
#3357 = B_SPLINE_CURVE_WITH_KNOTS('',1,(#3358,#3359),.UNSPECIFIED.,.F.,
  .F.,(2,2),(0.,0.25),.PIECEWISE_BEZIER_KNOTS.);
#3358 = CARTESIAN_POINT('',(15.49,-0.125,-4.));
#3359 = CARTESIAN_POINT('',(15.49,0.125,-4.));
#3360 = ORIENTED_EDGE('',*,*,#3361,.F.);
#3361 = EDGE_CURVE('',#3341,#3355,#3362,.T.);
#3362 = B_SPLINE_CURVE_WITH_KNOTS('',1,(#3363,#3364),.UNSPECIFIED.,.F.,
  .F.,(2,2),(0.,0.5),.PIECEWISE_BEZIER_KNOTS.);
#3363 = CARTESIAN_POINT('',(14.99,-0.125,-4.));
#3364 = CARTESIAN_POINT('',(15.49,-0.125,-4.));
#3365 = B_SPLINE_SURFACE_WITH_KNOTS('',1,1,(
    (#3366,#3367)
    ,(#3368,#3369
    )),.UNSPECIFIED.,.F.,.F.,.F.,(2,2),(2,2),(7.24,7.74),(1.625,1.875),
  .PIECEWISE_BEZIER_KNOTS.);
#3366 = CARTESIAN_POINT('',(14.99,-0.125,-4.));
#3367 = CARTESIAN_POINT('',(14.99,0.125,-4.));
#3368 = CARTESIAN_POINT('',(15.49,-0.125,-4.));
#3369 = CARTESIAN_POINT('',(15.49,0.125,-4.));
#3370 = ADVANCED_FACE('',(#3371),#3385,.T.);
#3371 = FACE_BOUND('',#3372,.T.);
#3372 = EDGE_LOOP('',(#3373,#3374,#3379,#3380));
#3373 = ORIENTED_EDGE('',*,*,#2776,.F.);
#3374 = ORIENTED_EDGE('',*,*,#3375,.F.);
#3375 = EDGE_CURVE('',#3339,#2777,#3376,.T.);
#3376 = B_SPLINE_CURVE_WITH_KNOTS('',1,(#3377,#3378),.UNSPECIFIED.,.F.,
  .F.,(2,2),(0.,4.5),.PIECEWISE_BEZIER_KNOTS.);
#3377 = CARTESIAN_POINT('',(14.99,0.125,-4.));
#3378 = CARTESIAN_POINT('',(14.99,0.125,0.5));
#3379 = ORIENTED_EDGE('',*,*,#3338,.T.);
#3380 = ORIENTED_EDGE('',*,*,#3381,.T.);
#3381 = EDGE_CURVE('',#3341,#2779,#3382,.T.);
#3382 = B_SPLINE_CURVE_WITH_KNOTS('',1,(#3383,#3384),.UNSPECIFIED.,.F.,
  .F.,(2,2),(0.,4.5),.PIECEWISE_BEZIER_KNOTS.);
#3383 = CARTESIAN_POINT('',(14.99,-0.125,-4.));
#3384 = CARTESIAN_POINT('',(14.99,-0.125,0.5));
#3385 = B_SPLINE_SURFACE_WITH_KNOTS('',1,1,(
    (#3386,#3387)
    ,(#3388,#3389
    )),.UNSPECIFIED.,.F.,.F.,.F.,(2,2),(2,2),(0.,4.5),(-0.25,0.),
  .PIECEWISE_BEZIER_KNOTS.);
#3386 = CARTESIAN_POINT('',(14.99,-0.125,-4.));
#3387 = CARTESIAN_POINT('',(14.99,0.125,-4.));
#3388 = CARTESIAN_POINT('',(14.99,-0.125,0.5));
#3389 = CARTESIAN_POINT('',(14.99,0.125,0.5));
#3390 = ADVANCED_FACE('',(#3391),#3401,.T.);
#3391 = FACE_BOUND('',#3392,.T.);
#3392 = EDGE_LOOP('',(#3393,#3394,#3395,#3396));
#3393 = ORIENTED_EDGE('',*,*,#2785,.F.);
#3394 = ORIENTED_EDGE('',*,*,#3381,.F.);
#3395 = ORIENTED_EDGE('',*,*,#3361,.T.);
#3396 = ORIENTED_EDGE('',*,*,#3397,.T.);
#3397 = EDGE_CURVE('',#3355,#2786,#3398,.T.);
#3398 = B_SPLINE_CURVE_WITH_KNOTS('',1,(#3399,#3400),.UNSPECIFIED.,.F.,
  .F.,(2,2),(0.,4.5),.PIECEWISE_BEZIER_KNOTS.);
#3399 = CARTESIAN_POINT('',(15.49,-0.125,-4.));
#3400 = CARTESIAN_POINT('',(15.49,-0.125,0.5));
#3401 = B_SPLINE_SURFACE_WITH_KNOTS('',1,1,(
    (#3402,#3403)
    ,(#3404,#3405
    )),.UNSPECIFIED.,.F.,.F.,.F.,(2,2),(2,2),(0.,0.5),(0.,4.5),
  .PIECEWISE_BEZIER_KNOTS.);
#3402 = CARTESIAN_POINT('',(14.99,-0.125,-4.));
#3403 = CARTESIAN_POINT('',(14.99,-0.125,0.5));
#3404 = CARTESIAN_POINT('',(15.49,-0.125,-4.));
#3405 = CARTESIAN_POINT('',(15.49,-0.125,0.5));
#3406 = ADVANCED_FACE('',(#3407),#3417,.T.);
#3407 = FACE_BOUND('',#3408,.T.);
#3408 = EDGE_LOOP('',(#3409,#3410,#3411,#3412));
#3409 = ORIENTED_EDGE('',*,*,#2792,.F.);
#3410 = ORIENTED_EDGE('',*,*,#3397,.F.);
#3411 = ORIENTED_EDGE('',*,*,#3354,.T.);
#3412 = ORIENTED_EDGE('',*,*,#3413,.T.);
#3413 = EDGE_CURVE('',#3348,#2793,#3414,.T.);
#3414 = B_SPLINE_CURVE_WITH_KNOTS('',1,(#3415,#3416),.UNSPECIFIED.,.F.,
  .F.,(2,2),(0.,4.5),.PIECEWISE_BEZIER_KNOTS.);
#3415 = CARTESIAN_POINT('',(15.49,0.125,-4.));
#3416 = CARTESIAN_POINT('',(15.49,0.125,0.5));
#3417 = B_SPLINE_SURFACE_WITH_KNOTS('',1,1,(
    (#3418,#3419)
    ,(#3420,#3421
    )),.UNSPECIFIED.,.F.,.F.,.F.,(2,2),(2,2),(-4.5,0.),(0.,0.25),
  .PIECEWISE_BEZIER_KNOTS.);
#3418 = CARTESIAN_POINT('',(15.49,-0.125,0.5));
#3419 = CARTESIAN_POINT('',(15.49,0.125,0.5));
#3420 = CARTESIAN_POINT('',(15.49,-0.125,-4.));
#3421 = CARTESIAN_POINT('',(15.49,0.125,-4.));
#3422 = ADVANCED_FACE('',(#3423),#3429,.T.);
#3423 = FACE_BOUND('',#3424,.T.);
#3424 = EDGE_LOOP('',(#3425,#3426,#3427,#3428));
#3425 = ORIENTED_EDGE('',*,*,#2799,.F.);
#3426 = ORIENTED_EDGE('',*,*,#3413,.F.);
#3427 = ORIENTED_EDGE('',*,*,#3347,.T.);
#3428 = ORIENTED_EDGE('',*,*,#3375,.T.);
#3429 = B_SPLINE_SURFACE_WITH_KNOTS('',1,1,(
    (#3430,#3431)
    ,(#3432,#3433
    )),.UNSPECIFIED.,.F.,.F.,.F.,(2,2),(2,2),(0.,0.5),(0.,4.5),
  .PIECEWISE_BEZIER_KNOTS.);
#3430 = CARTESIAN_POINT('',(15.49,0.125,-4.));
#3431 = CARTESIAN_POINT('',(15.49,0.125,0.5));
#3432 = CARTESIAN_POINT('',(14.99,0.125,-4.));
#3433 = CARTESIAN_POINT('',(14.99,0.125,0.5));
#3434 = ADVANCED_FACE('',(#3435),#3525,.T.);
#3435 = FACE_BOUND('',#3436,.T.);
#3436 = EDGE_LOOP('',(#3437,#3458,#3491,#3518));
#3437 = ORIENTED_EDGE('',*,*,#3438,.F.);
#3438 = EDGE_CURVE('',#3439,#3441,#3443,.T.);
#3439 = VERTEX_POINT('',#3440);
#3440 = CARTESIAN_POINT('',(10.300852090032,-4.74,7.072868167203));
#3441 = VERTEX_POINT('',#3442);
#3442 = CARTESIAN_POINT('',(10.065482315113,-4.74,6.704765273312));
#3443 = B_SPLINE_CURVE_WITH_KNOTS('',3,(#3444,#3445,#3446,#3447,#3448,
    #3449,#3450,#3451,#3452,#3453,#3454,#3455,#3456,#3457),
  .UNSPECIFIED.,.F.,.F.,(4,3,2,2,3,4),(0.808470703636,0.897948402085,
    0.922608878727,0.947269355369,0.971929832011,1.),.UNSPECIFIED.);
#3444 = CARTESIAN_POINT('',(10.300852090032,-4.74,7.072868167203));
#3445 = CARTESIAN_POINT('',(10.300852090032,-4.74,6.950167202572));
#3446 = CARTESIAN_POINT('',(10.300852090032,-4.74,6.827466237942));
#3447 = CARTESIAN_POINT('',(10.300852090032,-4.74,6.704765273312));
#3448 = CARTESIAN_POINT('',(10.300852090032,-4.74,6.656919614148));
#3449 = CARTESIAN_POINT('',(10.290048231511,-4.74,6.621421221865));
#3450 = CARTESIAN_POINT('',(10.245289389068,-4.74,6.573575562701));
#3451 = CARTESIAN_POINT('',(10.217508038585,-4.74,6.562));
#3452 = CARTESIAN_POINT('',(10.148054662379,-4.74,6.562));
#3453 = CARTESIAN_POINT('',(10.119501607717,-4.74,6.573575562701));
#3454 = CARTESIAN_POINT('',(10.097893890675,-4.74,6.596726688103));
#3455 = CARTESIAN_POINT('',(10.075901238057,-4.74,6.62029024448));
#3456 = CARTESIAN_POINT('',(10.065482315113,-4.74,6.656147909968));
#3457 = CARTESIAN_POINT('',(10.065482315113,-4.74,6.704765273312));
#3458 = ORIENTED_EDGE('',*,*,#3459,.F.);
#3459 = EDGE_CURVE('',#3460,#3439,#3462,.T.);
#3460 = VERTEX_POINT('',#3461);
#3461 = CARTESIAN_POINT('',(10.187411575563,-4.74,7.274282958199));
#3462 = B_SPLINE_CURVE_WITH_KNOTS('',3,(#3463,#3464,#3465,#3466,#3467,
    #3468,#3469,#3470,#3471,#3472,#3473,#3474,#3475,#3476,#3477,#3478,
    #3479,#3480,#3481,#3482,#3483,#3484,#3485,#3486,#3487,#3488,#3489,
    #3490),.UNSPECIFIED.,.F.,.F.,(4,3,3,2,3,2,3,2,3,3,4),(0.448994699551
    ,0.549766395944,0.56517751259,0.577074763397,0.588972014205,
    0.601705230115,0.621059718299,0.639607483549,0.654782927846,
    0.679120772062,0.808470703636),.UNSPECIFIED.);
#3463 = CARTESIAN_POINT('',(10.187411575563,-4.74,7.274282958199));
#3464 = CARTESIAN_POINT('',(10.260466237942,-4.74,7.391581993569));
#3465 = CARTESIAN_POINT('',(10.333520900322,-4.74,7.508881028939));
#3466 = CARTESIAN_POINT('',(10.406575562701,-4.74,7.626180064309));
#3467 = CARTESIAN_POINT('',(10.419938405461,-4.74,7.647635896345));
#3468 = CARTESIAN_POINT('',(10.431270096463,-4.74,7.665536977492));
#3469 = CARTESIAN_POINT('',(10.439758842444,-4.74,7.680199356913));
#3470 = CARTESIAN_POINT('',(10.448441314992,-4.74,7.695196354952));
#3471 = CARTESIAN_POINT('',(10.459051446945,-4.74,7.708752411576));
#3472 = CARTESIAN_POINT('',(10.480659163987,-4.74,7.734990353698));
#3473 = CARTESIAN_POINT('',(10.492234726688,-4.74,7.745022508039));
#3474 = CARTESIAN_POINT('',(10.505353697749,-4.74,7.751196141479));
#3475 = CARTESIAN_POINT('',(10.51940177441,-4.74,7.757807001084));
#3476 = CARTESIAN_POINT('',(10.534678456592,-4.74,7.762));
#3477 = CARTESIAN_POINT('',(10.583295819936,-4.74,7.762));
#3478 = CARTESIAN_POINT('',(10.607990353698,-4.74,7.751967845659));
#3479 = CARTESIAN_POINT('',(10.628054662379,-4.74,7.732675241158));
#3480 = CARTESIAN_POINT('',(10.647717993332,-4.74,7.713768192165));
#3481 = CARTESIAN_POINT('',(10.657379421222,-4.74,7.691774919614));
#3482 = CARTESIAN_POINT('',(10.657379421222,-4.74,7.64547266881));
#3483 = CARTESIAN_POINT('',(10.652749196141,-4.74,7.624636655949));
#3484 = CARTESIAN_POINT('',(10.642717041801,-4.74,7.604572347267));
#3485 = CARTESIAN_POINT('',(10.632376205788,-4.74,7.583890675241));
#3486 = CARTESIAN_POINT('',(10.615707395498,-4.74,7.555183279743));
#3487 = CARTESIAN_POINT('',(10.591012861736,-4.74,7.51891318328));
#3488 = CARTESIAN_POINT('',(10.491211198224,-4.74,7.372329489996));
#3489 = CARTESIAN_POINT('',(10.397572347267,-4.74,7.221549839228));
#3490 = CARTESIAN_POINT('',(10.300852090032,-4.74,7.072868167203));
#3491 = ORIENTED_EDGE('',*,*,#3492,.F.);
#3492 = EDGE_CURVE('',#3493,#3460,#3495,.T.);
#3493 = VERTEX_POINT('',#3494);
#3494 = CARTESIAN_POINT('',(10.065482315113,-4.74,7.072868167203));
#3495 = B_SPLINE_CURVE_WITH_KNOTS('',3,(#3496,#3497,#3498,#3499,#3500,
    #3501,#3502,#3503,#3504,#3505,#3506,#3507,#3508,#3509,#3510,#3511,
    #3512,#3513,#3514,#3515,#3516,#3517),.UNSPECIFIED.,.F.,.F.,(4,3,3,2,
    2,2,3,3,4),(8.947769844918E-02,0.216646693222,0.24254150863,
    0.255066910687,0.274993686686,0.294920462684,0.316380067606,
    0.348519359073,0.448994699551),.UNSPECIFIED.);
#3496 = CARTESIAN_POINT('',(10.065482315113,-4.74,7.072868167203));
#3497 = CARTESIAN_POINT('',(9.971077170418,-4.74,7.219491961415));
#3498 = CARTESIAN_POINT('',(9.876672025723,-4.74,7.366115755627));
#3499 = CARTESIAN_POINT('',(9.782266881029,-4.74,7.512739549839));
#3500 = CARTESIAN_POINT('',(9.757115811863,-4.74,7.551802518298));
#3501 = CARTESIAN_POINT('',(9.739823151125,-4.74,7.582964630225));
#3502 = CARTESIAN_POINT('',(9.729790996785,-4.74,7.605344051447));
#3503 = CARTESIAN_POINT('',(9.7200468944,-4.74,7.627080895228));
#3504 = CARTESIAN_POINT('',(9.714356913183,-4.74,7.64624437299));
#3505 = CARTESIAN_POINT('',(9.714356913183,-4.74,7.690231511254));
#3506 = CARTESIAN_POINT('',(9.724389067524,-4.74,7.713382636656));
#3507 = CARTESIAN_POINT('',(9.766061093248,-4.74,7.751967845659));
#3508 = CARTESIAN_POINT('',(9.79229903537,-4.74,7.762));
#3509 = CARTESIAN_POINT('',(9.854807073955,-4.74,7.762));
#3510 = CARTESIAN_POINT('',(9.879501607717,-4.74,7.752739549839));
#3511 = CARTESIAN_POINT('',(9.895707395498,-4.74,7.734990353698));
#3512 = CARTESIAN_POINT('',(9.912648291179,-4.74,7.716436039381));
#3513 = CARTESIAN_POINT('',(9.937379421222,-4.74,7.680199356913));
#3514 = CARTESIAN_POINT('',(9.970562700965,-4.74,7.626180064309));
#3515 = CARTESIAN_POINT('',(10.042680242256,-4.74,7.508779415695));
#3516 = CARTESIAN_POINT('',(10.115128617363,-4.74,7.391581993569));
#3517 = CARTESIAN_POINT('',(10.187411575563,-4.74,7.274282958199));
#3518 = ORIENTED_EDGE('',*,*,#3519,.F.);
#3519 = EDGE_CURVE('',#3441,#3493,#3520,.T.);
#3520 = B_SPLINE_CURVE_WITH_KNOTS('',3,(#3521,#3522,#3523,#3524),
  .UNSPECIFIED.,.F.,.F.,(4,4),(0.,8.947769844918E-02),
  .PIECEWISE_BEZIER_KNOTS.);
#3521 = CARTESIAN_POINT('',(10.065482315113,-4.74,6.704765273312));
#3522 = CARTESIAN_POINT('',(10.065482315113,-4.74,6.827466237942));
#3523 = CARTESIAN_POINT('',(10.065482315113,-4.74,6.950167202572));
#3524 = CARTESIAN_POINT('',(10.065482315113,-4.74,7.072868167203));
#3525 = B_SPLINE_SURFACE_WITH_KNOTS('',1,1,(
    (#3526,#3527)
    ,(#3528,#3529
    )),.UNSPECIFIED.,.F.,.F.,.F.,(2,2),(2,2),(-1.091433360438,
    0.108566639562),(-0.584375813653,0.358646694386),
  .PIECEWISE_BEZIER_KNOTS.);
#3526 = CARTESIAN_POINT('',(9.714356913183,-4.74,7.762));
#3527 = CARTESIAN_POINT('',(10.657379421222,-4.74,7.762));
#3528 = CARTESIAN_POINT('',(9.714356913183,-4.74,6.562));
#3529 = CARTESIAN_POINT('',(10.657379421222,-4.74,6.562));
#3530 = ADVANCED_FACE('',(#3531),#3545,.T.);
#3531 = FACE_BOUND('',#3532,.T.);
#3532 = EDGE_LOOP('',(#3533,#3534,#3539,#3540));
#3533 = ORIENTED_EDGE('',*,*,#1524,.F.);
#3534 = ORIENTED_EDGE('',*,*,#3535,.F.);
#3535 = EDGE_CURVE('',#3439,#1492,#3536,.T.);
#3536 = B_SPLINE_CURVE_WITH_KNOTS('',1,(#3537,#3538),.UNSPECIFIED.,.F.,
  .F.,(2,2),(0.,1.E-02),.PIECEWISE_BEZIER_KNOTS.);
#3537 = CARTESIAN_POINT('',(10.300852090032,-4.74,7.072868167203));
#3538 = CARTESIAN_POINT('',(10.300852090032,-4.75,7.072868167203));
#3539 = ORIENTED_EDGE('',*,*,#3438,.T.);
#3540 = ORIENTED_EDGE('',*,*,#3541,.T.);
#3541 = EDGE_CURVE('',#3441,#1525,#3542,.T.);
#3542 = B_SPLINE_CURVE_WITH_KNOTS('',1,(#3543,#3544),.UNSPECIFIED.,.F.,
  .F.,(2,2),(0.,1.E-02),.PIECEWISE_BEZIER_KNOTS.);
#3543 = CARTESIAN_POINT('',(10.065482315113,-4.74,6.704765273312));
#3544 = CARTESIAN_POINT('',(10.065482315113,-4.75,6.704765273312));
#3545 = B_SPLINE_SURFACE_WITH_KNOTS('',3,1,(
    (#3546,#3547)
    ,(#3548,#3549)
    ,(#3550,#3551)
    ,(#3552,#3553)
    ,(#3554,#3555)
    ,(#3556,#3557)
    ,(#3558,#3559)
    ,(#3560,#3561)
    ,(#3562,#3563
    )),.UNSPECIFIED.,.F.,.F.,.F.,(4,1,1,1,1,1,4),(2,2),(0.808470703636,
    0.856353027727,0.880294189773,0.904235351818,0.928176513864,
    0.952117675909,1.),(0.,1.),.UNSPECIFIED.);
#3546 = CARTESIAN_POINT('',(10.300852090032,-4.74,7.072868167203));
#3547 = CARTESIAN_POINT('',(10.300852090032,-4.75,7.072868167203));
#3548 = CARTESIAN_POINT('',(10.300852090032,-4.74,7.007207030891));
#3549 = CARTESIAN_POINT('',(10.300852090032,-4.75,7.007207030891));
#3550 = CARTESIAN_POINT('',(10.302000679325,-4.74,6.907071996149));
#3551 = CARTESIAN_POINT('',(10.302000679325,-4.75,6.907071996149));
#3552 = CARTESIAN_POINT('',(10.298937774544,-4.74,6.780131937594));
#3553 = CARTESIAN_POINT('',(10.298937774544,-4.75,6.780131937594));
#3554 = CARTESIAN_POINT('',(10.308126488886,-4.74,6.668493590922));
#3555 = CARTESIAN_POINT('',(10.308126488886,-4.75,6.668493590922));
#3556 = CARTESIAN_POINT('',(10.260952630929,-4.74,6.569293536092));
#3557 = CARTESIAN_POINT('',(10.260952630929,-4.75,6.569293536092));
#3558 = CARTESIAN_POINT('',(10.123769754045,-4.74,6.548073307364));
#3559 = CARTESIAN_POINT('',(10.123769754045,-4.75,6.548073307364));
#3560 = CARTESIAN_POINT('',(10.065482315113,-4.74,6.6218333739));
#3561 = CARTESIAN_POINT('',(10.065482315113,-4.75,6.6218333739));
#3562 = CARTESIAN_POINT('',(10.065482315113,-4.74,6.704765273312));
#3563 = CARTESIAN_POINT('',(10.065482315113,-4.75,6.704765273312));
#3564 = ADVANCED_FACE('',(#3565),#3575,.T.);
#3565 = FACE_BOUND('',#3566,.T.);
#3566 = EDGE_LOOP('',(#3567,#3568,#3569,#3570));
#3567 = ORIENTED_EDGE('',*,*,#1543,.F.);
#3568 = ORIENTED_EDGE('',*,*,#3541,.F.);
#3569 = ORIENTED_EDGE('',*,*,#3519,.T.);
#3570 = ORIENTED_EDGE('',*,*,#3571,.T.);
#3571 = EDGE_CURVE('',#3493,#1544,#3572,.T.);
#3572 = B_SPLINE_CURVE_WITH_KNOTS('',1,(#3573,#3574),.UNSPECIFIED.,.F.,
  .F.,(2,2),(0.,1.E-02),.PIECEWISE_BEZIER_KNOTS.);
#3573 = CARTESIAN_POINT('',(10.065482315113,-4.74,7.072868167203));
#3574 = CARTESIAN_POINT('',(10.065482315113,-4.75,7.072868167203));
#3575 = B_SPLINE_SURFACE_WITH_KNOTS('',1,1,(
    (#3576,#3577)
    ,(#3578,#3579
    )),.UNSPECIFIED.,.F.,.F.,.F.,(2,2),(2,2),(-0.368102893891,0.),(
    -1.E-02,0.),.PIECEWISE_BEZIER_KNOTS.);
#3576 = CARTESIAN_POINT('',(10.065482315113,-4.75,7.072868167203));
#3577 = CARTESIAN_POINT('',(10.065482315113,-4.74,7.072868167203));
#3578 = CARTESIAN_POINT('',(10.065482315113,-4.75,6.704765273312));
#3579 = CARTESIAN_POINT('',(10.065482315113,-4.74,6.704765273312));
#3580 = ADVANCED_FACE('',(#3581),#3591,.T.);
#3581 = FACE_BOUND('',#3582,.T.);
#3582 = EDGE_LOOP('',(#3583,#3584,#3585,#3586));
#3583 = ORIENTED_EDGE('',*,*,#1552,.F.);
#3584 = ORIENTED_EDGE('',*,*,#3571,.F.);
#3585 = ORIENTED_EDGE('',*,*,#3492,.T.);
#3586 = ORIENTED_EDGE('',*,*,#3587,.T.);
#3587 = EDGE_CURVE('',#3460,#1490,#3588,.T.);
#3588 = B_SPLINE_CURVE_WITH_KNOTS('',1,(#3589,#3590),.UNSPECIFIED.,.F.,
  .F.,(2,2),(0.,1.E-02),.PIECEWISE_BEZIER_KNOTS.);
#3589 = CARTESIAN_POINT('',(10.187411575563,-4.74,7.274282958199));
#3590 = CARTESIAN_POINT('',(10.187411575563,-4.75,7.274282958199));
#3591 = B_SPLINE_SURFACE_WITH_KNOTS('',3,1,(
    (#3592,#3593)
    ,(#3594,#3595)
    ,(#3596,#3597)
    ,(#3598,#3599)
    ,(#3600,#3601)
    ,(#3602,#3603)
    ,(#3604,#3605)
    ,(#3606,#3607)
    ,(#3608,#3609)
    ,(#3610,#3611)
    ,(#3612,#3613)
    ,(#3614,#3615)
    ,(#3616,#3617
    )),.UNSPECIFIED.,.F.,.F.,.F.,(4,1,1,1,1,1,1,1,1,1,4),(2,2),(
    8.947769844918E-02,0.179356948725,0.224296573862,0.246766386431,
    0.269236199,0.291706011569,0.314175824138,0.336645636706,
    0.359115449275,0.404055074413,0.448994699551),(0.,1.),
  .UNSPECIFIED.);
#3592 = CARTESIAN_POINT('',(10.065482315113,-4.74,7.072868167203));
#3593 = CARTESIAN_POINT('',(10.065482315113,-4.75,7.072868167203));
#3594 = CARTESIAN_POINT('',(9.998759576269,-4.74,7.176497489113));
#3595 = CARTESIAN_POINT('',(9.998759576269,-4.75,7.176497489113));
#3596 = CARTESIAN_POINT('',(9.901909853723,-4.74,7.326491320124));
#3597 = CARTESIAN_POINT('',(9.901909853723,-4.75,7.326491320124));
#3598 = CARTESIAN_POINT('',(9.777598160733,-4.74,7.520559654458));
#3599 = CARTESIAN_POINT('',(9.777598160733,-4.75,7.520559654458));
#3600 = CARTESIAN_POINT('',(9.713100298338,-4.74,7.622409648202));
#3601 = CARTESIAN_POINT('',(9.713100298338,-4.75,7.622409648202));
#3602 = CARTESIAN_POINT('',(9.714389187795,-4.74,7.723197597003));
#3603 = CARTESIAN_POINT('',(9.714389187795,-4.75,7.723197597003));
#3604 = CARTESIAN_POINT('',(9.808452895532,-4.74,7.774716723929));
#3605 = CARTESIAN_POINT('',(9.808452895532,-4.75,7.774716723929));
#3606 = CARTESIAN_POINT('',(9.900629206459,-4.74,7.745255934414));
#3607 = CARTESIAN_POINT('',(9.900629206459,-4.75,7.745255934414));
#3608 = CARTESIAN_POINT('',(9.931704901643,-4.74,7.685400799966));
#3609 = CARTESIAN_POINT('',(9.931704901643,-4.75,7.685400799966));
#3610 = CARTESIAN_POINT('',(10.017195708617,-4.74,7.552589559026));
#3611 = CARTESIAN_POINT('',(10.017195708617,-4.75,7.552589559026));
#3612 = CARTESIAN_POINT('',(10.087558422373,-4.74,7.435341084013));
#3613 = CARTESIAN_POINT('',(10.087558422373,-4.75,7.435341084013));
#3614 = CARTESIAN_POINT('',(10.155081562747,-4.74,7.326747320634));
#3615 = CARTESIAN_POINT('',(10.155081562747,-4.75,7.326747320634));
#3616 = CARTESIAN_POINT('',(10.187411575563,-4.74,7.274282958199));
#3617 = CARTESIAN_POINT('',(10.187411575563,-4.75,7.274282958199));
#3618 = ADVANCED_FACE('',(#3619),#3625,.T.);
#3619 = FACE_BOUND('',#3620,.T.);
#3620 = EDGE_LOOP('',(#3621,#3622,#3623,#3624));
#3621 = ORIENTED_EDGE('',*,*,#1489,.F.);
#3622 = ORIENTED_EDGE('',*,*,#3587,.F.);
#3623 = ORIENTED_EDGE('',*,*,#3459,.T.);
#3624 = ORIENTED_EDGE('',*,*,#3535,.T.);
#3625 = B_SPLINE_SURFACE_WITH_KNOTS('',3,1,(
    (#3626,#3627)
    ,(#3628,#3629)
    ,(#3630,#3631)
    ,(#3632,#3633)
    ,(#3634,#3635)
    ,(#3636,#3637)
    ,(#3638,#3639)
    ,(#3640,#3641)
    ,(#3642,#3643)
    ,(#3644,#3645)
    ,(#3646,#3647)
    ,(#3648,#3649)
    ,(#3650,#3651
    )),.UNSPECIFIED.,.F.,.F.,.F.,(4,1,1,1,1,1,1,1,1,1,4),(2,2),(
    0.448994699551,0.493929200061,0.538863700572,0.561330950827,
    0.583798201083,0.606265451338,0.628732701593,0.651199951849,
    0.673667202104,0.718601702615,0.808470703636),(0.,1.),
  .UNSPECIFIED.);
#3626 = CARTESIAN_POINT('',(10.187411575563,-4.74,7.274282958199));
#3627 = CARTESIAN_POINT('',(10.187411575563,-4.75,7.274282958199));
#3628 = CARTESIAN_POINT('',(10.219986940288,-4.74,7.326587064941));
#3629 = CARTESIAN_POINT('',(10.219986940288,-4.75,7.326587064941));
#3630 = CARTESIAN_POINT('',(10.285465191212,-4.74,7.431547183694));
#3631 = CARTESIAN_POINT('',(10.285465191212,-4.75,7.431547183694));
#3632 = CARTESIAN_POINT('',(10.365675397501,-4.74,7.560987805793));
#3633 = CARTESIAN_POINT('',(10.365675397501,-4.75,7.560987805793));
#3634 = CARTESIAN_POINT('',(10.433282538001,-4.74,7.66823530879));
#3635 = CARTESIAN_POINT('',(10.433282538001,-4.75,7.66823530879));
#3636 = CARTESIAN_POINT('',(10.481595745907,-4.74,7.750919717499));
#3637 = CARTESIAN_POINT('',(10.481595745907,-4.75,7.750919717499));
#3638 = CARTESIAN_POINT('',(10.574637814684,-4.74,7.774183100731));
#3639 = CARTESIAN_POINT('',(10.574637814684,-4.75,7.774183100731));
#3640 = CARTESIAN_POINT('',(10.663421260064,-4.74,7.714383656681));
#3641 = CARTESIAN_POINT('',(10.663421260064,-4.75,7.714383656681));
#3642 = CARTESIAN_POINT('',(10.655759750691,-4.74,7.613873337341));
#3643 = CARTESIAN_POINT('',(10.655759750691,-4.75,7.613873337341));
#3644 = CARTESIAN_POINT('',(10.59090392087,-4.74,7.520096947784));
#3645 = CARTESIAN_POINT('',(10.59090392087,-4.75,7.520096947784));
#3646 = CARTESIAN_POINT('',(10.462824623505,-4.74,7.326792115515));
#3647 = CARTESIAN_POINT('',(10.462824623505,-4.75,7.326792115515));
#3648 = CARTESIAN_POINT('',(10.368050833707,-4.74,7.176168363597));
#3649 = CARTESIAN_POINT('',(10.368050833707,-4.75,7.176168363597));
#3650 = CARTESIAN_POINT('',(10.300852090032,-4.74,7.072868167203));
#3651 = CARTESIAN_POINT('',(10.300852090032,-4.75,7.072868167203));
#3652 = ADVANCED_FACE('',(#3653),#3779,.T.);
#3653 = FACE_BOUND('',#3654,.T.);
#3654 = EDGE_LOOP('',(#3655,#3700,#3727,#3772));
#3655 = ORIENTED_EDGE('',*,*,#3656,.F.);
#3656 = EDGE_CURVE('',#3657,#3659,#3661,.T.);
#3657 = VERTEX_POINT('',#3658);
#3658 = CARTESIAN_POINT('',(12.808118971061,-4.74,6.92470096463));
#3659 = VERTEX_POINT('',#3660);
#3660 = CARTESIAN_POINT('',(12.652234726688,-4.74,6.764958199357));
#3661 = B_SPLINE_CURVE_WITH_KNOTS('',3,(#3662,#3663,#3664,#3665,#3666,
    #3667,#3668,#3669,#3670,#3671,#3672,#3673,#3674,#3675,#3676,#3677,
    #3678,#3679,#3680,#3681,#3682,#3683,#3684,#3685,#3686,#3687,#3688,
    #3689,#3690,#3691,#3692,#3693,#3694,#3695,#3696,#3697,#3698,#3699),
  .UNSPECIFIED.,.F.,.F.,(4,3,2,3,2,3,2,3,3,2,3,2,3,3,4),(0.696542334515,
    0.778001361029,0.786790642422,0.795579923816,0.805221107533,
    0.814621261657,0.827764280854,0.836964394293,0.931501525626,
    0.94319276789,0.954884010154,0.966309374488,0.976820709676,
    0.985777937481,1.),.UNSPECIFIED.);
#3662 = CARTESIAN_POINT('',(12.808118971061,-4.74,6.92470096463));
#3663 = CARTESIAN_POINT('',(12.858794212219,-4.74,7.150295819936));
#3664 = CARTESIAN_POINT('',(12.909469453376,-4.74,7.375890675241));
#3665 = CARTESIAN_POINT('',(12.960144694534,-4.74,7.601485530547));
#3666 = CARTESIAN_POINT('',(12.967941314883,-4.74,7.636194342966));
#3667 = CARTESIAN_POINT('',(12.974807073955,-4.74,7.663993569132));
#3668 = CARTESIAN_POINT('',(12.987154340836,-4.74,7.704122186495));
#3669 = CARTESIAN_POINT('',(12.998729903537,-4.74,7.722643086817));
#3670 = CARTESIAN_POINT('',(13.014935691318,-4.74,7.738077170418));
#3671 = CARTESIAN_POINT('',(13.031526872388,-4.74,7.753878295246));
#3672 = CARTESIAN_POINT('',(13.054292604502,-4.74,7.762));
#3673 = CARTESIAN_POINT('',(13.115257234727,-4.74,7.762));
#3674 = CARTESIAN_POINT('',(13.141495176849,-4.74,7.751967845659));
#3675 = CARTESIAN_POINT('',(13.163102893891,-4.74,7.731131832797));
#3676 = CARTESIAN_POINT('',(13.183925135429,-4.74,7.711053242743));
#3677 = CARTESIAN_POINT('',(13.194742765273,-4.74,7.685601286174));
#3678 = CARTESIAN_POINT('',(13.194742765273,-4.74,7.633125401929));
#3679 = CARTESIAN_POINT('',(13.189340836013,-4.74,7.599170418006));
#3680 = CARTESIAN_POINT('',(13.176993569132,-4.74,7.551324758842));
#3681 = CARTESIAN_POINT('',(13.109946906125,-4.74,7.291518939691));
#3682 = CARTESIAN_POINT('',(13.048890675241,-4.74,7.030167202572));
#3683 = CARTESIAN_POINT('',(12.984839228296,-4.74,6.769588424437));
#3684 = CARTESIAN_POINT('',(12.971927873509,-4.74,6.71706150717));
#3685 = CARTESIAN_POINT('',(12.960144694534,-4.74,6.67852733119));
#3686 = CARTESIAN_POINT('',(12.943167202572,-4.74,6.629138263666));
#3687 = CARTESIAN_POINT('',(12.928504823151,-4.74,6.607530546624));
#3688 = CARTESIAN_POINT('',(12.907668810289,-4.74,6.589781350482));
#3689 = CARTESIAN_POINT('',(12.886451852836,-4.74,6.571707645985));
#3690 = CARTESIAN_POINT('',(12.857508038585,-4.74,6.562));
#3691 = CARTESIAN_POINT('',(12.783424437299,-4.74,6.562));
#3692 = CARTESIAN_POINT('',(12.754871382637,-4.74,6.570488745981));
#3693 = CARTESIAN_POINT('',(12.733263665595,-4.74,6.589009646302));
#3694 = CARTESIAN_POINT('',(12.712037261207,-4.74,6.607203707206));
#3695 = CARTESIAN_POINT('',(12.696221864952,-4.74,6.626823151125));
#3696 = CARTESIAN_POINT('',(12.687733118971,-4.74,6.649202572347));
#3697 = CARTESIAN_POINT('',(12.679341437653,-4.74,6.671326095821));
#3698 = CARTESIAN_POINT('',(12.667668810289,-4.74,6.710167202572));
#3699 = CARTESIAN_POINT('',(12.652234726688,-4.74,6.764958199357));
#3700 = ORIENTED_EDGE('',*,*,#3701,.F.);
#3701 = EDGE_CURVE('',#3702,#3657,#3704,.T.);
#3702 = VERTEX_POINT('',#3703);
#3703 = CARTESIAN_POINT('',(12.119758842444,-4.74,6.92470096463));
#3704 = B_SPLINE_CURVE_WITH_KNOTS('',3,(#3705,#3706,#3707,#3708,#3709,
    #3710,#3711,#3712,#3713,#3714,#3715,#3716,#3717,#3718,#3719,#3720,
    #3721,#3722,#3723,#3724,#3725,#3726),.UNSPECIFIED.,.F.,.F.,(4,3,2,3,
    2,2,3,3,4),(0.473055577621,0.550084068751,0.561744937246,
    0.573405805741,0.584180651212,0.594955496683,0.605730342154,
    0.619465960824,0.696542334515),.UNSPECIFIED.);
#3705 = CARTESIAN_POINT('',(12.119758842444,-4.74,6.92470096463));
#3706 = CARTESIAN_POINT('',(12.176350482315,-4.74,7.135890675241));
#3707 = CARTESIAN_POINT('',(12.232942122187,-4.74,7.347080385852));
#3708 = CARTESIAN_POINT('',(12.289533762058,-4.74,7.558270096463));
#3709 = CARTESIAN_POINT('',(12.30237472922,-4.74,7.606190251191));
#3710 = CARTESIAN_POINT('',(12.31345659164,-4.74,7.64315755627));
#3711 = CARTESIAN_POINT('',(12.333520900322,-4.74,7.694090032154));
#3712 = CARTESIAN_POINT('',(12.349726688103,-4.74,7.715697749196));
#3713 = CARTESIAN_POINT('',(12.372877813505,-4.74,7.734218649518));
#3714 = CARTESIAN_POINT('',(12.395558387577,-4.74,7.752363108776));
#3715 = CARTESIAN_POINT('',(12.426125401929,-4.74,7.762));
#3716 = CARTESIAN_POINT('',(12.504839228296,-4.74,7.762));
#3717 = CARTESIAN_POINT('',(12.535707395498,-4.74,7.751967845659));
#3718 = CARTESIAN_POINT('',(12.578922829582,-4.74,7.713382636656));
#3719 = CARTESIAN_POINT('',(12.594356913183,-4.74,7.692546623794));
#3720 = CARTESIAN_POINT('',(12.602845659164,-4.74,7.670167202572));
#3721 = CARTESIAN_POINT('',(12.611590302893,-4.74,7.647113141833));
#3722 = CARTESIAN_POINT('',(12.622138263666,-4.74,7.609974276527));
#3723 = CARTESIAN_POINT('',(12.636800643087,-4.74,7.558270096463));
#3724 = CARTESIAN_POINT('',(12.696483077535,-4.74,7.347810985514));
#3725 = CARTESIAN_POINT('',(12.751012861736,-4.74,7.135890675241));
#3726 = CARTESIAN_POINT('',(12.808118971061,-4.74,6.92470096463));
#3727 = ORIENTED_EDGE('',*,*,#3728,.F.);
#3728 = EDGE_CURVE('',#3729,#3702,#3731,.T.);
#3729 = VERTEX_POINT('',#3730);
#3730 = CARTESIAN_POINT('',(12.465482315113,-4.74,7.461807073955));
#3731 = B_SPLINE_CURVE_WITH_KNOTS('',3,(#3732,#3733,#3734,#3735,#3736,
    #3737,#3738,#3739,#3740,#3741,#3742,#3743,#3744,#3745,#3746,#3747,
    #3748,#3749,#3750,#3751,#3752,#3753,#3754,#3755,#3756,#3757,#3758,
    #3759,#3760,#3761,#3762,#3763,#3764,#3765,#3766,#3767,#3768,#3769,
    #3770,#3771),.UNSPECIFIED.,.F.,.F.,(4,3,3,2,2,2,2,3,3,3,2,3,2,3,3,4)
  ,(8.472350209518E-02,0.169540648933,0.183592347919,0.19368431213,
    0.20377627634,0.21211311634,0.22044995634,0.22878679634,
    0.237975588986,0.332514297194,0.342402241654,0.354841913717,
    0.363986215321,0.376788237567,0.391595334323,0.473055577621),
  .UNSPECIFIED.);
#3732 = CARTESIAN_POINT('',(12.465482315113,-4.74,7.461807073955));
#3733 = CARTESIAN_POINT('',(12.402202572347,-4.74,7.229524115756));
#3734 = CARTESIAN_POINT('',(12.338922829582,-4.74,6.997241157556));
#3735 = CARTESIAN_POINT('',(12.275643086817,-4.74,6.764958199357));
#3736 = CARTESIAN_POINT('',(12.261126294454,-4.74,6.711670949342));
#3737 = CARTESIAN_POINT('',(12.249405144695,-4.74,6.673897106109));
#3738 = CARTESIAN_POINT('',(12.240144694534,-4.74,6.650745980707));
#3739 = CARTESIAN_POINT('',(12.230990686329,-4.74,6.627860960195));
#3740 = CARTESIAN_POINT('',(12.216221864952,-4.74,6.607530546624));
#3741 = CARTESIAN_POINT('',(12.173006430868,-4.74,6.570488745981));
#3742 = CARTESIAN_POINT('',(12.144453376206,-4.74,6.562));
#3743 = CARTESIAN_POINT('',(12.07963022508,-4.74,6.562));
#3744 = CARTESIAN_POINT('',(12.055707395498,-4.74,6.56740192926));
#3745 = CARTESIAN_POINT('',(12.018665594855,-4.74,6.589009646302));
#3746 = CARTESIAN_POINT('',(12.003231511254,-4.74,6.603672025723));
#3747 = CARTESIAN_POINT('',(11.980080385852,-4.74,6.643800643087));
#3748 = CARTESIAN_POINT('',(11.970819935691,-4.74,6.666951768489));
#3749 = CARTESIAN_POINT('',(11.963102893891,-4.74,6.693961414791));
#3750 = CARTESIAN_POINT('',(11.955240247528,-4.74,6.721480677061));
#3751 = CARTESIAN_POINT('',(11.94921221865,-4.74,6.746437299035));
#3752 = CARTESIAN_POINT('',(11.943038585209,-4.74,6.769588424437));
#3753 = CARTESIAN_POINT('',(11.873911822391,-4.74,7.028813785006));
#3754 = CARTESIAN_POINT('',(11.814935691318,-4.74,7.290745980707));
#3755 = CARTESIAN_POINT('',(11.750884244373,-4.74,7.551324758842));
#3756 = CARTESIAN_POINT('',(11.739670752959,-4.74,7.596944304233));
#3757 = CARTESIAN_POINT('',(11.733135048232,-4.74,7.630810289389));
#3758 = CARTESIAN_POINT('',(11.733135048232,-4.74,7.684829581994));
#3759 = CARTESIAN_POINT('',(11.743938906752,-4.74,7.710295819936));
#3760 = CARTESIAN_POINT('',(11.764774919614,-4.74,7.731131832797));
#3761 = CARTESIAN_POINT('',(11.785225080386,-4.74,7.751581993569));
#3762 = CARTESIAN_POINT('',(11.811848874598,-4.74,7.762));
#3763 = CARTESIAN_POINT('',(11.885932475884,-4.74,7.762));
#3764 = CARTESIAN_POINT('',(11.914485530547,-4.74,7.748109324759));
#3765 = CARTESIAN_POINT('',(11.929147909968,-4.74,7.721099678457));
#3766 = CARTESIAN_POINT('',(11.944133860183,-4.74,7.693493980691));
#3767 = CARTESIAN_POINT('',(11.95692926045,-4.74,7.653189710611));
#3768 = CARTESIAN_POINT('',(11.967733118971,-4.74,7.601485530547));
#3769 = CARTESIAN_POINT('',(12.01502027405,-4.74,7.375182716956));
#3770 = CARTESIAN_POINT('',(12.069083601286,-4.74,7.150295819936));
#3771 = CARTESIAN_POINT('',(12.119758842444,-4.74,6.92470096463));
#3772 = ORIENTED_EDGE('',*,*,#3773,.F.);
#3773 = EDGE_CURVE('',#3659,#3729,#3774,.T.);
#3774 = B_SPLINE_CURVE_WITH_KNOTS('',3,(#3775,#3776,#3777,#3778),
  .UNSPECIFIED.,.F.,.F.,(4,4),(0.,8.472350209518E-02),
  .PIECEWISE_BEZIER_KNOTS.);
#3775 = CARTESIAN_POINT('',(12.652234726688,-4.74,6.764958199357));
#3776 = CARTESIAN_POINT('',(12.587036762677,-4.74,6.996410971598));
#3777 = CARTESIAN_POINT('',(12.527733118971,-4.74,7.229524115756));
#3778 = CARTESIAN_POINT('',(12.465482315113,-4.74,7.461807073955));
#3779 = B_SPLINE_SURFACE_WITH_KNOTS('',1,1,(
    (#3780,#3781)
    ,(#3782,#3783
    )),.UNSPECIFIED.,.F.,.F.,.F.,(2,2),(2,2),(-0.303957031326,
    0.896042968674),(-1.420043594564,4.156412247757E-02),
  .PIECEWISE_BEZIER_KNOTS.);
#3780 = CARTESIAN_POINT('',(11.733135048232,-4.74,7.762));
#3781 = CARTESIAN_POINT('',(13.194742765273,-4.74,7.762));
#3782 = CARTESIAN_POINT('',(11.733135048232,-4.74,6.562));
#3783 = CARTESIAN_POINT('',(13.194742765273,-4.74,6.562));
#3784 = ADVANCED_FACE('',(#3785),#3799,.T.);
#3785 = FACE_BOUND('',#3786,.T.);
#3786 = EDGE_LOOP('',(#3787,#3788,#3793,#3794));
#3787 = ORIENTED_EDGE('',*,*,#1608,.F.);
#3788 = ORIENTED_EDGE('',*,*,#3789,.F.);
#3789 = EDGE_CURVE('',#3657,#1582,#3790,.T.);
#3790 = B_SPLINE_CURVE_WITH_KNOTS('',1,(#3791,#3792),.UNSPECIFIED.,.F.,
  .F.,(2,2),(0.,1.E-02),.PIECEWISE_BEZIER_KNOTS.);
#3791 = CARTESIAN_POINT('',(12.808118971061,-4.74,6.92470096463));
#3792 = CARTESIAN_POINT('',(12.808118971061,-4.75,6.92470096463));
#3793 = ORIENTED_EDGE('',*,*,#3656,.T.);
#3794 = ORIENTED_EDGE('',*,*,#3795,.T.);
#3795 = EDGE_CURVE('',#3659,#1609,#3796,.T.);
#3796 = B_SPLINE_CURVE_WITH_KNOTS('',1,(#3797,#3798),.UNSPECIFIED.,.F.,
  .F.,(2,2),(0.,1.E-02),.PIECEWISE_BEZIER_KNOTS.);
#3797 = CARTESIAN_POINT('',(12.652234726688,-4.74,6.764958199357));
#3798 = CARTESIAN_POINT('',(12.652234726688,-4.75,6.764958199357));
#3799 = B_SPLINE_SURFACE_WITH_KNOTS('',3,1,(
    (#3800,#3801)
    ,(#3802,#3803)
    ,(#3804,#3805)
    ,(#3806,#3807)
    ,(#3808,#3809)
    ,(#3810,#3811)
    ,(#3812,#3813)
    ,(#3814,#3815)
    ,(#3816,#3817)
    ,(#3818,#3819)
    ,(#3820,#3821)
    ,(#3822,#3823)
    ,(#3824,#3825)
    ,(#3826,#3827)
    ,(#3828,#3829)
    ,(#3830,#3831)
    ,(#3832,#3833)
    ,(#3834,#3835)
    ,(#3836,#3837)
    ,(#3838,#3839)
    ,(#3840,#3841)
    ,(#3842,#3843
    )),.UNSPECIFIED.,.F.,.F.,.F.,(4,1,1,1,1,1,1,1,1,1,1,1,1,1,1,1,1,1,1,
    4),(2,2),(0.696542334515,0.734474542701,0.753440646793,
    0.772406750886,0.791372854979,0.800855907025,0.810338959072,
    0.819822011118,0.829305063165,0.838788115211,0.848271167257,
    0.86723727135,0.886203375443,0.924135583629,0.933618635675,
    0.943101687722,0.962067791814,0.971550843861,0.981033895907,1.),(0.,
    1.),.UNSPECIFIED.);
#3800 = CARTESIAN_POINT('',(12.808118971061,-4.74,6.92470096463));
#3801 = CARTESIAN_POINT('',(12.808118971061,-4.75,6.92470096463));
#3802 = CARTESIAN_POINT('',(12.831716402552,-4.74,7.029751459134));
#3803 = CARTESIAN_POINT('',(12.831716402552,-4.75,7.029751459134));
#3804 = CARTESIAN_POINT('',(12.867337052654,-4.74,7.186387211018));
#3805 = CARTESIAN_POINT('',(12.867337052654,-4.75,7.186387211018));
#3806 = CARTESIAN_POINT('',(12.913933241324,-4.74,7.398994839682));
#3807 = CARTESIAN_POINT('',(12.913933241324,-4.75,7.398994839682));
#3808 = CARTESIAN_POINT('',(12.951125411493,-4.74,7.549050662467));
#3809 = CARTESIAN_POINT('',(12.951125411493,-4.75,7.549050662467));
#3810 = CARTESIAN_POINT('',(12.97500962919,-4.74,7.703863527379));
#3811 = CARTESIAN_POINT('',(12.97500962919,-4.75,7.703863527379));
#3812 = CARTESIAN_POINT('',(13.039552797053,-4.74,7.765120736261));
#3813 = CARTESIAN_POINT('',(13.039552797053,-4.75,7.765120736261));
#3814 = CARTESIAN_POINT('',(13.13886291587,-4.74,7.762616867384));
#3815 = CARTESIAN_POINT('',(13.13886291587,-4.75,7.762616867384));
#3816 = CARTESIAN_POINT('',(13.189570411172,-4.74,7.702137649494));
#3817 = CARTESIAN_POINT('',(13.189570411172,-4.75,7.702137649494));
#3818 = CARTESIAN_POINT('',(13.201282929445,-4.74,7.6574495815));
#3819 = CARTESIAN_POINT('',(13.201282929445,-4.75,7.6574495815));
#3820 = CARTESIAN_POINT('',(13.17098376013,-4.74,7.525048370144));
#3821 = CARTESIAN_POINT('',(13.17098376013,-4.75,7.525048370144));
#3822 = CARTESIAN_POINT('',(13.147674707713,-4.74,7.438424582179));
#3823 = CARTESIAN_POINT('',(13.147674707713,-4.75,7.438424582179));
#3824 = CARTESIAN_POINT('',(13.113688471872,-4.74,7.299581439781));
#3825 = CARTESIAN_POINT('',(13.113688471872,-4.75,7.299581439781));
#3826 = CARTESIAN_POINT('',(13.062857629649,-4.74,7.091490137236));
#3827 = CARTESIAN_POINT('',(13.062857629649,-4.75,7.091490137236));
#3828 = CARTESIAN_POINT('',(13.021231560966,-4.74,6.919147672304));
#3829 = CARTESIAN_POINT('',(13.021231560966,-4.75,6.919147672304));
#3830 = CARTESIAN_POINT('',(12.978743913943,-4.74,6.743721401321));
#3831 = CARTESIAN_POINT('',(12.978743913943,-4.75,6.743721401321));
#3832 = CARTESIAN_POINT('',(12.944058814504,-4.74,6.616427566342));
#3833 = CARTESIAN_POINT('',(12.944058814504,-4.75,6.616427566342));
#3834 = CARTESIAN_POINT('',(12.898871935854,-4.74,6.563070983384));
#3835 = CARTESIAN_POINT('',(12.898871935854,-4.75,6.563070983384));
#3836 = CARTESIAN_POINT('',(12.764982961372,-4.74,6.558354227499));
#3837 = CARTESIAN_POINT('',(12.764982961372,-4.75,6.558354227499));
#3838 = CARTESIAN_POINT('',(12.679230190243,-4.74,6.634992243907));
#3839 = CARTESIAN_POINT('',(12.679230190243,-4.75,6.634992243907));
#3840 = CARTESIAN_POINT('',(12.672817144728,-4.74,6.691890615316));
#3841 = CARTESIAN_POINT('',(12.672817144728,-4.75,6.691890615316));
#3842 = CARTESIAN_POINT('',(12.652234726688,-4.74,6.764958199357));
#3843 = CARTESIAN_POINT('',(12.652234726688,-4.75,6.764958199357));
#3844 = ADVANCED_FACE('',(#3845),#3855,.T.);
#3845 = FACE_BOUND('',#3846,.T.);
#3846 = EDGE_LOOP('',(#3847,#3848,#3849,#3850));
#3847 = ORIENTED_EDGE('',*,*,#1651,.F.);
#3848 = ORIENTED_EDGE('',*,*,#3795,.F.);
#3849 = ORIENTED_EDGE('',*,*,#3773,.T.);
#3850 = ORIENTED_EDGE('',*,*,#3851,.T.);
#3851 = EDGE_CURVE('',#3729,#1652,#3852,.T.);
#3852 = B_SPLINE_CURVE_WITH_KNOTS('',1,(#3853,#3854),.UNSPECIFIED.,.F.,
  .F.,(2,2),(0.,1.E-02),.PIECEWISE_BEZIER_KNOTS.);
#3853 = CARTESIAN_POINT('',(12.465482315113,-4.74,7.461807073955));
#3854 = CARTESIAN_POINT('',(12.465482315113,-4.75,7.461807073955));
#3855 = B_SPLINE_SURFACE_WITH_KNOTS('',3,1,(
    (#3856,#3857)
    ,(#3858,#3859)
    ,(#3860,#3861)
    ,(#3862,#3863
    )),.UNSPECIFIED.,.F.,.F.,.F.,(4,4),(2,2),(0.,8.472350209518E-02),(0.
    ,1.),.PIECEWISE_BEZIER_KNOTS.);
#3856 = CARTESIAN_POINT('',(12.652234726688,-4.74,6.764958199357));
#3857 = CARTESIAN_POINT('',(12.652234726688,-4.75,6.764958199357));
#3858 = CARTESIAN_POINT('',(12.587036762677,-4.74,6.996410971598));
#3859 = CARTESIAN_POINT('',(12.587036762677,-4.75,6.996410971598));
#3860 = CARTESIAN_POINT('',(12.527733118971,-4.74,7.229524115756));
#3861 = CARTESIAN_POINT('',(12.527733118971,-4.75,7.229524115756));
#3862 = CARTESIAN_POINT('',(12.465482315113,-4.74,7.461807073955));
#3863 = CARTESIAN_POINT('',(12.465482315113,-4.75,7.461807073955));
#3864 = ADVANCED_FACE('',(#3865),#3875,.T.);
#3865 = FACE_BOUND('',#3866,.T.);
#3866 = EDGE_LOOP('',(#3867,#3868,#3869,#3870));
#3867 = ORIENTED_EDGE('',*,*,#1660,.F.);
#3868 = ORIENTED_EDGE('',*,*,#3851,.F.);
#3869 = ORIENTED_EDGE('',*,*,#3728,.T.);
#3870 = ORIENTED_EDGE('',*,*,#3871,.T.);
#3871 = EDGE_CURVE('',#3702,#1580,#3872,.T.);
#3872 = B_SPLINE_CURVE_WITH_KNOTS('',1,(#3873,#3874),.UNSPECIFIED.,.F.,
  .F.,(2,2),(0.,1.E-02),.PIECEWISE_BEZIER_KNOTS.);
#3873 = CARTESIAN_POINT('',(12.119758842444,-4.74,6.92470096463));
#3874 = CARTESIAN_POINT('',(12.119758842444,-4.75,6.92470096463));
#3875 = B_SPLINE_SURFACE_WITH_KNOTS('',3,1,(
    (#3876,#3877)
    ,(#3878,#3879)
    ,(#3880,#3881)
    ,(#3882,#3883)
    ,(#3884,#3885)
    ,(#3886,#3887)
    ,(#3888,#3889)
    ,(#3890,#3891)
    ,(#3892,#3893)
    ,(#3894,#3895)
    ,(#3896,#3897)
    ,(#3898,#3899)
    ,(#3900,#3901)
    ,(#3902,#3903)
    ,(#3904,#3905)
    ,(#3906,#3907)
    ,(#3908,#3909)
    ,(#3910,#3911)
    ,(#3912,#3913)
    ,(#3914,#3915)
    ,(#3916,#3917)
    ,(#3918,#3919)
    ,(#3920,#3921
    )),.UNSPECIFIED.,.F.,.F.,.F.,(4,1,1,1,1,1,1,1,1,1,1,1,1,1,1,1,1,1,1,
    1,4),(2,2),(8.472350209518E-02,0.133265011536,0.157535766256,
    0.181806520977,0.193941898337,0.206077275697,0.218212653057,
    0.230348030417,0.254618785138,0.278889539858,0.303160294578,
    0.327431049299,0.339566426659,0.351701804019,0.363837181379,
    0.375972558739,0.3881079361,0.40024331346,0.42451406818,
    0.448784822901,0.473055577621),(0.,1.),.UNSPECIFIED.);
#3876 = CARTESIAN_POINT('',(12.465482315113,-4.74,7.461807073955));
#3877 = CARTESIAN_POINT('',(12.465482315113,-4.75,7.461807073955));
#3878 = CARTESIAN_POINT('',(12.429266828676,-4.74,7.328869739598));
#3879 = CARTESIAN_POINT('',(12.429266828676,-4.75,7.328869739598));
#3880 = CARTESIAN_POINT('',(12.374849130585,-4.74,7.126353849105));
#3881 = CARTESIAN_POINT('',(12.374849130585,-4.75,7.126353849105));
#3882 = CARTESIAN_POINT('',(12.302670073546,-4.74,6.868772217612));
#3883 = CARTESIAN_POINT('',(12.302670073546,-4.75,6.868772217612));
#3884 = CARTESIAN_POINT('',(12.256770925917,-4.74,6.681867956616));
#3885 = CARTESIAN_POINT('',(12.256770925917,-4.75,6.681867956616));
#3886 = CARTESIAN_POINT('',(12.208664342393,-4.74,6.579732748437));
#3887 = CARTESIAN_POINT('',(12.208664342393,-4.75,6.579732748437));
#3888 = CARTESIAN_POINT('',(12.078274558987,-4.74,6.550401158639));
#3889 = CARTESIAN_POINT('',(12.078274558987,-4.75,6.550401158639));
#3890 = CARTESIAN_POINT('',(11.993687083224,-4.74,6.59806977246));
#3891 = CARTESIAN_POINT('',(11.993687083224,-4.75,6.59806977246));
#3892 = CARTESIAN_POINT('',(11.945759659657,-4.74,6.746830113214));
#3893 = CARTESIAN_POINT('',(11.945759659657,-4.75,6.746830113214));
#3894 = CARTESIAN_POINT('',(11.908392551495,-4.74,6.904734368113));
#3895 = CARTESIAN_POINT('',(11.908392551495,-4.75,6.904734368113));
#3896 = CARTESIAN_POINT('',(11.857541150805,-4.74,7.106163228233));
#3897 = CARTESIAN_POINT('',(11.857541150805,-4.75,7.106163228233));
#3898 = CARTESIAN_POINT('',(11.807996625786,-4.74,7.31464483604));
#3899 = CARTESIAN_POINT('',(11.807996625786,-4.75,7.31464483604));
#3900 = CARTESIAN_POINT('',(11.774403879421,-4.74,7.456794968648));
#3901 = CARTESIAN_POINT('',(11.774403879421,-4.75,7.456794968648));
#3902 = CARTESIAN_POINT('',(11.727997282876,-4.74,7.642681597483));
#3903 = CARTESIAN_POINT('',(11.727997282876,-4.75,7.642681597483));
#3904 = CARTESIAN_POINT('',(11.733432250997,-4.74,7.715931204947));
#3905 = CARTESIAN_POINT('',(11.733432250997,-4.75,7.715931204947));
#3906 = CARTESIAN_POINT('',(11.843831761751,-4.74,7.780401627367));
#3907 = CARTESIAN_POINT('',(11.843831761751,-4.75,7.780401627367));
#3908 = CARTESIAN_POINT('',(11.938507680371,-4.74,7.734412484475));
#3909 = CARTESIAN_POINT('',(11.938507680371,-4.75,7.734412484475));
#3910 = CARTESIAN_POINT('',(11.959192951675,-4.74,7.638563148704));
#3911 = CARTESIAN_POINT('',(11.959192951675,-4.75,7.638563148704));
#3912 = CARTESIAN_POINT('',(11.991353387895,-4.74,7.49109013194));
#3913 = CARTESIAN_POINT('',(11.991353387895,-4.75,7.49109013194));
#3914 = CARTESIAN_POINT('',(12.027010129831,-4.74,7.32922224786));
#3915 = CARTESIAN_POINT('',(12.027010129831,-4.75,7.32922224786));
#3916 = CARTESIAN_POINT('',(12.07399396061,-4.74,7.125767670804));
#3917 = CARTESIAN_POINT('',(12.07399396061,-4.75,7.125767670804));
#3918 = CARTESIAN_POINT('',(12.104660356376,-4.74,6.991916052354));
#3919 = CARTESIAN_POINT('',(12.104660356376,-4.75,6.991916052354));
#3920 = CARTESIAN_POINT('',(12.119758842444,-4.74,6.92470096463));
#3921 = CARTESIAN_POINT('',(12.119758842444,-4.75,6.92470096463));
#3922 = ADVANCED_FACE('',(#3923),#3929,.T.);
#3923 = FACE_BOUND('',#3924,.T.);
#3924 = EDGE_LOOP('',(#3925,#3926,#3927,#3928));
#3925 = ORIENTED_EDGE('',*,*,#1579,.F.);
#3926 = ORIENTED_EDGE('',*,*,#3871,.F.);
#3927 = ORIENTED_EDGE('',*,*,#3701,.T.);
#3928 = ORIENTED_EDGE('',*,*,#3789,.T.);
#3929 = B_SPLINE_SURFACE_WITH_KNOTS('',3,1,(
    (#3930,#3931)
    ,(#3932,#3933)
    ,(#3934,#3935)
    ,(#3936,#3937)
    ,(#3938,#3939)
    ,(#3940,#3941)
    ,(#3942,#3943)
    ,(#3944,#3945)
    ,(#3946,#3947)
    ,(#3948,#3949)
    ,(#3950,#3951)
    ,(#3952,#3953)
    ,(#3954,#3955)
    ,(#3956,#3957)
    ,(#3958,#3959
    )),.UNSPECIFIED.,.F.,.F.,.F.,(4,1,1,1,1,1,1,1,1,1,1,1,4),(2,2),(
    0.473055577621,0.500991422233,0.528927266844,0.54289518915,
    0.549879150303,0.556863111456,0.570831033762,0.584798956068,
    0.598766878374,0.61273480068,0.626702722986,0.640670645291,
    0.696542334515),(0.,1.),.UNSPECIFIED.);
#3930 = CARTESIAN_POINT('',(12.119758842444,-4.74,6.92470096463));
#3931 = CARTESIAN_POINT('',(12.119758842444,-4.75,6.92470096463));
#3932 = CARTESIAN_POINT('',(12.140282874975,-4.74,7.001292922394));
#3933 = CARTESIAN_POINT('',(12.140282874975,-4.75,7.001292922394));
#3934 = CARTESIAN_POINT('',(12.181610910071,-4.74,7.155345949889));
#3935 = CARTESIAN_POINT('',(12.181610910071,-4.75,7.155345949889));
#3936 = CARTESIAN_POINT('',(12.23187110377,-4.74,7.343566674417));
#3937 = CARTESIAN_POINT('',(12.23187110377,-4.75,7.343566674417));
#3938 = CARTESIAN_POINT('',(12.26962546405,-4.74,7.483306147795));
#3939 = CARTESIAN_POINT('',(12.26962546405,-4.75,7.483306147795));
#3940 = CARTESIAN_POINT('',(12.28720981122,-4.74,7.550772429893));
#3941 = CARTESIAN_POINT('',(12.28720981122,-4.75,7.550772429893));
#3942 = CARTESIAN_POINT('',(12.319772555228,-4.74,7.664736202287));
#3943 = CARTESIAN_POINT('',(12.319772555228,-4.75,7.664736202287));
#3944 = CARTESIAN_POINT('',(12.340270845638,-4.74,7.722997562898));
#3945 = CARTESIAN_POINT('',(12.340270845638,-4.75,7.722997562898));
#3946 = CARTESIAN_POINT('',(12.47454216809,-4.74,7.783867972625));
#3947 = CARTESIAN_POINT('',(12.47454216809,-4.75,7.783867972625));
#3948 = CARTESIAN_POINT('',(12.594602647462,-4.74,7.712936787283));
#3949 = CARTESIAN_POINT('',(12.594602647462,-4.75,7.712936787283));
#3950 = CARTESIAN_POINT('',(12.614407658821,-4.74,7.634121622067));
#3951 = CARTESIAN_POINT('',(12.614407658821,-4.75,7.634121622067));
#3952 = CARTESIAN_POINT('',(12.65538832824,-4.74,7.493653768275));
#3953 = CARTESIAN_POINT('',(12.65538832824,-4.75,7.493653768275));
#3954 = CARTESIAN_POINT('',(12.714469708731,-4.74,7.27630579381));
#3955 = CARTESIAN_POINT('',(12.714469708731,-4.75,7.27630579381));
#3956 = CARTESIAN_POINT('',(12.766723474099,-4.74,7.077789716908));
#3957 = CARTESIAN_POINT('',(12.766723474099,-4.75,7.077789716908));
#3958 = CARTESIAN_POINT('',(12.808118971061,-4.74,6.92470096463));
#3959 = CARTESIAN_POINT('',(12.808118971061,-4.75,6.92470096463));
#3960 = ADVANCED_FACE('',(#3961),#4019,.T.);
#3961 = FACE_BOUND('',#3962,.T.);
#3962 = EDGE_LOOP('',(#3963,#4012));
#3963 = ORIENTED_EDGE('',*,*,#3964,.F.);
#3964 = EDGE_CURVE('',#3965,#3967,#3969,.T.);
#3965 = VERTEX_POINT('',#3966);
#3966 = CARTESIAN_POINT('',(2.103387096774,-4.74,4.977483870968));
#3967 = VERTEX_POINT('',#3968);
#3968 = CARTESIAN_POINT('',(2.103387096774,-4.74,4.07264516129));
#3969 = B_SPLINE_CURVE_WITH_KNOTS('',3,(#3970,#3971,#3972,#3973,#3974,
    #3975,#3976,#3977,#3978,#3979,#3980,#3981,#3982,#3983,#3984,#3985,
    #3986,#3987,#3988,#3989,#3990,#3991,#3992,#3993,#3994,#3995,#3996,
    #3997,#3998,#3999,#4000,#4001,#4002,#4003,#4004,#4005,#4006,#4007,
    #4008,#4009,#4010,#4011),.UNSPECIFIED.,.F.,.F.,(4,3,3,2,3,3,3,2,3,2,
    3,3,3,2,3,4),(0.218241841969,0.313436900579,0.333430112543,
    0.352312477289,0.374341902825,0.40519921856,0.459777022198,
    0.496961482647,0.534145943096,0.552903569273,0.574005898721,
    0.602605662918,0.876883727878,0.941080583254,0.969081339322,1.),
  .UNSPECIFIED.);
#3970 = CARTESIAN_POINT('',(2.103387096774,-4.74,4.977483870968));
#3971 = CARTESIAN_POINT('',(1.935,-4.74,4.848774193548));
#3972 = CARTESIAN_POINT('',(1.821774193548,-4.74,4.783935483871));
#3973 = CARTESIAN_POINT('',(1.763709677419,-4.74,4.784903225806));
#3974 = CARTESIAN_POINT('',(1.735669079378,-4.74,4.785370569107));
#3975 = CARTESIAN_POINT('',(1.711451612903,-4.74,4.795548387097));
#3976 = CARTESIAN_POINT('',(1.690161290323,-4.74,4.817806451613));
#3977 = CARTESIAN_POINT('',(1.668891984842,-4.74,4.840042543706));
#3978 = CARTESIAN_POINT('',(1.657258064516,-4.74,4.865225806452));
#3979 = CARTESIAN_POINT('',(1.657258064516,-4.74,4.928129032258));
#3980 = CARTESIAN_POINT('',(1.667903225806,-4.74,4.952322580645));
#3981 = CARTESIAN_POINT('',(1.689193548387,-4.74,4.968774193548));
#3982 = CARTESIAN_POINT('',(1.710015649126,-4.74,4.984863998665));
#3983 = CARTESIAN_POINT('',(1.748225806452,-4.74,5.004580645161));
#3984 = CARTESIAN_POINT('',(1.801451612903,-4.74,5.029741935484));
#3985 = CARTESIAN_POINT('',(1.881685812901,-4.74,5.067670830029));
#3986 = CARTESIAN_POINT('',(1.94564516129,-4.74,5.107161290323));
#3987 = CARTESIAN_POINT('',(1.993064516129,-4.74,5.148774193548));
#3988 = CARTESIAN_POINT('',(2.041030588235,-4.74,5.19086686907));
#3989 = CARTESIAN_POINT('',(2.084032258065,-4.74,5.236838709677));
#3990 = CARTESIAN_POINT('',(2.157580645161,-4.74,5.339419354839));
#3991 = CARTESIAN_POINT('',(2.181774193548,-4.74,5.37135483871));
#3992 = CARTESIAN_POINT('',(2.192419354839,-4.74,5.382967741935));
#3993 = CARTESIAN_POINT('',(2.203506390749,-4.74,5.395062690201));
#3994 = CARTESIAN_POINT('',(2.225322580645,-4.74,5.40135483871));
#3995 = CARTESIAN_POINT('',(2.291129032258,-4.74,5.40135483871));
#3996 = CARTESIAN_POINT('',(2.319193548387,-4.74,5.387806451613));
#3997 = CARTESIAN_POINT('',(2.340483870968,-4.74,5.360709677419));
#3998 = CARTESIAN_POINT('',(2.362244326855,-4.74,5.333014551745));
#3999 = CARTESIAN_POINT('',(2.371451612903,-4.74,5.295870967742));
#4000 = CARTESIAN_POINT('',(2.371451612903,-4.74,5.248451612903));
#4001 = CARTESIAN_POINT('',(2.371451612903,-4.74,4.869419354839));
#4002 = CARTESIAN_POINT('',(2.371451612903,-4.74,4.490387096774));
#4003 = CARTESIAN_POINT('',(2.371451612903,-4.74,4.11135483871));
#4004 = CARTESIAN_POINT('',(2.371451612903,-4.74,3.977806451613));
#4005 = CARTESIAN_POINT('',(2.326935483871,-4.74,3.912));
#4006 = CARTESIAN_POINT('',(2.196290322581,-4.74,3.912));
#4007 = CARTESIAN_POINT('',(2.16435483871,-4.74,3.925548387097));
#4008 = CARTESIAN_POINT('',(2.139193548387,-4.74,3.95264516129));
#4009 = CARTESIAN_POINT('',(2.114480335837,-4.74,3.97925939019));
#4010 = CARTESIAN_POINT('',(2.103387096774,-4.74,4.019419354839));
#4011 = CARTESIAN_POINT('',(2.103387096774,-4.74,4.07264516129));
#4012 = ORIENTED_EDGE('',*,*,#4013,.F.);
#4013 = EDGE_CURVE('',#3967,#3965,#4014,.T.);
#4014 = B_SPLINE_CURVE_WITH_KNOTS('',3,(#4015,#4016,#4017,#4018),
  .UNSPECIFIED.,.F.,.F.,(4,4),(0.,0.218241841969),
  .PIECEWISE_BEZIER_KNOTS.);
#4015 = CARTESIAN_POINT('',(2.103387096774,-4.74,4.07264516129));
#4016 = CARTESIAN_POINT('',(2.103387096774,-4.74,4.374258064516));
#4017 = CARTESIAN_POINT('',(2.103387096774,-4.74,4.675870967742));
#4018 = CARTESIAN_POINT('',(2.103387096774,-4.74,4.977483870968));
#4019 = B_SPLINE_SURFACE_WITH_KNOTS('',1,1,(
    (#4020,#4021)
    ,(#4022,#4023
    )),.UNSPECIFIED.,.F.,.F.,.F.,(2,2),(2,2),(-0.179914058522,
    1.309440780188),(-0.714193548387,0.),.PIECEWISE_BEZIER_KNOTS.);
#4020 = CARTESIAN_POINT('',(1.657258064516,-4.74,5.40135483871));
#4021 = CARTESIAN_POINT('',(2.371451612903,-4.74,5.40135483871));
#4022 = CARTESIAN_POINT('',(1.657258064516,-4.74,3.912));
#4023 = CARTESIAN_POINT('',(2.371451612903,-4.74,3.912));
#4024 = ADVANCED_FACE('',(#4025),#4039,.T.);
#4025 = FACE_BOUND('',#4026,.T.);
#4026 = EDGE_LOOP('',(#4027,#4028,#4033,#4034));
#4027 = ORIENTED_EDGE('',*,*,#1716,.F.);
#4028 = ORIENTED_EDGE('',*,*,#4029,.F.);
#4029 = EDGE_CURVE('',#3965,#1708,#4030,.T.);
#4030 = B_SPLINE_CURVE_WITH_KNOTS('',1,(#4031,#4032),.UNSPECIFIED.,.F.,
  .F.,(2,2),(0.,1.E-02),.PIECEWISE_BEZIER_KNOTS.);
#4031 = CARTESIAN_POINT('',(2.103387096774,-4.74,4.977483870968));
#4032 = CARTESIAN_POINT('',(2.103387096774,-4.75,4.977483870968));
#4033 = ORIENTED_EDGE('',*,*,#3964,.T.);
#4034 = ORIENTED_EDGE('',*,*,#4035,.T.);
#4035 = EDGE_CURVE('',#3967,#1706,#4036,.T.);
#4036 = B_SPLINE_CURVE_WITH_KNOTS('',1,(#4037,#4038),.UNSPECIFIED.,.F.,
  .F.,(2,2),(0.,1.E-02),.PIECEWISE_BEZIER_KNOTS.);
#4037 = CARTESIAN_POINT('',(2.103387096774,-4.74,4.07264516129));
#4038 = CARTESIAN_POINT('',(2.103387096774,-4.75,4.07264516129));
#4039 = B_SPLINE_SURFACE_WITH_KNOTS('',3,1,(
    (#4040,#4041)
    ,(#4042,#4043)
    ,(#4044,#4045)
    ,(#4046,#4047)
    ,(#4048,#4049)
    ,(#4050,#4051)
    ,(#4052,#4053)
    ,(#4054,#4055)
    ,(#4056,#4057)
    ,(#4058,#4059)
    ,(#4060,#4061)
    ,(#4062,#4063)
    ,(#4064,#4065)
    ,(#4066,#4067)
    ,(#4068,#4069)
    ,(#4070,#4071)
    ,(#4072,#4073)
    ,(#4074,#4075)
    ,(#4076,#4077)
    ,(#4078,#4079)
    ,(#4080,#4081)
    ,(#4082,#4083)
    ,(#4084,#4085)
    ,(#4086,#4087)
    ,(#4088,#4089)
    ,(#4090,#4091
    )),.UNSPECIFIED.,.F.,.F.,.F.,(4,1,1,1,1,1,1,1,1,1,1,1,1,1,1,1,1,1,1,
    1,1,1,1,4),(2,2),(0.218241841969,0.267101726846,0.291531669284,
    0.315961611723,0.340391554161,0.3648214966,0.389251439038,
    0.413681381477,0.438111323915,0.462541266354,0.511401151231,
    0.535831093669,0.560261036107,0.584690978546,0.609120920984,
    0.657980805861,0.706840690738,0.755700575615,0.804560460492,
    0.853420345369,0.877850287808,0.902280230246,0.951140115123,1.),(0.,
    1.),.UNSPECIFIED.);
#4040 = CARTESIAN_POINT('',(2.103387096774,-4.74,4.977483870968));
#4041 = CARTESIAN_POINT('',(2.103387096774,-4.75,4.977483870968));
#4042 = CARTESIAN_POINT('',(2.016960613265,-4.74,4.911422248515));
#4043 = CARTESIAN_POINT('',(2.016960613265,-4.75,4.911422248515));
#4044 = CARTESIAN_POINT('',(1.910743840651,-4.74,4.836173269023));
#4045 = CARTESIAN_POINT('',(1.910743840651,-4.75,4.836173269023));
#4046 = CARTESIAN_POINT('',(1.806213177967,-4.74,4.792686119019));
#4047 = CARTESIAN_POINT('',(1.806213177967,-4.75,4.792686119019));
#4048 = CARTESIAN_POINT('',(1.765869440348,-4.74,4.771943814021));
#4049 = CARTESIAN_POINT('',(1.765869440348,-4.75,4.771943814021));
#4050 = CARTESIAN_POINT('',(1.649917060426,-4.74,4.8328361078));
#4051 = CARTESIAN_POINT('',(1.649917060426,-4.75,4.8328361078));
#4052 = CARTESIAN_POINT('',(1.65845860092,-4.74,4.958593818029));
#4053 = CARTESIAN_POINT('',(1.65845860092,-4.75,4.958593818029));
#4054 = CARTESIAN_POINT('',(1.721579345447,-4.74,4.990491883381));
#4055 = CARTESIAN_POINT('',(1.721579345447,-4.75,4.990491883381));
#4056 = CARTESIAN_POINT('',(1.84294260086,-4.74,5.048491051988));
#4057 = CARTESIAN_POINT('',(1.84294260086,-4.75,5.048491051988));
#4058 = CARTESIAN_POINT('',(1.932729775252,-4.74,5.100791430491));
#4059 = CARTESIAN_POINT('',(1.932729775252,-4.75,5.100791430491));
#4060 = CARTESIAN_POINT('',(2.020925560802,-4.74,5.165676995622));
#4061 = CARTESIAN_POINT('',(2.020925560802,-4.75,5.165676995622));
#4062 = CARTESIAN_POINT('',(2.166748761152,-4.74,5.335812585996));
#4063 = CARTESIAN_POINT('',(2.166748761152,-4.75,5.335812585996));
#4064 = CARTESIAN_POINT('',(2.176656725041,-4.74,5.38811401588));
#4065 = CARTESIAN_POINT('',(2.176656725041,-4.75,5.38811401588));
#4066 = CARTESIAN_POINT('',(2.298144002921,-4.74,5.415175889201));
#4067 = CARTESIAN_POINT('',(2.298144002921,-4.75,5.415175889201));
#4068 = CARTESIAN_POINT('',(2.372327986983,-4.74,5.329666154086));
#4069 = CARTESIAN_POINT('',(2.372327986983,-4.75,5.329666154086));
#4070 = CARTESIAN_POINT('',(2.370946826485,-4.74,5.183673683368));
#4071 = CARTESIAN_POINT('',(2.370946826485,-4.75,5.183673683368));
#4072 = CARTESIAN_POINT('',(2.371612820272,-4.74,5.020217782077));
#4073 = CARTESIAN_POINT('',(2.371612820272,-4.75,5.020217782077));
#4074 = CARTESIAN_POINT('',(2.371444768606,-4.74,4.816034412235));
#4075 = CARTESIAN_POINT('',(2.371444768606,-4.75,4.816034412235));
#4076 = CARTESIAN_POINT('',(2.371317782724,-4.74,4.613540696192));
#4077 = CARTESIAN_POINT('',(2.371317782724,-4.75,4.613540696192));
#4078 = CARTESIAN_POINT('',(2.371993777919,-4.74,4.412324653247));
#4079 = CARTESIAN_POINT('',(2.371993777919,-4.75,4.412324653247));
#4080 = CARTESIAN_POINT('',(2.369846282171,-4.74,4.2389776623));
#4081 = CARTESIAN_POINT('',(2.369846282171,-4.75,4.2389776623));
#4082 = CARTESIAN_POINT('',(2.374232775218,-4.74,4.113261925375));
#4083 = CARTESIAN_POINT('',(2.374232775218,-4.75,4.113261925375));
#4084 = CARTESIAN_POINT('',(2.356127725509,-4.74,3.924400483129));
#4085 = CARTESIAN_POINT('',(2.356127725509,-4.75,3.924400483129));
#4086 = CARTESIAN_POINT('',(2.18015417363,-4.74,3.882240692638));
#4087 = CARTESIAN_POINT('',(2.18015417363,-4.75,3.882240692638));
#4088 = CARTESIAN_POINT('',(2.103387096774,-4.74,3.988533924947));
#4089 = CARTESIAN_POINT('',(2.103387096774,-4.75,3.988533924947));
#4090 = CARTESIAN_POINT('',(2.103387096774,-4.74,4.07264516129));
#4091 = CARTESIAN_POINT('',(2.103387096774,-4.75,4.07264516129));
#4092 = ADVANCED_FACE('',(#4093),#4099,.T.);
#4093 = FACE_BOUND('',#4094,.T.);
#4094 = EDGE_LOOP('',(#4095,#4096,#4097,#4098));
#4095 = ORIENTED_EDGE('',*,*,#1705,.F.);
#4096 = ORIENTED_EDGE('',*,*,#4035,.F.);
#4097 = ORIENTED_EDGE('',*,*,#4013,.T.);
#4098 = ORIENTED_EDGE('',*,*,#4029,.T.);
#4099 = B_SPLINE_SURFACE_WITH_KNOTS('',1,1,(
    (#4100,#4101)
    ,(#4102,#4103
    )),.UNSPECIFIED.,.F.,.F.,.F.,(2,2),(2,2),(-0.904838709677,0.),(
    -1.E-02,0.),.PIECEWISE_BEZIER_KNOTS.);
#4100 = CARTESIAN_POINT('',(2.103387096774,-4.75,4.977483870968));
#4101 = CARTESIAN_POINT('',(2.103387096774,-4.74,4.977483870968));
#4102 = CARTESIAN_POINT('',(2.103387096774,-4.75,4.07264516129));
#4103 = CARTESIAN_POINT('',(2.103387096774,-4.74,4.07264516129));
#4104 = ADVANCED_FACE('',(#4105),#4178,.T.);
#4105 = FACE_BOUND('',#4106,.T.);
#4106 = EDGE_LOOP('',(#4107,#4128));
#4107 = ORIENTED_EDGE('',*,*,#4108,.F.);
#4108 = EDGE_CURVE('',#4109,#4111,#4113,.T.);
#4109 = VERTEX_POINT('',#4110);
#4110 = CARTESIAN_POINT('',(4.789838709677,-4.74,5.144903225806));
#4111 = VERTEX_POINT('',#4112);
#4112 = CARTESIAN_POINT('',(4.258548387097,-4.74,5.377161290323));
#4113 = B_SPLINE_CURVE_WITH_KNOTS('',3,(#4114,#4115,#4116,#4117,#4118,
    #4119,#4120,#4121,#4122,#4123,#4124,#4125,#4126,#4127),
  .UNSPECIFIED.,.F.,.F.,(4,3,2,2,3,4),(0.795816678128,0.904457382593,
    0.927486689737,0.95051599688,0.974568828786,1.),.UNSPECIFIED.);
#4114 = CARTESIAN_POINT('',(4.789838709677,-4.74,5.144903225806));
#4115 = CARTESIAN_POINT('',(4.612741935484,-4.74,5.144903225806));
#4116 = CARTESIAN_POINT('',(4.43564516129,-4.74,5.144903225806));
#4117 = CARTESIAN_POINT('',(4.258548387097,-4.74,5.144903225806));
#4118 = CARTESIAN_POINT('',(4.202419354839,-4.74,5.144903225806));
#4119 = CARTESIAN_POINT('',(4.160806451613,-4.74,5.154580645161));
#4120 = CARTESIAN_POINT('',(4.106612903226,-4.74,5.195225806452));
#4121 = CARTESIAN_POINT('',(4.092096774194,-4.74,5.226193548387));
#4122 = CARTESIAN_POINT('',(4.092096774194,-4.74,5.315225806452));
#4123 = CARTESIAN_POINT('',(4.107580645161,-4.74,5.344258064516));
#4124 = CARTESIAN_POINT('',(4.136612903226,-4.74,5.357806451613));
#4125 = CARTESIAN_POINT('',(4.165274311279,-4.74,5.371181775371));
#4126 = CARTESIAN_POINT('',(4.206290322581,-4.74,5.377161290323));
#4127 = CARTESIAN_POINT('',(4.258548387097,-4.74,5.377161290323));
#4128 = ORIENTED_EDGE('',*,*,#4129,.F.);
#4129 = EDGE_CURVE('',#4111,#4109,#4130,.T.);
#4130 = B_SPLINE_CURVE_WITH_KNOTS('',3,(#4131,#4132,#4133,#4134,#4135,
    #4136,#4137,#4138,#4139,#4140,#4141,#4142,#4143,#4144,#4145,#4146,
    #4147,#4148,#4149,#4150,#4151,#4152,#4153,#4154,#4155,#4156,#4157,
    #4158,#4159,#4160,#4161,#4162,#4163,#4164,#4165,#4166,#4167,#4168,
    #4169,#4170,#4171,#4172,#4173,#4174,#4175,#4176,#4177),
  .UNSPECIFIED.,.F.,.F.,(4,3,3,2,2,2,2,3,3,3,3,3,2,2,2,3,2,3,4),(0.,
    0.135157743442,0.164457635266,0.223175249926,0.259405267482,
    0.295635285038,0.331865302594,0.36809532015,0.395515542373,
    0.423204200028,0.449461387669,0.480968272849,0.511182317741,
    0.539336314118,0.567490310494,0.589223219978,0.653014533846,
    0.716805847713,0.795816678128),.UNSPECIFIED.);
#4131 = CARTESIAN_POINT('',(4.258548387097,-4.74,5.377161290323));
#4132 = CARTESIAN_POINT('',(4.478870967742,-4.74,5.377161290323));
#4133 = CARTESIAN_POINT('',(4.699193548387,-4.74,5.377161290323));
#4134 = CARTESIAN_POINT('',(4.919516129032,-4.74,5.377161290323));
#4135 = CARTESIAN_POINT('',(4.983387096774,-4.74,5.377161290323));
#4136 = CARTESIAN_POINT('',(5.028870967742,-4.74,5.367483870968));
#4137 = CARTESIAN_POINT('',(5.057903225806,-4.74,5.348129032258));
#4138 = CARTESIAN_POINT('',(5.086712158809,-4.74,5.328923076923));
#4139 = CARTESIAN_POINT('',(5.100483870968,-4.74,5.294903225806));
#4140 = CARTESIAN_POINT('',(5.100483870968,-4.74,5.22135483871));
#4141 = CARTESIAN_POINT('',(5.084032258065,-4.74,5.184580645161));
#4142 = CARTESIAN_POINT('',(5.016290322581,-4.74,5.093612903226));
#4143 = CARTESIAN_POINT('',(4.978548387097,-4.74,5.043290322581));
#4144 = CARTESIAN_POINT('',(4.893387096774,-4.74,4.932967741935));
#4145 = CARTESIAN_POINT('',(4.848870967742,-4.74,4.864258064516));
#4146 = CARTESIAN_POINT('',(4.757903225806,-4.74,4.699741935484));
#4147 = CARTESIAN_POINT('',(4.717258064516,-4.74,4.600064516129));
#4148 = CARTESIAN_POINT('',(4.679516129032,-4.74,4.481032258065));
#4149 = CARTESIAN_POINT('',(4.662957279861,-4.74,4.428808195292));
#4150 = CARTESIAN_POINT('',(4.652419354839,-4.74,4.385225806452));
#4151 = CARTESIAN_POINT('',(4.64564516129,-4.74,4.35135483871));
#4152 = CARTESIAN_POINT('',(4.638684863524,-4.74,4.316553349876));
#4153 = CARTESIAN_POINT('',(4.631129032258,-4.74,4.272));
#4154 = CARTESIAN_POINT('',(4.623387096774,-4.74,4.217806451613));
#4155 = CARTESIAN_POINT('',(4.615509677419,-4.74,4.162664516129));
#4156 = CARTESIAN_POINT('',(4.608870967742,-4.74,4.120064516129));
#4157 = CARTESIAN_POINT('',(4.603064516129,-4.74,4.091032258065));
#4158 = CARTESIAN_POINT('',(4.589665012407,-4.74,4.024034739454));
#4159 = CARTESIAN_POINT('',(4.569193548387,-4.74,3.976838709677));
#4160 = CARTESIAN_POINT('',(4.544032258065,-4.74,3.950709677419));
#4161 = CARTESIAN_POINT('',(4.518405349558,-4.74,3.924097118586));
#4162 = CARTESIAN_POINT('',(4.484032258065,-4.74,3.912));
#4163 = CARTESIAN_POINT('',(4.401774193548,-4.74,3.912));
#4164 = CARTESIAN_POINT('',(4.368870967742,-4.74,3.925548387097));
#4165 = CARTESIAN_POINT('',(4.320483870968,-4.74,3.981677419355));
#4166 = CARTESIAN_POINT('',(4.307903225806,-4.74,4.023290322581));
#4167 = CARTESIAN_POINT('',(4.307903225806,-4.74,4.121032258065));
#4168 = CARTESIAN_POINT('',(4.316612903226,-4.74,4.178129032258));
#4169 = CARTESIAN_POINT('',(4.335,-4.74,4.250709677419));
#4170 = CARTESIAN_POINT('',(4.353559111044,-4.74,4.323969326277));
#4171 = CARTESIAN_POINT('',(4.381451612903,-4.74,4.41135483871));
#4172 = CARTESIAN_POINT('',(4.462741935484,-4.74,4.614580645161));
#4173 = CARTESIAN_POINT('',(4.513064516129,-4.74,4.719096774194));
#4174 = CARTESIAN_POINT('',(4.573064516129,-4.74,4.825548387097));
#4175 = CARTESIAN_POINT('',(4.633297832737,-4.74,4.932413948821));
#4176 = CARTESIAN_POINT('',(4.70564516129,-4.74,5.039419354839));
#4177 = CARTESIAN_POINT('',(4.789838709677,-4.74,5.144903225806));
#4178 = B_SPLINE_SURFACE_WITH_KNOTS('',1,1,(
    (#4179,#4180)
    ,(#4181,#4182
    )),.UNSPECIFIED.,.F.,.F.,.F.,(2,2),(2,2),(-0.232258064516,
    1.232903225806),(-0.198478682926,0.809908413848),
  .PIECEWISE_BEZIER_KNOTS.);
#4179 = CARTESIAN_POINT('',(4.092096774194,-4.74,5.377161290323));
#4180 = CARTESIAN_POINT('',(5.100483870968,-4.74,5.377161290323));
#4181 = CARTESIAN_POINT('',(4.092096774194,-4.74,3.912));
#4182 = CARTESIAN_POINT('',(5.100483870968,-4.74,3.912));
#4183 = ADVANCED_FACE('',(#4184),#4198,.T.);
#4184 = FACE_BOUND('',#4185,.T.);
#4185 = EDGE_LOOP('',(#4186,#4187,#4192,#4193));
#4186 = ORIENTED_EDGE('',*,*,#1817,.F.);
#4187 = ORIENTED_EDGE('',*,*,#4188,.F.);
#4188 = EDGE_CURVE('',#4109,#1766,#4189,.T.);
#4189 = B_SPLINE_CURVE_WITH_KNOTS('',1,(#4190,#4191),.UNSPECIFIED.,.F.,
  .F.,(2,2),(0.,1.E-02),.PIECEWISE_BEZIER_KNOTS.);
#4190 = CARTESIAN_POINT('',(4.789838709677,-4.74,5.144903225806));
#4191 = CARTESIAN_POINT('',(4.789838709677,-4.75,5.144903225806));
#4192 = ORIENTED_EDGE('',*,*,#4108,.T.);
#4193 = ORIENTED_EDGE('',*,*,#4194,.T.);
#4194 = EDGE_CURVE('',#4111,#1764,#4195,.T.);
#4195 = B_SPLINE_CURVE_WITH_KNOTS('',1,(#4196,#4197),.UNSPECIFIED.,.F.,
  .F.,(2,2),(0.,1.E-02),.PIECEWISE_BEZIER_KNOTS.);
#4196 = CARTESIAN_POINT('',(4.258548387097,-4.74,5.377161290323));
#4197 = CARTESIAN_POINT('',(4.258548387097,-4.75,5.377161290323));
#4198 = B_SPLINE_SURFACE_WITH_KNOTS('',3,1,(
    (#4199,#4200)
    ,(#4201,#4202)
    ,(#4203,#4204)
    ,(#4205,#4206)
    ,(#4207,#4208)
    ,(#4209,#4210)
    ,(#4211,#4212)
    ,(#4213,#4214)
    ,(#4215,#4216
    )),.UNSPECIFIED.,.F.,.F.,.F.,(4,1,1,1,1,1,4),(2,2),(0.795816678128,
    0.846862508596,0.897908339064,0.923431254298,0.948954169532,
    0.974477084766,1.),(0.,1.),.UNSPECIFIED.);
#4199 = CARTESIAN_POINT('',(4.789838709677,-4.74,5.144903225806));
#4200 = CARTESIAN_POINT('',(4.789838709677,-4.75,5.144903225806));
#4201 = CARTESIAN_POINT('',(4.706628167584,-4.74,5.144903225806));
#4202 = CARTESIAN_POINT('',(4.706628167584,-4.75,5.144903225806));
#4203 = CARTESIAN_POINT('',(4.532922871807,-4.74,5.145215174234));
#4204 = CARTESIAN_POINT('',(4.532922871807,-4.75,5.145215174234));
#4205 = CARTESIAN_POINT('',(4.352212310043,-4.74,5.144045367631));
#4206 = CARTESIAN_POINT('',(4.352212310043,-4.75,5.144045367631));
#4207 = CARTESIAN_POINT('',(4.131159638921,-4.74,5.146384980836));
#4208 = CARTESIAN_POINT('',(4.131159638921,-4.75,5.146384980836));
#4209 = CARTESIAN_POINT('',(4.074664007267,-4.74,5.260741414512));
#4210 = CARTESIAN_POINT('',(4.074664007267,-4.75,5.260741414512));
#4211 = CARTESIAN_POINT('',(4.123963142113,-4.74,5.376977461297));
#4212 = CARTESIAN_POINT('',(4.123963142113,-4.75,5.376977461297));
#4213 = CARTESIAN_POINT('',(4.206101799415,-4.74,5.377161290323));
#4214 = CARTESIAN_POINT('',(4.206101799415,-4.75,5.377161290323));
#4215 = CARTESIAN_POINT('',(4.258548387097,-4.74,5.377161290323));
#4216 = CARTESIAN_POINT('',(4.258548387097,-4.75,5.377161290323));
#4217 = ADVANCED_FACE('',(#4218),#4224,.T.);
#4218 = FACE_BOUND('',#4219,.T.);
#4219 = EDGE_LOOP('',(#4220,#4221,#4222,#4223));
#4220 = ORIENTED_EDGE('',*,*,#1763,.F.);
#4221 = ORIENTED_EDGE('',*,*,#4194,.F.);
#4222 = ORIENTED_EDGE('',*,*,#4129,.T.);
#4223 = ORIENTED_EDGE('',*,*,#4188,.T.);
#4224 = B_SPLINE_SURFACE_WITH_KNOTS('',3,1,(
    (#4225,#4226)
    ,(#4227,#4228)
    ,(#4229,#4230)
    ,(#4231,#4232)
    ,(#4233,#4234)
    ,(#4235,#4236)
    ,(#4237,#4238)
    ,(#4239,#4240)
    ,(#4241,#4242)
    ,(#4243,#4244)
    ,(#4245,#4246)
    ,(#4247,#4248)
    ,(#4249,#4250)
    ,(#4251,#4252)
    ,(#4253,#4254)
    ,(#4255,#4256)
    ,(#4257,#4258)
    ,(#4259,#4260)
    ,(#4261,#4262)
    ,(#4263,#4264)
    ,(#4265,#4266)
    ,(#4267,#4268)
    ,(#4269,#4270)
    ,(#4271,#4272)
    ,(#4273,#4274)
    ,(#4275,#4276)
    ,(#4277,#4278)
    ,(#4279,#4280
    )),.UNSPECIFIED.,.F.,.F.,.F.,(4,1,1,1,1,1,1,1,1,1,1,1,1,1,1,1,1,1,1,
    1,1,1,1,1,1,4),(2,2),(0.,9.947708476602E-02,0.124346355958,
    0.149215627149,0.174084898341,0.198954169532,0.248692711915,
    0.298431254298,0.32330052549,0.348169796681,0.373039067873,
    0.397908339064,0.422777610256,0.447646881447,0.472516152639,
    0.49738542383,0.547123966213,0.571993237405,0.584427873,
    0.590645190798,0.596862508596,0.621731779788,0.646601050979,
    0.696339593362,0.746078135745,0.795816678128),(0.,1.),
  .UNSPECIFIED.);
#4225 = CARTESIAN_POINT('',(4.258548387097,-4.74,5.377161290323));
#4226 = CARTESIAN_POINT('',(4.258548387097,-4.75,5.377161290323));
#4227 = CARTESIAN_POINT('',(4.42070741308,-4.74,5.377161290323));
#4228 = CARTESIAN_POINT('',(4.42070741308,-4.75,5.377161290323));
#4229 = CARTESIAN_POINT('',(4.631581334076,-4.74,5.377231399323));
#4230 = CARTESIAN_POINT('',(4.631581334076,-4.75,5.377231399323));
#4231 = CARTESIAN_POINT('',(4.860104623722,-4.74,5.377105203122));
#4232 = CARTESIAN_POINT('',(4.860104623722,-4.75,5.377105203122));
#4233 = CARTESIAN_POINT('',(5.013606933423,-4.74,5.377378628224));
#4234 = CARTESIAN_POINT('',(5.013606933423,-4.75,5.377378628224));
#4235 = CARTESIAN_POINT('',(5.079265036515,-4.74,5.336248436601));
#4236 = CARTESIAN_POINT('',(5.079265036515,-4.75,5.336248436601));
#4237 = CARTESIAN_POINT('',(5.099621011383,-4.74,5.291437856137));
#4238 = CARTESIAN_POINT('',(5.099621011383,-4.75,5.291437856137));
#4239 = CARTESIAN_POINT('',(5.107560397781,-4.74,5.190096290018));
#4240 = CARTESIAN_POINT('',(5.107560397781,-4.75,5.190096290018));
#4241 = CARTESIAN_POINT('',(4.956010730912,-4.74,5.024066407209));
#4242 = CARTESIAN_POINT('',(4.956010730912,-4.75,5.024066407209));
#4243 = CARTESIAN_POINT('',(4.835894841136,-4.74,4.844009578321));
#4244 = CARTESIAN_POINT('',(4.835894841136,-4.75,4.844009578321));
#4245 = CARTESIAN_POINT('',(4.743254256534,-4.74,4.673305319552));
#4246 = CARTESIAN_POINT('',(4.743254256534,-4.75,4.673305319552));
#4247 = CARTESIAN_POINT('',(4.659549885831,-4.74,4.423878869688));
#4248 = CARTESIAN_POINT('',(4.659549885831,-4.75,4.423878869688));
#4249 = CARTESIAN_POINT('',(4.645347746809,-4.74,4.35298284684));
#4250 = CARTESIAN_POINT('',(4.645347746809,-4.75,4.35298284684));
#4251 = CARTESIAN_POINT('',(4.622024723034,-4.74,4.216873800837));
#4252 = CARTESIAN_POINT('',(4.622024723034,-4.75,4.216873800837));
#4253 = CARTESIAN_POINT('',(4.609022130386,-4.74,4.10134841827));
#4254 = CARTESIAN_POINT('',(4.609022130386,-4.75,4.10134841827));
#4255 = CARTESIAN_POINT('',(4.567568797458,-4.74,3.961203317837));
#4256 = CARTESIAN_POINT('',(4.567568797458,-4.75,3.961203317837));
#4257 = CARTESIAN_POINT('',(4.477533423256,-4.74,3.894811243716));
#4258 = CARTESIAN_POINT('',(4.477533423256,-4.75,3.894811243716));
#4259 = CARTESIAN_POINT('',(4.322165865722,-4.74,3.92908032004));
#4260 = CARTESIAN_POINT('',(4.322165865722,-4.75,3.92908032004));
#4261 = CARTESIAN_POINT('',(4.301622276373,-4.74,4.070270958275));
#4262 = CARTESIAN_POINT('',(4.301622276373,-4.75,4.070270958275));
#4263 = CARTESIAN_POINT('',(4.318508882326,-4.74,4.183800849841));
#4264 = CARTESIAN_POINT('',(4.318508882326,-4.75,4.183800849841));
#4265 = CARTESIAN_POINT('',(4.338089947854,-4.74,4.263365645818));
#4266 = CARTESIAN_POINT('',(4.338089947854,-4.75,4.263365645818));
#4267 = CARTESIAN_POINT('',(4.34544280865,-4.74,4.289882969216));
#4268 = CARTESIAN_POINT('',(4.34544280865,-4.75,4.289882969216));
#4269 = CARTESIAN_POINT('',(4.37036141874,-4.74,4.375233840906));
#4270 = CARTESIAN_POINT('',(4.37036141874,-4.75,4.375233840906));
#4271 = CARTESIAN_POINT('',(4.420552113982,-4.74,4.51493543914));
#4272 = CARTESIAN_POINT('',(4.420552113982,-4.75,4.51493543914));
#4273 = CARTESIAN_POINT('',(4.516535884375,-4.74,4.730677499915));
#4274 = CARTESIAN_POINT('',(4.516535884375,-4.75,4.730677499915));
#4275 = CARTESIAN_POINT('',(4.642320547987,-4.74,4.947816798895));
#4276 = CARTESIAN_POINT('',(4.642320547987,-4.75,4.947816798895));
#4277 = CARTESIAN_POINT('',(4.736837566001,-4.74,5.078499494074));
#4278 = CARTESIAN_POINT('',(4.736837566001,-4.75,5.078499494074));
#4279 = CARTESIAN_POINT('',(4.789838709677,-4.74,5.144903225806));
#4280 = CARTESIAN_POINT('',(4.789838709677,-4.75,5.144903225806));
#4281 = ADVANCED_FACE('',(#4282),#4340,.T.);
#4282 = FACE_BOUND('',#4283,.T.);
#4283 = EDGE_LOOP('',(#4284,#4333));
#4284 = ORIENTED_EDGE('',*,*,#4285,.F.);
#4285 = EDGE_CURVE('',#4286,#4288,#4290,.T.);
#4286 = VERTEX_POINT('',#4287);
#4287 = CARTESIAN_POINT('',(6.92564516129,-4.74,4.977483870968));
#4288 = VERTEX_POINT('',#4289);
#4289 = CARTESIAN_POINT('',(6.92564516129,-4.74,4.07264516129));
#4290 = B_SPLINE_CURVE_WITH_KNOTS('',3,(#4291,#4292,#4293,#4294,#4295,
    #4296,#4297,#4298,#4299,#4300,#4301,#4302,#4303,#4304,#4305,#4306,
    #4307,#4308,#4309,#4310,#4311,#4312,#4313,#4314,#4315,#4316,#4317,
    #4318,#4319,#4320,#4321,#4322,#4323,#4324,#4325,#4326,#4327,#4328,
    #4329,#4330,#4331,#4332),.UNSPECIFIED.,.F.,.F.,(4,3,3,2,3,3,3,2,3,2,
    3,3,3,2,3,4),(0.218260596691,0.313463835936,0.333458766027,
    0.352342753438,0.374374072084,0.405234039558,0.459816533367,
    0.497078750276,0.534340967186,0.552975160618,0.573938628229,
    0.602540850024,0.876842483893,0.940382976137,0.969078682311,1.),
  .UNSPECIFIED.);
#4291 = CARTESIAN_POINT('',(6.92564516129,-4.74,4.977483870968));
#4292 = CARTESIAN_POINT('',(6.757258064516,-4.74,4.848774193548));
#4293 = CARTESIAN_POINT('',(6.644032258065,-4.74,4.783935483871));
#4294 = CARTESIAN_POINT('',(6.585967741935,-4.74,4.784903225806));
#4295 = CARTESIAN_POINT('',(6.557927143894,-4.74,4.785370569107));
#4296 = CARTESIAN_POINT('',(6.533709677419,-4.74,4.795548387097));
#4297 = CARTESIAN_POINT('',(6.512419354839,-4.74,4.817806451613));
#4298 = CARTESIAN_POINT('',(6.491150049358,-4.74,4.840042543706));
#4299 = CARTESIAN_POINT('',(6.479516129032,-4.74,4.865225806452));
#4300 = CARTESIAN_POINT('',(6.479516129032,-4.74,4.928129032258));
#4301 = CARTESIAN_POINT('',(6.490161290323,-4.74,4.952322580645));
#4302 = CARTESIAN_POINT('',(6.511451612903,-4.74,4.968774193548));
#4303 = CARTESIAN_POINT('',(6.532273713642,-4.74,4.984863998665));
#4304 = CARTESIAN_POINT('',(6.570483870968,-4.74,5.004580645161));
#4305 = CARTESIAN_POINT('',(6.623709677419,-4.74,5.029741935484));
#4306 = CARTESIAN_POINT('',(6.703943877418,-4.74,5.067670830029));
#4307 = CARTESIAN_POINT('',(6.767903225806,-4.74,5.107161290323));
#4308 = CARTESIAN_POINT('',(6.815322580645,-4.74,5.148774193548));
#4309 = CARTESIAN_POINT('',(6.863288652751,-4.74,5.19086686907));
#4310 = CARTESIAN_POINT('',(6.906290322581,-4.74,5.236838709677));
#4311 = CARTESIAN_POINT('',(6.979838709677,-4.74,5.339419354839));
#4312 = CARTESIAN_POINT('',(7.004032258065,-4.74,5.37135483871));
#4313 = CARTESIAN_POINT('',(7.01564516129,-4.74,5.382967741935));
#4314 = CARTESIAN_POINT('',(7.026774193548,-4.74,5.394096774194));
#4315 = CARTESIAN_POINT('',(7.047580645161,-4.74,5.40135483871));
#4316 = CARTESIAN_POINT('',(7.113387096774,-4.74,5.40135483871));
#4317 = CARTESIAN_POINT('',(7.141451612903,-4.74,5.387806451613));
#4318 = CARTESIAN_POINT('',(7.162741935484,-4.74,5.360709677419));
#4319 = CARTESIAN_POINT('',(7.184502391371,-4.74,5.333014551745));
#4320 = CARTESIAN_POINT('',(7.193709677419,-4.74,5.295870967742));
#4321 = CARTESIAN_POINT('',(7.193709677419,-4.74,5.248451612903));
#4322 = CARTESIAN_POINT('',(7.193709677419,-4.74,4.869419354839));
#4323 = CARTESIAN_POINT('',(7.193709677419,-4.74,4.490387096774));
#4324 = CARTESIAN_POINT('',(7.193709677419,-4.74,4.11135483871));
#4325 = CARTESIAN_POINT('',(7.193709677419,-4.74,3.977806451613));
#4326 = CARTESIAN_POINT('',(7.149193548387,-4.74,3.912));
#4327 = CARTESIAN_POINT('',(7.018548387097,-4.74,3.912));
#4328 = CARTESIAN_POINT('',(6.986612903226,-4.74,3.925548387097));
#4329 = CARTESIAN_POINT('',(6.961451612903,-4.74,3.95264516129));
#4330 = CARTESIAN_POINT('',(6.936738400354,-4.74,3.97925939019));
#4331 = CARTESIAN_POINT('',(6.92564516129,-4.74,4.019419354839));
#4332 = CARTESIAN_POINT('',(6.92564516129,-4.74,4.07264516129));
#4333 = ORIENTED_EDGE('',*,*,#4334,.F.);
#4334 = EDGE_CURVE('',#4288,#4286,#4335,.T.);
#4335 = B_SPLINE_CURVE_WITH_KNOTS('',3,(#4336,#4337,#4338,#4339),
  .UNSPECIFIED.,.F.,.F.,(4,4),(0.,0.218260596691),
  .PIECEWISE_BEZIER_KNOTS.);
#4336 = CARTESIAN_POINT('',(6.92564516129,-4.74,4.07264516129));
#4337 = CARTESIAN_POINT('',(6.92564516129,-4.74,4.374258064516));
#4338 = CARTESIAN_POINT('',(6.92564516129,-4.74,4.675870967742));
#4339 = CARTESIAN_POINT('',(6.92564516129,-4.74,4.977483870968));
#4340 = B_SPLINE_SURFACE_WITH_KNOTS('',1,1,(
    (#4341,#4342)
    ,(#4343,#4344
    )),.UNSPECIFIED.,.F.,.F.,.F.,(2,2),(2,2),(-0.180219287779,
    1.309135550931),(-0.714193548387,0.),.PIECEWISE_BEZIER_KNOTS.);
#4341 = CARTESIAN_POINT('',(6.479516129032,-4.74,5.40135483871));
#4342 = CARTESIAN_POINT('',(7.193709677419,-4.74,5.40135483871));
#4343 = CARTESIAN_POINT('',(6.479516129032,-4.74,3.912));
#4344 = CARTESIAN_POINT('',(7.193709677419,-4.74,3.912));
#4345 = ADVANCED_FACE('',(#4346),#4360,.T.);
#4346 = FACE_BOUND('',#4347,.T.);
#4347 = EDGE_LOOP('',(#4348,#4349,#4354,#4355));
#4348 = ORIENTED_EDGE('',*,*,#1847,.F.);
#4349 = ORIENTED_EDGE('',*,*,#4350,.F.);
#4350 = EDGE_CURVE('',#4286,#1839,#4351,.T.);
#4351 = B_SPLINE_CURVE_WITH_KNOTS('',1,(#4352,#4353),.UNSPECIFIED.,.F.,
  .F.,(2,2),(0.,1.E-02),.PIECEWISE_BEZIER_KNOTS.);
#4352 = CARTESIAN_POINT('',(6.92564516129,-4.74,4.977483870968));
#4353 = CARTESIAN_POINT('',(6.92564516129,-4.75,4.977483870968));
#4354 = ORIENTED_EDGE('',*,*,#4285,.T.);
#4355 = ORIENTED_EDGE('',*,*,#4356,.T.);
#4356 = EDGE_CURVE('',#4288,#1837,#4357,.T.);
#4357 = B_SPLINE_CURVE_WITH_KNOTS('',1,(#4358,#4359),.UNSPECIFIED.,.F.,
  .F.,(2,2),(0.,1.E-02),.PIECEWISE_BEZIER_KNOTS.);
#4358 = CARTESIAN_POINT('',(6.92564516129,-4.74,4.07264516129));
#4359 = CARTESIAN_POINT('',(6.92564516129,-4.75,4.07264516129));
#4360 = B_SPLINE_SURFACE_WITH_KNOTS('',3,1,(
    (#4361,#4362)
    ,(#4363,#4364)
    ,(#4365,#4366)
    ,(#4367,#4368)
    ,(#4369,#4370)
    ,(#4371,#4372)
    ,(#4373,#4374)
    ,(#4375,#4376)
    ,(#4377,#4378)
    ,(#4379,#4380)
    ,(#4381,#4382)
    ,(#4383,#4384)
    ,(#4385,#4386)
    ,(#4387,#4388)
    ,(#4389,#4390)
    ,(#4391,#4392)
    ,(#4393,#4394)
    ,(#4395,#4396)
    ,(#4397,#4398)
    ,(#4399,#4400)
    ,(#4401,#4402)
    ,(#4403,#4404)
    ,(#4405,#4406)
    ,(#4407,#4408)
    ,(#4409,#4410)
    ,(#4411,#4412
    )),.UNSPECIFIED.,.F.,.F.,.F.,(4,1,1,1,1,1,1,1,1,1,1,1,1,1,1,1,1,1,1,
    1,1,1,1,4),(2,2),(0.218260596691,0.267119309398,0.291548665751,
    0.315978022104,0.340407378458,0.364836734811,0.389266091165,
    0.413695447518,0.438124803871,0.462554160225,0.511412872932,
    0.535842229285,0.560271585639,0.584700941992,0.609130298345,
    0.657989011052,0.706847723759,0.755706436466,0.804565149173,
    0.85342386188,0.877853218233,0.902282574586,0.951141287293,1.),(0.,
    1.),.UNSPECIFIED.);
#4361 = CARTESIAN_POINT('',(6.92564516129,-4.74,4.977483870968));
#4362 = CARTESIAN_POINT('',(6.92564516129,-4.75,4.977483870968));
#4363 = CARTESIAN_POINT('',(6.839228177477,-4.74,4.911429509777));
#4364 = CARTESIAN_POINT('',(6.839228177477,-4.75,4.911429509777));
#4365 = CARTESIAN_POINT('',(6.733026048444,-4.74,4.836187243303));
#4366 = CARTESIAN_POINT('',(6.733026048444,-4.75,4.836187243303));
#4367 = CARTESIAN_POINT('',(6.628484585437,-4.74,4.792692212375));
#4368 = CARTESIAN_POINT('',(6.628484585437,-4.75,4.792692212375));
#4369 = CARTESIAN_POINT('',(6.588179811373,-4.74,4.771951946171));
#4370 = CARTESIAN_POINT('',(6.588179811373,-4.75,4.771951946171));
#4371 = CARTESIAN_POINT('',(6.472214534314,-4.74,4.832768937478));
#4372 = CARTESIAN_POINT('',(6.472214534314,-4.75,4.832768937478));
#4373 = CARTESIAN_POINT('',(6.480684630793,-4.74,4.958540418332));
#4374 = CARTESIAN_POINT('',(6.480684630793,-4.75,4.958540418332));
#4375 = CARTESIAN_POINT('',(6.543767091074,-4.74,4.990463140783));
#4376 = CARTESIAN_POINT('',(6.543767091074,-4.75,4.990463140783));
#4377 = CARTESIAN_POINT('',(6.665107608058,-4.74,5.04843994936));
#4378 = CARTESIAN_POINT('',(6.665107608058,-4.75,5.04843994936));
#4379 = CARTESIAN_POINT('',(6.754897779215,-4.74,5.100752332171));
#4380 = CARTESIAN_POINT('',(6.754897779215,-4.75,5.100752332171));
#4381 = CARTESIAN_POINT('',(6.84317491692,-4.74,5.165541434312));
#4382 = CARTESIAN_POINT('',(6.84317491692,-4.75,5.165541434312));
#4383 = CARTESIAN_POINT('',(6.987949863433,-4.74,5.335582207563));
#4384 = CARTESIAN_POINT('',(6.987949863433,-4.75,5.335582207563));
#4385 = CARTESIAN_POINT('',(7.000049830182,-4.74,5.387364741676));
#4386 = CARTESIAN_POINT('',(7.000049830182,-4.75,5.387364741676));
#4387 = CARTESIAN_POINT('',(7.119967919416,-4.74,5.415495731624));
#4388 = CARTESIAN_POINT('',(7.119967919416,-4.75,5.415495731624));
#4389 = CARTESIAN_POINT('',(7.194861059406,-4.74,5.329238397317));
#4390 = CARTESIAN_POINT('',(7.194861059406,-4.75,5.329238397317));
#4391 = CARTESIAN_POINT('',(7.193046156104,-4.74,5.183436531092));
#4392 = CARTESIAN_POINT('',(7.193046156104,-4.75,5.183436531092));
#4393 = CARTESIAN_POINT('',(7.193924459324,-4.74,5.019912497542));
#4394 = CARTESIAN_POINT('',(7.193924459324,-4.75,5.019912497542));
#4395 = CARTESIAN_POINT('',(7.193689731759,-4.74,4.815781284514));
#4396 = CARTESIAN_POINT('',(7.193689731759,-4.75,4.815781284514));
#4397 = CARTESIAN_POINT('',(7.193574678155,-4.74,4.613294283788));
#4398 = CARTESIAN_POINT('',(7.193574678155,-4.75,4.613294283788));
#4399 = CARTESIAN_POINT('',(7.194269620139,-4.74,4.412132806621));
#4400 = CARTESIAN_POINT('',(7.194269620139,-4.75,4.412132806621));
#4401 = CARTESIAN_POINT('',(7.192049024862,-4.74,4.238709653533));
#4402 = CARTESIAN_POINT('',(7.192049024862,-4.75,4.238709653533));
#4403 = CARTESIAN_POINT('',(7.196586863478,-4.74,4.113200982359));
#4404 = CARTESIAN_POINT('',(7.196586863478,-4.75,4.113200982359));
#4405 = CARTESIAN_POINT('',(7.17783684793,-4.74,3.922350193054));
#4406 = CARTESIAN_POINT('',(7.17783684793,-4.75,3.922350193054));
#4407 = CARTESIAN_POINT('',(7.000128510191,-4.74,3.883831192067));
#4408 = CARTESIAN_POINT('',(7.000128510191,-4.75,3.883831192067));
#4409 = CARTESIAN_POINT('',(6.92564516129,-4.74,3.98854317016));
#4410 = CARTESIAN_POINT('',(6.92564516129,-4.75,3.98854317016));
#4411 = CARTESIAN_POINT('',(6.92564516129,-4.74,4.07264516129));
#4412 = CARTESIAN_POINT('',(6.92564516129,-4.75,4.07264516129));
#4413 = ADVANCED_FACE('',(#4414),#4420,.T.);
#4414 = FACE_BOUND('',#4415,.T.);
#4415 = EDGE_LOOP('',(#4416,#4417,#4418,#4419));
#4416 = ORIENTED_EDGE('',*,*,#1836,.F.);
#4417 = ORIENTED_EDGE('',*,*,#4356,.F.);
#4418 = ORIENTED_EDGE('',*,*,#4334,.T.);
#4419 = ORIENTED_EDGE('',*,*,#4350,.T.);
#4420 = B_SPLINE_SURFACE_WITH_KNOTS('',1,1,(
    (#4421,#4422)
    ,(#4423,#4424
    )),.UNSPECIFIED.,.F.,.F.,.F.,(2,2),(2,2),(-0.904838709677,0.),(
    -1.E-02,0.),.PIECEWISE_BEZIER_KNOTS.);
#4421 = CARTESIAN_POINT('',(6.92564516129,-4.75,4.977483870968));
#4422 = CARTESIAN_POINT('',(6.92564516129,-4.74,4.977483870968));
#4423 = CARTESIAN_POINT('',(6.92564516129,-4.75,4.07264516129));
#4424 = CARTESIAN_POINT('',(6.92564516129,-4.74,4.07264516129));
#4425 = ADVANCED_FACE('',(#4426),#4543,.T.);
#4426 = FACE_BOUND('',#4427,.T.);
#4427 = EDGE_LOOP('',(#4428,#4527,#4536));
#4428 = ORIENTED_EDGE('',*,*,#4429,.F.);
#4429 = EDGE_CURVE('',#4430,#4432,#4434,.T.);
#4430 = VERTEX_POINT('',#4431);
#4431 = CARTESIAN_POINT('',(9.174677419355,-4.74,4.826516129032));
#4432 = VERTEX_POINT('',#4433);
#4433 = CARTESIAN_POINT('',(9.703064516129,-4.74,5.147806451613));
#4434 = B_SPLINE_CURVE_WITH_KNOTS('',3,(#4435,#4436,#4437,#4438,#4439,
    #4440,#4441,#4442,#4443,#4444,#4445,#4446,#4447,#4448,#4449,#4450,
    #4451,#4452,#4453,#4454,#4455,#4456,#4457,#4458,#4459,#4460,#4461,
    #4462,#4463,#4464,#4465,#4466,#4467,#4468,#4469,#4470,#4471,#4472,
    #4473,#4474,#4475,#4476,#4477,#4478,#4479,#4480,#4481,#4482,#4483,
    #4484,#4485,#4486,#4487,#4488,#4489,#4490,#4491,#4492,#4493,#4494,
    #4495,#4496,#4497,#4498,#4499,#4500,#4501,#4502,#4503,#4504,#4505,
    #4506,#4507,#4508,#4509,#4510,#4511,#4512,#4513,#4514,#4515,#4516,
    #4517,#4518,#4519,#4520,#4521,#4522,#4523,#4524,#4525,#4526),
  .UNSPECIFIED.,.F.,.F.,(4,2,2,3,3,2,3,3,2,3,3,2,3,2,3,3,2,3,3,2,2,2,3,3
    ,3,2,2,2,3,3,3,3,3,2,3,4),(0.110521856133,0.144463588936,
    0.171368621036,0.198273653137,0.223242393385,0.249369739926,
    0.287408082683,0.324406615404,0.363210166273,0.406246831783,
    0.436791426591,0.457584337466,0.469871057528,0.48302226507,
    0.505737987189,0.530322839388,0.55208100172,0.572312275468,
    0.59222171355,0.611800218962,0.6329835199,0.654166820838,
    0.675350121776,0.692807744079,0.710639480953,0.726954509325,
    0.744322120174,0.761689731023,0.763370467556,0.830214390908,
    0.84912069723,0.867338013422,0.939862960436,0.970280039364,
    0.98379874111,1.),.UNSPECIFIED.);
#4435 = CARTESIAN_POINT('',(9.174677419355,-4.74,4.826516129032));
#4436 = CARTESIAN_POINT('',(9.268548387097,-4.74,4.876838709677));
#4437 = CARTESIAN_POINT('',(9.35564516129,-4.74,4.902));
#4438 = CARTESIAN_POINT('',(9.497903225806,-4.74,4.902));
#4439 = CARTESIAN_POINT('',(9.557903225806,-4.74,4.890387096774));
#4440 = CARTESIAN_POINT('',(9.668225806452,-4.74,4.842));
#4441 = CARTESIAN_POINT('',(9.716612903226,-4.74,4.809096774194));
#4442 = CARTESIAN_POINT('',(9.758225806452,-4.74,4.767483870968));
#4443 = CARTESIAN_POINT('',(9.799838709677,-4.74,4.725870967742));
#4444 = CARTESIAN_POINT('',(9.831774193548,-4.74,4.675548387097));
#4445 = CARTESIAN_POINT('',(9.855967741935,-4.74,4.617483870968));
#4446 = CARTESIAN_POINT('',(9.880018133232,-4.74,4.559762931857));
#4447 = CARTESIAN_POINT('',(9.890806451613,-4.74,4.497483870968));
#4448 = CARTESIAN_POINT('',(9.890806451613,-4.74,4.335870967742));
#4449 = CARTESIAN_POINT('',(9.869516129032,-4.74,4.247806451613));
#4450 = CARTESIAN_POINT('',(9.826935483871,-4.74,4.169419354839));
#4451 = CARTESIAN_POINT('',(9.783948926946,-4.74,4.090285011408));
#4452 = CARTESIAN_POINT('',(9.722419354839,-4.74,4.027161290323));
#4453 = CARTESIAN_POINT('',(9.642096774194,-4.74,3.981677419355));
#4454 = CARTESIAN_POINT('',(9.560626475865,-4.74,3.935543635964));
#4455 = CARTESIAN_POINT('',(9.467903225806,-4.74,3.912));
#4456 = CARTESIAN_POINT('',(9.243387096774,-4.74,3.912));
#4457 = CARTESIAN_POINT('',(9.147580645161,-4.74,3.933290322581));
#4458 = CARTESIAN_POINT('',(9.074032258065,-4.74,3.976838709677));
#4459 = CARTESIAN_POINT('',(8.999767337521,-4.74,4.020811359999));
#4460 = CARTESIAN_POINT('',(8.947258064516,-4.74,4.070709677419));
#4461 = CARTESIAN_POINT('',(8.917258064516,-4.74,4.127806451613));
#4462 = CARTESIAN_POINT('',(8.887447168523,-4.74,4.18454331818));
#4463 = CARTESIAN_POINT('',(8.870806451613,-4.74,4.233290322581));
#4464 = CARTESIAN_POINT('',(8.870806451613,-4.74,4.301032258065));
#4465 = CARTESIAN_POINT('',(8.881451612903,-4.74,4.326193548387));
#4466 = CARTESIAN_POINT('',(8.902741935484,-4.74,4.349419354839));
#4467 = CARTESIAN_POINT('',(8.924474132684,-4.74,4.37312720633));
#4468 = CARTESIAN_POINT('',(8.952096774194,-4.74,4.384258064516));
#4469 = CARTESIAN_POINT('',(9.039193548387,-4.74,4.384258064516));
#4470 = CARTESIAN_POINT('',(9.080806451613,-4.74,4.35135483871));
#4471 = CARTESIAN_POINT('',(9.107903225806,-4.74,4.287483870968));
#4472 = CARTESIAN_POINT('',(9.133460650182,-4.74,4.227241370654));
#4473 = CARTESIAN_POINT('',(9.169838709677,-4.74,4.182));
#4474 = CARTESIAN_POINT('',(9.215322580645,-4.74,4.149096774194));
#4475 = CARTESIAN_POINT('',(9.260171164262,-4.74,4.11665311796));
#4476 = CARTESIAN_POINT('',(9.310161290323,-4.74,4.099741935484));
#4477 = CARTESIAN_POINT('',(9.416612903226,-4.74,4.099741935484));
#4478 = CARTESIAN_POINT('',(9.461129032258,-4.74,4.113290322581));
#4479 = CARTESIAN_POINT('',(9.499838709677,-4.74,4.139419354839));
#4480 = CARTESIAN_POINT('',(9.538997146775,-4.74,4.16585129988));
#4481 = CARTESIAN_POINT('',(9.567580645161,-4.74,4.202322580645));
#4482 = CARTESIAN_POINT('',(9.588870967742,-4.74,4.249741935484));
#4483 = CARTESIAN_POINT('',(9.609637334377,-4.74,4.295994297535));
#4484 = CARTESIAN_POINT('',(9.619838709677,-4.74,4.348451612903));
#4485 = CARTESIAN_POINT('',(9.619838709677,-4.74,4.47135483871));
#4486 = CARTESIAN_POINT('',(9.608225806452,-4.74,4.525548387097));
#4487 = CARTESIAN_POINT('',(9.563709677419,-4.74,4.616516129032));
#4488 = CARTESIAN_POINT('',(9.533709677419,-4.74,4.650387096774));
#4489 = CARTESIAN_POINT('',(9.458225806452,-4.74,4.694903225806));
#4490 = CARTESIAN_POINT('',(9.41564516129,-4.74,4.705548387097));
#4491 = CARTESIAN_POINT('',(9.370161290323,-4.74,4.706516129032));
#4492 = CARTESIAN_POINT('',(9.313110932711,-4.74,4.707729966428));
#4493 = CARTESIAN_POINT('',(9.272419354839,-4.74,4.698774193548));
#4494 = CARTESIAN_POINT('',(9.247258064516,-4.74,4.685225806452));
#4495 = CARTESIAN_POINT('',(9.222443030482,-4.74,4.671863865049));
#4496 = CARTESIAN_POINT('',(9.188225806452,-4.74,4.646516129032));
#4497 = CARTESIAN_POINT('',(9.141774193548,-4.74,4.611677419355));
#4498 = CARTESIAN_POINT('',(9.095941935484,-4.74,4.577303225806));
#4499 = CARTESIAN_POINT('',(9.058548387097,-4.74,4.560387096774));
#4500 = CARTESIAN_POINT('',(8.996612903226,-4.74,4.560387096774));
#4501 = CARTESIAN_POINT('',(8.967580645161,-4.74,4.572));
#4502 = CARTESIAN_POINT('',(8.917258064516,-4.74,4.618451612903));
#4503 = CARTESIAN_POINT('',(8.904677419355,-4.74,4.645548387097));
#4504 = CARTESIAN_POINT('',(8.904677419355,-4.74,4.678451612903));
#4505 = CARTESIAN_POINT('',(8.908548387097,-4.74,4.700709677419));
#4506 = CARTESIAN_POINT('',(8.915322580645,-4.74,4.742322580645));
#4507 = CARTESIAN_POINT('',(8.941157075359,-4.74,4.901020191033));
#4508 = CARTESIAN_POINT('',(8.970806451613,-4.74,5.059096774194));
#4509 = CARTESIAN_POINT('',(8.998548387097,-4.74,5.217483870968));
#4510 = CARTESIAN_POINT('',(9.008539422809,-4.74,5.274525714394));
#4511 = CARTESIAN_POINT('',(9.02564516129,-4.74,5.316193548387));
#4512 = CARTESIAN_POINT('',(9.050806451613,-4.74,5.34135483871));
#4513 = CARTESIAN_POINT('',(9.075967741935,-4.74,5.366516129032));
#4514 = CARTESIAN_POINT('',(9.116612903226,-4.74,5.380064516129));
#4515 = CARTESIAN_POINT('',(9.172741935484,-4.74,5.380064516129));
#4516 = CARTESIAN_POINT('',(9.347258064516,-4.74,5.380064516129));
#4517 = CARTESIAN_POINT('',(9.521774193548,-4.74,5.380064516129));
#4518 = CARTESIAN_POINT('',(9.696290322581,-4.74,5.380064516129));
#4519 = CARTESIAN_POINT('',(9.799838709677,-4.74,5.380064516129));
#4520 = CARTESIAN_POINT('',(9.851129032258,-4.74,5.34135483871));
#4521 = CARTESIAN_POINT('',(9.851129032258,-4.74,5.228129032258));
#4522 = CARTESIAN_POINT('',(9.838548387097,-4.74,5.200064516129));
#4523 = CARTESIAN_POINT('',(9.813387096774,-4.74,5.178774193548));
#4524 = CARTESIAN_POINT('',(9.788703003337,-4.74,5.157887652948));
#4525 = CARTESIAN_POINT('',(9.751451612903,-4.74,5.147806451613));
#4526 = CARTESIAN_POINT('',(9.703064516129,-4.74,5.147806451613));
#4527 = ORIENTED_EDGE('',*,*,#4528,.F.);
#4528 = EDGE_CURVE('',#4529,#4430,#4531,.T.);
#4529 = VERTEX_POINT('',#4530);
#4530 = CARTESIAN_POINT('',(9.231774193548,-4.74,5.147806451613));
#4531 = B_SPLINE_CURVE_WITH_KNOTS('',3,(#4532,#4533,#4534,#4535),
  .UNSPECIFIED.,.F.,.F.,(4,4),(6.530457608591E-02,0.110521856133),
  .PIECEWISE_BEZIER_KNOTS.);
#4532 = CARTESIAN_POINT('',(9.231774193548,-4.74,5.147806451613));
#4533 = CARTESIAN_POINT('',(9.212741935484,-4.74,5.040709677419));
#4534 = CARTESIAN_POINT('',(9.193709677419,-4.74,4.933612903226));
#4535 = CARTESIAN_POINT('',(9.174677419355,-4.74,4.826516129032));
#4536 = ORIENTED_EDGE('',*,*,#4537,.F.);
#4537 = EDGE_CURVE('',#4432,#4529,#4538,.T.);
#4538 = B_SPLINE_CURVE_WITH_KNOTS('',3,(#4539,#4540,#4541,#4542),
  .UNSPECIFIED.,.F.,.F.,(4,4),(0.,6.530457608591E-02),
  .PIECEWISE_BEZIER_KNOTS.);
#4539 = CARTESIAN_POINT('',(9.703064516129,-4.74,5.147806451613));
#4540 = CARTESIAN_POINT('',(9.545967741935,-4.74,5.147806451613));
#4541 = CARTESIAN_POINT('',(9.388870967742,-4.74,5.147806451613));
#4542 = CARTESIAN_POINT('',(9.231774193548,-4.74,5.147806451613));
#4543 = B_SPLINE_SURFACE_WITH_KNOTS('',1,1,(
    (#4544,#4545)
    ,(#4546,#4547
    )),.UNSPECIFIED.,.F.,.F.,.F.,(2,2),(2,2),(-1.279322193301,
    0.188742322828),(-0.518203060872,0.501796939128),
  .PIECEWISE_BEZIER_KNOTS.);
#4544 = CARTESIAN_POINT('',(8.870806451613,-4.74,5.380064516129));
#4545 = CARTESIAN_POINT('',(9.890806451613,-4.74,5.380064516129));
#4546 = CARTESIAN_POINT('',(8.870806451613,-4.74,3.912));
#4547 = CARTESIAN_POINT('',(9.890806451613,-4.74,3.912));
#4548 = ADVANCED_FACE('',(#4549),#4563,.T.);
#4549 = FACE_BOUND('',#4550,.T.);
#4550 = EDGE_LOOP('',(#4551,#4552,#4557,#4558));
#4551 = ORIENTED_EDGE('',*,*,#1905,.F.);
#4552 = ORIENTED_EDGE('',*,*,#4553,.F.);
#4553 = EDGE_CURVE('',#4430,#1897,#4554,.T.);
#4554 = B_SPLINE_CURVE_WITH_KNOTS('',1,(#4555,#4556),.UNSPECIFIED.,.F.,
  .F.,(2,2),(0.,1.E-02),.PIECEWISE_BEZIER_KNOTS.);
#4555 = CARTESIAN_POINT('',(9.174677419355,-4.74,4.826516129032));
#4556 = CARTESIAN_POINT('',(9.174677419355,-4.75,4.826516129032));
#4557 = ORIENTED_EDGE('',*,*,#4429,.T.);
#4558 = ORIENTED_EDGE('',*,*,#4559,.T.);
#4559 = EDGE_CURVE('',#4432,#1906,#4560,.T.);
#4560 = B_SPLINE_CURVE_WITH_KNOTS('',1,(#4561,#4562),.UNSPECIFIED.,.F.,
  .F.,(2,2),(0.,1.E-02),.PIECEWISE_BEZIER_KNOTS.);
#4561 = CARTESIAN_POINT('',(9.703064516129,-4.74,5.147806451613));
#4562 = CARTESIAN_POINT('',(9.703064516129,-4.75,5.147806451613));
#4563 = B_SPLINE_SURFACE_WITH_KNOTS('',3,1,(
    (#4564,#4565)
    ,(#4566,#4567)
    ,(#4568,#4569)
    ,(#4570,#4571)
    ,(#4572,#4573)
    ,(#4574,#4575)
    ,(#4576,#4577)
    ,(#4578,#4579)
    ,(#4580,#4581)
    ,(#4582,#4583)
    ,(#4584,#4585)
    ,(#4586,#4587)
    ,(#4588,#4589)
    ,(#4590,#4591)
    ,(#4592,#4593)
    ,(#4594,#4595)
    ,(#4596,#4597)
    ,(#4598,#4599)
    ,(#4600,#4601)
    ,(#4602,#4603)
    ,(#4604,#4605)
    ,(#4606,#4607)
    ,(#4608,#4609)
    ,(#4610,#4611)
    ,(#4612,#4613)
    ,(#4614,#4615)
    ,(#4616,#4617)
    ,(#4618,#4619)
    ,(#4620,#4621)
    ,(#4622,#4623)
    ,(#4624,#4625)
    ,(#4626,#4627)
    ,(#4628,#4629)
    ,(#4630,#4631)
    ,(#4632,#4633)
    ,(#4634,#4635)
    ,(#4636,#4637)
    ,(#4638,#4639)
    ,(#4640,#4641)
    ,(#4642,#4643)
    ,(#4644,#4645)
    ,(#4646,#4647)
    ,(#4648,#4649)
    ,(#4650,#4651)
    ,(#4652,#4653)
    ,(#4654,#4655)
    ,(#4656,#4657)
    ,(#4658,#4659)
    ,(#4660,#4661)
    ,(#4662,#4663
    )),.UNSPECIFIED.,.F.,.F.,.F.,(4,1,1,1,1,1,1,1,1,1,1,1,1,1,1,1,1,1,1,
    1,1,1,1,1,1,1,1,1,1,1,1,1,1,1,1,1,1,1,1,1,1,1,1,1,1,1,1,4),(2,2),(
    0.110521856133,0.166114240125,0.221706624116,0.277299008108,
    0.3328913921,0.360687584095,0.388483776091,0.402381872089,
    0.416279968087,0.444076160083,0.457974256081,0.471872352079,
    0.485770448077,0.499668544075,0.513566640073,0.527464736071,
    0.555260928066,0.583057120062,0.610853312058,0.638649504054,
    0.66644569605,0.680343792048,0.694241888046,0.708139984044,
    0.722038080042,0.735936176039,0.749834272037,0.756783320036,
    0.760257844036,0.761995106036,0.763732368035,0.765469630035,
    0.767206892035,0.770681416034,0.777630464033,0.791528560031,
    0.805426656029,0.833222848025,0.861019040021,0.874917136019,
    0.888815232017,0.916611424012,0.93050952001,0.944407616008,
    0.958305712006,0.972203808004,0.986101904002,1.),(0.,1.),
  .UNSPECIFIED.);
#4564 = CARTESIAN_POINT('',(9.174677419355,-4.74,4.826516129032));
#4565 = CARTESIAN_POINT('',(9.174677419355,-4.75,4.826516129032));
#4566 = CARTESIAN_POINT('',(9.32842651975,-4.74,4.908938327182));
#4567 = CARTESIAN_POINT('',(9.32842651975,-4.75,4.908938327182));
#4568 = CARTESIAN_POINT('',(9.596235086956,-4.74,4.92941752111));
#4569 = CARTESIAN_POINT('',(9.596235086956,-4.75,4.92941752111));
#4570 = CARTESIAN_POINT('',(9.901781517097,-4.74,4.657246170057));
#4571 = CARTESIAN_POINT('',(9.901781517097,-4.75,4.657246170057));
#4572 = CARTESIAN_POINT('',(9.905129785223,-4.74,4.210257912372));
#4573 = CARTESIAN_POINT('',(9.905129785223,-4.75,4.210257912372));
#4574 = CARTESIAN_POINT('',(9.664136528395,-4.74,3.956128243305));
#4575 = CARTESIAN_POINT('',(9.664136528395,-4.75,3.956128243305));
#4576 = CARTESIAN_POINT('',(9.384570217408,-4.74,3.900912050927));
#4577 = CARTESIAN_POINT('',(9.384570217408,-4.75,3.900912050927));
#4578 = CARTESIAN_POINT('',(9.197186155143,-4.74,3.923332859929));
#4579 = CARTESIAN_POINT('',(9.197186155143,-4.75,3.923332859929));
#4580 = CARTESIAN_POINT('',(9.097582685439,-4.74,3.960488259698));
#4581 = CARTESIAN_POINT('',(9.097582685439,-4.75,3.960488259698));
#4582 = CARTESIAN_POINT('',(8.972406590725,-4.74,4.038888034244));
#4583 = CARTESIAN_POINT('',(8.972406590725,-4.75,4.038888034244));
#4584 = CARTESIAN_POINT('',(8.897844950507,-4.74,4.15143433393));
#4585 = CARTESIAN_POINT('',(8.897844950507,-4.75,4.15143433393));
#4586 = CARTESIAN_POINT('',(8.858443119636,-4.74,4.278994518756));
#4587 = CARTESIAN_POINT('',(8.858443119636,-4.75,4.278994518756));
#4588 = CARTESIAN_POINT('',(8.903264713218,-4.74,4.370295847569));
#4589 = CARTESIAN_POINT('',(8.903264713218,-4.75,4.370295847569));
#4590 = CARTESIAN_POINT('',(9.00689965359,-4.74,4.396065948155));
#4591 = CARTESIAN_POINT('',(9.00689965359,-4.75,4.396065948155));
#4592 = CARTESIAN_POINT('',(9.089873473342,-4.74,4.34234070598));
#4593 = CARTESIAN_POINT('',(9.089873473342,-4.75,4.34234070598));
#4594 = CARTESIAN_POINT('',(9.132162343238,-4.74,4.226641901313));
#4595 = CARTESIAN_POINT('',(9.132162343238,-4.75,4.226641901313));
#4596 = CARTESIAN_POINT('',(9.215685223927,-4.74,4.134533273276));
#4597 = CARTESIAN_POINT('',(9.215685223927,-4.75,4.134533273276));
#4598 = CARTESIAN_POINT('',(9.395491366874,-4.74,4.072141119419));
#4599 = CARTESIAN_POINT('',(9.395491366874,-4.75,4.072141119419));
#4600 = CARTESIAN_POINT('',(9.572367612077,-4.74,4.168877755243));
#4601 = CARTESIAN_POINT('',(9.572367612077,-4.75,4.168877755243));
#4602 = CARTESIAN_POINT('',(9.642123062962,-4.74,4.399123353362));
#4603 = CARTESIAN_POINT('',(9.642123062962,-4.75,4.399123353362));
#4604 = CARTESIAN_POINT('',(9.577742624024,-4.74,4.628417335003));
#4605 = CARTESIAN_POINT('',(9.577742624024,-4.75,4.628417335003));
#4606 = CARTESIAN_POINT('',(9.467607865922,-4.74,4.70259440106));
#4607 = CARTESIAN_POINT('',(9.467607865922,-4.75,4.70259440106));
#4608 = CARTESIAN_POINT('',(9.320265839544,-4.74,4.709713031404));
#4609 = CARTESIAN_POINT('',(9.320265839544,-4.75,4.709713031404));
#4610 = CARTESIAN_POINT('',(9.239367066956,-4.74,4.687925841368));
#4611 = CARTESIAN_POINT('',(9.239367066956,-4.75,4.687925841368));
#4612 = CARTESIAN_POINT('',(9.168786579142,-4.74,4.629206932109));
#4613 = CARTESIAN_POINT('',(9.168786579142,-4.75,4.629206932109));
#4614 = CARTESIAN_POINT('',(9.049052974352,-4.74,4.549814049211));
#4615 = CARTESIAN_POINT('',(9.049052974352,-4.75,4.549814049211));
#4616 = CARTESIAN_POINT('',(8.981274063013,-4.74,4.561598575629));
#4617 = CARTESIAN_POINT('',(8.981274063013,-4.75,4.561598575629));
#4618 = CARTESIAN_POINT('',(8.92574755351,-4.74,4.611948730896));
#4619 = CARTESIAN_POINT('',(8.92574755351,-4.75,4.611948730896));
#4620 = CARTESIAN_POINT('',(8.906886016858,-4.74,4.63790181272));
#4621 = CARTESIAN_POINT('',(8.906886016858,-4.75,4.63790181272));
#4622 = CARTESIAN_POINT('',(8.906637563822,-4.74,4.675108674239));
#4623 = CARTESIAN_POINT('',(8.906637563822,-4.75,4.675108674239));
#4624 = CARTESIAN_POINT('',(8.901491268477,-4.74,4.659661940502));
#4625 = CARTESIAN_POINT('',(8.901491268477,-4.75,4.659661940502));
#4626 = CARTESIAN_POINT('',(8.919013794675,-4.74,4.764391245174));
#4627 = CARTESIAN_POINT('',(8.919013794675,-4.75,4.764391245174));
#4628 = CARTESIAN_POINT('',(8.916908719282,-4.74,4.752173954985));
#4629 = CARTESIAN_POINT('',(8.916908719282,-4.75,4.752173954985));
#4630 = CARTESIAN_POINT('',(8.920973036931,-4.74,4.776668292839));
#4631 = CARTESIAN_POINT('',(8.920973036931,-4.75,4.776668292839));
#4632 = CARTESIAN_POINT('',(8.924945195237,-4.74,4.800563490547));
#4633 = CARTESIAN_POINT('',(8.924945195237,-4.75,4.800563490547));
#4634 = CARTESIAN_POINT('',(8.935378619848,-4.74,4.861733449221));
#4635 = CARTESIAN_POINT('',(8.935378619848,-4.75,4.861733449221));
#4636 = CARTESIAN_POINT('',(8.949147512327,-4.74,4.942469581661));
#4637 = CARTESIAN_POINT('',(8.949147512327,-4.75,4.942469581661));
#4638 = CARTESIAN_POINT('',(8.974590876364,-4.74,5.072821547911));
#4639 = CARTESIAN_POINT('',(8.974590876364,-4.75,5.072821547911));
#4640 = CARTESIAN_POINT('',(8.990804466576,-4.74,5.252663966232));
#4641 = CARTESIAN_POINT('',(8.990804466576,-4.75,5.252663966232));
#4642 = CARTESIAN_POINT('',(9.072306126287,-4.74,5.386895249998));
#4643 = CARTESIAN_POINT('',(9.072306126287,-4.75,5.386895249998));
#4644 = CARTESIAN_POINT('',(9.231457099402,-4.74,5.378820810276));
#4645 = CARTESIAN_POINT('',(9.231457099402,-4.75,5.378820810276));
#4646 = CARTESIAN_POINT('',(9.358588553373,-4.74,5.380696017377));
#4647 = CARTESIAN_POINT('',(9.358588553373,-4.75,5.380696017377));
#4648 = CARTESIAN_POINT('',(9.497450734425,-4.74,5.380618830808));
#4649 = CARTESIAN_POINT('',(9.497450734425,-4.75,5.380618830808));
#4650 = CARTESIAN_POINT('',(9.625135373591,-4.74,5.37893659013));
#4651 = CARTESIAN_POINT('',(9.625135373591,-4.75,5.37893659013));
#4652 = CARTESIAN_POINT('',(9.742700751543,-4.74,5.384442465617));
#4653 = CARTESIAN_POINT('',(9.742700751543,-4.75,5.384442465617));
#4654 = CARTESIAN_POINT('',(9.839307606118,-4.74,5.348106671854));
#4655 = CARTESIAN_POINT('',(9.839307606118,-4.75,5.348106671854));
#4656 = CARTESIAN_POINT('',(9.863410002021,-4.74,5.246065314));
#4657 = CARTESIAN_POINT('',(9.863410002021,-4.75,5.246065314));
#4658 = CARTESIAN_POINT('',(9.809240821405,-4.74,5.158669245296));
#4659 = CARTESIAN_POINT('',(9.809240821405,-4.75,5.158669245296));
#4660 = CARTESIAN_POINT('',(9.744572927334,-4.74,5.147806451613));
#4661 = CARTESIAN_POINT('',(9.744572927334,-4.75,5.147806451613));
#4662 = CARTESIAN_POINT('',(9.703064516129,-4.74,5.147806451613));
#4663 = CARTESIAN_POINT('',(9.703064516129,-4.75,5.147806451613));
#4664 = ADVANCED_FACE('',(#4665),#4675,.T.);
#4665 = FACE_BOUND('',#4666,.T.);
#4666 = EDGE_LOOP('',(#4667,#4668,#4669,#4670));
#4667 = ORIENTED_EDGE('',*,*,#2002,.F.);
#4668 = ORIENTED_EDGE('',*,*,#4559,.F.);
#4669 = ORIENTED_EDGE('',*,*,#4537,.T.);
#4670 = ORIENTED_EDGE('',*,*,#4671,.T.);
#4671 = EDGE_CURVE('',#4529,#1895,#4672,.T.);
#4672 = B_SPLINE_CURVE_WITH_KNOTS('',1,(#4673,#4674),.UNSPECIFIED.,.F.,
  .F.,(2,2),(0.,1.E-02),.PIECEWISE_BEZIER_KNOTS.);
#4673 = CARTESIAN_POINT('',(9.231774193548,-4.74,5.147806451613));
#4674 = CARTESIAN_POINT('',(9.231774193548,-4.75,5.147806451613));
#4675 = B_SPLINE_SURFACE_WITH_KNOTS('',1,1,(
    (#4676,#4677)
    ,(#4678,#4679
    )),.UNSPECIFIED.,.F.,.F.,.F.,(2,2),(2,2),(-0.471290322581,0.),(
    -1.E-02,0.),.PIECEWISE_BEZIER_KNOTS.);
#4676 = CARTESIAN_POINT('',(9.231774193548,-4.75,5.147806451613));
#4677 = CARTESIAN_POINT('',(9.231774193548,-4.74,5.147806451613));
#4678 = CARTESIAN_POINT('',(9.703064516129,-4.75,5.147806451613));
#4679 = CARTESIAN_POINT('',(9.703064516129,-4.74,5.147806451613));
#4680 = ADVANCED_FACE('',(#4681),#4687,.T.);
#4681 = FACE_BOUND('',#4682,.T.);
#4682 = EDGE_LOOP('',(#4683,#4684,#4685,#4686));
#4683 = ORIENTED_EDGE('',*,*,#1894,.F.);
#4684 = ORIENTED_EDGE('',*,*,#4671,.F.);
#4685 = ORIENTED_EDGE('',*,*,#4528,.T.);
#4686 = ORIENTED_EDGE('',*,*,#4553,.T.);
#4687 = B_SPLINE_SURFACE_WITH_KNOTS('',1,1,(
    (#4688,#4689)
    ,(#4690,#4691
    )),.UNSPECIFIED.,.F.,.F.,.F.,(2,2),(2,2),(-0.326324245203,0.),(
    -1.E-02,0.),.PIECEWISE_BEZIER_KNOTS.);
#4688 = CARTESIAN_POINT('',(9.174677419355,-4.75,4.826516129032));
#4689 = CARTESIAN_POINT('',(9.174677419355,-4.74,4.826516129032));
#4690 = CARTESIAN_POINT('',(9.231774193548,-4.75,5.147806451613));
#4691 = CARTESIAN_POINT('',(9.231774193548,-4.74,5.147806451613));
#4692 = ADVANCED_FACE('',(#4693,#4716),#4810,.T.);
#4693 = FACE_BOUND('',#4694,.T.);
#4694 = EDGE_LOOP('',(#4695,#4704,#4711));
#4695 = ORIENTED_EDGE('',*,*,#4696,.F.);
#4696 = EDGE_CURVE('',#4697,#4699,#4701,.T.);
#4697 = VERTEX_POINT('',#4698);
#4698 = CARTESIAN_POINT('',(11.886290322581,-4.74,4.47135483871));
#4699 = VERTEX_POINT('',#4700);
#4700 = CARTESIAN_POINT('',(11.886290322581,-4.74,5.048129032258));
#4701 = B_SPLINE_CURVE_WITH_KNOTS('',1,(#4702,#4703),.UNSPECIFIED.,.F.,
  .F.,(2,2),(0.247973541939,0.58310331744),.PIECEWISE_BEZIER_KNOTS.);
#4702 = CARTESIAN_POINT('',(11.886290322581,-4.74,4.47135483871));
#4703 = CARTESIAN_POINT('',(11.886290322581,-4.74,5.048129032258));
#4704 = ORIENTED_EDGE('',*,*,#4705,.F.);
#4705 = EDGE_CURVE('',#4706,#4697,#4708,.T.);
#4706 = VERTEX_POINT('',#4707);
#4707 = CARTESIAN_POINT('',(11.459516129032,-4.74,4.47135483871));
#4708 = B_SPLINE_CURVE_WITH_KNOTS('',1,(#4709,#4710),.UNSPECIFIED.,.F.,
  .F.,(2,2),(0.,0.247973541939),.PIECEWISE_BEZIER_KNOTS.);
#4709 = CARTESIAN_POINT('',(11.459516129032,-4.74,4.47135483871));
#4710 = CARTESIAN_POINT('',(11.886290322581,-4.74,4.47135483871));
#4711 = ORIENTED_EDGE('',*,*,#4712,.F.);
#4712 = EDGE_CURVE('',#4699,#4706,#4713,.T.);
#4713 = B_SPLINE_CURVE_WITH_KNOTS('',1,(#4714,#4715),.UNSPECIFIED.,.F.,
  .F.,(2,2),(0.58310331744,1.),.PIECEWISE_BEZIER_KNOTS.);
#4714 = CARTESIAN_POINT('',(11.886290322581,-4.74,5.048129032258));
#4715 = CARTESIAN_POINT('',(11.459516129032,-4.74,4.47135483871));
#4716 = FACE_BOUND('',#4717,.T.);
#4717 = EDGE_LOOP('',(#4718,#4740,#4762,#4803));
#4718 = ORIENTED_EDGE('',*,*,#4719,.F.);
#4719 = EDGE_CURVE('',#4720,#4722,#4724,.T.);
#4720 = VERTEX_POINT('',#4721);
#4721 = CARTESIAN_POINT('',(12.134032258065,-4.74,4.248774193548));
#4722 = VERTEX_POINT('',#4723);
#4723 = CARTESIAN_POINT('',(11.886290322581,-4.74,4.062967741935));
#4724 = B_SPLINE_CURVE_WITH_KNOTS('',3,(#4725,#4726,#4727,#4728,#4729,
    #4730,#4731,#4732,#4733,#4734,#4735,#4736,#4737,#4738,#4739),
  .UNSPECIFIED.,.F.,.F.,(4,3,3,2,3,4),(0.859159845589,0.900731371917,
    0.927968392554,0.950743702044,0.972935029239,1.),.UNSPECIFIED.);
#4725 = CARTESIAN_POINT('',(12.134032258065,-4.74,4.248774193548));
#4726 = CARTESIAN_POINT('',(12.134032258065,-4.74,4.186838709677));
#4727 = CARTESIAN_POINT('',(12.134032258065,-4.74,4.124903225806));
#4728 = CARTESIAN_POINT('',(12.134032258065,-4.74,4.062967741935));
#4729 = CARTESIAN_POINT('',(12.134032258065,-4.74,4.011677419355));
#4730 = CARTESIAN_POINT('',(12.122419354839,-4.74,3.973935483871));
#4731 = CARTESIAN_POINT('',(12.100161290323,-4.74,3.948774193548));
#4732 = CARTESIAN_POINT('',(12.0783834828,-4.74,3.924155802436));
#4733 = CARTESIAN_POINT('',(12.047903225806,-4.74,3.912));
#4734 = CARTESIAN_POINT('',(11.973387096774,-4.74,3.912));
#4735 = CARTESIAN_POINT('',(11.943387096774,-4.74,3.924580645161));
#4736 = CARTESIAN_POINT('',(11.920161290323,-4.74,3.949741935484));
#4737 = CARTESIAN_POINT('',(11.896453158817,-4.74,3.975425744615));
#4738 = CARTESIAN_POINT('',(11.886290322581,-4.74,4.013612903226));
#4739 = CARTESIAN_POINT('',(11.886290322581,-4.74,4.062967741935));
#4740 = ORIENTED_EDGE('',*,*,#4741,.F.);
#4741 = EDGE_CURVE('',#4742,#4720,#4744,.T.);
#4742 = VERTEX_POINT('',#4743);
#4743 = CARTESIAN_POINT('',(12.134032258065,-4.74,4.47135483871));
#4744 = B_SPLINE_CURVE_WITH_KNOTS('',3,(#4745,#4746,#4747,#4748,#4749,
    #4750,#4751,#4752,#4753,#4754,#4755,#4756,#4757,#4758,#4759,#4760,
    #4761),.UNSPECIFIED.,.F.,.F.,(4,3,3,2,2,3,4),(0.736014104087,
    0.745540912204,0.773641177751,0.800672166131,0.823197989781,
    0.845723813431,0.859159845589),.UNSPECIFIED.);
#4745 = CARTESIAN_POINT('',(12.134032258065,-4.74,4.47135483871));
#4746 = CARTESIAN_POINT('',(12.148225806452,-4.74,4.47135483871));
#4747 = CARTESIAN_POINT('',(12.162419354839,-4.74,4.47135483871));
#4748 = CARTESIAN_POINT('',(12.176612903226,-4.74,4.47135483871));
#4749 = CARTESIAN_POINT('',(12.227903225806,-4.74,4.47135483871));
#4750 = CARTESIAN_POINT('',(12.268548387097,-4.74,4.463612903226));
#4751 = CARTESIAN_POINT('',(12.299516129032,-4.74,4.450064516129));
#4752 = CARTESIAN_POINT('',(12.330026969857,-4.74,4.436716023268));
#4753 = CARTESIAN_POINT('',(12.345,-4.74,4.405548387097));
#4754 = CARTESIAN_POINT('',(12.345,-4.74,4.320387096774));
#4755 = CARTESIAN_POINT('',(12.332419354839,-4.74,4.292322580645));
#4756 = CARTESIAN_POINT('',(12.282096774194,-4.74,4.257483870968));
#4757 = CARTESIAN_POINT('',(12.24435483871,-4.74,4.248774193548));
#4758 = CARTESIAN_POINT('',(12.194032258065,-4.74,4.248774193548));
#4759 = CARTESIAN_POINT('',(12.174032258065,-4.74,4.248774193548));
#4760 = CARTESIAN_POINT('',(12.154032258065,-4.74,4.248774193548));
#4761 = CARTESIAN_POINT('',(12.134032258065,-4.74,4.248774193548));
#4762 = ORIENTED_EDGE('',*,*,#4763,.F.);
#4763 = EDGE_CURVE('',#4764,#4742,#4766,.T.);
#4764 = VERTEX_POINT('',#4765);
#4765 = CARTESIAN_POINT('',(11.886290322581,-4.74,4.248774193548));
#4766 = B_SPLINE_CURVE_WITH_KNOTS('',3,(#4767,#4768,#4769,#4770,#4771,
    #4772,#4773,#4774,#4775,#4776,#4777,#4778,#4779,#4780,#4781,#4782,
    #4783,#4784,#4785,#4786,#4787,#4788,#4789,#4790,#4791,#4792,#4793,
    #4794,#4795,#4796,#4797,#4798,#4799,#4800,#4801,#4802),
  .UNSPECIFIED.,.F.,.F.,(4,3,3,2,3,3,3,3,3,3,3,3,4),(4.157152632832E-02,
    0.153078484969,0.186825460641,0.216823520434,0.224470084695,
    0.234654914964,0.24600855589,0.259606705384,0.456075909053,
    0.485610502027,0.505179696443,0.564092652025,0.736014104087),
  .UNSPECIFIED.);
#4767 = CARTESIAN_POINT('',(11.886290322581,-4.74,4.248774193548));
#4768 = CARTESIAN_POINT('',(11.720161290323,-4.74,4.248774193548));
#4769 = CARTESIAN_POINT('',(11.554032258065,-4.74,4.248774193548));
#4770 = CARTESIAN_POINT('',(11.387903225806,-4.74,4.248774193548));
#4771 = CARTESIAN_POINT('',(11.325,-4.74,4.248774193548));
#4772 = CARTESIAN_POINT('',(11.278548387097,-4.74,4.263290322581));
#4773 = CARTESIAN_POINT('',(11.246612903226,-4.74,4.29135483871));
#4774 = CARTESIAN_POINT('',(11.215223466488,-4.74,4.318939495237));
#4775 = CARTESIAN_POINT('',(11.199193548387,-4.74,4.358129032258));
#4776 = CARTESIAN_POINT('',(11.199193548387,-4.74,4.420064516129));
#4777 = CARTESIAN_POINT('',(11.202096774194,-4.74,4.43264516129));
#4778 = CARTESIAN_POINT('',(11.206935483871,-4.74,4.445225806452));
#4779 = CARTESIAN_POINT('',(11.211973727968,-4.74,4.458325241104));
#4780 = CARTESIAN_POINT('',(11.218548387097,-4.74,4.472322580645));
#4781 = CARTESIAN_POINT('',(11.227258064516,-4.74,4.485870967742));
#4782 = CARTESIAN_POINT('',(11.236690928147,-4.74,4.500544311168));
#4783 = CARTESIAN_POINT('',(11.246612903226,-4.74,4.513935483871));
#4784 = CARTESIAN_POINT('',(11.256290322581,-4.74,4.527483870968));
#4785 = CARTESIAN_POINT('',(11.265510026155,-4.74,4.540391455972));
#4786 = CARTESIAN_POINT('',(11.278548387097,-4.74,4.556516129032));
#4787 = CARTESIAN_POINT('',(11.293064516129,-4.74,4.575870967742));
#4788 = CARTESIAN_POINT('',(11.468690322581,-4.74,4.810038709677));
#4789 = CARTESIAN_POINT('',(11.643387096774,-4.74,5.044903225806));
#4790 = CARTESIAN_POINT('',(11.818548387097,-4.74,5.279419354839));
#4791 = CARTESIAN_POINT('',(11.852948269203,-4.74,5.325475918911));
#4792 = CARTESIAN_POINT('',(11.881451612903,-4.74,5.359741935484));
#4793 = CARTESIAN_POINT('',(11.903709677419,-4.74,5.380064516129));
#4794 = CARTESIAN_POINT('',(11.925921849019,-4.74,5.400345194546));
#4795 = CARTESIAN_POINT('',(11.952096774194,-4.74,5.411032258065));
#4796 = CARTESIAN_POINT('',(11.983064516129,-4.74,5.412));
#4797 = CARTESIAN_POINT('',(12.083581274587,-4.74,5.415141148702));
#4798 = CARTESIAN_POINT('',(12.134032258065,-4.74,5.353935483871));
#4799 = CARTESIAN_POINT('',(12.134032258065,-4.74,5.238774193548));
#4800 = CARTESIAN_POINT('',(12.134032258065,-4.74,4.982967741935));
#4801 = CARTESIAN_POINT('',(12.134032258065,-4.74,4.727161290323));
#4802 = CARTESIAN_POINT('',(12.134032258065,-4.74,4.47135483871));
#4803 = ORIENTED_EDGE('',*,*,#4804,.F.);
#4804 = EDGE_CURVE('',#4722,#4764,#4805,.T.);
#4805 = B_SPLINE_CURVE_WITH_KNOTS('',3,(#4806,#4807,#4808,#4809),
  .UNSPECIFIED.,.F.,.F.,(4,4),(0.,4.157152632832E-02),
  .PIECEWISE_BEZIER_KNOTS.);
#4806 = CARTESIAN_POINT('',(11.886290322581,-4.74,4.062967741935));
#4807 = CARTESIAN_POINT('',(11.886290322581,-4.74,4.124903225806));
#4808 = CARTESIAN_POINT('',(11.886290322581,-4.74,4.186838709677));
#4809 = CARTESIAN_POINT('',(11.886290322581,-4.74,4.248774193548));
#4810 = B_SPLINE_SURFACE_WITH_KNOTS('',1,1,(
    (#4811,#4812)
    ,(#4813,#4814
    )),.UNSPECIFIED.,.F.,.F.,.F.,(2,2),(2,2),(-1.471405703685,
    3.173544501674E-02),(-0.896214693995,0.249591757618),
  .PIECEWISE_BEZIER_KNOTS.);
#4811 = CARTESIAN_POINT('',(11.199193548387,-4.74,5.415141148702));
#4812 = CARTESIAN_POINT('',(12.345,-4.74,5.415141148702));
#4813 = CARTESIAN_POINT('',(11.199193548387,-4.74,3.912));
#4814 = CARTESIAN_POINT('',(12.345,-4.74,3.912));
#4815 = ADVANCED_FACE('',(#4816),#4830,.T.);
#4816 = FACE_BOUND('',#4817,.T.);
#4817 = EDGE_LOOP('',(#4818,#4819,#4824,#4825));
#4818 = ORIENTED_EDGE('',*,*,#1361,.F.);
#4819 = ORIENTED_EDGE('',*,*,#4820,.F.);
#4820 = EDGE_CURVE('',#4720,#1340,#4821,.T.);
#4821 = B_SPLINE_CURVE_WITH_KNOTS('',1,(#4822,#4823),.UNSPECIFIED.,.F.,
  .F.,(2,2),(0.,1.E-02),.PIECEWISE_BEZIER_KNOTS.);
#4822 = CARTESIAN_POINT('',(12.134032258065,-4.74,4.248774193548));
#4823 = CARTESIAN_POINT('',(12.134032258065,-4.75,4.248774193548));
#4824 = ORIENTED_EDGE('',*,*,#4719,.T.);
#4825 = ORIENTED_EDGE('',*,*,#4826,.T.);
#4826 = EDGE_CURVE('',#4722,#1362,#4827,.T.);
#4827 = B_SPLINE_CURVE_WITH_KNOTS('',1,(#4828,#4829),.UNSPECIFIED.,.F.,
  .F.,(2,2),(0.,1.E-02),.PIECEWISE_BEZIER_KNOTS.);
#4828 = CARTESIAN_POINT('',(11.886290322581,-4.74,4.062967741935));
#4829 = CARTESIAN_POINT('',(11.886290322581,-4.75,4.062967741935));
#4830 = B_SPLINE_SURFACE_WITH_KNOTS('',3,1,(
    (#4831,#4832)
    ,(#4833,#4834)
    ,(#4835,#4836)
    ,(#4837,#4838)
    ,(#4839,#4840)
    ,(#4841,#4842)
    ,(#4843,#4844
    )),.UNSPECIFIED.,.F.,.F.,.F.,(4,1,1,1,4),(2,2),(0.859159845589,
    0.894369884191,0.929579922794,0.964789961397,1.),(0.,1.),
  .UNSPECIFIED.);
#4831 = CARTESIAN_POINT('',(12.134032258065,-4.74,4.248774193548));
#4832 = CARTESIAN_POINT('',(12.134032258065,-4.75,4.248774193548));
#4833 = CARTESIAN_POINT('',(12.134032258065,-4.74,4.196316394411));
#4834 = CARTESIAN_POINT('',(12.134032258065,-4.75,4.196316394411));
#4835 = CARTESIAN_POINT('',(12.135683780229,-4.74,4.096362714895));
#4836 = CARTESIAN_POINT('',(12.135683780229,-4.75,4.096362714895));
#4837 = CARTESIAN_POINT('',(12.128251930489,-4.74,3.916660683063));
#4838 = CARTESIAN_POINT('',(12.128251930489,-4.75,3.916660683063));
#4839 = CARTESIAN_POINT('',(11.923757952107,-4.74,3.899407222954));
#4840 = CARTESIAN_POINT('',(11.923757952107,-4.75,3.899407222954));
#4841 = CARTESIAN_POINT('',(11.886290322581,-4.74,3.998759810895));
#4842 = CARTESIAN_POINT('',(11.886290322581,-4.75,3.998759810895));
#4843 = CARTESIAN_POINT('',(11.886290322581,-4.74,4.062967741935));
#4844 = CARTESIAN_POINT('',(11.886290322581,-4.75,4.062967741935));
#4845 = ADVANCED_FACE('',(#4846),#4856,.T.);
#4846 = FACE_BOUND('',#4847,.T.);
#4847 = EDGE_LOOP('',(#4848,#4849,#4850,#4851));
#4848 = ORIENTED_EDGE('',*,*,#1381,.F.);
#4849 = ORIENTED_EDGE('',*,*,#4826,.F.);
#4850 = ORIENTED_EDGE('',*,*,#4804,.T.);
#4851 = ORIENTED_EDGE('',*,*,#4852,.T.);
#4852 = EDGE_CURVE('',#4764,#1382,#4853,.T.);
#4853 = B_SPLINE_CURVE_WITH_KNOTS('',1,(#4854,#4855),.UNSPECIFIED.,.F.,
  .F.,(2,2),(0.,1.E-02),.PIECEWISE_BEZIER_KNOTS.);
#4854 = CARTESIAN_POINT('',(11.886290322581,-4.74,4.248774193548));
#4855 = CARTESIAN_POINT('',(11.886290322581,-4.75,4.248774193548));
#4856 = B_SPLINE_SURFACE_WITH_KNOTS('',1,1,(
    (#4857,#4858)
    ,(#4859,#4860
    )),.UNSPECIFIED.,.F.,.F.,.F.,(2,2),(2,2),(-0.185806451613,0.),(
    -1.E-02,0.),.PIECEWISE_BEZIER_KNOTS.);
#4857 = CARTESIAN_POINT('',(11.886290322581,-4.75,4.248774193548));
#4858 = CARTESIAN_POINT('',(11.886290322581,-4.74,4.248774193548));
#4859 = CARTESIAN_POINT('',(11.886290322581,-4.75,4.062967741935));
#4860 = CARTESIAN_POINT('',(11.886290322581,-4.74,4.062967741935));
#4861 = ADVANCED_FACE('',(#4862),#4872,.T.);
#4862 = FACE_BOUND('',#4863,.T.);
#4863 = EDGE_LOOP('',(#4864,#4865,#4866,#4867));
#4864 = ORIENTED_EDGE('',*,*,#1390,.F.);
#4865 = ORIENTED_EDGE('',*,*,#4852,.F.);
#4866 = ORIENTED_EDGE('',*,*,#4763,.T.);
#4867 = ORIENTED_EDGE('',*,*,#4868,.T.);
#4868 = EDGE_CURVE('',#4742,#1338,#4869,.T.);
#4869 = B_SPLINE_CURVE_WITH_KNOTS('',1,(#4870,#4871),.UNSPECIFIED.,.F.,
  .F.,(2,2),(0.,1.E-02),.PIECEWISE_BEZIER_KNOTS.);
#4870 = CARTESIAN_POINT('',(12.134032258065,-4.74,4.47135483871));
#4871 = CARTESIAN_POINT('',(12.134032258065,-4.75,4.47135483871));
#4872 = B_SPLINE_SURFACE_WITH_KNOTS('',3,1,(
    (#4873,#4874)
    ,(#4875,#4876)
    ,(#4877,#4878)
    ,(#4879,#4880)
    ,(#4881,#4882)
    ,(#4883,#4884)
    ,(#4885,#4886)
    ,(#4887,#4888)
    ,(#4889,#4890)
    ,(#4891,#4892)
    ,(#4893,#4894)
    ,(#4895,#4896)
    ,(#4897,#4898)
    ,(#4899,#4900)
    ,(#4901,#4902)
    ,(#4903,#4904)
    ,(#4905,#4906)
    ,(#4907,#4908
    )),.UNSPECIFIED.,.F.,.F.,.F.,(4,1,1,1,1,1,1,1,1,1,1,1,1,1,1,4),(2,2)
  ,(4.157152632832E-02,0.128376848548,0.171779509658,0.215182170768,
    0.258584831878,0.301987492988,0.345390154098,0.388792815208,
    0.432195476318,0.475598137428,0.497299467983,0.519000798538,
    0.562403459648,0.605806120757,0.649208781867,0.736014104087),(0.,1.)
  ,.UNSPECIFIED.);
#4873 = CARTESIAN_POINT('',(11.886290322581,-4.74,4.248774193548));
#4874 = CARTESIAN_POINT('',(11.886290322581,-4.75,4.248774193548));
#4875 = CARTESIAN_POINT('',(11.756963109723,-4.74,4.248774193548));
#4876 = CARTESIAN_POINT('',(11.756963109723,-4.75,4.248774193548));
#4877 = CARTESIAN_POINT('',(11.575800091557,-4.74,4.259743812607));
#4878 = CARTESIAN_POINT('',(11.575800091557,-4.75,4.259743812607));
#4879 = CARTESIAN_POINT('',(11.282938196191,-4.74,4.230491495118));
#4880 = CARTESIAN_POINT('',(11.282938196191,-4.75,4.230491495118));
#4881 = CARTESIAN_POINT('',(11.154597609372,-4.74,4.397499142276));
#4882 = CARTESIAN_POINT('',(11.154597609372,-4.75,4.397499142276));
#4883 = CARTESIAN_POINT('',(11.294695810683,-4.74,4.576356087102));
#4884 = CARTESIAN_POINT('',(11.294695810683,-4.75,4.576356087102));
#4885 = CARTESIAN_POINT('',(11.40552697954,-4.74,4.726450041041));
#4886 = CARTESIAN_POINT('',(11.40552697954,-4.75,4.726450041041));
#4887 = CARTESIAN_POINT('',(11.522812220852,-4.74,4.882820951396));
#4888 = CARTESIAN_POINT('',(11.522812220852,-4.75,4.882820951396));
#4889 = CARTESIAN_POINT('',(11.63940764683,-4.74,5.039745586357));
#4890 = CARTESIAN_POINT('',(11.63940764683,-4.75,5.039745586357));
#4891 = CARTESIAN_POINT('',(11.751745046951,-4.74,5.18860077753));
#4892 = CARTESIAN_POINT('',(11.751745046951,-4.75,5.18860077753));
#4893 = CARTESIAN_POINT('',(11.860109189249,-4.74,5.339097446542));
#4894 = CARTESIAN_POINT('',(11.860109189249,-4.75,5.339097446542));
#4895 = CARTESIAN_POINT('',(11.938254353769,-4.74,5.415922633258));
#4896 = CARTESIAN_POINT('',(11.938254353769,-4.75,5.415922633258));
#4897 = CARTESIAN_POINT('',(12.093813402518,-4.74,5.414254729956));
#4898 = CARTESIAN_POINT('',(12.093813402518,-4.75,5.414254729956));
#4899 = CARTESIAN_POINT('',(12.14746686883,-4.74,5.247899446066));
#4900 = CARTESIAN_POINT('',(12.14746686883,-4.75,5.247899446066));
#4901 = CARTESIAN_POINT('',(12.130496834179,-4.74,5.052157366847));
#4902 = CARTESIAN_POINT('',(12.130496834179,-4.75,5.052157366847));
#4903 = CARTESIAN_POINT('',(12.136153512396,-4.74,4.794504919847));
#4904 = CARTESIAN_POINT('',(12.136153512396,-4.75,4.794504919847));
#4905 = CARTESIAN_POINT('',(12.134032258065,-4.74,4.600514761406));
#4906 = CARTESIAN_POINT('',(12.134032258065,-4.75,4.600514761406));
#4907 = CARTESIAN_POINT('',(12.134032258065,-4.74,4.47135483871));
#4908 = CARTESIAN_POINT('',(12.134032258065,-4.75,4.47135483871));
#4909 = ADVANCED_FACE('',(#4910),#4916,.T.);
#4910 = FACE_BOUND('',#4911,.T.);
#4911 = EDGE_LOOP('',(#4912,#4913,#4914,#4915));
#4912 = ORIENTED_EDGE('',*,*,#1337,.F.);
#4913 = ORIENTED_EDGE('',*,*,#4868,.F.);
#4914 = ORIENTED_EDGE('',*,*,#4741,.T.);
#4915 = ORIENTED_EDGE('',*,*,#4820,.T.);
#4916 = B_SPLINE_SURFACE_WITH_KNOTS('',3,1,(
    (#4917,#4918)
    ,(#4919,#4920)
    ,(#4921,#4922)
    ,(#4923,#4924)
    ,(#4925,#4926)
    ,(#4927,#4928)
    ,(#4929,#4930
    )),.UNSPECIFIED.,.F.,.F.,.F.,(4,1,1,1,4),(2,2),(0.736014104087,
    0.766800539463,0.797586974838,0.828373410213,0.859159845589),(0.,1.)
  ,.UNSPECIFIED.);
#4917 = CARTESIAN_POINT('',(12.134032258065,-4.74,4.47135483871));
#4918 = CARTESIAN_POINT('',(12.134032258065,-4.75,4.47135483871));
#4919 = CARTESIAN_POINT('',(12.179899536465,-4.74,4.47135483871));
#4920 = CARTESIAN_POINT('',(12.179899536465,-4.75,4.47135483871));
#4921 = CARTESIAN_POINT('',(12.289998381827,-4.74,4.475065767044));
#4922 = CARTESIAN_POINT('',(12.289998381827,-4.75,4.475065767044));
#4923 = CARTESIAN_POINT('',(12.366150026023,-4.74,4.3836305064));
#4924 = CARTESIAN_POINT('',(12.366150026023,-4.75,4.3836305064));
#4925 = CARTESIAN_POINT('',(12.311885542656,-4.74,4.236818270335));
#4926 = CARTESIAN_POINT('',(12.311885542656,-4.75,4.236818270335));
#4927 = CARTESIAN_POINT('',(12.17985893519,-4.74,4.248774193548));
#4928 = CARTESIAN_POINT('',(12.17985893519,-4.75,4.248774193548));
#4929 = CARTESIAN_POINT('',(12.134032258065,-4.74,4.248774193548));
#4930 = CARTESIAN_POINT('',(12.134032258065,-4.75,4.248774193548));
#4931 = ADVANCED_FACE('',(#4932),#4954,.T.);
#4932 = FACE_BOUND('',#4933,.T.);
#4933 = EDGE_LOOP('',(#4934,#4943,#4948,#4949));
#4934 = ORIENTED_EDGE('',*,*,#4935,.F.);
#4935 = EDGE_CURVE('',#4936,#4938,#4940,.T.);
#4936 = VERTEX_POINT('',#4937);
#4937 = CARTESIAN_POINT('',(11.886290322581,-4.75,4.47135483871));
#4938 = VERTEX_POINT('',#4939);
#4939 = CARTESIAN_POINT('',(11.886290322581,-4.75,5.048129032258));
#4940 = B_SPLINE_CURVE_WITH_KNOTS('',1,(#4941,#4942),.UNSPECIFIED.,.F.,
  .F.,(2,2),(0.247973541939,0.58310331744),.PIECEWISE_BEZIER_KNOTS.);
#4941 = CARTESIAN_POINT('',(11.886290322581,-4.75,4.47135483871));
#4942 = CARTESIAN_POINT('',(11.886290322581,-4.75,5.048129032258));
#4943 = ORIENTED_EDGE('',*,*,#4944,.F.);
#4944 = EDGE_CURVE('',#4697,#4936,#4945,.T.);
#4945 = B_SPLINE_CURVE_WITH_KNOTS('',1,(#4946,#4947),.UNSPECIFIED.,.F.,
  .F.,(2,2),(0.,1.E-02),.PIECEWISE_BEZIER_KNOTS.);
#4946 = CARTESIAN_POINT('',(11.886290322581,-4.74,4.47135483871));
#4947 = CARTESIAN_POINT('',(11.886290322581,-4.75,4.47135483871));
#4948 = ORIENTED_EDGE('',*,*,#4696,.T.);
#4949 = ORIENTED_EDGE('',*,*,#4950,.T.);
#4950 = EDGE_CURVE('',#4699,#4938,#4951,.T.);
#4951 = B_SPLINE_CURVE_WITH_KNOTS('',1,(#4952,#4953),.UNSPECIFIED.,.F.,
  .F.,(2,2),(0.,1.E-02),.PIECEWISE_BEZIER_KNOTS.);
#4952 = CARTESIAN_POINT('',(11.886290322581,-4.74,5.048129032258));
#4953 = CARTESIAN_POINT('',(11.886290322581,-4.75,5.048129032258));
#4954 = B_SPLINE_SURFACE_WITH_KNOTS('',1,1,(
    (#4955,#4956)
    ,(#4957,#4958
    )),.UNSPECIFIED.,.F.,.F.,.F.,(2,2),(2,2),(-0.576774193548,0.),(
    -1.E-02,0.),.PIECEWISE_BEZIER_KNOTS.);
#4955 = CARTESIAN_POINT('',(11.886290322581,-4.75,5.048129032258));
#4956 = CARTESIAN_POINT('',(11.886290322581,-4.74,5.048129032258));
#4957 = CARTESIAN_POINT('',(11.886290322581,-4.75,4.47135483871));
#4958 = CARTESIAN_POINT('',(11.886290322581,-4.74,4.47135483871));
#4959 = ADVANCED_FACE('',(#4960),#4976,.T.);
#4960 = FACE_BOUND('',#4961,.T.);
#4961 = EDGE_LOOP('',(#4962,#4969,#4974,#4975));
#4962 = ORIENTED_EDGE('',*,*,#4963,.F.);
#4963 = EDGE_CURVE('',#4964,#4936,#4966,.T.);
#4964 = VERTEX_POINT('',#4965);
#4965 = CARTESIAN_POINT('',(11.459516129032,-4.75,4.47135483871));
#4966 = B_SPLINE_CURVE_WITH_KNOTS('',1,(#4967,#4968),.UNSPECIFIED.,.F.,
  .F.,(2,2),(0.,0.247973541939),.PIECEWISE_BEZIER_KNOTS.);
#4967 = CARTESIAN_POINT('',(11.459516129032,-4.75,4.47135483871));
#4968 = CARTESIAN_POINT('',(11.886290322581,-4.75,4.47135483871));
#4969 = ORIENTED_EDGE('',*,*,#4970,.F.);
#4970 = EDGE_CURVE('',#4706,#4964,#4971,.T.);
#4971 = B_SPLINE_CURVE_WITH_KNOTS('',1,(#4972,#4973),.UNSPECIFIED.,.F.,
  .F.,(2,2),(0.,1.E-02),.PIECEWISE_BEZIER_KNOTS.);
#4972 = CARTESIAN_POINT('',(11.459516129032,-4.74,4.47135483871));
#4973 = CARTESIAN_POINT('',(11.459516129032,-4.75,4.47135483871));
#4974 = ORIENTED_EDGE('',*,*,#4705,.T.);
#4975 = ORIENTED_EDGE('',*,*,#4944,.T.);
#4976 = B_SPLINE_SURFACE_WITH_KNOTS('',1,1,(
    (#4977,#4978)
    ,(#4979,#4980
    )),.UNSPECIFIED.,.F.,.F.,.F.,(2,2),(2,2),(-0.426774193548,0.),(
    -1.E-02,0.),.PIECEWISE_BEZIER_KNOTS.);
#4977 = CARTESIAN_POINT('',(11.886290322581,-4.75,4.47135483871));
#4978 = CARTESIAN_POINT('',(11.886290322581,-4.74,4.47135483871));
#4979 = CARTESIAN_POINT('',(11.459516129032,-4.75,4.47135483871));
#4980 = CARTESIAN_POINT('',(11.459516129032,-4.74,4.47135483871));
#4981 = ADVANCED_FACE('',(#4982),#4992,.T.);
#4982 = FACE_BOUND('',#4983,.T.);
#4983 = EDGE_LOOP('',(#4984,#4989,#4990,#4991));
#4984 = ORIENTED_EDGE('',*,*,#4985,.F.);
#4985 = EDGE_CURVE('',#4938,#4964,#4986,.T.);
#4986 = B_SPLINE_CURVE_WITH_KNOTS('',1,(#4987,#4988),.UNSPECIFIED.,.F.,
  .F.,(2,2),(0.58310331744,1.),.PIECEWISE_BEZIER_KNOTS.);
#4987 = CARTESIAN_POINT('',(11.886290322581,-4.75,5.048129032258));
#4988 = CARTESIAN_POINT('',(11.459516129032,-4.75,4.47135483871));
#4989 = ORIENTED_EDGE('',*,*,#4950,.F.);
#4990 = ORIENTED_EDGE('',*,*,#4712,.T.);
#4991 = ORIENTED_EDGE('',*,*,#4970,.T.);
#4992 = B_SPLINE_SURFACE_WITH_KNOTS('',1,1,(
    (#4993,#4994)
    ,(#4995,#4996
    )),.UNSPECIFIED.,.F.,.F.,.F.,(2,2),(2,2),(-0.71749890775,0.),(
    -1.E-02,0.),.PIECEWISE_BEZIER_KNOTS.);
#4993 = CARTESIAN_POINT('',(11.459516129032,-4.75,4.47135483871));
#4994 = CARTESIAN_POINT('',(11.459516129032,-4.74,4.47135483871));
#4995 = CARTESIAN_POINT('',(11.886290322581,-4.75,5.048129032258));
#4996 = CARTESIAN_POINT('',(11.886290322581,-4.74,5.048129032258));
#4997 = ADVANCED_FACE('',(#4998),#5089,.T.);
#4998 = FACE_BOUND('',#4999,.T.);
#4999 = EDGE_LOOP('',(#5000,#5082));
#5000 = ORIENTED_EDGE('',*,*,#5001,.F.);
#5001 = EDGE_CURVE('',#5002,#5004,#5006,.T.);
#5002 = VERTEX_POINT('',#5003);
#5003 = CARTESIAN_POINT('',(14.104413504823,-4.74,1.760396784566));
#5004 = VERTEX_POINT('',#5005);
#5005 = CARTESIAN_POINT('',(13.786497106109,-4.74,2.701990353698));
#5006 = B_SPLINE_CURVE_WITH_KNOTS('',3,(#5007,#5008,#5009,#5010,#5011,
    #5012,#5013,#5014,#5015,#5016,#5017,#5018,#5019,#5020,#5021,#5022,
    #5023,#5024,#5025,#5026,#5027,#5028,#5029,#5030,#5031,#5032,#5033,
    #5034,#5035,#5036,#5037,#5038,#5039,#5040,#5041,#5042,#5043,#5044,
    #5045,#5046,#5047,#5048,#5049,#5050,#5051,#5052,#5053,#5054,#5055,
    #5056,#5057,#5058,#5059,#5060,#5061,#5062,#5063,#5064,#5065,#5066,
    #5067,#5068,#5069,#5070,#5071,#5072,#5073,#5074,#5075,#5076,#5077,
    #5078,#5079,#5080,#5081),.UNSPECIFIED.,.F.,.F.,(4,3,2,3,2,3,3,2,3,2,
    3,3,3,3,3,2,3,3,3,3,3,3,3,2,3,2,3,4),(0.166352498538,0.333792482652,
    0.348713403797,0.363634324942,0.378462223021,0.389477233023,
    0.40110662335,0.412111629782,0.419615043258,0.428083701457,
    0.436552359656,0.600618445784,0.618590797852,0.634229555477,
    0.648873258051,0.665769425289,0.682665592527,0.697416602931,
    0.713204148691,0.731083301315,0.893593282922,0.902258826422,
    0.911230662948,0.917932814884,0.935977070097,0.953365099738,
    0.973988111639,1.),.UNSPECIFIED.);
#5007 = CARTESIAN_POINT('',(14.104413504823,-4.74,1.760396784566));
#5008 = CARTESIAN_POINT('',(14.210697320472,-4.74,2.076443086817));
#5009 = CARTESIAN_POINT('',(14.31698113612,-4.74,2.392489389068));
#5010 = CARTESIAN_POINT('',(14.423264951768,-4.74,2.708535691318));
#5011 = CARTESIAN_POINT('',(14.439947527865,-4.74,2.758143117013));
#5012 = CARTESIAN_POINT('',(14.452251446945,-4.74,2.792690032154));
#5013 = CARTESIAN_POINT('',(14.469082315113,-4.74,2.831962057878));
#5014 = CARTESIAN_POINT('',(14.483108038585,-4.74,2.849727974277));
#5015 = CARTESIAN_POINT('',(14.501809003215,-4.74,2.865623794212));
#5016 = CARTESIAN_POINT('',(14.520591394397,-4.74,2.881588826717));
#5017 = CARTESIAN_POINT('',(14.547626366559,-4.74,2.889));
#5018 = CARTESIAN_POINT('',(14.604664308682,-4.74,2.889));
#5019 = CARTESIAN_POINT('',(14.627105466238,-4.74,2.882454662379));
#5020 = CARTESIAN_POINT('',(14.647676527331,-4.74,2.87029903537));
#5021 = CARTESIAN_POINT('',(14.668940641019,-4.74,2.857733877282));
#5022 = CARTESIAN_POINT('',(14.685078456592,-4.74,2.842247588424));
#5023 = CARTESIAN_POINT('',(14.697234083601,-4.74,2.822611575563));
#5024 = CARTESIAN_POINT('',(14.70954912867,-4.74,2.802718041221));
#5025 = CARTESIAN_POINT('',(14.715,-4.74,2.781469453376));
#5026 = CARTESIAN_POINT('',(14.715,-4.74,2.74687266881));
#5027 = CARTESIAN_POINT('',(14.713129903537,-4.74,2.731911897106));
#5028 = CARTESIAN_POINT('',(14.708454662379,-4.74,2.71601607717));
#5029 = CARTESIAN_POINT('',(14.703600749585,-4.74,2.69951277367));
#5030 = CARTESIAN_POINT('',(14.700039228296,-4.74,2.683289389068));
#5031 = CARTESIAN_POINT('',(14.688818649518,-4.74,2.651497749196));
#5032 = CARTESIAN_POINT('',(14.683208360129,-4.74,2.63560192926));
#5033 = CARTESIAN_POINT('',(14.67759807074,-4.74,2.619706109325));
#5034 = CARTESIAN_POINT('',(14.568873539451,-4.74,2.311653270674));
#5035 = CARTESIAN_POINT('',(14.450693033226,-4.74,2.006937834941));
#5036 = CARTESIAN_POINT('',(14.337240514469,-4.74,1.700553697749));
#5037 = CARTESIAN_POINT('',(14.324204034982,-4.74,1.665348040233));
#5038 = CARTESIAN_POINT('',(14.31292926045,-4.74,1.631360128617));
#5039 = CARTESIAN_POINT('',(14.300773633441,-4.74,1.599568488746));
#5040 = CARTESIAN_POINT('',(14.288929924407,-4.74,1.568592634351));
#5041 = CARTESIAN_POINT('',(14.274592282958,-4.74,1.540660450161));
#5042 = CARTESIAN_POINT('',(14.258696463023,-4.74,1.516349196141));
#5043 = CARTESIAN_POINT('',(14.243228924246,-4.74,1.492692960365));
#5044 = CARTESIAN_POINT('',(14.221294533762,-4.74,1.47240192926));
#5045 = CARTESIAN_POINT('',(14.19511318328,-4.74,1.457441157556));
#5046 = CARTESIAN_POINT('',(14.168226950284,-4.74,1.442077595845));
#5047 = CARTESIAN_POINT('',(14.136205144695,-4.74,1.435));
#5048 = CARTESIAN_POINT('',(14.059531189711,-4.74,1.435));
#5049 = CARTESIAN_POINT('',(14.026804501608,-4.74,1.442480385852));
#5050 = CARTESIAN_POINT('',(14.000623151125,-4.74,1.457441157556));
#5051 = CARTESIAN_POINT('',(13.97373691813,-4.74,1.472804719268));
#5052 = CARTESIAN_POINT('',(13.952935691318,-4.74,1.492037942122));
#5053 = CARTESIAN_POINT('',(13.936104823151,-4.74,1.516349196141));
#5054 = CARTESIAN_POINT('',(13.919139308039,-4.74,1.540854940193));
#5055 = CARTESIAN_POINT('',(13.906183279743,-4.74,1.568711897106));
#5056 = CARTESIAN_POINT('',(13.894027652733,-4.74,1.600503536978));
#5057 = CARTESIAN_POINT('',(13.8821839437,-4.74,1.631479391373));
#5058 = CARTESIAN_POINT('',(13.869716398714,-4.74,1.665021864952));
#5059 = CARTESIAN_POINT('',(13.856625723473,-4.74,1.700553697749));
#5060 = CARTESIAN_POINT('',(13.744748342875,-4.74,2.004220873657));
#5061 = CARTESIAN_POINT('',(13.634084244373,-4.74,2.308335048232));
#5062 = CARTESIAN_POINT('',(13.522813504823,-4.74,2.612225723473));
#5063 = CARTESIAN_POINT('',(13.517018018338,-4.74,2.62805373278));
#5064 = CARTESIAN_POINT('',(13.510657877814,-4.74,2.644017363344));
#5065 = CARTESIAN_POINT('',(13.505047588424,-4.74,2.660848231511));
#5066 = CARTESIAN_POINT('',(13.499717813505,-4.74,2.67683755627));
#5067 = CARTESIAN_POINT('',(13.493827009646,-4.74,2.693574919614));
#5068 = CARTESIAN_POINT('',(13.49008681672,-4.74,2.712275884244));
#5069 = CARTESIAN_POINT('',(13.486310660401,-4.74,2.731156665842));
#5070 = CARTESIAN_POINT('',(13.4835414791,-4.74,2.74687266881));
#5071 = CARTESIAN_POINT('',(13.4835414791,-4.74,2.791754983923));
#5072 = CARTESIAN_POINT('',(13.496632154341,-4.74,2.821676527331));
#5073 = CARTESIAN_POINT('',(13.522813504823,-4.74,2.848792926045));
#5074 = CARTESIAN_POINT('',(13.548527618897,-4.74,2.875425401336));
#5075 = CARTESIAN_POINT('',(13.581721543408,-4.74,2.889));
#5076 = CARTESIAN_POINT('',(13.66961607717,-4.74,2.889));
#5077 = CARTESIAN_POINT('',(13.704212861736,-4.74,2.874039228296));
#5078 = CARTESIAN_POINT('',(13.72478392283,-4.74,2.844117684887));
#5079 = CARTESIAN_POINT('',(13.745054875604,-4.74,2.814632662669));
#5080 = CARTESIAN_POINT('',(13.764990996785,-4.74,2.767443729904));
#5081 = CARTESIAN_POINT('',(13.786497106109,-4.74,2.701990353698));
#5082 = ORIENTED_EDGE('',*,*,#5083,.F.);
#5083 = EDGE_CURVE('',#5004,#5002,#5084,.T.);
#5084 = B_SPLINE_CURVE_WITH_KNOTS('',3,(#5085,#5086,#5087,#5088),
  .UNSPECIFIED.,.F.,.F.,(4,4),(0.,0.166352498538),
  .PIECEWISE_BEZIER_KNOTS.);
#5085 = CARTESIAN_POINT('',(13.786497106109,-4.74,2.701990353698));
#5086 = CARTESIAN_POINT('',(13.889901257962,-4.74,2.387282065451));
#5087 = CARTESIAN_POINT('',(13.998441371919,-4.74,2.07426130761));
#5088 = CARTESIAN_POINT('',(14.104413504823,-4.74,1.760396784566));
#5089 = B_SPLINE_SURFACE_WITH_KNOTS('',1,1,(
    (#5090,#5091)
    ,(#5092,#5093
    )),.UNSPECIFIED.,.F.,.F.,.F.,(2,2),(2,2),(-1.09077992063,
    0.36322007937),(-0.890026401304,0.341432119596),
  .PIECEWISE_BEZIER_KNOTS.);
#5090 = CARTESIAN_POINT('',(13.4835414791,-4.74,2.889));
#5091 = CARTESIAN_POINT('',(14.715,-4.74,2.889));
#5092 = CARTESIAN_POINT('',(13.4835414791,-4.74,1.435));
#5093 = CARTESIAN_POINT('',(14.715,-4.74,1.435));
#5094 = ADVANCED_FACE('',(#5095),#5109,.T.);
#5095 = FACE_BOUND('',#5096,.T.);
#5096 = EDGE_LOOP('',(#5097,#5098,#5103,#5104));
#5097 = ORIENTED_EDGE('',*,*,#1257,.F.);
#5098 = ORIENTED_EDGE('',*,*,#5099,.F.);
#5099 = EDGE_CURVE('',#5002,#1249,#5100,.T.);
#5100 = B_SPLINE_CURVE_WITH_KNOTS('',1,(#5101,#5102),.UNSPECIFIED.,.F.,
  .F.,(2,2),(0.,1.E-02),.PIECEWISE_BEZIER_KNOTS.);
#5101 = CARTESIAN_POINT('',(14.104413504823,-4.74,1.760396784566));
#5102 = CARTESIAN_POINT('',(14.104413504823,-4.75,1.760396784566));
#5103 = ORIENTED_EDGE('',*,*,#5001,.T.);
#5104 = ORIENTED_EDGE('',*,*,#5105,.T.);
#5105 = EDGE_CURVE('',#5004,#1247,#5106,.T.);
#5106 = B_SPLINE_CURVE_WITH_KNOTS('',1,(#5107,#5108),.UNSPECIFIED.,.F.,
  .F.,(2,2),(0.,1.E-02),.PIECEWISE_BEZIER_KNOTS.);
#5107 = CARTESIAN_POINT('',(13.786497106109,-4.74,2.701990353698));
#5108 = CARTESIAN_POINT('',(13.786497106109,-4.75,2.701990353698));
#5109 = B_SPLINE_SURFACE_WITH_KNOTS('',3,1,(
    (#5110,#5111)
    ,(#5112,#5113)
    ,(#5114,#5115)
    ,(#5116,#5117)
    ,(#5118,#5119)
    ,(#5120,#5121)
    ,(#5122,#5123)
    ,(#5124,#5125)
    ,(#5126,#5127)
    ,(#5128,#5129)
    ,(#5130,#5131)
    ,(#5132,#5133)
    ,(#5134,#5135)
    ,(#5136,#5137)
    ,(#5138,#5139)
    ,(#5140,#5141)
    ,(#5142,#5143)
    ,(#5144,#5145)
    ,(#5146,#5147)
    ,(#5148,#5149)
    ,(#5150,#5151)
    ,(#5152,#5153)
    ,(#5154,#5155)
    ,(#5156,#5157)
    ,(#5158,#5159)
    ,(#5160,#5161)
    ,(#5162,#5163)
    ,(#5164,#5165)
    ,(#5166,#5167)
    ,(#5168,#5169
    )),.UNSPECIFIED.,.F.,.F.,.F.,(4,1,1,1,1,1,1,1,1,1,1,1,1,1,1,1,1,1,1,
    1,1,1,1,1,1,1,1,4),(2,2),(0.166352498538,0.218455467379,
    0.270558436221,0.322661405062,0.335687147272,0.348712889483,
    0.361738631693,0.374764373903,0.400815858324,0.426867342745,
    0.452918827166,0.478970311586,0.531073280428,0.583176249269,
    0.60922773369,0.63527921811,0.661330702531,0.687382186952,
    0.713433671372,0.739485155793,0.791588124634,0.843691093476,
    0.869742577897,0.895794062317,0.921845546738,0.947897031159,
    0.973948515579,1.),(0.,1.),.UNSPECIFIED.);
#5110 = CARTESIAN_POINT('',(14.104413504823,-4.74,1.760396784566));
#5111 = CARTESIAN_POINT('',(14.104413504823,-4.75,1.760396784566));
#5112 = CARTESIAN_POINT('',(14.137486264382,-4.74,1.858742175159));
#5113 = CARTESIAN_POINT('',(14.137486264382,-4.75,1.858742175159));
#5114 = CARTESIAN_POINT('',(14.203452239545,-4.74,2.054908091624));
#5115 = CARTESIAN_POINT('',(14.203452239545,-4.75,2.054908091624));
#5116 = CARTESIAN_POINT('',(14.303478466012,-4.74,2.352306154648));
#5117 = CARTESIAN_POINT('',(14.303478466012,-4.75,2.352306154648));
#5118 = CARTESIAN_POINT('',(14.37567031859,-4.74,2.567088082558));
#5119 = CARTESIAN_POINT('',(14.37567031859,-4.75,2.567088082558));
#5120 = CARTESIAN_POINT('',(14.428174604183,-4.74,2.723069612077));
#5121 = CARTESIAN_POINT('',(14.428174604183,-4.75,2.723069612077));
#5122 = CARTESIAN_POINT('',(14.461834510888,-4.74,2.822872720432));
#5123 = CARTESIAN_POINT('',(14.461834510888,-4.75,2.822872720432));
#5124 = CARTESIAN_POINT('',(14.488483417015,-4.74,2.859383592844));
#5125 = CARTESIAN_POINT('',(14.488483417015,-4.75,2.859383592844));
#5126 = CARTESIAN_POINT('',(14.575423808676,-4.74,2.908792613474));
#5127 = CARTESIAN_POINT('',(14.575423808676,-4.75,2.908792613474));
#5128 = CARTESIAN_POINT('',(14.733320563089,-4.74,2.837941241641));
#5129 = CARTESIAN_POINT('',(14.733320563089,-4.75,2.837941241641));
#5130 = CARTESIAN_POINT('',(14.70076227359,-4.74,2.669732145773));
#5131 = CARTESIAN_POINT('',(14.70076227359,-4.75,2.669732145773));
#5132 = CARTESIAN_POINT('',(14.644007165004,-4.74,2.5287086588));
#5133 = CARTESIAN_POINT('',(14.644007165004,-4.75,2.5287086588));
#5134 = CARTESIAN_POINT('',(14.574614780059,-4.74,2.331896309052));
#5135 = CARTESIAN_POINT('',(14.574614780059,-4.75,2.331896309052));
#5136 = CARTESIAN_POINT('',(14.482692833022,-4.74,2.089717664309));
#5137 = CARTESIAN_POINT('',(14.482692833022,-4.75,2.089717664309));
#5138 = CARTESIAN_POINT('',(14.392213035634,-4.74,1.847203088138));
#5139 = CARTESIAN_POINT('',(14.392213035634,-4.75,1.847203088138));
#5140 = CARTESIAN_POINT('',(14.318181610466,-4.74,1.651751146599));
#5141 = CARTESIAN_POINT('',(14.318181610466,-4.75,1.651751146599));
#5142 = CARTESIAN_POINT('',(14.270137772762,-4.74,1.500090794307));
#5143 = CARTESIAN_POINT('',(14.270137772762,-4.75,1.500090794307));
#5144 = CARTESIAN_POINT('',(14.132896020967,-4.74,1.415774144749));
#5145 = CARTESIAN_POINT('',(14.132896020967,-4.75,1.415774144749));
#5146 = CARTESIAN_POINT('',(13.959054688397,-4.74,1.455736283729));
#5147 = CARTESIAN_POINT('',(13.959054688397,-4.75,1.455736283729));
#5148 = CARTESIAN_POINT('',(13.890665166218,-4.74,1.601710181126));
#5149 = CARTESIAN_POINT('',(13.890665166218,-4.75,1.601710181126));
#5150 = CARTESIAN_POINT('',(13.822727529575,-4.74,1.796242654518));
#5151 = CARTESIAN_POINT('',(13.822727529575,-4.75,1.796242654518));
#5152 = CARTESIAN_POINT('',(13.731368953578,-4.74,2.040112166743));
#5153 = CARTESIAN_POINT('',(13.731368953578,-4.75,2.040112166743));
#5154 = CARTESIAN_POINT('',(13.643543769657,-4.74,2.282841158228));
#5155 = CARTESIAN_POINT('',(13.643543769657,-4.75,2.282841158228));
#5156 = CARTESIAN_POINT('',(13.570943897358,-4.74,2.479563640679));
#5157 = CARTESIAN_POINT('',(13.570943897358,-4.75,2.479563640679));
#5158 = CARTESIAN_POINT('',(13.52146176164,-4.74,2.620197231269));
#5159 = CARTESIAN_POINT('',(13.52146176164,-4.75,2.620197231269));
#5160 = CARTESIAN_POINT('',(13.45306998702,-4.74,2.785587965706));
#5161 = CARTESIAN_POINT('',(13.45306998702,-4.75,2.785587965706));
#5162 = CARTESIAN_POINT('',(13.578586579211,-4.74,2.916983219243));
#5163 = CARTESIAN_POINT('',(13.578586579211,-4.75,2.916983219243));
#5164 = CARTESIAN_POINT('',(13.749133629757,-4.74,2.856411695785));
#5165 = CARTESIAN_POINT('',(13.749133629757,-4.75,2.856411695785));
#5166 = CARTESIAN_POINT('',(13.764958259554,-4.74,2.767543364952));
#5167 = CARTESIAN_POINT('',(13.764958259554,-4.75,2.767543364952));
#5168 = CARTESIAN_POINT('',(13.786497106109,-4.74,2.701990353698));
#5169 = CARTESIAN_POINT('',(13.786497106109,-4.75,2.701990353698));
#5170 = ADVANCED_FACE('',(#5171),#5177,.T.);
#5171 = FACE_BOUND('',#5172,.T.);
#5172 = EDGE_LOOP('',(#5173,#5174,#5175,#5176));
#5173 = ORIENTED_EDGE('',*,*,#1246,.F.);
#5174 = ORIENTED_EDGE('',*,*,#5105,.F.);
#5175 = ORIENTED_EDGE('',*,*,#5083,.T.);
#5176 = ORIENTED_EDGE('',*,*,#5099,.T.);
#5177 = B_SPLINE_SURFACE_WITH_KNOTS('',3,1,(
    (#5178,#5179)
    ,(#5180,#5181)
    ,(#5182,#5183)
    ,(#5184,#5185
    )),.UNSPECIFIED.,.F.,.F.,.F.,(4,4),(2,2),(0.,0.166352498538),(0.,1.)
  ,.PIECEWISE_BEZIER_KNOTS.);
#5178 = CARTESIAN_POINT('',(13.786497106109,-4.74,2.701990353698));
#5179 = CARTESIAN_POINT('',(13.786497106109,-4.75,2.701990353698));
#5180 = CARTESIAN_POINT('',(13.889901257962,-4.74,2.387282065451));
#5181 = CARTESIAN_POINT('',(13.889901257962,-4.75,2.387282065451));
#5182 = CARTESIAN_POINT('',(13.998441371919,-4.74,2.07426130761));
#5183 = CARTESIAN_POINT('',(13.998441371919,-4.75,2.07426130761));
#5184 = CARTESIAN_POINT('',(14.104413504823,-4.74,1.760396784566));
#5185 = CARTESIAN_POINT('',(14.104413504823,-4.75,1.760396784566));
#5186 = ADVANCED_FACE('',(#5187),#5292,.T.);
#5187 = FACE_BOUND('',#5188,.T.);
#5188 = EDGE_LOOP('',(#5189,#5215,#5239,#5276,#5285));
#5189 = ORIENTED_EDGE('',*,*,#5190,.F.);
#5190 = EDGE_CURVE('',#5191,#5193,#5195,.T.);
#5191 = VERTEX_POINT('',#5192);
#5192 = CARTESIAN_POINT('',(13.030043086817,-4.74,2.10916977492));
#5193 = VERTEX_POINT('',#5194);
#5194 = CARTESIAN_POINT('',(13.087081028939,-4.74,1.554686173633));
#5195 = B_SPLINE_CURVE_WITH_KNOTS('',3,(#5196,#5197,#5198,#5199,#5200,
    #5201,#5202,#5203,#5204,#5205,#5206,#5207,#5208,#5209,#5210,#5211,
    #5212,#5213,#5214),.UNSPECIFIED.,.F.,.F.,(4,3,3,2,3,2,2,4),(
    0.820012958775,0.906845512324,0.921418021812,0.928637831524,
    0.948492308233,0.966598667582,0.982847964434,1.),.UNSPECIFIED.);
#5196 = CARTESIAN_POINT('',(13.030043086817,-4.74,2.10916977492));
#5197 = CARTESIAN_POINT('',(13.119496034298,-4.74,1.968600857449));
#5198 = CARTESIAN_POINT('',(13.208948981779,-4.74,1.828031939979));
#5199 = CARTESIAN_POINT('',(13.29840192926,-4.74,1.687463022508));
#5200 = CARTESIAN_POINT('',(13.318461463968,-4.74,1.655940896539));
#5201 = CARTESIAN_POINT('',(13.332998713826,-4.74,1.631360128617));
#5202 = CARTESIAN_POINT('',(13.34141414791,-4.74,1.615464308682));
#5203 = CARTESIAN_POINT('',(13.350216237073,-4.74,1.598838140262));
#5204 = CARTESIAN_POINT('',(13.354504823151,-4.74,1.58367266881));
#5205 = CARTESIAN_POINT('',(13.354504823151,-4.74,1.52756977492));
#5206 = CARTESIAN_POINT('',(13.343284244373,-4.74,1.494843086817));
#5207 = CARTESIAN_POINT('',(13.319908038585,-4.74,1.470531832797));
#5208 = CARTESIAN_POINT('',(13.29698102968,-4.74,1.446687743536));
#5209 = CARTESIAN_POINT('',(13.267545337621,-4.74,1.435));
#5210 = CARTESIAN_POINT('',(13.198351768489,-4.74,1.435));
#5211 = CARTESIAN_POINT('',(13.174040514469,-4.74,1.443415434084));
#5212 = CARTESIAN_POINT('',(13.139443729904,-4.74,1.47801221865));
#5213 = CARTESIAN_POINT('',(13.116067524116,-4.74,1.508868810289));
#5214 = CARTESIAN_POINT('',(13.087081028939,-4.74,1.554686173633));
#5215 = ORIENTED_EDGE('',*,*,#5216,.F.);
#5216 = EDGE_CURVE('',#5217,#5191,#5219,.T.);
#5217 = VERTEX_POINT('',#5218);
#5218 = CARTESIAN_POINT('',(12.713996784566,-4.74,2.091403858521));
#5219 = B_SPLINE_CURVE_WITH_KNOTS('',3,(#5220,#5221,#5222,#5223,#5224,
    #5225,#5226,#5227,#5228,#5229,#5230,#5231,#5232,#5233,#5234,#5235,
    #5236,#5237,#5238),.UNSPECIFIED.,.F.,.F.,(4,3,2,2,3,2,3,4),(
    0.616239425775,0.690342526522,0.705618218852,0.720893911181,
    0.738715552231,0.760307748125,0.78713441575,0.820012958775),
  .UNSPECIFIED.);
#5220 = CARTESIAN_POINT('',(12.713996784566,-4.74,2.091403858521));
#5221 = CARTESIAN_POINT('',(12.812176848875,-4.74,2.194259163987));
#5222 = CARTESIAN_POINT('',(12.910356913183,-4.74,2.297114469453));
#5223 = CARTESIAN_POINT('',(13.008536977492,-4.74,2.39996977492));
#5224 = CARTESIAN_POINT('',(13.045070575476,-4.74,2.438243068046));
#5225 = CARTESIAN_POINT('',(13.072120257235,-4.74,2.464488102894));
#5226 = CARTESIAN_POINT('',(13.111392282958,-4.74,2.492539549839));
#5227 = CARTESIAN_POINT('',(13.133833440514,-4.74,2.500019935691));
#5228 = CARTESIAN_POINT('',(13.194611575563,-4.74,2.500019935691));
#5229 = CARTESIAN_POINT('',(13.221727974277,-4.74,2.489734405145));
#5230 = CARTESIAN_POINT('',(13.243234083601,-4.74,2.469163344051));
#5231 = CARTESIAN_POINT('',(13.265207255517,-4.74,2.448145527436));
#5232 = CARTESIAN_POINT('',(13.275960771704,-4.74,2.421475884244));
#5233 = CARTESIAN_POINT('',(13.275960771704,-4.74,2.352282315113));
#5234 = CARTESIAN_POINT('',(13.240428938907,-4.74,2.300854662379));
#5235 = CARTESIAN_POINT('',(13.169365273312,-4.74,2.237271382637));
#5236 = CARTESIAN_POINT('',(13.122353925303,-4.74,2.195208597576));
#5237 = CARTESIAN_POINT('',(13.076483815648,-4.74,2.151870310825));
#5238 = CARTESIAN_POINT('',(13.030043086817,-4.74,2.10916977492));
#5239 = ORIENTED_EDGE('',*,*,#5240,.F.);
#5240 = EDGE_CURVE('',#5241,#5217,#5243,.T.);
#5241 = VERTEX_POINT('',#5242);
#5242 = CARTESIAN_POINT('',(12.713996784566,-4.74,1.800603858521));
#5243 = B_SPLINE_CURVE_WITH_KNOTS('',3,(#5244,#5245,#5246,#5247,#5248,
    #5249,#5250,#5251,#5252,#5253,#5254,#5255,#5256,#5257,#5258,#5259,
    #5260,#5261,#5262,#5263,#5264,#5265,#5266,#5267,#5268,#5269,#5270,
    #5271,#5272,#5273,#5274,#5275),.UNSPECIFIED.,.F.,.F.,(4,3,3,2,3,3,3,
    3,2,3,3,4),(0.11109358042,0.147316138585,0.169282708149,
    0.186089543573,0.205621811768,0.227553170805,0.421500621994,
    0.445685185975,0.464795990797,0.483472459146,0.505949993647,
    0.616239425775),.UNSPECIFIED.);
#5244 = CARTESIAN_POINT('',(12.713996784566,-4.74,1.800603858521));
#5245 = CARTESIAN_POINT('',(12.713996784566,-4.74,1.731098606645));
#5246 = CARTESIAN_POINT('',(12.713996784566,-4.74,1.66159335477));
#5247 = CARTESIAN_POINT('',(12.713996784566,-4.74,1.592088102894));
#5248 = CARTESIAN_POINT('',(12.713996784566,-4.74,1.541595498392));
#5249 = CARTESIAN_POINT('',(12.700906109325,-4.74,1.502323472669));
#5250 = CARTESIAN_POINT('',(12.674724758842,-4.74,1.475207073955));
#5251 = CARTESIAN_POINT('',(12.648092283552,-4.74,1.447623438833));
#5252 = CARTESIAN_POINT('',(12.61768681672,-4.74,1.435));
#5253 = CARTESIAN_POINT('',(12.542882958199,-4.74,1.435));
#5254 = CARTESIAN_POINT('',(12.512026366559,-4.74,1.448090675241));
#5255 = CARTESIAN_POINT('',(12.488650160772,-4.74,1.475207073955));
#5256 = CARTESIAN_POINT('',(12.46613501577,-4.74,1.501324642157));
#5257 = CARTESIAN_POINT('',(12.454053376206,-4.74,1.541595498392));
#5258 = CARTESIAN_POINT('',(12.454053376206,-4.74,1.593958199357));
#5259 = CARTESIAN_POINT('',(12.454053376206,-4.74,1.966107395498));
#5260 = CARTESIAN_POINT('',(12.454053376206,-4.74,2.33825659164));
#5261 = CARTESIAN_POINT('',(12.454053376206,-4.74,2.710405787781));
#5262 = CARTESIAN_POINT('',(12.454053376206,-4.74,2.768378778135));
#5263 = CARTESIAN_POINT('',(12.465273954984,-4.74,2.812326045016));
#5264 = CARTESIAN_POINT('',(12.48771511254,-4.74,2.843182636656));
#5265 = CARTESIAN_POINT('',(12.509711490397,-4.74,2.873427656209));
#5266 = CARTESIAN_POINT('',(12.541947909968,-4.74,2.889));
#5267 = CARTESIAN_POINT('',(12.623297106109,-4.74,2.889));
#5268 = CARTESIAN_POINT('',(12.655088745981,-4.74,2.874974276527));
#5269 = CARTESIAN_POINT('',(12.678464951768,-4.74,2.847857877814));
#5270 = CARTESIAN_POINT('',(12.702702218342,-4.74,2.819742648588));
#5271 = CARTESIAN_POINT('',(12.713996784566,-4.74,2.779599356913));
#5272 = CARTESIAN_POINT('',(12.713996784566,-4.74,2.726301607717));
#5273 = CARTESIAN_POINT('',(12.713996784566,-4.74,2.514669024652));
#5274 = CARTESIAN_POINT('',(12.713996784566,-4.74,2.303036441586));
#5275 = CARTESIAN_POINT('',(12.713996784566,-4.74,2.091403858521));
#5276 = ORIENTED_EDGE('',*,*,#5277,.F.);
#5277 = EDGE_CURVE('',#5278,#5241,#5280,.T.);
#5278 = VERTEX_POINT('',#5279);
#5279 = CARTESIAN_POINT('',(12.856124115756,-4.74,1.934315755627));
#5280 = B_SPLINE_CURVE_WITH_KNOTS('',3,(#5281,#5282,#5283,#5284),
  .UNSPECIFIED.,.F.,.F.,(4,4),(7.719486094317E-02,0.11109358042),
  .PIECEWISE_BEZIER_KNOTS.);
#5281 = CARTESIAN_POINT('',(12.856124115756,-4.74,1.934315755627));
#5282 = CARTESIAN_POINT('',(12.808748338692,-4.74,1.889745123258));
#5283 = CARTESIAN_POINT('',(12.761372561629,-4.74,1.84517449089));
#5284 = CARTESIAN_POINT('',(12.713996784566,-4.74,1.800603858521));
#5285 = ORIENTED_EDGE('',*,*,#5286,.F.);
#5286 = EDGE_CURVE('',#5193,#5278,#5287,.T.);
#5287 = B_SPLINE_CURVE_WITH_KNOTS('',3,(#5288,#5289,#5290,#5291),
  .UNSPECIFIED.,.F.,.F.,(4,4),(0.,7.719486094317E-02),
  .PIECEWISE_BEZIER_KNOTS.);
#5288 = CARTESIAN_POINT('',(13.087081028939,-4.74,1.554686173633));
#5289 = CARTESIAN_POINT('',(13.007901281902,-4.74,1.67984125766));
#5290 = CARTESIAN_POINT('',(12.933109753483,-4.74,1.807772561629));
#5291 = CARTESIAN_POINT('',(12.856124115756,-4.74,1.934315755627));
#5292 = B_SPLINE_SURFACE_WITH_KNOTS('',1,1,(
    (#5293,#5294)
    ,(#5295,#5296
    )),.UNSPECIFIED.,.F.,.F.,.F.,(2,2),(2,2),(-1.221052062217,
    0.232947937783),(-0.856616465709,4.383498123596E-02),
  .PIECEWISE_BEZIER_KNOTS.);
#5293 = CARTESIAN_POINT('',(12.454053376206,-4.74,2.889));
#5294 = CARTESIAN_POINT('',(13.354504823151,-4.74,2.889));
#5295 = CARTESIAN_POINT('',(12.454053376206,-4.74,1.435));
#5296 = CARTESIAN_POINT('',(13.354504823151,-4.74,1.435));
#5297 = ADVANCED_FACE('',(#5298),#5312,.T.);
#5298 = FACE_BOUND('',#5299,.T.);
#5299 = EDGE_LOOP('',(#5300,#5301,#5306,#5307));
#5300 = ORIENTED_EDGE('',*,*,#1167,.F.);
#5301 = ORIENTED_EDGE('',*,*,#5302,.F.);
#5302 = EDGE_CURVE('',#5191,#1144,#5303,.T.);
#5303 = B_SPLINE_CURVE_WITH_KNOTS('',1,(#5304,#5305),.UNSPECIFIED.,.F.,
  .F.,(2,2),(0.,1.E-02),.PIECEWISE_BEZIER_KNOTS.);
#5304 = CARTESIAN_POINT('',(13.030043086817,-4.74,2.10916977492));
#5305 = CARTESIAN_POINT('',(13.030043086817,-4.75,2.10916977492));
#5306 = ORIENTED_EDGE('',*,*,#5190,.T.);
#5307 = ORIENTED_EDGE('',*,*,#5308,.T.);
#5308 = EDGE_CURVE('',#5193,#1168,#5309,.T.);
#5309 = B_SPLINE_CURVE_WITH_KNOTS('',1,(#5310,#5311),.UNSPECIFIED.,.F.,
  .F.,(2,2),(0.,1.E-02),.PIECEWISE_BEZIER_KNOTS.);
#5310 = CARTESIAN_POINT('',(13.087081028939,-4.74,1.554686173633));
#5311 = CARTESIAN_POINT('',(13.087081028939,-4.75,1.554686173633));
#5312 = B_SPLINE_SURFACE_WITH_KNOTS('',3,1,(
    (#5313,#5314)
    ,(#5315,#5316)
    ,(#5317,#5318)
    ,(#5319,#5320)
    ,(#5321,#5322)
    ,(#5323,#5324)
    ,(#5325,#5326)
    ,(#5327,#5328)
    ,(#5329,#5330)
    ,(#5331,#5332
    )),.UNSPECIFIED.,.F.,.F.,.F.,(4,1,1,1,1,1,1,4),(2,2),(0.820012958775
    ,0.865009719081,0.887508099234,0.910006479387,0.93250485954,
    0.955003239694,0.977501619847,1.),(0.,1.),.UNSPECIFIED.);
#5313 = CARTESIAN_POINT('',(13.030043086817,-4.74,2.10916977492));
#5314 = CARTESIAN_POINT('',(13.030043086817,-4.75,2.10916977492));
#5315 = CARTESIAN_POINT('',(13.076397739214,-4.74,2.036326749725));
#5316 = CARTESIAN_POINT('',(13.076397739214,-4.75,2.036326749725));
#5317 = CARTESIAN_POINT('',(13.146657850735,-4.74,1.926844483893));
#5318 = CARTESIAN_POINT('',(13.146657850735,-4.75,1.926844483893));
#5319 = CARTESIAN_POINT('',(13.237425467726,-4.74,1.781739041608));
#5320 = CARTESIAN_POINT('',(13.237425467726,-4.75,1.781739041608));
#5321 = CARTESIAN_POINT('',(13.312782509728,-4.74,1.670732679499));
#5322 = CARTESIAN_POINT('',(13.312782509728,-4.75,1.670732679499));
#5323 = CARTESIAN_POINT('',(13.375463544851,-4.74,1.543017867092));
#5324 = CARTESIAN_POINT('',(13.375463544851,-4.75,1.543017867092));
#5325 = CARTESIAN_POINT('',(13.304689091621,-4.74,1.430976053912));
#5326 = CARTESIAN_POINT('',(13.304689091621,-4.75,1.430976053912));
#5327 = CARTESIAN_POINT('',(13.161534035914,-4.74,1.430097229878));
#5328 = CARTESIAN_POINT('',(13.161534035914,-4.75,1.430097229878));
#5329 = CARTESIAN_POINT('',(13.125102707782,-4.74,1.494587390945));
#5330 = CARTESIAN_POINT('',(13.125102707782,-4.75,1.494587390945));
#5331 = CARTESIAN_POINT('',(13.087081028939,-4.74,1.554686173633));
#5332 = CARTESIAN_POINT('',(13.087081028939,-4.75,1.554686173633));
#5333 = ADVANCED_FACE('',(#5334),#5344,.T.);
#5334 = FACE_BOUND('',#5335,.T.);
#5335 = EDGE_LOOP('',(#5336,#5337,#5338,#5339));
#5336 = ORIENTED_EDGE('',*,*,#1191,.F.);
#5337 = ORIENTED_EDGE('',*,*,#5308,.F.);
#5338 = ORIENTED_EDGE('',*,*,#5286,.T.);
#5339 = ORIENTED_EDGE('',*,*,#5340,.T.);
#5340 = EDGE_CURVE('',#5278,#1192,#5341,.T.);
#5341 = B_SPLINE_CURVE_WITH_KNOTS('',1,(#5342,#5343),.UNSPECIFIED.,.F.,
  .F.,(2,2),(0.,1.E-02),.PIECEWISE_BEZIER_KNOTS.);
#5342 = CARTESIAN_POINT('',(12.856124115756,-4.74,1.934315755627));
#5343 = CARTESIAN_POINT('',(12.856124115756,-4.75,1.934315755627));
#5344 = B_SPLINE_SURFACE_WITH_KNOTS('',3,1,(
    (#5345,#5346)
    ,(#5347,#5348)
    ,(#5349,#5350)
    ,(#5351,#5352
    )),.UNSPECIFIED.,.F.,.F.,.F.,(4,4),(2,2),(0.,7.719486094317E-02),(0.
    ,1.),.PIECEWISE_BEZIER_KNOTS.);
#5345 = CARTESIAN_POINT('',(13.087081028939,-4.74,1.554686173633));
#5346 = CARTESIAN_POINT('',(13.087081028939,-4.75,1.554686173633));
#5347 = CARTESIAN_POINT('',(13.007901281902,-4.74,1.67984125766));
#5348 = CARTESIAN_POINT('',(13.007901281902,-4.75,1.67984125766));
#5349 = CARTESIAN_POINT('',(12.933109753483,-4.74,1.807772561629));
#5350 = CARTESIAN_POINT('',(12.933109753483,-4.75,1.807772561629));
#5351 = CARTESIAN_POINT('',(12.856124115756,-4.74,1.934315755627));
#5352 = CARTESIAN_POINT('',(12.856124115756,-4.75,1.934315755627));
#5353 = ADVANCED_FACE('',(#5354),#5364,.T.);
#5354 = FACE_BOUND('',#5355,.T.);
#5355 = EDGE_LOOP('',(#5356,#5357,#5358,#5359));
#5356 = ORIENTED_EDGE('',*,*,#1200,.F.);
#5357 = ORIENTED_EDGE('',*,*,#5340,.F.);
#5358 = ORIENTED_EDGE('',*,*,#5277,.T.);
#5359 = ORIENTED_EDGE('',*,*,#5360,.T.);
#5360 = EDGE_CURVE('',#5241,#1201,#5361,.T.);
#5361 = B_SPLINE_CURVE_WITH_KNOTS('',1,(#5362,#5363),.UNSPECIFIED.,.F.,
  .F.,(2,2),(0.,1.E-02),.PIECEWISE_BEZIER_KNOTS.);
#5362 = CARTESIAN_POINT('',(12.713996784566,-4.74,1.800603858521));
#5363 = CARTESIAN_POINT('',(12.713996784566,-4.75,1.800603858521));
#5364 = B_SPLINE_SURFACE_WITH_KNOTS('',1,1,(
    (#5365,#5366)
    ,(#5367,#5368
    )),.UNSPECIFIED.,.F.,.F.,.F.,(2,2),(2,2),(-0.195138539758,0.),(
    -1.E-02,0.),.PIECEWISE_BEZIER_KNOTS.);
#5365 = CARTESIAN_POINT('',(12.713996784566,-4.75,1.800603858521));
#5366 = CARTESIAN_POINT('',(12.713996784566,-4.74,1.800603858521));
#5367 = CARTESIAN_POINT('',(12.856124115756,-4.75,1.934315755627));
#5368 = CARTESIAN_POINT('',(12.856124115756,-4.74,1.934315755627));
#5369 = ADVANCED_FACE('',(#5370),#5380,.T.);
#5370 = FACE_BOUND('',#5371,.T.);
#5371 = EDGE_LOOP('',(#5372,#5373,#5374,#5375));
#5372 = ORIENTED_EDGE('',*,*,#1209,.F.);
#5373 = ORIENTED_EDGE('',*,*,#5360,.F.);
#5374 = ORIENTED_EDGE('',*,*,#5240,.T.);
#5375 = ORIENTED_EDGE('',*,*,#5376,.T.);
#5376 = EDGE_CURVE('',#5217,#1142,#5377,.T.);
#5377 = B_SPLINE_CURVE_WITH_KNOTS('',1,(#5378,#5379),.UNSPECIFIED.,.F.,
  .F.,(2,2),(0.,1.E-02),.PIECEWISE_BEZIER_KNOTS.);
#5378 = CARTESIAN_POINT('',(12.713996784566,-4.74,2.091403858521));
#5379 = CARTESIAN_POINT('',(12.713996784566,-4.75,2.091403858521));
#5380 = B_SPLINE_SURFACE_WITH_KNOTS('',3,1,(
    (#5381,#5382)
    ,(#5383,#5384)
    ,(#5385,#5386)
    ,(#5387,#5388)
    ,(#5389,#5390)
    ,(#5391,#5392)
    ,(#5393,#5394)
    ,(#5395,#5396)
    ,(#5397,#5398)
    ,(#5399,#5400)
    ,(#5401,#5402)
    ,(#5403,#5404)
    ,(#5405,#5406)
    ,(#5407,#5408)
    ,(#5409,#5410)
    ,(#5411,#5412)
    ,(#5413,#5414)
    ,(#5415,#5416
    )),.UNSPECIFIED.,.F.,.F.,.F.,(4,1,1,1,1,1,1,1,1,1,1,1,1,1,1,4),(2,2)
  ,(0.11109358042,0.142665195755,0.17423681109,0.205808426424,
    0.237380041759,0.268951657094,0.300523272428,0.332094887763,
    0.363666503097,0.395238118432,0.426809733767,0.458381349101,
    0.489952964436,0.521524579771,0.553096195105,0.616239425775),(0.,1.)
  ,.UNSPECIFIED.);
#5381 = CARTESIAN_POINT('',(12.713996784566,-4.74,1.800603858521));
#5382 = CARTESIAN_POINT('',(12.713996784566,-4.75,1.800603858521));
#5383 = CARTESIAN_POINT('',(12.713996784566,-4.74,1.74002301644));
#5384 = CARTESIAN_POINT('',(12.713996784566,-4.75,1.74002301644));
#5385 = CARTESIAN_POINT('',(12.722951326768,-4.74,1.62544245148));
#5386 = CARTESIAN_POINT('',(12.722951326768,-4.75,1.62544245148));
#5387 = CARTESIAN_POINT('',(12.682655886858,-4.74,1.414084888829));
#5388 = CARTESIAN_POINT('',(12.682655886858,-4.75,1.414084888829));
#5389 = CARTESIAN_POINT('',(12.447501700652,-4.74,1.44614527697));
#5390 = CARTESIAN_POINT('',(12.447501700652,-4.75,1.44614527697));
#5391 = CARTESIAN_POINT('',(12.455803400892,-4.74,1.656595119364));
#5392 = CARTESIAN_POINT('',(12.455803400892,-4.75,1.656595119364));
#5393 = CARTESIAN_POINT('',(12.453604953014,-4.74,1.830630419574));
#5394 = CARTESIAN_POINT('',(12.453604953014,-4.75,1.830630419574));
#5395 = CARTESIAN_POINT('',(12.454097044288,-4.74,2.01448073827));
#5396 = CARTESIAN_POINT('',(12.454097044288,-4.75,2.01448073827));
#5397 = CARTESIAN_POINT('',(12.45432712707,-4.74,2.195485525205));
#5398 = CARTESIAN_POINT('',(12.45432712707,-4.75,2.195485525205));
#5399 = CARTESIAN_POINT('',(12.452914704668,-4.74,2.378057420697));
#5400 = CARTESIAN_POINT('',(12.452914704668,-4.75,2.378057420697));
#5401 = CARTESIAN_POINT('',(12.458334311492,-4.74,2.557206413725));
#5402 = CARTESIAN_POINT('',(12.458334311492,-4.75,2.557206413725));
#5403 = CARTESIAN_POINT('',(12.4380683066,-4.74,2.748479908051));
#5404 = CARTESIAN_POINT('',(12.4380683066,-4.75,2.748479908051));
#5405 = CARTESIAN_POINT('',(12.52344590433,-4.74,2.928278724342));
#5406 = CARTESIAN_POINT('',(12.52344590433,-4.75,2.928278724342));
#5407 = CARTESIAN_POINT('',(12.736479199086,-4.74,2.841029239576));
#5408 = CARTESIAN_POINT('',(12.736479199086,-4.75,2.841029239576));
#5409 = CARTESIAN_POINT('',(12.708080359692,-4.74,2.630686701037));
#5410 = CARTESIAN_POINT('',(12.708080359692,-4.75,2.630686701037));
#5411 = CARTESIAN_POINT('',(12.71754663949,-4.74,2.397889605375));
#5412 = CARTESIAN_POINT('',(12.71754663949,-4.75,2.397889605375));
#5413 = CARTESIAN_POINT('',(12.713996784566,-4.74,2.212568368591));
#5414 = CARTESIAN_POINT('',(12.713996784566,-4.75,2.212568368591));
#5415 = CARTESIAN_POINT('',(12.713996784566,-4.74,2.091403858521));
#5416 = CARTESIAN_POINT('',(12.713996784566,-4.75,2.091403858521));
#5417 = ADVANCED_FACE('',(#5418),#5424,.T.);
#5418 = FACE_BOUND('',#5419,.T.);
#5419 = EDGE_LOOP('',(#5420,#5421,#5422,#5423));
#5420 = ORIENTED_EDGE('',*,*,#1141,.F.);
#5421 = ORIENTED_EDGE('',*,*,#5376,.F.);
#5422 = ORIENTED_EDGE('',*,*,#5216,.T.);
#5423 = ORIENTED_EDGE('',*,*,#5302,.T.);
#5424 = B_SPLINE_SURFACE_WITH_KNOTS('',3,1,(
    (#5425,#5426)
    ,(#5427,#5428)
    ,(#5429,#5430)
    ,(#5431,#5432)
    ,(#5433,#5434)
    ,(#5435,#5436)
    ,(#5437,#5438)
    ,(#5439,#5440)
    ,(#5441,#5442)
    ,(#5443,#5444)
    ,(#5445,#5446)
    ,(#5447,#5448
    )),.UNSPECIFIED.,.F.,.F.,.F.,(4,1,1,1,1,1,1,1,1,4),(2,2),(
    0.616239425775,0.667182809025,0.69265450065,0.705390346462,
    0.718126192275,0.7435978839,0.769069575525,0.781805421337,
    0.79454126715,0.820012958775),(0.,1.),.UNSPECIFIED.);
#5425 = CARTESIAN_POINT('',(12.713996784566,-4.74,2.091403858521));
#5426 = CARTESIAN_POINT('',(12.713996784566,-4.75,2.091403858521));
#5427 = CARTESIAN_POINT('',(12.781492268468,-4.74,2.162113413085));
#5428 = CARTESIAN_POINT('',(12.781492268468,-4.75,2.162113413085));
#5429 = CARTESIAN_POINT('',(12.885285728448,-4.74,2.269780340094));
#5430 = CARTESIAN_POINT('',(12.885285728448,-4.75,2.269780340094));
#5431 = CARTESIAN_POINT('',(12.997452278978,-4.74,2.389782671865));
#5432 = CARTESIAN_POINT('',(12.997452278978,-4.75,2.389782671865));
#5433 = CARTESIAN_POINT('',(13.094560684923,-4.74,2.487139348902));
#5434 = CARTESIAN_POINT('',(13.094560684923,-4.75,2.487139348902));
#5435 = CARTESIAN_POINT('',(13.162164123127,-4.74,2.510405162958));
#5436 = CARTESIAN_POINT('',(13.162164123127,-4.75,2.510405162958));
#5437 = CARTESIAN_POINT('',(13.275318369928,-4.74,2.459988830696));
#5438 = CARTESIAN_POINT('',(13.275318369928,-4.75,2.459988830696));
#5439 = CARTESIAN_POINT('',(13.294000653657,-4.74,2.379908388059));
#5440 = CARTESIAN_POINT('',(13.294000653657,-4.75,2.379908388059));
#5441 = CARTESIAN_POINT('',(13.2095047681,-4.74,2.270864140648));
#5442 = CARTESIAN_POINT('',(13.2095047681,-4.75,2.270864140648));
#5443 = CARTESIAN_POINT('',(13.109038163125,-4.74,2.184639970483));
#5444 = CARTESIAN_POINT('',(13.109038163125,-4.75,2.184639970483));
#5445 = CARTESIAN_POINT('',(13.066021686073,-4.74,2.142250768867));
#5446 = CARTESIAN_POINT('',(13.066021686073,-4.75,2.142250768867));
#5447 = CARTESIAN_POINT('',(13.030043086817,-4.74,2.10916977492));
#5448 = CARTESIAN_POINT('',(13.030043086817,-4.75,2.10916977492));
#5449 = ADVANCED_FACE('',(#5450,#5473),#5567,.T.);
#5450 = FACE_BOUND('',#5451,.T.);
#5451 = EDGE_LOOP('',(#5452,#5461,#5468));
#5452 = ORIENTED_EDGE('',*,*,#5453,.F.);
#5453 = EDGE_CURVE('',#5454,#5456,#5458,.T.);
#5454 = VERTEX_POINT('',#5455);
#5455 = CARTESIAN_POINT('',(11.821025723473,-4.74,1.975457877814));
#5456 = VERTEX_POINT('',#5457);
#5457 = CARTESIAN_POINT('',(11.821025723473,-4.74,2.532746623794));
#5458 = B_SPLINE_CURVE_WITH_KNOTS('',1,(#5459,#5460),.UNSPECIFIED.,.F.,
  .F.,(2,2),(0.247973541939,0.58310331744),.PIECEWISE_BEZIER_KNOTS.);
#5459 = CARTESIAN_POINT('',(11.821025723473,-4.74,1.975457877814));
#5460 = CARTESIAN_POINT('',(11.821025723473,-4.74,2.532746623794));
#5461 = ORIENTED_EDGE('',*,*,#5462,.F.);
#5462 = EDGE_CURVE('',#5463,#5454,#5465,.T.);
#5463 = VERTEX_POINT('',#5464);
#5464 = CARTESIAN_POINT('',(11.408669453376,-4.74,1.975457877814));
#5465 = B_SPLINE_CURVE_WITH_KNOTS('',1,(#5466,#5467),.UNSPECIFIED.,.F.,
  .F.,(2,2),(0.,0.247973541939),.PIECEWISE_BEZIER_KNOTS.);
#5466 = CARTESIAN_POINT('',(11.408669453376,-4.74,1.975457877814));
#5467 = CARTESIAN_POINT('',(11.821025723473,-4.74,1.975457877814));
#5468 = ORIENTED_EDGE('',*,*,#5469,.F.);
#5469 = EDGE_CURVE('',#5456,#5463,#5470,.T.);
#5470 = B_SPLINE_CURVE_WITH_KNOTS('',1,(#5471,#5472),.UNSPECIFIED.,.F.,
  .F.,(2,2),(0.58310331744,1.),.PIECEWISE_BEZIER_KNOTS.);
#5471 = CARTESIAN_POINT('',(11.821025723473,-4.74,2.532746623794));
#5472 = CARTESIAN_POINT('',(11.408669453376,-4.74,1.975457877814));
#5473 = FACE_BOUND('',#5474,.T.);
#5474 = EDGE_LOOP('',(#5475,#5497,#5519,#5560));
#5475 = ORIENTED_EDGE('',*,*,#5476,.F.);
#5476 = EDGE_CURVE('',#5477,#5479,#5481,.T.);
#5477 = VERTEX_POINT('',#5478);
#5478 = CARTESIAN_POINT('',(12.06039807074,-4.74,1.760396784566));
#5479 = VERTEX_POINT('',#5480);
#5480 = CARTESIAN_POINT('',(11.821025723473,-4.74,1.580867524116));
#5481 = B_SPLINE_CURVE_WITH_KNOTS('',3,(#5482,#5483,#5484,#5485,#5486,
    #5487,#5488,#5489,#5490,#5491,#5492,#5493,#5494,#5495,#5496),
  .UNSPECIFIED.,.F.,.F.,(4,3,3,2,3,4),(0.85917558634,0.90074304162,
    0.928016818471,0.950773945046,0.972947555554,1.),.UNSPECIFIED.);
#5482 = CARTESIAN_POINT('',(12.06039807074,-4.74,1.760396784566));
#5483 = CARTESIAN_POINT('',(12.06039807074,-4.74,1.700553697749));
#5484 = CARTESIAN_POINT('',(12.06039807074,-4.74,1.640710610932));
#5485 = CARTESIAN_POINT('',(12.06039807074,-4.74,1.580867524116));
#5486 = CARTESIAN_POINT('',(12.06039807074,-4.74,1.531309967846));
#5487 = CARTESIAN_POINT('',(12.050112540193,-4.74,1.494843086817));
#5488 = CARTESIAN_POINT('',(12.027671382637,-4.74,1.470531832797));
#5489 = CARTESIAN_POINT('',(12.006126437443,-4.74,1.447191475504));
#5490 = CARTESIAN_POINT('',(11.977178778135,-4.74,1.435));
#5491 = CARTESIAN_POINT('',(11.905180064309,-4.74,1.435));
#5492 = CARTESIAN_POINT('',(11.876193569132,-4.74,1.44715562701));
#5493 = CARTESIAN_POINT('',(11.853752411576,-4.74,1.471466881029));
#5494 = CARTESIAN_POINT('',(11.831275405525,-4.74,1.495816970917));
#5495 = CARTESIAN_POINT('',(11.821025723473,-4.74,1.533180064309));
#5496 = CARTESIAN_POINT('',(11.821025723473,-4.74,1.580867524116));
#5497 = ORIENTED_EDGE('',*,*,#5498,.F.);
#5498 = EDGE_CURVE('',#5499,#5477,#5501,.T.);
#5499 = VERTEX_POINT('',#5500);
#5500 = CARTESIAN_POINT('',(12.06039807074,-4.74,1.975457877814));
#5501 = B_SPLINE_CURVE_WITH_KNOTS('',3,(#5502,#5503,#5504,#5505,#5506,
    #5507,#5508,#5509,#5510,#5511,#5512,#5513,#5514,#5515,#5516,#5517,
    #5518),.UNSPECIFIED.,.F.,.F.,(4,3,3,2,2,3,4),(0.735696688289,
    0.745222563457,0.773320077179,0.800397979583,0.822962898253,
    0.845527816922,0.85917558634),.UNSPECIFIED.);
#5502 = CARTESIAN_POINT('',(12.06039807074,-4.74,1.975457877814));
#5503 = CARTESIAN_POINT('',(12.074112111468,-4.74,1.975457877814));
#5504 = CARTESIAN_POINT('',(12.087826152197,-4.74,1.975457877814));
#5505 = CARTESIAN_POINT('',(12.101540192926,-4.74,1.975457877814));
#5506 = CARTESIAN_POINT('',(12.151097749196,-4.74,1.975457877814));
#5507 = CARTESIAN_POINT('',(12.19036977492,-4.74,1.967977491961));
#5508 = CARTESIAN_POINT('',(12.220291318328,-4.74,1.95488681672));
#5509 = CARTESIAN_POINT('',(12.25055622371,-4.74,1.941645920616));
#5510 = CARTESIAN_POINT('',(12.265173633441,-4.74,1.911874598071));
#5511 = CARTESIAN_POINT('',(12.265173633441,-4.74,1.829590353698));
#5512 = CARTESIAN_POINT('',(12.253018006431,-4.74,1.802473954984));
#5513 = CARTESIAN_POINT('',(12.204395498392,-4.74,1.76881221865));
#5514 = CARTESIAN_POINT('',(12.167928617363,-4.74,1.760396784566));
#5515 = CARTESIAN_POINT('',(12.119306109325,-4.74,1.760396784566));
#5516 = CARTESIAN_POINT('',(12.099670096463,-4.74,1.760396784566));
#5517 = CARTESIAN_POINT('',(12.080034083601,-4.74,1.760396784566));
#5518 = CARTESIAN_POINT('',(12.06039807074,-4.74,1.760396784566));
#5519 = ORIENTED_EDGE('',*,*,#5520,.F.);
#5520 = EDGE_CURVE('',#5521,#5499,#5523,.T.);
#5521 = VERTEX_POINT('',#5522);
#5522 = CARTESIAN_POINT('',(11.821025723473,-4.74,1.760396784566));
#5523 = B_SPLINE_CURVE_WITH_KNOTS('',3,(#5524,#5525,#5526,#5527,#5528,
    #5529,#5530,#5531,#5532,#5533,#5534,#5535,#5536,#5537,#5538,#5539,
    #5540,#5541,#5542,#5543,#5544,#5545,#5546,#5547,#5548,#5549,#5550,
    #5551,#5552,#5553,#5554,#5555,#5556,#5557,#5558,#5559),
  .UNSPECIFIED.,.F.,.F.,(4,3,3,2,3,3,3,3,3,3,3,3,4),(4.156745527996E-02,
    0.153063494182,0.18661100268,0.216560030369,0.22419409625,
    0.234378217493,0.245730746571,0.259327564415,0.455777528097,
    0.485309514301,0.504884885974,0.563792072282,0.735696688289),
  .UNSPECIFIED.);
#5524 = CARTESIAN_POINT('',(11.821025723473,-4.74,1.760396784566));
#5525 = CARTESIAN_POINT('',(11.660509110397,-4.74,1.760396784566));
#5526 = CARTESIAN_POINT('',(11.49999249732,-4.74,1.760396784566));
#5527 = CARTESIAN_POINT('',(11.339475884244,-4.74,1.760396784566));
#5528 = CARTESIAN_POINT('',(11.279632797428,-4.74,1.760396784566));
#5529 = CARTESIAN_POINT('',(11.233815434084,-4.74,1.774422508039));
#5530 = CARTESIAN_POINT('',(11.203893890675,-4.74,1.801538906752));
#5531 = CARTESIAN_POINT('',(11.173458948131,-4.74,1.829120573433));
#5532 = CARTESIAN_POINT('',(11.158076527331,-4.74,1.866057234727));
#5533 = CARTESIAN_POINT('',(11.158076527331,-4.74,1.925900321543));
#5534 = CARTESIAN_POINT('',(11.159946623794,-4.74,1.938055948553));
#5535 = CARTESIAN_POINT('',(11.164621864952,-4.74,1.950211575563));
#5536 = CARTESIAN_POINT('',(11.169610395465,-4.74,1.963181754898));
#5537 = CARTESIAN_POINT('',(11.17584244373,-4.74,1.976392926045));
#5538 = CARTESIAN_POINT('',(11.184257877814,-4.74,1.989483601286));
#5539 = CARTESIAN_POINT('',(11.193372066352,-4.74,2.003661227901));
#5540 = CARTESIAN_POINT('',(11.202958842444,-4.74,2.0166));
#5541 = CARTESIAN_POINT('',(11.212309324759,-4.74,2.029690675241));
#5542 = CARTESIAN_POINT('',(11.221217554532,-4.74,2.042162196924));
#5543 = CARTESIAN_POINT('',(11.233815434084,-4.74,2.057742122187));
#5544 = CARTESIAN_POINT('',(11.247841157556,-4.74,2.076443086817));
#5545 = CARTESIAN_POINT('',(11.417533710611,-4.74,2.302699824223));
#5546 = CARTESIAN_POINT('',(11.586328617363,-4.74,2.529629796356));
#5547 = CARTESIAN_POINT('',(11.755572347267,-4.74,2.756223151125));
#5548 = CARTESIAN_POINT('',(11.789144918908,-4.74,2.801172063801));
#5549 = CARTESIAN_POINT('',(11.816350482315,-4.74,2.833832154341));
#5550 = CARTESIAN_POINT('',(11.83785659164,-4.74,2.853468167203));
#5551 = CARTESIAN_POINT('',(11.859828297146,-4.74,2.873529289621));
#5552 = CARTESIAN_POINT('',(11.884609003215,-4.74,2.883389710611));
#5553 = CARTESIAN_POINT('',(11.914530546624,-4.74,2.884324758842));
#5554 = CARTESIAN_POINT('',(12.011651497765,-4.74,2.887359788566));
#5555 = CARTESIAN_POINT('',(12.06039807074,-4.74,2.828221864952));
#5556 = CARTESIAN_POINT('',(12.06039807074,-4.74,2.716951125402));
#5557 = CARTESIAN_POINT('',(12.06039807074,-4.74,2.469786709539));
#5558 = CARTESIAN_POINT('',(12.06039807074,-4.74,2.222622293676));
#5559 = CARTESIAN_POINT('',(12.06039807074,-4.74,1.975457877814));
#5560 = ORIENTED_EDGE('',*,*,#5561,.F.);
#5561 = EDGE_CURVE('',#5479,#5521,#5562,.T.);
#5562 = B_SPLINE_CURVE_WITH_KNOTS('',3,(#5563,#5564,#5565,#5566),
  .UNSPECIFIED.,.F.,.F.,(4,4),(0.,4.156745527996E-02),
  .PIECEWISE_BEZIER_KNOTS.);
#5563 = CARTESIAN_POINT('',(11.821025723473,-4.74,1.580867524116));
#5564 = CARTESIAN_POINT('',(11.821025723473,-4.74,1.640710610932));
#5565 = CARTESIAN_POINT('',(11.821025723473,-4.74,1.700553697749));
#5566 = CARTESIAN_POINT('',(11.821025723473,-4.74,1.760396784566));
#5567 = B_SPLINE_SURFACE_WITH_KNOTS('',1,1,(
    (#5568,#5569)
    ,(#5570,#5571
    )),.UNSPECIFIED.,.F.,.F.,.F.,(2,2),(2,2),(-1.421501933821,
    3.08578547445E-02),(-0.865027099857,0.242070006252),
  .PIECEWISE_BEZIER_KNOTS.);
#5568 = CARTESIAN_POINT('',(11.158076527331,-4.74,2.887359788566));
#5569 = CARTESIAN_POINT('',(12.265173633441,-4.74,2.887359788566));
#5570 = CARTESIAN_POINT('',(11.158076527331,-4.74,1.435));
#5571 = CARTESIAN_POINT('',(12.265173633441,-4.74,1.435));
#5572 = ADVANCED_FACE('',(#5573),#5587,.T.);
#5573 = FACE_BOUND('',#5574,.T.);
#5574 = EDGE_LOOP('',(#5575,#5576,#5581,#5582));
#5575 = ORIENTED_EDGE('',*,*,#2035,.F.);
#5576 = ORIENTED_EDGE('',*,*,#5577,.F.);
#5577 = EDGE_CURVE('',#5477,#2014,#5578,.T.);
#5578 = B_SPLINE_CURVE_WITH_KNOTS('',1,(#5579,#5580),.UNSPECIFIED.,.F.,
  .F.,(2,2),(0.,1.E-02),.PIECEWISE_BEZIER_KNOTS.);
#5579 = CARTESIAN_POINT('',(12.06039807074,-4.74,1.760396784566));
#5580 = CARTESIAN_POINT('',(12.06039807074,-4.75,1.760396784566));
#5581 = ORIENTED_EDGE('',*,*,#5476,.T.);
#5582 = ORIENTED_EDGE('',*,*,#5583,.T.);
#5583 = EDGE_CURVE('',#5479,#2036,#5584,.T.);
#5584 = B_SPLINE_CURVE_WITH_KNOTS('',1,(#5585,#5586),.UNSPECIFIED.,.F.,
  .F.,(2,2),(0.,1.E-02),.PIECEWISE_BEZIER_KNOTS.);
#5585 = CARTESIAN_POINT('',(11.821025723473,-4.74,1.580867524116));
#5586 = CARTESIAN_POINT('',(11.821025723473,-4.75,1.580867524116));
#5587 = B_SPLINE_SURFACE_WITH_KNOTS('',3,1,(
    (#5588,#5589)
    ,(#5590,#5591)
    ,(#5592,#5593)
    ,(#5594,#5595)
    ,(#5596,#5597)
    ,(#5598,#5599)
    ,(#5600,#5601
    )),.UNSPECIFIED.,.F.,.F.,.F.,(4,1,1,1,4),(2,2),(0.85917558634,
    0.894381689755,0.92958779317,0.964793896585,1.),(0.,1.),
  .UNSPECIFIED.);
#5588 = CARTESIAN_POINT('',(12.06039807074,-4.74,1.760396784566));
#5589 = CARTESIAN_POINT('',(12.06039807074,-4.75,1.760396784566));
#5590 = CARTESIAN_POINT('',(12.06039807074,-4.74,1.709711894453));
#5591 = CARTESIAN_POINT('',(12.06039807074,-4.75,1.709711894453));
#5592 = CARTESIAN_POINT('',(12.061989389604,-4.74,1.613036899137));
#5593 = CARTESIAN_POINT('',(12.061989389604,-4.75,1.613036899137));
#5594 = CARTESIAN_POINT('',(12.054828454714,-4.74,1.439855696701));
#5595 = CARTESIAN_POINT('',(12.054828454714,-4.75,1.439855696701));
#5596 = CARTESIAN_POINT('',(11.857318554668,-4.74,1.422687442525));
#5597 = CARTESIAN_POINT('',(11.857318554668,-4.75,1.422687442525));
#5598 = CARTESIAN_POINT('',(11.821025723473,-4.74,1.518806971882));
#5599 = CARTESIAN_POINT('',(11.821025723473,-4.75,1.518806971882));
#5600 = CARTESIAN_POINT('',(11.821025723473,-4.74,1.580867524116));
#5601 = CARTESIAN_POINT('',(11.821025723473,-4.75,1.580867524116));
#5602 = ADVANCED_FACE('',(#5603),#5613,.T.);
#5603 = FACE_BOUND('',#5604,.T.);
#5604 = EDGE_LOOP('',(#5605,#5606,#5607,#5608));
#5605 = ORIENTED_EDGE('',*,*,#2055,.F.);
#5606 = ORIENTED_EDGE('',*,*,#5583,.F.);
#5607 = ORIENTED_EDGE('',*,*,#5561,.T.);
#5608 = ORIENTED_EDGE('',*,*,#5609,.T.);
#5609 = EDGE_CURVE('',#5521,#2056,#5610,.T.);
#5610 = B_SPLINE_CURVE_WITH_KNOTS('',1,(#5611,#5612),.UNSPECIFIED.,.F.,
  .F.,(2,2),(0.,1.E-02),.PIECEWISE_BEZIER_KNOTS.);
#5611 = CARTESIAN_POINT('',(11.821025723473,-4.74,1.760396784566));
#5612 = CARTESIAN_POINT('',(11.821025723473,-4.75,1.760396784566));
#5613 = B_SPLINE_SURFACE_WITH_KNOTS('',1,1,(
    (#5614,#5615)
    ,(#5616,#5617
    )),.UNSPECIFIED.,.F.,.F.,.F.,(2,2),(2,2),(-0.17952926045,0.),(
    -1.E-02,0.),.PIECEWISE_BEZIER_KNOTS.);
#5614 = CARTESIAN_POINT('',(11.821025723473,-4.75,1.760396784566));
#5615 = CARTESIAN_POINT('',(11.821025723473,-4.74,1.760396784566));
#5616 = CARTESIAN_POINT('',(11.821025723473,-4.75,1.580867524116));
#5617 = CARTESIAN_POINT('',(11.821025723473,-4.74,1.580867524116));
#5618 = ADVANCED_FACE('',(#5619),#5629,.T.);
#5619 = FACE_BOUND('',#5620,.T.);
#5620 = EDGE_LOOP('',(#5621,#5622,#5623,#5624));
#5621 = ORIENTED_EDGE('',*,*,#2064,.F.);
#5622 = ORIENTED_EDGE('',*,*,#5609,.F.);
#5623 = ORIENTED_EDGE('',*,*,#5520,.T.);
#5624 = ORIENTED_EDGE('',*,*,#5625,.T.);
#5625 = EDGE_CURVE('',#5499,#2012,#5626,.T.);
#5626 = B_SPLINE_CURVE_WITH_KNOTS('',1,(#5627,#5628),.UNSPECIFIED.,.F.,
  .F.,(2,2),(0.,1.E-02),.PIECEWISE_BEZIER_KNOTS.);
#5627 = CARTESIAN_POINT('',(12.06039807074,-4.74,1.975457877814));
#5628 = CARTESIAN_POINT('',(12.06039807074,-4.75,1.975457877814));
#5629 = B_SPLINE_SURFACE_WITH_KNOTS('',3,1,(
    (#5630,#5631)
    ,(#5632,#5633)
    ,(#5634,#5635)
    ,(#5636,#5637)
    ,(#5638,#5639)
    ,(#5640,#5641)
    ,(#5642,#5643)
    ,(#5644,#5645)
    ,(#5646,#5647)
    ,(#5648,#5649)
    ,(#5650,#5651)
    ,(#5652,#5653)
    ,(#5654,#5655)
    ,(#5656,#5657)
    ,(#5658,#5659)
    ,(#5660,#5661)
    ,(#5662,#5663
    )),.UNSPECIFIED.,.F.,.F.,.F.,(4,1,1,1,1,1,1,1,1,1,1,1,1,1,4),(2,2),(
    4.156745527996E-02,0.128333609406,0.171716686469,0.215099763532,
    0.258482840595,0.301865917658,0.388632071784,0.432015148847,
    0.47539822591,0.497089764442,0.518781302973,0.562164380036,
    0.605547457099,0.648930534162,0.735696688289),(0.,1.),
  .UNSPECIFIED.);
#5630 = CARTESIAN_POINT('',(11.821025723473,-4.74,1.760396784566));
#5631 = CARTESIAN_POINT('',(11.821025723473,-4.75,1.760396784566));
#5632 = CARTESIAN_POINT('',(11.696111786376,-4.74,1.760396784566));
#5633 = CARTESIAN_POINT('',(11.696111786376,-4.75,1.760396784566));
#5634 = CARTESIAN_POINT('',(11.521272038674,-4.74,1.771093523634));
#5635 = CARTESIAN_POINT('',(11.521272038674,-4.75,1.771093523634));
#5636 = CARTESIAN_POINT('',(11.238027743296,-4.74,1.742568886119));
#5637 = CARTESIAN_POINT('',(11.238027743296,-4.75,1.742568886119));
#5638 = CARTESIAN_POINT('',(11.115329533856,-4.74,1.905230299689));
#5639 = CARTESIAN_POINT('',(11.115329533856,-4.75,1.905230299689));
#5640 = CARTESIAN_POINT('',(11.249771313876,-4.74,2.077584208093));
#5641 = CARTESIAN_POINT('',(11.249771313876,-4.75,2.077584208093));
#5642 = CARTESIAN_POINT('',(11.392809488236,-4.74,2.270665688037));
#5643 = CARTESIAN_POINT('',(11.392809488236,-4.75,2.270665688037));
#5644 = CARTESIAN_POINT('',(11.546790527548,-4.74,2.477066344045));
#5645 = CARTESIAN_POINT('',(11.546790527548,-4.75,2.477066344045));
#5646 = CARTESIAN_POINT('',(11.69132313885,-4.74,2.668869344912));
#5647 = CARTESIAN_POINT('',(11.69132313885,-4.75,2.668869344912));
#5648 = CARTESIAN_POINT('',(11.795915518772,-4.74,2.814322933451));
#5649 = CARTESIAN_POINT('',(11.795915518772,-4.75,2.814322933451));
#5650 = CARTESIAN_POINT('',(11.871844494856,-4.74,2.888419253778));
#5651 = CARTESIAN_POINT('',(11.871844494856,-4.75,2.888419253778));
#5652 = CARTESIAN_POINT('',(12.021686673924,-4.74,2.886211580213));
#5653 = CARTESIAN_POINT('',(12.021686673924,-4.75,2.886211580213));
#5654 = CARTESIAN_POINT('',(12.073342895342,-4.74,2.725368833948));
#5655 = CARTESIAN_POINT('',(12.073342895342,-4.75,2.725368833948));
#5656 = CARTESIAN_POINT('',(12.05699153795,-4.74,2.536475893699));
#5657 = CARTESIAN_POINT('',(12.05699153795,-4.75,2.536475893699));
#5658 = CARTESIAN_POINT('',(12.062441990414,-4.74,2.287559317884));
#5659 = CARTESIAN_POINT('',(12.062441990414,-4.75,2.287559317884));
#5660 = CARTESIAN_POINT('',(12.06039807074,-4.74,2.100210233506));
#5661 = CARTESIAN_POINT('',(12.06039807074,-4.75,2.100210233506));
#5662 = CARTESIAN_POINT('',(12.06039807074,-4.74,1.975457877814));
#5663 = CARTESIAN_POINT('',(12.06039807074,-4.75,1.975457877814));
#5664 = ADVANCED_FACE('',(#5665),#5671,.T.);
#5665 = FACE_BOUND('',#5666,.T.);
#5666 = EDGE_LOOP('',(#5667,#5668,#5669,#5670));
#5667 = ORIENTED_EDGE('',*,*,#2011,.F.);
#5668 = ORIENTED_EDGE('',*,*,#5625,.F.);
#5669 = ORIENTED_EDGE('',*,*,#5498,.T.);
#5670 = ORIENTED_EDGE('',*,*,#5577,.T.);
#5671 = B_SPLINE_SURFACE_WITH_KNOTS('',3,1,(
    (#5672,#5673)
    ,(#5674,#5675)
    ,(#5676,#5677)
    ,(#5678,#5679)
    ,(#5680,#5681)
    ,(#5682,#5683)
    ,(#5684,#5685
    )),.UNSPECIFIED.,.F.,.F.,.F.,(4,1,1,1,4),(2,2),(0.735696688289,
    0.766566412801,0.797436137314,0.828305861827,0.85917558634),(0.,1.),
  .UNSPECIFIED.);
#5672 = CARTESIAN_POINT('',(12.06039807074,-4.74,1.975457877814));
#5673 = CARTESIAN_POINT('',(12.06039807074,-4.75,1.975457877814));
#5674 = CARTESIAN_POINT('',(12.104840040824,-4.74,1.975457877814));
#5675 = CARTESIAN_POINT('',(12.104840040824,-4.75,1.975457877814));
#5676 = CARTESIAN_POINT('',(12.21117864644,-4.74,1.979130605518));
#5677 = CARTESIAN_POINT('',(12.21117864644,-4.75,1.979130605518));
#5678 = CARTESIAN_POINT('',(12.286102811651,-4.74,1.889824447092));
#5679 = CARTESIAN_POINT('',(12.286102811651,-4.75,1.889824447092));
#5680 = CARTESIAN_POINT('',(12.232295804518,-4.74,1.748627771545));
#5681 = CARTESIAN_POINT('',(12.232295804518,-4.75,1.748627771545));
#5682 = CARTESIAN_POINT('',(12.104812530644,-4.74,1.760396784566));
#5683 = CARTESIAN_POINT('',(12.104812530644,-4.75,1.760396784566));
#5684 = CARTESIAN_POINT('',(12.06039807074,-4.74,1.760396784566));
#5685 = CARTESIAN_POINT('',(12.06039807074,-4.75,1.760396784566));
#5686 = ADVANCED_FACE('',(#5687),#5709,.T.);
#5687 = FACE_BOUND('',#5688,.T.);
#5688 = EDGE_LOOP('',(#5689,#5698,#5703,#5704));
#5689 = ORIENTED_EDGE('',*,*,#5690,.F.);
#5690 = EDGE_CURVE('',#5691,#5693,#5695,.T.);
#5691 = VERTEX_POINT('',#5692);
#5692 = CARTESIAN_POINT('',(11.821025723473,-4.75,1.975457877814));
#5693 = VERTEX_POINT('',#5694);
#5694 = CARTESIAN_POINT('',(11.821025723473,-4.75,2.532746623794));
#5695 = B_SPLINE_CURVE_WITH_KNOTS('',1,(#5696,#5697),.UNSPECIFIED.,.F.,
  .F.,(2,2),(0.247973541939,0.58310331744),.PIECEWISE_BEZIER_KNOTS.);
#5696 = CARTESIAN_POINT('',(11.821025723473,-4.75,1.975457877814));
#5697 = CARTESIAN_POINT('',(11.821025723473,-4.75,2.532746623794));
#5698 = ORIENTED_EDGE('',*,*,#5699,.F.);
#5699 = EDGE_CURVE('',#5454,#5691,#5700,.T.);
#5700 = B_SPLINE_CURVE_WITH_KNOTS('',1,(#5701,#5702),.UNSPECIFIED.,.F.,
  .F.,(2,2),(0.,1.E-02),.PIECEWISE_BEZIER_KNOTS.);
#5701 = CARTESIAN_POINT('',(11.821025723473,-4.74,1.975457877814));
#5702 = CARTESIAN_POINT('',(11.821025723473,-4.75,1.975457877814));
#5703 = ORIENTED_EDGE('',*,*,#5453,.T.);
#5704 = ORIENTED_EDGE('',*,*,#5705,.T.);
#5705 = EDGE_CURVE('',#5456,#5693,#5706,.T.);
#5706 = B_SPLINE_CURVE_WITH_KNOTS('',1,(#5707,#5708),.UNSPECIFIED.,.F.,
  .F.,(2,2),(0.,1.E-02),.PIECEWISE_BEZIER_KNOTS.);
#5707 = CARTESIAN_POINT('',(11.821025723473,-4.74,2.532746623794));
#5708 = CARTESIAN_POINT('',(11.821025723473,-4.75,2.532746623794));
#5709 = B_SPLINE_SURFACE_WITH_KNOTS('',1,1,(
    (#5710,#5711)
    ,(#5712,#5713
    )),.UNSPECIFIED.,.F.,.F.,.F.,(2,2),(2,2),(-0.557288745981,0.),(
    -1.E-02,0.),.PIECEWISE_BEZIER_KNOTS.);
#5710 = CARTESIAN_POINT('',(11.821025723473,-4.75,2.532746623794));
#5711 = CARTESIAN_POINT('',(11.821025723473,-4.74,2.532746623794));
#5712 = CARTESIAN_POINT('',(11.821025723473,-4.75,1.975457877814));
#5713 = CARTESIAN_POINT('',(11.821025723473,-4.74,1.975457877814));
#5714 = ADVANCED_FACE('',(#5715),#5731,.T.);
#5715 = FACE_BOUND('',#5716,.T.);
#5716 = EDGE_LOOP('',(#5717,#5724,#5729,#5730));
#5717 = ORIENTED_EDGE('',*,*,#5718,.F.);
#5718 = EDGE_CURVE('',#5719,#5691,#5721,.T.);
#5719 = VERTEX_POINT('',#5720);
#5720 = CARTESIAN_POINT('',(11.408669453376,-4.75,1.975457877814));
#5721 = B_SPLINE_CURVE_WITH_KNOTS('',1,(#5722,#5723),.UNSPECIFIED.,.F.,
  .F.,(2,2),(0.,0.247973541939),.PIECEWISE_BEZIER_KNOTS.);
#5722 = CARTESIAN_POINT('',(11.408669453376,-4.75,1.975457877814));
#5723 = CARTESIAN_POINT('',(11.821025723473,-4.75,1.975457877814));
#5724 = ORIENTED_EDGE('',*,*,#5725,.F.);
#5725 = EDGE_CURVE('',#5463,#5719,#5726,.T.);
#5726 = B_SPLINE_CURVE_WITH_KNOTS('',1,(#5727,#5728),.UNSPECIFIED.,.F.,
  .F.,(2,2),(0.,1.E-02),.PIECEWISE_BEZIER_KNOTS.);
#5727 = CARTESIAN_POINT('',(11.408669453376,-4.74,1.975457877814));
#5728 = CARTESIAN_POINT('',(11.408669453376,-4.75,1.975457877814));
#5729 = ORIENTED_EDGE('',*,*,#5462,.T.);
#5730 = ORIENTED_EDGE('',*,*,#5699,.T.);
#5731 = B_SPLINE_SURFACE_WITH_KNOTS('',1,1,(
    (#5732,#5733)
    ,(#5734,#5735
    )),.UNSPECIFIED.,.F.,.F.,.F.,(2,2),(2,2),(-0.412356270096,0.),(
    -1.E-02,0.),.PIECEWISE_BEZIER_KNOTS.);
#5732 = CARTESIAN_POINT('',(11.821025723473,-4.75,1.975457877814));
#5733 = CARTESIAN_POINT('',(11.821025723473,-4.74,1.975457877814));
#5734 = CARTESIAN_POINT('',(11.408669453376,-4.75,1.975457877814));
#5735 = CARTESIAN_POINT('',(11.408669453376,-4.74,1.975457877814));
#5736 = ADVANCED_FACE('',(#5737),#5747,.T.);
#5737 = FACE_BOUND('',#5738,.T.);
#5738 = EDGE_LOOP('',(#5739,#5744,#5745,#5746));
#5739 = ORIENTED_EDGE('',*,*,#5740,.F.);
#5740 = EDGE_CURVE('',#5693,#5719,#5741,.T.);
#5741 = B_SPLINE_CURVE_WITH_KNOTS('',1,(#5742,#5743),.UNSPECIFIED.,.F.,
  .F.,(2,2),(0.58310331744,1.),.PIECEWISE_BEZIER_KNOTS.);
#5742 = CARTESIAN_POINT('',(11.821025723473,-4.75,2.532746623794));
#5743 = CARTESIAN_POINT('',(11.408669453376,-4.75,1.975457877814));
#5744 = ORIENTED_EDGE('',*,*,#5705,.F.);
#5745 = ORIENTED_EDGE('',*,*,#5469,.T.);
#5746 = ORIENTED_EDGE('',*,*,#5725,.T.);
#5747 = B_SPLINE_SURFACE_WITH_KNOTS('',1,1,(
    (#5748,#5749)
    ,(#5750,#5751
    )),.UNSPECIFIED.,.F.,.F.,.F.,(2,2),(2,2),(-0.69325928763,0.),(
    -1.E-02,0.),.PIECEWISE_BEZIER_KNOTS.);
#5748 = CARTESIAN_POINT('',(11.408669453376,-4.75,1.975457877814));
#5749 = CARTESIAN_POINT('',(11.408669453376,-4.74,1.975457877814));
#5750 = CARTESIAN_POINT('',(11.821025723473,-4.75,2.532746623794));
#5751 = CARTESIAN_POINT('',(11.821025723473,-4.74,2.532746623794));
#5752 = ADVANCED_FACE('',(#5753),#5844,.T.);
#5753 = FACE_BOUND('',#5754,.T.);
#5754 = EDGE_LOOP('',(#5755,#5837));
#5755 = ORIENTED_EDGE('',*,*,#5756,.F.);
#5756 = EDGE_CURVE('',#5757,#5759,#5761,.T.);
#5757 = VERTEX_POINT('',#5758);
#5758 = CARTESIAN_POINT('',(8.50908488746,-4.74,1.760396784566));
#5759 = VERTEX_POINT('',#5760);
#5760 = CARTESIAN_POINT('',(8.191168488746,-4.74,2.701990353698));
#5761 = B_SPLINE_CURVE_WITH_KNOTS('',3,(#5762,#5763,#5764,#5765,#5766,
    #5767,#5768,#5769,#5770,#5771,#5772,#5773,#5774,#5775,#5776,#5777,
    #5778,#5779,#5780,#5781,#5782,#5783,#5784,#5785,#5786,#5787,#5788,
    #5789,#5790,#5791,#5792,#5793,#5794,#5795,#5796,#5797,#5798,#5799,
    #5800,#5801,#5802,#5803,#5804,#5805,#5806,#5807,#5808,#5809,#5810,
    #5811,#5812,#5813,#5814,#5815,#5816,#5817,#5818,#5819,#5820,#5821,
    #5822,#5823,#5824,#5825,#5826,#5827,#5828,#5829,#5830,#5831,#5832,
    #5833,#5834,#5835,#5836),.UNSPECIFIED.,.F.,.F.,(4,3,2,3,2,3,3,2,3,2,
    3,3,3,3,3,2,3,3,3,3,3,3,3,2,3,2,3,4),(0.166349692689,0.333786852612,
    0.348707522088,0.363628191563,0.378455839542,0.389470663754,
    0.40109985793,0.412086598222,0.419577557512,0.428069710388,
    0.436561863264,0.600625182108,0.618597231037,0.634235724886,
    0.648879180466,0.665775062718,0.68267094497,0.69742170657,
    0.713208986044,0.731087837102,0.893595077672,0.902260475011,
    0.91123216021,0.917934199102,0.935978149965,0.953365886324,
    0.973988550378,1.),.UNSPECIFIED.);
#5762 = CARTESIAN_POINT('',(8.50908488746,-4.74,1.760396784566));
#5763 = CARTESIAN_POINT('',(8.615368703108,-4.74,2.076443086817));
#5764 = CARTESIAN_POINT('',(8.721652518757,-4.74,2.392489389068));
#5765 = CARTESIAN_POINT('',(8.827936334405,-4.74,2.708535691318));
#5766 = CARTESIAN_POINT('',(8.844618910502,-4.74,2.758143117013));
#5767 = CARTESIAN_POINT('',(8.856922829582,-4.74,2.792690032154));
#5768 = CARTESIAN_POINT('',(8.873753697749,-4.74,2.831962057878));
#5769 = CARTESIAN_POINT('',(8.887779421222,-4.74,2.849727974277));
#5770 = CARTESIAN_POINT('',(8.906480385852,-4.74,2.865623794212));
#5771 = CARTESIAN_POINT('',(8.925262777034,-4.74,2.881588826717));
#5772 = CARTESIAN_POINT('',(8.952297749196,-4.74,2.889));
#5773 = CARTESIAN_POINT('',(9.009335691318,-4.74,2.889));
#5774 = CARTESIAN_POINT('',(9.031776848875,-4.74,2.882454662379));
#5775 = CARTESIAN_POINT('',(9.052347909968,-4.74,2.87029903537));
#5776 = CARTESIAN_POINT('',(9.073612023655,-4.74,2.857733877282));
#5777 = CARTESIAN_POINT('',(9.089749839228,-4.74,2.842247588424));
#5778 = CARTESIAN_POINT('',(9.101905466238,-4.74,2.822611575563));
#5779 = CARTESIAN_POINT('',(9.114220511307,-4.74,2.802718041221));
#5780 = CARTESIAN_POINT('',(9.119671382637,-4.74,2.781469453376));
#5781 = CARTESIAN_POINT('',(9.119671382637,-4.74,2.74687266881));
#5782 = CARTESIAN_POINT('',(9.117801286174,-4.74,2.731911897106));
#5783 = CARTESIAN_POINT('',(9.114061093248,-4.74,2.71601607717));
#5784 = CARTESIAN_POINT('',(9.110063378841,-4.74,2.699025790944));
#5785 = CARTESIAN_POINT('',(9.104710610932,-4.74,2.683289389068));
#5786 = CARTESIAN_POINT('',(9.093490032154,-4.74,2.651497749196));
#5787 = CARTESIAN_POINT('',(9.087879742765,-4.74,2.63560192926));
#5788 = CARTESIAN_POINT('',(9.082269453376,-4.74,2.619706109325));
#5789 = CARTESIAN_POINT('',(8.973544922088,-4.74,2.311653270674));
#5790 = CARTESIAN_POINT('',(8.855364415863,-4.74,2.006937834941));
#5791 = CARTESIAN_POINT('',(8.741911897106,-4.74,1.700553697749));
#5792 = CARTESIAN_POINT('',(8.728875417619,-4.74,1.665348040233));
#5793 = CARTESIAN_POINT('',(8.717600643087,-4.74,1.631360128617));
#5794 = CARTESIAN_POINT('',(8.705445016077,-4.74,1.599568488746));
#5795 = CARTESIAN_POINT('',(8.693601307044,-4.74,1.568592634351));
#5796 = CARTESIAN_POINT('',(8.679263665595,-4.74,1.540660450161));
#5797 = CARTESIAN_POINT('',(8.663367845659,-4.74,1.516349196141));
#5798 = CARTESIAN_POINT('',(8.647900306882,-4.74,1.492692960365));
#5799 = CARTESIAN_POINT('',(8.625965916399,-4.74,1.47240192926));
#5800 = CARTESIAN_POINT('',(8.599784565916,-4.74,1.457441157556));
#5801 = CARTESIAN_POINT('',(8.572898332921,-4.74,1.442077595845));
#5802 = CARTESIAN_POINT('',(8.540876527331,-4.74,1.435));
#5803 = CARTESIAN_POINT('',(8.464202572347,-4.74,1.435));
#5804 = CARTESIAN_POINT('',(8.431475884244,-4.74,1.442480385852));
#5805 = CARTESIAN_POINT('',(8.405294533762,-4.74,1.457441157556));
#5806 = CARTESIAN_POINT('',(8.378408300767,-4.74,1.472804719268));
#5807 = CARTESIAN_POINT('',(8.357607073955,-4.74,1.492037942122));
#5808 = CARTESIAN_POINT('',(8.340776205788,-4.74,1.516349196141));
#5809 = CARTESIAN_POINT('',(8.323810690675,-4.74,1.540854940193));
#5810 = CARTESIAN_POINT('',(8.310854662379,-4.74,1.568711897106));
#5811 = CARTESIAN_POINT('',(8.29869903537,-4.74,1.600503536978));
#5812 = CARTESIAN_POINT('',(8.286855326336,-4.74,1.631479391373));
#5813 = CARTESIAN_POINT('',(8.27438778135,-4.74,1.665021864952));
#5814 = CARTESIAN_POINT('',(8.261297106109,-4.74,1.700553697749));
#5815 = CARTESIAN_POINT('',(8.149419725512,-4.74,2.004220873657));
#5816 = CARTESIAN_POINT('',(8.03875562701,-4.74,2.308335048232));
#5817 = CARTESIAN_POINT('',(7.92748488746,-4.74,2.612225723473));
#5818 = CARTESIAN_POINT('',(7.921689400975,-4.74,2.62805373278));
#5819 = CARTESIAN_POINT('',(7.91532926045,-4.74,2.644017363344));
#5820 = CARTESIAN_POINT('',(7.909718971061,-4.74,2.660848231511));
#5821 = CARTESIAN_POINT('',(7.904389196141,-4.74,2.67683755627));
#5822 = CARTESIAN_POINT('',(7.898498392283,-4.74,2.693574919614));
#5823 = CARTESIAN_POINT('',(7.894758199357,-4.74,2.712275884244));
#5824 = CARTESIAN_POINT('',(7.890982043037,-4.74,2.731156665842));
#5825 = CARTESIAN_POINT('',(7.888212861736,-4.74,2.74687266881));
#5826 = CARTESIAN_POINT('',(7.888212861736,-4.74,2.791754983923));
#5827 = CARTESIAN_POINT('',(7.901303536977,-4.74,2.821676527331));
#5828 = CARTESIAN_POINT('',(7.92748488746,-4.74,2.848792926045));
#5829 = CARTESIAN_POINT('',(7.953199001534,-4.74,2.875425401336));
#5830 = CARTESIAN_POINT('',(7.986392926045,-4.74,2.889));
#5831 = CARTESIAN_POINT('',(8.074287459807,-4.74,2.889));
#5832 = CARTESIAN_POINT('',(8.108884244373,-4.74,2.874039228296));
#5833 = CARTESIAN_POINT('',(8.129455305466,-4.74,2.844117684887));
#5834 = CARTESIAN_POINT('',(8.149726258241,-4.74,2.814632662669));
#5835 = CARTESIAN_POINT('',(8.169662379421,-4.74,2.767443729904));
#5836 = CARTESIAN_POINT('',(8.191168488746,-4.74,2.701990353698));
#5837 = ORIENTED_EDGE('',*,*,#5838,.F.);
#5838 = EDGE_CURVE('',#5759,#5757,#5839,.T.);
#5839 = B_SPLINE_CURVE_WITH_KNOTS('',3,(#5840,#5841,#5842,#5843),
  .UNSPECIFIED.,.F.,.F.,(4,4),(0.,0.166349692689),
  .PIECEWISE_BEZIER_KNOTS.);
#5840 = CARTESIAN_POINT('',(8.191168488746,-4.74,2.701990353698));
#5841 = CARTESIAN_POINT('',(8.294572640598,-4.74,2.387282065451));
#5842 = CARTESIAN_POINT('',(8.403112754555,-4.74,2.07426130761));
#5843 = CARTESIAN_POINT('',(8.50908488746,-4.74,1.760396784566));
#5844 = B_SPLINE_SURFACE_WITH_KNOTS('',1,1,(
    (#5845,#5846)
    ,(#5847,#5848
    )),.UNSPECIFIED.,.F.,.F.,.F.,(2,2),(2,2),(-1.090732718897,
    0.363267281103),(-0.890044027234,0.341414493667),
  .PIECEWISE_BEZIER_KNOTS.);
#5845 = CARTESIAN_POINT('',(7.888212861736,-4.74,2.889));
#5846 = CARTESIAN_POINT('',(9.119671382637,-4.74,2.889));
#5847 = CARTESIAN_POINT('',(7.888212861736,-4.74,1.435));
#5848 = CARTESIAN_POINT('',(9.119671382637,-4.74,1.435));
#5849 = ADVANCED_FACE('',(#5850),#5864,.T.);
#5850 = FACE_BOUND('',#5851,.T.);
#5851 = EDGE_LOOP('',(#5852,#5853,#5858,#5859));
#5852 = ORIENTED_EDGE('',*,*,#2116,.F.);
#5853 = ORIENTED_EDGE('',*,*,#5854,.F.);
#5854 = EDGE_CURVE('',#5757,#2108,#5855,.T.);
#5855 = B_SPLINE_CURVE_WITH_KNOTS('',1,(#5856,#5857),.UNSPECIFIED.,.F.,
  .F.,(2,2),(0.,1.E-02),.PIECEWISE_BEZIER_KNOTS.);
#5856 = CARTESIAN_POINT('',(8.50908488746,-4.74,1.760396784566));
#5857 = CARTESIAN_POINT('',(8.50908488746,-4.75,1.760396784566));
#5858 = ORIENTED_EDGE('',*,*,#5756,.T.);
#5859 = ORIENTED_EDGE('',*,*,#5860,.T.);
#5860 = EDGE_CURVE('',#5759,#2106,#5861,.T.);
#5861 = B_SPLINE_CURVE_WITH_KNOTS('',1,(#5862,#5863),.UNSPECIFIED.,.F.,
  .F.,(2,2),(0.,1.E-02),.PIECEWISE_BEZIER_KNOTS.);
#5862 = CARTESIAN_POINT('',(8.191168488746,-4.74,2.701990353698));
#5863 = CARTESIAN_POINT('',(8.191168488746,-4.75,2.701990353698));
#5864 = B_SPLINE_SURFACE_WITH_KNOTS('',3,1,(
    (#5865,#5866)
    ,(#5867,#5868)
    ,(#5869,#5870)
    ,(#5871,#5872)
    ,(#5873,#5874)
    ,(#5875,#5876)
    ,(#5877,#5878)
    ,(#5879,#5880)
    ,(#5881,#5882)
    ,(#5883,#5884)
    ,(#5885,#5886)
    ,(#5887,#5888)
    ,(#5889,#5890)
    ,(#5891,#5892)
    ,(#5893,#5894)
    ,(#5895,#5896)
    ,(#5897,#5898)
    ,(#5899,#5900)
    ,(#5901,#5902)
    ,(#5903,#5904)
    ,(#5905,#5906)
    ,(#5907,#5908)
    ,(#5909,#5910)
    ,(#5911,#5912)
    ,(#5913,#5914)
    ,(#5915,#5916)
    ,(#5917,#5918)
    ,(#5919,#5920)
    ,(#5921,#5922)
    ,(#5923,#5924
    )),.UNSPECIFIED.,.F.,.F.,.F.,(4,1,1,1,1,1,1,1,1,1,1,1,1,1,1,1,1,1,1,
    1,1,1,1,1,1,1,1,4),(2,2),(0.166349692689,0.218452836896,
    0.270555981103,0.32265912531,0.335684911362,0.348710697413,
    0.361736483465,0.374762269517,0.40081384162,0.426865413724,
    0.452916985827,0.478968557931,0.531071702138,0.583174846345,
    0.609226418448,0.635277990552,0.661329562655,0.687381134758,
    0.713432706862,0.739484278965,0.791587423172,0.843690567379,
    0.869742139483,0.895793711586,0.92184528369,0.947896855793,
    0.973948427897,1.),(0.,1.),.UNSPECIFIED.);
#5865 = CARTESIAN_POINT('',(8.50908488746,-4.74,1.760396784566));
#5866 = CARTESIAN_POINT('',(8.50908488746,-4.75,1.760396784566));
#5867 = CARTESIAN_POINT('',(8.542158316179,-4.74,1.858744164979));
#5868 = CARTESIAN_POINT('',(8.542158316179,-4.75,1.858744164979));
#5869 = CARTESIAN_POINT('',(8.608124581581,-4.74,2.054910982724));
#5870 = CARTESIAN_POINT('',(8.608124581581,-4.75,2.054910982724));
#5871 = CARTESIAN_POINT('',(8.708157531897,-4.74,2.352328867828));
#5872 = CARTESIAN_POINT('',(8.708157531897,-4.75,2.352328867828));
#5873 = CARTESIAN_POINT('',(8.780337920075,-4.74,2.567077178131));
#5874 = CARTESIAN_POINT('',(8.780337920075,-4.75,2.567077178131));
#5875 = CARTESIAN_POINT('',(8.832860109726,-4.74,2.72311133093));
#5876 = CARTESIAN_POINT('',(8.832860109726,-4.75,2.72311133093));
#5877 = CARTESIAN_POINT('',(8.866508615287,-4.74,2.822879660625));
#5878 = CARTESIAN_POINT('',(8.866508615287,-4.75,2.822879660625));
#5879 = CARTESIAN_POINT('',(8.893167252277,-4.74,2.859401513833));
#5880 = CARTESIAN_POINT('',(8.893167252277,-4.75,2.859401513833));
#5881 = CARTESIAN_POINT('',(8.980132269589,-4.74,2.908785902989));
#5882 = CARTESIAN_POINT('',(8.980132269589,-4.75,2.908785902989));
#5883 = CARTESIAN_POINT('',(9.137976443782,-4.74,2.837960216931));
#5884 = CARTESIAN_POINT('',(9.137976443782,-4.75,2.837960216931));
#5885 = CARTESIAN_POINT('',(9.105538779058,-4.74,2.669525418381));
#5886 = CARTESIAN_POINT('',(9.105538779058,-4.75,2.669525418381));
#5887 = CARTESIAN_POINT('',(9.048679370037,-4.74,2.528842176259));
#5888 = CARTESIAN_POINT('',(9.048679370037,-4.75,2.528842176259));
#5889 = CARTESIAN_POINT('',(8.979320212188,-4.74,2.331913152633));
#5890 = CARTESIAN_POINT('',(8.979320212188,-4.75,2.331913152633));
#5891 = CARTESIAN_POINT('',(8.887379425339,-4.74,2.089785182845));
#5892 = CARTESIAN_POINT('',(8.887379425339,-4.75,2.089785182845));
#5893 = CARTESIAN_POINT('',(8.796904418611,-4.74,1.847249010576));
#5894 = CARTESIAN_POINT('',(8.796904418611,-4.75,1.847249010576));
#5895 = CARTESIAN_POINT('',(8.722866828341,-4.74,1.651796587704));
#5896 = CARTESIAN_POINT('',(8.722866828341,-4.75,1.651796587704));
#5897 = CARTESIAN_POINT('',(8.674830024942,-4.74,1.50013099838));
#5898 = CARTESIAN_POINT('',(8.674830024942,-4.75,1.50013099838));
#5899 = CARTESIAN_POINT('',(8.537618669035,-4.74,1.415778014912));
#5900 = CARTESIAN_POINT('',(8.537618669035,-4.75,1.415778014912));
#5901 = CARTESIAN_POINT('',(8.3637563526,-4.74,1.455708375656));
#5902 = CARTESIAN_POINT('',(8.3637563526,-4.75,1.455708375656));
#5903 = CARTESIAN_POINT('',(8.29534332639,-4.74,1.601679322489));
#5904 = CARTESIAN_POINT('',(8.29534332639,-4.75,1.601679322489));
#5905 = CARTESIAN_POINT('',(8.227412433899,-4.74,1.796213138891));
#5906 = CARTESIAN_POINT('',(8.227412433899,-4.75,1.796213138891));
#5907 = CARTESIAN_POINT('',(8.136047870186,-4.74,2.040088812431));
#5908 = CARTESIAN_POINT('',(8.136047870186,-4.75,2.040088812431));
#5909 = CARTESIAN_POINT('',(8.048222319995,-4.74,2.282822450532));
#5910 = CARTESIAN_POINT('',(8.048222319995,-4.75,2.282822450532));
#5911 = CARTESIAN_POINT('',(7.975620325022,-4.74,2.479548746484));
#5912 = CARTESIAN_POINT('',(7.975620325022,-4.75,2.479548746484));
#5913 = CARTESIAN_POINT('',(7.926138768066,-4.74,2.620185837532));
#5914 = CARTESIAN_POINT('',(7.926138768066,-4.75,2.620185837532));
#5915 = CARTESIAN_POINT('',(7.857740095588,-4.74,2.785578607355));
#5916 = CARTESIAN_POINT('',(7.857740095588,-4.75,2.785578607355));
#5917 = CARTESIAN_POINT('',(7.983248480842,-4.74,2.916982341289));
#5918 = CARTESIAN_POINT('',(7.983248480842,-4.75,2.916982341289));
#5919 = CARTESIAN_POINT('',(8.153805196929,-4.74,2.856415303641));
#5920 = CARTESIAN_POINT('',(8.153805196929,-4.75,2.856415303641));
#5921 = CARTESIAN_POINT('',(8.169629206396,-4.74,2.767544691285));
#5922 = CARTESIAN_POINT('',(8.169629206396,-4.75,2.767544691285));
#5923 = CARTESIAN_POINT('',(8.191168488746,-4.74,2.701990353698));
#5924 = CARTESIAN_POINT('',(8.191168488746,-4.75,2.701990353698));
#5925 = ADVANCED_FACE('',(#5926),#5932,.T.);
#5926 = FACE_BOUND('',#5927,.T.);
#5927 = EDGE_LOOP('',(#5928,#5929,#5930,#5931));
#5928 = ORIENTED_EDGE('',*,*,#2105,.F.);
#5929 = ORIENTED_EDGE('',*,*,#5860,.F.);
#5930 = ORIENTED_EDGE('',*,*,#5838,.T.);
#5931 = ORIENTED_EDGE('',*,*,#5854,.T.);
#5932 = B_SPLINE_SURFACE_WITH_KNOTS('',3,1,(
    (#5933,#5934)
    ,(#5935,#5936)
    ,(#5937,#5938)
    ,(#5939,#5940
    )),.UNSPECIFIED.,.F.,.F.,.F.,(4,4),(2,2),(0.,0.166349692689),(0.,1.)
  ,.PIECEWISE_BEZIER_KNOTS.);
#5933 = CARTESIAN_POINT('',(8.191168488746,-4.74,2.701990353698));
#5934 = CARTESIAN_POINT('',(8.191168488746,-4.75,2.701990353698));
#5935 = CARTESIAN_POINT('',(8.294572640598,-4.74,2.387282065451));
#5936 = CARTESIAN_POINT('',(8.294572640598,-4.75,2.387282065451));
#5937 = CARTESIAN_POINT('',(8.403112754555,-4.74,2.07426130761));
#5938 = CARTESIAN_POINT('',(8.403112754555,-4.75,2.07426130761));
#5939 = CARTESIAN_POINT('',(8.50908488746,-4.74,1.760396784566));
#5940 = CARTESIAN_POINT('',(8.50908488746,-4.75,1.760396784566));
#5941 = ADVANCED_FACE('',(#5942),#6058,.T.);
#5942 = FACE_BOUND('',#5943,.T.);
#5943 = EDGE_LOOP('',(#5944,#6042,#6051));
#5944 = ORIENTED_EDGE('',*,*,#5945,.F.);
#5945 = EDGE_CURVE('',#5946,#5948,#5950,.T.);
#5946 = VERTEX_POINT('',#5947);
#5947 = CARTESIAN_POINT('',(7.062565273312,-4.74,2.318620578778));
#5948 = VERTEX_POINT('',#5949);
#5949 = CARTESIAN_POINT('',(7.572166559486,-4.74,2.62905659164));
#5950 = B_SPLINE_CURVE_WITH_KNOTS('',3,(#5951,#5952,#5953,#5954,#5955,
    #5956,#5957,#5958,#5959,#5960,#5961,#5962,#5963,#5964,#5965,#5966,
    #5967,#5968,#5969,#5970,#5971,#5972,#5973,#5974,#5975,#5976,#5977,
    #5978,#5979,#5980,#5981,#5982,#5983,#5984,#5985,#5986,#5987,#5988,
    #5989,#5990,#5991,#5992,#5993,#5994,#5995,#5996,#5997,#5998,#5999,
    #6000,#6001,#6002,#6003,#6004,#6005,#6006,#6007,#6008,#6009,#6010,
    #6011,#6012,#6013,#6014,#6015,#6016,#6017,#6018,#6019,#6020,#6021,
    #6022,#6023,#6024,#6025,#6026,#6027,#6028,#6029,#6030,#6031,#6032,
    #6033,#6034,#6035,#6036,#6037,#6038,#6039,#6040,#6041),
  .UNSPECIFIED.,.F.,.F.,(4,2,2,3,3,2,3,3,2,2,3,2,2,2,3,3,2,3,3,2,3,2,3,3
    ,3,2,2,2,3,3,3,3,3,2,3,4),(0.110512375163,0.144092772439,
    0.171120897075,0.198149021712,0.223133662466,0.249269876099,
    0.287321128301,0.324430280903,0.359127171508,0.397962223377,
    0.436797275246,0.458167713538,0.470795699802,0.483423686065,
    0.505618328588,0.530194053705,0.551966546617,0.572211145289,
    0.592127255814,0.614104054433,0.637882229987,0.656601812165,
    0.675321394343,0.692654901956,0.710488241062,0.72615531617,
    0.743911334626,0.761667353083,0.763385677449,0.830237794341,
    0.849092954079,0.867434155788,0.939978634653,0.970318403757,
    0.98380274558,1.),.UNSPECIFIED.);
#5951 = CARTESIAN_POINT('',(7.062565273312,-4.74,2.318620578778));
#5952 = CARTESIAN_POINT('',(7.153264951768,-4.74,2.367243086817));
#5953 = CARTESIAN_POINT('',(7.236484244373,-4.74,2.391554340836));
#5954 = CARTESIAN_POINT('',(7.374871382637,-4.74,2.391554340836));
#5955 = CARTESIAN_POINT('',(7.431909324759,-4.74,2.380333762058));
#5956 = CARTESIAN_POINT('',(7.538504823151,-4.74,2.333581350482));
#5957 = CARTESIAN_POINT('',(7.585257234727,-4.74,2.301789710611));
#5958 = CARTESIAN_POINT('',(7.625464308682,-4.74,2.261582636656));
#5959 = CARTESIAN_POINT('',(7.666138906752,-4.74,2.220908038585));
#5960 = CARTESIAN_POINT('',(7.697463022508,-4.74,2.172753054662));
#5961 = CARTESIAN_POINT('',(7.719904180064,-4.74,2.116650160772));
#5962 = CARTESIAN_POINT('',(7.74247430979,-4.74,2.060224836456));
#5963 = CARTESIAN_POINT('',(7.75450096463,-4.74,2.000704180064));
#5964 = CARTESIAN_POINT('',(7.75450096463,-4.74,1.844551125402));
#5965 = CARTESIAN_POINT('',(7.733929903537,-4.74,1.759461736334));
#5966 = CARTESIAN_POINT('',(7.69278778135,-4.74,1.683722829582));
#5967 = CARTESIAN_POINT('',(7.651253460518,-4.74,1.607261920776));
#5968 = CARTESIAN_POINT('',(7.591802572347,-4.74,1.54627073955));
#5969 = CARTESIAN_POINT('',(7.5132585209,-4.74,1.502323472669));
#5970 = CARTESIAN_POINT('',(7.435028137009,-4.74,1.458551710253));
#5971 = CARTESIAN_POINT('',(7.344949839228,-4.74,1.435));
#5972 = CARTESIAN_POINT('',(7.128953697749,-4.74,1.435));
#5973 = CARTESIAN_POINT('',(7.035448874598,-4.74,1.455571061093));
#5974 = CARTESIAN_POINT('',(6.893321543408,-4.74,1.539725401929));
#5975 = CARTESIAN_POINT('',(6.842828938907,-4.74,1.588347909968));
#5976 = CARTESIAN_POINT('',(6.812907395498,-4.74,1.643515755627));
#5977 = CARTESIAN_POINT('',(6.783590260625,-4.74,1.69756922305));
#5978 = CARTESIAN_POINT('',(6.768960128617,-4.74,1.745436012862));
#5979 = CARTESIAN_POINT('',(6.768960128617,-4.74,1.810889389068));
#5980 = CARTESIAN_POINT('',(6.779245659164,-4.74,1.835200643087));
#5981 = CARTESIAN_POINT('',(6.82038778135,-4.74,1.880082958199));
#5982 = CARTESIAN_POINT('',(6.846569131833,-4.74,1.891303536978));
#5983 = CARTESIAN_POINT('',(6.9316585209,-4.74,1.891303536978));
#5984 = CARTESIAN_POINT('',(6.970930546624,-4.74,1.859511897106));
#5985 = CARTESIAN_POINT('',(6.997111897106,-4.74,1.797798713826));
#5986 = CARTESIAN_POINT('',(7.021948524529,-4.74,1.739255234902));
#5987 = CARTESIAN_POINT('',(7.057890032154,-4.74,1.695878456592));
#5988 = CARTESIAN_POINT('',(7.100902250804,-4.74,1.66408681672));
#5989 = CARTESIAN_POINT('',(7.144519164459,-4.74,1.631848228367));
#5990 = CARTESIAN_POINT('',(7.193472025723,-4.74,1.616399356913));
#5991 = CARTESIAN_POINT('',(7.29632733119,-4.74,1.616399356913));
#5992 = CARTESIAN_POINT('',(7.339339549839,-4.74,1.629490032154));
#5993 = CARTESIAN_POINT('',(7.375806430868,-4.74,1.654736334405));
#5994 = CARTESIAN_POINT('',(7.413343007074,-4.74,1.680723194855));
#5995 = CARTESIAN_POINT('',(7.442194855305,-4.74,1.715514469453));
#5996 = CARTESIAN_POINT('',(7.461830868167,-4.74,1.761331832797));
#5997 = CARTESIAN_POINT('',(7.481273422774,-4.74,1.806697793547));
#5998 = CARTESIAN_POINT('',(7.491752411576,-4.74,1.856706752412));
#5999 = CARTESIAN_POINT('',(7.491752411576,-4.74,1.975457877814));
#6000 = CARTESIAN_POINT('',(7.481466881029,-4.74,2.027820578778));
#6001 = CARTESIAN_POINT('',(7.459960771704,-4.74,2.071767845659));
#6002 = CARTESIAN_POINT('',(7.438274004777,-4.74,2.116084282423));
#6003 = CARTESIAN_POINT('',(7.408533118971,-4.74,2.148441800643));
#6004 = CARTESIAN_POINT('',(7.335599356913,-4.74,2.191454019293));
#6005 = CARTESIAN_POINT('',(7.295392282958,-4.74,2.201739549839));
#6006 = CARTESIAN_POINT('',(7.250509967846,-4.74,2.202674598071));
#6007 = CARTESIAN_POINT('',(7.195385527896,-4.74,2.203823023903));
#6008 = CARTESIAN_POINT('',(7.156070096463,-4.74,2.195194212219));
#6009 = CARTESIAN_POINT('',(7.132693890675,-4.74,2.182103536978));
#6010 = CARTESIAN_POINT('',(7.108919065057,-4.74,2.168789634631));
#6011 = CARTESIAN_POINT('',(7.074720900322,-4.74,2.144701607717));
#6012 = CARTESIAN_POINT('',(7.030773633441,-4.74,2.111039871383));
#6013 = CARTESIAN_POINT('',(6.986237059414,-4.74,2.076926750852));
#6014 = CARTESIAN_POINT('',(6.949424437299,-4.74,2.061482315113));
#6015 = CARTESIAN_POINT('',(6.889581350482,-4.74,2.061482315113));
#6016 = CARTESIAN_POINT('',(6.861529903537,-4.74,2.072702893891));
#6017 = CARTESIAN_POINT('',(6.812907395498,-4.74,2.117585209003));
#6018 = CARTESIAN_POINT('',(6.800751768489,-4.74,2.143766559486));
#6019 = CARTESIAN_POINT('',(6.800751768489,-4.74,2.175558199357));
#6020 = CARTESIAN_POINT('',(6.804491961415,-4.74,2.197064308682));
#6021 = CARTESIAN_POINT('',(6.811972347267,-4.74,2.237271382637));
#6022 = CARTESIAN_POINT('',(6.840388428807,-4.74,2.390007820917));
#6023 = CARTESIAN_POINT('',(6.865581779207,-4.74,2.543343837085));
#6024 = CARTESIAN_POINT('',(6.892386495177,-4.74,2.696380064309));
#6025 = CARTESIAN_POINT('',(6.902012166773,-4.74,2.75133593354));
#6026 = CARTESIAN_POINT('',(6.917632797428,-4.74,2.791754983923));
#6027 = CARTESIAN_POINT('',(6.941944051447,-4.74,2.816066237942));
#6028 = CARTESIAN_POINT('',(6.966722829582,-4.74,2.840845016077));
#6029 = CARTESIAN_POINT('',(7.00552733119,-4.74,2.853468167203));
#6030 = CARTESIAN_POINT('',(7.060695176849,-4.74,2.853468167203));
#6031 = CARTESIAN_POINT('',(7.229315541265,-4.74,2.853468167203));
#6032 = CARTESIAN_POINT('',(7.397935905681,-4.74,2.853468167203));
#6033 = CARTESIAN_POINT('',(7.566556270096,-4.74,2.853468167203));
#6034 = CARTESIAN_POINT('',(7.665671382637,-4.74,2.853468167203));
#6035 = CARTESIAN_POINT('',(7.715228938907,-4.74,2.816066237942));
#6036 = CARTESIAN_POINT('',(7.715228938907,-4.74,2.706665594855));
#6037 = CARTESIAN_POINT('',(7.703073311897,-4.74,2.679549196141));
#6038 = CARTESIAN_POINT('',(7.678762057878,-4.74,2.658978135048));
#6039 = CARTESIAN_POINT('',(7.655456786783,-4.74,2.639258290276));
#6040 = CARTESIAN_POINT('',(7.618918971061,-4.74,2.62905659164));
#6041 = CARTESIAN_POINT('',(7.572166559486,-4.74,2.62905659164));
#6042 = ORIENTED_EDGE('',*,*,#6043,.F.);
#6043 = EDGE_CURVE('',#6044,#5946,#6046,.T.);
#6044 = VERTEX_POINT('',#6045);
#6045 = CARTESIAN_POINT('',(7.11679807074,-4.74,2.62905659164));
#6046 = B_SPLINE_CURVE_WITH_KNOTS('',3,(#6047,#6048,#6049,#6050),
  .UNSPECIFIED.,.F.,.F.,(4,4),(6.531272526906E-02,0.110512375163),
  .PIECEWISE_BEZIER_KNOTS.);
#6047 = CARTESIAN_POINT('',(7.11679807074,-4.74,2.62905659164));
#6048 = CARTESIAN_POINT('',(7.098720471597,-4.74,2.525577920686));
#6049 = CARTESIAN_POINT('',(7.080642872454,-4.74,2.422099249732));
#6050 = CARTESIAN_POINT('',(7.062565273312,-4.74,2.318620578778));
#6051 = ORIENTED_EDGE('',*,*,#6052,.F.);
#6052 = EDGE_CURVE('',#5948,#6044,#6053,.T.);
#6053 = B_SPLINE_CURVE_WITH_KNOTS('',3,(#6054,#6055,#6056,#6057),
  .UNSPECIFIED.,.F.,.F.,(4,4),(0.,6.531272526906E-02),
  .PIECEWISE_BEZIER_KNOTS.);
#6054 = CARTESIAN_POINT('',(7.572166559486,-4.74,2.62905659164));
#6055 = CARTESIAN_POINT('',(7.420377063237,-4.74,2.62905659164));
#6056 = CARTESIAN_POINT('',(7.268587566988,-4.74,2.62905659164));
#6057 = CARTESIAN_POINT('',(7.11679807074,-4.74,2.62905659164));
#6058 = B_SPLINE_SURFACE_WITH_KNOTS('',1,1,(
    (#6059,#6060)
    ,(#6061,#6062
    )),.UNSPECIFIED.,.F.,.F.,.F.,(2,2),(2,2),(-1.236035862306,
    0.182432304896),(-0.501449694246,0.484091141767),
  .PIECEWISE_BEZIER_KNOTS.);
#6059 = CARTESIAN_POINT('',(6.768960128617,-4.74,2.853468167203));
#6060 = CARTESIAN_POINT('',(7.75450096463,-4.74,2.853468167203));
#6061 = CARTESIAN_POINT('',(6.768960128617,-4.74,1.435));
#6062 = CARTESIAN_POINT('',(7.75450096463,-4.74,1.435));
#6063 = ADVANCED_FACE('',(#6064),#6078,.T.);
#6064 = FACE_BOUND('',#6065,.T.);
#6065 = EDGE_LOOP('',(#6066,#6067,#6072,#6073));
#6066 = ORIENTED_EDGE('',*,*,#2207,.F.);
#6067 = ORIENTED_EDGE('',*,*,#6068,.F.);
#6068 = EDGE_CURVE('',#5946,#2199,#6069,.T.);
#6069 = B_SPLINE_CURVE_WITH_KNOTS('',1,(#6070,#6071),.UNSPECIFIED.,.F.,
  .F.,(2,2),(0.,1.E-02),.PIECEWISE_BEZIER_KNOTS.);
#6070 = CARTESIAN_POINT('',(7.062565273312,-4.74,2.318620578778));
#6071 = CARTESIAN_POINT('',(7.062565273312,-4.75,2.318620578778));
#6072 = ORIENTED_EDGE('',*,*,#5945,.T.);
#6073 = ORIENTED_EDGE('',*,*,#6074,.T.);
#6074 = EDGE_CURVE('',#5948,#2208,#6075,.T.);
#6075 = B_SPLINE_CURVE_WITH_KNOTS('',1,(#6076,#6077),.UNSPECIFIED.,.F.,
  .F.,(2,2),(0.,1.E-02),.PIECEWISE_BEZIER_KNOTS.);
#6076 = CARTESIAN_POINT('',(7.572166559486,-4.74,2.62905659164));
#6077 = CARTESIAN_POINT('',(7.572166559486,-4.75,2.62905659164));
#6078 = B_SPLINE_SURFACE_WITH_KNOTS('',3,1,(
    (#6079,#6080)
    ,(#6081,#6082)
    ,(#6083,#6084)
    ,(#6085,#6086)
    ,(#6087,#6088)
    ,(#6089,#6090)
    ,(#6091,#6092)
    ,(#6093,#6094)
    ,(#6095,#6096)
    ,(#6097,#6098)
    ,(#6099,#6100)
    ,(#6101,#6102)
    ,(#6103,#6104)
    ,(#6105,#6106)
    ,(#6107,#6108)
    ,(#6109,#6110)
    ,(#6111,#6112)
    ,(#6113,#6114)
    ,(#6115,#6116)
    ,(#6117,#6118)
    ,(#6119,#6120)
    ,(#6121,#6122)
    ,(#6123,#6124)
    ,(#6125,#6126)
    ,(#6127,#6128)
    ,(#6129,#6130)
    ,(#6131,#6132)
    ,(#6133,#6134)
    ,(#6135,#6136)
    ,(#6137,#6138)
    ,(#6139,#6140)
    ,(#6141,#6142)
    ,(#6143,#6144)
    ,(#6145,#6146)
    ,(#6147,#6148)
    ,(#6149,#6150)
    ,(#6151,#6152)
    ,(#6153,#6154)
    ,(#6155,#6156)
    ,(#6157,#6158)
    ,(#6159,#6160)
    ,(#6161,#6162)
    ,(#6163,#6164)
    ,(#6165,#6166)
    ,(#6167,#6168)
    ,(#6169,#6170)
    ,(#6171,#6172
    )),.UNSPECIFIED.,.F.,.F.,.F.,(4,1,1,1,1,1,1,1,1,1,1,1,1,1,1,1,1,1,1,
    1,1,1,1,1,1,1,1,1,1,1,1,1,1,1,1,1,1,1,1,1,1,1,1,1,4),(2,2),(
    0.110512375163,0.166105351716,0.221698328268,0.27729130482,
    0.332884281373,0.360680769649,0.388477257925,0.416273746201,
    0.430171990339,0.444070234477,0.471866722753,0.485764966891,
    0.499663211029,0.513561455168,0.527459699306,0.555256187582,
    0.583052675858,0.610849164134,0.63864565241,0.666442140686,
    0.680340384824,0.694238628962,0.708136873101,0.722035117239,
    0.735933361377,0.749831605515,0.756780727584,0.760255288618,
    0.761992569136,0.763729849653,0.76546713017,0.767204410687,
    0.770678971722,0.777628093791,0.805424582067,0.833221070343,
    0.861017558619,0.874915802757,0.888814046895,0.916610535172,
    0.93050877931,0.944407023448,0.958305267586,0.972203511724,1.),(0.,
    1.),.UNSPECIFIED.);
#6079 = CARTESIAN_POINT('',(7.062565273312,-4.74,2.318620578778));
#6080 = CARTESIAN_POINT('',(7.062565273312,-4.75,2.318620578778));
#6081 = CARTESIAN_POINT('',(7.212720289537,-4.74,2.399116051394));
#6082 = CARTESIAN_POINT('',(7.212720289537,-4.75,2.399116051394));
#6083 = CARTESIAN_POINT('',(7.470464823995,-4.74,2.4169677449));
#6084 = CARTESIAN_POINT('',(7.470464823995,-4.75,2.4169677449));
#6085 = CARTESIAN_POINT('',(7.765154890205,-4.74,2.154267117803));
#6086 = CARTESIAN_POINT('',(7.765154890205,-4.75,2.154267117803));
#6087 = CARTESIAN_POINT('',(7.764606599403,-4.74,1.723407776656));
#6088 = CARTESIAN_POINT('',(7.764606599403,-4.75,1.723407776656));
#6089 = CARTESIAN_POINT('',(7.546285049269,-4.74,1.474964281443));
#6090 = CARTESIAN_POINT('',(7.546285049269,-4.75,1.474964281443));
#6091 = CARTESIAN_POINT('',(7.225661472205,-4.74,1.422315245474));
#6092 = CARTESIAN_POINT('',(7.225661472205,-4.75,1.422315245474));
#6093 = CARTESIAN_POINT('',(7.007850759181,-4.74,1.459529950971));
#6094 = CARTESIAN_POINT('',(7.007850759181,-4.75,1.459529950971));
#6095 = CARTESIAN_POINT('',(6.889303582856,-4.74,1.546156500932));
#6096 = CARTESIAN_POINT('',(6.889303582856,-4.75,1.546156500932));
#6097 = CARTESIAN_POINT('',(6.830429621832,-4.74,1.609616353168));
#6098 = CARTESIAN_POINT('',(6.830429621832,-4.75,1.609616353168));
#6099 = CARTESIAN_POINT('',(6.768258171155,-4.74,1.722963326758));
#6100 = CARTESIAN_POINT('',(6.768258171155,-4.75,1.722963326758));
#6101 = CARTESIAN_POINT('',(6.757387645633,-4.74,1.859182477448));
#6102 = CARTESIAN_POINT('',(6.757387645633,-4.75,1.859182477448));
#6103 = CARTESIAN_POINT('',(6.898021058223,-4.74,1.9050186217));
#6104 = CARTESIAN_POINT('',(6.898021058223,-4.75,1.9050186217));
#6105 = CARTESIAN_POINT('',(6.979917534716,-4.74,1.850750494273));
#6106 = CARTESIAN_POINT('',(6.979917534716,-4.75,1.850750494273));
#6107 = CARTESIAN_POINT('',(7.021353331833,-4.74,1.737833330086));
#6108 = CARTESIAN_POINT('',(7.021353331833,-4.75,1.737833330086));
#6109 = CARTESIAN_POINT('',(7.102080449219,-4.74,1.649933576717));
#6110 = CARTESIAN_POINT('',(7.102080449219,-4.75,1.649933576717));
#6111 = CARTESIAN_POINT('',(7.276711345602,-4.74,1.588435785085));
#6112 = CARTESIAN_POINT('',(7.276711345602,-4.75,1.588435785085));
#6113 = CARTESIAN_POINT('',(7.44845928483,-4.74,1.688617553994));
#6114 = CARTESIAN_POINT('',(7.44845928483,-4.75,1.688617553994));
#6115 = CARTESIAN_POINT('',(7.505253896842,-4.74,1.889255754242));
#6116 = CARTESIAN_POINT('',(7.505253896842,-4.75,1.889255754242));
#6117 = CARTESIAN_POINT('',(7.476931658239,-4.74,2.087498728476));
#6118 = CARTESIAN_POINT('',(7.476931658239,-4.75,2.087498728476));
#6119 = CARTESIAN_POINT('',(7.355008426258,-4.74,2.200858531077));
#6120 = CARTESIAN_POINT('',(7.355008426258,-4.75,2.200858531077));
#6121 = CARTESIAN_POINT('',(7.199562012743,-4.74,2.205454506828));
#6122 = CARTESIAN_POINT('',(7.199562012743,-4.75,2.205454506828));
#6123 = CARTESIAN_POINT('',(7.125234794514,-4.74,2.18422652716));
#6124 = CARTESIAN_POINT('',(7.125234794514,-4.75,2.18422652716));
#6125 = CARTESIAN_POINT('',(7.056180566462,-4.74,2.12745350846));
#6126 = CARTESIAN_POINT('',(7.056180566462,-4.75,2.12745350846));
#6127 = CARTESIAN_POINT('',(6.935926592819,-4.74,2.049077081056));
#6128 = CARTESIAN_POINT('',(6.935926592819,-4.75,2.049077081056));
#6129 = CARTESIAN_POINT('',(6.87193231979,-4.74,2.064710632762));
#6130 = CARTESIAN_POINT('',(6.87193231979,-4.75,2.064710632762));
#6131 = CARTESIAN_POINT('',(6.820211161541,-4.74,2.112638033625));
#6132 = CARTESIAN_POINT('',(6.820211161541,-4.75,2.112638033625));
#6133 = CARTESIAN_POINT('',(6.802612260126,-4.74,2.137211024791));
#6134 = CARTESIAN_POINT('',(6.802612260126,-4.75,2.137211024791));
#6135 = CARTESIAN_POINT('',(6.802778888355,-4.74,2.172483073896));
#6136 = CARTESIAN_POINT('',(6.802778888355,-4.75,2.172483073896));
#6137 = CARTESIAN_POINT('',(6.797413223893,-4.74,2.157746347934));
#6138 = CARTESIAN_POINT('',(6.797413223893,-4.75,2.157746347934));
#6139 = CARTESIAN_POINT('',(6.815831814725,-4.74,2.258348307993));
#6140 = CARTESIAN_POINT('',(6.815831814725,-4.75,2.258348307993));
#6141 = CARTESIAN_POINT('',(6.813725348974,-4.74,2.246642890454));
#6142 = CARTESIAN_POINT('',(6.813725348974,-4.75,2.246642890454));
#6143 = CARTESIAN_POINT('',(6.818052658632,-4.74,2.270208774395));
#6144 = CARTESIAN_POINT('',(6.818052658632,-4.75,2.270208774395));
#6145 = CARTESIAN_POINT('',(6.822274460444,-4.74,2.293255901525));
#6146 = CARTESIAN_POINT('',(6.822274460444,-4.75,2.293255901525));
#6147 = CARTESIAN_POINT('',(6.83869645064,-4.74,2.385799577053));
#6148 = CARTESIAN_POINT('',(6.83869645064,-4.75,2.385799577053));
#6149 = CARTESIAN_POINT('',(6.865697822,-4.74,2.521110484472));
#6150 = CARTESIAN_POINT('',(6.865697822,-4.75,2.521110484472));
#6151 = CARTESIAN_POINT('',(6.885262539502,-4.74,2.73024267887));
#6152 = CARTESIAN_POINT('',(6.885262539502,-4.75,2.73024267887));
#6153 = CARTESIAN_POINT('',(6.962335485321,-4.74,2.860143966217));
#6154 = CARTESIAN_POINT('',(6.962335485321,-4.75,2.860143966217));
#6155 = CARTESIAN_POINT('',(7.116851308643,-4.74,2.852252097954));
#6156 = CARTESIAN_POINT('',(7.116851308643,-4.75,2.852252097954));
#6157 = CARTESIAN_POINT('',(7.239481237343,-4.74,2.854088783679));
#6158 = CARTESIAN_POINT('',(7.239481237343,-4.75,2.854088783679));
#6159 = CARTESIAN_POINT('',(7.373581850658,-4.74,2.853988128864));
#6160 = CARTESIAN_POINT('',(7.373581850658,-4.75,2.853988128864));
#6161 = CARTESIAN_POINT('',(7.497184831093,-4.74,2.852403080176));
#6162 = CARTESIAN_POINT('',(7.497184831093,-4.75,2.852403080176));
#6163 = CARTESIAN_POINT('',(7.609909280442,-4.74,2.857604815821));
#6164 = CARTESIAN_POINT('',(7.609909280442,-4.75,2.857604815821));
#6165 = CARTESIAN_POINT('',(7.703914402451,-4.74,2.823626430321));
#6166 = CARTESIAN_POINT('',(7.703914402451,-4.75,2.823626430321));
#6167 = CARTESIAN_POINT('',(7.733300680396,-4.74,2.687880920758));
#6168 = CARTESIAN_POINT('',(7.733300680396,-4.75,2.687880920758));
#6169 = CARTESIAN_POINT('',(7.652399469741,-4.74,2.62905659164));
#6170 = CARTESIAN_POINT('',(7.652399469741,-4.75,2.62905659164));
#6171 = CARTESIAN_POINT('',(7.572166559486,-4.74,2.62905659164));
#6172 = CARTESIAN_POINT('',(7.572166559486,-4.75,2.62905659164));
#6173 = ADVANCED_FACE('',(#6174),#6184,.T.);
#6174 = FACE_BOUND('',#6175,.T.);
#6175 = EDGE_LOOP('',(#6176,#6177,#6178,#6179));
#6176 = ORIENTED_EDGE('',*,*,#2303,.F.);
#6177 = ORIENTED_EDGE('',*,*,#6074,.F.);
#6178 = ORIENTED_EDGE('',*,*,#6052,.T.);
#6179 = ORIENTED_EDGE('',*,*,#6180,.T.);
#6180 = EDGE_CURVE('',#6044,#2197,#6181,.T.);
#6181 = B_SPLINE_CURVE_WITH_KNOTS('',1,(#6182,#6183),.UNSPECIFIED.,.F.,
  .F.,(2,2),(0.,1.E-02),.PIECEWISE_BEZIER_KNOTS.);
#6182 = CARTESIAN_POINT('',(7.11679807074,-4.74,2.62905659164));
#6183 = CARTESIAN_POINT('',(7.11679807074,-4.75,2.62905659164));
#6184 = B_SPLINE_SURFACE_WITH_KNOTS('',1,1,(
    (#6185,#6186)
    ,(#6187,#6188
    )),.UNSPECIFIED.,.F.,.F.,.F.,(2,2),(2,2),(-0.455368488746,0.),(
    -1.E-02,0.),.PIECEWISE_BEZIER_KNOTS.);
#6185 = CARTESIAN_POINT('',(7.11679807074,-4.75,2.62905659164));
#6186 = CARTESIAN_POINT('',(7.11679807074,-4.74,2.62905659164));
#6187 = CARTESIAN_POINT('',(7.572166559486,-4.75,2.62905659164));
#6188 = CARTESIAN_POINT('',(7.572166559486,-4.74,2.62905659164));
#6189 = ADVANCED_FACE('',(#6190),#6196,.T.);
#6190 = FACE_BOUND('',#6191,.T.);
#6191 = EDGE_LOOP('',(#6192,#6193,#6194,#6195));
#6192 = ORIENTED_EDGE('',*,*,#2196,.F.);
#6193 = ORIENTED_EDGE('',*,*,#6180,.F.);
#6194 = ORIENTED_EDGE('',*,*,#6043,.T.);
#6195 = ORIENTED_EDGE('',*,*,#6068,.T.);
#6196 = B_SPLINE_SURFACE_WITH_KNOTS('',1,1,(
    (#6197,#6198)
    ,(#6199,#6200
    )),.UNSPECIFIED.,.F.,.F.,.F.,(2,2),(2,2),(-0.315137611843,0.),(
    -1.E-02,0.),.PIECEWISE_BEZIER_KNOTS.);
#6197 = CARTESIAN_POINT('',(7.062565273312,-4.75,2.318620578778));
#6198 = CARTESIAN_POINT('',(7.062565273312,-4.74,2.318620578778));
#6199 = CARTESIAN_POINT('',(7.11679807074,-4.75,2.62905659164));
#6200 = CARTESIAN_POINT('',(7.11679807074,-4.74,2.62905659164));
#6201 = ADVANCED_FACE('',(#6202),#6293,.T.);
#6202 = FACE_BOUND('',#6203,.T.);
#6203 = EDGE_LOOP('',(#6204,#6286));
#6204 = ORIENTED_EDGE('',*,*,#6205,.F.);
#6205 = EDGE_CURVE('',#6206,#6208,#6210,.T.);
#6206 = VERTEX_POINT('',#6207);
#6207 = CARTESIAN_POINT('',(4.467806430868,-4.74,1.760396784566));
#6208 = VERTEX_POINT('',#6209);
#6209 = CARTESIAN_POINT('',(4.149890032154,-4.74,2.701990353698));
#6210 = B_SPLINE_CURVE_WITH_KNOTS('',3,(#6211,#6212,#6213,#6214,#6215,
    #6216,#6217,#6218,#6219,#6220,#6221,#6222,#6223,#6224,#6225,#6226,
    #6227,#6228,#6229,#6230,#6231,#6232,#6233,#6234,#6235,#6236,#6237,
    #6238,#6239,#6240,#6241,#6242,#6243,#6244,#6245,#6246,#6247,#6248,
    #6249,#6250,#6251,#6252,#6253,#6254,#6255,#6256,#6257,#6258,#6259,
    #6260,#6261,#6262,#6263,#6264,#6265,#6266,#6267,#6268,#6269,#6270,
    #6271,#6272,#6273,#6274,#6275,#6276,#6277,#6278,#6279,#6280,#6281,
    #6282,#6283,#6284,#6285),.UNSPECIFIED.,.F.,.F.,(4,3,2,3,2,3,3,2,3,2,
    3,3,3,3,3,2,3,3,3,3,3,3,3,2,3,2,3,4),(0.16635285277,0.333793193432,
    0.348721102083,0.363649010735,0.378467140187,0.389474893494,
    0.401104308585,0.412103753451,0.419603374951,0.428073225894,
    0.436543076837,0.600609512329,0.618581902666,0.634220693593,
    0.648864427349,0.665760630566,0.682656833783,0.697407875597,
    0.713203877307,0.731083300059,0.893593627715,0.902259189668,
    0.911231045299,0.917933211506,0.935977505143,0.952960942871,
    0.973988056249,1.),.UNSPECIFIED.);
#6211 = CARTESIAN_POINT('',(4.467806430868,-4.74,1.760396784566));
#6212 = CARTESIAN_POINT('',(4.574090246517,-4.74,2.076443086817));
#6213 = CARTESIAN_POINT('',(4.680374062165,-4.74,2.392489389068));
#6214 = CARTESIAN_POINT('',(4.786657877814,-4.74,2.708535691318));
#6215 = CARTESIAN_POINT('',(4.80334045391,-4.74,2.758143117013));
#6216 = CARTESIAN_POINT('',(4.81564437299,-4.74,2.792690032154));
#6217 = CARTESIAN_POINT('',(4.832475241158,-4.74,2.831962057878));
#6218 = CARTESIAN_POINT('',(4.845565916399,-4.74,2.849727974277));
#6219 = CARTESIAN_POINT('',(4.86520192926,-4.74,2.865623794212));
#6220 = CARTESIAN_POINT('',(4.88438066511,-4.74,2.881149437519));
#6221 = CARTESIAN_POINT('',(4.911019292605,-4.74,2.889));
#6222 = CARTESIAN_POINT('',(4.968057234727,-4.74,2.889));
#6223 = CARTESIAN_POINT('',(4.990498392283,-4.74,2.882454662379));
#6224 = CARTESIAN_POINT('',(5.011069453376,-4.74,2.87029903537));
#6225 = CARTESIAN_POINT('',(5.032333567064,-4.74,2.857733877282));
#6226 = CARTESIAN_POINT('',(5.048471382637,-4.74,2.842247588424));
#6227 = CARTESIAN_POINT('',(5.060627009646,-4.74,2.822611575563));
#6228 = CARTESIAN_POINT('',(5.072942054715,-4.74,2.802718041221));
#6229 = CARTESIAN_POINT('',(5.078392926045,-4.74,2.781469453376));
#6230 = CARTESIAN_POINT('',(5.078392926045,-4.74,2.74687266881));
#6231 = CARTESIAN_POINT('',(5.07558778135,-4.74,2.731911897106));
#6232 = CARTESIAN_POINT('',(5.071847588424,-4.74,2.71601607717));
#6233 = CARTESIAN_POINT('',(5.067898925729,-4.74,2.699234260714));
#6234 = CARTESIAN_POINT('',(5.063432154341,-4.74,2.683289389068));
#6235 = CARTESIAN_POINT('',(5.052211575563,-4.74,2.651497749196));
#6236 = CARTESIAN_POINT('',(5.046601286174,-4.74,2.63560192926));
#6237 = CARTESIAN_POINT('',(5.040990996785,-4.74,2.619706109325));
#6238 = CARTESIAN_POINT('',(4.932266465496,-4.74,2.311653270674));
#6239 = CARTESIAN_POINT('',(4.814085959271,-4.74,2.006937834941));
#6240 = CARTESIAN_POINT('',(4.700633440514,-4.74,1.700553697749));
#6241 = CARTESIAN_POINT('',(4.687596961027,-4.74,1.665348040233));
#6242 = CARTESIAN_POINT('',(4.676322186495,-4.74,1.631360128617));
#6243 = CARTESIAN_POINT('',(4.664166559486,-4.74,1.599568488746));
#6244 = CARTESIAN_POINT('',(4.652322850452,-4.74,1.568592634351));
#6245 = CARTESIAN_POINT('',(4.637985209003,-4.74,1.540660450161));
#6246 = CARTESIAN_POINT('',(4.622089389068,-4.74,1.516349196141));
#6247 = CARTESIAN_POINT('',(4.606621850291,-4.74,1.492692960365));
#6248 = CARTESIAN_POINT('',(4.584687459807,-4.74,1.47240192926));
#6249 = CARTESIAN_POINT('',(4.558506109325,-4.74,1.457441157556));
#6250 = CARTESIAN_POINT('',(4.531619876329,-4.74,1.442077595845));
#6251 = CARTESIAN_POINT('',(4.49959807074,-4.74,1.435));
#6252 = CARTESIAN_POINT('',(4.422924115756,-4.74,1.435));
#6253 = CARTESIAN_POINT('',(4.390197427653,-4.74,1.442480385852));
#6254 = CARTESIAN_POINT('',(4.36401607717,-4.74,1.457441157556));
#6255 = CARTESIAN_POINT('',(4.337129844175,-4.74,1.472804719268));
#6256 = CARTESIAN_POINT('',(4.316328617363,-4.74,1.492037942122));
#6257 = CARTESIAN_POINT('',(4.299497749196,-4.74,1.516349196141));
#6258 = CARTESIAN_POINT('',(4.282532234084,-4.74,1.540854940193));
#6259 = CARTESIAN_POINT('',(4.268641157556,-4.74,1.568711897106));
#6260 = CARTESIAN_POINT('',(4.257420578778,-4.74,1.600503536978));
#6261 = CARTESIAN_POINT('',(4.246389886718,-4.74,1.631757164482));
#6262 = CARTESIAN_POINT('',(4.233109324759,-4.74,1.665021864952));
#6263 = CARTESIAN_POINT('',(4.220018649518,-4.74,1.700553697749));
#6264 = CARTESIAN_POINT('',(4.10814126892,-4.74,2.004220873657));
#6265 = CARTESIAN_POINT('',(3.997477170418,-4.74,2.308335048232));
#6266 = CARTESIAN_POINT('',(3.886206430868,-4.74,2.612225723473));
#6267 = CARTESIAN_POINT('',(3.880410944384,-4.74,2.62805373278));
#6268 = CARTESIAN_POINT('',(3.874050803859,-4.74,2.644017363344));
#6269 = CARTESIAN_POINT('',(3.868440514469,-4.74,2.660848231511));
#6270 = CARTESIAN_POINT('',(3.86311073955,-4.74,2.67683755627));
#6271 = CARTESIAN_POINT('',(3.857219935691,-4.74,2.693574919614));
#6272 = CARTESIAN_POINT('',(3.853479742765,-4.74,2.712275884244));
#6273 = CARTESIAN_POINT('',(3.849703586446,-4.74,2.731156665842));
#6274 = CARTESIAN_POINT('',(3.846934405145,-4.74,2.74687266881));
#6275 = CARTESIAN_POINT('',(3.846934405145,-4.74,2.791754983923));
#6276 = CARTESIAN_POINT('',(3.860025080386,-4.74,2.821676527331));
#6277 = CARTESIAN_POINT('',(3.886206430868,-4.74,2.848792926045));
#6278 = CARTESIAN_POINT('',(3.911920544942,-4.74,2.875425401336));
#6279 = CARTESIAN_POINT('',(3.945114469453,-4.74,2.889));
#6280 = CARTESIAN_POINT('',(4.033009003215,-4.74,2.889));
#6281 = CARTESIAN_POINT('',(4.067605787781,-4.74,2.874039228296));
#6282 = CARTESIAN_POINT('',(4.088176848875,-4.74,2.844117684887));
#6283 = CARTESIAN_POINT('',(4.10844780165,-4.74,2.814632662669));
#6284 = CARTESIAN_POINT('',(4.12838392283,-4.74,2.767443729904));
#6285 = CARTESIAN_POINT('',(4.149890032154,-4.74,2.701990353698));
#6286 = ORIENTED_EDGE('',*,*,#6287,.F.);
#6287 = EDGE_CURVE('',#6208,#6206,#6288,.T.);
#6288 = B_SPLINE_CURVE_WITH_KNOTS('',3,(#6289,#6290,#6291,#6292),
  .UNSPECIFIED.,.F.,.F.,(4,4),(0.,0.16635285277),
  .PIECEWISE_BEZIER_KNOTS.);
#6289 = CARTESIAN_POINT('',(4.149890032154,-4.74,2.701990353698));
#6290 = CARTESIAN_POINT('',(4.253294184007,-4.74,2.387282065451));
#6291 = CARTESIAN_POINT('',(4.361834297964,-4.74,2.07426130761));
#6292 = CARTESIAN_POINT('',(4.467806430868,-4.74,1.760396784566));
#6293 = B_SPLINE_SURFACE_WITH_KNOTS('',1,1,(
    (#6294,#6295)
    ,(#6296,#6297
    )),.UNSPECIFIED.,.F.,.F.,.F.,(2,2),(2,2),(-1.090831119159,
    0.363168880841),(-0.890007282969,0.341451237931),
  .PIECEWISE_BEZIER_KNOTS.);
#6294 = CARTESIAN_POINT('',(3.846934405145,-4.74,2.889));
#6295 = CARTESIAN_POINT('',(5.078392926045,-4.74,2.889));
#6296 = CARTESIAN_POINT('',(3.846934405145,-4.74,1.435));
#6297 = CARTESIAN_POINT('',(5.078392926045,-4.74,1.435));
#6298 = ADVANCED_FACE('',(#6299),#6313,.T.);
#6299 = FACE_BOUND('',#6300,.T.);
#6300 = EDGE_LOOP('',(#6301,#6302,#6307,#6308));
#6301 = ORIENTED_EDGE('',*,*,#2323,.F.);
#6302 = ORIENTED_EDGE('',*,*,#6303,.F.);
#6303 = EDGE_CURVE('',#6206,#2315,#6304,.T.);
#6304 = B_SPLINE_CURVE_WITH_KNOTS('',1,(#6305,#6306),.UNSPECIFIED.,.F.,
  .F.,(2,2),(0.,1.E-02),.PIECEWISE_BEZIER_KNOTS.);
#6305 = CARTESIAN_POINT('',(4.467806430868,-4.74,1.760396784566));
#6306 = CARTESIAN_POINT('',(4.467806430868,-4.75,1.760396784566));
#6307 = ORIENTED_EDGE('',*,*,#6205,.T.);
#6308 = ORIENTED_EDGE('',*,*,#6309,.T.);
#6309 = EDGE_CURVE('',#6208,#2313,#6310,.T.);
#6310 = B_SPLINE_CURVE_WITH_KNOTS('',1,(#6311,#6312),.UNSPECIFIED.,.F.,
  .F.,(2,2),(0.,1.E-02),.PIECEWISE_BEZIER_KNOTS.);
#6311 = CARTESIAN_POINT('',(4.149890032154,-4.74,2.701990353698));
#6312 = CARTESIAN_POINT('',(4.149890032154,-4.75,2.701990353698));
#6313 = B_SPLINE_SURFACE_WITH_KNOTS('',3,1,(
    (#6314,#6315)
    ,(#6316,#6317)
    ,(#6318,#6319)
    ,(#6320,#6321)
    ,(#6322,#6323)
    ,(#6324,#6325)
    ,(#6326,#6327)
    ,(#6328,#6329)
    ,(#6330,#6331)
    ,(#6332,#6333)
    ,(#6334,#6335)
    ,(#6336,#6337)
    ,(#6338,#6339)
    ,(#6340,#6341)
    ,(#6342,#6343)
    ,(#6344,#6345)
    ,(#6346,#6347)
    ,(#6348,#6349)
    ,(#6350,#6351)
    ,(#6352,#6353)
    ,(#6354,#6355)
    ,(#6356,#6357)
    ,(#6358,#6359)
    ,(#6360,#6361)
    ,(#6362,#6363)
    ,(#6364,#6365)
    ,(#6366,#6367)
    ,(#6368,#6369)
    ,(#6370,#6371)
    ,(#6372,#6373
    )),.UNSPECIFIED.,.F.,.F.,.F.,(4,1,1,1,1,1,1,1,1,1,1,1,1,1,1,1,1,1,1,
    1,1,1,1,1,1,1,1,4),(2,2),(0.16635285277,0.218455799472,
    0.270558746174,0.322661692876,0.335687429551,0.348713166226,
    0.361738902902,0.374764639577,0.400816112928,0.426867586279,
    0.45291905963,0.478970532981,0.531073479683,0.583176426385,
    0.609227899736,0.635279373087,0.661330846438,0.687382319789,
    0.71343379314,0.739485266491,0.791588213192,0.843691159894,
    0.869742633245,0.895794106596,0.921845579947,0.947897053298,
    0.973948526649,1.),(0.,1.),.UNSPECIFIED.);
#6314 = CARTESIAN_POINT('',(4.467806430868,-4.74,1.760396784566));
#6315 = CARTESIAN_POINT('',(4.467806430868,-4.75,1.760396784566));
#6316 = CARTESIAN_POINT('',(4.500879105948,-4.74,1.858741923954));
#6317 = CARTESIAN_POINT('',(4.500879105948,-4.75,1.858741923954));
#6318 = CARTESIAN_POINT('',(4.566850120243,-4.74,2.054908357883));
#6319 = CARTESIAN_POINT('',(4.566850120243,-4.75,2.054908357883));
#6320 = CARTESIAN_POINT('',(4.666852656878,-4.74,2.352301077851));
#6321 = CARTESIAN_POINT('',(4.666852656878,-4.75,2.352301077851));
#6322 = CARTESIAN_POINT('',(4.739108769473,-4.74,2.56709506151));
#6323 = CARTESIAN_POINT('',(4.739108769473,-4.75,2.56709506151));
#6324 = CARTESIAN_POINT('',(4.791528947923,-4.74,2.723059768725));
#6325 = CARTESIAN_POINT('',(4.791528947923,-4.75,2.723059768725));
#6326 = CARTESIAN_POINT('',(4.825353578131,-4.74,2.822840883284));
#6327 = CARTESIAN_POINT('',(4.825353578131,-4.75,2.822840883284));
#6328 = CARTESIAN_POINT('',(4.851335034776,-4.74,2.859344995028));
#6329 = CARTESIAN_POINT('',(4.851335034776,-4.75,2.859344995028));
#6330 = CARTESIAN_POINT('',(4.939151877813,-4.74,2.90869771955));
#6331 = CARTESIAN_POINT('',(4.939151877813,-4.75,2.90869771955));
#6332 = CARTESIAN_POINT('',(5.096599209143,-4.74,2.837981115429));
#6333 = CARTESIAN_POINT('',(5.096599209143,-4.75,2.837981115429));
#6334 = CARTESIAN_POINT('',(5.064236436284,-4.74,2.669617208197));
#6335 = CARTESIAN_POINT('',(5.064236436284,-4.75,2.669617208197));
#6336 = CARTESIAN_POINT('',(5.007354721688,-4.74,2.528671375491));
#6337 = CARTESIAN_POINT('',(5.007354721688,-4.75,2.528671375491));
#6338 = CARTESIAN_POINT('',(4.938003281189,-4.74,2.331834472375));
#6339 = CARTESIAN_POINT('',(4.938003281189,-4.75,2.331834472375));
#6340 = CARTESIAN_POINT('',(4.846061522014,-4.74,2.089668800402));
#6341 = CARTESIAN_POINT('',(4.846061522014,-4.75,2.089668800402));
#6342 = CARTESIAN_POINT('',(4.755585593528,-4.74,1.847151983684));
#6343 = CARTESIAN_POINT('',(4.755585593528,-4.75,1.847151983684));
#6344 = CARTESIAN_POINT('',(4.681558691589,-4.74,1.65169931181));
#6345 = CARTESIAN_POINT('',(4.681558691589,-4.75,1.65169931181));
#6346 = CARTESIAN_POINT('',(4.633504585523,-4.74,1.500041881829));
#6347 = CARTESIAN_POINT('',(4.633504585523,-4.75,1.500041881829));
#6348 = CARTESIAN_POINT('',(4.496227663984,-4.74,1.415764982641));
#6349 = CARTESIAN_POINT('',(4.496227663984,-4.75,1.415764982641));
#6350 = CARTESIAN_POINT('',(4.322384230703,-4.74,1.455785638416));
#6351 = CARTESIAN_POINT('',(4.322384230703,-4.75,1.455785638416));
#6352 = CARTESIAN_POINT('',(4.254121390075,-4.74,1.60171661648));
#6353 = CARTESIAN_POINT('',(4.254121390075,-4.75,1.60171661648));
#6354 = CARTESIAN_POINT('',(4.186084579175,-4.74,1.796240154873));
#6355 = CARTESIAN_POINT('',(4.186084579175,-4.75,1.796240154873));
#6356 = CARTESIAN_POINT('',(4.094765367693,-4.74,2.040110397403));
#6357 = CARTESIAN_POINT('',(4.094765367693,-4.75,2.040110397403));
#6358 = CARTESIAN_POINT('',(4.006962508583,-4.74,2.282847871193));
#6359 = CARTESIAN_POINT('',(4.006962508583,-4.75,2.282847871193));
#6360 = CARTESIAN_POINT('',(3.934290721297,-4.74,2.479549013879));
#6361 = CARTESIAN_POINT('',(3.934290721297,-4.75,2.479549013879));
#6362 = CARTESIAN_POINT('',(3.885034199651,-4.74,2.620246326003));
#6363 = CARTESIAN_POINT('',(3.885034199651,-4.75,2.620246326003));
#6364 = CARTESIAN_POINT('',(3.815794769482,-4.74,2.785396105677));
#6365 = CARTESIAN_POINT('',(3.815794769482,-4.75,2.785396105677));
#6366 = CARTESIAN_POINT('',(3.944470462442,-4.74,2.917689879626));
#6367 = CARTESIAN_POINT('',(3.944470462442,-4.75,2.917689879626));
#6368 = CARTESIAN_POINT('',(4.111819079176,-4.74,2.856203711874));
#6369 = CARTESIAN_POINT('',(4.111819079176,-4.75,2.856203711874));
#6370 = CARTESIAN_POINT('',(4.128351240616,-4.74,2.767543197509));
#6371 = CARTESIAN_POINT('',(4.128351240616,-4.75,2.767543197509));
#6372 = CARTESIAN_POINT('',(4.149890032154,-4.74,2.701990353698));
#6373 = CARTESIAN_POINT('',(4.149890032154,-4.75,2.701990353698));
#6374 = ADVANCED_FACE('',(#6375),#6381,.T.);
#6375 = FACE_BOUND('',#6376,.T.);
#6376 = EDGE_LOOP('',(#6377,#6378,#6379,#6380));
#6377 = ORIENTED_EDGE('',*,*,#2312,.F.);
#6378 = ORIENTED_EDGE('',*,*,#6309,.F.);
#6379 = ORIENTED_EDGE('',*,*,#6287,.T.);
#6380 = ORIENTED_EDGE('',*,*,#6303,.T.);
#6381 = B_SPLINE_SURFACE_WITH_KNOTS('',3,1,(
    (#6382,#6383)
    ,(#6384,#6385)
    ,(#6386,#6387)
    ,(#6388,#6389
    )),.UNSPECIFIED.,.F.,.F.,.F.,(4,4),(2,2),(0.,0.16635285277),(0.,1.),
  .PIECEWISE_BEZIER_KNOTS.);
#6382 = CARTESIAN_POINT('',(4.149890032154,-4.74,2.701990353698));
#6383 = CARTESIAN_POINT('',(4.149890032154,-4.75,2.701990353698));
#6384 = CARTESIAN_POINT('',(4.253294184007,-4.74,2.387282065451));
#6385 = CARTESIAN_POINT('',(4.253294184007,-4.75,2.387282065451));
#6386 = CARTESIAN_POINT('',(4.361834297964,-4.74,2.07426130761));
#6387 = CARTESIAN_POINT('',(4.361834297964,-4.75,2.07426130761));
#6388 = CARTESIAN_POINT('',(4.467806430868,-4.74,1.760396784566));
#6389 = CARTESIAN_POINT('',(4.467806430868,-4.75,1.760396784566));
#6390 = ADVANCED_FACE('',(#6391,#6414),#6508,.T.);
#6391 = FACE_BOUND('',#6392,.T.);
#6392 = EDGE_LOOP('',(#6393,#6402,#6409));
#6393 = ORIENTED_EDGE('',*,*,#6394,.F.);
#6394 = EDGE_CURVE('',#6395,#6397,#6399,.T.);
#6395 = VERTEX_POINT('',#6396);
#6396 = CARTESIAN_POINT('',(3.309281672026,-4.74,1.975457877814));
#6397 = VERTEX_POINT('',#6398);
#6398 = CARTESIAN_POINT('',(3.309281672026,-4.74,2.532746623794));
#6399 = B_SPLINE_CURVE_WITH_KNOTS('',1,(#6400,#6401),.UNSPECIFIED.,.F.,
  .F.,(2,2),(0.247973541939,0.58310331744),.PIECEWISE_BEZIER_KNOTS.);
#6400 = CARTESIAN_POINT('',(3.309281672026,-4.74,1.975457877814));
#6401 = CARTESIAN_POINT('',(3.309281672026,-4.74,2.532746623794));
#6402 = ORIENTED_EDGE('',*,*,#6403,.F.);
#6403 = EDGE_CURVE('',#6404,#6395,#6406,.T.);
#6404 = VERTEX_POINT('',#6405);
#6405 = CARTESIAN_POINT('',(2.896925401929,-4.74,1.975457877814));
#6406 = B_SPLINE_CURVE_WITH_KNOTS('',1,(#6407,#6408),.UNSPECIFIED.,.F.,
  .F.,(2,2),(0.,0.247973541939),.PIECEWISE_BEZIER_KNOTS.);
#6407 = CARTESIAN_POINT('',(2.896925401929,-4.74,1.975457877814));
#6408 = CARTESIAN_POINT('',(3.309281672026,-4.74,1.975457877814));
#6409 = ORIENTED_EDGE('',*,*,#6410,.F.);
#6410 = EDGE_CURVE('',#6397,#6404,#6411,.T.);
#6411 = B_SPLINE_CURVE_WITH_KNOTS('',1,(#6412,#6413),.UNSPECIFIED.,.F.,
  .F.,(2,2),(0.58310331744,1.),.PIECEWISE_BEZIER_KNOTS.);
#6412 = CARTESIAN_POINT('',(3.309281672026,-4.74,2.532746623794));
#6413 = CARTESIAN_POINT('',(2.896925401929,-4.74,1.975457877814));
#6414 = FACE_BOUND('',#6415,.T.);
#6415 = EDGE_LOOP('',(#6416,#6438,#6460,#6501));
#6416 = ORIENTED_EDGE('',*,*,#6417,.F.);
#6417 = EDGE_CURVE('',#6418,#6420,#6422,.T.);
#6418 = VERTEX_POINT('',#6419);
#6419 = CARTESIAN_POINT('',(3.549589067524,-4.74,1.760396784566));
#6420 = VERTEX_POINT('',#6421);
#6421 = CARTESIAN_POINT('',(3.309281672026,-4.74,1.580867524116));
#6422 = B_SPLINE_CURVE_WITH_KNOTS('',3,(#6423,#6424,#6425,#6426,#6427,
    #6428,#6429,#6430,#6431,#6432,#6433,#6434,#6435,#6436,#6437),
  .UNSPECIFIED.,.F.,.F.,(4,3,3,2,3,4),(0.859077701994,0.900653517176,
    0.927893347804,0.950688196547,0.972898561989,1.),.UNSPECIFIED.);
#6423 = CARTESIAN_POINT('',(3.549589067524,-4.74,1.760396784566));
#6424 = CARTESIAN_POINT('',(3.549589067524,-4.74,1.700553697749));
#6425 = CARTESIAN_POINT('',(3.549589067524,-4.74,1.640710610932));
#6426 = CARTESIAN_POINT('',(3.549589067524,-4.74,1.580867524116));
#6427 = CARTESIAN_POINT('',(3.549589067524,-4.74,1.531309967846));
#6428 = CARTESIAN_POINT('',(3.538368488746,-4.74,1.494843086817));
#6429 = CARTESIAN_POINT('',(3.516862379421,-4.74,1.470531832797));
#6430 = CARTESIAN_POINT('',(3.495409812277,-4.74,1.446281104722));
#6431 = CARTESIAN_POINT('',(3.465434726688,-4.74,1.435));
#6432 = CARTESIAN_POINT('',(3.393436012862,-4.74,1.435));
#6433 = CARTESIAN_POINT('',(3.364449517685,-4.74,1.44715562701));
#6434 = CARTESIAN_POINT('',(3.34294340836,-4.74,1.471466881029));
#6435 = CARTESIAN_POINT('',(3.320562776747,-4.74,1.496766725461));
#6436 = CARTESIAN_POINT('',(3.309281672026,-4.74,1.533180064309));
#6437 = CARTESIAN_POINT('',(3.309281672026,-4.74,1.580867524116));
#6438 = ORIENTED_EDGE('',*,*,#6439,.F.);
#6439 = EDGE_CURVE('',#6440,#6418,#6442,.T.);
#6440 = VERTEX_POINT('',#6441);
#6441 = CARTESIAN_POINT('',(3.549589067524,-4.74,1.975457877814));
#6442 = B_SPLINE_CURVE_WITH_KNOTS('',3,(#6443,#6444,#6445,#6446,#6447,
    #6448,#6449,#6450,#6451,#6452,#6453,#6454,#6455,#6456,#6457,#6458,
    #6459),.UNSPECIFIED.,.F.,.F.,(4,3,3,2,2,3,4),(0.736024355307,
    0.745552146286,0.773445643253,0.800521389527,0.823084511422,
    0.845647633317,0.859077701994),.UNSPECIFIED.);
#6443 = CARTESIAN_POINT('',(3.549589067524,-4.74,1.975457877814));
#6444 = CARTESIAN_POINT('',(3.563303108253,-4.74,1.975457877814));
#6445 = CARTESIAN_POINT('',(3.577017148982,-4.74,1.975457877814));
#6446 = CARTESIAN_POINT('',(3.590731189711,-4.74,1.975457877814));
#6447 = CARTESIAN_POINT('',(3.639353697749,-4.74,1.975457877814));
#6448 = CARTESIAN_POINT('',(3.679560771704,-4.74,1.967977491961));
#6449 = CARTESIAN_POINT('',(3.708547266881,-4.74,1.95488681672));
#6450 = CARTESIAN_POINT('',(3.738661153832,-4.74,1.941286996807));
#6451 = CARTESIAN_POINT('',(3.753429581994,-4.74,1.911874598071));
#6452 = CARTESIAN_POINT('',(3.753429581994,-4.74,1.829590353698));
#6453 = CARTESIAN_POINT('',(3.741273954984,-4.74,1.802473954984));
#6454 = CARTESIAN_POINT('',(3.692651446945,-4.74,1.76881221865));
#6455 = CARTESIAN_POINT('',(3.656184565916,-4.74,1.760396784566));
#6456 = CARTESIAN_POINT('',(3.607562057878,-4.74,1.760396784566));
#6457 = CARTESIAN_POINT('',(3.58823772776,-4.74,1.760396784566));
#6458 = CARTESIAN_POINT('',(3.568913397642,-4.74,1.760396784566));
#6459 = CARTESIAN_POINT('',(3.549589067524,-4.74,1.760396784566));
#6460 = ORIENTED_EDGE('',*,*,#6461,.F.);
#6461 = EDGE_CURVE('',#6462,#6440,#6464,.T.);
#6462 = VERTEX_POINT('',#6463);
#6463 = CARTESIAN_POINT('',(3.309281672026,-4.74,1.760396784566));
#6464 = B_SPLINE_CURVE_WITH_KNOTS('',3,(#6465,#6466,#6467,#6468,#6469,
    #6470,#6471,#6472,#6473,#6474,#6475,#6476,#6477,#6478,#6479,#6480,
    #6481,#6482,#6483,#6484,#6485,#6486,#6487,#6488,#6489,#6490,#6491,
    #6492,#6493,#6494,#6495,#6496,#6497,#6498,#6499,#6500),
  .UNSPECIFIED.,.F.,.F.,(4,3,3,2,3,3,3,3,3,3,3,3,4),(4.157581518224E-02,
    0.152877737076,0.186644760962,0.216586225107,0.224218363027,
    0.234529695438,0.245761439629,0.25936102025,0.455850493267,
    0.485388418841,0.505166132924,0.564085166441,0.736024355307),
  .UNSPECIFIED.);
#6465 = CARTESIAN_POINT('',(3.309281672026,-4.74,1.760396784566));
#6466 = CARTESIAN_POINT('',(3.149076741693,-4.74,1.760396784566));
#6467 = CARTESIAN_POINT('',(2.988871811361,-4.74,1.760396784566));
#6468 = CARTESIAN_POINT('',(2.828666881029,-4.74,1.760396784566));
#6469 = CARTESIAN_POINT('',(2.767888745981,-4.74,1.760396784566));
#6470 = CARTESIAN_POINT('',(2.722071382637,-4.74,1.774422508039));
#6471 = CARTESIAN_POINT('',(2.692149839228,-4.74,1.801538906752));
#6472 = CARTESIAN_POINT('',(2.661714896684,-4.74,1.829120573433));
#6473 = CARTESIAN_POINT('',(2.646332475884,-4.74,1.866057234727));
#6474 = CARTESIAN_POINT('',(2.646332475884,-4.74,1.925900321543));
#6475 = CARTESIAN_POINT('',(2.649137620579,-4.74,1.938055948553));
#6476 = CARTESIAN_POINT('',(2.652877813505,-4.74,1.950211575563));
#6477 = CARTESIAN_POINT('',(2.656961699835,-4.74,1.963484206135));
#6478 = CARTESIAN_POINT('',(2.664098392283,-4.74,1.976392926045));
#6479 = CARTESIAN_POINT('',(2.673448874598,-4.74,1.989483601286));
#6480 = CARTESIAN_POINT('',(2.682925714782,-4.74,2.002751177544));
#6481 = CARTESIAN_POINT('',(2.691214790997,-4.74,2.0166));
#6482 = CARTESIAN_POINT('',(2.700565273312,-4.74,2.029690675241));
#6483 = CARTESIAN_POINT('',(2.709789397758,-4.74,2.042604449466));
#6484 = CARTESIAN_POINT('',(2.722071382637,-4.74,2.057742122187));
#6485 = CARTESIAN_POINT('',(2.736097106109,-4.74,2.076443086817));
#6486 = CARTESIAN_POINT('',(2.905789659164,-4.74,2.302699824223));
#6487 = CARTESIAN_POINT('',(3.074584565916,-4.74,2.529629796356));
#6488 = CARTESIAN_POINT('',(3.24382829582,-4.74,2.756223151125));
#6489 = CARTESIAN_POINT('',(3.277400867461,-4.74,2.801172063801));
#6490 = CARTESIAN_POINT('',(3.304606430868,-4.74,2.833832154341));
#6491 = CARTESIAN_POINT('',(3.326112540193,-4.74,2.853468167203));
#6492 = CARTESIAN_POINT('',(3.348084245699,-4.74,2.873529289621));
#6493 = CARTESIAN_POINT('',(3.3738,-4.74,2.883389710611));
#6494 = CARTESIAN_POINT('',(3.403721543408,-4.74,2.884324758842));
#6495 = CARTESIAN_POINT('',(3.500842494549,-4.74,2.887359788566));
#6496 = CARTESIAN_POINT('',(3.549589067524,-4.74,2.828221864952));
#6497 = CARTESIAN_POINT('',(3.549589067524,-4.74,2.716951125402));
#6498 = CARTESIAN_POINT('',(3.549589067524,-4.74,2.469786709539));
#6499 = CARTESIAN_POINT('',(3.549589067524,-4.74,2.222622293676));
#6500 = CARTESIAN_POINT('',(3.549589067524,-4.74,1.975457877814));
#6501 = ORIENTED_EDGE('',*,*,#6502,.F.);
#6502 = EDGE_CURVE('',#6420,#6462,#6503,.T.);
#6503 = B_SPLINE_CURVE_WITH_KNOTS('',3,(#6504,#6505,#6506,#6507),
  .UNSPECIFIED.,.F.,.F.,(4,4),(0.,4.157581518224E-02),
  .PIECEWISE_BEZIER_KNOTS.);
#6504 = CARTESIAN_POINT('',(3.309281672026,-4.74,1.580867524116));
#6505 = CARTESIAN_POINT('',(3.309281672026,-4.74,1.640710610932));
#6506 = CARTESIAN_POINT('',(3.309281672026,-4.74,1.700553697749));
#6507 = CARTESIAN_POINT('',(3.309281672026,-4.74,1.760396784566));
#6508 = B_SPLINE_SURFACE_WITH_KNOTS('',1,1,(
    (#6509,#6510)
    ,(#6511,#6512
    )),.UNSPECIFIED.,.F.,.F.,.F.,(2,2),(2,2),(-1.421877633894,
    3.048215467136E-02),(-0.865751612289,0.24134549382),
  .PIECEWISE_BEZIER_KNOTS.);
#6509 = CARTESIAN_POINT('',(2.646332475884,-4.74,2.887359788566));
#6510 = CARTESIAN_POINT('',(3.753429581994,-4.74,2.887359788566));
#6511 = CARTESIAN_POINT('',(2.646332475884,-4.74,1.435));
#6512 = CARTESIAN_POINT('',(3.753429581994,-4.74,1.435));
#6513 = ADVANCED_FACE('',(#6514),#6528,.T.);
#6514 = FACE_BOUND('',#6515,.T.);
#6515 = EDGE_LOOP('',(#6516,#6517,#6522,#6523));
#6516 = ORIENTED_EDGE('',*,*,#1071,.F.);
#6517 = ORIENTED_EDGE('',*,*,#6518,.F.);
#6518 = EDGE_CURVE('',#6418,#1050,#6519,.T.);
#6519 = B_SPLINE_CURVE_WITH_KNOTS('',1,(#6520,#6521),.UNSPECIFIED.,.F.,
  .F.,(2,2),(0.,1.E-02),.PIECEWISE_BEZIER_KNOTS.);
#6520 = CARTESIAN_POINT('',(3.549589067524,-4.74,1.760396784566));
#6521 = CARTESIAN_POINT('',(3.549589067524,-4.75,1.760396784566));
#6522 = ORIENTED_EDGE('',*,*,#6417,.T.);
#6523 = ORIENTED_EDGE('',*,*,#6524,.T.);
#6524 = EDGE_CURVE('',#6420,#1072,#6525,.T.);
#6525 = B_SPLINE_CURVE_WITH_KNOTS('',1,(#6526,#6527),.UNSPECIFIED.,.F.,
  .F.,(2,2),(0.,1.E-02),.PIECEWISE_BEZIER_KNOTS.);
#6526 = CARTESIAN_POINT('',(3.309281672026,-4.74,1.580867524116));
#6527 = CARTESIAN_POINT('',(3.309281672026,-4.75,1.580867524116));
#6528 = B_SPLINE_SURFACE_WITH_KNOTS('',3,1,(
    (#6529,#6530)
    ,(#6531,#6532)
    ,(#6533,#6534)
    ,(#6535,#6536)
    ,(#6537,#6538)
    ,(#6539,#6540)
    ,(#6541,#6542
    )),.UNSPECIFIED.,.F.,.F.,.F.,(4,1,1,1,4),(2,2),(0.859077701994,
    0.894308276495,0.929538850997,0.964769425498,1.),(0.,1.),
  .UNSPECIFIED.);
#6529 = CARTESIAN_POINT('',(3.549589067524,-4.74,1.760396784566));
#6530 = CARTESIAN_POINT('',(3.549589067524,-4.75,1.760396784566));
#6531 = CARTESIAN_POINT('',(3.549589067524,-4.74,1.709686862962));
#6532 = CARTESIAN_POINT('',(3.549589067524,-4.75,1.709686862962));
#6533 = CARTESIAN_POINT('',(3.551199514313,-4.74,1.61310573844));
#6534 = CARTESIAN_POINT('',(3.551199514313,-4.75,1.61310573844));
#6535 = CARTESIAN_POINT('',(3.543952503762,-4.74,1.439201739547));
#6536 = CARTESIAN_POINT('',(3.543952503762,-4.75,1.439201739547));
#6537 = CARTESIAN_POINT('',(3.345494999682,-4.74,1.422980231401));
#6538 = CARTESIAN_POINT('',(3.345494999682,-4.75,1.422980231401));
#6539 = CARTESIAN_POINT('',(3.309281672026,-4.74,1.518876104884));
#6540 = CARTESIAN_POINT('',(3.309281672026,-4.75,1.518876104884));
#6541 = CARTESIAN_POINT('',(3.309281672026,-4.74,1.580867524116));
#6542 = CARTESIAN_POINT('',(3.309281672026,-4.75,1.580867524116));
#6543 = ADVANCED_FACE('',(#6544),#6554,.T.);
#6544 = FACE_BOUND('',#6545,.T.);
#6545 = EDGE_LOOP('',(#6546,#6547,#6548,#6549));
#6546 = ORIENTED_EDGE('',*,*,#1091,.F.);
#6547 = ORIENTED_EDGE('',*,*,#6524,.F.);
#6548 = ORIENTED_EDGE('',*,*,#6502,.T.);
#6549 = ORIENTED_EDGE('',*,*,#6550,.T.);
#6550 = EDGE_CURVE('',#6462,#1092,#6551,.T.);
#6551 = B_SPLINE_CURVE_WITH_KNOTS('',1,(#6552,#6553),.UNSPECIFIED.,.F.,
  .F.,(2,2),(0.,1.E-02),.PIECEWISE_BEZIER_KNOTS.);
#6552 = CARTESIAN_POINT('',(3.309281672026,-4.74,1.760396784566));
#6553 = CARTESIAN_POINT('',(3.309281672026,-4.75,1.760396784566));
#6554 = B_SPLINE_SURFACE_WITH_KNOTS('',1,1,(
    (#6555,#6556)
    ,(#6557,#6558
    )),.UNSPECIFIED.,.F.,.F.,.F.,(2,2),(2,2),(-0.17952926045,0.),(
    -1.E-02,0.),.PIECEWISE_BEZIER_KNOTS.);
#6555 = CARTESIAN_POINT('',(3.309281672026,-4.75,1.760396784566));
#6556 = CARTESIAN_POINT('',(3.309281672026,-4.74,1.760396784566));
#6557 = CARTESIAN_POINT('',(3.309281672026,-4.75,1.580867524116));
#6558 = CARTESIAN_POINT('',(3.309281672026,-4.74,1.580867524116));
#6559 = ADVANCED_FACE('',(#6560),#6570,.T.);
#6560 = FACE_BOUND('',#6561,.T.);
#6561 = EDGE_LOOP('',(#6562,#6563,#6564,#6565));
#6562 = ORIENTED_EDGE('',*,*,#1100,.F.);
#6563 = ORIENTED_EDGE('',*,*,#6550,.F.);
#6564 = ORIENTED_EDGE('',*,*,#6461,.T.);
#6565 = ORIENTED_EDGE('',*,*,#6566,.T.);
#6566 = EDGE_CURVE('',#6440,#1048,#6567,.T.);
#6567 = B_SPLINE_CURVE_WITH_KNOTS('',1,(#6568,#6569),.UNSPECIFIED.,.F.,
  .F.,(2,2),(0.,1.E-02),.PIECEWISE_BEZIER_KNOTS.);
#6568 = CARTESIAN_POINT('',(3.549589067524,-4.74,1.975457877814));
#6569 = CARTESIAN_POINT('',(3.549589067524,-4.75,1.975457877814));
#6570 = B_SPLINE_SURFACE_WITH_KNOTS('',3,1,(
    (#6571,#6572)
    ,(#6573,#6574)
    ,(#6575,#6576)
    ,(#6577,#6578)
    ,(#6579,#6580)
    ,(#6581,#6582)
    ,(#6583,#6584)
    ,(#6585,#6586)
    ,(#6587,#6588)
    ,(#6589,#6590)
    ,(#6591,#6592)
    ,(#6593,#6594)
    ,(#6595,#6596)
    ,(#6597,#6598)
    ,(#6599,#6600)
    ,(#6601,#6602)
    ,(#6603,#6604
    )),.UNSPECIFIED.,.F.,.F.,.F.,(4,1,1,1,1,1,1,1,1,1,1,1,1,1,4),(2,2),(
    4.157581518224E-02,0.128381882698,0.171784916456,0.215187950213,
    0.258590983971,0.301994017729,0.388800085245,0.432203119002,
    0.47560615276,0.497307669639,0.519009186518,0.562412220276,
    0.605815254034,0.649218287791,0.736024355307),(0.,1.),
  .UNSPECIFIED.);
#6571 = CARTESIAN_POINT('',(3.309281672026,-4.74,1.760396784566));
#6572 = CARTESIAN_POINT('',(3.309281672026,-4.75,1.760396784566));
#6573 = CARTESIAN_POINT('',(3.184335401898,-4.74,1.760396784566));
#6574 = CARTESIAN_POINT('',(3.184335401898,-4.75,1.760396784566));
#6575 = CARTESIAN_POINT('',(3.009762267643,-4.74,1.770970731459));
#6576 = CARTESIAN_POINT('',(3.009762267643,-4.75,1.770970731459));
#6577 = CARTESIAN_POINT('',(2.725613004887,-4.74,1.742773539743));
#6578 = CARTESIAN_POINT('',(2.725613004887,-4.75,1.742773539743));
#6579 = CARTESIAN_POINT('',(2.603671407787,-4.74,1.905532919387));
#6580 = CARTESIAN_POINT('',(2.603671407787,-4.75,1.905532919387));
#6581 = CARTESIAN_POINT('',(2.738299877648,-4.74,2.077897812724));
#6582 = CARTESIAN_POINT('',(2.738299877648,-4.75,2.077897812724));
#6583 = CARTESIAN_POINT('',(2.881258444157,-4.74,2.270938805279));
#6584 = CARTESIAN_POINT('',(2.881258444157,-4.75,2.270938805279));
#6585 = CARTESIAN_POINT('',(3.035276365327,-4.74,2.477472682102));
#6586 = CARTESIAN_POINT('',(3.035276365327,-4.75,2.477472682102));
#6587 = CARTESIAN_POINT('',(3.179969287792,-4.74,2.669217183142));
#6588 = CARTESIAN_POINT('',(3.179969287792,-4.75,2.669217183142));
#6589 = CARTESIAN_POINT('',(3.284257665591,-4.74,2.814967665489));
#6590 = CARTESIAN_POINT('',(3.284257665591,-4.75,2.814967665489));
#6591 = CARTESIAN_POINT('',(3.360880430201,-4.74,2.88831644033));
#6592 = CARTESIAN_POINT('',(3.360880430201,-4.75,2.88831644033));
#6593 = CARTESIAN_POINT('',(3.510600336241,-4.74,2.886355991413));
#6594 = CARTESIAN_POINT('',(3.510600336241,-4.75,2.886355991413));
#6595 = CARTESIAN_POINT('',(3.562617390638,-4.74,2.725684774479));
#6596 = CARTESIAN_POINT('',(3.562617390638,-4.75,2.725684774479));
#6597 = CARTESIAN_POINT('',(3.546160561441,-4.74,2.536589048001));
#6598 = CARTESIAN_POINT('',(3.546160561441,-4.75,2.536589048001));
#6599 = CARTESIAN_POINT('',(3.551646171174,-4.74,2.287659339579));
#6600 = CARTESIAN_POINT('',(3.551646171174,-4.75,2.287659339579));
#6601 = CARTESIAN_POINT('',(3.549589067524,-4.74,2.100242524713));
#6602 = CARTESIAN_POINT('',(3.549589067524,-4.75,2.100242524713));
#6603 = CARTESIAN_POINT('',(3.549589067524,-4.74,1.975457877814));
#6604 = CARTESIAN_POINT('',(3.549589067524,-4.75,1.975457877814));
#6605 = ADVANCED_FACE('',(#6606),#6612,.T.);
#6606 = FACE_BOUND('',#6607,.T.);
#6607 = EDGE_LOOP('',(#6608,#6609,#6610,#6611));
#6608 = ORIENTED_EDGE('',*,*,#1047,.F.);
#6609 = ORIENTED_EDGE('',*,*,#6566,.F.);
#6610 = ORIENTED_EDGE('',*,*,#6439,.T.);
#6611 = ORIENTED_EDGE('',*,*,#6518,.T.);
#6612 = B_SPLINE_SURFACE_WITH_KNOTS('',3,1,(
    (#6613,#6614)
    ,(#6615,#6616)
    ,(#6617,#6618)
    ,(#6619,#6620)
    ,(#6621,#6622)
    ,(#6623,#6624)
    ,(#6625,#6626
    )),.UNSPECIFIED.,.F.,.F.,.F.,(4,1,1,1,4),(2,2),(0.736024355307,
    0.766787691979,0.79755102865,0.828314365322,0.859077701994),(0.,1.),
  .UNSPECIFIED.);
#6613 = CARTESIAN_POINT('',(3.549589067524,-4.74,1.975457877814));
#6614 = CARTESIAN_POINT('',(3.549589067524,-4.75,1.975457877814));
#6615 = CARTESIAN_POINT('',(3.593868969653,-4.74,1.975457877814));
#6616 = CARTESIAN_POINT('',(3.593868969653,-4.75,1.975457877814));
#6617 = CARTESIAN_POINT('',(3.700181404384,-4.74,1.979047820119));
#6618 = CARTESIAN_POINT('',(3.700181404384,-4.75,1.979047820119));
#6619 = CARTESIAN_POINT('',(3.774027953173,-4.74,1.889804092164));
#6620 = CARTESIAN_POINT('',(3.774027953173,-4.75,1.889804092164));
#6621 = CARTESIAN_POINT('',(3.72108033456,-4.74,1.748964598076));
#6622 = CARTESIAN_POINT('',(3.72108033456,-4.75,1.748964598076));
#6623 = CARTESIAN_POINT('',(3.593853984382,-4.74,1.760396784566));
#6624 = CARTESIAN_POINT('',(3.593853984382,-4.75,1.760396784566));
#6625 = CARTESIAN_POINT('',(3.549589067524,-4.74,1.760396784566));
#6626 = CARTESIAN_POINT('',(3.549589067524,-4.75,1.760396784566));
#6627 = ADVANCED_FACE('',(#6628),#6650,.T.);
#6628 = FACE_BOUND('',#6629,.T.);
#6629 = EDGE_LOOP('',(#6630,#6639,#6644,#6645));
#6630 = ORIENTED_EDGE('',*,*,#6631,.F.);
#6631 = EDGE_CURVE('',#6632,#6634,#6636,.T.);
#6632 = VERTEX_POINT('',#6633);
#6633 = CARTESIAN_POINT('',(3.309281672026,-4.75,1.975457877814));
#6634 = VERTEX_POINT('',#6635);
#6635 = CARTESIAN_POINT('',(3.309281672026,-4.75,2.532746623794));
#6636 = B_SPLINE_CURVE_WITH_KNOTS('',1,(#6637,#6638),.UNSPECIFIED.,.F.,
  .F.,(2,2),(0.247973541939,0.58310331744),.PIECEWISE_BEZIER_KNOTS.);
#6637 = CARTESIAN_POINT('',(3.309281672026,-4.75,1.975457877814));
#6638 = CARTESIAN_POINT('',(3.309281672026,-4.75,2.532746623794));
#6639 = ORIENTED_EDGE('',*,*,#6640,.F.);
#6640 = EDGE_CURVE('',#6395,#6632,#6641,.T.);
#6641 = B_SPLINE_CURVE_WITH_KNOTS('',1,(#6642,#6643),.UNSPECIFIED.,.F.,
  .F.,(2,2),(0.,1.E-02),.PIECEWISE_BEZIER_KNOTS.);
#6642 = CARTESIAN_POINT('',(3.309281672026,-4.74,1.975457877814));
#6643 = CARTESIAN_POINT('',(3.309281672026,-4.75,1.975457877814));
#6644 = ORIENTED_EDGE('',*,*,#6394,.T.);
#6645 = ORIENTED_EDGE('',*,*,#6646,.T.);
#6646 = EDGE_CURVE('',#6397,#6634,#6647,.T.);
#6647 = B_SPLINE_CURVE_WITH_KNOTS('',1,(#6648,#6649),.UNSPECIFIED.,.F.,
  .F.,(2,2),(0.,1.E-02),.PIECEWISE_BEZIER_KNOTS.);
#6648 = CARTESIAN_POINT('',(3.309281672026,-4.74,2.532746623794));
#6649 = CARTESIAN_POINT('',(3.309281672026,-4.75,2.532746623794));
#6650 = B_SPLINE_SURFACE_WITH_KNOTS('',1,1,(
    (#6651,#6652)
    ,(#6653,#6654
    )),.UNSPECIFIED.,.F.,.F.,.F.,(2,2),(2,2),(-0.557288745981,0.),(
    -1.E-02,0.),.PIECEWISE_BEZIER_KNOTS.);
#6651 = CARTESIAN_POINT('',(3.309281672026,-4.75,2.532746623794));
#6652 = CARTESIAN_POINT('',(3.309281672026,-4.74,2.532746623794));
#6653 = CARTESIAN_POINT('',(3.309281672026,-4.75,1.975457877814));
#6654 = CARTESIAN_POINT('',(3.309281672026,-4.74,1.975457877814));
#6655 = ADVANCED_FACE('',(#6656),#6672,.T.);
#6656 = FACE_BOUND('',#6657,.T.);
#6657 = EDGE_LOOP('',(#6658,#6665,#6670,#6671));
#6658 = ORIENTED_EDGE('',*,*,#6659,.F.);
#6659 = EDGE_CURVE('',#6660,#6632,#6662,.T.);
#6660 = VERTEX_POINT('',#6661);
#6661 = CARTESIAN_POINT('',(2.896925401929,-4.75,1.975457877814));
#6662 = B_SPLINE_CURVE_WITH_KNOTS('',1,(#6663,#6664),.UNSPECIFIED.,.F.,
  .F.,(2,2),(0.,0.247973541939),.PIECEWISE_BEZIER_KNOTS.);
#6663 = CARTESIAN_POINT('',(2.896925401929,-4.75,1.975457877814));
#6664 = CARTESIAN_POINT('',(3.309281672026,-4.75,1.975457877814));
#6665 = ORIENTED_EDGE('',*,*,#6666,.F.);
#6666 = EDGE_CURVE('',#6404,#6660,#6667,.T.);
#6667 = B_SPLINE_CURVE_WITH_KNOTS('',1,(#6668,#6669),.UNSPECIFIED.,.F.,
  .F.,(2,2),(0.,1.E-02),.PIECEWISE_BEZIER_KNOTS.);
#6668 = CARTESIAN_POINT('',(2.896925401929,-4.74,1.975457877814));
#6669 = CARTESIAN_POINT('',(2.896925401929,-4.75,1.975457877814));
#6670 = ORIENTED_EDGE('',*,*,#6403,.T.);
#6671 = ORIENTED_EDGE('',*,*,#6640,.T.);
#6672 = B_SPLINE_SURFACE_WITH_KNOTS('',1,1,(
    (#6673,#6674)
    ,(#6675,#6676
    )),.UNSPECIFIED.,.F.,.F.,.F.,(2,2),(2,2),(-0.412356270096,0.),(
    -1.E-02,0.),.PIECEWISE_BEZIER_KNOTS.);
#6673 = CARTESIAN_POINT('',(3.309281672026,-4.75,1.975457877814));
#6674 = CARTESIAN_POINT('',(3.309281672026,-4.74,1.975457877814));
#6675 = CARTESIAN_POINT('',(2.896925401929,-4.75,1.975457877814));
#6676 = CARTESIAN_POINT('',(2.896925401929,-4.74,1.975457877814));
#6677 = ADVANCED_FACE('',(#6678),#6688,.T.);
#6678 = FACE_BOUND('',#6679,.T.);
#6679 = EDGE_LOOP('',(#6680,#6685,#6686,#6687));
#6680 = ORIENTED_EDGE('',*,*,#6681,.F.);
#6681 = EDGE_CURVE('',#6634,#6660,#6682,.T.);
#6682 = B_SPLINE_CURVE_WITH_KNOTS('',1,(#6683,#6684),.UNSPECIFIED.,.F.,
  .F.,(2,2),(0.58310331744,1.),.PIECEWISE_BEZIER_KNOTS.);
#6683 = CARTESIAN_POINT('',(3.309281672026,-4.75,2.532746623794));
#6684 = CARTESIAN_POINT('',(2.896925401929,-4.75,1.975457877814));
#6685 = ORIENTED_EDGE('',*,*,#6646,.F.);
#6686 = ORIENTED_EDGE('',*,*,#6410,.T.);
#6687 = ORIENTED_EDGE('',*,*,#6666,.T.);
#6688 = B_SPLINE_SURFACE_WITH_KNOTS('',1,1,(
    (#6689,#6690)
    ,(#6691,#6692
    )),.UNSPECIFIED.,.F.,.F.,.F.,(2,2),(2,2),(-0.69325928763,0.),(
    -1.E-02,0.),.PIECEWISE_BEZIER_KNOTS.);
#6689 = CARTESIAN_POINT('',(2.896925401929,-4.75,1.975457877814));
#6690 = CARTESIAN_POINT('',(2.896925401929,-4.74,1.975457877814));
#6691 = CARTESIAN_POINT('',(3.309281672026,-4.75,2.532746623794));
#6692 = CARTESIAN_POINT('',(3.309281672026,-4.74,2.532746623794));
#6693 = ADVANCED_FACE('',(#6694),#6806,.T.);
#6694 = FACE_BOUND('',#6695,.T.);
#6695 = EDGE_LOOP('',(#6696,#6751));
#6696 = ORIENTED_EDGE('',*,*,#6697,.F.);
#6697 = EDGE_CURVE('',#6698,#6700,#6702,.T.);
#6698 = VERTEX_POINT('',#6699);
#6699 = CARTESIAN_POINT('',(1.895488745981,-4.74,1.684657877814));
#6700 = VERTEX_POINT('',#6701);
#6701 = CARTESIAN_POINT('',(2.153562057878,-4.74,2.652432797428));
#6702 = B_SPLINE_CURVE_WITH_KNOTS('',3,(#6703,#6704,#6705,#6706,#6707,
    #6708,#6709,#6710,#6711,#6712,#6713,#6714,#6715,#6716,#6717,#6718,
    #6719,#6720,#6721,#6722,#6723,#6724,#6725,#6726,#6727,#6728,#6729,
    #6730,#6731,#6732,#6733,#6734,#6735,#6736,#6737,#6738,#6739,#6740,
    #6741,#6742,#6743,#6744,#6745,#6746,#6747,#6748,#6749,#6750),
  .UNSPECIFIED.,.F.,.F.,(4,3,2,2,3,3,3,3,2,3,3,3,3,3,3,2,3,4),(0.,
    7.731591916544E-02,9.34811095954E-02,0.109646300025,0.124063902301,
    0.139885994321,0.249011263733,0.267744037235,0.286823180616,
    0.298564191927,0.31496163185,0.364941122746,0.394585659521,
    0.421292085452,0.4429925064,0.460727897323,0.479328429266,
    0.496503827563),.UNSPECIFIED.);
#6703 = CARTESIAN_POINT('',(1.895488745981,-4.74,1.684657877814));
#6704 = CARTESIAN_POINT('',(2.062239013934,-4.74,1.684657877814));
#6705 = CARTESIAN_POINT('',(2.228989281886,-4.74,1.684657877814));
#6706 = CARTESIAN_POINT('',(2.395739549839,-4.74,1.684657877814));
#6707 = CARTESIAN_POINT('',(2.445297106109,-4.74,1.684657877814));
#6708 = CARTESIAN_POINT('',(2.483634083601,-4.74,1.674372347267));
#6709 = CARTESIAN_POINT('',(2.535996784566,-4.74,1.63323022508));
#6710 = CARTESIAN_POINT('',(2.549087459807,-4.74,1.606113826367));
#6711 = CARTESIAN_POINT('',(2.549087459807,-4.74,1.540660450161));
#6712 = CARTESIAN_POINT('',(2.53880192926,-4.74,1.513544051447));
#6713 = CARTESIAN_POINT('',(2.518230868167,-4.74,1.492037942122));
#6714 = CARTESIAN_POINT('',(2.497213051552,-4.74,1.470064770206));
#6715 = CARTESIAN_POINT('',(2.465868167203,-4.74,1.460246302251));
#6716 = CARTESIAN_POINT('',(2.423790996785,-4.74,1.460246302251));
#6717 = CARTESIAN_POINT('',(2.188470525188,-4.74,1.460246302251));
#6718 = CARTESIAN_POINT('',(1.953150053591,-4.74,1.460246302251));
#6719 = CARTESIAN_POINT('',(1.717829581994,-4.74,1.460246302251));
#6720 = CARTESIAN_POINT('',(1.670142122186,-4.74,1.460246302251));
#6721 = CARTESIAN_POINT('',(1.632740192926,-4.74,1.473336977492));
#6722 = CARTESIAN_POINT('',(1.606558842444,-4.74,1.499518327974));
#6723 = CARTESIAN_POINT('',(1.579909967846,-4.74,1.526167202572));
#6724 = CARTESIAN_POINT('',(1.566351768489,-4.74,1.556556270096));
#6725 = CARTESIAN_POINT('',(1.566351768489,-4.74,1.615464308682));
#6726 = CARTESIAN_POINT('',(1.574767202572,-4.74,1.64538585209));
#6727 = CARTESIAN_POINT('',(1.59159807074,-4.74,1.683722829582));
#6728 = CARTESIAN_POINT('',(1.608235866604,-4.74,1.721620031272));
#6729 = CARTESIAN_POINT('',(1.628064951768,-4.74,1.751046302251));
#6730 = CARTESIAN_POINT('',(1.648636012862,-4.74,1.772552411576));
#6731 = CARTESIAN_POINT('',(1.733661711576,-4.74,1.861442914777));
#6732 = CARTESIAN_POINT('',(1.810399356913,-4.74,1.937120900322));
#6733 = CARTESIAN_POINT('',(1.878657877814,-4.74,1.999769131833));
#6734 = CARTESIAN_POINT('',(1.947382208543,-4.74,2.062844887434));
#6735 = CARTESIAN_POINT('',(1.995538906752,-4.74,2.104494533762));
#6736 = CARTESIAN_POINT('',(2.024525401929,-4.74,2.124130546624));
#6737 = CARTESIAN_POINT('',(2.078425396884,-4.74,2.160643446432));
#6738 = CARTESIAN_POINT('',(2.120835369775,-4.74,2.198934405145));
#6739 = CARTESIAN_POINT('',(2.155432154341,-4.74,2.236336334405));
#6740 = CARTESIAN_POINT('',(2.190460087788,-4.74,2.274204370564));
#6741 = CARTESIAN_POINT('',(2.217145337621,-4.74,2.312075241158));
#6742 = CARTESIAN_POINT('',(2.234911254019,-4.74,2.351347266881));
#6743 = CARTESIAN_POINT('',(2.252836018612,-4.74,2.390970430717));
#6744 = CARTESIAN_POINT('',(2.262962700965,-4.74,2.428956270096));
#6745 = CARTESIAN_POINT('',(2.262962700965,-4.74,2.507500321543));
#6746 = CARTESIAN_POINT('',(2.252677170418,-4.74,2.544902250804));
#6747 = CARTESIAN_POINT('',(2.233041157556,-4.74,2.576693890675));
#6748 = CARTESIAN_POINT('',(2.213245302386,-4.74,2.608744322856));
#6749 = CARTESIAN_POINT('',(2.187223794212,-4.74,2.634666881029));
#6750 = CARTESIAN_POINT('',(2.153562057878,-4.74,2.652432797428));
#6751 = ORIENTED_EDGE('',*,*,#6752,.F.);
#6752 = EDGE_CURVE('',#6700,#6698,#6753,.T.);
#6753 = B_SPLINE_CURVE_WITH_KNOTS('',3,(#6754,#6755,#6756,#6757,#6758,
    #6759,#6760,#6761,#6762,#6763,#6764,#6765,#6766,#6767,#6768,#6769,
    #6770,#6771,#6772,#6773,#6774,#6775,#6776,#6777,#6778,#6779,#6780,
    #6781,#6782,#6783,#6784,#6785,#6786,#6787,#6788,#6789,#6790,#6791,
    #6792,#6793,#6794,#6795,#6796,#6797,#6798,#6799,#6800,#6801,#6802,
    #6803,#6804,#6805),.UNSPECIFIED.,.F.,.F.,(4,2,3,3,3,2,2,2,3,2,3,2,3,
    3,2,2,2,3,3,3,4),(0.496503827563,0.513738102487,0.550668691609,
    0.563967813802,0.581108158094,0.598821290707,0.613877453428,
    0.628279000378,0.645634710805,0.671657322678,0.697679934551,
    0.730750683298,0.770663655924,0.793384831714,0.81500726267,
    0.836629693627,0.870665001613,0.9047003096,0.94613294306,
    0.987911909343,1.),.UNSPECIFIED.);
#6754 = CARTESIAN_POINT('',(2.153562057878,-4.74,2.652432797428));
#6755 = CARTESIAN_POINT('',(2.120631656793,-4.74,2.669812731334));
#6756 = CARTESIAN_POINT('',(2.083433440514,-4.74,2.679549196141));
#6757 = CARTESIAN_POINT('',(1.960007073955,-4.74,2.679549196141));
#6758 = CARTESIAN_POINT('',(1.894553697749,-4.74,2.642147266881));
#6759 = CARTESIAN_POINT('',(1.846866237942,-4.74,2.569213504823));
#6760 = CARTESIAN_POINT('',(1.840194935275,-4.74,2.559010336038));
#6761 = CARTESIAN_POINT('',(1.830035369775,-4.74,2.532746623794));
#6762 = CARTESIAN_POINT('',(1.814139549839,-4.74,2.489734405145));
#6763 = CARTESIAN_POINT('',(1.798356091209,-4.74,2.447026222968));
#6764 = CARTESIAN_POINT('',(1.782347909968,-4.74,2.413995498392));
#6765 = CARTESIAN_POINT('',(1.763646945338,-4.74,2.391554340836));
#6766 = CARTESIAN_POINT('',(1.744486120921,-4.74,2.368561351537));
#6767 = CARTESIAN_POINT('',(1.717829581994,-4.74,2.35695755627));
#6768 = CARTESIAN_POINT('',(1.648636012862,-4.74,2.35695755627));
#6769 = CARTESIAN_POINT('',(1.622454662379,-4.74,2.367243086817));
#6770 = CARTESIAN_POINT('',(1.580377491961,-4.74,2.409320257235));
#6771 = CARTESIAN_POINT('',(1.570091961415,-4.74,2.438306752412));
#6772 = CARTESIAN_POINT('',(1.570091961415,-4.74,2.518720900322));
#6773 = CARTESIAN_POINT('',(1.57944244373,-4.74,2.564538263666));
#6774 = CARTESIAN_POINT('',(1.599078456592,-4.74,2.613160771704));
#6775 = CARTESIAN_POINT('',(1.618520918929,-4.74,2.661304011778));
#6776 = CARTESIAN_POINT('',(1.648636012862,-4.74,2.703860450161));
#6777 = CARTESIAN_POINT('',(1.727180064309,-4.74,2.782404501608));
#6778 = CARTESIAN_POINT('',(1.776737620579,-4.74,2.814196141479));
#6779 = CARTESIAN_POINT('',(1.837515755627,-4.74,2.837572347267));
#6780 = CARTESIAN_POINT('',(1.898607180031,-4.74,2.861069048961));
#6781 = CARTESIAN_POINT('',(1.968422508039,-4.74,2.874039228296));
#6782 = CARTESIAN_POINT('',(2.147951768489,-4.74,2.874039228296));
#6783 = CARTESIAN_POINT('',(2.231171061093,-4.74,2.85814340836));
#6784 = CARTESIAN_POINT('',(2.299429581994,-4.74,2.828221864952));
#6785 = CARTESIAN_POINT('',(2.344641585134,-4.74,2.808402904671));
#6786 = CARTESIAN_POINT('',(2.38358392283,-4.74,2.778664308682));
#6787 = CARTESIAN_POINT('',(2.418180707395,-4.74,2.743132475884));
#6788 = CARTESIAN_POINT('',(2.452322432939,-4.74,2.708068001001));
#6789 = CARTESIAN_POINT('',(2.478023794212,-4.74,2.665523472669));
#6790 = CARTESIAN_POINT('',(2.515425723473,-4.74,2.572018649518));
#6791 = CARTESIAN_POINT('',(2.524776205788,-4.74,2.523396141479));
#6792 = CARTESIAN_POINT('',(2.524776205788,-4.74,2.393424437299));
#6793 = CARTESIAN_POINT('',(2.505140192926,-4.74,2.320490675241));
#6794 = CARTESIAN_POINT('',(2.426596141479,-4.74,2.191454019293));
#6795 = CARTESIAN_POINT('',(2.386389067524,-4.74,2.140026366559));
#6796 = CARTESIAN_POINT('',(2.345246945338,-4.74,2.103559485531));
#6797 = CARTESIAN_POINT('',(2.304164328679,-4.74,2.067145348038));
#6798 = CARTESIAN_POINT('',(2.236781350482,-4.74,2.009119614148));
#6799 = CARTESIAN_POINT('',(2.140471382637,-4.74,1.930575562701));
#6800 = CARTESIAN_POINT('',(2.043703444947,-4.74,1.851658021284));
#6801 = CARTESIAN_POINT('',(1.977772990354,-4.74,1.790318327974));
#6802 = CARTESIAN_POINT('',(1.942241157556,-4.74,1.747306109325));
#6803 = CARTESIAN_POINT('',(1.927449535027,-4.74,1.729400460999));
#6804 = CARTESIAN_POINT('',(1.911384565916,-4.74,1.708969131833));
#6805 = CARTESIAN_POINT('',(1.895488745981,-4.74,1.684657877814));
#6806 = B_SPLINE_SURFACE_WITH_KNOTS('',1,1,(
    (#6807,#6808)
    ,(#6809,#6810
    )),.UNSPECIFIED.,.F.,.F.,.F.,(2,2),(2,2),(-1.413792926045,0.),(
    -0.156390257421,0.826345433898),.PIECEWISE_BEZIER_KNOTS.);
#6807 = CARTESIAN_POINT('',(1.566351768489,-4.74,2.874039228296));
#6808 = CARTESIAN_POINT('',(2.549087459807,-4.74,2.874039228296));
#6809 = CARTESIAN_POINT('',(1.566351768489,-4.74,1.460246302251));
#6810 = CARTESIAN_POINT('',(2.549087459807,-4.74,1.460246302251));
#6811 = ADVANCED_FACE('',(#6812),#6826,.T.);
#6812 = FACE_BOUND('',#6813,.T.);
#6813 = EDGE_LOOP('',(#6814,#6815,#6820,#6821));
#6814 = ORIENTED_EDGE('',*,*,#994,.F.);
#6815 = ORIENTED_EDGE('',*,*,#6816,.F.);
#6816 = EDGE_CURVE('',#6698,#938,#6817,.T.);
#6817 = B_SPLINE_CURVE_WITH_KNOTS('',1,(#6818,#6819),.UNSPECIFIED.,.F.,
  .F.,(2,2),(0.,1.E-02),.PIECEWISE_BEZIER_KNOTS.);
#6818 = CARTESIAN_POINT('',(1.895488745981,-4.74,1.684657877814));
#6819 = CARTESIAN_POINT('',(1.895488745981,-4.75,1.684657877814));
#6820 = ORIENTED_EDGE('',*,*,#6697,.T.);
#6821 = ORIENTED_EDGE('',*,*,#6822,.T.);
#6822 = EDGE_CURVE('',#6700,#936,#6823,.T.);
#6823 = B_SPLINE_CURVE_WITH_KNOTS('',1,(#6824,#6825),.UNSPECIFIED.,.F.,
  .F.,(2,2),(0.,1.E-02),.PIECEWISE_BEZIER_KNOTS.);
#6824 = CARTESIAN_POINT('',(2.153562057878,-4.74,2.652432797428));
#6825 = CARTESIAN_POINT('',(2.153562057878,-4.75,2.652432797428));
#6826 = B_SPLINE_SURFACE_WITH_KNOTS('',3,1,(
    (#6827,#6828)
    ,(#6829,#6830)
    ,(#6831,#6832)
    ,(#6833,#6834)
    ,(#6835,#6836)
    ,(#6837,#6838)
    ,(#6839,#6840)
    ,(#6841,#6842)
    ,(#6843,#6844)
    ,(#6845,#6846)
    ,(#6847,#6848)
    ,(#6849,#6850)
    ,(#6851,#6852)
    ,(#6853,#6854)
    ,(#6855,#6856)
    ,(#6857,#6858)
    ,(#6859,#6860)
    ,(#6861,#6862)
    ,(#6863,#6864)
    ,(#6865,#6866)
    ,(#6867,#6868)
    ,(#6869,#6870)
    ,(#6871,#6872
    )),.UNSPECIFIED.,.F.,.F.,.F.,(4,1,1,1,1,1,1,1,1,1,1,1,1,1,1,1,1,1,1,
    1,4),(2,2),(0.,3.103148922269E-02,6.206297844538E-02,
    7.757872305672E-02,9.309446766807E-02,0.124125956891,0.155157446113,
    0.186188935336,0.217220424559,0.248251913782,0.279283403004,
    0.310314892227,0.34134638145,0.356862126061,0.364619998367,
    0.372377870672,0.387893615284,0.403409359895,0.434440849118,
    0.46547233834,0.496503827563),(0.,1.),.UNSPECIFIED.);
#6827 = CARTESIAN_POINT('',(1.895488745981,-4.74,1.684657877814));
#6828 = CARTESIAN_POINT('',(1.895488745981,-4.75,1.684657877814));
#6829 = CARTESIAN_POINT('',(1.962415572936,-4.74,1.684657877814));
#6830 = CARTESIAN_POINT('',(1.962415572936,-4.75,1.684657877814));
#6831 = CARTESIAN_POINT('',(2.095098070547,-4.74,1.685627671417));
#6832 = CARTESIAN_POINT('',(2.095098070547,-4.75,1.685627671417));
#6833 = CARTESIAN_POINT('',(2.266806974056,-4.74,1.681990945405));
#6834 = CARTESIAN_POINT('',(2.266806974056,-4.75,1.681990945405));
#6835 = CARTESIAN_POINT('',(2.391876955724,-4.74,1.689264397428));
#6836 = CARTESIAN_POINT('',(2.391876955724,-4.75,1.689264397428));
#6837 = CARTESIAN_POINT('',(2.567112725819,-4.74,1.659620448638));
#6838 = CARTESIAN_POINT('',(2.567112725819,-4.75,1.659620448638));
#6839 = CARTESIAN_POINT('',(2.555340002062,-4.74,1.445989486434));
#6840 = CARTESIAN_POINT('',(2.555340002062,-4.75,1.445989486434));
#6841 = CARTESIAN_POINT('',(2.317071288639,-4.74,1.464375203802));
#6842 = CARTESIAN_POINT('',(2.317071288639,-4.75,1.464375203802));
#6843 = CARTESIAN_POINT('',(2.126349464808,-4.74,1.457987511862));
#6844 = CARTESIAN_POINT('',(2.126349464808,-4.75,1.457987511862));
#6845 = CARTESIAN_POINT('',(1.922997984899,-4.74,1.465152562253));
#6846 = CARTESIAN_POINT('',(1.922997984899,-4.75,1.465152562253));
#6847 = CARTESIAN_POINT('',(1.722618239709,-4.74,1.442880052631));
#6848 = CARTESIAN_POINT('',(1.722618239709,-4.75,1.442880052631));
#6849 = CARTESIAN_POINT('',(1.522981211723,-4.74,1.52480504073));
#6850 = CARTESIAN_POINT('',(1.522981211723,-4.75,1.52480504073));
#6851 = CARTESIAN_POINT('',(1.621507464271,-4.74,1.772857754585));
#6852 = CARTESIAN_POINT('',(1.621507464271,-4.75,1.772857754585));
#6853 = CARTESIAN_POINT('',(1.752985851528,-4.74,1.877021822351));
#6854 = CARTESIAN_POINT('',(1.752985851528,-4.75,1.877021822351));
#6855 = CARTESIAN_POINT('',(1.837290375773,-4.74,1.961636339077));
#6856 = CARTESIAN_POINT('',(1.837290375773,-4.75,1.961636339077));
#6857 = CARTESIAN_POINT('',(1.872141210351,-4.74,1.993914381731));
#6858 = CARTESIAN_POINT('',(1.872141210351,-4.75,1.993914381731));
#6859 = CARTESIAN_POINT('',(1.948591318629,-4.74,2.063356972959));
#6860 = CARTESIAN_POINT('',(1.948591318629,-4.75,2.063356972959));
#6861 = CARTESIAN_POINT('',(1.999744984071,-4.74,2.107989706527));
#6862 = CARTESIAN_POINT('',(1.999744984071,-4.75,2.107989706527));
#6863 = CARTESIAN_POINT('',(2.099215818125,-4.74,2.175274808003));
#6864 = CARTESIAN_POINT('',(2.099215818125,-4.75,2.175274808003));
#6865 = CARTESIAN_POINT('',(2.223136577704,-4.74,2.294695286348));
#6866 = CARTESIAN_POINT('',(2.223136577704,-4.75,2.294695286348));
#6867 = CARTESIAN_POINT('',(2.291747794256,-4.74,2.502742705155));
#6868 = CARTESIAN_POINT('',(2.291747794256,-4.75,2.502742705155));
#6869 = CARTESIAN_POINT('',(2.214380083186,-4.74,2.620334395182));
#6870 = CARTESIAN_POINT('',(2.214380083186,-4.75,2.620334395182));
#6871 = CARTESIAN_POINT('',(2.153562057878,-4.74,2.652432797428));
#6872 = CARTESIAN_POINT('',(2.153562057878,-4.75,2.652432797428));
#6873 = ADVANCED_FACE('',(#6874),#6880,.T.);
#6874 = FACE_BOUND('',#6875,.T.);
#6875 = EDGE_LOOP('',(#6876,#6877,#6878,#6879));
#6876 = ORIENTED_EDGE('',*,*,#935,.F.);
#6877 = ORIENTED_EDGE('',*,*,#6822,.F.);
#6878 = ORIENTED_EDGE('',*,*,#6752,.T.);
#6879 = ORIENTED_EDGE('',*,*,#6816,.T.);
#6880 = B_SPLINE_SURFACE_WITH_KNOTS('',3,1,(
    (#6881,#6882)
    ,(#6883,#6884)
    ,(#6885,#6886)
    ,(#6887,#6888)
    ,(#6889,#6890)
    ,(#6891,#6892)
    ,(#6893,#6894)
    ,(#6895,#6896)
    ,(#6897,#6898)
    ,(#6899,#6900)
    ,(#6901,#6902)
    ,(#6903,#6904)
    ,(#6905,#6906)
    ,(#6907,#6908)
    ,(#6909,#6910)
    ,(#6911,#6912)
    ,(#6913,#6914)
    ,(#6915,#6916)
    ,(#6917,#6918)
    ,(#6919,#6920)
    ,(#6921,#6922)
    ,(#6923,#6924
    )),.UNSPECIFIED.,.F.,.F.,.F.,(4,1,1,1,1,1,1,1,1,1,1,1,1,1,1,1,1,1,1,
    4),(2,2),(0.496503827563,0.52797233834,0.543706593729,0.559440849118
    ,0.575175104506,0.590909359895,0.622377870672,0.638112126061,
    0.65384638145,0.685314892227,0.716783403004,0.748251913782,
    0.779720424559,0.811188935336,0.842657446113,0.874125956891,
    0.905594467668,0.937062978445,0.968531489223,1.),(0.,1.),
  .UNSPECIFIED.);
#6881 = CARTESIAN_POINT('',(2.153562057878,-4.74,2.652432797428));
#6882 = CARTESIAN_POINT('',(2.153562057878,-4.75,2.652432797428));
#6883 = CARTESIAN_POINT('',(2.09343358215,-4.74,2.684167270729));
#6884 = CARTESIAN_POINT('',(2.09343358215,-4.75,2.684167270729));
#6885 = CARTESIAN_POINT('',(1.979654545107,-4.74,2.692001720308));
#6886 = CARTESIAN_POINT('',(1.979654545107,-4.75,2.692001720308));
#6887 = CARTESIAN_POINT('',(1.868169692139,-4.74,2.607569691344));
#6888 = CARTESIAN_POINT('',(1.868169692139,-4.75,2.607569691344));
#6889 = CARTESIAN_POINT('',(1.829957273515,-4.74,2.538791947992));
#6890 = CARTESIAN_POINT('',(1.829957273515,-4.75,2.538791947992));
#6891 = CARTESIAN_POINT('',(1.782802347899,-4.74,2.404441460303));
#6892 = CARTESIAN_POINT('',(1.782802347899,-4.75,2.404441460303));
#6893 = CARTESIAN_POINT('',(1.715119532902,-4.74,2.338789018909));
#6894 = CARTESIAN_POINT('',(1.715119532902,-4.75,2.338789018909));
#6895 = CARTESIAN_POINT('',(1.555809932181,-4.74,2.377316672523));
#6896 = CARTESIAN_POINT('',(1.555809932181,-4.75,2.377316672523));
#6897 = CARTESIAN_POINT('',(1.574371132709,-4.74,2.556333179131));
#6898 = CARTESIAN_POINT('',(1.574371132709,-4.75,2.556333179131));
#6899 = CARTESIAN_POINT('',(1.63209439231,-4.74,2.696215583514));
#6900 = CARTESIAN_POINT('',(1.63209439231,-4.75,2.696215583514));
#6901 = CARTESIAN_POINT('',(1.748667202815,-4.74,2.809497818194));
#6902 = CARTESIAN_POINT('',(1.748667202815,-4.75,2.809497818194));
#6903 = CARTESIAN_POINT('',(1.946811397591,-4.74,2.880348478077));
#6904 = CARTESIAN_POINT('',(1.946811397591,-4.75,2.880348478077));
#6905 = CARTESIAN_POINT('',(2.18004545584,-4.74,2.872804051578));
#6906 = CARTESIAN_POINT('',(2.18004545584,-4.75,2.872804051578));
#6907 = CARTESIAN_POINT('',(2.35476849294,-4.74,2.818603768568));
#6908 = CARTESIAN_POINT('',(2.35476849294,-4.75,2.818603768568));
#6909 = CARTESIAN_POINT('',(2.504649277189,-4.74,2.653111708944));
#6910 = CARTESIAN_POINT('',(2.504649277189,-4.75,2.653111708944));
#6911 = CARTESIAN_POINT('',(2.543562310364,-4.74,2.42771469695));
#6912 = CARTESIAN_POINT('',(2.543562310364,-4.75,2.42771469695));
#6913 = CARTESIAN_POINT('',(2.458672655055,-4.74,2.223840754259));
#6914 = CARTESIAN_POINT('',(2.458672655055,-4.75,2.223840754259));
#6915 = CARTESIAN_POINT('',(2.34489971238,-4.74,2.097112282121));
#6916 = CARTESIAN_POINT('',(2.34489971238,-4.75,2.097112282121));
#6917 = CARTESIAN_POINT('',(2.217030646372,-4.74,1.994740550017));
#6918 = CARTESIAN_POINT('',(2.217030646372,-4.75,1.994740550017));
#6919 = CARTESIAN_POINT('',(1.984515170787,-4.74,1.799103016823));
#6920 = CARTESIAN_POINT('',(1.984515170787,-4.75,1.799103016823));
#6921 = CARTESIAN_POINT('',(1.936869787467,-4.74,1.747946529499));
#6922 = CARTESIAN_POINT('',(1.936869787467,-4.75,1.747946529499));
#6923 = CARTESIAN_POINT('',(1.895488745981,-4.74,1.684657877814));
#6924 = CARTESIAN_POINT('',(1.895488745981,-4.75,1.684657877814));
#6925 = ADVANCED_FACE('',(#6926),#7038,.T.);
#6926 = FACE_BOUND('',#6927,.T.);
#6927 = EDGE_LOOP('',(#6928,#6983));
#6928 = ORIENTED_EDGE('',*,*,#6929,.F.);
#6929 = EDGE_CURVE('',#6930,#6932,#6934,.T.);
#6930 = VERTEX_POINT('',#6931);
#6931 = CARTESIAN_POINT('',(14.038548387097,-4.74,4.170387096774));
#6932 = VERTEX_POINT('',#6933);
#6933 = CARTESIAN_POINT('',(14.30564516129,-4.74,5.172));
#6934 = B_SPLINE_CURVE_WITH_KNOTS('',3,(#6935,#6936,#6937,#6938,#6939,
    #6940,#6941,#6942,#6943,#6944,#6945,#6946,#6947,#6948,#6949,#6950,
    #6951,#6952,#6953,#6954,#6955,#6956,#6957,#6958,#6959,#6960,#6961,
    #6962,#6963,#6964,#6965,#6966,#6967,#6968,#6969,#6970,#6971,#6972,
    #6973,#6974,#6975,#6976,#6977,#6978,#6979,#6980,#6981,#6982),
  .UNSPECIFIED.,.F.,.F.,(4,3,2,2,3,3,3,3,2,3,3,3,3,3,3,2,3,4),(0.,
    7.730270241163E-02,9.346512948646E-02,0.109627556561,0.124042694223,
    0.139862079599,0.248968681237,0.267819324457,0.286926495144,
    0.298684754029,0.315079390895,0.365050338057,0.394689807253,
    0.421391012557,0.443087723931,0.460820083081,0.47941743536,
    0.496589897612),.UNSPECIFIED.);
#6935 = CARTESIAN_POINT('',(14.038548387097,-4.74,4.170387096774));
#6936 = CARTESIAN_POINT('',(14.211129032258,-4.74,4.170387096774));
#6937 = CARTESIAN_POINT('',(14.383709677419,-4.74,4.170387096774));
#6938 = CARTESIAN_POINT('',(14.556290322581,-4.74,4.170387096774));
#6939 = CARTESIAN_POINT('',(14.607580645161,-4.74,4.170387096774));
#6940 = CARTESIAN_POINT('',(14.647258064516,-4.74,4.159741935484));
#6941 = CARTESIAN_POINT('',(14.701451612903,-4.74,4.117161290323));
#6942 = CARTESIAN_POINT('',(14.715,-4.74,4.089096774194));
#6943 = CARTESIAN_POINT('',(14.715,-4.74,4.02135483871));
#6944 = CARTESIAN_POINT('',(14.70435483871,-4.74,3.993290322581));
#6945 = CARTESIAN_POINT('',(14.683064516129,-4.74,3.971032258065));
#6946 = CARTESIAN_POINT('',(14.661311817342,-4.74,3.948290800242));
#6947 = CARTESIAN_POINT('',(14.628870967742,-4.74,3.938129032258));
#6948 = CARTESIAN_POINT('',(14.585322580645,-4.74,3.938129032258));
#6949 = CARTESIAN_POINT('',(14.341774193548,-4.74,3.938129032258));
#6950 = CARTESIAN_POINT('',(14.098225806452,-4.74,3.938129032258));
#6951 = CARTESIAN_POINT('',(13.854677419355,-4.74,3.938129032258));
#6952 = CARTESIAN_POINT('',(13.805322580645,-4.74,3.938129032258));
#6953 = CARTESIAN_POINT('',(13.766612903226,-4.74,3.951677419355));
#6954 = CARTESIAN_POINT('',(13.738548387097,-4.74,3.978774193548));
#6955 = CARTESIAN_POINT('',(13.71098471464,-4.74,4.005387394541));
#6956 = CARTESIAN_POINT('',(13.696935483871,-4.74,4.037806451613));
#6957 = CARTESIAN_POINT('',(13.696935483871,-4.74,4.098774193548));
#6958 = CARTESIAN_POINT('',(13.706612903226,-4.74,4.129741935484));
#6959 = CARTESIAN_POINT('',(13.724032258065,-4.74,4.169419354839));
#6960 = CARTESIAN_POINT('',(13.74125178988,-4.74,4.208641621752));
#6961 = CARTESIAN_POINT('',(13.761774193548,-4.74,4.239096774194));
#6962 = CARTESIAN_POINT('',(13.783064516129,-4.74,4.26135483871));
#6963 = CARTESIAN_POINT('',(13.871063114989,-4.74,4.353353373881));
#6964 = CARTESIAN_POINT('',(13.950483870968,-4.74,4.431677419355));
#6965 = CARTESIAN_POINT('',(14.021129032258,-4.74,4.496516129032));
#6966 = CARTESIAN_POINT('',(14.09225629029,-4.74,4.561797311061));
#6967 = CARTESIAN_POINT('',(14.142096774194,-4.74,4.604903225806));
#6968 = CARTESIAN_POINT('',(14.172096774194,-4.74,4.625225806452));
#6969 = CARTESIAN_POINT('',(14.227218029543,-4.74,4.662566011688));
#6970 = CARTESIAN_POINT('',(14.271774193548,-4.74,4.70264516129));
#6971 = CARTESIAN_POINT('',(14.307580645161,-4.74,4.74135483871));
#6972 = CARTESIAN_POINT('',(14.343833320658,-4.74,4.780546920327));
#6973 = CARTESIAN_POINT('',(14.371451612903,-4.74,4.819741935484));
#6974 = CARTESIAN_POINT('',(14.389838709677,-4.74,4.860387096774));
#6975 = CARTESIAN_POINT('',(14.408390208729,-4.74,4.901395673624));
#6976 = CARTESIAN_POINT('',(14.418870967742,-4.74,4.940709677419));
#6977 = CARTESIAN_POINT('',(14.418870967742,-4.74,5.022));
#6978 = CARTESIAN_POINT('',(14.408225806452,-4.74,5.060709677419));
#6979 = CARTESIAN_POINT('',(14.387903225806,-4.74,5.093612903226));
#6980 = CARTESIAN_POINT('',(14.36741521401,-4.74,5.126783969944));
#6981 = CARTESIAN_POINT('',(14.340483870968,-4.74,5.153612903226));
#6982 = CARTESIAN_POINT('',(14.30564516129,-4.74,5.172));
#6983 = ORIENTED_EDGE('',*,*,#6984,.F.);
#6984 = EDGE_CURVE('',#6932,#6930,#6985,.T.);
#6985 = B_SPLINE_CURVE_WITH_KNOTS('',3,(#6986,#6987,#6988,#6989,#6990,
    #6991,#6992,#6993,#6994,#6995,#6996,#6997,#6998,#6999,#7000,#7001,
    #7002,#7003,#7004,#7005,#7006,#7007,#7008,#7009,#7010,#7011,#7012,
    #7013,#7014,#7015,#7016,#7017,#7018,#7019,#7020,#7021,#7022,#7023,
    #7024,#7025,#7026,#7027,#7028,#7029,#7030,#7031,#7032,#7033,#7034,
    #7035,#7036,#7037),.UNSPECIFIED.,.F.,.F.,(4,2,3,3,3,2,2,2,3,2,3,2,3,
    3,2,2,2,3,3,3,4),(0.496589897612,0.513821226426,0.550745502457,
    0.564042351234,0.581179765474,0.598889870118,0.613943459066,
    0.628342544147,0.645695287706,0.671713451149,0.697731614592,
    0.730796710067,0.770702859778,0.793420151501,0.815038886216,
    0.83665762093,0.870687110758,0.904716600586,0.946142151353,
    0.987913975739,1.),.UNSPECIFIED.);
#6986 = CARTESIAN_POINT('',(14.30564516129,-4.74,5.172));
#6987 = CARTESIAN_POINT('',(14.271563357798,-4.74,5.18998761851));
#6988 = CARTESIAN_POINT('',(14.233064516129,-4.74,5.200064516129));
#6989 = CARTESIAN_POINT('',(14.105322580645,-4.74,5.200064516129));
#6990 = CARTESIAN_POINT('',(14.037580645161,-4.74,5.16135483871));
#6991 = CARTESIAN_POINT('',(13.988225806452,-4.74,5.085870967742));
#6992 = CARTESIAN_POINT('',(13.981321243523,-4.74,5.075311047969));
#6993 = CARTESIAN_POINT('',(13.970806451613,-4.74,5.048129032258));
#6994 = CARTESIAN_POINT('',(13.95435483871,-4.74,5.003612903226));
#6995 = CARTESIAN_POINT('',(13.938019515794,-4.74,4.959411441218));
#6996 = CARTESIAN_POINT('',(13.921451612903,-4.74,4.925225806452));
#6997 = CARTESIAN_POINT('',(13.902096774194,-4.74,4.902));
#6998 = CARTESIAN_POINT('',(13.882265996827,-4.74,4.87820306716));
#6999 = CARTESIAN_POINT('',(13.854677419355,-4.74,4.866193548387));
#7000 = CARTESIAN_POINT('',(13.783064516129,-4.74,4.866193548387));
#7001 = CARTESIAN_POINT('',(13.755967741935,-4.74,4.876838709677));
#7002 = CARTESIAN_POINT('',(13.712419354839,-4.74,4.920387096774));
#7003 = CARTESIAN_POINT('',(13.701774193548,-4.74,4.950387096774));
#7004 = CARTESIAN_POINT('',(13.701774193548,-4.74,5.033612903226));
#7005 = CARTESIAN_POINT('',(13.711451612903,-4.74,5.081032258065));
#7006 = CARTESIAN_POINT('',(13.731774193548,-4.74,5.13135483871));
#7007 = CARTESIAN_POINT('',(13.751896456229,-4.74,5.181181393918));
#7008 = CARTESIAN_POINT('',(13.783064516129,-4.74,5.225225806452));
#7009 = CARTESIAN_POINT('',(13.86435483871,-4.74,5.306516129032));
#7010 = CARTESIAN_POINT('',(13.91564516129,-4.74,5.339419354839));
#7011 = CARTESIAN_POINT('',(13.978548387097,-4.74,5.363612903226));
#7012 = CARTESIAN_POINT('',(14.041775856335,-4.74,5.387931160625));
#7013 = CARTESIAN_POINT('',(14.114032258065,-4.74,5.40135483871));
#7014 = CARTESIAN_POINT('',(14.299838709677,-4.74,5.40135483871));
#7015 = CARTESIAN_POINT('',(14.385967741935,-4.74,5.384903225806));
#7016 = CARTESIAN_POINT('',(14.456612903226,-4.74,5.353935483871));
#7017 = CARTESIAN_POINT('',(14.503405731608,-4.74,5.333423559101));
#7018 = CARTESIAN_POINT('',(14.543709677419,-4.74,5.30264516129));
#7019 = CARTESIAN_POINT('',(14.579516129032,-4.74,5.265870967742));
#7020 = CARTESIAN_POINT('',(14.61485161061,-4.74,5.229580473149));
#7021 = CARTESIAN_POINT('',(14.641451612903,-4.74,5.185548387097));
#7022 = CARTESIAN_POINT('',(14.680161290323,-4.74,5.088774193548));
#7023 = CARTESIAN_POINT('',(14.689838709677,-4.74,5.038451612903));
#7024 = CARTESIAN_POINT('',(14.689838709677,-4.74,4.903935483871));
#7025 = CARTESIAN_POINT('',(14.669516129032,-4.74,4.828451612903));
#7026 = CARTESIAN_POINT('',(14.588225806452,-4.74,4.694903225806));
#7027 = CARTESIAN_POINT('',(14.546612903226,-4.74,4.641677419355));
#7028 = CARTESIAN_POINT('',(14.504032258065,-4.74,4.603935483871));
#7029 = CARTESIAN_POINT('',(14.461513199026,-4.74,4.566248136087));
#7030 = CARTESIAN_POINT('',(14.391774193548,-4.74,4.506193548387));
#7031 = CARTESIAN_POINT('',(14.292096774194,-4.74,4.424903225806));
#7032 = CARTESIAN_POINT('',(14.191945372205,-4.74,4.343226354282));
#7033 = CARTESIAN_POINT('',(14.123709677419,-4.74,4.279741935484));
#7034 = CARTESIAN_POINT('',(14.086935483871,-4.74,4.235225806452));
#7035 = CARTESIAN_POINT('',(14.071626676332,-4.74,4.216694092062));
#7036 = CARTESIAN_POINT('',(14.055,-4.74,4.195548387097));
#7037 = CARTESIAN_POINT('',(14.038548387097,-4.74,4.170387096774));
#7038 = B_SPLINE_SURFACE_WITH_KNOTS('',1,1,(
    (#7039,#7040)
    ,(#7041,#7042
    )),.UNSPECIFIED.,.F.,.F.,.F.,(2,2),(2,2),(-1.463225806452,0.),(
    -0.162253663769,0.85581085236),.PIECEWISE_BEZIER_KNOTS.);
#7039 = CARTESIAN_POINT('',(13.696935483871,-4.74,5.40135483871));
#7040 = CARTESIAN_POINT('',(14.715,-4.74,5.40135483871));
#7041 = CARTESIAN_POINT('',(13.696935483871,-4.74,3.938129032258));
#7042 = CARTESIAN_POINT('',(14.715,-4.74,3.938129032258));
#7043 = ADVANCED_FACE('',(#7044),#7058,.T.);
#7044 = FACE_BOUND('',#7045,.T.);
#7045 = EDGE_LOOP('',(#7046,#7047,#7052,#7053));
#7046 = ORIENTED_EDGE('',*,*,#882,.F.);
#7047 = ORIENTED_EDGE('',*,*,#7048,.F.);
#7048 = EDGE_CURVE('',#6930,#826,#7049,.T.);
#7049 = B_SPLINE_CURVE_WITH_KNOTS('',1,(#7050,#7051),.UNSPECIFIED.,.F.,
  .F.,(2,2),(0.,1.E-02),.PIECEWISE_BEZIER_KNOTS.);
#7050 = CARTESIAN_POINT('',(14.038548387097,-4.74,4.170387096774));
#7051 = CARTESIAN_POINT('',(14.038548387097,-4.75,4.170387096774));
#7052 = ORIENTED_EDGE('',*,*,#6929,.T.);
#7053 = ORIENTED_EDGE('',*,*,#7054,.T.);
#7054 = EDGE_CURVE('',#6932,#824,#7055,.T.);
#7055 = B_SPLINE_CURVE_WITH_KNOTS('',1,(#7056,#7057),.UNSPECIFIED.,.F.,
  .F.,(2,2),(0.,1.E-02),.PIECEWISE_BEZIER_KNOTS.);
#7056 = CARTESIAN_POINT('',(14.30564516129,-4.74,5.172));
#7057 = CARTESIAN_POINT('',(14.30564516129,-4.75,5.172));
#7058 = B_SPLINE_SURFACE_WITH_KNOTS('',3,1,(
    (#7059,#7060)
    ,(#7061,#7062)
    ,(#7063,#7064)
    ,(#7065,#7066)
    ,(#7067,#7068)
    ,(#7069,#7070)
    ,(#7071,#7072)
    ,(#7073,#7074)
    ,(#7075,#7076)
    ,(#7077,#7078)
    ,(#7079,#7080)
    ,(#7081,#7082)
    ,(#7083,#7084)
    ,(#7085,#7086)
    ,(#7087,#7088)
    ,(#7089,#7090)
    ,(#7091,#7092)
    ,(#7093,#7094)
    ,(#7095,#7096)
    ,(#7097,#7098)
    ,(#7099,#7100)
    ,(#7101,#7102)
    ,(#7103,#7104
    )),.UNSPECIFIED.,.F.,.F.,.F.,(4,1,1,1,1,1,1,1,1,1,1,1,1,1,1,1,1,1,1,
    1,4),(2,2),(0.,3.103686860075E-02,6.207373720151E-02,
    7.759217150189E-02,9.311060580226E-02,0.124147474403,0.155184343004,
    0.186221211605,0.217258080205,0.248294948806,0.279331817407,
    0.310368686008,0.341405554608,0.356923988909,0.364683206059,
    0.372442423209,0.387960857509,0.40347929181,0.434516160411,
    0.465553029011,0.496589897612),(0.,1.),.UNSPECIFIED.);
#7059 = CARTESIAN_POINT('',(14.038548387097,-4.74,4.170387096774));
#7060 = CARTESIAN_POINT('',(14.038548387097,-4.75,4.170387096774));
#7061 = CARTESIAN_POINT('',(14.107839144597,-4.74,4.170387096774));
#7062 = CARTESIAN_POINT('',(14.107839144597,-4.75,4.170387096774));
#7063 = CARTESIAN_POINT('',(14.245235139492,-4.74,4.171397931759));
#7064 = CARTESIAN_POINT('',(14.245235139492,-4.75,4.171397931759));
#7065 = CARTESIAN_POINT('',(14.422907733637,-4.74,4.167607300566));
#7066 = CARTESIAN_POINT('',(14.422907733637,-4.75,4.167607300566));
#7067 = CARTESIAN_POINT('',(14.552597847846,-4.74,4.175188562953));
#7068 = CARTESIAN_POINT('',(14.552597847846,-4.75,4.175188562953));
#7069 = CARTESIAN_POINT('',(14.733784948149,-4.74,4.144276144823));
#7070 = CARTESIAN_POINT('',(14.733784948149,-4.75,4.144276144823));
#7071 = CARTESIAN_POINT('',(14.721249958022,-4.74,3.923130785999));
#7072 = CARTESIAN_POINT('',(14.721249958022,-4.75,3.923130785999));
#7073 = CARTESIAN_POINT('',(14.474493443633,-4.74,3.942463800246));
#7074 = CARTESIAN_POINT('',(14.474493443633,-4.75,3.942463800246));
#7075 = CARTESIAN_POINT('',(14.277067741763,-4.74,3.935788206567));
#7076 = CARTESIAN_POINT('',(14.277067741763,-4.75,3.935788206567));
#7077 = CARTESIAN_POINT('',(14.066474867471,-4.74,3.943157567034));
#7078 = CARTESIAN_POINT('',(14.066474867471,-4.75,3.943157567034));
#7079 = CARTESIAN_POINT('',(13.85921987035,-4.74,3.920355718844));
#7080 = CARTESIAN_POINT('',(13.85921987035,-4.75,3.920355718844));
#7081 = CARTESIAN_POINT('',(13.651780536968,-4.74,4.004193751137));
#7082 = CARTESIAN_POINT('',(13.651780536968,-4.75,4.004193751137));
#7083 = CARTESIAN_POINT('',(13.755022532388,-4.74,4.261450234354));
#7084 = CARTESIAN_POINT('',(13.755022532388,-4.75,4.261450234354));
#7085 = CARTESIAN_POINT('',(13.890758220541,-4.74,4.369202973949));
#7086 = CARTESIAN_POINT('',(13.890758220541,-4.75,4.369202973949));
#7087 = CARTESIAN_POINT('',(13.978078453087,-4.74,4.456824436317));
#7088 = CARTESIAN_POINT('',(13.978078453087,-4.75,4.456824436317));
#7089 = CARTESIAN_POINT('',(14.014222583572,-4.74,4.490307258501));
#7090 = CARTESIAN_POINT('',(14.014222583572,-4.75,4.490307258501));
#7091 = CARTESIAN_POINT('',(14.093150370227,-4.74,4.562010836465));
#7092 = CARTESIAN_POINT('',(14.093150370227,-4.75,4.562010836465));
#7093 = CARTESIAN_POINT('',(14.14648510591,-4.74,4.608548522551));
#7094 = CARTESIAN_POINT('',(14.14648510591,-4.75,4.608548522551));
#7095 = CARTESIAN_POINT('',(14.24857703502,-4.74,4.677570911858));
#7096 = CARTESIAN_POINT('',(14.24857703502,-4.75,4.677570911858));
#7097 = CARTESIAN_POINT('',(14.377802016661,-4.74,4.801786665484));
#7098 = CARTESIAN_POINT('',(14.377802016661,-4.75,4.801786665484));
#7099 = CARTESIAN_POINT('',(14.44862630931,-4.74,5.016953669904));
#7100 = CARTESIAN_POINT('',(14.44862630931,-4.75,5.016953669904));
#7101 = CARTESIAN_POINT('',(14.368611347422,-4.74,5.138767846208));
#7102 = CARTESIAN_POINT('',(14.368611347422,-4.75,5.138767846208));
#7103 = CARTESIAN_POINT('',(14.30564516129,-4.74,5.172));
#7104 = CARTESIAN_POINT('',(14.30564516129,-4.75,5.172));
#7105 = ADVANCED_FACE('',(#7106),#7112,.T.);
#7106 = FACE_BOUND('',#7107,.T.);
#7107 = EDGE_LOOP('',(#7108,#7109,#7110,#7111));
#7108 = ORIENTED_EDGE('',*,*,#823,.F.);
#7109 = ORIENTED_EDGE('',*,*,#7054,.F.);
#7110 = ORIENTED_EDGE('',*,*,#6984,.T.);
#7111 = ORIENTED_EDGE('',*,*,#7048,.T.);
#7112 = B_SPLINE_SURFACE_WITH_KNOTS('',3,1,(
    (#7113,#7114)
    ,(#7115,#7116)
    ,(#7117,#7118)
    ,(#7119,#7120)
    ,(#7121,#7122)
    ,(#7123,#7124)
    ,(#7125,#7126)
    ,(#7127,#7128)
    ,(#7129,#7130)
    ,(#7131,#7132)
    ,(#7133,#7134)
    ,(#7135,#7136)
    ,(#7137,#7138)
    ,(#7139,#7140)
    ,(#7141,#7142)
    ,(#7143,#7144)
    ,(#7145,#7146)
    ,(#7147,#7148)
    ,(#7149,#7150)
    ,(#7151,#7152)
    ,(#7153,#7154)
    ,(#7155,#7156
    )),.UNSPECIFIED.,.F.,.F.,.F.,(4,1,1,1,1,1,1,1,1,1,1,1,1,1,1,1,1,1,1,
    4),(2,2),(0.496589897612,0.528053029011,0.543784594711,
    0.559516160411,0.57524772611,0.59097929181,0.622442423209,
    0.638173988909,0.653905554608,0.685368686008,0.716831817407,
    0.748294948806,0.779758080205,0.811221211605,0.842684343004,
    0.874147474403,0.905610605802,0.937073737202,0.968536868601,1.),(0.,
    1.),.UNSPECIFIED.);
#7113 = CARTESIAN_POINT('',(14.30564516129,-4.74,5.172));
#7114 = CARTESIAN_POINT('',(14.30564516129,-4.75,5.172));
#7115 = CARTESIAN_POINT('',(14.243414309963,-4.74,5.204844060423));
#7116 = CARTESIAN_POINT('',(14.243414309963,-4.75,5.204844060423));
#7117 = CARTESIAN_POINT('',(14.125657020216,-4.74,5.212952439374));
#7118 = CARTESIAN_POINT('',(14.125657020216,-4.75,5.212952439374));
#7119 = CARTESIAN_POINT('',(14.01027413006,-4.74,5.125568267764));
#7120 = CARTESIAN_POINT('',(14.01027413006,-4.75,5.125568267764));
#7121 = CARTESIAN_POINT('',(13.970725624739,-4.74,5.054385729552));
#7122 = CARTESIAN_POINT('',(13.970725624739,-4.75,5.054385729552));
#7123 = CARTESIAN_POINT('',(13.921921940132,-4.74,4.915337714051));
#7124 = CARTESIAN_POINT('',(13.921921940132,-4.75,4.915337714051));
#7125 = CARTESIAN_POINT('',(13.851872614143,-4.74,4.84738975312));
#7126 = CARTESIAN_POINT('',(13.851872614143,-4.75,4.84738975312));
#7127 = CARTESIAN_POINT('',(13.686992797094,-4.74,4.887264515535));
#7128 = CARTESIAN_POINT('',(13.686992797094,-4.75,4.887264515535));
#7129 = CARTESIAN_POINT('',(13.706202984889,-4.74,5.072540285008));
#7130 = CARTESIAN_POINT('',(13.706202984889,-4.75,5.072540285008));
#7131 = CARTESIAN_POINT('',(13.765944522369,-4.74,5.217313639147));
#7132 = CARTESIAN_POINT('',(13.765944522369,-4.75,5.217313639147));
#7133 = CARTESIAN_POINT('',(13.886593269098,-4.74,5.334556755974));
#7134 = CARTESIAN_POINT('',(13.886593269098,-4.75,5.334556755974));
#7135 = CARTESIAN_POINT('',(14.091665521091,-4.74,5.407884689673));
#7136 = CARTESIAN_POINT('',(14.091665521091,-4.75,5.407884689673));
#7137 = CARTESIAN_POINT('',(14.33305454397,-4.74,5.400076474378));
#7138 = CARTESIAN_POINT('',(14.33305454397,-4.75,5.400076474378));
#7139 = CARTESIAN_POINT('',(14.513886723957,-4.74,5.343981093396));
#7140 = CARTESIAN_POINT('',(14.513886723957,-4.75,5.343981093396));
#7141 = CARTESIAN_POINT('',(14.669008048562,-4.74,5.172702649471));
#7142 = CARTESIAN_POINT('',(14.669008048562,-4.75,5.172702649471));
#7143 = CARTESIAN_POINT('',(14.709281665228,-4.74,4.939424693009));
#7144 = CARTESIAN_POINT('',(14.709281665228,-4.75,4.939424693009));
#7145 = CARTESIAN_POINT('',(14.621423866494,-4.74,4.728422354044));
#7146 = CARTESIAN_POINT('',(14.621423866494,-4.75,4.728422354044));
#7147 = CARTESIAN_POINT('',(14.503672884202,-4.74,4.597262855769));
#7148 = CARTESIAN_POINT('',(14.503672884202,-4.75,4.597262855769));
#7149 = CARTESIAN_POINT('',(14.371332911507,-4.74,4.491311724237));
#7150 = CARTESIAN_POINT('',(14.371332911507,-4.75,4.491311724237));
#7151 = CARTESIAN_POINT('',(14.130687596335,-4.74,4.288833778559));
#7152 = CARTESIAN_POINT('',(14.130687596335,-4.75,4.288833778559));
#7153 = CARTESIAN_POINT('',(14.081376305306,-4.74,4.235888618741));
#7154 = CARTESIAN_POINT('',(14.081376305306,-4.75,4.235888618741));
#7155 = CARTESIAN_POINT('',(14.038548387097,-4.74,4.170387096774));
#7156 = CARTESIAN_POINT('',(14.038548387097,-4.75,4.170387096774));
#7157 = ADVANCED_FACE('',(#7158),#7216,.T.);
#7158 = FACE_BOUND('',#7159,.T.);
#7159 = EDGE_LOOP('',(#7160,#7209));
#7160 = ORIENTED_EDGE('',*,*,#7161,.F.);
#7161 = EDGE_CURVE('',#7162,#7164,#7166,.T.);
#7162 = VERTEX_POINT('',#7163);
#7163 = CARTESIAN_POINT('',(12.956612903226,-4.74,4.977483870968));
#7164 = VERTEX_POINT('',#7165);
#7165 = CARTESIAN_POINT('',(12.956612903226,-4.74,4.07264516129));
#7166 = B_SPLINE_CURVE_WITH_KNOTS('',3,(#7167,#7168,#7169,#7170,#7171,
    #7172,#7173,#7174,#7175,#7176,#7177,#7178,#7179,#7180,#7181,#7182,
    #7183,#7184,#7185,#7186,#7187,#7188,#7189,#7190,#7191,#7192,#7193,
    #7194,#7195,#7196,#7197,#7198,#7199,#7200,#7201,#7202,#7203,#7204,
    #7205,#7206,#7207,#7208),.UNSPECIFIED.,.F.,.F.,(4,3,3,2,3,3,3,2,3,2,
    3,3,3,2,3,4),(0.218253792432,0.313454063724,0.33343381608,
    0.352313265891,0.374339290669,0.405198296086,0.459779088289,
    0.497040143552,0.534301198814,0.552934811326,0.573897625403,
    0.602563469712,0.876856363579,0.940355264582,0.969032187616,1.),
  .UNSPECIFIED.);
#7167 = CARTESIAN_POINT('',(12.956612903226,-4.74,4.977483870968));
#7168 = CARTESIAN_POINT('',(12.788225806452,-4.74,4.848774193548));
#7169 = CARTESIAN_POINT('',(12.675,-4.74,4.783935483871));
#7170 = CARTESIAN_POINT('',(12.616935483871,-4.74,4.784903225806));
#7171 = CARTESIAN_POINT('',(12.589862359022,-4.74,4.785354444554));
#7172 = CARTESIAN_POINT('',(12.564677419355,-4.74,4.795548387097));
#7173 = CARTESIAN_POINT('',(12.543387096774,-4.74,4.817806451613));
#7174 = CARTESIAN_POINT('',(12.5225801675,-4.74,4.8395591504));
#7175 = CARTESIAN_POINT('',(12.510483870968,-4.74,4.865225806452));
#7176 = CARTESIAN_POINT('',(12.510483870968,-4.74,4.928129032258));
#7177 = CARTESIAN_POINT('',(12.521129032258,-4.74,4.952322580645));
#7178 = CARTESIAN_POINT('',(12.542419354839,-4.74,4.968774193548));
#7179 = CARTESIAN_POINT('',(12.563241455577,-4.74,4.984863998665));
#7180 = CARTESIAN_POINT('',(12.601451612903,-4.74,5.004580645161));
#7181 = CARTESIAN_POINT('',(12.654677419355,-4.74,5.029741935484));
#7182 = CARTESIAN_POINT('',(12.734911619353,-4.74,5.067670830029));
#7183 = CARTESIAN_POINT('',(12.798870967742,-4.74,5.107161290323));
#7184 = CARTESIAN_POINT('',(12.846290322581,-4.74,5.148774193548));
#7185 = CARTESIAN_POINT('',(12.894256394687,-4.74,5.19086686907));
#7186 = CARTESIAN_POINT('',(12.937258064516,-4.74,5.236838709677));
#7187 = CARTESIAN_POINT('',(13.010806451613,-4.74,5.339419354839));
#7188 = CARTESIAN_POINT('',(13.035,-4.74,5.37135483871));
#7189 = CARTESIAN_POINT('',(13.046612903226,-4.74,5.382967741935));
#7190 = CARTESIAN_POINT('',(13.057741935484,-4.74,5.394096774194));
#7191 = CARTESIAN_POINT('',(13.078548387097,-4.74,5.40135483871));
#7192 = CARTESIAN_POINT('',(13.14435483871,-4.74,5.40135483871));
#7193 = CARTESIAN_POINT('',(13.172419354839,-4.74,5.387806451613));
#7194 = CARTESIAN_POINT('',(13.193709677419,-4.74,5.360709677419));
#7195 = CARTESIAN_POINT('',(13.215470133306,-4.74,5.333014551745));
#7196 = CARTESIAN_POINT('',(13.22564516129,-4.74,5.295870967742));
#7197 = CARTESIAN_POINT('',(13.22564516129,-4.74,5.248451612903));
#7198 = CARTESIAN_POINT('',(13.22564516129,-4.74,4.869419354839));
#7199 = CARTESIAN_POINT('',(13.22564516129,-4.74,4.490387096774));
#7200 = CARTESIAN_POINT('',(13.22564516129,-4.74,4.11135483871));
#7201 = CARTESIAN_POINT('',(13.22564516129,-4.74,3.977806451613));
#7202 = CARTESIAN_POINT('',(13.180161290323,-4.74,3.912));
#7203 = CARTESIAN_POINT('',(13.049516129032,-4.74,3.912));
#7204 = CARTESIAN_POINT('',(13.017580645161,-4.74,3.925548387097));
#7205 = CARTESIAN_POINT('',(12.993387096774,-4.74,3.95264516129));
#7206 = CARTESIAN_POINT('',(12.968764280318,-4.74,3.980222715722));
#7207 = CARTESIAN_POINT('',(12.956612903226,-4.74,4.019419354839));
#7208 = CARTESIAN_POINT('',(12.956612903226,-4.74,4.07264516129));
#7209 = ORIENTED_EDGE('',*,*,#7210,.F.);
#7210 = EDGE_CURVE('',#7164,#7162,#7211,.T.);
#7211 = B_SPLINE_CURVE_WITH_KNOTS('',3,(#7212,#7213,#7214,#7215),
  .UNSPECIFIED.,.F.,.F.,(4,4),(0.,0.218253792432),
  .PIECEWISE_BEZIER_KNOTS.);
#7212 = CARTESIAN_POINT('',(12.956612903226,-4.74,4.07264516129));
#7213 = CARTESIAN_POINT('',(12.956612903226,-4.74,4.374258064516));
#7214 = CARTESIAN_POINT('',(12.956612903226,-4.74,4.675870967742));
#7215 = CARTESIAN_POINT('',(12.956612903226,-4.74,4.977483870968));
#7216 = B_SPLINE_SURFACE_WITH_KNOTS('',1,1,(
    (#7217,#7218)
    ,(#7219,#7220
    )),.UNSPECIFIED.,.F.,.F.,.F.,(2,2),(2,2),(-0.180112283248,
    1.309242555462),(-0.715161290323,0.),.PIECEWISE_BEZIER_KNOTS.);
#7217 = CARTESIAN_POINT('',(12.510483870968,-4.74,5.40135483871));
#7218 = CARTESIAN_POINT('',(13.22564516129,-4.74,5.40135483871));
#7219 = CARTESIAN_POINT('',(12.510483870968,-4.74,3.912));
#7220 = CARTESIAN_POINT('',(13.22564516129,-4.74,3.912));
#7221 = ADVANCED_FACE('',(#7222),#7236,.T.);
#7222 = FACE_BOUND('',#7223,.T.);
#7223 = EDGE_LOOP('',(#7224,#7225,#7230,#7231));
#7224 = ORIENTED_EDGE('',*,*,#776,.F.);
#7225 = ORIENTED_EDGE('',*,*,#7226,.F.);
#7226 = EDGE_CURVE('',#7162,#768,#7227,.T.);
#7227 = B_SPLINE_CURVE_WITH_KNOTS('',1,(#7228,#7229),.UNSPECIFIED.,.F.,
  .F.,(2,2),(0.,1.E-02),.PIECEWISE_BEZIER_KNOTS.);
#7228 = CARTESIAN_POINT('',(12.956612903226,-4.74,4.977483870968));
#7229 = CARTESIAN_POINT('',(12.956612903226,-4.75,4.977483870968));
#7230 = ORIENTED_EDGE('',*,*,#7161,.T.);
#7231 = ORIENTED_EDGE('',*,*,#7232,.T.);
#7232 = EDGE_CURVE('',#7164,#766,#7233,.T.);
#7233 = B_SPLINE_CURVE_WITH_KNOTS('',1,(#7234,#7235),.UNSPECIFIED.,.F.,
  .F.,(2,2),(0.,1.E-02),.PIECEWISE_BEZIER_KNOTS.);
#7234 = CARTESIAN_POINT('',(12.956612903226,-4.74,4.07264516129));
#7235 = CARTESIAN_POINT('',(12.956612903226,-4.75,4.07264516129));
#7236 = B_SPLINE_SURFACE_WITH_KNOTS('',3,1,(
    (#7237,#7238)
    ,(#7239,#7240)
    ,(#7241,#7242)
    ,(#7243,#7244)
    ,(#7245,#7246)
    ,(#7247,#7248)
    ,(#7249,#7250)
    ,(#7251,#7252)
    ,(#7253,#7254)
    ,(#7255,#7256)
    ,(#7257,#7258)
    ,(#7259,#7260)
    ,(#7261,#7262)
    ,(#7263,#7264)
    ,(#7265,#7266)
    ,(#7267,#7268)
    ,(#7269,#7270)
    ,(#7271,#7272)
    ,(#7273,#7274)
    ,(#7275,#7276)
    ,(#7277,#7278)
    ,(#7279,#7280)
    ,(#7281,#7282)
    ,(#7283,#7284)
    ,(#7285,#7286)
    ,(#7287,#7288
    )),.UNSPECIFIED.,.F.,.F.,.F.,(4,1,1,1,1,1,1,1,1,1,1,1,1,1,1,1,1,1,1,
    1,1,1,1,4),(2,2),(0.218253792432,0.267112930405,0.291542499392,
    0.315972068378,0.340401637365,0.364831206351,0.389260775338,
    0.413690344324,0.438119913311,0.462549482297,0.51140862027,
    0.535838189257,0.560267758243,0.58469732723,0.609126896216,
    0.657986034189,0.706845172162,0.755704310135,0.804563448108,
    0.853422586081,0.877852155068,0.902281724054,0.951140862027,1.),(0.,
    1.),.UNSPECIFIED.);
#7237 = CARTESIAN_POINT('',(12.956612903226,-4.74,4.977483870968));
#7238 = CARTESIAN_POINT('',(12.956612903226,-4.75,4.977483870968));
#7239 = CARTESIAN_POINT('',(12.870192473089,-4.74,4.911426875518));
#7240 = CARTESIAN_POINT('',(12.870192473089,-4.75,4.911426875518));
#7241 = CARTESIAN_POINT('',(12.7640473315,-4.74,4.836193292641));
#7242 = CARTESIAN_POINT('',(12.7640473315,-4.75,4.836193292641));
#7243 = CARTESIAN_POINT('',(12.659343653283,-4.74,4.792671469777));
#7244 = CARTESIAN_POINT('',(12.659343653283,-4.75,4.792671469777));
#7245 = CARTESIAN_POINT('',(12.619523143235,-4.74,4.772019415949));
#7246 = CARTESIAN_POINT('',(12.619523143235,-4.75,4.772019415949));
#7247 = CARTESIAN_POINT('',(12.503325191074,-4.74,4.832507080148));
#7248 = CARTESIAN_POINT('',(12.503325191074,-4.75,4.832507080148));
#7249 = CARTESIAN_POINT('',(12.511651258794,-4.74,4.958730351045));
#7250 = CARTESIAN_POINT('',(12.511651258794,-4.75,4.958730351045));
#7251 = CARTESIAN_POINT('',(12.574862683863,-4.74,4.990483195296));
#7252 = CARTESIAN_POINT('',(12.574862683863,-4.75,4.990483195296));
#7253 = CARTESIAN_POINT('',(12.696212180752,-4.74,5.048519271206));
#7254 = CARTESIAN_POINT('',(12.696212180752,-4.75,5.048519271206));
#7255 = CARTESIAN_POINT('',(12.785956487882,-4.74,5.100806632831));
#7256 = CARTESIAN_POINT('',(12.785956487882,-4.75,5.100806632831));
#7257 = CARTESIAN_POINT('',(12.874292989938,-4.74,5.165688881623));
#7258 = CARTESIAN_POINT('',(12.874292989938,-4.75,5.165688881623));
#7259 = CARTESIAN_POINT('',(13.019000383278,-4.74,5.335687372551));
#7260 = CARTESIAN_POINT('',(13.019000383278,-4.75,5.335687372551));
#7261 = CARTESIAN_POINT('',(13.031062784651,-4.74,5.387448447835));
#7262 = CARTESIAN_POINT('',(13.031062784651,-4.75,5.387448447835));
#7263 = CARTESIAN_POINT('',(13.151120670319,-4.74,5.415423121043));
#7264 = CARTESIAN_POINT('',(13.151120670319,-4.75,5.415423121043));
#7265 = CARTESIAN_POINT('',(13.225993723651,-4.74,5.329146780996));
#7266 = CARTESIAN_POINT('',(13.225993723651,-4.75,5.329146780996));
#7267 = CARTESIAN_POINT('',(13.225445186397,-4.74,5.183659240251));
#7268 = CARTESIAN_POINT('',(13.225445186397,-4.75,5.183659240251));
#7269 = CARTESIAN_POINT('',(13.225702123525,-4.74,5.019971264693));
#7270 = CARTESIAN_POINT('',(13.225702123525,-4.75,5.019971264693));
#7271 = CARTESIAN_POINT('',(13.22566867467,-4.74,4.815883445614));
#7272 = CARTESIAN_POINT('',(13.22566867467,-4.75,4.815883445614));
#7273 = CARTESIAN_POINT('',(13.225494145538,-4.74,4.613370299574));
#7274 = CARTESIAN_POINT('',(13.225494145538,-4.75,4.613370299574));
#7275 = CARTESIAN_POINT('',(13.22622571092,-4.74,4.412220709789));
#7276 = CARTESIAN_POINT('',(13.22622571092,-4.75,4.412220709789));
#7277 = CARTESIAN_POINT('',(13.223932600591,-4.74,4.238738636586));
#7278 = CARTESIAN_POINT('',(13.223932600591,-4.75,4.238738636586));
#7279 = CARTESIAN_POINT('',(13.228611660623,-4.74,4.113328996012));
#7280 = CARTESIAN_POINT('',(13.228611660623,-4.75,4.113328996012));
#7281 = CARTESIAN_POINT('',(13.209290299884,-4.74,3.922262439019));
#7282 = CARTESIAN_POINT('',(13.209290299884,-4.75,3.922262439019));
#7283 = CARTESIAN_POINT('',(13.030788778991,-4.74,3.883872477399));
#7284 = CARTESIAN_POINT('',(13.030788778991,-4.75,3.883872477399));
#7285 = CARTESIAN_POINT('',(12.956612903226,-4.74,3.988668708938));
#7286 = CARTESIAN_POINT('',(12.956612903226,-4.75,3.988668708938));
#7287 = CARTESIAN_POINT('',(12.956612903226,-4.74,4.07264516129));
#7288 = CARTESIAN_POINT('',(12.956612903226,-4.75,4.07264516129));
#7289 = ADVANCED_FACE('',(#7290),#7296,.T.);
#7290 = FACE_BOUND('',#7291,.T.);
#7291 = EDGE_LOOP('',(#7292,#7293,#7294,#7295));
#7292 = ORIENTED_EDGE('',*,*,#765,.F.);
#7293 = ORIENTED_EDGE('',*,*,#7232,.F.);
#7294 = ORIENTED_EDGE('',*,*,#7210,.T.);
#7295 = ORIENTED_EDGE('',*,*,#7226,.T.);
#7296 = B_SPLINE_SURFACE_WITH_KNOTS('',1,1,(
    (#7297,#7298)
    ,(#7299,#7300
    )),.UNSPECIFIED.,.F.,.F.,.F.,(2,2),(2,2),(-0.904838709677,0.),(
    -1.E-02,0.),.PIECEWISE_BEZIER_KNOTS.);
#7297 = CARTESIAN_POINT('',(12.956612903226,-4.75,4.977483870968));
#7298 = CARTESIAN_POINT('',(12.956612903226,-4.74,4.977483870968));
#7299 = CARTESIAN_POINT('',(12.956612903226,-4.75,4.07264516129));
#7300 = CARTESIAN_POINT('',(12.956612903226,-4.74,4.07264516129));
#7301 = ADVANCED_FACE('',(#7302),#7450,.T.);
#7302 = FACE_BOUND('',#7303,.T.);
#7303 = EDGE_LOOP('',(#7304,#7389));
#7304 = ORIENTED_EDGE('',*,*,#7305,.F.);
#7305 = EDGE_CURVE('',#7306,#7308,#7310,.T.);
#7306 = VERTEX_POINT('',#7307);
#7307 = CARTESIAN_POINT('',(10.847903225806,-4.74,4.73264516129));
#7308 = VERTEX_POINT('',#7309);
#7309 = CARTESIAN_POINT('',(10.526612903226,-4.74,4.815870967742));
#7310 = B_SPLINE_CURVE_WITH_KNOTS('',3,(#7311,#7312,#7313,#7314,#7315,
    #7316,#7317,#7318,#7319,#7320,#7321,#7322,#7323,#7324,#7325,#7326,
    #7327,#7328,#7329,#7330,#7331,#7332,#7333,#7334,#7335,#7336,#7337,
    #7338,#7339,#7340,#7341,#7342,#7343,#7344,#7345,#7346,#7347,#7348,
    #7349,#7350,#7351,#7352,#7353,#7354,#7355,#7356,#7357,#7358,#7359,
    #7360,#7361,#7362,#7363,#7364,#7365,#7366,#7367,#7368,#7369,#7370,
    #7371,#7372,#7373,#7374,#7375,#7376,#7377,#7378,#7379,#7380,#7381,
    #7382,#7383,#7384,#7385,#7386,#7387,#7388),.UNSPECIFIED.,.F.,.F.,(4,
    3,3,2,3,3,3,2,3,2,3,2,3,2,3,3,3,2,3,3,2,3,2,3,2,3,2,3,3,4),(
    0.422851531964,0.446324003086,0.467152707373,0.488574614603,
    0.514116119376,0.541101989864,0.569834489296,0.601340484037,
    0.633235441676,0.658797068961,0.684358696245,0.698549232748,
    0.716401843187,0.731818393651,0.739526668883,0.747028549839,
    0.781224105864,0.809388678829,0.825978769754,0.844969959877,
    0.86507796334,0.8948675981,0.926292564545,0.931932943138,
    0.935566317155,0.952824843735,0.965300203224,0.977775562712,
    0.99409953245,1.),.UNSPECIFIED.);
#7311 = CARTESIAN_POINT('',(10.847903225806,-4.74,4.73264516129));
#7312 = CARTESIAN_POINT('',(10.899193548387,-4.74,4.704580645161));
#7313 = CARTESIAN_POINT('',(10.942741935484,-4.74,4.67264516129));
#7314 = CARTESIAN_POINT('',(10.977580645161,-4.74,4.636838709677));
#7315 = CARTESIAN_POINT('',(11.012889971555,-4.74,4.600548568662));
#7316 = CARTESIAN_POINT('',(11.039516129032,-4.74,4.56135483871));
#7317 = CARTESIAN_POINT('',(11.057903225806,-4.74,4.518774193548));
#7318 = CARTESIAN_POINT('',(11.076490443355,-4.74,4.475730110804));
#7319 = CARTESIAN_POINT('',(11.084032258065,-4.74,4.427806451613));
#7320 = CARTESIAN_POINT('',(11.084032258065,-4.74,4.317483870968));
#7321 = CARTESIAN_POINT('',(11.072419354839,-4.74,4.259419354839));
#7322 = CARTESIAN_POINT('',(11.048225806452,-4.74,4.203290322581));
#7323 = CARTESIAN_POINT('',(11.023680484235,-4.74,4.146345175038));
#7324 = CARTESIAN_POINT('',(10.988225806452,-4.74,4.095870967742));
#7325 = CARTESIAN_POINT('',(10.941774193548,-4.74,4.052322580645));
#7326 = CARTESIAN_POINT('',(10.894324659647,-4.74,4.007838642613));
#7327 = CARTESIAN_POINT('',(10.839193548387,-4.74,3.973935483871));
#7328 = CARTESIAN_POINT('',(10.77435483871,-4.74,3.948774193548));
#7329 = CARTESIAN_POINT('',(10.710357212004,-4.74,3.923939293633));
#7330 = CARTESIAN_POINT('',(10.638870967742,-4.74,3.912));
#7331 = CARTESIAN_POINT('',(10.481129032258,-4.74,3.912));
#7332 = CARTESIAN_POINT('',(10.410483870968,-4.74,3.925548387097));
#7333 = CARTESIAN_POINT('',(10.347580645161,-4.74,3.954580645161));
#7334 = CARTESIAN_POINT('',(10.28504563336,-4.74,3.983442958301));
#7335 = CARTESIAN_POINT('',(10.233387096774,-4.74,4.018451612903));
#7336 = CARTESIAN_POINT('',(10.152096774194,-4.74,4.103612903226));
#7337 = CARTESIAN_POINT('',(10.121129032258,-4.74,4.148129032258));
#7338 = CARTESIAN_POINT('',(10.099838709677,-4.74,4.194580645161));
#7339 = CARTESIAN_POINT('',(10.079082936086,-4.74,4.239865969362));
#7340 = CARTESIAN_POINT('',(10.068870967742,-4.74,4.277806451613));
#7341 = CARTESIAN_POINT('',(10.068870967742,-4.74,4.345548387097));
#7342 = CARTESIAN_POINT('',(10.081451612903,-4.74,4.376516129032));
#7343 = CARTESIAN_POINT('',(10.10564516129,-4.74,4.400709677419));
#7344 = CARTESIAN_POINT('',(10.129838709677,-4.74,4.424903225806));
#7345 = CARTESIAN_POINT('',(10.161774193548,-4.74,4.435548387097));
#7346 = CARTESIAN_POINT('',(10.216935483871,-4.74,4.435548387097));
#7347 = CARTESIAN_POINT('',(10.235322580645,-4.74,4.430709677419));
#7348 = CARTESIAN_POINT('',(10.252741935484,-4.74,4.419096774194));
#7349 = CARTESIAN_POINT('',(10.269044665012,-4.74,4.408228287841));
#7350 = CARTESIAN_POINT('',(10.280806451613,-4.74,4.394903225806));
#7351 = CARTESIAN_POINT('',(10.28564516129,-4.74,4.380387096774));
#7352 = CARTESIAN_POINT('',(10.317,-4.74,4.286322580645));
#7353 = CARTESIAN_POINT('',(10.357258064516,-4.74,4.219741935484));
#7354 = CARTESIAN_POINT('',(10.396935483871,-4.74,4.174258064516));
#7355 = CARTESIAN_POINT('',(10.435715316361,-4.74,4.129803134588));
#7356 = CARTESIAN_POINT('',(10.491774193548,-4.74,4.107483870968));
#7357 = CARTESIAN_POINT('',(10.604032258065,-4.74,4.107483870968));
#7358 = CARTESIAN_POINT('',(10.643709677419,-4.74,4.118129032258));
#7359 = CARTESIAN_POINT('',(10.681451612903,-4.74,4.138451612903));
#7360 = CARTESIAN_POINT('',(10.718789582717,-4.74,4.158556673572));
#7361 = CARTESIAN_POINT('',(10.751129032258,-4.74,4.187806451613));
#7362 = CARTESIAN_POINT('',(10.775322580645,-4.74,4.227483870968));
#7363 = CARTESIAN_POINT('',(10.799778418152,-4.74,4.267591444479));
#7364 = CARTESIAN_POINT('',(10.813064516129,-4.74,4.313612903226));
#7365 = CARTESIAN_POINT('',(10.813064516129,-4.74,4.443290322581));
#7366 = CARTESIAN_POINT('',(10.791774193548,-4.74,4.504258064516));
#7367 = CARTESIAN_POINT('',(10.749193548387,-4.74,4.548774193548));
#7368 = CARTESIAN_POINT('',(10.707558672738,-4.74,4.592301563545));
#7369 = CARTESIAN_POINT('',(10.648548387097,-4.74,4.614580645161));
#7370 = CARTESIAN_POINT('',(10.559516129032,-4.74,4.614580645161));
#7371 = CARTESIAN_POINT('',(10.539193548387,-4.74,4.613612903226));
#7372 = CARTESIAN_POINT('',(10.511129032258,-4.74,4.610709677419));
#7373 = CARTESIAN_POINT('',(10.484022011385,-4.74,4.607905502846));
#7374 = CARTESIAN_POINT('',(10.46564516129,-4.74,4.606838709677));
#7375 = CARTESIAN_POINT('',(10.421129032258,-4.74,4.606838709677));
#7376 = CARTESIAN_POINT('',(10.393064516129,-4.74,4.615548387097));
#7377 = CARTESIAN_POINT('',(10.373709677419,-4.74,4.633935483871));
#7378 = CARTESIAN_POINT('',(10.35384617015,-4.74,4.652805815777));
#7379 = CARTESIAN_POINT('',(10.343709677419,-4.74,4.677483870968));
#7380 = CARTESIAN_POINT('',(10.343709677419,-4.74,4.74135483871));
#7381 = CARTESIAN_POINT('',(10.355322580645,-4.74,4.766516129032));
#7382 = CARTESIAN_POINT('',(10.379516129032,-4.74,4.786838709677));
#7383 = CARTESIAN_POINT('',(10.403233069055,-4.74,4.806760939297));
#7384 = CARTESIAN_POINT('',(10.438548387097,-4.74,4.815870967742));
#7385 = CARTESIAN_POINT('',(10.485967741935,-4.74,4.815870967742));
#7386 = CARTESIAN_POINT('',(10.499516129032,-4.74,4.815870967742));
#7387 = CARTESIAN_POINT('',(10.513064516129,-4.74,4.815870967742));
#7388 = CARTESIAN_POINT('',(10.526612903226,-4.74,4.815870967742));
#7389 = ORIENTED_EDGE('',*,*,#7390,.F.);
#7390 = EDGE_CURVE('',#7308,#7306,#7391,.T.);
#7391 = B_SPLINE_CURVE_WITH_KNOTS('',3,(#7392,#7393,#7394,#7395,#7396,
    #7397,#7398,#7399,#7400,#7401,#7402,#7403,#7404,#7405,#7406,#7407,
    #7408,#7409,#7410,#7411,#7412,#7413,#7414,#7415,#7416,#7417,#7418,
    #7419,#7420,#7421,#7422,#7423,#7424,#7425,#7426,#7427,#7428,#7429,
    #7430,#7431,#7432,#7433,#7434,#7435,#7436,#7437,#7438,#7439,#7440,
    #7441,#7442,#7443,#7444,#7445,#7446,#7447,#7448,#7449),
  .UNSPECIFIED.,.F.,.F.,(4,3,2,2,2,3,3,3,3,3,2,2,2,3,3,3,2,3,3,3,2,2,4),
  (0.,2.457995386887E-02,5.24379578452E-02,7.353044657014E-02,
    9.462293529508E-02,0.108571193968,0.119842801161,0.131954862207,
    0.145209972651,0.152529088309,0.164247096448,0.178003019046,
    0.191160858052,0.203607462518,0.224448676808,0.249343596373,
    0.27892143737,0.304607457183,0.327594242241,0.348799314012,
    0.36906623682,0.395958884392,0.422851531964),.UNSPECIFIED.);
#7392 = CARTESIAN_POINT('',(10.526612903226,-4.74,4.815870967742));
#7393 = CARTESIAN_POINT('',(10.586612903226,-4.74,4.815870967742));
#7394 = CARTESIAN_POINT('',(10.639838709677,-4.74,4.833290322581));
#7395 = CARTESIAN_POINT('',(10.683387096774,-4.74,4.870064516129));
#7396 = CARTESIAN_POINT('',(10.727023358967,-4.74,4.906912915314));
#7397 = CARTESIAN_POINT('',(10.749193548387,-4.74,4.957161290323));
#7398 = CARTESIAN_POINT('',(10.749193548387,-4.74,5.076193548387));
#7399 = CARTESIAN_POINT('',(10.731774193548,-4.74,5.120709677419));
#7400 = CARTESIAN_POINT('',(10.662096774194,-4.74,5.194258064516));
#7401 = CARTESIAN_POINT('',(10.614677419355,-4.74,5.21264516129));
#7402 = CARTESIAN_POINT('',(10.515,-4.74,5.21264516129));
#7403 = CARTESIAN_POINT('',(10.481129032258,-4.74,5.206838709677));
#7404 = CARTESIAN_POINT('',(10.455,-4.74,5.196193548387));
#7405 = CARTESIAN_POINT('',(10.428532827324,-4.74,5.185410626186));
#7406 = CARTESIAN_POINT('',(10.408548387097,-4.74,5.170064516129));
#7407 = CARTESIAN_POINT('',(10.393064516129,-4.74,5.150709677419));
#7408 = CARTESIAN_POINT('',(10.378430369788,-4.74,5.132416994493));
#7409 = CARTESIAN_POINT('',(10.364032258065,-4.74,5.108129032258));
#7410 = CARTESIAN_POINT('',(10.350483870968,-4.74,5.079096774194));
#7411 = CARTESIAN_POINT('',(10.336564633859,-4.74,5.049269837532));
#7412 = CARTESIAN_POINT('',(10.32435483871,-4.74,5.022));
#7413 = CARTESIAN_POINT('',(10.312741935484,-4.74,4.995870967742));
#7414 = CARTESIAN_POINT('',(10.306237113402,-4.74,4.981235118058));
#7415 = CARTESIAN_POINT('',(10.29435483871,-4.74,4.969741935484));
#7416 = CARTESIAN_POINT('',(10.276935483871,-4.74,4.962));
#7417 = CARTESIAN_POINT('',(10.259965081477,-4.74,4.954457598936));
#7418 = CARTESIAN_POINT('',(10.240161290323,-4.74,4.949419354839));
#7419 = CARTESIAN_POINT('',(10.191774193548,-4.74,4.949419354839));
#7420 = CARTESIAN_POINT('',(10.166612903226,-4.74,4.960064516129));
#7421 = CARTESIAN_POINT('',(10.123064516129,-4.74,5.003612903226));
#7422 = CARTESIAN_POINT('',(10.111451612903,-4.74,5.03264516129));
#7423 = CARTESIAN_POINT('',(10.111451612903,-4.74,5.102322580645));
#7424 = CARTESIAN_POINT('',(10.122096774194,-4.74,5.139096774194));
#7425 = CARTESIAN_POINT('',(10.142419354839,-4.74,5.176838709677));
#7426 = CARTESIAN_POINT('',(10.163363421131,-4.74,5.215734832791));
#7427 = CARTESIAN_POINT('',(10.193709677419,-4.74,5.25135483871));
#7428 = CARTESIAN_POINT('',(10.23435483871,-4.74,5.286193548387));
#7429 = CARTESIAN_POINT('',(10.274442125237,-4.74,5.320554079696));
#7430 = CARTESIAN_POINT('',(10.32435483871,-4.74,5.348129032258));
#7431 = CARTESIAN_POINT('',(10.383387096774,-4.74,5.369419354839));
#7432 = CARTESIAN_POINT('',(10.443275708642,-4.74,5.391018526332));
#7433 = CARTESIAN_POINT('',(10.509193548387,-4.74,5.40135483871));
#7434 = CARTESIAN_POINT('',(10.646612903226,-4.74,5.40135483871));
#7435 = CARTESIAN_POINT('',(10.70564516129,-4.74,5.39264516129));
#7436 = CARTESIAN_POINT('',(10.757903225806,-4.74,5.374258064516));
#7437 = CARTESIAN_POINT('',(10.810719432605,-4.74,5.355674584346));
#7438 = CARTESIAN_POINT('',(10.856612903226,-4.74,5.331677419355));
#7439 = CARTESIAN_POINT('',(10.896290322581,-4.74,5.298774193548));
#7440 = CARTESIAN_POINT('',(10.935869842064,-4.74,5.265952153001));
#7441 = CARTESIAN_POINT('',(10.964032258065,-4.74,5.227161290323));
#7442 = CARTESIAN_POINT('',(10.98435483871,-4.74,5.183612903226));
#7443 = CARTESIAN_POINT('',(11.004875206028,-4.74,5.139640687544));
#7444 = CARTESIAN_POINT('',(11.01435483871,-4.74,5.09264516129));
#7445 = CARTESIAN_POINT('',(11.01435483871,-4.74,4.975548387097));
#7446 = CARTESIAN_POINT('',(10.999838709677,-4.74,4.918451612903));
#7447 = CARTESIAN_POINT('',(10.941774193548,-4.74,4.823612903226));
#7448 = CARTESIAN_POINT('',(10.901129032258,-4.74,4.777161290323));
#7449 = CARTESIAN_POINT('',(10.847903225806,-4.74,4.73264516129));
#7450 = B_SPLINE_SURFACE_WITH_KNOTS('',1,1,(
    (#7451,#7452)
    ,(#7453,#7454
    )),.UNSPECIFIED.,.F.,.F.,.F.,(2,2),(2,2),(-1.022454523957,
    0.466900314752),(-1.927132354979E-02,0.995889966773),
  .PIECEWISE_BEZIER_KNOTS.);
#7451 = CARTESIAN_POINT('',(10.068870967742,-4.74,5.40135483871));
#7452 = CARTESIAN_POINT('',(11.084032258065,-4.74,5.40135483871));
#7453 = CARTESIAN_POINT('',(10.068870967742,-4.74,3.912));
#7454 = CARTESIAN_POINT('',(11.084032258065,-4.74,3.912));
#7455 = ADVANCED_FACE('',(#7456),#7470,.T.);
#7456 = FACE_BOUND('',#7457,.T.);
#7457 = EDGE_LOOP('',(#7458,#7459,#7464,#7465));
#7458 = ORIENTED_EDGE('',*,*,#682,.F.);
#7459 = ORIENTED_EDGE('',*,*,#7460,.F.);
#7460 = EDGE_CURVE('',#7306,#620,#7461,.T.);
#7461 = B_SPLINE_CURVE_WITH_KNOTS('',1,(#7462,#7463),.UNSPECIFIED.,.F.,
  .F.,(2,2),(0.,1.E-02),.PIECEWISE_BEZIER_KNOTS.);
#7462 = CARTESIAN_POINT('',(10.847903225806,-4.74,4.73264516129));
#7463 = CARTESIAN_POINT('',(10.847903225806,-4.75,4.73264516129));
#7464 = ORIENTED_EDGE('',*,*,#7305,.T.);
#7465 = ORIENTED_EDGE('',*,*,#7466,.T.);
#7466 = EDGE_CURVE('',#7308,#618,#7467,.T.);
#7467 = B_SPLINE_CURVE_WITH_KNOTS('',1,(#7468,#7469),.UNSPECIFIED.,.F.,
  .F.,(2,2),(0.,1.E-02),.PIECEWISE_BEZIER_KNOTS.);
#7468 = CARTESIAN_POINT('',(10.526612903226,-4.74,4.815870967742));
#7469 = CARTESIAN_POINT('',(10.526612903226,-4.75,4.815870967742));
#7470 = B_SPLINE_SURFACE_WITH_KNOTS('',3,1,(
    (#7471,#7472)
    ,(#7473,#7474)
    ,(#7475,#7476)
    ,(#7477,#7478)
    ,(#7479,#7480)
    ,(#7481,#7482)
    ,(#7483,#7484)
    ,(#7485,#7486)
    ,(#7487,#7488)
    ,(#7489,#7490)
    ,(#7491,#7492)
    ,(#7493,#7494)
    ,(#7495,#7496)
    ,(#7497,#7498)
    ,(#7499,#7500)
    ,(#7501,#7502)
    ,(#7503,#7504)
    ,(#7505,#7506)
    ,(#7507,#7508)
    ,(#7509,#7510)
    ,(#7511,#7512)
    ,(#7513,#7514)
    ,(#7515,#7516)
    ,(#7517,#7518)
    ,(#7519,#7520)
    ,(#7521,#7522)
    ,(#7523,#7524)
    ,(#7525,#7526)
    ,(#7527,#7528)
    ,(#7529,#7530
    )),.UNSPECIFIED.,.F.,.F.,.F.,(4,1,1,1,1,1,1,1,1,1,1,1,1,1,1,1,1,1,1,
    1,1,1,1,1,1,1,1,4),(2,2),(0.422851531964,0.458923311216,
    0.494995090468,0.531066869721,0.567138648973,0.603210428225,
    0.639282207477,0.657318097103,0.67535398673,0.684371931543,
    0.693389876356,0.711425765982,0.729461655608,0.747497545234,
    0.76553343486,0.783569324486,0.819641103739,0.855712882991,
    0.891784662243,0.909820551869,0.918838496682,0.927856441495,
    0.936874386309,0.945892331122,0.954910275935,0.963928220748,
    0.981964110374,1.),(0.,1.),.UNSPECIFIED.);
#7471 = CARTESIAN_POINT('',(10.847903225806,-4.74,4.73264516129));
#7472 = CARTESIAN_POINT('',(10.847903225806,-4.75,4.73264516129));
#7473 = CARTESIAN_POINT('',(10.926724632563,-4.74,4.689516467027));
#7474 = CARTESIAN_POINT('',(10.926724632563,-4.75,4.689516467027));
#7475 = CARTESIAN_POINT('',(11.056058479531,-4.74,4.58308525311));
#7476 = CARTESIAN_POINT('',(11.056058479531,-4.75,4.58308525311));
#7477 = CARTESIAN_POINT('',(11.107047855977,-4.74,4.331058307559));
#7478 = CARTESIAN_POINT('',(11.107047855977,-4.75,4.331058307559));
#7479 = CARTESIAN_POINT('',(11.006642875633,-4.74,4.088302006966));
#7480 = CARTESIAN_POINT('',(11.006642875633,-4.75,4.088302006966));
#7481 = CARTESIAN_POINT('',(10.800607922993,-4.74,3.938262698024));
#7482 = CARTESIAN_POINT('',(10.800607922993,-4.75,3.938262698024));
#7483 = CARTESIAN_POINT('',(10.545029664892,-4.74,3.895180552976));
#7484 = CARTESIAN_POINT('',(10.545029664892,-4.75,3.895180552976));
#7485 = CARTESIAN_POINT('',(10.339980421668,-4.74,3.944076492054));
#7486 = CARTESIAN_POINT('',(10.339980421668,-4.75,3.944076492054));
#7487 = CARTESIAN_POINT('',(10.194116902697,-4.74,4.049968315158));
#7488 = CARTESIAN_POINT('',(10.194116902697,-4.75,4.049968315158));
#7489 = CARTESIAN_POINT('',(10.131905637611,-4.74,4.134894121678));
#7490 = CARTESIAN_POINT('',(10.131905637611,-4.75,4.134894121678));
#7491 = CARTESIAN_POINT('',(10.101571417464,-4.74,4.185827079644));
#7492 = CARTESIAN_POINT('',(10.101571417464,-4.75,4.185827079644));
#7493 = CARTESIAN_POINT('',(10.056911148894,-4.74,4.307802094782));
#7494 = CARTESIAN_POINT('',(10.056911148894,-4.75,4.307802094782));
#7495 = CARTESIAN_POINT('',(10.073991993845,-4.74,4.380108831346));
#7496 = CARTESIAN_POINT('',(10.073991993845,-4.75,4.380108831346));
#7497 = CARTESIAN_POINT('',(10.179390792465,-4.74,4.459625815661));
#7498 = CARTESIAN_POINT('',(10.179390792465,-4.75,4.459625815661));
#7499 = CARTESIAN_POINT('',(10.300642286269,-4.74,4.390138112709));
#7500 = CARTESIAN_POINT('',(10.300642286269,-4.75,4.390138112709));
#7501 = CARTESIAN_POINT('',(10.339681652796,-4.74,4.239015399413));
#7502 = CARTESIAN_POINT('',(10.339681652796,-4.75,4.239015399413));
#7503 = CARTESIAN_POINT('',(10.41721580561,-4.74,4.131887399155));
#7504 = CARTESIAN_POINT('',(10.41721580561,-4.75,4.131887399155));
#7505 = CARTESIAN_POINT('',(10.65136075028,-4.74,4.072139518068));
#7506 = CARTESIAN_POINT('',(10.65136075028,-4.75,4.072139518068));
#7507 = CARTESIAN_POINT('',(10.848271814357,-4.74,4.284315767068));
#7508 = CARTESIAN_POINT('',(10.848271814357,-4.75,4.284315767068));
#7509 = CARTESIAN_POINT('',(10.794168035268,-4.74,4.523955049947));
#7510 = CARTESIAN_POINT('',(10.794168035268,-4.75,4.523955049947));
#7511 = CARTESIAN_POINT('',(10.699548763274,-4.74,4.593374598656));
#7512 = CARTESIAN_POINT('',(10.699548763274,-4.75,4.593374598656));
#7513 = CARTESIAN_POINT('',(10.621550893944,-4.74,4.612263814812));
#7514 = CARTESIAN_POINT('',(10.621550893944,-4.75,4.612263814812));
#7515 = CARTESIAN_POINT('',(10.577666887514,-4.74,4.617850732882));
#7516 = CARTESIAN_POINT('',(10.577666887514,-4.75,4.617850732882));
#7517 = CARTESIAN_POINT('',(10.429054252098,-4.74,4.602354237039));
#7518 = CARTESIAN_POINT('',(10.429054252098,-4.75,4.602354237039));
#7519 = CARTESIAN_POINT('',(10.40426621937,-4.74,4.614667698085));
#7520 = CARTESIAN_POINT('',(10.40426621937,-4.75,4.614667698085));
#7521 = CARTESIAN_POINT('',(10.361377040774,-4.74,4.63737280273));
#7522 = CARTESIAN_POINT('',(10.361377040774,-4.75,4.63737280273));
#7523 = CARTESIAN_POINT('',(10.329700140741,-4.74,4.719803468885));
#7524 = CARTESIAN_POINT('',(10.329700140741,-4.75,4.719803468885));
#7525 = CARTESIAN_POINT('',(10.386967371536,-4.74,4.822070794112));
#7526 = CARTESIAN_POINT('',(10.386967371536,-4.75,4.822070794112));
#7527 = CARTESIAN_POINT('',(10.48519970805,-4.74,4.815870967742));
#7528 = CARTESIAN_POINT('',(10.48519970805,-4.75,4.815870967742));
#7529 = CARTESIAN_POINT('',(10.526612903226,-4.74,4.815870967742));
#7530 = CARTESIAN_POINT('',(10.526612903226,-4.75,4.815870967742));
#7531 = ADVANCED_FACE('',(#7532),#7538,.T.);
#7532 = FACE_BOUND('',#7533,.T.);
#7533 = EDGE_LOOP('',(#7534,#7535,#7536,#7537));
#7534 = ORIENTED_EDGE('',*,*,#617,.F.);
#7535 = ORIENTED_EDGE('',*,*,#7466,.F.);
#7536 = ORIENTED_EDGE('',*,*,#7390,.T.);
#7537 = ORIENTED_EDGE('',*,*,#7460,.T.);
#7538 = B_SPLINE_SURFACE_WITH_KNOTS('',3,1,(
    (#7539,#7540)
    ,(#7541,#7542)
    ,(#7543,#7544)
    ,(#7545,#7546)
    ,(#7547,#7548)
    ,(#7549,#7550)
    ,(#7551,#7552)
    ,(#7553,#7554)
    ,(#7555,#7556)
    ,(#7557,#7558)
    ,(#7559,#7560)
    ,(#7561,#7562)
    ,(#7563,#7564)
    ,(#7565,#7566)
    ,(#7567,#7568)
    ,(#7569,#7570)
    ,(#7571,#7572)
    ,(#7573,#7574
    )),.UNSPECIFIED.,.F.,.F.,.F.,(4,1,1,1,1,1,1,1,1,1,1,1,1,1,1,4),(2,2)
  ,(0.,5.285644149547E-02,7.92846622432E-02,0.105712882991,
    0.132141103739,0.145355214113,0.158569324486,0.184997545234,
    0.198211655608,0.211425765982,0.23785398673,0.264282207477,
    0.317138648973,0.343566869721,0.369995090468,0.422851531964),(0.,1.)
  ,.UNSPECIFIED.);
#7539 = CARTESIAN_POINT('',(10.526612903226,-4.74,4.815870967742));
#7540 = CARTESIAN_POINT('',(10.526612903226,-4.75,4.815870967742));
#7541 = CARTESIAN_POINT('',(10.655636192148,-4.74,4.815870967742));
#7542 = CARTESIAN_POINT('',(10.655636192148,-4.75,4.815870967742));
#7543 = CARTESIAN_POINT('',(10.802148829404,-4.74,4.95960119618));
#7544 = CARTESIAN_POINT('',(10.802148829404,-4.75,4.95960119618));
#7545 = CARTESIAN_POINT('',(10.692058819211,-4.74,5.212551928903));
#7546 = CARTESIAN_POINT('',(10.692058819211,-4.75,5.212551928903));
#7547 = CARTESIAN_POINT('',(10.450820231784,-4.74,5.227806280631));
#7548 = CARTESIAN_POINT('',(10.450820231784,-4.75,5.227806280631));
#7549 = CARTESIAN_POINT('',(10.355796638153,-4.74,5.112086530688));
#7550 = CARTESIAN_POINT('',(10.355796638153,-4.75,5.112086530688));
#7551 = CARTESIAN_POINT('',(10.319096490021,-4.74,4.986206080224));
#7552 = CARTESIAN_POINT('',(10.319096490021,-4.75,4.986206080224));
#7553 = CARTESIAN_POINT('',(10.228411093204,-4.74,4.93070401322));
#7554 = CARTESIAN_POINT('',(10.228411093204,-4.75,4.93070401322));
#7555 = CARTESIAN_POINT('',(10.106566785825,-4.74,4.972403035441));
#7556 = CARTESIAN_POINT('',(10.106566785825,-4.75,4.972403035441));
#7557 = CARTESIAN_POINT('',(10.113095465464,-4.74,5.133698812903));
#7558 = CARTESIAN_POINT('',(10.113095465464,-4.75,5.133698812903));
#7559 = CARTESIAN_POINT('',(10.187051661229,-4.74,5.253058332038));
#7560 = CARTESIAN_POINT('',(10.187051661229,-4.75,5.253058332038));
#7561 = CARTESIAN_POINT('',(10.30115965754,-4.74,5.344401673361));
#7562 = CARTESIAN_POINT('',(10.30115965754,-4.75,5.344401673361));
#7563 = CARTESIAN_POINT('',(10.534851561397,-4.74,5.422346751986));
#7564 = CARTESIAN_POINT('',(10.534851561397,-4.75,5.422346751986));
#7565 = CARTESIAN_POINT('',(10.798794620514,-4.74,5.389722920671));
#7566 = CARTESIAN_POINT('',(10.798794620514,-4.75,5.389722920671));
#7567 = CARTESIAN_POINT('',(10.983067289726,-4.74,5.227818488149));
#7568 = CARTESIAN_POINT('',(10.983067289726,-4.75,5.227818488149));
#7569 = CARTESIAN_POINT('',(11.045401531677,-4.74,4.963069712945));
#7570 = CARTESIAN_POINT('',(11.045401531677,-4.75,4.963069712945));
#7571 = CARTESIAN_POINT('',(10.952516455769,-4.74,4.820139862714));
#7572 = CARTESIAN_POINT('',(10.952516455769,-4.75,4.820139862714));
#7573 = CARTESIAN_POINT('',(10.847903225806,-4.74,4.73264516129));
#7574 = CARTESIAN_POINT('',(10.847903225806,-4.75,4.73264516129));
#7575 = ADVANCED_FACE('',(#7576,#7611),#7700,.T.);
#7576 = FACE_BOUND('',#7577,.T.);
#7577 = EDGE_LOOP('',(#7578));
#7578 = ORIENTED_EDGE('',*,*,#7579,.F.);
#7579 = EDGE_CURVE('',#7580,#7580,#7582,.T.);
#7580 = VERTEX_POINT('',#7581);
#7581 = CARTESIAN_POINT('',(5.951129032258,-4.74,4.893290322581));
#7582 = B_SPLINE_CURVE_WITH_KNOTS('',3,(#7583,#7584,#7585,#7586,#7587,
    #7588,#7589,#7590,#7591,#7592,#7593,#7594,#7595,#7596,#7597,#7598,
    #7599,#7600,#7601,#7602,#7603,#7604,#7605,#7606,#7607,#7608,#7609,
    #7610),.UNSPECIFIED.,.T.,.F.,(1,3,3,2,3,2,3,2,2,2,3,2,3,1),(
    -8.430881467037E-02,0.,7.485291183196E-02,0.138870722939,
    0.202888534046,0.266493233315,0.375290745222,0.502170522525,
    0.627671171814,0.753171821102,0.831382370659,0.91569118533,1.,
    1.074852911832),.UNSPECIFIED.);
#7583 = CARTESIAN_POINT('',(5.951129032258,-4.74,4.893290322581));
#7584 = CARTESIAN_POINT('',(5.951129032258,-4.74,4.937806451613));
#7585 = CARTESIAN_POINT('',(5.945322580645,-4.74,4.979419354839));
#7586 = CARTESIAN_POINT('',(5.932741935484,-4.74,5.017161290323));
#7587 = CARTESIAN_POINT('',(5.920258064516,-4.74,5.054612903226));
#7588 = CARTESIAN_POINT('',(5.903709677419,-4.74,5.087806451613));
#7589 = CARTESIAN_POINT('',(5.859193548387,-4.74,5.143935483871));
#7590 = CARTESIAN_POINT('',(5.833064516129,-4.74,5.165225806452));
#7591 = CARTESIAN_POINT('',(5.802096774194,-4.74,5.180709677419));
#7592 = CARTESIAN_POINT('',(5.770741935484,-4.74,5.196387096774));
#7593 = CARTESIAN_POINT('',(5.738225806452,-4.74,5.204903225806));
#7594 = CARTESIAN_POINT('',(5.638548387097,-4.74,5.204903225806));
#7595 = CARTESIAN_POINT('',(5.585322580645,-4.74,5.177806451613));
#7596 = CARTESIAN_POINT('',(5.541774193548,-4.74,5.124580645161));
#7597 = CARTESIAN_POINT('',(5.497751517087,-4.74,5.070775151709));
#7598 = CARTESIAN_POINT('',(5.475967741935,-4.74,4.999741935484));
#7599 = CARTESIAN_POINT('',(5.475967741935,-4.74,4.82264516129));
#7600 = CARTESIAN_POINT('',(5.498225806452,-4.74,4.752967741935));
#7601 = CARTESIAN_POINT('',(5.585322580645,-4.74,4.648451612903));
#7602 = CARTESIAN_POINT('',(5.640483870968,-4.74,4.622322580645));
#7603 = CARTESIAN_POINT('',(5.748870967742,-4.74,4.622322580645));
#7604 = CARTESIAN_POINT('',(5.787580645161,-4.74,4.632967741935));
#7605 = CARTESIAN_POINT('',(5.825322580645,-4.74,4.654258064516));
#7606 = CARTESIAN_POINT('',(5.862330383718,-4.74,4.675134261121));
#7607 = CARTESIAN_POINT('',(5.893064516129,-4.74,4.707483870968));
#7608 = CARTESIAN_POINT('',(5.939516129032,-4.74,4.788774193548));
#7609 = CARTESIAN_POINT('',(5.951129032258,-4.74,4.837161290323));
#7610 = CARTESIAN_POINT('',(5.951129032258,-4.74,4.893290322581));
#7611 = FACE_BOUND('',#7612,.T.);
#7612 = EDGE_LOOP('',(#7613,#7657));
#7613 = ORIENTED_EDGE('',*,*,#7614,.F.);
#7614 = EDGE_CURVE('',#7615,#7617,#7619,.T.);
#7615 = VERTEX_POINT('',#7616);
#7616 = CARTESIAN_POINT('',(5.97435483871,-4.74,4.589419354839));
#7617 = VERTEX_POINT('',#7618);
#7618 = CARTESIAN_POINT('',(6.249193548387,-4.74,4.689096774194));
#7619 = B_SPLINE_CURVE_WITH_KNOTS('',3,(#7620,#7621,#7622,#7623,#7624,
    #7625,#7626,#7627,#7628,#7629,#7630,#7631,#7632,#7633,#7634,#7635,
    #7636,#7637,#7638,#7639,#7640,#7641,#7642,#7643,#7644,#7645,#7646,
    #7647,#7648,#7649,#7650,#7651,#7652,#7653,#7654,#7655,#7656),
  .UNSPECIFIED.,.F.,.F.,(4,3,2,3,3,2,2,3,3,3,2,2,3,2,4),(0.,
    3.265609931352E-02,6.475301472251E-02,9.589181325362E-02,
    0.126200587677,0.157746025222,0.189291462767,0.223748786854,
    0.256714185539,0.289908969169,0.324830224265,0.364740230089,
    0.404650235913,0.447781000488,0.490911765064),.UNSPECIFIED.);
#7620 = CARTESIAN_POINT('',(5.97435483871,-4.74,4.589419354839));
#7621 = CARTESIAN_POINT('',(5.930806451613,-4.74,4.538129032258));
#7622 = CARTESIAN_POINT('',(5.881451612903,-4.74,4.499419354839));
#7623 = CARTESIAN_POINT('',(5.828225806452,-4.74,4.473290322581));
#7624 = CARTESIAN_POINT('',(5.77422018664,-4.74,4.446778472855));
#7625 = CARTESIAN_POINT('',(5.714032258065,-4.74,4.434580645161));
#7626 = CARTESIAN_POINT('',(5.586290322581,-4.74,4.434580645161));
#7627 = CARTESIAN_POINT('',(5.528225806452,-4.74,4.446193548387));
#7628 = CARTESIAN_POINT('',(5.475,-4.74,4.470387096774));
#7629 = CARTESIAN_POINT('',(5.420972160848,-4.74,4.494945205479));
#7630 = CARTESIAN_POINT('',(5.37435483871,-4.74,4.528451612903));
#7631 = CARTESIAN_POINT('',(5.334677419355,-4.74,4.572));
#7632 = CARTESIAN_POINT('',(5.295920738819,-4.74,4.6145378201));
#7633 = CARTESIAN_POINT('',(5.265967741935,-4.74,4.664903225806));
#7634 = CARTESIAN_POINT('',(5.223387096774,-4.74,4.781032258065));
#7635 = CARTESIAN_POINT('',(5.212741935484,-4.74,4.842));
#7636 = CARTESIAN_POINT('',(5.212741935484,-4.74,4.973612903226));
#7637 = CARTESIAN_POINT('',(5.22435483871,-4.74,5.037483870968));
#7638 = CARTESIAN_POINT('',(5.248548387097,-4.74,5.099419354839));
#7639 = CARTESIAN_POINT('',(5.272285840206,-4.74,5.160187234799));
#7640 = CARTESIAN_POINT('',(5.30564516129,-4.74,5.21264516129));
#7641 = CARTESIAN_POINT('',(5.350161290323,-4.74,5.258129032258));
#7642 = CARTESIAN_POINT('',(5.394193660265,-4.74,5.303118627634));
#7643 = CARTESIAN_POINT('',(5.446935483871,-4.74,5.338451612903));
#7644 = CARTESIAN_POINT('',(5.507903225806,-4.74,5.363612903226));
#7645 = CARTESIAN_POINT('',(5.569697871454,-4.74,5.389115455398));
#7646 = CARTESIAN_POINT('',(5.636612903226,-4.74,5.40135483871));
#7647 = CARTESIAN_POINT('',(5.796290322581,-4.74,5.40135483871));
#7648 = CARTESIAN_POINT('',(5.871774193548,-4.74,5.384903225806));
#7649 = CARTESIAN_POINT('',(6.005322580645,-4.74,5.322967741935));
#7650 = CARTESIAN_POINT('',(6.061451612903,-4.74,5.277483870968));
#7651 = CARTESIAN_POINT('',(6.106935483871,-4.74,5.218451612903));
#7652 = CARTESIAN_POINT('',(6.152779850949,-4.74,5.158951476908));
#7653 = CARTESIAN_POINT('',(6.188225806452,-4.74,5.084903225806));
#7654 = CARTESIAN_POINT('',(6.236612903226,-4.74,4.904903225806));
#7655 = CARTESIAN_POINT('',(6.249193548387,-4.74,4.803290322581));
#7656 = CARTESIAN_POINT('',(6.249193548387,-4.74,4.689096774194));
#7657 = ORIENTED_EDGE('',*,*,#7658,.F.);
#7658 = EDGE_CURVE('',#7617,#7615,#7659,.T.);
#7659 = B_SPLINE_CURVE_WITH_KNOTS('',3,(#7660,#7661,#7662,#7663,#7664,
    #7665,#7666,#7667,#7668,#7669,#7670,#7671,#7672,#7673,#7674,#7675,
    #7676,#7677,#7678,#7679,#7680,#7681,#7682,#7683,#7684,#7685,#7686,
    #7687,#7688,#7689,#7690,#7691,#7692,#7693,#7694,#7695,#7696,#7697,
    #7698,#7699),.UNSPECIFIED.,.F.,.F.,(4,2,2,2,2,3,3,2,2,2,2,3,3,2,3,3,
    4),(0.490911765064,0.538794224042,0.586676683019,0.634559141997,
    0.682441600975,0.729792032631,0.763187111232,0.788882756436,
    0.804737516243,0.82059227605,0.835005694056,0.849419112063,
    0.87076842651,0.89229082482,0.91136749605,0.932229691866,1.),
  .UNSPECIFIED.);
#7660 = CARTESIAN_POINT('',(6.249193548387,-4.74,4.689096774194));
#7661 = CARTESIAN_POINT('',(6.249193548387,-4.74,4.562322580645));
#7662 = CARTESIAN_POINT('',(6.236612903226,-4.74,4.450064516129));
#7663 = CARTESIAN_POINT('',(6.18435483871,-4.74,4.256516129032));
#7664 = CARTESIAN_POINT('',(6.147580645161,-4.74,4.175225806452));
#7665 = CARTESIAN_POINT('',(6.048870967742,-4.74,4.043612903226));
#7666 = CARTESIAN_POINT('',(5.989838709677,-4.74,3.994258064516));
#7667 = CARTESIAN_POINT('',(5.852419354839,-4.74,3.930387096774));
#7668 = CARTESIAN_POINT('',(5.774032258065,-4.74,3.913935483871));
#7669 = CARTESIAN_POINT('',(5.600806451613,-4.74,3.913935483871));
#7670 = CARTESIAN_POINT('',(5.526290322581,-4.74,3.930387096774));
#7671 = CARTESIAN_POINT('',(5.463387096774,-4.74,3.963290322581));
#7672 = CARTESIAN_POINT('',(5.399724028991,-4.74,3.99659100419));
#7673 = CARTESIAN_POINT('',(5.351129032258,-4.74,4.036838709677));
#7674 = CARTESIAN_POINT('',(5.318225806452,-4.74,4.086193548387));
#7675 = CARTESIAN_POINT('',(5.285769230769,-4.74,4.134878411911));
#7676 = CARTESIAN_POINT('',(5.268870967742,-4.74,4.181032258065));
#7677 = CARTESIAN_POINT('',(5.268870967742,-4.74,4.254580645161));
#7678 = CARTESIAN_POINT('',(5.279516129032,-4.74,4.278774193548));
#7679 = CARTESIAN_POINT('',(5.320161290323,-4.74,4.323290322581));
#7680 = CARTESIAN_POINT('',(5.346290322581,-4.74,4.333935483871));
#7681 = CARTESIAN_POINT('',(5.407258064516,-4.74,4.333935483871));
#7682 = CARTESIAN_POINT('',(5.433387096774,-4.74,4.326193548387));
#7683 = CARTESIAN_POINT('',(5.479838709677,-4.74,4.293290322581));
#7684 = CARTESIAN_POINT('',(5.497258064516,-4.74,4.268129032258));
#7685 = CARTESIAN_POINT('',(5.508870967742,-4.74,4.236193548387));
#7686 = CARTESIAN_POINT('',(5.523620202496,-4.74,4.195633152814));
#7687 = CARTESIAN_POINT('',(5.547580645161,-4.74,4.163612903226));
#7688 = CARTESIAN_POINT('',(5.581451612903,-4.74,4.139419354839));
#7689 = CARTESIAN_POINT('',(5.615780296425,-4.74,4.114898866609));
#7690 = CARTESIAN_POINT('',(5.653064516129,-4.74,4.10264516129));
#7691 = CARTESIAN_POINT('',(5.733387096774,-4.74,4.10264516129));
#7692 = CARTESIAN_POINT('',(5.769193548387,-4.74,4.112322580645));
#7693 = CARTESIAN_POINT('',(5.802096774194,-4.74,4.131677419355));
#7694 = CARTESIAN_POINT('',(5.835718965088,-4.74,4.151455178705));
#7695 = CARTESIAN_POINT('',(5.865,-4.74,4.178129032258));
#7696 = CARTESIAN_POINT('',(5.889193548387,-4.74,4.212967741935));
#7697 = CARTESIAN_POINT('',(5.938172574768,-4.74,4.283497539924));
#7698 = CARTESIAN_POINT('',(5.964677419355,-4.74,4.409419354839));
#7699 = CARTESIAN_POINT('',(5.97435483871,-4.74,4.589419354839));
#7700 = B_SPLINE_SURFACE_WITH_KNOTS('',1,1,(
    (#7701,#7702)
    ,(#7703,#7704
    )),.UNSPECIFIED.,.F.,.F.,.F.,(2,2),(2,2),(-0.192320067466,
    1.295099287373),(-9.565275580413E-02,0.940798857099),
  .PIECEWISE_BEZIER_KNOTS.);
#7701 = CARTESIAN_POINT('',(5.212741935484,-4.74,5.40135483871));
#7702 = CARTESIAN_POINT('',(6.249193548387,-4.74,5.40135483871));
#7703 = CARTESIAN_POINT('',(5.212741935484,-4.74,3.913935483871));
#7704 = CARTESIAN_POINT('',(6.249193548387,-4.74,3.913935483871));
#7705 = ADVANCED_FACE('',(#7706),#7720,.T.);
#7706 = FACE_BOUND('',#7707,.T.);
#7707 = EDGE_LOOP('',(#7708,#7709,#7714,#7715));
#7708 = ORIENTED_EDGE('',*,*,#575,.F.);
#7709 = ORIENTED_EDGE('',*,*,#7710,.F.);
#7710 = EDGE_CURVE('',#7615,#531,#7711,.T.);
#7711 = B_SPLINE_CURVE_WITH_KNOTS('',1,(#7712,#7713),.UNSPECIFIED.,.F.,
  .F.,(2,2),(0.,1.E-02),.PIECEWISE_BEZIER_KNOTS.);
#7712 = CARTESIAN_POINT('',(5.97435483871,-4.74,4.589419354839));
#7713 = CARTESIAN_POINT('',(5.97435483871,-4.75,4.589419354839));
#7714 = ORIENTED_EDGE('',*,*,#7614,.T.);
#7715 = ORIENTED_EDGE('',*,*,#7716,.T.);
#7716 = EDGE_CURVE('',#7617,#529,#7717,.T.);
#7717 = B_SPLINE_CURVE_WITH_KNOTS('',1,(#7718,#7719),.UNSPECIFIED.,.F.,
  .F.,(2,2),(0.,1.E-02),.PIECEWISE_BEZIER_KNOTS.);
#7718 = CARTESIAN_POINT('',(6.249193548387,-4.74,4.689096774194));
#7719 = CARTESIAN_POINT('',(6.249193548387,-4.75,4.689096774194));
#7720 = B_SPLINE_SURFACE_WITH_KNOTS('',3,1,(
    (#7721,#7722)
    ,(#7723,#7724)
    ,(#7725,#7726)
    ,(#7727,#7728)
    ,(#7729,#7730)
    ,(#7731,#7732)
    ,(#7733,#7734)
    ,(#7735,#7736)
    ,(#7737,#7738)),.UNSPECIFIED.,.F.,.F.,.F.,(4,1,1,1,1,1,4),(2,2),(0.,
    6.136397063298E-02,0.122727941266,0.245455882532,0.306819853165,
    0.368183823798,0.490911765064),(0.,1.),.UNSPECIFIED.);
#7721 = CARTESIAN_POINT('',(5.97435483871,-4.74,4.589419354839));
#7722 = CARTESIAN_POINT('',(5.97435483871,-4.75,4.589419354839));
#7723 = CARTESIAN_POINT('',(5.892523205321,-4.74,4.493039875515));
#7724 = CARTESIAN_POINT('',(5.892523205321,-4.75,4.493039875515));
#7725 = CARTESIAN_POINT('',(5.676890381104,-4.74,4.385170936979));
#7726 = CARTESIAN_POINT('',(5.676890381104,-4.75,4.385170936979));
#7727 = CARTESIAN_POINT('',(5.187099542768,-4.74,4.567994439718));
#7728 = CARTESIAN_POINT('',(5.187099542768,-4.75,4.567994439718));
#7729 = CARTESIAN_POINT('',(5.165817276421,-4.74,5.172456205478));
#7730 = CARTESIAN_POINT('',(5.165817276421,-4.75,5.172456205478));
#7731 = CARTESIAN_POINT('',(5.588228954435,-4.74,5.433307344216));
#7732 = CARTESIAN_POINT('',(5.588228954435,-4.75,5.433307344216));
#7733 = CARTESIAN_POINT('',(6.117295380665,-4.74,5.359281531789));
#7734 = CARTESIAN_POINT('',(6.117295380665,-4.75,5.359281531789));
#7735 = CARTESIAN_POINT('',(6.249193548387,-4.74,5.014032796946));
#7736 = CARTESIAN_POINT('',(6.249193548387,-4.75,5.014032796946));
#7737 = CARTESIAN_POINT('',(6.249193548387,-4.74,4.689096774194));
#7738 = CARTESIAN_POINT('',(6.249193548387,-4.75,4.689096774194));
#7739 = ADVANCED_FACE('',(#7740),#7746,.T.);
#7740 = FACE_BOUND('',#7741,.T.);
#7741 = EDGE_LOOP('',(#7742,#7743,#7744,#7745));
#7742 = ORIENTED_EDGE('',*,*,#528,.F.);
#7743 = ORIENTED_EDGE('',*,*,#7716,.F.);
#7744 = ORIENTED_EDGE('',*,*,#7658,.T.);
#7745 = ORIENTED_EDGE('',*,*,#7710,.T.);
#7746 = B_SPLINE_SURFACE_WITH_KNOTS('',3,1,(
    (#7747,#7748)
    ,(#7749,#7750)
    ,(#7751,#7752)
    ,(#7753,#7754)
    ,(#7755,#7756)
    ,(#7757,#7758)
    ,(#7759,#7760)
    ,(#7761,#7762)
    ,(#7763,#7764)
    ,(#7765,#7766)
    ,(#7767,#7768)
    ,(#7769,#7770)
    ,(#7771,#7772)
    ,(#7773,#7774)
    ,(#7775,#7776)
    ,(#7777,#7778)
    ,(#7779,#7780
    )),.UNSPECIFIED.,.F.,.F.,.F.,(4,1,1,1,1,1,1,1,1,1,1,1,1,1,4),(2,2),(
    0.490911765064,0.554547794431,0.618183823798,0.681819853165,
    0.713637867848,0.745455882532,0.777273897215,0.809091911899,
    0.840909926582,0.856818933924,0.872727941266,0.904545955949,
    0.936363970633,0.968181985316,1.),(0.,1.),.UNSPECIFIED.);
#7747 = CARTESIAN_POINT('',(6.249193548387,-4.74,4.689096774194));
#7748 = CARTESIAN_POINT('',(6.249193548387,-4.75,4.689096774194));
#7749 = CARTESIAN_POINT('',(6.249193548387,-4.74,4.520613231872));
#7750 = CARTESIAN_POINT('',(6.249193548387,-4.75,4.520613231872));
#7751 = CARTESIAN_POINT('',(6.201098476048,-4.74,4.235657471443));
#7752 = CARTESIAN_POINT('',(6.201098476048,-4.75,4.235657471443));
#7753 = CARTESIAN_POINT('',(6.009375159702,-4.74,3.971084120681));
#7754 = CARTESIAN_POINT('',(6.009375159702,-4.75,3.971084120681));
#7755 = CARTESIAN_POINT('',(5.743867701869,-4.74,3.900989050579));
#7756 = CARTESIAN_POINT('',(5.743867701869,-4.75,3.900989050579));
#7757 = CARTESIAN_POINT('',(5.530134800945,-4.74,3.925834294795));
#7758 = CARTESIAN_POINT('',(5.530134800945,-4.75,3.925834294795));
#7759 = CARTESIAN_POINT('',(5.379961820563,-4.74,4.001615380379));
#7760 = CARTESIAN_POINT('',(5.379961820563,-4.75,4.001615380379));
#7761 = CARTESIAN_POINT('',(5.252900436407,-4.74,4.157446691516));
#7762 = CARTESIAN_POINT('',(5.252900436407,-4.75,4.157446691516));
#7763 = CARTESIAN_POINT('',(5.283004151962,-4.74,4.35432428058));
#7764 = CARTESIAN_POINT('',(5.283004151962,-4.75,4.35432428058));
#7765 = CARTESIAN_POINT('',(5.482554721219,-4.74,4.330585134578));
#7766 = CARTESIAN_POINT('',(5.482554721219,-4.75,4.330585134578));
#7767 = CARTESIAN_POINT('',(5.521497271569,-4.74,4.189901114098));
#7768 = CARTESIAN_POINT('',(5.521497271569,-4.75,4.189901114098));
#7769 = CARTESIAN_POINT('',(5.608913296799,-4.74,4.106538074714));
#7770 = CARTESIAN_POINT('',(5.608913296799,-4.75,4.106538074714));
#7771 = CARTESIAN_POINT('',(5.775843177769,-4.74,4.087056182822));
#7772 = CARTESIAN_POINT('',(5.775843177769,-4.75,4.087056182822));
#7773 = CARTESIAN_POINT('',(5.915481136717,-4.74,4.229100842695));
#7774 = CARTESIAN_POINT('',(5.915481136717,-4.75,4.229100842695));
#7775 = CARTESIAN_POINT('',(5.949678513807,-4.74,4.355502825535));
#7776 = CARTESIAN_POINT('',(5.949678513807,-4.75,4.355502825535));
#7777 = CARTESIAN_POINT('',(5.969811311026,-4.74,4.504909739924));
#7778 = CARTESIAN_POINT('',(5.969811311026,-4.75,4.504909739924));
#7779 = CARTESIAN_POINT('',(5.97435483871,-4.74,4.589419354839));
#7780 = CARTESIAN_POINT('',(5.97435483871,-4.75,4.589419354839));
#7781 = ADVANCED_FACE('',(#7782),#7824,.T.);
#7782 = FACE_BOUND('',#7783,.T.);
#7783 = EDGE_LOOP('',(#7784,#7785,#7792,#7823));
#7784 = ORIENTED_EDGE('',*,*,#7579,.T.);
#7785 = ORIENTED_EDGE('',*,*,#7786,.T.);
#7786 = EDGE_CURVE('',#7580,#7787,#7789,.T.);
#7787 = VERTEX_POINT('',#7788);
#7788 = CARTESIAN_POINT('',(5.951129032258,-4.75,4.893290322581));
#7789 = B_SPLINE_CURVE_WITH_KNOTS('',1,(#7790,#7791),.UNSPECIFIED.,.F.,
  .F.,(2,2),(0.,1.),.PIECEWISE_BEZIER_KNOTS.);
#7790 = CARTESIAN_POINT('',(5.951129032258,-4.74,4.893290322581));
#7791 = CARTESIAN_POINT('',(5.951129032258,-4.75,4.893290322581));
#7792 = ORIENTED_EDGE('',*,*,#7793,.F.);
#7793 = EDGE_CURVE('',#7787,#7787,#7794,.T.);
#7794 = B_SPLINE_CURVE_WITH_KNOTS('',3,(#7795,#7796,#7797,#7798,#7799,
    #7800,#7801,#7802,#7803,#7804,#7805,#7806,#7807,#7808,#7809,#7810,
    #7811,#7812,#7813,#7814,#7815,#7816,#7817,#7818,#7819,#7820,#7821,
    #7822),.UNSPECIFIED.,.T.,.F.,(1,3,3,2,3,2,3,2,2,2,3,2,3,1),(
    -8.430881467037E-02,0.,7.485291183196E-02,0.138870722939,
    0.202888534046,0.266493233315,0.375290745222,0.502170522525,
    0.627671171814,0.753171821102,0.831382370659,0.91569118533,1.,
    1.074852911832),.UNSPECIFIED.);
#7795 = CARTESIAN_POINT('',(5.951129032258,-4.75,4.893290322581));
#7796 = CARTESIAN_POINT('',(5.951129032258,-4.75,4.937806451613));
#7797 = CARTESIAN_POINT('',(5.945322580645,-4.75,4.979419354839));
#7798 = CARTESIAN_POINT('',(5.932741935484,-4.75,5.017161290323));
#7799 = CARTESIAN_POINT('',(5.920258064516,-4.75,5.054612903226));
#7800 = CARTESIAN_POINT('',(5.903709677419,-4.75,5.087806451613));
#7801 = CARTESIAN_POINT('',(5.859193548387,-4.75,5.143935483871));
#7802 = CARTESIAN_POINT('',(5.833064516129,-4.75,5.165225806452));
#7803 = CARTESIAN_POINT('',(5.802096774194,-4.75,5.180709677419));
#7804 = CARTESIAN_POINT('',(5.770741935484,-4.75,5.196387096774));
#7805 = CARTESIAN_POINT('',(5.738225806452,-4.75,5.204903225806));
#7806 = CARTESIAN_POINT('',(5.638548387097,-4.75,5.204903225806));
#7807 = CARTESIAN_POINT('',(5.585322580645,-4.75,5.177806451613));
#7808 = CARTESIAN_POINT('',(5.541774193548,-4.75,5.124580645161));
#7809 = CARTESIAN_POINT('',(5.497751517087,-4.75,5.070775151709));
#7810 = CARTESIAN_POINT('',(5.475967741935,-4.75,4.999741935484));
#7811 = CARTESIAN_POINT('',(5.475967741935,-4.75,4.82264516129));
#7812 = CARTESIAN_POINT('',(5.498225806452,-4.75,4.752967741935));
#7813 = CARTESIAN_POINT('',(5.585322580645,-4.75,4.648451612903));
#7814 = CARTESIAN_POINT('',(5.640483870968,-4.75,4.622322580645));
#7815 = CARTESIAN_POINT('',(5.748870967742,-4.75,4.622322580645));
#7816 = CARTESIAN_POINT('',(5.787580645161,-4.75,4.632967741935));
#7817 = CARTESIAN_POINT('',(5.825322580645,-4.75,4.654258064516));
#7818 = CARTESIAN_POINT('',(5.862330383718,-4.75,4.675134261121));
#7819 = CARTESIAN_POINT('',(5.893064516129,-4.75,4.707483870968));
#7820 = CARTESIAN_POINT('',(5.939516129032,-4.75,4.788774193548));
#7821 = CARTESIAN_POINT('',(5.951129032258,-4.75,4.837161290323));
#7822 = CARTESIAN_POINT('',(5.951129032258,-4.75,4.893290322581));
#7823 = ORIENTED_EDGE('',*,*,#7786,.F.);
#7824 = B_SPLINE_SURFACE_WITH_KNOTS('',3,1,(
    (#7825,#7826)
    ,(#7827,#7828)
    ,(#7829,#7830)
    ,(#7831,#7832)
    ,(#7833,#7834)
    ,(#7835,#7836)
    ,(#7837,#7838)
    ,(#7839,#7840)
    ,(#7841,#7842)
    ,(#7843,#7844
    )),.UNSPECIFIED.,.T.,.F.,.F.,(1,1,1,1,1,1,1,1,1,1,1,1,1,1),(2,2),(
    -0.412764249715,-0.191869688424,-9.593484421201E-02,0.,
    7.111026624037E-02,0.196299620656,0.366341188994,0.587235750285,
    0.808130311576,0.904065155788,1.,1.07111026624,1.196299620656,
    1.366341188994),(0.,1.),.UNSPECIFIED.);
#7825 = CARTESIAN_POINT('',(5.919563741108,-4.74,4.717601705041));
#7826 = CARTESIAN_POINT('',(5.919563741108,-4.75,4.717601705041));
#7827 = CARTESIAN_POINT('',(5.960189648607,-4.74,4.882121978048));
#7828 = CARTESIAN_POINT('',(5.960189648607,-4.75,4.882121978048));
#7829 = CARTESIAN_POINT('',(5.936935264798,-4.74,5.041807813041));
#7830 = CARTESIAN_POINT('',(5.936935264798,-4.75,5.041807813041));
#7831 = CARTESIAN_POINT('',(5.813066478995,-4.74,5.230806162777));
#7832 = CARTESIAN_POINT('',(5.813066478995,-4.75,5.230806162777));
#7833 = CARTESIAN_POINT('',(5.475930417591,-4.74,5.186701068951));
#7834 = CARTESIAN_POINT('',(5.475930417591,-4.75,5.186701068951));
#7835 = CARTESIAN_POINT('',(5.436699485732,-4.74,4.688853558364));
#7836 = CARTESIAN_POINT('',(5.436699485732,-4.75,4.688853558364));
#7837 = CARTESIAN_POINT('',(5.741291567319,-4.74,4.581519030803));
#7838 = CARTESIAN_POINT('',(5.741291567319,-4.75,4.581519030803));
#7839 = CARTESIAN_POINT('',(5.919563741108,-4.74,4.717601705041));
#7840 = CARTESIAN_POINT('',(5.919563741108,-4.75,4.717601705041));
#7841 = CARTESIAN_POINT('',(5.960189648607,-4.74,4.882121978048));
#7842 = CARTESIAN_POINT('',(5.960189648607,-4.75,4.882121978048));
#7843 = CARTESIAN_POINT('',(5.936935264798,-4.74,5.041807813041));
#7844 = CARTESIAN_POINT('',(5.936935264798,-4.75,5.041807813041));
#7845 = ADVANCED_FACE('',(#7846),#7922,.T.);
#7846 = FACE_BOUND('',#7847,.T.);
#7847 = EDGE_LOOP('',(#7848,#7870));
#7848 = ORIENTED_EDGE('',*,*,#7849,.F.);
#7849 = EDGE_CURVE('',#7850,#7852,#7854,.T.);
#7850 = VERTEX_POINT('',#7851);
#7851 = CARTESIAN_POINT('',(3.583064516129,-4.74,5.144903225806));
#7852 = VERTEX_POINT('',#7853);
#7853 = CARTESIAN_POINT('',(3.051774193548,-4.74,5.377161290323));
#7854 = B_SPLINE_CURVE_WITH_KNOTS('',3,(#7855,#7856,#7857,#7858,#7859,
    #7860,#7861,#7862,#7863,#7864,#7865,#7866,#7867,#7868,#7869),
  .UNSPECIFIED.,.F.,.F.,(4,3,3,2,3,4),(0.796017073817,0.904695256975,
    0.931196924713,0.952407151768,0.974560055582,1.),.UNSPECIFIED.);
#7855 = CARTESIAN_POINT('',(3.583064516129,-4.74,5.144903225806));
#7856 = CARTESIAN_POINT('',(3.405967741935,-4.74,5.144903225806));
#7857 = CARTESIAN_POINT('',(3.228870967742,-4.74,5.144903225806));
#7858 = CARTESIAN_POINT('',(3.051774193548,-4.74,5.144903225806));
#7859 = CARTESIAN_POINT('',(2.996612903226,-4.74,5.144903225806));
#7860 = CARTESIAN_POINT('',(2.955,-4.74,5.154580645161));
#7861 = CARTESIAN_POINT('',(2.927903225806,-4.74,5.174903225806));
#7862 = CARTESIAN_POINT('',(2.900187096774,-4.74,5.195690322581));
#7863 = CARTESIAN_POINT('',(2.886290322581,-4.74,5.226193548387));
#7864 = CARTESIAN_POINT('',(2.886290322581,-4.74,5.315225806452));
#7865 = CARTESIAN_POINT('',(2.900806451613,-4.74,5.344258064516));
#7866 = CARTESIAN_POINT('',(2.929838709677,-4.74,5.357806451613));
#7867 = CARTESIAN_POINT('',(2.95850011773,-4.74,5.371181775371));
#7868 = CARTESIAN_POINT('',(2.999516129032,-4.74,5.377161290323));
#7869 = CARTESIAN_POINT('',(3.051774193548,-4.74,5.377161290323));
#7870 = ORIENTED_EDGE('',*,*,#7871,.F.);
#7871 = EDGE_CURVE('',#7852,#7850,#7872,.T.);
#7872 = B_SPLINE_CURVE_WITH_KNOTS('',3,(#7873,#7874,#7875,#7876,#7877,
    #7878,#7879,#7880,#7881,#7882,#7883,#7884,#7885,#7886,#7887,#7888,
    #7889,#7890,#7891,#7892,#7893,#7894,#7895,#7896,#7897,#7898,#7899,
    #7900,#7901,#7902,#7903,#7904,#7905,#7906,#7907,#7908,#7909,#7910,
    #7911,#7912,#7913,#7914,#7915,#7916,#7917,#7918,#7919,#7920,#7921),
  .UNSPECIFIED.,.F.,.F.,(4,3,3,2,3,3,2,3,3,3,3,2,2,3,2,3,3,2,4),(0.,
    0.135204369939,0.164524262819,0.194218016241,0.212539693884,
    0.251261892668,0.309731221363,0.368200550058,0.395630158069,
    0.423296357167,0.449595035123,0.475605473758,0.501615912393,
    0.526444058363,0.561974077789,0.589400759451,0.646037913694,
    0.721027493756,0.796017073817),.UNSPECIFIED.);
#7873 = CARTESIAN_POINT('',(3.051774193548,-4.74,5.377161290323));
#7874 = CARTESIAN_POINT('',(3.272096774194,-4.74,5.377161290323));
#7875 = CARTESIAN_POINT('',(3.492419354839,-4.74,5.377161290323));
#7876 = CARTESIAN_POINT('',(3.712741935484,-4.74,5.377161290323));
#7877 = CARTESIAN_POINT('',(3.776612903226,-4.74,5.377161290323));
#7878 = CARTESIAN_POINT('',(3.823064516129,-4.74,5.367483870968));
#7879 = CARTESIAN_POINT('',(3.851129032258,-4.74,5.348129032258));
#7880 = CARTESIAN_POINT('',(3.880301655793,-4.74,5.328009981545));
#7881 = CARTESIAN_POINT('',(3.893709677419,-4.74,5.294903225806));
#7882 = CARTESIAN_POINT('',(3.893709677419,-4.74,5.22135483871));
#7883 = CARTESIAN_POINT('',(3.877258064516,-4.74,5.184580645161));
#7884 = CARTESIAN_POINT('',(3.84435483871,-4.74,5.139096774194));
#7885 = CARTESIAN_POINT('',(3.811119158319,-4.74,5.093153333653));
#7886 = CARTESIAN_POINT('',(3.772741935484,-4.74,5.043290322581));
#7887 = CARTESIAN_POINT('',(3.730161290323,-4.74,4.988129032258));
#7888 = CARTESIAN_POINT('',(3.687219305067,-4.74,4.932499642268));
#7889 = CARTESIAN_POINT('',(3.643064516129,-4.74,4.864258064516));
#7890 = CARTESIAN_POINT('',(3.552096774194,-4.74,4.699741935484));
#7891 = CARTESIAN_POINT('',(3.510483870968,-4.74,4.600064516129));
#7892 = CARTESIAN_POINT('',(3.472741935484,-4.74,4.481032258065));
#7893 = CARTESIAN_POINT('',(3.456271490846,-4.74,4.42908700959));
#7894 = CARTESIAN_POINT('',(3.44564516129,-4.74,4.385225806452));
#7895 = CARTESIAN_POINT('',(3.438870967742,-4.74,4.35135483871));
#7896 = CARTESIAN_POINT('',(3.431947890819,-4.74,4.316739454094));
#7897 = CARTESIAN_POINT('',(3.425322580645,-4.74,4.272));
#7898 = CARTESIAN_POINT('',(3.417580645161,-4.74,4.217806451613));
#7899 = CARTESIAN_POINT('',(3.409703225806,-4.74,4.162664516129));
#7900 = CARTESIAN_POINT('',(3.402096774194,-4.74,4.120064516129));
#7901 = CARTESIAN_POINT('',(3.396290322581,-4.74,4.091032258065));
#7902 = CARTESIAN_POINT('',(3.382928039702,-4.74,4.024220843672));
#7903 = CARTESIAN_POINT('',(3.362419354839,-4.74,3.976838709677));
#7904 = CARTESIAN_POINT('',(3.312096774194,-4.74,3.924580645161));
#7905 = CARTESIAN_POINT('',(3.278225806452,-4.74,3.912));
#7906 = CARTESIAN_POINT('',(3.195,-4.74,3.912));
#7907 = CARTESIAN_POINT('',(3.163064516129,-4.74,3.925548387097));
#7908 = CARTESIAN_POINT('',(3.137903225806,-4.74,3.953612903226));
#7909 = CARTESIAN_POINT('',(3.113173177111,-4.74,3.981196419078));
#7910 = CARTESIAN_POINT('',(3.101129032258,-4.74,4.023290322581));
#7911 = CARTESIAN_POINT('',(3.101129032258,-4.74,4.121032258065));
#7912 = CARTESIAN_POINT('',(3.110806451613,-4.74,4.178129032258));
#7913 = CARTESIAN_POINT('',(3.128225806452,-4.74,4.250709677419));
#7914 = CARTESIAN_POINT('',(3.145917475965,-4.74,4.324424967059));
#7915 = CARTESIAN_POINT('',(3.17564516129,-4.74,4.41135483871));
#7916 = CARTESIAN_POINT('',(3.216290322581,-4.74,4.512967741935));
#7917 = CARTESIAN_POINT('',(3.256802002225,-4.74,4.614246941046));
#7918 = CARTESIAN_POINT('',(3.306290322581,-4.74,4.719096774194));
#7919 = CARTESIAN_POINT('',(3.428225806452,-4.74,4.932));
#7920 = CARTESIAN_POINT('',(3.499838709677,-4.74,5.039419354839));
#7921 = CARTESIAN_POINT('',(3.583064516129,-4.74,5.144903225806));
#7922 = B_SPLINE_SURFACE_WITH_KNOTS('',1,1,(
    (#7923,#7924)
    ,(#7925,#7926
    )),.UNSPECIFIED.,.F.,.F.,.F.,(2,2),(2,2),(-0.232258064516,
    1.232903225806),(-0.198172949472,0.809246405366),
  .PIECEWISE_BEZIER_KNOTS.);
#7923 = CARTESIAN_POINT('',(2.886290322581,-4.74,5.377161290323));
#7924 = CARTESIAN_POINT('',(3.893709677419,-4.74,5.377161290323));
#7925 = CARTESIAN_POINT('',(2.886290322581,-4.74,3.912));
#7926 = CARTESIAN_POINT('',(3.893709677419,-4.74,3.912));
#7927 = ADVANCED_FACE('',(#7928),#7942,.T.);
#7928 = FACE_BOUND('',#7929,.T.);
#7929 = EDGE_LOOP('',(#7930,#7931,#7936,#7937));
#7930 = ORIENTED_EDGE('',*,*,#508,.F.);
#7931 = ORIENTED_EDGE('',*,*,#7932,.F.);
#7932 = EDGE_CURVE('',#7850,#455,#7933,.T.);
#7933 = B_SPLINE_CURVE_WITH_KNOTS('',1,(#7934,#7935),.UNSPECIFIED.,.F.,
  .F.,(2,2),(0.,1.E-02),.PIECEWISE_BEZIER_KNOTS.);
#7934 = CARTESIAN_POINT('',(3.583064516129,-4.74,5.144903225806));
#7935 = CARTESIAN_POINT('',(3.583064516129,-4.75,5.144903225806));
#7936 = ORIENTED_EDGE('',*,*,#7849,.T.);
#7937 = ORIENTED_EDGE('',*,*,#7938,.T.);
#7938 = EDGE_CURVE('',#7852,#453,#7939,.T.);
#7939 = B_SPLINE_CURVE_WITH_KNOTS('',1,(#7940,#7941),.UNSPECIFIED.,.F.,
  .F.,(2,2),(0.,1.E-02),.PIECEWISE_BEZIER_KNOTS.);
#7940 = CARTESIAN_POINT('',(3.051774193548,-4.74,5.377161290323));
#7941 = CARTESIAN_POINT('',(3.051774193548,-4.75,5.377161290323));
#7942 = B_SPLINE_SURFACE_WITH_KNOTS('',3,1,(
    (#7943,#7944)
    ,(#7945,#7946)
    ,(#7947,#7948)
    ,(#7949,#7950)
    ,(#7951,#7952)
    ,(#7953,#7954)
    ,(#7955,#7956)
    ,(#7957,#7958)
    ,(#7959,#7960
    )),.UNSPECIFIED.,.F.,.F.,.F.,(4,1,1,1,1,1,4),(2,2),(0.796017073817,
    0.847012805363,0.898008536909,0.923506402682,0.949004268454,
    0.974502134227,1.),(0.,1.),.UNSPECIFIED.);
#7943 = CARTESIAN_POINT('',(3.583064516129,-4.74,5.144903225806));
#7944 = CARTESIAN_POINT('',(3.583064516129,-4.75,5.144903225806));
#7945 = CARTESIAN_POINT('',(3.499964308783,-4.74,5.144903225806));
#7946 = CARTESIAN_POINT('',(3.499964308783,-4.75,5.144903225806));
#7947 = CARTESIAN_POINT('',(3.330547632424,-4.74,5.144419227843));
#7948 = CARTESIAN_POINT('',(3.330547632424,-4.75,5.144419227843));
#7949 = CARTESIAN_POINT('',(3.13485809531,-4.74,5.146234220206));
#7950 = CARTESIAN_POINT('',(3.13485809531,-4.75,5.146234220206));
#7951 = CARTESIAN_POINT('',(2.944535718116,-4.74,5.14260423548));
#7952 = CARTESIAN_POINT('',(2.944535718116,-4.75,5.14260423548));
#7953 = CARTESIAN_POINT('',(2.86539831521,-4.74,5.243516160779));
#7954 = CARTESIAN_POINT('',(2.86539831521,-4.75,5.243516160779));
#7955 = CARTESIAN_POINT('',(2.918049616625,-4.74,5.381983165388));
#7956 = CARTESIAN_POINT('',(2.918049616625,-4.75,5.381983165388));
#7957 = CARTESIAN_POINT('',(2.999397148509,-4.74,5.377161290323));
#7958 = CARTESIAN_POINT('',(2.999397148509,-4.75,5.377161290323));
#7959 = CARTESIAN_POINT('',(3.051774193548,-4.74,5.377161290323));
#7960 = CARTESIAN_POINT('',(3.051774193548,-4.75,5.377161290323));
#7961 = ADVANCED_FACE('',(#7962),#7968,.T.);
#7962 = FACE_BOUND('',#7963,.T.);
#7963 = EDGE_LOOP('',(#7964,#7965,#7966,#7967));
#7964 = ORIENTED_EDGE('',*,*,#452,.F.);
#7965 = ORIENTED_EDGE('',*,*,#7938,.F.);
#7966 = ORIENTED_EDGE('',*,*,#7871,.T.);
#7967 = ORIENTED_EDGE('',*,*,#7932,.T.);
#7968 = B_SPLINE_SURFACE_WITH_KNOTS('',3,1,(
    (#7969,#7970)
    ,(#7971,#7972)
    ,(#7973,#7974)
    ,(#7975,#7976)
    ,(#7977,#7978)
    ,(#7979,#7980)
    ,(#7981,#7982)
    ,(#7983,#7984)
    ,(#7985,#7986)
    ,(#7987,#7988)
    ,(#7989,#7990)
    ,(#7991,#7992)
    ,(#7993,#7994)
    ,(#7995,#7996)
    ,(#7997,#7998)
    ,(#7999,#8000)
    ,(#8001,#8002)
    ,(#8003,#8004)
    ,(#8005,#8006)
    ,(#8007,#8008)
    ,(#8009,#8010)
    ,(#8011,#8012)
    ,(#8013,#8014)
    ,(#8015,#8016)
    ,(#8017,#8018)
    ,(#8019,#8020)
    ,(#8021,#8022)
    ,(#8023,#8024)
    ,(#8025,#8026
    )),.UNSPECIFIED.,.F.,.F.,.F.,(4,1,1,1,1,1,1,1,1,1,1,1,1,1,1,1,1,1,1,
    1,1,1,1,1,1,1,4),(2,2),(0.,9.950213422718E-02,0.124377667784,
    0.149253201341,0.174128734898,0.199004268454,0.211442035233,
    0.223879802011,0.248755335568,0.298506402682,0.348257469795,
    0.373133003352,0.398008536909,0.422884070466,0.435321837244,
    0.447759604022,0.472635137579,0.497510671136,0.522386204693,
    0.547261738249,0.572137271806,0.584575038585,0.597012805363,
    0.62188833892,0.646763872477,0.69651493959,0.796017073817),(0.,1.),
  .UNSPECIFIED.);
#7969 = CARTESIAN_POINT('',(3.051774193548,-4.74,5.377161290323));
#7970 = CARTESIAN_POINT('',(3.051774193548,-4.75,5.377161290323));
#7971 = CARTESIAN_POINT('',(3.213918116874,-4.74,5.377161290323));
#7972 = CARTESIAN_POINT('',(3.213918116874,-4.75,5.377161290323));
#7973 = CARTESIAN_POINT('',(3.42430505747,-4.74,5.37780657543));
#7974 = CARTESIAN_POINT('',(3.42430505747,-4.75,5.37780657543));
#7975 = CARTESIAN_POINT('',(3.653648276866,-4.74,5.376645062237));
#7976 = CARTESIAN_POINT('',(3.653648276866,-4.75,5.376645062237));
#7977 = CARTESIAN_POINT('',(3.805313661475,-4.74,5.379161674156));
#7978 = CARTESIAN_POINT('',(3.805313661475,-4.75,5.379161674156));
#7979 = CARTESIAN_POINT('',(3.879797866142,-4.74,5.329682639999));
#7980 = CARTESIAN_POINT('',(3.879797866142,-4.75,5.329682639999));
#7981 = CARTESIAN_POINT('',(3.915721769366,-4.74,5.262790795896));
#7982 = CARTESIAN_POINT('',(3.915721769366,-4.75,5.262790795896));
#7983 = CARTESIAN_POINT('',(3.846765847498,-4.74,5.137965951739));
#7984 = CARTESIAN_POINT('',(3.846765847498,-4.75,5.137965951739));
#7985 = CARTESIAN_POINT('',(3.804414552574,-4.74,5.086836360197));
#7986 = CARTESIAN_POINT('',(3.804414552574,-4.75,5.086836360197));
#7987 = CARTESIAN_POINT('',(3.706215059526,-4.74,4.956833143886));
#7988 = CARTESIAN_POINT('',(3.706215059526,-4.75,4.956833143886));
#7989 = CARTESIAN_POINT('',(3.627506605692,-4.74,4.843083516667));
#7990 = CARTESIAN_POINT('',(3.627506605692,-4.75,4.843083516667));
#7991 = CARTESIAN_POINT('',(3.529416170324,-4.74,4.653093166144));
#7992 = CARTESIAN_POINT('',(3.529416170324,-4.75,4.653093166144));
#7993 = CARTESIAN_POINT('',(3.459687781838,-4.74,4.444279471867));
#7994 = CARTESIAN_POINT('',(3.459687781838,-4.75,4.444279471867));
#7995 = CARTESIAN_POINT('',(3.435736936813,-4.74,4.34482134179));
#7996 = CARTESIAN_POINT('',(3.435736936813,-4.75,4.34482134179));
#7997 = CARTESIAN_POINT('',(3.422549232383,-4.74,4.248850191155));
#7998 = CARTESIAN_POINT('',(3.422549232383,-4.75,4.248850191155));
#7999 = CARTESIAN_POINT('',(3.406042057605,-4.74,4.143774258596));
#8000 = CARTESIAN_POINT('',(3.406042057605,-4.75,4.143774258596));
#8001 = CARTESIAN_POINT('',(3.397923142189,-4.74,4.089530264341));
#8002 = CARTESIAN_POINT('',(3.397923142189,-4.75,4.089530264341));
#8003 = CARTESIAN_POINT('',(3.351458928502,-4.74,3.934988443666));
#8004 = CARTESIAN_POINT('',(3.351458928502,-4.75,3.934988443666));
#8005 = CARTESIAN_POINT('',(3.261102823553,-4.74,3.902548159678));
#8006 = CARTESIAN_POINT('',(3.261102823553,-4.75,3.902548159678));
#8007 = CARTESIAN_POINT('',(3.135064887896,-4.74,3.932482763815));
#8008 = CARTESIAN_POINT('',(3.135064887896,-4.75,3.932482763815));
#8009 = CARTESIAN_POINT('',(3.103386238384,-4.74,4.013590035545));
#8010 = CARTESIAN_POINT('',(3.103386238384,-4.75,4.013590035545));
#8011 = CARTESIAN_POINT('',(3.096906190833,-4.74,4.096988933993));
#8012 = CARTESIAN_POINT('',(3.096906190833,-4.75,4.096988933993));
#8013 = CARTESIAN_POINT('',(3.11994283838,-4.74,4.218151482319));
#8014 = CARTESIAN_POINT('',(3.11994283838,-4.75,4.218151482319));
#8015 = CARTESIAN_POINT('',(3.141521440789,-4.74,4.304748635264));
#8016 = CARTESIAN_POINT('',(3.141521440789,-4.75,4.304748635264));
#8017 = CARTESIAN_POINT('',(3.166722118119,-4.74,4.38377582799));
#8018 = CARTESIAN_POINT('',(3.166722118119,-4.75,4.38377582799));
#8019 = CARTESIAN_POINT('',(3.235982522843,-4.74,4.567068296386));
#8020 = CARTESIAN_POINT('',(3.235982522843,-4.75,4.567068296386));
#8021 = CARTESIAN_POINT('',(3.332029870957,-4.74,4.775794157984));
#8022 = CARTESIAN_POINT('',(3.332029870957,-4.75,4.775794157984));
#8023 = CARTESIAN_POINT('',(3.472633902197,-4.74,5.004938843032));
#8024 = CARTESIAN_POINT('',(3.472633902197,-4.75,5.004938843032));
#8025 = CARTESIAN_POINT('',(3.583064516129,-4.74,5.144903225806));
#8026 = CARTESIAN_POINT('',(3.583064516129,-4.75,5.144903225806));
#8027 = ADVANCED_FACE('',(#8028),#8114,.F.);
#8028 = FACE_BOUND('',#8029,.T.);
#8029 = EDGE_LOOP('',(#8030,#8039,#8046,#8053,#8060,#8067,#8074,#8081,
    #8088,#8095,#8102,#8109));
#8030 = ORIENTED_EDGE('',*,*,#8031,.F.);
#8031 = EDGE_CURVE('',#8032,#8034,#8036,.T.);
#8032 = VERTEX_POINT('',#8033);
#8033 = CARTESIAN_POINT('',(3.707416049288,-4.74,6.596736114656));
#8034 = VERTEX_POINT('',#8035);
#8035 = CARTESIAN_POINT('',(5.269612093133,-4.74,9.294427781323));
#8036 = B_SPLINE_CURVE_WITH_KNOTS('',1,(#8037,#8038),.UNSPECIFIED.,.F.,
  .F.,(2,2),(0.,3.117370174973),.PIECEWISE_BEZIER_KNOTS.);
#8037 = CARTESIAN_POINT('',(3.707416049288,-4.74,6.596736114656));
#8038 = CARTESIAN_POINT('',(5.269612093133,-4.74,9.294427781323));
#8039 = ORIENTED_EDGE('',*,*,#8040,.F.);
#8040 = EDGE_CURVE('',#8041,#8032,#8043,.T.);
#8041 = VERTEX_POINT('',#8042);
#8042 = CARTESIAN_POINT('',(5.743540709559,-4.74,6.596736114656));
#8043 = B_SPLINE_CURVE_WITH_KNOTS('',1,(#8044,#8045),.UNSPECIFIED.,.F.,
  .F.,(2,2),(0.,2.036124660271),.PIECEWISE_BEZIER_KNOTS.);
#8044 = CARTESIAN_POINT('',(5.743540709559,-4.74,6.596736114656));
#8045 = CARTESIAN_POINT('',(3.707416049288,-4.74,6.596736114656));
#8046 = ORIENTED_EDGE('',*,*,#8047,.F.);
#8047 = EDGE_CURVE('',#8048,#8041,#8050,.T.);
#8048 = VERTEX_POINT('',#8049);
#8049 = CARTESIAN_POINT('',(6.118793143908,-4.74,7.246200003545));
#8050 = B_SPLINE_CURVE_WITH_KNOTS('',1,(#8051,#8052),.UNSPECIFIED.,.F.,
  .F.,(2,2),(0.,0.750078484197),.PIECEWISE_BEZIER_KNOTS.);
#8051 = CARTESIAN_POINT('',(6.118793143908,-4.74,7.246200003545));
#8052 = CARTESIAN_POINT('',(5.743540709559,-4.74,6.596736114656));
#8053 = ORIENTED_EDGE('',*,*,#8054,.F.);
#8054 = EDGE_CURVE('',#8055,#8048,#8057,.T.);
#8055 = VERTEX_POINT('',#8056);
#8056 = CARTESIAN_POINT('',(4.890822878065,-4.74,7.246200003545));
#8057 = B_SPLINE_CURVE_WITH_KNOTS('',1,(#8058,#8059),.UNSPECIFIED.,.F.,
  .F.,(2,2),(0.,1.227970265844),.PIECEWISE_BEZIER_KNOTS.);
#8058 = CARTESIAN_POINT('',(4.890822878065,-4.74,7.246200003545));
#8059 = CARTESIAN_POINT('',(6.118793143908,-4.74,7.246200003545));
#8060 = ORIENTED_EDGE('',*,*,#8061,.F.);
#8061 = EDGE_CURVE('',#8062,#8055,#8064,.T.);
#8062 = VERTEX_POINT('',#8063);
#8063 = CARTESIAN_POINT('',(5.109042248464,-4.74,7.620497225767));
#8064 = B_SPLINE_CURVE_WITH_KNOTS('',1,(#8065,#8066),.UNSPECIFIED.,.F.,
  .F.,(2,2),(0.,0.433264473712),.PIECEWISE_BEZIER_KNOTS.);
#8065 = CARTESIAN_POINT('',(5.109042248464,-4.74,7.620497225767));
#8066 = CARTESIAN_POINT('',(4.890822878065,-4.74,7.246200003545));
#8067 = ORIENTED_EDGE('',*,*,#8068,.F.);
#8068 = EDGE_CURVE('',#8069,#8062,#8071,.T.);
#8069 = VERTEX_POINT('',#8070);
#8070 = CARTESIAN_POINT('',(6.337366192379,-4.74,7.620497225767));
#8071 = B_SPLINE_CURVE_WITH_KNOTS('',1,(#8072,#8073),.UNSPECIFIED.,.F.,
  .F.,(2,2),(0.,1.228323943915),.PIECEWISE_BEZIER_KNOTS.);
#8072 = CARTESIAN_POINT('',(6.337366192379,-4.74,7.620497225767));
#8073 = CARTESIAN_POINT('',(5.109042248464,-4.74,7.620497225767));
#8074 = ORIENTED_EDGE('',*,*,#8075,.F.);
#8075 = EDGE_CURVE('',#8076,#8069,#8078,.T.);
#8076 = VERTEX_POINT('',#8077);
#8077 = CARTESIAN_POINT('',(6.712264948656,-4.74,8.270313892434));
#8078 = B_SPLINE_CURVE_WITH_KNOTS('',1,(#8079,#8080),.UNSPECIFIED.,.F.,
  .F.,(2,2),(0.,0.750207156548),.PIECEWISE_BEZIER_KNOTS.);
#8079 = CARTESIAN_POINT('',(6.712264948656,-4.74,8.270313892434));
#8080 = CARTESIAN_POINT('',(6.337366192379,-4.74,7.620497225767));
#8081 = ORIENTED_EDGE('',*,*,#8082,.F.);
#8082 = EDGE_CURVE('',#8083,#8076,#8085,.T.);
#8083 = VERTEX_POINT('',#8084);
#8084 = CARTESIAN_POINT('',(5.484294682813,-4.74,8.270313892434));
#8085 = B_SPLINE_CURVE_WITH_KNOTS('',1,(#8086,#8087),.UNSPECIFIED.,.F.,
  .F.,(2,2),(0.,1.227970265843),.PIECEWISE_BEZIER_KNOTS.);
#8086 = CARTESIAN_POINT('',(5.484294682813,-4.74,8.270313892434));
#8087 = CARTESIAN_POINT('',(6.712264948656,-4.74,8.270313892434));
#8088 = ORIENTED_EDGE('',*,*,#8089,.F.);
#8089 = EDGE_CURVE('',#8090,#8083,#8092,.T.);
#8090 = VERTEX_POINT('',#8091);
#8091 = CARTESIAN_POINT('',(5.675280841671,-4.74,8.596986114656));
#8092 = B_SPLINE_CURVE_WITH_KNOTS('',1,(#8093,#8094),.UNSPECIFIED.,.F.,
  .F.,(2,2),(0.,0.378405144847),.PIECEWISE_BEZIER_KNOTS.);
#8093 = CARTESIAN_POINT('',(5.675280841671,-4.74,8.596986114656));
#8094 = CARTESIAN_POINT('',(5.484294682813,-4.74,8.270313892434));
#8095 = ORIENTED_EDGE('',*,*,#8096,.F.);
#8096 = EDGE_CURVE('',#8097,#8090,#8099,.T.);
#8097 = VERTEX_POINT('',#8098);
#8098 = CARTESIAN_POINT('',(6.903251107515,-4.74,8.596986114656));
#8099 = B_SPLINE_CURVE_WITH_KNOTS('',1,(#8100,#8101),.UNSPECIFIED.,.F.,
  .F.,(2,2),(0.,1.227970265844),.PIECEWISE_BEZIER_KNOTS.);
#8100 = CARTESIAN_POINT('',(6.903251107515,-4.74,8.596986114656));
#8101 = CARTESIAN_POINT('',(5.675280841671,-4.74,8.596986114656));
#8102 = ORIENTED_EDGE('',*,*,#8103,.F.);
#8103 = EDGE_CURVE('',#8104,#8097,#8106,.T.);
#8104 = VERTEX_POINT('',#8105);
#8105 = CARTESIAN_POINT('',(7.305736753405,-4.74,9.294427781323));
#8106 = B_SPLINE_CURVE_WITH_KNOTS('',1,(#8107,#8108),.UNSPECIFIED.,.F.,
  .F.,(2,2),(0.,0.805245039445),.PIECEWISE_BEZIER_KNOTS.);
#8107 = CARTESIAN_POINT('',(7.305736753405,-4.74,9.294427781323));
#8108 = CARTESIAN_POINT('',(6.903251107515,-4.74,8.596986114656));
#8109 = ORIENTED_EDGE('',*,*,#8110,.F.);
#8110 = EDGE_CURVE('',#8034,#8104,#8111,.T.);
#8111 = B_SPLINE_CURVE_WITH_KNOTS('',1,(#8112,#8113),.UNSPECIFIED.,.F.,
  .F.,(2,2),(0.,2.036124660271),.PIECEWISE_BEZIER_KNOTS.);
#8112 = CARTESIAN_POINT('',(5.269612093133,-4.74,9.294427781323));
#8113 = CARTESIAN_POINT('',(7.305736753405,-4.74,9.294427781323));
#8114 = B_SPLINE_SURFACE_WITH_KNOTS('',1,1,(
    (#8115,#8116)
    ,(#8117,#8118
    )),.UNSPECIFIED.,.F.,.F.,.F.,(2,2),(2,2),(1.596736114656,
    4.294427781323),(-4.042583950712,-0.444263246595),
  .PIECEWISE_BEZIER_KNOTS.);
#8115 = CARTESIAN_POINT('',(3.707416049288,-4.74,6.596736114656));
#8116 = CARTESIAN_POINT('',(7.305736753405,-4.74,6.596736114656));
#8117 = CARTESIAN_POINT('',(3.707416049288,-4.74,9.294427781323));
#8118 = CARTESIAN_POINT('',(7.305736753405,-4.74,9.294427781323));
#8119 = ADVANCED_FACE('',(#8120),#8134,.T.);
#8120 = FACE_BOUND('',#8121,.T.);
#8121 = EDGE_LOOP('',(#8122,#8123,#8128,#8129));
#8122 = ORIENTED_EDGE('',*,*,#375,.F.);
#8123 = ORIENTED_EDGE('',*,*,#8124,.F.);
#8124 = EDGE_CURVE('',#8032,#369,#8125,.T.);
#8125 = B_SPLINE_CURVE_WITH_KNOTS('',1,(#8126,#8127),.UNSPECIFIED.,.F.,
  .F.,(2,2),(0.,1.E-02),.PIECEWISE_BEZIER_KNOTS.);
#8126 = CARTESIAN_POINT('',(3.707416049288,-4.74,6.596736114656));
#8127 = CARTESIAN_POINT('',(3.707416049288,-4.75,6.596736114656));
#8128 = ORIENTED_EDGE('',*,*,#8031,.T.);
#8129 = ORIENTED_EDGE('',*,*,#8130,.T.);
#8130 = EDGE_CURVE('',#8034,#376,#8131,.T.);
#8131 = B_SPLINE_CURVE_WITH_KNOTS('',1,(#8132,#8133),.UNSPECIFIED.,.F.,
  .F.,(2,2),(0.,1.E-02),.PIECEWISE_BEZIER_KNOTS.);
#8132 = CARTESIAN_POINT('',(5.269612093133,-4.74,9.294427781323));
#8133 = CARTESIAN_POINT('',(5.269612093133,-4.75,9.294427781323));
#8134 = B_SPLINE_SURFACE_WITH_KNOTS('',1,1,(
    (#8135,#8136)
    ,(#8137,#8138
    )),.UNSPECIFIED.,.F.,.F.,.F.,(2,2),(2,2),(-3.117370174973,0.),(
    -1.E-02,0.),.PIECEWISE_BEZIER_KNOTS.);
#8135 = CARTESIAN_POINT('',(5.269612093133,-4.75,9.294427781323));
#8136 = CARTESIAN_POINT('',(5.269612093133,-4.74,9.294427781323));
#8137 = CARTESIAN_POINT('',(3.707416049288,-4.75,6.596736114656));
#8138 = CARTESIAN_POINT('',(3.707416049288,-4.74,6.596736114656));
#8139 = ADVANCED_FACE('',(#8140),#8150,.T.);
#8140 = FACE_BOUND('',#8141,.T.);
#8141 = EDGE_LOOP('',(#8142,#8143,#8144,#8145));
#8142 = ORIENTED_EDGE('',*,*,#382,.F.);
#8143 = ORIENTED_EDGE('',*,*,#8130,.F.);
#8144 = ORIENTED_EDGE('',*,*,#8110,.T.);
#8145 = ORIENTED_EDGE('',*,*,#8146,.T.);
#8146 = EDGE_CURVE('',#8104,#383,#8147,.T.);
#8147 = B_SPLINE_CURVE_WITH_KNOTS('',1,(#8148,#8149),.UNSPECIFIED.,.F.,
  .F.,(2,2),(0.,1.E-02),.PIECEWISE_BEZIER_KNOTS.);
#8148 = CARTESIAN_POINT('',(7.305736753405,-4.74,9.294427781323));
#8149 = CARTESIAN_POINT('',(7.305736753405,-4.75,9.294427781323));
#8150 = B_SPLINE_SURFACE_WITH_KNOTS('',1,1,(
    (#8151,#8152)
    ,(#8153,#8154
    )),.UNSPECIFIED.,.F.,.F.,.F.,(2,2),(2,2),(-2.036124660271,0.),(
    -1.E-02,0.),.PIECEWISE_BEZIER_KNOTS.);
#8151 = CARTESIAN_POINT('',(7.305736753405,-4.75,9.294427781323));
#8152 = CARTESIAN_POINT('',(7.305736753405,-4.74,9.294427781323));
#8153 = CARTESIAN_POINT('',(5.269612093133,-4.75,9.294427781323));
#8154 = CARTESIAN_POINT('',(5.269612093133,-4.74,9.294427781323));
#8155 = ADVANCED_FACE('',(#8156),#8166,.T.);
#8156 = FACE_BOUND('',#8157,.T.);
#8157 = EDGE_LOOP('',(#8158,#8159,#8160,#8161));
#8158 = ORIENTED_EDGE('',*,*,#389,.F.);
#8159 = ORIENTED_EDGE('',*,*,#8146,.F.);
#8160 = ORIENTED_EDGE('',*,*,#8103,.T.);
#8161 = ORIENTED_EDGE('',*,*,#8162,.T.);
#8162 = EDGE_CURVE('',#8097,#390,#8163,.T.);
#8163 = B_SPLINE_CURVE_WITH_KNOTS('',1,(#8164,#8165),.UNSPECIFIED.,.F.,
  .F.,(2,2),(0.,1.E-02),.PIECEWISE_BEZIER_KNOTS.);
#8164 = CARTESIAN_POINT('',(6.903251107515,-4.74,8.596986114656));
#8165 = CARTESIAN_POINT('',(6.903251107515,-4.75,8.596986114656));
#8166 = B_SPLINE_SURFACE_WITH_KNOTS('',1,1,(
    (#8167,#8168)
    ,(#8169,#8170
    )),.UNSPECIFIED.,.F.,.F.,.F.,(2,2),(2,2),(-0.805245039445,0.),(
    -1.E-02,0.),.PIECEWISE_BEZIER_KNOTS.);
#8167 = CARTESIAN_POINT('',(6.903251107515,-4.75,8.596986114656));
#8168 = CARTESIAN_POINT('',(6.903251107515,-4.74,8.596986114656));
#8169 = CARTESIAN_POINT('',(7.305736753405,-4.75,9.294427781323));
#8170 = CARTESIAN_POINT('',(7.305736753405,-4.74,9.294427781323));
#8171 = ADVANCED_FACE('',(#8172),#8182,.T.);
#8172 = FACE_BOUND('',#8173,.T.);
#8173 = EDGE_LOOP('',(#8174,#8175,#8176,#8177));
#8174 = ORIENTED_EDGE('',*,*,#396,.F.);
#8175 = ORIENTED_EDGE('',*,*,#8162,.F.);
#8176 = ORIENTED_EDGE('',*,*,#8096,.T.);
#8177 = ORIENTED_EDGE('',*,*,#8178,.T.);
#8178 = EDGE_CURVE('',#8090,#397,#8179,.T.);
#8179 = B_SPLINE_CURVE_WITH_KNOTS('',1,(#8180,#8181),.UNSPECIFIED.,.F.,
  .F.,(2,2),(0.,1.E-02),.PIECEWISE_BEZIER_KNOTS.);
#8180 = CARTESIAN_POINT('',(5.675280841671,-4.74,8.596986114656));
#8181 = CARTESIAN_POINT('',(5.675280841671,-4.75,8.596986114656));
#8182 = B_SPLINE_SURFACE_WITH_KNOTS('',1,1,(
    (#8183,#8184)
    ,(#8185,#8186
    )),.UNSPECIFIED.,.F.,.F.,.F.,(2,2),(2,2),(-1.227970265844,0.),(
    -1.E-02,0.),.PIECEWISE_BEZIER_KNOTS.);
#8183 = CARTESIAN_POINT('',(5.675280841671,-4.75,8.596986114656));
#8184 = CARTESIAN_POINT('',(5.675280841671,-4.74,8.596986114656));
#8185 = CARTESIAN_POINT('',(6.903251107515,-4.75,8.596986114656));
#8186 = CARTESIAN_POINT('',(6.903251107515,-4.74,8.596986114656));
#8187 = ADVANCED_FACE('',(#8188),#8198,.T.);
#8188 = FACE_BOUND('',#8189,.T.);
#8189 = EDGE_LOOP('',(#8190,#8191,#8192,#8193));
#8190 = ORIENTED_EDGE('',*,*,#403,.F.);
#8191 = ORIENTED_EDGE('',*,*,#8178,.F.);
#8192 = ORIENTED_EDGE('',*,*,#8089,.T.);
#8193 = ORIENTED_EDGE('',*,*,#8194,.T.);
#8194 = EDGE_CURVE('',#8083,#404,#8195,.T.);
#8195 = B_SPLINE_CURVE_WITH_KNOTS('',1,(#8196,#8197),.UNSPECIFIED.,.F.,
  .F.,(2,2),(0.,1.E-02),.PIECEWISE_BEZIER_KNOTS.);
#8196 = CARTESIAN_POINT('',(5.484294682813,-4.74,8.270313892434));
#8197 = CARTESIAN_POINT('',(5.484294682813,-4.75,8.270313892434));
#8198 = B_SPLINE_SURFACE_WITH_KNOTS('',1,1,(
    (#8199,#8200)
    ,(#8201,#8202
    )),.UNSPECIFIED.,.F.,.F.,.F.,(2,2),(2,2),(-0.378405144847,0.),(
    -1.E-02,0.),.PIECEWISE_BEZIER_KNOTS.);
#8199 = CARTESIAN_POINT('',(5.484294682813,-4.75,8.270313892434));
#8200 = CARTESIAN_POINT('',(5.484294682813,-4.74,8.270313892434));
#8201 = CARTESIAN_POINT('',(5.675280841671,-4.75,8.596986114656));
#8202 = CARTESIAN_POINT('',(5.675280841671,-4.74,8.596986114656));
#8203 = ADVANCED_FACE('',(#8204),#8214,.T.);
#8204 = FACE_BOUND('',#8205,.T.);
#8205 = EDGE_LOOP('',(#8206,#8207,#8208,#8209));
#8206 = ORIENTED_EDGE('',*,*,#410,.F.);
#8207 = ORIENTED_EDGE('',*,*,#8194,.F.);
#8208 = ORIENTED_EDGE('',*,*,#8082,.T.);
#8209 = ORIENTED_EDGE('',*,*,#8210,.T.);
#8210 = EDGE_CURVE('',#8076,#411,#8211,.T.);
#8211 = B_SPLINE_CURVE_WITH_KNOTS('',1,(#8212,#8213),.UNSPECIFIED.,.F.,
  .F.,(2,2),(0.,1.E-02),.PIECEWISE_BEZIER_KNOTS.);
#8212 = CARTESIAN_POINT('',(6.712264948656,-4.74,8.270313892434));
#8213 = CARTESIAN_POINT('',(6.712264948656,-4.75,8.270313892434));
#8214 = B_SPLINE_SURFACE_WITH_KNOTS('',1,1,(
    (#8215,#8216)
    ,(#8217,#8218
    )),.UNSPECIFIED.,.F.,.F.,.F.,(2,2),(2,2),(-1.227970265843,0.),(
    -1.E-02,0.),.PIECEWISE_BEZIER_KNOTS.);
#8215 = CARTESIAN_POINT('',(6.712264948656,-4.75,8.270313892434));
#8216 = CARTESIAN_POINT('',(6.712264948656,-4.74,8.270313892434));
#8217 = CARTESIAN_POINT('',(5.484294682813,-4.75,8.270313892434));
#8218 = CARTESIAN_POINT('',(5.484294682813,-4.74,8.270313892434));
#8219 = ADVANCED_FACE('',(#8220),#8230,.T.);
#8220 = FACE_BOUND('',#8221,.T.);
#8221 = EDGE_LOOP('',(#8222,#8223,#8224,#8225));
#8222 = ORIENTED_EDGE('',*,*,#417,.F.);
#8223 = ORIENTED_EDGE('',*,*,#8210,.F.);
#8224 = ORIENTED_EDGE('',*,*,#8075,.T.);
#8225 = ORIENTED_EDGE('',*,*,#8226,.T.);
#8226 = EDGE_CURVE('',#8069,#418,#8227,.T.);
#8227 = B_SPLINE_CURVE_WITH_KNOTS('',1,(#8228,#8229),.UNSPECIFIED.,.F.,
  .F.,(2,2),(0.,1.E-02),.PIECEWISE_BEZIER_KNOTS.);
#8228 = CARTESIAN_POINT('',(6.337366192379,-4.74,7.620497225767));
#8229 = CARTESIAN_POINT('',(6.337366192379,-4.75,7.620497225767));
#8230 = B_SPLINE_SURFACE_WITH_KNOTS('',1,1,(
    (#8231,#8232)
    ,(#8233,#8234
    )),.UNSPECIFIED.,.F.,.F.,.F.,(2,2),(2,2),(-0.750207156548,0.),(
    -1.E-02,0.),.PIECEWISE_BEZIER_KNOTS.);
#8231 = CARTESIAN_POINT('',(6.337366192379,-4.75,7.620497225767));
#8232 = CARTESIAN_POINT('',(6.337366192379,-4.74,7.620497225767));
#8233 = CARTESIAN_POINT('',(6.712264948656,-4.75,8.270313892434));
#8234 = CARTESIAN_POINT('',(6.712264948656,-4.74,8.270313892434));
#8235 = ADVANCED_FACE('',(#8236),#8246,.T.);
#8236 = FACE_BOUND('',#8237,.T.);
#8237 = EDGE_LOOP('',(#8238,#8239,#8240,#8241));
#8238 = ORIENTED_EDGE('',*,*,#424,.F.);
#8239 = ORIENTED_EDGE('',*,*,#8226,.F.);
#8240 = ORIENTED_EDGE('',*,*,#8068,.T.);
#8241 = ORIENTED_EDGE('',*,*,#8242,.T.);
#8242 = EDGE_CURVE('',#8062,#425,#8243,.T.);
#8243 = B_SPLINE_CURVE_WITH_KNOTS('',1,(#8244,#8245),.UNSPECIFIED.,.F.,
  .F.,(2,2),(0.,1.E-02),.PIECEWISE_BEZIER_KNOTS.);
#8244 = CARTESIAN_POINT('',(5.109042248464,-4.74,7.620497225767));
#8245 = CARTESIAN_POINT('',(5.109042248464,-4.75,7.620497225767));
#8246 = B_SPLINE_SURFACE_WITH_KNOTS('',1,1,(
    (#8247,#8248)
    ,(#8249,#8250
    )),.UNSPECIFIED.,.F.,.F.,.F.,(2,2),(2,2),(-1.228323943915,0.),(
    -1.E-02,0.),.PIECEWISE_BEZIER_KNOTS.);
#8247 = CARTESIAN_POINT('',(5.109042248464,-4.75,7.620497225767));
#8248 = CARTESIAN_POINT('',(5.109042248464,-4.74,7.620497225767));
#8249 = CARTESIAN_POINT('',(6.337366192379,-4.75,7.620497225767));
#8250 = CARTESIAN_POINT('',(6.337366192379,-4.74,7.620497225767));
#8251 = ADVANCED_FACE('',(#8252),#8262,.T.);
#8252 = FACE_BOUND('',#8253,.T.);
#8253 = EDGE_LOOP('',(#8254,#8255,#8256,#8257));
#8254 = ORIENTED_EDGE('',*,*,#431,.F.);
#8255 = ORIENTED_EDGE('',*,*,#8242,.F.);
#8256 = ORIENTED_EDGE('',*,*,#8061,.T.);
#8257 = ORIENTED_EDGE('',*,*,#8258,.T.);
#8258 = EDGE_CURVE('',#8055,#432,#8259,.T.);
#8259 = B_SPLINE_CURVE_WITH_KNOTS('',1,(#8260,#8261),.UNSPECIFIED.,.F.,
  .F.,(2,2),(0.,1.E-02),.PIECEWISE_BEZIER_KNOTS.);
#8260 = CARTESIAN_POINT('',(4.890822878065,-4.74,7.246200003545));
#8261 = CARTESIAN_POINT('',(4.890822878065,-4.75,7.246200003545));
#8262 = B_SPLINE_SURFACE_WITH_KNOTS('',1,1,(
    (#8263,#8264)
    ,(#8265,#8266
    )),.UNSPECIFIED.,.F.,.F.,.F.,(2,2),(2,2),(-0.433264473712,0.),(
    -1.E-02,0.),.PIECEWISE_BEZIER_KNOTS.);
#8263 = CARTESIAN_POINT('',(4.890822878065,-4.75,7.246200003545));
#8264 = CARTESIAN_POINT('',(4.890822878065,-4.74,7.246200003545));
#8265 = CARTESIAN_POINT('',(5.109042248464,-4.75,7.620497225767));
#8266 = CARTESIAN_POINT('',(5.109042248464,-4.74,7.620497225767));
#8267 = ADVANCED_FACE('',(#8268),#8278,.T.);
#8268 = FACE_BOUND('',#8269,.T.);
#8269 = EDGE_LOOP('',(#8270,#8271,#8272,#8273));
#8270 = ORIENTED_EDGE('',*,*,#438,.F.);
#8271 = ORIENTED_EDGE('',*,*,#8258,.F.);
#8272 = ORIENTED_EDGE('',*,*,#8054,.T.);
#8273 = ORIENTED_EDGE('',*,*,#8274,.T.);
#8274 = EDGE_CURVE('',#8048,#439,#8275,.T.);
#8275 = B_SPLINE_CURVE_WITH_KNOTS('',1,(#8276,#8277),.UNSPECIFIED.,.F.,
  .F.,(2,2),(0.,1.E-02),.PIECEWISE_BEZIER_KNOTS.);
#8276 = CARTESIAN_POINT('',(6.118793143908,-4.74,7.246200003545));
#8277 = CARTESIAN_POINT('',(6.118793143908,-4.75,7.246200003545));
#8278 = B_SPLINE_SURFACE_WITH_KNOTS('',1,1,(
    (#8279,#8280)
    ,(#8281,#8282
    )),.UNSPECIFIED.,.F.,.F.,.F.,(2,2),(2,2),(-1.227970265844,0.),(
    -1.E-02,0.),.PIECEWISE_BEZIER_KNOTS.);
#8279 = CARTESIAN_POINT('',(6.118793143908,-4.75,7.246200003545));
#8280 = CARTESIAN_POINT('',(6.118793143908,-4.74,7.246200003545));
#8281 = CARTESIAN_POINT('',(4.890822878065,-4.75,7.246200003545));
#8282 = CARTESIAN_POINT('',(4.890822878065,-4.74,7.246200003545));
#8283 = ADVANCED_FACE('',(#8284),#8294,.T.);
#8284 = FACE_BOUND('',#8285,.T.);
#8285 = EDGE_LOOP('',(#8286,#8287,#8288,#8289));
#8286 = ORIENTED_EDGE('',*,*,#445,.F.);
#8287 = ORIENTED_EDGE('',*,*,#8274,.F.);
#8288 = ORIENTED_EDGE('',*,*,#8047,.T.);
#8289 = ORIENTED_EDGE('',*,*,#8290,.T.);
#8290 = EDGE_CURVE('',#8041,#367,#8291,.T.);
#8291 = B_SPLINE_CURVE_WITH_KNOTS('',1,(#8292,#8293),.UNSPECIFIED.,.F.,
  .F.,(2,2),(0.,1.E-02),.PIECEWISE_BEZIER_KNOTS.);
#8292 = CARTESIAN_POINT('',(5.743540709559,-4.74,6.596736114656));
#8293 = CARTESIAN_POINT('',(5.743540709559,-4.75,6.596736114656));
#8294 = B_SPLINE_SURFACE_WITH_KNOTS('',1,1,(
    (#8295,#8296)
    ,(#8297,#8298
    )),.UNSPECIFIED.,.F.,.F.,.F.,(2,2),(2,2),(-0.750078484197,0.),(
    -1.E-02,0.),.PIECEWISE_BEZIER_KNOTS.);
#8295 = CARTESIAN_POINT('',(5.743540709559,-4.75,6.596736114656));
#8296 = CARTESIAN_POINT('',(5.743540709559,-4.74,6.596736114656));
#8297 = CARTESIAN_POINT('',(6.118793143908,-4.75,7.246200003545));
#8298 = CARTESIAN_POINT('',(6.118793143908,-4.74,7.246200003545));
#8299 = ADVANCED_FACE('',(#8300),#8306,.T.);
#8300 = FACE_BOUND('',#8301,.T.);
#8301 = EDGE_LOOP('',(#8302,#8303,#8304,#8305));
#8302 = ORIENTED_EDGE('',*,*,#366,.F.);
#8303 = ORIENTED_EDGE('',*,*,#8290,.F.);
#8304 = ORIENTED_EDGE('',*,*,#8040,.T.);
#8305 = ORIENTED_EDGE('',*,*,#8124,.T.);
#8306 = B_SPLINE_SURFACE_WITH_KNOTS('',1,1,(
    (#8307,#8308)
    ,(#8309,#8310
    )),.UNSPECIFIED.,.F.,.F.,.F.,(2,2),(2,2),(-2.036124660271,0.),(
    -1.E-02,0.),.PIECEWISE_BEZIER_KNOTS.);
#8307 = CARTESIAN_POINT('',(3.707416049288,-4.75,6.596736114656));
#8308 = CARTESIAN_POINT('',(3.707416049288,-4.74,6.596736114656));
#8309 = CARTESIAN_POINT('',(5.743540709559,-4.75,6.596736114656));
#8310 = CARTESIAN_POINT('',(5.743540709559,-4.74,6.596736114656));
#8311 = ADVANCED_FACE('',(#8312),#8442,.T.);
#8312 = FACE_BOUND('',#8313,.T.);
#8313 = EDGE_LOOP('',(#8314,#8360,#8388,#8435));
#8314 = ORIENTED_EDGE('',*,*,#8315,.F.);
#8315 = EDGE_CURVE('',#8316,#8318,#8320,.T.);
#8316 = VERTEX_POINT('',#8317);
#8317 = CARTESIAN_POINT('',(14.328376205788,-4.74,6.92470096463));
#8318 = VERTEX_POINT('',#8319);
#8319 = CARTESIAN_POINT('',(14.172491961415,-4.74,6.764958199357));
#8320 = B_SPLINE_CURVE_WITH_KNOTS('',3,(#8321,#8322,#8323,#8324,#8325,
    #8326,#8327,#8328,#8329,#8330,#8331,#8332,#8333,#8334,#8335,#8336,
    #8337,#8338,#8339,#8340,#8341,#8342,#8343,#8344,#8345,#8346,#8347,
    #8348,#8349,#8350,#8351,#8352,#8353,#8354,#8355,#8356,#8357,#8358,
    #8359),.UNSPECIFIED.,.F.,.F.,(4,3,3,3,2,3,2,3,3,3,3,2,3,2,4),(
    0.696587840919,0.778033033475,0.788061951309,0.795627705759,
    0.80498528684,0.814582805898,0.827747156064,0.836962201179,
    0.931527244189,0.945648909106,0.954938304252,0.966251921936,
    0.976872869149,0.988436434574,1.),.UNSPECIFIED.);
#8321 = CARTESIAN_POINT('',(14.328376205788,-4.74,6.92470096463));
#8322 = CARTESIAN_POINT('',(14.378794212219,-4.74,7.150295819936));
#8323 = CARTESIAN_POINT('',(14.42921221865,-4.74,7.375890675241));
#8324 = CARTESIAN_POINT('',(14.47963022508,-4.74,7.601485530547));
#8325 = CARTESIAN_POINT('',(14.487389170711,-4.74,7.636202853597));
#8326 = CARTESIAN_POINT('',(14.494292604502,-4.74,7.663993569132));
#8327 = CARTESIAN_POINT('',(14.501237942122,-4.74,7.684057877814));
#8328 = CARTESIAN_POINT('',(14.508100706376,-4.74,7.703883641214));
#8329 = CARTESIAN_POINT('',(14.518987138264,-4.74,7.722643086817));
#8330 = CARTESIAN_POINT('',(14.535192926045,-4.74,7.738077170418));
#8331 = CARTESIAN_POINT('',(14.551379444162,-4.74,7.753492901958));
#8332 = CARTESIAN_POINT('',(14.574549839228,-4.74,7.762));
#8333 = CARTESIAN_POINT('',(14.635514469453,-4.74,7.762));
#8334 = CARTESIAN_POINT('',(14.660980707395,-4.74,7.751967845659));
#8335 = CARTESIAN_POINT('',(14.682588424437,-4.74,7.731131832797));
#8336 = CARTESIAN_POINT('',(14.703810544414,-4.74,7.710667645677));
#8337 = CARTESIAN_POINT('',(14.715,-4.74,7.685601286174));
#8338 = CARTESIAN_POINT('',(14.715,-4.74,7.633125401929));
#8339 = CARTESIAN_POINT('',(14.708826366559,-4.74,7.599170418006));
#8340 = CARTESIAN_POINT('',(14.697250803859,-4.74,7.551324758842));
#8341 = CARTESIAN_POINT('',(14.634137577748,-4.74,7.290456757588));
#8342 = CARTESIAN_POINT('',(14.568633440514,-4.74,7.030167202572));
#8343 = CARTESIAN_POINT('',(14.504324758842,-4.74,6.769588424437));
#8344 = CARTESIAN_POINT('',(14.491364480396,-4.74,6.717073376172));
#8345 = CARTESIAN_POINT('',(14.48040192926,-4.74,6.67852733119));
#8346 = CARTESIAN_POINT('',(14.47191318328,-4.74,6.653832797428));
#8347 = CARTESIAN_POINT('',(14.463342886028,-4.74,6.628901023603));
#8348 = CARTESIAN_POINT('',(14.447990353698,-4.74,6.607530546624));
#8349 = CARTESIAN_POINT('',(14.427154340836,-4.74,6.589781350482));
#8350 = CARTESIAN_POINT('',(14.405937383383,-4.74,6.571707645985));
#8351 = CARTESIAN_POINT('',(14.376993569132,-4.74,6.562));
#8352 = CARTESIAN_POINT('',(14.303681672026,-4.74,6.562));
#8353 = CARTESIAN_POINT('',(14.274356913183,-4.74,6.570488745981));
#8354 = CARTESIAN_POINT('',(14.252749196141,-4.74,6.589009646302));
#8355 = CARTESIAN_POINT('',(14.231522791753,-4.74,6.607203707206));
#8356 = CARTESIAN_POINT('',(14.216479099678,-4.74,6.626823151125));
#8357 = CARTESIAN_POINT('',(14.199501607717,-4.74,6.671581993569));
#8358 = CARTESIAN_POINT('',(14.187926045016,-4.74,6.710167202572));
#8359 = CARTESIAN_POINT('',(14.172491961415,-4.74,6.764958199357));
#8360 = ORIENTED_EDGE('',*,*,#8361,.F.);
#8361 = EDGE_CURVE('',#8362,#8316,#8364,.T.);
#8362 = VERTEX_POINT('',#8363);
#8363 = CARTESIAN_POINT('',(13.63924437299,-4.74,6.92470096463));
#8364 = B_SPLINE_CURVE_WITH_KNOTS('',3,(#8365,#8366,#8367,#8368,#8369,
    #8370,#8371,#8372,#8373,#8374,#8375,#8376,#8377,#8378,#8379,#8380,
    #8381,#8382,#8383,#8384,#8385,#8386,#8387),.UNSPECIFIED.,.F.,.F.,(4,
    3,2,3,2,3,3,3,4),(0.473080077107,0.550137733,0.561768059303,
    0.573398385605,0.584867095853,0.596565180305,0.605746689736,
    0.619482830907,0.696587840919),.UNSPECIFIED.);
#8365 = CARTESIAN_POINT('',(13.63924437299,-4.74,6.92470096463));
#8366 = CARTESIAN_POINT('',(13.696093247588,-4.74,7.135890675241));
#8367 = CARTESIAN_POINT('',(13.752942122187,-4.74,7.347080385852));
#8368 = CARTESIAN_POINT('',(13.809790996785,-4.74,7.558270096463));
#8369 = CARTESIAN_POINT('',(13.822634333742,-4.74,7.605982221538));
#8370 = CARTESIAN_POINT('',(13.833713826367,-4.74,7.64315755627));
#8371 = CARTESIAN_POINT('',(13.853778135048,-4.74,7.694090032154));
#8372 = CARTESIAN_POINT('',(13.86998392283,-4.74,7.715697749196));
#8373 = CARTESIAN_POINT('',(13.892363344051,-4.74,7.734218649518));
#8374 = CARTESIAN_POINT('',(13.915200777423,-4.74,7.753118594377));
#8375 = CARTESIAN_POINT('',(13.946382636656,-4.74,7.762));
#8376 = CARTESIAN_POINT('',(14.024324758842,-4.74,7.762));
#8377 = CARTESIAN_POINT('',(14.055192926045,-4.74,7.751967845659));
#8378 = CARTESIAN_POINT('',(14.076800643087,-4.74,7.732675241158));
#8379 = CARTESIAN_POINT('',(14.09883775408,-4.74,7.7129992492));
#8380 = CARTESIAN_POINT('',(14.11461414791,-4.74,7.692546623794));
#8381 = CARTESIAN_POINT('',(14.122331189711,-4.74,7.670167202572));
#8382 = CARTESIAN_POINT('',(14.1303680664,-4.74,7.646860260173));
#8383 = CARTESIAN_POINT('',(14.142395498392,-4.74,7.609974276527));
#8384 = CARTESIAN_POINT('',(14.156286173633,-4.74,7.558270096463));
#8385 = CARTESIAN_POINT('',(14.213065835896,-4.74,7.346923575819));
#8386 = CARTESIAN_POINT('',(14.271012861736,-4.74,7.135890675241));
#8387 = CARTESIAN_POINT('',(14.328376205788,-4.74,6.92470096463));
#8388 = ORIENTED_EDGE('',*,*,#8389,.F.);
#8389 = EDGE_CURVE('',#8390,#8362,#8392,.T.);
#8390 = VERTEX_POINT('',#8391);
#8391 = CARTESIAN_POINT('',(13.984967845659,-4.74,7.461807073955));
#8392 = B_SPLINE_CURVE_WITH_KNOTS('',3,(#8393,#8394,#8395,#8396,#8397,
    #8398,#8399,#8400,#8401,#8402,#8403,#8404,#8405,#8406,#8407,#8408,
    #8409,#8410,#8411,#8412,#8413,#8414,#8415,#8416,#8417,#8418,#8419,
    #8420,#8421,#8422,#8423,#8424,#8425,#8426,#8427,#8428,#8429,#8430,
    #8431,#8432,#8433,#8434),.UNSPECIFIED.,.F.,.F.,(4,3,3,2,2,3,3,3,3,3,
    2,3,2,3,3,4),(8.475308753247E-02,0.169576462662,0.183599910923,
    0.193872495869,0.204145080815,0.212232009389,0.219885090158,
    0.228816308652,0.238005574186,0.332572675782,0.342462258691,
    0.354903992029,0.364136766121,0.376831830497,0.391634883796,
    0.473080077107),.UNSPECIFIED.);
#8393 = CARTESIAN_POINT('',(13.984967845659,-4.74,7.461807073955));
#8394 = CARTESIAN_POINT('',(13.921688102894,-4.74,7.229524115756));
#8395 = CARTESIAN_POINT('',(13.858408360129,-4.74,6.997241157556));
#8396 = CARTESIAN_POINT('',(13.795128617363,-4.74,6.764958199357));
#8397 = CARTESIAN_POINT('',(13.780611825,-4.74,6.711670949342));
#8398 = CARTESIAN_POINT('',(13.768890675241,-4.74,6.673897106109));
#8399 = CARTESIAN_POINT('',(13.76040192926,-4.74,6.650745980707));
#8400 = CARTESIAN_POINT('',(13.751821727642,-4.74,6.62734543084));
#8401 = CARTESIAN_POINT('',(13.736479099678,-4.74,6.607530546624));
#8402 = CARTESIAN_POINT('',(13.693263665595,-4.74,6.570488745981));
#8403 = CARTESIAN_POINT('',(13.664710610932,-4.74,6.562));
#8404 = CARTESIAN_POINT('',(13.599887459807,-4.74,6.562));
#8405 = CARTESIAN_POINT('',(13.575964630225,-4.74,6.56740192926));
#8406 = CARTESIAN_POINT('',(13.557443729904,-4.74,6.578205787781));
#8407 = CARTESIAN_POINT('',(13.538347050297,-4.74,6.589345517552));
#8408 = CARTESIAN_POINT('',(13.523488745981,-4.74,6.603672025723));
#8409 = CARTESIAN_POINT('',(13.51191318328,-4.74,6.623736334405));
#8410 = CARTESIAN_POINT('',(13.500144908658,-4.74,6.644134677083));
#8411 = CARTESIAN_POINT('',(13.490305466238,-4.74,6.666951768489));
#8412 = CARTESIAN_POINT('',(13.483360128617,-4.74,6.693961414791));
#8413 = CARTESIAN_POINT('',(13.476180797999,-4.74,6.721881033863));
#8414 = CARTESIAN_POINT('',(13.469469453376,-4.74,6.746437299035));
#8415 = CARTESIAN_POINT('',(13.463295819936,-4.74,6.769588424437));
#8416 = CARTESIAN_POINT('',(13.394151979293,-4.74,7.028877826847));
#8417 = CARTESIAN_POINT('',(13.334678456592,-4.74,7.290745980707));
#8418 = CARTESIAN_POINT('',(13.27036977492,-4.74,7.551324758842));
#8419 = CARTESIAN_POINT('',(13.259113751646,-4.74,7.596934165147));
#8420 = CARTESIAN_POINT('',(13.253392282958,-4.74,7.630810289389));
#8421 = CARTESIAN_POINT('',(13.253392282958,-4.74,7.684829581994));
#8422 = CARTESIAN_POINT('',(13.263424437299,-4.74,7.710295819936));
#8423 = CARTESIAN_POINT('',(13.285032154341,-4.74,7.731131832797));
#8424 = CARTESIAN_POINT('',(13.305854395879,-4.74,7.751210422852));
#8425 = CARTESIAN_POINT('',(13.332106109325,-4.74,7.762));
#8426 = CARTESIAN_POINT('',(13.405418006431,-4.74,7.762));
#8427 = CARTESIAN_POINT('',(13.434742765273,-4.74,7.748109324759));
#8428 = CARTESIAN_POINT('',(13.449405144695,-4.74,7.721099678457));
#8429 = CARTESIAN_POINT('',(13.46439109491,-4.74,7.693493980691));
#8430 = CARTESIAN_POINT('',(13.476414790997,-4.74,7.653189710611));
#8431 = CARTESIAN_POINT('',(13.487990353698,-4.74,7.601485530547));
#8432 = CARTESIAN_POINT('',(13.538492449801,-4.74,7.375909501287));
#8433 = CARTESIAN_POINT('',(13.588826366559,-4.74,7.150295819936));
#8434 = CARTESIAN_POINT('',(13.63924437299,-4.74,6.92470096463));
#8435 = ORIENTED_EDGE('',*,*,#8436,.F.);
#8436 = EDGE_CURVE('',#8318,#8390,#8437,.T.);
#8437 = B_SPLINE_CURVE_WITH_KNOTS('',3,(#8438,#8439,#8440,#8441),
  .UNSPECIFIED.,.F.,.F.,(4,4),(0.,8.475308753247E-02),
  .PIECEWISE_BEZIER_KNOTS.);
#8438 = CARTESIAN_POINT('',(14.172491961415,-4.74,6.764958199357));
#8439 = CARTESIAN_POINT('',(14.107275086561,-4.74,6.996478105086));
#8440 = CARTESIAN_POINT('',(14.047475884244,-4.74,7.229524115756));
#8441 = CARTESIAN_POINT('',(13.984967845659,-4.74,7.461807073955));
#8442 = B_SPLINE_SURFACE_WITH_KNOTS('',1,1,(
    (#8443,#8444)
    ,(#8445,#8446
    )),.UNSPECIFIED.,.F.,.F.,.F.,(2,2),(2,2),(-0.304431172512,
    0.895568827488),(-1.421073143098,4.053457394364E-02),
  .PIECEWISE_BEZIER_KNOTS.);
#8443 = CARTESIAN_POINT('',(13.253392282958,-4.74,7.762));
#8444 = CARTESIAN_POINT('',(14.715,-4.74,7.762));
#8445 = CARTESIAN_POINT('',(13.253392282958,-4.74,6.562));
#8446 = CARTESIAN_POINT('',(14.715,-4.74,6.562));
#8447 = ADVANCED_FACE('',(#8448),#8462,.T.);
#8448 = FACE_BOUND('',#8449,.T.);
#8449 = EDGE_LOOP('',(#8450,#8451,#8456,#8457));
#8450 = ORIENTED_EDGE('',*,*,#266,.F.);
#8451 = ORIENTED_EDGE('',*,*,#8452,.F.);
#8452 = EDGE_CURVE('',#8316,#239,#8453,.T.);
#8453 = B_SPLINE_CURVE_WITH_KNOTS('',1,(#8454,#8455),.UNSPECIFIED.,.F.,
  .F.,(2,2),(0.,1.E-02),.PIECEWISE_BEZIER_KNOTS.);
#8454 = CARTESIAN_POINT('',(14.328376205788,-4.74,6.92470096463));
#8455 = CARTESIAN_POINT('',(14.328376205788,-4.75,6.92470096463));
#8456 = ORIENTED_EDGE('',*,*,#8315,.T.);
#8457 = ORIENTED_EDGE('',*,*,#8458,.T.);
#8458 = EDGE_CURVE('',#8318,#267,#8459,.T.);
#8459 = B_SPLINE_CURVE_WITH_KNOTS('',1,(#8460,#8461),.UNSPECIFIED.,.F.,
  .F.,(2,2),(0.,1.E-02),.PIECEWISE_BEZIER_KNOTS.);
#8460 = CARTESIAN_POINT('',(14.172491961415,-4.74,6.764958199357));
#8461 = CARTESIAN_POINT('',(14.172491961415,-4.75,6.764958199357));
#8462 = B_SPLINE_SURFACE_WITH_KNOTS('',3,1,(
    (#8463,#8464)
    ,(#8465,#8466)
    ,(#8467,#8468)
    ,(#8469,#8470)
    ,(#8471,#8472)
    ,(#8473,#8474)
    ,(#8475,#8476)
    ,(#8477,#8478)
    ,(#8479,#8480)
    ,(#8481,#8482)
    ,(#8483,#8484)
    ,(#8485,#8486)
    ,(#8487,#8488)
    ,(#8489,#8490)
    ,(#8491,#8492)
    ,(#8493,#8494)
    ,(#8495,#8496)
    ,(#8497,#8498)
    ,(#8499,#8500)
    ,(#8501,#8502
    )),.UNSPECIFIED.,.F.,.F.,.F.,(4,1,1,1,1,1,1,1,1,1,1,1,1,1,1,1,1,4),(
    2,2),(0.696587840919,0.734514360804,0.753477620747,0.772440880689,
    0.791404140632,0.800885770603,0.810367400574,0.819849030546,
    0.829330660517,0.838812290488,0.84829392046,0.867257180402,
    0.886220440345,0.92414696023,0.943110220172,0.962073480115,
    0.981036740057,1.),(0.,1.),.UNSPECIFIED.);
#8463 = CARTESIAN_POINT('',(14.328376205788,-4.74,6.92470096463));
#8464 = CARTESIAN_POINT('',(14.328376205788,-4.75,6.92470096463));
#8465 = CARTESIAN_POINT('',(14.351854319885,-4.74,7.029753546584));
#8466 = CARTESIAN_POINT('',(14.351854319885,-4.75,7.029753546584));
#8467 = CARTESIAN_POINT('',(14.387521821169,-4.74,7.18687266182));
#8468 = CARTESIAN_POINT('',(14.387521821169,-4.75,7.18687266182));
#8469 = CARTESIAN_POINT('',(14.433277168991,-4.74,7.398203846244));
#8470 = CARTESIAN_POINT('',(14.433277168991,-4.75,7.398203846244));
#8471 = CARTESIAN_POINT('',(14.47209698125,-4.74,7.552104657622));
#8472 = CARTESIAN_POINT('',(14.47209698125,-4.75,7.552104657622));
#8473 = CARTESIAN_POINT('',(14.490186370389,-4.74,7.694914327413));
#8474 = CARTESIAN_POINT('',(14.490186370389,-4.75,7.694914327413));
#8475 = CARTESIAN_POINT('',(14.561645617619,-4.74,7.76727259118));
#8476 = CARTESIAN_POINT('',(14.561645617619,-4.75,7.76727259118));
#8477 = CARTESIAN_POINT('',(14.659868452268,-4.74,7.761322677526));
#8478 = CARTESIAN_POINT('',(14.659868452268,-4.75,7.761322677526));
#8479 = CARTESIAN_POINT('',(14.709398982132,-4.74,7.701832419891));
#8480 = CARTESIAN_POINT('',(14.709398982132,-4.75,7.701832419891));
#8481 = CARTESIAN_POINT('',(14.721535768928,-4.74,7.657065450047));
#8482 = CARTESIAN_POINT('',(14.721535768928,-4.75,7.657065450047));
#8483 = CARTESIAN_POINT('',(14.691200053221,-4.74,7.524859851462));
#8484 = CARTESIAN_POINT('',(14.691200053221,-4.75,7.524859851462));
#8485 = CARTESIAN_POINT('',(14.669502455877,-4.74,7.437822077789));
#8486 = CARTESIAN_POINT('',(14.669502455877,-4.75,7.437822077789));
#8487 = CARTESIAN_POINT('',(14.635459021842,-4.74,7.29883445491));
#8488 = CARTESIAN_POINT('',(14.635459021842,-4.75,7.29883445491));
#8489 = CARTESIAN_POINT('',(14.585121107472,-4.74,7.091845036202));
#8490 = CARTESIAN_POINT('',(14.585121107472,-4.75,7.091845036202));
#8491 = CARTESIAN_POINT('',(14.528546382611,-4.74,6.889990231568));
#8492 = CARTESIAN_POINT('',(14.528546382611,-4.75,6.889990231568));
#8493 = CARTESIAN_POINT('',(14.486968713926,-4.74,6.661337216668));
#8494 = CARTESIAN_POINT('',(14.486968713926,-4.75,6.661337216668));
#8495 = CARTESIAN_POINT('',(14.394343559858,-4.74,6.532792068301));
#8496 = CARTESIAN_POINT('',(14.394343559858,-4.75,6.532792068301));
#8497 = CARTESIAN_POINT('',(14.200686351897,-4.74,6.602923828749));
#8498 = CARTESIAN_POINT('',(14.200686351897,-4.75,6.602923828749));
#8499 = CARTESIAN_POINT('',(14.197802540681,-4.74,6.675105642962));
#8500 = CARTESIAN_POINT('',(14.197802540681,-4.75,6.675105642962));
#8501 = CARTESIAN_POINT('',(14.172491961415,-4.74,6.764958199357));
#8502 = CARTESIAN_POINT('',(14.172491961415,-4.75,6.764958199357));
#8503 = ADVANCED_FACE('',(#8504),#8514,.T.);
#8504 = FACE_BOUND('',#8505,.T.);
#8505 = EDGE_LOOP('',(#8506,#8507,#8508,#8509));
#8506 = ORIENTED_EDGE('',*,*,#310,.F.);
#8507 = ORIENTED_EDGE('',*,*,#8458,.F.);
#8508 = ORIENTED_EDGE('',*,*,#8436,.T.);
#8509 = ORIENTED_EDGE('',*,*,#8510,.T.);
#8510 = EDGE_CURVE('',#8390,#311,#8511,.T.);
#8511 = B_SPLINE_CURVE_WITH_KNOTS('',1,(#8512,#8513),.UNSPECIFIED.,.F.,
  .F.,(2,2),(0.,1.E-02),.PIECEWISE_BEZIER_KNOTS.);
#8512 = CARTESIAN_POINT('',(13.984967845659,-4.74,7.461807073955));
#8513 = CARTESIAN_POINT('',(13.984967845659,-4.75,7.461807073955));
#8514 = B_SPLINE_SURFACE_WITH_KNOTS('',3,1,(
    (#8515,#8516)
    ,(#8517,#8518)
    ,(#8519,#8520)
    ,(#8521,#8522
    )),.UNSPECIFIED.,.F.,.F.,.F.,(4,4),(2,2),(0.,8.475308753247E-02),(0.
    ,1.),.PIECEWISE_BEZIER_KNOTS.);
#8515 = CARTESIAN_POINT('',(14.172491961415,-4.74,6.764958199357));
#8516 = CARTESIAN_POINT('',(14.172491961415,-4.75,6.764958199357));
#8517 = CARTESIAN_POINT('',(14.107275086561,-4.74,6.996478105086));
#8518 = CARTESIAN_POINT('',(14.107275086561,-4.75,6.996478105086));
#8519 = CARTESIAN_POINT('',(14.047475884244,-4.74,7.229524115756));
#8520 = CARTESIAN_POINT('',(14.047475884244,-4.75,7.229524115756));
#8521 = CARTESIAN_POINT('',(13.984967845659,-4.74,7.461807073955));
#8522 = CARTESIAN_POINT('',(13.984967845659,-4.75,7.461807073955));
#8523 = ADVANCED_FACE('',(#8524),#8534,.T.);
#8524 = FACE_BOUND('',#8525,.T.);
#8525 = EDGE_LOOP('',(#8526,#8527,#8528,#8529));
#8526 = ORIENTED_EDGE('',*,*,#319,.F.);
#8527 = ORIENTED_EDGE('',*,*,#8510,.F.);
#8528 = ORIENTED_EDGE('',*,*,#8389,.T.);
#8529 = ORIENTED_EDGE('',*,*,#8530,.T.);
#8530 = EDGE_CURVE('',#8362,#237,#8531,.T.);
#8531 = B_SPLINE_CURVE_WITH_KNOTS('',1,(#8532,#8533),.UNSPECIFIED.,.F.,
  .F.,(2,2),(0.,1.E-02),.PIECEWISE_BEZIER_KNOTS.);
#8532 = CARTESIAN_POINT('',(13.63924437299,-4.74,6.92470096463));
#8533 = CARTESIAN_POINT('',(13.63924437299,-4.75,6.92470096463));
#8534 = B_SPLINE_SURFACE_WITH_KNOTS('',3,1,(
    (#8535,#8536)
    ,(#8537,#8538)
    ,(#8539,#8540)
    ,(#8541,#8542)
    ,(#8543,#8544)
    ,(#8545,#8546)
    ,(#8547,#8548)
    ,(#8549,#8550)
    ,(#8551,#8552)
    ,(#8553,#8554)
    ,(#8555,#8556)
    ,(#8557,#8558)
    ,(#8559,#8560)
    ,(#8561,#8562)
    ,(#8563,#8564)
    ,(#8565,#8566)
    ,(#8567,#8568)
    ,(#8569,#8570)
    ,(#8571,#8572)
    ,(#8573,#8574)
    ,(#8575,#8576)
    ,(#8577,#8578)
    ,(#8579,#8580
    )),.UNSPECIFIED.,.F.,.F.,.F.,(4,1,1,1,1,1,1,1,1,1,1,1,1,1,1,1,1,1,1,
    1,4),(2,2),(8.475308753247E-02,0.133293961229,0.157564398078,
    0.181834834926,0.19397005335,0.206105271774,0.218240490199,
    0.230375708623,0.254646145471,0.27891658232,0.303187019168,
    0.327457456016,0.33959267444,0.351727892865,0.363863111289,
    0.375998329713,0.388133548137,0.400268766561,0.42453920341,
    0.448809640258,0.473080077107),(0.,1.),.UNSPECIFIED.);
#8535 = CARTESIAN_POINT('',(13.984967845659,-4.74,7.461807073955));
#8536 = CARTESIAN_POINT('',(13.984967845659,-4.75,7.461807073955));
#8537 = CARTESIAN_POINT('',(13.948755492679,-4.74,7.328881241675));
#8538 = CARTESIAN_POINT('',(13.948755492679,-4.75,7.328881241675));
#8539 = CARTESIAN_POINT('',(13.894353829982,-4.74,7.126105456511));
#8540 = CARTESIAN_POINT('',(13.894353829982,-4.75,7.126105456511));
#8541 = CARTESIAN_POINT('',(13.822150812629,-4.74,6.869285889934));
#8542 = CARTESIAN_POINT('',(13.822150812629,-4.75,6.869285889934));
#8543 = CARTESIAN_POINT('',(13.776331149887,-4.74,6.680548354627));
#8544 = CARTESIAN_POINT('',(13.776331149887,-4.75,6.680548354627));
#8545 = CARTESIAN_POINT('',(13.729453824133,-4.74,6.58170943196));
#8546 = CARTESIAN_POINT('',(13.729453824133,-4.75,6.58170943196));
#8547 = CARTESIAN_POINT('',(13.603096196426,-4.74,6.548231771606));
#8548 = CARTESIAN_POINT('',(13.603096196426,-4.75,6.548231771606));
#8549 = CARTESIAN_POINT('',(13.509189553723,-4.74,6.603076306961));
#8550 = CARTESIAN_POINT('',(13.509189553723,-4.75,6.603076306961));
#8551 = CARTESIAN_POINT('',(13.469184290979,-4.74,6.744158566435));
#8552 = CARTESIAN_POINT('',(13.469184290979,-4.75,6.744158566435));
#8553 = CARTESIAN_POINT('',(13.427582796517,-4.74,6.905603273848));
#8554 = CARTESIAN_POINT('',(13.427582796517,-4.75,6.905603273848));
#8555 = CARTESIAN_POINT('',(13.377849634365,-4.74,7.105827632003));
#8556 = CARTESIAN_POINT('',(13.377849634365,-4.75,7.105827632003));
#8557 = CARTESIAN_POINT('',(13.327897995721,-4.74,7.314522772076));
#8558 = CARTESIAN_POINT('',(13.327897995721,-4.75,7.314522772076));
#8559 = CARTESIAN_POINT('',(13.293551460165,-4.74,7.456579529407));
#8560 = CARTESIAN_POINT('',(13.293551460165,-4.75,7.456579529407));
#8561 = CARTESIAN_POINT('',(13.248323293785,-4.74,7.642339984403));
#8562 = CARTESIAN_POINT('',(13.248323293785,-4.75,7.642339984403));
#8563 = CARTESIAN_POINT('',(13.253459563511,-4.74,7.715726990134));
#8564 = CARTESIAN_POINT('',(13.253459563511,-4.75,7.715726990134));
#8565 = CARTESIAN_POINT('',(13.362167990449,-4.74,7.780370274494));
#8566 = CARTESIAN_POINT('',(13.362167990449,-4.75,7.780370274494));
#8567 = CARTESIAN_POINT('',(13.459318752652,-4.74,7.734621530716));
#8568 = CARTESIAN_POINT('',(13.459318752652,-4.75,7.734621530716));
#8569 = CARTESIAN_POINT('',(13.478524825457,-4.74,7.638642413386));
#8570 = CARTESIAN_POINT('',(13.478524825457,-4.75,7.638642413386));
#8571 = CARTESIAN_POINT('',(13.513278640393,-4.74,7.491478750881));
#8572 = CARTESIAN_POINT('',(13.513278640393,-4.75,7.491478750881));
#8573 = CARTESIAN_POINT('',(13.548557189291,-4.74,7.329660160655));
#8574 = CARTESIAN_POINT('',(13.548557189291,-4.75,7.329660160655));
#8575 = CARTESIAN_POINT('',(13.594352533275,-4.74,7.125929903488));
#8576 = CARTESIAN_POINT('',(13.594352533275,-4.75,7.125929903488));
#8577 = CARTESIAN_POINT('',(13.624219949923,-4.74,6.991927592335));
#8578 = CARTESIAN_POINT('',(13.624219949923,-4.75,6.991927592335));
#8579 = CARTESIAN_POINT('',(13.63924437299,-4.74,6.92470096463));
#8580 = CARTESIAN_POINT('',(13.63924437299,-4.75,6.92470096463));
#8581 = ADVANCED_FACE('',(#8582),#8588,.T.);
#8582 = FACE_BOUND('',#8583,.T.);
#8583 = EDGE_LOOP('',(#8584,#8585,#8586,#8587));
#8584 = ORIENTED_EDGE('',*,*,#236,.F.);
#8585 = ORIENTED_EDGE('',*,*,#8530,.F.);
#8586 = ORIENTED_EDGE('',*,*,#8361,.T.);
#8587 = ORIENTED_EDGE('',*,*,#8452,.T.);
#8588 = B_SPLINE_SURFACE_WITH_KNOTS('',3,1,(
    (#8589,#8590)
    ,(#8591,#8592)
    ,(#8593,#8594)
    ,(#8595,#8596)
    ,(#8597,#8598)
    ,(#8599,#8600)
    ,(#8601,#8602)
    ,(#8603,#8604)
    ,(#8605,#8606)
    ,(#8607,#8608)
    ,(#8609,#8610)
    ,(#8611,#8612)
    ,(#8613,#8614)
    ,(#8615,#8616
  )),.UNSPECIFIED.,.F.,.F.,.F.,(4,1,1,1,1,1,1,1,1,1,1,4),(2,2),(
    0.473080077107,0.501018547583,0.52895701806,0.542926253298,
    0.556895488536,0.570864723775,0.584833959013,0.598803194251,
    0.612772429489,0.626741664728,0.640710899966,0.696587840919),(0.,1.)
  ,.UNSPECIFIED.);
#8589 = CARTESIAN_POINT('',(13.63924437299,-4.74,6.92470096463));
#8590 = CARTESIAN_POINT('',(13.63924437299,-4.75,6.92470096463));
#8591 = CARTESIAN_POINT('',(13.659855830556,-4.74,7.00127113052));
#8592 = CARTESIAN_POINT('',(13.659855830556,-4.75,7.00127113052));
#8593 = CARTESIAN_POINT('',(13.70068883946,-4.74,7.152910502217));
#8594 = CARTESIAN_POINT('',(13.70068883946,-4.75,7.152910502217));
#8595 = CARTESIAN_POINT('',(13.75367963173,-4.74,7.349964517251));
#8596 = CARTESIAN_POINT('',(13.75367963173,-4.75,7.349964517251));
#8597 = CARTESIAN_POINT('',(13.791978250151,-4.74,7.491847648411));
#8598 = CARTESIAN_POINT('',(13.791978250151,-4.75,7.491847648411));
#8599 = CARTESIAN_POINT('',(13.831814541468,-4.74,7.641037359135));
#8600 = CARTESIAN_POINT('',(13.831814541468,-4.75,7.641037359135));
#8601 = CARTESIAN_POINT('',(13.863960185025,-4.74,7.7272239218));
#8602 = CARTESIAN_POINT('',(13.863960185025,-4.75,7.7272239218));
#8603 = CARTESIAN_POINT('',(13.98404236169,-4.74,7.780068190286));
#8604 = CARTESIAN_POINT('',(13.98404236169,-4.75,7.780068190286));
#8605 = CARTESIAN_POINT('',(14.107671820505,-4.74,7.724501982301));
#8606 = CARTESIAN_POINT('',(14.107671820505,-4.75,7.724501982301));
#8607 = CARTESIAN_POINT('',(14.135910984879,-4.74,7.630715569216));
#8608 = CARTESIAN_POINT('',(14.135910984879,-4.75,7.630715569216));
#8609 = CARTESIAN_POINT('',(14.173747329544,-4.74,7.494122663267));
#8610 = CARTESIAN_POINT('',(14.173747329544,-4.75,7.494122663267));
#8611 = CARTESIAN_POINT('',(14.232674078839,-4.74,7.27452299537));
#8612 = CARTESIAN_POINT('',(14.232674078839,-4.75,7.27452299537));
#8613 = CARTESIAN_POINT('',(14.286805778808,-4.74,7.077747245124));
#8614 = CARTESIAN_POINT('',(14.286805778808,-4.75,7.077747245124));
#8615 = CARTESIAN_POINT('',(14.328376205788,-4.74,6.92470096463));
#8616 = CARTESIAN_POINT('',(14.328376205788,-4.75,6.92470096463));
#8617 = ADVANCED_FACE('',(#8618),#8707,.T.);
#8618 = FACE_BOUND('',#8619,.T.);
#8619 = EDGE_LOOP('',(#8620,#8641,#8673,#8700));
#8620 = ORIENTED_EDGE('',*,*,#8621,.F.);
#8621 = EDGE_CURVE('',#8622,#8624,#8626,.T.);
#8622 = VERTEX_POINT('',#8623);
#8623 = CARTESIAN_POINT('',(11.312556270096,-4.74,7.072868167203));
#8624 = VERTEX_POINT('',#8625);
#8625 = CARTESIAN_POINT('',(11.077186495177,-4.74,6.704765273312));
#8626 = B_SPLINE_CURVE_WITH_KNOTS('',3,(#8627,#8628,#8629,#8630,#8631,
    #8632,#8633,#8634,#8635,#8636,#8637,#8638,#8639,#8640),
  .UNSPECIFIED.,.F.,.F.,(4,3,2,2,3,4),(0.808443986842,0.897934166709,
    0.922598083289,0.947261999869,0.971925916449,1.),.UNSPECIFIED.);
#8627 = CARTESIAN_POINT('',(11.312556270096,-4.74,7.072868167203));
#8628 = CARTESIAN_POINT('',(11.312556270096,-4.74,6.950167202572));
#8629 = CARTESIAN_POINT('',(11.312556270096,-4.74,6.827466237942));
#8630 = CARTESIAN_POINT('',(11.312556270096,-4.74,6.704765273312));
#8631 = CARTESIAN_POINT('',(11.312556270096,-4.74,6.656919614148));
#8632 = CARTESIAN_POINT('',(11.301752411576,-4.74,6.621421221865));
#8633 = CARTESIAN_POINT('',(11.256993569132,-4.74,6.573575562701));
#8634 = CARTESIAN_POINT('',(11.22921221865,-4.74,6.562));
#8635 = CARTESIAN_POINT('',(11.159758842444,-4.74,6.562));
#8636 = CARTESIAN_POINT('',(11.131205787781,-4.74,6.573575562701));
#8637 = CARTESIAN_POINT('',(11.10959807074,-4.74,6.596726688103));
#8638 = CARTESIAN_POINT('',(11.087605418121,-4.74,6.62029024448));
#8639 = CARTESIAN_POINT('',(11.077186495177,-4.74,6.656147909968));
#8640 = CARTESIAN_POINT('',(11.077186495177,-4.74,6.704765273312));
#8641 = ORIENTED_EDGE('',*,*,#8642,.F.);
#8642 = EDGE_CURVE('',#8643,#8622,#8645,.T.);
#8643 = VERTEX_POINT('',#8644);
#8644 = CARTESIAN_POINT('',(11.199115755627,-4.74,7.274282958199));
#8645 = B_SPLINE_CURVE_WITH_KNOTS('',3,(#8646,#8647,#8648,#8649,#8650,
    #8651,#8652,#8653,#8654,#8655,#8656,#8657,#8658,#8659,#8660,#8661,
    #8662,#8663,#8664,#8665,#8666,#8667,#8668,#8669,#8670,#8671,#8672),
  .UNSPECIFIED.,.F.,.F.,(4,3,3,2,3,2,2,2,3,3,4),(0.448969930512,
    0.549755683745,0.565267366863,0.577181134603,0.589094902344,
    0.601112187928,0.620139556769,0.63916692561,0.654734772844,
    0.679076011994,0.808443986842),.UNSPECIFIED.);
#8646 = CARTESIAN_POINT('',(11.199115755627,-4.74,7.274282958199));
#8647 = CARTESIAN_POINT('',(11.272170418006,-4.74,7.391581993569));
#8648 = CARTESIAN_POINT('',(11.345225080386,-4.74,7.508881028939));
#8649 = CARTESIAN_POINT('',(11.418279742765,-4.74,7.626180064309));
#8650 = CARTESIAN_POINT('',(11.431858262232,-4.74,7.647982194157));
#8651 = CARTESIAN_POINT('',(11.442974276527,-4.74,7.665536977492));
#8652 = CARTESIAN_POINT('',(11.452234726688,-4.74,7.680199356913));
#8653 = CARTESIAN_POINT('',(11.461275126548,-4.74,7.694513323358));
#8654 = CARTESIAN_POINT('',(11.47075562701,-4.74,7.708752411576));
#8655 = CARTESIAN_POINT('',(11.492363344051,-4.74,7.734990353698));
#8656 = CARTESIAN_POINT('',(11.504710610932,-4.74,7.745022508039));
#8657 = CARTESIAN_POINT('',(11.517829581994,-4.74,7.751196141479));
#8658 = CARTESIAN_POINT('',(11.531245866846,-4.74,7.757509687292));
#8659 = CARTESIAN_POINT('',(11.547154340836,-4.74,7.762));
#8660 = CARTESIAN_POINT('',(11.595,-4.74,7.762));
#8661 = CARTESIAN_POINT('',(11.619694533762,-4.74,7.751967845659));
#8662 = CARTESIAN_POINT('',(11.659823151125,-4.74,7.713382636656));
#8663 = CARTESIAN_POINT('',(11.669083601286,-4.74,7.691774919614));
#8664 = CARTESIAN_POINT('',(11.669083601286,-4.74,7.64547266881));
#8665 = CARTESIAN_POINT('',(11.664453376206,-4.74,7.624636655949));
#8666 = CARTESIAN_POINT('',(11.654421221865,-4.74,7.604572347267));
#8667 = CARTESIAN_POINT('',(11.644080385852,-4.74,7.583890675241));
#8668 = CARTESIAN_POINT('',(11.627411575563,-4.74,7.555183279743));
#8669 = CARTESIAN_POINT('',(11.602717041801,-4.74,7.51891318328));
#8670 = CARTESIAN_POINT('',(11.502915378288,-4.74,7.372329489996));
#8671 = CARTESIAN_POINT('',(11.409276527331,-4.74,7.221549839228));
#8672 = CARTESIAN_POINT('',(11.312556270096,-4.74,7.072868167203));
#8673 = ORIENTED_EDGE('',*,*,#8674,.F.);
#8674 = EDGE_CURVE('',#8675,#8643,#8677,.T.);
#8675 = VERTEX_POINT('',#8676);
#8676 = CARTESIAN_POINT('',(11.077186495177,-4.74,7.072868167203));
#8677 = B_SPLINE_CURVE_WITH_KNOTS('',3,(#8678,#8679,#8680,#8681,#8682,
    #8683,#8684,#8685,#8686,#8687,#8688,#8689,#8690,#8691,#8692,#8693,
    #8694,#8695,#8696,#8697,#8698,#8699),.UNSPECIFIED.,.F.,.F.,(4,3,3,2,
    2,2,3,3,4),(8.949017986749E-02,0.216676913691,0.242569549179,
    0.255260689087,0.275451138941,0.295641588795,0.316336799895,
    0.348480574534,0.448969930512),.UNSPECIFIED.);
#8678 = CARTESIAN_POINT('',(11.077186495177,-4.74,7.072868167203));
#8679 = CARTESIAN_POINT('',(10.982781350482,-4.74,7.219491961415));
#8680 = CARTESIAN_POINT('',(10.888376205788,-4.74,7.366115755627));
#8681 = CARTESIAN_POINT('',(10.793971061093,-4.74,7.512739549839));
#8682 = CARTESIAN_POINT('',(10.768819991928,-4.74,7.551802518298));
#8683 = CARTESIAN_POINT('',(10.75229903537,-4.74,7.582964630225));
#8684 = CARTESIAN_POINT('',(10.741495176849,-4.74,7.605344051447));
#8685 = CARTESIAN_POINT('',(10.731139308604,-4.74,7.626795492811));
#8686 = CARTESIAN_POINT('',(10.726061093248,-4.74,7.64624437299));
#8687 = CARTESIAN_POINT('',(10.726061093248,-4.74,7.690231511254));
#8688 = CARTESIAN_POINT('',(10.736864951768,-4.74,7.713382636656));
#8689 = CARTESIAN_POINT('',(10.778536977492,-4.74,7.751967845659));
#8690 = CARTESIAN_POINT('',(10.804003215434,-4.74,7.762));
#8691 = CARTESIAN_POINT('',(10.866511254019,-4.74,7.762));
#8692 = CARTESIAN_POINT('',(10.891205787781,-4.74,7.752739549839));
#8693 = CARTESIAN_POINT('',(10.907411575563,-4.74,7.734990353698));
#8694 = CARTESIAN_POINT('',(10.924352471243,-4.74,7.716436039381));
#8695 = CARTESIAN_POINT('',(10.949083601286,-4.74,7.680199356913));
#8696 = CARTESIAN_POINT('',(10.982266881029,-4.74,7.626180064309));
#8697 = CARTESIAN_POINT('',(11.05438442232,-4.74,7.508779415695));
#8698 = CARTESIAN_POINT('',(11.126832797428,-4.74,7.391581993569));
#8699 = CARTESIAN_POINT('',(11.199115755627,-4.74,7.274282958199));
#8700 = ORIENTED_EDGE('',*,*,#8701,.F.);
#8701 = EDGE_CURVE('',#8624,#8675,#8702,.T.);
#8702 = B_SPLINE_CURVE_WITH_KNOTS('',3,(#8703,#8704,#8705,#8706),
  .UNSPECIFIED.,.F.,.F.,(4,4),(0.,8.949017986749E-02),
  .PIECEWISE_BEZIER_KNOTS.);
#8703 = CARTESIAN_POINT('',(11.077186495177,-4.74,6.704765273312));
#8704 = CARTESIAN_POINT('',(11.077186495177,-4.74,6.827466237942));
#8705 = CARTESIAN_POINT('',(11.077186495177,-4.74,6.950167202572));
#8706 = CARTESIAN_POINT('',(11.077186495177,-4.74,7.072868167203));
#8707 = B_SPLINE_SURFACE_WITH_KNOTS('',1,1,(
    (#8708,#8709)
    ,(#8710,#8711
    )),.UNSPECIFIED.,.F.,.F.,.F.,(2,2),(2,2),(-1.091433360438,
    0.108566639562),(-0.584375813653,0.358646694386),
  .PIECEWISE_BEZIER_KNOTS.);
#8708 = CARTESIAN_POINT('',(10.726061093248,-4.74,7.762));
#8709 = CARTESIAN_POINT('',(11.669083601286,-4.74,7.762));
#8710 = CARTESIAN_POINT('',(10.726061093248,-4.74,6.562));
#8711 = CARTESIAN_POINT('',(11.669083601286,-4.74,6.562));
#8712 = ADVANCED_FACE('',(#8713),#8727,.T.);
#8713 = FACE_BOUND('',#8714,.T.);
#8714 = EDGE_LOOP('',(#8715,#8716,#8721,#8722));
#8715 = ORIENTED_EDGE('',*,*,#181,.F.);
#8716 = ORIENTED_EDGE('',*,*,#8717,.F.);
#8717 = EDGE_CURVE('',#8622,#150,#8718,.T.);
#8718 = B_SPLINE_CURVE_WITH_KNOTS('',1,(#8719,#8720),.UNSPECIFIED.,.F.,
  .F.,(2,2),(0.,1.E-02),.PIECEWISE_BEZIER_KNOTS.);
#8719 = CARTESIAN_POINT('',(11.312556270096,-4.74,7.072868167203));
#8720 = CARTESIAN_POINT('',(11.312556270096,-4.75,7.072868167203));
#8721 = ORIENTED_EDGE('',*,*,#8621,.T.);
#8722 = ORIENTED_EDGE('',*,*,#8723,.T.);
#8723 = EDGE_CURVE('',#8624,#182,#8724,.T.);
#8724 = B_SPLINE_CURVE_WITH_KNOTS('',1,(#8725,#8726),.UNSPECIFIED.,.F.,
  .F.,(2,2),(0.,1.E-02),.PIECEWISE_BEZIER_KNOTS.);
#8725 = CARTESIAN_POINT('',(11.077186495177,-4.74,6.704765273312));
#8726 = CARTESIAN_POINT('',(11.077186495177,-4.75,6.704765273312));
#8727 = B_SPLINE_SURFACE_WITH_KNOTS('',3,1,(
    (#8728,#8729)
    ,(#8730,#8731)
    ,(#8732,#8733)
    ,(#8734,#8735)
    ,(#8736,#8737)
    ,(#8738,#8739)
    ,(#8740,#8741)
    ,(#8742,#8743)
    ,(#8744,#8745
    )),.UNSPECIFIED.,.F.,.F.,.F.,(4,1,1,1,1,1,4),(2,2),(0.808443986842,
    0.856332990131,0.880277491776,0.904221993421,0.928166495066,
    0.95211099671,1.),(0.,1.),.UNSPECIFIED.);
#8728 = CARTESIAN_POINT('',(11.312556270096,-4.74,7.072868167203));
#8729 = CARTESIAN_POINT('',(11.312556270096,-4.75,7.072868167203));
#8730 = CARTESIAN_POINT('',(11.312556270096,-4.74,7.007207030891));
#8731 = CARTESIAN_POINT('',(11.312556270096,-4.75,7.007207030891));
#8732 = CARTESIAN_POINT('',(11.313704859389,-4.74,6.907071996149));
#8733 = CARTESIAN_POINT('',(11.313704859389,-4.75,6.907071996149));
#8734 = CARTESIAN_POINT('',(11.310641954609,-4.74,6.780131937594));
#8735 = CARTESIAN_POINT('',(11.310641954609,-4.75,6.780131937594));
#8736 = CARTESIAN_POINT('',(11.31983066895,-4.74,6.668493590922));
#8737 = CARTESIAN_POINT('',(11.31983066895,-4.75,6.668493590922));
#8738 = CARTESIAN_POINT('',(11.272656810994,-4.74,6.569293536092));
#8739 = CARTESIAN_POINT('',(11.272656810994,-4.75,6.569293536092));
#8740 = CARTESIAN_POINT('',(11.13547393411,-4.74,6.548073307364));
#8741 = CARTESIAN_POINT('',(11.13547393411,-4.75,6.548073307364));
#8742 = CARTESIAN_POINT('',(11.077186495177,-4.74,6.6218333739));
#8743 = CARTESIAN_POINT('',(11.077186495177,-4.75,6.6218333739));
#8744 = CARTESIAN_POINT('',(11.077186495177,-4.74,6.704765273312));
#8745 = CARTESIAN_POINT('',(11.077186495177,-4.75,6.704765273312));
#8746 = ADVANCED_FACE('',(#8747),#8757,.T.);
#8747 = FACE_BOUND('',#8748,.T.);
#8748 = EDGE_LOOP('',(#8749,#8750,#8751,#8752));
#8749 = ORIENTED_EDGE('',*,*,#200,.F.);
#8750 = ORIENTED_EDGE('',*,*,#8723,.F.);
#8751 = ORIENTED_EDGE('',*,*,#8701,.T.);
#8752 = ORIENTED_EDGE('',*,*,#8753,.T.);
#8753 = EDGE_CURVE('',#8675,#201,#8754,.T.);
#8754 = B_SPLINE_CURVE_WITH_KNOTS('',1,(#8755,#8756),.UNSPECIFIED.,.F.,
  .F.,(2,2),(0.,1.E-02),.PIECEWISE_BEZIER_KNOTS.);
#8755 = CARTESIAN_POINT('',(11.077186495177,-4.74,7.072868167203));
#8756 = CARTESIAN_POINT('',(11.077186495177,-4.75,7.072868167203));
#8757 = B_SPLINE_SURFACE_WITH_KNOTS('',1,1,(
    (#8758,#8759)
    ,(#8760,#8761
    )),.UNSPECIFIED.,.F.,.F.,.F.,(2,2),(2,2),(-0.368102893891,0.),(
    -1.E-02,0.),.PIECEWISE_BEZIER_KNOTS.);
#8758 = CARTESIAN_POINT('',(11.077186495177,-4.75,7.072868167203));
#8759 = CARTESIAN_POINT('',(11.077186495177,-4.74,7.072868167203));
#8760 = CARTESIAN_POINT('',(11.077186495177,-4.75,6.704765273312));
#8761 = CARTESIAN_POINT('',(11.077186495177,-4.74,6.704765273312));
#8762 = ADVANCED_FACE('',(#8763),#8773,.T.);
#8763 = FACE_BOUND('',#8764,.T.);
#8764 = EDGE_LOOP('',(#8765,#8766,#8767,#8768));
#8765 = ORIENTED_EDGE('',*,*,#209,.F.);
#8766 = ORIENTED_EDGE('',*,*,#8753,.F.);
#8767 = ORIENTED_EDGE('',*,*,#8674,.T.);
#8768 = ORIENTED_EDGE('',*,*,#8769,.T.);
#8769 = EDGE_CURVE('',#8643,#148,#8770,.T.);
#8770 = B_SPLINE_CURVE_WITH_KNOTS('',1,(#8771,#8772),.UNSPECIFIED.,.F.,
  .F.,(2,2),(0.,1.E-02),.PIECEWISE_BEZIER_KNOTS.);
#8771 = CARTESIAN_POINT('',(11.199115755627,-4.74,7.274282958199));
#8772 = CARTESIAN_POINT('',(11.199115755627,-4.75,7.274282958199));
#8773 = B_SPLINE_SURFACE_WITH_KNOTS('',3,1,(
    (#8774,#8775)
    ,(#8776,#8777)
    ,(#8778,#8779)
    ,(#8780,#8781)
    ,(#8782,#8783)
    ,(#8784,#8785)
    ,(#8786,#8787)
    ,(#8788,#8789)
    ,(#8790,#8791)
    ,(#8792,#8793)
    ,(#8794,#8795)
    ,(#8796,#8797)
    ,(#8798,#8799
    )),.UNSPECIFIED.,.F.,.F.,.F.,(4,1,1,1,1,1,1,1,1,1,4),(2,2),(
    8.949017986749E-02,0.179360117529,0.224295086359,0.246762570774,
    0.26923005519,0.291697539605,0.31416502402,0.336632508436,
    0.359099992851,0.404034961681,0.448969930512),(0.,1.),
  .UNSPECIFIED.);
#8774 = CARTESIAN_POINT('',(11.077186495177,-4.74,7.072868167203));
#8775 = CARTESIAN_POINT('',(11.077186495177,-4.75,7.072868167203));
#8776 = CARTESIAN_POINT('',(11.010479974666,-4.74,7.176472299877));
#8777 = CARTESIAN_POINT('',(11.010479974666,-4.75,7.176472299877));
#8778 = CARTESIAN_POINT('',(10.913228569528,-4.74,7.326343679147));
#8779 = CARTESIAN_POINT('',(10.913228569528,-4.75,7.326343679147));
#8780 = CARTESIAN_POINT('',(10.789939282165,-4.74,7.520565490724));
#8781 = CARTESIAN_POINT('',(10.789939282165,-4.75,7.520565490724));
#8782 = CARTESIAN_POINT('',(10.724323088518,-4.74,7.622049248265));
#8783 = CARTESIAN_POINT('',(10.724323088518,-4.75,7.622049248265));
#8784 = CARTESIAN_POINT('',(10.72688352425,-4.74,7.721466766606));
#8785 = CARTESIAN_POINT('',(10.72688352425,-4.75,7.721466766606));
#8786 = CARTESIAN_POINT('',(10.816067931539,-4.74,7.774541455548));
#8787 = CARTESIAN_POINT('',(10.816067931539,-4.75,7.774541455548));
#8788 = CARTESIAN_POINT('',(10.913211409055,-4.74,7.745511287978));
#8789 = CARTESIAN_POINT('',(10.913211409055,-4.75,7.745511287978));
#8790 = CARTESIAN_POINT('',(10.943272164592,-4.74,7.685194591942));
#8791 = CARTESIAN_POINT('',(10.943272164592,-4.75,7.685194591942));
#8792 = CARTESIAN_POINT('',(11.02905638253,-4.74,7.552583358353));
#8793 = CARTESIAN_POINT('',(11.02905638253,-4.75,7.552583358353));
#8794 = CARTESIAN_POINT('',(11.099245016833,-4.74,7.435279593839));
#8795 = CARTESIAN_POINT('',(11.099245016833,-4.75,7.435279593839));
#8796 = CARTESIAN_POINT('',(11.166793601285,-4.74,7.326734568093));
#8797 = CARTESIAN_POINT('',(11.166793601285,-4.75,7.326734568093));
#8798 = CARTESIAN_POINT('',(11.199115755627,-4.74,7.274282958199));
#8799 = CARTESIAN_POINT('',(11.199115755627,-4.75,7.274282958199));
#8800 = ADVANCED_FACE('',(#8801),#8807,.T.);
#8801 = FACE_BOUND('',#8802,.T.);
#8802 = EDGE_LOOP('',(#8803,#8804,#8805,#8806));
#8803 = ORIENTED_EDGE('',*,*,#147,.F.);
#8804 = ORIENTED_EDGE('',*,*,#8769,.F.);
#8805 = ORIENTED_EDGE('',*,*,#8642,.T.);
#8806 = ORIENTED_EDGE('',*,*,#8717,.T.);
#8807 = B_SPLINE_SURFACE_WITH_KNOTS('',3,1,(
    (#8808,#8809)
    ,(#8810,#8811)
    ,(#8812,#8813)
    ,(#8814,#8815)
    ,(#8816,#8817)
    ,(#8818,#8819)
    ,(#8820,#8821)
    ,(#8822,#8823)
    ,(#8824,#8825)
    ,(#8826,#8827)
    ,(#8828,#8829)
    ,(#8830,#8831)
    ,(#8832,#8833
    )),.UNSPECIFIED.,.F.,.F.,.F.,(4,1,1,1,1,1,1,1,1,1,4),(2,2),(
    0.448969930512,0.493904187553,0.538838444594,0.561305573115,
    0.583772701636,0.606239830156,0.628706958677,0.651174087198,
    0.673641215718,0.718575472759,0.808443986842),(0.,1.),
  .UNSPECIFIED.);
#8808 = CARTESIAN_POINT('',(11.199115755627,-4.74,7.274282958199));
#8809 = CARTESIAN_POINT('',(11.199115755627,-4.75,7.274282958199));
#8810 = CARTESIAN_POINT('',(11.231686400506,-4.74,7.326579486597));
#8811 = CARTESIAN_POINT('',(11.231686400506,-4.75,7.326579486597));
#8812 = CARTESIAN_POINT('',(11.297286164699,-4.74,7.431491901895));
#8813 = CARTESIAN_POINT('',(11.297286164699,-4.75,7.431491901895));
#8814 = CARTESIAN_POINT('',(11.376993497766,-4.74,7.561035628498));
#8815 = CARTESIAN_POINT('',(11.376993497766,-4.75,7.561035628498));
#8816 = CARTESIAN_POINT('',(11.445573345784,-4.74,7.668023874072));
#8817 = CARTESIAN_POINT('',(11.445573345784,-4.75,7.668023874072));
#8818 = CARTESIAN_POINT('',(11.492163736955,-4.74,7.75037851581));
#8819 = CARTESIAN_POINT('',(11.492163736955,-4.75,7.75037851581));
#8820 = CARTESIAN_POINT('',(11.590443324958,-4.74,7.774548534301));
#8821 = CARTESIAN_POINT('',(11.590443324958,-4.75,7.774548534301));
#8822 = CARTESIAN_POINT('',(11.676309585241,-4.74,7.710403679442));
#8823 = CARTESIAN_POINT('',(11.676309585241,-4.75,7.710403679442));
#8824 = CARTESIAN_POINT('',(11.666907327056,-4.74,7.614231299355));
#8825 = CARTESIAN_POINT('',(11.666907327056,-4.75,7.614231299355));
#8826 = CARTESIAN_POINT('',(11.602843236266,-4.74,7.519763703891));
#8827 = CARTESIAN_POINT('',(11.602843236266,-4.75,7.519763703891));
#8828 = CARTESIAN_POINT('',(11.474296968994,-4.74,7.32695699559));
#8829 = CARTESIAN_POINT('',(11.474296968994,-4.75,7.32695699559));
#8830 = CARTESIAN_POINT('',(11.379745277342,-4.74,7.176153396425));
#8831 = CARTESIAN_POINT('',(11.379745277342,-4.75,7.176153396425));
#8832 = CARTESIAN_POINT('',(11.312556270096,-4.74,7.072868167203));
#8833 = CARTESIAN_POINT('',(11.312556270096,-4.75,7.072868167203));
#8834 = ADVANCED_FACE('',(#8835),#8849,.F.);
#8835 = FACE_BOUND('',#8836,.T.);
#8836 = EDGE_LOOP('',(#8837));
#8837 = ORIENTED_EDGE('',*,*,#8838,.F.);
#8838 = EDGE_CURVE('',#8839,#8839,#8841,.T.);
#8839 = VERTEX_POINT('',#8840);
#8840 = CARTESIAN_POINT('',(0.5,-4.74,2.));
#8841 = ( BOUNDED_CURVE() B_SPLINE_CURVE(2,(#8842,#8843,#8844,#8845,
#8846,#8847,#8848),.UNSPECIFIED.,.T.,.F.) B_SPLINE_CURVE_WITH_KNOTS((1,2
    ,2,2,2,1),(-2.094395102393,0.,2.094395102393,4.188790204786,
6.28318530718,8.377580409573),.UNSPECIFIED.) CURVE() 
GEOMETRIC_REPRESENTATION_ITEM() RATIONAL_B_SPLINE_CURVE((1.,0.5,1.,0.5,
1.,0.5,1.)) REPRESENTATION_ITEM('') );
#8842 = CARTESIAN_POINT('',(0.5,-4.74,2.));
#8843 = CARTESIAN_POINT('',(0.5,-4.74,1.133974596216));
#8844 = CARTESIAN_POINT('',(-0.25,-4.74,1.566987298108));
#8845 = CARTESIAN_POINT('',(-1.,-4.74,2.));
#8846 = CARTESIAN_POINT('',(-0.25,-4.74,2.433012701892));
#8847 = CARTESIAN_POINT('',(0.5,-4.74,2.866025403784));
#8848 = CARTESIAN_POINT('',(0.5,-4.74,2.));
#8849 = B_SPLINE_SURFACE_WITH_KNOTS('',1,1,(
    (#8850,#8851)
    ,(#8852,#8853
    )),.UNSPECIFIED.,.F.,.F.,.F.,(2,2),(2,2),(-0.5,0.5),(-0.5,0.5),
  .PIECEWISE_BEZIER_KNOTS.);
#8850 = CARTESIAN_POINT('',(-0.5,-4.74,1.5));
#8851 = CARTESIAN_POINT('',(0.5,-4.74,1.5));
#8852 = CARTESIAN_POINT('',(-0.5,-4.74,2.5));
#8853 = CARTESIAN_POINT('',(0.5,-4.74,2.5));
#8854 = ADVANCED_FACE('',(#8855),#8865,.F.);
#8855 = FACE_BOUND('',#8856,.F.);
#8856 = EDGE_LOOP('',(#8857,#8858,#8863,#8864));
#8857 = ORIENTED_EDGE('',*,*,#8838,.F.);
#8858 = ORIENTED_EDGE('',*,*,#8859,.T.);
#8859 = EDGE_CURVE('',#8839,#2404,#8860,.T.);
#8860 = B_SPLINE_CURVE_WITH_KNOTS('',1,(#8861,#8862),.UNSPECIFIED.,.F.,
  .F.,(2,2),(0.,1.E-02),.PIECEWISE_BEZIER_KNOTS.);
#8861 = CARTESIAN_POINT('',(0.5,-4.74,2.));
#8862 = CARTESIAN_POINT('',(0.5,-4.75,2.));
#8863 = ORIENTED_EDGE('',*,*,#2403,.T.);
#8864 = ORIENTED_EDGE('',*,*,#8859,.F.);
#8865 = ( BOUNDED_SURFACE() B_SPLINE_SURFACE(2,1,(
    (#8866,#8867)
    ,(#8868,#8869)
    ,(#8870,#8871)
    ,(#8872,#8873)
    ,(#8874,#8875)
    ,(#8876,#8877)
    ,(#8878,#8879)
    ,(#8880,#8881)
    ,(#8882,#8883
)),.UNSPECIFIED.,.T.,.F.,.F.) B_SPLINE_SURFACE_WITH_KNOTS((3,2,2,2,3),(2
    ,2),(1.570796326795,2.094395102393,4.188790204786,6.28318530718,
    7.853981633974),(0.,1.E-02),.UNSPECIFIED.) 
GEOMETRIC_REPRESENTATION_ITEM() RATIONAL_B_SPLINE_SURFACE((
    (0.8125,0.8125)
    ,(0.875,0.875)
    ,(1.,1.)
    ,(0.5,0.5)
    ,(1.,1.)
    ,(0.5,0.5)
    ,(1.,1.)
    ,(0.625,0.625)
,(0.8125,0.8125))) REPRESENTATION_ITEM('') SURFACE() );
#8866 = CARTESIAN_POINT('',(0.499630040645,-4.74,2.019230769231));
#8867 = CARTESIAN_POINT('',(0.499630040645,-4.75,2.019230769231));
#8868 = CARTESIAN_POINT('',(0.494871659305,-4.74,2.142857142857));
#8869 = CARTESIAN_POINT('',(0.494871659305,-4.75,2.142857142857));
#8870 = CARTESIAN_POINT('',(0.433012701892,-4.74,2.25));
#8871 = CARTESIAN_POINT('',(0.433012701892,-4.75,2.25));
#8872 = CARTESIAN_POINT('',(0.,-4.74,3.));
#8873 = CARTESIAN_POINT('',(0.,-4.75,3.));
#8874 = CARTESIAN_POINT('',(-0.433012701892,-4.74,2.25));
#8875 = CARTESIAN_POINT('',(-0.433012701892,-4.75,2.25));
#8876 = CARTESIAN_POINT('',(-0.866025403784,-4.74,1.5));
#8877 = CARTESIAN_POINT('',(-0.866025403784,-4.75,1.5));
#8878 = CARTESIAN_POINT('',(0.,-4.74,1.5));
#8879 = CARTESIAN_POINT('',(0.,-4.75,1.5));
#8880 = CARTESIAN_POINT('',(0.519615242271,-4.74,1.5));
#8881 = CARTESIAN_POINT('',(0.519615242271,-4.75,1.5));
#8882 = CARTESIAN_POINT('',(0.499630040645,-4.74,2.019230769231));
#8883 = CARTESIAN_POINT('',(0.499630040645,-4.75,2.019230769231));
#8884 = ADVANCED_FACE('',(#8885),#8978,.T.);
#8885 = FACE_BOUND('',#8886,.T.);
#8886 = EDGE_LOOP('',(#8887,#8896,#8903,#8910,#8917,#8924,#8931,#8938,
    #8945,#8952,#8959,#8966,#8973));
#8887 = ORIENTED_EDGE('',*,*,#8888,.F.);
#8888 = EDGE_CURVE('',#8889,#8891,#8893,.T.);
#8889 = VERTEX_POINT('',#8890);
#8890 = CARTESIAN_POINT('',(4.090711178691,-4.74,9.30957727337));
#8891 = VERTEX_POINT('',#8892);
#8892 = CARTESIAN_POINT('',(4.911244305637,-4.74,9.30957727337));
#8893 = B_SPLINE_CURVE_WITH_KNOTS('',1,(#8894,#8895),.UNSPECIFIED.,.F.,
  .F.,(2,2),(0.,0.820533126946),.PIECEWISE_BEZIER_KNOTS.);
#8894 = CARTESIAN_POINT('',(4.090711178691,-4.74,9.30957727337));
#8895 = CARTESIAN_POINT('',(4.911244305637,-4.74,9.30957727337));
#8896 = ORIENTED_EDGE('',*,*,#8897,.F.);
#8897 = EDGE_CURVE('',#8898,#8889,#8900,.T.);
#8898 = VERTEX_POINT('',#8899);
#8899 = CARTESIAN_POINT('',(3.269117017529,-4.74,7.882591162259));
#8900 = B_SPLINE_CURVE_WITH_KNOTS('',1,(#8901,#8902),.UNSPECIFIED.,.F.,
  .F.,(2,2),(0.,1.64660448407),.PIECEWISE_BEZIER_KNOTS.);
#8901 = CARTESIAN_POINT('',(3.269117017529,-4.74,7.882591162259));
#8902 = CARTESIAN_POINT('',(4.090711178691,-4.74,9.30957727337));
#8903 = ORIENTED_EDGE('',*,*,#8904,.F.);
#8904 = EDGE_CURVE('',#8905,#8898,#8907,.T.);
#8905 = VERTEX_POINT('',#8906);
#8906 = CARTESIAN_POINT('',(3.22773668311,-4.74,8.283346717815));
#8907 = B_SPLINE_CURVE_WITH_KNOTS('',1,(#8908,#8909),.UNSPECIFIED.,.F.,
  .F.,(2,2),(0.,0.402886271031),.PIECEWISE_BEZIER_KNOTS.);
#8908 = CARTESIAN_POINT('',(3.22773668311,-4.74,8.283346717815));
#8909 = CARTESIAN_POINT('',(3.269117017529,-4.74,7.882591162259));
#8910 = ORIENTED_EDGE('',*,*,#8911,.F.);
#8911 = EDGE_CURVE('',#8912,#8905,#8914,.T.);
#8912 = VERTEX_POINT('',#8913);
#8913 = CARTESIAN_POINT('',(2.524624676054,-4.74,8.283346717815));
#8914 = B_SPLINE_CURVE_WITH_KNOTS('',1,(#8915,#8916),.UNSPECIFIED.,.F.,
  .F.,(2,2),(0.,0.703112007056),.PIECEWISE_BEZIER_KNOTS.);
#8915 = CARTESIAN_POINT('',(2.524624676054,-4.74,8.283346717815));
#8916 = CARTESIAN_POINT('',(3.22773668311,-4.74,8.283346717815));
#8917 = ORIENTED_EDGE('',*,*,#8918,.F.);
#8918 = EDGE_CURVE('',#8919,#8912,#8921,.T.);
#8919 = VERTEX_POINT('',#8920);
#8920 = CARTESIAN_POINT('',(2.302868524935,-4.74,7.882591162259));
#8921 = B_SPLINE_CURVE_WITH_KNOTS('',1,(#8922,#8923),.UNSPECIFIED.,.F.,
  .F.,(2,2),(0.,0.45801834665),.PIECEWISE_BEZIER_KNOTS.);
#8922 = CARTESIAN_POINT('',(2.302868524935,-4.74,7.882591162259));
#8923 = CARTESIAN_POINT('',(2.524624676054,-4.74,8.283346717815));
#8924 = ORIENTED_EDGE('',*,*,#8925,.F.);
#8925 = EDGE_CURVE('',#8926,#8919,#8928,.T.);
#8926 = VERTEX_POINT('',#8927);
#8927 = CARTESIAN_POINT('',(2.226827739464,-4.74,9.30957727337));
#8928 = B_SPLINE_CURVE_WITH_KNOTS('',1,(#8929,#8930),.UNSPECIFIED.,.F.,
  .F.,(2,2),(0.,1.429010693578),.PIECEWISE_BEZIER_KNOTS.);
#8929 = CARTESIAN_POINT('',(2.226827739464,-4.74,9.30957727337));
#8930 = CARTESIAN_POINT('',(2.302868524935,-4.74,7.882591162259));
#8931 = ORIENTED_EDGE('',*,*,#8932,.F.);
#8932 = EDGE_CURVE('',#8933,#8926,#8935,.T.);
#8933 = VERTEX_POINT('',#8934);
#8934 = CARTESIAN_POINT('',(1.513459068322,-4.74,9.30957727337));
#8935 = B_SPLINE_CURVE_WITH_KNOTS('',1,(#8936,#8937),.UNSPECIFIED.,.F.,
  .F.,(2,2),(0.,0.713368671142),.PIECEWISE_BEZIER_KNOTS.);
#8936 = CARTESIAN_POINT('',(1.513459068322,-4.74,9.30957727337));
#8937 = CARTESIAN_POINT('',(2.226827739464,-4.74,9.30957727337));
#8938 = ORIENTED_EDGE('',*,*,#8939,.F.);
#8939 = EDGE_CURVE('',#8940,#8933,#8942,.T.);
#8940 = VERTEX_POINT('',#8941);
#8941 = CARTESIAN_POINT('',(1.658467077825,-4.74,6.565671717815));
#8942 = B_SPLINE_CURVE_WITH_KNOTS('',1,(#8943,#8944),.UNSPECIFIED.,.F.,
  .F.,(2,2),(0.,2.747734525137),.PIECEWISE_BEZIER_KNOTS.);
#8943 = CARTESIAN_POINT('',(1.658467077825,-4.74,6.565671717815));
#8944 = CARTESIAN_POINT('',(1.513459068322,-4.74,9.30957727337));
#8945 = ORIENTED_EDGE('',*,*,#8946,.F.);
#8946 = EDGE_CURVE('',#8947,#8940,#8949,.T.);
#8947 = VERTEX_POINT('',#8948);
#8948 = CARTESIAN_POINT('',(2.36865264632,-4.74,6.565671717815));
#8949 = B_SPLINE_CURVE_WITH_KNOTS('',1,(#8950,#8951),.UNSPECIFIED.,.F.,
  .F.,(2,2),(0.,0.710185568495),.PIECEWISE_BEZIER_KNOTS.);
#8950 = CARTESIAN_POINT('',(2.36865264632,-4.74,6.565671717815));
#8951 = CARTESIAN_POINT('',(1.658467077825,-4.74,6.565671717815));
#8952 = ORIENTED_EDGE('',*,*,#8953,.F.);
#8953 = EDGE_CURVE('',#8954,#8947,#8956,.T.);
#8954 = VERTEX_POINT('',#8955);
#8955 = CARTESIAN_POINT('',(2.597128680806,-4.74,6.956196717815));
#8956 = B_SPLINE_CURVE_WITH_KNOTS('',1,(#8957,#8958),.UNSPECIFIED.,.F.,
  .F.,(2,2),(0.,0.452450078969),.PIECEWISE_BEZIER_KNOTS.);
#8957 = CARTESIAN_POINT('',(2.597128680806,-4.74,6.956196717815));
#8958 = CARTESIAN_POINT('',(2.36865264632,-4.74,6.565671717815));
#8959 = ORIENTED_EDGE('',*,*,#8960,.F.);
#8960 = EDGE_CURVE('',#8961,#8954,#8963,.T.);
#8961 = VERTEX_POINT('',#8962);
#8962 = CARTESIAN_POINT('',(2.638509015225,-4.74,6.565671717815));
#8963 = B_SPLINE_CURVE_WITH_KNOTS('',1,(#8964,#8965),.UNSPECIFIED.,.F.,
  .F.,(2,2),(0.,0.39271122686),.PIECEWISE_BEZIER_KNOTS.);
#8964 = CARTESIAN_POINT('',(2.638509015225,-4.74,6.565671717815));
#8965 = CARTESIAN_POINT('',(2.597128680806,-4.74,6.956196717815));
#8966 = ORIENTED_EDGE('',*,*,#8967,.F.);
#8967 = EDGE_CURVE('',#8968,#8961,#8970,.T.);
#8968 = VERTEX_POINT('',#8969);
#8969 = CARTESIAN_POINT('',(3.328181255546,-4.74,6.565671717815));
#8970 = B_SPLINE_CURVE_WITH_KNOTS('',1,(#8971,#8972),.UNSPECIFIED.,.F.,
  .F.,(2,2),(0.,0.689672240321),.PIECEWISE_BEZIER_KNOTS.);
#8971 = CARTESIAN_POINT('',(3.328181255546,-4.74,6.565671717815));
#8972 = CARTESIAN_POINT('',(2.638509015225,-4.74,6.565671717815));
#8973 = ORIENTED_EDGE('',*,*,#8974,.F.);
#8974 = EDGE_CURVE('',#8891,#8968,#8975,.T.);
#8975 = B_SPLINE_CURVE_WITH_KNOTS('',1,(#8976,#8977),.UNSPECIFIED.,.F.,
  .F.,(2,2),(0.,3.167823593316),.PIECEWISE_BEZIER_KNOTS.);
#8976 = CARTESIAN_POINT('',(4.911244305637,-4.74,9.30957727337));
#8977 = CARTESIAN_POINT('',(3.328181255546,-4.74,6.565671717815));
#8978 = B_SPLINE_SURFACE_WITH_KNOTS('',1,1,(
    (#8979,#8980)
    ,(#8981,#8982
    )),.UNSPECIFIED.,.F.,.F.,.F.,(2,2),(2,2),(-4.30957727337,
    -1.565671717815),(-6.236540931678,-2.838755694363),
  .PIECEWISE_BEZIER_KNOTS.);
#8979 = CARTESIAN_POINT('',(1.513459068322,-4.74,9.30957727337));
#8980 = CARTESIAN_POINT('',(4.911244305637,-4.74,9.30957727337));
#8981 = CARTESIAN_POINT('',(1.513459068322,-4.74,6.565671717815));
#8982 = CARTESIAN_POINT('',(4.911244305637,-4.74,6.565671717815));
#8983 = ADVANCED_FACE('',(#8984),#8998,.T.);
#8984 = FACE_BOUND('',#8985,.T.);
#8985 = EDGE_LOOP('',(#8986,#8987,#8992,#8993));
#8986 = ORIENTED_EDGE('',*,*,#2426,.F.);
#8987 = ORIENTED_EDGE('',*,*,#8988,.F.);
#8988 = EDGE_CURVE('',#8891,#2420,#8989,.T.);
#8989 = B_SPLINE_CURVE_WITH_KNOTS('',1,(#8990,#8991),.UNSPECIFIED.,.F.,
  .F.,(2,2),(0.,1.E-02),.PIECEWISE_BEZIER_KNOTS.);
#8990 = CARTESIAN_POINT('',(4.911244305637,-4.74,9.30957727337));
#8991 = CARTESIAN_POINT('',(4.911244305637,-4.75,9.30957727337));
#8992 = ORIENTED_EDGE('',*,*,#8974,.T.);
#8993 = ORIENTED_EDGE('',*,*,#8994,.T.);
#8994 = EDGE_CURVE('',#8968,#2427,#8995,.T.);
#8995 = B_SPLINE_CURVE_WITH_KNOTS('',1,(#8996,#8997),.UNSPECIFIED.,.F.,
  .F.,(2,2),(0.,1.E-02),.PIECEWISE_BEZIER_KNOTS.);
#8996 = CARTESIAN_POINT('',(3.328181255546,-4.74,6.565671717815));
#8997 = CARTESIAN_POINT('',(3.328181255546,-4.75,6.565671717815));
#8998 = B_SPLINE_SURFACE_WITH_KNOTS('',1,1,(
    (#8999,#9000)
    ,(#9001,#9002
    )),.UNSPECIFIED.,.F.,.F.,.F.,(2,2),(2,2),(-3.167823593316,0.),(
    -1.E-02,0.),.PIECEWISE_BEZIER_KNOTS.);
#8999 = CARTESIAN_POINT('',(3.328181255546,-4.75,6.565671717815));
#9000 = CARTESIAN_POINT('',(3.328181255546,-4.74,6.565671717815));
#9001 = CARTESIAN_POINT('',(4.911244305637,-4.75,9.30957727337));
#9002 = CARTESIAN_POINT('',(4.911244305637,-4.74,9.30957727337));
#9003 = ADVANCED_FACE('',(#9004),#9014,.T.);
#9004 = FACE_BOUND('',#9005,.T.);
#9005 = EDGE_LOOP('',(#9006,#9007,#9008,#9009));
#9006 = ORIENTED_EDGE('',*,*,#2433,.F.);
#9007 = ORIENTED_EDGE('',*,*,#8994,.F.);
#9008 = ORIENTED_EDGE('',*,*,#8967,.T.);
#9009 = ORIENTED_EDGE('',*,*,#9010,.T.);
#9010 = EDGE_CURVE('',#8961,#2434,#9011,.T.);
#9011 = B_SPLINE_CURVE_WITH_KNOTS('',1,(#9012,#9013),.UNSPECIFIED.,.F.,
  .F.,(2,2),(0.,1.E-02),.PIECEWISE_BEZIER_KNOTS.);
#9012 = CARTESIAN_POINT('',(2.638509015225,-4.74,6.565671717815));
#9013 = CARTESIAN_POINT('',(2.638509015225,-4.75,6.565671717815));
#9014 = B_SPLINE_SURFACE_WITH_KNOTS('',1,1,(
    (#9015,#9016)
    ,(#9017,#9018
    )),.UNSPECIFIED.,.F.,.F.,.F.,(2,2),(2,2),(-0.689672240321,0.),(
    -1.E-02,0.),.PIECEWISE_BEZIER_KNOTS.);
#9015 = CARTESIAN_POINT('',(2.638509015225,-4.75,6.565671717815));
#9016 = CARTESIAN_POINT('',(2.638509015225,-4.74,6.565671717815));
#9017 = CARTESIAN_POINT('',(3.328181255546,-4.75,6.565671717815));
#9018 = CARTESIAN_POINT('',(3.328181255546,-4.74,6.565671717815));
#9019 = ADVANCED_FACE('',(#9020),#9030,.T.);
#9020 = FACE_BOUND('',#9021,.T.);
#9021 = EDGE_LOOP('',(#9022,#9023,#9024,#9025));
#9022 = ORIENTED_EDGE('',*,*,#2440,.F.);
#9023 = ORIENTED_EDGE('',*,*,#9010,.F.);
#9024 = ORIENTED_EDGE('',*,*,#8960,.T.);
#9025 = ORIENTED_EDGE('',*,*,#9026,.T.);
#9026 = EDGE_CURVE('',#8954,#2441,#9027,.T.);
#9027 = B_SPLINE_CURVE_WITH_KNOTS('',1,(#9028,#9029),.UNSPECIFIED.,.F.,
  .F.,(2,2),(0.,1.E-02),.PIECEWISE_BEZIER_KNOTS.);
#9028 = CARTESIAN_POINT('',(2.597128680806,-4.74,6.956196717815));
#9029 = CARTESIAN_POINT('',(2.597128680806,-4.75,6.956196717815));
#9030 = B_SPLINE_SURFACE_WITH_KNOTS('',1,1,(
    (#9031,#9032)
    ,(#9033,#9034
    )),.UNSPECIFIED.,.F.,.F.,.F.,(2,2),(2,2),(-0.39271122686,0.),(
    -1.E-02,0.),.PIECEWISE_BEZIER_KNOTS.);
#9031 = CARTESIAN_POINT('',(2.597128680806,-4.75,6.956196717815));
#9032 = CARTESIAN_POINT('',(2.597128680806,-4.74,6.956196717815));
#9033 = CARTESIAN_POINT('',(2.638509015225,-4.75,6.565671717815));
#9034 = CARTESIAN_POINT('',(2.638509015225,-4.74,6.565671717815));
#9035 = ADVANCED_FACE('',(#9036),#9046,.T.);
#9036 = FACE_BOUND('',#9037,.T.);
#9037 = EDGE_LOOP('',(#9038,#9039,#9040,#9041));
#9038 = ORIENTED_EDGE('',*,*,#2447,.F.);
#9039 = ORIENTED_EDGE('',*,*,#9026,.F.);
#9040 = ORIENTED_EDGE('',*,*,#8953,.T.);
#9041 = ORIENTED_EDGE('',*,*,#9042,.T.);
#9042 = EDGE_CURVE('',#8947,#2448,#9043,.T.);
#9043 = B_SPLINE_CURVE_WITH_KNOTS('',1,(#9044,#9045),.UNSPECIFIED.,.F.,
  .F.,(2,2),(0.,1.E-02),.PIECEWISE_BEZIER_KNOTS.);
#9044 = CARTESIAN_POINT('',(2.36865264632,-4.74,6.565671717815));
#9045 = CARTESIAN_POINT('',(2.36865264632,-4.75,6.565671717815));
#9046 = B_SPLINE_SURFACE_WITH_KNOTS('',1,1,(
    (#9047,#9048)
    ,(#9049,#9050
    )),.UNSPECIFIED.,.F.,.F.,.F.,(2,2),(2,2),(-0.452450078969,0.),(
    -1.E-02,0.),.PIECEWISE_BEZIER_KNOTS.);
#9047 = CARTESIAN_POINT('',(2.36865264632,-4.75,6.565671717815));
#9048 = CARTESIAN_POINT('',(2.36865264632,-4.74,6.565671717815));
#9049 = CARTESIAN_POINT('',(2.597128680806,-4.75,6.956196717815));
#9050 = CARTESIAN_POINT('',(2.597128680806,-4.74,6.956196717815));
#9051 = ADVANCED_FACE('',(#9052),#9062,.T.);
#9052 = FACE_BOUND('',#9053,.T.);
#9053 = EDGE_LOOP('',(#9054,#9055,#9056,#9057));
#9054 = ORIENTED_EDGE('',*,*,#2454,.F.);
#9055 = ORIENTED_EDGE('',*,*,#9042,.F.);
#9056 = ORIENTED_EDGE('',*,*,#8946,.T.);
#9057 = ORIENTED_EDGE('',*,*,#9058,.T.);
#9058 = EDGE_CURVE('',#8940,#2455,#9059,.T.);
#9059 = B_SPLINE_CURVE_WITH_KNOTS('',1,(#9060,#9061),.UNSPECIFIED.,.F.,
  .F.,(2,2),(0.,1.E-02),.PIECEWISE_BEZIER_KNOTS.);
#9060 = CARTESIAN_POINT('',(1.658467077825,-4.74,6.565671717815));
#9061 = CARTESIAN_POINT('',(1.658467077825,-4.75,6.565671717815));
#9062 = B_SPLINE_SURFACE_WITH_KNOTS('',1,1,(
    (#9063,#9064)
    ,(#9065,#9066
    )),.UNSPECIFIED.,.F.,.F.,.F.,(2,2),(2,2),(-0.710185568495,0.),(
    -1.E-02,0.),.PIECEWISE_BEZIER_KNOTS.);
#9063 = CARTESIAN_POINT('',(1.658467077825,-4.75,6.565671717815));
#9064 = CARTESIAN_POINT('',(1.658467077825,-4.74,6.565671717815));
#9065 = CARTESIAN_POINT('',(2.36865264632,-4.75,6.565671717815));
#9066 = CARTESIAN_POINT('',(2.36865264632,-4.74,6.565671717815));
#9067 = ADVANCED_FACE('',(#9068),#9078,.T.);
#9068 = FACE_BOUND('',#9069,.T.);
#9069 = EDGE_LOOP('',(#9070,#9071,#9072,#9073));
#9070 = ORIENTED_EDGE('',*,*,#2461,.F.);
#9071 = ORIENTED_EDGE('',*,*,#9058,.F.);
#9072 = ORIENTED_EDGE('',*,*,#8939,.T.);
#9073 = ORIENTED_EDGE('',*,*,#9074,.T.);
#9074 = EDGE_CURVE('',#8933,#2462,#9075,.T.);
#9075 = B_SPLINE_CURVE_WITH_KNOTS('',1,(#9076,#9077),.UNSPECIFIED.,.F.,
  .F.,(2,2),(0.,1.E-02),.PIECEWISE_BEZIER_KNOTS.);
#9076 = CARTESIAN_POINT('',(1.513459068322,-4.74,9.30957727337));
#9077 = CARTESIAN_POINT('',(1.513459068322,-4.75,9.30957727337));
#9078 = B_SPLINE_SURFACE_WITH_KNOTS('',1,1,(
    (#9079,#9080)
    ,(#9081,#9082
    )),.UNSPECIFIED.,.F.,.F.,.F.,(2,2),(2,2),(-2.747734525137,0.),(
    -1.E-02,0.),.PIECEWISE_BEZIER_KNOTS.);
#9079 = CARTESIAN_POINT('',(1.513459068322,-4.75,9.30957727337));
#9080 = CARTESIAN_POINT('',(1.513459068322,-4.74,9.30957727337));
#9081 = CARTESIAN_POINT('',(1.658467077825,-4.75,6.565671717815));
#9082 = CARTESIAN_POINT('',(1.658467077825,-4.74,6.565671717815));
#9083 = ADVANCED_FACE('',(#9084),#9094,.T.);
#9084 = FACE_BOUND('',#9085,.T.);
#9085 = EDGE_LOOP('',(#9086,#9087,#9088,#9089));
#9086 = ORIENTED_EDGE('',*,*,#2468,.F.);
#9087 = ORIENTED_EDGE('',*,*,#9074,.F.);
#9088 = ORIENTED_EDGE('',*,*,#8932,.T.);
#9089 = ORIENTED_EDGE('',*,*,#9090,.T.);
#9090 = EDGE_CURVE('',#8926,#2469,#9091,.T.);
#9091 = B_SPLINE_CURVE_WITH_KNOTS('',1,(#9092,#9093),.UNSPECIFIED.,.F.,
  .F.,(2,2),(0.,1.E-02),.PIECEWISE_BEZIER_KNOTS.);
#9092 = CARTESIAN_POINT('',(2.226827739464,-4.74,9.30957727337));
#9093 = CARTESIAN_POINT('',(2.226827739464,-4.75,9.30957727337));
#9094 = B_SPLINE_SURFACE_WITH_KNOTS('',1,1,(
    (#9095,#9096)
    ,(#9097,#9098
    )),.UNSPECIFIED.,.F.,.F.,.F.,(2,2),(2,2),(-0.713368671142,0.),(
    -1.E-02,0.),.PIECEWISE_BEZIER_KNOTS.);
#9095 = CARTESIAN_POINT('',(2.226827739464,-4.75,9.30957727337));
#9096 = CARTESIAN_POINT('',(2.226827739464,-4.74,9.30957727337));
#9097 = CARTESIAN_POINT('',(1.513459068322,-4.75,9.30957727337));
#9098 = CARTESIAN_POINT('',(1.513459068322,-4.74,9.30957727337));
#9099 = ADVANCED_FACE('',(#9100),#9110,.T.);
#9100 = FACE_BOUND('',#9101,.T.);
#9101 = EDGE_LOOP('',(#9102,#9103,#9104,#9105));
#9102 = ORIENTED_EDGE('',*,*,#2475,.F.);
#9103 = ORIENTED_EDGE('',*,*,#9090,.F.);
#9104 = ORIENTED_EDGE('',*,*,#8925,.T.);
#9105 = ORIENTED_EDGE('',*,*,#9106,.T.);
#9106 = EDGE_CURVE('',#8919,#2476,#9107,.T.);
#9107 = B_SPLINE_CURVE_WITH_KNOTS('',1,(#9108,#9109),.UNSPECIFIED.,.F.,
  .F.,(2,2),(0.,1.E-02),.PIECEWISE_BEZIER_KNOTS.);
#9108 = CARTESIAN_POINT('',(2.302868524935,-4.74,7.882591162259));
#9109 = CARTESIAN_POINT('',(2.302868524935,-4.75,7.882591162259));
#9110 = B_SPLINE_SURFACE_WITH_KNOTS('',1,1,(
    (#9111,#9112)
    ,(#9113,#9114
    )),.UNSPECIFIED.,.F.,.F.,.F.,(2,2),(2,2),(-1.429010693578,0.),(
    -1.E-02,0.),.PIECEWISE_BEZIER_KNOTS.);
#9111 = CARTESIAN_POINT('',(2.302868524935,-4.75,7.882591162259));
#9112 = CARTESIAN_POINT('',(2.302868524935,-4.74,7.882591162259));
#9113 = CARTESIAN_POINT('',(2.226827739464,-4.75,9.30957727337));
#9114 = CARTESIAN_POINT('',(2.226827739464,-4.74,9.30957727337));
#9115 = ADVANCED_FACE('',(#9116),#9126,.T.);
#9116 = FACE_BOUND('',#9117,.T.);
#9117 = EDGE_LOOP('',(#9118,#9119,#9120,#9121));
#9118 = ORIENTED_EDGE('',*,*,#2482,.F.);
#9119 = ORIENTED_EDGE('',*,*,#9106,.F.);
#9120 = ORIENTED_EDGE('',*,*,#8918,.T.);
#9121 = ORIENTED_EDGE('',*,*,#9122,.T.);
#9122 = EDGE_CURVE('',#8912,#2483,#9123,.T.);
#9123 = B_SPLINE_CURVE_WITH_KNOTS('',1,(#9124,#9125),.UNSPECIFIED.,.F.,
  .F.,(2,2),(0.,1.E-02),.PIECEWISE_BEZIER_KNOTS.);
#9124 = CARTESIAN_POINT('',(2.524624676054,-4.74,8.283346717815));
#9125 = CARTESIAN_POINT('',(2.524624676054,-4.75,8.283346717815));
#9126 = B_SPLINE_SURFACE_WITH_KNOTS('',1,1,(
    (#9127,#9128)
    ,(#9129,#9130
    )),.UNSPECIFIED.,.F.,.F.,.F.,(2,2),(2,2),(-0.45801834665,0.),(
    -1.E-02,0.),.PIECEWISE_BEZIER_KNOTS.);
#9127 = CARTESIAN_POINT('',(2.524624676054,-4.75,8.283346717815));
#9128 = CARTESIAN_POINT('',(2.524624676054,-4.74,8.283346717815));
#9129 = CARTESIAN_POINT('',(2.302868524935,-4.75,7.882591162259));
#9130 = CARTESIAN_POINT('',(2.302868524935,-4.74,7.882591162259));
#9131 = ADVANCED_FACE('',(#9132),#9142,.T.);
#9132 = FACE_BOUND('',#9133,.T.);
#9133 = EDGE_LOOP('',(#9134,#9135,#9136,#9137));
#9134 = ORIENTED_EDGE('',*,*,#2489,.F.);
#9135 = ORIENTED_EDGE('',*,*,#9122,.F.);
#9136 = ORIENTED_EDGE('',*,*,#8911,.T.);
#9137 = ORIENTED_EDGE('',*,*,#9138,.T.);
#9138 = EDGE_CURVE('',#8905,#2490,#9139,.T.);
#9139 = B_SPLINE_CURVE_WITH_KNOTS('',1,(#9140,#9141),.UNSPECIFIED.,.F.,
  .F.,(2,2),(0.,1.E-02),.PIECEWISE_BEZIER_KNOTS.);
#9140 = CARTESIAN_POINT('',(3.22773668311,-4.74,8.283346717815));
#9141 = CARTESIAN_POINT('',(3.22773668311,-4.75,8.283346717815));
#9142 = B_SPLINE_SURFACE_WITH_KNOTS('',1,1,(
    (#9143,#9144)
    ,(#9145,#9146
    )),.UNSPECIFIED.,.F.,.F.,.F.,(2,2),(2,2),(-0.703112007056,0.),(
    -1.E-02,0.),.PIECEWISE_BEZIER_KNOTS.);
#9143 = CARTESIAN_POINT('',(3.22773668311,-4.75,8.283346717815));
#9144 = CARTESIAN_POINT('',(3.22773668311,-4.74,8.283346717815));
#9145 = CARTESIAN_POINT('',(2.524624676054,-4.75,8.283346717815));
#9146 = CARTESIAN_POINT('',(2.524624676054,-4.74,8.283346717815));
#9147 = ADVANCED_FACE('',(#9148),#9158,.T.);
#9148 = FACE_BOUND('',#9149,.T.);
#9149 = EDGE_LOOP('',(#9150,#9151,#9152,#9153));
#9150 = ORIENTED_EDGE('',*,*,#2496,.F.);
#9151 = ORIENTED_EDGE('',*,*,#9138,.F.);
#9152 = ORIENTED_EDGE('',*,*,#8904,.T.);
#9153 = ORIENTED_EDGE('',*,*,#9154,.T.);
#9154 = EDGE_CURVE('',#8898,#2497,#9155,.T.);
#9155 = B_SPLINE_CURVE_WITH_KNOTS('',1,(#9156,#9157),.UNSPECIFIED.,.F.,
  .F.,(2,2),(0.,1.E-02),.PIECEWISE_BEZIER_KNOTS.);
#9156 = CARTESIAN_POINT('',(3.269117017529,-4.74,7.882591162259));
#9157 = CARTESIAN_POINT('',(3.269117017529,-4.75,7.882591162259));
#9158 = B_SPLINE_SURFACE_WITH_KNOTS('',1,1,(
    (#9159,#9160)
    ,(#9161,#9162
    )),.UNSPECIFIED.,.F.,.F.,.F.,(2,2),(2,2),(-0.402886271031,0.),(
    -1.E-02,0.),.PIECEWISE_BEZIER_KNOTS.);
#9159 = CARTESIAN_POINT('',(3.269117017529,-4.75,7.882591162259));
#9160 = CARTESIAN_POINT('',(3.269117017529,-4.74,7.882591162259));
#9161 = CARTESIAN_POINT('',(3.22773668311,-4.75,8.283346717815));
#9162 = CARTESIAN_POINT('',(3.22773668311,-4.74,8.283346717815));
#9163 = ADVANCED_FACE('',(#9164),#9174,.T.);
#9164 = FACE_BOUND('',#9165,.T.);
#9165 = EDGE_LOOP('',(#9166,#9167,#9168,#9169));
#9166 = ORIENTED_EDGE('',*,*,#2503,.F.);
#9167 = ORIENTED_EDGE('',*,*,#9154,.F.);
#9168 = ORIENTED_EDGE('',*,*,#8897,.T.);
#9169 = ORIENTED_EDGE('',*,*,#9170,.T.);
#9170 = EDGE_CURVE('',#8889,#2418,#9171,.T.);
#9171 = B_SPLINE_CURVE_WITH_KNOTS('',1,(#9172,#9173),.UNSPECIFIED.,.F.,
  .F.,(2,2),(0.,1.E-02),.PIECEWISE_BEZIER_KNOTS.);
#9172 = CARTESIAN_POINT('',(4.090711178691,-4.74,9.30957727337));
#9173 = CARTESIAN_POINT('',(4.090711178691,-4.75,9.30957727337));
#9174 = B_SPLINE_SURFACE_WITH_KNOTS('',1,1,(
    (#9175,#9176)
    ,(#9177,#9178
    )),.UNSPECIFIED.,.F.,.F.,.F.,(2,2),(2,2),(-1.64660448407,0.),(
    -1.E-02,0.),.PIECEWISE_BEZIER_KNOTS.);
#9175 = CARTESIAN_POINT('',(4.090711178691,-4.75,9.30957727337));
#9176 = CARTESIAN_POINT('',(4.090711178691,-4.74,9.30957727337));
#9177 = CARTESIAN_POINT('',(3.269117017529,-4.75,7.882591162259));
#9178 = CARTESIAN_POINT('',(3.269117017529,-4.74,7.882591162259));
#9179 = ADVANCED_FACE('',(#9180),#9186,.T.);
#9180 = FACE_BOUND('',#9181,.T.);
#9181 = EDGE_LOOP('',(#9182,#9183,#9184,#9185));
#9182 = ORIENTED_EDGE('',*,*,#2417,.F.);
#9183 = ORIENTED_EDGE('',*,*,#9170,.F.);
#9184 = ORIENTED_EDGE('',*,*,#8888,.T.);
#9185 = ORIENTED_EDGE('',*,*,#8988,.T.);
#9186 = B_SPLINE_SURFACE_WITH_KNOTS('',1,1,(
    (#9187,#9188)
    ,(#9189,#9190
    )),.UNSPECIFIED.,.F.,.F.,.F.,(2,2),(2,2),(-0.820533126946,0.),(
    -1.E-02,0.),.PIECEWISE_BEZIER_KNOTS.);
#9187 = CARTESIAN_POINT('',(4.911244305637,-4.75,9.30957727337));
#9188 = CARTESIAN_POINT('',(4.911244305637,-4.74,9.30957727337));
#9189 = CARTESIAN_POINT('',(4.090711178691,-4.75,9.30957727337));
#9190 = CARTESIAN_POINT('',(4.090711178691,-4.74,9.30957727337));
#9191 = ADVANCED_FACE('',(#9192),#9232,.F.);
#9192 = FACE_BOUND('',#9193,.T.);
#9193 = EDGE_LOOP('',(#9194));
#9194 = ORIENTED_EDGE('',*,*,#9195,.F.);
#9195 = EDGE_CURVE('',#9196,#9196,#9198,.T.);
#9196 = VERTEX_POINT('',#9197);
#9197 = CARTESIAN_POINT('',(5.643162057878,-4.74,2.694509967846));
#9198 = B_SPLINE_CURVE_WITH_KNOTS('',3,(#9199,#9200,#9201,#9202,#9203,
    #9204,#9205,#9206,#9207,#9208,#9209,#9210,#9211,#9212,#9213,#9214,
    #9215,#9216,#9217,#9218,#9219,#9220,#9221,#9222,#9223,#9224,#9225,
    #9226,#9227,#9228,#9229,#9230,#9231),.UNSPECIFIED.,.T.,.F.,(1,3,3,3,
    3,2,2,3,3,3,2,3,2,3,1),(-2.459616309856E-02,0.,0.353536853485,
    0.381229756251,0.399439433181,0.42360049756,0.484003158508,
    0.500110534761,0.853517161737,0.893107366744,0.920349808395,
    0.944099629321,0.975403836901,1.,1.353536853485),.UNSPECIFIED.);
#9199 = CARTESIAN_POINT('',(5.643162057878,-4.74,2.694509967846));
#9200 = CARTESIAN_POINT('',(5.55114231133,-4.74,2.326430981653));
#9201 = CARTESIAN_POINT('',(5.464256162915,-4.74,1.957068595927));
#9202 = CARTESIAN_POINT('',(5.374803215434,-4.74,1.588347909968));
#9203 = CARTESIAN_POINT('',(5.365980208909,-4.74,1.55197990746));
#9204 = CARTESIAN_POINT('',(5.357972347267,-4.74,1.522894533762));
#9205 = CARTESIAN_POINT('',(5.351427009646,-4.74,1.502323472669));
#9206 = CARTESIAN_POINT('',(5.344611507996,-4.74,1.480903324626));
#9207 = CARTESIAN_POINT('',(5.334596141479,-4.74,1.463986495177));
#9208 = CARTESIAN_POINT('',(5.321505466238,-4.74,1.452765916399));
#9209 = CARTESIAN_POINT('',(5.307413739361,-4.74,1.440687293361));
#9210 = CARTESIAN_POINT('',(5.287843729904,-4.74,1.435));
#9211 = CARTESIAN_POINT('',(5.196209003215,-4.74,1.435));
#9212 = CARTESIAN_POINT('',(5.163482315113,-4.74,1.463051446945));
#9213 = CARTESIAN_POINT('',(5.163482315113,-4.74,1.53411511254));
#9214 = CARTESIAN_POINT('',(5.170027652733,-4.74,1.570581993569));
#9215 = CARTESIAN_POINT('',(5.183118327974,-4.74,1.629490032154));
#9216 = CARTESIAN_POINT('',(5.265380571212,-4.74,1.999670126726));
#9217 = CARTESIAN_POINT('',(5.360777491961,-4.74,2.366931404073));
#9218 = CARTESIAN_POINT('',(5.449607073955,-4.74,2.735652090032));
#9219 = CARTESIAN_POINT('',(5.463789677171,-4.74,2.794522334258));
#9220 = CARTESIAN_POINT('',(5.4776585209,-4.74,2.834767202572));
#9221 = CARTESIAN_POINT('',(5.48981414791,-4.74,2.856273311897));
#9222 = CARTESIAN_POINT('',(5.502196169119,-4.74,2.878179964805));
#9223 = CARTESIAN_POINT('',(5.528151125402,-4.74,2.889));
#9224 = CARTESIAN_POINT('',(5.596409646302,-4.74,2.889));
#9225 = CARTESIAN_POINT('',(5.620720900322,-4.74,2.881519614148));
#9226 = CARTESIAN_POINT('',(5.637551768489,-4.74,2.865623794212));
#9227 = CARTESIAN_POINT('',(5.653915875222,-4.74,2.850168804519));
#9228 = CARTESIAN_POINT('',(5.66279807074,-4.74,2.829156913183));
#9229 = CARTESIAN_POINT('',(5.66279807074,-4.74,2.782404501608));
#9230 = CARTESIAN_POINT('',(5.656252733119,-4.74,2.74687266881));
#9231 = CARTESIAN_POINT('',(5.643162057878,-4.74,2.694509967846));
#9232 = B_SPLINE_SURFACE_WITH_KNOTS('',1,1,(
    (#9233,#9234)
    ,(#9235,#9236
    )),.UNSPECIFIED.,.F.,.F.,.F.,(2,2),(2,2),(-0.193280456146,
    1.260719543854),(-1.936743842738E-02,0.4799483172),
  .PIECEWISE_BEZIER_KNOTS.);
#9233 = CARTESIAN_POINT('',(5.163482315113,-4.74,1.435));
#9234 = CARTESIAN_POINT('',(5.66279807074,-4.74,1.435));
#9235 = CARTESIAN_POINT('',(5.163482315113,-4.74,2.889));
#9236 = CARTESIAN_POINT('',(5.66279807074,-4.74,2.889));
#9237 = ADVANCED_FACE('',(#9238),#9248,.T.);
#9238 = FACE_BOUND('',#9239,.T.);
#9239 = EDGE_LOOP('',(#9240,#9241,#9246,#9247));
#9240 = ORIENTED_EDGE('',*,*,#9195,.T.);
#9241 = ORIENTED_EDGE('',*,*,#9242,.T.);
#9242 = EDGE_CURVE('',#9196,#108,#9243,.T.);
#9243 = B_SPLINE_CURVE_WITH_KNOTS('',1,(#9244,#9245),.UNSPECIFIED.,.F.,
  .F.,(2,2),(0.,1.),.PIECEWISE_BEZIER_KNOTS.);
#9244 = CARTESIAN_POINT('',(5.643162057878,-4.74,2.694509967846));
#9245 = CARTESIAN_POINT('',(5.643162057878,-4.75,2.694509967846));
#9246 = ORIENTED_EDGE('',*,*,#107,.F.);
#9247 = ORIENTED_EDGE('',*,*,#9242,.F.);
#9248 = B_SPLINE_SURFACE_WITH_KNOTS('',3,1,(
    (#9249,#9250)
    ,(#9251,#9252)
    ,(#9253,#9254)
    ,(#9255,#9256)
    ,(#9257,#9258)
    ,(#9259,#9260)
    ,(#9261,#9262)
    ,(#9263,#9264)
    ,(#9265,#9266)
    ,(#9267,#9268)
    ,(#9269,#9270)
    ,(#9271,#9272)
    ,(#9273,#9274)
    ,(#9275,#9276)
    ,(#9277,#9278)
    ,(#9279,#9280)
    ,(#9281,#9282)
    ,(#9283,#9284)
    ,(#9285,#9286)
    ,(#9287,#9288)
    ,(#9289,#9290)
    ,(#9291,#9292)
    ,(#9293,#9294)
    ,(#9295,#9296)
    ,(#9297,#9298)
    ,(#9299,#9300)
    ,(#9301,#9302)
    ,(#9303,#9304)
    ,(#9305,#9306)
    ,(#9307,#9308
    )),.UNSPECIFIED.,.T.,.F.,.F.,(1,1,1,1,1,1,1,1,1,1,1,1,1,1,1,1,1,1,1,
    1,1,1,1,1,1,1,1,1,1,1,1,1,1,1),(2,2),(-5.859377074211E-02,
    -2.929688537106E-02,-1.464844268553E-02,0.,2.099125067569E-02,
    4.198250135138E-02,8.396500270275E-02,0.167930005406,0.251895008108,
    0.335860010811,0.378961268979,0.398415524971,0.446720654621,
    0.470873219446,0.482949501859,0.495025784271,0.500347140656,
    0.50566849704,0.516311209809,0.537596635346,0.58016748642,
    0.665309188568,0.750450890716,0.835592592864,0.862912110457,
    0.89023162805,0.915818928654,0.941406229258,0.970703114629,
    0.985351557314,1.,1.020991250676,1.041982501351,1.083965002703),(0.,
    1.),.UNSPECIFIED.);
#9249 = CARTESIAN_POINT('',(5.663333588749,-4.74,2.780737439129));
#9250 = CARTESIAN_POINT('',(5.663333588749,-4.75,2.780737439129));
#9251 = CARTESIAN_POINT('',(5.638019696423,-4.74,2.671752977783));
#9252 = CARTESIAN_POINT('',(5.638019696423,-4.75,2.671752977783));
#9253 = CARTESIAN_POINT('',(5.627850325949,-4.74,2.633778458373));
#9254 = CARTESIAN_POINT('',(5.627850325949,-4.75,2.633778458373));
#9255 = CARTESIAN_POINT('',(5.604559677611,-4.74,2.53870893359));
#9256 = CARTESIAN_POINT('',(5.604559677611,-4.75,2.53870893359));
#9257 = CARTESIAN_POINT('',(5.568042286131,-4.74,2.390280591485));
#9258 = CARTESIAN_POINT('',(5.568042286131,-4.75,2.390280591485));
#9259 = CARTESIAN_POINT('',(5.514190154768,-4.74,2.168844331542));
#9260 = CARTESIAN_POINT('',(5.514190154768,-4.75,2.168844331542));
#9261 = CARTESIAN_POINT('',(5.452527412189,-4.74,1.906064998141));
#9262 = CARTESIAN_POINT('',(5.452527412189,-4.75,1.906064998141));
#9263 = CARTESIAN_POINT('',(5.395717996118,-4.74,1.688015645576));
#9264 = CARTESIAN_POINT('',(5.395717996118,-4.75,1.688015645576));
#9265 = CARTESIAN_POINT('',(5.365478862754,-4.74,1.530991367283));
#9266 = CARTESIAN_POINT('',(5.365478862754,-4.75,1.530991367283));
#9267 = CARTESIAN_POINT('',(5.31447465964,-4.74,1.419277331844));
#9268 = CARTESIAN_POINT('',(5.31447465964,-4.75,1.419277331844));
#9269 = CARTESIAN_POINT('',(5.205317396771,-4.74,1.431351243516));
#9270 = CARTESIAN_POINT('',(5.205317396771,-4.75,1.431351243516));
#9271 = CARTESIAN_POINT('',(5.168587803014,-4.74,1.476070380288));
#9272 = CARTESIAN_POINT('',(5.168587803014,-4.75,1.476070380288));
#9273 = CARTESIAN_POINT('',(5.161941646024,-4.74,1.513882350758));
#9274 = CARTESIAN_POINT('',(5.161941646024,-4.75,1.513882350758));
#9275 = CARTESIAN_POINT('',(5.165552700575,-4.74,1.54848160891));
#9276 = CARTESIAN_POINT('',(5.165552700575,-4.75,1.54848160891));
#9277 = CARTESIAN_POINT('',(5.18540407277,-4.74,1.640117699711));
#9278 = CARTESIAN_POINT('',(5.18540407277,-4.75,1.640117699711));
#9279 = CARTESIAN_POINT('',(5.187038795957,-4.74,1.646898234844));
#9280 = CARTESIAN_POINT('',(5.187038795957,-4.75,1.646898234844));
#9281 = CARTESIAN_POINT('',(5.197859663519,-4.74,1.695515202447));
#9282 = CARTESIAN_POINT('',(5.197859663519,-4.75,1.695515202447));
#9283 = CARTESIAN_POINT('',(5.21413194294,-4.74,1.766629301315));
#9284 = CARTESIAN_POINT('',(5.21413194294,-4.75,1.766629301315));
#9285 = CARTESIAN_POINT('',(5.251554378566,-4.74,1.927370569643));
#9286 = CARTESIAN_POINT('',(5.251554378566,-4.75,1.927370569643));
#9287 = CARTESIAN_POINT('',(5.304317635854,-4.74,2.145255830968));
#9288 = CARTESIAN_POINT('',(5.304317635854,-4.75,2.145255830968));
#9289 = CARTESIAN_POINT('',(5.372181064593,-4.74,2.418034784576));
#9290 = CARTESIAN_POINT('',(5.372181064593,-4.75,2.418034784576));
#9291 = CARTESIAN_POINT('',(5.417817452385,-4.74,2.6071719221));
#9292 = CARTESIAN_POINT('',(5.417817452385,-4.75,2.6071719221));
#9293 = CARTESIAN_POINT('',(5.460663437213,-4.74,2.777920316452));
#9294 = CARTESIAN_POINT('',(5.460663437213,-4.75,2.777920316452));
#9295 = CARTESIAN_POINT('',(5.479197802576,-4.74,2.85533048868));
#9296 = CARTESIAN_POINT('',(5.479197802576,-4.75,2.85533048868));
#9297 = CARTESIAN_POINT('',(5.539289990687,-4.74,2.899288694024));
#9298 = CARTESIAN_POINT('',(5.539289990687,-4.75,2.899288694024));
#9299 = CARTESIAN_POINT('',(5.651336628184,-4.74,2.873983439685));
#9300 = CARTESIAN_POINT('',(5.651336628184,-4.75,2.873983439685));
#9301 = CARTESIAN_POINT('',(5.662848783453,-4.74,2.826229526032));
#9302 = CARTESIAN_POINT('',(5.662848783453,-4.75,2.826229526032));
#9303 = CARTESIAN_POINT('',(5.663333588749,-4.74,2.780737439129));
#9304 = CARTESIAN_POINT('',(5.663333588749,-4.75,2.780737439129));
#9305 = CARTESIAN_POINT('',(5.638019696423,-4.74,2.671752977783));
#9306 = CARTESIAN_POINT('',(5.638019696423,-4.75,2.671752977783));
#9307 = CARTESIAN_POINT('',(5.627850325949,-4.74,2.633778458373));
#9308 = CARTESIAN_POINT('',(5.627850325949,-4.75,2.633778458373));
#9309 = ADVANCED_FACE('',(#9310,#9348),#9398,.T.);
#9310 = FACE_BOUND('',#9311,.T.);
#9311 = EDGE_LOOP('',(#9312));
#9312 = ORIENTED_EDGE('',*,*,#9313,.F.);
#9313 = EDGE_CURVE('',#9314,#9314,#9316,.T.);
#9314 = VERTEX_POINT('',#9315);
#9315 = CARTESIAN_POINT('',(8.39564516129,-4.74,4.670709677419));
#9316 = B_SPLINE_CURVE_WITH_KNOTS('',3,(#9317,#9318,#9319,#9320,#9321,
    #9322,#9323,#9324,#9325,#9326,#9327,#9328,#9329,#9330,#9331,#9332,
    #9333,#9334,#9335,#9336,#9337,#9338,#9339,#9340,#9341,#9342,#9343,
    #9344,#9345,#9346,#9347),.UNSPECIFIED.,.T.,.F.,(1,3,3,3,3,3,2,3,2,2,
    3,3,3,1),(-0.117888425091,0.,0.113541840318,0.186138770454,
    0.246523052625,0.33803761878,0.500282044363,0.611020303095,
    0.675647857958,0.740275412821,0.807021903909,0.882111574909,1.,
    1.113541840318),.UNSPECIFIED.);
#9317 = CARTESIAN_POINT('',(8.39564516129,-4.74,4.670709677419));
#9318 = CARTESIAN_POINT('',(8.39564516129,-4.74,4.791677419355));
#9319 = CARTESIAN_POINT('',(8.387903225806,-4.74,4.89135483871));
#9320 = CARTESIAN_POINT('',(8.373387096774,-4.74,4.968774193548));
#9321 = CARTESIAN_POINT('',(8.359046256847,-4.74,5.045258673159));
#9322 = CARTESIAN_POINT('',(8.334677419355,-4.74,5.104258064516));
#9323 = CARTESIAN_POINT('',(8.299838709677,-4.74,5.142967741935));
#9324 = CARTESIAN_POINT('',(8.264951880235,-4.74,5.18173088576));
#9325 = CARTESIAN_POINT('',(8.218548387097,-4.74,5.202));
#9326 = CARTESIAN_POINT('',(8.157580645161,-4.74,5.202967741935));
#9327 = CARTESIAN_POINT('',(8.070521166816,-4.74,5.204349638417));
#9328 = CARTESIAN_POINT('',(8.010483870968,-4.74,5.158451612903));
#9329 = CARTESIAN_POINT('',(7.976612903226,-4.74,5.070387096774));
#9330 = CARTESIAN_POINT('',(7.942617226472,-4.74,4.981998337213));
#9331 = CARTESIAN_POINT('',(7.925322580645,-4.74,4.845870967742));
#9332 = CARTESIAN_POINT('',(7.925322580645,-4.74,4.538129032258));
#9333 = CARTESIAN_POINT('',(7.932096774194,-4.74,4.436516129032));
#9334 = CARTESIAN_POINT('',(7.946612903226,-4.74,4.357161290323));
#9335 = CARTESIAN_POINT('',(7.961300326341,-4.74,4.276870043961));
#9336 = CARTESIAN_POINT('',(7.986290322581,-4.74,4.216838709677));
#9337 = CARTESIAN_POINT('',(8.054032258065,-4.74,4.135548387097));
#9338 = CARTESIAN_POINT('',(8.100483870968,-4.74,4.115225806452));
#9339 = CARTESIAN_POINT('',(8.220483870968,-4.74,4.115225806452));
#9340 = CARTESIAN_POINT('',(8.267903225806,-4.74,4.136516129032));
#9341 = CARTESIAN_POINT('',(8.301774193548,-4.74,4.179096774194));
#9342 = CARTESIAN_POINT('',(8.336020195732,-4.74,4.222148891225));
#9343 = CARTESIAN_POINT('',(8.360806451613,-4.74,4.281677419355));
#9344 = CARTESIAN_POINT('',(8.37435483871,-4.74,4.361032258065));
#9345 = CARTESIAN_POINT('',(8.387742681335,-4.74,4.43944676487));
#9346 = CARTESIAN_POINT('',(8.39564516129,-4.74,4.542967741935));
#9347 = CARTESIAN_POINT('',(8.39564516129,-4.74,4.670709677419));
#9348 = FACE_BOUND('',#9349,.T.);
#9349 = EDGE_LOOP('',(#9350));
#9350 = ORIENTED_EDGE('',*,*,#9351,.F.);
#9351 = EDGE_CURVE('',#9352,#9352,#9354,.T.);
#9352 = VERTEX_POINT('',#9353);
#9353 = CARTESIAN_POINT('',(8.666612903226,-4.74,4.65135483871));
#9354 = B_SPLINE_CURVE_WITH_KNOTS('',3,(#9355,#9356,#9357,#9358,#9359,
    #9360,#9361,#9362,#9363,#9364,#9365,#9366,#9367,#9368,#9369,#9370,
    #9371,#9372,#9373,#9374,#9375,#9376,#9377,#9378,#9379,#9380,#9381,
    #9382,#9383,#9384,#9385,#9386,#9387,#9388,#9389,#9390,#9391,#9392,
    #9393,#9394,#9395,#9396,#9397),.UNSPECIFIED.,.T.,.F.,(1,3,3,3,2,2,3,
    3,2,2,3,3,2,2,3,3,3,3,1),(-0.115999844149,0.,6.905118427404E-02,
    0.124574190044,0.185952288836,0.247330387627,0.318256190675,
    0.392181366667,0.442536939049,0.49289251143,0.557725310871,
    0.610061659243,0.678909834157,0.747758009072,0.793873296042,
    0.837105677213,0.884000155851,1.,1.069051184274),.UNSPECIFIED.);
#9355 = CARTESIAN_POINT('',(8.666612903226,-4.74,4.65135483871));
#9356 = CARTESIAN_POINT('',(8.666612903226,-4.74,4.542));
#9357 = CARTESIAN_POINT('',(8.659838709677,-4.74,4.449096774194));
#9358 = CARTESIAN_POINT('',(8.647258064516,-4.74,4.370709677419));
#9359 = CARTESIAN_POINT('',(8.63465311796,-4.74,4.292171164262));
#9360 = CARTESIAN_POINT('',(8.609516129032,-4.74,4.221677419355));
#9361 = CARTESIAN_POINT('',(8.573709677419,-4.74,4.157806451613));
#9362 = CARTESIAN_POINT('',(8.530041442457,-4.74,4.07991176222));
#9363 = CARTESIAN_POINT('',(8.471129032258,-4.74,4.020387096774));
#9364 = CARTESIAN_POINT('',(8.327903225806,-4.74,3.935225806452));
#9365 = CARTESIAN_POINT('',(8.249516129032,-4.74,3.913935483871));
#9366 = CARTESIAN_POINT('',(8.061774193548,-4.74,3.913935483871));
#9367 = CARTESIAN_POINT('',(7.971774193548,-4.74,3.942967741936));
#9368 = CARTESIAN_POINT('',(7.892419354839,-4.74,3.999096774194));
#9369 = CARTESIAN_POINT('',(7.812608273004,-4.74,4.055548515003));
#9370 = CARTESIAN_POINT('',(7.753064516129,-4.74,4.134580645161));
#9371 = CARTESIAN_POINT('',(7.713387096774,-4.74,4.236193548387));
#9372 = CARTESIAN_POINT('',(7.692208735522,-4.74,4.290430815007));
#9373 = CARTESIAN_POINT('',(7.677580645161,-4.74,4.35135483871));
#9374 = CARTESIAN_POINT('',(7.658225806452,-4.74,4.484903225806));
#9375 = CARTESIAN_POINT('',(7.653387096774,-4.74,4.556516129032));
#9376 = CARTESIAN_POINT('',(7.653387096774,-4.74,4.733612903226));
#9377 = CARTESIAN_POINT('',(7.659193548387,-4.74,4.823612903226));
#9378 = CARTESIAN_POINT('',(7.669838709677,-4.74,4.903935483871));
#9379 = CARTESIAN_POINT('',(7.68046716672,-4.74,4.984132023377));
#9380 = CARTESIAN_POINT('',(7.695967741935,-4.74,5.052967741935));
#9381 = CARTESIAN_POINT('',(7.719193548387,-4.74,5.111032258065));
#9382 = CARTESIAN_POINT('',(7.757235817575,-4.74,5.206137931034));
#9383 = CARTESIAN_POINT('',(7.814032258065,-4.74,5.278451612903));
#9384 = CARTESIAN_POINT('',(7.963064516129,-4.74,5.379096774194));
#9385 = CARTESIAN_POINT('',(8.051129032258,-4.74,5.403290322581));
#9386 = CARTESIAN_POINT('',(8.222419354839,-4.74,5.403290322581));
#9387 = CARTESIAN_POINT('',(8.283387096774,-4.74,5.39264516129));
#9388 = CARTESIAN_POINT('',(8.339516129032,-4.74,5.370387096774));
#9389 = CARTESIAN_POINT('',(8.394808920892,-4.74,5.34846064483));
#9390 = CARTESIAN_POINT('',(8.443064516129,-4.74,5.315225806452));
#9391 = CARTESIAN_POINT('',(8.484677419355,-4.74,5.27264516129));
#9392 = CARTESIAN_POINT('',(8.526763071547,-4.74,5.229580773));
#9393 = CARTESIAN_POINT('',(8.562096774194,-4.74,5.177806451613));
#9394 = CARTESIAN_POINT('',(8.591129032258,-4.74,5.114903225806));
#9395 = CARTESIAN_POINT('',(8.641574350905,-4.74,5.005605035405));
#9396 = CARTESIAN_POINT('',(8.666612903226,-4.74,4.850709677419));
#9397 = CARTESIAN_POINT('',(8.666612903226,-4.74,4.65135483871));
#9398 = B_SPLINE_SURFACE_WITH_KNOTS('',1,1,(
    (#9399,#9400)
    ,(#9401,#9402
    )),.UNSPECIFIED.,.F.,.F.,.F.,(2,2),(2,2),(-0.736921455736,
    0.752433382974),(-2.080758719889E-04,1.01301773058),
  .PIECEWISE_BEZIER_KNOTS.);
#9399 = CARTESIAN_POINT('',(7.653387096774,-4.74,5.403290322581));
#9400 = CARTESIAN_POINT('',(8.666612903226,-4.74,5.403290322581));
#9401 = CARTESIAN_POINT('',(7.653387096774,-4.74,3.913935483871));
#9402 = CARTESIAN_POINT('',(8.666612903226,-4.74,3.913935483871));
#9403 = ADVANCED_FACE('',(#9404),#9414,.T.);
#9404 = FACE_BOUND('',#9405,.T.);
#9405 = EDGE_LOOP('',(#9406,#9407,#9412,#9413));
#9406 = ORIENTED_EDGE('',*,*,#9351,.T.);
#9407 = ORIENTED_EDGE('',*,*,#9408,.T.);
#9408 = EDGE_CURVE('',#9352,#2511,#9409,.T.);
#9409 = B_SPLINE_CURVE_WITH_KNOTS('',1,(#9410,#9411),.UNSPECIFIED.,.F.,
  .F.,(2,2),(0.,1.),.PIECEWISE_BEZIER_KNOTS.);
#9410 = CARTESIAN_POINT('',(8.666612903226,-4.74,4.65135483871));
#9411 = CARTESIAN_POINT('',(8.666612903226,-4.75,4.65135483871));
#9412 = ORIENTED_EDGE('',*,*,#2510,.F.);
#9413 = ORIENTED_EDGE('',*,*,#9408,.F.);
#9414 = B_SPLINE_SURFACE_WITH_KNOTS('',3,1,(
    (#9415,#9416)
    ,(#9417,#9418)
    ,(#9419,#9420)
    ,(#9421,#9422)
    ,(#9423,#9424)
    ,(#9425,#9426)
    ,(#9427,#9428)
    ,(#9429,#9430)
    ,(#9431,#9432)
    ,(#9433,#9434)
    ,(#9435,#9436)
    ,(#9437,#9438)
    ,(#9439,#9440)
    ,(#9441,#9442)
    ,(#9443,#9444)
    ,(#9445,#9446)
    ,(#9447,#9448
    )),.UNSPECIFIED.,.T.,.F.,.F.,(1,1,1,1,1,1,1,1,1,1,1,1,1,1,1,1,1,1,1,
    1,1),(2,2),(-0.165523073805,-0.118476005632,-5.923800281612E-02,0.,
    6.559862506034E-02,0.121625411795,0.215025031763,0.308424651731,
    0.387993530921,0.468616126397,0.549238721873,0.607020512375,
    0.695775584617,0.784530656859,0.834476926195,0.881523994368,
    0.940761997184,1.,1.06559862506,1.121625411795,1.215025031763),(0.,
    1.),.UNSPECIFIED.);
#9415 = CARTESIAN_POINT('',(8.651633388218,-4.74,4.943929361719));
#9416 = CARTESIAN_POINT('',(8.651633388218,-4.75,4.943929361719));
#9417 = CARTESIAN_POINT('',(8.672350878657,-4.74,4.628229657888));
#9418 = CARTESIAN_POINT('',(8.672350878657,-4.75,4.628229657888));
#9419 = CARTESIAN_POINT('',(8.660394004375,-4.74,4.396639095311));
#9420 = CARTESIAN_POINT('',(8.660394004375,-4.75,4.396639095311));
#9421 = CARTESIAN_POINT('',(8.581394430974,-4.74,4.110331005261));
#9422 = CARTESIAN_POINT('',(8.581394430974,-4.75,4.110331005261));
#9423 = CARTESIAN_POINT('',(8.309532080268,-4.74,3.878853090477));
#9424 = CARTESIAN_POINT('',(8.309532080268,-4.75,3.878853090477));
#9425 = CARTESIAN_POINT('',(7.916953473542,-4.74,3.925961173145));
#9426 = CARTESIAN_POINT('',(7.916953473542,-4.75,3.925961173145));
#9427 = CARTESIAN_POINT('',(7.691353062829,-4.74,4.216764830575));
#9428 = CARTESIAN_POINT('',(7.691353062829,-4.75,4.216764830575));
#9429 = CARTESIAN_POINT('',(7.647914275525,-4.74,4.514762851383));
#9430 = CARTESIAN_POINT('',(7.647914275525,-4.75,4.514762851383));
#9431 = CARTESIAN_POINT('',(7.656472837301,-4.74,4.846335515834));
#9432 = CARTESIAN_POINT('',(7.656472837301,-4.75,4.846335515834));
#9433 = CARTESIAN_POINT('',(7.706675251453,-4.74,5.146602773703));
#9434 = CARTESIAN_POINT('',(7.706675251453,-4.75,5.146602773703));
#9435 = CARTESIAN_POINT('',(7.917630534117,-4.74,5.407429076834));
#9436 = CARTESIAN_POINT('',(7.917630534117,-4.75,5.407429076834));
#9437 = CARTESIAN_POINT('',(8.265760643435,-4.74,5.422014177939));
#9438 = CARTESIAN_POINT('',(8.265760643435,-4.75,5.422014177939));
#9439 = CARTESIAN_POINT('',(8.48341214431,-4.74,5.296531174949));
#9440 = CARTESIAN_POINT('',(8.48341214431,-4.75,5.296531174949));
#9441 = CARTESIAN_POINT('',(8.606969077246,-4.74,5.104342058217));
#9442 = CARTESIAN_POINT('',(8.606969077246,-4.75,5.104342058217));
#9443 = CARTESIAN_POINT('',(8.651633388218,-4.74,4.943929361719));
#9444 = CARTESIAN_POINT('',(8.651633388218,-4.75,4.943929361719));
#9445 = CARTESIAN_POINT('',(8.672350878657,-4.74,4.628229657888));
#9446 = CARTESIAN_POINT('',(8.672350878657,-4.75,4.628229657888));
#9447 = CARTESIAN_POINT('',(8.660394004375,-4.74,4.396639095311));
#9448 = CARTESIAN_POINT('',(8.660394004375,-4.75,4.396639095311));
#9449 = ADVANCED_FACE('',(#9450),#9495,.T.);
#9450 = FACE_BOUND('',#9451,.T.);
#9451 = EDGE_LOOP('',(#9452,#9453,#9460,#9494));
#9452 = ORIENTED_EDGE('',*,*,#9313,.T.);
#9453 = ORIENTED_EDGE('',*,*,#9454,.T.);
#9454 = EDGE_CURVE('',#9314,#9455,#9457,.T.);
#9455 = VERTEX_POINT('',#9456);
#9456 = CARTESIAN_POINT('',(8.39564516129,-4.75,4.670709677419));
#9457 = B_SPLINE_CURVE_WITH_KNOTS('',1,(#9458,#9459),.UNSPECIFIED.,.F.,
  .F.,(2,2),(0.,1.),.PIECEWISE_BEZIER_KNOTS.);
#9458 = CARTESIAN_POINT('',(8.39564516129,-4.74,4.670709677419));
#9459 = CARTESIAN_POINT('',(8.39564516129,-4.75,4.670709677419));
#9460 = ORIENTED_EDGE('',*,*,#9461,.F.);
#9461 = EDGE_CURVE('',#9455,#9455,#9462,.T.);
#9462 = B_SPLINE_CURVE_WITH_KNOTS('',3,(#9463,#9464,#9465,#9466,#9467,
    #9468,#9469,#9470,#9471,#9472,#9473,#9474,#9475,#9476,#9477,#9478,
    #9479,#9480,#9481,#9482,#9483,#9484,#9485,#9486,#9487,#9488,#9489,
    #9490,#9491,#9492,#9493),.UNSPECIFIED.,.T.,.F.,(1,3,3,3,3,3,2,3,2,2,
    3,3,3,1),(-0.117888425091,0.,0.113541840318,0.186138770454,
    0.246523052625,0.33803761878,0.500282044363,0.611020303095,
    0.675647857958,0.740275412821,0.807021903909,0.882111574909,1.,
    1.113541840318),.UNSPECIFIED.);
#9463 = CARTESIAN_POINT('',(8.39564516129,-4.75,4.670709677419));
#9464 = CARTESIAN_POINT('',(8.39564516129,-4.75,4.791677419355));
#9465 = CARTESIAN_POINT('',(8.387903225806,-4.75,4.89135483871));
#9466 = CARTESIAN_POINT('',(8.373387096774,-4.75,4.968774193548));
#9467 = CARTESIAN_POINT('',(8.359046256847,-4.75,5.045258673159));
#9468 = CARTESIAN_POINT('',(8.334677419355,-4.75,5.104258064516));
#9469 = CARTESIAN_POINT('',(8.299838709677,-4.75,5.142967741935));
#9470 = CARTESIAN_POINT('',(8.264951880235,-4.75,5.18173088576));
#9471 = CARTESIAN_POINT('',(8.218548387097,-4.75,5.202));
#9472 = CARTESIAN_POINT('',(8.157580645161,-4.75,5.202967741935));
#9473 = CARTESIAN_POINT('',(8.070521166816,-4.75,5.204349638417));
#9474 = CARTESIAN_POINT('',(8.010483870968,-4.75,5.158451612903));
#9475 = CARTESIAN_POINT('',(7.976612903226,-4.75,5.070387096774));
#9476 = CARTESIAN_POINT('',(7.942617226472,-4.75,4.981998337213));
#9477 = CARTESIAN_POINT('',(7.925322580645,-4.75,4.845870967742));
#9478 = CARTESIAN_POINT('',(7.925322580645,-4.75,4.538129032258));
#9479 = CARTESIAN_POINT('',(7.932096774194,-4.75,4.436516129032));
#9480 = CARTESIAN_POINT('',(7.946612903226,-4.75,4.357161290323));
#9481 = CARTESIAN_POINT('',(7.961300326341,-4.75,4.276870043961));
#9482 = CARTESIAN_POINT('',(7.986290322581,-4.75,4.216838709677));
#9483 = CARTESIAN_POINT('',(8.054032258065,-4.75,4.135548387097));
#9484 = CARTESIAN_POINT('',(8.100483870968,-4.75,4.115225806452));
#9485 = CARTESIAN_POINT('',(8.220483870968,-4.75,4.115225806452));
#9486 = CARTESIAN_POINT('',(8.267903225806,-4.75,4.136516129032));
#9487 = CARTESIAN_POINT('',(8.301774193548,-4.75,4.179096774194));
#9488 = CARTESIAN_POINT('',(8.336020195732,-4.75,4.222148891225));
#9489 = CARTESIAN_POINT('',(8.360806451613,-4.75,4.281677419355));
#9490 = CARTESIAN_POINT('',(8.37435483871,-4.75,4.361032258065));
#9491 = CARTESIAN_POINT('',(8.387742681335,-4.75,4.43944676487));
#9492 = CARTESIAN_POINT('',(8.39564516129,-4.75,4.542967741935));
#9493 = CARTESIAN_POINT('',(8.39564516129,-4.75,4.670709677419));
#9494 = ORIENTED_EDGE('',*,*,#9454,.F.);
#9495 = B_SPLINE_SURFACE_WITH_KNOTS('',3,1,(
    (#9496,#9497)
    ,(#9498,#9499)
    ,(#9500,#9501)
    ,(#9502,#9503)
    ,(#9504,#9505)
    ,(#9506,#9507)
    ,(#9508,#9509)
    ,(#9510,#9511)
    ,(#9512,#9513)
    ,(#9514,#9515)
    ,(#9516,#9517)
    ,(#9518,#9519)
    ,(#9520,#9521)
    ,(#9522,#9523)
    ,(#9524,#9525)
    ,(#9526,#9527)
    ,(#9528,#9529)
    ,(#9530,#9531)
    ,(#9532,#9533
    )),.UNSPECIFIED.,.T.,.F.,.F.,(1,1,1,1,1,1,1,1,1,1,1,1,1,1,1,1,1,1,1,
    1,1,1,1),(2,2),(-0.203472474025,-0.122167627538,-6.108381376883E-02,
    0.,5.393237415097E-02,0.107864748302,0.182225069346,0.243308153461,
    0.288304649487,0.333301145514,0.399259445439,0.465217745365,
    0.531176045291,0.597134345216,0.646982640406,0.696830935595,
    0.796527525975,0.877832372462,0.938916186231,1.,1.053932374151,
    1.107864748302,1.182225069346),(0.,1.),.UNSPECIFIED.);
#9496 = CARTESIAN_POINT('',(8.39039179375,-4.74,4.481349857815));
#9497 = CARTESIAN_POINT('',(8.39039179375,-4.75,4.481349857815));
#9498 = CARTESIAN_POINT('',(8.397962949313,-4.74,4.663472960896));
#9499 = CARTESIAN_POINT('',(8.397962949313,-4.75,4.663472960896));
#9500 = CARTESIAN_POINT('',(8.391554627864,-4.74,4.83737029596));
#9501 = CARTESIAN_POINT('',(8.391554627864,-4.75,4.83737029596));
#9502 = CARTESIAN_POINT('',(8.377573831309,-4.74,4.965492441494));
#9503 = CARTESIAN_POINT('',(8.377573831309,-4.75,4.965492441494));
#9504 = CARTESIAN_POINT('',(8.332744719198,-4.74,5.147629951872));
#9505 = CARTESIAN_POINT('',(8.332744719198,-4.75,5.147629951872));
#9506 = CARTESIAN_POINT('',(8.182983074106,-4.74,5.215675857221));
#9507 = CARTESIAN_POINT('',(8.182983074106,-4.75,5.215675857221));
#9508 = CARTESIAN_POINT('',(8.047128082069,-4.74,5.190639117192));
#9509 = CARTESIAN_POINT('',(8.047128082069,-4.75,5.190639117192));
#9510 = CARTESIAN_POINT('',(7.962524123695,-4.74,5.061805422934));
#9511 = CARTESIAN_POINT('',(7.962524123695,-4.75,5.061805422934));
#9512 = CARTESIAN_POINT('',(7.945916356699,-4.74,4.96024205852));
#9513 = CARTESIAN_POINT('',(7.945916356699,-4.75,4.96024205852));
#9514 = CARTESIAN_POINT('',(7.923611217597,-4.74,4.785120112901));
#9515 = CARTESIAN_POINT('',(7.923611217597,-4.75,4.785120112901));
#9516 = CARTESIAN_POINT('',(7.926078655568,-4.74,4.549222654143));
#9517 = CARTESIAN_POINT('',(7.926078655568,-4.75,4.549222654143));
#9518 = CARTESIAN_POINT('',(7.933011614768,-4.74,4.413350567614));
#9519 = CARTESIAN_POINT('',(7.933011614768,-4.75,4.413350567614));
#9520 = CARTESIAN_POINT('',(7.974119056949,-4.74,4.23112474093));
#9521 = CARTESIAN_POINT('',(7.974119056949,-4.75,4.23112474093));
#9522 = CARTESIAN_POINT('',(8.07430203932,-4.74,4.097150044251));
#9523 = CARTESIAN_POINT('',(8.07430203932,-4.75,4.097150044251));
#9524 = CARTESIAN_POINT('',(8.305125103862,-4.74,4.110602830561));
#9525 = CARTESIAN_POINT('',(8.305125103862,-4.75,4.110602830561));
#9526 = CARTESIAN_POINT('',(8.376478515943,-4.74,4.340358426796));
#9527 = CARTESIAN_POINT('',(8.376478515943,-4.75,4.340358426796));
#9528 = CARTESIAN_POINT('',(8.39039179375,-4.74,4.481349857815));
#9529 = CARTESIAN_POINT('',(8.39039179375,-4.75,4.481349857815));
#9530 = CARTESIAN_POINT('',(8.397962949313,-4.74,4.663472960896));
#9531 = CARTESIAN_POINT('',(8.397962949313,-4.75,4.663472960896));
#9532 = CARTESIAN_POINT('',(8.391554627864,-4.74,4.83737029596));
#9533 = CARTESIAN_POINT('',(8.391554627864,-4.75,4.83737029596));
#9534 = ADVANCED_FACE('',(#9535),#9538,.T.);
#9535 = FACE_BOUND('',#9536,.T.);
#9536 = EDGE_LOOP('',(#9537));
#9537 = ORIENTED_EDGE('',*,*,#9461,.T.);
#9538 = B_SPLINE_SURFACE_WITH_KNOTS('',1,1,(
    (#9539,#9540)
    ,(#9541,#9542
    )),.UNSPECIFIED.,.F.,.F.,.F.,(2,2),(2,2),(-0.204349638417,
    0.884774193548),(0.175322580645,0.64564516129),
  .PIECEWISE_BEZIER_KNOTS.);
#9539 = CARTESIAN_POINT('',(7.925322580645,-4.75,5.204349638417));
#9540 = CARTESIAN_POINT('',(8.39564516129,-4.75,5.204349638417));
#9541 = CARTESIAN_POINT('',(7.925322580645,-4.75,4.115225806452));
#9542 = CARTESIAN_POINT('',(8.39564516129,-4.75,4.115225806452));
#9543 = ADVANCED_FACE('',(#9544),#9547,.T.);
#9544 = FACE_BOUND('',#9545,.T.);
#9545 = EDGE_LOOP('',(#9546));
#9546 = ORIENTED_EDGE('',*,*,#7793,.T.);
#9547 = B_SPLINE_SURFACE_WITH_KNOTS('',1,1,(
    (#9548,#9549)
    ,(#9550,#9551
    )),.UNSPECIFIED.,.F.,.F.,.F.,(2,2),(2,2),(-0.204903225806,
    0.377677419355),(-2.274032258065,-1.798870967742),
  .PIECEWISE_BEZIER_KNOTS.);
#9548 = CARTESIAN_POINT('',(5.475967741935,-4.75,5.204903225806));
#9549 = CARTESIAN_POINT('',(5.951129032258,-4.75,5.204903225806));
#9550 = CARTESIAN_POINT('',(5.475967741935,-4.75,4.622322580645));
#9551 = CARTESIAN_POINT('',(5.951129032258,-4.75,4.622322580645));
#9552 = ADVANCED_FACE('',(#9553),#9558,.T.);
#9553 = FACE_BOUND('',#9554,.T.);
#9554 = EDGE_LOOP('',(#9555,#9556,#9557));
#9555 = ORIENTED_EDGE('',*,*,#4963,.T.);
#9556 = ORIENTED_EDGE('',*,*,#4935,.T.);
#9557 = ORIENTED_EDGE('',*,*,#4985,.T.);
#9558 = B_SPLINE_SURFACE_WITH_KNOTS('',1,1,(
    (#9559,#9560)
    ,(#9561,#9562
    )),.UNSPECIFIED.,.F.,.F.,.F.,(2,2),(2,2),(-4.812903225807E-02,
    0.52864516129),(3.709516129032,4.136290322581),
  .PIECEWISE_BEZIER_KNOTS.);
#9559 = CARTESIAN_POINT('',(11.459516129032,-4.75,5.048129032258));
#9560 = CARTESIAN_POINT('',(11.886290322581,-4.75,5.048129032258));
#9561 = CARTESIAN_POINT('',(11.459516129032,-4.75,4.47135483871));
#9562 = CARTESIAN_POINT('',(11.886290322581,-4.75,4.47135483871));
#9563 = ADVANCED_FACE('',(#9564),#9569,.T.);
#9564 = FACE_BOUND('',#9565,.T.);
#9565 = EDGE_LOOP('',(#9566,#9567,#9568));
#9566 = ORIENTED_EDGE('',*,*,#5718,.T.);
#9567 = ORIENTED_EDGE('',*,*,#5690,.T.);
#9568 = ORIENTED_EDGE('',*,*,#5740,.T.);
#9569 = B_SPLINE_SURFACE_WITH_KNOTS('',1,1,(
    (#9570,#9571)
    ,(#9572,#9573
    )),.UNSPECIFIED.,.F.,.F.,.F.,(2,2),(2,2),(2.467253376206,
    3.024542122186),(3.658669453376,4.071025723473),
  .PIECEWISE_BEZIER_KNOTS.);
#9570 = CARTESIAN_POINT('',(11.408669453376,-4.75,2.532746623794));
#9571 = CARTESIAN_POINT('',(11.821025723473,-4.75,2.532746623794));
#9572 = CARTESIAN_POINT('',(11.408669453376,-4.75,1.975457877814));
#9573 = CARTESIAN_POINT('',(11.821025723473,-4.75,1.975457877814));
#9574 = ADVANCED_FACE('',(#9575),#9580,.T.);
#9575 = FACE_BOUND('',#9576,.T.);
#9576 = EDGE_LOOP('',(#9577,#9578,#9579));
#9577 = ORIENTED_EDGE('',*,*,#6659,.T.);
#9578 = ORIENTED_EDGE('',*,*,#6631,.T.);
#9579 = ORIENTED_EDGE('',*,*,#6681,.T.);
#9580 = B_SPLINE_SURFACE_WITH_KNOTS('',1,1,(
    (#9581,#9582)
    ,(#9583,#9584
    )),.UNSPECIFIED.,.F.,.F.,.F.,(2,2),(2,2),(2.467253376206,
    3.024542122186),(-4.853074598071,-4.440718327974),
  .PIECEWISE_BEZIER_KNOTS.);
#9581 = CARTESIAN_POINT('',(2.896925401929,-4.75,2.532746623794));
#9582 = CARTESIAN_POINT('',(3.309281672026,-4.75,2.532746623794));
#9583 = CARTESIAN_POINT('',(2.896925401929,-4.75,1.975457877814));
#9584 = CARTESIAN_POINT('',(3.309281672026,-4.75,1.975457877814));
#9585 = ADVANCED_FACE('',(#9586),#9616,.F.);
#9586 = FACE_BOUND('',#9587,.T.);
#9587 = EDGE_LOOP('',(#9588,#9597,#9604,#9611));
#9588 = ORIENTED_EDGE('',*,*,#9589,.F.);
#9589 = EDGE_CURVE('',#9590,#9592,#9594,.T.);
#9590 = VERTEX_POINT('',#9591);
#9591 = CARTESIAN_POINT('',(5.685,-4.74,1.5));
#9592 = VERTEX_POINT('',#9593);
#9593 = CARTESIAN_POINT('',(5.685,-4.74,1.7));
#9594 = B_SPLINE_CURVE_WITH_KNOTS('',1,(#9595,#9596),.UNSPECIFIED.,.F.,
  .F.,(2,2),(0.,0.2),.PIECEWISE_BEZIER_KNOTS.);
#9595 = CARTESIAN_POINT('',(5.685,-4.74,1.5));
#9596 = CARTESIAN_POINT('',(5.685,-4.74,1.7));
#9597 = ORIENTED_EDGE('',*,*,#9598,.F.);
#9598 = EDGE_CURVE('',#9599,#9590,#9601,.T.);
#9599 = VERTEX_POINT('',#9600);
#9600 = CARTESIAN_POINT('',(6.515,-4.74,1.5));
#9601 = B_SPLINE_CURVE_WITH_KNOTS('',1,(#9602,#9603),.UNSPECIFIED.,.F.,
  .F.,(2,2),(0.,0.83),.PIECEWISE_BEZIER_KNOTS.);
#9602 = CARTESIAN_POINT('',(6.515,-4.74,1.5));
#9603 = CARTESIAN_POINT('',(5.685,-4.74,1.5));
#9604 = ORIENTED_EDGE('',*,*,#9605,.F.);
#9605 = EDGE_CURVE('',#9606,#9599,#9608,.T.);
#9606 = VERTEX_POINT('',#9607);
#9607 = CARTESIAN_POINT('',(6.515,-4.74,1.7));
#9608 = B_SPLINE_CURVE_WITH_KNOTS('',1,(#9609,#9610),.UNSPECIFIED.,.F.,
  .F.,(2,2),(0.,0.2),.PIECEWISE_BEZIER_KNOTS.);
#9609 = CARTESIAN_POINT('',(6.515,-4.74,1.7));
#9610 = CARTESIAN_POINT('',(6.515,-4.74,1.5));
#9611 = ORIENTED_EDGE('',*,*,#9612,.F.);
#9612 = EDGE_CURVE('',#9592,#9606,#9613,.T.);
#9613 = B_SPLINE_CURVE_WITH_KNOTS('',1,(#9614,#9615),.UNSPECIFIED.,.F.,
  .F.,(2,2),(0.,0.83),.PIECEWISE_BEZIER_KNOTS.);
#9614 = CARTESIAN_POINT('',(5.685,-4.74,1.7));
#9615 = CARTESIAN_POINT('',(6.515,-4.74,1.7));
#9616 = B_SPLINE_SURFACE_WITH_KNOTS('',1,1,(
    (#9617,#9618)
    ,(#9619,#9620
    )),.UNSPECIFIED.,.F.,.F.,.F.,(2,2),(2,2),(-3.5,-3.3),(-2.065,-1.235)
  ,.PIECEWISE_BEZIER_KNOTS.);
#9617 = CARTESIAN_POINT('',(5.685,-4.74,1.5));
#9618 = CARTESIAN_POINT('',(6.515,-4.74,1.5));
#9619 = CARTESIAN_POINT('',(5.685,-4.74,1.7));
#9620 = CARTESIAN_POINT('',(6.515,-4.74,1.7));
#9621 = ADVANCED_FACE('',(#9622),#9636,.T.);
#9622 = FACE_BOUND('',#9623,.T.);
#9623 = EDGE_LOOP('',(#9624,#9625,#9630,#9631));
#9624 = ORIENTED_EDGE('',*,*,#2569,.F.);
#9625 = ORIENTED_EDGE('',*,*,#9626,.F.);
#9626 = EDGE_CURVE('',#9590,#2563,#9627,.T.);
#9627 = B_SPLINE_CURVE_WITH_KNOTS('',1,(#9628,#9629),.UNSPECIFIED.,.F.,
  .F.,(2,2),(0.,1.E-02),.PIECEWISE_BEZIER_KNOTS.);
#9628 = CARTESIAN_POINT('',(5.685,-4.74,1.5));
#9629 = CARTESIAN_POINT('',(5.685,-4.75,1.5));
#9630 = ORIENTED_EDGE('',*,*,#9589,.T.);
#9631 = ORIENTED_EDGE('',*,*,#9632,.T.);
#9632 = EDGE_CURVE('',#9592,#2570,#9633,.T.);
#9633 = B_SPLINE_CURVE_WITH_KNOTS('',1,(#9634,#9635),.UNSPECIFIED.,.F.,
  .F.,(2,2),(0.,1.E-02),.PIECEWISE_BEZIER_KNOTS.);
#9634 = CARTESIAN_POINT('',(5.685,-4.74,1.7));
#9635 = CARTESIAN_POINT('',(5.685,-4.75,1.7));
#9636 = B_SPLINE_SURFACE_WITH_KNOTS('',1,1,(
    (#9637,#9638)
    ,(#9639,#9640
    )),.UNSPECIFIED.,.F.,.F.,.F.,(2,2),(2,2),(-0.2,0.),(-1.E-02,0.),
  .PIECEWISE_BEZIER_KNOTS.);
#9637 = CARTESIAN_POINT('',(5.685,-4.75,1.7));
#9638 = CARTESIAN_POINT('',(5.685,-4.74,1.7));
#9639 = CARTESIAN_POINT('',(5.685,-4.75,1.5));
#9640 = CARTESIAN_POINT('',(5.685,-4.74,1.5));
#9641 = ADVANCED_FACE('',(#9642),#9652,.T.);
#9642 = FACE_BOUND('',#9643,.T.);
#9643 = EDGE_LOOP('',(#9644,#9645,#9646,#9647));
#9644 = ORIENTED_EDGE('',*,*,#2576,.F.);
#9645 = ORIENTED_EDGE('',*,*,#9632,.F.);
#9646 = ORIENTED_EDGE('',*,*,#9612,.T.);
#9647 = ORIENTED_EDGE('',*,*,#9648,.T.);
#9648 = EDGE_CURVE('',#9606,#2577,#9649,.T.);
#9649 = B_SPLINE_CURVE_WITH_KNOTS('',1,(#9650,#9651),.UNSPECIFIED.,.F.,
  .F.,(2,2),(0.,1.E-02),.PIECEWISE_BEZIER_KNOTS.);
#9650 = CARTESIAN_POINT('',(6.515,-4.74,1.7));
#9651 = CARTESIAN_POINT('',(6.515,-4.75,1.7));
#9652 = B_SPLINE_SURFACE_WITH_KNOTS('',1,1,(
    (#9653,#9654)
    ,(#9655,#9656
    )),.UNSPECIFIED.,.F.,.F.,.F.,(2,2),(2,2),(-0.83,0.),(-1.E-02,0.),
  .PIECEWISE_BEZIER_KNOTS.);
#9653 = CARTESIAN_POINT('',(6.515,-4.75,1.7));
#9654 = CARTESIAN_POINT('',(6.515,-4.74,1.7));
#9655 = CARTESIAN_POINT('',(5.685,-4.75,1.7));
#9656 = CARTESIAN_POINT('',(5.685,-4.74,1.7));
#9657 = ADVANCED_FACE('',(#9658),#9668,.T.);
#9658 = FACE_BOUND('',#9659,.T.);
#9659 = EDGE_LOOP('',(#9660,#9661,#9662,#9663));
#9660 = ORIENTED_EDGE('',*,*,#2583,.F.);
#9661 = ORIENTED_EDGE('',*,*,#9648,.F.);
#9662 = ORIENTED_EDGE('',*,*,#9605,.T.);
#9663 = ORIENTED_EDGE('',*,*,#9664,.T.);
#9664 = EDGE_CURVE('',#9599,#2561,#9665,.T.);
#9665 = B_SPLINE_CURVE_WITH_KNOTS('',1,(#9666,#9667),.UNSPECIFIED.,.F.,
  .F.,(2,2),(0.,1.E-02),.PIECEWISE_BEZIER_KNOTS.);
#9666 = CARTESIAN_POINT('',(6.515,-4.74,1.5));
#9667 = CARTESIAN_POINT('',(6.515,-4.75,1.5));
#9668 = B_SPLINE_SURFACE_WITH_KNOTS('',1,1,(
    (#9669,#9670)
    ,(#9671,#9672
    )),.UNSPECIFIED.,.F.,.F.,.F.,(2,2),(2,2),(-0.2,0.),(-1.E-02,0.),
  .PIECEWISE_BEZIER_KNOTS.);
#9669 = CARTESIAN_POINT('',(6.515,-4.75,1.5));
#9670 = CARTESIAN_POINT('',(6.515,-4.74,1.5));
#9671 = CARTESIAN_POINT('',(6.515,-4.75,1.7));
#9672 = CARTESIAN_POINT('',(6.515,-4.74,1.7));
#9673 = ADVANCED_FACE('',(#9674),#9680,.T.);
#9674 = FACE_BOUND('',#9675,.T.);
#9675 = EDGE_LOOP('',(#9676,#9677,#9678,#9679));
#9676 = ORIENTED_EDGE('',*,*,#2560,.F.);
#9677 = ORIENTED_EDGE('',*,*,#9664,.F.);
#9678 = ORIENTED_EDGE('',*,*,#9598,.T.);
#9679 = ORIENTED_EDGE('',*,*,#9626,.T.);
#9680 = B_SPLINE_SURFACE_WITH_KNOTS('',1,1,(
    (#9681,#9682)
    ,(#9683,#9684
    )),.UNSPECIFIED.,.F.,.F.,.F.,(2,2),(2,2),(-0.83,0.),(-1.E-02,0.),
  .PIECEWISE_BEZIER_KNOTS.);
#9681 = CARTESIAN_POINT('',(5.685,-4.75,1.5));
#9682 = CARTESIAN_POINT('',(5.685,-4.74,1.5));
#9683 = CARTESIAN_POINT('',(6.515,-4.75,1.5));
#9684 = CARTESIAN_POINT('',(6.515,-4.74,1.5));
#9685 = ADVANCED_FACE('',(#9686),#9772,.T.);
#9686 = FACE_BOUND('',#9687,.T.);
#9687 = EDGE_LOOP('',(#9688,#9697,#9704,#9711,#9718,#9725,#9732,#9739,
    #9746,#9753,#9760,#9767));
#9688 = ORIENTED_EDGE('',*,*,#9689,.T.);
#9689 = EDGE_CURVE('',#9690,#9692,#9694,.T.);
#9690 = VERTEX_POINT('',#9691);
#9691 = CARTESIAN_POINT('',(6.2,-4.74,2.6));
#9692 = VERTEX_POINT('',#9693);
#9693 = CARTESIAN_POINT('',(6.,-4.74,2.6));
#9694 = B_SPLINE_CURVE_WITH_KNOTS('',1,(#9695,#9696),.UNSPECIFIED.,.F.,
  .F.,(2,2),(0.,0.2),.PIECEWISE_BEZIER_KNOTS.);
#9695 = CARTESIAN_POINT('',(6.2,-4.74,2.6));
#9696 = CARTESIAN_POINT('',(6.,-4.74,2.6));
#9697 = ORIENTED_EDGE('',*,*,#9698,.T.);
#9698 = EDGE_CURVE('',#9692,#9699,#9701,.T.);
#9699 = VERTEX_POINT('',#9700);
#9700 = CARTESIAN_POINT('',(6.,-4.74,2.29));
#9701 = B_SPLINE_CURVE_WITH_KNOTS('',1,(#9702,#9703),.UNSPECIFIED.,.F.,
  .F.,(2,2),(0.,0.31),.PIECEWISE_BEZIER_KNOTS.);
#9702 = CARTESIAN_POINT('',(6.,-4.74,2.6));
#9703 = CARTESIAN_POINT('',(6.,-4.74,2.29));
#9704 = ORIENTED_EDGE('',*,*,#9705,.T.);
#9705 = EDGE_CURVE('',#9699,#9706,#9708,.T.);
#9706 = VERTEX_POINT('',#9707);
#9707 = CARTESIAN_POINT('',(5.69,-4.74,2.29));
#9708 = B_SPLINE_CURVE_WITH_KNOTS('',1,(#9709,#9710),.UNSPECIFIED.,.F.,
  .F.,(2,2),(0.,0.31),.PIECEWISE_BEZIER_KNOTS.);
#9709 = CARTESIAN_POINT('',(6.,-4.74,2.29));
#9710 = CARTESIAN_POINT('',(5.69,-4.74,2.29));
#9711 = ORIENTED_EDGE('',*,*,#9712,.T.);
#9712 = EDGE_CURVE('',#9706,#9713,#9715,.T.);
#9713 = VERTEX_POINT('',#9714);
#9714 = CARTESIAN_POINT('',(5.69,-4.74,2.09));
#9715 = B_SPLINE_CURVE_WITH_KNOTS('',1,(#9716,#9717),.UNSPECIFIED.,.F.,
  .F.,(2,2),(0.,0.2),.PIECEWISE_BEZIER_KNOTS.);
#9716 = CARTESIAN_POINT('',(5.69,-4.74,2.29));
#9717 = CARTESIAN_POINT('',(5.69,-4.74,2.09));
#9718 = ORIENTED_EDGE('',*,*,#9719,.T.);
#9719 = EDGE_CURVE('',#9713,#9720,#9722,.T.);
#9720 = VERTEX_POINT('',#9721);
#9721 = CARTESIAN_POINT('',(6.,-4.74,2.09));
#9722 = B_SPLINE_CURVE_WITH_KNOTS('',1,(#9723,#9724),.UNSPECIFIED.,.F.,
  .F.,(2,2),(0.,0.31),.PIECEWISE_BEZIER_KNOTS.);
#9723 = CARTESIAN_POINT('',(5.69,-4.74,2.09));
#9724 = CARTESIAN_POINT('',(6.,-4.74,2.09));
#9725 = ORIENTED_EDGE('',*,*,#9726,.T.);
#9726 = EDGE_CURVE('',#9720,#9727,#9729,.T.);
#9727 = VERTEX_POINT('',#9728);
#9728 = CARTESIAN_POINT('',(6.,-4.74,1.78));
#9729 = B_SPLINE_CURVE_WITH_KNOTS('',1,(#9730,#9731),.UNSPECIFIED.,.F.,
  .F.,(2,2),(0.,0.31),.PIECEWISE_BEZIER_KNOTS.);
#9730 = CARTESIAN_POINT('',(6.,-4.74,2.09));
#9731 = CARTESIAN_POINT('',(6.,-4.74,1.78));
#9732 = ORIENTED_EDGE('',*,*,#9733,.T.);
#9733 = EDGE_CURVE('',#9727,#9734,#9736,.T.);
#9734 = VERTEX_POINT('',#9735);
#9735 = CARTESIAN_POINT('',(6.2,-4.74,1.78));
#9736 = B_SPLINE_CURVE_WITH_KNOTS('',1,(#9737,#9738),.UNSPECIFIED.,.F.,
  .F.,(2,2),(0.,0.2),.PIECEWISE_BEZIER_KNOTS.);
#9737 = CARTESIAN_POINT('',(6.,-4.74,1.78));
#9738 = CARTESIAN_POINT('',(6.2,-4.74,1.78));
#9739 = ORIENTED_EDGE('',*,*,#9740,.T.);
#9740 = EDGE_CURVE('',#9734,#9741,#9743,.T.);
#9741 = VERTEX_POINT('',#9742);
#9742 = CARTESIAN_POINT('',(6.2,-4.74,2.09));
#9743 = B_SPLINE_CURVE_WITH_KNOTS('',1,(#9744,#9745),.UNSPECIFIED.,.F.,
  .F.,(2,2),(0.,0.31),.PIECEWISE_BEZIER_KNOTS.);
#9744 = CARTESIAN_POINT('',(6.2,-4.74,1.78));
#9745 = CARTESIAN_POINT('',(6.2,-4.74,2.09));
#9746 = ORIENTED_EDGE('',*,*,#9747,.T.);
#9747 = EDGE_CURVE('',#9741,#9748,#9750,.T.);
#9748 = VERTEX_POINT('',#9749);
#9749 = CARTESIAN_POINT('',(6.51,-4.74,2.09));
#9750 = B_SPLINE_CURVE_WITH_KNOTS('',1,(#9751,#9752),.UNSPECIFIED.,.F.,
  .F.,(2,2),(0.,0.31),.PIECEWISE_BEZIER_KNOTS.);
#9751 = CARTESIAN_POINT('',(6.2,-4.74,2.09));
#9752 = CARTESIAN_POINT('',(6.51,-4.74,2.09));
#9753 = ORIENTED_EDGE('',*,*,#9754,.T.);
#9754 = EDGE_CURVE('',#9748,#9755,#9757,.T.);
#9755 = VERTEX_POINT('',#9756);
#9756 = CARTESIAN_POINT('',(6.51,-4.74,2.29));
#9757 = B_SPLINE_CURVE_WITH_KNOTS('',1,(#9758,#9759),.UNSPECIFIED.,.F.,
  .F.,(2,2),(0.,0.2),.PIECEWISE_BEZIER_KNOTS.);
#9758 = CARTESIAN_POINT('',(6.51,-4.74,2.09));
#9759 = CARTESIAN_POINT('',(6.51,-4.74,2.29));
#9760 = ORIENTED_EDGE('',*,*,#9761,.T.);
#9761 = EDGE_CURVE('',#9755,#9762,#9764,.T.);
#9762 = VERTEX_POINT('',#9763);
#9763 = CARTESIAN_POINT('',(6.2,-4.74,2.29));
#9764 = B_SPLINE_CURVE_WITH_KNOTS('',1,(#9765,#9766),.UNSPECIFIED.,.F.,
  .F.,(2,2),(0.,0.31),.PIECEWISE_BEZIER_KNOTS.);
#9765 = CARTESIAN_POINT('',(6.51,-4.74,2.29));
#9766 = CARTESIAN_POINT('',(6.2,-4.74,2.29));
#9767 = ORIENTED_EDGE('',*,*,#9768,.T.);
#9768 = EDGE_CURVE('',#9762,#9690,#9769,.T.);
#9769 = B_SPLINE_CURVE_WITH_KNOTS('',1,(#9770,#9771),.UNSPECIFIED.,.F.,
  .F.,(2,2),(0.,0.31),.PIECEWISE_BEZIER_KNOTS.);
#9770 = CARTESIAN_POINT('',(6.2,-4.74,2.29));
#9771 = CARTESIAN_POINT('',(6.2,-4.74,2.6));
#9772 = B_SPLINE_SURFACE_WITH_KNOTS('',1,1,(
    (#9773,#9774)
    ,(#9775,#9776
    )),.UNSPECIFIED.,.F.,.F.,.F.,(2,2),(2,2),(2.4,3.22),(-2.06,-1.24),
  .PIECEWISE_BEZIER_KNOTS.);
#9773 = CARTESIAN_POINT('',(5.69,-4.74,2.6));
#9774 = CARTESIAN_POINT('',(6.51,-4.74,2.6));
#9775 = CARTESIAN_POINT('',(5.69,-4.74,1.78));
#9776 = CARTESIAN_POINT('',(6.51,-4.74,1.78));
#9777 = ADVANCED_FACE('',(#9778),#9792,.F.);
#9778 = FACE_BOUND('',#9779,.T.);
#9779 = EDGE_LOOP('',(#9780,#9781,#9786,#9787));
#9780 = ORIENTED_EDGE('',*,*,#21,.T.);
#9781 = ORIENTED_EDGE('',*,*,#9782,.F.);
#9782 = EDGE_CURVE('',#9699,#24,#9783,.T.);
#9783 = B_SPLINE_CURVE_WITH_KNOTS('',1,(#9784,#9785),.UNSPECIFIED.,.F.,
  .F.,(2,2),(0.,1.E-02),.PIECEWISE_BEZIER_KNOTS.);
#9784 = CARTESIAN_POINT('',(6.,-4.74,2.29));
#9785 = CARTESIAN_POINT('',(6.,-4.75,2.29));
#9786 = ORIENTED_EDGE('',*,*,#9698,.F.);
#9787 = ORIENTED_EDGE('',*,*,#9788,.T.);
#9788 = EDGE_CURVE('',#9692,#22,#9789,.T.);
#9789 = B_SPLINE_CURVE_WITH_KNOTS('',1,(#9790,#9791),.UNSPECIFIED.,.F.,
  .F.,(2,2),(0.,1.E-02),.PIECEWISE_BEZIER_KNOTS.);
#9790 = CARTESIAN_POINT('',(6.,-4.74,2.6));
#9791 = CARTESIAN_POINT('',(6.,-4.75,2.6));
#9792 = B_SPLINE_SURFACE_WITH_KNOTS('',1,1,(
    (#9793,#9794)
    ,(#9795,#9796
    )),.UNSPECIFIED.,.F.,.F.,.F.,(2,2),(2,2),(-0.31,0.),(-1.E-02,0.),
  .PIECEWISE_BEZIER_KNOTS.);
#9793 = CARTESIAN_POINT('',(6.,-4.75,2.29));
#9794 = CARTESIAN_POINT('',(6.,-4.74,2.29));
#9795 = CARTESIAN_POINT('',(6.,-4.75,2.6));
#9796 = CARTESIAN_POINT('',(6.,-4.74,2.6));
#9797 = ADVANCED_FACE('',(#9798),#9808,.F.);
#9798 = FACE_BOUND('',#9799,.T.);
#9799 = EDGE_LOOP('',(#9800,#9801,#9806,#9807));
#9800 = ORIENTED_EDGE('',*,*,#100,.T.);
#9801 = ORIENTED_EDGE('',*,*,#9802,.F.);
#9802 = EDGE_CURVE('',#9706,#94,#9803,.T.);
#9803 = B_SPLINE_CURVE_WITH_KNOTS('',1,(#9804,#9805),.UNSPECIFIED.,.F.,
  .F.,(2,2),(0.,1.E-02),.PIECEWISE_BEZIER_KNOTS.);
#9804 = CARTESIAN_POINT('',(5.69,-4.74,2.29));
#9805 = CARTESIAN_POINT('',(5.69,-4.75,2.29));
#9806 = ORIENTED_EDGE('',*,*,#9705,.F.);
#9807 = ORIENTED_EDGE('',*,*,#9782,.T.);
#9808 = B_SPLINE_SURFACE_WITH_KNOTS('',1,1,(
    (#9809,#9810)
    ,(#9811,#9812
    )),.UNSPECIFIED.,.F.,.F.,.F.,(2,2),(2,2),(-0.31,0.),(-1.E-02,0.),
  .PIECEWISE_BEZIER_KNOTS.);
#9809 = CARTESIAN_POINT('',(5.69,-4.75,2.29));
#9810 = CARTESIAN_POINT('',(5.69,-4.74,2.29));
#9811 = CARTESIAN_POINT('',(6.,-4.75,2.29));
#9812 = CARTESIAN_POINT('',(6.,-4.74,2.29));
#9813 = ADVANCED_FACE('',(#9814),#9824,.F.);
#9814 = FACE_BOUND('',#9815,.T.);
#9815 = EDGE_LOOP('',(#9816,#9817,#9822,#9823));
#9816 = ORIENTED_EDGE('',*,*,#93,.T.);
#9817 = ORIENTED_EDGE('',*,*,#9818,.F.);
#9818 = EDGE_CURVE('',#9713,#87,#9819,.T.);
#9819 = B_SPLINE_CURVE_WITH_KNOTS('',1,(#9820,#9821),.UNSPECIFIED.,.F.,
  .F.,(2,2),(0.,1.E-02),.PIECEWISE_BEZIER_KNOTS.);
#9820 = CARTESIAN_POINT('',(5.69,-4.74,2.09));
#9821 = CARTESIAN_POINT('',(5.69,-4.75,2.09));
#9822 = ORIENTED_EDGE('',*,*,#9712,.F.);
#9823 = ORIENTED_EDGE('',*,*,#9802,.T.);
#9824 = B_SPLINE_SURFACE_WITH_KNOTS('',1,1,(
    (#9825,#9826)
    ,(#9827,#9828
    )),.UNSPECIFIED.,.F.,.F.,.F.,(2,2),(2,2),(-0.2,0.),(-1.E-02,0.),
  .PIECEWISE_BEZIER_KNOTS.);
#9825 = CARTESIAN_POINT('',(5.69,-4.75,2.09));
#9826 = CARTESIAN_POINT('',(5.69,-4.74,2.09));
#9827 = CARTESIAN_POINT('',(5.69,-4.75,2.29));
#9828 = CARTESIAN_POINT('',(5.69,-4.74,2.29));
#9829 = ADVANCED_FACE('',(#9830),#9840,.F.);
#9830 = FACE_BOUND('',#9831,.T.);
#9831 = EDGE_LOOP('',(#9832,#9833,#9838,#9839));
#9832 = ORIENTED_EDGE('',*,*,#86,.T.);
#9833 = ORIENTED_EDGE('',*,*,#9834,.F.);
#9834 = EDGE_CURVE('',#9720,#80,#9835,.T.);
#9835 = B_SPLINE_CURVE_WITH_KNOTS('',1,(#9836,#9837),.UNSPECIFIED.,.F.,
  .F.,(2,2),(0.,1.E-02),.PIECEWISE_BEZIER_KNOTS.);
#9836 = CARTESIAN_POINT('',(6.,-4.74,2.09));
#9837 = CARTESIAN_POINT('',(6.,-4.75,2.09));
#9838 = ORIENTED_EDGE('',*,*,#9719,.F.);
#9839 = ORIENTED_EDGE('',*,*,#9818,.T.);
#9840 = B_SPLINE_SURFACE_WITH_KNOTS('',1,1,(
    (#9841,#9842)
    ,(#9843,#9844
    )),.UNSPECIFIED.,.F.,.F.,.F.,(2,2),(2,2),(-0.31,0.),(-1.E-02,0.),
  .PIECEWISE_BEZIER_KNOTS.);
#9841 = CARTESIAN_POINT('',(6.,-4.75,2.09));
#9842 = CARTESIAN_POINT('',(6.,-4.74,2.09));
#9843 = CARTESIAN_POINT('',(5.69,-4.75,2.09));
#9844 = CARTESIAN_POINT('',(5.69,-4.74,2.09));
#9845 = ADVANCED_FACE('',(#9846),#9856,.F.);
#9846 = FACE_BOUND('',#9847,.T.);
#9847 = EDGE_LOOP('',(#9848,#9849,#9854,#9855));
#9848 = ORIENTED_EDGE('',*,*,#79,.T.);
#9849 = ORIENTED_EDGE('',*,*,#9850,.F.);
#9850 = EDGE_CURVE('',#9727,#73,#9851,.T.);
#9851 = B_SPLINE_CURVE_WITH_KNOTS('',1,(#9852,#9853),.UNSPECIFIED.,.F.,
  .F.,(2,2),(0.,1.E-02),.PIECEWISE_BEZIER_KNOTS.);
#9852 = CARTESIAN_POINT('',(6.,-4.74,1.78));
#9853 = CARTESIAN_POINT('',(6.,-4.75,1.78));
#9854 = ORIENTED_EDGE('',*,*,#9726,.F.);
#9855 = ORIENTED_EDGE('',*,*,#9834,.T.);
#9856 = B_SPLINE_SURFACE_WITH_KNOTS('',1,1,(
    (#9857,#9858)
    ,(#9859,#9860
    )),.UNSPECIFIED.,.F.,.F.,.F.,(2,2),(2,2),(-0.31,0.),(-1.E-02,0.),
  .PIECEWISE_BEZIER_KNOTS.);
#9857 = CARTESIAN_POINT('',(6.,-4.75,1.78));
#9858 = CARTESIAN_POINT('',(6.,-4.74,1.78));
#9859 = CARTESIAN_POINT('',(6.,-4.75,2.09));
#9860 = CARTESIAN_POINT('',(6.,-4.74,2.09));
#9861 = ADVANCED_FACE('',(#9862),#9872,.F.);
#9862 = FACE_BOUND('',#9863,.T.);
#9863 = EDGE_LOOP('',(#9864,#9865,#9870,#9871));
#9864 = ORIENTED_EDGE('',*,*,#72,.T.);
#9865 = ORIENTED_EDGE('',*,*,#9866,.F.);
#9866 = EDGE_CURVE('',#9734,#66,#9867,.T.);
#9867 = B_SPLINE_CURVE_WITH_KNOTS('',1,(#9868,#9869),.UNSPECIFIED.,.F.,
  .F.,(2,2),(0.,1.E-02),.PIECEWISE_BEZIER_KNOTS.);
#9868 = CARTESIAN_POINT('',(6.2,-4.74,1.78));
#9869 = CARTESIAN_POINT('',(6.2,-4.75,1.78));
#9870 = ORIENTED_EDGE('',*,*,#9733,.F.);
#9871 = ORIENTED_EDGE('',*,*,#9850,.T.);
#9872 = B_SPLINE_SURFACE_WITH_KNOTS('',1,1,(
    (#9873,#9874)
    ,(#9875,#9876
    )),.UNSPECIFIED.,.F.,.F.,.F.,(2,2),(2,2),(-0.2,0.),(-1.E-02,0.),
  .PIECEWISE_BEZIER_KNOTS.);
#9873 = CARTESIAN_POINT('',(6.2,-4.75,1.78));
#9874 = CARTESIAN_POINT('',(6.2,-4.74,1.78));
#9875 = CARTESIAN_POINT('',(6.,-4.75,1.78));
#9876 = CARTESIAN_POINT('',(6.,-4.74,1.78));
#9877 = ADVANCED_FACE('',(#9878),#9888,.F.);
#9878 = FACE_BOUND('',#9879,.T.);
#9879 = EDGE_LOOP('',(#9880,#9881,#9886,#9887));
#9880 = ORIENTED_EDGE('',*,*,#65,.T.);
#9881 = ORIENTED_EDGE('',*,*,#9882,.F.);
#9882 = EDGE_CURVE('',#9741,#59,#9883,.T.);
#9883 = B_SPLINE_CURVE_WITH_KNOTS('',1,(#9884,#9885),.UNSPECIFIED.,.F.,
  .F.,(2,2),(0.,1.E-02),.PIECEWISE_BEZIER_KNOTS.);
#9884 = CARTESIAN_POINT('',(6.2,-4.74,2.09));
#9885 = CARTESIAN_POINT('',(6.2,-4.75,2.09));
#9886 = ORIENTED_EDGE('',*,*,#9740,.F.);
#9887 = ORIENTED_EDGE('',*,*,#9866,.T.);
#9888 = B_SPLINE_SURFACE_WITH_KNOTS('',1,1,(
    (#9889,#9890)
    ,(#9891,#9892
    )),.UNSPECIFIED.,.F.,.F.,.F.,(2,2),(2,2),(-0.31,0.),(-1.E-02,0.),
  .PIECEWISE_BEZIER_KNOTS.);
#9889 = CARTESIAN_POINT('',(6.2,-4.75,2.09));
#9890 = CARTESIAN_POINT('',(6.2,-4.74,2.09));
#9891 = CARTESIAN_POINT('',(6.2,-4.75,1.78));
#9892 = CARTESIAN_POINT('',(6.2,-4.74,1.78));
#9893 = ADVANCED_FACE('',(#9894),#9904,.F.);
#9894 = FACE_BOUND('',#9895,.T.);
#9895 = EDGE_LOOP('',(#9896,#9897,#9902,#9903));
#9896 = ORIENTED_EDGE('',*,*,#58,.T.);
#9897 = ORIENTED_EDGE('',*,*,#9898,.F.);
#9898 = EDGE_CURVE('',#9748,#52,#9899,.T.);
#9899 = B_SPLINE_CURVE_WITH_KNOTS('',1,(#9900,#9901),.UNSPECIFIED.,.F.,
  .F.,(2,2),(0.,1.E-02),.PIECEWISE_BEZIER_KNOTS.);
#9900 = CARTESIAN_POINT('',(6.51,-4.74,2.09));
#9901 = CARTESIAN_POINT('',(6.51,-4.75,2.09));
#9902 = ORIENTED_EDGE('',*,*,#9747,.F.);
#9903 = ORIENTED_EDGE('',*,*,#9882,.T.);
#9904 = B_SPLINE_SURFACE_WITH_KNOTS('',1,1,(
    (#9905,#9906)
    ,(#9907,#9908
    )),.UNSPECIFIED.,.F.,.F.,.F.,(2,2),(2,2),(-0.31,0.),(-1.E-02,0.),
  .PIECEWISE_BEZIER_KNOTS.);
#9905 = CARTESIAN_POINT('',(6.51,-4.75,2.09));
#9906 = CARTESIAN_POINT('',(6.51,-4.74,2.09));
#9907 = CARTESIAN_POINT('',(6.2,-4.75,2.09));
#9908 = CARTESIAN_POINT('',(6.2,-4.74,2.09));
#9909 = ADVANCED_FACE('',(#9910),#9920,.F.);
#9910 = FACE_BOUND('',#9911,.T.);
#9911 = EDGE_LOOP('',(#9912,#9913,#9918,#9919));
#9912 = ORIENTED_EDGE('',*,*,#51,.T.);
#9913 = ORIENTED_EDGE('',*,*,#9914,.F.);
#9914 = EDGE_CURVE('',#9755,#45,#9915,.T.);
#9915 = B_SPLINE_CURVE_WITH_KNOTS('',1,(#9916,#9917),.UNSPECIFIED.,.F.,
  .F.,(2,2),(0.,1.E-02),.PIECEWISE_BEZIER_KNOTS.);
#9916 = CARTESIAN_POINT('',(6.51,-4.74,2.29));
#9917 = CARTESIAN_POINT('',(6.51,-4.75,2.29));
#9918 = ORIENTED_EDGE('',*,*,#9754,.F.);
#9919 = ORIENTED_EDGE('',*,*,#9898,.T.);
#9920 = B_SPLINE_SURFACE_WITH_KNOTS('',1,1,(
    (#9921,#9922)
    ,(#9923,#9924
    )),.UNSPECIFIED.,.F.,.F.,.F.,(2,2),(2,2),(-0.2,0.),(-1.E-02,0.),
  .PIECEWISE_BEZIER_KNOTS.);
#9921 = CARTESIAN_POINT('',(6.51,-4.75,2.29));
#9922 = CARTESIAN_POINT('',(6.51,-4.74,2.29));
#9923 = CARTESIAN_POINT('',(6.51,-4.75,2.09));
#9924 = CARTESIAN_POINT('',(6.51,-4.74,2.09));
#9925 = ADVANCED_FACE('',(#9926),#9936,.F.);
#9926 = FACE_BOUND('',#9927,.T.);
#9927 = EDGE_LOOP('',(#9928,#9929,#9934,#9935));
#9928 = ORIENTED_EDGE('',*,*,#44,.T.);
#9929 = ORIENTED_EDGE('',*,*,#9930,.F.);
#9930 = EDGE_CURVE('',#9762,#38,#9931,.T.);
#9931 = B_SPLINE_CURVE_WITH_KNOTS('',1,(#9932,#9933),.UNSPECIFIED.,.F.,
  .F.,(2,2),(0.,1.E-02),.PIECEWISE_BEZIER_KNOTS.);
#9932 = CARTESIAN_POINT('',(6.2,-4.74,2.29));
#9933 = CARTESIAN_POINT('',(6.2,-4.75,2.29));
#9934 = ORIENTED_EDGE('',*,*,#9761,.F.);
#9935 = ORIENTED_EDGE('',*,*,#9914,.T.);
#9936 = B_SPLINE_SURFACE_WITH_KNOTS('',1,1,(
    (#9937,#9938)
    ,(#9939,#9940
    )),.UNSPECIFIED.,.F.,.F.,.F.,(2,2),(2,2),(-0.31,0.),(-1.E-02,0.),
  .PIECEWISE_BEZIER_KNOTS.);
#9937 = CARTESIAN_POINT('',(6.2,-4.75,2.29));
#9938 = CARTESIAN_POINT('',(6.2,-4.74,2.29));
#9939 = CARTESIAN_POINT('',(6.51,-4.75,2.29));
#9940 = CARTESIAN_POINT('',(6.51,-4.74,2.29));
#9941 = ADVANCED_FACE('',(#9942),#9952,.F.);
#9942 = FACE_BOUND('',#9943,.T.);
#9943 = EDGE_LOOP('',(#9944,#9945,#9950,#9951));
#9944 = ORIENTED_EDGE('',*,*,#37,.T.);
#9945 = ORIENTED_EDGE('',*,*,#9946,.F.);
#9946 = EDGE_CURVE('',#9690,#31,#9947,.T.);
#9947 = B_SPLINE_CURVE_WITH_KNOTS('',1,(#9948,#9949),.UNSPECIFIED.,.F.,
  .F.,(2,2),(0.,1.E-02),.PIECEWISE_BEZIER_KNOTS.);
#9948 = CARTESIAN_POINT('',(6.2,-4.74,2.6));
#9949 = CARTESIAN_POINT('',(6.2,-4.75,2.6));
#9950 = ORIENTED_EDGE('',*,*,#9768,.F.);
#9951 = ORIENTED_EDGE('',*,*,#9930,.T.);
#9952 = B_SPLINE_SURFACE_WITH_KNOTS('',1,1,(
    (#9953,#9954)
    ,(#9955,#9956
    )),.UNSPECIFIED.,.F.,.F.,.F.,(2,2),(2,2),(-0.31,0.),(-1.E-02,0.),
  .PIECEWISE_BEZIER_KNOTS.);
#9953 = CARTESIAN_POINT('',(6.2,-4.75,2.6));
#9954 = CARTESIAN_POINT('',(6.2,-4.74,2.6));
#9955 = CARTESIAN_POINT('',(6.2,-4.75,2.29));
#9956 = CARTESIAN_POINT('',(6.2,-4.74,2.29));
#9957 = ADVANCED_FACE('',(#9958),#9964,.F.);
#9958 = FACE_BOUND('',#9959,.T.);
#9959 = EDGE_LOOP('',(#9960,#9961,#9962,#9963));
#9960 = ORIENTED_EDGE('',*,*,#30,.T.);
#9961 = ORIENTED_EDGE('',*,*,#9788,.F.);
#9962 = ORIENTED_EDGE('',*,*,#9689,.F.);
#9963 = ORIENTED_EDGE('',*,*,#9946,.T.);
#9964 = B_SPLINE_SURFACE_WITH_KNOTS('',1,1,(
    (#9965,#9966)
    ,(#9967,#9968
    )),.UNSPECIFIED.,.F.,.F.,.F.,(2,2),(2,2),(-0.2,0.),(-1.E-02,0.),
  .PIECEWISE_BEZIER_KNOTS.);
#9965 = CARTESIAN_POINT('',(6.,-4.75,2.6));
#9966 = CARTESIAN_POINT('',(6.,-4.74,2.6));
#9967 = CARTESIAN_POINT('',(6.2,-4.75,2.6));
#9968 = CARTESIAN_POINT('',(6.2,-4.74,2.6));
#9969 = ( GEOMETRIC_REPRESENTATION_CONTEXT(3) 
GLOBAL_UNCERTAINTY_ASSIGNED_CONTEXT((#9973)) 
GLOBAL_UNIT_ASSIGNED_CONTEXT((#9970,#9971,#9972)) REPRESENTATION_CONTEXT
('Context #1','3D Context with UNIT and UNCERTAINTY') );
#9970 = ( LENGTH_UNIT() NAMED_UNIT(*) SI_UNIT(.MILLI.,.METRE.) );
#9971 = ( NAMED_UNIT(*) PLANE_ANGLE_UNIT() SI_UNIT($,.RADIAN.) );
#9972 = ( NAMED_UNIT(*) SI_UNIT($,.STERADIAN.) SOLID_ANGLE_UNIT() );
#9973 = UNCERTAINTY_MEASURE_WITH_UNIT(LENGTH_MEASURE(0.1),#9970,
  'distance_accuracy_value','confusion accuracy');
#9974 = PRODUCT_RELATED_PRODUCT_CATEGORY('part',$,(#7));
#9975 = MECHANICAL_DESIGN_GEOMETRIC_PRESENTATION_REPRESENTATION('',(
    #9976,#9987,#9995,#10002,#10009,#10016,#10023,#10030,#10037,#10044,
    #10051,#10058,#10065,#10072,#10079,#10086,#10093,#10100,#10107,
    #10114,#10121,#10128,#10135,#10142,#10149,#10156,#10163,#10170,
    #10177,#10184,#10191,#10198,#10205,#10212,#10219,#10226,#10233,
    #10240,#10247,#10254,#10261,#10268,#10275,#10282,#10289,#10296,
    #10303,#10310,#10317,#10324,#10331,#10338,#10345,#10352,#10359,
    #10366,#10373,#10380,#10387,#10394,#10401,#10408,#10415,#10422,
    #10429,#10436,#10443,#10450,#10457,#10464,#10471,#10478,#10485,
    #10492,#10499,#10506,#10513,#10520,#10527,#10534,#10541,#10548,
    #10555,#10562,#10569,#10576,#10583,#10590,#10597,#10604,#10611,
    #10618,#10625,#10632,#10639,#10646,#10653,#10660,#10667,#10674,
    #10681,#10688,#10695,#10702,#10709,#10716,#10723,#10730,#10737,
    #10744,#10751,#10758,#10765,#10772,#10779,#10786,#10793,#10800,
    #10807,#10814,#10821,#10828,#10835,#10842,#10849,#10856,#10863,
    #10870,#10877,#10884,#10891,#10898,#10905,#10912,#10919,#10926,
    #10933,#10940,#10947,#10954,#10961,#10968,#10975,#10982,#10989,
    #10996,#11003,#11010,#11017,#11024,#11031,#11038,#11045,#11052,
    #11059,#11066,#11073,#11080,#11087,#11094,#11101,#11108,#11115,
    #11122,#11129,#11136,#11143,#11150,#11157,#11164,#11171,#11178,
    #11185),#9969);
#9976 = STYLED_ITEM('color',(#9977),#15);
#9977 = PRESENTATION_STYLE_ASSIGNMENT((#9978,#9984));
#9978 = SURFACE_STYLE_USAGE(.BOTH.,#9979);
#9979 = SURFACE_SIDE_STYLE('',(#9980));
#9980 = SURFACE_STYLE_FILL_AREA(#9981);
#9981 = FILL_AREA_STYLE('',(#9982));
#9982 = FILL_AREA_STYLE_COLOUR('',#9983);
#9983 = COLOUR_RGB('',0.199999998682,0.199999998682,0.199999998682);
#9984 = CURVE_STYLE('',#9985,POSITIVE_LENGTH_MEASURE(0.1),#9986);
#9985 = DRAUGHTING_PRE_DEFINED_CURVE_FONT('continuous');
#9986 = COLOUR_RGB('',9.803921802644E-02,9.803921802644E-02,
  9.803921802644E-02);
#9987 = OVER_RIDING_STYLED_ITEM('overriding color',(#9988),#2934,#9976);
#9988 = PRESENTATION_STYLE_ASSIGNMENT((#9989));
#9989 = SURFACE_STYLE_USAGE(.BOTH.,#9990);
#9990 = SURFACE_SIDE_STYLE('',(#9991));
#9991 = SURFACE_STYLE_FILL_AREA(#9992);
#9992 = FILL_AREA_STYLE('',(#9993));
#9993 = FILL_AREA_STYLE_COLOUR('',#9994);
#9994 = COLOUR_RGB('',0.505882386539,0.533333357804,0.54901964059);
#9995 = OVER_RIDING_STYLED_ITEM('overriding color',(#9996),#2970,#9976);
#9996 = PRESENTATION_STYLE_ASSIGNMENT((#9997));
#9997 = SURFACE_STYLE_USAGE(.BOTH.,#9998);
#9998 = SURFACE_SIDE_STYLE('',(#9999));
#9999 = SURFACE_STYLE_FILL_AREA(#10000);
#10000 = FILL_AREA_STYLE('',(#10001));
#10001 = FILL_AREA_STYLE_COLOUR('',#9994);
#10002 = OVER_RIDING_STYLED_ITEM('overriding color',(#10003),#2990,#9976
  );
#10003 = PRESENTATION_STYLE_ASSIGNMENT((#10004));
#10004 = SURFACE_STYLE_USAGE(.BOTH.,#10005);
#10005 = SURFACE_SIDE_STYLE('',(#10006));
#10006 = SURFACE_STYLE_FILL_AREA(#10007);
#10007 = FILL_AREA_STYLE('',(#10008));
#10008 = FILL_AREA_STYLE_COLOUR('',#9994);
#10009 = OVER_RIDING_STYLED_ITEM('overriding color',(#10010),#3006,#9976
  );
#10010 = PRESENTATION_STYLE_ASSIGNMENT((#10011));
#10011 = SURFACE_STYLE_USAGE(.BOTH.,#10012);
#10012 = SURFACE_SIDE_STYLE('',(#10013));
#10013 = SURFACE_STYLE_FILL_AREA(#10014);
#10014 = FILL_AREA_STYLE('',(#10015));
#10015 = FILL_AREA_STYLE_COLOUR('',#9994);
#10016 = OVER_RIDING_STYLED_ITEM('overriding color',(#10017),#3022,#9976
  );
#10017 = PRESENTATION_STYLE_ASSIGNMENT((#10018));
#10018 = SURFACE_STYLE_USAGE(.BOTH.,#10019);
#10019 = SURFACE_SIDE_STYLE('',(#10020));
#10020 = SURFACE_STYLE_FILL_AREA(#10021);
#10021 = FILL_AREA_STYLE('',(#10022));
#10022 = FILL_AREA_STYLE_COLOUR('',#9994);
#10023 = OVER_RIDING_STYLED_ITEM('overriding color',(#10024),#3034,#9976
  );
#10024 = PRESENTATION_STYLE_ASSIGNMENT((#10025));
#10025 = SURFACE_STYLE_USAGE(.BOTH.,#10026);
#10026 = SURFACE_SIDE_STYLE('',(#10027));
#10027 = SURFACE_STYLE_FILL_AREA(#10028);
#10028 = FILL_AREA_STYLE('',(#10029));
#10029 = FILL_AREA_STYLE_COLOUR('',#9994);
#10030 = OVER_RIDING_STYLED_ITEM('overriding color',(#10031),#3070,#9976
  );
#10031 = PRESENTATION_STYLE_ASSIGNMENT((#10032));
#10032 = SURFACE_STYLE_USAGE(.BOTH.,#10033);
#10033 = SURFACE_SIDE_STYLE('',(#10034));
#10034 = SURFACE_STYLE_FILL_AREA(#10035);
#10035 = FILL_AREA_STYLE('',(#10036));
#10036 = FILL_AREA_STYLE_COLOUR('',#9994);
#10037 = OVER_RIDING_STYLED_ITEM('overriding color',(#10038),#3090,#9976
  );
#10038 = PRESENTATION_STYLE_ASSIGNMENT((#10039));
#10039 = SURFACE_STYLE_USAGE(.BOTH.,#10040);
#10040 = SURFACE_SIDE_STYLE('',(#10041));
#10041 = SURFACE_STYLE_FILL_AREA(#10042);
#10042 = FILL_AREA_STYLE('',(#10043));
#10043 = FILL_AREA_STYLE_COLOUR('',#9994);
#10044 = OVER_RIDING_STYLED_ITEM('overriding color',(#10045),#3106,#9976
  );
#10045 = PRESENTATION_STYLE_ASSIGNMENT((#10046));
#10046 = SURFACE_STYLE_USAGE(.BOTH.,#10047);
#10047 = SURFACE_SIDE_STYLE('',(#10048));
#10048 = SURFACE_STYLE_FILL_AREA(#10049);
#10049 = FILL_AREA_STYLE('',(#10050));
#10050 = FILL_AREA_STYLE_COLOUR('',#9994);
#10051 = OVER_RIDING_STYLED_ITEM('overriding color',(#10052),#3122,#9976
  );
#10052 = PRESENTATION_STYLE_ASSIGNMENT((#10053));
#10053 = SURFACE_STYLE_USAGE(.BOTH.,#10054);
#10054 = SURFACE_SIDE_STYLE('',(#10055));
#10055 = SURFACE_STYLE_FILL_AREA(#10056);
#10056 = FILL_AREA_STYLE('',(#10057));
#10057 = FILL_AREA_STYLE_COLOUR('',#9994);
#10058 = OVER_RIDING_STYLED_ITEM('overriding color',(#10059),#3134,#9976
  );
#10059 = PRESENTATION_STYLE_ASSIGNMENT((#10060));
#10060 = SURFACE_STYLE_USAGE(.BOTH.,#10061);
#10061 = SURFACE_SIDE_STYLE('',(#10062));
#10062 = SURFACE_STYLE_FILL_AREA(#10063);
#10063 = FILL_AREA_STYLE('',(#10064));
#10064 = FILL_AREA_STYLE_COLOUR('',#9994);
#10065 = OVER_RIDING_STYLED_ITEM('overriding color',(#10066),#3170,#9976
  );
#10066 = PRESENTATION_STYLE_ASSIGNMENT((#10067));
#10067 = SURFACE_STYLE_USAGE(.BOTH.,#10068);
#10068 = SURFACE_SIDE_STYLE('',(#10069));
#10069 = SURFACE_STYLE_FILL_AREA(#10070);
#10070 = FILL_AREA_STYLE('',(#10071));
#10071 = FILL_AREA_STYLE_COLOUR('',#9994);
#10072 = OVER_RIDING_STYLED_ITEM('overriding color',(#10073),#3190,#9976
  );
#10073 = PRESENTATION_STYLE_ASSIGNMENT((#10074));
#10074 = SURFACE_STYLE_USAGE(.BOTH.,#10075);
#10075 = SURFACE_SIDE_STYLE('',(#10076));
#10076 = SURFACE_STYLE_FILL_AREA(#10077);
#10077 = FILL_AREA_STYLE('',(#10078));
#10078 = FILL_AREA_STYLE_COLOUR('',#9994);
#10079 = OVER_RIDING_STYLED_ITEM('overriding color',(#10080),#3206,#9976
  );
#10080 = PRESENTATION_STYLE_ASSIGNMENT((#10081));
#10081 = SURFACE_STYLE_USAGE(.BOTH.,#10082);
#10082 = SURFACE_SIDE_STYLE('',(#10083));
#10083 = SURFACE_STYLE_FILL_AREA(#10084);
#10084 = FILL_AREA_STYLE('',(#10085));
#10085 = FILL_AREA_STYLE_COLOUR('',#9994);
#10086 = OVER_RIDING_STYLED_ITEM('overriding color',(#10087),#3222,#9976
  );
#10087 = PRESENTATION_STYLE_ASSIGNMENT((#10088));
#10088 = SURFACE_STYLE_USAGE(.BOTH.,#10089);
#10089 = SURFACE_SIDE_STYLE('',(#10090));
#10090 = SURFACE_STYLE_FILL_AREA(#10091);
#10091 = FILL_AREA_STYLE('',(#10092));
#10092 = FILL_AREA_STYLE_COLOUR('',#9994);
#10093 = OVER_RIDING_STYLED_ITEM('overriding color',(#10094),#3234,#9976
  );
#10094 = PRESENTATION_STYLE_ASSIGNMENT((#10095));
#10095 = SURFACE_STYLE_USAGE(.BOTH.,#10096);
#10096 = SURFACE_SIDE_STYLE('',(#10097));
#10097 = SURFACE_STYLE_FILL_AREA(#10098);
#10098 = FILL_AREA_STYLE('',(#10099));
#10099 = FILL_AREA_STYLE_COLOUR('',#9994);
#10100 = OVER_RIDING_STYLED_ITEM('overriding color',(#10101),#3270,#9976
  );
#10101 = PRESENTATION_STYLE_ASSIGNMENT((#10102));
#10102 = SURFACE_STYLE_USAGE(.BOTH.,#10103);
#10103 = SURFACE_SIDE_STYLE('',(#10104));
#10104 = SURFACE_STYLE_FILL_AREA(#10105);
#10105 = FILL_AREA_STYLE('',(#10106));
#10106 = FILL_AREA_STYLE_COLOUR('',#9994);
#10107 = OVER_RIDING_STYLED_ITEM('overriding color',(#10108),#3290,#9976
  );
#10108 = PRESENTATION_STYLE_ASSIGNMENT((#10109));
#10109 = SURFACE_STYLE_USAGE(.BOTH.,#10110);
#10110 = SURFACE_SIDE_STYLE('',(#10111));
#10111 = SURFACE_STYLE_FILL_AREA(#10112);
#10112 = FILL_AREA_STYLE('',(#10113));
#10113 = FILL_AREA_STYLE_COLOUR('',#9994);
#10114 = OVER_RIDING_STYLED_ITEM('overriding color',(#10115),#3306,#9976
  );
#10115 = PRESENTATION_STYLE_ASSIGNMENT((#10116));
#10116 = SURFACE_STYLE_USAGE(.BOTH.,#10117);
#10117 = SURFACE_SIDE_STYLE('',(#10118));
#10118 = SURFACE_STYLE_FILL_AREA(#10119);
#10119 = FILL_AREA_STYLE('',(#10120));
#10120 = FILL_AREA_STYLE_COLOUR('',#9994);
#10121 = OVER_RIDING_STYLED_ITEM('overriding color',(#10122),#3322,#9976
  );
#10122 = PRESENTATION_STYLE_ASSIGNMENT((#10123));
#10123 = SURFACE_STYLE_USAGE(.BOTH.,#10124);
#10124 = SURFACE_SIDE_STYLE('',(#10125));
#10125 = SURFACE_STYLE_FILL_AREA(#10126);
#10126 = FILL_AREA_STYLE('',(#10127));
#10127 = FILL_AREA_STYLE_COLOUR('',#9994);
#10128 = OVER_RIDING_STYLED_ITEM('overriding color',(#10129),#3334,#9976
  );
#10129 = PRESENTATION_STYLE_ASSIGNMENT((#10130));
#10130 = SURFACE_STYLE_USAGE(.BOTH.,#10131);
#10131 = SURFACE_SIDE_STYLE('',(#10132));
#10132 = SURFACE_STYLE_FILL_AREA(#10133);
#10133 = FILL_AREA_STYLE('',(#10134));
#10134 = FILL_AREA_STYLE_COLOUR('',#9994);
#10135 = OVER_RIDING_STYLED_ITEM('overriding color',(#10136),#3370,#9976
  );
#10136 = PRESENTATION_STYLE_ASSIGNMENT((#10137));
#10137 = SURFACE_STYLE_USAGE(.BOTH.,#10138);
#10138 = SURFACE_SIDE_STYLE('',(#10139));
#10139 = SURFACE_STYLE_FILL_AREA(#10140);
#10140 = FILL_AREA_STYLE('',(#10141));
#10141 = FILL_AREA_STYLE_COLOUR('',#9994);
#10142 = OVER_RIDING_STYLED_ITEM('overriding color',(#10143),#3390,#9976
  );
#10143 = PRESENTATION_STYLE_ASSIGNMENT((#10144));
#10144 = SURFACE_STYLE_USAGE(.BOTH.,#10145);
#10145 = SURFACE_SIDE_STYLE('',(#10146));
#10146 = SURFACE_STYLE_FILL_AREA(#10147);
#10147 = FILL_AREA_STYLE('',(#10148));
#10148 = FILL_AREA_STYLE_COLOUR('',#9994);
#10149 = OVER_RIDING_STYLED_ITEM('overriding color',(#10150),#3406,#9976
  );
#10150 = PRESENTATION_STYLE_ASSIGNMENT((#10151));
#10151 = SURFACE_STYLE_USAGE(.BOTH.,#10152);
#10152 = SURFACE_SIDE_STYLE('',(#10153));
#10153 = SURFACE_STYLE_FILL_AREA(#10154);
#10154 = FILL_AREA_STYLE('',(#10155));
#10155 = FILL_AREA_STYLE_COLOUR('',#9994);
#10156 = OVER_RIDING_STYLED_ITEM('overriding color',(#10157),#3422,#9976
  );
#10157 = PRESENTATION_STYLE_ASSIGNMENT((#10158));
#10158 = SURFACE_STYLE_USAGE(.BOTH.,#10159);
#10159 = SURFACE_SIDE_STYLE('',(#10160));
#10160 = SURFACE_STYLE_FILL_AREA(#10161);
#10161 = FILL_AREA_STYLE('',(#10162));
#10162 = FILL_AREA_STYLE_COLOUR('',#9994);
#10163 = OVER_RIDING_STYLED_ITEM('overriding color',(#10164),#3434,#9976
  );
#10164 = PRESENTATION_STYLE_ASSIGNMENT((#10165));
#10165 = SURFACE_STYLE_USAGE(.BOTH.,#10166);
#10166 = SURFACE_SIDE_STYLE('',(#10167));
#10167 = SURFACE_STYLE_FILL_AREA(#10168);
#10168 = FILL_AREA_STYLE('',(#10169));
#10169 = FILL_AREA_STYLE_COLOUR('',#9994);
#10170 = OVER_RIDING_STYLED_ITEM('overriding color',(#10171),#3530,#9976
  );
#10171 = PRESENTATION_STYLE_ASSIGNMENT((#10172));
#10172 = SURFACE_STYLE_USAGE(.BOTH.,#10173);
#10173 = SURFACE_SIDE_STYLE('',(#10174));
#10174 = SURFACE_STYLE_FILL_AREA(#10175);
#10175 = FILL_AREA_STYLE('',(#10176));
#10176 = FILL_AREA_STYLE_COLOUR('',#9994);
#10177 = OVER_RIDING_STYLED_ITEM('overriding color',(#10178),#3564,#9976
  );
#10178 = PRESENTATION_STYLE_ASSIGNMENT((#10179));
#10179 = SURFACE_STYLE_USAGE(.BOTH.,#10180);
#10180 = SURFACE_SIDE_STYLE('',(#10181));
#10181 = SURFACE_STYLE_FILL_AREA(#10182);
#10182 = FILL_AREA_STYLE('',(#10183));
#10183 = FILL_AREA_STYLE_COLOUR('',#9994);
#10184 = OVER_RIDING_STYLED_ITEM('overriding color',(#10185),#3580,#9976
  );
#10185 = PRESENTATION_STYLE_ASSIGNMENT((#10186));
#10186 = SURFACE_STYLE_USAGE(.BOTH.,#10187);
#10187 = SURFACE_SIDE_STYLE('',(#10188));
#10188 = SURFACE_STYLE_FILL_AREA(#10189);
#10189 = FILL_AREA_STYLE('',(#10190));
#10190 = FILL_AREA_STYLE_COLOUR('',#9994);
#10191 = OVER_RIDING_STYLED_ITEM('overriding color',(#10192),#3618,#9976
  );
#10192 = PRESENTATION_STYLE_ASSIGNMENT((#10193));
#10193 = SURFACE_STYLE_USAGE(.BOTH.,#10194);
#10194 = SURFACE_SIDE_STYLE('',(#10195));
#10195 = SURFACE_STYLE_FILL_AREA(#10196);
#10196 = FILL_AREA_STYLE('',(#10197));
#10197 = FILL_AREA_STYLE_COLOUR('',#9994);
#10198 = OVER_RIDING_STYLED_ITEM('overriding color',(#10199),#3652,#9976
  );
#10199 = PRESENTATION_STYLE_ASSIGNMENT((#10200));
#10200 = SURFACE_STYLE_USAGE(.BOTH.,#10201);
#10201 = SURFACE_SIDE_STYLE('',(#10202));
#10202 = SURFACE_STYLE_FILL_AREA(#10203);
#10203 = FILL_AREA_STYLE('',(#10204));
#10204 = FILL_AREA_STYLE_COLOUR('',#9994);
#10205 = OVER_RIDING_STYLED_ITEM('overriding color',(#10206),#3784,#9976
  );
#10206 = PRESENTATION_STYLE_ASSIGNMENT((#10207));
#10207 = SURFACE_STYLE_USAGE(.BOTH.,#10208);
#10208 = SURFACE_SIDE_STYLE('',(#10209));
#10209 = SURFACE_STYLE_FILL_AREA(#10210);
#10210 = FILL_AREA_STYLE('',(#10211));
#10211 = FILL_AREA_STYLE_COLOUR('',#9994);
#10212 = OVER_RIDING_STYLED_ITEM('overriding color',(#10213),#3844,#9976
  );
#10213 = PRESENTATION_STYLE_ASSIGNMENT((#10214));
#10214 = SURFACE_STYLE_USAGE(.BOTH.,#10215);
#10215 = SURFACE_SIDE_STYLE('',(#10216));
#10216 = SURFACE_STYLE_FILL_AREA(#10217);
#10217 = FILL_AREA_STYLE('',(#10218));
#10218 = FILL_AREA_STYLE_COLOUR('',#9994);
#10219 = OVER_RIDING_STYLED_ITEM('overriding color',(#10220),#3864,#9976
  );
#10220 = PRESENTATION_STYLE_ASSIGNMENT((#10221));
#10221 = SURFACE_STYLE_USAGE(.BOTH.,#10222);
#10222 = SURFACE_SIDE_STYLE('',(#10223));
#10223 = SURFACE_STYLE_FILL_AREA(#10224);
#10224 = FILL_AREA_STYLE('',(#10225));
#10225 = FILL_AREA_STYLE_COLOUR('',#9994);
#10226 = OVER_RIDING_STYLED_ITEM('overriding color',(#10227),#3922,#9976
  );
#10227 = PRESENTATION_STYLE_ASSIGNMENT((#10228));
#10228 = SURFACE_STYLE_USAGE(.BOTH.,#10229);
#10229 = SURFACE_SIDE_STYLE('',(#10230));
#10230 = SURFACE_STYLE_FILL_AREA(#10231);
#10231 = FILL_AREA_STYLE('',(#10232));
#10232 = FILL_AREA_STYLE_COLOUR('',#9994);
#10233 = OVER_RIDING_STYLED_ITEM('overriding color',(#10234),#3960,#9976
  );
#10234 = PRESENTATION_STYLE_ASSIGNMENT((#10235));
#10235 = SURFACE_STYLE_USAGE(.BOTH.,#10236);
#10236 = SURFACE_SIDE_STYLE('',(#10237));
#10237 = SURFACE_STYLE_FILL_AREA(#10238);
#10238 = FILL_AREA_STYLE('',(#10239));
#10239 = FILL_AREA_STYLE_COLOUR('',#9994);
#10240 = OVER_RIDING_STYLED_ITEM('overriding color',(#10241),#4024,#9976
  );
#10241 = PRESENTATION_STYLE_ASSIGNMENT((#10242));
#10242 = SURFACE_STYLE_USAGE(.BOTH.,#10243);
#10243 = SURFACE_SIDE_STYLE('',(#10244));
#10244 = SURFACE_STYLE_FILL_AREA(#10245);
#10245 = FILL_AREA_STYLE('',(#10246));
#10246 = FILL_AREA_STYLE_COLOUR('',#9994);
#10247 = OVER_RIDING_STYLED_ITEM('overriding color',(#10248),#4092,#9976
  );
#10248 = PRESENTATION_STYLE_ASSIGNMENT((#10249));
#10249 = SURFACE_STYLE_USAGE(.BOTH.,#10250);
#10250 = SURFACE_SIDE_STYLE('',(#10251));
#10251 = SURFACE_STYLE_FILL_AREA(#10252);
#10252 = FILL_AREA_STYLE('',(#10253));
#10253 = FILL_AREA_STYLE_COLOUR('',#9994);
#10254 = OVER_RIDING_STYLED_ITEM('overriding color',(#10255),#4104,#9976
  );
#10255 = PRESENTATION_STYLE_ASSIGNMENT((#10256));
#10256 = SURFACE_STYLE_USAGE(.BOTH.,#10257);
#10257 = SURFACE_SIDE_STYLE('',(#10258));
#10258 = SURFACE_STYLE_FILL_AREA(#10259);
#10259 = FILL_AREA_STYLE('',(#10260));
#10260 = FILL_AREA_STYLE_COLOUR('',#9994);
#10261 = OVER_RIDING_STYLED_ITEM('overriding color',(#10262),#4183,#9976
  );
#10262 = PRESENTATION_STYLE_ASSIGNMENT((#10263));
#10263 = SURFACE_STYLE_USAGE(.BOTH.,#10264);
#10264 = SURFACE_SIDE_STYLE('',(#10265));
#10265 = SURFACE_STYLE_FILL_AREA(#10266);
#10266 = FILL_AREA_STYLE('',(#10267));
#10267 = FILL_AREA_STYLE_COLOUR('',#9994);
#10268 = OVER_RIDING_STYLED_ITEM('overriding color',(#10269),#4217,#9976
  );
#10269 = PRESENTATION_STYLE_ASSIGNMENT((#10270));
#10270 = SURFACE_STYLE_USAGE(.BOTH.,#10271);
#10271 = SURFACE_SIDE_STYLE('',(#10272));
#10272 = SURFACE_STYLE_FILL_AREA(#10273);
#10273 = FILL_AREA_STYLE('',(#10274));
#10274 = FILL_AREA_STYLE_COLOUR('',#9994);
#10275 = OVER_RIDING_STYLED_ITEM('overriding color',(#10276),#4281,#9976
  );
#10276 = PRESENTATION_STYLE_ASSIGNMENT((#10277));
#10277 = SURFACE_STYLE_USAGE(.BOTH.,#10278);
#10278 = SURFACE_SIDE_STYLE('',(#10279));
#10279 = SURFACE_STYLE_FILL_AREA(#10280);
#10280 = FILL_AREA_STYLE('',(#10281));
#10281 = FILL_AREA_STYLE_COLOUR('',#9994);
#10282 = OVER_RIDING_STYLED_ITEM('overriding color',(#10283),#4345,#9976
  );
#10283 = PRESENTATION_STYLE_ASSIGNMENT((#10284));
#10284 = SURFACE_STYLE_USAGE(.BOTH.,#10285);
#10285 = SURFACE_SIDE_STYLE('',(#10286));
#10286 = SURFACE_STYLE_FILL_AREA(#10287);
#10287 = FILL_AREA_STYLE('',(#10288));
#10288 = FILL_AREA_STYLE_COLOUR('',#9994);
#10289 = OVER_RIDING_STYLED_ITEM('overriding color',(#10290),#4413,#9976
  );
#10290 = PRESENTATION_STYLE_ASSIGNMENT((#10291));
#10291 = SURFACE_STYLE_USAGE(.BOTH.,#10292);
#10292 = SURFACE_SIDE_STYLE('',(#10293));
#10293 = SURFACE_STYLE_FILL_AREA(#10294);
#10294 = FILL_AREA_STYLE('',(#10295));
#10295 = FILL_AREA_STYLE_COLOUR('',#9994);
#10296 = OVER_RIDING_STYLED_ITEM('overriding color',(#10297),#4425,#9976
  );
#10297 = PRESENTATION_STYLE_ASSIGNMENT((#10298));
#10298 = SURFACE_STYLE_USAGE(.BOTH.,#10299);
#10299 = SURFACE_SIDE_STYLE('',(#10300));
#10300 = SURFACE_STYLE_FILL_AREA(#10301);
#10301 = FILL_AREA_STYLE('',(#10302));
#10302 = FILL_AREA_STYLE_COLOUR('',#9994);
#10303 = OVER_RIDING_STYLED_ITEM('overriding color',(#10304),#4548,#9976
  );
#10304 = PRESENTATION_STYLE_ASSIGNMENT((#10305));
#10305 = SURFACE_STYLE_USAGE(.BOTH.,#10306);
#10306 = SURFACE_SIDE_STYLE('',(#10307));
#10307 = SURFACE_STYLE_FILL_AREA(#10308);
#10308 = FILL_AREA_STYLE('',(#10309));
#10309 = FILL_AREA_STYLE_COLOUR('',#9994);
#10310 = OVER_RIDING_STYLED_ITEM('overriding color',(#10311),#4664,#9976
  );
#10311 = PRESENTATION_STYLE_ASSIGNMENT((#10312));
#10312 = SURFACE_STYLE_USAGE(.BOTH.,#10313);
#10313 = SURFACE_SIDE_STYLE('',(#10314));
#10314 = SURFACE_STYLE_FILL_AREA(#10315);
#10315 = FILL_AREA_STYLE('',(#10316));
#10316 = FILL_AREA_STYLE_COLOUR('',#9994);
#10317 = OVER_RIDING_STYLED_ITEM('overriding color',(#10318),#4680,#9976
  );
#10318 = PRESENTATION_STYLE_ASSIGNMENT((#10319));
#10319 = SURFACE_STYLE_USAGE(.BOTH.,#10320);
#10320 = SURFACE_SIDE_STYLE('',(#10321));
#10321 = SURFACE_STYLE_FILL_AREA(#10322);
#10322 = FILL_AREA_STYLE('',(#10323));
#10323 = FILL_AREA_STYLE_COLOUR('',#9994);
#10324 = OVER_RIDING_STYLED_ITEM('overriding color',(#10325),#4692,#9976
  );
#10325 = PRESENTATION_STYLE_ASSIGNMENT((#10326));
#10326 = SURFACE_STYLE_USAGE(.BOTH.,#10327);
#10327 = SURFACE_SIDE_STYLE('',(#10328));
#10328 = SURFACE_STYLE_FILL_AREA(#10329);
#10329 = FILL_AREA_STYLE('',(#10330));
#10330 = FILL_AREA_STYLE_COLOUR('',#9994);
#10331 = OVER_RIDING_STYLED_ITEM('overriding color',(#10332),#4815,#9976
  );
#10332 = PRESENTATION_STYLE_ASSIGNMENT((#10333));
#10333 = SURFACE_STYLE_USAGE(.BOTH.,#10334);
#10334 = SURFACE_SIDE_STYLE('',(#10335));
#10335 = SURFACE_STYLE_FILL_AREA(#10336);
#10336 = FILL_AREA_STYLE('',(#10337));
#10337 = FILL_AREA_STYLE_COLOUR('',#9994);
#10338 = OVER_RIDING_STYLED_ITEM('overriding color',(#10339),#4845,#9976
  );
#10339 = PRESENTATION_STYLE_ASSIGNMENT((#10340));
#10340 = SURFACE_STYLE_USAGE(.BOTH.,#10341);
#10341 = SURFACE_SIDE_STYLE('',(#10342));
#10342 = SURFACE_STYLE_FILL_AREA(#10343);
#10343 = FILL_AREA_STYLE('',(#10344));
#10344 = FILL_AREA_STYLE_COLOUR('',#9994);
#10345 = OVER_RIDING_STYLED_ITEM('overriding color',(#10346),#4861,#9976
  );
#10346 = PRESENTATION_STYLE_ASSIGNMENT((#10347));
#10347 = SURFACE_STYLE_USAGE(.BOTH.,#10348);
#10348 = SURFACE_SIDE_STYLE('',(#10349));
#10349 = SURFACE_STYLE_FILL_AREA(#10350);
#10350 = FILL_AREA_STYLE('',(#10351));
#10351 = FILL_AREA_STYLE_COLOUR('',#9994);
#10352 = OVER_RIDING_STYLED_ITEM('overriding color',(#10353),#4909,#9976
  );
#10353 = PRESENTATION_STYLE_ASSIGNMENT((#10354));
#10354 = SURFACE_STYLE_USAGE(.BOTH.,#10355);
#10355 = SURFACE_SIDE_STYLE('',(#10356));
#10356 = SURFACE_STYLE_FILL_AREA(#10357);
#10357 = FILL_AREA_STYLE('',(#10358));
#10358 = FILL_AREA_STYLE_COLOUR('',#9994);
#10359 = OVER_RIDING_STYLED_ITEM('overriding color',(#10360),#4931,#9976
  );
#10360 = PRESENTATION_STYLE_ASSIGNMENT((#10361));
#10361 = SURFACE_STYLE_USAGE(.BOTH.,#10362);
#10362 = SURFACE_SIDE_STYLE('',(#10363));
#10363 = SURFACE_STYLE_FILL_AREA(#10364);
#10364 = FILL_AREA_STYLE('',(#10365));
#10365 = FILL_AREA_STYLE_COLOUR('',#9994);
#10366 = OVER_RIDING_STYLED_ITEM('overriding color',(#10367),#4959,#9976
  );
#10367 = PRESENTATION_STYLE_ASSIGNMENT((#10368));
#10368 = SURFACE_STYLE_USAGE(.BOTH.,#10369);
#10369 = SURFACE_SIDE_STYLE('',(#10370));
#10370 = SURFACE_STYLE_FILL_AREA(#10371);
#10371 = FILL_AREA_STYLE('',(#10372));
#10372 = FILL_AREA_STYLE_COLOUR('',#9994);
#10373 = OVER_RIDING_STYLED_ITEM('overriding color',(#10374),#4981,#9976
  );
#10374 = PRESENTATION_STYLE_ASSIGNMENT((#10375));
#10375 = SURFACE_STYLE_USAGE(.BOTH.,#10376);
#10376 = SURFACE_SIDE_STYLE('',(#10377));
#10377 = SURFACE_STYLE_FILL_AREA(#10378);
#10378 = FILL_AREA_STYLE('',(#10379));
#10379 = FILL_AREA_STYLE_COLOUR('',#9994);
#10380 = OVER_RIDING_STYLED_ITEM('overriding color',(#10381),#4997,#9976
  );
#10381 = PRESENTATION_STYLE_ASSIGNMENT((#10382));
#10382 = SURFACE_STYLE_USAGE(.BOTH.,#10383);
#10383 = SURFACE_SIDE_STYLE('',(#10384));
#10384 = SURFACE_STYLE_FILL_AREA(#10385);
#10385 = FILL_AREA_STYLE('',(#10386));
#10386 = FILL_AREA_STYLE_COLOUR('',#9994);
#10387 = OVER_RIDING_STYLED_ITEM('overriding color',(#10388),#5094,#9976
  );
#10388 = PRESENTATION_STYLE_ASSIGNMENT((#10389));
#10389 = SURFACE_STYLE_USAGE(.BOTH.,#10390);
#10390 = SURFACE_SIDE_STYLE('',(#10391));
#10391 = SURFACE_STYLE_FILL_AREA(#10392);
#10392 = FILL_AREA_STYLE('',(#10393));
#10393 = FILL_AREA_STYLE_COLOUR('',#9994);
#10394 = OVER_RIDING_STYLED_ITEM('overriding color',(#10395),#5170,#9976
  );
#10395 = PRESENTATION_STYLE_ASSIGNMENT((#10396));
#10396 = SURFACE_STYLE_USAGE(.BOTH.,#10397);
#10397 = SURFACE_SIDE_STYLE('',(#10398));
#10398 = SURFACE_STYLE_FILL_AREA(#10399);
#10399 = FILL_AREA_STYLE('',(#10400));
#10400 = FILL_AREA_STYLE_COLOUR('',#9994);
#10401 = OVER_RIDING_STYLED_ITEM('overriding color',(#10402),#5186,#9976
  );
#10402 = PRESENTATION_STYLE_ASSIGNMENT((#10403));
#10403 = SURFACE_STYLE_USAGE(.BOTH.,#10404);
#10404 = SURFACE_SIDE_STYLE('',(#10405));
#10405 = SURFACE_STYLE_FILL_AREA(#10406);
#10406 = FILL_AREA_STYLE('',(#10407));
#10407 = FILL_AREA_STYLE_COLOUR('',#9994);
#10408 = OVER_RIDING_STYLED_ITEM('overriding color',(#10409),#5297,#9976
  );
#10409 = PRESENTATION_STYLE_ASSIGNMENT((#10410));
#10410 = SURFACE_STYLE_USAGE(.BOTH.,#10411);
#10411 = SURFACE_SIDE_STYLE('',(#10412));
#10412 = SURFACE_STYLE_FILL_AREA(#10413);
#10413 = FILL_AREA_STYLE('',(#10414));
#10414 = FILL_AREA_STYLE_COLOUR('',#9994);
#10415 = OVER_RIDING_STYLED_ITEM('overriding color',(#10416),#5333,#9976
  );
#10416 = PRESENTATION_STYLE_ASSIGNMENT((#10417));
#10417 = SURFACE_STYLE_USAGE(.BOTH.,#10418);
#10418 = SURFACE_SIDE_STYLE('',(#10419));
#10419 = SURFACE_STYLE_FILL_AREA(#10420);
#10420 = FILL_AREA_STYLE('',(#10421));
#10421 = FILL_AREA_STYLE_COLOUR('',#9994);
#10422 = OVER_RIDING_STYLED_ITEM('overriding color',(#10423),#5353,#9976
  );
#10423 = PRESENTATION_STYLE_ASSIGNMENT((#10424));
#10424 = SURFACE_STYLE_USAGE(.BOTH.,#10425);
#10425 = SURFACE_SIDE_STYLE('',(#10426));
#10426 = SURFACE_STYLE_FILL_AREA(#10427);
#10427 = FILL_AREA_STYLE('',(#10428));
#10428 = FILL_AREA_STYLE_COLOUR('',#9994);
#10429 = OVER_RIDING_STYLED_ITEM('overriding color',(#10430),#5369,#9976
  );
#10430 = PRESENTATION_STYLE_ASSIGNMENT((#10431));
#10431 = SURFACE_STYLE_USAGE(.BOTH.,#10432);
#10432 = SURFACE_SIDE_STYLE('',(#10433));
#10433 = SURFACE_STYLE_FILL_AREA(#10434);
#10434 = FILL_AREA_STYLE('',(#10435));
#10435 = FILL_AREA_STYLE_COLOUR('',#9994);
#10436 = OVER_RIDING_STYLED_ITEM('overriding color',(#10437),#5417,#9976
  );
#10437 = PRESENTATION_STYLE_ASSIGNMENT((#10438));
#10438 = SURFACE_STYLE_USAGE(.BOTH.,#10439);
#10439 = SURFACE_SIDE_STYLE('',(#10440));
#10440 = SURFACE_STYLE_FILL_AREA(#10441);
#10441 = FILL_AREA_STYLE('',(#10442));
#10442 = FILL_AREA_STYLE_COLOUR('',#9994);
#10443 = OVER_RIDING_STYLED_ITEM('overriding color',(#10444),#5449,#9976
  );
#10444 = PRESENTATION_STYLE_ASSIGNMENT((#10445));
#10445 = SURFACE_STYLE_USAGE(.BOTH.,#10446);
#10446 = SURFACE_SIDE_STYLE('',(#10447));
#10447 = SURFACE_STYLE_FILL_AREA(#10448);
#10448 = FILL_AREA_STYLE('',(#10449));
#10449 = FILL_AREA_STYLE_COLOUR('',#9994);
#10450 = OVER_RIDING_STYLED_ITEM('overriding color',(#10451),#5572,#9976
  );
#10451 = PRESENTATION_STYLE_ASSIGNMENT((#10452));
#10452 = SURFACE_STYLE_USAGE(.BOTH.,#10453);
#10453 = SURFACE_SIDE_STYLE('',(#10454));
#10454 = SURFACE_STYLE_FILL_AREA(#10455);
#10455 = FILL_AREA_STYLE('',(#10456));
#10456 = FILL_AREA_STYLE_COLOUR('',#9994);
#10457 = OVER_RIDING_STYLED_ITEM('overriding color',(#10458),#5602,#9976
  );
#10458 = PRESENTATION_STYLE_ASSIGNMENT((#10459));
#10459 = SURFACE_STYLE_USAGE(.BOTH.,#10460);
#10460 = SURFACE_SIDE_STYLE('',(#10461));
#10461 = SURFACE_STYLE_FILL_AREA(#10462);
#10462 = FILL_AREA_STYLE('',(#10463));
#10463 = FILL_AREA_STYLE_COLOUR('',#9994);
#10464 = OVER_RIDING_STYLED_ITEM('overriding color',(#10465),#5618,#9976
  );
#10465 = PRESENTATION_STYLE_ASSIGNMENT((#10466));
#10466 = SURFACE_STYLE_USAGE(.BOTH.,#10467);
#10467 = SURFACE_SIDE_STYLE('',(#10468));
#10468 = SURFACE_STYLE_FILL_AREA(#10469);
#10469 = FILL_AREA_STYLE('',(#10470));
#10470 = FILL_AREA_STYLE_COLOUR('',#9994);
#10471 = OVER_RIDING_STYLED_ITEM('overriding color',(#10472),#5664,#9976
  );
#10472 = PRESENTATION_STYLE_ASSIGNMENT((#10473));
#10473 = SURFACE_STYLE_USAGE(.BOTH.,#10474);
#10474 = SURFACE_SIDE_STYLE('',(#10475));
#10475 = SURFACE_STYLE_FILL_AREA(#10476);
#10476 = FILL_AREA_STYLE('',(#10477));
#10477 = FILL_AREA_STYLE_COLOUR('',#9994);
#10478 = OVER_RIDING_STYLED_ITEM('overriding color',(#10479),#5686,#9976
  );
#10479 = PRESENTATION_STYLE_ASSIGNMENT((#10480));
#10480 = SURFACE_STYLE_USAGE(.BOTH.,#10481);
#10481 = SURFACE_SIDE_STYLE('',(#10482));
#10482 = SURFACE_STYLE_FILL_AREA(#10483);
#10483 = FILL_AREA_STYLE('',(#10484));
#10484 = FILL_AREA_STYLE_COLOUR('',#9994);
#10485 = OVER_RIDING_STYLED_ITEM('overriding color',(#10486),#5714,#9976
  );
#10486 = PRESENTATION_STYLE_ASSIGNMENT((#10487));
#10487 = SURFACE_STYLE_USAGE(.BOTH.,#10488);
#10488 = SURFACE_SIDE_STYLE('',(#10489));
#10489 = SURFACE_STYLE_FILL_AREA(#10490);
#10490 = FILL_AREA_STYLE('',(#10491));
#10491 = FILL_AREA_STYLE_COLOUR('',#9994);
#10492 = OVER_RIDING_STYLED_ITEM('overriding color',(#10493),#5736,#9976
  );
#10493 = PRESENTATION_STYLE_ASSIGNMENT((#10494));
#10494 = SURFACE_STYLE_USAGE(.BOTH.,#10495);
#10495 = SURFACE_SIDE_STYLE('',(#10496));
#10496 = SURFACE_STYLE_FILL_AREA(#10497);
#10497 = FILL_AREA_STYLE('',(#10498));
#10498 = FILL_AREA_STYLE_COLOUR('',#9994);
#10499 = OVER_RIDING_STYLED_ITEM('overriding color',(#10500),#5752,#9976
  );
#10500 = PRESENTATION_STYLE_ASSIGNMENT((#10501));
#10501 = SURFACE_STYLE_USAGE(.BOTH.,#10502);
#10502 = SURFACE_SIDE_STYLE('',(#10503));
#10503 = SURFACE_STYLE_FILL_AREA(#10504);
#10504 = FILL_AREA_STYLE('',(#10505));
#10505 = FILL_AREA_STYLE_COLOUR('',#9994);
#10506 = OVER_RIDING_STYLED_ITEM('overriding color',(#10507),#5849,#9976
  );
#10507 = PRESENTATION_STYLE_ASSIGNMENT((#10508));
#10508 = SURFACE_STYLE_USAGE(.BOTH.,#10509);
#10509 = SURFACE_SIDE_STYLE('',(#10510));
#10510 = SURFACE_STYLE_FILL_AREA(#10511);
#10511 = FILL_AREA_STYLE('',(#10512));
#10512 = FILL_AREA_STYLE_COLOUR('',#9994);
#10513 = OVER_RIDING_STYLED_ITEM('overriding color',(#10514),#5925,#9976
  );
#10514 = PRESENTATION_STYLE_ASSIGNMENT((#10515));
#10515 = SURFACE_STYLE_USAGE(.BOTH.,#10516);
#10516 = SURFACE_SIDE_STYLE('',(#10517));
#10517 = SURFACE_STYLE_FILL_AREA(#10518);
#10518 = FILL_AREA_STYLE('',(#10519));
#10519 = FILL_AREA_STYLE_COLOUR('',#9994);
#10520 = OVER_RIDING_STYLED_ITEM('overriding color',(#10521),#5941,#9976
  );
#10521 = PRESENTATION_STYLE_ASSIGNMENT((#10522));
#10522 = SURFACE_STYLE_USAGE(.BOTH.,#10523);
#10523 = SURFACE_SIDE_STYLE('',(#10524));
#10524 = SURFACE_STYLE_FILL_AREA(#10525);
#10525 = FILL_AREA_STYLE('',(#10526));
#10526 = FILL_AREA_STYLE_COLOUR('',#9994);
#10527 = OVER_RIDING_STYLED_ITEM('overriding color',(#10528),#6063,#9976
  );
#10528 = PRESENTATION_STYLE_ASSIGNMENT((#10529));
#10529 = SURFACE_STYLE_USAGE(.BOTH.,#10530);
#10530 = SURFACE_SIDE_STYLE('',(#10531));
#10531 = SURFACE_STYLE_FILL_AREA(#10532);
#10532 = FILL_AREA_STYLE('',(#10533));
#10533 = FILL_AREA_STYLE_COLOUR('',#9994);
#10534 = OVER_RIDING_STYLED_ITEM('overriding color',(#10535),#6173,#9976
  );
#10535 = PRESENTATION_STYLE_ASSIGNMENT((#10536));
#10536 = SURFACE_STYLE_USAGE(.BOTH.,#10537);
#10537 = SURFACE_SIDE_STYLE('',(#10538));
#10538 = SURFACE_STYLE_FILL_AREA(#10539);
#10539 = FILL_AREA_STYLE('',(#10540));
#10540 = FILL_AREA_STYLE_COLOUR('',#9994);
#10541 = OVER_RIDING_STYLED_ITEM('overriding color',(#10542),#6189,#9976
  );
#10542 = PRESENTATION_STYLE_ASSIGNMENT((#10543));
#10543 = SURFACE_STYLE_USAGE(.BOTH.,#10544);
#10544 = SURFACE_SIDE_STYLE('',(#10545));
#10545 = SURFACE_STYLE_FILL_AREA(#10546);
#10546 = FILL_AREA_STYLE('',(#10547));
#10547 = FILL_AREA_STYLE_COLOUR('',#9994);
#10548 = OVER_RIDING_STYLED_ITEM('overriding color',(#10549),#6201,#9976
  );
#10549 = PRESENTATION_STYLE_ASSIGNMENT((#10550));
#10550 = SURFACE_STYLE_USAGE(.BOTH.,#10551);
#10551 = SURFACE_SIDE_STYLE('',(#10552));
#10552 = SURFACE_STYLE_FILL_AREA(#10553);
#10553 = FILL_AREA_STYLE('',(#10554));
#10554 = FILL_AREA_STYLE_COLOUR('',#9994);
#10555 = OVER_RIDING_STYLED_ITEM('overriding color',(#10556),#6298,#9976
  );
#10556 = PRESENTATION_STYLE_ASSIGNMENT((#10557));
#10557 = SURFACE_STYLE_USAGE(.BOTH.,#10558);
#10558 = SURFACE_SIDE_STYLE('',(#10559));
#10559 = SURFACE_STYLE_FILL_AREA(#10560);
#10560 = FILL_AREA_STYLE('',(#10561));
#10561 = FILL_AREA_STYLE_COLOUR('',#9994);
#10562 = OVER_RIDING_STYLED_ITEM('overriding color',(#10563),#6374,#9976
  );
#10563 = PRESENTATION_STYLE_ASSIGNMENT((#10564));
#10564 = SURFACE_STYLE_USAGE(.BOTH.,#10565);
#10565 = SURFACE_SIDE_STYLE('',(#10566));
#10566 = SURFACE_STYLE_FILL_AREA(#10567);
#10567 = FILL_AREA_STYLE('',(#10568));
#10568 = FILL_AREA_STYLE_COLOUR('',#9994);
#10569 = OVER_RIDING_STYLED_ITEM('overriding color',(#10570),#6390,#9976
  );
#10570 = PRESENTATION_STYLE_ASSIGNMENT((#10571));
#10571 = SURFACE_STYLE_USAGE(.BOTH.,#10572);
#10572 = SURFACE_SIDE_STYLE('',(#10573));
#10573 = SURFACE_STYLE_FILL_AREA(#10574);
#10574 = FILL_AREA_STYLE('',(#10575));
#10575 = FILL_AREA_STYLE_COLOUR('',#9994);
#10576 = OVER_RIDING_STYLED_ITEM('overriding color',(#10577),#6513,#9976
  );
#10577 = PRESENTATION_STYLE_ASSIGNMENT((#10578));
#10578 = SURFACE_STYLE_USAGE(.BOTH.,#10579);
#10579 = SURFACE_SIDE_STYLE('',(#10580));
#10580 = SURFACE_STYLE_FILL_AREA(#10581);
#10581 = FILL_AREA_STYLE('',(#10582));
#10582 = FILL_AREA_STYLE_COLOUR('',#9994);
#10583 = OVER_RIDING_STYLED_ITEM('overriding color',(#10584),#6543,#9976
  );
#10584 = PRESENTATION_STYLE_ASSIGNMENT((#10585));
#10585 = SURFACE_STYLE_USAGE(.BOTH.,#10586);
#10586 = SURFACE_SIDE_STYLE('',(#10587));
#10587 = SURFACE_STYLE_FILL_AREA(#10588);
#10588 = FILL_AREA_STYLE('',(#10589));
#10589 = FILL_AREA_STYLE_COLOUR('',#9994);
#10590 = OVER_RIDING_STYLED_ITEM('overriding color',(#10591),#6559,#9976
  );
#10591 = PRESENTATION_STYLE_ASSIGNMENT((#10592));
#10592 = SURFACE_STYLE_USAGE(.BOTH.,#10593);
#10593 = SURFACE_SIDE_STYLE('',(#10594));
#10594 = SURFACE_STYLE_FILL_AREA(#10595);
#10595 = FILL_AREA_STYLE('',(#10596));
#10596 = FILL_AREA_STYLE_COLOUR('',#9994);
#10597 = OVER_RIDING_STYLED_ITEM('overriding color',(#10598),#6605,#9976
  );
#10598 = PRESENTATION_STYLE_ASSIGNMENT((#10599));
#10599 = SURFACE_STYLE_USAGE(.BOTH.,#10600);
#10600 = SURFACE_SIDE_STYLE('',(#10601));
#10601 = SURFACE_STYLE_FILL_AREA(#10602);
#10602 = FILL_AREA_STYLE('',(#10603));
#10603 = FILL_AREA_STYLE_COLOUR('',#9994);
#10604 = OVER_RIDING_STYLED_ITEM('overriding color',(#10605),#6627,#9976
  );
#10605 = PRESENTATION_STYLE_ASSIGNMENT((#10606));
#10606 = SURFACE_STYLE_USAGE(.BOTH.,#10607);
#10607 = SURFACE_SIDE_STYLE('',(#10608));
#10608 = SURFACE_STYLE_FILL_AREA(#10609);
#10609 = FILL_AREA_STYLE('',(#10610));
#10610 = FILL_AREA_STYLE_COLOUR('',#9994);
#10611 = OVER_RIDING_STYLED_ITEM('overriding color',(#10612),#6655,#9976
  );
#10612 = PRESENTATION_STYLE_ASSIGNMENT((#10613));
#10613 = SURFACE_STYLE_USAGE(.BOTH.,#10614);
#10614 = SURFACE_SIDE_STYLE('',(#10615));
#10615 = SURFACE_STYLE_FILL_AREA(#10616);
#10616 = FILL_AREA_STYLE('',(#10617));
#10617 = FILL_AREA_STYLE_COLOUR('',#9994);
#10618 = OVER_RIDING_STYLED_ITEM('overriding color',(#10619),#6677,#9976
  );
#10619 = PRESENTATION_STYLE_ASSIGNMENT((#10620));
#10620 = SURFACE_STYLE_USAGE(.BOTH.,#10621);
#10621 = SURFACE_SIDE_STYLE('',(#10622));
#10622 = SURFACE_STYLE_FILL_AREA(#10623);
#10623 = FILL_AREA_STYLE('',(#10624));
#10624 = FILL_AREA_STYLE_COLOUR('',#9994);
#10625 = OVER_RIDING_STYLED_ITEM('overriding color',(#10626),#6693,#9976
  );
#10626 = PRESENTATION_STYLE_ASSIGNMENT((#10627));
#10627 = SURFACE_STYLE_USAGE(.BOTH.,#10628);
#10628 = SURFACE_SIDE_STYLE('',(#10629));
#10629 = SURFACE_STYLE_FILL_AREA(#10630);
#10630 = FILL_AREA_STYLE('',(#10631));
#10631 = FILL_AREA_STYLE_COLOUR('',#9994);
#10632 = OVER_RIDING_STYLED_ITEM('overriding color',(#10633),#6811,#9976
  );
#10633 = PRESENTATION_STYLE_ASSIGNMENT((#10634));
#10634 = SURFACE_STYLE_USAGE(.BOTH.,#10635);
#10635 = SURFACE_SIDE_STYLE('',(#10636));
#10636 = SURFACE_STYLE_FILL_AREA(#10637);
#10637 = FILL_AREA_STYLE('',(#10638));
#10638 = FILL_AREA_STYLE_COLOUR('',#9994);
#10639 = OVER_RIDING_STYLED_ITEM('overriding color',(#10640),#6873,#9976
  );
#10640 = PRESENTATION_STYLE_ASSIGNMENT((#10641));
#10641 = SURFACE_STYLE_USAGE(.BOTH.,#10642);
#10642 = SURFACE_SIDE_STYLE('',(#10643));
#10643 = SURFACE_STYLE_FILL_AREA(#10644);
#10644 = FILL_AREA_STYLE('',(#10645));
#10645 = FILL_AREA_STYLE_COLOUR('',#9994);
#10646 = OVER_RIDING_STYLED_ITEM('overriding color',(#10647),#6925,#9976
  );
#10647 = PRESENTATION_STYLE_ASSIGNMENT((#10648));
#10648 = SURFACE_STYLE_USAGE(.BOTH.,#10649);
#10649 = SURFACE_SIDE_STYLE('',(#10650));
#10650 = SURFACE_STYLE_FILL_AREA(#10651);
#10651 = FILL_AREA_STYLE('',(#10652));
#10652 = FILL_AREA_STYLE_COLOUR('',#9994);
#10653 = OVER_RIDING_STYLED_ITEM('overriding color',(#10654),#7043,#9976
  );
#10654 = PRESENTATION_STYLE_ASSIGNMENT((#10655));
#10655 = SURFACE_STYLE_USAGE(.BOTH.,#10656);
#10656 = SURFACE_SIDE_STYLE('',(#10657));
#10657 = SURFACE_STYLE_FILL_AREA(#10658);
#10658 = FILL_AREA_STYLE('',(#10659));
#10659 = FILL_AREA_STYLE_COLOUR('',#9994);
#10660 = OVER_RIDING_STYLED_ITEM('overriding color',(#10661),#7105,#9976
  );
#10661 = PRESENTATION_STYLE_ASSIGNMENT((#10662));
#10662 = SURFACE_STYLE_USAGE(.BOTH.,#10663);
#10663 = SURFACE_SIDE_STYLE('',(#10664));
#10664 = SURFACE_STYLE_FILL_AREA(#10665);
#10665 = FILL_AREA_STYLE('',(#10666));
#10666 = FILL_AREA_STYLE_COLOUR('',#9994);
#10667 = OVER_RIDING_STYLED_ITEM('overriding color',(#10668),#7157,#9976
  );
#10668 = PRESENTATION_STYLE_ASSIGNMENT((#10669));
#10669 = SURFACE_STYLE_USAGE(.BOTH.,#10670);
#10670 = SURFACE_SIDE_STYLE('',(#10671));
#10671 = SURFACE_STYLE_FILL_AREA(#10672);
#10672 = FILL_AREA_STYLE('',(#10673));
#10673 = FILL_AREA_STYLE_COLOUR('',#9994);
#10674 = OVER_RIDING_STYLED_ITEM('overriding color',(#10675),#7221,#9976
  );
#10675 = PRESENTATION_STYLE_ASSIGNMENT((#10676));
#10676 = SURFACE_STYLE_USAGE(.BOTH.,#10677);
#10677 = SURFACE_SIDE_STYLE('',(#10678));
#10678 = SURFACE_STYLE_FILL_AREA(#10679);
#10679 = FILL_AREA_STYLE('',(#10680));
#10680 = FILL_AREA_STYLE_COLOUR('',#9994);
#10681 = OVER_RIDING_STYLED_ITEM('overriding color',(#10682),#7289,#9976
  );
#10682 = PRESENTATION_STYLE_ASSIGNMENT((#10683));
#10683 = SURFACE_STYLE_USAGE(.BOTH.,#10684);
#10684 = SURFACE_SIDE_STYLE('',(#10685));
#10685 = SURFACE_STYLE_FILL_AREA(#10686);
#10686 = FILL_AREA_STYLE('',(#10687));
#10687 = FILL_AREA_STYLE_COLOUR('',#9994);
#10688 = OVER_RIDING_STYLED_ITEM('overriding color',(#10689),#7301,#9976
  );
#10689 = PRESENTATION_STYLE_ASSIGNMENT((#10690));
#10690 = SURFACE_STYLE_USAGE(.BOTH.,#10691);
#10691 = SURFACE_SIDE_STYLE('',(#10692));
#10692 = SURFACE_STYLE_FILL_AREA(#10693);
#10693 = FILL_AREA_STYLE('',(#10694));
#10694 = FILL_AREA_STYLE_COLOUR('',#9994);
#10695 = OVER_RIDING_STYLED_ITEM('overriding color',(#10696),#7455,#9976
  );
#10696 = PRESENTATION_STYLE_ASSIGNMENT((#10697));
#10697 = SURFACE_STYLE_USAGE(.BOTH.,#10698);
#10698 = SURFACE_SIDE_STYLE('',(#10699));
#10699 = SURFACE_STYLE_FILL_AREA(#10700);
#10700 = FILL_AREA_STYLE('',(#10701));
#10701 = FILL_AREA_STYLE_COLOUR('',#9994);
#10702 = OVER_RIDING_STYLED_ITEM('overriding color',(#10703),#7531,#9976
  );
#10703 = PRESENTATION_STYLE_ASSIGNMENT((#10704));
#10704 = SURFACE_STYLE_USAGE(.BOTH.,#10705);
#10705 = SURFACE_SIDE_STYLE('',(#10706));
#10706 = SURFACE_STYLE_FILL_AREA(#10707);
#10707 = FILL_AREA_STYLE('',(#10708));
#10708 = FILL_AREA_STYLE_COLOUR('',#9994);
#10709 = OVER_RIDING_STYLED_ITEM('overriding color',(#10710),#7575,#9976
  );
#10710 = PRESENTATION_STYLE_ASSIGNMENT((#10711));
#10711 = SURFACE_STYLE_USAGE(.BOTH.,#10712);
#10712 = SURFACE_SIDE_STYLE('',(#10713));
#10713 = SURFACE_STYLE_FILL_AREA(#10714);
#10714 = FILL_AREA_STYLE('',(#10715));
#10715 = FILL_AREA_STYLE_COLOUR('',#9994);
#10716 = OVER_RIDING_STYLED_ITEM('overriding color',(#10717),#7705,#9976
  );
#10717 = PRESENTATION_STYLE_ASSIGNMENT((#10718));
#10718 = SURFACE_STYLE_USAGE(.BOTH.,#10719);
#10719 = SURFACE_SIDE_STYLE('',(#10720));
#10720 = SURFACE_STYLE_FILL_AREA(#10721);
#10721 = FILL_AREA_STYLE('',(#10722));
#10722 = FILL_AREA_STYLE_COLOUR('',#9994);
#10723 = OVER_RIDING_STYLED_ITEM('overriding color',(#10724),#7739,#9976
  );
#10724 = PRESENTATION_STYLE_ASSIGNMENT((#10725));
#10725 = SURFACE_STYLE_USAGE(.BOTH.,#10726);
#10726 = SURFACE_SIDE_STYLE('',(#10727));
#10727 = SURFACE_STYLE_FILL_AREA(#10728);
#10728 = FILL_AREA_STYLE('',(#10729));
#10729 = FILL_AREA_STYLE_COLOUR('',#9994);
#10730 = OVER_RIDING_STYLED_ITEM('overriding color',(#10731),#7781,#9976
  );
#10731 = PRESENTATION_STYLE_ASSIGNMENT((#10732));
#10732 = SURFACE_STYLE_USAGE(.BOTH.,#10733);
#10733 = SURFACE_SIDE_STYLE('',(#10734));
#10734 = SURFACE_STYLE_FILL_AREA(#10735);
#10735 = FILL_AREA_STYLE('',(#10736));
#10736 = FILL_AREA_STYLE_COLOUR('',#9994);
#10737 = OVER_RIDING_STYLED_ITEM('overriding color',(#10738),#7845,#9976
  );
#10738 = PRESENTATION_STYLE_ASSIGNMENT((#10739));
#10739 = SURFACE_STYLE_USAGE(.BOTH.,#10740);
#10740 = SURFACE_SIDE_STYLE('',(#10741));
#10741 = SURFACE_STYLE_FILL_AREA(#10742);
#10742 = FILL_AREA_STYLE('',(#10743));
#10743 = FILL_AREA_STYLE_COLOUR('',#9994);
#10744 = OVER_RIDING_STYLED_ITEM('overriding color',(#10745),#7927,#9976
  );
#10745 = PRESENTATION_STYLE_ASSIGNMENT((#10746));
#10746 = SURFACE_STYLE_USAGE(.BOTH.,#10747);
#10747 = SURFACE_SIDE_STYLE('',(#10748));
#10748 = SURFACE_STYLE_FILL_AREA(#10749);
#10749 = FILL_AREA_STYLE('',(#10750));
#10750 = FILL_AREA_STYLE_COLOUR('',#9994);
#10751 = OVER_RIDING_STYLED_ITEM('overriding color',(#10752),#7961,#9976
  );
#10752 = PRESENTATION_STYLE_ASSIGNMENT((#10753));
#10753 = SURFACE_STYLE_USAGE(.BOTH.,#10754);
#10754 = SURFACE_SIDE_STYLE('',(#10755));
#10755 = SURFACE_STYLE_FILL_AREA(#10756);
#10756 = FILL_AREA_STYLE('',(#10757));
#10757 = FILL_AREA_STYLE_COLOUR('',#9994);
#10758 = OVER_RIDING_STYLED_ITEM('overriding color',(#10759),#8027,#9976
  );
#10759 = PRESENTATION_STYLE_ASSIGNMENT((#10760));
#10760 = SURFACE_STYLE_USAGE(.BOTH.,#10761);
#10761 = SURFACE_SIDE_STYLE('',(#10762));
#10762 = SURFACE_STYLE_FILL_AREA(#10763);
#10763 = FILL_AREA_STYLE('',(#10764));
#10764 = FILL_AREA_STYLE_COLOUR('',#9994);
#10765 = OVER_RIDING_STYLED_ITEM('overriding color',(#10766),#8119,#9976
  );
#10766 = PRESENTATION_STYLE_ASSIGNMENT((#10767));
#10767 = SURFACE_STYLE_USAGE(.BOTH.,#10768);
#10768 = SURFACE_SIDE_STYLE('',(#10769));
#10769 = SURFACE_STYLE_FILL_AREA(#10770);
#10770 = FILL_AREA_STYLE('',(#10771));
#10771 = FILL_AREA_STYLE_COLOUR('',#9994);
#10772 = OVER_RIDING_STYLED_ITEM('overriding color',(#10773),#8139,#9976
  );
#10773 = PRESENTATION_STYLE_ASSIGNMENT((#10774));
#10774 = SURFACE_STYLE_USAGE(.BOTH.,#10775);
#10775 = SURFACE_SIDE_STYLE('',(#10776));
#10776 = SURFACE_STYLE_FILL_AREA(#10777);
#10777 = FILL_AREA_STYLE('',(#10778));
#10778 = FILL_AREA_STYLE_COLOUR('',#9994);
#10779 = OVER_RIDING_STYLED_ITEM('overriding color',(#10780),#8155,#9976
  );
#10780 = PRESENTATION_STYLE_ASSIGNMENT((#10781));
#10781 = SURFACE_STYLE_USAGE(.BOTH.,#10782);
#10782 = SURFACE_SIDE_STYLE('',(#10783));
#10783 = SURFACE_STYLE_FILL_AREA(#10784);
#10784 = FILL_AREA_STYLE('',(#10785));
#10785 = FILL_AREA_STYLE_COLOUR('',#9994);
#10786 = OVER_RIDING_STYLED_ITEM('overriding color',(#10787),#8171,#9976
  );
#10787 = PRESENTATION_STYLE_ASSIGNMENT((#10788));
#10788 = SURFACE_STYLE_USAGE(.BOTH.,#10789);
#10789 = SURFACE_SIDE_STYLE('',(#10790));
#10790 = SURFACE_STYLE_FILL_AREA(#10791);
#10791 = FILL_AREA_STYLE('',(#10792));
#10792 = FILL_AREA_STYLE_COLOUR('',#9994);
#10793 = OVER_RIDING_STYLED_ITEM('overriding color',(#10794),#8187,#9976
  );
#10794 = PRESENTATION_STYLE_ASSIGNMENT((#10795));
#10795 = SURFACE_STYLE_USAGE(.BOTH.,#10796);
#10796 = SURFACE_SIDE_STYLE('',(#10797));
#10797 = SURFACE_STYLE_FILL_AREA(#10798);
#10798 = FILL_AREA_STYLE('',(#10799));
#10799 = FILL_AREA_STYLE_COLOUR('',#9994);
#10800 = OVER_RIDING_STYLED_ITEM('overriding color',(#10801),#8203,#9976
  );
#10801 = PRESENTATION_STYLE_ASSIGNMENT((#10802));
#10802 = SURFACE_STYLE_USAGE(.BOTH.,#10803);
#10803 = SURFACE_SIDE_STYLE('',(#10804));
#10804 = SURFACE_STYLE_FILL_AREA(#10805);
#10805 = FILL_AREA_STYLE('',(#10806));
#10806 = FILL_AREA_STYLE_COLOUR('',#9994);
#10807 = OVER_RIDING_STYLED_ITEM('overriding color',(#10808),#8219,#9976
  );
#10808 = PRESENTATION_STYLE_ASSIGNMENT((#10809));
#10809 = SURFACE_STYLE_USAGE(.BOTH.,#10810);
#10810 = SURFACE_SIDE_STYLE('',(#10811));
#10811 = SURFACE_STYLE_FILL_AREA(#10812);
#10812 = FILL_AREA_STYLE('',(#10813));
#10813 = FILL_AREA_STYLE_COLOUR('',#9994);
#10814 = OVER_RIDING_STYLED_ITEM('overriding color',(#10815),#8235,#9976
  );
#10815 = PRESENTATION_STYLE_ASSIGNMENT((#10816));
#10816 = SURFACE_STYLE_USAGE(.BOTH.,#10817);
#10817 = SURFACE_SIDE_STYLE('',(#10818));
#10818 = SURFACE_STYLE_FILL_AREA(#10819);
#10819 = FILL_AREA_STYLE('',(#10820));
#10820 = FILL_AREA_STYLE_COLOUR('',#9994);
#10821 = OVER_RIDING_STYLED_ITEM('overriding color',(#10822),#8251,#9976
  );
#10822 = PRESENTATION_STYLE_ASSIGNMENT((#10823));
#10823 = SURFACE_STYLE_USAGE(.BOTH.,#10824);
#10824 = SURFACE_SIDE_STYLE('',(#10825));
#10825 = SURFACE_STYLE_FILL_AREA(#10826);
#10826 = FILL_AREA_STYLE('',(#10827));
#10827 = FILL_AREA_STYLE_COLOUR('',#9994);
#10828 = OVER_RIDING_STYLED_ITEM('overriding color',(#10829),#8267,#9976
  );
#10829 = PRESENTATION_STYLE_ASSIGNMENT((#10830));
#10830 = SURFACE_STYLE_USAGE(.BOTH.,#10831);
#10831 = SURFACE_SIDE_STYLE('',(#10832));
#10832 = SURFACE_STYLE_FILL_AREA(#10833);
#10833 = FILL_AREA_STYLE('',(#10834));
#10834 = FILL_AREA_STYLE_COLOUR('',#9994);
#10835 = OVER_RIDING_STYLED_ITEM('overriding color',(#10836),#8283,#9976
  );
#10836 = PRESENTATION_STYLE_ASSIGNMENT((#10837));
#10837 = SURFACE_STYLE_USAGE(.BOTH.,#10838);
#10838 = SURFACE_SIDE_STYLE('',(#10839));
#10839 = SURFACE_STYLE_FILL_AREA(#10840);
#10840 = FILL_AREA_STYLE('',(#10841));
#10841 = FILL_AREA_STYLE_COLOUR('',#9994);
#10842 = OVER_RIDING_STYLED_ITEM('overriding color',(#10843),#8299,#9976
  );
#10843 = PRESENTATION_STYLE_ASSIGNMENT((#10844));
#10844 = SURFACE_STYLE_USAGE(.BOTH.,#10845);
#10845 = SURFACE_SIDE_STYLE('',(#10846));
#10846 = SURFACE_STYLE_FILL_AREA(#10847);
#10847 = FILL_AREA_STYLE('',(#10848));
#10848 = FILL_AREA_STYLE_COLOUR('',#9994);
#10849 = OVER_RIDING_STYLED_ITEM('overriding color',(#10850),#8311,#9976
  );
#10850 = PRESENTATION_STYLE_ASSIGNMENT((#10851));
#10851 = SURFACE_STYLE_USAGE(.BOTH.,#10852);
#10852 = SURFACE_SIDE_STYLE('',(#10853));
#10853 = SURFACE_STYLE_FILL_AREA(#10854);
#10854 = FILL_AREA_STYLE('',(#10855));
#10855 = FILL_AREA_STYLE_COLOUR('',#9994);
#10856 = OVER_RIDING_STYLED_ITEM('overriding color',(#10857),#8447,#9976
  );
#10857 = PRESENTATION_STYLE_ASSIGNMENT((#10858));
#10858 = SURFACE_STYLE_USAGE(.BOTH.,#10859);
#10859 = SURFACE_SIDE_STYLE('',(#10860));
#10860 = SURFACE_STYLE_FILL_AREA(#10861);
#10861 = FILL_AREA_STYLE('',(#10862));
#10862 = FILL_AREA_STYLE_COLOUR('',#9994);
#10863 = OVER_RIDING_STYLED_ITEM('overriding color',(#10864),#8503,#9976
  );
#10864 = PRESENTATION_STYLE_ASSIGNMENT((#10865));
#10865 = SURFACE_STYLE_USAGE(.BOTH.,#10866);
#10866 = SURFACE_SIDE_STYLE('',(#10867));
#10867 = SURFACE_STYLE_FILL_AREA(#10868);
#10868 = FILL_AREA_STYLE('',(#10869));
#10869 = FILL_AREA_STYLE_COLOUR('',#9994);
#10870 = OVER_RIDING_STYLED_ITEM('overriding color',(#10871),#8523,#9976
  );
#10871 = PRESENTATION_STYLE_ASSIGNMENT((#10872));
#10872 = SURFACE_STYLE_USAGE(.BOTH.,#10873);
#10873 = SURFACE_SIDE_STYLE('',(#10874));
#10874 = SURFACE_STYLE_FILL_AREA(#10875);
#10875 = FILL_AREA_STYLE('',(#10876));
#10876 = FILL_AREA_STYLE_COLOUR('',#9994);
#10877 = OVER_RIDING_STYLED_ITEM('overriding color',(#10878),#8581,#9976
  );
#10878 = PRESENTATION_STYLE_ASSIGNMENT((#10879));
#10879 = SURFACE_STYLE_USAGE(.BOTH.,#10880);
#10880 = SURFACE_SIDE_STYLE('',(#10881));
#10881 = SURFACE_STYLE_FILL_AREA(#10882);
#10882 = FILL_AREA_STYLE('',(#10883));
#10883 = FILL_AREA_STYLE_COLOUR('',#9994);
#10884 = OVER_RIDING_STYLED_ITEM('overriding color',(#10885),#8617,#9976
  );
#10885 = PRESENTATION_STYLE_ASSIGNMENT((#10886));
#10886 = SURFACE_STYLE_USAGE(.BOTH.,#10887);
#10887 = SURFACE_SIDE_STYLE('',(#10888));
#10888 = SURFACE_STYLE_FILL_AREA(#10889);
#10889 = FILL_AREA_STYLE('',(#10890));
#10890 = FILL_AREA_STYLE_COLOUR('',#9994);
#10891 = OVER_RIDING_STYLED_ITEM('overriding color',(#10892),#8712,#9976
  );
#10892 = PRESENTATION_STYLE_ASSIGNMENT((#10893));
#10893 = SURFACE_STYLE_USAGE(.BOTH.,#10894);
#10894 = SURFACE_SIDE_STYLE('',(#10895));
#10895 = SURFACE_STYLE_FILL_AREA(#10896);
#10896 = FILL_AREA_STYLE('',(#10897));
#10897 = FILL_AREA_STYLE_COLOUR('',#9994);
#10898 = OVER_RIDING_STYLED_ITEM('overriding color',(#10899),#8746,#9976
  );
#10899 = PRESENTATION_STYLE_ASSIGNMENT((#10900));
#10900 = SURFACE_STYLE_USAGE(.BOTH.,#10901);
#10901 = SURFACE_SIDE_STYLE('',(#10902));
#10902 = SURFACE_STYLE_FILL_AREA(#10903);
#10903 = FILL_AREA_STYLE('',(#10904));
#10904 = FILL_AREA_STYLE_COLOUR('',#9994);
#10905 = OVER_RIDING_STYLED_ITEM('overriding color',(#10906),#8762,#9976
  );
#10906 = PRESENTATION_STYLE_ASSIGNMENT((#10907));
#10907 = SURFACE_STYLE_USAGE(.BOTH.,#10908);
#10908 = SURFACE_SIDE_STYLE('',(#10909));
#10909 = SURFACE_STYLE_FILL_AREA(#10910);
#10910 = FILL_AREA_STYLE('',(#10911));
#10911 = FILL_AREA_STYLE_COLOUR('',#9994);
#10912 = OVER_RIDING_STYLED_ITEM('overriding color',(#10913),#8800,#9976
  );
#10913 = PRESENTATION_STYLE_ASSIGNMENT((#10914));
#10914 = SURFACE_STYLE_USAGE(.BOTH.,#10915);
#10915 = SURFACE_SIDE_STYLE('',(#10916));
#10916 = SURFACE_STYLE_FILL_AREA(#10917);
#10917 = FILL_AREA_STYLE('',(#10918));
#10918 = FILL_AREA_STYLE_COLOUR('',#9994);
#10919 = OVER_RIDING_STYLED_ITEM('overriding color',(#10920),#8834,#9976
  );
#10920 = PRESENTATION_STYLE_ASSIGNMENT((#10921));
#10921 = SURFACE_STYLE_USAGE(.BOTH.,#10922);
#10922 = SURFACE_SIDE_STYLE('',(#10923));
#10923 = SURFACE_STYLE_FILL_AREA(#10924);
#10924 = FILL_AREA_STYLE('',(#10925));
#10925 = FILL_AREA_STYLE_COLOUR('',#9994);
#10926 = OVER_RIDING_STYLED_ITEM('overriding color',(#10927),#8854,#9976
  );
#10927 = PRESENTATION_STYLE_ASSIGNMENT((#10928));
#10928 = SURFACE_STYLE_USAGE(.BOTH.,#10929);
#10929 = SURFACE_SIDE_STYLE('',(#10930));
#10930 = SURFACE_STYLE_FILL_AREA(#10931);
#10931 = FILL_AREA_STYLE('',(#10932));
#10932 = FILL_AREA_STYLE_COLOUR('',#9994);
#10933 = OVER_RIDING_STYLED_ITEM('overriding color',(#10934),#8884,#9976
  );
#10934 = PRESENTATION_STYLE_ASSIGNMENT((#10935));
#10935 = SURFACE_STYLE_USAGE(.BOTH.,#10936);
#10936 = SURFACE_SIDE_STYLE('',(#10937));
#10937 = SURFACE_STYLE_FILL_AREA(#10938);
#10938 = FILL_AREA_STYLE('',(#10939));
#10939 = FILL_AREA_STYLE_COLOUR('',#9994);
#10940 = OVER_RIDING_STYLED_ITEM('overriding color',(#10941),#8983,#9976
  );
#10941 = PRESENTATION_STYLE_ASSIGNMENT((#10942));
#10942 = SURFACE_STYLE_USAGE(.BOTH.,#10943);
#10943 = SURFACE_SIDE_STYLE('',(#10944));
#10944 = SURFACE_STYLE_FILL_AREA(#10945);
#10945 = FILL_AREA_STYLE('',(#10946));
#10946 = FILL_AREA_STYLE_COLOUR('',#9994);
#10947 = OVER_RIDING_STYLED_ITEM('overriding color',(#10948),#9003,#9976
  );
#10948 = PRESENTATION_STYLE_ASSIGNMENT((#10949));
#10949 = SURFACE_STYLE_USAGE(.BOTH.,#10950);
#10950 = SURFACE_SIDE_STYLE('',(#10951));
#10951 = SURFACE_STYLE_FILL_AREA(#10952);
#10952 = FILL_AREA_STYLE('',(#10953));
#10953 = FILL_AREA_STYLE_COLOUR('',#9994);
#10954 = OVER_RIDING_STYLED_ITEM('overriding color',(#10955),#9019,#9976
  );
#10955 = PRESENTATION_STYLE_ASSIGNMENT((#10956));
#10956 = SURFACE_STYLE_USAGE(.BOTH.,#10957);
#10957 = SURFACE_SIDE_STYLE('',(#10958));
#10958 = SURFACE_STYLE_FILL_AREA(#10959);
#10959 = FILL_AREA_STYLE('',(#10960));
#10960 = FILL_AREA_STYLE_COLOUR('',#9994);
#10961 = OVER_RIDING_STYLED_ITEM('overriding color',(#10962),#9035,#9976
  );
#10962 = PRESENTATION_STYLE_ASSIGNMENT((#10963));
#10963 = SURFACE_STYLE_USAGE(.BOTH.,#10964);
#10964 = SURFACE_SIDE_STYLE('',(#10965));
#10965 = SURFACE_STYLE_FILL_AREA(#10966);
#10966 = FILL_AREA_STYLE('',(#10967));
#10967 = FILL_AREA_STYLE_COLOUR('',#9994);
#10968 = OVER_RIDING_STYLED_ITEM('overriding color',(#10969),#9051,#9976
  );
#10969 = PRESENTATION_STYLE_ASSIGNMENT((#10970));
#10970 = SURFACE_STYLE_USAGE(.BOTH.,#10971);
#10971 = SURFACE_SIDE_STYLE('',(#10972));
#10972 = SURFACE_STYLE_FILL_AREA(#10973);
#10973 = FILL_AREA_STYLE('',(#10974));
#10974 = FILL_AREA_STYLE_COLOUR('',#9994);
#10975 = OVER_RIDING_STYLED_ITEM('overriding color',(#10976),#9067,#9976
  );
#10976 = PRESENTATION_STYLE_ASSIGNMENT((#10977));
#10977 = SURFACE_STYLE_USAGE(.BOTH.,#10978);
#10978 = SURFACE_SIDE_STYLE('',(#10979));
#10979 = SURFACE_STYLE_FILL_AREA(#10980);
#10980 = FILL_AREA_STYLE('',(#10981));
#10981 = FILL_AREA_STYLE_COLOUR('',#9994);
#10982 = OVER_RIDING_STYLED_ITEM('overriding color',(#10983),#9083,#9976
  );
#10983 = PRESENTATION_STYLE_ASSIGNMENT((#10984));
#10984 = SURFACE_STYLE_USAGE(.BOTH.,#10985);
#10985 = SURFACE_SIDE_STYLE('',(#10986));
#10986 = SURFACE_STYLE_FILL_AREA(#10987);
#10987 = FILL_AREA_STYLE('',(#10988));
#10988 = FILL_AREA_STYLE_COLOUR('',#9994);
#10989 = OVER_RIDING_STYLED_ITEM('overriding color',(#10990),#9099,#9976
  );
#10990 = PRESENTATION_STYLE_ASSIGNMENT((#10991));
#10991 = SURFACE_STYLE_USAGE(.BOTH.,#10992);
#10992 = SURFACE_SIDE_STYLE('',(#10993));
#10993 = SURFACE_STYLE_FILL_AREA(#10994);
#10994 = FILL_AREA_STYLE('',(#10995));
#10995 = FILL_AREA_STYLE_COLOUR('',#9994);
#10996 = OVER_RIDING_STYLED_ITEM('overriding color',(#10997),#9115,#9976
  );
#10997 = PRESENTATION_STYLE_ASSIGNMENT((#10998));
#10998 = SURFACE_STYLE_USAGE(.BOTH.,#10999);
#10999 = SURFACE_SIDE_STYLE('',(#11000));
#11000 = SURFACE_STYLE_FILL_AREA(#11001);
#11001 = FILL_AREA_STYLE('',(#11002));
#11002 = FILL_AREA_STYLE_COLOUR('',#9994);
#11003 = OVER_RIDING_STYLED_ITEM('overriding color',(#11004),#9131,#9976
  );
#11004 = PRESENTATION_STYLE_ASSIGNMENT((#11005));
#11005 = SURFACE_STYLE_USAGE(.BOTH.,#11006);
#11006 = SURFACE_SIDE_STYLE('',(#11007));
#11007 = SURFACE_STYLE_FILL_AREA(#11008);
#11008 = FILL_AREA_STYLE('',(#11009));
#11009 = FILL_AREA_STYLE_COLOUR('',#9994);
#11010 = OVER_RIDING_STYLED_ITEM('overriding color',(#11011),#9147,#9976
  );
#11011 = PRESENTATION_STYLE_ASSIGNMENT((#11012));
#11012 = SURFACE_STYLE_USAGE(.BOTH.,#11013);
#11013 = SURFACE_SIDE_STYLE('',(#11014));
#11014 = SURFACE_STYLE_FILL_AREA(#11015);
#11015 = FILL_AREA_STYLE('',(#11016));
#11016 = FILL_AREA_STYLE_COLOUR('',#9994);
#11017 = OVER_RIDING_STYLED_ITEM('overriding color',(#11018),#9163,#9976
  );
#11018 = PRESENTATION_STYLE_ASSIGNMENT((#11019));
#11019 = SURFACE_STYLE_USAGE(.BOTH.,#11020);
#11020 = SURFACE_SIDE_STYLE('',(#11021));
#11021 = SURFACE_STYLE_FILL_AREA(#11022);
#11022 = FILL_AREA_STYLE('',(#11023));
#11023 = FILL_AREA_STYLE_COLOUR('',#9994);
#11024 = OVER_RIDING_STYLED_ITEM('overriding color',(#11025),#9179,#9976
  );
#11025 = PRESENTATION_STYLE_ASSIGNMENT((#11026));
#11026 = SURFACE_STYLE_USAGE(.BOTH.,#11027);
#11027 = SURFACE_SIDE_STYLE('',(#11028));
#11028 = SURFACE_STYLE_FILL_AREA(#11029);
#11029 = FILL_AREA_STYLE('',(#11030));
#11030 = FILL_AREA_STYLE_COLOUR('',#9994);
#11031 = OVER_RIDING_STYLED_ITEM('overriding color',(#11032),#9191,#9976
  );
#11032 = PRESENTATION_STYLE_ASSIGNMENT((#11033));
#11033 = SURFACE_STYLE_USAGE(.BOTH.,#11034);
#11034 = SURFACE_SIDE_STYLE('',(#11035));
#11035 = SURFACE_STYLE_FILL_AREA(#11036);
#11036 = FILL_AREA_STYLE('',(#11037));
#11037 = FILL_AREA_STYLE_COLOUR('',#9994);
#11038 = OVER_RIDING_STYLED_ITEM('overriding color',(#11039),#9237,#9976
  );
#11039 = PRESENTATION_STYLE_ASSIGNMENT((#11040));
#11040 = SURFACE_STYLE_USAGE(.BOTH.,#11041);
#11041 = SURFACE_SIDE_STYLE('',(#11042));
#11042 = SURFACE_STYLE_FILL_AREA(#11043);
#11043 = FILL_AREA_STYLE('',(#11044));
#11044 = FILL_AREA_STYLE_COLOUR('',#9994);
#11045 = OVER_RIDING_STYLED_ITEM('overriding color',(#11046),#9309,#9976
  );
#11046 = PRESENTATION_STYLE_ASSIGNMENT((#11047));
#11047 = SURFACE_STYLE_USAGE(.BOTH.,#11048);
#11048 = SURFACE_SIDE_STYLE('',(#11049));
#11049 = SURFACE_STYLE_FILL_AREA(#11050);
#11050 = FILL_AREA_STYLE('',(#11051));
#11051 = FILL_AREA_STYLE_COLOUR('',#9994);
#11052 = OVER_RIDING_STYLED_ITEM('overriding color',(#11053),#9403,#9976
  );
#11053 = PRESENTATION_STYLE_ASSIGNMENT((#11054));
#11054 = SURFACE_STYLE_USAGE(.BOTH.,#11055);
#11055 = SURFACE_SIDE_STYLE('',(#11056));
#11056 = SURFACE_STYLE_FILL_AREA(#11057);
#11057 = FILL_AREA_STYLE('',(#11058));
#11058 = FILL_AREA_STYLE_COLOUR('',#9994);
#11059 = OVER_RIDING_STYLED_ITEM('overriding color',(#11060),#9449,#9976
  );
#11060 = PRESENTATION_STYLE_ASSIGNMENT((#11061));
#11061 = SURFACE_STYLE_USAGE(.BOTH.,#11062);
#11062 = SURFACE_SIDE_STYLE('',(#11063));
#11063 = SURFACE_STYLE_FILL_AREA(#11064);
#11064 = FILL_AREA_STYLE('',(#11065));
#11065 = FILL_AREA_STYLE_COLOUR('',#9994);
#11066 = OVER_RIDING_STYLED_ITEM('overriding color',(#11067),#9585,#9976
  );
#11067 = PRESENTATION_STYLE_ASSIGNMENT((#11068));
#11068 = SURFACE_STYLE_USAGE(.BOTH.,#11069);
#11069 = SURFACE_SIDE_STYLE('',(#11070));
#11070 = SURFACE_STYLE_FILL_AREA(#11071);
#11071 = FILL_AREA_STYLE('',(#11072));
#11072 = FILL_AREA_STYLE_COLOUR('',#9994);
#11073 = OVER_RIDING_STYLED_ITEM('overriding color',(#11074),#9621,#9976
  );
#11074 = PRESENTATION_STYLE_ASSIGNMENT((#11075));
#11075 = SURFACE_STYLE_USAGE(.BOTH.,#11076);
#11076 = SURFACE_SIDE_STYLE('',(#11077));
#11077 = SURFACE_STYLE_FILL_AREA(#11078);
#11078 = FILL_AREA_STYLE('',(#11079));
#11079 = FILL_AREA_STYLE_COLOUR('',#9994);
#11080 = OVER_RIDING_STYLED_ITEM('overriding color',(#11081),#9641,#9976
  );
#11081 = PRESENTATION_STYLE_ASSIGNMENT((#11082));
#11082 = SURFACE_STYLE_USAGE(.BOTH.,#11083);
#11083 = SURFACE_SIDE_STYLE('',(#11084));
#11084 = SURFACE_STYLE_FILL_AREA(#11085);
#11085 = FILL_AREA_STYLE('',(#11086));
#11086 = FILL_AREA_STYLE_COLOUR('',#9994);
#11087 = OVER_RIDING_STYLED_ITEM('overriding color',(#11088),#9657,#9976
  );
#11088 = PRESENTATION_STYLE_ASSIGNMENT((#11089));
#11089 = SURFACE_STYLE_USAGE(.BOTH.,#11090);
#11090 = SURFACE_SIDE_STYLE('',(#11091));
#11091 = SURFACE_STYLE_FILL_AREA(#11092);
#11092 = FILL_AREA_STYLE('',(#11093));
#11093 = FILL_AREA_STYLE_COLOUR('',#9994);
#11094 = OVER_RIDING_STYLED_ITEM('overriding color',(#11095),#9673,#9976
  );
#11095 = PRESENTATION_STYLE_ASSIGNMENT((#11096));
#11096 = SURFACE_STYLE_USAGE(.BOTH.,#11097);
#11097 = SURFACE_SIDE_STYLE('',(#11098));
#11098 = SURFACE_STYLE_FILL_AREA(#11099);
#11099 = FILL_AREA_STYLE('',(#11100));
#11100 = FILL_AREA_STYLE_COLOUR('',#9994);
#11101 = OVER_RIDING_STYLED_ITEM('overriding color',(#11102),#9685,#9976
  );
#11102 = PRESENTATION_STYLE_ASSIGNMENT((#11103));
#11103 = SURFACE_STYLE_USAGE(.BOTH.,#11104);
#11104 = SURFACE_SIDE_STYLE('',(#11105));
#11105 = SURFACE_STYLE_FILL_AREA(#11106);
#11106 = FILL_AREA_STYLE('',(#11107));
#11107 = FILL_AREA_STYLE_COLOUR('',#9994);
#11108 = OVER_RIDING_STYLED_ITEM('overriding color',(#11109),#9777,#9976
  );
#11109 = PRESENTATION_STYLE_ASSIGNMENT((#11110));
#11110 = SURFACE_STYLE_USAGE(.BOTH.,#11111);
#11111 = SURFACE_SIDE_STYLE('',(#11112));
#11112 = SURFACE_STYLE_FILL_AREA(#11113);
#11113 = FILL_AREA_STYLE('',(#11114));
#11114 = FILL_AREA_STYLE_COLOUR('',#9994);
#11115 = OVER_RIDING_STYLED_ITEM('overriding color',(#11116),#9797,#9976
  );
#11116 = PRESENTATION_STYLE_ASSIGNMENT((#11117));
#11117 = SURFACE_STYLE_USAGE(.BOTH.,#11118);
#11118 = SURFACE_SIDE_STYLE('',(#11119));
#11119 = SURFACE_STYLE_FILL_AREA(#11120);
#11120 = FILL_AREA_STYLE('',(#11121));
#11121 = FILL_AREA_STYLE_COLOUR('',#9994);
#11122 = OVER_RIDING_STYLED_ITEM('overriding color',(#11123),#9813,#9976
  );
#11123 = PRESENTATION_STYLE_ASSIGNMENT((#11124));
#11124 = SURFACE_STYLE_USAGE(.BOTH.,#11125);
#11125 = SURFACE_SIDE_STYLE('',(#11126));
#11126 = SURFACE_STYLE_FILL_AREA(#11127);
#11127 = FILL_AREA_STYLE('',(#11128));
#11128 = FILL_AREA_STYLE_COLOUR('',#9994);
#11129 = OVER_RIDING_STYLED_ITEM('overriding color',(#11130),#9829,#9976
  );
#11130 = PRESENTATION_STYLE_ASSIGNMENT((#11131));
#11131 = SURFACE_STYLE_USAGE(.BOTH.,#11132);
#11132 = SURFACE_SIDE_STYLE('',(#11133));
#11133 = SURFACE_STYLE_FILL_AREA(#11134);
#11134 = FILL_AREA_STYLE('',(#11135));
#11135 = FILL_AREA_STYLE_COLOUR('',#9994);
#11136 = OVER_RIDING_STYLED_ITEM('overriding color',(#11137),#9845,#9976
  );
#11137 = PRESENTATION_STYLE_ASSIGNMENT((#11138));
#11138 = SURFACE_STYLE_USAGE(.BOTH.,#11139);
#11139 = SURFACE_SIDE_STYLE('',(#11140));
#11140 = SURFACE_STYLE_FILL_AREA(#11141);
#11141 = FILL_AREA_STYLE('',(#11142));
#11142 = FILL_AREA_STYLE_COLOUR('',#9994);
#11143 = OVER_RIDING_STYLED_ITEM('overriding color',(#11144),#9861,#9976
  );
#11144 = PRESENTATION_STYLE_ASSIGNMENT((#11145));
#11145 = SURFACE_STYLE_USAGE(.BOTH.,#11146);
#11146 = SURFACE_SIDE_STYLE('',(#11147));
#11147 = SURFACE_STYLE_FILL_AREA(#11148);
#11148 = FILL_AREA_STYLE('',(#11149));
#11149 = FILL_AREA_STYLE_COLOUR('',#9994);
#11150 = OVER_RIDING_STYLED_ITEM('overriding color',(#11151),#9877,#9976
  );
#11151 = PRESENTATION_STYLE_ASSIGNMENT((#11152));
#11152 = SURFACE_STYLE_USAGE(.BOTH.,#11153);
#11153 = SURFACE_SIDE_STYLE('',(#11154));
#11154 = SURFACE_STYLE_FILL_AREA(#11155);
#11155 = FILL_AREA_STYLE('',(#11156));
#11156 = FILL_AREA_STYLE_COLOUR('',#9994);
#11157 = OVER_RIDING_STYLED_ITEM('overriding color',(#11158),#9893,#9976
  );
#11158 = PRESENTATION_STYLE_ASSIGNMENT((#11159));
#11159 = SURFACE_STYLE_USAGE(.BOTH.,#11160);
#11160 = SURFACE_SIDE_STYLE('',(#11161));
#11161 = SURFACE_STYLE_FILL_AREA(#11162);
#11162 = FILL_AREA_STYLE('',(#11163));
#11163 = FILL_AREA_STYLE_COLOUR('',#9994);
#11164 = OVER_RIDING_STYLED_ITEM('overriding color',(#11165),#9909,#9976
  );
#11165 = PRESENTATION_STYLE_ASSIGNMENT((#11166));
#11166 = SURFACE_STYLE_USAGE(.BOTH.,#11167);
#11167 = SURFACE_SIDE_STYLE('',(#11168));
#11168 = SURFACE_STYLE_FILL_AREA(#11169);
#11169 = FILL_AREA_STYLE('',(#11170));
#11170 = FILL_AREA_STYLE_COLOUR('',#9994);
#11171 = OVER_RIDING_STYLED_ITEM('overriding color',(#11172),#9925,#9976
  );
#11172 = PRESENTATION_STYLE_ASSIGNMENT((#11173));
#11173 = SURFACE_STYLE_USAGE(.BOTH.,#11174);
#11174 = SURFACE_SIDE_STYLE('',(#11175));
#11175 = SURFACE_STYLE_FILL_AREA(#11176);
#11176 = FILL_AREA_STYLE('',(#11177));
#11177 = FILL_AREA_STYLE_COLOUR('',#9994);
#11178 = OVER_RIDING_STYLED_ITEM('overriding color',(#11179),#9941,#9976
  );
#11179 = PRESENTATION_STYLE_ASSIGNMENT((#11180));
#11180 = SURFACE_STYLE_USAGE(.BOTH.,#11181);
#11181 = SURFACE_SIDE_STYLE('',(#11182));
#11182 = SURFACE_STYLE_FILL_AREA(#11183);
#11183 = FILL_AREA_STYLE('',(#11184));
#11184 = FILL_AREA_STYLE_COLOUR('',#9994);
#11185 = OVER_RIDING_STYLED_ITEM('overriding color',(#11186),#9957,#9976
  );
#11186 = PRESENTATION_STYLE_ASSIGNMENT((#11187));
#11187 = SURFACE_STYLE_USAGE(.BOTH.,#11188);
#11188 = SURFACE_SIDE_STYLE('',(#11189));
#11189 = SURFACE_STYLE_FILL_AREA(#11190);
#11190 = FILL_AREA_STYLE('',(#11191));
#11191 = FILL_AREA_STYLE_COLOUR('',#9994);
ENDSEC;
END-ISO-10303-21;
