ISO-10303-21;
HEADER;
/* Generated by software containing ST-Developer
 * from STEP Tools, Inc. (www.steptools.com) 
 */
/* OPTION: strings as raw bytes, not using required /X/ escapes */

FILE_DESCRIPTION(
/* description */ ('Unknown'),
/* implementation_level */ '2;1');

FILE_NAME(
/* name */ '691412120007MB',
/* time_stamp */ '2018-02-19T14:13:03+01:00',
/* author */ ('Unknown'),
/* organization */ ('Unknown'),
/* preprocessor_version */ 'ST-DEVELOPER v16.7',
/* originating_system */ 'DEX',
/* authorisation */ $);

FILE_SCHEMA (('AUTOMOTIVE_DESIGN {1 0 10303 214 3 1 1}'));
ENDSEC;

DATA;
#10=PROPERTY_DEFINITION_REPRESENTATION(#14,#12);
#11=PROPERTY_DEFINITION_REPRESENTATION(#15,#13);
#12=REPRESENTATION('',(#16),#6645);
#13=REPRESENTATION('',(#17),#6645);
#14=PROPERTY_DEFINITION('pmi validation property','',#6664);
#15=PROPERTY_DEFINITION('pmi validation property','',#6664);
#16=VALUE_REPRESENTATION_ITEM('number of annotations',COUNT_MEASURE(0.));
#17=VALUE_REPRESENTATION_ITEM('number of views',COUNT_MEASURE(0.));
#18=B_SPLINE_SURFACE_WITH_KNOTS('',1,3,((#6065,#6066,#6067,#6068,#6069,
#6070,#6071,#6072,#6073,#6074),(#6075,#6076,#6077,#6078,#6079,#6080,#6081,
#6082,#6083,#6084)),.RULED_SURF.,.F.,.F.,.F.,(2,2),(4,2,2,2,4),(0.,1.),
(3.14159265358979,3.53429173528852,3.92699081698724,4.31968989868596,4.71238898038469),
 .UNSPECIFIED.);
#19=B_SPLINE_SURFACE_WITH_KNOTS('',1,3,((#6093,#6094,#6095,#6096,#6097,
#6098,#6099,#6100,#6101,#6102),(#6103,#6104,#6105,#6106,#6107,#6108,#6109,
#6110,#6111,#6112)),.RULED_SURF.,.F.,.F.,.F.,(2,2),(4,2,2,2,4),(0.,1.),
(1.5707963267949,1.96349540849362,2.35619449019234,2.74889357189107,3.14159265358979),
 .UNSPECIFIED.);
#20=B_SPLINE_SURFACE_WITH_KNOTS('',1,3,((#6397,#6398,#6399,#6400,#6401,
#6402,#6403,#6404,#6405,#6406),(#6407,#6408,#6409,#6410,#6411,#6412,#6413,
#6414,#6415,#6416)),.RULED_SURF.,.F.,.F.,.F.,(2,2),(4,2,2,2,4),(0.,1.),
(3.14159265358979,3.53429173528852,3.92699081698724,4.31968989868597,4.71238898038469),
 .UNSPECIFIED.);
#21=B_SPLINE_SURFACE_WITH_KNOTS('',1,3,((#6425,#6426,#6427,#6428,#6429,
#6430,#6431,#6432,#6433,#6434),(#6435,#6436,#6437,#6438,#6439,#6440,#6441,
#6442,#6443,#6444)),.RULED_SURF.,.F.,.F.,.F.,(2,2),(4,2,2,2,4),(0.,1.),
(1.5707963267949,1.96349540849362,2.35619449019234,2.74889357189107,3.14159265358979),
 .UNSPECIFIED.);
#22=CONTEXT_DEPENDENT_SHAPE_REPRESENTATION(#50,#6667);
#23=CONTEXT_DEPENDENT_SHAPE_REPRESENTATION(#51,#6669);
#24=CONTEXT_DEPENDENT_SHAPE_REPRESENTATION(#52,#6671);
#25=CONTEXT_DEPENDENT_SHAPE_REPRESENTATION(#53,#6672);
#26=CONTEXT_DEPENDENT_SHAPE_REPRESENTATION(#54,#6674);
#27=CONTEXT_DEPENDENT_SHAPE_REPRESENTATION(#55,#6676);
#28=CONTEXT_DEPENDENT_SHAPE_REPRESENTATION(#56,#6677);
#29=CONTEXT_DEPENDENT_SHAPE_REPRESENTATION(#57,#6678);
#30=CONTEXT_DEPENDENT_SHAPE_REPRESENTATION(#58,#6680);
#31=CONTEXT_DEPENDENT_SHAPE_REPRESENTATION(#59,#6681);
#32=CONTEXT_DEPENDENT_SHAPE_REPRESENTATION(#60,#6682);
#33=CONTEXT_DEPENDENT_SHAPE_REPRESENTATION(#61,#6683);
#34=CONTEXT_DEPENDENT_SHAPE_REPRESENTATION(#62,#6684);
#35=CONTEXT_DEPENDENT_SHAPE_REPRESENTATION(#63,#6685);
#36=NEXT_ASSEMBLY_USAGE_OCCURRENCE('6914121200xxB','6914121200xxB',
'6914121200xxB',#6687,#6688,'');
#37=NEXT_ASSEMBLY_USAGE_OCCURRENCE('6914121200xx','6914121200xx',
'6914121200xx',#6687,#6689,'');
#38=NEXT_ASSEMBLY_USAGE_OCCURRENCE('6914121200xx_levier',
'6914121200xx_levier','6914121200xx_levier',#6687,#6690,'');
#39=NEXT_ASSEMBLY_USAGE_OCCURRENCE('6914121200xx_MODULE_COURT',
'6914121200xx_MODULE_COURT','6914121200xx_MODULE_COURT',#6686,#6687,'');
#40=NEXT_ASSEMBLY_USAGE_OCCURRENCE('6914121200xxB','6914121200xxB',
'6914121200xxB',#6691,#6688,'');
#41=NEXT_ASSEMBLY_USAGE_OCCURRENCE('6914121200xx_LONG',
'6914121200xx_LONG','6914121200xx_LONG',#6691,#6692,'');
#42=NEXT_ASSEMBLY_USAGE_OCCURRENCE('6914121200xx_levier',
'6914121200xx_levier','6914121200xx_levier',#6691,#6690,'');
#43=NEXT_ASSEMBLY_USAGE_OCCURRENCE('6914121200xx_MODULE_LONG',
'6914121200xx_MODULE_LONG','6914121200xx_MODULE_LONG',#6686,#6691,'');
#44=NEXT_ASSEMBLY_USAGE_OCCURRENCE('6914121200xxB_CAPOT',
'6914121200xxB_CAPOT','6914121200xxB_CAPOT',#6686,#6693,'');
#45=NEXT_ASSEMBLY_USAGE_OCCURRENCE('6914121200xx_MODULE_LONG',
'6914121200xx_MODULE_LONG','6914121200xx_MODULE_LONG',#6686,#6691,'');
#46=NEXT_ASSEMBLY_USAGE_OCCURRENCE('6914121200xx_MODULE_LONG',
'6914121200xx_MODULE_LONG','6914121200xx_MODULE_LONG',#6686,#6691,'');
#47=NEXT_ASSEMBLY_USAGE_OCCURRENCE('6914121200xx_MODULE_LONG',
'6914121200xx_MODULE_LONG','6914121200xx_MODULE_LONG',#6686,#6691,'');
#48=NEXT_ASSEMBLY_USAGE_OCCURRENCE('6914121200xx_MODULE_COURT',
'6914121200xx_MODULE_COURT','6914121200xx_MODULE_COURT',#6686,#6687,'');
#49=NEXT_ASSEMBLY_USAGE_OCCURRENCE('6914121200xx_MODULE_COURT',
'6914121200xx_MODULE_COURT','6914121200xx_MODULE_COURT',#6686,#6687,'');
#50=(
REPRESENTATION_RELATIONSHIP(' ',' ',#3961,#3962)
REPRESENTATION_RELATIONSHIP_WITH_TRANSFORMATION(#64)
SHAPE_REPRESENTATION_RELATIONSHIP()
);
#51=(
REPRESENTATION_RELATIONSHIP(' ',' ',#3963,#3962)
REPRESENTATION_RELATIONSHIP_WITH_TRANSFORMATION(#65)
SHAPE_REPRESENTATION_RELATIONSHIP()
);
#52=(
REPRESENTATION_RELATIONSHIP(' ',' ',#3964,#3962)
REPRESENTATION_RELATIONSHIP_WITH_TRANSFORMATION(#66)
SHAPE_REPRESENTATION_RELATIONSHIP()
);
#53=(
REPRESENTATION_RELATIONSHIP(' ',' ',#3962,#3965)
REPRESENTATION_RELATIONSHIP_WITH_TRANSFORMATION(#67)
SHAPE_REPRESENTATION_RELATIONSHIP()
);
#54=(
REPRESENTATION_RELATIONSHIP(' ',' ',#3961,#3966)
REPRESENTATION_RELATIONSHIP_WITH_TRANSFORMATION(#68)
SHAPE_REPRESENTATION_RELATIONSHIP()
);
#55=(
REPRESENTATION_RELATIONSHIP(' ',' ',#3967,#3966)
REPRESENTATION_RELATIONSHIP_WITH_TRANSFORMATION(#69)
SHAPE_REPRESENTATION_RELATIONSHIP()
);
#56=(
REPRESENTATION_RELATIONSHIP(' ',' ',#3964,#3966)
REPRESENTATION_RELATIONSHIP_WITH_TRANSFORMATION(#70)
SHAPE_REPRESENTATION_RELATIONSHIP()
);
#57=(
REPRESENTATION_RELATIONSHIP(' ',' ',#3966,#3965)
REPRESENTATION_RELATIONSHIP_WITH_TRANSFORMATION(#71)
SHAPE_REPRESENTATION_RELATIONSHIP()
);
#58=(
REPRESENTATION_RELATIONSHIP(' ',' ',#3968,#3965)
REPRESENTATION_RELATIONSHIP_WITH_TRANSFORMATION(#72)
SHAPE_REPRESENTATION_RELATIONSHIP()
);
#59=(
REPRESENTATION_RELATIONSHIP(' ',' ',#3966,#3965)
REPRESENTATION_RELATIONSHIP_WITH_TRANSFORMATION(#73)
SHAPE_REPRESENTATION_RELATIONSHIP()
);
#60=(
REPRESENTATION_RELATIONSHIP(' ',' ',#3966,#3965)
REPRESENTATION_RELATIONSHIP_WITH_TRANSFORMATION(#74)
SHAPE_REPRESENTATION_RELATIONSHIP()
);
#61=(
REPRESENTATION_RELATIONSHIP(' ',' ',#3966,#3965)
REPRESENTATION_RELATIONSHIP_WITH_TRANSFORMATION(#75)
SHAPE_REPRESENTATION_RELATIONSHIP()
);
#62=(
REPRESENTATION_RELATIONSHIP(' ',' ',#3962,#3965)
REPRESENTATION_RELATIONSHIP_WITH_TRANSFORMATION(#76)
SHAPE_REPRESENTATION_RELATIONSHIP()
);
#63=(
REPRESENTATION_RELATIONSHIP(' ',' ',#3962,#3965)
REPRESENTATION_RELATIONSHIP_WITH_TRANSFORMATION(#77)
SHAPE_REPRESENTATION_RELATIONSHIP()
);
#64=ITEM_DEFINED_TRANSFORMATION(' ',' ',#3969,#4105);
#65=ITEM_DEFINED_TRANSFORMATION(' ',' ',#3969,#4156);
#66=ITEM_DEFINED_TRANSFORMATION(' ',' ',#3969,#4186);
#67=ITEM_DEFINED_TRANSFORMATION(' ',' ',#3969,#4187);
#68=ITEM_DEFINED_TRANSFORMATION(' ',' ',#3969,#4188);
#69=ITEM_DEFINED_TRANSFORMATION(' ',' ',#3969,#4237);
#70=ITEM_DEFINED_TRANSFORMATION(' ',' ',#3969,#4238);
#71=ITEM_DEFINED_TRANSFORMATION(' ',' ',#3969,#4239);
#72=ITEM_DEFINED_TRANSFORMATION(' ',' ',#3969,#4289);
#73=ITEM_DEFINED_TRANSFORMATION(' ',' ',#3969,#4290);
#74=ITEM_DEFINED_TRANSFORMATION(' ',' ',#3969,#4291);
#75=ITEM_DEFINED_TRANSFORMATION(' ',' ',#3969,#4292);
#76=ITEM_DEFINED_TRANSFORMATION(' ',' ',#3969,#4293);
#77=ITEM_DEFINED_TRANSFORMATION(' ',' ',#3969,#4294);
#78=SHAPE_REPRESENTATION_RELATIONSHIP('','',#3961,#83);
#79=SHAPE_REPRESENTATION_RELATIONSHIP('','',#3963,#84);
#80=SHAPE_REPRESENTATION_RELATIONSHIP('','',#3964,#85);
#81=SHAPE_REPRESENTATION_RELATIONSHIP('','',#3967,#86);
#82=SHAPE_REPRESENTATION_RELATIONSHIP('','',#3968,#87);
#83=ADVANCED_BREP_SHAPE_REPRESENTATION('',(#3948),#6647);
#84=ADVANCED_BREP_SHAPE_REPRESENTATION('',(#3949),#6648);
#85=ADVANCED_BREP_SHAPE_REPRESENTATION('',(#3950),#6649);
#86=ADVANCED_BREP_SHAPE_REPRESENTATION('',(#3951),#6651);
#87=ADVANCED_BREP_SHAPE_REPRESENTATION('',(#3952),#6652);
#88=(
BOUNDED_SURFACE()
B_SPLINE_SURFACE(3,2,((#5822,#5823,#5824),(#5825,#5826,#5827),(#5828,#5829,
#5830),(#5831,#5832,#5833),(#5834,#5835,#5836)),.UNSPECIFIED.,.F.,.F.,.F.)
B_SPLINE_SURFACE_WITH_KNOTS((4,1,4),(3,3),(0.00502885966086782,0.00759838278944212,
0.0101679059180164),(0.,1.),.UNSPECIFIED.)
GEOMETRIC_REPRESENTATION_ITEM()
RATIONAL_B_SPLINE_SURFACE(((1.,0.746239199086136,1.),(1.,0.794108470905007,
1.),(1.,0.882931933228443,1.),(1.,0.953291843534208,1.),(1.,0.976274564789259,
1.)))
REPRESENTATION_ITEM('')
SURFACE()
);
#89=(
BOUNDED_SURFACE()
B_SPLINE_SURFACE(3,2,((#5837,#5838,#5839),(#5840,#5841,#5842),(#5843,#5844,
#5845),(#5846,#5847,#5848),(#5849,#5850,#5851)),.UNSPECIFIED.,.F.,.F.,.F.)
B_SPLINE_SURFACE_WITH_KNOTS((4,1,4),(3,3),(0.00433358405311078,0.0069036933128062,
0.00947380257250162),(0.,1.),.UNSPECIFIED.)
GEOMETRIC_REPRESENTATION_ITEM()
RATIONAL_B_SPLINE_SURFACE(((1.,0.746238985948357,1.),(1.,0.794114298173991,
1.),(1.,0.882942950747807,1.),(1.,0.953274694876628,1.),(1.,0.976275188405917,
1.)))
REPRESENTATION_ITEM('')
SURFACE()
);
#90=CONICAL_SURFACE('',#3992,1.65,0.163624617374468);
#91=CONICAL_SURFACE('',#4080,1.275,0.0872664625997165);
#92=CYLINDRICAL_SURFACE('',#3989,0.75);
#93=CYLINDRICAL_SURFACE('',#3990,0.75);
#94=CYLINDRICAL_SURFACE('',#4018,0.75);
#95=CYLINDRICAL_SURFACE('',#4020,0.75);
#96=CYLINDRICAL_SURFACE('',#4026,1.15);
#97=CYLINDRICAL_SURFACE('',#4032,0.75);
#98=CYLINDRICAL_SURFACE('',#4037,0.75);
#99=CYLINDRICAL_SURFACE('',#4040,1.35);
#100=CYLINDRICAL_SURFACE('',#4056,0.9);
#101=CYLINDRICAL_SURFACE('',#4060,0.6);
#102=CYLINDRICAL_SURFACE('',#4063,0.6);
#103=CYLINDRICAL_SURFACE('',#4066,0.6);
#104=CYLINDRICAL_SURFACE('',#4069,0.6);
#105=CYLINDRICAL_SURFACE('',#4072,0.6);
#106=CYLINDRICAL_SURFACE('',#4081,0.6);
#107=CYLINDRICAL_SURFACE('',#4084,0.6);
#108=CYLINDRICAL_SURFACE('',#4087,0.6);
#109=CYLINDRICAL_SURFACE('',#4090,0.6);
#110=CYLINDRICAL_SURFACE('',#4093,0.6);
#111=CYLINDRICAL_SURFACE('',#4118,0.93875);
#112=CYLINDRICAL_SURFACE('',#4120,1.33875);
#113=CYLINDRICAL_SURFACE('',#4125,0.41);
#114=CYLINDRICAL_SURFACE('',#4128,0.41);
#115=CYLINDRICAL_SURFACE('',#4131,0.41);
#116=CYLINDRICAL_SURFACE('',#4134,0.00999999999999997);
#117=CYLINDRICAL_SURFACE('',#4137,0.81);
#118=CYLINDRICAL_SURFACE('',#4140,0.00999999999999997);
#119=CYLINDRICAL_SURFACE('',#4152,0.9);
#120=CYLINDRICAL_SURFACE('',#4153,0.5);
#121=CYLINDRICAL_SURFACE('',#4169,1.15);
#122=CYLINDRICAL_SURFACE('',#4171,1.15);
#123=CYLINDRICAL_SURFACE('',#4184,0.35);
#124=CYLINDRICAL_SURFACE('',#4185,0.35);
#125=CYLINDRICAL_SURFACE('',#4199,0.94);
#126=CYLINDRICAL_SURFACE('',#4202,1.34);
#127=CYLINDRICAL_SURFACE('',#4204,1.4);
#128=CYLINDRICAL_SURFACE('',#4207,1.);
#129=CYLINDRICAL_SURFACE('',#4210,1.);
#130=CYLINDRICAL_SURFACE('',#4216,1.4);
#131=CYLINDRICAL_SURFACE('',#4219,0.6);
#132=CYLINDRICAL_SURFACE('',#4222,1.);
#133=CYLINDRICAL_SURFACE('',#4233,0.9);
#134=CYLINDRICAL_SURFACE('',#4234,0.5);
#135=CYLINDRICAL_SURFACE('',#4272,0.6);
#136=CYLINDRICAL_SURFACE('',#4273,0.6);
#137=CYLINDRICAL_SURFACE('',#4274,0.6);
#138=CYLINDRICAL_SURFACE('',#4275,0.6);
#139=CYLINDRICAL_SURFACE('',#4276,0.6);
#140=CYLINDRICAL_SURFACE('',#4286,0.75);
#141=CYLINDRICAL_SURFACE('',#4287,0.75);
#142=CYLINDRICAL_SURFACE('',#4288,0.75);
#143=B_SPLINE_CURVE_WITH_KNOTS('',3,(#5437,#5438,#5439,#5440),
 .UNSPECIFIED.,.F.,.F.,(4,4),(2.16840434497101E-19,0.00102526699101267),
 .UNSPECIFIED.);
#144=B_SPLINE_CURVE_WITH_KNOTS('',3,(#5444,#5445,#5446,#5447),
 .UNSPECIFIED.,.F.,.F.,(4,4),(2.16840434497101E-19,0.00102527771059628),
 .UNSPECIFIED.);
#145=B_SPLINE_CURVE_WITH_KNOTS('',3,(#5461,#5462,#5463,#5464),
 .UNSPECIFIED.,.F.,.F.,(4,4),(3.65933918672991E-19,0.000240671666046337),
 .UNSPECIFIED.);
#146=B_SPLINE_CURVE_WITH_KNOTS('',3,(#5476,#5477,#5478,#5479),
 .UNSPECIFIED.,.F.,.F.,(4,4),(0.,0.0002406716660463),.UNSPECIFIED.);
#147=B_SPLINE_CURVE_WITH_KNOTS('',3,(#5481,#5482,#5483,#5484),
 .UNSPECIFIED.,.F.,.F.,(4,4),(0.,7.89461848001962E-5),.UNSPECIFIED.);
#148=B_SPLINE_CURVE_WITH_KNOTS('',3,(#5488,#5489,#5490,#5491),
 .UNSPECIFIED.,.F.,.F.,(4,4),(5.42101086242752E-20,7.89461848001714E-5),
 .UNSPECIFIED.);
#149=B_SPLINE_CURVE_WITH_KNOTS('',3,(#5500,#5501,#5502,#5503),
 .UNSPECIFIED.,.F.,.F.,(4,4),(2.00341403184532E-7,0.000602507745816337),
 .UNSPECIFIED.);
#150=B_SPLINE_CURVE_WITH_KNOTS('',3,(#5505,#5506,#5507,#5508),
 .UNSPECIFIED.,.F.,.F.,(4,4),(2.97254142750141E-7,0.000602896571080477),
 .UNSPECIFIED.);
#151=B_SPLINE_CURVE_WITH_KNOTS('',3,(#5511,#5512,#5513,#5514),
 .UNSPECIFIED.,.F.,.F.,(4,4),(0.,0.00475628594048909),.UNSPECIFIED.);
#152=B_SPLINE_CURVE_WITH_KNOTS('',3,(#5515,#5516,#5517,#5518),
 .UNSPECIFIED.,.F.,.F.,(4,4),(2.6638453342705E-17,0.00475550022855109),
 .UNSPECIFIED.);
#153=B_SPLINE_CURVE_WITH_KNOTS('',3,(#5814,#5815,#5816,#5817),
 .UNSPECIFIED.,.F.,.F.,(4,4),(0.,0.00501355711891384),.UNSPECIFIED.);
#154=B_SPLINE_CURVE_WITH_KNOTS('',3,(#5818,#5819,#5820,#5821),
 .UNSPECIFIED.,.F.,.F.,(4,4),(0.,0.00501437660338603),.UNSPECIFIED.);
#155=B_SPLINE_CURVE_WITH_KNOTS('',3,(#6085,#6086,#6087,#6088),
 .UNSPECIFIED.,.F.,.F.,(4,4),(3.14159265358979,4.71238898038469),
 .UNSPECIFIED.);
#156=B_SPLINE_CURVE_WITH_KNOTS('',3,(#6089,#6090,#6091,#6092),
 .UNSPECIFIED.,.F.,.F.,(4,4),(3.14159265358979,4.71238898038469),
 .UNSPECIFIED.);
#157=B_SPLINE_CURVE_WITH_KNOTS('',3,(#6113,#6114,#6115,#6116),
 .UNSPECIFIED.,.F.,.F.,(4,4),(1.5707963267949,3.14159265358979),
 .UNSPECIFIED.);
#158=B_SPLINE_CURVE_WITH_KNOTS('',3,(#6117,#6118,#6119,#6120),
 .UNSPECIFIED.,.F.,.F.,(4,4),(1.5707963267949,3.14159265358979),
 .UNSPECIFIED.);
#159=B_SPLINE_CURVE_WITH_KNOTS('',3,(#6196,#6197,#6198,#6199),
 .UNSPECIFIED.,.F.,.F.,(4,4),(0.,0.000412784466563118),.UNSPECIFIED.);
#160=B_SPLINE_CURVE_WITH_KNOTS('',3,(#6201,#6202,#6203,#6204),
 .UNSPECIFIED.,.F.,.F.,(4,4),(0.,0.000146616742573363),.UNSPECIFIED.);
#161=B_SPLINE_CURVE_WITH_KNOTS('',3,(#6417,#6418,#6419,#6420),
 .UNSPECIFIED.,.F.,.F.,(4,4),(3.14159265358979,4.71238898038469),
 .UNSPECIFIED.);
#162=B_SPLINE_CURVE_WITH_KNOTS('',3,(#6421,#6422,#6423,#6424),
 .UNSPECIFIED.,.F.,.F.,(4,4),(3.14159265358979,4.71238898038469),
 .UNSPECIFIED.);
#163=B_SPLINE_CURVE_WITH_KNOTS('',3,(#6445,#6446,#6447,#6448),
 .UNSPECIFIED.,.F.,.F.,(4,4),(1.5707963267949,3.14159265358979),
 .UNSPECIFIED.);
#164=B_SPLINE_CURVE_WITH_KNOTS('',3,(#6449,#6450,#6451,#6452),
 .UNSPECIFIED.,.F.,.F.,(4,4),(1.5707963267949,3.14159265358979),
 .UNSPECIFIED.);
#165=ELLIPSE('',#3980,1.36062243137658,1.27791846459594);
#166=ELLIPSE('',#3982,1.42743224170756,1.28585186284822);
#167=ELLIPSE('',#3984,1.42743224170756,1.28585186284822);
#168=ELLIPSE('',#3986,0.992125762394924,0.903272302311237);
#169=ELLIPSE('',#3988,0.910533921786671,0.824536960599042);
#170=ELLIPSE('',#4158,0.47762432936357,0.35);
#171=ELLIPSE('',#4161,0.514364662391537,0.35);
#172=ELLIPSE('',#4167,0.514364662391537,0.35);
#173=ELLIPSE('',#4168,0.514364662391537,0.35);
#174=ELLIPSE('',#4170,1.56933708219459,1.15);
#175=ELLIPSE('',#4172,1.56933708219459,1.15);
#176=CIRCLE('',#3971,0.6);
#177=CIRCLE('',#3972,0.6);
#178=CIRCLE('',#3973,0.6);
#179=CIRCLE('',#3974,0.6);
#180=CIRCLE('',#3975,0.6);
#181=CIRCLE('',#3976,0.75);
#182=CIRCLE('',#3977,0.75);
#183=CIRCLE('',#3978,0.75);
#184=CIRCLE('',#3983,1.65);
#185=CIRCLE('',#3991,0.75);
#186=CIRCLE('',#3994,0.75);
#187=CIRCLE('',#3995,1.35);
#188=CIRCLE('',#3996,0.75);
#189=CIRCLE('',#3997,0.6);
#190=CIRCLE('',#3998,0.6);
#191=CIRCLE('',#4003,0.6);
#192=CIRCLE('',#4004,0.6);
#193=CIRCLE('',#4005,1.15);
#194=CIRCLE('',#4006,0.75);
#195=CIRCLE('',#4008,0.75);
#196=CIRCLE('',#4019,0.749999999999944);
#197=CIRCLE('',#4027,1.14999999999999);
#198=CIRCLE('',#4033,0.749999999999977);
#199=CIRCLE('',#4038,0.75);
#200=CIRCLE('',#4041,1.35);
#201=CIRCLE('',#4049,0.899999999999999);
#202=CIRCLE('',#4051,0.6);
#203=CIRCLE('',#4052,0.9);
#204=CIRCLE('',#4061,0.6);
#205=CIRCLE('',#4064,0.6);
#206=CIRCLE('',#4067,0.6);
#207=CIRCLE('',#4070,0.6);
#208=CIRCLE('',#4073,0.6);
#209=CIRCLE('',#4082,0.6);
#210=CIRCLE('',#4085,0.6);
#211=CIRCLE('',#4088,0.6);
#212=CIRCLE('',#4091,0.6);
#213=CIRCLE('',#4094,0.6);
#214=CIRCLE('',#4112,1.33875);
#215=CIRCLE('',#4113,0.93875);
#216=CIRCLE('',#4116,0.93875);
#217=CIRCLE('',#4117,1.33875);
#218=CIRCLE('',#4126,0.41);
#219=CIRCLE('',#4127,0.41);
#220=CIRCLE('',#4129,0.41);
#221=CIRCLE('',#4130,0.41);
#222=CIRCLE('',#4132,0.41);
#223=CIRCLE('',#4133,0.41);
#224=CIRCLE('',#4135,0.00999999999999997);
#225=CIRCLE('',#4136,0.00999999999999997);
#226=CIRCLE('',#4138,0.81);
#227=CIRCLE('',#4139,0.81);
#228=CIRCLE('',#4141,0.00999999999999997);
#229=CIRCLE('',#4142,0.00999999999999997);
#230=CIRCLE('',#4145,0.9);
#231=CIRCLE('',#4146,0.5);
#232=CIRCLE('',#4149,0.5);
#233=CIRCLE('',#4150,0.9);
#234=CIRCLE('',#4160,1.15);
#235=CIRCLE('',#4162,1.15);
#236=CIRCLE('',#4166,1.15);
#237=CIRCLE('',#4192,1.34);
#238=CIRCLE('',#4193,0.94);
#239=CIRCLE('',#4196,0.94);
#240=CIRCLE('',#4197,1.34);
#241=CIRCLE('',#4205,1.4);
#242=CIRCLE('',#4206,1.4);
#243=CIRCLE('',#4208,1.);
#244=CIRCLE('',#4209,1.);
#245=CIRCLE('',#4211,1.);
#246=CIRCLE('',#4212,1.);
#247=CIRCLE('',#4217,1.4);
#248=CIRCLE('',#4218,1.4);
#249=CIRCLE('',#4220,0.6);
#250=CIRCLE('',#4221,0.6);
#251=CIRCLE('',#4223,1.);
#252=CIRCLE('',#4224,1.);
#253=CIRCLE('',#4227,0.5);
#254=CIRCLE('',#4228,0.9);
#255=CIRCLE('',#4231,0.9);
#256=CIRCLE('',#4232,0.5);
#257=CIRCLE('',#4241,0.75);
#258=CIRCLE('',#4242,0.75);
#259=CIRCLE('',#4243,0.75);
#260=CIRCLE('',#4244,0.6);
#261=CIRCLE('',#4245,0.6);
#262=CIRCLE('',#4246,0.6);
#263=CIRCLE('',#4247,0.6);
#264=CIRCLE('',#4248,0.6);
#265=CIRCLE('',#4251,0.6);
#266=CIRCLE('',#4252,0.6);
#267=CIRCLE('',#4253,0.75);
#268=CIRCLE('',#4254,0.75);
#269=CIRCLE('',#4255,0.75);
#270=CIRCLE('',#4256,0.6);
#271=CIRCLE('',#4257,0.6);
#272=CIRCLE('',#4258,0.6);
#273=ORIENTED_EDGE('',*,*,#1343,.T.);
#274=ORIENTED_EDGE('',*,*,#1344,.T.);
#275=ORIENTED_EDGE('',*,*,#1345,.T.);
#276=ORIENTED_EDGE('',*,*,#1346,.T.);
#277=ORIENTED_EDGE('',*,*,#1347,.T.);
#278=ORIENTED_EDGE('',*,*,#1348,.T.);
#279=ORIENTED_EDGE('',*,*,#1349,.T.);
#280=ORIENTED_EDGE('',*,*,#1350,.T.);
#281=ORIENTED_EDGE('',*,*,#1351,.T.);
#282=ORIENTED_EDGE('',*,*,#1352,.T.);
#283=ORIENTED_EDGE('',*,*,#1353,.F.);
#284=ORIENTED_EDGE('',*,*,#1354,.T.);
#285=ORIENTED_EDGE('',*,*,#1355,.F.);
#286=ORIENTED_EDGE('',*,*,#1356,.T.);
#287=ORIENTED_EDGE('',*,*,#1357,.F.);
#288=ORIENTED_EDGE('',*,*,#1358,.F.);
#289=ORIENTED_EDGE('',*,*,#1359,.F.);
#290=ORIENTED_EDGE('',*,*,#1360,.F.);
#291=ORIENTED_EDGE('',*,*,#1361,.F.);
#292=ORIENTED_EDGE('',*,*,#1362,.F.);
#293=ORIENTED_EDGE('',*,*,#1363,.F.);
#294=ORIENTED_EDGE('',*,*,#1364,.F.);
#295=ORIENTED_EDGE('',*,*,#1365,.F.);
#296=ORIENTED_EDGE('',*,*,#1366,.F.);
#297=ORIENTED_EDGE('',*,*,#1367,.F.);
#298=ORIENTED_EDGE('',*,*,#1368,.F.);
#299=ORIENTED_EDGE('',*,*,#1369,.T.);
#300=ORIENTED_EDGE('',*,*,#1370,.F.);
#301=ORIENTED_EDGE('',*,*,#1371,.T.);
#302=ORIENTED_EDGE('',*,*,#1372,.T.);
#303=ORIENTED_EDGE('',*,*,#1353,.T.);
#304=ORIENTED_EDGE('',*,*,#1373,.F.);
#305=ORIENTED_EDGE('',*,*,#1374,.T.);
#306=ORIENTED_EDGE('',*,*,#1375,.T.);
#307=ORIENTED_EDGE('',*,*,#1370,.T.);
#308=ORIENTED_EDGE('',*,*,#1376,.T.);
#309=ORIENTED_EDGE('',*,*,#1377,.F.);
#310=ORIENTED_EDGE('',*,*,#1378,.T.);
#311=ORIENTED_EDGE('',*,*,#1379,.F.);
#312=ORIENTED_EDGE('',*,*,#1380,.T.);
#313=ORIENTED_EDGE('',*,*,#1381,.T.);
#314=ORIENTED_EDGE('',*,*,#1382,.T.);
#315=ORIENTED_EDGE('',*,*,#1383,.T.);
#316=ORIENTED_EDGE('',*,*,#1384,.T.);
#317=ORIENTED_EDGE('',*,*,#1385,.T.);
#318=ORIENTED_EDGE('',*,*,#1386,.T.);
#319=ORIENTED_EDGE('',*,*,#1387,.T.);
#320=ORIENTED_EDGE('',*,*,#1388,.T.);
#321=ORIENTED_EDGE('',*,*,#1389,.F.);
#322=ORIENTED_EDGE('',*,*,#1390,.T.);
#323=ORIENTED_EDGE('',*,*,#1355,.T.);
#324=ORIENTED_EDGE('',*,*,#1391,.T.);
#325=ORIENTED_EDGE('',*,*,#1392,.F.);
#326=ORIENTED_EDGE('',*,*,#1393,.T.);
#327=ORIENTED_EDGE('',*,*,#1394,.F.);
#328=ORIENTED_EDGE('',*,*,#1395,.F.);
#329=ORIENTED_EDGE('',*,*,#1396,.T.);
#330=ORIENTED_EDGE('',*,*,#1397,.T.);
#331=ORIENTED_EDGE('',*,*,#1398,.F.);
#332=ORIENTED_EDGE('',*,*,#1399,.T.);
#333=ORIENTED_EDGE('',*,*,#1394,.T.);
#334=ORIENTED_EDGE('',*,*,#1400,.T.);
#335=ORIENTED_EDGE('',*,*,#1401,.F.);
#336=ORIENTED_EDGE('',*,*,#1402,.T.);
#337=ORIENTED_EDGE('',*,*,#1398,.T.);
#338=ORIENTED_EDGE('',*,*,#1403,.T.);
#339=ORIENTED_EDGE('',*,*,#1404,.F.);
#340=ORIENTED_EDGE('',*,*,#1405,.F.);
#341=ORIENTED_EDGE('',*,*,#1406,.F.);
#342=ORIENTED_EDGE('',*,*,#1382,.F.);
#343=ORIENTED_EDGE('',*,*,#1407,.T.);
#344=ORIENTED_EDGE('',*,*,#1391,.F.);
#345=ORIENTED_EDGE('',*,*,#1354,.F.);
#346=ORIENTED_EDGE('',*,*,#1388,.F.);
#347=ORIENTED_EDGE('',*,*,#1408,.T.);
#348=ORIENTED_EDGE('',*,*,#1380,.F.);
#349=ORIENTED_EDGE('',*,*,#1409,.F.);
#350=ORIENTED_EDGE('',*,*,#1385,.F.);
#351=ORIENTED_EDGE('',*,*,#1410,.T.);
#352=ORIENTED_EDGE('',*,*,#1392,.T.);
#353=ORIENTED_EDGE('',*,*,#1411,.T.);
#354=ORIENTED_EDGE('',*,*,#1412,.T.);
#355=ORIENTED_EDGE('',*,*,#1413,.T.);
#356=ORIENTED_EDGE('',*,*,#1414,.T.);
#357=ORIENTED_EDGE('',*,*,#1389,.T.);
#358=ORIENTED_EDGE('',*,*,#1409,.T.);
#359=ORIENTED_EDGE('',*,*,#1379,.T.);
#360=ORIENTED_EDGE('',*,*,#1415,.F.);
#361=ORIENTED_EDGE('',*,*,#1403,.F.);
#362=ORIENTED_EDGE('',*,*,#1397,.F.);
#363=ORIENTED_EDGE('',*,*,#1416,.F.);
#364=ORIENTED_EDGE('',*,*,#1417,.F.);
#365=ORIENTED_EDGE('',*,*,#1418,.F.);
#366=ORIENTED_EDGE('',*,*,#1419,.F.);
#367=ORIENTED_EDGE('',*,*,#1420,.F.);
#368=ORIENTED_EDGE('',*,*,#1421,.F.);
#369=ORIENTED_EDGE('',*,*,#1422,.T.);
#370=ORIENTED_EDGE('',*,*,#1423,.T.);
#371=ORIENTED_EDGE('',*,*,#1424,.T.);
#372=ORIENTED_EDGE('',*,*,#1425,.T.);
#373=ORIENTED_EDGE('',*,*,#1426,.T.);
#374=ORIENTED_EDGE('',*,*,#1427,.F.);
#375=ORIENTED_EDGE('',*,*,#1428,.T.);
#376=ORIENTED_EDGE('',*,*,#1429,.F.);
#377=ORIENTED_EDGE('',*,*,#1430,.F.);
#378=ORIENTED_EDGE('',*,*,#1363,.T.);
#379=ORIENTED_EDGE('',*,*,#1431,.T.);
#380=ORIENTED_EDGE('',*,*,#1432,.T.);
#381=ORIENTED_EDGE('',*,*,#1426,.F.);
#382=ORIENTED_EDGE('',*,*,#1362,.T.);
#383=ORIENTED_EDGE('',*,*,#1433,.T.);
#384=ORIENTED_EDGE('',*,*,#1434,.T.);
#385=ORIENTED_EDGE('',*,*,#1431,.F.);
#386=ORIENTED_EDGE('',*,*,#1361,.T.);
#387=ORIENTED_EDGE('',*,*,#1435,.F.);
#388=ORIENTED_EDGE('',*,*,#1436,.F.);
#389=ORIENTED_EDGE('',*,*,#1429,.T.);
#390=ORIENTED_EDGE('',*,*,#1437,.T.);
#391=ORIENTED_EDGE('',*,*,#1438,.F.);
#392=ORIENTED_EDGE('',*,*,#1439,.F.);
#393=ORIENTED_EDGE('',*,*,#1440,.F.);
#394=ORIENTED_EDGE('',*,*,#1441,.F.);
#395=ORIENTED_EDGE('',*,*,#1442,.F.);
#396=ORIENTED_EDGE('',*,*,#1443,.F.);
#397=ORIENTED_EDGE('',*,*,#1444,.F.);
#398=ORIENTED_EDGE('',*,*,#1445,.F.);
#399=ORIENTED_EDGE('',*,*,#1446,.F.);
#400=ORIENTED_EDGE('',*,*,#1447,.T.);
#401=ORIENTED_EDGE('',*,*,#1448,.T.);
#402=ORIENTED_EDGE('',*,*,#1449,.T.);
#403=ORIENTED_EDGE('',*,*,#1450,.T.);
#404=ORIENTED_EDGE('',*,*,#1451,.T.);
#405=ORIENTED_EDGE('',*,*,#1452,.T.);
#406=ORIENTED_EDGE('',*,*,#1453,.F.);
#407=ORIENTED_EDGE('',*,*,#1454,.T.);
#408=ORIENTED_EDGE('',*,*,#1455,.F.);
#409=ORIENTED_EDGE('',*,*,#1456,.F.);
#410=ORIENTED_EDGE('',*,*,#1457,.F.);
#411=ORIENTED_EDGE('',*,*,#1448,.F.);
#412=ORIENTED_EDGE('',*,*,#1458,.T.);
#413=ORIENTED_EDGE('',*,*,#1368,.T.);
#414=ORIENTED_EDGE('',*,*,#1459,.T.);
#415=ORIENTED_EDGE('',*,*,#1449,.F.);
#416=ORIENTED_EDGE('',*,*,#1459,.F.);
#417=ORIENTED_EDGE('',*,*,#1367,.T.);
#418=ORIENTED_EDGE('',*,*,#1460,.T.);
#419=ORIENTED_EDGE('',*,*,#1450,.F.);
#420=ORIENTED_EDGE('',*,*,#1460,.F.);
#421=ORIENTED_EDGE('',*,*,#1366,.T.);
#422=ORIENTED_EDGE('',*,*,#1461,.T.);
#423=ORIENTED_EDGE('',*,*,#1451,.F.);
#424=ORIENTED_EDGE('',*,*,#1461,.F.);
#425=ORIENTED_EDGE('',*,*,#1365,.T.);
#426=ORIENTED_EDGE('',*,*,#1462,.T.);
#427=ORIENTED_EDGE('',*,*,#1452,.F.);
#428=ORIENTED_EDGE('',*,*,#1462,.F.);
#429=ORIENTED_EDGE('',*,*,#1364,.T.);
#430=ORIENTED_EDGE('',*,*,#1430,.T.);
#431=ORIENTED_EDGE('',*,*,#1463,.F.);
#432=ORIENTED_EDGE('',*,*,#1464,.T.);
#433=ORIENTED_EDGE('',*,*,#1437,.F.);
#434=ORIENTED_EDGE('',*,*,#1428,.F.);
#435=ORIENTED_EDGE('',*,*,#1465,.F.);
#436=ORIENTED_EDGE('',*,*,#1433,.F.);
#437=ORIENTED_EDGE('',*,*,#1360,.T.);
#438=ORIENTED_EDGE('',*,*,#1466,.T.);
#439=ORIENTED_EDGE('',*,*,#1467,.T.);
#440=ORIENTED_EDGE('',*,*,#1468,.T.);
#441=ORIENTED_EDGE('',*,*,#1412,.F.);
#442=ORIENTED_EDGE('',*,*,#1469,.F.);
#443=ORIENTED_EDGE('',*,*,#1470,.F.);
#444=ORIENTED_EDGE('',*,*,#1471,.T.);
#445=ORIENTED_EDGE('',*,*,#1454,.F.);
#446=ORIENTED_EDGE('',*,*,#1472,.F.);
#447=ORIENTED_EDGE('',*,*,#1473,.F.);
#448=ORIENTED_EDGE('',*,*,#1466,.F.);
#449=ORIENTED_EDGE('',*,*,#1359,.T.);
#450=ORIENTED_EDGE('',*,*,#1474,.T.);
#451=ORIENTED_EDGE('',*,*,#1475,.F.);
#452=ORIENTED_EDGE('',*,*,#1474,.F.);
#453=ORIENTED_EDGE('',*,*,#1358,.T.);
#454=ORIENTED_EDGE('',*,*,#1476,.T.);
#455=ORIENTED_EDGE('',*,*,#1477,.T.);
#456=ORIENTED_EDGE('',*,*,#1476,.F.);
#457=ORIENTED_EDGE('',*,*,#1357,.T.);
#458=ORIENTED_EDGE('',*,*,#1478,.T.);
#459=ORIENTED_EDGE('',*,*,#1413,.F.);
#460=ORIENTED_EDGE('',*,*,#1468,.F.);
#461=ORIENTED_EDGE('',*,*,#1479,.F.);
#462=ORIENTED_EDGE('',*,*,#1480,.F.);
#463=ORIENTED_EDGE('',*,*,#1376,.F.);
#464=ORIENTED_EDGE('',*,*,#1369,.F.);
#465=ORIENTED_EDGE('',*,*,#1458,.F.);
#466=ORIENTED_EDGE('',*,*,#1447,.F.);
#467=ORIENTED_EDGE('',*,*,#1356,.F.);
#468=ORIENTED_EDGE('',*,*,#1390,.F.);
#469=ORIENTED_EDGE('',*,*,#1414,.F.);
#470=ORIENTED_EDGE('',*,*,#1478,.F.);
#471=ORIENTED_EDGE('',*,*,#1479,.T.);
#472=ORIENTED_EDGE('',*,*,#1446,.T.);
#473=ORIENTED_EDGE('',*,*,#1481,.F.);
#474=ORIENTED_EDGE('',*,*,#1482,.F.);
#475=ORIENTED_EDGE('',*,*,#1445,.T.);
#476=ORIENTED_EDGE('',*,*,#1483,.F.);
#477=ORIENTED_EDGE('',*,*,#1484,.F.);
#478=ORIENTED_EDGE('',*,*,#1481,.T.);
#479=ORIENTED_EDGE('',*,*,#1444,.T.);
#480=ORIENTED_EDGE('',*,*,#1485,.F.);
#481=ORIENTED_EDGE('',*,*,#1486,.F.);
#482=ORIENTED_EDGE('',*,*,#1487,.F.);
#483=ORIENTED_EDGE('',*,*,#1483,.T.);
#484=ORIENTED_EDGE('',*,*,#1443,.T.);
#485=ORIENTED_EDGE('',*,*,#1488,.F.);
#486=ORIENTED_EDGE('',*,*,#1489,.F.);
#487=ORIENTED_EDGE('',*,*,#1485,.T.);
#488=ORIENTED_EDGE('',*,*,#1442,.T.);
#489=ORIENTED_EDGE('',*,*,#1490,.F.);
#490=ORIENTED_EDGE('',*,*,#1491,.F.);
#491=ORIENTED_EDGE('',*,*,#1488,.T.);
#492=ORIENTED_EDGE('',*,*,#1441,.T.);
#493=ORIENTED_EDGE('',*,*,#1492,.F.);
#494=ORIENTED_EDGE('',*,*,#1493,.F.);
#495=ORIENTED_EDGE('',*,*,#1494,.T.);
#496=ORIENTED_EDGE('',*,*,#1490,.T.);
#497=ORIENTED_EDGE('',*,*,#1440,.T.);
#498=ORIENTED_EDGE('',*,*,#1495,.F.);
#499=ORIENTED_EDGE('',*,*,#1496,.F.);
#500=ORIENTED_EDGE('',*,*,#1492,.T.);
#501=ORIENTED_EDGE('',*,*,#1439,.T.);
#502=ORIENTED_EDGE('',*,*,#1497,.F.);
#503=ORIENTED_EDGE('',*,*,#1498,.F.);
#504=ORIENTED_EDGE('',*,*,#1495,.T.);
#505=ORIENTED_EDGE('',*,*,#1438,.T.);
#506=ORIENTED_EDGE('',*,*,#1464,.F.);
#507=ORIENTED_EDGE('',*,*,#1499,.F.);
#508=ORIENTED_EDGE('',*,*,#1497,.T.);
#509=ORIENTED_EDGE('',*,*,#1453,.T.);
#510=ORIENTED_EDGE('',*,*,#1500,.F.);
#511=ORIENTED_EDGE('',*,*,#1501,.F.);
#512=ORIENTED_EDGE('',*,*,#1472,.T.);
#513=ORIENTED_EDGE('',*,*,#1457,.T.);
#514=ORIENTED_EDGE('',*,*,#1502,.F.);
#515=ORIENTED_EDGE('',*,*,#1503,.F.);
#516=ORIENTED_EDGE('',*,*,#1500,.T.);
#517=ORIENTED_EDGE('',*,*,#1456,.T.);
#518=ORIENTED_EDGE('',*,*,#1504,.F.);
#519=ORIENTED_EDGE('',*,*,#1505,.F.);
#520=ORIENTED_EDGE('',*,*,#1502,.T.);
#521=ORIENTED_EDGE('',*,*,#1455,.T.);
#522=ORIENTED_EDGE('',*,*,#1471,.F.);
#523=ORIENTED_EDGE('',*,*,#1506,.F.);
#524=ORIENTED_EDGE('',*,*,#1504,.T.);
#525=ORIENTED_EDGE('',*,*,#1419,.T.);
#526=ORIENTED_EDGE('',*,*,#1507,.F.);
#527=ORIENTED_EDGE('',*,*,#1508,.F.);
#528=ORIENTED_EDGE('',*,*,#1469,.T.);
#529=ORIENTED_EDGE('',*,*,#1418,.T.);
#530=ORIENTED_EDGE('',*,*,#1509,.F.);
#531=ORIENTED_EDGE('',*,*,#1510,.F.);
#532=ORIENTED_EDGE('',*,*,#1507,.T.);
#533=ORIENTED_EDGE('',*,*,#1417,.T.);
#534=ORIENTED_EDGE('',*,*,#1511,.F.);
#535=ORIENTED_EDGE('',*,*,#1512,.F.);
#536=ORIENTED_EDGE('',*,*,#1509,.T.);
#537=ORIENTED_EDGE('',*,*,#1416,.T.);
#538=ORIENTED_EDGE('',*,*,#1396,.F.);
#539=ORIENTED_EDGE('',*,*,#1513,.F.);
#540=ORIENTED_EDGE('',*,*,#1511,.T.);
#541=ORIENTED_EDGE('',*,*,#1415,.T.);
#542=ORIENTED_EDGE('',*,*,#1378,.F.);
#543=ORIENTED_EDGE('',*,*,#1514,.F.);
#544=ORIENTED_EDGE('',*,*,#1515,.T.);
#545=ORIENTED_EDGE('',*,*,#1516,.F.);
#546=ORIENTED_EDGE('',*,*,#1404,.T.);
#547=ORIENTED_EDGE('',*,*,#1517,.F.);
#548=ORIENTED_EDGE('',*,*,#1518,.F.);
#549=ORIENTED_EDGE('',*,*,#1516,.T.);
#550=ORIENTED_EDGE('',*,*,#1519,.F.);
#551=ORIENTED_EDGE('',*,*,#1489,.T.);
#552=ORIENTED_EDGE('',*,*,#1491,.T.);
#553=ORIENTED_EDGE('',*,*,#1519,.T.);
#554=ORIENTED_EDGE('',*,*,#1515,.F.);
#555=ORIENTED_EDGE('',*,*,#1520,.F.);
#556=ORIENTED_EDGE('',*,*,#1486,.T.);
#557=ORIENTED_EDGE('',*,*,#1514,.T.);
#558=ORIENTED_EDGE('',*,*,#1377,.T.);
#559=ORIENTED_EDGE('',*,*,#1480,.T.);
#560=ORIENTED_EDGE('',*,*,#1482,.T.);
#561=ORIENTED_EDGE('',*,*,#1484,.T.);
#562=ORIENTED_EDGE('',*,*,#1487,.T.);
#563=ORIENTED_EDGE('',*,*,#1520,.T.);
#564=ORIENTED_EDGE('',*,*,#1518,.T.);
#565=ORIENTED_EDGE('',*,*,#1521,.F.);
#566=ORIENTED_EDGE('',*,*,#1522,.F.);
#567=ORIENTED_EDGE('',*,*,#1405,.T.);
#568=ORIENTED_EDGE('',*,*,#1517,.T.);
#569=ORIENTED_EDGE('',*,*,#1494,.F.);
#570=ORIENTED_EDGE('',*,*,#1523,.F.);
#571=ORIENTED_EDGE('',*,*,#1521,.T.);
#572=ORIENTED_EDGE('',*,*,#1524,.T.);
#573=ORIENTED_EDGE('',*,*,#1525,.T.);
#574=ORIENTED_EDGE('',*,*,#1526,.T.);
#575=ORIENTED_EDGE('',*,*,#1527,.T.);
#576=ORIENTED_EDGE('',*,*,#1528,.T.);
#577=ORIENTED_EDGE('',*,*,#1406,.T.);
#578=ORIENTED_EDGE('',*,*,#1522,.T.);
#579=ORIENTED_EDGE('',*,*,#1523,.T.);
#580=ORIENTED_EDGE('',*,*,#1493,.T.);
#581=ORIENTED_EDGE('',*,*,#1496,.T.);
#582=ORIENTED_EDGE('',*,*,#1498,.T.);
#583=ORIENTED_EDGE('',*,*,#1499,.T.);
#584=ORIENTED_EDGE('',*,*,#1463,.T.);
#585=ORIENTED_EDGE('',*,*,#1501,.T.);
#586=ORIENTED_EDGE('',*,*,#1503,.T.);
#587=ORIENTED_EDGE('',*,*,#1505,.T.);
#588=ORIENTED_EDGE('',*,*,#1506,.T.);
#589=ORIENTED_EDGE('',*,*,#1470,.T.);
#590=ORIENTED_EDGE('',*,*,#1508,.T.);
#591=ORIENTED_EDGE('',*,*,#1510,.T.);
#592=ORIENTED_EDGE('',*,*,#1512,.T.);
#593=ORIENTED_EDGE('',*,*,#1513,.T.);
#594=ORIENTED_EDGE('',*,*,#1395,.T.);
#595=ORIENTED_EDGE('',*,*,#1529,.F.);
#596=ORIENTED_EDGE('',*,*,#1530,.F.);
#597=ORIENTED_EDGE('',*,*,#1531,.F.);
#598=ORIENTED_EDGE('',*,*,#1532,.F.);
#599=ORIENTED_EDGE('',*,*,#1533,.F.);
#600=ORIENTED_EDGE('',*,*,#1534,.F.);
#601=ORIENTED_EDGE('',*,*,#1535,.T.);
#602=ORIENTED_EDGE('',*,*,#1534,.T.);
#603=ORIENTED_EDGE('',*,*,#1536,.F.);
#604=ORIENTED_EDGE('',*,*,#1528,.F.);
#605=ORIENTED_EDGE('',*,*,#1530,.T.);
#606=ORIENTED_EDGE('',*,*,#1535,.F.);
#607=ORIENTED_EDGE('',*,*,#1527,.F.);
#608=ORIENTED_EDGE('',*,*,#1537,.T.);
#609=ORIENTED_EDGE('',*,*,#1531,.T.);
#610=ORIENTED_EDGE('',*,*,#1537,.F.);
#611=ORIENTED_EDGE('',*,*,#1526,.F.);
#612=ORIENTED_EDGE('',*,*,#1538,.T.);
#613=ORIENTED_EDGE('',*,*,#1532,.T.);
#614=ORIENTED_EDGE('',*,*,#1538,.F.);
#615=ORIENTED_EDGE('',*,*,#1525,.F.);
#616=ORIENTED_EDGE('',*,*,#1539,.T.);
#617=ORIENTED_EDGE('',*,*,#1533,.T.);
#618=ORIENTED_EDGE('',*,*,#1539,.F.);
#619=ORIENTED_EDGE('',*,*,#1524,.F.);
#620=ORIENTED_EDGE('',*,*,#1536,.T.);
#621=ORIENTED_EDGE('',*,*,#1432,.F.);
#622=ORIENTED_EDGE('',*,*,#1434,.F.);
#623=ORIENTED_EDGE('',*,*,#1465,.T.);
#624=ORIENTED_EDGE('',*,*,#1427,.T.);
#625=ORIENTED_EDGE('',*,*,#1475,.T.);
#626=ORIENTED_EDGE('',*,*,#1477,.F.);
#627=ORIENTED_EDGE('',*,*,#1467,.F.);
#628=ORIENTED_EDGE('',*,*,#1473,.T.);
#629=ORIENTED_EDGE('',*,*,#1540,.T.);
#630=ORIENTED_EDGE('',*,*,#1436,.T.);
#631=ORIENTED_EDGE('',*,*,#1540,.F.);
#632=ORIENTED_EDGE('',*,*,#1541,.T.);
#633=ORIENTED_EDGE('',*,*,#1435,.T.);
#634=ORIENTED_EDGE('',*,*,#1541,.F.);
#635=ORIENTED_EDGE('',*,*,#1542,.T.);
#636=ORIENTED_EDGE('',*,*,#1529,.T.);
#637=ORIENTED_EDGE('',*,*,#1542,.F.);
#638=ORIENTED_EDGE('',*,*,#1543,.T.);
#639=ORIENTED_EDGE('',*,*,#1420,.T.);
#640=ORIENTED_EDGE('',*,*,#1543,.F.);
#641=ORIENTED_EDGE('',*,*,#1544,.T.);
#642=ORIENTED_EDGE('',*,*,#1421,.T.);
#643=ORIENTED_EDGE('',*,*,#1544,.F.);
#644=ORIENTED_EDGE('',*,*,#1423,.F.);
#645=ORIENTED_EDGE('',*,*,#1545,.F.);
#646=ORIENTED_EDGE('',*,*,#1546,.T.);
#647=ORIENTED_EDGE('',*,*,#1547,.T.);
#648=ORIENTED_EDGE('',*,*,#1424,.F.);
#649=ORIENTED_EDGE('',*,*,#1547,.F.);
#650=ORIENTED_EDGE('',*,*,#1548,.T.);
#651=ORIENTED_EDGE('',*,*,#1549,.T.);
#652=ORIENTED_EDGE('',*,*,#1425,.F.);
#653=ORIENTED_EDGE('',*,*,#1549,.F.);
#654=ORIENTED_EDGE('',*,*,#1550,.T.);
#655=ORIENTED_EDGE('',*,*,#1551,.T.);
#656=ORIENTED_EDGE('',*,*,#1422,.F.);
#657=ORIENTED_EDGE('',*,*,#1551,.F.);
#658=ORIENTED_EDGE('',*,*,#1552,.T.);
#659=ORIENTED_EDGE('',*,*,#1545,.T.);
#660=ORIENTED_EDGE('',*,*,#1546,.F.);
#661=ORIENTED_EDGE('',*,*,#1552,.F.);
#662=ORIENTED_EDGE('',*,*,#1550,.F.);
#663=ORIENTED_EDGE('',*,*,#1548,.F.);
#664=ORIENTED_EDGE('',*,*,#1401,.T.);
#665=ORIENTED_EDGE('',*,*,#1553,.T.);
#666=ORIENTED_EDGE('',*,*,#1383,.F.);
#667=ORIENTED_EDGE('',*,*,#1407,.F.);
#668=ORIENTED_EDGE('',*,*,#1381,.F.);
#669=ORIENTED_EDGE('',*,*,#1408,.F.);
#670=ORIENTED_EDGE('',*,*,#1387,.F.);
#671=ORIENTED_EDGE('',*,*,#1554,.T.);
#672=ORIENTED_EDGE('',*,*,#1402,.F.);
#673=ORIENTED_EDGE('',*,*,#1554,.F.);
#674=ORIENTED_EDGE('',*,*,#1386,.F.);
#675=ORIENTED_EDGE('',*,*,#1411,.F.);
#676=ORIENTED_EDGE('',*,*,#1399,.F.);
#677=ORIENTED_EDGE('',*,*,#1384,.F.);
#678=ORIENTED_EDGE('',*,*,#1553,.F.);
#679=ORIENTED_EDGE('',*,*,#1400,.F.);
#680=ORIENTED_EDGE('',*,*,#1393,.F.);
#681=ORIENTED_EDGE('',*,*,#1410,.F.);
#682=ORIENTED_EDGE('',*,*,#1555,.T.);
#683=ORIENTED_EDGE('',*,*,#1349,.F.);
#684=ORIENTED_EDGE('',*,*,#1555,.F.);
#685=ORIENTED_EDGE('',*,*,#1556,.T.);
#686=ORIENTED_EDGE('',*,*,#1348,.F.);
#687=ORIENTED_EDGE('',*,*,#1556,.F.);
#688=ORIENTED_EDGE('',*,*,#1557,.T.);
#689=ORIENTED_EDGE('',*,*,#1350,.F.);
#690=ORIENTED_EDGE('',*,*,#1557,.F.);
#691=ORIENTED_EDGE('',*,*,#1558,.T.);
#692=ORIENTED_EDGE('',*,*,#1347,.F.);
#693=ORIENTED_EDGE('',*,*,#1558,.F.);
#694=ORIENTED_EDGE('',*,*,#1559,.T.);
#695=ORIENTED_EDGE('',*,*,#1351,.F.);
#696=ORIENTED_EDGE('',*,*,#1559,.F.);
#697=ORIENTED_EDGE('',*,*,#1343,.F.);
#698=ORIENTED_EDGE('',*,*,#1560,.T.);
#699=ORIENTED_EDGE('',*,*,#1561,.T.);
#700=ORIENTED_EDGE('',*,*,#1562,.T.);
#701=ORIENTED_EDGE('',*,*,#1344,.F.);
#702=ORIENTED_EDGE('',*,*,#1562,.F.);
#703=ORIENTED_EDGE('',*,*,#1563,.T.);
#704=ORIENTED_EDGE('',*,*,#1564,.T.);
#705=ORIENTED_EDGE('',*,*,#1565,.T.);
#706=ORIENTED_EDGE('',*,*,#1566,.T.);
#707=ORIENTED_EDGE('',*,*,#1345,.F.);
#708=ORIENTED_EDGE('',*,*,#1564,.F.);
#709=ORIENTED_EDGE('',*,*,#1561,.F.);
#710=ORIENTED_EDGE('',*,*,#1567,.T.);
#711=ORIENTED_EDGE('',*,*,#1565,.F.);
#712=ORIENTED_EDGE('',*,*,#1563,.F.);
#713=ORIENTED_EDGE('',*,*,#1352,.F.);
#714=ORIENTED_EDGE('',*,*,#1568,.T.);
#715=ORIENTED_EDGE('',*,*,#1569,.T.);
#716=ORIENTED_EDGE('',*,*,#1373,.T.);
#717=ORIENTED_EDGE('',*,*,#1570,.T.);
#718=ORIENTED_EDGE('',*,*,#1571,.T.);
#719=ORIENTED_EDGE('',*,*,#1371,.F.);
#720=ORIENTED_EDGE('',*,*,#1375,.F.);
#721=ORIENTED_EDGE('',*,*,#1569,.F.);
#722=ORIENTED_EDGE('',*,*,#1572,.T.);
#723=ORIENTED_EDGE('',*,*,#1570,.F.);
#724=ORIENTED_EDGE('',*,*,#1374,.F.);
#725=ORIENTED_EDGE('',*,*,#1566,.F.);
#726=ORIENTED_EDGE('',*,*,#1567,.F.);
#727=ORIENTED_EDGE('',*,*,#1560,.F.);
#728=ORIENTED_EDGE('',*,*,#1346,.F.);
#729=ORIENTED_EDGE('',*,*,#1571,.F.);
#730=ORIENTED_EDGE('',*,*,#1572,.F.);
#731=ORIENTED_EDGE('',*,*,#1568,.F.);
#732=ORIENTED_EDGE('',*,*,#1372,.F.);
#733=ORIENTED_EDGE('',*,*,#1573,.F.);
#734=ORIENTED_EDGE('',*,*,#1574,.F.);
#735=ORIENTED_EDGE('',*,*,#1575,.F.);
#736=ORIENTED_EDGE('',*,*,#1576,.F.);
#737=ORIENTED_EDGE('',*,*,#1577,.F.);
#738=ORIENTED_EDGE('',*,*,#1578,.T.);
#739=ORIENTED_EDGE('',*,*,#1579,.F.);
#740=ORIENTED_EDGE('',*,*,#1580,.T.);
#741=ORIENTED_EDGE('',*,*,#1581,.T.);
#742=ORIENTED_EDGE('',*,*,#1582,.T.);
#743=ORIENTED_EDGE('',*,*,#1583,.F.);
#744=ORIENTED_EDGE('',*,*,#1584,.T.);
#745=ORIENTED_EDGE('',*,*,#1585,.T.);
#746=ORIENTED_EDGE('',*,*,#1581,.F.);
#747=ORIENTED_EDGE('',*,*,#1586,.T.);
#748=ORIENTED_EDGE('',*,*,#1587,.T.);
#749=ORIENTED_EDGE('',*,*,#1588,.F.);
#750=ORIENTED_EDGE('',*,*,#1579,.T.);
#751=ORIENTED_EDGE('',*,*,#1589,.F.);
#752=ORIENTED_EDGE('',*,*,#1573,.T.);
#753=ORIENTED_EDGE('',*,*,#1590,.T.);
#754=ORIENTED_EDGE('',*,*,#1575,.T.);
#755=ORIENTED_EDGE('',*,*,#1591,.T.);
#756=ORIENTED_EDGE('',*,*,#1577,.T.);
#757=ORIENTED_EDGE('',*,*,#1592,.T.);
#758=ORIENTED_EDGE('',*,*,#1593,.F.);
#759=ORIENTED_EDGE('',*,*,#1594,.F.);
#760=ORIENTED_EDGE('',*,*,#1583,.T.);
#761=ORIENTED_EDGE('',*,*,#1595,.T.);
#762=ORIENTED_EDGE('',*,*,#1596,.T.);
#763=ORIENTED_EDGE('',*,*,#1597,.T.);
#764=ORIENTED_EDGE('',*,*,#1598,.F.);
#765=ORIENTED_EDGE('',*,*,#1599,.F.);
#766=ORIENTED_EDGE('',*,*,#1586,.F.);
#767=ORIENTED_EDGE('',*,*,#1584,.F.);
#768=ORIENTED_EDGE('',*,*,#1594,.T.);
#769=ORIENTED_EDGE('',*,*,#1600,.T.);
#770=ORIENTED_EDGE('',*,*,#1601,.F.);
#771=ORIENTED_EDGE('',*,*,#1597,.F.);
#772=ORIENTED_EDGE('',*,*,#1602,.T.);
#773=ORIENTED_EDGE('',*,*,#1588,.T.);
#774=ORIENTED_EDGE('',*,*,#1603,.T.);
#775=ORIENTED_EDGE('',*,*,#1604,.T.);
#776=ORIENTED_EDGE('',*,*,#1600,.F.);
#777=ORIENTED_EDGE('',*,*,#1605,.F.);
#778=ORIENTED_EDGE('',*,*,#1606,.F.);
#779=ORIENTED_EDGE('',*,*,#1592,.F.);
#780=ORIENTED_EDGE('',*,*,#1580,.F.);
#781=ORIENTED_EDGE('',*,*,#1603,.F.);
#782=ORIENTED_EDGE('',*,*,#1587,.F.);
#783=ORIENTED_EDGE('',*,*,#1599,.T.);
#784=ORIENTED_EDGE('',*,*,#1607,.T.);
#785=ORIENTED_EDGE('',*,*,#1601,.T.);
#786=ORIENTED_EDGE('',*,*,#1604,.F.);
#787=ORIENTED_EDGE('',*,*,#1607,.F.);
#788=ORIENTED_EDGE('',*,*,#1598,.T.);
#789=ORIENTED_EDGE('',*,*,#1606,.T.);
#790=ORIENTED_EDGE('',*,*,#1608,.F.);
#791=ORIENTED_EDGE('',*,*,#1595,.F.);
#792=ORIENTED_EDGE('',*,*,#1593,.T.);
#793=ORIENTED_EDGE('',*,*,#1605,.T.);
#794=ORIENTED_EDGE('',*,*,#1602,.F.);
#795=ORIENTED_EDGE('',*,*,#1596,.F.);
#796=ORIENTED_EDGE('',*,*,#1608,.T.);
#797=ORIENTED_EDGE('',*,*,#1582,.F.);
#798=ORIENTED_EDGE('',*,*,#1585,.F.);
#799=ORIENTED_EDGE('',*,*,#1576,.T.);
#800=ORIENTED_EDGE('',*,*,#1590,.F.);
#801=ORIENTED_EDGE('',*,*,#1609,.T.);
#802=ORIENTED_EDGE('',*,*,#1610,.T.);
#803=ORIENTED_EDGE('',*,*,#1611,.F.);
#804=ORIENTED_EDGE('',*,*,#1612,.T.);
#805=ORIENTED_EDGE('',*,*,#1613,.T.);
#806=ORIENTED_EDGE('',*,*,#1614,.T.);
#807=ORIENTED_EDGE('',*,*,#1609,.F.);
#808=ORIENTED_EDGE('',*,*,#1615,.T.);
#809=ORIENTED_EDGE('',*,*,#1616,.F.);
#810=ORIENTED_EDGE('',*,*,#1617,.T.);
#811=ORIENTED_EDGE('',*,*,#1618,.T.);
#812=ORIENTED_EDGE('',*,*,#1617,.F.);
#813=ORIENTED_EDGE('',*,*,#1619,.F.);
#814=ORIENTED_EDGE('',*,*,#1620,.T.);
#815=ORIENTED_EDGE('',*,*,#1621,.T.);
#816=ORIENTED_EDGE('',*,*,#1620,.F.);
#817=ORIENTED_EDGE('',*,*,#1622,.F.);
#818=ORIENTED_EDGE('',*,*,#1623,.T.);
#819=ORIENTED_EDGE('',*,*,#1624,.T.);
#820=ORIENTED_EDGE('',*,*,#1623,.F.);
#821=ORIENTED_EDGE('',*,*,#1625,.F.);
#822=ORIENTED_EDGE('',*,*,#1626,.T.);
#823=ORIENTED_EDGE('',*,*,#1627,.F.);
#824=ORIENTED_EDGE('',*,*,#1628,.F.);
#825=ORIENTED_EDGE('',*,*,#1629,.T.);
#826=ORIENTED_EDGE('',*,*,#1630,.T.);
#827=ORIENTED_EDGE('',*,*,#1631,.F.);
#828=ORIENTED_EDGE('',*,*,#1630,.F.);
#829=ORIENTED_EDGE('',*,*,#1632,.T.);
#830=ORIENTED_EDGE('',*,*,#1633,.T.);
#831=ORIENTED_EDGE('',*,*,#1634,.F.);
#832=ORIENTED_EDGE('',*,*,#1633,.F.);
#833=ORIENTED_EDGE('',*,*,#1635,.T.);
#834=ORIENTED_EDGE('',*,*,#1636,.T.);
#835=ORIENTED_EDGE('',*,*,#1611,.T.);
#836=ORIENTED_EDGE('',*,*,#1637,.T.);
#837=ORIENTED_EDGE('',*,*,#1638,.F.);
#838=ORIENTED_EDGE('',*,*,#1636,.F.);
#839=ORIENTED_EDGE('',*,*,#1639,.T.);
#840=ORIENTED_EDGE('',*,*,#1640,.T.);
#841=ORIENTED_EDGE('',*,*,#1616,.T.);
#842=ORIENTED_EDGE('',*,*,#1641,.T.);
#843=ORIENTED_EDGE('',*,*,#1639,.F.);
#844=ORIENTED_EDGE('',*,*,#1635,.F.);
#845=ORIENTED_EDGE('',*,*,#1632,.F.);
#846=ORIENTED_EDGE('',*,*,#1629,.F.);
#847=ORIENTED_EDGE('',*,*,#1642,.F.);
#848=ORIENTED_EDGE('',*,*,#1643,.F.);
#849=ORIENTED_EDGE('',*,*,#1644,.F.);
#850=ORIENTED_EDGE('',*,*,#1645,.T.);
#851=ORIENTED_EDGE('',*,*,#1646,.T.);
#852=ORIENTED_EDGE('',*,*,#1625,.T.);
#853=ORIENTED_EDGE('',*,*,#1622,.T.);
#854=ORIENTED_EDGE('',*,*,#1619,.T.);
#855=ORIENTED_EDGE('',*,*,#1647,.T.);
#856=ORIENTED_EDGE('',*,*,#1626,.F.);
#857=ORIENTED_EDGE('',*,*,#1646,.F.);
#858=ORIENTED_EDGE('',*,*,#1648,.T.);
#859=ORIENTED_EDGE('',*,*,#1638,.T.);
#860=ORIENTED_EDGE('',*,*,#1649,.T.);
#861=ORIENTED_EDGE('',*,*,#1613,.F.);
#862=ORIENTED_EDGE('',*,*,#1618,.F.);
#863=ORIENTED_EDGE('',*,*,#1621,.F.);
#864=ORIENTED_EDGE('',*,*,#1624,.F.);
#865=ORIENTED_EDGE('',*,*,#1647,.F.);
#866=ORIENTED_EDGE('',*,*,#1650,.T.);
#867=ORIENTED_EDGE('',*,*,#1651,.T.);
#868=ORIENTED_EDGE('',*,*,#1652,.F.);
#869=ORIENTED_EDGE('',*,*,#1653,.T.);
#870=ORIENTED_EDGE('',*,*,#1627,.T.);
#871=ORIENTED_EDGE('',*,*,#1631,.T.);
#872=ORIENTED_EDGE('',*,*,#1634,.T.);
#873=ORIENTED_EDGE('',*,*,#1653,.F.);
#874=ORIENTED_EDGE('',*,*,#1654,.F.);
#875=ORIENTED_EDGE('',*,*,#1642,.T.);
#876=ORIENTED_EDGE('',*,*,#1628,.T.);
#877=ORIENTED_EDGE('',*,*,#1651,.F.);
#878=ORIENTED_EDGE('',*,*,#1655,.F.);
#879=ORIENTED_EDGE('',*,*,#1574,.T.);
#880=ORIENTED_EDGE('',*,*,#1656,.T.);
#881=ORIENTED_EDGE('',*,*,#1578,.F.);
#882=ORIENTED_EDGE('',*,*,#1657,.F.);
#883=ORIENTED_EDGE('',*,*,#1644,.T.);
#884=ORIENTED_EDGE('',*,*,#1658,.T.);
#885=ORIENTED_EDGE('',*,*,#1643,.T.);
#886=ORIENTED_EDGE('',*,*,#1654,.T.);
#887=ORIENTED_EDGE('',*,*,#1652,.T.);
#888=ORIENTED_EDGE('',*,*,#1656,.F.);
#889=ORIENTED_EDGE('',*,*,#1589,.T.);
#890=ORIENTED_EDGE('',*,*,#1658,.F.);
#891=ORIENTED_EDGE('',*,*,#1645,.F.);
#892=ORIENTED_EDGE('',*,*,#1657,.T.);
#893=ORIENTED_EDGE('',*,*,#1591,.F.);
#894=ORIENTED_EDGE('',*,*,#1655,.T.);
#895=ORIENTED_EDGE('',*,*,#1650,.F.);
#896=ORIENTED_EDGE('',*,*,#1648,.F.);
#897=ORIENTED_EDGE('',*,*,#1614,.F.);
#898=ORIENTED_EDGE('',*,*,#1649,.F.);
#899=ORIENTED_EDGE('',*,*,#1637,.F.);
#900=ORIENTED_EDGE('',*,*,#1610,.F.);
#901=ORIENTED_EDGE('',*,*,#1615,.F.);
#902=ORIENTED_EDGE('',*,*,#1612,.F.);
#903=ORIENTED_EDGE('',*,*,#1640,.F.);
#904=ORIENTED_EDGE('',*,*,#1641,.F.);
#905=ORIENTED_EDGE('',*,*,#1659,.F.);
#906=ORIENTED_EDGE('',*,*,#1660,.T.);
#907=ORIENTED_EDGE('',*,*,#1661,.T.);
#908=ORIENTED_EDGE('',*,*,#1662,.T.);
#909=ORIENTED_EDGE('',*,*,#1663,.T.);
#910=ORIENTED_EDGE('',*,*,#1664,.T.);
#911=ORIENTED_EDGE('',*,*,#1665,.T.);
#912=ORIENTED_EDGE('',*,*,#1666,.F.);
#913=ORIENTED_EDGE('',*,*,#1667,.T.);
#914=ORIENTED_EDGE('',*,*,#1668,.T.);
#915=ORIENTED_EDGE('',*,*,#1669,.T.);
#916=ORIENTED_EDGE('',*,*,#1670,.T.);
#917=ORIENTED_EDGE('',*,*,#1671,.T.);
#918=ORIENTED_EDGE('',*,*,#1666,.T.);
#919=ORIENTED_EDGE('',*,*,#1672,.T.);
#920=ORIENTED_EDGE('',*,*,#1673,.T.);
#921=ORIENTED_EDGE('',*,*,#1674,.T.);
#922=ORIENTED_EDGE('',*,*,#1675,.T.);
#923=ORIENTED_EDGE('',*,*,#1676,.T.);
#924=ORIENTED_EDGE('',*,*,#1659,.T.);
#925=ORIENTED_EDGE('',*,*,#1671,.F.);
#926=ORIENTED_EDGE('',*,*,#1677,.T.);
#927=ORIENTED_EDGE('',*,*,#1678,.T.);
#928=ORIENTED_EDGE('',*,*,#1679,.T.);
#929=ORIENTED_EDGE('',*,*,#1680,.F.);
#930=ORIENTED_EDGE('',*,*,#1677,.F.);
#931=ORIENTED_EDGE('',*,*,#1681,.T.);
#932=ORIENTED_EDGE('',*,*,#1682,.F.);
#933=ORIENTED_EDGE('',*,*,#1683,.F.);
#934=ORIENTED_EDGE('',*,*,#1684,.F.);
#935=ORIENTED_EDGE('',*,*,#1685,.F.);
#936=ORIENTED_EDGE('',*,*,#1686,.F.);
#937=ORIENTED_EDGE('',*,*,#1687,.F.);
#938=ORIENTED_EDGE('',*,*,#1688,.F.);
#939=ORIENTED_EDGE('',*,*,#1662,.F.);
#940=ORIENTED_EDGE('',*,*,#1689,.T.);
#941=ORIENTED_EDGE('',*,*,#1690,.T.);
#942=ORIENTED_EDGE('',*,*,#1670,.F.);
#943=ORIENTED_EDGE('',*,*,#1691,.T.);
#944=ORIENTED_EDGE('',*,*,#1675,.F.);
#945=ORIENTED_EDGE('',*,*,#1679,.F.);
#946=ORIENTED_EDGE('',*,*,#1692,.T.);
#947=ORIENTED_EDGE('',*,*,#1693,.T.);
#948=ORIENTED_EDGE('',*,*,#1694,.T.);
#949=ORIENTED_EDGE('',*,*,#1667,.F.);
#950=ORIENTED_EDGE('',*,*,#1695,.F.);
#951=ORIENTED_EDGE('',*,*,#1681,.F.);
#952=ORIENTED_EDGE('',*,*,#1673,.F.);
#953=ORIENTED_EDGE('',*,*,#1696,.F.);
#954=ORIENTED_EDGE('',*,*,#1697,.T.);
#955=ORIENTED_EDGE('',*,*,#1698,.F.);
#956=ORIENTED_EDGE('',*,*,#1683,.T.);
#957=ORIENTED_EDGE('',*,*,#1699,.T.);
#958=ORIENTED_EDGE('',*,*,#1700,.T.);
#959=ORIENTED_EDGE('',*,*,#1663,.F.);
#960=ORIENTED_EDGE('',*,*,#1688,.T.);
#961=ORIENTED_EDGE('',*,*,#1701,.T.);
#962=ORIENTED_EDGE('',*,*,#1702,.T.);
#963=ORIENTED_EDGE('',*,*,#1701,.F.);
#964=ORIENTED_EDGE('',*,*,#1687,.T.);
#965=ORIENTED_EDGE('',*,*,#1703,.T.);
#966=ORIENTED_EDGE('',*,*,#1704,.T.);
#967=ORIENTED_EDGE('',*,*,#1703,.F.);
#968=ORIENTED_EDGE('',*,*,#1686,.T.);
#969=ORIENTED_EDGE('',*,*,#1705,.T.);
#970=ORIENTED_EDGE('',*,*,#1706,.T.);
#971=ORIENTED_EDGE('',*,*,#1705,.F.);
#972=ORIENTED_EDGE('',*,*,#1685,.T.);
#973=ORIENTED_EDGE('',*,*,#1707,.T.);
#974=ORIENTED_EDGE('',*,*,#1708,.T.);
#975=ORIENTED_EDGE('',*,*,#1707,.F.);
#976=ORIENTED_EDGE('',*,*,#1684,.T.);
#977=ORIENTED_EDGE('',*,*,#1698,.T.);
#978=ORIENTED_EDGE('',*,*,#1674,.F.);
#979=ORIENTED_EDGE('',*,*,#1699,.F.);
#980=ORIENTED_EDGE('',*,*,#1682,.T.);
#981=ORIENTED_EDGE('',*,*,#1695,.T.);
#982=ORIENTED_EDGE('',*,*,#1672,.F.);
#983=ORIENTED_EDGE('',*,*,#1665,.F.);
#984=ORIENTED_EDGE('',*,*,#1709,.T.);
#985=ORIENTED_EDGE('',*,*,#1696,.T.);
#986=ORIENTED_EDGE('',*,*,#1664,.F.);
#987=ORIENTED_EDGE('',*,*,#1700,.F.);
#988=ORIENTED_EDGE('',*,*,#1702,.F.);
#989=ORIENTED_EDGE('',*,*,#1704,.F.);
#990=ORIENTED_EDGE('',*,*,#1706,.F.);
#991=ORIENTED_EDGE('',*,*,#1708,.F.);
#992=ORIENTED_EDGE('',*,*,#1697,.F.);
#993=ORIENTED_EDGE('',*,*,#1709,.F.);
#994=ORIENTED_EDGE('',*,*,#1680,.T.);
#995=ORIENTED_EDGE('',*,*,#1710,.T.);
#996=ORIENTED_EDGE('',*,*,#1692,.F.);
#997=ORIENTED_EDGE('',*,*,#1678,.F.);
#998=ORIENTED_EDGE('',*,*,#1669,.F.);
#999=ORIENTED_EDGE('',*,*,#1711,.T.);
#1000=ORIENTED_EDGE('',*,*,#1660,.F.);
#1001=ORIENTED_EDGE('',*,*,#1676,.F.);
#1002=ORIENTED_EDGE('',*,*,#1691,.F.);
#1003=ORIENTED_EDGE('',*,*,#1694,.F.);
#1004=ORIENTED_EDGE('',*,*,#1712,.F.);
#1005=ORIENTED_EDGE('',*,*,#1689,.F.);
#1006=ORIENTED_EDGE('',*,*,#1661,.F.);
#1007=ORIENTED_EDGE('',*,*,#1711,.F.);
#1008=ORIENTED_EDGE('',*,*,#1668,.F.);
#1009=ORIENTED_EDGE('',*,*,#1690,.F.);
#1010=ORIENTED_EDGE('',*,*,#1712,.T.);
#1011=ORIENTED_EDGE('',*,*,#1693,.F.);
#1012=ORIENTED_EDGE('',*,*,#1710,.F.);
#1013=ORIENTED_EDGE('',*,*,#1713,.T.);
#1014=ORIENTED_EDGE('',*,*,#1714,.F.);
#1015=ORIENTED_EDGE('',*,*,#1715,.F.);
#1016=ORIENTED_EDGE('',*,*,#1716,.T.);
#1017=ORIENTED_EDGE('',*,*,#1717,.F.);
#1018=ORIENTED_EDGE('',*,*,#1718,.T.);
#1019=ORIENTED_EDGE('',*,*,#1719,.T.);
#1020=ORIENTED_EDGE('',*,*,#1720,.F.);
#1021=ORIENTED_EDGE('',*,*,#1721,.T.);
#1022=ORIENTED_EDGE('',*,*,#1722,.T.);
#1023=ORIENTED_EDGE('',*,*,#1723,.T.);
#1024=ORIENTED_EDGE('',*,*,#1724,.F.);
#1025=ORIENTED_EDGE('',*,*,#1725,.F.);
#1026=ORIENTED_EDGE('',*,*,#1726,.F.);
#1027=ORIENTED_EDGE('',*,*,#1716,.F.);
#1028=ORIENTED_EDGE('',*,*,#1727,.T.);
#1029=ORIENTED_EDGE('',*,*,#1723,.F.);
#1030=ORIENTED_EDGE('',*,*,#1728,.T.);
#1031=ORIENTED_EDGE('',*,*,#1729,.T.);
#1032=ORIENTED_EDGE('',*,*,#1730,.F.);
#1033=ORIENTED_EDGE('',*,*,#1731,.T.);
#1034=ORIENTED_EDGE('',*,*,#1732,.T.);
#1035=ORIENTED_EDGE('',*,*,#1733,.T.);
#1036=ORIENTED_EDGE('',*,*,#1729,.F.);
#1037=ORIENTED_EDGE('',*,*,#1734,.F.);
#1038=ORIENTED_EDGE('',*,*,#1735,.F.);
#1039=ORIENTED_EDGE('',*,*,#1736,.F.);
#1040=ORIENTED_EDGE('',*,*,#1720,.T.);
#1041=ORIENTED_EDGE('',*,*,#1731,.F.);
#1042=ORIENTED_EDGE('',*,*,#1719,.F.);
#1043=ORIENTED_EDGE('',*,*,#1737,.F.);
#1044=ORIENTED_EDGE('',*,*,#1713,.F.);
#1045=ORIENTED_EDGE('',*,*,#1726,.T.);
#1046=ORIENTED_EDGE('',*,*,#1738,.T.);
#1047=ORIENTED_EDGE('',*,*,#1732,.F.);
#1048=ORIENTED_EDGE('',*,*,#1738,.F.);
#1049=ORIENTED_EDGE('',*,*,#1725,.T.);
#1050=ORIENTED_EDGE('',*,*,#1739,.T.);
#1051=ORIENTED_EDGE('',*,*,#1733,.F.);
#1052=ORIENTED_EDGE('',*,*,#1739,.F.);
#1053=ORIENTED_EDGE('',*,*,#1724,.T.);
#1054=ORIENTED_EDGE('',*,*,#1730,.T.);
#1055=ORIENTED_EDGE('',*,*,#1736,.T.);
#1056=ORIENTED_EDGE('',*,*,#1740,.F.);
#1057=ORIENTED_EDGE('',*,*,#1727,.F.);
#1058=ORIENTED_EDGE('',*,*,#1715,.T.);
#1059=ORIENTED_EDGE('',*,*,#1741,.T.);
#1060=ORIENTED_EDGE('',*,*,#1717,.T.);
#1061=ORIENTED_EDGE('',*,*,#1735,.T.);
#1062=ORIENTED_EDGE('',*,*,#1742,.F.);
#1063=ORIENTED_EDGE('',*,*,#1721,.F.);
#1064=ORIENTED_EDGE('',*,*,#1740,.T.);
#1065=ORIENTED_EDGE('',*,*,#1734,.T.);
#1066=ORIENTED_EDGE('',*,*,#1728,.F.);
#1067=ORIENTED_EDGE('',*,*,#1722,.F.);
#1068=ORIENTED_EDGE('',*,*,#1742,.T.);
#1069=ORIENTED_EDGE('',*,*,#1743,.T.);
#1070=ORIENTED_EDGE('',*,*,#1744,.F.);
#1071=ORIENTED_EDGE('',*,*,#1745,.F.);
#1072=ORIENTED_EDGE('',*,*,#1746,.T.);
#1073=ORIENTED_EDGE('',*,*,#1747,.F.);
#1074=ORIENTED_EDGE('',*,*,#1748,.F.);
#1075=ORIENTED_EDGE('',*,*,#1749,.T.);
#1076=ORIENTED_EDGE('',*,*,#1750,.T.);
#1077=ORIENTED_EDGE('',*,*,#1751,.F.);
#1078=ORIENTED_EDGE('',*,*,#1750,.F.);
#1079=ORIENTED_EDGE('',*,*,#1752,.T.);
#1080=ORIENTED_EDGE('',*,*,#1753,.T.);
#1081=ORIENTED_EDGE('',*,*,#1754,.T.);
#1082=ORIENTED_EDGE('',*,*,#1755,.T.);
#1083=ORIENTED_EDGE('',*,*,#1756,.F.);
#1084=ORIENTED_EDGE('',*,*,#1753,.F.);
#1085=ORIENTED_EDGE('',*,*,#1757,.T.);
#1086=ORIENTED_EDGE('',*,*,#1758,.T.);
#1087=ORIENTED_EDGE('',*,*,#1759,.T.);
#1088=ORIENTED_EDGE('',*,*,#1760,.T.);
#1089=ORIENTED_EDGE('',*,*,#1754,.F.);
#1090=ORIENTED_EDGE('',*,*,#1761,.T.);
#1091=ORIENTED_EDGE('',*,*,#1762,.T.);
#1092=ORIENTED_EDGE('',*,*,#1763,.T.);
#1093=ORIENTED_EDGE('',*,*,#1759,.F.);
#1094=ORIENTED_EDGE('',*,*,#1764,.T.);
#1095=ORIENTED_EDGE('',*,*,#1765,.F.);
#1096=ORIENTED_EDGE('',*,*,#1766,.T.);
#1097=ORIENTED_EDGE('',*,*,#1767,.T.);
#1098=ORIENTED_EDGE('',*,*,#1766,.F.);
#1099=ORIENTED_EDGE('',*,*,#1768,.F.);
#1100=ORIENTED_EDGE('',*,*,#1769,.T.);
#1101=ORIENTED_EDGE('',*,*,#1770,.T.);
#1102=ORIENTED_EDGE('',*,*,#1769,.F.);
#1103=ORIENTED_EDGE('',*,*,#1771,.F.);
#1104=ORIENTED_EDGE('',*,*,#1744,.T.);
#1105=ORIENTED_EDGE('',*,*,#1772,.F.);
#1106=ORIENTED_EDGE('',*,*,#1773,.F.);
#1107=ORIENTED_EDGE('',*,*,#1774,.T.);
#1108=ORIENTED_EDGE('',*,*,#1748,.T.);
#1109=ORIENTED_EDGE('',*,*,#1775,.F.);
#1110=ORIENTED_EDGE('',*,*,#1776,.F.);
#1111=ORIENTED_EDGE('',*,*,#1777,.T.);
#1112=ORIENTED_EDGE('',*,*,#1773,.T.);
#1113=ORIENTED_EDGE('',*,*,#1765,.T.);
#1114=ORIENTED_EDGE('',*,*,#1778,.T.);
#1115=ORIENTED_EDGE('',*,*,#1757,.F.);
#1116=ORIENTED_EDGE('',*,*,#1752,.F.);
#1117=ORIENTED_EDGE('',*,*,#1749,.F.);
#1118=ORIENTED_EDGE('',*,*,#1774,.F.);
#1119=ORIENTED_EDGE('',*,*,#1777,.F.);
#1120=ORIENTED_EDGE('',*,*,#1779,.T.);
#1121=ORIENTED_EDGE('',*,*,#1780,.T.);
#1122=ORIENTED_EDGE('',*,*,#1781,.F.);
#1123=ORIENTED_EDGE('',*,*,#1782,.T.);
#1124=ORIENTED_EDGE('',*,*,#1745,.T.);
#1125=ORIENTED_EDGE('',*,*,#1771,.T.);
#1126=ORIENTED_EDGE('',*,*,#1768,.T.);
#1127=ORIENTED_EDGE('',*,*,#1783,.T.);
#1128=ORIENTED_EDGE('',*,*,#1746,.F.);
#1129=ORIENTED_EDGE('',*,*,#1782,.F.);
#1130=ORIENTED_EDGE('',*,*,#1784,.T.);
#1131=ORIENTED_EDGE('',*,*,#1756,.T.);
#1132=ORIENTED_EDGE('',*,*,#1785,.T.);
#1133=ORIENTED_EDGE('',*,*,#1762,.F.);
#1134=ORIENTED_EDGE('',*,*,#1767,.F.);
#1135=ORIENTED_EDGE('',*,*,#1770,.F.);
#1136=ORIENTED_EDGE('',*,*,#1743,.F.);
#1137=ORIENTED_EDGE('',*,*,#1783,.F.);
#1138=ORIENTED_EDGE('',*,*,#1786,.F.);
#1139=ORIENTED_EDGE('',*,*,#1787,.F.);
#1140=ORIENTED_EDGE('',*,*,#1788,.T.);
#1141=ORIENTED_EDGE('',*,*,#1775,.T.);
#1142=ORIENTED_EDGE('',*,*,#1772,.T.);
#1143=ORIENTED_EDGE('',*,*,#1747,.T.);
#1144=ORIENTED_EDGE('',*,*,#1751,.T.);
#1145=ORIENTED_EDGE('',*,*,#1780,.F.);
#1146=ORIENTED_EDGE('',*,*,#1789,.F.);
#1147=ORIENTED_EDGE('',*,*,#1714,.T.);
#1148=ORIENTED_EDGE('',*,*,#1790,.T.);
#1149=ORIENTED_EDGE('',*,*,#1718,.F.);
#1150=ORIENTED_EDGE('',*,*,#1791,.F.);
#1151=ORIENTED_EDGE('',*,*,#1787,.T.);
#1152=ORIENTED_EDGE('',*,*,#1792,.T.);
#1153=ORIENTED_EDGE('',*,*,#1784,.F.);
#1154=ORIENTED_EDGE('',*,*,#1781,.T.);
#1155=ORIENTED_EDGE('',*,*,#1790,.F.);
#1156=ORIENTED_EDGE('',*,*,#1737,.T.);
#1157=ORIENTED_EDGE('',*,*,#1792,.F.);
#1158=ORIENTED_EDGE('',*,*,#1786,.T.);
#1159=ORIENTED_EDGE('',*,*,#1776,.T.);
#1160=ORIENTED_EDGE('',*,*,#1788,.F.);
#1161=ORIENTED_EDGE('',*,*,#1791,.T.);
#1162=ORIENTED_EDGE('',*,*,#1741,.F.);
#1163=ORIENTED_EDGE('',*,*,#1789,.T.);
#1164=ORIENTED_EDGE('',*,*,#1779,.F.);
#1165=ORIENTED_EDGE('',*,*,#1763,.F.);
#1166=ORIENTED_EDGE('',*,*,#1785,.F.);
#1167=ORIENTED_EDGE('',*,*,#1755,.F.);
#1168=ORIENTED_EDGE('',*,*,#1760,.F.);
#1169=ORIENTED_EDGE('',*,*,#1764,.F.);
#1170=ORIENTED_EDGE('',*,*,#1761,.F.);
#1171=ORIENTED_EDGE('',*,*,#1758,.F.);
#1172=ORIENTED_EDGE('',*,*,#1778,.F.);
#1173=ORIENTED_EDGE('',*,*,#1793,.F.);
#1174=ORIENTED_EDGE('',*,*,#1794,.T.);
#1175=ORIENTED_EDGE('',*,*,#1795,.F.);
#1176=ORIENTED_EDGE('',*,*,#1796,.T.);
#1177=ORIENTED_EDGE('',*,*,#1797,.F.);
#1178=ORIENTED_EDGE('',*,*,#1798,.F.);
#1179=ORIENTED_EDGE('',*,*,#1799,.F.);
#1180=ORIENTED_EDGE('',*,*,#1800,.F.);
#1181=ORIENTED_EDGE('',*,*,#1801,.F.);
#1182=ORIENTED_EDGE('',*,*,#1802,.F.);
#1183=ORIENTED_EDGE('',*,*,#1803,.F.);
#1184=ORIENTED_EDGE('',*,*,#1804,.F.);
#1185=ORIENTED_EDGE('',*,*,#1805,.F.);
#1186=ORIENTED_EDGE('',*,*,#1806,.F.);
#1187=ORIENTED_EDGE('',*,*,#1807,.F.);
#1188=ORIENTED_EDGE('',*,*,#1808,.F.);
#1189=ORIENTED_EDGE('',*,*,#1809,.T.);
#1190=ORIENTED_EDGE('',*,*,#1810,.F.);
#1191=ORIENTED_EDGE('',*,*,#1811,.T.);
#1192=ORIENTED_EDGE('',*,*,#1812,.T.);
#1193=ORIENTED_EDGE('',*,*,#1813,.T.);
#1194=ORIENTED_EDGE('',*,*,#1814,.F.);
#1195=ORIENTED_EDGE('',*,*,#1815,.F.);
#1196=ORIENTED_EDGE('',*,*,#1816,.F.);
#1197=ORIENTED_EDGE('',*,*,#1817,.F.);
#1198=ORIENTED_EDGE('',*,*,#1818,.F.);
#1199=ORIENTED_EDGE('',*,*,#1819,.T.);
#1200=ORIENTED_EDGE('',*,*,#1820,.T.);
#1201=ORIENTED_EDGE('',*,*,#1821,.T.);
#1202=ORIENTED_EDGE('',*,*,#1822,.T.);
#1203=ORIENTED_EDGE('',*,*,#1823,.F.);
#1204=ORIENTED_EDGE('',*,*,#1824,.T.);
#1205=ORIENTED_EDGE('',*,*,#1793,.T.);
#1206=ORIENTED_EDGE('',*,*,#1825,.F.);
#1207=ORIENTED_EDGE('',*,*,#1826,.T.);
#1208=ORIENTED_EDGE('',*,*,#1827,.T.);
#1209=ORIENTED_EDGE('',*,*,#1810,.T.);
#1210=ORIENTED_EDGE('',*,*,#1828,.T.);
#1211=ORIENTED_EDGE('',*,*,#1829,.T.);
#1212=ORIENTED_EDGE('',*,*,#1830,.T.);
#1213=ORIENTED_EDGE('',*,*,#1831,.T.);
#1214=ORIENTED_EDGE('',*,*,#1832,.T.);
#1215=ORIENTED_EDGE('',*,*,#1823,.T.);
#1216=ORIENTED_EDGE('',*,*,#1833,.T.);
#1217=ORIENTED_EDGE('',*,*,#1834,.T.);
#1218=ORIENTED_EDGE('',*,*,#1835,.T.);
#1219=ORIENTED_EDGE('',*,*,#1836,.T.);
#1220=ORIENTED_EDGE('',*,*,#1837,.T.);
#1221=ORIENTED_EDGE('',*,*,#1838,.T.);
#1222=ORIENTED_EDGE('',*,*,#1839,.T.);
#1223=ORIENTED_EDGE('',*,*,#1840,.T.);
#1224=ORIENTED_EDGE('',*,*,#1841,.T.);
#1225=ORIENTED_EDGE('',*,*,#1842,.T.);
#1226=ORIENTED_EDGE('',*,*,#1843,.T.);
#1227=ORIENTED_EDGE('',*,*,#1844,.T.);
#1228=ORIENTED_EDGE('',*,*,#1845,.T.);
#1229=ORIENTED_EDGE('',*,*,#1846,.T.);
#1230=ORIENTED_EDGE('',*,*,#1847,.T.);
#1231=ORIENTED_EDGE('',*,*,#1848,.T.);
#1232=ORIENTED_EDGE('',*,*,#1849,.T.);
#1233=ORIENTED_EDGE('',*,*,#1795,.T.);
#1234=ORIENTED_EDGE('',*,*,#1850,.T.);
#1235=ORIENTED_EDGE('',*,*,#1831,.F.);
#1236=ORIENTED_EDGE('',*,*,#1851,.T.);
#1237=ORIENTED_EDGE('',*,*,#1834,.F.);
#1238=ORIENTED_EDGE('',*,*,#1852,.T.);
#1239=ORIENTED_EDGE('',*,*,#1808,.T.);
#1240=ORIENTED_EDGE('',*,*,#1853,.T.);
#1241=ORIENTED_EDGE('',*,*,#1835,.F.);
#1242=ORIENTED_EDGE('',*,*,#1853,.F.);
#1243=ORIENTED_EDGE('',*,*,#1807,.T.);
#1244=ORIENTED_EDGE('',*,*,#1854,.T.);
#1245=ORIENTED_EDGE('',*,*,#1836,.F.);
#1246=ORIENTED_EDGE('',*,*,#1854,.F.);
#1247=ORIENTED_EDGE('',*,*,#1806,.T.);
#1248=ORIENTED_EDGE('',*,*,#1855,.T.);
#1249=ORIENTED_EDGE('',*,*,#1837,.F.);
#1250=ORIENTED_EDGE('',*,*,#1855,.F.);
#1251=ORIENTED_EDGE('',*,*,#1805,.T.);
#1252=ORIENTED_EDGE('',*,*,#1856,.T.);
#1253=ORIENTED_EDGE('',*,*,#1838,.F.);
#1254=ORIENTED_EDGE('',*,*,#1856,.F.);
#1255=ORIENTED_EDGE('',*,*,#1804,.T.);
#1256=ORIENTED_EDGE('',*,*,#1857,.T.);
#1257=ORIENTED_EDGE('',*,*,#1839,.F.);
#1258=ORIENTED_EDGE('',*,*,#1857,.F.);
#1259=ORIENTED_EDGE('',*,*,#1803,.T.);
#1260=ORIENTED_EDGE('',*,*,#1858,.T.);
#1261=ORIENTED_EDGE('',*,*,#1840,.F.);
#1262=ORIENTED_EDGE('',*,*,#1858,.F.);
#1263=ORIENTED_EDGE('',*,*,#1802,.T.);
#1264=ORIENTED_EDGE('',*,*,#1859,.T.);
#1265=ORIENTED_EDGE('',*,*,#1841,.F.);
#1266=ORIENTED_EDGE('',*,*,#1859,.F.);
#1267=ORIENTED_EDGE('',*,*,#1801,.T.);
#1268=ORIENTED_EDGE('',*,*,#1860,.T.);
#1269=ORIENTED_EDGE('',*,*,#1842,.F.);
#1270=ORIENTED_EDGE('',*,*,#1860,.F.);
#1271=ORIENTED_EDGE('',*,*,#1800,.T.);
#1272=ORIENTED_EDGE('',*,*,#1861,.T.);
#1273=ORIENTED_EDGE('',*,*,#1843,.F.);
#1274=ORIENTED_EDGE('',*,*,#1861,.F.);
#1275=ORIENTED_EDGE('',*,*,#1799,.T.);
#1276=ORIENTED_EDGE('',*,*,#1862,.T.);
#1277=ORIENTED_EDGE('',*,*,#1844,.F.);
#1278=ORIENTED_EDGE('',*,*,#1862,.F.);
#1279=ORIENTED_EDGE('',*,*,#1798,.T.);
#1280=ORIENTED_EDGE('',*,*,#1863,.T.);
#1281=ORIENTED_EDGE('',*,*,#1797,.T.);
#1282=ORIENTED_EDGE('',*,*,#1864,.T.);
#1283=ORIENTED_EDGE('',*,*,#1845,.F.);
#1284=ORIENTED_EDGE('',*,*,#1863,.F.);
#1285=ORIENTED_EDGE('',*,*,#1816,.T.);
#1286=ORIENTED_EDGE('',*,*,#1847,.F.);
#1287=ORIENTED_EDGE('',*,*,#1815,.T.);
#1288=ORIENTED_EDGE('',*,*,#1830,.F.);
#1289=ORIENTED_EDGE('',*,*,#1817,.T.);
#1290=ORIENTED_EDGE('',*,*,#1848,.F.);
#1291=ORIENTED_EDGE('',*,*,#1814,.T.);
#1292=ORIENTED_EDGE('',*,*,#1829,.F.);
#1293=ORIENTED_EDGE('',*,*,#1818,.T.);
#1294=ORIENTED_EDGE('',*,*,#1849,.F.);
#1295=ORIENTED_EDGE('',*,*,#1813,.F.);
#1296=ORIENTED_EDGE('',*,*,#1865,.T.);
#1297=ORIENTED_EDGE('',*,*,#1866,.T.);
#1298=ORIENTED_EDGE('',*,*,#1825,.T.);
#1299=ORIENTED_EDGE('',*,*,#1867,.T.);
#1300=ORIENTED_EDGE('',*,*,#1868,.T.);
#1301=ORIENTED_EDGE('',*,*,#1811,.F.);
#1302=ORIENTED_EDGE('',*,*,#1827,.F.);
#1303=ORIENTED_EDGE('',*,*,#1866,.F.);
#1304=ORIENTED_EDGE('',*,*,#1869,.T.);
#1305=ORIENTED_EDGE('',*,*,#1867,.F.);
#1306=ORIENTED_EDGE('',*,*,#1826,.F.);
#1307=ORIENTED_EDGE('',*,*,#1819,.F.);
#1308=ORIENTED_EDGE('',*,*,#1870,.T.);
#1309=ORIENTED_EDGE('',*,*,#1871,.T.);
#1310=ORIENTED_EDGE('',*,*,#1872,.T.);
#1311=ORIENTED_EDGE('',*,*,#1820,.F.);
#1312=ORIENTED_EDGE('',*,*,#1872,.F.);
#1313=ORIENTED_EDGE('',*,*,#1873,.T.);
#1314=ORIENTED_EDGE('',*,*,#1874,.T.);
#1315=ORIENTED_EDGE('',*,*,#1875,.T.);
#1316=ORIENTED_EDGE('',*,*,#1876,.T.);
#1317=ORIENTED_EDGE('',*,*,#1821,.F.);
#1318=ORIENTED_EDGE('',*,*,#1874,.F.);
#1319=ORIENTED_EDGE('',*,*,#1871,.F.);
#1320=ORIENTED_EDGE('',*,*,#1877,.T.);
#1321=ORIENTED_EDGE('',*,*,#1875,.F.);
#1322=ORIENTED_EDGE('',*,*,#1873,.F.);
#1323=ORIENTED_EDGE('',*,*,#1868,.F.);
#1324=ORIENTED_EDGE('',*,*,#1869,.F.);
#1325=ORIENTED_EDGE('',*,*,#1865,.F.);
#1326=ORIENTED_EDGE('',*,*,#1812,.F.);
#1327=ORIENTED_EDGE('',*,*,#1876,.F.);
#1328=ORIENTED_EDGE('',*,*,#1877,.F.);
#1329=ORIENTED_EDGE('',*,*,#1870,.F.);
#1330=ORIENTED_EDGE('',*,*,#1822,.F.);
#1331=ORIENTED_EDGE('',*,*,#1809,.F.);
#1332=ORIENTED_EDGE('',*,*,#1852,.F.);
#1333=ORIENTED_EDGE('',*,*,#1833,.F.);
#1334=ORIENTED_EDGE('',*,*,#1828,.F.);
#1335=ORIENTED_EDGE('',*,*,#1796,.F.);
#1336=ORIENTED_EDGE('',*,*,#1851,.F.);
#1337=ORIENTED_EDGE('',*,*,#1846,.F.);
#1338=ORIENTED_EDGE('',*,*,#1864,.F.);
#1339=ORIENTED_EDGE('',*,*,#1794,.F.);
#1340=ORIENTED_EDGE('',*,*,#1824,.F.);
#1341=ORIENTED_EDGE('',*,*,#1832,.F.);
#1342=ORIENTED_EDGE('',*,*,#1850,.F.);
#1343=EDGE_CURVE('',#1878,#1879,#2241,.T.);
#1344=EDGE_CURVE('',#1879,#1880,#2242,.T.);
#1345=EDGE_CURVE('',#1880,#1881,#2243,.T.);
#1346=EDGE_CURVE('',#1881,#1878,#2244,.T.);
#1347=EDGE_CURVE('',#1882,#1882,#176,.T.);
#1348=EDGE_CURVE('',#1883,#1883,#177,.T.);
#1349=EDGE_CURVE('',#1884,#1884,#178,.T.);
#1350=EDGE_CURVE('',#1885,#1885,#179,.T.);
#1351=EDGE_CURVE('',#1886,#1886,#180,.T.);
#1352=EDGE_CURVE('',#1887,#1888,#2245,.T.);
#1353=EDGE_CURVE('',#1889,#1888,#2246,.T.);
#1354=EDGE_CURVE('',#1889,#1890,#181,.F.);
#1355=EDGE_CURVE('',#1891,#1890,#2247,.T.);
#1356=EDGE_CURVE('',#1891,#1892,#182,.F.);
#1357=EDGE_CURVE('',#1893,#1892,#2248,.T.);
#1358=EDGE_CURVE('',#1894,#1893,#2249,.T.);
#1359=EDGE_CURVE('',#1895,#1894,#2250,.T.);
#1360=EDGE_CURVE('',#1896,#1895,#2251,.T.);
#1361=EDGE_CURVE('',#1897,#1896,#2252,.T.);
#1362=EDGE_CURVE('',#1898,#1897,#2253,.T.);
#1363=EDGE_CURVE('',#1899,#1898,#2254,.T.);
#1364=EDGE_CURVE('',#1900,#1899,#2255,.T.);
#1365=EDGE_CURVE('',#1901,#1900,#2256,.T.);
#1366=EDGE_CURVE('',#1902,#1901,#2257,.T.);
#1367=EDGE_CURVE('',#1903,#1902,#2258,.T.);
#1368=EDGE_CURVE('',#1904,#1903,#2259,.T.);
#1369=EDGE_CURVE('',#1904,#1905,#183,.F.);
#1370=EDGE_CURVE('',#1906,#1905,#2260,.T.);
#1371=EDGE_CURVE('',#1906,#1907,#2261,.T.);
#1372=EDGE_CURVE('',#1907,#1887,#2262,.T.);
#1373=EDGE_CURVE('',#1908,#1888,#2263,.T.);
#1374=EDGE_CURVE('',#1908,#1909,#2264,.T.);
#1375=EDGE_CURVE('',#1909,#1906,#2265,.T.);
#1376=EDGE_CURVE('',#1905,#1910,#2266,.T.);
#1377=EDGE_CURVE('',#1911,#1910,#2267,.T.);
#1378=EDGE_CURVE('',#1911,#1912,#2268,.T.);
#1379=EDGE_CURVE('',#1913,#1912,#2269,.T.);
#1380=EDGE_CURVE('',#1913,#1914,#2270,.F.);
#1381=EDGE_CURVE('',#1914,#1915,#165,.F.);
#1382=EDGE_CURVE('',#1915,#1889,#2271,.F.);
#1383=EDGE_CURVE('',#1916,#1917,#166,.F.);
#1384=EDGE_CURVE('',#1917,#1918,#143,.T.);
#1385=EDGE_CURVE('',#1918,#1919,#184,.T.);
#1386=EDGE_CURVE('',#1919,#1920,#144,.T.);
#1387=EDGE_CURVE('',#1920,#1921,#167,.F.);
#1388=EDGE_CURVE('',#1921,#1922,#2272,.T.);
#1389=EDGE_CURVE('',#1923,#1922,#2273,.T.);
#1390=EDGE_CURVE('',#1923,#1891,#2274,.F.);
#1391=EDGE_CURVE('',#1890,#1916,#2275,.T.);
#1392=EDGE_CURVE('',#1924,#1925,#168,.F.);
#1393=EDGE_CURVE('',#1924,#1926,#145,.T.);
#1394=EDGE_CURVE('',#1927,#1926,#2276,.T.);
#1395=EDGE_CURVE('',#1928,#1927,#2277,.T.);
#1396=EDGE_CURVE('',#1928,#1929,#2278,.T.);
#1397=EDGE_CURVE('',#1929,#1930,#2279,.T.);
#1398=EDGE_CURVE('',#1931,#1930,#2280,.T.);
#1399=EDGE_CURVE('',#1931,#1925,#146,.T.);
#1400=EDGE_CURVE('',#1926,#1932,#147,.T.);
#1401=EDGE_CURVE('',#1933,#1932,#169,.F.);
#1402=EDGE_CURVE('',#1933,#1931,#148,.T.);
#1403=EDGE_CURVE('',#1930,#1934,#2281,.T.);
#1404=EDGE_CURVE('',#1935,#1934,#2282,.T.);
#1405=EDGE_CURVE('',#1936,#1935,#2283,.T.);
#1406=EDGE_CURVE('',#1927,#1936,#2284,.T.);
#1407=EDGE_CURVE('',#1915,#1916,#149,.T.);
#1408=EDGE_CURVE('',#1921,#1914,#150,.T.);
#1409=EDGE_CURVE('',#1922,#1913,#185,.T.);
#1410=EDGE_CURVE('',#1918,#1924,#151,.T.);
#1411=EDGE_CURVE('',#1925,#1919,#152,.T.);
#1412=EDGE_CURVE('',#1937,#1938,#2285,.T.);
#1413=EDGE_CURVE('',#1938,#1939,#2286,.T.);
#1414=EDGE_CURVE('',#1939,#1923,#186,.T.);
#1415=EDGE_CURVE('',#1934,#1912,#2287,.T.);
#1416=EDGE_CURVE('',#1940,#1929,#187,.T.);
#1417=EDGE_CURVE('',#1941,#1940,#2288,.T.);
#1418=EDGE_CURVE('',#1942,#1941,#188,.T.);
#1419=EDGE_CURVE('',#1937,#1942,#2289,.T.);
#1420=EDGE_CURVE('',#1943,#1943,#189,.T.);
#1421=EDGE_CURVE('',#1944,#1944,#190,.T.);
#1422=EDGE_CURVE('',#1945,#1946,#2290,.T.);
#1423=EDGE_CURVE('',#1946,#1947,#2291,.T.);
#1424=EDGE_CURVE('',#1947,#1948,#2292,.T.);
#1425=EDGE_CURVE('',#1948,#1945,#2293,.T.);
#1426=EDGE_CURVE('',#1898,#1949,#2294,.T.);
#1427=EDGE_CURVE('',#1950,#1949,#2295,.T.);
#1428=EDGE_CURVE('',#1950,#1951,#2296,.T.);
#1429=EDGE_CURVE('',#1952,#1951,#2297,.T.);
#1430=EDGE_CURVE('',#1899,#1952,#2298,.T.);
#1431=EDGE_CURVE('',#1897,#1953,#2299,.T.);
#1432=EDGE_CURVE('',#1953,#1949,#2300,.T.);
#1433=EDGE_CURVE('',#1896,#1954,#2301,.T.);
#1434=EDGE_CURVE('',#1954,#1953,#2302,.T.);
#1435=EDGE_CURVE('',#1955,#1955,#191,.T.);
#1436=EDGE_CURVE('',#1956,#1956,#192,.T.);
#1437=EDGE_CURVE('',#1951,#1957,#2303,.T.);
#1438=EDGE_CURVE('',#1958,#1957,#2304,.T.);
#1439=EDGE_CURVE('',#1959,#1958,#2305,.T.);
#1440=EDGE_CURVE('',#1960,#1959,#2306,.T.);
#1441=EDGE_CURVE('',#1961,#1960,#193,.T.);
#1442=EDGE_CURVE('',#1962,#1961,#2307,.T.);
#1443=EDGE_CURVE('',#1963,#1962,#2308,.T.);
#1444=EDGE_CURVE('',#1964,#1963,#2309,.T.);
#1445=EDGE_CURVE('',#1965,#1964,#2310,.T.);
#1446=EDGE_CURVE('',#1966,#1965,#2311,.T.);
#1447=EDGE_CURVE('',#1966,#1967,#194,.T.);
#1448=EDGE_CURVE('',#1967,#1968,#2312,.T.);
#1449=EDGE_CURVE('',#1968,#1969,#2313,.T.);
#1450=EDGE_CURVE('',#1969,#1970,#2314,.T.);
#1451=EDGE_CURVE('',#1970,#1971,#2315,.T.);
#1452=EDGE_CURVE('',#1971,#1952,#2316,.T.);
#1453=EDGE_CURVE('',#1972,#1973,#2317,.T.);
#1454=EDGE_CURVE('',#1972,#1974,#2318,.T.);
#1455=EDGE_CURVE('',#1975,#1974,#2319,.T.);
#1456=EDGE_CURVE('',#1976,#1975,#2320,.T.);
#1457=EDGE_CURVE('',#1973,#1976,#195,.T.);
#1458=EDGE_CURVE('',#1967,#1904,#2321,.F.);
#1459=EDGE_CURVE('',#1903,#1968,#2322,.T.);
#1460=EDGE_CURVE('',#1902,#1969,#2323,.T.);
#1461=EDGE_CURVE('',#1901,#1970,#2324,.T.);
#1462=EDGE_CURVE('',#1900,#1971,#2325,.T.);
#1463=EDGE_CURVE('',#1977,#1978,#2326,.T.);
#1464=EDGE_CURVE('',#1977,#1957,#2327,.T.);
#1465=EDGE_CURVE('',#1954,#1950,#2328,.T.);
#1466=EDGE_CURVE('',#1895,#1979,#2329,.T.);
#1467=EDGE_CURVE('',#1979,#1980,#2330,.T.);
#1468=EDGE_CURVE('',#1980,#1938,#2331,.T.);
#1469=EDGE_CURVE('',#1981,#1937,#2332,.T.);
#1470=EDGE_CURVE('',#1982,#1981,#2333,.T.);
#1471=EDGE_CURVE('',#1982,#1974,#2334,.T.);
#1472=EDGE_CURVE('',#1978,#1972,#2335,.T.);
#1473=EDGE_CURVE('',#1979,#1983,#2336,.T.);
#1474=EDGE_CURVE('',#1894,#1983,#2337,.T.);
#1475=EDGE_CURVE('',#1983,#1984,#2338,.T.);
#1476=EDGE_CURVE('',#1893,#1984,#2339,.T.);
#1477=EDGE_CURVE('',#1980,#1984,#2340,.T.);
#1478=EDGE_CURVE('',#1892,#1939,#2341,.T.);
#1479=EDGE_CURVE('',#1985,#1966,#2342,.T.);
#1480=EDGE_CURVE('',#1910,#1985,#196,.T.);
#1481=EDGE_CURVE('',#1986,#1965,#2343,.T.);
#1482=EDGE_CURVE('',#1985,#1986,#2344,.T.);
#1483=EDGE_CURVE('',#1987,#1964,#2345,.T.);
#1484=EDGE_CURVE('',#1986,#1987,#2346,.T.);
#1485=EDGE_CURVE('',#1988,#1963,#2347,.T.);
#1486=EDGE_CURVE('',#1989,#1988,#2348,.T.);
#1487=EDGE_CURVE('',#1987,#1989,#2349,.T.);
#1488=EDGE_CURVE('',#1990,#1962,#2350,.T.);
#1489=EDGE_CURVE('',#1988,#1990,#2351,.T.);
#1490=EDGE_CURVE('',#1991,#1961,#2352,.T.);
#1491=EDGE_CURVE('',#1990,#1991,#2353,.T.);
#1492=EDGE_CURVE('',#1992,#1960,#2354,.T.);
#1493=EDGE_CURVE('',#1993,#1992,#197,.T.);
#1494=EDGE_CURVE('',#1993,#1991,#2355,.T.);
#1495=EDGE_CURVE('',#1994,#1959,#2356,.T.);
#1496=EDGE_CURVE('',#1992,#1994,#2357,.T.);
#1497=EDGE_CURVE('',#1995,#1958,#2358,.T.);
#1498=EDGE_CURVE('',#1994,#1995,#2359,.T.);
#1499=EDGE_CURVE('',#1995,#1977,#2360,.T.);
#1500=EDGE_CURVE('',#1996,#1973,#2361,.T.);
#1501=EDGE_CURVE('',#1978,#1996,#2362,.T.);
#1502=EDGE_CURVE('',#1997,#1976,#2363,.T.);
#1503=EDGE_CURVE('',#1996,#1997,#198,.T.);
#1504=EDGE_CURVE('',#1998,#1975,#2364,.T.);
#1505=EDGE_CURVE('',#1997,#1998,#2365,.T.);
#1506=EDGE_CURVE('',#1998,#1982,#2366,.T.);
#1507=EDGE_CURVE('',#1999,#1942,#2367,.T.);
#1508=EDGE_CURVE('',#1981,#1999,#2368,.T.);
#1509=EDGE_CURVE('',#2000,#1941,#2369,.T.);
#1510=EDGE_CURVE('',#1999,#2000,#199,.T.);
#1511=EDGE_CURVE('',#2001,#1940,#2370,.T.);
#1512=EDGE_CURVE('',#2000,#2001,#2371,.T.);
#1513=EDGE_CURVE('',#2001,#1928,#200,.T.);
#1514=EDGE_CURVE('',#2002,#1911,#2372,.T.);
#1515=EDGE_CURVE('',#2002,#2003,#2373,.T.);
#1516=EDGE_CURVE('',#1935,#2003,#2374,.T.);
#1517=EDGE_CURVE('',#2004,#1991,#2375,.T.);
#1518=EDGE_CURVE('',#1935,#2004,#2376,.T.);
#1519=EDGE_CURVE('',#1988,#2003,#2377,.T.);
#1520=EDGE_CURVE('',#1989,#2002,#2378,.T.);
#1521=EDGE_CURVE('',#2005,#2004,#2379,.T.);
#1522=EDGE_CURVE('',#1936,#2005,#2380,.T.);
#1523=EDGE_CURVE('',#2005,#1993,#2381,.T.);
#1524=EDGE_CURVE('',#2006,#2007,#2382,.T.);
#1525=EDGE_CURVE('',#2007,#2008,#201,.T.);
#1526=EDGE_CURVE('',#2008,#2009,#2383,.T.);
#1527=EDGE_CURVE('',#2009,#2010,#2384,.T.);
#1528=EDGE_CURVE('',#2010,#2006,#2385,.T.);
#1529=EDGE_CURVE('',#2011,#2011,#202,.T.);
#1530=EDGE_CURVE('',#2012,#2013,#2386,.T.);
#1531=EDGE_CURVE('',#2014,#2012,#2387,.T.);
#1532=EDGE_CURVE('',#2015,#2014,#203,.T.);
#1533=EDGE_CURVE('',#2016,#2015,#2388,.T.);
#1534=EDGE_CURVE('',#2013,#2016,#2389,.T.);
#1535=EDGE_CURVE('',#2010,#2013,#2390,.T.);
#1536=EDGE_CURVE('',#2006,#2016,#2391,.T.);
#1537=EDGE_CURVE('',#2009,#2012,#2392,.T.);
#1538=EDGE_CURVE('',#2008,#2014,#2393,.T.);
#1539=EDGE_CURVE('',#2007,#2015,#2394,.T.);
#1540=EDGE_CURVE('',#2017,#2017,#204,.T.);
#1541=EDGE_CURVE('',#2018,#2018,#205,.T.);
#1542=EDGE_CURVE('',#2019,#2019,#206,.T.);
#1543=EDGE_CURVE('',#2020,#2020,#207,.T.);
#1544=EDGE_CURVE('',#2021,#2021,#208,.T.);
#1545=EDGE_CURVE('',#2022,#1946,#2395,.T.);
#1546=EDGE_CURVE('',#2022,#2023,#2396,.T.);
#1547=EDGE_CURVE('',#2023,#1947,#2397,.T.);
#1548=EDGE_CURVE('',#2023,#2024,#2398,.T.);
#1549=EDGE_CURVE('',#2024,#1948,#2399,.T.);
#1550=EDGE_CURVE('',#2024,#2025,#2400,.T.);
#1551=EDGE_CURVE('',#2025,#1945,#2401,.T.);
#1552=EDGE_CURVE('',#2025,#2022,#2402,.T.);
#1553=EDGE_CURVE('',#1932,#1917,#153,.T.);
#1554=EDGE_CURVE('',#1920,#1933,#154,.T.);
#1555=EDGE_CURVE('',#2026,#2026,#209,.T.);
#1556=EDGE_CURVE('',#2027,#2027,#210,.T.);
#1557=EDGE_CURVE('',#2028,#2028,#211,.T.);
#1558=EDGE_CURVE('',#2029,#2029,#212,.T.);
#1559=EDGE_CURVE('',#2030,#2030,#213,.T.);
#1560=EDGE_CURVE('',#1878,#2031,#2403,.T.);
#1561=EDGE_CURVE('',#2031,#2032,#2404,.T.);
#1562=EDGE_CURVE('',#2032,#1879,#2405,.T.);
#1563=EDGE_CURVE('',#2032,#2033,#2406,.T.);
#1564=EDGE_CURVE('',#2033,#1880,#2407,.T.);
#1565=EDGE_CURVE('',#2033,#2034,#2408,.T.);
#1566=EDGE_CURVE('',#2034,#1881,#2409,.T.);
#1567=EDGE_CURVE('',#2031,#2034,#2410,.T.);
#1568=EDGE_CURVE('',#1887,#2035,#2411,.T.);
#1569=EDGE_CURVE('',#2035,#1908,#2412,.T.);
#1570=EDGE_CURVE('',#1909,#2036,#2413,.T.);
#1571=EDGE_CURVE('',#2036,#1907,#2414,.T.);
#1572=EDGE_CURVE('',#2035,#2036,#2415,.T.);
#1573=EDGE_CURVE('',#2037,#2038,#2416,.T.);
#1574=EDGE_CURVE('',#2039,#2037,#2417,.T.);
#1575=EDGE_CURVE('',#2040,#2039,#2418,.T.);
#1576=EDGE_CURVE('',#2038,#2040,#2419,.T.);
#1577=EDGE_CURVE('',#2041,#2042,#2420,.T.);
#1578=EDGE_CURVE('',#2041,#2043,#2421,.T.);
#1579=EDGE_CURVE('',#2044,#2043,#2422,.T.);
#1580=EDGE_CURVE('',#2044,#2042,#2423,.T.);
#1581=EDGE_CURVE('',#2045,#2046,#2424,.F.);
#1582=EDGE_CURVE('',#2046,#2047,#2425,.T.);
#1583=EDGE_CURVE('',#2048,#2047,#2426,.T.);
#1584=EDGE_CURVE('',#2048,#2045,#2427,.T.);
#1585=EDGE_CURVE('',#2038,#2046,#2428,.T.);
#1586=EDGE_CURVE('',#2045,#2049,#2429,.F.);
#1587=EDGE_CURVE('',#2049,#2050,#2430,.F.);
#1588=EDGE_CURVE('',#2044,#2050,#2431,.F.);
#1589=EDGE_CURVE('',#2037,#2043,#2432,.T.);
#1590=EDGE_CURVE('',#2047,#2040,#2433,.T.);
#1591=EDGE_CURVE('',#2039,#2041,#2434,.F.);
#1592=EDGE_CURVE('',#2042,#2051,#2435,.T.);
#1593=EDGE_CURVE('',#2052,#2051,#2436,.T.);
#1594=EDGE_CURVE('',#2048,#2052,#2437,.T.);
#1595=EDGE_CURVE('',#2052,#2053,#214,.T.);
#1596=EDGE_CURVE('',#2053,#2054,#2438,.T.);
#1597=EDGE_CURVE('',#2054,#2055,#2439,.T.);
#1598=EDGE_CURVE('',#2056,#2055,#2440,.T.);
#1599=EDGE_CURVE('',#2049,#2056,#215,.F.);
#1600=EDGE_CURVE('',#2057,#2058,#2441,.T.);
#1601=EDGE_CURVE('',#2055,#2058,#2442,.F.);
#1602=EDGE_CURVE('',#2054,#2057,#2443,.T.);
#1603=EDGE_CURVE('',#2050,#2059,#216,.F.);
#1604=EDGE_CURVE('',#2059,#2058,#2444,.T.);
#1605=EDGE_CURVE('',#2060,#2057,#2445,.T.);
#1606=EDGE_CURVE('',#2051,#2060,#217,.T.);
#1607=EDGE_CURVE('',#2056,#2059,#2446,.T.);
#1608=EDGE_CURVE('',#2053,#2060,#2447,.T.);
#1609=EDGE_CURVE('',#2061,#2062,#2448,.T.);
#1610=EDGE_CURVE('',#2062,#2063,#2449,.T.);
#1611=EDGE_CURVE('',#2064,#2063,#2450,.T.);
#1612=EDGE_CURVE('',#2064,#2061,#2451,.T.);
#1613=EDGE_CURVE('',#2065,#2066,#2452,.T.);
#1614=EDGE_CURVE('',#2066,#2062,#2453,.T.);
#1615=EDGE_CURVE('',#2061,#2067,#2454,.F.);
#1616=EDGE_CURVE('',#2068,#2067,#2455,.T.);
#1617=EDGE_CURVE('',#2068,#2065,#2456,.T.);
#1618=EDGE_CURVE('',#2069,#2065,#218,.T.);
#1619=EDGE_CURVE('',#2070,#2068,#219,.T.);
#1620=EDGE_CURVE('',#2070,#2069,#2457,.T.);
#1621=EDGE_CURVE('',#2071,#2069,#220,.T.);
#1622=EDGE_CURVE('',#2072,#2070,#221,.T.);
#1623=EDGE_CURVE('',#2072,#2071,#2458,.T.);
#1624=EDGE_CURVE('',#2073,#2071,#222,.T.);
#1625=EDGE_CURVE('',#2074,#2072,#223,.T.);
#1626=EDGE_CURVE('',#2074,#2073,#2459,.T.);
#1627=EDGE_CURVE('',#2075,#2076,#224,.F.);
#1628=EDGE_CURVE('',#2077,#2075,#2460,.T.);
#1629=EDGE_CURVE('',#2077,#2078,#225,.F.);
#1630=EDGE_CURVE('',#2078,#2076,#2461,.T.);
#1631=EDGE_CURVE('',#2076,#2079,#226,.T.);
#1632=EDGE_CURVE('',#2078,#2080,#227,.T.);
#1633=EDGE_CURVE('',#2080,#2079,#2462,.T.);
#1634=EDGE_CURVE('',#2079,#2081,#228,.F.);
#1635=EDGE_CURVE('',#2080,#2082,#229,.F.);
#1636=EDGE_CURVE('',#2082,#2081,#2463,.T.);
#1637=EDGE_CURVE('',#2063,#2083,#2464,.T.);
#1638=EDGE_CURVE('',#2081,#2083,#2465,.T.);
#1639=EDGE_CURVE('',#2082,#2084,#2466,.T.);
#1640=EDGE_CURVE('',#2084,#2064,#2467,.F.);
#1641=EDGE_CURVE('',#2067,#2084,#2468,.T.);
#1642=EDGE_CURVE('',#2085,#2077,#2469,.T.);
#1643=EDGE_CURVE('',#2086,#2085,#230,.T.);
#1644=EDGE_CURVE('',#2087,#2086,#2470,.F.);
#1645=EDGE_CURVE('',#2087,#2088,#231,.T.);
#1646=EDGE_CURVE('',#2088,#2074,#2471,.T.);
#1647=EDGE_CURVE('',#2089,#2073,#2472,.T.);
#1648=EDGE_CURVE('',#2088,#2089,#2473,.T.);
#1649=EDGE_CURVE('',#2083,#2066,#2474,.F.);
#1650=EDGE_CURVE('',#2089,#2090,#232,.F.);
#1651=EDGE_CURVE('',#2090,#2091,#2475,.T.);
#1652=EDGE_CURVE('',#2092,#2091,#233,.T.);
#1653=EDGE_CURVE('',#2092,#2075,#2476,.T.);
#1654=EDGE_CURVE('',#2085,#2092,#2477,.T.);
#1655=EDGE_CURVE('',#2039,#2090,#155,.T.);
#1656=EDGE_CURVE('',#2037,#2091,#156,.T.);
#1657=EDGE_CURVE('',#2087,#2041,#157,.T.);
#1658=EDGE_CURVE('',#2086,#2043,#158,.T.);
#1659=EDGE_CURVE('',#2093,#2094,#2478,.T.);
#1660=EDGE_CURVE('',#2093,#2095,#2479,.T.);
#1661=EDGE_CURVE('',#2095,#2096,#170,.F.);
#1662=EDGE_CURVE('',#2096,#2097,#2480,.T.);
#1663=EDGE_CURVE('',#2097,#2098,#2481,.T.);
#1664=EDGE_CURVE('',#2098,#2099,#2482,.T.);
#1665=EDGE_CURVE('',#2099,#2100,#2483,.T.);
#1666=EDGE_CURVE('',#2094,#2100,#2484,.T.);
#1667=EDGE_CURVE('',#2101,#2102,#234,.T.);
#1668=EDGE_CURVE('',#2102,#2103,#171,.F.);
#1669=EDGE_CURVE('',#2103,#2104,#2485,.T.);
#1670=EDGE_CURVE('',#2104,#2105,#235,.T.);
#1671=EDGE_CURVE('',#2105,#2094,#2486,.T.);
#1672=EDGE_CURVE('',#2100,#2106,#2487,.T.);
#1673=EDGE_CURVE('',#2106,#2107,#2488,.T.);
#1674=EDGE_CURVE('',#2107,#2101,#2489,.T.);
#1675=EDGE_CURVE('',#2105,#2108,#2490,.F.);
#1676=EDGE_CURVE('',#2108,#2093,#2491,.T.);
#1677=EDGE_CURVE('',#2109,#2110,#2492,.T.);
#1678=EDGE_CURVE('',#2110,#2111,#2493,.T.);
#1679=EDGE_CURVE('',#2111,#2109,#2494,.F.);
#1680=EDGE_CURVE('',#2110,#2112,#2495,.T.);
#1681=EDGE_CURVE('',#2109,#2113,#236,.F.);
#1682=EDGE_CURVE('',#2114,#2113,#2496,.T.);
#1683=EDGE_CURVE('',#2115,#2114,#2497,.T.);
#1684=EDGE_CURVE('',#2116,#2115,#2498,.T.);
#1685=EDGE_CURVE('',#2117,#2116,#2499,.T.);
#1686=EDGE_CURVE('',#2118,#2117,#2500,.T.);
#1687=EDGE_CURVE('',#2119,#2118,#2501,.T.);
#1688=EDGE_CURVE('',#2097,#2119,#2502,.T.);
#1689=EDGE_CURVE('',#2096,#2120,#172,.T.);
#1690=EDGE_CURVE('',#2120,#2112,#173,.T.);
#1691=EDGE_CURVE('',#2104,#2108,#174,.F.);
#1692=EDGE_CURVE('',#2111,#2121,#175,.F.);
#1693=EDGE_CURVE('',#2121,#2122,#159,.T.);
#1694=EDGE_CURVE('',#2122,#2102,#160,.T.);
#1695=EDGE_CURVE('',#2113,#2101,#2503,.T.);
#1696=EDGE_CURVE('',#2123,#2106,#2504,.T.);
#1697=EDGE_CURVE('',#2123,#2124,#2505,.T.);
#1698=EDGE_CURVE('',#2115,#2124,#2506,.T.);
#1699=EDGE_CURVE('',#2114,#2107,#2507,.T.);
#1700=EDGE_CURVE('',#2125,#2098,#2508,.T.);
#1701=EDGE_CURVE('',#2119,#2125,#2509,.T.);
#1702=EDGE_CURVE('',#2126,#2125,#2510,.T.);
#1703=EDGE_CURVE('',#2118,#2126,#2511,.T.);
#1704=EDGE_CURVE('',#2127,#2126,#2512,.T.);
#1705=EDGE_CURVE('',#2117,#2127,#2513,.T.);
#1706=EDGE_CURVE('',#2128,#2127,#2514,.T.);
#1707=EDGE_CURVE('',#2116,#2128,#2515,.T.);
#1708=EDGE_CURVE('',#2124,#2128,#2516,.T.);
#1709=EDGE_CURVE('',#2099,#2123,#2517,.T.);
#1710=EDGE_CURVE('',#2112,#2121,#2518,.T.);
#1711=EDGE_CURVE('',#2103,#2095,#2519,.T.);
#1712=EDGE_CURVE('',#2120,#2122,#2520,.F.);
#1713=EDGE_CURVE('',#2129,#2130,#2521,.F.);
#1714=EDGE_CURVE('',#2131,#2130,#2522,.T.);
#1715=EDGE_CURVE('',#2132,#2131,#2523,.T.);
#1716=EDGE_CURVE('',#2132,#2129,#2524,.T.);
#1717=EDGE_CURVE('',#2133,#2134,#2525,.T.);
#1718=EDGE_CURVE('',#2133,#2135,#2526,.T.);
#1719=EDGE_CURVE('',#2135,#2136,#2527,.F.);
#1720=EDGE_CURVE('',#2134,#2136,#2528,.T.);
#1721=EDGE_CURVE('',#2137,#2138,#237,.T.);
#1722=EDGE_CURVE('',#2138,#2139,#2529,.T.);
#1723=EDGE_CURVE('',#2139,#2140,#2530,.T.);
#1724=EDGE_CURVE('',#2141,#2140,#2531,.T.);
#1725=EDGE_CURVE('',#2142,#2141,#238,.F.);
#1726=EDGE_CURVE('',#2129,#2142,#2532,.F.);
#1727=EDGE_CURVE('',#2132,#2137,#2533,.T.);
#1728=EDGE_CURVE('',#2139,#2143,#2534,.T.);
#1729=EDGE_CURVE('',#2143,#2144,#2535,.T.);
#1730=EDGE_CURVE('',#2140,#2144,#2536,.F.);
#1731=EDGE_CURVE('',#2136,#2145,#2537,.F.);
#1732=EDGE_CURVE('',#2145,#2146,#239,.F.);
#1733=EDGE_CURVE('',#2146,#2144,#2538,.T.);
#1734=EDGE_CURVE('',#2147,#2143,#2539,.T.);
#1735=EDGE_CURVE('',#2148,#2147,#240,.T.);
#1736=EDGE_CURVE('',#2134,#2148,#2540,.T.);
#1737=EDGE_CURVE('',#2130,#2135,#2541,.T.);
#1738=EDGE_CURVE('',#2142,#2145,#2542,.F.);
#1739=EDGE_CURVE('',#2141,#2146,#2543,.T.);
#1740=EDGE_CURVE('',#2137,#2148,#2544,.T.);
#1741=EDGE_CURVE('',#2131,#2133,#2545,.F.);
#1742=EDGE_CURVE('',#2138,#2147,#2546,.T.);
#1743=EDGE_CURVE('',#2149,#2150,#241,.F.);
#1744=EDGE_CURVE('',#2151,#2150,#2547,.T.);
#1745=EDGE_CURVE('',#2152,#2151,#242,.F.);
#1746=EDGE_CURVE('',#2152,#2149,#2548,.F.);
#1747=EDGE_CURVE('',#2153,#2154,#243,.T.);
#1748=EDGE_CURVE('',#2155,#2153,#2549,.T.);
#1749=EDGE_CURVE('',#2155,#2156,#244,.T.);
#1750=EDGE_CURVE('',#2156,#2154,#2550,.T.);
#1751=EDGE_CURVE('',#2154,#2157,#245,.T.);
#1752=EDGE_CURVE('',#2156,#2158,#246,.T.);
#1753=EDGE_CURVE('',#2158,#2157,#2551,.T.);
#1754=EDGE_CURVE('',#2159,#2160,#2552,.T.);
#1755=EDGE_CURVE('',#2160,#2161,#2553,.F.);
#1756=EDGE_CURVE('',#2157,#2161,#2554,.T.);
#1757=EDGE_CURVE('',#2158,#2162,#2555,.T.);
#1758=EDGE_CURVE('',#2162,#2159,#2556,.F.);
#1759=EDGE_CURVE('',#2163,#2164,#2557,.F.);
#1760=EDGE_CURVE('',#2164,#2160,#2558,.T.);
#1761=EDGE_CURVE('',#2159,#2163,#2559,.T.);
#1762=EDGE_CURVE('',#2165,#2166,#2560,.F.);
#1763=EDGE_CURVE('',#2166,#2164,#2561,.F.);
#1764=EDGE_CURVE('',#2163,#2167,#2562,.F.);
#1765=EDGE_CURVE('',#2168,#2167,#2563,.F.);
#1766=EDGE_CURVE('',#2168,#2165,#2564,.T.);
#1767=EDGE_CURVE('',#2169,#2165,#247,.F.);
#1768=EDGE_CURVE('',#2170,#2168,#248,.F.);
#1769=EDGE_CURVE('',#2170,#2169,#2565,.T.);
#1770=EDGE_CURVE('',#2150,#2169,#249,.T.);
#1771=EDGE_CURVE('',#2151,#2170,#250,.T.);
#1772=EDGE_CURVE('',#2171,#2153,#251,.T.);
#1773=EDGE_CURVE('',#2172,#2171,#2566,.T.);
#1774=EDGE_CURVE('',#2172,#2155,#252,.T.);
#1775=EDGE_CURVE('',#2173,#2171,#2567,.T.);
#1776=EDGE_CURVE('',#2174,#2173,#2568,.T.);
#1777=EDGE_CURVE('',#2174,#2172,#2569,.T.);
#1778=EDGE_CURVE('',#2167,#2162,#2570,.T.);
#1779=EDGE_CURVE('',#2174,#2175,#253,.F.);
#1780=EDGE_CURVE('',#2175,#2176,#2571,.T.);
#1781=EDGE_CURVE('',#2177,#2176,#254,.T.);
#1782=EDGE_CURVE('',#2177,#2152,#2572,.F.);
#1783=EDGE_CURVE('',#2178,#2149,#2573,.F.);
#1784=EDGE_CURVE('',#2177,#2178,#2574,.T.);
#1785=EDGE_CURVE('',#2161,#2166,#2575,.T.);
#1786=EDGE_CURVE('',#2179,#2178,#255,.T.);
#1787=EDGE_CURVE('',#2180,#2179,#2576,.F.);
#1788=EDGE_CURVE('',#2180,#2173,#256,.T.);
#1789=EDGE_CURVE('',#2131,#2175,#161,.T.);
#1790=EDGE_CURVE('',#2130,#2176,#162,.T.);
#1791=EDGE_CURVE('',#2180,#2133,#163,.T.);
#1792=EDGE_CURVE('',#2179,#2135,#164,.T.);
#1793=EDGE_CURVE('',#2181,#2182,#2577,.T.);
#1794=EDGE_CURVE('',#2181,#2183,#257,.F.);
#1795=EDGE_CURVE('',#2184,#2183,#2578,.T.);
#1796=EDGE_CURVE('',#2184,#2185,#258,.F.);
#1797=EDGE_CURVE('',#2186,#2185,#2579,.T.);
#1798=EDGE_CURVE('',#2187,#2186,#2580,.T.);
#1799=EDGE_CURVE('',#2188,#2187,#2581,.T.);
#1800=EDGE_CURVE('',#2189,#2188,#2582,.T.);
#1801=EDGE_CURVE('',#2190,#2189,#2583,.T.);
#1802=EDGE_CURVE('',#2191,#2190,#2584,.T.);
#1803=EDGE_CURVE('',#2192,#2191,#2585,.T.);
#1804=EDGE_CURVE('',#2193,#2192,#2586,.T.);
#1805=EDGE_CURVE('',#2194,#2193,#2587,.T.);
#1806=EDGE_CURVE('',#2195,#2194,#2588,.T.);
#1807=EDGE_CURVE('',#2196,#2195,#2589,.T.);
#1808=EDGE_CURVE('',#2197,#2196,#2590,.T.);
#1809=EDGE_CURVE('',#2197,#2198,#259,.F.);
#1810=EDGE_CURVE('',#2199,#2198,#2591,.T.);
#1811=EDGE_CURVE('',#2199,#2200,#2592,.T.);
#1812=EDGE_CURVE('',#2200,#2201,#2593,.T.);
#1813=EDGE_CURVE('',#2201,#2182,#2594,.T.);
#1814=EDGE_CURVE('',#2202,#2202,#260,.F.);
#1815=EDGE_CURVE('',#2203,#2203,#261,.F.);
#1816=EDGE_CURVE('',#2204,#2204,#262,.F.);
#1817=EDGE_CURVE('',#2205,#2205,#263,.F.);
#1818=EDGE_CURVE('',#2206,#2206,#264,.F.);
#1819=EDGE_CURVE('',#2207,#2208,#2595,.T.);
#1820=EDGE_CURVE('',#2208,#2209,#2596,.T.);
#1821=EDGE_CURVE('',#2209,#2210,#2597,.T.);
#1822=EDGE_CURVE('',#2210,#2207,#2598,.T.);
#1823=EDGE_CURVE('',#2211,#2212,#2599,.T.);
#1824=EDGE_CURVE('',#2211,#2181,#2600,.F.);
#1825=EDGE_CURVE('',#2213,#2182,#2601,.T.);
#1826=EDGE_CURVE('',#2213,#2214,#2602,.T.);
#1827=EDGE_CURVE('',#2214,#2199,#2603,.T.);
#1828=EDGE_CURVE('',#2198,#2212,#2604,.T.);
#1829=EDGE_CURVE('',#2215,#2215,#265,.T.);
#1830=EDGE_CURVE('',#2216,#2216,#266,.T.);
#1831=EDGE_CURVE('',#2217,#2218,#2605,.T.);
#1832=EDGE_CURVE('',#2218,#2211,#267,.T.);
#1833=EDGE_CURVE('',#2212,#2219,#268,.T.);
#1834=EDGE_CURVE('',#2219,#2220,#2606,.T.);
#1835=EDGE_CURVE('',#2220,#2221,#2607,.T.);
#1836=EDGE_CURVE('',#2221,#2222,#2608,.T.);
#1837=EDGE_CURVE('',#2222,#2223,#2609,.T.);
#1838=EDGE_CURVE('',#2223,#2224,#2610,.T.);
#1839=EDGE_CURVE('',#2224,#2225,#2611,.T.);
#1840=EDGE_CURVE('',#2225,#2226,#2612,.T.);
#1841=EDGE_CURVE('',#2226,#2227,#2613,.T.);
#1842=EDGE_CURVE('',#2227,#2228,#2614,.T.);
#1843=EDGE_CURVE('',#2228,#2229,#2615,.T.);
#1844=EDGE_CURVE('',#2229,#2230,#2616,.T.);
#1845=EDGE_CURVE('',#2230,#2231,#2617,.T.);
#1846=EDGE_CURVE('',#2231,#2217,#269,.T.);
#1847=EDGE_CURVE('',#2232,#2232,#270,.T.);
#1848=EDGE_CURVE('',#2233,#2233,#271,.T.);
#1849=EDGE_CURVE('',#2234,#2234,#272,.T.);
#1850=EDGE_CURVE('',#2183,#2218,#2618,.T.);
#1851=EDGE_CURVE('',#2217,#2184,#2619,.F.);
#1852=EDGE_CURVE('',#2219,#2197,#2620,.F.);
#1853=EDGE_CURVE('',#2196,#2220,#2621,.T.);
#1854=EDGE_CURVE('',#2195,#2221,#2622,.T.);
#1855=EDGE_CURVE('',#2194,#2222,#2623,.T.);
#1856=EDGE_CURVE('',#2193,#2223,#2624,.T.);
#1857=EDGE_CURVE('',#2192,#2224,#2625,.T.);
#1858=EDGE_CURVE('',#2191,#2225,#2626,.T.);
#1859=EDGE_CURVE('',#2190,#2226,#2627,.T.);
#1860=EDGE_CURVE('',#2189,#2227,#2628,.T.);
#1861=EDGE_CURVE('',#2188,#2228,#2629,.T.);
#1862=EDGE_CURVE('',#2187,#2229,#2630,.T.);
#1863=EDGE_CURVE('',#2186,#2230,#2631,.T.);
#1864=EDGE_CURVE('',#2185,#2231,#2632,.T.);
#1865=EDGE_CURVE('',#2201,#2235,#2633,.T.);
#1866=EDGE_CURVE('',#2235,#2213,#2634,.T.);
#1867=EDGE_CURVE('',#2214,#2236,#2635,.T.);
#1868=EDGE_CURVE('',#2236,#2200,#2636,.T.);
#1869=EDGE_CURVE('',#2235,#2236,#2637,.T.);
#1870=EDGE_CURVE('',#2207,#2237,#2638,.T.);
#1871=EDGE_CURVE('',#2237,#2238,#2639,.T.);
#1872=EDGE_CURVE('',#2238,#2208,#2640,.T.);
#1873=EDGE_CURVE('',#2238,#2239,#2641,.T.);
#1874=EDGE_CURVE('',#2239,#2209,#2642,.T.);
#1875=EDGE_CURVE('',#2239,#2240,#2643,.T.);
#1876=EDGE_CURVE('',#2240,#2210,#2644,.T.);
#1877=EDGE_CURVE('',#2237,#2240,#2645,.T.);
#1878=VERTEX_POINT('',#5355);
#1879=VERTEX_POINT('',#5356);
#1880=VERTEX_POINT('',#5358);
#1881=VERTEX_POINT('',#5360);
#1882=VERTEX_POINT('',#5363);
#1883=VERTEX_POINT('',#5365);
#1884=VERTEX_POINT('',#5367);
#1885=VERTEX_POINT('',#5369);
#1886=VERTEX_POINT('',#5371);
#1887=VERTEX_POINT('',#5373);
#1888=VERTEX_POINT('',#5374);
#1889=VERTEX_POINT('',#5376);
#1890=VERTEX_POINT('',#5378);
#1891=VERTEX_POINT('',#5380);
#1892=VERTEX_POINT('',#5382);
#1893=VERTEX_POINT('',#5384);
#1894=VERTEX_POINT('',#5386);
#1895=VERTEX_POINT('',#5388);
#1896=VERTEX_POINT('',#5390);
#1897=VERTEX_POINT('',#5392);
#1898=VERTEX_POINT('',#5394);
#1899=VERTEX_POINT('',#5396);
#1900=VERTEX_POINT('',#5398);
#1901=VERTEX_POINT('',#5400);
#1902=VERTEX_POINT('',#5402);
#1903=VERTEX_POINT('',#5404);
#1904=VERTEX_POINT('',#5406);
#1905=VERTEX_POINT('',#5408);
#1906=VERTEX_POINT('',#5410);
#1907=VERTEX_POINT('',#5412);
#1908=VERTEX_POINT('',#5416);
#1909=VERTEX_POINT('',#5418);
#1910=VERTEX_POINT('',#5421);
#1911=VERTEX_POINT('',#5423);
#1912=VERTEX_POINT('',#5425);
#1913=VERTEX_POINT('',#5427);
#1914=VERTEX_POINT('',#5429);
#1915=VERTEX_POINT('',#5431);
#1916=VERTEX_POINT('',#5435);
#1917=VERTEX_POINT('',#5436);
#1918=VERTEX_POINT('',#5441);
#1919=VERTEX_POINT('',#5443);
#1920=VERTEX_POINT('',#5448);
#1921=VERTEX_POINT('',#5450);
#1922=VERTEX_POINT('',#5452);
#1923=VERTEX_POINT('',#5454);
#1924=VERTEX_POINT('',#5459);
#1925=VERTEX_POINT('',#5460);
#1926=VERTEX_POINT('',#5465);
#1927=VERTEX_POINT('',#5467);
#1928=VERTEX_POINT('',#5469);
#1929=VERTEX_POINT('',#5471);
#1930=VERTEX_POINT('',#5473);
#1931=VERTEX_POINT('',#5475);
#1932=VERTEX_POINT('',#5485);
#1933=VERTEX_POINT('',#5487);
#1934=VERTEX_POINT('',#5493);
#1935=VERTEX_POINT('',#5495);
#1936=VERTEX_POINT('',#5497);
#1937=VERTEX_POINT('',#5521);
#1938=VERTEX_POINT('',#5522);
#1939=VERTEX_POINT('',#5524);
#1940=VERTEX_POINT('',#5528);
#1941=VERTEX_POINT('',#5530);
#1942=VERTEX_POINT('',#5532);
#1943=VERTEX_POINT('',#5535);
#1944=VERTEX_POINT('',#5537);
#1945=VERTEX_POINT('',#5539);
#1946=VERTEX_POINT('',#5540);
#1947=VERTEX_POINT('',#5542);
#1948=VERTEX_POINT('',#5544);
#1949=VERTEX_POINT('',#5548);
#1950=VERTEX_POINT('',#5550);
#1951=VERTEX_POINT('',#5552);
#1952=VERTEX_POINT('',#5554);
#1953=VERTEX_POINT('',#5558);
#1954=VERTEX_POINT('',#5562);
#1955=VERTEX_POINT('',#5566);
#1956=VERTEX_POINT('',#5568);
#1957=VERTEX_POINT('',#5570);
#1958=VERTEX_POINT('',#5572);
#1959=VERTEX_POINT('',#5574);
#1960=VERTEX_POINT('',#5576);
#1961=VERTEX_POINT('',#5578);
#1962=VERTEX_POINT('',#5580);
#1963=VERTEX_POINT('',#5582);
#1964=VERTEX_POINT('',#5584);
#1965=VERTEX_POINT('',#5586);
#1966=VERTEX_POINT('',#5588);
#1967=VERTEX_POINT('',#5590);
#1968=VERTEX_POINT('',#5592);
#1969=VERTEX_POINT('',#5594);
#1970=VERTEX_POINT('',#5596);
#1971=VERTEX_POINT('',#5598);
#1972=VERTEX_POINT('',#5602);
#1973=VERTEX_POINT('',#5603);
#1974=VERTEX_POINT('',#5605);
#1975=VERTEX_POINT('',#5607);
#1976=VERTEX_POINT('',#5609);
#1977=VERTEX_POINT('',#5623);
#1978=VERTEX_POINT('',#5624);
#1979=VERTEX_POINT('',#5628);
#1980=VERTEX_POINT('',#5630);
#1981=VERTEX_POINT('',#5633);
#1982=VERTEX_POINT('',#5635);
#1983=VERTEX_POINT('',#5640);
#1984=VERTEX_POINT('',#5644);
#1985=VERTEX_POINT('',#5651);
#1986=VERTEX_POINT('',#5656);
#1987=VERTEX_POINT('',#5660);
#1988=VERTEX_POINT('',#5664);
#1989=VERTEX_POINT('',#5666);
#1990=VERTEX_POINT('',#5670);
#1991=VERTEX_POINT('',#5674);
#1992=VERTEX_POINT('',#5678);
#1993=VERTEX_POINT('',#5680);
#1994=VERTEX_POINT('',#5684);
#1995=VERTEX_POINT('',#5688);
#1996=VERTEX_POINT('',#5694);
#1997=VERTEX_POINT('',#5698);
#1998=VERTEX_POINT('',#5702);
#1999=VERTEX_POINT('',#5708);
#2000=VERTEX_POINT('',#5712);
#2001=VERTEX_POINT('',#5716);
#2002=VERTEX_POINT('',#5722);
#2003=VERTEX_POINT('',#5724);
#2004=VERTEX_POINT('',#5728);
#2005=VERTEX_POINT('',#5736);
#2006=VERTEX_POINT('',#5742);
#2007=VERTEX_POINT('',#5743);
#2008=VERTEX_POINT('',#5745);
#2009=VERTEX_POINT('',#5747);
#2010=VERTEX_POINT('',#5749);
#2011=VERTEX_POINT('',#5753);
#2012=VERTEX_POINT('',#5755);
#2013=VERTEX_POINT('',#5756);
#2014=VERTEX_POINT('',#5758);
#2015=VERTEX_POINT('',#5760);
#2016=VERTEX_POINT('',#5762);
#2017=VERTEX_POINT('',#5778);
#2018=VERTEX_POINT('',#5782);
#2019=VERTEX_POINT('',#5786);
#2020=VERTEX_POINT('',#5790);
#2021=VERTEX_POINT('',#5794);
#2022=VERTEX_POINT('',#5798);
#2023=VERTEX_POINT('',#5800);
#2024=VERTEX_POINT('',#5804);
#2025=VERTEX_POINT('',#5808);
#2026=VERTEX_POINT('',#5854);
#2027=VERTEX_POINT('',#5858);
#2028=VERTEX_POINT('',#5862);
#2029=VERTEX_POINT('',#5866);
#2030=VERTEX_POINT('',#5870);
#2031=VERTEX_POINT('',#5874);
#2032=VERTEX_POINT('',#5876);
#2033=VERTEX_POINT('',#5880);
#2034=VERTEX_POINT('',#5884);
#2035=VERTEX_POINT('',#5890);
#2036=VERTEX_POINT('',#5894);
#2037=VERTEX_POINT('',#5903);
#2038=VERTEX_POINT('',#5904);
#2039=VERTEX_POINT('',#5906);
#2040=VERTEX_POINT('',#5908);
#2041=VERTEX_POINT('',#5912);
#2042=VERTEX_POINT('',#5913);
#2043=VERTEX_POINT('',#5915);
#2044=VERTEX_POINT('',#5917);
#2045=VERTEX_POINT('',#5921);
#2046=VERTEX_POINT('',#5922);
#2047=VERTEX_POINT('',#5924);
#2048=VERTEX_POINT('',#5926);
#2049=VERTEX_POINT('',#5931);
#2050=VERTEX_POINT('',#5933);
#2051=VERTEX_POINT('',#5940);
#2052=VERTEX_POINT('',#5942);
#2053=VERTEX_POINT('',#5946);
#2054=VERTEX_POINT('',#5948);
#2055=VERTEX_POINT('',#5950);
#2056=VERTEX_POINT('',#5952);
#2057=VERTEX_POINT('',#5956);
#2058=VERTEX_POINT('',#5957);
#2059=VERTEX_POINT('',#5962);
#2060=VERTEX_POINT('',#5965);
#2061=VERTEX_POINT('',#5976);
#2062=VERTEX_POINT('',#5977);
#2063=VERTEX_POINT('',#5979);
#2064=VERTEX_POINT('',#5981);
#2065=VERTEX_POINT('',#5985);
#2066=VERTEX_POINT('',#5986);
#2067=VERTEX_POINT('',#5989);
#2068=VERTEX_POINT('',#5991);
#2069=VERTEX_POINT('',#5995);
#2070=VERTEX_POINT('',#5997);
#2071=VERTEX_POINT('',#6001);
#2072=VERTEX_POINT('',#6003);
#2073=VERTEX_POINT('',#6007);
#2074=VERTEX_POINT('',#6009);
#2075=VERTEX_POINT('',#6013);
#2076=VERTEX_POINT('',#6014);
#2077=VERTEX_POINT('',#6016);
#2078=VERTEX_POINT('',#6018);
#2079=VERTEX_POINT('',#6022);
#2080=VERTEX_POINT('',#6024);
#2081=VERTEX_POINT('',#6028);
#2082=VERTEX_POINT('',#6030);
#2083=VERTEX_POINT('',#6034);
#2084=VERTEX_POINT('',#6037);
#2085=VERTEX_POINT('',#6042);
#2086=VERTEX_POINT('',#6044);
#2087=VERTEX_POINT('',#6046);
#2088=VERTEX_POINT('',#6048);
#2089=VERTEX_POINT('',#6052);
#2090=VERTEX_POINT('',#6057);
#2091=VERTEX_POINT('',#6059);
#2092=VERTEX_POINT('',#6061);
#2093=VERTEX_POINT('',#6128);
#2094=VERTEX_POINT('',#6129);
#2095=VERTEX_POINT('',#6131);
#2096=VERTEX_POINT('',#6133);
#2097=VERTEX_POINT('',#6135);
#2098=VERTEX_POINT('',#6137);
#2099=VERTEX_POINT('',#6139);
#2100=VERTEX_POINT('',#6141);
#2101=VERTEX_POINT('',#6145);
#2102=VERTEX_POINT('',#6146);
#2103=VERTEX_POINT('',#6148);
#2104=VERTEX_POINT('',#6150);
#2105=VERTEX_POINT('',#6152);
#2106=VERTEX_POINT('',#6155);
#2107=VERTEX_POINT('',#6157);
#2108=VERTEX_POINT('',#6161);
#2109=VERTEX_POINT('',#6165);
#2110=VERTEX_POINT('',#6166);
#2111=VERTEX_POINT('',#6168);
#2112=VERTEX_POINT('',#6172);
#2113=VERTEX_POINT('',#6174);
#2114=VERTEX_POINT('',#6176);
#2115=VERTEX_POINT('',#6178);
#2116=VERTEX_POINT('',#6180);
#2117=VERTEX_POINT('',#6182);
#2118=VERTEX_POINT('',#6184);
#2119=VERTEX_POINT('',#6186);
#2120=VERTEX_POINT('',#6189);
#2121=VERTEX_POINT('',#6195);
#2122=VERTEX_POINT('',#6200);
#2123=VERTEX_POINT('',#6208);
#2124=VERTEX_POINT('',#6210);
#2125=VERTEX_POINT('',#6215);
#2126=VERTEX_POINT('',#6219);
#2127=VERTEX_POINT('',#6223);
#2128=VERTEX_POINT('',#6227);
#2129=VERTEX_POINT('',#6247);
#2130=VERTEX_POINT('',#6248);
#2131=VERTEX_POINT('',#6250);
#2132=VERTEX_POINT('',#6252);
#2133=VERTEX_POINT('',#6256);
#2134=VERTEX_POINT('',#6257);
#2135=VERTEX_POINT('',#6259);
#2136=VERTEX_POINT('',#6261);
#2137=VERTEX_POINT('',#6265);
#2138=VERTEX_POINT('',#6266);
#2139=VERTEX_POINT('',#6268);
#2140=VERTEX_POINT('',#6270);
#2141=VERTEX_POINT('',#6272);
#2142=VERTEX_POINT('',#6274);
#2143=VERTEX_POINT('',#6279);
#2144=VERTEX_POINT('',#6281);
#2145=VERTEX_POINT('',#6285);
#2146=VERTEX_POINT('',#6287);
#2147=VERTEX_POINT('',#6290);
#2148=VERTEX_POINT('',#6292);
#2149=VERTEX_POINT('',#6308);
#2150=VERTEX_POINT('',#6309);
#2151=VERTEX_POINT('',#6311);
#2152=VERTEX_POINT('',#6313);
#2153=VERTEX_POINT('',#6317);
#2154=VERTEX_POINT('',#6318);
#2155=VERTEX_POINT('',#6320);
#2156=VERTEX_POINT('',#6322);
#2157=VERTEX_POINT('',#6326);
#2158=VERTEX_POINT('',#6328);
#2159=VERTEX_POINT('',#6332);
#2160=VERTEX_POINT('',#6333);
#2161=VERTEX_POINT('',#6335);
#2162=VERTEX_POINT('',#6338);
#2163=VERTEX_POINT('',#6342);
#2164=VERTEX_POINT('',#6343);
#2165=VERTEX_POINT('',#6348);
#2166=VERTEX_POINT('',#6349);
#2167=VERTEX_POINT('',#6352);
#2168=VERTEX_POINT('',#6354);
#2169=VERTEX_POINT('',#6358);
#2170=VERTEX_POINT('',#6360);
#2171=VERTEX_POINT('',#6367);
#2172=VERTEX_POINT('',#6369);
#2173=VERTEX_POINT('',#6373);
#2174=VERTEX_POINT('',#6375);
#2175=VERTEX_POINT('',#6380);
#2176=VERTEX_POINT('',#6382);
#2177=VERTEX_POINT('',#6384);
#2178=VERTEX_POINT('',#6388);
#2179=VERTEX_POINT('',#6393);
#2180=VERTEX_POINT('',#6395);
#2181=VERTEX_POINT('',#6462);
#2182=VERTEX_POINT('',#6463);
#2183=VERTEX_POINT('',#6465);
#2184=VERTEX_POINT('',#6467);
#2185=VERTEX_POINT('',#6469);
#2186=VERTEX_POINT('',#6471);
#2187=VERTEX_POINT('',#6473);
#2188=VERTEX_POINT('',#6475);
#2189=VERTEX_POINT('',#6477);
#2190=VERTEX_POINT('',#6479);
#2191=VERTEX_POINT('',#6481);
#2192=VERTEX_POINT('',#6483);
#2193=VERTEX_POINT('',#6485);
#2194=VERTEX_POINT('',#6487);
#2195=VERTEX_POINT('',#6489);
#2196=VERTEX_POINT('',#6491);
#2197=VERTEX_POINT('',#6493);
#2198=VERTEX_POINT('',#6495);
#2199=VERTEX_POINT('',#6497);
#2200=VERTEX_POINT('',#6499);
#2201=VERTEX_POINT('',#6501);
#2202=VERTEX_POINT('',#6504);
#2203=VERTEX_POINT('',#6506);
#2204=VERTEX_POINT('',#6508);
#2205=VERTEX_POINT('',#6510);
#2206=VERTEX_POINT('',#6512);
#2207=VERTEX_POINT('',#6514);
#2208=VERTEX_POINT('',#6515);
#2209=VERTEX_POINT('',#6517);
#2210=VERTEX_POINT('',#6519);
#2211=VERTEX_POINT('',#6523);
#2212=VERTEX_POINT('',#6524);
#2213=VERTEX_POINT('',#6527);
#2214=VERTEX_POINT('',#6529);
#2215=VERTEX_POINT('',#6534);
#2216=VERTEX_POINT('',#6536);
#2217=VERTEX_POINT('',#6538);
#2218=VERTEX_POINT('',#6539);
#2219=VERTEX_POINT('',#6542);
#2220=VERTEX_POINT('',#6544);
#2221=VERTEX_POINT('',#6546);
#2222=VERTEX_POINT('',#6548);
#2223=VERTEX_POINT('',#6550);
#2224=VERTEX_POINT('',#6552);
#2225=VERTEX_POINT('',#6554);
#2226=VERTEX_POINT('',#6556);
#2227=VERTEX_POINT('',#6558);
#2228=VERTEX_POINT('',#6560);
#2229=VERTEX_POINT('',#6562);
#2230=VERTEX_POINT('',#6564);
#2231=VERTEX_POINT('',#6566);
#2232=VERTEX_POINT('',#6569);
#2233=VERTEX_POINT('',#6571);
#2234=VERTEX_POINT('',#6573);
#2235=VERTEX_POINT('',#6609);
#2236=VERTEX_POINT('',#6613);
#2237=VERTEX_POINT('',#6619);
#2238=VERTEX_POINT('',#6621);
#2239=VERTEX_POINT('',#6625);
#2240=VERTEX_POINT('',#6629);
#2241=LINE('',#5354,#2646);
#2242=LINE('',#5357,#2647);
#2243=LINE('',#5359,#2648);
#2244=LINE('',#5361,#2649);
#2245=LINE('',#5372,#2650);
#2246=LINE('',#5375,#2651);
#2247=LINE('',#5379,#2652);
#2248=LINE('',#5383,#2653);
#2249=LINE('',#5385,#2654);
#2250=LINE('',#5387,#2655);
#2251=LINE('',#5389,#2656);
#2252=LINE('',#5391,#2657);
#2253=LINE('',#5393,#2658);
#2254=LINE('',#5395,#2659);
#2255=LINE('',#5397,#2660);
#2256=LINE('',#5399,#2661);
#2257=LINE('',#5401,#2662);
#2258=LINE('',#5403,#2663);
#2259=LINE('',#5405,#2664);
#2260=LINE('',#5409,#2665);
#2261=LINE('',#5411,#2666);
#2262=LINE('',#5413,#2667);
#2263=LINE('',#5415,#2668);
#2264=LINE('',#5417,#2669);
#2265=LINE('',#5419,#2670);
#2266=LINE('',#5420,#2671);
#2267=LINE('',#5422,#2672);
#2268=LINE('',#5424,#2673);
#2269=LINE('',#5426,#2674);
#2270=LINE('',#5428,#2675);
#2271=LINE('',#5432,#2676);
#2272=LINE('',#5451,#2677);
#2273=LINE('',#5453,#2678);
#2274=LINE('',#5455,#2679);
#2275=LINE('',#5456,#2680);
#2276=LINE('',#5466,#2681);
#2277=LINE('',#5468,#2682);
#2278=LINE('',#5470,#2683);
#2279=LINE('',#5472,#2684);
#2280=LINE('',#5474,#2685);
#2281=LINE('',#5492,#2686);
#2282=LINE('',#5494,#2687);
#2283=LINE('',#5496,#2688);
#2284=LINE('',#5498,#2689);
#2285=LINE('',#5520,#2690);
#2286=LINE('',#5523,#2691);
#2287=LINE('',#5526,#2692);
#2288=LINE('',#5529,#2693);
#2289=LINE('',#5533,#2694);
#2290=LINE('',#5538,#2695);
#2291=LINE('',#5541,#2696);
#2292=LINE('',#5543,#2697);
#2293=LINE('',#5545,#2698);
#2294=LINE('',#5547,#2699);
#2295=LINE('',#5549,#2700);
#2296=LINE('',#5551,#2701);
#2297=LINE('',#5553,#2702);
#2298=LINE('',#5555,#2703);
#2299=LINE('',#5557,#2704);
#2300=LINE('',#5559,#2705);
#2301=LINE('',#5561,#2706);
#2302=LINE('',#5563,#2707);
#2303=LINE('',#5569,#2708);
#2304=LINE('',#5571,#2709);
#2305=LINE('',#5573,#2710);
#2306=LINE('',#5575,#2711);
#2307=LINE('',#5579,#2712);
#2308=LINE('',#5581,#2713);
#2309=LINE('',#5583,#2714);
#2310=LINE('',#5585,#2715);
#2311=LINE('',#5587,#2716);
#2312=LINE('',#5591,#2717);
#2313=LINE('',#5593,#2718);
#2314=LINE('',#5595,#2719);
#2315=LINE('',#5597,#2720);
#2316=LINE('',#5599,#2721);
#2317=LINE('',#5601,#2722);
#2318=LINE('',#5604,#2723);
#2319=LINE('',#5606,#2724);
#2320=LINE('',#5608,#2725);
#2321=LINE('',#5612,#2726);
#2322=LINE('',#5613,#2727);
#2323=LINE('',#5615,#2728);
#2324=LINE('',#5617,#2729);
#2325=LINE('',#5619,#2730);
#2326=LINE('',#5622,#2731);
#2327=LINE('',#5625,#2732);
#2328=LINE('',#5626,#2733);
#2329=LINE('',#5627,#2734);
#2330=LINE('',#5629,#2735);
#2331=LINE('',#5631,#2736);
#2332=LINE('',#5632,#2737);
#2333=LINE('',#5634,#2738);
#2334=LINE('',#5636,#2739);
#2335=LINE('',#5637,#2740);
#2336=LINE('',#5639,#2741);
#2337=LINE('',#5641,#2742);
#2338=LINE('',#5643,#2743);
#2339=LINE('',#5645,#2744);
#2340=LINE('',#5647,#2745);
#2341=LINE('',#5648,#2746);
#2342=LINE('',#5650,#2747);
#2343=LINE('',#5655,#2748);
#2344=LINE('',#5657,#2749);
#2345=LINE('',#5659,#2750);
#2346=LINE('',#5661,#2751);
#2347=LINE('',#5663,#2752);
#2348=LINE('',#5665,#2753);
#2349=LINE('',#5667,#2754);
#2350=LINE('',#5669,#2755);
#2351=LINE('',#5671,#2756);
#2352=LINE('',#5673,#2757);
#2353=LINE('',#5675,#2758);
#2354=LINE('',#5677,#2759);
#2355=LINE('',#5681,#2760);
#2356=LINE('',#5683,#2761);
#2357=LINE('',#5685,#2762);
#2358=LINE('',#5687,#2763);
#2359=LINE('',#5689,#2764);
#2360=LINE('',#5691,#2765);
#2361=LINE('',#5693,#2766);
#2362=LINE('',#5695,#2767);
#2363=LINE('',#5697,#2768);
#2364=LINE('',#5701,#2769);
#2365=LINE('',#5703,#2770);
#2366=LINE('',#5705,#2771);
#2367=LINE('',#5707,#2772);
#2368=LINE('',#5709,#2773);
#2369=LINE('',#5711,#2774);
#2370=LINE('',#5715,#2775);
#2371=LINE('',#5717,#2776);
#2372=LINE('',#5721,#2777);
#2373=LINE('',#5723,#2778);
#2374=LINE('',#5725,#2779);
#2375=LINE('',#5727,#2780);
#2376=LINE('',#5729,#2781);
#2377=LINE('',#5730,#2782);
#2378=LINE('',#5732,#2783);
#2379=LINE('',#5735,#2784);
#2380=LINE('',#5737,#2785);
#2381=LINE('',#5739,#2786);
#2382=LINE('',#5741,#2787);
#2383=LINE('',#5746,#2788);
#2384=LINE('',#5748,#2789);
#2385=LINE('',#5750,#2790);
#2386=LINE('',#5754,#2791);
#2387=LINE('',#5757,#2792);
#2388=LINE('',#5761,#2793);
#2389=LINE('',#5763,#2794);
#2390=LINE('',#5765,#2795);
#2391=LINE('',#5766,#2796);
#2392=LINE('',#5768,#2797);
#2393=LINE('',#5770,#2798);
#2394=LINE('',#5772,#2799);
#2395=LINE('',#5797,#2800);
#2396=LINE('',#5799,#2801);
#2397=LINE('',#5801,#2802);
#2398=LINE('',#5803,#2803);
#2399=LINE('',#5805,#2804);
#2400=LINE('',#5807,#2805);
#2401=LINE('',#5809,#2806);
#2402=LINE('',#5811,#2807);
#2403=LINE('',#5873,#2808);
#2404=LINE('',#5875,#2809);
#2405=LINE('',#5877,#2810);
#2406=LINE('',#5879,#2811);
#2407=LINE('',#5881,#2812);
#2408=LINE('',#5883,#2813);
#2409=LINE('',#5885,#2814);
#2410=LINE('',#5887,#2815);
#2411=LINE('',#5889,#2816);
#2412=LINE('',#5891,#2817);
#2413=LINE('',#5893,#2818);
#2414=LINE('',#5895,#2819);
#2415=LINE('',#5897,#2820);
#2416=LINE('',#5902,#2821);
#2417=LINE('',#5905,#2822);
#2418=LINE('',#5907,#2823);
#2419=LINE('',#5909,#2824);
#2420=LINE('',#5911,#2825);
#2421=LINE('',#5914,#2826);
#2422=LINE('',#5916,#2827);
#2423=LINE('',#5918,#2828);
#2424=LINE('',#5920,#2829);
#2425=LINE('',#5923,#2830);
#2426=LINE('',#5925,#2831);
#2427=LINE('',#5927,#2832);
#2428=LINE('',#5929,#2833);
#2429=LINE('',#5930,#2834);
#2430=LINE('',#5932,#2835);
#2431=LINE('',#5934,#2836);
#2432=LINE('',#5935,#2837);
#2433=LINE('',#5937,#2838);
#2434=LINE('',#5938,#2839);
#2435=LINE('',#5939,#2840);
#2436=LINE('',#5941,#2841);
#2437=LINE('',#5943,#2842);
#2438=LINE('',#5947,#2843);
#2439=LINE('',#5949,#2844);
#2440=LINE('',#5951,#2845);
#2441=LINE('',#5955,#2846);
#2442=LINE('',#5958,#2847);
#2443=LINE('',#5959,#2848);
#2444=LINE('',#5963,#2849);
#2445=LINE('',#5964,#2850);
#2446=LINE('',#5968,#2851);
#2447=LINE('',#5971,#2852);
#2448=LINE('',#5975,#2853);
#2449=LINE('',#5978,#2854);
#2450=LINE('',#5980,#2855);
#2451=LINE('',#5982,#2856);
#2452=LINE('',#5984,#2857);
#2453=LINE('',#5987,#2858);
#2454=LINE('',#5988,#2859);
#2455=LINE('',#5990,#2860);
#2456=LINE('',#5992,#2861);
#2457=LINE('',#5998,#2862);
#2458=LINE('',#6004,#2863);
#2459=LINE('',#6010,#2864);
#2460=LINE('',#6015,#2865);
#2461=LINE('',#6019,#2866);
#2462=LINE('',#6025,#2867);
#2463=LINE('',#6031,#2868);
#2464=LINE('',#6033,#2869);
#2465=LINE('',#6035,#2870);
#2466=LINE('',#6036,#2871);
#2467=LINE('',#6038,#2872);
#2468=LINE('',#6040,#2873);
#2469=LINE('',#6041,#2874);
#2470=LINE('',#6045,#2875);
#2471=LINE('',#6049,#2876);
#2472=LINE('',#6051,#2877);
#2473=LINE('',#6053,#2878);
#2474=LINE('',#6055,#2879);
#2475=LINE('',#6058,#2880);
#2476=LINE('',#6062,#2881);
#2477=LINE('',#6064,#2882);
#2478=LINE('',#6127,#2883);
#2479=LINE('',#6130,#2884);
#2480=LINE('',#6134,#2885);
#2481=LINE('',#6136,#2886);
#2482=LINE('',#6138,#2887);
#2483=LINE('',#6140,#2888);
#2484=LINE('',#6142,#2889);
#2485=LINE('',#6149,#2890);
#2486=LINE('',#6153,#2891);
#2487=LINE('',#6154,#2892);
#2488=LINE('',#6156,#2893);
#2489=LINE('',#6158,#2894);
#2490=LINE('',#6160,#2895);
#2491=LINE('',#6162,#2896);
#2492=LINE('',#6164,#2897);
#2493=LINE('',#6167,#2898);
#2494=LINE('',#6169,#2899);
#2495=LINE('',#6171,#2900);
#2496=LINE('',#6175,#2901);
#2497=LINE('',#6177,#2902);
#2498=LINE('',#6179,#2903);
#2499=LINE('',#6181,#2904);
#2500=LINE('',#6183,#2905);
#2501=LINE('',#6185,#2906);
#2502=LINE('',#6187,#2907);
#2503=LINE('',#6205,#2908);
#2504=LINE('',#6207,#2909);
#2505=LINE('',#6209,#2910);
#2506=LINE('',#6211,#2911);
#2507=LINE('',#6212,#2912);
#2508=LINE('',#6214,#2913);
#2509=LINE('',#6216,#2914);
#2510=LINE('',#6218,#2915);
#2511=LINE('',#6220,#2916);
#2512=LINE('',#6222,#2917);
#2513=LINE('',#6224,#2918);
#2514=LINE('',#6226,#2919);
#2515=LINE('',#6228,#2920);
#2516=LINE('',#6230,#2921);
#2517=LINE('',#6233,#2922);
#2518=LINE('',#6236,#2923);
#2519=LINE('',#6238,#2924);
#2520=LINE('',#6240,#2925);
#2521=LINE('',#6246,#2926);
#2522=LINE('',#6249,#2927);
#2523=LINE('',#6251,#2928);
#2524=LINE('',#6253,#2929);
#2525=LINE('',#6255,#2930);
#2526=LINE('',#6258,#2931);
#2527=LINE('',#6260,#2932);
#2528=LINE('',#6262,#2933);
#2529=LINE('',#6267,#2934);
#2530=LINE('',#6269,#2935);
#2531=LINE('',#6271,#2936);
#2532=LINE('',#6275,#2937);
#2533=LINE('',#6276,#2938);
#2534=LINE('',#6278,#2939);
#2535=LINE('',#6280,#2940);
#2536=LINE('',#6282,#2941);
#2537=LINE('',#6284,#2942);
#2538=LINE('',#6288,#2943);
#2539=LINE('',#6289,#2944);
#2540=LINE('',#6293,#2945);
#2541=LINE('',#6295,#2946);
#2542=LINE('',#6296,#2947);
#2543=LINE('',#6298,#2948);
#2544=LINE('',#6301,#2949);
#2545=LINE('',#6302,#2950);
#2546=LINE('',#6304,#2951);
#2547=LINE('',#6310,#2952);
#2548=LINE('',#6314,#2953);
#2549=LINE('',#6319,#2954);
#2550=LINE('',#6323,#2955);
#2551=LINE('',#6329,#2956);
#2552=LINE('',#6331,#2957);
#2553=LINE('',#6334,#2958);
#2554=LINE('',#6336,#2959);
#2555=LINE('',#6337,#2960);
#2556=LINE('',#6339,#2961);
#2557=LINE('',#6341,#2962);
#2558=LINE('',#6344,#2963);
#2559=LINE('',#6345,#2964);
#2560=LINE('',#6347,#2965);
#2561=LINE('',#6350,#2966);
#2562=LINE('',#6351,#2967);
#2563=LINE('',#6353,#2968);
#2564=LINE('',#6355,#2969);
#2565=LINE('',#6361,#2970);
#2566=LINE('',#6368,#2971);
#2567=LINE('',#6372,#2972);
#2568=LINE('',#6374,#2973);
#2569=LINE('',#6376,#2974);
#2570=LINE('',#6378,#2975);
#2571=LINE('',#6381,#2976);
#2572=LINE('',#6385,#2977);
#2573=LINE('',#6387,#2978);
#2574=LINE('',#6389,#2979);
#2575=LINE('',#6391,#2980);
#2576=LINE('',#6394,#2981);
#2577=LINE('',#6461,#2982);
#2578=LINE('',#6466,#2983);
#2579=LINE('',#6470,#2984);
#2580=LINE('',#6472,#2985);
#2581=LINE('',#6474,#2986);
#2582=LINE('',#6476,#2987);
#2583=LINE('',#6478,#2988);
#2584=LINE('',#6480,#2989);
#2585=LINE('',#6482,#2990);
#2586=LINE('',#6484,#2991);
#2587=LINE('',#6486,#2992);
#2588=LINE('',#6488,#2993);
#2589=LINE('',#6490,#2994);
#2590=LINE('',#6492,#2995);
#2591=LINE('',#6496,#2996);
#2592=LINE('',#6498,#2997);
#2593=LINE('',#6500,#2998);
#2594=LINE('',#6502,#2999);
#2595=LINE('',#6513,#3000);
#2596=LINE('',#6516,#3001);
#2597=LINE('',#6518,#3002);
#2598=LINE('',#6520,#3003);
#2599=LINE('',#6522,#3004);
#2600=LINE('',#6525,#3005);
#2601=LINE('',#6526,#3006);
#2602=LINE('',#6528,#3007);
#2603=LINE('',#6530,#3008);
#2604=LINE('',#6531,#3009);
#2605=LINE('',#6537,#3010);
#2606=LINE('',#6543,#3011);
#2607=LINE('',#6545,#3012);
#2608=LINE('',#6547,#3013);
#2609=LINE('',#6549,#3014);
#2610=LINE('',#6551,#3015);
#2611=LINE('',#6553,#3016);
#2612=LINE('',#6555,#3017);
#2613=LINE('',#6557,#3018);
#2614=LINE('',#6559,#3019);
#2615=LINE('',#6561,#3020);
#2616=LINE('',#6563,#3021);
#2617=LINE('',#6565,#3022);
#2618=LINE('',#6575,#3023);
#2619=LINE('',#6576,#3024);
#2620=LINE('',#6578,#3025);
#2621=LINE('',#6579,#3026);
#2622=LINE('',#6581,#3027);
#2623=LINE('',#6583,#3028);
#2624=LINE('',#6585,#3029);
#2625=LINE('',#6587,#3030);
#2626=LINE('',#6589,#3031);
#2627=LINE('',#6591,#3032);
#2628=LINE('',#6593,#3033);
#2629=LINE('',#6595,#3034);
#2630=LINE('',#6597,#3035);
#2631=LINE('',#6599,#3036);
#2632=LINE('',#6601,#3037);
#2633=LINE('',#6608,#3038);
#2634=LINE('',#6610,#3039);
#2635=LINE('',#6612,#3040);
#2636=LINE('',#6614,#3041);
#2637=LINE('',#6616,#3042);
#2638=LINE('',#6618,#3043);
#2639=LINE('',#6620,#3044);
#2640=LINE('',#6622,#3045);
#2641=LINE('',#6624,#3046);
#2642=LINE('',#6626,#3047);
#2643=LINE('',#6628,#3048);
#2644=LINE('',#6630,#3049);
#2645=LINE('',#6632,#3050);
#2646=VECTOR('',#4299,1000.);
#2647=VECTOR('',#4300,1000.);
#2648=VECTOR('',#4301,1000.);
#2649=VECTOR('',#4302,1000.);
#2650=VECTOR('',#4313,1000.);
#2651=VECTOR('',#4314,1000.);
#2652=VECTOR('',#4317,1000.);
#2653=VECTOR('',#4320,1000.);
#2654=VECTOR('',#4321,1000.);
#2655=VECTOR('',#4322,1000.);
#2656=VECTOR('',#4323,1000.);
#2657=VECTOR('',#4324,1000.);
#2658=VECTOR('',#4325,1000.);
#2659=VECTOR('',#4326,1000.);
#2660=VECTOR('',#4327,1000.);
#2661=VECTOR('',#4328,1000.);
#2662=VECTOR('',#4329,1000.);
#2663=VECTOR('',#4330,1000.);
#2664=VECTOR('',#4331,1000.);
#2665=VECTOR('',#4334,1000.);
#2666=VECTOR('',#4335,1000.);
#2667=VECTOR('',#4336,1000.);
#2668=VECTOR('',#4339,1000.);
#2669=VECTOR('',#4340,1000.);
#2670=VECTOR('',#4341,1000.);
#2671=VECTOR('',#4342,1000.);
#2672=VECTOR('',#4343,1000.);
#2673=VECTOR('',#4344,1000.);
#2674=VECTOR('',#4345,1000.);
#2675=VECTOR('',#4346,1000.);
#2676=VECTOR('',#4349,1000.);
#2677=VECTOR('',#4358,1000.);
#2678=VECTOR('',#4359,1000.);
#2679=VECTOR('',#4360,1000.);
#2680=VECTOR('',#4361,1000.);
#2681=VECTOR('',#4366,1000.);
#2682=VECTOR('',#4367,1000.);
#2683=VECTOR('',#4368,1000.);
#2684=VECTOR('',#4369,1000.);
#2685=VECTOR('',#4370,1000.);
#2686=VECTOR('',#4375,1000.);
#2687=VECTOR('',#4376,1000.);
#2688=VECTOR('',#4377,1000.);
#2689=VECTOR('',#4378,1000.);
#2690=VECTOR('',#4389,1000.);
#2691=VECTOR('',#4390,1000.);
#2692=VECTOR('',#4393,1000.);
#2693=VECTOR('',#4396,1000.);
#2694=VECTOR('',#4399,1000.);
#2695=VECTOR('',#4404,1000.);
#2696=VECTOR('',#4405,1000.);
#2697=VECTOR('',#4406,1000.);
#2698=VECTOR('',#4407,1000.);
#2699=VECTOR('',#4410,1000.);
#2700=VECTOR('',#4411,1000.);
#2701=VECTOR('',#4412,1000.);
#2702=VECTOR('',#4413,1000.);
#2703=VECTOR('',#4414,1000.);
#2704=VECTOR('',#4417,1000.);
#2705=VECTOR('',#4418,1000.);
#2706=VECTOR('',#4421,1000.);
#2707=VECTOR('',#4422,1000.);
#2708=VECTOR('',#4429,1000.);
#2709=VECTOR('',#4430,1000.);
#2710=VECTOR('',#4431,1000.);
#2711=VECTOR('',#4432,1000.);
#2712=VECTOR('',#4435,1000.);
#2713=VECTOR('',#4436,1000.);
#2714=VECTOR('',#4437,1000.);
#2715=VECTOR('',#4438,1000.);
#2716=VECTOR('',#4439,1000.);
#2717=VECTOR('',#4442,1000.);
#2718=VECTOR('',#4443,1000.);
#2719=VECTOR('',#4444,1000.);
#2720=VECTOR('',#4445,1000.);
#2721=VECTOR('',#4446,1000.);
#2722=VECTOR('',#4449,1000.);
#2723=VECTOR('',#4450,1000.);
#2724=VECTOR('',#4451,1000.);
#2725=VECTOR('',#4452,1000.);
#2726=VECTOR('',#4457,1000.);
#2727=VECTOR('',#4458,1000.);
#2728=VECTOR('',#4461,1000.);
#2729=VECTOR('',#4464,1000.);
#2730=VECTOR('',#4467,1000.);
#2731=VECTOR('',#4472,1000.);
#2732=VECTOR('',#4473,1000.);
#2733=VECTOR('',#4474,1000.);
#2734=VECTOR('',#4475,1000.);
#2735=VECTOR('',#4476,1000.);
#2736=VECTOR('',#4477,1000.);
#2737=VECTOR('',#4478,1000.);
#2738=VECTOR('',#4479,1000.);
#2739=VECTOR('',#4480,1000.);
#2740=VECTOR('',#4481,1000.);
#2741=VECTOR('',#4484,1000.);
#2742=VECTOR('',#4485,1000.);
#2743=VECTOR('',#4488,1000.);
#2744=VECTOR('',#4489,1000.);
#2745=VECTOR('',#4492,1000.);
#2746=VECTOR('',#4493,1000.);
#2747=VECTOR('',#4496,1000.);
#2748=VECTOR('',#4503,1000.);
#2749=VECTOR('',#4504,1000.);
#2750=VECTOR('',#4507,1000.);
#2751=VECTOR('',#4508,1000.);
#2752=VECTOR('',#4511,1000.);
#2753=VECTOR('',#4512,1000.);
#2754=VECTOR('',#4513,1000.);
#2755=VECTOR('',#4516,1000.);
#2756=VECTOR('',#4517,1000.);
#2757=VECTOR('',#4520,1000.);
#2758=VECTOR('',#4521,1000.);
#2759=VECTOR('',#4524,1000.);
#2760=VECTOR('',#4527,1000.);
#2761=VECTOR('',#4530,1000.);
#2762=VECTOR('',#4531,1000.);
#2763=VECTOR('',#4534,1000.);
#2764=VECTOR('',#4535,1000.);
#2765=VECTOR('',#4538,1000.);
#2766=VECTOR('',#4541,1000.);
#2767=VECTOR('',#4542,1000.);
#2768=VECTOR('',#4545,1000.);
#2769=VECTOR('',#4550,1000.);
#2770=VECTOR('',#4551,1000.);
#2771=VECTOR('',#4554,1000.);
#2772=VECTOR('',#4557,1000.);
#2773=VECTOR('',#4558,1000.);
#2774=VECTOR('',#4561,1000.);
#2775=VECTOR('',#4566,1000.);
#2776=VECTOR('',#4567,1000.);
#2777=VECTOR('',#4574,1000.);
#2778=VECTOR('',#4575,1000.);
#2779=VECTOR('',#4576,1000.);
#2780=VECTOR('',#4579,1000.);
#2781=VECTOR('',#4580,1000.);
#2782=VECTOR('',#4581,1000.);
#2783=VECTOR('',#4584,1000.);
#2784=VECTOR('',#4589,1000.);
#2785=VECTOR('',#4590,1000.);
#2786=VECTOR('',#4593,1000.);
#2787=VECTOR('',#4596,1000.);
#2788=VECTOR('',#4599,1000.);
#2789=VECTOR('',#4600,1000.);
#2790=VECTOR('',#4601,1000.);
#2791=VECTOR('',#4606,1000.);
#2792=VECTOR('',#4607,1000.);
#2793=VECTOR('',#4610,1000.);
#2794=VECTOR('',#4611,1000.);
#2795=VECTOR('',#4614,1000.);
#2796=VECTOR('',#4615,1000.);
#2797=VECTOR('',#4618,1000.);
#2798=VECTOR('',#4621,1000.);
#2799=VECTOR('',#4624,1000.);
#2800=VECTOR('',#4663,1000.);
#2801=VECTOR('',#4664,1000.);
#2802=VECTOR('',#4665,1000.);
#2803=VECTOR('',#4668,1000.);
#2804=VECTOR('',#4669,1000.);
#2805=VECTOR('',#4672,1000.);
#2806=VECTOR('',#4673,1000.);
#2807=VECTOR('',#4676,1000.);
#2808=VECTOR('',#4713,1000.);
#2809=VECTOR('',#4714,1000.);
#2810=VECTOR('',#4715,1000.);
#2811=VECTOR('',#4718,1000.);
#2812=VECTOR('',#4719,1000.);
#2813=VECTOR('',#4722,1000.);
#2814=VECTOR('',#4723,1000.);
#2815=VECTOR('',#4726,1000.);
#2816=VECTOR('',#4729,1000.);
#2817=VECTOR('',#4730,1000.);
#2818=VECTOR('',#4733,1000.);
#2819=VECTOR('',#4734,1000.);
#2820=VECTOR('',#4737,1000.);
#2821=VECTOR('',#4746,1000.);
#2822=VECTOR('',#4747,1000.);
#2823=VECTOR('',#4748,1000.);
#2824=VECTOR('',#4749,1000.);
#2825=VECTOR('',#4752,1000.);
#2826=VECTOR('',#4753,1000.);
#2827=VECTOR('',#4754,1000.);
#2828=VECTOR('',#4755,1000.);
#2829=VECTOR('',#4758,1000.);
#2830=VECTOR('',#4759,1000.);
#2831=VECTOR('',#4760,1000.);
#2832=VECTOR('',#4761,1000.);
#2833=VECTOR('',#4764,1000.);
#2834=VECTOR('',#4765,1000.);
#2835=VECTOR('',#4766,1000.);
#2836=VECTOR('',#4767,1000.);
#2837=VECTOR('',#4768,1000.);
#2838=VECTOR('',#4771,1000.);
#2839=VECTOR('',#4772,1000.);
#2840=VECTOR('',#4773,1000.);
#2841=VECTOR('',#4774,1000.);
#2842=VECTOR('',#4775,1000.);
#2843=VECTOR('',#4780,1000.);
#2844=VECTOR('',#4781,1000.);
#2845=VECTOR('',#4782,1000.);
#2846=VECTOR('',#4787,1000.);
#2847=VECTOR('',#4788,1000.);
#2848=VECTOR('',#4789,1000.);
#2849=VECTOR('',#4794,1000.);
#2850=VECTOR('',#4795,1000.);
#2851=VECTOR('',#4800,1000.);
#2852=VECTOR('',#4805,1000.);
#2853=VECTOR('',#4812,1000.);
#2854=VECTOR('',#4813,1000.);
#2855=VECTOR('',#4814,1000.);
#2856=VECTOR('',#4815,1000.);
#2857=VECTOR('',#4818,1000.);
#2858=VECTOR('',#4819,1000.);
#2859=VECTOR('',#4820,1000.);
#2860=VECTOR('',#4821,1000.);
#2861=VECTOR('',#4822,1000.);
#2862=VECTOR('',#4829,1000.);
#2863=VECTOR('',#4836,1000.);
#2864=VECTOR('',#4843,1000.);
#2865=VECTOR('',#4848,1000.);
#2866=VECTOR('',#4851,1000.);
#2867=VECTOR('',#4858,1000.);
#2868=VECTOR('',#4865,1000.);
#2869=VECTOR('',#4868,1000.);
#2870=VECTOR('',#4869,1000.);
#2871=VECTOR('',#4870,1000.);
#2872=VECTOR('',#4871,1000.);
#2873=VECTOR('',#4874,1000.);
#2874=VECTOR('',#4875,1000.);
#2875=VECTOR('',#4878,1000.);
#2876=VECTOR('',#4881,1000.);
#2877=VECTOR('',#4884,1000.);
#2878=VECTOR('',#4885,1000.);
#2879=VECTOR('',#4888,1000.);
#2880=VECTOR('',#4891,1000.);
#2881=VECTOR('',#4894,1000.);
#2882=VECTOR('',#4897,1000.);
#2883=VECTOR('',#4910,1000.);
#2884=VECTOR('',#4911,1000.);
#2885=VECTOR('',#4914,1000.);
#2886=VECTOR('',#4915,1000.);
#2887=VECTOR('',#4916,1000.);
#2888=VECTOR('',#4917,1000.);
#2889=VECTOR('',#4918,1000.);
#2890=VECTOR('',#4925,1000.);
#2891=VECTOR('',#4928,1000.);
#2892=VECTOR('',#4929,1000.);
#2893=VECTOR('',#4930,1000.);
#2894=VECTOR('',#4931,1000.);
#2895=VECTOR('',#4934,1000.);
#2896=VECTOR('',#4935,1000.);
#2897=VECTOR('',#4938,1000.);
#2898=VECTOR('',#4939,1000.);
#2899=VECTOR('',#4940,1000.);
#2900=VECTOR('',#4943,1000.);
#2901=VECTOR('',#4946,1000.);
#2902=VECTOR('',#4947,1000.);
#2903=VECTOR('',#4948,1000.);
#2904=VECTOR('',#4949,1000.);
#2905=VECTOR('',#4950,1000.);
#2906=VECTOR('',#4951,1000.);
#2907=VECTOR('',#4952,1000.);
#2908=VECTOR('',#4965,1000.);
#2909=VECTOR('',#4968,1000.);
#2910=VECTOR('',#4969,1000.);
#2911=VECTOR('',#4970,1000.);
#2912=VECTOR('',#4971,1000.);
#2913=VECTOR('',#4974,1000.);
#2914=VECTOR('',#4975,1000.);
#2915=VECTOR('',#4978,1000.);
#2916=VECTOR('',#4979,1000.);
#2917=VECTOR('',#4982,1000.);
#2918=VECTOR('',#4983,1000.);
#2919=VECTOR('',#4986,1000.);
#2920=VECTOR('',#4987,1000.);
#2921=VECTOR('',#4990,1000.);
#2922=VECTOR('',#4995,1000.);
#2923=VECTOR('',#5000,1000.);
#2924=VECTOR('',#5003,1000.);
#2925=VECTOR('',#5006,1000.);
#2926=VECTOR('',#5017,1000.);
#2927=VECTOR('',#5018,1000.);
#2928=VECTOR('',#5019,1000.);
#2929=VECTOR('',#5020,1000.);
#2930=VECTOR('',#5023,1000.);
#2931=VECTOR('',#5024,1000.);
#2932=VECTOR('',#5025,1000.);
#2933=VECTOR('',#5026,1000.);
#2934=VECTOR('',#5031,1000.);
#2935=VECTOR('',#5032,1000.);
#2936=VECTOR('',#5033,1000.);
#2937=VECTOR('',#5036,1000.);
#2938=VECTOR('',#5037,1000.);
#2939=VECTOR('',#5040,1000.);
#2940=VECTOR('',#5041,1000.);
#2941=VECTOR('',#5042,1000.);
#2942=VECTOR('',#5045,1000.);
#2943=VECTOR('',#5048,1000.);
#2944=VECTOR('',#5049,1000.);
#2945=VECTOR('',#5052,1000.);
#2946=VECTOR('',#5055,1000.);
#2947=VECTOR('',#5056,1000.);
#2948=VECTOR('',#5059,1000.);
#2949=VECTOR('',#5064,1000.);
#2950=VECTOR('',#5065,1000.);
#2951=VECTOR('',#5068,1000.);
#2952=VECTOR('',#5075,1000.);
#2953=VECTOR('',#5078,1000.);
#2954=VECTOR('',#5083,1000.);
#2955=VECTOR('',#5086,1000.);
#2956=VECTOR('',#5093,1000.);
#2957=VECTOR('',#5096,1000.);
#2958=VECTOR('',#5097,1000.);
#2959=VECTOR('',#5098,1000.);
#2960=VECTOR('',#5099,1000.);
#2961=VECTOR('',#5100,1000.);
#2962=VECTOR('',#5103,1000.);
#2963=VECTOR('',#5104,1000.);
#2964=VECTOR('',#5105,1000.);
#2965=VECTOR('',#5108,1000.);
#2966=VECTOR('',#5109,1000.);
#2967=VECTOR('',#5110,1000.);
#2968=VECTOR('',#5111,1000.);
#2969=VECTOR('',#5112,1000.);
#2970=VECTOR('',#5119,1000.);
#2971=VECTOR('',#5130,1000.);
#2972=VECTOR('',#5135,1000.);
#2973=VECTOR('',#5136,1000.);
#2974=VECTOR('',#5137,1000.);
#2975=VECTOR('',#5140,1000.);
#2976=VECTOR('',#5143,1000.);
#2977=VECTOR('',#5146,1000.);
#2978=VECTOR('',#5149,1000.);
#2979=VECTOR('',#5150,1000.);
#2980=VECTOR('',#5153,1000.);
#2981=VECTOR('',#5156,1000.);
#2982=VECTOR('',#5175,1000.);
#2983=VECTOR('',#5178,1000.);
#2984=VECTOR('',#5181,1000.);
#2985=VECTOR('',#5182,1000.);
#2986=VECTOR('',#5183,1000.);
#2987=VECTOR('',#5184,1000.);
#2988=VECTOR('',#5185,1000.);
#2989=VECTOR('',#5186,1000.);
#2990=VECTOR('',#5187,1000.);
#2991=VECTOR('',#5188,1000.);
#2992=VECTOR('',#5189,1000.);
#2993=VECTOR('',#5190,1000.);
#2994=VECTOR('',#5191,1000.);
#2995=VECTOR('',#5192,1000.);
#2996=VECTOR('',#5195,1000.);
#2997=VECTOR('',#5196,1000.);
#2998=VECTOR('',#5197,1000.);
#2999=VECTOR('',#5198,1000.);
#3000=VECTOR('',#5209,1000.);
#3001=VECTOR('',#5210,1000.);
#3002=VECTOR('',#5211,1000.);
#3003=VECTOR('',#5212,1000.);
#3004=VECTOR('',#5215,1000.);
#3005=VECTOR('',#5216,1000.);
#3006=VECTOR('',#5217,1000.);
#3007=VECTOR('',#5218,1000.);
#3008=VECTOR('',#5219,1000.);
#3009=VECTOR('',#5220,1000.);
#3010=VECTOR('',#5227,1000.);
#3011=VECTOR('',#5232,1000.);
#3012=VECTOR('',#5233,1000.);
#3013=VECTOR('',#5234,1000.);
#3014=VECTOR('',#5235,1000.);
#3015=VECTOR('',#5236,1000.);
#3016=VECTOR('',#5237,1000.);
#3017=VECTOR('',#5238,1000.);
#3018=VECTOR('',#5239,1000.);
#3019=VECTOR('',#5240,1000.);
#3020=VECTOR('',#5241,1000.);
#3021=VECTOR('',#5242,1000.);
#3022=VECTOR('',#5243,1000.);
#3023=VECTOR('',#5254,1000.);
#3024=VECTOR('',#5255,1000.);
#3025=VECTOR('',#5258,1000.);
#3026=VECTOR('',#5259,1000.);
#3027=VECTOR('',#5262,1000.);
#3028=VECTOR('',#5265,1000.);
#3029=VECTOR('',#5268,1000.);
#3030=VECTOR('',#5271,1000.);
#3031=VECTOR('',#5274,1000.);
#3032=VECTOR('',#5277,1000.);
#3033=VECTOR('',#5280,1000.);
#3034=VECTOR('',#5283,1000.);
#3035=VECTOR('',#5286,1000.);
#3036=VECTOR('',#5289,1000.);
#3037=VECTOR('',#5292,1000.);
#3038=VECTOR('',#5305,1000.);
#3039=VECTOR('',#5306,1000.);
#3040=VECTOR('',#5309,1000.);
#3041=VECTOR('',#5310,1000.);
#3042=VECTOR('',#5313,1000.);
#3043=VECTOR('',#5316,1000.);
#3044=VECTOR('',#5317,1000.);
#3045=VECTOR('',#5318,1000.);
#3046=VECTOR('',#5321,1000.);
#3047=VECTOR('',#5322,1000.);
#3048=VECTOR('',#5325,1000.);
#3049=VECTOR('',#5326,1000.);
#3050=VECTOR('',#5329,1000.);
#3051=EDGE_LOOP('',(#273,#274,#275,#276));
#3052=EDGE_LOOP('',(#277));
#3053=EDGE_LOOP('',(#278));
#3054=EDGE_LOOP('',(#279));
#3055=EDGE_LOOP('',(#280));
#3056=EDGE_LOOP('',(#281));
#3057=EDGE_LOOP('',(#282,#283,#284,#285,#286,#287,#288,#289,#290,#291,#292,
#293,#294,#295,#296,#297,#298,#299,#300,#301,#302));
#3058=EDGE_LOOP('',(#303,#304,#305,#306,#307,#308,#309,#310,#311,#312,#313,
#314));
#3059=EDGE_LOOP('',(#315,#316,#317,#318,#319,#320,#321,#322,#323,#324));
#3060=EDGE_LOOP('',(#325,#326,#327,#328,#329,#330,#331,#332));
#3061=EDGE_LOOP('',(#333,#334,#335,#336,#337,#338,#339,#340,#341));
#3062=EDGE_LOOP('',(#342,#343,#344,#345));
#3063=EDGE_LOOP('',(#346,#347,#348,#349));
#3064=EDGE_LOOP('',(#350,#351,#352,#353));
#3065=EDGE_LOOP('',(#354,#355,#356,#357,#358,#359,#360,#361,#362,#363,#364,
#365,#366));
#3066=EDGE_LOOP('',(#367));
#3067=EDGE_LOOP('',(#368));
#3068=EDGE_LOOP('',(#369,#370,#371,#372));
#3069=EDGE_LOOP('',(#373,#374,#375,#376,#377,#378));
#3070=EDGE_LOOP('',(#379,#380,#381,#382));
#3071=EDGE_LOOP('',(#383,#384,#385,#386));
#3072=EDGE_LOOP('',(#387));
#3073=EDGE_LOOP('',(#388));
#3074=EDGE_LOOP('',(#389,#390,#391,#392,#393,#394,#395,#396,#397,#398,#399,
#400,#401,#402,#403,#404,#405));
#3075=EDGE_LOOP('',(#406,#407,#408,#409,#410));
#3076=EDGE_LOOP('',(#411,#412,#413,#414));
#3077=EDGE_LOOP('',(#415,#416,#417,#418));
#3078=EDGE_LOOP('',(#419,#420,#421,#422));
#3079=EDGE_LOOP('',(#423,#424,#425,#426));
#3080=EDGE_LOOP('',(#427,#428,#429,#430));
#3081=EDGE_LOOP('',(#431,#432,#433,#434,#435,#436,#437,#438,#439,#440,#441,
#442,#443,#444,#445,#446));
#3082=EDGE_LOOP('',(#447,#448,#449,#450));
#3083=EDGE_LOOP('',(#451,#452,#453,#454));
#3084=EDGE_LOOP('',(#455,#456,#457,#458,#459,#460));
#3085=EDGE_LOOP('',(#461,#462,#463,#464,#465,#466));
#3086=EDGE_LOOP('',(#467,#468,#469,#470));
#3087=EDGE_LOOP('',(#471,#472,#473,#474));
#3088=EDGE_LOOP('',(#475,#476,#477,#478));
#3089=EDGE_LOOP('',(#479,#480,#481,#482,#483));
#3090=EDGE_LOOP('',(#484,#485,#486,#487));
#3091=EDGE_LOOP('',(#488,#489,#490,#491));
#3092=EDGE_LOOP('',(#492,#493,#494,#495,#496));
#3093=EDGE_LOOP('',(#497,#498,#499,#500));
#3094=EDGE_LOOP('',(#501,#502,#503,#504));
#3095=EDGE_LOOP('',(#505,#506,#507,#508));
#3096=EDGE_LOOP('',(#509,#510,#511,#512));
#3097=EDGE_LOOP('',(#513,#514,#515,#516));
#3098=EDGE_LOOP('',(#517,#518,#519,#520));
#3099=EDGE_LOOP('',(#521,#522,#523,#524));
#3100=EDGE_LOOP('',(#525,#526,#527,#528));
#3101=EDGE_LOOP('',(#529,#530,#531,#532));
#3102=EDGE_LOOP('',(#533,#534,#535,#536));
#3103=EDGE_LOOP('',(#537,#538,#539,#540));
#3104=EDGE_LOOP('',(#541,#542,#543,#544,#545,#546));
#3105=EDGE_LOOP('',(#547,#548,#549,#550,#551,#552));
#3106=EDGE_LOOP('',(#553,#554,#555,#556));
#3107=EDGE_LOOP('',(#557,#558,#559,#560,#561,#562,#563));
#3108=EDGE_LOOP('',(#564,#565,#566,#567));
#3109=EDGE_LOOP('',(#568,#569,#570,#571));
#3110=EDGE_LOOP('',(#572,#573,#574,#575,#576));
#3111=EDGE_LOOP('',(#577,#578,#579,#580,#581,#582,#583,#584,#585,#586,#587,
#588,#589,#590,#591,#592,#593,#594));
#3112=EDGE_LOOP('',(#595));
#3113=EDGE_LOOP('',(#596,#597,#598,#599,#600));
#3114=EDGE_LOOP('',(#601,#602,#603,#604));
#3115=EDGE_LOOP('',(#605,#606,#607,#608));
#3116=EDGE_LOOP('',(#609,#610,#611,#612));
#3117=EDGE_LOOP('',(#613,#614,#615,#616));
#3118=EDGE_LOOP('',(#617,#618,#619,#620));
#3119=EDGE_LOOP('',(#621,#622,#623,#624));
#3120=EDGE_LOOP('',(#625,#626,#627,#628));
#3121=EDGE_LOOP('',(#629));
#3122=EDGE_LOOP('',(#630));
#3123=EDGE_LOOP('',(#631));
#3124=EDGE_LOOP('',(#632));
#3125=EDGE_LOOP('',(#633));
#3126=EDGE_LOOP('',(#634));
#3127=EDGE_LOOP('',(#635));
#3128=EDGE_LOOP('',(#636));
#3129=EDGE_LOOP('',(#637));
#3130=EDGE_LOOP('',(#638));
#3131=EDGE_LOOP('',(#639));
#3132=EDGE_LOOP('',(#640));
#3133=EDGE_LOOP('',(#641));
#3134=EDGE_LOOP('',(#642));
#3135=EDGE_LOOP('',(#643));
#3136=EDGE_LOOP('',(#644,#645,#646,#647));
#3137=EDGE_LOOP('',(#648,#649,#650,#651));
#3138=EDGE_LOOP('',(#652,#653,#654,#655));
#3139=EDGE_LOOP('',(#656,#657,#658,#659));
#3140=EDGE_LOOP('',(#660,#661,#662,#663));
#3141=EDGE_LOOP('',(#664,#665,#666,#667,#668,#669,#670,#671));
#3142=EDGE_LOOP('',(#672,#673,#674,#675,#676));
#3143=EDGE_LOOP('',(#677,#678,#679,#680,#681));
#3144=EDGE_LOOP('',(#682));
#3145=EDGE_LOOP('',(#683));
#3146=EDGE_LOOP('',(#684));
#3147=EDGE_LOOP('',(#685));
#3148=EDGE_LOOP('',(#686));
#3149=EDGE_LOOP('',(#687));
#3150=EDGE_LOOP('',(#688));
#3151=EDGE_LOOP('',(#689));
#3152=EDGE_LOOP('',(#690));
#3153=EDGE_LOOP('',(#691));
#3154=EDGE_LOOP('',(#692));
#3155=EDGE_LOOP('',(#693));
#3156=EDGE_LOOP('',(#694));
#3157=EDGE_LOOP('',(#695));
#3158=EDGE_LOOP('',(#696));
#3159=EDGE_LOOP('',(#697,#698,#699,#700));
#3160=EDGE_LOOP('',(#701,#702,#703,#704));
#3161=EDGE_LOOP('',(#705,#706,#707,#708));
#3162=EDGE_LOOP('',(#709,#710,#711,#712));
#3163=EDGE_LOOP('',(#713,#714,#715,#716));
#3164=EDGE_LOOP('',(#717,#718,#719,#720));
#3165=EDGE_LOOP('',(#721,#722,#723,#724));
#3166=EDGE_LOOP('',(#725,#726,#727,#728));
#3167=EDGE_LOOP('',(#729,#730,#731,#732));
#3168=EDGE_LOOP('',(#733,#734,#735,#736));
#3169=EDGE_LOOP('',(#737,#738,#739,#740));
#3170=EDGE_LOOP('',(#741,#742,#743,#744));
#3171=EDGE_LOOP('',(#745,#746,#747,#748,#749,#750,#751,#752));
#3172=EDGE_LOOP('',(#753,#754,#755,#756,#757,#758,#759,#760));
#3173=EDGE_LOOP('',(#761,#762,#763,#764,#765,#766,#767,#768));
#3174=EDGE_LOOP('',(#769,#770,#771,#772));
#3175=EDGE_LOOP('',(#773,#774,#775,#776,#777,#778,#779,#780));
#3176=EDGE_LOOP('',(#781,#782,#783,#784));
#3177=EDGE_LOOP('',(#785,#786,#787,#788));
#3178=EDGE_LOOP('',(#789,#790,#791,#792));
#3179=EDGE_LOOP('',(#793,#794,#795,#796));
#3180=EDGE_LOOP('',(#797,#798,#799,#800));
#3181=EDGE_LOOP('',(#801,#802,#803,#804));
#3182=EDGE_LOOP('',(#805,#806,#807,#808,#809,#810));
#3183=EDGE_LOOP('',(#811,#812,#813,#814));
#3184=EDGE_LOOP('',(#815,#816,#817,#818));
#3185=EDGE_LOOP('',(#819,#820,#821,#822));
#3186=EDGE_LOOP('',(#823,#824,#825,#826));
#3187=EDGE_LOOP('',(#827,#828,#829,#830));
#3188=EDGE_LOOP('',(#831,#832,#833,#834));
#3189=EDGE_LOOP('',(#835,#836,#837,#838,#839,#840));
#3190=EDGE_LOOP('',(#841,#842,#843,#844,#845,#846,#847,#848,#849,#850,#851,
#852,#853,#854));
#3191=EDGE_LOOP('',(#855,#856,#857,#858));
#3192=EDGE_LOOP('',(#859,#860,#861,#862,#863,#864,#865,#866,#867,#868,#869,
#870,#871,#872));
#3193=EDGE_LOOP('',(#873,#874,#875,#876));
#3194=EDGE_LOOP('',(#877,#878,#879,#880));
#3195=EDGE_LOOP('',(#881,#882,#883,#884));
#3196=EDGE_LOOP('',(#885,#886,#887,#888,#889,#890));
#3197=EDGE_LOOP('',(#891,#892,#893,#894,#895,#896));
#3198=EDGE_LOOP('',(#897,#898,#899,#900));
#3199=EDGE_LOOP('',(#901,#902,#903,#904));
#3200=EDGE_LOOP('',(#905,#906,#907,#908,#909,#910,#911,#912));
#3201=EDGE_LOOP('',(#913,#914,#915,#916,#917,#918,#919,#920,#921));
#3202=EDGE_LOOP('',(#922,#923,#924,#925));
#3203=EDGE_LOOP('',(#926,#927,#928));
#3204=EDGE_LOOP('',(#929,#930,#931,#932,#933,#934,#935,#936,#937,#938,#939,
#940,#941));
#3205=EDGE_LOOP('',(#942,#943,#944));
#3206=EDGE_LOOP('',(#945,#946,#947,#948,#949,#950,#951));
#3207=EDGE_LOOP('',(#952,#953,#954,#955,#956,#957));
#3208=EDGE_LOOP('',(#958,#959,#960,#961));
#3209=EDGE_LOOP('',(#962,#963,#964,#965));
#3210=EDGE_LOOP('',(#966,#967,#968,#969));
#3211=EDGE_LOOP('',(#970,#971,#972,#973));
#3212=EDGE_LOOP('',(#974,#975,#976,#977));
#3213=EDGE_LOOP('',(#978,#979,#980,#981));
#3214=EDGE_LOOP('',(#982,#983,#984,#985));
#3215=EDGE_LOOP('',(#986,#987,#988,#989,#990,#991,#992,#993));
#3216=EDGE_LOOP('',(#994,#995,#996,#997));
#3217=EDGE_LOOP('',(#998,#999,#1000,#1001,#1002));
#3218=EDGE_LOOP('',(#1003,#1004,#1005,#1006,#1007,#1008));
#3219=EDGE_LOOP('',(#1009,#1010,#1011,#1012));
#3220=EDGE_LOOP('',(#1013,#1014,#1015,#1016));
#3221=EDGE_LOOP('',(#1017,#1018,#1019,#1020));
#3222=EDGE_LOOP('',(#1021,#1022,#1023,#1024,#1025,#1026,#1027,#1028));
#3223=EDGE_LOOP('',(#1029,#1030,#1031,#1032));
#3224=EDGE_LOOP('',(#1033,#1034,#1035,#1036,#1037,#1038,#1039,#1040));
#3225=EDGE_LOOP('',(#1041,#1042,#1043,#1044,#1045,#1046));
#3226=EDGE_LOOP('',(#1047,#1048,#1049,#1050));
#3227=EDGE_LOOP('',(#1051,#1052,#1053,#1054));
#3228=EDGE_LOOP('',(#1055,#1056,#1057,#1058,#1059,#1060));
#3229=EDGE_LOOP('',(#1061,#1062,#1063,#1064));
#3230=EDGE_LOOP('',(#1065,#1066,#1067,#1068));
#3231=EDGE_LOOP('',(#1069,#1070,#1071,#1072));
#3232=EDGE_LOOP('',(#1073,#1074,#1075,#1076));
#3233=EDGE_LOOP('',(#1077,#1078,#1079,#1080));
#3234=EDGE_LOOP('',(#1081,#1082,#1083,#1084,#1085,#1086));
#3235=EDGE_LOOP('',(#1087,#1088,#1089,#1090));
#3236=EDGE_LOOP('',(#1091,#1092,#1093,#1094,#1095,#1096));
#3237=EDGE_LOOP('',(#1097,#1098,#1099,#1100));
#3238=EDGE_LOOP('',(#1101,#1102,#1103,#1104));
#3239=EDGE_LOOP('',(#1105,#1106,#1107,#1108));
#3240=EDGE_LOOP('',(#1109,#1110,#1111,#1112));
#3241=EDGE_LOOP('',(#1113,#1114,#1115,#1116,#1117,#1118,#1119,#1120,#1121,
#1122,#1123,#1124,#1125,#1126));
#3242=EDGE_LOOP('',(#1127,#1128,#1129,#1130));
#3243=EDGE_LOOP('',(#1131,#1132,#1133,#1134,#1135,#1136,#1137,#1138,#1139,
#1140,#1141,#1142,#1143,#1144));
#3244=EDGE_LOOP('',(#1145,#1146,#1147,#1148));
#3245=EDGE_LOOP('',(#1149,#1150,#1151,#1152));
#3246=EDGE_LOOP('',(#1153,#1154,#1155,#1156,#1157,#1158));
#3247=EDGE_LOOP('',(#1159,#1160,#1161,#1162,#1163,#1164));
#3248=EDGE_LOOP('',(#1165,#1166,#1167,#1168));
#3249=EDGE_LOOP('',(#1169,#1170,#1171,#1172));
#3250=EDGE_LOOP('',(#1173,#1174,#1175,#1176,#1177,#1178,#1179,#1180,#1181,
#1182,#1183,#1184,#1185,#1186,#1187,#1188,#1189,#1190,#1191,#1192,#1193));
#3251=EDGE_LOOP('',(#1194));
#3252=EDGE_LOOP('',(#1195));
#3253=EDGE_LOOP('',(#1196));
#3254=EDGE_LOOP('',(#1197));
#3255=EDGE_LOOP('',(#1198));
#3256=EDGE_LOOP('',(#1199,#1200,#1201,#1202));
#3257=EDGE_LOOP('',(#1203,#1204,#1205,#1206,#1207,#1208,#1209,#1210));
#3258=EDGE_LOOP('',(#1211));
#3259=EDGE_LOOP('',(#1212));
#3260=EDGE_LOOP('',(#1213,#1214,#1215,#1216,#1217,#1218,#1219,#1220,#1221,
#1222,#1223,#1224,#1225,#1226,#1227,#1228,#1229));
#3261=EDGE_LOOP('',(#1230));
#3262=EDGE_LOOP('',(#1231));
#3263=EDGE_LOOP('',(#1232));
#3264=EDGE_LOOP('',(#1233,#1234,#1235,#1236));
#3265=EDGE_LOOP('',(#1237,#1238,#1239,#1240));
#3266=EDGE_LOOP('',(#1241,#1242,#1243,#1244));
#3267=EDGE_LOOP('',(#1245,#1246,#1247,#1248));
#3268=EDGE_LOOP('',(#1249,#1250,#1251,#1252));
#3269=EDGE_LOOP('',(#1253,#1254,#1255,#1256));
#3270=EDGE_LOOP('',(#1257,#1258,#1259,#1260));
#3271=EDGE_LOOP('',(#1261,#1262,#1263,#1264));
#3272=EDGE_LOOP('',(#1265,#1266,#1267,#1268));
#3273=EDGE_LOOP('',(#1269,#1270,#1271,#1272));
#3274=EDGE_LOOP('',(#1273,#1274,#1275,#1276));
#3275=EDGE_LOOP('',(#1277,#1278,#1279,#1280));
#3276=EDGE_LOOP('',(#1281,#1282,#1283,#1284));
#3277=EDGE_LOOP('',(#1285));
#3278=EDGE_LOOP('',(#1286));
#3279=EDGE_LOOP('',(#1287));
#3280=EDGE_LOOP('',(#1288));
#3281=EDGE_LOOP('',(#1289));
#3282=EDGE_LOOP('',(#1290));
#3283=EDGE_LOOP('',(#1291));
#3284=EDGE_LOOP('',(#1292));
#3285=EDGE_LOOP('',(#1293));
#3286=EDGE_LOOP('',(#1294));
#3287=EDGE_LOOP('',(#1295,#1296,#1297,#1298));
#3288=EDGE_LOOP('',(#1299,#1300,#1301,#1302));
#3289=EDGE_LOOP('',(#1303,#1304,#1305,#1306));
#3290=EDGE_LOOP('',(#1307,#1308,#1309,#1310));
#3291=EDGE_LOOP('',(#1311,#1312,#1313,#1314));
#3292=EDGE_LOOP('',(#1315,#1316,#1317,#1318));
#3293=EDGE_LOOP('',(#1319,#1320,#1321,#1322));
#3294=EDGE_LOOP('',(#1323,#1324,#1325,#1326));
#3295=EDGE_LOOP('',(#1327,#1328,#1329,#1330));
#3296=EDGE_LOOP('',(#1331,#1332,#1333,#1334));
#3297=EDGE_LOOP('',(#1335,#1336,#1337,#1338));
#3298=EDGE_LOOP('',(#1339,#1340,#1341,#1342));
#3299=FACE_BOUND('',#3051,.T.);
#3300=FACE_BOUND('',#3052,.T.);
#3301=FACE_BOUND('',#3053,.T.);
#3302=FACE_BOUND('',#3054,.T.);
#3303=FACE_BOUND('',#3055,.T.);
#3304=FACE_BOUND('',#3056,.T.);
#3305=FACE_BOUND('',#3057,.T.);
#3306=FACE_BOUND('',#3058,.T.);
#3307=FACE_BOUND('',#3059,.T.);
#3308=FACE_BOUND('',#3060,.T.);
#3309=FACE_BOUND('',#3061,.T.);
#3310=FACE_BOUND('',#3062,.T.);
#3311=FACE_BOUND('',#3063,.T.);
#3312=FACE_BOUND('',#3064,.T.);
#3313=FACE_BOUND('',#3065,.T.);
#3314=FACE_BOUND('',#3066,.T.);
#3315=FACE_BOUND('',#3067,.T.);
#3316=FACE_BOUND('',#3068,.T.);
#3317=FACE_BOUND('',#3069,.T.);
#3318=FACE_BOUND('',#3070,.T.);
#3319=FACE_BOUND('',#3071,.T.);
#3320=FACE_BOUND('',#3072,.T.);
#3321=FACE_BOUND('',#3073,.T.);
#3322=FACE_BOUND('',#3074,.T.);
#3323=FACE_BOUND('',#3075,.T.);
#3324=FACE_BOUND('',#3076,.T.);
#3325=FACE_BOUND('',#3077,.T.);
#3326=FACE_BOUND('',#3078,.T.);
#3327=FACE_BOUND('',#3079,.T.);
#3328=FACE_BOUND('',#3080,.T.);
#3329=FACE_BOUND('',#3081,.T.);
#3330=FACE_BOUND('',#3082,.T.);
#3331=FACE_BOUND('',#3083,.T.);
#3332=FACE_BOUND('',#3084,.T.);
#3333=FACE_BOUND('',#3085,.T.);
#3334=FACE_BOUND('',#3086,.T.);
#3335=FACE_BOUND('',#3087,.T.);
#3336=FACE_BOUND('',#3088,.T.);
#3337=FACE_BOUND('',#3089,.T.);
#3338=FACE_BOUND('',#3090,.T.);
#3339=FACE_BOUND('',#3091,.T.);
#3340=FACE_BOUND('',#3092,.T.);
#3341=FACE_BOUND('',#3093,.T.);
#3342=FACE_BOUND('',#3094,.T.);
#3343=FACE_BOUND('',#3095,.T.);
#3344=FACE_BOUND('',#3096,.T.);
#3345=FACE_BOUND('',#3097,.T.);
#3346=FACE_BOUND('',#3098,.T.);
#3347=FACE_BOUND('',#3099,.T.);
#3348=FACE_BOUND('',#3100,.T.);
#3349=FACE_BOUND('',#3101,.T.);
#3350=FACE_BOUND('',#3102,.T.);
#3351=FACE_BOUND('',#3103,.T.);
#3352=FACE_BOUND('',#3104,.T.);
#3353=FACE_BOUND('',#3105,.T.);
#3354=FACE_BOUND('',#3106,.T.);
#3355=FACE_BOUND('',#3107,.T.);
#3356=FACE_BOUND('',#3108,.T.);
#3357=FACE_BOUND('',#3109,.T.);
#3358=FACE_BOUND('',#3110,.T.);
#3359=FACE_BOUND('',#3111,.T.);
#3360=FACE_BOUND('',#3112,.T.);
#3361=FACE_BOUND('',#3113,.T.);
#3362=FACE_BOUND('',#3114,.T.);
#3363=FACE_BOUND('',#3115,.T.);
#3364=FACE_BOUND('',#3116,.T.);
#3365=FACE_BOUND('',#3117,.T.);
#3366=FACE_BOUND('',#3118,.T.);
#3367=FACE_BOUND('',#3119,.T.);
#3368=FACE_BOUND('',#3120,.T.);
#3369=FACE_BOUND('',#3121,.T.);
#3370=FACE_BOUND('',#3122,.T.);
#3371=FACE_BOUND('',#3123,.T.);
#3372=FACE_BOUND('',#3124,.T.);
#3373=FACE_BOUND('',#3125,.T.);
#3374=FACE_BOUND('',#3126,.T.);
#3375=FACE_BOUND('',#3127,.T.);
#3376=FACE_BOUND('',#3128,.T.);
#3377=FACE_BOUND('',#3129,.T.);
#3378=FACE_BOUND('',#3130,.T.);
#3379=FACE_BOUND('',#3131,.T.);
#3380=FACE_BOUND('',#3132,.T.);
#3381=FACE_BOUND('',#3133,.T.);
#3382=FACE_BOUND('',#3134,.T.);
#3383=FACE_BOUND('',#3135,.T.);
#3384=FACE_BOUND('',#3136,.T.);
#3385=FACE_BOUND('',#3137,.T.);
#3386=FACE_BOUND('',#3138,.T.);
#3387=FACE_BOUND('',#3139,.T.);
#3388=FACE_BOUND('',#3140,.T.);
#3389=FACE_BOUND('',#3141,.T.);
#3390=FACE_BOUND('',#3142,.T.);
#3391=FACE_BOUND('',#3143,.T.);
#3392=FACE_BOUND('',#3144,.T.);
#3393=FACE_BOUND('',#3145,.T.);
#3394=FACE_BOUND('',#3146,.T.);
#3395=FACE_BOUND('',#3147,.T.);
#3396=FACE_BOUND('',#3148,.T.);
#3397=FACE_BOUND('',#3149,.T.);
#3398=FACE_BOUND('',#3150,.T.);
#3399=FACE_BOUND('',#3151,.T.);
#3400=FACE_BOUND('',#3152,.T.);
#3401=FACE_BOUND('',#3153,.T.);
#3402=FACE_BOUND('',#3154,.T.);
#3403=FACE_BOUND('',#3155,.T.);
#3404=FACE_BOUND('',#3156,.T.);
#3405=FACE_BOUND('',#3157,.T.);
#3406=FACE_BOUND('',#3158,.T.);
#3407=FACE_BOUND('',#3159,.T.);
#3408=FACE_BOUND('',#3160,.T.);
#3409=FACE_BOUND('',#3161,.T.);
#3410=FACE_BOUND('',#3162,.T.);
#3411=FACE_BOUND('',#3163,.T.);
#3412=FACE_BOUND('',#3164,.T.);
#3413=FACE_BOUND('',#3165,.T.);
#3414=FACE_BOUND('',#3166,.T.);
#3415=FACE_BOUND('',#3167,.T.);
#3416=FACE_BOUND('',#3168,.T.);
#3417=FACE_BOUND('',#3169,.T.);
#3418=FACE_BOUND('',#3170,.T.);
#3419=FACE_BOUND('',#3171,.T.);
#3420=FACE_BOUND('',#3172,.T.);
#3421=FACE_BOUND('',#3173,.T.);
#3422=FACE_BOUND('',#3174,.T.);
#3423=FACE_BOUND('',#3175,.T.);
#3424=FACE_BOUND('',#3176,.T.);
#3425=FACE_BOUND('',#3177,.T.);
#3426=FACE_BOUND('',#3178,.T.);
#3427=FACE_BOUND('',#3179,.T.);
#3428=FACE_BOUND('',#3180,.T.);
#3429=FACE_BOUND('',#3181,.T.);
#3430=FACE_BOUND('',#3182,.T.);
#3431=FACE_BOUND('',#3183,.T.);
#3432=FACE_BOUND('',#3184,.T.);
#3433=FACE_BOUND('',#3185,.T.);
#3434=FACE_BOUND('',#3186,.T.);
#3435=FACE_BOUND('',#3187,.T.);
#3436=FACE_BOUND('',#3188,.T.);
#3437=FACE_BOUND('',#3189,.T.);
#3438=FACE_BOUND('',#3190,.T.);
#3439=FACE_BOUND('',#3191,.T.);
#3440=FACE_BOUND('',#3192,.T.);
#3441=FACE_BOUND('',#3193,.T.);
#3442=FACE_BOUND('',#3194,.T.);
#3443=FACE_BOUND('',#3195,.T.);
#3444=FACE_BOUND('',#3196,.T.);
#3445=FACE_BOUND('',#3197,.T.);
#3446=FACE_BOUND('',#3198,.T.);
#3447=FACE_BOUND('',#3199,.T.);
#3448=FACE_BOUND('',#3200,.T.);
#3449=FACE_BOUND('',#3201,.T.);
#3450=FACE_BOUND('',#3202,.T.);
#3451=FACE_BOUND('',#3203,.T.);
#3452=FACE_BOUND('',#3204,.T.);
#3453=FACE_BOUND('',#3205,.T.);
#3454=FACE_BOUND('',#3206,.T.);
#3455=FACE_BOUND('',#3207,.T.);
#3456=FACE_BOUND('',#3208,.T.);
#3457=FACE_BOUND('',#3209,.T.);
#3458=FACE_BOUND('',#3210,.T.);
#3459=FACE_BOUND('',#3211,.T.);
#3460=FACE_BOUND('',#3212,.T.);
#3461=FACE_BOUND('',#3213,.T.);
#3462=FACE_BOUND('',#3214,.T.);
#3463=FACE_BOUND('',#3215,.T.);
#3464=FACE_BOUND('',#3216,.T.);
#3465=FACE_BOUND('',#3217,.T.);
#3466=FACE_BOUND('',#3218,.T.);
#3467=FACE_BOUND('',#3219,.T.);
#3468=FACE_BOUND('',#3220,.T.);
#3469=FACE_BOUND('',#3221,.T.);
#3470=FACE_BOUND('',#3222,.T.);
#3471=FACE_BOUND('',#3223,.T.);
#3472=FACE_BOUND('',#3224,.T.);
#3473=FACE_BOUND('',#3225,.T.);
#3474=FACE_BOUND('',#3226,.T.);
#3475=FACE_BOUND('',#3227,.T.);
#3476=FACE_BOUND('',#3228,.T.);
#3477=FACE_BOUND('',#3229,.T.);
#3478=FACE_BOUND('',#3230,.T.);
#3479=FACE_BOUND('',#3231,.T.);
#3480=FACE_BOUND('',#3232,.T.);
#3481=FACE_BOUND('',#3233,.T.);
#3482=FACE_BOUND('',#3234,.T.);
#3483=FACE_BOUND('',#3235,.T.);
#3484=FACE_BOUND('',#3236,.T.);
#3485=FACE_BOUND('',#3237,.T.);
#3486=FACE_BOUND('',#3238,.T.);
#3487=FACE_BOUND('',#3239,.T.);
#3488=FACE_BOUND('',#3240,.T.);
#3489=FACE_BOUND('',#3241,.T.);
#3490=FACE_BOUND('',#3242,.T.);
#3491=FACE_BOUND('',#3243,.T.);
#3492=FACE_BOUND('',#3244,.T.);
#3493=FACE_BOUND('',#3245,.T.);
#3494=FACE_BOUND('',#3246,.T.);
#3495=FACE_BOUND('',#3247,.T.);
#3496=FACE_BOUND('',#3248,.T.);
#3497=FACE_BOUND('',#3249,.T.);
#3498=FACE_BOUND('',#3250,.T.);
#3499=FACE_BOUND('',#3251,.T.);
#3500=FACE_BOUND('',#3252,.T.);
#3501=FACE_BOUND('',#3253,.T.);
#3502=FACE_BOUND('',#3254,.T.);
#3503=FACE_BOUND('',#3255,.T.);
#3504=FACE_BOUND('',#3256,.T.);
#3505=FACE_BOUND('',#3257,.T.);
#3506=FACE_BOUND('',#3258,.T.);
#3507=FACE_BOUND('',#3259,.T.);
#3508=FACE_BOUND('',#3260,.T.);
#3509=FACE_BOUND('',#3261,.T.);
#3510=FACE_BOUND('',#3262,.T.);
#3511=FACE_BOUND('',#3263,.T.);
#3512=FACE_BOUND('',#3264,.T.);
#3513=FACE_BOUND('',#3265,.T.);
#3514=FACE_BOUND('',#3266,.T.);
#3515=FACE_BOUND('',#3267,.T.);
#3516=FACE_BOUND('',#3268,.T.);
#3517=FACE_BOUND('',#3269,.T.);
#3518=FACE_BOUND('',#3270,.T.);
#3519=FACE_BOUND('',#3271,.T.);
#3520=FACE_BOUND('',#3272,.T.);
#3521=FACE_BOUND('',#3273,.T.);
#3522=FACE_BOUND('',#3274,.T.);
#3523=FACE_BOUND('',#3275,.T.);
#3524=FACE_BOUND('',#3276,.T.);
#3525=FACE_BOUND('',#3277,.T.);
#3526=FACE_BOUND('',#3278,.T.);
#3527=FACE_BOUND('',#3279,.T.);
#3528=FACE_BOUND('',#3280,.T.);
#3529=FACE_BOUND('',#3281,.T.);
#3530=FACE_BOUND('',#3282,.T.);
#3531=FACE_BOUND('',#3283,.T.);
#3532=FACE_BOUND('',#3284,.T.);
#3533=FACE_BOUND('',#3285,.T.);
#3534=FACE_BOUND('',#3286,.T.);
#3535=FACE_BOUND('',#3287,.T.);
#3536=FACE_BOUND('',#3288,.T.);
#3537=FACE_BOUND('',#3289,.T.);
#3538=FACE_BOUND('',#3290,.T.);
#3539=FACE_BOUND('',#3291,.T.);
#3540=FACE_BOUND('',#3292,.T.);
#3541=FACE_BOUND('',#3293,.T.);
#3542=FACE_BOUND('',#3294,.T.);
#3543=FACE_BOUND('',#3295,.T.);
#3544=FACE_BOUND('',#3296,.T.);
#3545=FACE_BOUND('',#3297,.T.);
#3546=FACE_BOUND('',#3298,.T.);
#3547=PLANE('',#3970);
#3548=PLANE('',#3979);
#3549=PLANE('',#3981);
#3550=PLANE('',#3985);
#3551=PLANE('',#3987);
#3552=PLANE('',#3993);
#3553=PLANE('',#3999);
#3554=PLANE('',#4000);
#3555=PLANE('',#4001);
#3556=PLANE('',#4002);
#3557=PLANE('',#4007);
#3558=PLANE('',#4009);
#3559=PLANE('',#4010);
#3560=PLANE('',#4011);
#3561=PLANE('',#4012);
#3562=PLANE('',#4013);
#3563=PLANE('',#4014);
#3564=PLANE('',#4015);
#3565=PLANE('',#4016);
#3566=PLANE('',#4017);
#3567=PLANE('',#4021);
#3568=PLANE('',#4022);
#3569=PLANE('',#4023);
#3570=PLANE('',#4024);
#3571=PLANE('',#4025);
#3572=PLANE('',#4028);
#3573=PLANE('',#4029);
#3574=PLANE('',#4030);
#3575=PLANE('',#4031);
#3576=PLANE('',#4034);
#3577=PLANE('',#4035);
#3578=PLANE('',#4036);
#3579=PLANE('',#4039);
#3580=PLANE('',#4042);
#3581=PLANE('',#4043);
#3582=PLANE('',#4044);
#3583=PLANE('',#4045);
#3584=PLANE('',#4046);
#3585=PLANE('',#4047);
#3586=PLANE('',#4048);
#3587=PLANE('',#4050);
#3588=PLANE('',#4053);
#3589=PLANE('',#4054);
#3590=PLANE('',#4055);
#3591=PLANE('',#4057);
#3592=PLANE('',#4058);
#3593=PLANE('',#4059);
#3594=PLANE('',#4062);
#3595=PLANE('',#4065);
#3596=PLANE('',#4068);
#3597=PLANE('',#4071);
#3598=PLANE('',#4074);
#3599=PLANE('',#4075);
#3600=PLANE('',#4076);
#3601=PLANE('',#4077);
#3602=PLANE('',#4078);
#3603=PLANE('',#4079);
#3604=PLANE('',#4083);
#3605=PLANE('',#4086);
#3606=PLANE('',#4089);
#3607=PLANE('',#4092);
#3608=PLANE('',#4095);
#3609=PLANE('',#4096);
#3610=PLANE('',#4097);
#3611=PLANE('',#4098);
#3612=PLANE('',#4099);
#3613=PLANE('',#4100);
#3614=PLANE('',#4101);
#3615=PLANE('',#4102);
#3616=PLANE('',#4103);
#3617=PLANE('',#4104);
#3618=PLANE('',#4106);
#3619=PLANE('',#4107);
#3620=PLANE('',#4108);
#3621=PLANE('',#4109);
#3622=PLANE('',#4110);
#3623=PLANE('',#4111);
#3624=PLANE('',#4114);
#3625=PLANE('',#4115);
#3626=PLANE('',#4119);
#3627=PLANE('',#4121);
#3628=PLANE('',#4122);
#3629=PLANE('',#4123);
#3630=PLANE('',#4124);
#3631=PLANE('',#4143);
#3632=PLANE('',#4144);
#3633=PLANE('',#4147);
#3634=PLANE('',#4148);
#3635=PLANE('',#4151);
#3636=PLANE('',#4154);
#3637=PLANE('',#4155);
#3638=PLANE('',#4157);
#3639=PLANE('',#4159);
#3640=PLANE('',#4163);
#3641=PLANE('',#4164);
#3642=PLANE('',#4165);
#3643=PLANE('',#4173);
#3644=PLANE('',#4174);
#3645=PLANE('',#4175);
#3646=PLANE('',#4176);
#3647=PLANE('',#4177);
#3648=PLANE('',#4178);
#3649=PLANE('',#4179);
#3650=PLANE('',#4180);
#3651=PLANE('',#4181);
#3652=PLANE('',#4182);
#3653=PLANE('',#4183);
#3654=PLANE('',#4189);
#3655=PLANE('',#4190);
#3656=PLANE('',#4191);
#3657=PLANE('',#4194);
#3658=PLANE('',#4195);
#3659=PLANE('',#4198);
#3660=PLANE('',#4200);
#3661=PLANE('',#4201);
#3662=PLANE('',#4203);
#3663=PLANE('',#4213);
#3664=PLANE('',#4214);
#3665=PLANE('',#4215);
#3666=PLANE('',#4225);
#3667=PLANE('',#4226);
#3668=PLANE('',#4229);
#3669=PLANE('',#4230);
#3670=PLANE('',#4235);
#3671=PLANE('',#4236);
#3672=PLANE('',#4240);
#3673=PLANE('',#4249);
#3674=PLANE('',#4250);
#3675=PLANE('',#4259);
#3676=PLANE('',#4260);
#3677=PLANE('',#4261);
#3678=PLANE('',#4262);
#3679=PLANE('',#4263);
#3680=PLANE('',#4264);
#3681=PLANE('',#4265);
#3682=PLANE('',#4266);
#3683=PLANE('',#4267);
#3684=PLANE('',#4268);
#3685=PLANE('',#4269);
#3686=PLANE('',#4270);
#3687=PLANE('',#4271);
#3688=PLANE('',#4277);
#3689=PLANE('',#4278);
#3690=PLANE('',#4279);
#3691=PLANE('',#4280);
#3692=PLANE('',#4281);
#3693=PLANE('',#4282);
#3694=PLANE('',#4283);
#3695=PLANE('',#4284);
#3696=PLANE('',#4285);
#3697=ADVANCED_FACE('',(#3299,#3300,#3301,#3302,#3303,#3304,#3305),#3547,
 .F.);
#3698=ADVANCED_FACE('',(#3306),#3548,.T.);
#3699=ADVANCED_FACE('',(#3307),#3549,.T.);
#3700=ADVANCED_FACE('',(#3308),#3550,.F.);
#3701=ADVANCED_FACE('',(#3309),#3551,.F.);
#3702=ADVANCED_FACE('',(#3310),#92,.T.);
#3703=ADVANCED_FACE('',(#3311),#93,.T.);
#3704=ADVANCED_FACE('',(#3312),#90,.F.);
#3705=ADVANCED_FACE('',(#3313,#3314,#3315,#3316),#3552,.T.);
#3706=ADVANCED_FACE('',(#3317),#3553,.T.);
#3707=ADVANCED_FACE('',(#3318),#3554,.T.);
#3708=ADVANCED_FACE('',(#3319),#3555,.T.);
#3709=ADVANCED_FACE('',(#3320,#3321,#3322),#3556,.T.);
#3710=ADVANCED_FACE('',(#3323),#3557,.T.);
#3711=ADVANCED_FACE('',(#3324),#3558,.T.);
#3712=ADVANCED_FACE('',(#3325),#3559,.T.);
#3713=ADVANCED_FACE('',(#3326),#3560,.T.);
#3714=ADVANCED_FACE('',(#3327),#3561,.T.);
#3715=ADVANCED_FACE('',(#3328),#3562,.T.);
#3716=ADVANCED_FACE('',(#3329),#3563,.T.);
#3717=ADVANCED_FACE('',(#3330),#3564,.T.);
#3718=ADVANCED_FACE('',(#3331),#3565,.T.);
#3719=ADVANCED_FACE('',(#3332),#3566,.T.);
#3720=ADVANCED_FACE('',(#3333),#94,.T.);
#3721=ADVANCED_FACE('',(#3334),#95,.T.);
#3722=ADVANCED_FACE('',(#3335),#3567,.F.);
#3723=ADVANCED_FACE('',(#3336),#3568,.F.);
#3724=ADVANCED_FACE('',(#3337),#3569,.F.);
#3725=ADVANCED_FACE('',(#3338),#3570,.F.);
#3726=ADVANCED_FACE('',(#3339),#3571,.F.);
#3727=ADVANCED_FACE('',(#3340),#96,.T.);
#3728=ADVANCED_FACE('',(#3341),#3572,.F.);
#3729=ADVANCED_FACE('',(#3342),#3573,.F.);
#3730=ADVANCED_FACE('',(#3343),#3574,.F.);
#3731=ADVANCED_FACE('',(#3344),#3575,.F.);
#3732=ADVANCED_FACE('',(#3345),#97,.T.);
#3733=ADVANCED_FACE('',(#3346),#3576,.F.);
#3734=ADVANCED_FACE('',(#3347),#3577,.F.);
#3735=ADVANCED_FACE('',(#3348),#3578,.F.);
#3736=ADVANCED_FACE('',(#3349),#98,.T.);
#3737=ADVANCED_FACE('',(#3350),#3579,.F.);
#3738=ADVANCED_FACE('',(#3351),#99,.F.);
#3739=ADVANCED_FACE('',(#3352),#3580,.F.);
#3740=ADVANCED_FACE('',(#3353),#3581,.F.);
#3741=ADVANCED_FACE('',(#3354),#3582,.F.);
#3742=ADVANCED_FACE('',(#3355),#3583,.T.);
#3743=ADVANCED_FACE('',(#3356),#3584,.F.);
#3744=ADVANCED_FACE('',(#3357),#3585,.F.);
#3745=ADVANCED_FACE('',(#3358,#3359),#3586,.F.);
#3746=ADVANCED_FACE('',(#3360,#3361),#3587,.T.);
#3747=ADVANCED_FACE('',(#3362),#3588,.F.);
#3748=ADVANCED_FACE('',(#3363),#3589,.F.);
#3749=ADVANCED_FACE('',(#3364),#3590,.F.);
#3750=ADVANCED_FACE('',(#3365),#100,.T.);
#3751=ADVANCED_FACE('',(#3366),#3591,.F.);
#3752=ADVANCED_FACE('',(#3367),#3592,.T.);
#3753=ADVANCED_FACE('',(#3368),#3593,.F.);
#3754=ADVANCED_FACE('',(#3369,#3370),#101,.T.);
#3755=ADVANCED_FACE('',(#3371),#3594,.F.);
#3756=ADVANCED_FACE('',(#3372,#3373),#102,.T.);
#3757=ADVANCED_FACE('',(#3374),#3595,.F.);
#3758=ADVANCED_FACE('',(#3375,#3376),#103,.T.);
#3759=ADVANCED_FACE('',(#3377),#3596,.F.);
#3760=ADVANCED_FACE('',(#3378,#3379),#104,.T.);
#3761=ADVANCED_FACE('',(#3380),#3597,.F.);
#3762=ADVANCED_FACE('',(#3381,#3382),#105,.T.);
#3763=ADVANCED_FACE('',(#3383),#3598,.F.);
#3764=ADVANCED_FACE('',(#3384),#3599,.T.);
#3765=ADVANCED_FACE('',(#3385),#3600,.T.);
#3766=ADVANCED_FACE('',(#3386),#3601,.T.);
#3767=ADVANCED_FACE('',(#3387),#3602,.T.);
#3768=ADVANCED_FACE('',(#3388),#3603,.F.);
#3769=ADVANCED_FACE('',(#3389),#91,.F.);
#3770=ADVANCED_FACE('',(#3390),#88,.T.);
#3771=ADVANCED_FACE('',(#3391),#89,.T.);
#3772=ADVANCED_FACE('',(#3392,#3393),#106,.F.);
#3773=ADVANCED_FACE('',(#3394),#3604,.F.);
#3774=ADVANCED_FACE('',(#3395,#3396),#107,.F.);
#3775=ADVANCED_FACE('',(#3397),#3605,.F.);
#3776=ADVANCED_FACE('',(#3398,#3399),#108,.F.);
#3777=ADVANCED_FACE('',(#3400),#3606,.F.);
#3778=ADVANCED_FACE('',(#3401,#3402),#109,.F.);
#3779=ADVANCED_FACE('',(#3403),#3607,.F.);
#3780=ADVANCED_FACE('',(#3404,#3405),#110,.F.);
#3781=ADVANCED_FACE('',(#3406),#3608,.F.);
#3782=ADVANCED_FACE('',(#3407),#3609,.T.);
#3783=ADVANCED_FACE('',(#3408),#3610,.T.);
#3784=ADVANCED_FACE('',(#3409),#3611,.T.);
#3785=ADVANCED_FACE('',(#3410),#3612,.F.);
#3786=ADVANCED_FACE('',(#3411),#3613,.T.);
#3787=ADVANCED_FACE('',(#3412),#3614,.T.);
#3788=ADVANCED_FACE('',(#3413),#3615,.F.);
#3789=ADVANCED_FACE('',(#3414),#3616,.F.);
#3790=ADVANCED_FACE('',(#3415),#3617,.F.);
#3791=ADVANCED_FACE('',(#3416),#3618,.T.);
#3792=ADVANCED_FACE('',(#3417),#3619,.T.);
#3793=ADVANCED_FACE('',(#3418),#3620,.F.);
#3794=ADVANCED_FACE('',(#3419),#3621,.T.);
#3795=ADVANCED_FACE('',(#3420),#3622,.F.);
#3796=ADVANCED_FACE('',(#3421),#3623,.T.);
#3797=ADVANCED_FACE('',(#3422),#3624,.T.);
#3798=ADVANCED_FACE('',(#3423),#3625,.F.);
#3799=ADVANCED_FACE('',(#3424),#111,.F.);
#3800=ADVANCED_FACE('',(#3425),#3626,.T.);
#3801=ADVANCED_FACE('',(#3426),#112,.T.);
#3802=ADVANCED_FACE('',(#3427),#3627,.F.);
#3803=ADVANCED_FACE('',(#3428),#3628,.T.);
#3804=ADVANCED_FACE('',(#3429),#3629,.T.);
#3805=ADVANCED_FACE('',(#3430),#3630,.F.);
#3806=ADVANCED_FACE('',(#3431),#113,.T.);
#3807=ADVANCED_FACE('',(#3432),#114,.F.);
#3808=ADVANCED_FACE('',(#3433),#115,.T.);
#3809=ADVANCED_FACE('',(#3434),#116,.F.);
#3810=ADVANCED_FACE('',(#3435),#117,.T.);
#3811=ADVANCED_FACE('',(#3436),#118,.F.);
#3812=ADVANCED_FACE('',(#3437),#3631,.T.);
#3813=ADVANCED_FACE('',(#3438),#3632,.T.);
#3814=ADVANCED_FACE('',(#3439),#3633,.F.);
#3815=ADVANCED_FACE('',(#3440),#3634,.F.);
#3816=ADVANCED_FACE('',(#3441),#3635,.T.);
#3817=ADVANCED_FACE('',(#3442),#18,.F.);
#3818=ADVANCED_FACE('',(#3443),#19,.F.);
#3819=ADVANCED_FACE('',(#3444),#119,.T.);
#3820=ADVANCED_FACE('',(#3445),#120,.F.);
#3821=ADVANCED_FACE('',(#3446),#3636,.T.);
#3822=ADVANCED_FACE('',(#3447),#3637,.F.);
#3823=ADVANCED_FACE('',(#3448),#3638,.T.);
#3824=ADVANCED_FACE('',(#3449),#3639,.T.);
#3825=ADVANCED_FACE('',(#3450),#3640,.T.);
#3826=ADVANCED_FACE('',(#3451),#3641,.T.);
#3827=ADVANCED_FACE('',(#3452),#3642,.F.);
#3828=ADVANCED_FACE('',(#3453),#121,.T.);
#3829=ADVANCED_FACE('',(#3454),#122,.T.);
#3830=ADVANCED_FACE('',(#3455),#3643,.T.);
#3831=ADVANCED_FACE('',(#3456),#3644,.T.);
#3832=ADVANCED_FACE('',(#3457),#3645,.T.);
#3833=ADVANCED_FACE('',(#3458),#3646,.T.);
#3834=ADVANCED_FACE('',(#3459),#3647,.T.);
#3835=ADVANCED_FACE('',(#3460),#3648,.T.);
#3836=ADVANCED_FACE('',(#3461),#3649,.T.);
#3837=ADVANCED_FACE('',(#3462),#3650,.T.);
#3838=ADVANCED_FACE('',(#3463),#3651,.F.);
#3839=ADVANCED_FACE('',(#3464),#3652,.T.);
#3840=ADVANCED_FACE('',(#3465),#3653,.T.);
#3841=ADVANCED_FACE('',(#3466),#123,.F.);
#3842=ADVANCED_FACE('',(#3467),#124,.F.);
#3843=ADVANCED_FACE('',(#3468),#3654,.F.);
#3844=ADVANCED_FACE('',(#3469),#3655,.F.);
#3845=ADVANCED_FACE('',(#3470),#3656,.T.);
#3846=ADVANCED_FACE('',(#3471),#3657,.T.);
#3847=ADVANCED_FACE('',(#3472),#3658,.F.);
#3848=ADVANCED_FACE('',(#3473),#3659,.T.);
#3849=ADVANCED_FACE('',(#3474),#125,.F.);
#3850=ADVANCED_FACE('',(#3475),#3660,.T.);
#3851=ADVANCED_FACE('',(#3476),#3661,.F.);
#3852=ADVANCED_FACE('',(#3477),#126,.T.);
#3853=ADVANCED_FACE('',(#3478),#3662,.F.);
#3854=ADVANCED_FACE('',(#3479),#127,.T.);
#3855=ADVANCED_FACE('',(#3480),#128,.T.);
#3856=ADVANCED_FACE('',(#3481),#129,.F.);
#3857=ADVANCED_FACE('',(#3482),#3663,.T.);
#3858=ADVANCED_FACE('',(#3483),#3664,.T.);
#3859=ADVANCED_FACE('',(#3484),#3665,.F.);
#3860=ADVANCED_FACE('',(#3485),#130,.T.);
#3861=ADVANCED_FACE('',(#3486),#131,.F.);
#3862=ADVANCED_FACE('',(#3487),#132,.F.);
#3863=ADVANCED_FACE('',(#3488),#3666,.T.);
#3864=ADVANCED_FACE('',(#3489),#3667,.T.);
#3865=ADVANCED_FACE('',(#3490),#3668,.F.);
#3866=ADVANCED_FACE('',(#3491),#3669,.T.);
#3867=ADVANCED_FACE('',(#3492),#20,.F.);
#3868=ADVANCED_FACE('',(#3493),#21,.F.);
#3869=ADVANCED_FACE('',(#3494),#133,.T.);
#3870=ADVANCED_FACE('',(#3495),#134,.F.);
#3871=ADVANCED_FACE('',(#3496),#3670,.F.);
#3872=ADVANCED_FACE('',(#3497),#3671,.F.);
#3873=ADVANCED_FACE('',(#3498,#3499,#3500,#3501,#3502,#3503,#3504),#3672,
 .F.);
#3874=ADVANCED_FACE('',(#3505),#3673,.T.);
#3875=ADVANCED_FACE('',(#3506,#3507,#3508,#3509,#3510,#3511),#3674,.T.);
#3876=ADVANCED_FACE('',(#3512),#3675,.T.);
#3877=ADVANCED_FACE('',(#3513),#3676,.T.);
#3878=ADVANCED_FACE('',(#3514),#3677,.T.);
#3879=ADVANCED_FACE('',(#3515),#3678,.T.);
#3880=ADVANCED_FACE('',(#3516),#3679,.T.);
#3881=ADVANCED_FACE('',(#3517),#3680,.T.);
#3882=ADVANCED_FACE('',(#3518),#3681,.T.);
#3883=ADVANCED_FACE('',(#3519),#3682,.T.);
#3884=ADVANCED_FACE('',(#3520),#3683,.T.);
#3885=ADVANCED_FACE('',(#3521),#3684,.T.);
#3886=ADVANCED_FACE('',(#3522),#3685,.T.);
#3887=ADVANCED_FACE('',(#3523),#3686,.T.);
#3888=ADVANCED_FACE('',(#3524),#3687,.T.);
#3889=ADVANCED_FACE('',(#3525,#3526),#135,.F.);
#3890=ADVANCED_FACE('',(#3527,#3528),#136,.F.);
#3891=ADVANCED_FACE('',(#3529,#3530),#137,.F.);
#3892=ADVANCED_FACE('',(#3531,#3532),#138,.F.);
#3893=ADVANCED_FACE('',(#3533,#3534),#139,.F.);
#3894=ADVANCED_FACE('',(#3535),#3688,.T.);
#3895=ADVANCED_FACE('',(#3536),#3689,.T.);
#3896=ADVANCED_FACE('',(#3537),#3690,.F.);
#3897=ADVANCED_FACE('',(#3538),#3691,.T.);
#3898=ADVANCED_FACE('',(#3539),#3692,.T.);
#3899=ADVANCED_FACE('',(#3540),#3693,.T.);
#3900=ADVANCED_FACE('',(#3541),#3694,.F.);
#3901=ADVANCED_FACE('',(#3542),#3695,.F.);
#3902=ADVANCED_FACE('',(#3543),#3696,.F.);
#3903=ADVANCED_FACE('',(#3544),#140,.T.);
#3904=ADVANCED_FACE('',(#3545),#141,.T.);
#3905=ADVANCED_FACE('',(#3546),#142,.T.);
#3906=CLOSED_SHELL('',(#3697,#3698,#3699,#3700,#3701,#3702,#3703,#3704,
#3705,#3706,#3707,#3708,#3709,#3710,#3711,#3712,#3713,#3714,#3715,#3716,
#3717,#3718,#3719,#3720,#3721,#3722,#3723,#3724,#3725,#3726,#3727,#3728,
#3729,#3730,#3731,#3732,#3733,#3734,#3735,#3736,#3737,#3738,#3739,#3740,
#3741,#3742,#3743,#3744,#3745,#3746,#3747,#3748,#3749,#3750,#3751,#3752,
#3753,#3754,#3755,#3756,#3757,#3758,#3759,#3760,#3761,#3762,#3763,#3764,
#3765,#3766,#3767,#3768,#3769,#3770,#3771,#3772,#3773,#3774,#3775,#3776,
#3777,#3778,#3779,#3780,#3781,#3782,#3783,#3784,#3785,#3786,#3787,#3788,
#3789,#3790));
#3907=CLOSED_SHELL('',(#3791,#3792,#3793,#3794,#3795,#3796,#3797,#3798,
#3799,#3800,#3801,#3802,#3803,#3804,#3805,#3806,#3807,#3808,#3809,#3810,
#3811,#3812,#3813,#3814,#3815,#3816,#3817,#3818,#3819,#3820,#3821,#3822));
#3908=CLOSED_SHELL('',(#3823,#3824,#3825,#3826,#3827,#3828,#3829,#3830,
#3831,#3832,#3833,#3834,#3835,#3836,#3837,#3838,#3839,#3840,#3841,#3842));
#3909=CLOSED_SHELL('',(#3843,#3844,#3845,#3846,#3847,#3848,#3849,#3850,
#3851,#3852,#3853,#3854,#3855,#3856,#3857,#3858,#3859,#3860,#3861,#3862,
#3863,#3864,#3865,#3866,#3867,#3868,#3869,#3870,#3871,#3872));
#3910=CLOSED_SHELL('',(#3873,#3874,#3875,#3876,#3877,#3878,#3879,#3880,
#3881,#3882,#3883,#3884,#3885,#3886,#3887,#3888,#3889,#3890,#3891,#3892,
#3893,#3894,#3895,#3896,#3897,#3898,#3899,#3900,#3901,#3902,#3903,#3904,
#3905));
#3911=STYLED_ITEM('',(#3916),#3948);
#3912=STYLED_ITEM('',(#3917),#3949);
#3913=STYLED_ITEM('',(#3918),#3950);
#3914=STYLED_ITEM('',(#3919),#3951);
#3915=STYLED_ITEM('',(#3920),#3952);
#3916=PRESENTATION_STYLE_ASSIGNMENT((#3921));
#3917=PRESENTATION_STYLE_ASSIGNMENT((#3922));
#3918=PRESENTATION_STYLE_ASSIGNMENT((#3923));
#3919=PRESENTATION_STYLE_ASSIGNMENT((#3924));
#3920=PRESENTATION_STYLE_ASSIGNMENT((#3925));
#3921=SURFACE_STYLE_USAGE(.BOTH.,#3926);
#3922=SURFACE_STYLE_USAGE(.BOTH.,#3927);
#3923=SURFACE_STYLE_USAGE(.BOTH.,#3928);
#3924=SURFACE_STYLE_USAGE(.BOTH.,#3929);
#3925=SURFACE_STYLE_USAGE(.BOTH.,#3930);
#3926=SURFACE_SIDE_STYLE('',(#3931));
#3927=SURFACE_SIDE_STYLE('',(#3932));
#3928=SURFACE_SIDE_STYLE('',(#3933));
#3929=SURFACE_SIDE_STYLE('',(#3934));
#3930=SURFACE_SIDE_STYLE('',(#3935));
#3931=SURFACE_STYLE_FILL_AREA(#3936);
#3932=SURFACE_STYLE_FILL_AREA(#3937);
#3933=SURFACE_STYLE_FILL_AREA(#3938);
#3934=SURFACE_STYLE_FILL_AREA(#3939);
#3935=SURFACE_STYLE_FILL_AREA(#3940);
#3936=FILL_AREA_STYLE('',(#3941));
#3937=FILL_AREA_STYLE('',(#3942));
#3938=FILL_AREA_STYLE('',(#3943));
#3939=FILL_AREA_STYLE('',(#3944));
#3940=FILL_AREA_STYLE('',(#3945));
#3941=FILL_AREA_STYLE_COLOUR('',#3946);
#3942=FILL_AREA_STYLE_COLOUR('',#3947);
#3943=FILL_AREA_STYLE_COLOUR('',#3946);
#3944=FILL_AREA_STYLE_COLOUR('',#3947);
#3945=FILL_AREA_STYLE_COLOUR('',#3946);
#3946=COLOUR_RGB('',0.569999992847443,0.569999992847443,0.569999992847443);
#3947=COLOUR_RGB('',0.699999988079071,0.699999988079071,0.699999988079071);
#3948=MANIFOLD_SOLID_BREP('',#3906);
#3949=MANIFOLD_SOLID_BREP('',#3907);
#3950=MANIFOLD_SOLID_BREP('',#3908);
#3951=MANIFOLD_SOLID_BREP('',#3909);
#3952=MANIFOLD_SOLID_BREP('',#3910);
#3953=SHAPE_DEFINITION_REPRESENTATION(#6666,#3961);
#3954=SHAPE_DEFINITION_REPRESENTATION(#6665,#3962);
#3955=SHAPE_DEFINITION_REPRESENTATION(#6668,#3963);
#3956=SHAPE_DEFINITION_REPRESENTATION(#6670,#3964);
#3957=SHAPE_DEFINITION_REPRESENTATION(#6664,#3965);
#3958=SHAPE_DEFINITION_REPRESENTATION(#6673,#3966);
#3959=SHAPE_DEFINITION_REPRESENTATION(#6675,#3967);
#3960=SHAPE_DEFINITION_REPRESENTATION(#6679,#3968);
#3961=SHAPE_REPRESENTATION('6914121200xxB',(#3969),#6647);
#3962=SHAPE_REPRESENTATION('6914121200xx_MODULE_COURT',(#3969,#4105,#4156,
#4186),#6646);
#3963=SHAPE_REPRESENTATION('6914121200xx',(#3969),#6648);
#3964=SHAPE_REPRESENTATION('6914121200xx_levier',(#3969),#6649);
#3965=SHAPE_REPRESENTATION('6914121200xxMB',(#3969,#4187,#4239,#4289,#4290,
#4291,#4292,#4293,#4294),#6645);
#3966=SHAPE_REPRESENTATION('6914121200xx_MODULE_LONG',(#3969,#4188,#4237,
#4238),#6650);
#3967=SHAPE_REPRESENTATION('6914121200xx_LONG',(#3969),#6651);
#3968=SHAPE_REPRESENTATION('6914121200xxB_CAPOT',(#3969),#6652);
#3969=AXIS2_PLACEMENT_3D('',#5352,#4295,#4296);
#3970=AXIS2_PLACEMENT_3D('',#5353,#4297,#4298);
#3971=AXIS2_PLACEMENT_3D('',#5362,#4303,#4304);
#3972=AXIS2_PLACEMENT_3D('',#5364,#4305,#4306);
#3973=AXIS2_PLACEMENT_3D('',#5366,#4307,#4308);
#3974=AXIS2_PLACEMENT_3D('',#5368,#4309,#4310);
#3975=AXIS2_PLACEMENT_3D('',#5370,#4311,#4312);
#3976=AXIS2_PLACEMENT_3D('',#5377,#4315,#4316);
#3977=AXIS2_PLACEMENT_3D('',#5381,#4318,#4319);
#3978=AXIS2_PLACEMENT_3D('',#5407,#4332,#4333);
#3979=AXIS2_PLACEMENT_3D('',#5414,#4337,#4338);
#3980=AXIS2_PLACEMENT_3D('',#5430,#4347,#4348);
#3981=AXIS2_PLACEMENT_3D('',#5433,#4350,#4351);
#3982=AXIS2_PLACEMENT_3D('',#5434,#4352,#4353);
#3983=AXIS2_PLACEMENT_3D('',#5442,#4354,#4355);
#3984=AXIS2_PLACEMENT_3D('',#5449,#4356,#4357);
#3985=AXIS2_PLACEMENT_3D('',#5457,#4362,#4363);
#3986=AXIS2_PLACEMENT_3D('',#5458,#4364,#4365);
#3987=AXIS2_PLACEMENT_3D('',#5480,#4371,#4372);
#3988=AXIS2_PLACEMENT_3D('',#5486,#4373,#4374);
#3989=AXIS2_PLACEMENT_3D('',#5499,#4379,#4380);
#3990=AXIS2_PLACEMENT_3D('',#5504,#4381,#4382);
#3991=AXIS2_PLACEMENT_3D('',#5509,#4383,#4384);
#3992=AXIS2_PLACEMENT_3D('',#5510,#4385,#4386);
#3993=AXIS2_PLACEMENT_3D('',#5519,#4387,#4388);
#3994=AXIS2_PLACEMENT_3D('',#5525,#4391,#4392);
#3995=AXIS2_PLACEMENT_3D('',#5527,#4394,#4395);
#3996=AXIS2_PLACEMENT_3D('',#5531,#4397,#4398);
#3997=AXIS2_PLACEMENT_3D('',#5534,#4400,#4401);
#3998=AXIS2_PLACEMENT_3D('',#5536,#4402,#4403);
#3999=AXIS2_PLACEMENT_3D('',#5546,#4408,#4409);
#4000=AXIS2_PLACEMENT_3D('',#5556,#4415,#4416);
#4001=AXIS2_PLACEMENT_3D('',#5560,#4419,#4420);
#4002=AXIS2_PLACEMENT_3D('',#5564,#4423,#4424);
#4003=AXIS2_PLACEMENT_3D('',#5565,#4425,#4426);
#4004=AXIS2_PLACEMENT_3D('',#5567,#4427,#4428);
#4005=AXIS2_PLACEMENT_3D('',#5577,#4433,#4434);
#4006=AXIS2_PLACEMENT_3D('',#5589,#4440,#4441);
#4007=AXIS2_PLACEMENT_3D('',#5600,#4447,#4448);
#4008=AXIS2_PLACEMENT_3D('',#5610,#4453,#4454);
#4009=AXIS2_PLACEMENT_3D('',#5611,#4455,#4456);
#4010=AXIS2_PLACEMENT_3D('',#5614,#4459,#4460);
#4011=AXIS2_PLACEMENT_3D('',#5616,#4462,#4463);
#4012=AXIS2_PLACEMENT_3D('',#5618,#4465,#4466);
#4013=AXIS2_PLACEMENT_3D('',#5620,#4468,#4469);
#4014=AXIS2_PLACEMENT_3D('',#5621,#4470,#4471);
#4015=AXIS2_PLACEMENT_3D('',#5638,#4482,#4483);
#4016=AXIS2_PLACEMENT_3D('',#5642,#4486,#4487);
#4017=AXIS2_PLACEMENT_3D('',#5646,#4490,#4491);
#4018=AXIS2_PLACEMENT_3D('',#5649,#4494,#4495);
#4019=AXIS2_PLACEMENT_3D('',#5652,#4497,#4498);
#4020=AXIS2_PLACEMENT_3D('',#5653,#4499,#4500);
#4021=AXIS2_PLACEMENT_3D('',#5654,#4501,#4502);
#4022=AXIS2_PLACEMENT_3D('',#5658,#4505,#4506);
#4023=AXIS2_PLACEMENT_3D('',#5662,#4509,#4510);
#4024=AXIS2_PLACEMENT_3D('',#5668,#4514,#4515);
#4025=AXIS2_PLACEMENT_3D('',#5672,#4518,#4519);
#4026=AXIS2_PLACEMENT_3D('',#5676,#4522,#4523);
#4027=AXIS2_PLACEMENT_3D('',#5679,#4525,#4526);
#4028=AXIS2_PLACEMENT_3D('',#5682,#4528,#4529);
#4029=AXIS2_PLACEMENT_3D('',#5686,#4532,#4533);
#4030=AXIS2_PLACEMENT_3D('',#5690,#4536,#4537);
#4031=AXIS2_PLACEMENT_3D('',#5692,#4539,#4540);
#4032=AXIS2_PLACEMENT_3D('',#5696,#4543,#4544);
#4033=AXIS2_PLACEMENT_3D('',#5699,#4546,#4547);
#4034=AXIS2_PLACEMENT_3D('',#5700,#4548,#4549);
#4035=AXIS2_PLACEMENT_3D('',#5704,#4552,#4553);
#4036=AXIS2_PLACEMENT_3D('',#5706,#4555,#4556);
#4037=AXIS2_PLACEMENT_3D('',#5710,#4559,#4560);
#4038=AXIS2_PLACEMENT_3D('',#5713,#4562,#4563);
#4039=AXIS2_PLACEMENT_3D('',#5714,#4564,#4565);
#4040=AXIS2_PLACEMENT_3D('',#5718,#4568,#4569);
#4041=AXIS2_PLACEMENT_3D('',#5719,#4570,#4571);
#4042=AXIS2_PLACEMENT_3D('',#5720,#4572,#4573);
#4043=AXIS2_PLACEMENT_3D('',#5726,#4577,#4578);
#4044=AXIS2_PLACEMENT_3D('',#5731,#4582,#4583);
#4045=AXIS2_PLACEMENT_3D('',#5733,#4585,#4586);
#4046=AXIS2_PLACEMENT_3D('',#5734,#4587,#4588);
#4047=AXIS2_PLACEMENT_3D('',#5738,#4591,#4592);
#4048=AXIS2_PLACEMENT_3D('',#5740,#4594,#4595);
#4049=AXIS2_PLACEMENT_3D('',#5744,#4597,#4598);
#4050=AXIS2_PLACEMENT_3D('',#5751,#4602,#4603);
#4051=AXIS2_PLACEMENT_3D('',#5752,#4604,#4605);
#4052=AXIS2_PLACEMENT_3D('',#5759,#4608,#4609);
#4053=AXIS2_PLACEMENT_3D('',#5764,#4612,#4613);
#4054=AXIS2_PLACEMENT_3D('',#5767,#4616,#4617);
#4055=AXIS2_PLACEMENT_3D('',#5769,#4619,#4620);
#4056=AXIS2_PLACEMENT_3D('',#5771,#4622,#4623);
#4057=AXIS2_PLACEMENT_3D('',#5773,#4625,#4626);
#4058=AXIS2_PLACEMENT_3D('',#5774,#4627,#4628);
#4059=AXIS2_PLACEMENT_3D('',#5775,#4629,#4630);
#4060=AXIS2_PLACEMENT_3D('',#5776,#4631,#4632);
#4061=AXIS2_PLACEMENT_3D('',#5777,#4633,#4634);
#4062=AXIS2_PLACEMENT_3D('',#5779,#4635,#4636);
#4063=AXIS2_PLACEMENT_3D('',#5780,#4637,#4638);
#4064=AXIS2_PLACEMENT_3D('',#5781,#4639,#4640);
#4065=AXIS2_PLACEMENT_3D('',#5783,#4641,#4642);
#4066=AXIS2_PLACEMENT_3D('',#5784,#4643,#4644);
#4067=AXIS2_PLACEMENT_3D('',#5785,#4645,#4646);
#4068=AXIS2_PLACEMENT_3D('',#5787,#4647,#4648);
#4069=AXIS2_PLACEMENT_3D('',#5788,#4649,#4650);
#4070=AXIS2_PLACEMENT_3D('',#5789,#4651,#4652);
#4071=AXIS2_PLACEMENT_3D('',#5791,#4653,#4654);
#4072=AXIS2_PLACEMENT_3D('',#5792,#4655,#4656);
#4073=AXIS2_PLACEMENT_3D('',#5793,#4657,#4658);
#4074=AXIS2_PLACEMENT_3D('',#5795,#4659,#4660);
#4075=AXIS2_PLACEMENT_3D('',#5796,#4661,#4662);
#4076=AXIS2_PLACEMENT_3D('',#5802,#4666,#4667);
#4077=AXIS2_PLACEMENT_3D('',#5806,#4670,#4671);
#4078=AXIS2_PLACEMENT_3D('',#5810,#4674,#4675);
#4079=AXIS2_PLACEMENT_3D('',#5812,#4677,#4678);
#4080=AXIS2_PLACEMENT_3D('',#5813,#4679,#4680);
#4081=AXIS2_PLACEMENT_3D('',#5852,#4681,#4682);
#4082=AXIS2_PLACEMENT_3D('',#5853,#4683,#4684);
#4083=AXIS2_PLACEMENT_3D('',#5855,#4685,#4686);
#4084=AXIS2_PLACEMENT_3D('',#5856,#4687,#4688);
#4085=AXIS2_PLACEMENT_3D('',#5857,#4689,#4690);
#4086=AXIS2_PLACEMENT_3D('',#5859,#4691,#4692);
#4087=AXIS2_PLACEMENT_3D('',#5860,#4693,#4694);
#4088=AXIS2_PLACEMENT_3D('',#5861,#4695,#4696);
#4089=AXIS2_PLACEMENT_3D('',#5863,#4697,#4698);
#4090=AXIS2_PLACEMENT_3D('',#5864,#4699,#4700);
#4091=AXIS2_PLACEMENT_3D('',#5865,#4701,#4702);
#4092=AXIS2_PLACEMENT_3D('',#5867,#4703,#4704);
#4093=AXIS2_PLACEMENT_3D('',#5868,#4705,#4706);
#4094=AXIS2_PLACEMENT_3D('',#5869,#4707,#4708);
#4095=AXIS2_PLACEMENT_3D('',#5871,#4709,#4710);
#4096=AXIS2_PLACEMENT_3D('',#5872,#4711,#4712);
#4097=AXIS2_PLACEMENT_3D('',#5878,#4716,#4717);
#4098=AXIS2_PLACEMENT_3D('',#5882,#4720,#4721);
#4099=AXIS2_PLACEMENT_3D('',#5886,#4724,#4725);
#4100=AXIS2_PLACEMENT_3D('',#5888,#4727,#4728);
#4101=AXIS2_PLACEMENT_3D('',#5892,#4731,#4732);
#4102=AXIS2_PLACEMENT_3D('',#5896,#4735,#4736);
#4103=AXIS2_PLACEMENT_3D('',#5898,#4738,#4739);
#4104=AXIS2_PLACEMENT_3D('',#5899,#4740,#4741);
#4105=AXIS2_PLACEMENT_3D('',#5900,#4742,#4743);
#4106=AXIS2_PLACEMENT_3D('',#5901,#4744,#4745);
#4107=AXIS2_PLACEMENT_3D('',#5910,#4750,#4751);
#4108=AXIS2_PLACEMENT_3D('',#5919,#4756,#4757);
#4109=AXIS2_PLACEMENT_3D('',#5928,#4762,#4763);
#4110=AXIS2_PLACEMENT_3D('',#5936,#4769,#4770);
#4111=AXIS2_PLACEMENT_3D('',#5944,#4776,#4777);
#4112=AXIS2_PLACEMENT_3D('',#5945,#4778,#4779);
#4113=AXIS2_PLACEMENT_3D('',#5953,#4783,#4784);
#4114=AXIS2_PLACEMENT_3D('',#5954,#4785,#4786);
#4115=AXIS2_PLACEMENT_3D('',#5960,#4790,#4791);
#4116=AXIS2_PLACEMENT_3D('',#5961,#4792,#4793);
#4117=AXIS2_PLACEMENT_3D('',#5966,#4796,#4797);
#4118=AXIS2_PLACEMENT_3D('',#5967,#4798,#4799);
#4119=AXIS2_PLACEMENT_3D('',#5969,#4801,#4802);
#4120=AXIS2_PLACEMENT_3D('',#5970,#4803,#4804);
#4121=AXIS2_PLACEMENT_3D('',#5972,#4806,#4807);
#4122=AXIS2_PLACEMENT_3D('',#5973,#4808,#4809);
#4123=AXIS2_PLACEMENT_3D('',#5974,#4810,#4811);
#4124=AXIS2_PLACEMENT_3D('',#5983,#4816,#4817);
#4125=AXIS2_PLACEMENT_3D('',#5993,#4823,#4824);
#4126=AXIS2_PLACEMENT_3D('',#5994,#4825,#4826);
#4127=AXIS2_PLACEMENT_3D('',#5996,#4827,#4828);
#4128=AXIS2_PLACEMENT_3D('',#5999,#4830,#4831);
#4129=AXIS2_PLACEMENT_3D('',#6000,#4832,#4833);
#4130=AXIS2_PLACEMENT_3D('',#6002,#4834,#4835);
#4131=AXIS2_PLACEMENT_3D('',#6005,#4837,#4838);
#4132=AXIS2_PLACEMENT_3D('',#6006,#4839,#4840);
#4133=AXIS2_PLACEMENT_3D('',#6008,#4841,#4842);
#4134=AXIS2_PLACEMENT_3D('',#6011,#4844,#4845);
#4135=AXIS2_PLACEMENT_3D('',#6012,#4846,#4847);
#4136=AXIS2_PLACEMENT_3D('',#6017,#4849,#4850);
#4137=AXIS2_PLACEMENT_3D('',#6020,#4852,#4853);
#4138=AXIS2_PLACEMENT_3D('',#6021,#4854,#4855);
#4139=AXIS2_PLACEMENT_3D('',#6023,#4856,#4857);
#4140=AXIS2_PLACEMENT_3D('',#6026,#4859,#4860);
#4141=AXIS2_PLACEMENT_3D('',#6027,#4861,#4862);
#4142=AXIS2_PLACEMENT_3D('',#6029,#4863,#4864);
#4143=AXIS2_PLACEMENT_3D('',#6032,#4866,#4867);
#4144=AXIS2_PLACEMENT_3D('',#6039,#4872,#4873);
#4145=AXIS2_PLACEMENT_3D('',#6043,#4876,#4877);
#4146=AXIS2_PLACEMENT_3D('',#6047,#4879,#4880);
#4147=AXIS2_PLACEMENT_3D('',#6050,#4882,#4883);
#4148=AXIS2_PLACEMENT_3D('',#6054,#4886,#4887);
#4149=AXIS2_PLACEMENT_3D('',#6056,#4889,#4890);
#4150=AXIS2_PLACEMENT_3D('',#6060,#4892,#4893);
#4151=AXIS2_PLACEMENT_3D('',#6063,#4895,#4896);
#4152=AXIS2_PLACEMENT_3D('',#6121,#4898,#4899);
#4153=AXIS2_PLACEMENT_3D('',#6122,#4900,#4901);
#4154=AXIS2_PLACEMENT_3D('',#6123,#4902,#4903);
#4155=AXIS2_PLACEMENT_3D('',#6124,#4904,#4905);
#4156=AXIS2_PLACEMENT_3D('',#6125,#4906,#4907);
#4157=AXIS2_PLACEMENT_3D('',#6126,#4908,#4909);
#4158=AXIS2_PLACEMENT_3D('',#6132,#4912,#4913);
#4159=AXIS2_PLACEMENT_3D('',#6143,#4919,#4920);
#4160=AXIS2_PLACEMENT_3D('',#6144,#4921,#4922);
#4161=AXIS2_PLACEMENT_3D('',#6147,#4923,#4924);
#4162=AXIS2_PLACEMENT_3D('',#6151,#4926,#4927);
#4163=AXIS2_PLACEMENT_3D('',#6159,#4932,#4933);
#4164=AXIS2_PLACEMENT_3D('',#6163,#4936,#4937);
#4165=AXIS2_PLACEMENT_3D('',#6170,#4941,#4942);
#4166=AXIS2_PLACEMENT_3D('',#6173,#4944,#4945);
#4167=AXIS2_PLACEMENT_3D('',#6188,#4953,#4954);
#4168=AXIS2_PLACEMENT_3D('',#6190,#4955,#4956);
#4169=AXIS2_PLACEMENT_3D('',#6191,#4957,#4958);
#4170=AXIS2_PLACEMENT_3D('',#6192,#4959,#4960);
#4171=AXIS2_PLACEMENT_3D('',#6193,#4961,#4962);
#4172=AXIS2_PLACEMENT_3D('',#6194,#4963,#4964);
#4173=AXIS2_PLACEMENT_3D('',#6206,#4966,#4967);
#4174=AXIS2_PLACEMENT_3D('',#6213,#4972,#4973);
#4175=AXIS2_PLACEMENT_3D('',#6217,#4976,#4977);
#4176=AXIS2_PLACEMENT_3D('',#6221,#4980,#4981);
#4177=AXIS2_PLACEMENT_3D('',#6225,#4984,#4985);
#4178=AXIS2_PLACEMENT_3D('',#6229,#4988,#4989);
#4179=AXIS2_PLACEMENT_3D('',#6231,#4991,#4992);
#4180=AXIS2_PLACEMENT_3D('',#6232,#4993,#4994);
#4181=AXIS2_PLACEMENT_3D('',#6234,#4996,#4997);
#4182=AXIS2_PLACEMENT_3D('',#6235,#4998,#4999);
#4183=AXIS2_PLACEMENT_3D('',#6237,#5001,#5002);
#4184=AXIS2_PLACEMENT_3D('',#6239,#5004,#5005);
#4185=AXIS2_PLACEMENT_3D('',#6241,#5007,#5008);
#4186=AXIS2_PLACEMENT_3D('',#6242,#5009,#5010);
#4187=AXIS2_PLACEMENT_3D('',#6243,#5011,#5012);
#4188=AXIS2_PLACEMENT_3D('',#6244,#5013,#5014);
#4189=AXIS2_PLACEMENT_3D('',#6245,#5015,#5016);
#4190=AXIS2_PLACEMENT_3D('',#6254,#5021,#5022);
#4191=AXIS2_PLACEMENT_3D('',#6263,#5027,#5028);
#4192=AXIS2_PLACEMENT_3D('',#6264,#5029,#5030);
#4193=AXIS2_PLACEMENT_3D('',#6273,#5034,#5035);
#4194=AXIS2_PLACEMENT_3D('',#6277,#5038,#5039);
#4195=AXIS2_PLACEMENT_3D('',#6283,#5043,#5044);
#4196=AXIS2_PLACEMENT_3D('',#6286,#5046,#5047);
#4197=AXIS2_PLACEMENT_3D('',#6291,#5050,#5051);
#4198=AXIS2_PLACEMENT_3D('',#6294,#5053,#5054);
#4199=AXIS2_PLACEMENT_3D('',#6297,#5057,#5058);
#4200=AXIS2_PLACEMENT_3D('',#6299,#5060,#5061);
#4201=AXIS2_PLACEMENT_3D('',#6300,#5062,#5063);
#4202=AXIS2_PLACEMENT_3D('',#6303,#5066,#5067);
#4203=AXIS2_PLACEMENT_3D('',#6305,#5069,#5070);
#4204=AXIS2_PLACEMENT_3D('',#6306,#5071,#5072);
#4205=AXIS2_PLACEMENT_3D('',#6307,#5073,#5074);
#4206=AXIS2_PLACEMENT_3D('',#6312,#5076,#5077);
#4207=AXIS2_PLACEMENT_3D('',#6315,#5079,#5080);
#4208=AXIS2_PLACEMENT_3D('',#6316,#5081,#5082);
#4209=AXIS2_PLACEMENT_3D('',#6321,#5084,#5085);
#4210=AXIS2_PLACEMENT_3D('',#6324,#5087,#5088);
#4211=AXIS2_PLACEMENT_3D('',#6325,#5089,#5090);
#4212=AXIS2_PLACEMENT_3D('',#6327,#5091,#5092);
#4213=AXIS2_PLACEMENT_3D('',#6330,#5094,#5095);
#4214=AXIS2_PLACEMENT_3D('',#6340,#5101,#5102);
#4215=AXIS2_PLACEMENT_3D('',#6346,#5106,#5107);
#4216=AXIS2_PLACEMENT_3D('',#6356,#5113,#5114);
#4217=AXIS2_PLACEMENT_3D('',#6357,#5115,#5116);
#4218=AXIS2_PLACEMENT_3D('',#6359,#5117,#5118);
#4219=AXIS2_PLACEMENT_3D('',#6362,#5120,#5121);
#4220=AXIS2_PLACEMENT_3D('',#6363,#5122,#5123);
#4221=AXIS2_PLACEMENT_3D('',#6364,#5124,#5125);
#4222=AXIS2_PLACEMENT_3D('',#6365,#5126,#5127);
#4223=AXIS2_PLACEMENT_3D('',#6366,#5128,#5129);
#4224=AXIS2_PLACEMENT_3D('',#6370,#5131,#5132);
#4225=AXIS2_PLACEMENT_3D('',#6371,#5133,#5134);
#4226=AXIS2_PLACEMENT_3D('',#6377,#5138,#5139);
#4227=AXIS2_PLACEMENT_3D('',#6379,#5141,#5142);
#4228=AXIS2_PLACEMENT_3D('',#6383,#5144,#5145);
#4229=AXIS2_PLACEMENT_3D('',#6386,#5147,#5148);
#4230=AXIS2_PLACEMENT_3D('',#6390,#5151,#5152);
#4231=AXIS2_PLACEMENT_3D('',#6392,#5154,#5155);
#4232=AXIS2_PLACEMENT_3D('',#6396,#5157,#5158);
#4233=AXIS2_PLACEMENT_3D('',#6453,#5159,#5160);
#4234=AXIS2_PLACEMENT_3D('',#6454,#5161,#5162);
#4235=AXIS2_PLACEMENT_3D('',#6455,#5163,#5164);
#4236=AXIS2_PLACEMENT_3D('',#6456,#5165,#5166);
#4237=AXIS2_PLACEMENT_3D('',#6457,#5167,#5168);
#4238=AXIS2_PLACEMENT_3D('',#6458,#5169,#5170);
#4239=AXIS2_PLACEMENT_3D('',#6459,#5171,#5172);
#4240=AXIS2_PLACEMENT_3D('',#6460,#5173,#5174);
#4241=AXIS2_PLACEMENT_3D('',#6464,#5176,#5177);
#4242=AXIS2_PLACEMENT_3D('',#6468,#5179,#5180);
#4243=AXIS2_PLACEMENT_3D('',#6494,#5193,#5194);
#4244=AXIS2_PLACEMENT_3D('',#6503,#5199,#5200);
#4245=AXIS2_PLACEMENT_3D('',#6505,#5201,#5202);
#4246=AXIS2_PLACEMENT_3D('',#6507,#5203,#5204);
#4247=AXIS2_PLACEMENT_3D('',#6509,#5205,#5206);
#4248=AXIS2_PLACEMENT_3D('',#6511,#5207,#5208);
#4249=AXIS2_PLACEMENT_3D('',#6521,#5213,#5214);
#4250=AXIS2_PLACEMENT_3D('',#6532,#5221,#5222);
#4251=AXIS2_PLACEMENT_3D('',#6533,#5223,#5224);
#4252=AXIS2_PLACEMENT_3D('',#6535,#5225,#5226);
#4253=AXIS2_PLACEMENT_3D('',#6540,#5228,#5229);
#4254=AXIS2_PLACEMENT_3D('',#6541,#5230,#5231);
#4255=AXIS2_PLACEMENT_3D('',#6567,#5244,#5245);
#4256=AXIS2_PLACEMENT_3D('',#6568,#5246,#5247);
#4257=AXIS2_PLACEMENT_3D('',#6570,#5248,#5249);
#4258=AXIS2_PLACEMENT_3D('',#6572,#5250,#5251);
#4259=AXIS2_PLACEMENT_3D('',#6574,#5252,#5253);
#4260=AXIS2_PLACEMENT_3D('',#6577,#5256,#5257);
#4261=AXIS2_PLACEMENT_3D('',#6580,#5260,#5261);
#4262=AXIS2_PLACEMENT_3D('',#6582,#5263,#5264);
#4263=AXIS2_PLACEMENT_3D('',#6584,#5266,#5267);
#4264=AXIS2_PLACEMENT_3D('',#6586,#5269,#5270);
#4265=AXIS2_PLACEMENT_3D('',#6588,#5272,#5273);
#4266=AXIS2_PLACEMENT_3D('',#6590,#5275,#5276);
#4267=AXIS2_PLACEMENT_3D('',#6592,#5278,#5279);
#4268=AXIS2_PLACEMENT_3D('',#6594,#5281,#5282);
#4269=AXIS2_PLACEMENT_3D('',#6596,#5284,#5285);
#4270=AXIS2_PLACEMENT_3D('',#6598,#5287,#5288);
#4271=AXIS2_PLACEMENT_3D('',#6600,#5290,#5291);
#4272=AXIS2_PLACEMENT_3D('',#6602,#5293,#5294);
#4273=AXIS2_PLACEMENT_3D('',#6603,#5295,#5296);
#4274=AXIS2_PLACEMENT_3D('',#6604,#5297,#5298);
#4275=AXIS2_PLACEMENT_3D('',#6605,#5299,#5300);
#4276=AXIS2_PLACEMENT_3D('',#6606,#5301,#5302);
#4277=AXIS2_PLACEMENT_3D('',#6607,#5303,#5304);
#4278=AXIS2_PLACEMENT_3D('',#6611,#5307,#5308);
#4279=AXIS2_PLACEMENT_3D('',#6615,#5311,#5312);
#4280=AXIS2_PLACEMENT_3D('',#6617,#5314,#5315);
#4281=AXIS2_PLACEMENT_3D('',#6623,#5319,#5320);
#4282=AXIS2_PLACEMENT_3D('',#6627,#5323,#5324);
#4283=AXIS2_PLACEMENT_3D('',#6631,#5327,#5328);
#4284=AXIS2_PLACEMENT_3D('',#6633,#5330,#5331);
#4285=AXIS2_PLACEMENT_3D('',#6634,#5332,#5333);
#4286=AXIS2_PLACEMENT_3D('',#6635,#5334,#5335);
#4287=AXIS2_PLACEMENT_3D('',#6636,#5336,#5337);
#4288=AXIS2_PLACEMENT_3D('',#6637,#5338,#5339);
#4289=AXIS2_PLACEMENT_3D('',#6638,#5340,#5341);
#4290=AXIS2_PLACEMENT_3D('',#6639,#5342,#5343);
#4291=AXIS2_PLACEMENT_3D('',#6640,#5344,#5345);
#4292=AXIS2_PLACEMENT_3D('',#6641,#5346,#5347);
#4293=AXIS2_PLACEMENT_3D('',#6642,#5348,#5349);
#4294=AXIS2_PLACEMENT_3D('',#6643,#5350,#5351);
#4295=DIRECTION('',(0.,0.,1.));
#4296=DIRECTION('',(1.,0.,0.));
#4297=DIRECTION('',(-1.,0.,0.));
#4298=DIRECTION('',(0.,0.,1.));
#4299=DIRECTION('',(0.,0.,1.));
#4300=DIRECTION('',(0.,1.,0.));
#4301=DIRECTION('',(0.,1.23908819712629E-16,-1.));
#4302=DIRECTION('',(0.,-1.,-1.54886024640786E-16));
#4303=DIRECTION('',(-1.,0.,0.));
#4304=DIRECTION('',(0.,1.,0.));
#4305=DIRECTION('',(-1.,0.,0.));
#4306=DIRECTION('',(0.,1.,0.));
#4307=DIRECTION('',(-1.,0.,0.));
#4308=DIRECTION('',(0.,1.,0.));
#4309=DIRECTION('',(-1.,0.,0.));
#4310=DIRECTION('',(0.,1.,0.));
#4311=DIRECTION('',(-1.,0.,0.));
#4312=DIRECTION('',(0.,1.,0.));
#4313=DIRECTION('',(0.,-1.35525271560688E-16,1.));
#4314=DIRECTION('',(0.,1.,0.));
#4315=DIRECTION('',(-1.,0.,0.));
#4316=DIRECTION('',(0.,0.,1.));
#4317=DIRECTION('',(0.,0.699294155463731,0.714834025585148));
#4318=DIRECTION('',(-1.,0.,0.));
#4319=DIRECTION('',(0.,0.,1.));
#4320=DIRECTION('',(0.,0.,1.));
#4321=DIRECTION('',(0.,-1.,0.));
#4322=DIRECTION('',(0.,0.,-1.));
#4323=DIRECTION('',(0.,-1.,0.));
#4324=DIRECTION('',(0.,3.77113799125393E-15,1.));
#4325=DIRECTION('',(0.,-1.,0.));
#4326=DIRECTION('',(0.,0.,-1.));
#4327=DIRECTION('',(0.,1.,0.));
#4328=DIRECTION('',(0.,0.,-1.));
#4329=DIRECTION('',(0.,-1.,0.));
#4330=DIRECTION('',(0.,0.,-1.));
#4331=DIRECTION('',(0.,0.485642931178633,-0.874157276121537));
#4332=DIRECTION('',(-1.,0.,0.));
#4333=DIRECTION('',(0.,0.,1.));
#4334=DIRECTION('',(0.,1.,0.));
#4335=DIRECTION('',(0.,0.,-1.));
#4336=DIRECTION('',(0.,-1.,0.));
#4337=DIRECTION('',(0.,0.,1.));
#4338=DIRECTION('',(1.,0.,0.));
#4339=DIRECTION('',(1.,0.,0.));
#4340=DIRECTION('',(0.,1.,0.));
#4341=DIRECTION('',(1.,0.,0.));
#4342=DIRECTION('',(-1.,0.,0.));
#4343=DIRECTION('',(0.,1.,2.98195924977377E-16));
#4344=DIRECTION('',(-1.,0.,0.));
#4345=DIRECTION('',(0.,1.,0.));
#4346=DIRECTION('',(-1.,0.,0.));
#4347=DIRECTION('',(0.,0.,1.));
#4348=DIRECTION('',(0.,-1.,0.));
#4349=DIRECTION('',(-1.,0.,0.));
#4350=DIRECTION('',(0.,-0.714834025585148,0.699294155463731));
#4351=DIRECTION('',(0.,-0.699294155463731,-0.714834025585148));
#4352=DIRECTION('',(0.,-0.714834025585148,0.699294155463731));
#4353=DIRECTION('',(0.,0.699294155463731,0.714834025585148));
#4354=DIRECTION('',(0.,0.714834025585148,-0.699294155463731));
#4355=DIRECTION('',(1.,0.,0.));
#4356=DIRECTION('',(0.,-0.714834025585148,0.699294155463731));
#4357=DIRECTION('',(0.,0.699294155463731,0.714834025585148));
#4358=DIRECTION('',(-1.,0.,0.));
#4359=DIRECTION('',(0.,0.699294155463731,0.714834025585148));
#4360=DIRECTION('',(-1.,0.,0.));
#4361=DIRECTION('',(-1.,0.,0.));
#4362=DIRECTION('',(0.,-0.367203006929352,0.93014082358643));
#4363=DIRECTION('',(0.,-0.93014082358643,-0.367203006929352));
#4364=DIRECTION('',(0.,-0.367203006929352,0.93014082358643));
#4365=DIRECTION('',(0.,-0.93014082358643,-0.367203006929352));
#4366=DIRECTION('',(-1.,0.,0.));
#4367=DIRECTION('',(0.,0.93014082358643,0.367203006929352));
#4368=DIRECTION('',(-1.,0.,0.));
#4369=DIRECTION('',(0.,0.93014082358643,0.367203006929352));
#4370=DIRECTION('',(-1.,0.,0.));
#4371=DIRECTION('',(0.,-0.707106781186548,0.707106781186548));
#4372=DIRECTION('',(0.,-0.707106781186548,-0.707106781186548));
#4373=DIRECTION('',(0.,-0.707106781186548,0.707106781186548));
#4374=DIRECTION('',(0.,0.707106781186548,0.707106781186548));
#4375=DIRECTION('',(0.,0.707106781186548,0.707106781186548));
#4376=DIRECTION('',(-1.,0.,0.));
#4377=DIRECTION('',(-1.,0.,0.));
#4378=DIRECTION('',(0.,0.707106781186548,0.707106781186548));
#4379=DIRECTION('',(-1.,0.,0.));
#4380=DIRECTION('',(0.,0.,1.));
#4381=DIRECTION('',(-1.,0.,0.));
#4382=DIRECTION('',(0.,0.,1.));
#4383=DIRECTION('',(-1.,0.,0.));
#4384=DIRECTION('',(0.,0.,1.));
#4385=DIRECTION('',(0.,-0.714834025585148,0.699294155463731));
#4386=DIRECTION('',(0.,-0.699294155463731,-0.714834025585148));
#4387=DIRECTION('',(-1.,0.,0.));
#4388=DIRECTION('',(0.,0.,1.));
#4389=DIRECTION('',(0.,-1.,0.));
#4390=DIRECTION('',(0.,0.,1.));
#4391=DIRECTION('',(-1.,0.,0.));
#4392=DIRECTION('',(0.,0.,1.));
#4393=DIRECTION('',(0.,3.7021537597066E-16,1.));
#4394=DIRECTION('',(-1.,0.,0.));
#4395=DIRECTION('',(0.,1.,0.));
#4396=DIRECTION('',(0.,-1.,0.));
#4397=DIRECTION('',(1.,0.,0.));
#4398=DIRECTION('',(0.,-1.,0.));
#4399=DIRECTION('',(0.,0.,1.));
#4400=DIRECTION('',(-1.,0.,0.));
#4401=DIRECTION('',(0.,0.,1.));
#4402=DIRECTION('',(-1.,0.,0.));
#4403=DIRECTION('',(0.,0.,1.));
#4404=DIRECTION('',(0.,1.,0.));
#4405=DIRECTION('',(0.,3.61400724161835E-17,1.));
#4406=DIRECTION('',(0.,-1.,0.));
#4407=DIRECTION('',(0.,0.,-1.));
#4408=DIRECTION('',(0.,1.,0.));
#4409=DIRECTION('',(0.,0.,1.));
#4410=DIRECTION('',(-1.,0.,0.));
#4411=DIRECTION('',(0.,0.,-1.));
#4412=DIRECTION('',(-1.,0.,0.));
#4413=DIRECTION('',(0.,0.,-1.));
#4414=DIRECTION('',(-1.,0.,0.));
#4415=DIRECTION('',(0.,0.,-1.));
#4416=DIRECTION('',(-1.,0.,0.));
#4417=DIRECTION('',(-1.,0.,0.));
#4418=DIRECTION('',(0.,1.,0.));
#4419=DIRECTION('',(0.,-1.,3.77113799125393E-15));
#4420=DIRECTION('',(0.,-3.77113799125393E-15,-1.));
#4421=DIRECTION('',(-1.,0.,0.));
#4422=DIRECTION('',(0.,0.,-1.));
#4423=DIRECTION('',(-1.,0.,0.));
#4424=DIRECTION('',(0.,0.,1.));
#4425=DIRECTION('',(-1.,0.,0.));
#4426=DIRECTION('',(0.,0.,1.));
#4427=DIRECTION('',(-1.,0.,0.));
#4428=DIRECTION('',(0.,0.,1.));
#4429=DIRECTION('',(0.,-1.,0.));
#4430=DIRECTION('',(0.,0.,-1.));
#4431=DIRECTION('',(0.,-0.752576694706877,0.658504607868519));
#4432=DIRECTION('',(0.,0.,-1.));
#4433=DIRECTION('',(1.,0.,0.));
#4434=DIRECTION('',(0.,-1.,0.));
#4435=DIRECTION('',(0.,0.,-1.));
#4436=DIRECTION('',(0.,1.,0.));
#4437=DIRECTION('',(0.,-2.16840434497101E-16,-1.));
#4438=DIRECTION('',(0.,-1.,0.));
#4439=DIRECTION('',(0.,0.,-1.));
#4440=DIRECTION('',(-1.,0.,0.));
#4441=DIRECTION('',(0.,0.,1.));
#4442=DIRECTION('',(0.,0.485642931178633,-0.874157276121537));
#4443=DIRECTION('',(0.,0.,-1.));
#4444=DIRECTION('',(0.,-1.,0.));
#4445=DIRECTION('',(0.,0.,-1.));
#4446=DIRECTION('',(0.,1.,0.));
#4447=DIRECTION('',(-1.,0.,0.));
#4448=DIRECTION('',(0.,0.,1.));
#4449=DIRECTION('',(0.,0.,1.));
#4450=DIRECTION('',(0.,-1.,0.));
#4451=DIRECTION('',(0.,0.,-1.));
#4452=DIRECTION('',(0.,-1.,0.));
#4453=DIRECTION('',(1.,0.,0.));
#4454=DIRECTION('',(0.,-1.,0.));
#4455=DIRECTION('',(0.,0.874157276121537,0.485642931178633));
#4456=DIRECTION('',(0.,-0.485642931178633,0.874157276121538));
#4457=DIRECTION('',(-1.,0.,0.));
#4458=DIRECTION('',(-1.,0.,0.));
#4459=DIRECTION('',(0.,1.,0.));
#4460=DIRECTION('',(0.,0.,1.));
#4461=DIRECTION('',(-1.,0.,0.));
#4462=DIRECTION('',(0.,0.,-1.));
#4463=DIRECTION('',(-1.,0.,0.));
#4464=DIRECTION('',(-1.,0.,0.));
#4465=DIRECTION('',(0.,1.,0.));
#4466=DIRECTION('',(0.,0.,1.));
#4467=DIRECTION('',(-1.,0.,0.));
#4468=DIRECTION('',(0.,0.,1.));
#4469=DIRECTION('',(1.,0.,0.));
#4470=DIRECTION('',(0.,0.,-1.));
#4471=DIRECTION('',(-1.,0.,0.));
#4472=DIRECTION('',(0.,-1.,0.));
#4473=DIRECTION('',(-1.,0.,0.));
#4474=DIRECTION('',(0.,1.,0.));
#4475=DIRECTION('',(-1.,0.,0.));
#4476=DIRECTION('',(-1.35525271560688E-16,-1.,0.));
#4477=DIRECTION('',(-1.,0.,0.));
#4478=DIRECTION('',(-1.,0.,0.));
#4479=DIRECTION('',(0.,-1.,0.));
#4480=DIRECTION('',(-1.,0.,0.));
#4481=DIRECTION('',(-1.,0.,0.));
#4482=DIRECTION('',(0.,1.,0.));
#4483=DIRECTION('',(0.,0.,1.));
#4484=DIRECTION('',(0.,0.,-1.));
#4485=DIRECTION('',(-1.,0.,0.));
#4486=DIRECTION('',(0.,0.,-1.));
#4487=DIRECTION('',(-1.,0.,0.));
#4488=DIRECTION('',(-1.35525271560688E-16,-1.,0.));
#4489=DIRECTION('',(-1.,0.,0.));
#4490=DIRECTION('',(0.,-1.,0.));
#4491=DIRECTION('',(0.,0.,-1.));
#4492=DIRECTION('',(0.,0.,-1.));
#4493=DIRECTION('',(-1.,0.,0.));
#4494=DIRECTION('',(-1.,0.,0.));
#4495=DIRECTION('',(0.,0.,1.));
#4496=DIRECTION('',(-1.,0.,0.));
#4497=DIRECTION('',(-1.,0.,0.));
#4498=DIRECTION('',(0.,-1.,0.));
#4499=DIRECTION('',(-1.,0.,0.));
#4500=DIRECTION('',(0.,0.,1.));
#4501=DIRECTION('',(0.,1.,0.));
#4502=DIRECTION('',(0.,0.,1.));
#4503=DIRECTION('',(-1.,0.,0.));
#4504=DIRECTION('',(0.,0.,-1.));
#4505=DIRECTION('',(0.,0.,-1.));
#4506=DIRECTION('',(-1.,0.,0.));
#4507=DIRECTION('',(-1.,0.,0.));
#4508=DIRECTION('',(0.,-1.,8.26058798084193E-16));
#4509=DIRECTION('',(0.,1.,-2.16840434497101E-16));
#4510=DIRECTION('',(0.,2.16840434497101E-16,1.));
#4511=DIRECTION('',(-1.,0.,0.));
#4512=DIRECTION('',(-1.,0.,0.));
#4513=DIRECTION('',(0.,-2.16840434497101E-16,-1.));
#4514=DIRECTION('',(0.,0.,1.));
#4515=DIRECTION('',(1.,0.,0.));
#4516=DIRECTION('',(-1.,0.,0.));
#4517=DIRECTION('',(0.,1.,0.));
#4518=DIRECTION('',(0.,1.,0.));
#4519=DIRECTION('',(0.,0.,1.));
#4520=DIRECTION('',(-1.,0.,0.));
#4521=DIRECTION('',(0.,0.,-1.));
#4522=DIRECTION('',(-1.,0.,0.));
#4523=DIRECTION('',(0.,0.,1.));
#4524=DIRECTION('',(-1.,0.,0.));
#4525=DIRECTION('',(1.,0.,0.));
#4526=DIRECTION('',(0.,-1.,0.));
#4527=DIRECTION('',(-1.,0.,0.));
#4528=DIRECTION('',(0.,1.,0.));
#4529=DIRECTION('',(0.,0.,1.));
#4530=DIRECTION('',(-1.,0.,0.));
#4531=DIRECTION('',(0.,-2.61253535538676E-16,-1.));
#4532=DIRECTION('',(0.,-0.658504607868519,-0.752576694706877));
#4533=DIRECTION('',(0.,0.752576694706877,-0.658504607868519));
#4534=DIRECTION('',(-1.,0.,0.));
#4535=DIRECTION('',(0.,-0.752576694706877,0.658504607868519));
#4536=DIRECTION('',(0.,1.,0.));
#4537=DIRECTION('',(0.,0.,1.));
#4538=DIRECTION('',(0.,0.,-1.));
#4539=DIRECTION('',(0.,-1.,0.));
#4540=DIRECTION('',(0.,0.,-1.));
#4541=DIRECTION('',(-1.,0.,0.));
#4542=DIRECTION('',(0.,0.,1.));
#4543=DIRECTION('',(-1.,0.,0.));
#4544=DIRECTION('',(0.,0.,1.));
#4545=DIRECTION('',(-1.,0.,0.));
#4546=DIRECTION('',(1.,0.,0.));
#4547=DIRECTION('',(0.,-1.,0.));
#4548=DIRECTION('',(0.,0.,-1.));
#4549=DIRECTION('',(-1.,0.,0.));
#4550=DIRECTION('',(-1.,0.,0.));
#4551=DIRECTION('',(0.,-1.,-1.12644381556936E-16));
#4552=DIRECTION('',(0.,1.,0.));
#4553=DIRECTION('',(0.,0.,1.));
#4554=DIRECTION('',(0.,0.,-1.));
#4555=DIRECTION('',(0.,-1.,0.));
#4556=DIRECTION('',(0.,0.,-1.));
#4557=DIRECTION('',(-1.,0.,0.));
#4558=DIRECTION('',(0.,1.97127667724637E-16,1.));
#4559=DIRECTION('',(-1.,0.,0.));
#4560=DIRECTION('',(0.,0.,1.));
#4561=DIRECTION('',(-1.,0.,0.));
#4562=DIRECTION('',(1.,0.,0.));
#4563=DIRECTION('',(0.,-1.,0.));
#4564=DIRECTION('',(0.,0.,-1.));
#4565=DIRECTION('',(-1.,0.,0.));
#4566=DIRECTION('',(-1.,0.,0.));
#4567=DIRECTION('',(0.,-1.,-6.19544098563146E-16));
#4568=DIRECTION('',(-1.,0.,0.));
#4569=DIRECTION('',(0.,0.,1.));
#4570=DIRECTION('',(-1.,0.,0.));
#4571=DIRECTION('',(0.,1.,0.));
#4572=DIRECTION('',(0.,-1.,3.7021537597066E-16));
#4573=DIRECTION('',(0.,-3.7021537597066E-16,-1.));
#4574=DIRECTION('',(0.,2.93027614185271E-16,1.));
#4575=DIRECTION('',(-1.,0.,0.));
#4576=DIRECTION('',(0.,3.7021537597066E-16,1.));
#4577=DIRECTION('',(1.,0.,0.));
#4578=DIRECTION('',(0.,0.,-1.));
#4579=DIRECTION('',(0.,0.,1.));
#4580=DIRECTION('',(0.,0.785269165627778,-0.619154534437287));
#4581=DIRECTION('',(0.,-0.93157761948506,0.363542485652706));
#4582=DIRECTION('',(0.,-0.363542485652706,-0.93157761948506));
#4583=DIRECTION('',(0.,0.93157761948506,-0.363542485652706));
#4584=DIRECTION('',(0.,-0.93157761948506,0.363542485652706));
#4585=DIRECTION('',(-1.,0.,0.));
#4586=DIRECTION('',(0.,0.,1.));
#4587=DIRECTION('',(0.,0.619154534437287,0.785269165627778));
#4588=DIRECTION('',(0.,-0.785269165627778,0.619154534437287));
#4589=DIRECTION('',(-1.,0.,0.));
#4590=DIRECTION('',(0.,0.785269165627778,-0.619154534437287));
#4591=DIRECTION('',(0.,-1.,0.));
#4592=DIRECTION('',(0.,0.,-1.));
#4593=DIRECTION('',(0.,0.,1.));
#4594=DIRECTION('',(1.,0.,0.));
#4595=DIRECTION('',(0.,0.,-1.));
#4596=DIRECTION('',(0.,-1.,1.60622544071927E-16));
#4597=DIRECTION('',(1.,0.,0.));
#4598=DIRECTION('',(0.,1.,0.));
#4599=DIRECTION('',(0.,1.,-3.40141858034668E-16));
#4600=DIRECTION('',(0.,9.29316147844718E-16,1.));
#4601=DIRECTION('',(0.,-0.959568981650145,0.28147356795071));
#4602=DIRECTION('',(-1.,0.,0.));
#4603=DIRECTION('',(0.,0.,1.));
#4604=DIRECTION('',(-1.,0.,0.));
#4605=DIRECTION('',(0.,0.,1.));
#4606=DIRECTION('',(0.,6.19544098563145E-16,1.));
#4607=DIRECTION('',(0.,1.,-8.5035464508667E-17));
#4608=DIRECTION('',(1.,0.,0.));
#4609=DIRECTION('',(0.,1.,0.));
#4610=DIRECTION('',(0.,-1.,1.60622544071927E-16));
#4611=DIRECTION('',(0.,-0.959568981650146,0.28147356795071));
#4612=DIRECTION('',(0.,-0.28147356795071,-0.959568981650145));
#4613=DIRECTION('',(0.,0.959568981650145,-0.28147356795071));
#4614=DIRECTION('',(-1.,0.,0.));
#4615=DIRECTION('',(-1.,0.,0.));
#4616=DIRECTION('',(0.,-1.,6.19544098563145E-16));
#4617=DIRECTION('',(0.,-6.19544098563145E-16,-1.));
#4618=DIRECTION('',(-1.,0.,0.));
#4619=DIRECTION('',(0.,8.5035464508667E-17,1.));
#4620=DIRECTION('',(0.,-1.,8.5035464508667E-17));
#4621=DIRECTION('',(-1.,0.,0.));
#4622=DIRECTION('',(-1.,0.,0.));
#4623=DIRECTION('',(0.,0.,1.));
#4624=DIRECTION('',(-1.,0.,0.));
#4625=DIRECTION('',(0.,-1.60622544071927E-16,-1.));
#4626=DIRECTION('',(0.,1.,-1.60622544071927E-16));
#4627=DIRECTION('',(-1.,0.,0.));
#4628=DIRECTION('',(0.,0.,1.));
#4629=DIRECTION('',(1.,-1.35525271560688E-16,0.));
#4630=DIRECTION('',(1.35525271560688E-16,1.,0.));
#4631=DIRECTION('',(1.,0.,0.));
#4632=DIRECTION('',(0.,0.,-1.));
#4633=DIRECTION('',(1.,0.,0.));
#4634=DIRECTION('',(0.,-1.,0.));
#4635=DIRECTION('',(1.,0.,0.));
#4636=DIRECTION('',(0.,0.,-1.));
#4637=DIRECTION('',(1.,0.,0.));
#4638=DIRECTION('',(0.,0.,-1.));
#4639=DIRECTION('',(1.,0.,0.));
#4640=DIRECTION('',(0.,-1.,0.));
#4641=DIRECTION('',(1.,0.,0.));
#4642=DIRECTION('',(0.,0.,-1.));
#4643=DIRECTION('',(1.,0.,0.));
#4644=DIRECTION('',(0.,0.,-1.));
#4645=DIRECTION('',(1.,0.,0.));
#4646=DIRECTION('',(0.,-1.,0.));
#4647=DIRECTION('',(1.,0.,0.));
#4648=DIRECTION('',(0.,0.,-1.));
#4649=DIRECTION('',(1.,0.,0.));
#4650=DIRECTION('',(0.,0.,-1.));
#4651=DIRECTION('',(1.,0.,0.));
#4652=DIRECTION('',(0.,-1.,0.));
#4653=DIRECTION('',(1.,0.,0.));
#4654=DIRECTION('',(0.,0.,-1.));
#4655=DIRECTION('',(1.,0.,0.));
#4656=DIRECTION('',(0.,0.,-1.));
#4657=DIRECTION('',(1.,0.,0.));
#4658=DIRECTION('',(0.,-1.,0.));
#4659=DIRECTION('',(1.,0.,0.));
#4660=DIRECTION('',(0.,0.,-1.));
#4661=DIRECTION('',(0.,-1.,3.61400724161835E-17));
#4662=DIRECTION('',(0.,-3.61400724161835E-17,-1.));
#4663=DIRECTION('',(-1.,0.,0.));
#4664=DIRECTION('',(0.,3.61400724161835E-17,1.));
#4665=DIRECTION('',(-1.,0.,0.));
#4666=DIRECTION('',(0.,0.,-1.));
#4667=DIRECTION('',(-1.,0.,0.));
#4668=DIRECTION('',(0.,-1.,0.));
#4669=DIRECTION('',(-1.,0.,0.));
#4670=DIRECTION('',(0.,1.,0.));
#4671=DIRECTION('',(0.,0.,1.));
#4672=DIRECTION('',(0.,0.,-1.));
#4673=DIRECTION('',(-1.,0.,0.));
#4674=DIRECTION('',(0.,0.,1.));
#4675=DIRECTION('',(1.,0.,0.));
#4676=DIRECTION('',(0.,1.,0.));
#4677=DIRECTION('',(1.,0.,0.));
#4678=DIRECTION('',(0.,0.,-1.));
#4679=DIRECTION('',(0.,-0.342020143325669,0.939692620785908));
#4680=DIRECTION('',(0.,-0.939692620785908,-0.342020143325669));
#4681=DIRECTION('',(1.,0.,0.));
#4682=DIRECTION('',(0.,0.,-1.));
#4683=DIRECTION('',(-1.,0.,0.));
#4684=DIRECTION('',(0.,1.,0.));
#4685=DIRECTION('',(-1.,0.,0.));
#4686=DIRECTION('',(0.,0.,1.));
#4687=DIRECTION('',(1.,0.,0.));
#4688=DIRECTION('',(0.,0.,-1.));
#4689=DIRECTION('',(-1.,0.,0.));
#4690=DIRECTION('',(0.,1.,0.));
#4691=DIRECTION('',(-1.,0.,0.));
#4692=DIRECTION('',(0.,0.,1.));
#4693=DIRECTION('',(1.,0.,0.));
#4694=DIRECTION('',(0.,0.,-1.));
#4695=DIRECTION('',(-1.,0.,0.));
#4696=DIRECTION('',(0.,1.,0.));
#4697=DIRECTION('',(-1.,0.,0.));
#4698=DIRECTION('',(0.,0.,1.));
#4699=DIRECTION('',(1.,0.,0.));
#4700=DIRECTION('',(0.,0.,-1.));
#4701=DIRECTION('',(-1.,0.,0.));
#4702=DIRECTION('',(0.,1.,0.));
#4703=DIRECTION('',(-1.,0.,0.));
#4704=DIRECTION('',(0.,0.,1.));
#4705=DIRECTION('',(1.,0.,0.));
#4706=DIRECTION('',(0.,0.,-1.));
#4707=DIRECTION('',(-1.,0.,0.));
#4708=DIRECTION('',(0.,1.,0.));
#4709=DIRECTION('',(-1.,0.,0.));
#4710=DIRECTION('',(0.,0.,1.));
#4711=DIRECTION('',(0.,1.,0.));
#4712=DIRECTION('',(0.,0.,1.));
#4713=DIRECTION('',(-0.707106781186548,0.,0.707106781186547));
#4714=DIRECTION('',(0.,0.,1.));
#4715=DIRECTION('',(1.,0.,0.));
#4716=DIRECTION('',(0.,0.,-1.));
#4717=DIRECTION('',(-1.,0.,0.));
#4718=DIRECTION('',(0.,1.,0.));
#4719=DIRECTION('',(1.,0.,0.));
#4720=DIRECTION('',(0.,-1.,-1.23908819712629E-16));
#4721=DIRECTION('',(0.,1.23908819712629E-16,-1.));
#4722=DIRECTION('',(0.,1.23908819712629E-16,-1.));
#4723=DIRECTION('',(0.707106781186548,8.76167666676214E-17,-0.707106781186547));
#4724=DIRECTION('',(-1.,0.,0.));
#4725=DIRECTION('',(0.,0.,1.));
#4726=DIRECTION('',(0.,1.,1.54886024640786E-16));
#4727=DIRECTION('',(0.,1.,1.35525271560688E-16));
#4728=DIRECTION('',(0.,-1.35525271560688E-16,1.));
#4729=DIRECTION('',(-0.554700196225229,-1.12763842092287E-16,0.832050294337844));
#4730=DIRECTION('',(0.,-1.35525271560688E-16,1.));
#4731=DIRECTION('',(0.,-1.,0.));
#4732=DIRECTION('',(0.,0.,-1.));
#4733=DIRECTION('',(0.,0.,-1.));
#4734=DIRECTION('',(0.554700196225229,0.,-0.832050294337844));
#4735=DIRECTION('',(-1.,0.,0.));
#4736=DIRECTION('',(0.,0.,1.));
#4737=DIRECTION('',(0.,1.,0.));
#4738=DIRECTION('',(-0.707106781186547,1.09520958334527E-16,-0.707106781186548));
#4739=DIRECTION('',(0.,-1.,-1.54886024640786E-16));
#4740=DIRECTION('',(-0.832050294337844,0.,-0.554700196225229));
#4741=DIRECTION('',(0.,-1.,0.));
#4742=DIRECTION('',(0.,0.,1.));
#4743=DIRECTION('',(1.,0.,0.));
#4744=DIRECTION('',(-1.27553196763E-16,0.956304755963035,0.292371704722737));
#4745=DIRECTION('',(0.,-0.292371704722737,0.956304755963035));
#4746=DIRECTION('',(1.,1.21979728702746E-16,3.72929455804331E-17));
#4747=DIRECTION('',(1.72563323017096E-31,0.292371704722737,-0.956304755963035));
#4748=DIRECTION('',(-1.,-1.21979728702746E-16,-3.72929455804331E-17));
#4749=DIRECTION('',(0.,-0.292371704722737,0.956304755963035));
#4750=DIRECTION('',(-1.27553196763E-16,0.956304755963035,0.292371704722737));
#4751=DIRECTION('',(0.,-0.292371704722737,0.956304755963035));
#4752=DIRECTION('',(-1.,-1.21979728702746E-16,-3.72929455804331E-17));
#4753=DIRECTION('',(1.72563323017096E-31,0.292371704722737,-0.956304755963035));
#4754=DIRECTION('',(1.,1.21979728702746E-16,3.72929455804331E-17));
#4755=DIRECTION('',(0.,-0.292371704722737,0.956304755963035));
#4756=DIRECTION('',(0.,-0.956304755963035,-0.292371704722737));
#4757=DIRECTION('',(-1.,0.,0.));
#4758=DIRECTION('',(1.,0.,0.));
#4759=DIRECTION('',(0.,-0.292371704722737,0.956304755963035));
#4760=DIRECTION('',(-1.,0.,0.));
#4761=DIRECTION('',(0.,0.292371704722737,-0.956304755963035));
#4762=DIRECTION('',(0.,0.292371704722737,-0.956304755963035));
#4763=DIRECTION('',(0.,0.956304755963035,0.292371704722737));
#4764=DIRECTION('',(0.,0.956304755963035,0.292371704722737));
#4765=DIRECTION('',(0.,0.956304755963035,0.292371704722737));
#4766=DIRECTION('',(1.,0.,0.));
#4767=DIRECTION('',(0.,0.956304755963035,0.292371704722737));
#4768=DIRECTION('',(-1.,4.85573589541853E-16,1.48454744428959E-16));
#4769=DIRECTION('',(0.,0.292371704722737,-0.956304755963035));
#4770=DIRECTION('',(0.,0.956304755963035,0.292371704722737));
#4771=DIRECTION('',(0.,-0.956304755963035,-0.292371704722737));
#4772=DIRECTION('',(1.,-6.96501465802253E-16,-2.12941867776679E-16));
#4773=DIRECTION('',(0.,-0.956304755963035,-0.292371704722737));
#4774=DIRECTION('',(-1.,0.,0.));
#4775=DIRECTION('',(0.,-0.956304755963035,-0.292371704722737));
#4776=DIRECTION('',(1.,0.,0.));
#4777=DIRECTION('',(0.,1.,0.));
#4778=DIRECTION('',(1.,0.,0.));
#4779=DIRECTION('',(0.,1.,0.));
#4780=DIRECTION('',(0.,1.,0.));
#4781=DIRECTION('',(0.,0.,1.));
#4782=DIRECTION('',(0.,1.,0.));
#4783=DIRECTION('',(-1.,0.,0.));
#4784=DIRECTION('',(0.,0.,1.));
#4785=DIRECTION('',(0.,1.,0.));
#4786=DIRECTION('',(-1.,0.,0.));
#4787=DIRECTION('',(0.,0.,1.));
#4788=DIRECTION('',(1.,0.,0.));
#4789=DIRECTION('',(-1.,0.,0.));
#4790=DIRECTION('',(1.,0.,0.));
#4791=DIRECTION('',(0.,-0.956304755963035,-0.292371704722737));
#4792=DIRECTION('',(-1.,0.,0.));
#4793=DIRECTION('',(0.,0.,1.));
#4794=DIRECTION('',(0.,1.,0.));
#4795=DIRECTION('',(0.,1.,0.));
#4796=DIRECTION('',(1.,0.,0.));
#4797=DIRECTION('',(0.,1.,0.));
#4798=DIRECTION('',(-1.,0.,0.));
#4799=DIRECTION('',(0.,0.,1.));
#4800=DIRECTION('',(-1.,0.,0.));
#4801=DIRECTION('',(0.,0.,1.));
#4802=DIRECTION('',(1.,0.,0.));
#4803=DIRECTION('',(-1.,0.,0.));
#4804=DIRECTION('',(0.,0.,1.));
#4805=DIRECTION('',(-1.,0.,0.));
#4806=DIRECTION('',(0.,0.,1.));
#4807=DIRECTION('',(1.,0.,0.));
#4808=DIRECTION('',(-1.,0.,0.));
#4809=DIRECTION('',(0.,0.,1.));
#4810=DIRECTION('',(0.,-0.292371704722687,0.956304755963051));
#4811=DIRECTION('',(1.,0.,0.));
#4812=DIRECTION('',(1.,0.,0.));
#4813=DIRECTION('',(-8.46867831223214E-17,0.956304755963051,0.292371704722687));
#4814=DIRECTION('',(1.,0.,0.));
#4815=DIRECTION('',(0.,-0.956304755963051,-0.292371704722687));
#4816=DIRECTION('',(0.,0.956304755963051,0.292371704722687));
#4817=DIRECTION('',(0.,-0.292371704722687,0.956304755963051));
#4818=DIRECTION('',(1.59272674283175E-16,-0.292371704722687,0.956304755963051));
#4819=DIRECTION('',(-0.294085848837523,-0.279442738118197,0.914016011690451));
#4820=DIRECTION('',(0.294085848837523,-0.279442738118197,0.914016011690451));
#4821=DIRECTION('',(1.59272674283175E-16,-0.292371704722687,0.956304755963051));
#4822=DIRECTION('',(1.,0.,0.));
#4823=DIRECTION('',(1.,0.,0.));
#4824=DIRECTION('',(0.,0.,-1.));
#4825=DIRECTION('',(-1.,-1.27553196763001E-16,1.27553196763E-16));
#4826=DIRECTION('',(-1.27553196763001E-16,1.,0.));
#4827=DIRECTION('',(-1.,-1.27553196763001E-16,1.27553196763E-16));
#4828=DIRECTION('',(-1.27553196763001E-16,1.,0.));
#4829=DIRECTION('',(1.,0.,0.));
#4830=DIRECTION('',(1.,0.,0.));
#4831=DIRECTION('',(0.,0.,-1.));
#4832=DIRECTION('',(1.,1.27553196763001E-16,-1.27553196763E-16));
#4833=DIRECTION('',(1.27553196763001E-16,-1.,0.));
#4834=DIRECTION('',(1.,1.27553196763001E-16,-1.27553196763E-16));
#4835=DIRECTION('',(1.27553196763001E-16,-1.,0.));
#4836=DIRECTION('',(1.,0.,0.));
#4837=DIRECTION('',(1.,0.,0.));
#4838=DIRECTION('',(0.,0.,-1.));
#4839=DIRECTION('',(-1.,-1.27553196763001E-16,1.27553196763E-16));
#4840=DIRECTION('',(-1.27553196763001E-16,1.,0.));
#4841=DIRECTION('',(-1.,-1.27553196763001E-16,1.27553196763E-16));
#4842=DIRECTION('',(-1.27553196763001E-16,1.,0.));
#4843=DIRECTION('',(1.,0.,0.));
#4844=DIRECTION('',(1.,0.,0.));
#4845=DIRECTION('',(0.,0.,-1.));
#4846=DIRECTION('',(1.,0.,0.));
#4847=DIRECTION('',(0.,0.,-1.));
#4848=DIRECTION('',(1.,0.,0.));
#4849=DIRECTION('',(1.,0.,0.));
#4850=DIRECTION('',(0.,0.,-1.));
#4851=DIRECTION('',(1.,0.,0.));
#4852=DIRECTION('',(1.,0.,0.));
#4853=DIRECTION('',(0.,0.,-1.));
#4854=DIRECTION('',(1.,0.,0.));
#4855=DIRECTION('',(0.,0.,-1.));
#4856=DIRECTION('',(1.,0.,0.));
#4857=DIRECTION('',(0.,0.,-1.));
#4858=DIRECTION('',(1.,0.,0.));
#4859=DIRECTION('',(1.,0.,0.));
#4860=DIRECTION('',(0.,0.,-1.));
#4861=DIRECTION('',(1.,0.,0.));
#4862=DIRECTION('',(0.,0.,-1.));
#4863=DIRECTION('',(1.,0.,0.));
#4864=DIRECTION('',(0.,0.,-1.));
#4865=DIRECTION('',(1.,0.,0.));
#4866=DIRECTION('',(0.,0.956304755963051,0.292371704722687));
#4867=DIRECTION('',(0.,-0.292371704722687,0.956304755963051));
#4868=DIRECTION('',(0.294085848837523,0.279442738118197,-0.914016011690451));
#4869=DIRECTION('',(0.,-0.292371704722687,0.956304755963051));
#4870=DIRECTION('',(0.,-0.292371704722687,0.956304755963051));
#4871=DIRECTION('',(-0.294085848837523,0.279442738118197,-0.914016011690451));
#4872=DIRECTION('',(-1.,-4.65668232959132E-17,1.52313215911954E-16));
#4873=DIRECTION('',(1.59272674283175E-16,-0.292371704722687,0.956304755963051));
#4874=DIRECTION('',(-6.16297582203916E-33,0.956304755963051,0.292371704722687));
#4875=DIRECTION('',(0.,-0.292371704722757,0.956304755963029));
#4876=DIRECTION('',(1.,-6.96501465802253E-16,-2.12941867776679E-16));
#4877=DIRECTION('',(0.,-0.292371704722737,0.956304755963036));
#4878=DIRECTION('',(-5.42101086242752E-16,-0.697132115454605,0.716942685018675));
#4879=DIRECTION('',(1.,-6.96501465802253E-16,-2.12941867776679E-16));
#4880=DIRECTION('',(6.96501465802253E-16,1.,0.));
#4881=DIRECTION('',(1.59272674283181E-16,-0.292371704722757,0.956304755963029));
#4882=DIRECTION('',(0.,0.956304755963029,0.292371704722757));
#4883=DIRECTION('',(0.,-0.292371704722757,0.956304755963029));
#4884=DIRECTION('',(1.59272674283181E-16,-0.292371704722757,0.956304755963029));
#4885=DIRECTION('',(1.,0.,0.));
#4886=DIRECTION('',(-1.,-1.27553196763001E-16,1.27553196763E-16));
#4887=DIRECTION('',(1.27553196763001E-16,-1.,0.));
#4888=DIRECTION('',(-8.46867831223214E-17,0.956304755963051,0.292371704722687));
#4889=DIRECTION('',(1.,-6.96501465802253E-16,-2.12941867776679E-16));
#4890=DIRECTION('',(6.96501465802253E-16,1.,0.));
#4891=DIRECTION('',(3.32886425835255E-16,0.697132115454606,-0.716942685018675));
#4892=DIRECTION('',(-1.,6.96501465802253E-16,2.12941867776679E-16));
#4893=DIRECTION('',(0.,-0.292371704722737,0.956304755963036));
#4894=DIRECTION('',(0.,-0.292371704722757,0.956304755963029));
#4895=DIRECTION('',(0.,0.956304755963029,0.292371704722757));
#4896=DIRECTION('',(0.,-0.292371704722757,0.956304755963029));
#4897=DIRECTION('',(1.,0.,0.));
#4898=DIRECTION('',(1.,-6.96501465802253E-16,-2.12941867776679E-16));
#4899=DIRECTION('',(0.,-0.292371704722737,0.956304755963036));
#4900=DIRECTION('',(1.,-6.96501465802253E-16,-2.12941867776679E-16));
#4901=DIRECTION('',(0.,-0.292371704722737,0.956304755963036));
#4902=DIRECTION('',(0.95577900872195,-0.085982380959445,0.281235695904754));
#4903=DIRECTION('',(8.46867831223214E-17,-0.956304755963051,-0.292371704722687));
#4904=DIRECTION('',(0.95577900872195,0.0859823809594451,-0.281235695904754));
#4905=DIRECTION('',(0.,0.956304755963051,0.292371704722687));
#4906=DIRECTION('',(1.09618095949412E-16,0.292371704722737,-0.956304755963036));
#4907=DIRECTION('',(-1.,-7.63355145999545E-17,-1.37964848194259E-16));
#4908=DIRECTION('',(0.,1.,0.));
#4909=DIRECTION('',(0.,0.,1.));
#4910=DIRECTION('',(-1.,0.,0.));
#4911=DIRECTION('',(0.,0.,-1.));
#4912=DIRECTION('',(0.,1.,0.));
#4913=DIRECTION('',(1.,0.,0.));
#4914=DIRECTION('',(0.,0.,-1.));
#4915=DIRECTION('',(-1.,0.,0.));
#4916=DIRECTION('',(0.,0.,1.));
#4917=DIRECTION('',(-1.,0.,0.));
#4918=DIRECTION('',(0.,0.,-1.));
#4919=DIRECTION('',(-1.,0.,0.));
#4920=DIRECTION('',(0.,0.,1.));
#4921=DIRECTION('',(-1.,0.,0.));
#4922=DIRECTION('',(0.,0.,1.));
#4923=DIRECTION('',(-1.,0.,0.));
#4924=DIRECTION('',(0.,1.,0.));
#4925=DIRECTION('',(0.,0.,1.));
#4926=DIRECTION('',(-1.,0.,0.));
#4927=DIRECTION('',(0.,0.,1.));
#4928=DIRECTION('',(0.,1.,0.));
#4929=DIRECTION('',(0.,-0.928476690885259,-0.371390676354104));
#4930=DIRECTION('',(0.,-4.66323515047529E-17,1.));
#4931=DIRECTION('',(0.,-1.,0.));
#4932=DIRECTION('',(0.,0.,1.));
#4933=DIRECTION('',(1.,0.,0.));
#4934=DIRECTION('',(-1.,0.,0.));
#4935=DIRECTION('',(0.680451099367278,0.732793491626299,0.));
#4936=DIRECTION('',(0.,0.,1.));
#4937=DIRECTION('',(1.,0.,0.));
#4938=DIRECTION('',(0.,1.,0.));
#4939=DIRECTION('',(-0.680451099367278,-0.732793491626299,0.));
#4940=DIRECTION('',(-1.,0.,0.));
#4941=DIRECTION('',(-1.,0.,0.));
#4942=DIRECTION('',(0.,0.,1.));
#4943=DIRECTION('',(0.,0.,-1.));
#4944=DIRECTION('',(-1.,0.,0.));
#4945=DIRECTION('',(0.,0.,1.));
#4946=DIRECTION('',(0.,-1.,0.));
#4947=DIRECTION('',(0.,-4.66323515047529E-17,1.));
#4948=DIRECTION('',(0.,1.,0.));
#4949=DIRECTION('',(0.,0.,1.));
#4950=DIRECTION('',(0.,-0.931115545376357,-0.364724335846252));
#4951=DIRECTION('',(0.,0.213621763543445,-0.976916445833823));
#4952=DIRECTION('',(0.,1.,0.));
#4953=DIRECTION('',(-1.,0.,0.));
#4954=DIRECTION('',(0.,1.,0.));
#4955=DIRECTION('',(-1.,0.,0.));
#4956=DIRECTION('',(0.,1.,0.));
#4957=DIRECTION('',(-1.,0.,0.));
#4958=DIRECTION('',(0.,0.,1.));
#4959=DIRECTION('',(0.732793491626299,-0.680451099367278,0.));
#4960=DIRECTION('',(-0.680451099367278,-0.732793491626299,0.));
#4961=DIRECTION('',(-1.,0.,0.));
#4962=DIRECTION('',(0.,0.,1.));
#4963=DIRECTION('',(-0.732793491626299,0.680451099367278,0.));
#4964=DIRECTION('',(-0.680451099367278,-0.732793491626299,0.));
#4965=DIRECTION('',(-1.,0.,0.));
#4966=DIRECTION('',(0.,-1.,-4.66323515047529E-17));
#4967=DIRECTION('',(0.,4.66323515047529E-17,-1.));
#4968=DIRECTION('',(-1.,0.,0.));
#4969=DIRECTION('',(0.,1.47845750793478E-16,-1.));
#4970=DIRECTION('',(-1.,0.,0.));
#4971=DIRECTION('',(-1.,0.,0.));
#4972=DIRECTION('',(0.,0.,1.));
#4973=DIRECTION('',(1.,0.,0.));
#4974=DIRECTION('',(0.,-1.,0.));
#4975=DIRECTION('',(-1.,0.,0.));
#4976=DIRECTION('',(0.,0.976916445833823,0.213621763543445));
#4977=DIRECTION('',(0.,-0.213621763543445,0.976916445833823));
#4978=DIRECTION('',(0.,-0.213621763543445,0.976916445833823));
#4979=DIRECTION('',(-1.,0.,0.));
#4980=DIRECTION('',(0.,0.364724335846252,-0.931115545376357));
#4981=DIRECTION('',(0.,0.931115545376357,0.364724335846252));
#4982=DIRECTION('',(0.,0.931115545376357,0.364724335846252));
#4983=DIRECTION('',(-1.,0.,0.));
#4984=DIRECTION('',(0.,-1.,0.));
#4985=DIRECTION('',(0.,0.,-1.));
#4986=DIRECTION('',(0.,-2.79794109028517E-16,-1.));
#4987=DIRECTION('',(-1.,0.,0.));
#4988=DIRECTION('',(0.,0.,1.));
#4989=DIRECTION('',(1.,0.,0.));
#4990=DIRECTION('',(0.,-1.,0.));
#4991=DIRECTION('',(0.,0.,-1.));
#4992=DIRECTION('',(-1.,0.,0.));
#4993=DIRECTION('',(0.,0.371390676354104,-0.928476690885259));
#4994=DIRECTION('',(0.,0.928476690885259,0.371390676354104));
#4995=DIRECTION('',(0.,-0.928476690885259,-0.371390676354104));
#4996=DIRECTION('',(1.,0.,0.));
#4997=DIRECTION('',(0.,0.,-1.));
#4998=DIRECTION('',(-0.732793491626299,0.680451099367278,0.));
#4999=DIRECTION('',(-0.680451099367278,-0.732793491626299,0.));
#5000=DIRECTION('',(-0.680451099367278,-0.732793491626299,0.));
#5001=DIRECTION('',(0.732793491626299,-0.680451099367278,0.));
#5002=DIRECTION('',(0.680451099367278,0.732793491626299,0.));
#5003=DIRECTION('',(0.680451099367278,0.732793491626299,0.));
#5004=DIRECTION('',(0.680451099367278,0.732793491626299,0.));
#5005=DIRECTION('',(-0.732793491626299,0.680451099367278,0.));
#5006=DIRECTION('',(0.680451099367278,0.732793491626299,0.));
#5007=DIRECTION('',(0.680451099367278,0.732793491626299,0.));
#5008=DIRECTION('',(-0.732793491626299,0.680451099367278,0.));
#5009=DIRECTION('',(1.78067448145293E-17,4.16333634234434E-16,1.));
#5010=DIRECTION('',(-1.,2.60482153188551E-16,1.78067448145292E-17));
#5011=DIRECTION('',(0.,0.,1.));
#5012=DIRECTION('',(1.,0.,0.));
#5013=DIRECTION('',(0.,0.,1.));
#5014=DIRECTION('',(1.,0.,0.));
#5015=DIRECTION('',(0.,-0.956304755963036,-0.292371704722737));
#5016=DIRECTION('',(-1.,0.,0.));
#5017=DIRECTION('',(1.,0.,0.));
#5018=DIRECTION('',(-8.62816615085482E-32,0.292371704722737,-0.956304755963035));
#5019=DIRECTION('',(-1.,0.,0.));
#5020=DIRECTION('',(0.,0.292371704722737,-0.956304755963036));
#5021=DIRECTION('',(0.,-0.956304755963036,-0.292371704722737));
#5022=DIRECTION('',(-1.,0.,0.));
#5023=DIRECTION('',(-1.,0.,0.));
#5024=DIRECTION('',(-8.62816615085482E-32,0.292371704722737,-0.956304755963035));
#5025=DIRECTION('',(1.,0.,0.));
#5026=DIRECTION('',(0.,0.292371704722737,-0.956304755963036));
#5027=DIRECTION('',(1.,0.,0.));
#5028=DIRECTION('',(0.,1.,0.));
#5029=DIRECTION('',(1.,0.,0.));
#5030=DIRECTION('',(0.,1.,0.));
#5031=DIRECTION('',(0.,1.,0.));
#5032=DIRECTION('',(0.,0.,1.));
#5033=DIRECTION('',(0.,1.,0.));
#5034=DIRECTION('',(-1.,0.,0.));
#5035=DIRECTION('',(0.,0.,1.));
#5036=DIRECTION('',(0.,0.956304755963036,0.292371704722737));
#5037=DIRECTION('',(0.,-0.956304755963036,-0.292371704722737));
#5038=DIRECTION('',(0.,1.,0.));
#5039=DIRECTION('',(-1.,0.,0.));
#5040=DIRECTION('',(-1.,0.,0.));
#5041=DIRECTION('',(0.,0.,1.));
#5042=DIRECTION('',(1.,0.,0.));
#5043=DIRECTION('',(1.,0.,0.));
#5044=DIRECTION('',(0.,-0.956304755963036,-0.292371704722737));
#5045=DIRECTION('',(0.,0.956304755963036,0.292371704722737));
#5046=DIRECTION('',(-1.,0.,0.));
#5047=DIRECTION('',(0.,0.,1.));
#5048=DIRECTION('',(0.,1.,0.));
#5049=DIRECTION('',(0.,1.,0.));
#5050=DIRECTION('',(1.,0.,0.));
#5051=DIRECTION('',(0.,1.,0.));
#5052=DIRECTION('',(0.,-0.956304755963036,-0.292371704722737));
#5053=DIRECTION('',(0.,0.292371704722737,-0.956304755963036));
#5054=DIRECTION('',(0.,0.956304755963036,0.292371704722737));
#5055=DIRECTION('',(-1.,-2.83292358531684E-16,-8.66111658259229E-17));
#5056=DIRECTION('',(1.,0.,0.));
#5057=DIRECTION('',(-1.,0.,0.));
#5058=DIRECTION('',(0.,0.,1.));
#5059=DIRECTION('',(-1.,0.,0.));
#5060=DIRECTION('',(0.,0.,1.));
#5061=DIRECTION('',(1.,0.,0.));
#5062=DIRECTION('',(0.,0.292371704722737,-0.956304755963036));
#5063=DIRECTION('',(0.,0.956304755963036,0.292371704722737));
#5064=DIRECTION('',(-1.,0.,0.));
#5065=DIRECTION('',(1.,2.83292358531684E-16,8.66111658259229E-17));
#5066=DIRECTION('',(-1.,0.,0.));
#5067=DIRECTION('',(0.,0.,1.));
#5068=DIRECTION('',(-1.,0.,0.));
#5069=DIRECTION('',(0.,0.,1.));
#5070=DIRECTION('',(1.,0.,0.));
#5071=DIRECTION('',(-1.,0.,0.));
#5072=DIRECTION('',(0.,0.,1.));
#5073=DIRECTION('',(-1.,0.,0.));
#5074=DIRECTION('',(0.,0.,1.));
#5075=DIRECTION('',(-1.,0.,0.));
#5076=DIRECTION('',(-1.,0.,0.));
#5077=DIRECTION('',(0.,0.,1.));
#5078=DIRECTION('',(1.,0.,0.));
#5079=DIRECTION('',(-1.,0.,0.));
#5080=DIRECTION('',(0.,0.,1.));
#5081=DIRECTION('',(-1.,0.,0.));
#5082=DIRECTION('',(0.,1.,0.));
#5083=DIRECTION('',(-1.,0.,0.));
#5084=DIRECTION('',(-1.,0.,0.));
#5085=DIRECTION('',(0.,1.,0.));
#5086=DIRECTION('',(-1.,0.,0.));
#5087=DIRECTION('',(-1.,0.,0.));
#5088=DIRECTION('',(0.,0.,1.));
#5089=DIRECTION('',(1.,0.,0.));
#5090=DIRECTION('',(0.,-1.,0.));
#5091=DIRECTION('',(1.,0.,0.));
#5092=DIRECTION('',(0.,-1.,0.));
#5093=DIRECTION('',(-1.,0.,0.));
#5094=DIRECTION('',(0.,-0.956304755963036,-0.292371704722733));
#5095=DIRECTION('',(0.,0.292371704722733,-0.956304755963037));
#5096=DIRECTION('',(-1.,0.,0.));
#5097=DIRECTION('',(0.294085848837523,-0.279442738118241,0.914016011690437));
#5098=DIRECTION('',(0.,-0.292371704722733,0.956304755963037));
#5099=DIRECTION('',(0.,-0.292371704722733,0.956304755963037));
#5100=DIRECTION('',(0.294085848837523,0.279442738118241,-0.914016011690437));
#5101=DIRECTION('',(0.,-0.292371704722733,0.956304755963037));
#5102=DIRECTION('',(-1.,0.,0.));
#5103=DIRECTION('',(1.,0.,0.));
#5104=DIRECTION('',(0.,-0.956304755963037,-0.292371704722733));
#5105=DIRECTION('',(0.,0.956304755963037,0.292371704722733));
#5106=DIRECTION('',(0.,-0.956304755963036,-0.292371704722733));
#5107=DIRECTION('',(0.,0.292371704722733,-0.956304755963037));
#5108=DIRECTION('',(0.,0.292371704722733,-0.956304755963037));
#5109=DIRECTION('',(-0.294085848837523,0.279442738118241,-0.914016011690437));
#5110=DIRECTION('',(-0.294085848837523,-0.279442738118241,0.914016011690437));
#5111=DIRECTION('',(0.,0.292371704722733,-0.956304755963037));
#5112=DIRECTION('',(-1.,0.,0.));
#5113=DIRECTION('',(-1.,0.,0.));
#5114=DIRECTION('',(0.,0.,1.));
#5115=DIRECTION('',(-1.,0.,0.));
#5116=DIRECTION('',(0.,0.,1.));
#5117=DIRECTION('',(-1.,0.,0.));
#5118=DIRECTION('',(0.,0.,1.));
#5119=DIRECTION('',(-1.,0.,0.));
#5120=DIRECTION('',(-1.,0.,0.));
#5121=DIRECTION('',(0.,0.,1.));
#5122=DIRECTION('',(-1.,0.,0.));
#5123=DIRECTION('',(0.,0.,1.));
#5124=DIRECTION('',(-1.,0.,0.));
#5125=DIRECTION('',(0.,0.,1.));
#5126=DIRECTION('',(-1.,0.,0.));
#5127=DIRECTION('',(0.,0.,1.));
#5128=DIRECTION('',(1.,0.,0.));
#5129=DIRECTION('',(0.,1.,0.));
#5130=DIRECTION('',(-1.,0.,0.));
#5131=DIRECTION('',(1.,0.,0.));
#5132=DIRECTION('',(0.,1.,0.));
#5133=DIRECTION('',(0.,-0.956304755963035,-0.292371704722737));
#5134=DIRECTION('',(0.,0.292371704722737,-0.956304755963036));
#5135=DIRECTION('',(0.,-0.292371704722737,0.956304755963036));
#5136=DIRECTION('',(-1.,0.,0.));
#5137=DIRECTION('',(0.,-0.292371704722737,0.956304755963036));
#5138=DIRECTION('',(1.,0.,0.));
#5139=DIRECTION('',(0.,-0.292371704722733,0.956304755963037));
#5140=DIRECTION('',(0.,-0.956304755963037,-0.292371704722733));
#5141=DIRECTION('',(1.,2.83292358531684E-16,8.66111658259229E-17));
#5142=DIRECTION('',(-2.83292358531684E-16,1.,0.));
#5143=DIRECTION('',(-1.35396959415482E-16,0.697132115454604,-0.716942685018676));
#5144=DIRECTION('',(-1.,-2.83292358531684E-16,-8.66111658259229E-17));
#5145=DIRECTION('',(0.,-0.292371704722737,0.956304755963036));
#5146=DIRECTION('',(0.,0.292371704722737,-0.956304755963036));
#5147=DIRECTION('',(0.,-0.956304755963035,-0.292371704722737));
#5148=DIRECTION('',(0.,0.292371704722737,-0.956304755963036));
#5149=DIRECTION('',(0.,0.292371704722737,-0.956304755963036));
#5150=DIRECTION('',(-1.,0.,0.));
#5151=DIRECTION('',(-1.,0.,0.));
#5152=DIRECTION('',(0.,0.,1.));
#5153=DIRECTION('',(0.,0.956304755963037,0.292371704722733));
#5154=DIRECTION('',(1.,2.83292358531684E-16,8.66111658259229E-17));
#5155=DIRECTION('',(0.,-0.292371704722737,0.956304755963036));
#5156=DIRECTION('',(0.,-0.697132115454605,0.716942685018675));
#5157=DIRECTION('',(1.,2.83292358531684E-16,8.66111658259229E-17));
#5158=DIRECTION('',(-2.83292358531684E-16,1.,0.));
#5159=DIRECTION('',(1.,2.83292358531684E-16,8.66111658259229E-17));
#5160=DIRECTION('',(0.,-0.292371704722737,0.956304755963036));
#5161=DIRECTION('',(1.,2.83292358531684E-16,8.66111658259229E-17));
#5162=DIRECTION('',(0.,-0.292371704722737,0.956304755963036));
#5163=DIRECTION('',(0.95577900872195,0.0859823809594587,-0.28123569590475));
#5164=DIRECTION('',(0.,-0.956304755963037,-0.292371704722733));
#5165=DIRECTION('',(-0.95577900872195,0.0859823809594587,-0.28123569590475));
#5166=DIRECTION('',(0.,-0.956304755963037,-0.292371704722733));
#5167=DIRECTION('',(-1.95386296679425E-17,0.292371704722737,-0.956304755963035));
#5168=DIRECTION('',(-1.,1.53229062246178E-16,6.72782095966181E-17));
#5169=DIRECTION('',(1.29887127410187E-17,2.22044604925031E-16,1.));
#5170=DIRECTION('',(-1.,4.10083645537798E-17,1.29887127410187E-17));
#5171=DIRECTION('',(0.,0.,1.));
#5172=DIRECTION('',(1.,-2.77555756156289E-16,0.));
#5173=DIRECTION('',(1.,0.,0.));
#5174=DIRECTION('',(0.,0.,-1.));
#5175=DIRECTION('',(0.,-1.,0.));
#5176=DIRECTION('',(1.,0.,0.));
#5177=DIRECTION('',(0.,0.,-1.));
#5178=DIRECTION('',(0.,-0.699294155463731,0.714834025585148));
#5179=DIRECTION('',(1.,0.,0.));
#5180=DIRECTION('',(0.,0.,-1.));
#5181=DIRECTION('',(0.,0.,1.));
#5182=DIRECTION('',(0.,1.,0.));
#5183=DIRECTION('',(0.,0.,-1.));
#5184=DIRECTION('',(0.,1.,0.));
#5185=DIRECTION('',(0.,-3.77113799125393E-15,1.));
#5186=DIRECTION('',(0.,1.,0.));
#5187=DIRECTION('',(0.,0.,-1.));
#5188=DIRECTION('',(0.,-1.,0.));
#5189=DIRECTION('',(0.,0.,-1.));
#5190=DIRECTION('',(0.,1.,0.));
#5191=DIRECTION('',(0.,0.,-1.));
#5192=DIRECTION('',(0.,-0.485642931178633,-0.874157276121537));
#5193=DIRECTION('',(1.,0.,0.));
#5194=DIRECTION('',(0.,0.,-1.));
#5195=DIRECTION('',(0.,-1.,0.));
#5196=DIRECTION('',(0.,0.,-1.));
#5197=DIRECTION('',(0.,1.,0.));
#5198=DIRECTION('',(0.,1.35525271560688E-16,1.));
#5199=DIRECTION('',(1.,0.,0.));
#5200=DIRECTION('',(0.,0.,-1.));
#5201=DIRECTION('',(1.,0.,0.));
#5202=DIRECTION('',(0.,0.,-1.));
#5203=DIRECTION('',(1.,0.,0.));
#5204=DIRECTION('',(0.,0.,-1.));
#5205=DIRECTION('',(1.,0.,0.));
#5206=DIRECTION('',(0.,0.,-1.));
#5207=DIRECTION('',(1.,0.,0.));
#5208=DIRECTION('',(0.,0.,-1.));
#5209=DIRECTION('',(0.,0.,1.));
#5210=DIRECTION('',(0.,-1.,0.));
#5211=DIRECTION('',(0.,-1.23908819712629E-16,-1.));
#5212=DIRECTION('',(0.,1.,-1.54886024640786E-16));
#5213=DIRECTION('',(0.,0.,1.));
#5214=DIRECTION('',(1.,0.,0.));
#5215=DIRECTION('',(0.,-1.,0.));
#5216=DIRECTION('',(1.,0.,0.));
#5217=DIRECTION('',(-1.,0.,0.));
#5218=DIRECTION('',(0.,-1.,0.));
#5219=DIRECTION('',(-1.,0.,0.));
#5220=DIRECTION('',(1.,0.,0.));
#5221=DIRECTION('',(1.,0.,0.));
#5222=DIRECTION('',(0.,0.,-1.));
#5223=DIRECTION('',(-1.,0.,0.));
#5224=DIRECTION('',(0.,1.,0.));
#5225=DIRECTION('',(-1.,0.,0.));
#5226=DIRECTION('',(0.,1.,0.));
#5227=DIRECTION('',(0.,-0.699294155463731,0.714834025585148));
#5228=DIRECTION('',(1.,0.,0.));
#5229=DIRECTION('',(0.,0.,-1.));
#5230=DIRECTION('',(1.,0.,0.));
#5231=DIRECTION('',(0.,0.,-1.));
#5232=DIRECTION('',(0.,-0.485642931178633,-0.874157276121537));
#5233=DIRECTION('',(0.,0.,-1.));
#5234=DIRECTION('',(0.,1.,0.));
#5235=DIRECTION('',(0.,0.,-1.));
#5236=DIRECTION('',(0.,-1.,0.));
#5237=DIRECTION('',(0.,0.,-1.));
#5238=DIRECTION('',(0.,1.,0.));
#5239=DIRECTION('',(0.,-3.77113799125393E-15,1.));
#5240=DIRECTION('',(0.,1.,0.));
#5241=DIRECTION('',(0.,0.,-1.));
#5242=DIRECTION('',(0.,1.,0.));
#5243=DIRECTION('',(0.,0.,1.));
#5244=DIRECTION('',(1.,0.,0.));
#5245=DIRECTION('',(0.,0.,-1.));
#5246=DIRECTION('',(-1.,0.,0.));
#5247=DIRECTION('',(0.,1.,0.));
#5248=DIRECTION('',(-1.,0.,0.));
#5249=DIRECTION('',(0.,1.,0.));
#5250=DIRECTION('',(-1.,0.,0.));
#5251=DIRECTION('',(0.,1.,0.));
#5252=DIRECTION('',(0.,0.714834025585147,0.699294155463731));
#5253=DIRECTION('',(0.,-0.699294155463731,0.714834025585148));
#5254=DIRECTION('',(1.,0.,0.));
#5255=DIRECTION('',(1.,0.,0.));
#5256=DIRECTION('',(0.,-0.874157276121537,0.485642931178633));
#5257=DIRECTION('',(0.,-0.485642931178633,-0.874157276121537));
#5258=DIRECTION('',(1.,0.,0.));
#5259=DIRECTION('',(1.,0.,0.));
#5260=DIRECTION('',(0.,-1.,0.));
#5261=DIRECTION('',(0.,0.,-1.));
#5262=DIRECTION('',(1.,0.,0.));
#5263=DIRECTION('',(0.,0.,-1.));
#5264=DIRECTION('',(-1.,0.,0.));
#5265=DIRECTION('',(1.,0.,0.));
#5266=DIRECTION('',(0.,-1.,0.));
#5267=DIRECTION('',(0.,0.,-1.));
#5268=DIRECTION('',(1.,0.,0.));
#5269=DIRECTION('',(0.,0.,1.));
#5270=DIRECTION('',(1.,0.,0.));
#5271=DIRECTION('',(1.,0.,0.));
#5272=DIRECTION('',(0.,-1.,0.));
#5273=DIRECTION('',(0.,0.,-1.));
#5274=DIRECTION('',(1.,0.,0.));
#5275=DIRECTION('',(0.,0.,-1.));
#5276=DIRECTION('',(-1.,0.,0.));
#5277=DIRECTION('',(1.,0.,0.));
#5278=DIRECTION('',(0.,1.,3.77113799125393E-15));
#5279=DIRECTION('',(0.,-3.77113799125393E-15,1.));
#5280=DIRECTION('',(1.,0.,0.));
#5281=DIRECTION('',(0.,0.,-1.));
#5282=DIRECTION('',(-1.,0.,0.));
#5283=DIRECTION('',(1.,0.,0.));
#5284=DIRECTION('',(0.,-1.,0.));
#5285=DIRECTION('',(0.,0.,-1.));
#5286=DIRECTION('',(1.,0.,0.));
#5287=DIRECTION('',(0.,0.,-1.));
#5288=DIRECTION('',(-1.,0.,0.));
#5289=DIRECTION('',(1.,0.,0.));
#5290=DIRECTION('',(0.,1.,0.));
#5291=DIRECTION('',(0.,0.,1.));
#5292=DIRECTION('',(1.,0.,0.));
#5293=DIRECTION('',(1.,0.,0.));
#5294=DIRECTION('',(0.,0.,-1.));
#5295=DIRECTION('',(1.,0.,0.));
#5296=DIRECTION('',(0.,0.,-1.));
#5297=DIRECTION('',(1.,0.,0.));
#5298=DIRECTION('',(0.,0.,-1.));
#5299=DIRECTION('',(1.,0.,0.));
#5300=DIRECTION('',(0.,0.,-1.));
#5301=DIRECTION('',(1.,0.,0.));
#5302=DIRECTION('',(0.,0.,-1.));
#5303=DIRECTION('',(0.,-1.,1.35525271560688E-16));
#5304=DIRECTION('',(0.,-1.35525271560688E-16,-1.));
#5305=DIRECTION('',(0.554700196225229,1.12763842092287E-16,0.832050294337844));
#5306=DIRECTION('',(0.,1.35525271560688E-16,1.));
#5307=DIRECTION('',(0.,1.,0.));
#5308=DIRECTION('',(0.,0.,1.));
#5309=DIRECTION('',(0.,0.,-1.));
#5310=DIRECTION('',(-0.554700196225229,0.,-0.832050294337844));
#5311=DIRECTION('',(1.,0.,0.));
#5312=DIRECTION('',(0.,0.,-1.));
#5313=DIRECTION('',(0.,-1.,0.));
#5314=DIRECTION('',(0.,-1.,0.));
#5315=DIRECTION('',(0.,0.,-1.));
#5316=DIRECTION('',(0.707106781186548,0.,0.707106781186547));
#5317=DIRECTION('',(0.,0.,1.));
#5318=DIRECTION('',(-1.,0.,0.));
#5319=DIRECTION('',(0.,0.,-1.));
#5320=DIRECTION('',(-1.,0.,0.));
#5321=DIRECTION('',(0.,-1.,0.));
#5322=DIRECTION('',(-1.,0.,0.));
#5323=DIRECTION('',(0.,1.,-1.23908819712629E-16));
#5324=DIRECTION('',(0.,1.23908819712629E-16,1.));
#5325=DIRECTION('',(0.,-1.23908819712629E-16,-1.));
#5326=DIRECTION('',(-0.707106781186548,-8.76167666676214E-17,-0.707106781186547));
#5327=DIRECTION('',(1.,0.,0.));
#5328=DIRECTION('',(0.,0.,-1.));
#5329=DIRECTION('',(0.,-1.,1.54886024640786E-16));
#5330=DIRECTION('',(0.832050294337844,0.,-0.554700196225229));
#5331=DIRECTION('',(0.,1.,0.));
#5332=DIRECTION('',(0.707106781186547,-1.09520958334527E-16,-0.707106781186548));
#5333=DIRECTION('',(0.,1.,-1.54886024640786E-16));
#5334=DIRECTION('',(1.,0.,0.));
#5335=DIRECTION('',(0.,0.,-1.));
#5336=DIRECTION('',(1.,0.,0.));
#5337=DIRECTION('',(0.,0.,-1.));
#5338=DIRECTION('',(1.,0.,0.));
#5339=DIRECTION('',(0.,0.,-1.));
#5340=DIRECTION('',(8.32667268468867E-17,1.42319525592638E-18,1.));
#5341=DIRECTION('',(-1.,-7.26128449322925E-19,8.32667268468867E-17));
#5342=DIRECTION('',(0.,0.,1.));
#5343=DIRECTION('',(1.,0.,0.));
#5344=DIRECTION('',(0.,0.,1.));
#5345=DIRECTION('',(1.,0.,0.));
#5346=DIRECTION('',(0.,0.,1.));
#5347=DIRECTION('',(1.,0.,0.));
#5348=DIRECTION('',(0.,0.,1.));
#5349=DIRECTION('',(1.,0.,0.));
#5350=DIRECTION('',(0.,0.,1.));
#5351=DIRECTION('',(1.,0.,0.));
#5352=CARTESIAN_POINT('',(0.,0.,0.));
#5353=CARTESIAN_POINT('',(1.75,0.,0.));
#5354=CARTESIAN_POINT('',(1.75,1.7,0.5));
#5355=CARTESIAN_POINT('',(1.75,1.7,0.5));
#5356=CARTESIAN_POINT('',(1.75,1.7,4.));
#5357=CARTESIAN_POINT('',(1.75,1.7,4.));
#5358=CARTESIAN_POINT('',(1.75,3.1,4.));
#5359=CARTESIAN_POINT('',(1.75,3.1,4.));
#5360=CARTESIAN_POINT('',(1.75,3.1,0.5));
#5361=CARTESIAN_POINT('',(1.75,3.1,0.500000000000001));
#5362=CARTESIAN_POINT('',(1.75,-4.6,-3.37));
#5363=CARTESIAN_POINT('',(1.75,-4.,-3.37));
#5364=CARTESIAN_POINT('',(1.75,-4.2,2.33));
#5365=CARTESIAN_POINT('',(1.75,-3.6,2.33));
#5366=CARTESIAN_POINT('',(1.75,4.6,3.65));
#5367=CARTESIAN_POINT('',(1.75,5.2,3.65));
#5368=CARTESIAN_POINT('',(1.75,-2.8,-1.37));
#5369=CARTESIAN_POINT('',(1.75,-2.2,-1.37));
#5370=CARTESIAN_POINT('',(1.75,4.7,0.95));
#5371=CARTESIAN_POINT('',(1.75,5.3,0.95));
#5372=CARTESIAN_POINT('',(1.75,1.7,5.15));
#5373=CARTESIAN_POINT('',(1.75,1.7,5.15));
#5374=CARTESIAN_POINT('',(1.75,1.7,6.75));
#5375=CARTESIAN_POINT('',(1.75,-1.5,6.75));
#5376=CARTESIAN_POINT('',(1.75,-1.18450105153069,6.75));
#5377=CARTESIAN_POINT('',(1.75,-1.18450105153069,6.));
#5378=CARTESIAN_POINT('',(1.75,-1.72062657071955,6.5244706165978));
#5379=CARTESIAN_POINT('',(1.75,-6.,2.15));
#5380=CARTESIAN_POINT('',(1.75,-5.78612551918886,2.36862724705139));
#5381=CARTESIAN_POINT('',(1.75,-5.25,1.84415663045359));
#5382=CARTESIAN_POINT('',(1.75,-6.,1.84415663045359));
#5383=CARTESIAN_POINT('',(1.75,-6.,-4.75));
#5384=CARTESIAN_POINT('',(1.75,-6.,-4.75));
#5385=CARTESIAN_POINT('',(1.75,-5.2,-4.75));
#5386=CARTESIAN_POINT('',(1.75,-5.2,-4.75));
#5387=CARTESIAN_POINT('',(1.75,-5.2,-4.52));
#5388=CARTESIAN_POINT('',(1.75,-5.2,-4.52));
#5389=CARTESIAN_POINT('',(1.75,5.2,-4.52));
#5390=CARTESIAN_POINT('',(1.75,5.2,-4.52));
#5391=CARTESIAN_POINT('',(1.75,5.2,-4.75));
#5392=CARTESIAN_POINT('',(1.75,5.2,-4.75));
#5393=CARTESIAN_POINT('',(1.75,6.,-4.75));
#5394=CARTESIAN_POINT('',(1.75,6.,-4.75));
#5395=CARTESIAN_POINT('',(1.75,6.,-0.65));
#5396=CARTESIAN_POINT('',(1.75,6.,-0.65));
#5397=CARTESIAN_POINT('',(1.75,5.9,-0.65));
#5398=CARTESIAN_POINT('',(1.75,5.9,-0.65));
#5399=CARTESIAN_POINT('',(1.75,5.9,0.650000000000001));
#5400=CARTESIAN_POINT('',(1.75,5.9,0.650000000000001));
#5401=CARTESIAN_POINT('',(1.75,6.,0.650000000000001));
#5402=CARTESIAN_POINT('',(1.75,6.,0.650000000000001));
#5403=CARTESIAN_POINT('',(1.75,6.,4.05));
#5404=CARTESIAN_POINT('',(1.75,6.,4.05));
#5405=CARTESIAN_POINT('',(1.75,4.5,6.75));
#5406=CARTESIAN_POINT('',(1.75,4.71431544534223,6.36423219838398));
#5407=CARTESIAN_POINT('',(1.75,4.05869748825108,6.));
#5408=CARTESIAN_POINT('',(1.75,4.05869748825108,6.75));
#5409=CARTESIAN_POINT('',(1.75,-1.5,6.75));
#5410=CARTESIAN_POINT('',(1.75,3.1,6.75));
#5411=CARTESIAN_POINT('',(1.75,3.1,6.75));
#5412=CARTESIAN_POINT('',(1.75,3.1,5.15));
#5413=CARTESIAN_POINT('',(1.75,3.1,5.15));
#5414=CARTESIAN_POINT('',(1.75,-1.5,6.75));
#5415=CARTESIAN_POINT('',(1.25,1.7,6.75));
#5416=CARTESIAN_POINT('',(1.25,1.7,6.75));
#5417=CARTESIAN_POINT('',(1.25,1.7,6.75));
#5418=CARTESIAN_POINT('',(1.25,3.1,6.75));
#5419=CARTESIAN_POINT('',(1.25,3.1,6.75));
#5420=CARTESIAN_POINT('',(1.75,4.05869748825108,6.75));
#5421=CARTESIAN_POINT('',(1.05,4.05869748825108,6.75));
#5422=CARTESIAN_POINT('',(1.05,1.15,6.75));
#5423=CARTESIAN_POINT('',(1.05,1.15,6.75));
#5424=CARTESIAN_POINT('',(-0.45,1.15,6.75));
#5425=CARTESIAN_POINT('',(-1.75,1.15,6.75));
#5426=CARTESIAN_POINT('',(-1.75,-1.5,6.75));
#5427=CARTESIAN_POINT('',(-1.75,-1.18450105153069,6.75));
#5428=CARTESIAN_POINT('',(1.75,-1.18450105153069,6.75));
#5429=CARTESIAN_POINT('',(-1.25590709946894,-1.18450105153069,6.75));
#5430=CARTESIAN_POINT('',(0.,-1.4359479753994,6.75));
#5431=CARTESIAN_POINT('',(1.25590709946894,-1.18450105153069,6.75));
#5432=CARTESIAN_POINT('',(1.75,-1.18450105153069,6.75));
#5433=CARTESIAN_POINT('',(1.75,-6.,2.15));
#5434=CARTESIAN_POINT('',(0.,-1.37984161415388,6.87282857219826));
#5435=CARTESIAN_POINT('',(1.20859489346876,-1.72062657071955,6.5244706165978));
#5436=CARTESIAN_POINT('',(1.03186197984517,-1.9754524339635,6.26398195639286));
#5437=CARTESIAN_POINT('',(1.03186197984517,-1.9754524339635,6.26398195639286));
#5438=CARTESIAN_POINT('',(0.838873062033593,-2.1769363240786,6.05802064649744));
#5439=CARTESIAN_POINT('',(0.885248437144228,-2.46811868490444,5.76036756654213));
#5440=CARTESIAN_POINT('',(1.13661904845628,-2.63516259754583,5.58961156695316));
#5441=CARTESIAN_POINT('',(1.13661904845628,-2.63516259754583,5.58961156695316));
#5442=CARTESIAN_POINT('',(-1.95943487863576E-17,-3.47157136116556,4.73461594191965));
#5443=CARTESIAN_POINT('',(-1.13661904845628,-2.63516259754583,5.58961156695316));
#5444=CARTESIAN_POINT('',(-1.13661904845628,-2.63516259754583,5.58961156695316));
#5445=CARTESIAN_POINT('',(-0.885235368351597,-2.46811000026729,5.76037644417121));
#5446=CARTESIAN_POINT('',(-0.838875820906789,-2.17693344376552,6.05802359081747));
#5447=CARTESIAN_POINT('',(-1.03186197984517,-1.9754524339635,6.26398195639286));
#5448=CARTESIAN_POINT('',(-1.03186197984517,-1.9754524339635,6.26398195639286));
#5449=CARTESIAN_POINT('',(0.,-1.37984161415388,6.87282857219826));
#5450=CARTESIAN_POINT('',(-1.20859489346876,-1.72062657071955,6.5244706165978));
#5451=CARTESIAN_POINT('',(1.75,-1.72062657071955,6.5244706165978));
#5452=CARTESIAN_POINT('',(-1.75,-1.72062657071955,6.5244706165978));
#5453=CARTESIAN_POINT('',(-1.75,-6.,2.15));
#5454=CARTESIAN_POINT('',(-1.75,-5.78612551918886,2.36862724705139));
#5455=CARTESIAN_POINT('',(1.75,-5.78612551918886,2.36862724705139));
#5456=CARTESIAN_POINT('',(1.75,-1.72062657071955,6.5244706165978));
#5457=CARTESIAN_POINT('',(-0.45,-4.34572405935462,-0.0643098881583212));
#5458=CARTESIAN_POINT('',(-1.95943487863576E-17,-0.295917942674462,1.53448133336003));
#5459=CARTESIAN_POINT('',(0.845437874589136,0.0289814350555735,1.66274581270192));
#5460=CARTESIAN_POINT('',(-0.845437874589138,0.0289814350555673,1.66274581270191));
#5461=CARTESIAN_POINT('',(0.845437874589135,0.0289814350555731,1.66274581270192));
#5462=CARTESIAN_POINT('',(0.819063216738546,0.100614434039954,1.691025243037));
#5463=CARTESIAN_POINT('',(0.806290793462733,0.174282166969613,1.72010795004166));
#5464=CARTESIAN_POINT('',(0.807223327798975,0.249999999999999,1.75));
#5465=CARTESIAN_POINT('',(0.807223327798975,0.249999999999999,1.75));
#5466=CARTESIAN_POINT('',(-0.45,0.249999999999999,1.75));
#5467=CARTESIAN_POINT('',(1.05,0.249999999999999,1.75));
#5468=CARTESIAN_POINT('',(1.05,-4.34572405935462,-0.064309888158321));
#5469=CARTESIAN_POINT('',(1.05,-4.34572405935462,-0.0643098881583212));
#5470=CARTESIAN_POINT('',(-0.45,-4.34572405935462,-0.064309888158321));
#5471=CARTESIAN_POINT('',(-1.75,-4.34572405935462,-0.064309888158321));
#5472=CARTESIAN_POINT('',(-1.75,-4.34572405935462,-0.0643098881583212));
#5473=CARTESIAN_POINT('',(-1.75,0.249999999999999,1.75));
#5474=CARTESIAN_POINT('',(-0.45,0.249999999999999,1.75));
#5475=CARTESIAN_POINT('',(-0.807223327799251,0.249999999999999,1.75));
#5476=CARTESIAN_POINT('',(-0.807223327799251,0.249999999999999,1.75));
#5477=CARTESIAN_POINT('',(-0.806290793463003,0.174282166969639,1.72010795004167));
#5478=CARTESIAN_POINT('',(-0.819063216738547,0.100614434039951,1.691025243037));
#5479=CARTESIAN_POINT('',(-0.845437874589137,0.0289814350555674,1.66274581270191));
#5480=CARTESIAN_POINT('',(-0.45,0.249999999999999,1.75));
#5481=CARTESIAN_POINT('',(0.807223327798975,0.249999999999999,1.75));
#5482=CARTESIAN_POINT('',(0.808274635625108,0.268617391188787,1.76861739118879));
#5483=CARTESIAN_POINT('',(0.810670456880541,0.287147907267696,1.7871479072677));
#5484=CARTESIAN_POINT('',(0.814407400182904,0.305591767369319,1.80559176736932));
#5485=CARTESIAN_POINT('',(0.814407400182903,0.305591767369319,1.80559176736932));
#5486=CARTESIAN_POINT('',(0.,0.406203449210869,1.90620344921087));
#5487=CARTESIAN_POINT('',(-0.814407400182904,0.305591767369319,1.80559176736932));
#5488=CARTESIAN_POINT('',(-0.814407400182903,0.305591767369319,1.80559176736932));
#5489=CARTESIAN_POINT('',(-0.810670456880542,0.287147907267702,1.7871479072677));
#5490=CARTESIAN_POINT('',(-0.808274635625112,0.268617391188809,1.76861739118881));
#5491=CARTESIAN_POINT('',(-0.807223327798977,0.250000000000026,1.75000000000003));
#5492=CARTESIAN_POINT('',(-1.75,0.249999999999999,1.75));
#5493=CARTESIAN_POINT('',(-1.75,1.15,2.65));
#5494=CARTESIAN_POINT('',(-0.45,1.15,2.65));
#5495=CARTESIAN_POINT('',(-0.45,1.15,2.65));
#5496=CARTESIAN_POINT('',(1.05,1.15,2.65));
#5497=CARTESIAN_POINT('',(1.05,1.15,2.65));
#5498=CARTESIAN_POINT('',(1.05,0.249999999999999,1.75));
#5499=CARTESIAN_POINT('',(1.75,-1.18450105153069,6.));
#5500=CARTESIAN_POINT('',(1.25590709946894,-1.18450105153069,6.75));
#5501=CARTESIAN_POINT('',(1.2913044609024,-1.3849256588068,6.75));
#5502=CARTESIAN_POINT('',(1.2718557638129,-1.58542416268745,6.66267752258616));
#5503=CARTESIAN_POINT('',(1.20859489346876,-1.72062657071955,6.5244706165978));
#5504=CARTESIAN_POINT('',(1.75,-1.18450105153069,6.));
#5505=CARTESIAN_POINT('',(-1.20859489346876,-1.72062657071955,6.5244706165978));
#5506=CARTESIAN_POINT('',(-1.27184242109608,-1.58545267901094,6.66264837256659));
#5507=CARTESIAN_POINT('',(-1.29132460986667,-1.38503974494453,6.75));
#5508=CARTESIAN_POINT('',(-1.25590709946894,-1.18450105153069,6.75));
#5509=CARTESIAN_POINT('',(-1.75,-1.18450105153069,6.));
#5510=CARTESIAN_POINT('',(-1.95943487863576E-17,-3.47157136116556,4.73461594191965));
#5511=CARTESIAN_POINT('',(1.13661904845628,-2.63516259754583,5.58961156695316));
#5512=CARTESIAN_POINT('',(1.11521838940287,-1.75966135694566,4.26764718895914));
#5513=CARTESIAN_POINT('',(1.01811292334488,-0.856053199861732,2.96712876666195));
#5514=CARTESIAN_POINT('',(0.845437874588618,0.0289814350590351,1.66274581270429));
#5515=CARTESIAN_POINT('',(-0.845437874589138,0.0289814350555574,1.66274581270194));
#5516=CARTESIAN_POINT('',(-1.01811035057561,-0.856040013298928,2.96710933202222));
#5517=CARTESIAN_POINT('',(-1.115218885451,-1.75968165028109,4.26767783091064));
#5518=CARTESIAN_POINT('',(-1.13661904845628,-2.63516259754582,5.58961156695316));
#5519=CARTESIAN_POINT('',(-1.75,0.,0.));
#5520=CARTESIAN_POINT('',(-1.75,5.2,-4.52));
#5521=CARTESIAN_POINT('',(-1.75,-1.7,-4.52));
#5522=CARTESIAN_POINT('',(-1.75,-6.,-4.52));
#5523=CARTESIAN_POINT('',(-1.75,-6.,-4.75));
#5524=CARTESIAN_POINT('',(-1.75,-6.,1.84415663045359));
#5525=CARTESIAN_POINT('',(-1.75,-5.25,1.84415663045359));
#5526=CARTESIAN_POINT('',(-1.75,1.15,2.65));
#5527=CARTESIAN_POINT('',(-1.75,-3.85,-1.32));
#5528=CARTESIAN_POINT('',(-1.75,-3.85,-2.67));
#5529=CARTESIAN_POINT('',(-1.75,-2.45,-2.67));
#5530=CARTESIAN_POINT('',(-1.75,-2.45,-2.67));
#5531=CARTESIAN_POINT('',(-1.75,-2.45,-3.42));
#5532=CARTESIAN_POINT('',(-1.75,-1.7,-3.42));
#5533=CARTESIAN_POINT('',(-1.75,-1.7,-4.52));
#5534=CARTESIAN_POINT('',(-1.75,-4.2,2.33));
#5535=CARTESIAN_POINT('',(-1.75,-4.2,2.93));
#5536=CARTESIAN_POINT('',(-1.75,-4.6,-3.37));
#5537=CARTESIAN_POINT('',(-1.75,-4.6,-2.77));
#5538=CARTESIAN_POINT('',(-1.75,-3.6,-3.77));
#5539=CARTESIAN_POINT('',(-1.75,-3.6,-3.77));
#5540=CARTESIAN_POINT('',(-1.75,-2.28,-3.77));
#5541=CARTESIAN_POINT('',(-1.75,-2.28,-3.77));
#5542=CARTESIAN_POINT('',(-1.75,-2.28,-3.02));
#5543=CARTESIAN_POINT('',(-1.75,-2.28,-3.02));
#5544=CARTESIAN_POINT('',(-1.75,-3.6,-3.02));
#5545=CARTESIAN_POINT('',(-1.75,-3.6,-3.02));
#5546=CARTESIAN_POINT('',(1.75,6.,-0.65));
#5547=CARTESIAN_POINT('',(1.75,6.,-4.75));
#5548=CARTESIAN_POINT('',(-0.7,6.,-4.75));
#5549=CARTESIAN_POINT('',(-0.7,6.,-4.52));
#5550=CARTESIAN_POINT('',(-0.7,6.,-4.52));
#5551=CARTESIAN_POINT('',(-0.7,6.,-4.52));
#5552=CARTESIAN_POINT('',(-1.75,6.,-4.52));
#5553=CARTESIAN_POINT('',(-1.75,6.,-0.65));
#5554=CARTESIAN_POINT('',(-1.75,6.,-0.65));
#5555=CARTESIAN_POINT('',(1.75,6.,-0.65));
#5556=CARTESIAN_POINT('',(1.75,6.,-4.75));
#5557=CARTESIAN_POINT('',(1.75,5.2,-4.75));
#5558=CARTESIAN_POINT('',(-0.7,5.2,-4.75));
#5559=CARTESIAN_POINT('',(-0.7,5.2,-4.75));
#5560=CARTESIAN_POINT('',(1.75,5.2,-4.75));
#5561=CARTESIAN_POINT('',(1.75,5.2,-4.52));
#5562=CARTESIAN_POINT('',(-0.7,5.2,-4.52));
#5563=CARTESIAN_POINT('',(-0.7,5.2,-4.52));
#5564=CARTESIAN_POINT('',(-1.75,0.,0.));
#5565=CARTESIAN_POINT('',(-1.75,4.7,0.95));
#5566=CARTESIAN_POINT('',(-1.75,4.7,1.55));
#5567=CARTESIAN_POINT('',(-1.75,4.6,3.65));
#5568=CARTESIAN_POINT('',(-1.75,4.6,4.25));
#5569=CARTESIAN_POINT('',(-1.75,5.2,-4.52));
#5570=CARTESIAN_POINT('',(-1.75,4.1,-4.52));
#5571=CARTESIAN_POINT('',(-1.75,4.1,-2.67));
#5572=CARTESIAN_POINT('',(-1.75,4.1,-2.67));
#5573=CARTESIAN_POINT('',(-1.75,4.9,-3.37));
#5574=CARTESIAN_POINT('',(-1.75,4.9,-3.37));
#5575=CARTESIAN_POINT('',(-1.75,4.9,-0.0500000000000001));
#5576=CARTESIAN_POINT('',(-1.75,4.9,-0.0500000000000001));
#5577=CARTESIAN_POINT('',(-1.75,4.9,1.1));
#5578=CARTESIAN_POINT('',(-1.75,3.75,1.1));
#5579=CARTESIAN_POINT('',(-1.75,3.75,2.25));
#5580=CARTESIAN_POINT('',(-1.75,3.75,2.25));
#5581=CARTESIAN_POINT('',(-1.75,3.2,2.25));
#5582=CARTESIAN_POINT('',(-1.75,3.2,2.25));
#5583=CARTESIAN_POINT('',(-1.75,3.2,4.25));
#5584=CARTESIAN_POINT('',(-1.75,3.2,4.25));
#5585=CARTESIAN_POINT('',(-1.75,4.25,4.25));
#5586=CARTESIAN_POINT('',(-1.75,4.25,4.25));
#5587=CARTESIAN_POINT('',(-1.75,4.25,6.75));
#5588=CARTESIAN_POINT('',(-1.75,4.25,6.72519193941918));
#5589=CARTESIAN_POINT('',(-1.75,4.05869748825108,6.));
#5590=CARTESIAN_POINT('',(-1.75,4.71431544534223,6.36423219838398));
#5591=CARTESIAN_POINT('',(-1.75,4.5,6.75));
#5592=CARTESIAN_POINT('',(-1.75,6.,4.05));
#5593=CARTESIAN_POINT('',(-1.75,6.,4.05));
#5594=CARTESIAN_POINT('',(-1.75,6.,0.650000000000001));
#5595=CARTESIAN_POINT('',(-1.75,6.,0.650000000000001));
#5596=CARTESIAN_POINT('',(-1.75,5.9,0.650000000000001));
#5597=CARTESIAN_POINT('',(-1.75,5.9,0.650000000000001));
#5598=CARTESIAN_POINT('',(-1.75,5.9,-0.65));
#5599=CARTESIAN_POINT('',(-1.75,5.9,-0.65));
#5600=CARTESIAN_POINT('',(-1.75,0.,0.));
#5601=CARTESIAN_POINT('',(-1.75,3.5,-4.52));
#5602=CARTESIAN_POINT('',(-1.75,3.5,-4.52));
#5603=CARTESIAN_POINT('',(-1.75,3.5,-3.42));
#5604=CARTESIAN_POINT('',(-1.75,5.2,-4.52));
#5605=CARTESIAN_POINT('',(-1.75,-1.1,-4.52));
#5606=CARTESIAN_POINT('',(-1.75,-1.1,-2.67));
#5607=CARTESIAN_POINT('',(-1.75,-1.1,-2.67));
#5608=CARTESIAN_POINT('',(-1.75,2.75,-2.67));
#5609=CARTESIAN_POINT('',(-1.75,2.75,-2.67));
#5610=CARTESIAN_POINT('',(-1.75,2.75,-3.42));
#5611=CARTESIAN_POINT('',(1.75,4.5,6.75));
#5612=CARTESIAN_POINT('',(1.75,4.71431544534223,6.36423219838398));
#5613=CARTESIAN_POINT('',(1.75,6.,4.05));
#5614=CARTESIAN_POINT('',(1.75,6.,4.05));
#5615=CARTESIAN_POINT('',(1.75,6.,0.650000000000001));
#5616=CARTESIAN_POINT('',(1.75,6.,0.650000000000001));
#5617=CARTESIAN_POINT('',(1.75,5.9,0.650000000000001));
#5618=CARTESIAN_POINT('',(1.75,5.9,0.650000000000001));
#5619=CARTESIAN_POINT('',(1.75,5.9,-0.65));
#5620=CARTESIAN_POINT('',(1.75,5.9,-0.65));
#5621=CARTESIAN_POINT('',(1.75,5.2,-4.52));
#5622=CARTESIAN_POINT('',(1.05,4.1,-4.52));
#5623=CARTESIAN_POINT('',(1.05,4.1,-4.52));
#5624=CARTESIAN_POINT('',(1.05,3.5,-4.52));
#5625=CARTESIAN_POINT('',(-0.45,4.1,-4.52));
#5626=CARTESIAN_POINT('',(-0.7,5.2,-4.52));
#5627=CARTESIAN_POINT('',(1.75,-5.2,-4.52));
#5628=CARTESIAN_POINT('',(-0.700000000000002,-5.2,-4.52));
#5629=CARTESIAN_POINT('',(-0.700000000000002,-5.2,-4.52));
#5630=CARTESIAN_POINT('',(-0.700000000000002,-6.,-4.52));
#5631=CARTESIAN_POINT('',(-0.700000000000002,-6.,-4.52));
#5632=CARTESIAN_POINT('',(-0.45,-1.7,-4.52));
#5633=CARTESIAN_POINT('',(1.05,-1.7,-4.52));
#5634=CARTESIAN_POINT('',(1.05,-1.1,-4.52));
#5635=CARTESIAN_POINT('',(1.05,-1.1,-4.52));
#5636=CARTESIAN_POINT('',(-0.45,-1.1,-4.52));
#5637=CARTESIAN_POINT('',(-0.45,3.5,-4.52));
#5638=CARTESIAN_POINT('',(1.75,-5.2,-4.52));
#5639=CARTESIAN_POINT('',(-0.700000000000002,-5.2,-4.52));
#5640=CARTESIAN_POINT('',(-0.700000000000002,-5.2,-4.75));
#5641=CARTESIAN_POINT('',(1.75,-5.2,-4.75));
#5642=CARTESIAN_POINT('',(1.75,-5.2,-4.75));
#5643=CARTESIAN_POINT('',(-0.700000000000002,-5.2,-4.75));
#5644=CARTESIAN_POINT('',(-0.700000000000002,-6.,-4.75));
#5645=CARTESIAN_POINT('',(1.75,-6.,-4.75));
#5646=CARTESIAN_POINT('',(1.75,-6.,-4.75));
#5647=CARTESIAN_POINT('',(-0.700000000000002,-6.,-4.52));
#5648=CARTESIAN_POINT('',(1.75,-6.,1.84415663045359));
#5649=CARTESIAN_POINT('',(1.75,4.05869748825108,6.));
#5650=CARTESIAN_POINT('',(1.75,4.25,6.72519193941918));
#5651=CARTESIAN_POINT('',(1.05,4.25,6.72519193941918));
#5652=CARTESIAN_POINT('',(1.05,4.05869748825109,6.00000000000005));
#5653=CARTESIAN_POINT('',(1.75,-5.25,1.84415663045359));
#5654=CARTESIAN_POINT('',(-0.45,4.25,6.75));
#5655=CARTESIAN_POINT('',(-0.45,4.25,4.25));
#5656=CARTESIAN_POINT('',(1.05,4.25,4.25));
#5657=CARTESIAN_POINT('',(1.05,4.25,6.72519193941918));
#5658=CARTESIAN_POINT('',(-0.45,4.25,4.25));
#5659=CARTESIAN_POINT('',(-0.45,3.2,4.25));
#5660=CARTESIAN_POINT('',(1.05,3.2,4.25));
#5661=CARTESIAN_POINT('',(1.05,4.25,4.25));
#5662=CARTESIAN_POINT('',(-0.45,3.2,4.25));
#5663=CARTESIAN_POINT('',(-0.45,3.2,2.25));
#5664=CARTESIAN_POINT('',(-0.45,3.2,2.25));
#5665=CARTESIAN_POINT('',(1.05,3.2,2.25));
#5666=CARTESIAN_POINT('',(1.05,3.2,2.25));
#5667=CARTESIAN_POINT('',(1.05,3.2,4.25));
#5668=CARTESIAN_POINT('',(-0.45,3.2,2.25));
#5669=CARTESIAN_POINT('',(-0.45,3.75,2.25));
#5670=CARTESIAN_POINT('',(-0.45,3.75,2.25));
#5671=CARTESIAN_POINT('',(-0.45,3.2,2.25));
#5672=CARTESIAN_POINT('',(-0.45,3.75,2.25));
#5673=CARTESIAN_POINT('',(-0.45,3.75,1.1));
#5674=CARTESIAN_POINT('',(-0.45,3.75,1.1));
#5675=CARTESIAN_POINT('',(-0.45,3.75,2.25));
#5676=CARTESIAN_POINT('',(-0.45,4.9,1.1));
#5677=CARTESIAN_POINT('',(-0.45,4.9,-0.0500000000000001));
#5678=CARTESIAN_POINT('',(1.05,4.9,-0.050000000000001));
#5679=CARTESIAN_POINT('',(1.05,4.89999999999999,1.09999999999999));
#5680=CARTESIAN_POINT('',(1.05,3.75,1.1));
#5681=CARTESIAN_POINT('',(1.05,3.75,1.1));
#5682=CARTESIAN_POINT('',(-0.45,4.9,-0.0500000000000001));
#5683=CARTESIAN_POINT('',(-0.45,4.9,-3.37));
#5684=CARTESIAN_POINT('',(1.05,4.9,-3.37));
#5685=CARTESIAN_POINT('',(1.05,4.9,-0.050000000000001));
#5686=CARTESIAN_POINT('',(-0.45,4.9,-3.37));
#5687=CARTESIAN_POINT('',(-0.45,4.1,-2.67));
#5688=CARTESIAN_POINT('',(1.05,4.1,-2.67));
#5689=CARTESIAN_POINT('',(1.05,4.9,-3.37));
#5690=CARTESIAN_POINT('',(-0.45,4.1,-2.67));
#5691=CARTESIAN_POINT('',(1.05,4.1,-2.67));
#5692=CARTESIAN_POINT('',(-0.45,3.5,-4.52));
#5693=CARTESIAN_POINT('',(-0.45,3.5,-3.42));
#5694=CARTESIAN_POINT('',(1.05,3.5,-3.42));
#5695=CARTESIAN_POINT('',(1.05,3.5,-4.52));
#5696=CARTESIAN_POINT('',(-0.45,2.75,-3.42));
#5697=CARTESIAN_POINT('',(-0.45,2.75,-2.67));
#5698=CARTESIAN_POINT('',(1.05,2.75,-2.67));
#5699=CARTESIAN_POINT('',(1.05,2.75000000000002,-3.41999999999998));
#5700=CARTESIAN_POINT('',(-0.45,2.75,-2.67));
#5701=CARTESIAN_POINT('',(-0.45,-1.1,-2.67));
#5702=CARTESIAN_POINT('',(1.05,-1.1,-2.67));
#5703=CARTESIAN_POINT('',(1.05,2.75,-2.67));
#5704=CARTESIAN_POINT('',(-0.45,-1.1,-2.67));
#5705=CARTESIAN_POINT('',(1.05,-1.1,-2.67));
#5706=CARTESIAN_POINT('',(-0.45,-1.7,-4.52));
#5707=CARTESIAN_POINT('',(-0.45,-1.7,-3.42));
#5708=CARTESIAN_POINT('',(1.05,-1.7,-3.42));
#5709=CARTESIAN_POINT('',(1.05,-1.7,-4.52));
#5710=CARTESIAN_POINT('',(-0.45,-2.45,-3.42));
#5711=CARTESIAN_POINT('',(-0.45,-2.45,-2.67));
#5712=CARTESIAN_POINT('',(1.05,-2.45,-2.67));
#5713=CARTESIAN_POINT('',(1.05,-2.45,-3.42));
#5714=CARTESIAN_POINT('',(-0.45,-2.45,-2.67));
#5715=CARTESIAN_POINT('',(-0.45,-3.85,-2.67));
#5716=CARTESIAN_POINT('',(1.05,-3.85,-2.67));
#5717=CARTESIAN_POINT('',(1.05,-2.45,-2.67));
#5718=CARTESIAN_POINT('',(-0.45,-3.85,-1.32));
#5719=CARTESIAN_POINT('',(1.05,-3.85,-1.32));
#5720=CARTESIAN_POINT('',(-0.45,1.15,2.65));
#5721=CARTESIAN_POINT('',(1.05,1.15,3.05));
#5722=CARTESIAN_POINT('',(1.05,1.15,3.05));
#5723=CARTESIAN_POINT('',(1.05,1.15,3.05));
#5724=CARTESIAN_POINT('',(-0.45,1.15,3.05));
#5725=CARTESIAN_POINT('',(-0.45,1.15,2.65));
#5726=CARTESIAN_POINT('',(-0.45,4.9,1.1));
#5727=CARTESIAN_POINT('',(-0.45,3.75,0.6));
#5728=CARTESIAN_POINT('',(-0.45,3.75,0.6));
#5729=CARTESIAN_POINT('',(-0.45,1.15,2.65));
#5730=CARTESIAN_POINT('',(-0.45,3.2,2.25));
#5731=CARTESIAN_POINT('',(1.05,3.2,2.25));
#5732=CARTESIAN_POINT('',(1.05,3.2,2.25));
#5733=CARTESIAN_POINT('',(1.05,4.05869748825109,6.00000000000005));
#5734=CARTESIAN_POINT('',(1.05,1.15,2.65));
#5735=CARTESIAN_POINT('',(1.05,3.75,0.6));
#5736=CARTESIAN_POINT('',(1.05,3.75,0.6));
#5737=CARTESIAN_POINT('',(1.05,1.15,2.65));
#5738=CARTESIAN_POINT('',(1.05,3.75,0.6));
#5739=CARTESIAN_POINT('',(1.05,3.75,0.6));
#5740=CARTESIAN_POINT('',(1.05,4.89999999999999,1.09999999999999));
#5741=CARTESIAN_POINT('',(1.05,-2.35,-0.470000000000001));
#5742=CARTESIAN_POINT('',(1.05,-2.35,-0.470000000000001));
#5743=CARTESIAN_POINT('',(1.05,-3.7,-0.47));
#5744=CARTESIAN_POINT('',(1.05,-3.7,-1.37));
#5745=CARTESIAN_POINT('',(1.05,-3.7,-2.27));
#5746=CARTESIAN_POINT('',(1.05,-3.7,-2.27));
#5747=CARTESIAN_POINT('',(1.05,1.4,-2.27));
#5748=CARTESIAN_POINT('',(1.05,1.4,-2.27));
#5749=CARTESIAN_POINT('',(1.05,1.4,-1.57));
#5750=CARTESIAN_POINT('',(1.05,1.4,-1.57));
#5751=CARTESIAN_POINT('',(-1.75,0.,0.));
#5752=CARTESIAN_POINT('',(-1.75,-2.8,-1.37));
#5753=CARTESIAN_POINT('',(-1.75,-2.8,-0.770000000000001));
#5754=CARTESIAN_POINT('',(-1.75,1.4,-2.27));
#5755=CARTESIAN_POINT('',(-1.75,1.4,-2.27));
#5756=CARTESIAN_POINT('',(-1.75,1.4,-1.57));
#5757=CARTESIAN_POINT('',(-1.75,-3.7,-2.27));
#5758=CARTESIAN_POINT('',(-1.75,-3.7,-2.27));
#5759=CARTESIAN_POINT('',(-1.75,-3.7,-1.37));
#5760=CARTESIAN_POINT('',(-1.75,-3.7,-0.47));
#5761=CARTESIAN_POINT('',(-1.75,-2.35,-0.470000000000001));
#5762=CARTESIAN_POINT('',(-1.75,-2.35,-0.470000000000001));
#5763=CARTESIAN_POINT('',(-1.75,1.4,-1.57));
#5764=CARTESIAN_POINT('',(-0.45,1.4,-1.57));
#5765=CARTESIAN_POINT('',(-0.45,1.4,-1.57));
#5766=CARTESIAN_POINT('',(-0.45,-2.35,-0.470000000000001));
#5767=CARTESIAN_POINT('',(-0.45,1.4,-2.27));
#5768=CARTESIAN_POINT('',(-0.45,1.4,-2.27));
#5769=CARTESIAN_POINT('',(-0.45,-3.7,-2.27));
#5770=CARTESIAN_POINT('',(-0.45,-3.7,-2.27));
#5771=CARTESIAN_POINT('',(-0.45,-3.7,-1.37));
#5772=CARTESIAN_POINT('',(-0.45,-3.7,-0.47));
#5773=CARTESIAN_POINT('',(-0.45,-2.35,-0.470000000000001));
#5774=CARTESIAN_POINT('',(-0.7,5.2,-4.52));
#5775=CARTESIAN_POINT('',(-0.700000000000002,-5.2,-4.52));
#5776=CARTESIAN_POINT('',(-3.25,4.6,3.65));
#5777=CARTESIAN_POINT('',(-3.25,4.6,3.65));
#5778=CARTESIAN_POINT('',(-3.25,4.,3.65));
#5779=CARTESIAN_POINT('',(-3.25,4.6,3.65));
#5780=CARTESIAN_POINT('',(-3.25,4.7,0.95));
#5781=CARTESIAN_POINT('',(-3.25,4.7,0.95));
#5782=CARTESIAN_POINT('',(-3.25,4.1,0.95));
#5783=CARTESIAN_POINT('',(-3.25,4.7,0.95));
#5784=CARTESIAN_POINT('',(-3.25,-2.8,-1.37));
#5785=CARTESIAN_POINT('',(-3.25,-2.8,-1.37));
#5786=CARTESIAN_POINT('',(-3.25,-3.4,-1.37));
#5787=CARTESIAN_POINT('',(-3.25,-2.8,-1.37));
#5788=CARTESIAN_POINT('',(-3.25,-4.2,2.33));
#5789=CARTESIAN_POINT('',(-3.25,-4.2,2.33));
#5790=CARTESIAN_POINT('',(-3.25,-4.8,2.33));
#5791=CARTESIAN_POINT('',(-3.25,-4.2,2.33));
#5792=CARTESIAN_POINT('',(-3.25,-4.6,-3.37));
#5793=CARTESIAN_POINT('',(-3.25,-4.6,-3.37));
#5794=CARTESIAN_POINT('',(-3.25,-5.2,-3.37));
#5795=CARTESIAN_POINT('',(-3.25,-4.6,-3.37));
#5796=CARTESIAN_POINT('',(1.05,-2.28,-3.77));
#5797=CARTESIAN_POINT('',(1.05,-2.28,-3.77));
#5798=CARTESIAN_POINT('',(1.05,-2.28,-3.77));
#5799=CARTESIAN_POINT('',(1.05,-2.28,-3.77));
#5800=CARTESIAN_POINT('',(1.05,-2.28,-3.02));
#5801=CARTESIAN_POINT('',(1.05,-2.28,-3.02));
#5802=CARTESIAN_POINT('',(1.05,-2.28,-3.02));
#5803=CARTESIAN_POINT('',(1.05,-2.28,-3.02));
#5804=CARTESIAN_POINT('',(1.05,-3.6,-3.02));
#5805=CARTESIAN_POINT('',(1.05,-3.6,-3.02));
#5806=CARTESIAN_POINT('',(1.05,-3.6,-3.02));
#5807=CARTESIAN_POINT('',(1.05,-3.6,-3.02));
#5808=CARTESIAN_POINT('',(1.05,-3.6,-3.77));
#5809=CARTESIAN_POINT('',(1.05,-3.6,-3.77));
#5810=CARTESIAN_POINT('',(1.05,-3.6,-3.77));
#5811=CARTESIAN_POINT('',(1.05,-3.6,-3.77));
#5812=CARTESIAN_POINT('',(1.05,0.,0.));
#5813=CARTESIAN_POINT('',(0.,-1.38374561733647,6.72561423806434));
#5814=CARTESIAN_POINT('',(0.814407400182903,0.305591767369319,1.80559176736932));
#5815=CARTESIAN_POINT('',(0.945893450425105,-0.383113097947119,3.32409886224606));
#5816=CARTESIAN_POINT('',(1.02421607463899,-1.18111843411608,4.79289605080077));
#5817=CARTESIAN_POINT('',(1.03186197984517,-1.97545243396351,6.26398195639286));
#5818=CARTESIAN_POINT('',(-1.03186197984517,-1.9754524339635,6.26398195639286));
#5819=CARTESIAN_POINT('',(-1.0242161386469,-1.18112508390505,4.79290836603697));
#5820=CARTESIAN_POINT('',(-0.94588414859851,-0.383064376328207,3.32399143724049));
#5821=CARTESIAN_POINT('',(-0.814407400182903,0.305591767369319,1.80559176736932));
#5822=CARTESIAN_POINT('',(-1.13947900998993,-2.78200052077889,5.81159986193192));
#5823=CARTESIAN_POINT('',(-0.673064868566953,-2.41981380211932,6.0145582177093));
#5824=CARTESIAN_POINT('',(-1.03199237120767,-1.98981402171743,6.29057398061968));
#5825=CARTESIAN_POINT('',(-1.13269314676039,-2.31339387550731,5.10231370215587));
#5826=CARTESIAN_POINT('',(-0.755682096465473,-2.00831445100596,5.34270169186536));
#5827=CARTESIAN_POINT('',(-1.0285470857318,-1.58603038708263,5.5430728210989));
#5828=CARTESIAN_POINT('',(-1.0748538638687,-1.37292760658661,3.6885739422036));
#5829=CARTESIAN_POINT('',(-0.859392206872582,-1.16667954984346,3.95942209391932));
#5830=CARTESIAN_POINT('',(-0.985031397271037,-0.791207467345815,4.04031798785703));
#5831=CARTESIAN_POINT('',(-0.930960565275894,-0.403374401354442,2.30253020351927));
#5832=CARTESIAN_POINT('',(-0.839456609703928,-0.230813598562751,2.43481652958276));
#5833=CARTESIAN_POINT('',(-0.877757963064397,-0.0210523359356704,2.53196594978944));
#5834=CARTESIAN_POINT('',(-0.839178652857199,0.0608515099753419,1.61568644765577));
#5835=CARTESIAN_POINT('',(-0.791266915138165,0.19041562106048,1.68655932877089));
#5836=CARTESIAN_POINT('',(-0.810104511916155,0.327959904379396,1.75607244871248));
#5837=CARTESIAN_POINT('',(1.03199238654767,-1.98981581956259,6.2905773088658));
#5838=CARTESIAN_POINT('',(0.673064477117012,-2.41981575184937,6.01456140104082));
#5839=CARTESIAN_POINT('',(1.13947904020382,-2.78200260724821,5.81160302002594));
#5840=CARTESIAN_POINT('',(1.02854672226792,-1.58598130828822,5.54298200127906));
#5841=CARTESIAN_POINT('',(0.755691590347497,-2.00826771193464,5.34262538429299));
#5842=CARTESIAN_POINT('',(1.13269238930161,-2.31333694542971,5.10222750855482));
#5843=CARTESIAN_POINT('',(0.985000767966415,-0.791047791073888,4.03996763497962));
#5844=CARTESIAN_POINT('',(0.859369956270055,-1.16645343953245,3.95902582164889));
#5845=CARTESIAN_POINT('',(1.07481255820449,-1.37271655593738,3.68826254777556));
#5846=CARTESIAN_POINT('',(0.877809420024064,-0.0213154989278107,2.53255383399914));
#5847=CARTESIAN_POINT('',(0.839494690309823,-0.231139569123415,2.43539763711086));
#5848=CARTESIAN_POINT('',(0.931030363398798,-0.40372496197304,2.30305002030536));
#5849=CARTESIAN_POINT('',(0.810102676183609,0.327969374568063,1.75605139537666));
#5850=CARTESIAN_POINT('',(0.7912656383179,0.190426781735913,1.68653950329931));
#5851=CARTESIAN_POINT('',(0.83917616241501,0.0608641064088672,1.6156678106318));
#5852=CARTESIAN_POINT('',(-0.0500000000000001,4.6,3.65));
#5853=CARTESIAN_POINT('',(-0.0500000000000001,4.6,3.65));
#5854=CARTESIAN_POINT('',(-0.0500000000000001,5.2,3.65));
#5855=CARTESIAN_POINT('',(-0.0500000000000001,4.6,3.65));
#5856=CARTESIAN_POINT('',(-0.0500000000000001,-4.2,2.33));
#5857=CARTESIAN_POINT('',(-0.0500000000000001,-4.2,2.33));
#5858=CARTESIAN_POINT('',(-0.0500000000000001,-3.6,2.33));
#5859=CARTESIAN_POINT('',(-0.0500000000000001,-4.2,2.33));
#5860=CARTESIAN_POINT('',(-0.0500000000000001,-2.8,-1.37));
#5861=CARTESIAN_POINT('',(-0.0500000000000001,-2.8,-1.37));
#5862=CARTESIAN_POINT('',(-0.0500000000000001,-2.2,-1.37));
#5863=CARTESIAN_POINT('',(-0.0500000000000001,-2.8,-1.37));
#5864=CARTESIAN_POINT('',(-0.0500000000000001,-4.6,-3.37));
#5865=CARTESIAN_POINT('',(-0.0500000000000001,-4.6,-3.37));
#5866=CARTESIAN_POINT('',(-0.0500000000000001,-4.,-3.37));
#5867=CARTESIAN_POINT('',(-0.0500000000000001,-4.6,-3.37));
#5868=CARTESIAN_POINT('',(-0.0500000000000001,4.7,0.95));
#5869=CARTESIAN_POINT('',(-0.0500000000000001,4.7,0.95));
#5870=CARTESIAN_POINT('',(-0.0500000000000001,5.3,0.95));
#5871=CARTESIAN_POINT('',(-0.0500000000000001,4.7,0.95));
#5872=CARTESIAN_POINT('',(1.25,1.7,0.5));
#5873=CARTESIAN_POINT('',(1.5,1.7,0.75));
#5874=CARTESIAN_POINT('',(1.25,1.7,1.));
#5875=CARTESIAN_POINT('',(1.25,1.7,0.5));
#5876=CARTESIAN_POINT('',(1.25,1.7,4.));
#5877=CARTESIAN_POINT('',(1.25,1.7,4.));
#5878=CARTESIAN_POINT('',(1.25,1.7,4.));
#5879=CARTESIAN_POINT('',(1.25,1.7,4.));
#5880=CARTESIAN_POINT('',(1.25,3.1,4.));
#5881=CARTESIAN_POINT('',(1.25,3.1,4.));
#5882=CARTESIAN_POINT('',(1.25,3.1,4.));
#5883=CARTESIAN_POINT('',(1.25,3.1,4.));
#5884=CARTESIAN_POINT('',(1.25,3.1,1.));
#5885=CARTESIAN_POINT('',(-0.25,3.1,2.5));
#5886=CARTESIAN_POINT('',(1.25,0.,0.));
#5887=CARTESIAN_POINT('',(1.25,-1.54886024640786E-16,1.));
#5888=CARTESIAN_POINT('',(1.25,1.7,5.15));
#5889=CARTESIAN_POINT('',(1.59615384615385,1.7,5.38076923076923));
#5890=CARTESIAN_POINT('',(1.25,1.7,5.9));
#5891=CARTESIAN_POINT('',(1.25,1.7,5.15));
#5892=CARTESIAN_POINT('',(1.25,3.1,6.75));
#5893=CARTESIAN_POINT('',(1.25,3.1,6.75));
#5894=CARTESIAN_POINT('',(1.25,3.1,5.9));
#5895=CARTESIAN_POINT('',(0.857692307692308,3.1,6.48846153846154));
#5896=CARTESIAN_POINT('',(1.25,0.,0.));
#5897=CARTESIAN_POINT('',(1.25,0.,5.9));
#5898=CARTESIAN_POINT('',(1.75,3.1,0.500000000000001));
#5899=CARTESIAN_POINT('',(1.75,3.1,5.15));
#5900=CARTESIAN_POINT('',(0.,0.,0.));
#5901=CARTESIAN_POINT('',(0.4,0.862836037979686,-6.39878731889699));
#5902=CARTESIAN_POINT('',(1.3,-1.51642766196488,1.38343358413095));
#5903=CARTESIAN_POINT('',(0.3,-1.51642766196488,1.38343358413095));
#5904=CARTESIAN_POINT('',(0.4,-1.51642766196488,1.38343358413095));
#5905=CARTESIAN_POINT('',(0.3,-1.51642766196488,1.38343358413095));
#5906=CARTESIAN_POINT('',(0.3,-1.63337634385397,1.76595548651616));
#5907=CARTESIAN_POINT('',(0.4,-1.63337634385397,1.76595548651616));
#5908=CARTESIAN_POINT('',(0.4,-1.63337634385397,1.76595548651616));
#5909=CARTESIAN_POINT('',(0.4,0.862836037979686,-6.39878731889699));
#5910=CARTESIAN_POINT('',(0.4,0.862836037979686,-6.39878731889699));
#5911=CARTESIAN_POINT('',(0.4,-1.63337634385397,1.76595548651616));
#5912=CARTESIAN_POINT('',(-1.1,-1.63337634385397,1.76595548651616));
#5913=CARTESIAN_POINT('',(-1.3,-1.63337634385397,1.76595548651616));
#5914=CARTESIAN_POINT('',(-1.1,-1.51642766196488,1.38343358413095));
#5915=CARTESIAN_POINT('',(-1.1,-1.51642766196488,1.38343358413095));
#5916=CARTESIAN_POINT('',(1.3,-1.51642766196488,1.38343358413095));
#5917=CARTESIAN_POINT('',(-1.3,-1.51642766196488,1.38343358413095));
#5918=CARTESIAN_POINT('',(-1.3,0.862836037979686,-6.39878731889699));
#5919=CARTESIAN_POINT('',(1.3,1.75074711131022,2.80058585660375));
#5920=CARTESIAN_POINT('',(1.3,1.86769579319932,2.41806395421853));
#5921=CARTESIAN_POINT('',(1.3,1.86769579319932,2.41806395421853));
#5922=CARTESIAN_POINT('',(0.4,1.86769579319932,2.41806395421853));
#5923=CARTESIAN_POINT('',(0.4,4.24695949314388,-5.3641569488094));
#5924=CARTESIAN_POINT('',(0.4,1.75074711131022,2.80058585660375));
#5925=CARTESIAN_POINT('',(1.3,1.75074711131022,2.80058585660375));
#5926=CARTESIAN_POINT('',(1.3,1.75074711131022,2.80058585660375));
#5927=CARTESIAN_POINT('',(1.3,1.75074711131022,2.80058585660375));
#5928=CARTESIAN_POINT('',(1.3,1.86769579319932,2.41806395421853));
#5929=CARTESIAN_POINT('',(0.4,1.86769579319932,2.41806395421853));
#5930=CARTESIAN_POINT('',(1.3,1.86769579319932,2.41806395421853));
#5931=CARTESIAN_POINT('',(1.3,-3.10508893780847,0.8977310896603));
#5932=CARTESIAN_POINT('',(1.3,-3.10508893780847,0.897731089660301));
#5933=CARTESIAN_POINT('',(-1.3,-3.10508893780847,0.897731089660301));
#5934=CARTESIAN_POINT('',(-1.3,1.86769579319932,2.41806395421853));
#5935=CARTESIAN_POINT('',(0.3,-1.51642766196488,1.38343358413095));
#5936=CARTESIAN_POINT('',(1.3,1.75074711131022,2.80058585660375));
#5937=CARTESIAN_POINT('',(0.4,1.75074711131022,2.80058585660375));
#5938=CARTESIAN_POINT('',(-1.1,-1.63337634385397,1.76595548651616));
#5939=CARTESIAN_POINT('',(-1.3,1.75074711131022,2.80058585660375));
#5940=CARTESIAN_POINT('',(-1.3,-3.22203761969756,1.28025299204551));
#5941=CARTESIAN_POINT('',(1.3,-3.22203761969756,1.28025299204551));
#5942=CARTESIAN_POINT('',(1.3,-3.22203761969756,1.28025299204551));
#5943=CARTESIAN_POINT('',(1.3,1.75074711131022,2.80058585660375));
#5944=CARTESIAN_POINT('',(1.3,-2.830625,-1.33875));
#5945=CARTESIAN_POINT('',(1.3,-2.830625,4.58068738220731E-16));
#5946=CARTESIAN_POINT('',(1.3,-2.830625,-1.33875));
#5947=CARTESIAN_POINT('',(1.3,-2.830625,-1.33875));
#5948=CARTESIAN_POINT('',(1.3,2.830625,-1.33875));
#5949=CARTESIAN_POINT('',(1.3,2.830625,-1.33875));
#5950=CARTESIAN_POINT('',(1.3,2.830625,-0.93875));
#5951=CARTESIAN_POINT('',(1.3,-2.830625,-0.93875));
#5952=CARTESIAN_POINT('',(1.3,-2.830625,-0.93875));
#5953=CARTESIAN_POINT('',(1.3,-2.830625,4.58068738220731E-16));
#5954=CARTESIAN_POINT('',(1.3,2.830625,-1.33875));
#5955=CARTESIAN_POINT('',(-1.3,2.830625,-1.33875));
#5956=CARTESIAN_POINT('',(-1.3,2.830625,-1.33875));
#5957=CARTESIAN_POINT('',(-1.3,2.830625,-0.93875));
#5958=CARTESIAN_POINT('',(1.3,2.830625,-0.93875));
#5959=CARTESIAN_POINT('',(1.3,2.830625,-1.33875));
#5960=CARTESIAN_POINT('',(-1.3,1.75074711131022,2.80058585660375));
#5961=CARTESIAN_POINT('',(-1.3,-2.830625,4.58068738220731E-16));
#5962=CARTESIAN_POINT('',(-1.3,-2.830625,-0.93875));
#5963=CARTESIAN_POINT('',(-1.3,-2.830625,-0.93875));
#5964=CARTESIAN_POINT('',(-1.3,-2.830625,-1.33875));
#5965=CARTESIAN_POINT('',(-1.3,-2.830625,-1.33875));
#5966=CARTESIAN_POINT('',(-1.3,-2.830625,4.58068738220731E-16));
#5967=CARTESIAN_POINT('',(1.3,-2.830625,4.58068738220731E-16));
#5968=CARTESIAN_POINT('',(1.3,-2.830625,-0.93875));
#5969=CARTESIAN_POINT('',(1.3,-2.830625,-0.93875));
#5970=CARTESIAN_POINT('',(1.3,-2.830625,4.58068738220731E-16));
#5971=CARTESIAN_POINT('',(1.3,-2.830625,-1.33875));
#5972=CARTESIAN_POINT('',(1.3,-2.830625,-1.33875));
#5973=CARTESIAN_POINT('',(0.4,4.24695949314388,-5.3641569488094));
#5974=CARTESIAN_POINT('',(-0.799999999999999,-2.78665807822531,7.24832187715127));
#5975=CARTESIAN_POINT('',(-0.799999999999999,-2.78665807822531,7.24832187715127));
#5976=CARTESIAN_POINT('',(-0.599999999999999,-2.78665807822531,7.24832187715127));
#5977=CARTESIAN_POINT('',(-0.2,-2.78665807822531,7.24832187715127));
#5978=CARTESIAN_POINT('',(-0.199999999999999,-2.78665807822531,7.24832187715127));
#5979=CARTESIAN_POINT('',(-0.199999999999999,-2.40413617584009,7.36527055904035));
#5980=CARTESIAN_POINT('',(-0.799999999999999,-2.40413617584009,7.36527055904035));
#5981=CARTESIAN_POINT('',(-0.599999999999999,-2.40413617584009,7.36527055904035));
#5982=CARTESIAN_POINT('',(-0.599999999999999,-2.78665807822531,7.24832187715127));
#5983=CARTESIAN_POINT('',(-0.799999999999999,-2.4095463501867,6.01484499403487));
#5984=CARTESIAN_POINT('',(6.50521303491303E-16,-2.4095463501867,6.01484499403487));
#5985=CARTESIAN_POINT('',(6.50521303491303E-16,-2.4095463501867,6.01484499403487));
#5986=CARTESIAN_POINT('',(7.52429791230143E-16,-2.59661647015557,6.62672378577529));
#5987=CARTESIAN_POINT('',(-0.199999999999999,-2.78665807822531,7.24832187715127));
#5988=CARTESIAN_POINT('',(-0.799999999999999,-2.59661647015557,6.62672378577529));
#5989=CARTESIAN_POINT('',(-0.799999999999999,-2.59661647015557,6.62672378577529));
#5990=CARTESIAN_POINT('',(-0.799999999999999,-2.4095463501867,6.01484499403487));
#5991=CARTESIAN_POINT('',(-0.799999999999999,-2.4095463501867,6.01484499403487));
#5992=CARTESIAN_POINT('',(-0.799999999999999,-2.4095463501867,6.01484499403487));
#5993=CARTESIAN_POINT('',(-0.799999999999999,-2.01746140024186,6.13471739297119));
#5994=CARTESIAN_POINT('',(5.42101086242752E-16,-2.01746140024186,6.13471739297119));
#5995=CARTESIAN_POINT('',(4.33680868994202E-16,-2.19020291103915,5.76288359885414));
#5996=CARTESIAN_POINT('',(-0.799999999999999,-2.01746140024186,6.13471739297119));
#5997=CARTESIAN_POINT('',(-0.799999999999999,-2.19020291103915,5.76288359885414));
#5998=CARTESIAN_POINT('',(-0.799999999999999,-2.19020291103915,5.76288359885414));
#5999=CARTESIAN_POINT('',(-0.799999999999999,-2.36294442183643,5.3910498047371));
#6000=CARTESIAN_POINT('',(4.33680868994202E-16,-2.36294442183643,5.3910498047371));
#6001=CARTESIAN_POINT('',(4.33680868994202E-16,-2.0118084001047,5.17938144564105));
#6002=CARTESIAN_POINT('',(-0.799999999999999,-2.36294442183643,5.3910498047371));
#6003=CARTESIAN_POINT('',(-0.799999999999999,-2.0118084001047,5.17938144564105));
#6004=CARTESIAN_POINT('',(-0.799999999999999,-2.0118084001047,5.17938144564105));
#6005=CARTESIAN_POINT('',(-0.799999999999999,-1.66067237837298,4.96771308654499));
#6006=CARTESIAN_POINT('',(4.33680868994202E-16,-1.66067237837298,4.96771308654499));
#6007=CARTESIAN_POINT('',(4.33680868994202E-16,-2.05275732831783,4.84784068760867));
#6008=CARTESIAN_POINT('',(-0.799999999999999,-1.66067237837298,4.96771308654499));
#6009=CARTESIAN_POINT('',(-0.799999999999999,-2.05275732831783,4.84784068760867));
#6010=CARTESIAN_POINT('',(-0.799999999999999,-2.05275732831783,4.84784068760867));
#6011=CARTESIAN_POINT('',(-0.799999999999999,-1.66067237837298,4.96771308654499));
#6012=CARTESIAN_POINT('',(2.16840434497101E-16,-1.66067237837298,4.96771308654499));
#6013=CARTESIAN_POINT('',(4.33680868994202E-16,-1.67023542593261,4.96478936949777));
#6014=CARTESIAN_POINT('',(2.16840434497101E-16,-1.66923667158595,4.97287572944977));
#6015=CARTESIAN_POINT('',(-0.8,-1.67023542593261,4.96478936949777));
#6016=CARTESIAN_POINT('',(-0.799999999999999,-1.67023542593261,4.96478936949776));
#6017=CARTESIAN_POINT('',(-0.799999999999999,-1.66067237837298,4.96771308654499));
#6018=CARTESIAN_POINT('',(-0.799999999999999,-1.66923667158594,4.97287572944978));
#6019=CARTESIAN_POINT('',(-0.799999999999999,-1.66923667158595,4.97287572944977));
#6020=CARTESIAN_POINT('',(-0.799999999999999,-2.36294442183643,5.3910498047371));
#6021=CARTESIAN_POINT('',(2.16840434497101E-16,-2.36294442183643,5.3910498047371));
#6022=CARTESIAN_POINT('',(2.16840434497101E-16,-2.02167460782228,6.1256482760415));
#6023=CARTESIAN_POINT('',(-0.799999999999999,-2.36294442183643,5.3910498047371));
#6024=CARTESIAN_POINT('',(-0.799999999999999,-2.02167460782228,6.12564827604151));
#6025=CARTESIAN_POINT('',(-0.799999999999999,-2.02167460782228,6.1256482760415));
#6026=CARTESIAN_POINT('',(-0.799999999999999,-2.01746140024186,6.13471739297119));
#6027=CARTESIAN_POINT('',(2.16840434497101E-16,-2.01746140024186,6.13471739297119));
#6028=CARTESIAN_POINT('',(4.33680868994202E-16,-2.02702444780149,6.13179367592396));
#6029=CARTESIAN_POINT('',(-0.799999999999999,-2.01746140024186,6.13471739297119));
#6030=CARTESIAN_POINT('',(-0.799999999999999,-2.02702444780148,6.13179367592394));
#6031=CARTESIAN_POINT('',(-0.799999999999999,-2.02702444780149,6.13179367592396));
#6032=CARTESIAN_POINT('',(-0.799999999999999,-2.02702444780148,6.13179367592394));
#6033=CARTESIAN_POINT('',(0.11065677644107,-2.10894760907697,6.39975226249643));
#6034=CARTESIAN_POINT('',(1.0842021724855E-15,-2.21409456777035,6.74367246766436));
#6035=CARTESIAN_POINT('',(1.0842021724855E-15,-2.02702444780148,6.13179367592394));
#6036=CARTESIAN_POINT('',(-0.799999999999999,-2.02702444780148,6.13179367592394));
#6037=CARTESIAN_POINT('',(-0.799999999999999,-2.21409456777035,6.74367246766437));
#6038=CARTESIAN_POINT('',(-0.979845965630257,-2.04320348520419,6.18471292277717));
#6039=CARTESIAN_POINT('',(-0.799999999999999,-2.4095463501867,6.01484499403487));
#6040=CARTESIAN_POINT('',(-0.799999999999999,-2.59661647015557,6.62672378577529));
#6041=CARTESIAN_POINT('',(-0.8,-0.91888791584861,2.50724239874815));
#6042=CARTESIAN_POINT('',(-0.8,-0.918887915848608,2.50724239874815));
#6043=CARTESIAN_POINT('',(-0.8,-1.77956219621534,2.24410786449768));
#6044=CARTESIAN_POINT('',(-0.8,-1.15214329230619,1.59885944798087));
#6045=CARTESIAN_POINT('',(-0.8,-1.15214329230619,1.59885944798087));
#6046=CARTESIAN_POINT('',(-0.8,-1.43099613848804,1.88563652198834));
#6047=CARTESIAN_POINT('',(-0.8,-1.77956219621534,2.24410786449768));
#6048=CARTESIAN_POINT('',(-0.8,-1.30140981823382,2.39029371685905));
#6049=CARTESIAN_POINT('',(-0.8,-1.30140981823382,2.39029371685905));
#6050=CARTESIAN_POINT('',(-0.8,-1.30140981823382,2.39029371685905));
#6051=CARTESIAN_POINT('',(0.,-1.30140981823382,2.39029371685905));
#6052=CARTESIAN_POINT('',(-2.13234210744568E-16,-1.30140981823382,2.39029371685904));
#6053=CARTESIAN_POINT('',(-0.8,-1.30140981823382,2.39029371685905));
#6054=CARTESIAN_POINT('',(0.,-1.77956219621534,2.24410786449768));
#6055=CARTESIAN_POINT('',(7.05577947074469E-16,-3.07476884813685,6.48053793341402));
#6056=CARTESIAN_POINT('',(-1.0842021724855E-15,-1.77956219621534,2.24410786449768));
#6057=CARTESIAN_POINT('',(-4.84078090573675E-16,-1.43099613848804,1.88563652198834));
#6058=CARTESIAN_POINT('',(-4.84078090573675E-16,-1.43099613848804,1.88563652198834));
#6059=CARTESIAN_POINT('',(-4.33680868994202E-16,-1.15214329230619,1.59885944798087));
#6060=CARTESIAN_POINT('',(-6.50521303491303E-16,-1.77956219621534,2.24410786449768));
#6061=CARTESIAN_POINT('',(-4.33680868994202E-16,-0.918887915848607,2.50724239874814));
#6062=CARTESIAN_POINT('',(0.,-0.91888791584861,2.50724239874815));
#6063=CARTESIAN_POINT('',(-0.8,-0.91888791584861,2.50724239874815));
#6064=CARTESIAN_POINT('',(-0.8,-0.918887915848607,2.50724239874814));
#6065=CARTESIAN_POINT('',(0.3,-1.51642766196488,1.38343358413095));
#6066=CARTESIAN_POINT('',(0.260730091830127,-1.51642766196488,1.38343358413095));
#6067=CARTESIAN_POINT('',(0.221475634692216,-1.50573338465922,1.3865090272832));
#6068=CARTESIAN_POINT('',(0.14891430588873,-1.46528126758666,1.40049333076195));
#6069=CARTESIAN_POINT('',(0.115635984007526,-1.43553907075591,1.4115144805043));
#6070=CARTESIAN_POINT('',(0.060099947280546,-1.3638428311159,1.44489508719633));
#6071=CARTESIAN_POINT('',(0.0378640834937219,-1.32197328832806,1.46739574563414));
#6072=CARTESIAN_POINT('',(0.00780819699950528,-1.23609617703814,1.52486241945778));
#6073=CARTESIAN_POINT('',(-1.70323543677078E-16,-1.19225184642894,1.55985917394546));
#6074=CARTESIAN_POINT('',(-1.34083085742473E-16,-1.15214329230619,1.59885944798087));
#6075=CARTESIAN_POINT('',(0.3,-1.63337634385397,1.76595548651616));
#6076=CARTESIAN_POINT('',(0.260730091830127,-1.63337634385397,1.76595548651616));
#6077=CARTESIAN_POINT('',(0.221475634692216,-1.62743507868416,1.76766406604519));
#6078=CARTESIAN_POINT('',(0.14891430588873,-1.60496168031052,1.77543312353338));
#6079=CARTESIAN_POINT('',(0.115635984007526,-1.58843823762677,1.78155598450136));
#6080=CARTESIAN_POINT('',(0.060099947280546,-1.54860699338232,1.80010076599693));
#6081=CARTESIAN_POINT('',(0.0378640834937218,-1.52534613627796,1.81260113179571));
#6082=CARTESIAN_POINT('',(0.00780819699950517,-1.47763663000578,1.84452706169773));
#6083=CARTESIAN_POINT('',(-2.50590199927076E-16,-1.45327866855623,1.86396970307978));
#6084=CARTESIAN_POINT('',(-2.30456612185629E-16,-1.43099613848804,1.88563652198834));
#6085=CARTESIAN_POINT('',(0.3,-1.63337634385397,1.76595548651616));
#6086=CARTESIAN_POINT('',(0.14292036732051,-1.63337634385397,1.76595548651616));
#6087=CARTESIAN_POINT('',(-3.47740998366328E-16,-1.52009194039862,1.79900261643084));
#6088=CARTESIAN_POINT('',(-2.67237656076575E-16,-1.43099613848804,1.88563652198834));
#6089=CARTESIAN_POINT('',(0.3,-1.51642766196488,1.38343358413095));
#6090=CARTESIAN_POINT('',(0.14292036732051,-1.51642766196488,1.38343358413095));
#6091=CARTESIAN_POINT('',(-2.78989101864029E-16,-1.31251573574525,1.44291841797736));
#6092=CARTESIAN_POINT('',(-1.34083085742473E-16,-1.1521432923062,1.59885944798087));
#6093=CARTESIAN_POINT('',(-0.8,-1.15214329230619,1.59885944798087));
#6094=CARTESIAN_POINT('',(-0.8,-1.19225184642894,1.55985917394546));
#6095=CARTESIAN_POINT('',(-0.807808196999505,-1.23609617703814,1.52486241945778));
#6096=CARTESIAN_POINT('',(-0.837864083493722,-1.32197328832806,1.46739574563414));
#6097=CARTESIAN_POINT('',(-0.860099947280546,-1.3638428311159,1.44489508719633));
#6098=CARTESIAN_POINT('',(-0.915635984007525,-1.43553907075591,1.4115144805043));
#6099=CARTESIAN_POINT('',(-0.94891430588873,-1.46528126758666,1.40049333076195));
#6100=CARTESIAN_POINT('',(-1.02147563469222,-1.50573338465922,1.3865090272832));
#6101=CARTESIAN_POINT('',(-1.06073009183013,-1.51642766196488,1.38343358413095));
#6102=CARTESIAN_POINT('',(-1.1,-1.51642766196488,1.38343358413095));
#6103=CARTESIAN_POINT('',(-0.8,-1.43099613848804,1.88563652198834));
#6104=CARTESIAN_POINT('',(-0.8,-1.45327866855623,1.86396970307978));
#6105=CARTESIAN_POINT('',(-0.807808196999505,-1.47763663000578,1.84452706169773));
#6106=CARTESIAN_POINT('',(-0.837864083493722,-1.52534613627796,1.81260113179571));
#6107=CARTESIAN_POINT('',(-0.860099947280546,-1.54860699338232,1.80010076599693));
#6108=CARTESIAN_POINT('',(-0.915635984007525,-1.58843823762677,1.78155598450136));
#6109=CARTESIAN_POINT('',(-0.94891430588873,-1.60496168031051,1.77543312353338));
#6110=CARTESIAN_POINT('',(-1.02147563469222,-1.62743507868416,1.76766406604519));
#6111=CARTESIAN_POINT('',(-1.06073009183013,-1.63337634385397,1.76595548651616));
#6112=CARTESIAN_POINT('',(-1.1,-1.63337634385397,1.76595548651616));
#6113=CARTESIAN_POINT('',(-0.8,-1.43099613848804,1.88563652198834));
#6114=CARTESIAN_POINT('',(-0.8,-1.52009194039862,1.79900261643084));
#6115=CARTESIAN_POINT('',(-0.94292036732051,-1.63337634385397,1.76595548651616));
#6116=CARTESIAN_POINT('',(-1.1,-1.63337634385397,1.76595548651616));
#6117=CARTESIAN_POINT('',(-0.8,-1.15214329230619,1.59885944798087));
#6118=CARTESIAN_POINT('',(-0.8,-1.31251573574525,1.44291841797737));
#6119=CARTESIAN_POINT('',(-0.94292036732051,-1.51642766196488,1.38343358413095));
#6120=CARTESIAN_POINT('',(-1.1,-1.51642766196488,1.38343358413095));
#6121=CARTESIAN_POINT('',(-1.1,-1.77956219621534,2.24410786449768));
#6122=CARTESIAN_POINT('',(-1.1,-1.77956219621534,2.24410786449768));
#6123=CARTESIAN_POINT('',(-0.199999999999999,-2.78665807822531,7.24832187715127));
#6124=CARTESIAN_POINT('',(-0.799999999999999,-2.59661647015557,6.62672378577529));
#6125=CARTESIAN_POINT('',(-0.25,-1.05430985015213,-0.503655343319202));
#6126=CARTESIAN_POINT('',(1.3,1.4,2.675));
#6127=CARTESIAN_POINT('',(1.3,1.4,2.675));
#6128=CARTESIAN_POINT('',(0.958839764740307,1.4,2.675));
#6129=CARTESIAN_POINT('',(-1.3,1.4,2.675));
#6130=CARTESIAN_POINT('',(0.958839764740308,1.4,2.675));
#6131=CARTESIAN_POINT('',(0.958839764740308,1.4,2.025));
#6132=CARTESIAN_POINT('',(1.43646409410388,1.4,2.025));
#6133=CARTESIAN_POINT('',(1.3,1.4,1.68958980337503));
#6134=CARTESIAN_POINT('',(1.3,1.4,2.675));
#6135=CARTESIAN_POINT('',(1.3,1.4,-2.675));
#6136=CARTESIAN_POINT('',(1.3,1.4,-2.675));
#6137=CARTESIAN_POINT('',(0.0999999999999998,1.4,-2.675));
#6138=CARTESIAN_POINT('',(0.0999999999999998,1.4,-2.675));
#6139=CARTESIAN_POINT('',(0.0999999999999998,1.4,-0.125));
#6140=CARTESIAN_POINT('',(0.0999999999999998,1.4,-0.125));
#6141=CARTESIAN_POINT('',(-1.3,1.4,-0.125));
#6142=CARTESIAN_POINT('',(-1.3,1.4,2.675));
#6143=CARTESIAN_POINT('',(-1.3,0.,0.));
#6144=CARTESIAN_POINT('',(-1.3,-0.25,1.525));
#6145=CARTESIAN_POINT('',(-1.3,-1.4,1.525));
#6146=CARTESIAN_POINT('',(-1.3,-1.38778311519455,1.6921812871651));
#6147=CARTESIAN_POINT('',(-1.3,-1.54696133211187,2.025));
#6148=CARTESIAN_POINT('',(-1.3,-1.03259666972033,2.025));
#6149=CARTESIAN_POINT('',(-1.3,-1.03259666972033,0.));
#6150=CARTESIAN_POINT('',(-1.3,-1.03259666972033,2.36764016789057));
#6151=CARTESIAN_POINT('',(-1.3,-0.25,1.525));
#6152=CARTESIAN_POINT('',(-1.3,-0.25,2.675));
#6153=CARTESIAN_POINT('',(-1.3,-1.4,2.675));
#6154=CARTESIAN_POINT('',(-1.3,1.4,-0.125));
#6155=CARTESIAN_POINT('',(-1.3,-0.6,-0.925));
#6156=CARTESIAN_POINT('',(-1.3,-0.6,-3.125));
#6157=CARTESIAN_POINT('',(-1.3,-0.6,1.525));
#6158=CARTESIAN_POINT('',(-1.3,-0.6,1.525));
#6159=CARTESIAN_POINT('',(1.3,-1.4,2.675));
#6160=CARTESIAN_POINT('',(1.3,-0.25,2.675));
#6161=CARTESIAN_POINT('',(-0.57330309240255,-0.25,2.675));
#6162=CARTESIAN_POINT('',(-1.66052335138289,-1.42085258659422,2.675));
#6163=CARTESIAN_POINT('',(1.3,-1.4,2.675));
#6164=CARTESIAN_POINT('',(1.3,-1.4,2.675));
#6165=CARTESIAN_POINT('',(1.3,-0.25,2.675));
#6166=CARTESIAN_POINT('',(1.3,1.03259666972033,2.675));
#6167=CARTESIAN_POINT('',(1.66052335138289,1.42085258659422,2.675));
#6168=CARTESIAN_POINT('',(0.109017378116835,-0.25,2.675));
#6169=CARTESIAN_POINT('',(1.3,-0.25,2.675));
#6170=CARTESIAN_POINT('',(1.3,0.,0.));
#6171=CARTESIAN_POINT('',(1.3,1.03259666972033,0.));
#6172=CARTESIAN_POINT('',(1.3,1.03259666972033,1.9622281323269));
#6173=CARTESIAN_POINT('',(1.3,-0.25,1.525));
#6174=CARTESIAN_POINT('',(1.3,-1.4,1.525));
#6175=CARTESIAN_POINT('',(1.3,-0.6,1.525));
#6176=CARTESIAN_POINT('',(1.3,-0.6,1.525));
#6177=CARTESIAN_POINT('',(1.3,-0.6,-3.125));
#6178=CARTESIAN_POINT('',(1.3,-0.6,-3.125));
#6179=CARTESIAN_POINT('',(1.3,-0.975,-3.125));
#6180=CARTESIAN_POINT('',(1.3,-0.975,-3.125));
#6181=CARTESIAN_POINT('',(1.3,-0.975,-4.675));
#6182=CARTESIAN_POINT('',(1.3,-0.975,-4.675));
#6183=CARTESIAN_POINT('',(1.3,1.96086901652264,-3.525));
#6184=CARTESIAN_POINT('',(1.3,1.96086901652264,-3.525));
#6185=CARTESIAN_POINT('',(1.3,1.775,-2.675));
#6186=CARTESIAN_POINT('',(1.3,1.775,-2.675));
#6187=CARTESIAN_POINT('',(1.3,1.4,-2.675));
#6188=CARTESIAN_POINT('',(1.3,1.25303866788813,2.025));
#6189=CARTESIAN_POINT('',(1.3,1.25303866788813,1.675));
#6190=CARTESIAN_POINT('',(1.3,1.54696133211187,1.9622281323269));
#6191=CARTESIAN_POINT('',(1.3,-0.25,1.525));
#6192=CARTESIAN_POINT('',(-0.573303092402549,-0.25,1.525));
#6193=CARTESIAN_POINT('',(1.3,-0.25,1.525));
#6194=CARTESIAN_POINT('',(0.109017378116835,-0.25,1.525));
#6195=CARTESIAN_POINT('',(-0.878648995599786,-1.31364071015636,1.9622281323269));
#6196=CARTESIAN_POINT('',(-0.878648995599786,-1.31364071015636,1.9622281323269));
#6197=CARTESIAN_POINT('',(-0.925337057355066,-1.36392016127743,1.83991379081353));
#6198=CARTESIAN_POINT('',(-1.02856066317169,-1.38222290034829,1.73544848858939));
#6199=CARTESIAN_POINT('',(-1.15441308634532,-1.39017542509914,1.675));
#6200=CARTESIAN_POINT('',(-1.15441308634532,-1.39017542509914,1.675));
#6201=CARTESIAN_POINT('',(-1.15441308634532,-1.39017542509914,1.675));
#6202=CARTESIAN_POINT('',(-1.20363103838784,-1.39017542509914,1.675));
#6203=CARTESIAN_POINT('',(-1.25220100274714,-1.38951439678192,1.68039873068913));
#6204=CARTESIAN_POINT('',(-1.3,-1.38778311519455,1.6921812871651));
#6205=CARTESIAN_POINT('',(1.3,-1.4,1.525));
#6206=CARTESIAN_POINT('',(1.3,-0.6,-3.125));
#6207=CARTESIAN_POINT('',(0.0999999999999998,-0.6,-0.925000000000001));
#6208=CARTESIAN_POINT('',(0.0999999999999998,-0.6,-0.925000000000001));
#6209=CARTESIAN_POINT('',(0.0999999999999998,-0.6,-0.925000000000001));
#6210=CARTESIAN_POINT('',(0.0999999999999998,-0.6,-3.125));
#6211=CARTESIAN_POINT('',(1.3,-0.6,-3.125));
#6212=CARTESIAN_POINT('',(1.3,-0.6,1.525));
#6213=CARTESIAN_POINT('',(1.3,1.4,-2.675));
#6214=CARTESIAN_POINT('',(0.0999999999999998,1.775,-2.675));
#6215=CARTESIAN_POINT('',(0.0999999999999998,1.775,-2.675));
#6216=CARTESIAN_POINT('',(1.3,1.775,-2.675));
#6217=CARTESIAN_POINT('',(1.3,1.775,-2.675));
#6218=CARTESIAN_POINT('',(0.0999999999999998,1.96086901652264,-3.525));
#6219=CARTESIAN_POINT('',(0.0999999999999998,1.96086901652264,-3.525));
#6220=CARTESIAN_POINT('',(1.3,1.96086901652264,-3.525));
#6221=CARTESIAN_POINT('',(1.3,1.96086901652264,-3.525));
#6222=CARTESIAN_POINT('',(0.0999999999999998,-0.975,-4.675));
#6223=CARTESIAN_POINT('',(0.0999999999999998,-0.975,-4.675));
#6224=CARTESIAN_POINT('',(1.3,-0.975,-4.675));
#6225=CARTESIAN_POINT('',(1.3,-0.975,-4.675));
#6226=CARTESIAN_POINT('',(0.0999999999999998,-0.975,-3.125));
#6227=CARTESIAN_POINT('',(0.0999999999999998,-0.975,-3.125));
#6228=CARTESIAN_POINT('',(1.3,-0.975,-3.125));
#6229=CARTESIAN_POINT('',(1.3,-0.975,-3.125));
#6230=CARTESIAN_POINT('',(0.0999999999999998,-0.6,-3.125));
#6231=CARTESIAN_POINT('',(1.3,-0.6,1.525));
#6232=CARTESIAN_POINT('',(0.0999999999999998,1.4,-0.125));
#6233=CARTESIAN_POINT('',(0.0999999999999998,1.4,-0.125));
#6234=CARTESIAN_POINT('',(0.0999999999999998,0.,0.));
#6235=CARTESIAN_POINT('',(1.66052335138289,1.42085258659422,1.675));
#6236=CARTESIAN_POINT('',(-0.949716945189507,-1.39017542509914,1.9622281323269));
#6237=CARTESIAN_POINT('',(-1.66052335138289,-1.42085258659422,1.675));
#6238=CARTESIAN_POINT('',(-1.66052335138289,-1.42085258659422,2.025));
#6239=CARTESIAN_POINT('',(-1.40404562931369,-1.65901047137277,2.025));
#6240=CARTESIAN_POINT('',(0.0732793491626301,-0.068045109936728,1.675));
#6241=CARTESIAN_POINT('',(-0.07327934916263,0.0680451099367279,1.9622281323269));
#6242=CARTESIAN_POINT('',(-0.25,2.6,5.375));
#6243=CARTESIAN_POINT('',(0.,0.,0.));
#6244=CARTESIAN_POINT('',(0.,0.,0.));
#6245=CARTESIAN_POINT('',(1.3,3.32890949401833,3.28419455034121));
#6246=CARTESIAN_POINT('',(1.3,3.44585817590742,2.901672647956));
#6247=CARTESIAN_POINT('',(1.3,3.44585817590742,2.901672647956));
#6248=CARTESIAN_POINT('',(0.3,3.44585817590742,2.901672647956));
#6249=CARTESIAN_POINT('',(0.3,3.44585817590742,2.901672647956));
#6250=CARTESIAN_POINT('',(0.3,3.32890949401833,3.28419455034122));
#6251=CARTESIAN_POINT('',(1.3,3.32890949401833,3.28419455034121));
#6252=CARTESIAN_POINT('',(1.3,3.32890949401833,3.28419455034121));
#6253=CARTESIAN_POINT('',(1.3,3.32890949401833,3.28419455034121));
#6254=CARTESIAN_POINT('',(1.3,3.32890949401833,3.28419455034121));
#6255=CARTESIAN_POINT('',(1.3,3.32890949401833,3.28419455034121));
#6256=CARTESIAN_POINT('',(-1.1,3.32890949401833,3.28419455034121));
#6257=CARTESIAN_POINT('',(-1.3,3.32890949401833,3.28419455034121));
#6258=CARTESIAN_POINT('',(-1.1,3.44585817590742,2.901672647956));
#6259=CARTESIAN_POINT('',(-1.1,3.44585817590742,2.901672647956));
#6260=CARTESIAN_POINT('',(1.3,3.44585817590742,2.901672647956));
#6261=CARTESIAN_POINT('',(-1.3,3.44585817590742,2.901672647956));
#6262=CARTESIAN_POINT('',(-1.3,3.32890949401833,3.28419455034121));
#6263=CARTESIAN_POINT('',(1.3,-2.83,-1.34));
#6264=CARTESIAN_POINT('',(1.3,-2.83,4.58030468008258E-16));
#6265=CARTESIAN_POINT('',(1.3,-3.22177808432847,1.28144837299047));
#6266=CARTESIAN_POINT('',(1.3,-2.83,-1.34));
#6267=CARTESIAN_POINT('',(1.3,-2.83,-1.34));
#6268=CARTESIAN_POINT('',(1.3,2.83,-1.34));
#6269=CARTESIAN_POINT('',(1.3,2.83,-1.34));
#6270=CARTESIAN_POINT('',(1.3,2.83,-0.94));
#6271=CARTESIAN_POINT('',(1.3,-2.83,-0.94));
#6272=CARTESIAN_POINT('',(1.3,-2.83,-0.94));
#6273=CARTESIAN_POINT('',(1.3,-2.83,4.58030468008258E-16));
#6274=CARTESIAN_POINT('',(1.3,-3.10482940243937,0.898926470605254));
#6275=CARTESIAN_POINT('',(1.3,3.44585817590742,2.901672647956));
#6276=CARTESIAN_POINT('',(1.3,3.32890949401833,3.28419455034121));
#6277=CARTESIAN_POINT('',(1.3,2.83,-1.34));
#6278=CARTESIAN_POINT('',(1.3,2.83,-1.34));
#6279=CARTESIAN_POINT('',(-1.3,2.83,-1.34));
#6280=CARTESIAN_POINT('',(-1.3,2.83,-1.34));
#6281=CARTESIAN_POINT('',(-1.3,2.83,-0.94));
#6282=CARTESIAN_POINT('',(1.3,2.83,-0.94));
#6283=CARTESIAN_POINT('',(-1.3,3.32890949401833,3.28419455034121));
#6284=CARTESIAN_POINT('',(-1.3,3.44585817590742,2.901672647956));
#6285=CARTESIAN_POINT('',(-1.3,-3.10482940243938,0.898926470605254));
#6286=CARTESIAN_POINT('',(-1.3,-2.83,4.58030468008258E-16));
#6287=CARTESIAN_POINT('',(-1.3,-2.83,-0.94));
#6288=CARTESIAN_POINT('',(-1.3,-2.83,-0.94));
#6289=CARTESIAN_POINT('',(-1.3,-2.83,-1.34));
#6290=CARTESIAN_POINT('',(-1.3,-2.83,-1.34));
#6291=CARTESIAN_POINT('',(-1.3,-2.83,4.58030468008258E-16));
#6292=CARTESIAN_POINT('',(-1.3,-3.22177808432847,1.28144837299047));
#6293=CARTESIAN_POINT('',(-1.3,3.32890949401833,3.28419455034121));
#6294=CARTESIAN_POINT('',(1.3,3.44585817590742,2.901672647956));
#6295=CARTESIAN_POINT('',(0.3,3.44585817590742,2.901672647956));
#6296=CARTESIAN_POINT('',(1.3,-3.10482940243938,0.898926470605254));
#6297=CARTESIAN_POINT('',(1.3,-2.83,4.58030468008258E-16));
#6298=CARTESIAN_POINT('',(1.3,-2.83,-0.94));
#6299=CARTESIAN_POINT('',(1.3,-2.83,-0.94));
#6300=CARTESIAN_POINT('',(1.3,3.32890949401833,3.28419455034121));
#6301=CARTESIAN_POINT('',(1.3,-3.22177808432847,1.28144837299047));
#6302=CARTESIAN_POINT('',(-1.1,3.32890949401833,3.28419455034122));
#6303=CARTESIAN_POINT('',(1.3,-2.83,4.58030468008258E-16));
#6304=CARTESIAN_POINT('',(1.3,-2.83,-1.34));
#6305=CARTESIAN_POINT('',(1.3,-2.83,-1.34));
#6306=CARTESIAN_POINT('',(-5.42101086242752E-17,2.13389869677121,5.48274693571712));
#6307=CARTESIAN_POINT('',(-0.8,2.13389869677121,5.48274693571712));
#6308=CARTESIAN_POINT('',(-0.8,3.47272535511946,5.89206732232895));
#6309=CARTESIAN_POINT('',(-0.8,2.93922811935976,6.62793011805661));
#6310=CARTESIAN_POINT('',(-5.42101086242752E-17,2.93922811935976,6.62793011805661));
#6311=CARTESIAN_POINT('',(-5.42101086242752E-17,2.93922811935976,6.62793011805661));
#6312=CARTESIAN_POINT('',(-5.42101086242752E-17,2.13389869677121,5.48274693571712));
#6313=CARTESIAN_POINT('',(-5.42101086242752E-17,3.47272535511946,5.89206732232895));
#6314=CARTESIAN_POINT('',(-5.42101086242752E-17,3.47272535511946,5.89206732232895));
#6315=CARTESIAN_POINT('',(-5.42101086242752E-17,3.28436930046913,7.11872291048782));
#6316=CARTESIAN_POINT('',(-0.8,3.28436930046913,7.11872291048782));
#6317=CARTESIAN_POINT('',(-0.8,2.70913399862017,6.30073492310247));
#6318=CARTESIAN_POINT('',(-0.8,2.3500645445061,7.47519818730917));
#6319=CARTESIAN_POINT('',(-5.42101086242752E-17,2.70913399862017,6.30073492310247));
#6320=CARTESIAN_POINT('',(-5.42101086242752E-17,2.70913399862017,6.30073492310247));
#6321=CARTESIAN_POINT('',(-5.42101086242752E-17,3.28436930046913,7.11872291048782));
#6322=CARTESIAN_POINT('',(-5.42101086242752E-17,2.3500645445061,7.47519818730917));
#6323=CARTESIAN_POINT('',(-5.42101086242752E-17,2.3500645445061,7.47519818730917));
#6324=CARTESIAN_POINT('',(-5.42101086242752E-17,1.41575978854306,7.83167346413051));
#6325=CARTESIAN_POINT('',(-0.8,1.41575978854306,7.83167346413051));
#6326=CARTESIAN_POINT('',(-0.8,2.3720645445061,8.12404516885324));
#6327=CARTESIAN_POINT('',(-5.42101086242752E-17,1.41575978854306,7.83167346413051));
#6328=CARTESIAN_POINT('',(-5.42101086242752E-17,2.3720645445061,8.12404516885324));
#6329=CARTESIAN_POINT('',(-5.42101086242752E-17,2.3720645445061,8.12404516885324));
#6330=CARTESIAN_POINT('',(-5.42101086242752E-17,2.3720645445061,8.12404516885324));
#6331=CARTESIAN_POINT('',(-5.42101086242752E-17,2.17562775964698,8.76656094097632));
#6332=CARTESIAN_POINT('',(-0.2,2.17562775964698,8.76656094097632));
#6333=CARTESIAN_POINT('',(-0.6,2.17562775964698,8.76656094097632));
#6334=CARTESIAN_POINT('',(-0.736959022749988,2.30576732426234,8.34089360528576));
#6335=CARTESIAN_POINT('',(-0.8,2.36566936771675,8.14496284960035));
#6336=CARTESIAN_POINT('',(-0.8,2.3720645445061,8.12404516885324));
#6337=CARTESIAN_POINT('',(-5.42101086242752E-17,2.3720645445061,8.12404516885324));
#6338=CARTESIAN_POINT('',(-5.42101086242752E-17,2.36566936771675,8.14496284960035));
#6339=CARTESIAN_POINT('',(0.0061482119391775,2.37151144813513,8.12585426556651));
#6340=CARTESIAN_POINT('',(-5.42101086242752E-17,2.17562775964698,8.76656094097632));
#6341=CARTESIAN_POINT('',(-5.42101086242752E-17,2.55814966203219,8.88350962286541));
#6342=CARTESIAN_POINT('',(-0.2,2.55814966203219,8.88350962286541));
#6343=CARTESIAN_POINT('',(-0.6,2.55814966203219,8.88350962286541));
#6344=CARTESIAN_POINT('',(-0.6,2.17562775964698,8.76656094097632));
#6345=CARTESIAN_POINT('',(-0.2,2.17562775964698,8.76656094097632));
#6346=CARTESIAN_POINT('',(-5.42101086242752E-17,2.75458644689131,8.24099385074234));
#6347=CARTESIAN_POINT('',(-0.8,2.75458644689131,8.24099385074234));
#6348=CARTESIAN_POINT('',(-0.8,2.75458644689131,8.24099385074234));
#6349=CARTESIAN_POINT('',(-0.8,2.74819127010197,8.26191153148944));
#6350=CARTESIAN_POINT('',(-0.6,2.55814966203219,8.88350962286541));
#6351=CARTESIAN_POINT('',(-6.53123388705268E-17,2.74819127010197,8.26191153148944));
#6352=CARTESIAN_POINT('',(-5.42101086242752E-17,2.74819127010197,8.26191153148944));
#6353=CARTESIAN_POINT('',(-5.42101086242752E-17,2.75458644689131,8.24099385074234));
#6354=CARTESIAN_POINT('',(-5.42101086242752E-17,2.75458644689131,8.24099385074234));
#6355=CARTESIAN_POINT('',(-5.42101086242752E-17,2.75458644689131,8.24099385074234));
#6356=CARTESIAN_POINT('',(-5.42101086242752E-17,1.41575978854306,7.83167346413051));
#6357=CARTESIAN_POINT('',(-0.8,1.41575978854306,7.83167346413051));
#6358=CARTESIAN_POINT('',(-0.8,2.72378644689131,7.33260807658063));
#6359=CARTESIAN_POINT('',(-5.42101086242752E-17,1.41575978854306,7.83167346413051));
#6360=CARTESIAN_POINT('',(-5.42101086242752E-17,2.72378644689131,7.33260807658063));
#6361=CARTESIAN_POINT('',(-5.42101086242752E-17,2.72378644689131,7.33260807658063));
#6362=CARTESIAN_POINT('',(-5.42101086242752E-17,3.28436930046913,7.11872291048782));
#6363=CARTESIAN_POINT('',(-0.8,3.28436930046913,7.11872291048782));
#6364=CARTESIAN_POINT('',(-5.42101086242752E-17,3.28436930046913,7.11872291048782));
#6365=CARTESIAN_POINT('',(-5.42101086242752E-17,2.13389869677121,5.48274693571712));
#6366=CARTESIAN_POINT('',(-0.8,2.13389869677121,5.48274693571712));
#6367=CARTESIAN_POINT('',(-0.8,3.09020345273425,5.77511864043986));
#6368=CARTESIAN_POINT('',(-5.42101086242752E-17,3.09020345273425,5.77511864043986));
#6369=CARTESIAN_POINT('',(-5.42101086242752E-17,3.09020345273425,5.77511864043986));
#6370=CARTESIAN_POINT('',(-5.42101086242752E-17,2.13389869677121,5.48274693571712));
#6371=CARTESIAN_POINT('',(-5.42101086242752E-17,3.66087601963847,3.9085327806841));
#6372=CARTESIAN_POINT('',(-0.8,3.66087601963847,3.9085327806841));
#6373=CARTESIAN_POINT('',(-0.8,3.66087601963848,3.9085327806841));
#6374=CARTESIAN_POINT('',(-5.42101086242752E-17,3.66087601963848,3.9085327806841));
#6375=CARTESIAN_POINT('',(6.8722192500909E-17,3.66087601963848,3.9085327806841));
#6376=CARTESIAN_POINT('',(-5.42101086242752E-17,3.66087601963847,3.9085327806841));
#6377=CARTESIAN_POINT('',(-5.42101086242752E-17,2.3720645445061,8.12404516885324));
#6378=CARTESIAN_POINT('',(-5.42101086242752E-17,2.36566936771675,8.14496284960035));
#6379=CARTESIAN_POINT('',(2.16840434497101E-16,3.18272364165696,3.76234692832273));
#6380=CARTESIAN_POINT('',(1.4914195478936E-16,3.53128969938426,3.4038755858134));
#6381=CARTESIAN_POINT('',(1.4914195478936E-16,3.53128969938426,3.4038755858134));
#6382=CARTESIAN_POINT('',(0.,3.8101425455661,3.11709851180593));
#6383=CARTESIAN_POINT('',(2.16840434497101E-16,3.18272364165696,3.76234692832273));
#6384=CARTESIAN_POINT('',(4.91213909602303E-18,4.04339792202369,4.02548146257319));
#6385=CARTESIAN_POINT('',(-5.42101086242752E-17,4.04339792202369,4.0254814625732));
#6386=CARTESIAN_POINT('',(-5.42101086242752E-17,4.04339792202369,4.0254814625732));
#6387=CARTESIAN_POINT('',(-0.8,4.04339792202369,4.0254814625732));
#6388=CARTESIAN_POINT('',(-0.8,4.04339792202369,4.02548146257319));
#6389=CARTESIAN_POINT('',(-5.42101086242752E-17,4.04339792202369,4.02548146257319));
#6390=CARTESIAN_POINT('',(-0.8,3.18272364165696,3.76234692832273));
#6391=CARTESIAN_POINT('',(-0.8,1.88751698973525,7.99877699723899));
#6392=CARTESIAN_POINT('',(-0.8,3.18272364165696,3.76234692832273));
#6393=CARTESIAN_POINT('',(-0.8,3.8101425455661,3.11709851180593));
#6394=CARTESIAN_POINT('',(-0.8,3.8101425455661,3.11709851180593));
#6395=CARTESIAN_POINT('',(-0.8,3.53128969938426,3.4038755858134));
#6396=CARTESIAN_POINT('',(-0.8,3.18272364165696,3.76234692832273));
#6397=CARTESIAN_POINT('',(0.3,3.44585817590742,2.901672647956));
#6398=CARTESIAN_POINT('',(0.260730091830128,3.44585817590742,2.901672647956));
#6399=CARTESIAN_POINT('',(0.221475634692216,3.45655245321307,2.90474809110826));
#6400=CARTESIAN_POINT('',(0.14891430588873,3.49700457028564,2.918732394587));
#6401=CARTESIAN_POINT('',(0.115635984007524,3.52674676711638,2.92975354432936));
#6402=CARTESIAN_POINT('',(0.0600999472805458,3.5984430067564,2.96313415102139));
#6403=CARTESIAN_POINT('',(0.0378640834937217,3.64031254954424,2.98563480945919));
#6404=CARTESIAN_POINT('',(0.0078081969995054,3.72618966083416,3.04310148328283));
#6405=CARTESIAN_POINT('',(-1.07116957377469E-16,3.77003399144336,3.07809823777051));
#6406=CARTESIAN_POINT('',(-1.21857263473934E-16,3.8101425455661,3.11709851180593));
#6407=CARTESIAN_POINT('',(0.3,3.32890949401833,3.28419455034122));
#6408=CARTESIAN_POINT('',(0.260730091830128,3.32890949401833,3.28419455034122));
#6409=CARTESIAN_POINT('',(0.221475634692216,3.33485075918813,3.28590312987025));
#6410=CARTESIAN_POINT('',(0.14891430588873,3.35732415756178,3.29367218735844));
#6411=CARTESIAN_POINT('',(0.115635984007524,3.37384760024553,3.29979504832641));
#6412=CARTESIAN_POINT('',(0.0600999472805458,3.41367884448998,3.31833982982198));
#6413=CARTESIAN_POINT('',(0.0378640834937217,3.43693970159434,3.33084019562077));
#6414=CARTESIAN_POINT('',(0.0078081969995055,3.48464920786651,3.36276612552279));
#6415=CARTESIAN_POINT('',(-1.7294678088297E-17,3.50900716931607,3.38220876690483));
#6416=CARTESIAN_POINT('',(-2.54837370307783E-17,3.53128969938426,3.4038755858134));
#6417=CARTESIAN_POINT('',(0.3,3.32890949401833,3.28419455034122));
#6418=CARTESIAN_POINT('',(0.14292036732051,3.32890949401833,3.28419455034122));
#6419=CARTESIAN_POINT('',(-3.49548562888312E-17,3.44219389747368,3.31724168025589));
#6420=CARTESIAN_POINT('',(-6.76984797077412E-17,3.53128969938426,3.4038755858134));
#6421=CARTESIAN_POINT('',(0.3,3.44585817590742,2.901672647956));
#6422=CARTESIAN_POINT('',(0.14292036732051,3.44585817590742,2.901672647956));
#6423=CARTESIAN_POINT('',(-6.29187413198962E-17,3.64977010212705,2.96115748180242));
#6424=CARTESIAN_POINT('',(-1.21857263473934E-16,3.8101425455661,3.11709851180593));
#6425=CARTESIAN_POINT('',(-0.8,3.8101425455661,3.11709851180593));
#6426=CARTESIAN_POINT('',(-0.8,3.77003399144336,3.07809823777051));
#6427=CARTESIAN_POINT('',(-0.807808196999506,3.72618966083416,3.04310148328283));
#6428=CARTESIAN_POINT('',(-0.837864083493723,3.64031254954424,2.9856348094592));
#6429=CARTESIAN_POINT('',(-0.860099947280546,3.5984430067564,2.96313415102139));
#6430=CARTESIAN_POINT('',(-0.915635984007526,3.52674676711639,2.92975354432936));
#6431=CARTESIAN_POINT('',(-0.94891430588873,3.49700457028564,2.918732394587));
#6432=CARTESIAN_POINT('',(-1.02147563469222,3.45655245321307,2.90474809110826));
#6433=CARTESIAN_POINT('',(-1.06073009183013,3.44585817590742,2.901672647956));
#6434=CARTESIAN_POINT('',(-1.1,3.44585817590742,2.901672647956));
#6435=CARTESIAN_POINT('',(-0.8,3.53128969938426,3.4038755858134));
#6436=CARTESIAN_POINT('',(-0.8,3.50900716931607,3.38220876690483));
#6437=CARTESIAN_POINT('',(-0.807808196999506,3.48464920786652,3.36276612552279));
#6438=CARTESIAN_POINT('',(-0.837864083493723,3.43693970159434,3.33084019562077));
#6439=CARTESIAN_POINT('',(-0.860099947280546,3.41367884448998,3.31833982982199));
#6440=CARTESIAN_POINT('',(-0.915635984007526,3.37384760024553,3.29979504832641));
#6441=CARTESIAN_POINT('',(-0.94891430588873,3.35732415756178,3.29367218735844));
#6442=CARTESIAN_POINT('',(-1.02147563469222,3.33485075918813,3.28590312987025));
#6443=CARTESIAN_POINT('',(-1.06073009183013,3.32890949401833,3.28419455034122));
#6444=CARTESIAN_POINT('',(-1.1,3.32890949401833,3.28419455034122));
#6445=CARTESIAN_POINT('',(-0.8,3.53128969938426,3.4038755858134));
#6446=CARTESIAN_POINT('',(-0.8,3.44219389747367,3.31724168025589));
#6447=CARTESIAN_POINT('',(-0.942920367320511,3.32890949401833,3.28419455034122));
#6448=CARTESIAN_POINT('',(-1.1,3.32890949401833,3.28419455034122));
#6449=CARTESIAN_POINT('',(-0.8,3.8101425455661,3.11709851180593));
#6450=CARTESIAN_POINT('',(-0.8,3.64977010212705,2.96115748180242));
#6451=CARTESIAN_POINT('',(-0.942920367320511,3.44585817590742,2.901672647956));
#6452=CARTESIAN_POINT('',(-1.1,3.44585817590742,2.901672647956));
#6453=CARTESIAN_POINT('',(-1.1,3.18272364165696,3.76234692832273));
#6454=CARTESIAN_POINT('',(-1.1,3.18272364165696,3.76234692832273));
#6455=CARTESIAN_POINT('',(-0.6,2.17562775964698,8.76656094097632));
#6456=CARTESIAN_POINT('',(-5.42101086242752E-17,2.36566936771675,8.14496284960035));
#6457=CARTESIAN_POINT('',(-0.250000000000001,-1.04365754062461,-0.502588075634656));
#6458=CARTESIAN_POINT('',(-0.25,2.6,5.375));
#6459=CARTESIAN_POINT('',(-3.5,-1.05709711817337E-15,6.50521303491303E-16));
#6460=CARTESIAN_POINT('',(-0.75,0.,0.));
#6461=CARTESIAN_POINT('',(-0.75,1.5,6.75));
#6462=CARTESIAN_POINT('',(-0.75,1.18450105153069,6.75));
#6463=CARTESIAN_POINT('',(-0.75,-1.7,6.75));
#6464=CARTESIAN_POINT('',(-0.75,1.18450105153069,6.));
#6465=CARTESIAN_POINT('',(-0.75,1.72062657071955,6.5244706165978));
#6466=CARTESIAN_POINT('',(-0.75,6.,2.15));
#6467=CARTESIAN_POINT('',(-0.75,5.78612551918886,2.36862724705139));
#6468=CARTESIAN_POINT('',(-0.75,5.25,1.84415663045359));
#6469=CARTESIAN_POINT('',(-0.75,6.,1.84415663045359));
#6470=CARTESIAN_POINT('',(-0.75,6.,-4.75));
#6471=CARTESIAN_POINT('',(-0.75,6.,-4.75));
#6472=CARTESIAN_POINT('',(-0.75,5.2,-4.75));
#6473=CARTESIAN_POINT('',(-0.75,5.2,-4.75));
#6474=CARTESIAN_POINT('',(-0.75,5.2,-4.52));
#6475=CARTESIAN_POINT('',(-0.75,5.2,-4.52));
#6476=CARTESIAN_POINT('',(-0.75,-5.2,-4.52));
#6477=CARTESIAN_POINT('',(-0.75,-5.2,-4.52));
#6478=CARTESIAN_POINT('',(-0.75,-5.2,-4.75));
#6479=CARTESIAN_POINT('',(-0.75,-5.2,-4.75));
#6480=CARTESIAN_POINT('',(-0.75,-6.,-4.75));
#6481=CARTESIAN_POINT('',(-0.75,-6.,-4.75));
#6482=CARTESIAN_POINT('',(-0.75,-6.,-0.65));
#6483=CARTESIAN_POINT('',(-0.75,-6.,-0.65));
#6484=CARTESIAN_POINT('',(-0.75,-5.9,-0.65));
#6485=CARTESIAN_POINT('',(-0.75,-5.9,-0.65));
#6486=CARTESIAN_POINT('',(-0.75,-5.9,0.650000000000001));
#6487=CARTESIAN_POINT('',(-0.75,-5.9,0.650000000000001));
#6488=CARTESIAN_POINT('',(-0.75,-6.,0.650000000000001));
#6489=CARTESIAN_POINT('',(-0.75,-6.,0.650000000000001));
#6490=CARTESIAN_POINT('',(-0.75,-6.,4.05));
#6491=CARTESIAN_POINT('',(-0.75,-6.,4.05));
#6492=CARTESIAN_POINT('',(-0.75,-4.5,6.75));
#6493=CARTESIAN_POINT('',(-0.75,-4.71431544534223,6.36423219838397));
#6494=CARTESIAN_POINT('',(-0.75,-4.05869748825108,6.));
#6495=CARTESIAN_POINT('',(-0.75,-4.05869748825108,6.75));
#6496=CARTESIAN_POINT('',(-0.75,1.5,6.75));
#6497=CARTESIAN_POINT('',(-0.75,-3.1,6.75));
#6498=CARTESIAN_POINT('',(-0.75,-3.1,6.75));
#6499=CARTESIAN_POINT('',(-0.75,-3.1,5.15));
#6500=CARTESIAN_POINT('',(-0.75,-3.1,5.15));
#6501=CARTESIAN_POINT('',(-0.75,-1.7,5.15));
#6502=CARTESIAN_POINT('',(-0.75,-1.7,5.15));
#6503=CARTESIAN_POINT('',(-0.750000000000001,4.2,2.33));
#6504=CARTESIAN_POINT('',(-0.750000000000001,4.2,1.73));
#6505=CARTESIAN_POINT('',(-0.750000000000001,-4.7,0.949999999999999));
#6506=CARTESIAN_POINT('',(-0.750000000000001,-4.7,0.349999999999999));
#6507=CARTESIAN_POINT('',(-0.750000000000001,-4.6,3.65));
#6508=CARTESIAN_POINT('',(-0.750000000000001,-4.6,3.05));
#6509=CARTESIAN_POINT('',(-0.750000000000001,2.8,-1.37));
#6510=CARTESIAN_POINT('',(-0.750000000000001,2.8,-1.97));
#6511=CARTESIAN_POINT('',(-0.750000000000001,4.6,-3.37));
#6512=CARTESIAN_POINT('',(-0.750000000000001,4.6,-3.97));
#6513=CARTESIAN_POINT('',(-0.75,-1.7,0.5));
#6514=CARTESIAN_POINT('',(-0.75,-1.7,0.5));
#6515=CARTESIAN_POINT('',(-0.75,-1.7,4.));
#6516=CARTESIAN_POINT('',(-0.75,-1.7,4.));
#6517=CARTESIAN_POINT('',(-0.75,-3.1,4.));
#6518=CARTESIAN_POINT('',(-0.75,-3.1,4.));
#6519=CARTESIAN_POINT('',(-0.75,-3.1,0.5));
#6520=CARTESIAN_POINT('',(-0.75,-3.1,0.500000000000001));
#6521=CARTESIAN_POINT('',(-0.75,1.5,6.75));
#6522=CARTESIAN_POINT('',(0.75,1.5,6.75));
#6523=CARTESIAN_POINT('',(0.75,1.18450105153069,6.75));
#6524=CARTESIAN_POINT('',(0.75,-4.05869748825108,6.75));
#6525=CARTESIAN_POINT('',(-0.75,1.18450105153069,6.75));
#6526=CARTESIAN_POINT('',(-0.25,-1.7,6.75));
#6527=CARTESIAN_POINT('',(-0.25,-1.7,6.75));
#6528=CARTESIAN_POINT('',(-0.25,-1.7,6.75));
#6529=CARTESIAN_POINT('',(-0.25,-3.1,6.75));
#6530=CARTESIAN_POINT('',(-0.25,-3.1,6.75));
#6531=CARTESIAN_POINT('',(-0.75,-4.05869748825108,6.75));
#6532=CARTESIAN_POINT('',(0.75,0.,0.));
#6533=CARTESIAN_POINT('',(0.75,4.2,2.33));
#6534=CARTESIAN_POINT('',(0.75,4.8,2.33));
#6535=CARTESIAN_POINT('',(0.75,-4.7,0.949999999999999));
#6536=CARTESIAN_POINT('',(0.75,-4.1,0.949999999999999));
#6537=CARTESIAN_POINT('',(0.75,6.,2.15));
#6538=CARTESIAN_POINT('',(0.75,5.78612551918886,2.36862724705139));
#6539=CARTESIAN_POINT('',(0.75,1.72062657071955,6.5244706165978));
#6540=CARTESIAN_POINT('',(0.75,1.18450105153069,6.));
#6541=CARTESIAN_POINT('',(0.75,-4.05869748825108,6.));
#6542=CARTESIAN_POINT('',(0.75,-4.71431544534223,6.36423219838397));
#6543=CARTESIAN_POINT('',(0.75,-4.5,6.75));
#6544=CARTESIAN_POINT('',(0.75,-6.,4.05));
#6545=CARTESIAN_POINT('',(0.75,-6.,4.05));
#6546=CARTESIAN_POINT('',(0.75,-6.,0.650000000000001));
#6547=CARTESIAN_POINT('',(0.75,-6.,0.650000000000001));
#6548=CARTESIAN_POINT('',(0.75,-5.9,0.650000000000001));
#6549=CARTESIAN_POINT('',(0.75,-5.9,0.650000000000001));
#6550=CARTESIAN_POINT('',(0.75,-5.9,-0.65));
#6551=CARTESIAN_POINT('',(0.75,-5.9,-0.65));
#6552=CARTESIAN_POINT('',(0.75,-6.,-0.65));
#6553=CARTESIAN_POINT('',(0.75,-6.,-0.65));
#6554=CARTESIAN_POINT('',(0.75,-6.,-4.75));
#6555=CARTESIAN_POINT('',(0.75,-6.,-4.75));
#6556=CARTESIAN_POINT('',(0.75,-5.2,-4.75));
#6557=CARTESIAN_POINT('',(0.75,-5.2,-4.75));
#6558=CARTESIAN_POINT('',(0.75,-5.2,-4.52));
#6559=CARTESIAN_POINT('',(0.75,-5.2,-4.52));
#6560=CARTESIAN_POINT('',(0.75,5.2,-4.52));
#6561=CARTESIAN_POINT('',(0.75,5.2,-4.52));
#6562=CARTESIAN_POINT('',(0.75,5.2,-4.75));
#6563=CARTESIAN_POINT('',(0.75,5.2,-4.75));
#6564=CARTESIAN_POINT('',(0.75,6.,-4.75));
#6565=CARTESIAN_POINT('',(0.75,6.,-4.75));
#6566=CARTESIAN_POINT('',(0.75,6.,1.84415663045359));
#6567=CARTESIAN_POINT('',(0.75,5.25,1.84415663045359));
#6568=CARTESIAN_POINT('',(0.75,-4.6,3.65));
#6569=CARTESIAN_POINT('',(0.75,-4.,3.65));
#6570=CARTESIAN_POINT('',(0.75,2.8,-1.37));
#6571=CARTESIAN_POINT('',(0.75,3.4,-1.37));
#6572=CARTESIAN_POINT('',(0.75,4.6,-3.37));
#6573=CARTESIAN_POINT('',(0.75,5.2,-3.37));
#6574=CARTESIAN_POINT('',(-0.75,6.,2.15));
#6575=CARTESIAN_POINT('',(-0.75,1.72062657071955,6.5244706165978));
#6576=CARTESIAN_POINT('',(-0.75,5.78612551918886,2.36862724705139));
#6577=CARTESIAN_POINT('',(-0.75,-4.5,6.75));
#6578=CARTESIAN_POINT('',(-0.75,-4.71431544534223,6.36423219838397));
#6579=CARTESIAN_POINT('',(-0.75,-6.,4.05));
#6580=CARTESIAN_POINT('',(-0.75,-6.,4.05));
#6581=CARTESIAN_POINT('',(-0.75,-6.,0.650000000000001));
#6582=CARTESIAN_POINT('',(-0.75,-6.,0.650000000000001));
#6583=CARTESIAN_POINT('',(-0.75,-5.9,0.650000000000001));
#6584=CARTESIAN_POINT('',(-0.75,-5.9,0.650000000000001));
#6585=CARTESIAN_POINT('',(-0.75,-5.9,-0.65));
#6586=CARTESIAN_POINT('',(-0.75,-5.9,-0.65));
#6587=CARTESIAN_POINT('',(-0.75,-6.,-0.65));
#6588=CARTESIAN_POINT('',(-0.75,-6.,-0.65));
#6589=CARTESIAN_POINT('',(-0.75,-6.,-4.75));
#6590=CARTESIAN_POINT('',(-0.75,-6.,-4.75));
#6591=CARTESIAN_POINT('',(-0.75,-5.2,-4.75));
#6592=CARTESIAN_POINT('',(-0.75,-5.2,-4.75));
#6593=CARTESIAN_POINT('',(-0.75,-5.2,-4.52));
#6594=CARTESIAN_POINT('',(-0.75,-5.2,-4.52));
#6595=CARTESIAN_POINT('',(-0.75,5.2,-4.52));
#6596=CARTESIAN_POINT('',(-0.75,5.2,-4.52));
#6597=CARTESIAN_POINT('',(-0.75,5.2,-4.75));
#6598=CARTESIAN_POINT('',(-0.75,5.2,-4.75));
#6599=CARTESIAN_POINT('',(-0.75,6.,-4.75));
#6600=CARTESIAN_POINT('',(-0.75,6.,-4.75));
#6601=CARTESIAN_POINT('',(-0.75,6.,1.84415663045359));
#6602=CARTESIAN_POINT('',(-15.9383192682786,-4.6,3.65));
#6603=CARTESIAN_POINT('',(-15.9383192682786,-4.7,0.949999999999999));
#6604=CARTESIAN_POINT('',(-15.9383192682786,2.8,-1.37));
#6605=CARTESIAN_POINT('',(-15.9383192682786,4.2,2.33));
#6606=CARTESIAN_POINT('',(-15.9383192682786,4.6,-3.37));
#6607=CARTESIAN_POINT('',(-0.25,-1.7,5.15));
#6608=CARTESIAN_POINT('',(-0.596153846153846,-1.7,5.38076923076923));
#6609=CARTESIAN_POINT('',(-0.25,-1.7,5.9));
#6610=CARTESIAN_POINT('',(-0.25,-1.7,5.15));
#6611=CARTESIAN_POINT('',(-0.25,-3.1,6.75));
#6612=CARTESIAN_POINT('',(-0.25,-3.1,6.75));
#6613=CARTESIAN_POINT('',(-0.25,-3.1,5.9));
#6614=CARTESIAN_POINT('',(0.142307692307692,-3.1,6.48846153846154));
#6615=CARTESIAN_POINT('',(-0.25,0.,0.));
#6616=CARTESIAN_POINT('',(-0.25,0.,5.9));
#6617=CARTESIAN_POINT('',(-0.25,-1.7,0.5));
#6618=CARTESIAN_POINT('',(-0.5,-1.7,0.75));
#6619=CARTESIAN_POINT('',(-0.25,-1.7,1.));
#6620=CARTESIAN_POINT('',(-0.25,-1.7,0.5));
#6621=CARTESIAN_POINT('',(-0.25,-1.7,4.));
#6622=CARTESIAN_POINT('',(-0.25,-1.7,4.));
#6623=CARTESIAN_POINT('',(-0.25,-1.7,4.));
#6624=CARTESIAN_POINT('',(-0.25,-1.7,4.));
#6625=CARTESIAN_POINT('',(-0.25,-3.1,4.));
#6626=CARTESIAN_POINT('',(-0.25,-3.1,4.));
#6627=CARTESIAN_POINT('',(-0.25,-3.1,4.));
#6628=CARTESIAN_POINT('',(-0.25,-3.1,4.));
#6629=CARTESIAN_POINT('',(-0.25,-3.1,1.));
#6630=CARTESIAN_POINT('',(1.25,-3.1,2.5));
#6631=CARTESIAN_POINT('',(-0.25,0.,0.));
#6632=CARTESIAN_POINT('',(-0.25,1.54886024640786E-16,1.));
#6633=CARTESIAN_POINT('',(-0.75,-3.1,5.15));
#6634=CARTESIAN_POINT('',(-0.75,-3.1,0.500000000000001));
#6635=CARTESIAN_POINT('',(-0.75,-4.05869748825108,6.));
#6636=CARTESIAN_POINT('',(-0.75,5.25,1.84415663045359));
#6637=CARTESIAN_POINT('',(-0.75,1.18450105153069,6.));
#6638=CARTESIAN_POINT('',(-6.,-3.25260651745651E-16,1.95156391047391E-15));
#6639=CARTESIAN_POINT('',(3.5,0.,0.));
#6640=CARTESIAN_POINT('',(10.5,0.,8.67361737988404E-16));
#6641=CARTESIAN_POINT('',(17.5,3.46944695195361E-15,0.));
#6642=CARTESIAN_POINT('',(14.,0.,0.));
#6643=CARTESIAN_POINT('',(7.,0.,4.33680868994202E-16));
#6644=MECHANICAL_DESIGN_GEOMETRIC_PRESENTATION_REPRESENTATION('',(#3911,
#3912,#3913,#3914,#3915),#6645);
#6645=(
GEOMETRIC_REPRESENTATION_CONTEXT(3)
GLOBAL_UNCERTAINTY_ASSIGNED_CONTEXT((#6653))
GLOBAL_UNIT_ASSIGNED_CONTEXT((#6663,#6662,#6661))
REPRESENTATION_CONTEXT('6914121200xxMB','TOP_LEVEL_ASSEMBLY_PART')
);
#6646=(
GEOMETRIC_REPRESENTATION_CONTEXT(3)
GLOBAL_UNCERTAINTY_ASSIGNED_CONTEXT((#6654))
GLOBAL_UNIT_ASSIGNED_CONTEXT((#6663,#6662,#6661))
REPRESENTATION_CONTEXT('6914121200xx_MODULE_COURT','COMPONENT_PART')
);
#6647=(
GEOMETRIC_REPRESENTATION_CONTEXT(3)
GLOBAL_UNCERTAINTY_ASSIGNED_CONTEXT((#6655))
GLOBAL_UNIT_ASSIGNED_CONTEXT((#6663,#6662,#6661))
REPRESENTATION_CONTEXT('6914121200xxB','COMPONENT_PART')
);
#6648=(
GEOMETRIC_REPRESENTATION_CONTEXT(3)
GLOBAL_UNCERTAINTY_ASSIGNED_CONTEXT((#6656))
GLOBAL_UNIT_ASSIGNED_CONTEXT((#6663,#6662,#6661))
REPRESENTATION_CONTEXT('6914121200xx','COMPONENT_PART')
);
#6649=(
GEOMETRIC_REPRESENTATION_CONTEXT(3)
GLOBAL_UNCERTAINTY_ASSIGNED_CONTEXT((#6657))
GLOBAL_UNIT_ASSIGNED_CONTEXT((#6663,#6662,#6661))
REPRESENTATION_CONTEXT('6914121200xx_levier','COMPONENT_PART')
);
#6650=(
GEOMETRIC_REPRESENTATION_CONTEXT(3)
GLOBAL_UNCERTAINTY_ASSIGNED_CONTEXT((#6658))
GLOBAL_UNIT_ASSIGNED_CONTEXT((#6663,#6662,#6661))
REPRESENTATION_CONTEXT('6914121200xx_MODULE_LONG','COMPONENT_PART')
);
#6651=(
GEOMETRIC_REPRESENTATION_CONTEXT(3)
GLOBAL_UNCERTAINTY_ASSIGNED_CONTEXT((#6659))
GLOBAL_UNIT_ASSIGNED_CONTEXT((#6663,#6662,#6661))
REPRESENTATION_CONTEXT('6914121200xx_LONG','COMPONENT_PART')
);
#6652=(
GEOMETRIC_REPRESENTATION_CONTEXT(3)
GLOBAL_UNCERTAINTY_ASSIGNED_CONTEXT((#6660))
GLOBAL_UNIT_ASSIGNED_CONTEXT((#6663,#6662,#6661))
REPRESENTATION_CONTEXT('6914121200xxB_CAPOT','COMPONENT_PART')
);
#6653=UNCERTAINTY_MEASURE_WITH_UNIT(LENGTH_MEASURE(0.005),#6663,
'DISTANCE_ACCURACY_VALUE','Maximum Tolerance applied to model');
#6654=UNCERTAINTY_MEASURE_WITH_UNIT(LENGTH_MEASURE(0.005),#6663,
'DISTANCE_ACCURACY_VALUE','Maximum Tolerance applied to model');
#6655=UNCERTAINTY_MEASURE_WITH_UNIT(LENGTH_MEASURE(0.005),#6663,
'DISTANCE_ACCURACY_VALUE','Maximum Tolerance applied to model');
#6656=UNCERTAINTY_MEASURE_WITH_UNIT(LENGTH_MEASURE(0.005),#6663,
'DISTANCE_ACCURACY_VALUE','Maximum Tolerance applied to model');
#6657=UNCERTAINTY_MEASURE_WITH_UNIT(LENGTH_MEASURE(0.005),#6663,
'DISTANCE_ACCURACY_VALUE','Maximum Tolerance applied to model');
#6658=UNCERTAINTY_MEASURE_WITH_UNIT(LENGTH_MEASURE(0.005),#6663,
'DISTANCE_ACCURACY_VALUE','Maximum Tolerance applied to model');
#6659=UNCERTAINTY_MEASURE_WITH_UNIT(LENGTH_MEASURE(0.005),#6663,
'DISTANCE_ACCURACY_VALUE','Maximum Tolerance applied to model');
#6660=UNCERTAINTY_MEASURE_WITH_UNIT(LENGTH_MEASURE(0.005),#6663,
'DISTANCE_ACCURACY_VALUE','Maximum Tolerance applied to model');
#6661=(
NAMED_UNIT(*)
SI_UNIT($,.STERADIAN.)
SOLID_ANGLE_UNIT()
);
#6662=(
NAMED_UNIT(*)
PLANE_ANGLE_UNIT()
SI_UNIT($,.RADIAN.)
);
#6663=(
LENGTH_UNIT()
NAMED_UNIT(*)
SI_UNIT(.MILLI.,.METRE.)
);
#6664=PRODUCT_DEFINITION_SHAPE('','',#6686);
#6665=PRODUCT_DEFINITION_SHAPE('','',#6687);
#6666=PRODUCT_DEFINITION_SHAPE('','',#6688);
#6667=PRODUCT_DEFINITION_SHAPE(' ','NAUO PRDDFN',#36);
#6668=PRODUCT_DEFINITION_SHAPE('','',#6689);
#6669=PRODUCT_DEFINITION_SHAPE(' ','NAUO PRDDFN',#37);
#6670=PRODUCT_DEFINITION_SHAPE('','',#6690);
#6671=PRODUCT_DEFINITION_SHAPE(' ','NAUO PRDDFN',#38);
#6672=PRODUCT_DEFINITION_SHAPE(' ','NAUO PRDDFN',#39);
#6673=PRODUCT_DEFINITION_SHAPE('','',#6691);
#6674=PRODUCT_DEFINITION_SHAPE(' ','NAUO PRDDFN',#40);
#6675=PRODUCT_DEFINITION_SHAPE('','',#6692);
#6676=PRODUCT_DEFINITION_SHAPE(' ','NAUO PRDDFN',#41);
#6677=PRODUCT_DEFINITION_SHAPE(' ','NAUO PRDDFN',#42);
#6678=PRODUCT_DEFINITION_SHAPE(' ','NAUO PRDDFN',#43);
#6679=PRODUCT_DEFINITION_SHAPE('','',#6693);
#6680=PRODUCT_DEFINITION_SHAPE(' ','NAUO PRDDFN',#44);
#6681=PRODUCT_DEFINITION_SHAPE(' ','NAUO PRDDFN',#45);
#6682=PRODUCT_DEFINITION_SHAPE(' ','NAUO PRDDFN',#46);
#6683=PRODUCT_DEFINITION_SHAPE(' ','NAUO PRDDFN',#47);
#6684=PRODUCT_DEFINITION_SHAPE(' ','NAUO PRDDFN',#48);
#6685=PRODUCT_DEFINITION_SHAPE(' ','NAUO PRDDFN',#49);
#6686=PRODUCT_DEFINITION('','',#6702,#6694);
#6687=PRODUCT_DEFINITION('','',#6703,#6695);
#6688=PRODUCT_DEFINITION('','',#6704,#6696);
#6689=PRODUCT_DEFINITION('','',#6705,#6697);
#6690=PRODUCT_DEFINITION('','',#6706,#6698);
#6691=PRODUCT_DEFINITION('','',#6707,#6699);
#6692=PRODUCT_DEFINITION('','',#6708,#6700);
#6693=PRODUCT_DEFINITION('','',#6709,#6701);
#6694=PRODUCT_DEFINITION_CONTEXT('',#6743,'design');
#6695=PRODUCT_DEFINITION_CONTEXT('',#6743,'design');
#6696=PRODUCT_DEFINITION_CONTEXT('',#6743,'design');
#6697=PRODUCT_DEFINITION_CONTEXT('',#6743,'design');
#6698=PRODUCT_DEFINITION_CONTEXT('',#6743,'design');
#6699=PRODUCT_DEFINITION_CONTEXT('',#6743,'design');
#6700=PRODUCT_DEFINITION_CONTEXT('',#6743,'design');
#6701=PRODUCT_DEFINITION_CONTEXT('',#6743,'design');
#6702=PRODUCT_DEFINITION_FORMATION_WITH_SPECIFIED_SOURCE('','',#6718,
 .NOT_KNOWN.);
#6703=PRODUCT_DEFINITION_FORMATION_WITH_SPECIFIED_SOURCE('','',#6719,
 .NOT_KNOWN.);
#6704=PRODUCT_DEFINITION_FORMATION_WITH_SPECIFIED_SOURCE('','',#6720,
 .NOT_KNOWN.);
#6705=PRODUCT_DEFINITION_FORMATION_WITH_SPECIFIED_SOURCE('','',#6721,
 .NOT_KNOWN.);
#6706=PRODUCT_DEFINITION_FORMATION_WITH_SPECIFIED_SOURCE('','',#6722,
 .NOT_KNOWN.);
#6707=PRODUCT_DEFINITION_FORMATION_WITH_SPECIFIED_SOURCE('','',#6723,
 .NOT_KNOWN.);
#6708=PRODUCT_DEFINITION_FORMATION_WITH_SPECIFIED_SOURCE('','',#6724,
 .NOT_KNOWN.);
#6709=PRODUCT_DEFINITION_FORMATION_WITH_SPECIFIED_SOURCE('','',#6725,
 .NOT_KNOWN.);
#6710=PRODUCT_RELATED_PRODUCT_CATEGORY('','',(#6718));
#6711=PRODUCT_RELATED_PRODUCT_CATEGORY('','',(#6719));
#6712=PRODUCT_RELATED_PRODUCT_CATEGORY('','',(#6720));
#6713=PRODUCT_RELATED_PRODUCT_CATEGORY('','',(#6721));
#6714=PRODUCT_RELATED_PRODUCT_CATEGORY('','',(#6722));
#6715=PRODUCT_RELATED_PRODUCT_CATEGORY('','',(#6723));
#6716=PRODUCT_RELATED_PRODUCT_CATEGORY('','',(#6724));
#6717=PRODUCT_RELATED_PRODUCT_CATEGORY('','',(#6725));
#6718=PRODUCT('6914121200xxMB','6914121200xxMB','6914121200xxMB',(#6734));
#6719=PRODUCT('6914121200xx_MODULE_COURT','6914121200xx_MODULE_COURT',
'6914121200xx_MODULE_COURT',(#6735));
#6720=PRODUCT('6914121200xxB','6914121200xxB','6914121200xxB',(#6736));
#6721=PRODUCT('6914121200xx','6914121200xx','6914121200xx',(#6737));
#6722=PRODUCT('6914121200xx_levier','6914121200xx_levier',
'6914121200xx_levier',(#6738));
#6723=PRODUCT('6914121200xx_MODULE_LONG','6914121200xx_MODULE_LONG',
'6914121200xx_MODULE_LONG',(#6739));
#6724=PRODUCT('6914121200xx_LONG','6914121200xx_LONG',
'6914121200xx_LONG',(#6740));
#6725=PRODUCT('6914121200xxB_CAPOT','6914121200xxB_CAPOT',
'6914121200xxB_CAPOT',(#6741));
#6726=PRODUCT_CATEGORY('','');
#6727=PRODUCT_CATEGORY('','');
#6728=PRODUCT_CATEGORY('','');
#6729=PRODUCT_CATEGORY('','');
#6730=PRODUCT_CATEGORY('','');
#6731=PRODUCT_CATEGORY('','');
#6732=PRODUCT_CATEGORY('','');
#6733=PRODUCT_CATEGORY('','');
#6734=PRODUCT_CONTEXT('',#6743,'mechanical');
#6735=PRODUCT_CONTEXT('',#6743,'mechanical');
#6736=PRODUCT_CONTEXT('',#6743,'mechanical');
#6737=PRODUCT_CONTEXT('',#6743,'mechanical');
#6738=PRODUCT_CONTEXT('',#6743,'mechanical');
#6739=PRODUCT_CONTEXT('',#6743,'mechanical');
#6740=PRODUCT_CONTEXT('',#6743,'mechanical');
#6741=PRODUCT_CONTEXT('',#6743,'mechanical');
#6742=APPLICATION_PROTOCOL_DEFINITION('international standard',
'automotive_design',2010,#6743);
#6743=APPLICATION_CONTEXT(
'core data for automotive mechanical design processes');
/* Langdock: one global transform wrapper; original BREP, COPY and colour entities are unchanged. */
#6744=CARTESIAN_POINT('',(3.35,-3.8,4.75));
#6745=DIRECTION('',(0,0,1));
#6746=DIRECTION('',(1,0,0));
#6747=AXIS2_PLACEMENT_3D('',#6744,#6745,#6746);
#6748=SHAPE_REPRESENTATION('6914121200xxMB__global_transform',(#6747),#6645);
#6749=PRODUCT('6914121200xxMB__global_transform','6914121200xxMB__global_transform','',(#20011));
#6750=PRODUCT_DEFINITION_FORMATION_WITH_SPECIFIED_SOURCE('','',#6749,.NOT_KNOWN.);
#6751=PRODUCT_DEFINITION_CONTEXT('',#6743,'design');
#6752=PRODUCT_DEFINITION('','',#6750,#6751);
#6753=PRODUCT_DEFINITION_SHAPE('','',#6752);
#6754=SHAPE_DEFINITION_REPRESENTATION(#6753,#6748);
#6755=NEXT_ASSEMBLY_USAGE_OCCURRENCE('6914121200xxMB__global_transform','6914121200xxMB__global_transform','',#6752,#6686,'');
#6756=PRODUCT_DEFINITION_SHAPE(' ','NAUO PRDDFN',#6755);
#6757=ITEM_DEFINED_TRANSFORMATION('','',#3969,#6747);
#6758=(REPRESENTATION_RELATIONSHIP('','',#3965,#6748) REPRESENTATION_RELATIONSHIP_WITH_TRANSFORMATION(#6757) SHAPE_REPRESENTATION_RELATIONSHIP());
#6759=CONTEXT_DEPENDENT_SHAPE_REPRESENTATION(#6758,#6756);
ENDSEC;
END-ISO-10303-21;
