ISO-10303-21;
HEADER;
/* Generated by software containing ST-Developer
 * from STEP Tools, Inc. (www.steptools.com) 
 */
/* OPTION: strings as raw bytes, not using required /X/ escapes */

FILE_DESCRIPTION(
/* description */ ('Unknown'),
/* implementation_level */ '2;1');

FILE_NAME(
/* name */ '691412120002MB',
/* time_stamp */ '2018-02-19T14:12:00+01:00',
/* author */ ('Unknown'),
/* organization */ ('Unknown'),
/* preprocessor_version */ 'ST-DEVELOPER v16.7',
/* originating_system */ 'DEX',
/* authorisation */ $);

FILE_SCHEMA (('AUTOMOTIVE_DESIGN {1 0 10303 214 3 1 1}'));
ENDSEC;

DATA;
#10=PROPERTY_DEFINITION_REPRESENTATION(#14,#12);
#11=PROPERTY_DEFINITION_REPRESENTATION(#15,#13);
#12=REPRESENTATION('',(#16),#6605);
#13=REPRESENTATION('',(#17),#6605);
#14=PROPERTY_DEFINITION('pmi validation property','',#6624);
#15=PROPERTY_DEFINITION('pmi validation property','',#6624);
#16=VALUE_REPRESENTATION_ITEM('number of annotations',COUNT_MEASURE(0.));
#17=VALUE_REPRESENTATION_ITEM('number of views',COUNT_MEASURE(0.));
#18=B_SPLINE_SURFACE_WITH_KNOTS('',1,3,((#6030,#6031,#6032,#6033,#6034,
#6035,#6036,#6037,#6038,#6039),(#6040,#6041,#6042,#6043,#6044,#6045,#6046,
#6047,#6048,#6049)),.RULED_SURF.,.F.,.F.,.F.,(2,2),(4,2,2,2,4),(0.,1.),
(3.14159265358979,3.53429173528852,3.92699081698724,4.31968989868596,4.71238898038469),
 .UNSPECIFIED.);
#19=B_SPLINE_SURFACE_WITH_KNOTS('',1,3,((#6058,#6059,#6060,#6061,#6062,
#6063,#6064,#6065,#6066,#6067),(#6068,#6069,#6070,#6071,#6072,#6073,#6074,
#6075,#6076,#6077)),.RULED_SURF.,.F.,.F.,.F.,(2,2),(4,2,2,2,4),(0.,1.),
(1.5707963267949,1.96349540849362,2.35619449019234,2.74889357189107,3.14159265358979),
 .UNSPECIFIED.);
#20=B_SPLINE_SURFACE_WITH_KNOTS('',1,3,((#6362,#6363,#6364,#6365,#6366,
#6367,#6368,#6369,#6370,#6371),(#6372,#6373,#6374,#6375,#6376,#6377,#6378,
#6379,#6380,#6381)),.RULED_SURF.,.F.,.F.,.F.,(2,2),(4,2,2,2,4),(0.,1.),
(3.14159265358979,3.53429173528852,3.92699081698724,4.31968989868597,4.71238898038469),
 .UNSPECIFIED.);
#21=B_SPLINE_SURFACE_WITH_KNOTS('',1,3,((#6390,#6391,#6392,#6393,#6394,
#6395,#6396,#6397,#6398,#6399),(#6400,#6401,#6402,#6403,#6404,#6405,#6406,
#6407,#6408,#6409)),.RULED_SURF.,.F.,.F.,.F.,(2,2),(4,2,2,2,4),(0.,1.),
(1.5707963267949,1.96349540849362,2.35619449019234,2.74889357189107,3.14159265358979),
 .UNSPECIFIED.);
#22=CONTEXT_DEPENDENT_SHAPE_REPRESENTATION(#40,#6627);
#23=CONTEXT_DEPENDENT_SHAPE_REPRESENTATION(#41,#6629);
#24=CONTEXT_DEPENDENT_SHAPE_REPRESENTATION(#42,#6631);
#25=CONTEXT_DEPENDENT_SHAPE_REPRESENTATION(#43,#6632);
#26=CONTEXT_DEPENDENT_SHAPE_REPRESENTATION(#44,#6634);
#27=CONTEXT_DEPENDENT_SHAPE_REPRESENTATION(#45,#6636);
#28=CONTEXT_DEPENDENT_SHAPE_REPRESENTATION(#46,#6637);
#29=CONTEXT_DEPENDENT_SHAPE_REPRESENTATION(#47,#6638);
#30=CONTEXT_DEPENDENT_SHAPE_REPRESENTATION(#48,#6640);
#31=NEXT_ASSEMBLY_USAGE_OCCURRENCE('6914121200xxB','6914121200xxB',
'6914121200xxB',#6642,#6643,'');
#32=NEXT_ASSEMBLY_USAGE_OCCURRENCE('6914121200xx','6914121200xx',
'6914121200xx',#6642,#6644,'');
#33=NEXT_ASSEMBLY_USAGE_OCCURRENCE('6914121200xx_levier',
'6914121200xx_levier','6914121200xx_levier',#6642,#6645,'');
#34=NEXT_ASSEMBLY_USAGE_OCCURRENCE('6914121200xx_MODULE_COURT',
'6914121200xx_MODULE_COURT','6914121200xx_MODULE_COURT',#6641,#6642,'');
#35=NEXT_ASSEMBLY_USAGE_OCCURRENCE('6914121200xxB','6914121200xxB',
'6914121200xxB',#6646,#6643,'');
#36=NEXT_ASSEMBLY_USAGE_OCCURRENCE('6914121200xx_LONG',
'6914121200xx_LONG','6914121200xx_LONG',#6646,#6647,'');
#37=NEXT_ASSEMBLY_USAGE_OCCURRENCE('6914121200xx_levier',
'6914121200xx_levier','6914121200xx_levier',#6646,#6645,'');
#38=NEXT_ASSEMBLY_USAGE_OCCURRENCE('6914121200xx_MODULE_LONG',
'6914121200xx_MODULE_LONG','6914121200xx_MODULE_LONG',#6641,#6646,'');
#39=NEXT_ASSEMBLY_USAGE_OCCURRENCE('6914121200xxB_CAPOT',
'6914121200xxB_CAPOT','6914121200xxB_CAPOT',#6641,#6648,'');
#40=(
REPRESENTATION_RELATIONSHIP(' ',' ',#3941,#3942)
REPRESENTATION_RELATIONSHIP_WITH_TRANSFORMATION(#49)
SHAPE_REPRESENTATION_RELATIONSHIP()
);
#41=(
REPRESENTATION_RELATIONSHIP(' ',' ',#3943,#3942)
REPRESENTATION_RELATIONSHIP_WITH_TRANSFORMATION(#50)
SHAPE_REPRESENTATION_RELATIONSHIP()
);
#42=(
REPRESENTATION_RELATIONSHIP(' ',' ',#3944,#3942)
REPRESENTATION_RELATIONSHIP_WITH_TRANSFORMATION(#51)
SHAPE_REPRESENTATION_RELATIONSHIP()
);
#43=(
REPRESENTATION_RELATIONSHIP(' ',' ',#3942,#3945)
REPRESENTATION_RELATIONSHIP_WITH_TRANSFORMATION(#52)
SHAPE_REPRESENTATION_RELATIONSHIP()
);
#44=(
REPRESENTATION_RELATIONSHIP(' ',' ',#3941,#3946)
REPRESENTATION_RELATIONSHIP_WITH_TRANSFORMATION(#53)
SHAPE_REPRESENTATION_RELATIONSHIP()
);
#45=(
REPRESENTATION_RELATIONSHIP(' ',' ',#3947,#3946)
REPRESENTATION_RELATIONSHIP_WITH_TRANSFORMATION(#54)
SHAPE_REPRESENTATION_RELATIONSHIP()
);
#46=(
REPRESENTATION_RELATIONSHIP(' ',' ',#3944,#3946)
REPRESENTATION_RELATIONSHIP_WITH_TRANSFORMATION(#55)
SHAPE_REPRESENTATION_RELATIONSHIP()
);
#47=(
REPRESENTATION_RELATIONSHIP(' ',' ',#3946,#3945)
REPRESENTATION_RELATIONSHIP_WITH_TRANSFORMATION(#56)
SHAPE_REPRESENTATION_RELATIONSHIP()
);
#48=(
REPRESENTATION_RELATIONSHIP(' ',' ',#3948,#3945)
REPRESENTATION_RELATIONSHIP_WITH_TRANSFORMATION(#57)
SHAPE_REPRESENTATION_RELATIONSHIP()
);
#49=ITEM_DEFINED_TRANSFORMATION(' ',' ',#3949,#4085);
#50=ITEM_DEFINED_TRANSFORMATION(' ',' ',#3949,#4136);
#51=ITEM_DEFINED_TRANSFORMATION(' ',' ',#3949,#4166);
#52=ITEM_DEFINED_TRANSFORMATION(' ',' ',#3949,#4167);
#53=ITEM_DEFINED_TRANSFORMATION(' ',' ',#3949,#4168);
#54=ITEM_DEFINED_TRANSFORMATION(' ',' ',#3949,#4217);
#55=ITEM_DEFINED_TRANSFORMATION(' ',' ',#3949,#4218);
#56=ITEM_DEFINED_TRANSFORMATION(' ',' ',#3949,#4219);
#57=ITEM_DEFINED_TRANSFORMATION(' ',' ',#3949,#4269);
#58=SHAPE_REPRESENTATION_RELATIONSHIP('','',#3941,#63);
#59=SHAPE_REPRESENTATION_RELATIONSHIP('','',#3943,#64);
#60=SHAPE_REPRESENTATION_RELATIONSHIP('','',#3944,#65);
#61=SHAPE_REPRESENTATION_RELATIONSHIP('','',#3947,#66);
#62=SHAPE_REPRESENTATION_RELATIONSHIP('','',#3948,#67);
#63=ADVANCED_BREP_SHAPE_REPRESENTATION('',(#3928),#6607);
#64=ADVANCED_BREP_SHAPE_REPRESENTATION('',(#3929),#6608);
#65=ADVANCED_BREP_SHAPE_REPRESENTATION('',(#3930),#6609);
#66=ADVANCED_BREP_SHAPE_REPRESENTATION('',(#3931),#6611);
#67=ADVANCED_BREP_SHAPE_REPRESENTATION('',(#3932),#6612);
#68=(
BOUNDED_SURFACE()
B_SPLINE_SURFACE(3,2,((#5787,#5788,#5789),(#5790,#5791,#5792),(#5793,#5794,
#5795),(#5796,#5797,#5798),(#5799,#5800,#5801)),.UNSPECIFIED.,.F.,.F.,.F.)
B_SPLINE_SURFACE_WITH_KNOTS((4,1,4),(3,3),(0.00502885966086782,0.00759838278944212,
0.0101679059180164),(0.,1.),.UNSPECIFIED.)
GEOMETRIC_REPRESENTATION_ITEM()
RATIONAL_B_SPLINE_SURFACE(((1.,0.746239199086136,1.),(1.,0.794108470905007,
1.),(1.,0.882931933228443,1.),(1.,0.953291843534208,1.),(1.,0.976274564789259,
1.)))
REPRESENTATION_ITEM('')
SURFACE()
);
#69=(
BOUNDED_SURFACE()
B_SPLINE_SURFACE(3,2,((#5802,#5803,#5804),(#5805,#5806,#5807),(#5808,#5809,
#5810),(#5811,#5812,#5813),(#5814,#5815,#5816)),.UNSPECIFIED.,.F.,.F.,.F.)
B_SPLINE_SURFACE_WITH_KNOTS((4,1,4),(3,3),(0.00433358405311078,0.0069036933128062,
0.00947380257250162),(0.,1.),.UNSPECIFIED.)
GEOMETRIC_REPRESENTATION_ITEM()
RATIONAL_B_SPLINE_SURFACE(((1.,0.746238985948357,1.),(1.,0.794114298173991,
1.),(1.,0.882942950747807,1.),(1.,0.953274694876628,1.),(1.,0.976275188405917,
1.)))
REPRESENTATION_ITEM('')
SURFACE()
);
#70=CONICAL_SURFACE('',#3972,1.65,0.163624617374468);
#71=CONICAL_SURFACE('',#4060,1.275,0.0872664625997165);
#72=CYLINDRICAL_SURFACE('',#3969,0.75);
#73=CYLINDRICAL_SURFACE('',#3970,0.75);
#74=CYLINDRICAL_SURFACE('',#3998,0.75);
#75=CYLINDRICAL_SURFACE('',#4000,0.75);
#76=CYLINDRICAL_SURFACE('',#4006,1.15);
#77=CYLINDRICAL_SURFACE('',#4012,0.75);
#78=CYLINDRICAL_SURFACE('',#4017,0.75);
#79=CYLINDRICAL_SURFACE('',#4020,1.35);
#80=CYLINDRICAL_SURFACE('',#4036,0.9);
#81=CYLINDRICAL_SURFACE('',#4040,0.6);
#82=CYLINDRICAL_SURFACE('',#4043,0.6);
#83=CYLINDRICAL_SURFACE('',#4046,0.6);
#84=CYLINDRICAL_SURFACE('',#4049,0.6);
#85=CYLINDRICAL_SURFACE('',#4052,0.6);
#86=CYLINDRICAL_SURFACE('',#4061,0.6);
#87=CYLINDRICAL_SURFACE('',#4064,0.6);
#88=CYLINDRICAL_SURFACE('',#4067,0.6);
#89=CYLINDRICAL_SURFACE('',#4070,0.6);
#90=CYLINDRICAL_SURFACE('',#4073,0.6);
#91=CYLINDRICAL_SURFACE('',#4098,0.93875);
#92=CYLINDRICAL_SURFACE('',#4100,1.33875);
#93=CYLINDRICAL_SURFACE('',#4105,0.41);
#94=CYLINDRICAL_SURFACE('',#4108,0.41);
#95=CYLINDRICAL_SURFACE('',#4111,0.41);
#96=CYLINDRICAL_SURFACE('',#4114,0.00999999999999997);
#97=CYLINDRICAL_SURFACE('',#4117,0.81);
#98=CYLINDRICAL_SURFACE('',#4120,0.00999999999999997);
#99=CYLINDRICAL_SURFACE('',#4132,0.9);
#100=CYLINDRICAL_SURFACE('',#4133,0.5);
#101=CYLINDRICAL_SURFACE('',#4149,1.15);
#102=CYLINDRICAL_SURFACE('',#4151,1.15);
#103=CYLINDRICAL_SURFACE('',#4164,0.35);
#104=CYLINDRICAL_SURFACE('',#4165,0.35);
#105=CYLINDRICAL_SURFACE('',#4179,0.94);
#106=CYLINDRICAL_SURFACE('',#4182,1.34);
#107=CYLINDRICAL_SURFACE('',#4184,1.4);
#108=CYLINDRICAL_SURFACE('',#4187,1.);
#109=CYLINDRICAL_SURFACE('',#4190,1.);
#110=CYLINDRICAL_SURFACE('',#4196,1.4);
#111=CYLINDRICAL_SURFACE('',#4199,0.6);
#112=CYLINDRICAL_SURFACE('',#4202,1.);
#113=CYLINDRICAL_SURFACE('',#4213,0.9);
#114=CYLINDRICAL_SURFACE('',#4214,0.5);
#115=CYLINDRICAL_SURFACE('',#4252,0.6);
#116=CYLINDRICAL_SURFACE('',#4253,0.6);
#117=CYLINDRICAL_SURFACE('',#4254,0.6);
#118=CYLINDRICAL_SURFACE('',#4255,0.6);
#119=CYLINDRICAL_SURFACE('',#4256,0.6);
#120=CYLINDRICAL_SURFACE('',#4266,0.75);
#121=CYLINDRICAL_SURFACE('',#4267,0.75);
#122=CYLINDRICAL_SURFACE('',#4268,0.75);
#123=B_SPLINE_CURVE_WITH_KNOTS('',3,(#5402,#5403,#5404,#5405),
 .UNSPECIFIED.,.F.,.F.,(4,4),(2.16840434497101E-19,0.00102526699101267),
 .UNSPECIFIED.);
#124=B_SPLINE_CURVE_WITH_KNOTS('',3,(#5409,#5410,#5411,#5412),
 .UNSPECIFIED.,.F.,.F.,(4,4),(2.16840434497101E-19,0.00102527771059628),
 .UNSPECIFIED.);
#125=B_SPLINE_CURVE_WITH_KNOTS('',3,(#5426,#5427,#5428,#5429),
 .UNSPECIFIED.,.F.,.F.,(4,4),(3.65933918672991E-19,0.000240671666046337),
 .UNSPECIFIED.);
#126=B_SPLINE_CURVE_WITH_KNOTS('',3,(#5441,#5442,#5443,#5444),
 .UNSPECIFIED.,.F.,.F.,(4,4),(0.,0.0002406716660463),.UNSPECIFIED.);
#127=B_SPLINE_CURVE_WITH_KNOTS('',3,(#5446,#5447,#5448,#5449),
 .UNSPECIFIED.,.F.,.F.,(4,4),(0.,7.89461848001962E-5),.UNSPECIFIED.);
#128=B_SPLINE_CURVE_WITH_KNOTS('',3,(#5453,#5454,#5455,#5456),
 .UNSPECIFIED.,.F.,.F.,(4,4),(5.42101086242752E-20,7.89461848001714E-5),
 .UNSPECIFIED.);
#129=B_SPLINE_CURVE_WITH_KNOTS('',3,(#5465,#5466,#5467,#5468),
 .UNSPECIFIED.,.F.,.F.,(4,4),(2.00341403184532E-7,0.000602507745816337),
 .UNSPECIFIED.);
#130=B_SPLINE_CURVE_WITH_KNOTS('',3,(#5470,#5471,#5472,#5473),
 .UNSPECIFIED.,.F.,.F.,(4,4),(2.97254142750141E-7,0.000602896571080477),
 .UNSPECIFIED.);
#131=B_SPLINE_CURVE_WITH_KNOTS('',3,(#5476,#5477,#5478,#5479),
 .UNSPECIFIED.,.F.,.F.,(4,4),(0.,0.00475628594048909),.UNSPECIFIED.);
#132=B_SPLINE_CURVE_WITH_KNOTS('',3,(#5480,#5481,#5482,#5483),
 .UNSPECIFIED.,.F.,.F.,(4,4),(2.6638453342705E-17,0.00475550022855109),
 .UNSPECIFIED.);
#133=B_SPLINE_CURVE_WITH_KNOTS('',3,(#5779,#5780,#5781,#5782),
 .UNSPECIFIED.,.F.,.F.,(4,4),(0.,0.00501355711891384),.UNSPECIFIED.);
#134=B_SPLINE_CURVE_WITH_KNOTS('',3,(#5783,#5784,#5785,#5786),
 .UNSPECIFIED.,.F.,.F.,(4,4),(0.,0.00501437660338603),.UNSPECIFIED.);
#135=B_SPLINE_CURVE_WITH_KNOTS('',3,(#6050,#6051,#6052,#6053),
 .UNSPECIFIED.,.F.,.F.,(4,4),(3.14159265358979,4.71238898038469),
 .UNSPECIFIED.);
#136=B_SPLINE_CURVE_WITH_KNOTS('',3,(#6054,#6055,#6056,#6057),
 .UNSPECIFIED.,.F.,.F.,(4,4),(3.14159265358979,4.71238898038469),
 .UNSPECIFIED.);
#137=B_SPLINE_CURVE_WITH_KNOTS('',3,(#6078,#6079,#6080,#6081),
 .UNSPECIFIED.,.F.,.F.,(4,4),(1.5707963267949,3.14159265358979),
 .UNSPECIFIED.);
#138=B_SPLINE_CURVE_WITH_KNOTS('',3,(#6082,#6083,#6084,#6085),
 .UNSPECIFIED.,.F.,.F.,(4,4),(1.5707963267949,3.14159265358979),
 .UNSPECIFIED.);
#139=B_SPLINE_CURVE_WITH_KNOTS('',3,(#6161,#6162,#6163,#6164),
 .UNSPECIFIED.,.F.,.F.,(4,4),(0.,0.000412784466563118),.UNSPECIFIED.);
#140=B_SPLINE_CURVE_WITH_KNOTS('',3,(#6166,#6167,#6168,#6169),
 .UNSPECIFIED.,.F.,.F.,(4,4),(0.,0.000146616742573363),.UNSPECIFIED.);
#141=B_SPLINE_CURVE_WITH_KNOTS('',3,(#6382,#6383,#6384,#6385),
 .UNSPECIFIED.,.F.,.F.,(4,4),(3.14159265358979,4.71238898038469),
 .UNSPECIFIED.);
#142=B_SPLINE_CURVE_WITH_KNOTS('',3,(#6386,#6387,#6388,#6389),
 .UNSPECIFIED.,.F.,.F.,(4,4),(3.14159265358979,4.71238898038469),
 .UNSPECIFIED.);
#143=B_SPLINE_CURVE_WITH_KNOTS('',3,(#6410,#6411,#6412,#6413),
 .UNSPECIFIED.,.F.,.F.,(4,4),(1.5707963267949,3.14159265358979),
 .UNSPECIFIED.);
#144=B_SPLINE_CURVE_WITH_KNOTS('',3,(#6414,#6415,#6416,#6417),
 .UNSPECIFIED.,.F.,.F.,(4,4),(1.5707963267949,3.14159265358979),
 .UNSPECIFIED.);
#145=ELLIPSE('',#3960,1.36062243137658,1.27791846459594);
#146=ELLIPSE('',#3962,1.42743224170756,1.28585186284822);
#147=ELLIPSE('',#3964,1.42743224170756,1.28585186284822);
#148=ELLIPSE('',#3966,0.992125762394924,0.903272302311237);
#149=ELLIPSE('',#3968,0.910533921786671,0.824536960599042);
#150=ELLIPSE('',#4138,0.47762432936357,0.35);
#151=ELLIPSE('',#4141,0.514364662391537,0.35);
#152=ELLIPSE('',#4147,0.514364662391537,0.35);
#153=ELLIPSE('',#4148,0.514364662391537,0.35);
#154=ELLIPSE('',#4150,1.56933708219459,1.15);
#155=ELLIPSE('',#4152,1.56933708219459,1.15);
#156=CIRCLE('',#3951,0.6);
#157=CIRCLE('',#3952,0.6);
#158=CIRCLE('',#3953,0.6);
#159=CIRCLE('',#3954,0.6);
#160=CIRCLE('',#3955,0.6);
#161=CIRCLE('',#3956,0.75);
#162=CIRCLE('',#3957,0.75);
#163=CIRCLE('',#3958,0.75);
#164=CIRCLE('',#3963,1.65);
#165=CIRCLE('',#3971,0.75);
#166=CIRCLE('',#3974,0.75);
#167=CIRCLE('',#3975,1.35);
#168=CIRCLE('',#3976,0.75);
#169=CIRCLE('',#3977,0.6);
#170=CIRCLE('',#3978,0.6);
#171=CIRCLE('',#3983,0.6);
#172=CIRCLE('',#3984,0.6);
#173=CIRCLE('',#3985,1.15);
#174=CIRCLE('',#3986,0.75);
#175=CIRCLE('',#3988,0.75);
#176=CIRCLE('',#3999,0.749999999999944);
#177=CIRCLE('',#4007,1.14999999999999);
#178=CIRCLE('',#4013,0.749999999999977);
#179=CIRCLE('',#4018,0.75);
#180=CIRCLE('',#4021,1.35);
#181=CIRCLE('',#4029,0.899999999999999);
#182=CIRCLE('',#4031,0.6);
#183=CIRCLE('',#4032,0.9);
#184=CIRCLE('',#4041,0.6);
#185=CIRCLE('',#4044,0.6);
#186=CIRCLE('',#4047,0.6);
#187=CIRCLE('',#4050,0.6);
#188=CIRCLE('',#4053,0.6);
#189=CIRCLE('',#4062,0.6);
#190=CIRCLE('',#4065,0.6);
#191=CIRCLE('',#4068,0.6);
#192=CIRCLE('',#4071,0.6);
#193=CIRCLE('',#4074,0.6);
#194=CIRCLE('',#4092,1.33875);
#195=CIRCLE('',#4093,0.93875);
#196=CIRCLE('',#4096,0.93875);
#197=CIRCLE('',#4097,1.33875);
#198=CIRCLE('',#4106,0.41);
#199=CIRCLE('',#4107,0.41);
#200=CIRCLE('',#4109,0.41);
#201=CIRCLE('',#4110,0.41);
#202=CIRCLE('',#4112,0.41);
#203=CIRCLE('',#4113,0.41);
#204=CIRCLE('',#4115,0.00999999999999997);
#205=CIRCLE('',#4116,0.00999999999999997);
#206=CIRCLE('',#4118,0.81);
#207=CIRCLE('',#4119,0.81);
#208=CIRCLE('',#4121,0.00999999999999997);
#209=CIRCLE('',#4122,0.00999999999999997);
#210=CIRCLE('',#4125,0.9);
#211=CIRCLE('',#4126,0.5);
#212=CIRCLE('',#4129,0.5);
#213=CIRCLE('',#4130,0.9);
#214=CIRCLE('',#4140,1.15);
#215=CIRCLE('',#4142,1.15);
#216=CIRCLE('',#4146,1.15);
#217=CIRCLE('',#4172,1.34);
#218=CIRCLE('',#4173,0.94);
#219=CIRCLE('',#4176,0.94);
#220=CIRCLE('',#4177,1.34);
#221=CIRCLE('',#4185,1.4);
#222=CIRCLE('',#4186,1.4);
#223=CIRCLE('',#4188,1.);
#224=CIRCLE('',#4189,1.);
#225=CIRCLE('',#4191,1.);
#226=CIRCLE('',#4192,1.);
#227=CIRCLE('',#4197,1.4);
#228=CIRCLE('',#4198,1.4);
#229=CIRCLE('',#4200,0.6);
#230=CIRCLE('',#4201,0.6);
#231=CIRCLE('',#4203,1.);
#232=CIRCLE('',#4204,1.);
#233=CIRCLE('',#4207,0.5);
#234=CIRCLE('',#4208,0.9);
#235=CIRCLE('',#4211,0.9);
#236=CIRCLE('',#4212,0.5);
#237=CIRCLE('',#4221,0.75);
#238=CIRCLE('',#4222,0.75);
#239=CIRCLE('',#4223,0.75);
#240=CIRCLE('',#4224,0.6);
#241=CIRCLE('',#4225,0.6);
#242=CIRCLE('',#4226,0.6);
#243=CIRCLE('',#4227,0.6);
#244=CIRCLE('',#4228,0.6);
#245=CIRCLE('',#4231,0.6);
#246=CIRCLE('',#4232,0.6);
#247=CIRCLE('',#4233,0.75);
#248=CIRCLE('',#4234,0.75);
#249=CIRCLE('',#4235,0.75);
#250=CIRCLE('',#4236,0.6);
#251=CIRCLE('',#4237,0.6);
#252=CIRCLE('',#4238,0.6);
#253=ORIENTED_EDGE('',*,*,#1323,.T.);
#254=ORIENTED_EDGE('',*,*,#1324,.T.);
#255=ORIENTED_EDGE('',*,*,#1325,.T.);
#256=ORIENTED_EDGE('',*,*,#1326,.T.);
#257=ORIENTED_EDGE('',*,*,#1327,.T.);
#258=ORIENTED_EDGE('',*,*,#1328,.T.);
#259=ORIENTED_EDGE('',*,*,#1329,.T.);
#260=ORIENTED_EDGE('',*,*,#1330,.T.);
#261=ORIENTED_EDGE('',*,*,#1331,.T.);
#262=ORIENTED_EDGE('',*,*,#1332,.T.);
#263=ORIENTED_EDGE('',*,*,#1333,.F.);
#264=ORIENTED_EDGE('',*,*,#1334,.T.);
#265=ORIENTED_EDGE('',*,*,#1335,.F.);
#266=ORIENTED_EDGE('',*,*,#1336,.T.);
#267=ORIENTED_EDGE('',*,*,#1337,.F.);
#268=ORIENTED_EDGE('',*,*,#1338,.F.);
#269=ORIENTED_EDGE('',*,*,#1339,.F.);
#270=ORIENTED_EDGE('',*,*,#1340,.F.);
#271=ORIENTED_EDGE('',*,*,#1341,.F.);
#272=ORIENTED_EDGE('',*,*,#1342,.F.);
#273=ORIENTED_EDGE('',*,*,#1343,.F.);
#274=ORIENTED_EDGE('',*,*,#1344,.F.);
#275=ORIENTED_EDGE('',*,*,#1345,.F.);
#276=ORIENTED_EDGE('',*,*,#1346,.F.);
#277=ORIENTED_EDGE('',*,*,#1347,.F.);
#278=ORIENTED_EDGE('',*,*,#1348,.F.);
#279=ORIENTED_EDGE('',*,*,#1349,.T.);
#280=ORIENTED_EDGE('',*,*,#1350,.F.);
#281=ORIENTED_EDGE('',*,*,#1351,.T.);
#282=ORIENTED_EDGE('',*,*,#1352,.T.);
#283=ORIENTED_EDGE('',*,*,#1333,.T.);
#284=ORIENTED_EDGE('',*,*,#1353,.F.);
#285=ORIENTED_EDGE('',*,*,#1354,.T.);
#286=ORIENTED_EDGE('',*,*,#1355,.T.);
#287=ORIENTED_EDGE('',*,*,#1350,.T.);
#288=ORIENTED_EDGE('',*,*,#1356,.T.);
#289=ORIENTED_EDGE('',*,*,#1357,.F.);
#290=ORIENTED_EDGE('',*,*,#1358,.T.);
#291=ORIENTED_EDGE('',*,*,#1359,.F.);
#292=ORIENTED_EDGE('',*,*,#1360,.T.);
#293=ORIENTED_EDGE('',*,*,#1361,.T.);
#294=ORIENTED_EDGE('',*,*,#1362,.T.);
#295=ORIENTED_EDGE('',*,*,#1363,.T.);
#296=ORIENTED_EDGE('',*,*,#1364,.T.);
#297=ORIENTED_EDGE('',*,*,#1365,.T.);
#298=ORIENTED_EDGE('',*,*,#1366,.T.);
#299=ORIENTED_EDGE('',*,*,#1367,.T.);
#300=ORIENTED_EDGE('',*,*,#1368,.T.);
#301=ORIENTED_EDGE('',*,*,#1369,.F.);
#302=ORIENTED_EDGE('',*,*,#1370,.T.);
#303=ORIENTED_EDGE('',*,*,#1335,.T.);
#304=ORIENTED_EDGE('',*,*,#1371,.T.);
#305=ORIENTED_EDGE('',*,*,#1372,.F.);
#306=ORIENTED_EDGE('',*,*,#1373,.T.);
#307=ORIENTED_EDGE('',*,*,#1374,.F.);
#308=ORIENTED_EDGE('',*,*,#1375,.F.);
#309=ORIENTED_EDGE('',*,*,#1376,.T.);
#310=ORIENTED_EDGE('',*,*,#1377,.T.);
#311=ORIENTED_EDGE('',*,*,#1378,.F.);
#312=ORIENTED_EDGE('',*,*,#1379,.T.);
#313=ORIENTED_EDGE('',*,*,#1374,.T.);
#314=ORIENTED_EDGE('',*,*,#1380,.T.);
#315=ORIENTED_EDGE('',*,*,#1381,.F.);
#316=ORIENTED_EDGE('',*,*,#1382,.T.);
#317=ORIENTED_EDGE('',*,*,#1378,.T.);
#318=ORIENTED_EDGE('',*,*,#1383,.T.);
#319=ORIENTED_EDGE('',*,*,#1384,.F.);
#320=ORIENTED_EDGE('',*,*,#1385,.F.);
#321=ORIENTED_EDGE('',*,*,#1386,.F.);
#322=ORIENTED_EDGE('',*,*,#1362,.F.);
#323=ORIENTED_EDGE('',*,*,#1387,.T.);
#324=ORIENTED_EDGE('',*,*,#1371,.F.);
#325=ORIENTED_EDGE('',*,*,#1334,.F.);
#326=ORIENTED_EDGE('',*,*,#1368,.F.);
#327=ORIENTED_EDGE('',*,*,#1388,.T.);
#328=ORIENTED_EDGE('',*,*,#1360,.F.);
#329=ORIENTED_EDGE('',*,*,#1389,.F.);
#330=ORIENTED_EDGE('',*,*,#1365,.F.);
#331=ORIENTED_EDGE('',*,*,#1390,.T.);
#332=ORIENTED_EDGE('',*,*,#1372,.T.);
#333=ORIENTED_EDGE('',*,*,#1391,.T.);
#334=ORIENTED_EDGE('',*,*,#1392,.T.);
#335=ORIENTED_EDGE('',*,*,#1393,.T.);
#336=ORIENTED_EDGE('',*,*,#1394,.T.);
#337=ORIENTED_EDGE('',*,*,#1369,.T.);
#338=ORIENTED_EDGE('',*,*,#1389,.T.);
#339=ORIENTED_EDGE('',*,*,#1359,.T.);
#340=ORIENTED_EDGE('',*,*,#1395,.F.);
#341=ORIENTED_EDGE('',*,*,#1383,.F.);
#342=ORIENTED_EDGE('',*,*,#1377,.F.);
#343=ORIENTED_EDGE('',*,*,#1396,.F.);
#344=ORIENTED_EDGE('',*,*,#1397,.F.);
#345=ORIENTED_EDGE('',*,*,#1398,.F.);
#346=ORIENTED_EDGE('',*,*,#1399,.F.);
#347=ORIENTED_EDGE('',*,*,#1400,.F.);
#348=ORIENTED_EDGE('',*,*,#1401,.F.);
#349=ORIENTED_EDGE('',*,*,#1402,.T.);
#350=ORIENTED_EDGE('',*,*,#1403,.T.);
#351=ORIENTED_EDGE('',*,*,#1404,.T.);
#352=ORIENTED_EDGE('',*,*,#1405,.T.);
#353=ORIENTED_EDGE('',*,*,#1406,.T.);
#354=ORIENTED_EDGE('',*,*,#1407,.F.);
#355=ORIENTED_EDGE('',*,*,#1408,.T.);
#356=ORIENTED_EDGE('',*,*,#1409,.F.);
#357=ORIENTED_EDGE('',*,*,#1410,.F.);
#358=ORIENTED_EDGE('',*,*,#1343,.T.);
#359=ORIENTED_EDGE('',*,*,#1411,.T.);
#360=ORIENTED_EDGE('',*,*,#1412,.T.);
#361=ORIENTED_EDGE('',*,*,#1406,.F.);
#362=ORIENTED_EDGE('',*,*,#1342,.T.);
#363=ORIENTED_EDGE('',*,*,#1413,.T.);
#364=ORIENTED_EDGE('',*,*,#1414,.T.);
#365=ORIENTED_EDGE('',*,*,#1411,.F.);
#366=ORIENTED_EDGE('',*,*,#1341,.T.);
#367=ORIENTED_EDGE('',*,*,#1415,.F.);
#368=ORIENTED_EDGE('',*,*,#1416,.F.);
#369=ORIENTED_EDGE('',*,*,#1409,.T.);
#370=ORIENTED_EDGE('',*,*,#1417,.T.);
#371=ORIENTED_EDGE('',*,*,#1418,.F.);
#372=ORIENTED_EDGE('',*,*,#1419,.F.);
#373=ORIENTED_EDGE('',*,*,#1420,.F.);
#374=ORIENTED_EDGE('',*,*,#1421,.F.);
#375=ORIENTED_EDGE('',*,*,#1422,.F.);
#376=ORIENTED_EDGE('',*,*,#1423,.F.);
#377=ORIENTED_EDGE('',*,*,#1424,.F.);
#378=ORIENTED_EDGE('',*,*,#1425,.F.);
#379=ORIENTED_EDGE('',*,*,#1426,.F.);
#380=ORIENTED_EDGE('',*,*,#1427,.T.);
#381=ORIENTED_EDGE('',*,*,#1428,.T.);
#382=ORIENTED_EDGE('',*,*,#1429,.T.);
#383=ORIENTED_EDGE('',*,*,#1430,.T.);
#384=ORIENTED_EDGE('',*,*,#1431,.T.);
#385=ORIENTED_EDGE('',*,*,#1432,.T.);
#386=ORIENTED_EDGE('',*,*,#1433,.F.);
#387=ORIENTED_EDGE('',*,*,#1434,.T.);
#388=ORIENTED_EDGE('',*,*,#1435,.F.);
#389=ORIENTED_EDGE('',*,*,#1436,.F.);
#390=ORIENTED_EDGE('',*,*,#1437,.F.);
#391=ORIENTED_EDGE('',*,*,#1428,.F.);
#392=ORIENTED_EDGE('',*,*,#1438,.T.);
#393=ORIENTED_EDGE('',*,*,#1348,.T.);
#394=ORIENTED_EDGE('',*,*,#1439,.T.);
#395=ORIENTED_EDGE('',*,*,#1429,.F.);
#396=ORIENTED_EDGE('',*,*,#1439,.F.);
#397=ORIENTED_EDGE('',*,*,#1347,.T.);
#398=ORIENTED_EDGE('',*,*,#1440,.T.);
#399=ORIENTED_EDGE('',*,*,#1430,.F.);
#400=ORIENTED_EDGE('',*,*,#1440,.F.);
#401=ORIENTED_EDGE('',*,*,#1346,.T.);
#402=ORIENTED_EDGE('',*,*,#1441,.T.);
#403=ORIENTED_EDGE('',*,*,#1431,.F.);
#404=ORIENTED_EDGE('',*,*,#1441,.F.);
#405=ORIENTED_EDGE('',*,*,#1345,.T.);
#406=ORIENTED_EDGE('',*,*,#1442,.T.);
#407=ORIENTED_EDGE('',*,*,#1432,.F.);
#408=ORIENTED_EDGE('',*,*,#1442,.F.);
#409=ORIENTED_EDGE('',*,*,#1344,.T.);
#410=ORIENTED_EDGE('',*,*,#1410,.T.);
#411=ORIENTED_EDGE('',*,*,#1443,.F.);
#412=ORIENTED_EDGE('',*,*,#1444,.T.);
#413=ORIENTED_EDGE('',*,*,#1417,.F.);
#414=ORIENTED_EDGE('',*,*,#1408,.F.);
#415=ORIENTED_EDGE('',*,*,#1445,.F.);
#416=ORIENTED_EDGE('',*,*,#1413,.F.);
#417=ORIENTED_EDGE('',*,*,#1340,.T.);
#418=ORIENTED_EDGE('',*,*,#1446,.T.);
#419=ORIENTED_EDGE('',*,*,#1447,.T.);
#420=ORIENTED_EDGE('',*,*,#1448,.T.);
#421=ORIENTED_EDGE('',*,*,#1392,.F.);
#422=ORIENTED_EDGE('',*,*,#1449,.F.);
#423=ORIENTED_EDGE('',*,*,#1450,.F.);
#424=ORIENTED_EDGE('',*,*,#1451,.T.);
#425=ORIENTED_EDGE('',*,*,#1434,.F.);
#426=ORIENTED_EDGE('',*,*,#1452,.F.);
#427=ORIENTED_EDGE('',*,*,#1453,.F.);
#428=ORIENTED_EDGE('',*,*,#1446,.F.);
#429=ORIENTED_EDGE('',*,*,#1339,.T.);
#430=ORIENTED_EDGE('',*,*,#1454,.T.);
#431=ORIENTED_EDGE('',*,*,#1455,.F.);
#432=ORIENTED_EDGE('',*,*,#1454,.F.);
#433=ORIENTED_EDGE('',*,*,#1338,.T.);
#434=ORIENTED_EDGE('',*,*,#1456,.T.);
#435=ORIENTED_EDGE('',*,*,#1457,.T.);
#436=ORIENTED_EDGE('',*,*,#1456,.F.);
#437=ORIENTED_EDGE('',*,*,#1337,.T.);
#438=ORIENTED_EDGE('',*,*,#1458,.T.);
#439=ORIENTED_EDGE('',*,*,#1393,.F.);
#440=ORIENTED_EDGE('',*,*,#1448,.F.);
#441=ORIENTED_EDGE('',*,*,#1459,.F.);
#442=ORIENTED_EDGE('',*,*,#1460,.F.);
#443=ORIENTED_EDGE('',*,*,#1356,.F.);
#444=ORIENTED_EDGE('',*,*,#1349,.F.);
#445=ORIENTED_EDGE('',*,*,#1438,.F.);
#446=ORIENTED_EDGE('',*,*,#1427,.F.);
#447=ORIENTED_EDGE('',*,*,#1336,.F.);
#448=ORIENTED_EDGE('',*,*,#1370,.F.);
#449=ORIENTED_EDGE('',*,*,#1394,.F.);
#450=ORIENTED_EDGE('',*,*,#1458,.F.);
#451=ORIENTED_EDGE('',*,*,#1459,.T.);
#452=ORIENTED_EDGE('',*,*,#1426,.T.);
#453=ORIENTED_EDGE('',*,*,#1461,.F.);
#454=ORIENTED_EDGE('',*,*,#1462,.F.);
#455=ORIENTED_EDGE('',*,*,#1425,.T.);
#456=ORIENTED_EDGE('',*,*,#1463,.F.);
#457=ORIENTED_EDGE('',*,*,#1464,.F.);
#458=ORIENTED_EDGE('',*,*,#1461,.T.);
#459=ORIENTED_EDGE('',*,*,#1424,.T.);
#460=ORIENTED_EDGE('',*,*,#1465,.F.);
#461=ORIENTED_EDGE('',*,*,#1466,.F.);
#462=ORIENTED_EDGE('',*,*,#1467,.F.);
#463=ORIENTED_EDGE('',*,*,#1463,.T.);
#464=ORIENTED_EDGE('',*,*,#1423,.T.);
#465=ORIENTED_EDGE('',*,*,#1468,.F.);
#466=ORIENTED_EDGE('',*,*,#1469,.F.);
#467=ORIENTED_EDGE('',*,*,#1465,.T.);
#468=ORIENTED_EDGE('',*,*,#1422,.T.);
#469=ORIENTED_EDGE('',*,*,#1470,.F.);
#470=ORIENTED_EDGE('',*,*,#1471,.F.);
#471=ORIENTED_EDGE('',*,*,#1468,.T.);
#472=ORIENTED_EDGE('',*,*,#1421,.T.);
#473=ORIENTED_EDGE('',*,*,#1472,.F.);
#474=ORIENTED_EDGE('',*,*,#1473,.F.);
#475=ORIENTED_EDGE('',*,*,#1474,.T.);
#476=ORIENTED_EDGE('',*,*,#1470,.T.);
#477=ORIENTED_EDGE('',*,*,#1420,.T.);
#478=ORIENTED_EDGE('',*,*,#1475,.F.);
#479=ORIENTED_EDGE('',*,*,#1476,.F.);
#480=ORIENTED_EDGE('',*,*,#1472,.T.);
#481=ORIENTED_EDGE('',*,*,#1419,.T.);
#482=ORIENTED_EDGE('',*,*,#1477,.F.);
#483=ORIENTED_EDGE('',*,*,#1478,.F.);
#484=ORIENTED_EDGE('',*,*,#1475,.T.);
#485=ORIENTED_EDGE('',*,*,#1418,.T.);
#486=ORIENTED_EDGE('',*,*,#1444,.F.);
#487=ORIENTED_EDGE('',*,*,#1479,.F.);
#488=ORIENTED_EDGE('',*,*,#1477,.T.);
#489=ORIENTED_EDGE('',*,*,#1433,.T.);
#490=ORIENTED_EDGE('',*,*,#1480,.F.);
#491=ORIENTED_EDGE('',*,*,#1481,.F.);
#492=ORIENTED_EDGE('',*,*,#1452,.T.);
#493=ORIENTED_EDGE('',*,*,#1437,.T.);
#494=ORIENTED_EDGE('',*,*,#1482,.F.);
#495=ORIENTED_EDGE('',*,*,#1483,.F.);
#496=ORIENTED_EDGE('',*,*,#1480,.T.);
#497=ORIENTED_EDGE('',*,*,#1436,.T.);
#498=ORIENTED_EDGE('',*,*,#1484,.F.);
#499=ORIENTED_EDGE('',*,*,#1485,.F.);
#500=ORIENTED_EDGE('',*,*,#1482,.T.);
#501=ORIENTED_EDGE('',*,*,#1435,.T.);
#502=ORIENTED_EDGE('',*,*,#1451,.F.);
#503=ORIENTED_EDGE('',*,*,#1486,.F.);
#504=ORIENTED_EDGE('',*,*,#1484,.T.);
#505=ORIENTED_EDGE('',*,*,#1399,.T.);
#506=ORIENTED_EDGE('',*,*,#1487,.F.);
#507=ORIENTED_EDGE('',*,*,#1488,.F.);
#508=ORIENTED_EDGE('',*,*,#1449,.T.);
#509=ORIENTED_EDGE('',*,*,#1398,.T.);
#510=ORIENTED_EDGE('',*,*,#1489,.F.);
#511=ORIENTED_EDGE('',*,*,#1490,.F.);
#512=ORIENTED_EDGE('',*,*,#1487,.T.);
#513=ORIENTED_EDGE('',*,*,#1397,.T.);
#514=ORIENTED_EDGE('',*,*,#1491,.F.);
#515=ORIENTED_EDGE('',*,*,#1492,.F.);
#516=ORIENTED_EDGE('',*,*,#1489,.T.);
#517=ORIENTED_EDGE('',*,*,#1396,.T.);
#518=ORIENTED_EDGE('',*,*,#1376,.F.);
#519=ORIENTED_EDGE('',*,*,#1493,.F.);
#520=ORIENTED_EDGE('',*,*,#1491,.T.);
#521=ORIENTED_EDGE('',*,*,#1395,.T.);
#522=ORIENTED_EDGE('',*,*,#1358,.F.);
#523=ORIENTED_EDGE('',*,*,#1494,.F.);
#524=ORIENTED_EDGE('',*,*,#1495,.T.);
#525=ORIENTED_EDGE('',*,*,#1496,.F.);
#526=ORIENTED_EDGE('',*,*,#1384,.T.);
#527=ORIENTED_EDGE('',*,*,#1497,.F.);
#528=ORIENTED_EDGE('',*,*,#1498,.F.);
#529=ORIENTED_EDGE('',*,*,#1496,.T.);
#530=ORIENTED_EDGE('',*,*,#1499,.F.);
#531=ORIENTED_EDGE('',*,*,#1469,.T.);
#532=ORIENTED_EDGE('',*,*,#1471,.T.);
#533=ORIENTED_EDGE('',*,*,#1499,.T.);
#534=ORIENTED_EDGE('',*,*,#1495,.F.);
#535=ORIENTED_EDGE('',*,*,#1500,.F.);
#536=ORIENTED_EDGE('',*,*,#1466,.T.);
#537=ORIENTED_EDGE('',*,*,#1494,.T.);
#538=ORIENTED_EDGE('',*,*,#1357,.T.);
#539=ORIENTED_EDGE('',*,*,#1460,.T.);
#540=ORIENTED_EDGE('',*,*,#1462,.T.);
#541=ORIENTED_EDGE('',*,*,#1464,.T.);
#542=ORIENTED_EDGE('',*,*,#1467,.T.);
#543=ORIENTED_EDGE('',*,*,#1500,.T.);
#544=ORIENTED_EDGE('',*,*,#1498,.T.);
#545=ORIENTED_EDGE('',*,*,#1501,.F.);
#546=ORIENTED_EDGE('',*,*,#1502,.F.);
#547=ORIENTED_EDGE('',*,*,#1385,.T.);
#548=ORIENTED_EDGE('',*,*,#1497,.T.);
#549=ORIENTED_EDGE('',*,*,#1474,.F.);
#550=ORIENTED_EDGE('',*,*,#1503,.F.);
#551=ORIENTED_EDGE('',*,*,#1501,.T.);
#552=ORIENTED_EDGE('',*,*,#1504,.T.);
#553=ORIENTED_EDGE('',*,*,#1505,.T.);
#554=ORIENTED_EDGE('',*,*,#1506,.T.);
#555=ORIENTED_EDGE('',*,*,#1507,.T.);
#556=ORIENTED_EDGE('',*,*,#1508,.T.);
#557=ORIENTED_EDGE('',*,*,#1386,.T.);
#558=ORIENTED_EDGE('',*,*,#1502,.T.);
#559=ORIENTED_EDGE('',*,*,#1503,.T.);
#560=ORIENTED_EDGE('',*,*,#1473,.T.);
#561=ORIENTED_EDGE('',*,*,#1476,.T.);
#562=ORIENTED_EDGE('',*,*,#1478,.T.);
#563=ORIENTED_EDGE('',*,*,#1479,.T.);
#564=ORIENTED_EDGE('',*,*,#1443,.T.);
#565=ORIENTED_EDGE('',*,*,#1481,.T.);
#566=ORIENTED_EDGE('',*,*,#1483,.T.);
#567=ORIENTED_EDGE('',*,*,#1485,.T.);
#568=ORIENTED_EDGE('',*,*,#1486,.T.);
#569=ORIENTED_EDGE('',*,*,#1450,.T.);
#570=ORIENTED_EDGE('',*,*,#1488,.T.);
#571=ORIENTED_EDGE('',*,*,#1490,.T.);
#572=ORIENTED_EDGE('',*,*,#1492,.T.);
#573=ORIENTED_EDGE('',*,*,#1493,.T.);
#574=ORIENTED_EDGE('',*,*,#1375,.T.);
#575=ORIENTED_EDGE('',*,*,#1509,.F.);
#576=ORIENTED_EDGE('',*,*,#1510,.F.);
#577=ORIENTED_EDGE('',*,*,#1511,.F.);
#578=ORIENTED_EDGE('',*,*,#1512,.F.);
#579=ORIENTED_EDGE('',*,*,#1513,.F.);
#580=ORIENTED_EDGE('',*,*,#1514,.F.);
#581=ORIENTED_EDGE('',*,*,#1515,.T.);
#582=ORIENTED_EDGE('',*,*,#1514,.T.);
#583=ORIENTED_EDGE('',*,*,#1516,.F.);
#584=ORIENTED_EDGE('',*,*,#1508,.F.);
#585=ORIENTED_EDGE('',*,*,#1510,.T.);
#586=ORIENTED_EDGE('',*,*,#1515,.F.);
#587=ORIENTED_EDGE('',*,*,#1507,.F.);
#588=ORIENTED_EDGE('',*,*,#1517,.T.);
#589=ORIENTED_EDGE('',*,*,#1511,.T.);
#590=ORIENTED_EDGE('',*,*,#1517,.F.);
#591=ORIENTED_EDGE('',*,*,#1506,.F.);
#592=ORIENTED_EDGE('',*,*,#1518,.T.);
#593=ORIENTED_EDGE('',*,*,#1512,.T.);
#594=ORIENTED_EDGE('',*,*,#1518,.F.);
#595=ORIENTED_EDGE('',*,*,#1505,.F.);
#596=ORIENTED_EDGE('',*,*,#1519,.T.);
#597=ORIENTED_EDGE('',*,*,#1513,.T.);
#598=ORIENTED_EDGE('',*,*,#1519,.F.);
#599=ORIENTED_EDGE('',*,*,#1504,.F.);
#600=ORIENTED_EDGE('',*,*,#1516,.T.);
#601=ORIENTED_EDGE('',*,*,#1412,.F.);
#602=ORIENTED_EDGE('',*,*,#1414,.F.);
#603=ORIENTED_EDGE('',*,*,#1445,.T.);
#604=ORIENTED_EDGE('',*,*,#1407,.T.);
#605=ORIENTED_EDGE('',*,*,#1455,.T.);
#606=ORIENTED_EDGE('',*,*,#1457,.F.);
#607=ORIENTED_EDGE('',*,*,#1447,.F.);
#608=ORIENTED_EDGE('',*,*,#1453,.T.);
#609=ORIENTED_EDGE('',*,*,#1520,.T.);
#610=ORIENTED_EDGE('',*,*,#1416,.T.);
#611=ORIENTED_EDGE('',*,*,#1520,.F.);
#612=ORIENTED_EDGE('',*,*,#1521,.T.);
#613=ORIENTED_EDGE('',*,*,#1415,.T.);
#614=ORIENTED_EDGE('',*,*,#1521,.F.);
#615=ORIENTED_EDGE('',*,*,#1522,.T.);
#616=ORIENTED_EDGE('',*,*,#1509,.T.);
#617=ORIENTED_EDGE('',*,*,#1522,.F.);
#618=ORIENTED_EDGE('',*,*,#1523,.T.);
#619=ORIENTED_EDGE('',*,*,#1400,.T.);
#620=ORIENTED_EDGE('',*,*,#1523,.F.);
#621=ORIENTED_EDGE('',*,*,#1524,.T.);
#622=ORIENTED_EDGE('',*,*,#1401,.T.);
#623=ORIENTED_EDGE('',*,*,#1524,.F.);
#624=ORIENTED_EDGE('',*,*,#1403,.F.);
#625=ORIENTED_EDGE('',*,*,#1525,.F.);
#626=ORIENTED_EDGE('',*,*,#1526,.T.);
#627=ORIENTED_EDGE('',*,*,#1527,.T.);
#628=ORIENTED_EDGE('',*,*,#1404,.F.);
#629=ORIENTED_EDGE('',*,*,#1527,.F.);
#630=ORIENTED_EDGE('',*,*,#1528,.T.);
#631=ORIENTED_EDGE('',*,*,#1529,.T.);
#632=ORIENTED_EDGE('',*,*,#1405,.F.);
#633=ORIENTED_EDGE('',*,*,#1529,.F.);
#634=ORIENTED_EDGE('',*,*,#1530,.T.);
#635=ORIENTED_EDGE('',*,*,#1531,.T.);
#636=ORIENTED_EDGE('',*,*,#1402,.F.);
#637=ORIENTED_EDGE('',*,*,#1531,.F.);
#638=ORIENTED_EDGE('',*,*,#1532,.T.);
#639=ORIENTED_EDGE('',*,*,#1525,.T.);
#640=ORIENTED_EDGE('',*,*,#1526,.F.);
#641=ORIENTED_EDGE('',*,*,#1532,.F.);
#642=ORIENTED_EDGE('',*,*,#1530,.F.);
#643=ORIENTED_EDGE('',*,*,#1528,.F.);
#644=ORIENTED_EDGE('',*,*,#1381,.T.);
#645=ORIENTED_EDGE('',*,*,#1533,.T.);
#646=ORIENTED_EDGE('',*,*,#1363,.F.);
#647=ORIENTED_EDGE('',*,*,#1387,.F.);
#648=ORIENTED_EDGE('',*,*,#1361,.F.);
#649=ORIENTED_EDGE('',*,*,#1388,.F.);
#650=ORIENTED_EDGE('',*,*,#1367,.F.);
#651=ORIENTED_EDGE('',*,*,#1534,.T.);
#652=ORIENTED_EDGE('',*,*,#1382,.F.);
#653=ORIENTED_EDGE('',*,*,#1534,.F.);
#654=ORIENTED_EDGE('',*,*,#1366,.F.);
#655=ORIENTED_EDGE('',*,*,#1391,.F.);
#656=ORIENTED_EDGE('',*,*,#1379,.F.);
#657=ORIENTED_EDGE('',*,*,#1364,.F.);
#658=ORIENTED_EDGE('',*,*,#1533,.F.);
#659=ORIENTED_EDGE('',*,*,#1380,.F.);
#660=ORIENTED_EDGE('',*,*,#1373,.F.);
#661=ORIENTED_EDGE('',*,*,#1390,.F.);
#662=ORIENTED_EDGE('',*,*,#1535,.T.);
#663=ORIENTED_EDGE('',*,*,#1329,.F.);
#664=ORIENTED_EDGE('',*,*,#1535,.F.);
#665=ORIENTED_EDGE('',*,*,#1536,.T.);
#666=ORIENTED_EDGE('',*,*,#1328,.F.);
#667=ORIENTED_EDGE('',*,*,#1536,.F.);
#668=ORIENTED_EDGE('',*,*,#1537,.T.);
#669=ORIENTED_EDGE('',*,*,#1330,.F.);
#670=ORIENTED_EDGE('',*,*,#1537,.F.);
#671=ORIENTED_EDGE('',*,*,#1538,.T.);
#672=ORIENTED_EDGE('',*,*,#1327,.F.);
#673=ORIENTED_EDGE('',*,*,#1538,.F.);
#674=ORIENTED_EDGE('',*,*,#1539,.T.);
#675=ORIENTED_EDGE('',*,*,#1331,.F.);
#676=ORIENTED_EDGE('',*,*,#1539,.F.);
#677=ORIENTED_EDGE('',*,*,#1323,.F.);
#678=ORIENTED_EDGE('',*,*,#1540,.T.);
#679=ORIENTED_EDGE('',*,*,#1541,.T.);
#680=ORIENTED_EDGE('',*,*,#1542,.T.);
#681=ORIENTED_EDGE('',*,*,#1324,.F.);
#682=ORIENTED_EDGE('',*,*,#1542,.F.);
#683=ORIENTED_EDGE('',*,*,#1543,.T.);
#684=ORIENTED_EDGE('',*,*,#1544,.T.);
#685=ORIENTED_EDGE('',*,*,#1545,.T.);
#686=ORIENTED_EDGE('',*,*,#1546,.T.);
#687=ORIENTED_EDGE('',*,*,#1325,.F.);
#688=ORIENTED_EDGE('',*,*,#1544,.F.);
#689=ORIENTED_EDGE('',*,*,#1541,.F.);
#690=ORIENTED_EDGE('',*,*,#1547,.T.);
#691=ORIENTED_EDGE('',*,*,#1545,.F.);
#692=ORIENTED_EDGE('',*,*,#1543,.F.);
#693=ORIENTED_EDGE('',*,*,#1332,.F.);
#694=ORIENTED_EDGE('',*,*,#1548,.T.);
#695=ORIENTED_EDGE('',*,*,#1549,.T.);
#696=ORIENTED_EDGE('',*,*,#1353,.T.);
#697=ORIENTED_EDGE('',*,*,#1550,.T.);
#698=ORIENTED_EDGE('',*,*,#1551,.T.);
#699=ORIENTED_EDGE('',*,*,#1351,.F.);
#700=ORIENTED_EDGE('',*,*,#1355,.F.);
#701=ORIENTED_EDGE('',*,*,#1549,.F.);
#702=ORIENTED_EDGE('',*,*,#1552,.T.);
#703=ORIENTED_EDGE('',*,*,#1550,.F.);
#704=ORIENTED_EDGE('',*,*,#1354,.F.);
#705=ORIENTED_EDGE('',*,*,#1546,.F.);
#706=ORIENTED_EDGE('',*,*,#1547,.F.);
#707=ORIENTED_EDGE('',*,*,#1540,.F.);
#708=ORIENTED_EDGE('',*,*,#1326,.F.);
#709=ORIENTED_EDGE('',*,*,#1551,.F.);
#710=ORIENTED_EDGE('',*,*,#1552,.F.);
#711=ORIENTED_EDGE('',*,*,#1548,.F.);
#712=ORIENTED_EDGE('',*,*,#1352,.F.);
#713=ORIENTED_EDGE('',*,*,#1553,.F.);
#714=ORIENTED_EDGE('',*,*,#1554,.F.);
#715=ORIENTED_EDGE('',*,*,#1555,.F.);
#716=ORIENTED_EDGE('',*,*,#1556,.F.);
#717=ORIENTED_EDGE('',*,*,#1557,.F.);
#718=ORIENTED_EDGE('',*,*,#1558,.T.);
#719=ORIENTED_EDGE('',*,*,#1559,.F.);
#720=ORIENTED_EDGE('',*,*,#1560,.T.);
#721=ORIENTED_EDGE('',*,*,#1561,.T.);
#722=ORIENTED_EDGE('',*,*,#1562,.T.);
#723=ORIENTED_EDGE('',*,*,#1563,.F.);
#724=ORIENTED_EDGE('',*,*,#1564,.T.);
#725=ORIENTED_EDGE('',*,*,#1565,.T.);
#726=ORIENTED_EDGE('',*,*,#1561,.F.);
#727=ORIENTED_EDGE('',*,*,#1566,.T.);
#728=ORIENTED_EDGE('',*,*,#1567,.T.);
#729=ORIENTED_EDGE('',*,*,#1568,.F.);
#730=ORIENTED_EDGE('',*,*,#1559,.T.);
#731=ORIENTED_EDGE('',*,*,#1569,.F.);
#732=ORIENTED_EDGE('',*,*,#1553,.T.);
#733=ORIENTED_EDGE('',*,*,#1570,.T.);
#734=ORIENTED_EDGE('',*,*,#1555,.T.);
#735=ORIENTED_EDGE('',*,*,#1571,.T.);
#736=ORIENTED_EDGE('',*,*,#1557,.T.);
#737=ORIENTED_EDGE('',*,*,#1572,.T.);
#738=ORIENTED_EDGE('',*,*,#1573,.F.);
#739=ORIENTED_EDGE('',*,*,#1574,.F.);
#740=ORIENTED_EDGE('',*,*,#1563,.T.);
#741=ORIENTED_EDGE('',*,*,#1575,.T.);
#742=ORIENTED_EDGE('',*,*,#1576,.T.);
#743=ORIENTED_EDGE('',*,*,#1577,.T.);
#744=ORIENTED_EDGE('',*,*,#1578,.F.);
#745=ORIENTED_EDGE('',*,*,#1579,.F.);
#746=ORIENTED_EDGE('',*,*,#1566,.F.);
#747=ORIENTED_EDGE('',*,*,#1564,.F.);
#748=ORIENTED_EDGE('',*,*,#1574,.T.);
#749=ORIENTED_EDGE('',*,*,#1580,.T.);
#750=ORIENTED_EDGE('',*,*,#1581,.F.);
#751=ORIENTED_EDGE('',*,*,#1577,.F.);
#752=ORIENTED_EDGE('',*,*,#1582,.T.);
#753=ORIENTED_EDGE('',*,*,#1568,.T.);
#754=ORIENTED_EDGE('',*,*,#1583,.T.);
#755=ORIENTED_EDGE('',*,*,#1584,.T.);
#756=ORIENTED_EDGE('',*,*,#1580,.F.);
#757=ORIENTED_EDGE('',*,*,#1585,.F.);
#758=ORIENTED_EDGE('',*,*,#1586,.F.);
#759=ORIENTED_EDGE('',*,*,#1572,.F.);
#760=ORIENTED_EDGE('',*,*,#1560,.F.);
#761=ORIENTED_EDGE('',*,*,#1583,.F.);
#762=ORIENTED_EDGE('',*,*,#1567,.F.);
#763=ORIENTED_EDGE('',*,*,#1579,.T.);
#764=ORIENTED_EDGE('',*,*,#1587,.T.);
#765=ORIENTED_EDGE('',*,*,#1581,.T.);
#766=ORIENTED_EDGE('',*,*,#1584,.F.);
#767=ORIENTED_EDGE('',*,*,#1587,.F.);
#768=ORIENTED_EDGE('',*,*,#1578,.T.);
#769=ORIENTED_EDGE('',*,*,#1586,.T.);
#770=ORIENTED_EDGE('',*,*,#1588,.F.);
#771=ORIENTED_EDGE('',*,*,#1575,.F.);
#772=ORIENTED_EDGE('',*,*,#1573,.T.);
#773=ORIENTED_EDGE('',*,*,#1585,.T.);
#774=ORIENTED_EDGE('',*,*,#1582,.F.);
#775=ORIENTED_EDGE('',*,*,#1576,.F.);
#776=ORIENTED_EDGE('',*,*,#1588,.T.);
#777=ORIENTED_EDGE('',*,*,#1562,.F.);
#778=ORIENTED_EDGE('',*,*,#1565,.F.);
#779=ORIENTED_EDGE('',*,*,#1556,.T.);
#780=ORIENTED_EDGE('',*,*,#1570,.F.);
#781=ORIENTED_EDGE('',*,*,#1589,.T.);
#782=ORIENTED_EDGE('',*,*,#1590,.T.);
#783=ORIENTED_EDGE('',*,*,#1591,.F.);
#784=ORIENTED_EDGE('',*,*,#1592,.T.);
#785=ORIENTED_EDGE('',*,*,#1593,.T.);
#786=ORIENTED_EDGE('',*,*,#1594,.T.);
#787=ORIENTED_EDGE('',*,*,#1589,.F.);
#788=ORIENTED_EDGE('',*,*,#1595,.T.);
#789=ORIENTED_EDGE('',*,*,#1596,.F.);
#790=ORIENTED_EDGE('',*,*,#1597,.T.);
#791=ORIENTED_EDGE('',*,*,#1598,.T.);
#792=ORIENTED_EDGE('',*,*,#1597,.F.);
#793=ORIENTED_EDGE('',*,*,#1599,.F.);
#794=ORIENTED_EDGE('',*,*,#1600,.T.);
#795=ORIENTED_EDGE('',*,*,#1601,.T.);
#796=ORIENTED_EDGE('',*,*,#1600,.F.);
#797=ORIENTED_EDGE('',*,*,#1602,.F.);
#798=ORIENTED_EDGE('',*,*,#1603,.T.);
#799=ORIENTED_EDGE('',*,*,#1604,.T.);
#800=ORIENTED_EDGE('',*,*,#1603,.F.);
#801=ORIENTED_EDGE('',*,*,#1605,.F.);
#802=ORIENTED_EDGE('',*,*,#1606,.T.);
#803=ORIENTED_EDGE('',*,*,#1607,.F.);
#804=ORIENTED_EDGE('',*,*,#1608,.F.);
#805=ORIENTED_EDGE('',*,*,#1609,.T.);
#806=ORIENTED_EDGE('',*,*,#1610,.T.);
#807=ORIENTED_EDGE('',*,*,#1611,.F.);
#808=ORIENTED_EDGE('',*,*,#1610,.F.);
#809=ORIENTED_EDGE('',*,*,#1612,.T.);
#810=ORIENTED_EDGE('',*,*,#1613,.T.);
#811=ORIENTED_EDGE('',*,*,#1614,.F.);
#812=ORIENTED_EDGE('',*,*,#1613,.F.);
#813=ORIENTED_EDGE('',*,*,#1615,.T.);
#814=ORIENTED_EDGE('',*,*,#1616,.T.);
#815=ORIENTED_EDGE('',*,*,#1591,.T.);
#816=ORIENTED_EDGE('',*,*,#1617,.T.);
#817=ORIENTED_EDGE('',*,*,#1618,.F.);
#818=ORIENTED_EDGE('',*,*,#1616,.F.);
#819=ORIENTED_EDGE('',*,*,#1619,.T.);
#820=ORIENTED_EDGE('',*,*,#1620,.T.);
#821=ORIENTED_EDGE('',*,*,#1596,.T.);
#822=ORIENTED_EDGE('',*,*,#1621,.T.);
#823=ORIENTED_EDGE('',*,*,#1619,.F.);
#824=ORIENTED_EDGE('',*,*,#1615,.F.);
#825=ORIENTED_EDGE('',*,*,#1612,.F.);
#826=ORIENTED_EDGE('',*,*,#1609,.F.);
#827=ORIENTED_EDGE('',*,*,#1622,.F.);
#828=ORIENTED_EDGE('',*,*,#1623,.F.);
#829=ORIENTED_EDGE('',*,*,#1624,.F.);
#830=ORIENTED_EDGE('',*,*,#1625,.T.);
#831=ORIENTED_EDGE('',*,*,#1626,.T.);
#832=ORIENTED_EDGE('',*,*,#1605,.T.);
#833=ORIENTED_EDGE('',*,*,#1602,.T.);
#834=ORIENTED_EDGE('',*,*,#1599,.T.);
#835=ORIENTED_EDGE('',*,*,#1627,.T.);
#836=ORIENTED_EDGE('',*,*,#1606,.F.);
#837=ORIENTED_EDGE('',*,*,#1626,.F.);
#838=ORIENTED_EDGE('',*,*,#1628,.T.);
#839=ORIENTED_EDGE('',*,*,#1618,.T.);
#840=ORIENTED_EDGE('',*,*,#1629,.T.);
#841=ORIENTED_EDGE('',*,*,#1593,.F.);
#842=ORIENTED_EDGE('',*,*,#1598,.F.);
#843=ORIENTED_EDGE('',*,*,#1601,.F.);
#844=ORIENTED_EDGE('',*,*,#1604,.F.);
#845=ORIENTED_EDGE('',*,*,#1627,.F.);
#846=ORIENTED_EDGE('',*,*,#1630,.T.);
#847=ORIENTED_EDGE('',*,*,#1631,.T.);
#848=ORIENTED_EDGE('',*,*,#1632,.F.);
#849=ORIENTED_EDGE('',*,*,#1633,.T.);
#850=ORIENTED_EDGE('',*,*,#1607,.T.);
#851=ORIENTED_EDGE('',*,*,#1611,.T.);
#852=ORIENTED_EDGE('',*,*,#1614,.T.);
#853=ORIENTED_EDGE('',*,*,#1633,.F.);
#854=ORIENTED_EDGE('',*,*,#1634,.F.);
#855=ORIENTED_EDGE('',*,*,#1622,.T.);
#856=ORIENTED_EDGE('',*,*,#1608,.T.);
#857=ORIENTED_EDGE('',*,*,#1631,.F.);
#858=ORIENTED_EDGE('',*,*,#1635,.F.);
#859=ORIENTED_EDGE('',*,*,#1554,.T.);
#860=ORIENTED_EDGE('',*,*,#1636,.T.);
#861=ORIENTED_EDGE('',*,*,#1558,.F.);
#862=ORIENTED_EDGE('',*,*,#1637,.F.);
#863=ORIENTED_EDGE('',*,*,#1624,.T.);
#864=ORIENTED_EDGE('',*,*,#1638,.T.);
#865=ORIENTED_EDGE('',*,*,#1623,.T.);
#866=ORIENTED_EDGE('',*,*,#1634,.T.);
#867=ORIENTED_EDGE('',*,*,#1632,.T.);
#868=ORIENTED_EDGE('',*,*,#1636,.F.);
#869=ORIENTED_EDGE('',*,*,#1569,.T.);
#870=ORIENTED_EDGE('',*,*,#1638,.F.);
#871=ORIENTED_EDGE('',*,*,#1625,.F.);
#872=ORIENTED_EDGE('',*,*,#1637,.T.);
#873=ORIENTED_EDGE('',*,*,#1571,.F.);
#874=ORIENTED_EDGE('',*,*,#1635,.T.);
#875=ORIENTED_EDGE('',*,*,#1630,.F.);
#876=ORIENTED_EDGE('',*,*,#1628,.F.);
#877=ORIENTED_EDGE('',*,*,#1594,.F.);
#878=ORIENTED_EDGE('',*,*,#1629,.F.);
#879=ORIENTED_EDGE('',*,*,#1617,.F.);
#880=ORIENTED_EDGE('',*,*,#1590,.F.);
#881=ORIENTED_EDGE('',*,*,#1595,.F.);
#882=ORIENTED_EDGE('',*,*,#1592,.F.);
#883=ORIENTED_EDGE('',*,*,#1620,.F.);
#884=ORIENTED_EDGE('',*,*,#1621,.F.);
#885=ORIENTED_EDGE('',*,*,#1639,.F.);
#886=ORIENTED_EDGE('',*,*,#1640,.T.);
#887=ORIENTED_EDGE('',*,*,#1641,.T.);
#888=ORIENTED_EDGE('',*,*,#1642,.T.);
#889=ORIENTED_EDGE('',*,*,#1643,.T.);
#890=ORIENTED_EDGE('',*,*,#1644,.T.);
#891=ORIENTED_EDGE('',*,*,#1645,.T.);
#892=ORIENTED_EDGE('',*,*,#1646,.F.);
#893=ORIENTED_EDGE('',*,*,#1647,.T.);
#894=ORIENTED_EDGE('',*,*,#1648,.T.);
#895=ORIENTED_EDGE('',*,*,#1649,.T.);
#896=ORIENTED_EDGE('',*,*,#1650,.T.);
#897=ORIENTED_EDGE('',*,*,#1651,.T.);
#898=ORIENTED_EDGE('',*,*,#1646,.T.);
#899=ORIENTED_EDGE('',*,*,#1652,.T.);
#900=ORIENTED_EDGE('',*,*,#1653,.T.);
#901=ORIENTED_EDGE('',*,*,#1654,.T.);
#902=ORIENTED_EDGE('',*,*,#1655,.T.);
#903=ORIENTED_EDGE('',*,*,#1656,.T.);
#904=ORIENTED_EDGE('',*,*,#1639,.T.);
#905=ORIENTED_EDGE('',*,*,#1651,.F.);
#906=ORIENTED_EDGE('',*,*,#1657,.T.);
#907=ORIENTED_EDGE('',*,*,#1658,.T.);
#908=ORIENTED_EDGE('',*,*,#1659,.T.);
#909=ORIENTED_EDGE('',*,*,#1660,.F.);
#910=ORIENTED_EDGE('',*,*,#1657,.F.);
#911=ORIENTED_EDGE('',*,*,#1661,.T.);
#912=ORIENTED_EDGE('',*,*,#1662,.F.);
#913=ORIENTED_EDGE('',*,*,#1663,.F.);
#914=ORIENTED_EDGE('',*,*,#1664,.F.);
#915=ORIENTED_EDGE('',*,*,#1665,.F.);
#916=ORIENTED_EDGE('',*,*,#1666,.F.);
#917=ORIENTED_EDGE('',*,*,#1667,.F.);
#918=ORIENTED_EDGE('',*,*,#1668,.F.);
#919=ORIENTED_EDGE('',*,*,#1642,.F.);
#920=ORIENTED_EDGE('',*,*,#1669,.T.);
#921=ORIENTED_EDGE('',*,*,#1670,.T.);
#922=ORIENTED_EDGE('',*,*,#1650,.F.);
#923=ORIENTED_EDGE('',*,*,#1671,.T.);
#924=ORIENTED_EDGE('',*,*,#1655,.F.);
#925=ORIENTED_EDGE('',*,*,#1659,.F.);
#926=ORIENTED_EDGE('',*,*,#1672,.T.);
#927=ORIENTED_EDGE('',*,*,#1673,.T.);
#928=ORIENTED_EDGE('',*,*,#1674,.T.);
#929=ORIENTED_EDGE('',*,*,#1647,.F.);
#930=ORIENTED_EDGE('',*,*,#1675,.F.);
#931=ORIENTED_EDGE('',*,*,#1661,.F.);
#932=ORIENTED_EDGE('',*,*,#1653,.F.);
#933=ORIENTED_EDGE('',*,*,#1676,.F.);
#934=ORIENTED_EDGE('',*,*,#1677,.T.);
#935=ORIENTED_EDGE('',*,*,#1678,.F.);
#936=ORIENTED_EDGE('',*,*,#1663,.T.);
#937=ORIENTED_EDGE('',*,*,#1679,.T.);
#938=ORIENTED_EDGE('',*,*,#1680,.T.);
#939=ORIENTED_EDGE('',*,*,#1643,.F.);
#940=ORIENTED_EDGE('',*,*,#1668,.T.);
#941=ORIENTED_EDGE('',*,*,#1681,.T.);
#942=ORIENTED_EDGE('',*,*,#1682,.T.);
#943=ORIENTED_EDGE('',*,*,#1681,.F.);
#944=ORIENTED_EDGE('',*,*,#1667,.T.);
#945=ORIENTED_EDGE('',*,*,#1683,.T.);
#946=ORIENTED_EDGE('',*,*,#1684,.T.);
#947=ORIENTED_EDGE('',*,*,#1683,.F.);
#948=ORIENTED_EDGE('',*,*,#1666,.T.);
#949=ORIENTED_EDGE('',*,*,#1685,.T.);
#950=ORIENTED_EDGE('',*,*,#1686,.T.);
#951=ORIENTED_EDGE('',*,*,#1685,.F.);
#952=ORIENTED_EDGE('',*,*,#1665,.T.);
#953=ORIENTED_EDGE('',*,*,#1687,.T.);
#954=ORIENTED_EDGE('',*,*,#1688,.T.);
#955=ORIENTED_EDGE('',*,*,#1687,.F.);
#956=ORIENTED_EDGE('',*,*,#1664,.T.);
#957=ORIENTED_EDGE('',*,*,#1678,.T.);
#958=ORIENTED_EDGE('',*,*,#1654,.F.);
#959=ORIENTED_EDGE('',*,*,#1679,.F.);
#960=ORIENTED_EDGE('',*,*,#1662,.T.);
#961=ORIENTED_EDGE('',*,*,#1675,.T.);
#962=ORIENTED_EDGE('',*,*,#1652,.F.);
#963=ORIENTED_EDGE('',*,*,#1645,.F.);
#964=ORIENTED_EDGE('',*,*,#1689,.T.);
#965=ORIENTED_EDGE('',*,*,#1676,.T.);
#966=ORIENTED_EDGE('',*,*,#1644,.F.);
#967=ORIENTED_EDGE('',*,*,#1680,.F.);
#968=ORIENTED_EDGE('',*,*,#1682,.F.);
#969=ORIENTED_EDGE('',*,*,#1684,.F.);
#970=ORIENTED_EDGE('',*,*,#1686,.F.);
#971=ORIENTED_EDGE('',*,*,#1688,.F.);
#972=ORIENTED_EDGE('',*,*,#1677,.F.);
#973=ORIENTED_EDGE('',*,*,#1689,.F.);
#974=ORIENTED_EDGE('',*,*,#1660,.T.);
#975=ORIENTED_EDGE('',*,*,#1690,.T.);
#976=ORIENTED_EDGE('',*,*,#1672,.F.);
#977=ORIENTED_EDGE('',*,*,#1658,.F.);
#978=ORIENTED_EDGE('',*,*,#1649,.F.);
#979=ORIENTED_EDGE('',*,*,#1691,.T.);
#980=ORIENTED_EDGE('',*,*,#1640,.F.);
#981=ORIENTED_EDGE('',*,*,#1656,.F.);
#982=ORIENTED_EDGE('',*,*,#1671,.F.);
#983=ORIENTED_EDGE('',*,*,#1674,.F.);
#984=ORIENTED_EDGE('',*,*,#1692,.F.);
#985=ORIENTED_EDGE('',*,*,#1669,.F.);
#986=ORIENTED_EDGE('',*,*,#1641,.F.);
#987=ORIENTED_EDGE('',*,*,#1691,.F.);
#988=ORIENTED_EDGE('',*,*,#1648,.F.);
#989=ORIENTED_EDGE('',*,*,#1670,.F.);
#990=ORIENTED_EDGE('',*,*,#1692,.T.);
#991=ORIENTED_EDGE('',*,*,#1673,.F.);
#992=ORIENTED_EDGE('',*,*,#1690,.F.);
#993=ORIENTED_EDGE('',*,*,#1693,.T.);
#994=ORIENTED_EDGE('',*,*,#1694,.F.);
#995=ORIENTED_EDGE('',*,*,#1695,.F.);
#996=ORIENTED_EDGE('',*,*,#1696,.T.);
#997=ORIENTED_EDGE('',*,*,#1697,.F.);
#998=ORIENTED_EDGE('',*,*,#1698,.T.);
#999=ORIENTED_EDGE('',*,*,#1699,.T.);
#1000=ORIENTED_EDGE('',*,*,#1700,.F.);
#1001=ORIENTED_EDGE('',*,*,#1701,.T.);
#1002=ORIENTED_EDGE('',*,*,#1702,.T.);
#1003=ORIENTED_EDGE('',*,*,#1703,.T.);
#1004=ORIENTED_EDGE('',*,*,#1704,.F.);
#1005=ORIENTED_EDGE('',*,*,#1705,.F.);
#1006=ORIENTED_EDGE('',*,*,#1706,.F.);
#1007=ORIENTED_EDGE('',*,*,#1696,.F.);
#1008=ORIENTED_EDGE('',*,*,#1707,.T.);
#1009=ORIENTED_EDGE('',*,*,#1703,.F.);
#1010=ORIENTED_EDGE('',*,*,#1708,.T.);
#1011=ORIENTED_EDGE('',*,*,#1709,.T.);
#1012=ORIENTED_EDGE('',*,*,#1710,.F.);
#1013=ORIENTED_EDGE('',*,*,#1711,.T.);
#1014=ORIENTED_EDGE('',*,*,#1712,.T.);
#1015=ORIENTED_EDGE('',*,*,#1713,.T.);
#1016=ORIENTED_EDGE('',*,*,#1709,.F.);
#1017=ORIENTED_EDGE('',*,*,#1714,.F.);
#1018=ORIENTED_EDGE('',*,*,#1715,.F.);
#1019=ORIENTED_EDGE('',*,*,#1716,.F.);
#1020=ORIENTED_EDGE('',*,*,#1700,.T.);
#1021=ORIENTED_EDGE('',*,*,#1711,.F.);
#1022=ORIENTED_EDGE('',*,*,#1699,.F.);
#1023=ORIENTED_EDGE('',*,*,#1717,.F.);
#1024=ORIENTED_EDGE('',*,*,#1693,.F.);
#1025=ORIENTED_EDGE('',*,*,#1706,.T.);
#1026=ORIENTED_EDGE('',*,*,#1718,.T.);
#1027=ORIENTED_EDGE('',*,*,#1712,.F.);
#1028=ORIENTED_EDGE('',*,*,#1718,.F.);
#1029=ORIENTED_EDGE('',*,*,#1705,.T.);
#1030=ORIENTED_EDGE('',*,*,#1719,.T.);
#1031=ORIENTED_EDGE('',*,*,#1713,.F.);
#1032=ORIENTED_EDGE('',*,*,#1719,.F.);
#1033=ORIENTED_EDGE('',*,*,#1704,.T.);
#1034=ORIENTED_EDGE('',*,*,#1710,.T.);
#1035=ORIENTED_EDGE('',*,*,#1716,.T.);
#1036=ORIENTED_EDGE('',*,*,#1720,.F.);
#1037=ORIENTED_EDGE('',*,*,#1707,.F.);
#1038=ORIENTED_EDGE('',*,*,#1695,.T.);
#1039=ORIENTED_EDGE('',*,*,#1721,.T.);
#1040=ORIENTED_EDGE('',*,*,#1697,.T.);
#1041=ORIENTED_EDGE('',*,*,#1715,.T.);
#1042=ORIENTED_EDGE('',*,*,#1722,.F.);
#1043=ORIENTED_EDGE('',*,*,#1701,.F.);
#1044=ORIENTED_EDGE('',*,*,#1720,.T.);
#1045=ORIENTED_EDGE('',*,*,#1714,.T.);
#1046=ORIENTED_EDGE('',*,*,#1708,.F.);
#1047=ORIENTED_EDGE('',*,*,#1702,.F.);
#1048=ORIENTED_EDGE('',*,*,#1722,.T.);
#1049=ORIENTED_EDGE('',*,*,#1723,.T.);
#1050=ORIENTED_EDGE('',*,*,#1724,.F.);
#1051=ORIENTED_EDGE('',*,*,#1725,.F.);
#1052=ORIENTED_EDGE('',*,*,#1726,.T.);
#1053=ORIENTED_EDGE('',*,*,#1727,.F.);
#1054=ORIENTED_EDGE('',*,*,#1728,.F.);
#1055=ORIENTED_EDGE('',*,*,#1729,.T.);
#1056=ORIENTED_EDGE('',*,*,#1730,.T.);
#1057=ORIENTED_EDGE('',*,*,#1731,.F.);
#1058=ORIENTED_EDGE('',*,*,#1730,.F.);
#1059=ORIENTED_EDGE('',*,*,#1732,.T.);
#1060=ORIENTED_EDGE('',*,*,#1733,.T.);
#1061=ORIENTED_EDGE('',*,*,#1734,.T.);
#1062=ORIENTED_EDGE('',*,*,#1735,.T.);
#1063=ORIENTED_EDGE('',*,*,#1736,.F.);
#1064=ORIENTED_EDGE('',*,*,#1733,.F.);
#1065=ORIENTED_EDGE('',*,*,#1737,.T.);
#1066=ORIENTED_EDGE('',*,*,#1738,.T.);
#1067=ORIENTED_EDGE('',*,*,#1739,.T.);
#1068=ORIENTED_EDGE('',*,*,#1740,.T.);
#1069=ORIENTED_EDGE('',*,*,#1734,.F.);
#1070=ORIENTED_EDGE('',*,*,#1741,.T.);
#1071=ORIENTED_EDGE('',*,*,#1742,.T.);
#1072=ORIENTED_EDGE('',*,*,#1743,.T.);
#1073=ORIENTED_EDGE('',*,*,#1739,.F.);
#1074=ORIENTED_EDGE('',*,*,#1744,.T.);
#1075=ORIENTED_EDGE('',*,*,#1745,.F.);
#1076=ORIENTED_EDGE('',*,*,#1746,.T.);
#1077=ORIENTED_EDGE('',*,*,#1747,.T.);
#1078=ORIENTED_EDGE('',*,*,#1746,.F.);
#1079=ORIENTED_EDGE('',*,*,#1748,.F.);
#1080=ORIENTED_EDGE('',*,*,#1749,.T.);
#1081=ORIENTED_EDGE('',*,*,#1750,.T.);
#1082=ORIENTED_EDGE('',*,*,#1749,.F.);
#1083=ORIENTED_EDGE('',*,*,#1751,.F.);
#1084=ORIENTED_EDGE('',*,*,#1724,.T.);
#1085=ORIENTED_EDGE('',*,*,#1752,.F.);
#1086=ORIENTED_EDGE('',*,*,#1753,.F.);
#1087=ORIENTED_EDGE('',*,*,#1754,.T.);
#1088=ORIENTED_EDGE('',*,*,#1728,.T.);
#1089=ORIENTED_EDGE('',*,*,#1755,.F.);
#1090=ORIENTED_EDGE('',*,*,#1756,.F.);
#1091=ORIENTED_EDGE('',*,*,#1757,.T.);
#1092=ORIENTED_EDGE('',*,*,#1753,.T.);
#1093=ORIENTED_EDGE('',*,*,#1745,.T.);
#1094=ORIENTED_EDGE('',*,*,#1758,.T.);
#1095=ORIENTED_EDGE('',*,*,#1737,.F.);
#1096=ORIENTED_EDGE('',*,*,#1732,.F.);
#1097=ORIENTED_EDGE('',*,*,#1729,.F.);
#1098=ORIENTED_EDGE('',*,*,#1754,.F.);
#1099=ORIENTED_EDGE('',*,*,#1757,.F.);
#1100=ORIENTED_EDGE('',*,*,#1759,.T.);
#1101=ORIENTED_EDGE('',*,*,#1760,.T.);
#1102=ORIENTED_EDGE('',*,*,#1761,.F.);
#1103=ORIENTED_EDGE('',*,*,#1762,.T.);
#1104=ORIENTED_EDGE('',*,*,#1725,.T.);
#1105=ORIENTED_EDGE('',*,*,#1751,.T.);
#1106=ORIENTED_EDGE('',*,*,#1748,.T.);
#1107=ORIENTED_EDGE('',*,*,#1763,.T.);
#1108=ORIENTED_EDGE('',*,*,#1726,.F.);
#1109=ORIENTED_EDGE('',*,*,#1762,.F.);
#1110=ORIENTED_EDGE('',*,*,#1764,.T.);
#1111=ORIENTED_EDGE('',*,*,#1736,.T.);
#1112=ORIENTED_EDGE('',*,*,#1765,.T.);
#1113=ORIENTED_EDGE('',*,*,#1742,.F.);
#1114=ORIENTED_EDGE('',*,*,#1747,.F.);
#1115=ORIENTED_EDGE('',*,*,#1750,.F.);
#1116=ORIENTED_EDGE('',*,*,#1723,.F.);
#1117=ORIENTED_EDGE('',*,*,#1763,.F.);
#1118=ORIENTED_EDGE('',*,*,#1766,.F.);
#1119=ORIENTED_EDGE('',*,*,#1767,.F.);
#1120=ORIENTED_EDGE('',*,*,#1768,.T.);
#1121=ORIENTED_EDGE('',*,*,#1755,.T.);
#1122=ORIENTED_EDGE('',*,*,#1752,.T.);
#1123=ORIENTED_EDGE('',*,*,#1727,.T.);
#1124=ORIENTED_EDGE('',*,*,#1731,.T.);
#1125=ORIENTED_EDGE('',*,*,#1760,.F.);
#1126=ORIENTED_EDGE('',*,*,#1769,.F.);
#1127=ORIENTED_EDGE('',*,*,#1694,.T.);
#1128=ORIENTED_EDGE('',*,*,#1770,.T.);
#1129=ORIENTED_EDGE('',*,*,#1698,.F.);
#1130=ORIENTED_EDGE('',*,*,#1771,.F.);
#1131=ORIENTED_EDGE('',*,*,#1767,.T.);
#1132=ORIENTED_EDGE('',*,*,#1772,.T.);
#1133=ORIENTED_EDGE('',*,*,#1764,.F.);
#1134=ORIENTED_EDGE('',*,*,#1761,.T.);
#1135=ORIENTED_EDGE('',*,*,#1770,.F.);
#1136=ORIENTED_EDGE('',*,*,#1717,.T.);
#1137=ORIENTED_EDGE('',*,*,#1772,.F.);
#1138=ORIENTED_EDGE('',*,*,#1766,.T.);
#1139=ORIENTED_EDGE('',*,*,#1756,.T.);
#1140=ORIENTED_EDGE('',*,*,#1768,.F.);
#1141=ORIENTED_EDGE('',*,*,#1771,.T.);
#1142=ORIENTED_EDGE('',*,*,#1721,.F.);
#1143=ORIENTED_EDGE('',*,*,#1769,.T.);
#1144=ORIENTED_EDGE('',*,*,#1759,.F.);
#1145=ORIENTED_EDGE('',*,*,#1743,.F.);
#1146=ORIENTED_EDGE('',*,*,#1765,.F.);
#1147=ORIENTED_EDGE('',*,*,#1735,.F.);
#1148=ORIENTED_EDGE('',*,*,#1740,.F.);
#1149=ORIENTED_EDGE('',*,*,#1744,.F.);
#1150=ORIENTED_EDGE('',*,*,#1741,.F.);
#1151=ORIENTED_EDGE('',*,*,#1738,.F.);
#1152=ORIENTED_EDGE('',*,*,#1758,.F.);
#1153=ORIENTED_EDGE('',*,*,#1773,.F.);
#1154=ORIENTED_EDGE('',*,*,#1774,.T.);
#1155=ORIENTED_EDGE('',*,*,#1775,.F.);
#1156=ORIENTED_EDGE('',*,*,#1776,.T.);
#1157=ORIENTED_EDGE('',*,*,#1777,.F.);
#1158=ORIENTED_EDGE('',*,*,#1778,.F.);
#1159=ORIENTED_EDGE('',*,*,#1779,.F.);
#1160=ORIENTED_EDGE('',*,*,#1780,.F.);
#1161=ORIENTED_EDGE('',*,*,#1781,.F.);
#1162=ORIENTED_EDGE('',*,*,#1782,.F.);
#1163=ORIENTED_EDGE('',*,*,#1783,.F.);
#1164=ORIENTED_EDGE('',*,*,#1784,.F.);
#1165=ORIENTED_EDGE('',*,*,#1785,.F.);
#1166=ORIENTED_EDGE('',*,*,#1786,.F.);
#1167=ORIENTED_EDGE('',*,*,#1787,.F.);
#1168=ORIENTED_EDGE('',*,*,#1788,.F.);
#1169=ORIENTED_EDGE('',*,*,#1789,.T.);
#1170=ORIENTED_EDGE('',*,*,#1790,.F.);
#1171=ORIENTED_EDGE('',*,*,#1791,.T.);
#1172=ORIENTED_EDGE('',*,*,#1792,.T.);
#1173=ORIENTED_EDGE('',*,*,#1793,.T.);
#1174=ORIENTED_EDGE('',*,*,#1794,.F.);
#1175=ORIENTED_EDGE('',*,*,#1795,.F.);
#1176=ORIENTED_EDGE('',*,*,#1796,.F.);
#1177=ORIENTED_EDGE('',*,*,#1797,.F.);
#1178=ORIENTED_EDGE('',*,*,#1798,.F.);
#1179=ORIENTED_EDGE('',*,*,#1799,.T.);
#1180=ORIENTED_EDGE('',*,*,#1800,.T.);
#1181=ORIENTED_EDGE('',*,*,#1801,.T.);
#1182=ORIENTED_EDGE('',*,*,#1802,.T.);
#1183=ORIENTED_EDGE('',*,*,#1803,.F.);
#1184=ORIENTED_EDGE('',*,*,#1804,.T.);
#1185=ORIENTED_EDGE('',*,*,#1773,.T.);
#1186=ORIENTED_EDGE('',*,*,#1805,.F.);
#1187=ORIENTED_EDGE('',*,*,#1806,.T.);
#1188=ORIENTED_EDGE('',*,*,#1807,.T.);
#1189=ORIENTED_EDGE('',*,*,#1790,.T.);
#1190=ORIENTED_EDGE('',*,*,#1808,.T.);
#1191=ORIENTED_EDGE('',*,*,#1809,.T.);
#1192=ORIENTED_EDGE('',*,*,#1810,.T.);
#1193=ORIENTED_EDGE('',*,*,#1811,.T.);
#1194=ORIENTED_EDGE('',*,*,#1812,.T.);
#1195=ORIENTED_EDGE('',*,*,#1803,.T.);
#1196=ORIENTED_EDGE('',*,*,#1813,.T.);
#1197=ORIENTED_EDGE('',*,*,#1814,.T.);
#1198=ORIENTED_EDGE('',*,*,#1815,.T.);
#1199=ORIENTED_EDGE('',*,*,#1816,.T.);
#1200=ORIENTED_EDGE('',*,*,#1817,.T.);
#1201=ORIENTED_EDGE('',*,*,#1818,.T.);
#1202=ORIENTED_EDGE('',*,*,#1819,.T.);
#1203=ORIENTED_EDGE('',*,*,#1820,.T.);
#1204=ORIENTED_EDGE('',*,*,#1821,.T.);
#1205=ORIENTED_EDGE('',*,*,#1822,.T.);
#1206=ORIENTED_EDGE('',*,*,#1823,.T.);
#1207=ORIENTED_EDGE('',*,*,#1824,.T.);
#1208=ORIENTED_EDGE('',*,*,#1825,.T.);
#1209=ORIENTED_EDGE('',*,*,#1826,.T.);
#1210=ORIENTED_EDGE('',*,*,#1827,.T.);
#1211=ORIENTED_EDGE('',*,*,#1828,.T.);
#1212=ORIENTED_EDGE('',*,*,#1829,.T.);
#1213=ORIENTED_EDGE('',*,*,#1775,.T.);
#1214=ORIENTED_EDGE('',*,*,#1830,.T.);
#1215=ORIENTED_EDGE('',*,*,#1811,.F.);
#1216=ORIENTED_EDGE('',*,*,#1831,.T.);
#1217=ORIENTED_EDGE('',*,*,#1814,.F.);
#1218=ORIENTED_EDGE('',*,*,#1832,.T.);
#1219=ORIENTED_EDGE('',*,*,#1788,.T.);
#1220=ORIENTED_EDGE('',*,*,#1833,.T.);
#1221=ORIENTED_EDGE('',*,*,#1815,.F.);
#1222=ORIENTED_EDGE('',*,*,#1833,.F.);
#1223=ORIENTED_EDGE('',*,*,#1787,.T.);
#1224=ORIENTED_EDGE('',*,*,#1834,.T.);
#1225=ORIENTED_EDGE('',*,*,#1816,.F.);
#1226=ORIENTED_EDGE('',*,*,#1834,.F.);
#1227=ORIENTED_EDGE('',*,*,#1786,.T.);
#1228=ORIENTED_EDGE('',*,*,#1835,.T.);
#1229=ORIENTED_EDGE('',*,*,#1817,.F.);
#1230=ORIENTED_EDGE('',*,*,#1835,.F.);
#1231=ORIENTED_EDGE('',*,*,#1785,.T.);
#1232=ORIENTED_EDGE('',*,*,#1836,.T.);
#1233=ORIENTED_EDGE('',*,*,#1818,.F.);
#1234=ORIENTED_EDGE('',*,*,#1836,.F.);
#1235=ORIENTED_EDGE('',*,*,#1784,.T.);
#1236=ORIENTED_EDGE('',*,*,#1837,.T.);
#1237=ORIENTED_EDGE('',*,*,#1819,.F.);
#1238=ORIENTED_EDGE('',*,*,#1837,.F.);
#1239=ORIENTED_EDGE('',*,*,#1783,.T.);
#1240=ORIENTED_EDGE('',*,*,#1838,.T.);
#1241=ORIENTED_EDGE('',*,*,#1820,.F.);
#1242=ORIENTED_EDGE('',*,*,#1838,.F.);
#1243=ORIENTED_EDGE('',*,*,#1782,.T.);
#1244=ORIENTED_EDGE('',*,*,#1839,.T.);
#1245=ORIENTED_EDGE('',*,*,#1821,.F.);
#1246=ORIENTED_EDGE('',*,*,#1839,.F.);
#1247=ORIENTED_EDGE('',*,*,#1781,.T.);
#1248=ORIENTED_EDGE('',*,*,#1840,.T.);
#1249=ORIENTED_EDGE('',*,*,#1822,.F.);
#1250=ORIENTED_EDGE('',*,*,#1840,.F.);
#1251=ORIENTED_EDGE('',*,*,#1780,.T.);
#1252=ORIENTED_EDGE('',*,*,#1841,.T.);
#1253=ORIENTED_EDGE('',*,*,#1823,.F.);
#1254=ORIENTED_EDGE('',*,*,#1841,.F.);
#1255=ORIENTED_EDGE('',*,*,#1779,.T.);
#1256=ORIENTED_EDGE('',*,*,#1842,.T.);
#1257=ORIENTED_EDGE('',*,*,#1824,.F.);
#1258=ORIENTED_EDGE('',*,*,#1842,.F.);
#1259=ORIENTED_EDGE('',*,*,#1778,.T.);
#1260=ORIENTED_EDGE('',*,*,#1843,.T.);
#1261=ORIENTED_EDGE('',*,*,#1777,.T.);
#1262=ORIENTED_EDGE('',*,*,#1844,.T.);
#1263=ORIENTED_EDGE('',*,*,#1825,.F.);
#1264=ORIENTED_EDGE('',*,*,#1843,.F.);
#1265=ORIENTED_EDGE('',*,*,#1796,.T.);
#1266=ORIENTED_EDGE('',*,*,#1827,.F.);
#1267=ORIENTED_EDGE('',*,*,#1795,.T.);
#1268=ORIENTED_EDGE('',*,*,#1810,.F.);
#1269=ORIENTED_EDGE('',*,*,#1797,.T.);
#1270=ORIENTED_EDGE('',*,*,#1828,.F.);
#1271=ORIENTED_EDGE('',*,*,#1794,.T.);
#1272=ORIENTED_EDGE('',*,*,#1809,.F.);
#1273=ORIENTED_EDGE('',*,*,#1798,.T.);
#1274=ORIENTED_EDGE('',*,*,#1829,.F.);
#1275=ORIENTED_EDGE('',*,*,#1793,.F.);
#1276=ORIENTED_EDGE('',*,*,#1845,.T.);
#1277=ORIENTED_EDGE('',*,*,#1846,.T.);
#1278=ORIENTED_EDGE('',*,*,#1805,.T.);
#1279=ORIENTED_EDGE('',*,*,#1847,.T.);
#1280=ORIENTED_EDGE('',*,*,#1848,.T.);
#1281=ORIENTED_EDGE('',*,*,#1791,.F.);
#1282=ORIENTED_EDGE('',*,*,#1807,.F.);
#1283=ORIENTED_EDGE('',*,*,#1846,.F.);
#1284=ORIENTED_EDGE('',*,*,#1849,.T.);
#1285=ORIENTED_EDGE('',*,*,#1847,.F.);
#1286=ORIENTED_EDGE('',*,*,#1806,.F.);
#1287=ORIENTED_EDGE('',*,*,#1799,.F.);
#1288=ORIENTED_EDGE('',*,*,#1850,.T.);
#1289=ORIENTED_EDGE('',*,*,#1851,.T.);
#1290=ORIENTED_EDGE('',*,*,#1852,.T.);
#1291=ORIENTED_EDGE('',*,*,#1800,.F.);
#1292=ORIENTED_EDGE('',*,*,#1852,.F.);
#1293=ORIENTED_EDGE('',*,*,#1853,.T.);
#1294=ORIENTED_EDGE('',*,*,#1854,.T.);
#1295=ORIENTED_EDGE('',*,*,#1855,.T.);
#1296=ORIENTED_EDGE('',*,*,#1856,.T.);
#1297=ORIENTED_EDGE('',*,*,#1801,.F.);
#1298=ORIENTED_EDGE('',*,*,#1854,.F.);
#1299=ORIENTED_EDGE('',*,*,#1851,.F.);
#1300=ORIENTED_EDGE('',*,*,#1857,.T.);
#1301=ORIENTED_EDGE('',*,*,#1855,.F.);
#1302=ORIENTED_EDGE('',*,*,#1853,.F.);
#1303=ORIENTED_EDGE('',*,*,#1848,.F.);
#1304=ORIENTED_EDGE('',*,*,#1849,.F.);
#1305=ORIENTED_EDGE('',*,*,#1845,.F.);
#1306=ORIENTED_EDGE('',*,*,#1792,.F.);
#1307=ORIENTED_EDGE('',*,*,#1856,.F.);
#1308=ORIENTED_EDGE('',*,*,#1857,.F.);
#1309=ORIENTED_EDGE('',*,*,#1850,.F.);
#1310=ORIENTED_EDGE('',*,*,#1802,.F.);
#1311=ORIENTED_EDGE('',*,*,#1789,.F.);
#1312=ORIENTED_EDGE('',*,*,#1832,.F.);
#1313=ORIENTED_EDGE('',*,*,#1813,.F.);
#1314=ORIENTED_EDGE('',*,*,#1808,.F.);
#1315=ORIENTED_EDGE('',*,*,#1776,.F.);
#1316=ORIENTED_EDGE('',*,*,#1831,.F.);
#1317=ORIENTED_EDGE('',*,*,#1826,.F.);
#1318=ORIENTED_EDGE('',*,*,#1844,.F.);
#1319=ORIENTED_EDGE('',*,*,#1774,.F.);
#1320=ORIENTED_EDGE('',*,*,#1804,.F.);
#1321=ORIENTED_EDGE('',*,*,#1812,.F.);
#1322=ORIENTED_EDGE('',*,*,#1830,.F.);
#1323=EDGE_CURVE('',#1858,#1859,#2221,.T.);
#1324=EDGE_CURVE('',#1859,#1860,#2222,.T.);
#1325=EDGE_CURVE('',#1860,#1861,#2223,.T.);
#1326=EDGE_CURVE('',#1861,#1858,#2224,.T.);
#1327=EDGE_CURVE('',#1862,#1862,#156,.T.);
#1328=EDGE_CURVE('',#1863,#1863,#157,.T.);
#1329=EDGE_CURVE('',#1864,#1864,#158,.T.);
#1330=EDGE_CURVE('',#1865,#1865,#159,.T.);
#1331=EDGE_CURVE('',#1866,#1866,#160,.T.);
#1332=EDGE_CURVE('',#1867,#1868,#2225,.T.);
#1333=EDGE_CURVE('',#1869,#1868,#2226,.T.);
#1334=EDGE_CURVE('',#1869,#1870,#161,.F.);
#1335=EDGE_CURVE('',#1871,#1870,#2227,.T.);
#1336=EDGE_CURVE('',#1871,#1872,#162,.F.);
#1337=EDGE_CURVE('',#1873,#1872,#2228,.T.);
#1338=EDGE_CURVE('',#1874,#1873,#2229,.T.);
#1339=EDGE_CURVE('',#1875,#1874,#2230,.T.);
#1340=EDGE_CURVE('',#1876,#1875,#2231,.T.);
#1341=EDGE_CURVE('',#1877,#1876,#2232,.T.);
#1342=EDGE_CURVE('',#1878,#1877,#2233,.T.);
#1343=EDGE_CURVE('',#1879,#1878,#2234,.T.);
#1344=EDGE_CURVE('',#1880,#1879,#2235,.T.);
#1345=EDGE_CURVE('',#1881,#1880,#2236,.T.);
#1346=EDGE_CURVE('',#1882,#1881,#2237,.T.);
#1347=EDGE_CURVE('',#1883,#1882,#2238,.T.);
#1348=EDGE_CURVE('',#1884,#1883,#2239,.T.);
#1349=EDGE_CURVE('',#1884,#1885,#163,.F.);
#1350=EDGE_CURVE('',#1886,#1885,#2240,.T.);
#1351=EDGE_CURVE('',#1886,#1887,#2241,.T.);
#1352=EDGE_CURVE('',#1887,#1867,#2242,.T.);
#1353=EDGE_CURVE('',#1888,#1868,#2243,.T.);
#1354=EDGE_CURVE('',#1888,#1889,#2244,.T.);
#1355=EDGE_CURVE('',#1889,#1886,#2245,.T.);
#1356=EDGE_CURVE('',#1885,#1890,#2246,.T.);
#1357=EDGE_CURVE('',#1891,#1890,#2247,.T.);
#1358=EDGE_CURVE('',#1891,#1892,#2248,.T.);
#1359=EDGE_CURVE('',#1893,#1892,#2249,.T.);
#1360=EDGE_CURVE('',#1893,#1894,#2250,.F.);
#1361=EDGE_CURVE('',#1894,#1895,#145,.F.);
#1362=EDGE_CURVE('',#1895,#1869,#2251,.F.);
#1363=EDGE_CURVE('',#1896,#1897,#146,.F.);
#1364=EDGE_CURVE('',#1897,#1898,#123,.T.);
#1365=EDGE_CURVE('',#1898,#1899,#164,.T.);
#1366=EDGE_CURVE('',#1899,#1900,#124,.T.);
#1367=EDGE_CURVE('',#1900,#1901,#147,.F.);
#1368=EDGE_CURVE('',#1901,#1902,#2252,.T.);
#1369=EDGE_CURVE('',#1903,#1902,#2253,.T.);
#1370=EDGE_CURVE('',#1903,#1871,#2254,.F.);
#1371=EDGE_CURVE('',#1870,#1896,#2255,.T.);
#1372=EDGE_CURVE('',#1904,#1905,#148,.F.);
#1373=EDGE_CURVE('',#1904,#1906,#125,.T.);
#1374=EDGE_CURVE('',#1907,#1906,#2256,.T.);
#1375=EDGE_CURVE('',#1908,#1907,#2257,.T.);
#1376=EDGE_CURVE('',#1908,#1909,#2258,.T.);
#1377=EDGE_CURVE('',#1909,#1910,#2259,.T.);
#1378=EDGE_CURVE('',#1911,#1910,#2260,.T.);
#1379=EDGE_CURVE('',#1911,#1905,#126,.T.);
#1380=EDGE_CURVE('',#1906,#1912,#127,.T.);
#1381=EDGE_CURVE('',#1913,#1912,#149,.F.);
#1382=EDGE_CURVE('',#1913,#1911,#128,.T.);
#1383=EDGE_CURVE('',#1910,#1914,#2261,.T.);
#1384=EDGE_CURVE('',#1915,#1914,#2262,.T.);
#1385=EDGE_CURVE('',#1916,#1915,#2263,.T.);
#1386=EDGE_CURVE('',#1907,#1916,#2264,.T.);
#1387=EDGE_CURVE('',#1895,#1896,#129,.T.);
#1388=EDGE_CURVE('',#1901,#1894,#130,.T.);
#1389=EDGE_CURVE('',#1902,#1893,#165,.T.);
#1390=EDGE_CURVE('',#1898,#1904,#131,.T.);
#1391=EDGE_CURVE('',#1905,#1899,#132,.T.);
#1392=EDGE_CURVE('',#1917,#1918,#2265,.T.);
#1393=EDGE_CURVE('',#1918,#1919,#2266,.T.);
#1394=EDGE_CURVE('',#1919,#1903,#166,.T.);
#1395=EDGE_CURVE('',#1914,#1892,#2267,.T.);
#1396=EDGE_CURVE('',#1920,#1909,#167,.T.);
#1397=EDGE_CURVE('',#1921,#1920,#2268,.T.);
#1398=EDGE_CURVE('',#1922,#1921,#168,.T.);
#1399=EDGE_CURVE('',#1917,#1922,#2269,.T.);
#1400=EDGE_CURVE('',#1923,#1923,#169,.T.);
#1401=EDGE_CURVE('',#1924,#1924,#170,.T.);
#1402=EDGE_CURVE('',#1925,#1926,#2270,.T.);
#1403=EDGE_CURVE('',#1926,#1927,#2271,.T.);
#1404=EDGE_CURVE('',#1927,#1928,#2272,.T.);
#1405=EDGE_CURVE('',#1928,#1925,#2273,.T.);
#1406=EDGE_CURVE('',#1878,#1929,#2274,.T.);
#1407=EDGE_CURVE('',#1930,#1929,#2275,.T.);
#1408=EDGE_CURVE('',#1930,#1931,#2276,.T.);
#1409=EDGE_CURVE('',#1932,#1931,#2277,.T.);
#1410=EDGE_CURVE('',#1879,#1932,#2278,.T.);
#1411=EDGE_CURVE('',#1877,#1933,#2279,.T.);
#1412=EDGE_CURVE('',#1933,#1929,#2280,.T.);
#1413=EDGE_CURVE('',#1876,#1934,#2281,.T.);
#1414=EDGE_CURVE('',#1934,#1933,#2282,.T.);
#1415=EDGE_CURVE('',#1935,#1935,#171,.T.);
#1416=EDGE_CURVE('',#1936,#1936,#172,.T.);
#1417=EDGE_CURVE('',#1931,#1937,#2283,.T.);
#1418=EDGE_CURVE('',#1938,#1937,#2284,.T.);
#1419=EDGE_CURVE('',#1939,#1938,#2285,.T.);
#1420=EDGE_CURVE('',#1940,#1939,#2286,.T.);
#1421=EDGE_CURVE('',#1941,#1940,#173,.T.);
#1422=EDGE_CURVE('',#1942,#1941,#2287,.T.);
#1423=EDGE_CURVE('',#1943,#1942,#2288,.T.);
#1424=EDGE_CURVE('',#1944,#1943,#2289,.T.);
#1425=EDGE_CURVE('',#1945,#1944,#2290,.T.);
#1426=EDGE_CURVE('',#1946,#1945,#2291,.T.);
#1427=EDGE_CURVE('',#1946,#1947,#174,.T.);
#1428=EDGE_CURVE('',#1947,#1948,#2292,.T.);
#1429=EDGE_CURVE('',#1948,#1949,#2293,.T.);
#1430=EDGE_CURVE('',#1949,#1950,#2294,.T.);
#1431=EDGE_CURVE('',#1950,#1951,#2295,.T.);
#1432=EDGE_CURVE('',#1951,#1932,#2296,.T.);
#1433=EDGE_CURVE('',#1952,#1953,#2297,.T.);
#1434=EDGE_CURVE('',#1952,#1954,#2298,.T.);
#1435=EDGE_CURVE('',#1955,#1954,#2299,.T.);
#1436=EDGE_CURVE('',#1956,#1955,#2300,.T.);
#1437=EDGE_CURVE('',#1953,#1956,#175,.T.);
#1438=EDGE_CURVE('',#1947,#1884,#2301,.F.);
#1439=EDGE_CURVE('',#1883,#1948,#2302,.T.);
#1440=EDGE_CURVE('',#1882,#1949,#2303,.T.);
#1441=EDGE_CURVE('',#1881,#1950,#2304,.T.);
#1442=EDGE_CURVE('',#1880,#1951,#2305,.T.);
#1443=EDGE_CURVE('',#1957,#1958,#2306,.T.);
#1444=EDGE_CURVE('',#1957,#1937,#2307,.T.);
#1445=EDGE_CURVE('',#1934,#1930,#2308,.T.);
#1446=EDGE_CURVE('',#1875,#1959,#2309,.T.);
#1447=EDGE_CURVE('',#1959,#1960,#2310,.T.);
#1448=EDGE_CURVE('',#1960,#1918,#2311,.T.);
#1449=EDGE_CURVE('',#1961,#1917,#2312,.T.);
#1450=EDGE_CURVE('',#1962,#1961,#2313,.T.);
#1451=EDGE_CURVE('',#1962,#1954,#2314,.T.);
#1452=EDGE_CURVE('',#1958,#1952,#2315,.T.);
#1453=EDGE_CURVE('',#1959,#1963,#2316,.T.);
#1454=EDGE_CURVE('',#1874,#1963,#2317,.T.);
#1455=EDGE_CURVE('',#1963,#1964,#2318,.T.);
#1456=EDGE_CURVE('',#1873,#1964,#2319,.T.);
#1457=EDGE_CURVE('',#1960,#1964,#2320,.T.);
#1458=EDGE_CURVE('',#1872,#1919,#2321,.T.);
#1459=EDGE_CURVE('',#1965,#1946,#2322,.T.);
#1460=EDGE_CURVE('',#1890,#1965,#176,.T.);
#1461=EDGE_CURVE('',#1966,#1945,#2323,.T.);
#1462=EDGE_CURVE('',#1965,#1966,#2324,.T.);
#1463=EDGE_CURVE('',#1967,#1944,#2325,.T.);
#1464=EDGE_CURVE('',#1966,#1967,#2326,.T.);
#1465=EDGE_CURVE('',#1968,#1943,#2327,.T.);
#1466=EDGE_CURVE('',#1969,#1968,#2328,.T.);
#1467=EDGE_CURVE('',#1967,#1969,#2329,.T.);
#1468=EDGE_CURVE('',#1970,#1942,#2330,.T.);
#1469=EDGE_CURVE('',#1968,#1970,#2331,.T.);
#1470=EDGE_CURVE('',#1971,#1941,#2332,.T.);
#1471=EDGE_CURVE('',#1970,#1971,#2333,.T.);
#1472=EDGE_CURVE('',#1972,#1940,#2334,.T.);
#1473=EDGE_CURVE('',#1973,#1972,#177,.T.);
#1474=EDGE_CURVE('',#1973,#1971,#2335,.T.);
#1475=EDGE_CURVE('',#1974,#1939,#2336,.T.);
#1476=EDGE_CURVE('',#1972,#1974,#2337,.T.);
#1477=EDGE_CURVE('',#1975,#1938,#2338,.T.);
#1478=EDGE_CURVE('',#1974,#1975,#2339,.T.);
#1479=EDGE_CURVE('',#1975,#1957,#2340,.T.);
#1480=EDGE_CURVE('',#1976,#1953,#2341,.T.);
#1481=EDGE_CURVE('',#1958,#1976,#2342,.T.);
#1482=EDGE_CURVE('',#1977,#1956,#2343,.T.);
#1483=EDGE_CURVE('',#1976,#1977,#178,.T.);
#1484=EDGE_CURVE('',#1978,#1955,#2344,.T.);
#1485=EDGE_CURVE('',#1977,#1978,#2345,.T.);
#1486=EDGE_CURVE('',#1978,#1962,#2346,.T.);
#1487=EDGE_CURVE('',#1979,#1922,#2347,.T.);
#1488=EDGE_CURVE('',#1961,#1979,#2348,.T.);
#1489=EDGE_CURVE('',#1980,#1921,#2349,.T.);
#1490=EDGE_CURVE('',#1979,#1980,#179,.T.);
#1491=EDGE_CURVE('',#1981,#1920,#2350,.T.);
#1492=EDGE_CURVE('',#1980,#1981,#2351,.T.);
#1493=EDGE_CURVE('',#1981,#1908,#180,.T.);
#1494=EDGE_CURVE('',#1982,#1891,#2352,.T.);
#1495=EDGE_CURVE('',#1982,#1983,#2353,.T.);
#1496=EDGE_CURVE('',#1915,#1983,#2354,.T.);
#1497=EDGE_CURVE('',#1984,#1971,#2355,.T.);
#1498=EDGE_CURVE('',#1915,#1984,#2356,.T.);
#1499=EDGE_CURVE('',#1968,#1983,#2357,.T.);
#1500=EDGE_CURVE('',#1969,#1982,#2358,.T.);
#1501=EDGE_CURVE('',#1985,#1984,#2359,.T.);
#1502=EDGE_CURVE('',#1916,#1985,#2360,.T.);
#1503=EDGE_CURVE('',#1985,#1973,#2361,.T.);
#1504=EDGE_CURVE('',#1986,#1987,#2362,.T.);
#1505=EDGE_CURVE('',#1987,#1988,#181,.T.);
#1506=EDGE_CURVE('',#1988,#1989,#2363,.T.);
#1507=EDGE_CURVE('',#1989,#1990,#2364,.T.);
#1508=EDGE_CURVE('',#1990,#1986,#2365,.T.);
#1509=EDGE_CURVE('',#1991,#1991,#182,.T.);
#1510=EDGE_CURVE('',#1992,#1993,#2366,.T.);
#1511=EDGE_CURVE('',#1994,#1992,#2367,.T.);
#1512=EDGE_CURVE('',#1995,#1994,#183,.T.);
#1513=EDGE_CURVE('',#1996,#1995,#2368,.T.);
#1514=EDGE_CURVE('',#1993,#1996,#2369,.T.);
#1515=EDGE_CURVE('',#1990,#1993,#2370,.T.);
#1516=EDGE_CURVE('',#1986,#1996,#2371,.T.);
#1517=EDGE_CURVE('',#1989,#1992,#2372,.T.);
#1518=EDGE_CURVE('',#1988,#1994,#2373,.T.);
#1519=EDGE_CURVE('',#1987,#1995,#2374,.T.);
#1520=EDGE_CURVE('',#1997,#1997,#184,.T.);
#1521=EDGE_CURVE('',#1998,#1998,#185,.T.);
#1522=EDGE_CURVE('',#1999,#1999,#186,.T.);
#1523=EDGE_CURVE('',#2000,#2000,#187,.T.);
#1524=EDGE_CURVE('',#2001,#2001,#188,.T.);
#1525=EDGE_CURVE('',#2002,#1926,#2375,.T.);
#1526=EDGE_CURVE('',#2002,#2003,#2376,.T.);
#1527=EDGE_CURVE('',#2003,#1927,#2377,.T.);
#1528=EDGE_CURVE('',#2003,#2004,#2378,.T.);
#1529=EDGE_CURVE('',#2004,#1928,#2379,.T.);
#1530=EDGE_CURVE('',#2004,#2005,#2380,.T.);
#1531=EDGE_CURVE('',#2005,#1925,#2381,.T.);
#1532=EDGE_CURVE('',#2005,#2002,#2382,.T.);
#1533=EDGE_CURVE('',#1912,#1897,#133,.T.);
#1534=EDGE_CURVE('',#1900,#1913,#134,.T.);
#1535=EDGE_CURVE('',#2006,#2006,#189,.T.);
#1536=EDGE_CURVE('',#2007,#2007,#190,.T.);
#1537=EDGE_CURVE('',#2008,#2008,#191,.T.);
#1538=EDGE_CURVE('',#2009,#2009,#192,.T.);
#1539=EDGE_CURVE('',#2010,#2010,#193,.T.);
#1540=EDGE_CURVE('',#1858,#2011,#2383,.T.);
#1541=EDGE_CURVE('',#2011,#2012,#2384,.T.);
#1542=EDGE_CURVE('',#2012,#1859,#2385,.T.);
#1543=EDGE_CURVE('',#2012,#2013,#2386,.T.);
#1544=EDGE_CURVE('',#2013,#1860,#2387,.T.);
#1545=EDGE_CURVE('',#2013,#2014,#2388,.T.);
#1546=EDGE_CURVE('',#2014,#1861,#2389,.T.);
#1547=EDGE_CURVE('',#2011,#2014,#2390,.T.);
#1548=EDGE_CURVE('',#1867,#2015,#2391,.T.);
#1549=EDGE_CURVE('',#2015,#1888,#2392,.T.);
#1550=EDGE_CURVE('',#1889,#2016,#2393,.T.);
#1551=EDGE_CURVE('',#2016,#1887,#2394,.T.);
#1552=EDGE_CURVE('',#2015,#2016,#2395,.T.);
#1553=EDGE_CURVE('',#2017,#2018,#2396,.T.);
#1554=EDGE_CURVE('',#2019,#2017,#2397,.T.);
#1555=EDGE_CURVE('',#2020,#2019,#2398,.T.);
#1556=EDGE_CURVE('',#2018,#2020,#2399,.T.);
#1557=EDGE_CURVE('',#2021,#2022,#2400,.T.);
#1558=EDGE_CURVE('',#2021,#2023,#2401,.T.);
#1559=EDGE_CURVE('',#2024,#2023,#2402,.T.);
#1560=EDGE_CURVE('',#2024,#2022,#2403,.T.);
#1561=EDGE_CURVE('',#2025,#2026,#2404,.F.);
#1562=EDGE_CURVE('',#2026,#2027,#2405,.T.);
#1563=EDGE_CURVE('',#2028,#2027,#2406,.T.);
#1564=EDGE_CURVE('',#2028,#2025,#2407,.T.);
#1565=EDGE_CURVE('',#2018,#2026,#2408,.T.);
#1566=EDGE_CURVE('',#2025,#2029,#2409,.F.);
#1567=EDGE_CURVE('',#2029,#2030,#2410,.F.);
#1568=EDGE_CURVE('',#2024,#2030,#2411,.F.);
#1569=EDGE_CURVE('',#2017,#2023,#2412,.T.);
#1570=EDGE_CURVE('',#2027,#2020,#2413,.T.);
#1571=EDGE_CURVE('',#2019,#2021,#2414,.F.);
#1572=EDGE_CURVE('',#2022,#2031,#2415,.T.);
#1573=EDGE_CURVE('',#2032,#2031,#2416,.T.);
#1574=EDGE_CURVE('',#2028,#2032,#2417,.T.);
#1575=EDGE_CURVE('',#2032,#2033,#194,.T.);
#1576=EDGE_CURVE('',#2033,#2034,#2418,.T.);
#1577=EDGE_CURVE('',#2034,#2035,#2419,.T.);
#1578=EDGE_CURVE('',#2036,#2035,#2420,.T.);
#1579=EDGE_CURVE('',#2029,#2036,#195,.F.);
#1580=EDGE_CURVE('',#2037,#2038,#2421,.T.);
#1581=EDGE_CURVE('',#2035,#2038,#2422,.F.);
#1582=EDGE_CURVE('',#2034,#2037,#2423,.T.);
#1583=EDGE_CURVE('',#2030,#2039,#196,.F.);
#1584=EDGE_CURVE('',#2039,#2038,#2424,.T.);
#1585=EDGE_CURVE('',#2040,#2037,#2425,.T.);
#1586=EDGE_CURVE('',#2031,#2040,#197,.T.);
#1587=EDGE_CURVE('',#2036,#2039,#2426,.T.);
#1588=EDGE_CURVE('',#2033,#2040,#2427,.T.);
#1589=EDGE_CURVE('',#2041,#2042,#2428,.T.);
#1590=EDGE_CURVE('',#2042,#2043,#2429,.T.);
#1591=EDGE_CURVE('',#2044,#2043,#2430,.T.);
#1592=EDGE_CURVE('',#2044,#2041,#2431,.T.);
#1593=EDGE_CURVE('',#2045,#2046,#2432,.T.);
#1594=EDGE_CURVE('',#2046,#2042,#2433,.T.);
#1595=EDGE_CURVE('',#2041,#2047,#2434,.F.);
#1596=EDGE_CURVE('',#2048,#2047,#2435,.T.);
#1597=EDGE_CURVE('',#2048,#2045,#2436,.T.);
#1598=EDGE_CURVE('',#2049,#2045,#198,.T.);
#1599=EDGE_CURVE('',#2050,#2048,#199,.T.);
#1600=EDGE_CURVE('',#2050,#2049,#2437,.T.);
#1601=EDGE_CURVE('',#2051,#2049,#200,.T.);
#1602=EDGE_CURVE('',#2052,#2050,#201,.T.);
#1603=EDGE_CURVE('',#2052,#2051,#2438,.T.);
#1604=EDGE_CURVE('',#2053,#2051,#202,.T.);
#1605=EDGE_CURVE('',#2054,#2052,#203,.T.);
#1606=EDGE_CURVE('',#2054,#2053,#2439,.T.);
#1607=EDGE_CURVE('',#2055,#2056,#204,.F.);
#1608=EDGE_CURVE('',#2057,#2055,#2440,.T.);
#1609=EDGE_CURVE('',#2057,#2058,#205,.F.);
#1610=EDGE_CURVE('',#2058,#2056,#2441,.T.);
#1611=EDGE_CURVE('',#2056,#2059,#206,.T.);
#1612=EDGE_CURVE('',#2058,#2060,#207,.T.);
#1613=EDGE_CURVE('',#2060,#2059,#2442,.T.);
#1614=EDGE_CURVE('',#2059,#2061,#208,.F.);
#1615=EDGE_CURVE('',#2060,#2062,#209,.F.);
#1616=EDGE_CURVE('',#2062,#2061,#2443,.T.);
#1617=EDGE_CURVE('',#2043,#2063,#2444,.T.);
#1618=EDGE_CURVE('',#2061,#2063,#2445,.T.);
#1619=EDGE_CURVE('',#2062,#2064,#2446,.T.);
#1620=EDGE_CURVE('',#2064,#2044,#2447,.F.);
#1621=EDGE_CURVE('',#2047,#2064,#2448,.T.);
#1622=EDGE_CURVE('',#2065,#2057,#2449,.T.);
#1623=EDGE_CURVE('',#2066,#2065,#210,.T.);
#1624=EDGE_CURVE('',#2067,#2066,#2450,.F.);
#1625=EDGE_CURVE('',#2067,#2068,#211,.T.);
#1626=EDGE_CURVE('',#2068,#2054,#2451,.T.);
#1627=EDGE_CURVE('',#2069,#2053,#2452,.T.);
#1628=EDGE_CURVE('',#2068,#2069,#2453,.T.);
#1629=EDGE_CURVE('',#2063,#2046,#2454,.F.);
#1630=EDGE_CURVE('',#2069,#2070,#212,.F.);
#1631=EDGE_CURVE('',#2070,#2071,#2455,.T.);
#1632=EDGE_CURVE('',#2072,#2071,#213,.T.);
#1633=EDGE_CURVE('',#2072,#2055,#2456,.T.);
#1634=EDGE_CURVE('',#2065,#2072,#2457,.T.);
#1635=EDGE_CURVE('',#2019,#2070,#135,.T.);
#1636=EDGE_CURVE('',#2017,#2071,#136,.T.);
#1637=EDGE_CURVE('',#2067,#2021,#137,.T.);
#1638=EDGE_CURVE('',#2066,#2023,#138,.T.);
#1639=EDGE_CURVE('',#2073,#2074,#2458,.T.);
#1640=EDGE_CURVE('',#2073,#2075,#2459,.T.);
#1641=EDGE_CURVE('',#2075,#2076,#150,.F.);
#1642=EDGE_CURVE('',#2076,#2077,#2460,.T.);
#1643=EDGE_CURVE('',#2077,#2078,#2461,.T.);
#1644=EDGE_CURVE('',#2078,#2079,#2462,.T.);
#1645=EDGE_CURVE('',#2079,#2080,#2463,.T.);
#1646=EDGE_CURVE('',#2074,#2080,#2464,.T.);
#1647=EDGE_CURVE('',#2081,#2082,#214,.T.);
#1648=EDGE_CURVE('',#2082,#2083,#151,.F.);
#1649=EDGE_CURVE('',#2083,#2084,#2465,.T.);
#1650=EDGE_CURVE('',#2084,#2085,#215,.T.);
#1651=EDGE_CURVE('',#2085,#2074,#2466,.T.);
#1652=EDGE_CURVE('',#2080,#2086,#2467,.T.);
#1653=EDGE_CURVE('',#2086,#2087,#2468,.T.);
#1654=EDGE_CURVE('',#2087,#2081,#2469,.T.);
#1655=EDGE_CURVE('',#2085,#2088,#2470,.F.);
#1656=EDGE_CURVE('',#2088,#2073,#2471,.T.);
#1657=EDGE_CURVE('',#2089,#2090,#2472,.T.);
#1658=EDGE_CURVE('',#2090,#2091,#2473,.T.);
#1659=EDGE_CURVE('',#2091,#2089,#2474,.F.);
#1660=EDGE_CURVE('',#2090,#2092,#2475,.T.);
#1661=EDGE_CURVE('',#2089,#2093,#216,.F.);
#1662=EDGE_CURVE('',#2094,#2093,#2476,.T.);
#1663=EDGE_CURVE('',#2095,#2094,#2477,.T.);
#1664=EDGE_CURVE('',#2096,#2095,#2478,.T.);
#1665=EDGE_CURVE('',#2097,#2096,#2479,.T.);
#1666=EDGE_CURVE('',#2098,#2097,#2480,.T.);
#1667=EDGE_CURVE('',#2099,#2098,#2481,.T.);
#1668=EDGE_CURVE('',#2077,#2099,#2482,.T.);
#1669=EDGE_CURVE('',#2076,#2100,#152,.T.);
#1670=EDGE_CURVE('',#2100,#2092,#153,.T.);
#1671=EDGE_CURVE('',#2084,#2088,#154,.F.);
#1672=EDGE_CURVE('',#2091,#2101,#155,.F.);
#1673=EDGE_CURVE('',#2101,#2102,#139,.T.);
#1674=EDGE_CURVE('',#2102,#2082,#140,.T.);
#1675=EDGE_CURVE('',#2093,#2081,#2483,.T.);
#1676=EDGE_CURVE('',#2103,#2086,#2484,.T.);
#1677=EDGE_CURVE('',#2103,#2104,#2485,.T.);
#1678=EDGE_CURVE('',#2095,#2104,#2486,.T.);
#1679=EDGE_CURVE('',#2094,#2087,#2487,.T.);
#1680=EDGE_CURVE('',#2105,#2078,#2488,.T.);
#1681=EDGE_CURVE('',#2099,#2105,#2489,.T.);
#1682=EDGE_CURVE('',#2106,#2105,#2490,.T.);
#1683=EDGE_CURVE('',#2098,#2106,#2491,.T.);
#1684=EDGE_CURVE('',#2107,#2106,#2492,.T.);
#1685=EDGE_CURVE('',#2097,#2107,#2493,.T.);
#1686=EDGE_CURVE('',#2108,#2107,#2494,.T.);
#1687=EDGE_CURVE('',#2096,#2108,#2495,.T.);
#1688=EDGE_CURVE('',#2104,#2108,#2496,.T.);
#1689=EDGE_CURVE('',#2079,#2103,#2497,.T.);
#1690=EDGE_CURVE('',#2092,#2101,#2498,.T.);
#1691=EDGE_CURVE('',#2083,#2075,#2499,.T.);
#1692=EDGE_CURVE('',#2100,#2102,#2500,.F.);
#1693=EDGE_CURVE('',#2109,#2110,#2501,.F.);
#1694=EDGE_CURVE('',#2111,#2110,#2502,.T.);
#1695=EDGE_CURVE('',#2112,#2111,#2503,.T.);
#1696=EDGE_CURVE('',#2112,#2109,#2504,.T.);
#1697=EDGE_CURVE('',#2113,#2114,#2505,.T.);
#1698=EDGE_CURVE('',#2113,#2115,#2506,.T.);
#1699=EDGE_CURVE('',#2115,#2116,#2507,.F.);
#1700=EDGE_CURVE('',#2114,#2116,#2508,.T.);
#1701=EDGE_CURVE('',#2117,#2118,#217,.T.);
#1702=EDGE_CURVE('',#2118,#2119,#2509,.T.);
#1703=EDGE_CURVE('',#2119,#2120,#2510,.T.);
#1704=EDGE_CURVE('',#2121,#2120,#2511,.T.);
#1705=EDGE_CURVE('',#2122,#2121,#218,.F.);
#1706=EDGE_CURVE('',#2109,#2122,#2512,.F.);
#1707=EDGE_CURVE('',#2112,#2117,#2513,.T.);
#1708=EDGE_CURVE('',#2119,#2123,#2514,.T.);
#1709=EDGE_CURVE('',#2123,#2124,#2515,.T.);
#1710=EDGE_CURVE('',#2120,#2124,#2516,.F.);
#1711=EDGE_CURVE('',#2116,#2125,#2517,.F.);
#1712=EDGE_CURVE('',#2125,#2126,#219,.F.);
#1713=EDGE_CURVE('',#2126,#2124,#2518,.T.);
#1714=EDGE_CURVE('',#2127,#2123,#2519,.T.);
#1715=EDGE_CURVE('',#2128,#2127,#220,.T.);
#1716=EDGE_CURVE('',#2114,#2128,#2520,.T.);
#1717=EDGE_CURVE('',#2110,#2115,#2521,.T.);
#1718=EDGE_CURVE('',#2122,#2125,#2522,.F.);
#1719=EDGE_CURVE('',#2121,#2126,#2523,.T.);
#1720=EDGE_CURVE('',#2117,#2128,#2524,.T.);
#1721=EDGE_CURVE('',#2111,#2113,#2525,.F.);
#1722=EDGE_CURVE('',#2118,#2127,#2526,.T.);
#1723=EDGE_CURVE('',#2129,#2130,#221,.F.);
#1724=EDGE_CURVE('',#2131,#2130,#2527,.T.);
#1725=EDGE_CURVE('',#2132,#2131,#222,.F.);
#1726=EDGE_CURVE('',#2132,#2129,#2528,.F.);
#1727=EDGE_CURVE('',#2133,#2134,#223,.T.);
#1728=EDGE_CURVE('',#2135,#2133,#2529,.T.);
#1729=EDGE_CURVE('',#2135,#2136,#224,.T.);
#1730=EDGE_CURVE('',#2136,#2134,#2530,.T.);
#1731=EDGE_CURVE('',#2134,#2137,#225,.T.);
#1732=EDGE_CURVE('',#2136,#2138,#226,.T.);
#1733=EDGE_CURVE('',#2138,#2137,#2531,.T.);
#1734=EDGE_CURVE('',#2139,#2140,#2532,.T.);
#1735=EDGE_CURVE('',#2140,#2141,#2533,.F.);
#1736=EDGE_CURVE('',#2137,#2141,#2534,.T.);
#1737=EDGE_CURVE('',#2138,#2142,#2535,.T.);
#1738=EDGE_CURVE('',#2142,#2139,#2536,.F.);
#1739=EDGE_CURVE('',#2143,#2144,#2537,.F.);
#1740=EDGE_CURVE('',#2144,#2140,#2538,.T.);
#1741=EDGE_CURVE('',#2139,#2143,#2539,.T.);
#1742=EDGE_CURVE('',#2145,#2146,#2540,.F.);
#1743=EDGE_CURVE('',#2146,#2144,#2541,.F.);
#1744=EDGE_CURVE('',#2143,#2147,#2542,.F.);
#1745=EDGE_CURVE('',#2148,#2147,#2543,.F.);
#1746=EDGE_CURVE('',#2148,#2145,#2544,.T.);
#1747=EDGE_CURVE('',#2149,#2145,#227,.F.);
#1748=EDGE_CURVE('',#2150,#2148,#228,.F.);
#1749=EDGE_CURVE('',#2150,#2149,#2545,.T.);
#1750=EDGE_CURVE('',#2130,#2149,#229,.T.);
#1751=EDGE_CURVE('',#2131,#2150,#230,.T.);
#1752=EDGE_CURVE('',#2151,#2133,#231,.T.);
#1753=EDGE_CURVE('',#2152,#2151,#2546,.T.);
#1754=EDGE_CURVE('',#2152,#2135,#232,.T.);
#1755=EDGE_CURVE('',#2153,#2151,#2547,.T.);
#1756=EDGE_CURVE('',#2154,#2153,#2548,.T.);
#1757=EDGE_CURVE('',#2154,#2152,#2549,.T.);
#1758=EDGE_CURVE('',#2147,#2142,#2550,.T.);
#1759=EDGE_CURVE('',#2154,#2155,#233,.F.);
#1760=EDGE_CURVE('',#2155,#2156,#2551,.T.);
#1761=EDGE_CURVE('',#2157,#2156,#234,.T.);
#1762=EDGE_CURVE('',#2157,#2132,#2552,.F.);
#1763=EDGE_CURVE('',#2158,#2129,#2553,.F.);
#1764=EDGE_CURVE('',#2157,#2158,#2554,.T.);
#1765=EDGE_CURVE('',#2141,#2146,#2555,.T.);
#1766=EDGE_CURVE('',#2159,#2158,#235,.T.);
#1767=EDGE_CURVE('',#2160,#2159,#2556,.F.);
#1768=EDGE_CURVE('',#2160,#2153,#236,.T.);
#1769=EDGE_CURVE('',#2111,#2155,#141,.T.);
#1770=EDGE_CURVE('',#2110,#2156,#142,.T.);
#1771=EDGE_CURVE('',#2160,#2113,#143,.T.);
#1772=EDGE_CURVE('',#2159,#2115,#144,.T.);
#1773=EDGE_CURVE('',#2161,#2162,#2557,.T.);
#1774=EDGE_CURVE('',#2161,#2163,#237,.F.);
#1775=EDGE_CURVE('',#2164,#2163,#2558,.T.);
#1776=EDGE_CURVE('',#2164,#2165,#238,.F.);
#1777=EDGE_CURVE('',#2166,#2165,#2559,.T.);
#1778=EDGE_CURVE('',#2167,#2166,#2560,.T.);
#1779=EDGE_CURVE('',#2168,#2167,#2561,.T.);
#1780=EDGE_CURVE('',#2169,#2168,#2562,.T.);
#1781=EDGE_CURVE('',#2170,#2169,#2563,.T.);
#1782=EDGE_CURVE('',#2171,#2170,#2564,.T.);
#1783=EDGE_CURVE('',#2172,#2171,#2565,.T.);
#1784=EDGE_CURVE('',#2173,#2172,#2566,.T.);
#1785=EDGE_CURVE('',#2174,#2173,#2567,.T.);
#1786=EDGE_CURVE('',#2175,#2174,#2568,.T.);
#1787=EDGE_CURVE('',#2176,#2175,#2569,.T.);
#1788=EDGE_CURVE('',#2177,#2176,#2570,.T.);
#1789=EDGE_CURVE('',#2177,#2178,#239,.F.);
#1790=EDGE_CURVE('',#2179,#2178,#2571,.T.);
#1791=EDGE_CURVE('',#2179,#2180,#2572,.T.);
#1792=EDGE_CURVE('',#2180,#2181,#2573,.T.);
#1793=EDGE_CURVE('',#2181,#2162,#2574,.T.);
#1794=EDGE_CURVE('',#2182,#2182,#240,.F.);
#1795=EDGE_CURVE('',#2183,#2183,#241,.F.);
#1796=EDGE_CURVE('',#2184,#2184,#242,.F.);
#1797=EDGE_CURVE('',#2185,#2185,#243,.F.);
#1798=EDGE_CURVE('',#2186,#2186,#244,.F.);
#1799=EDGE_CURVE('',#2187,#2188,#2575,.T.);
#1800=EDGE_CURVE('',#2188,#2189,#2576,.T.);
#1801=EDGE_CURVE('',#2189,#2190,#2577,.T.);
#1802=EDGE_CURVE('',#2190,#2187,#2578,.T.);
#1803=EDGE_CURVE('',#2191,#2192,#2579,.T.);
#1804=EDGE_CURVE('',#2191,#2161,#2580,.F.);
#1805=EDGE_CURVE('',#2193,#2162,#2581,.T.);
#1806=EDGE_CURVE('',#2193,#2194,#2582,.T.);
#1807=EDGE_CURVE('',#2194,#2179,#2583,.T.);
#1808=EDGE_CURVE('',#2178,#2192,#2584,.T.);
#1809=EDGE_CURVE('',#2195,#2195,#245,.T.);
#1810=EDGE_CURVE('',#2196,#2196,#246,.T.);
#1811=EDGE_CURVE('',#2197,#2198,#2585,.T.);
#1812=EDGE_CURVE('',#2198,#2191,#247,.T.);
#1813=EDGE_CURVE('',#2192,#2199,#248,.T.);
#1814=EDGE_CURVE('',#2199,#2200,#2586,.T.);
#1815=EDGE_CURVE('',#2200,#2201,#2587,.T.);
#1816=EDGE_CURVE('',#2201,#2202,#2588,.T.);
#1817=EDGE_CURVE('',#2202,#2203,#2589,.T.);
#1818=EDGE_CURVE('',#2203,#2204,#2590,.T.);
#1819=EDGE_CURVE('',#2204,#2205,#2591,.T.);
#1820=EDGE_CURVE('',#2205,#2206,#2592,.T.);
#1821=EDGE_CURVE('',#2206,#2207,#2593,.T.);
#1822=EDGE_CURVE('',#2207,#2208,#2594,.T.);
#1823=EDGE_CURVE('',#2208,#2209,#2595,.T.);
#1824=EDGE_CURVE('',#2209,#2210,#2596,.T.);
#1825=EDGE_CURVE('',#2210,#2211,#2597,.T.);
#1826=EDGE_CURVE('',#2211,#2197,#249,.T.);
#1827=EDGE_CURVE('',#2212,#2212,#250,.T.);
#1828=EDGE_CURVE('',#2213,#2213,#251,.T.);
#1829=EDGE_CURVE('',#2214,#2214,#252,.T.);
#1830=EDGE_CURVE('',#2163,#2198,#2598,.T.);
#1831=EDGE_CURVE('',#2197,#2164,#2599,.F.);
#1832=EDGE_CURVE('',#2199,#2177,#2600,.F.);
#1833=EDGE_CURVE('',#2176,#2200,#2601,.T.);
#1834=EDGE_CURVE('',#2175,#2201,#2602,.T.);
#1835=EDGE_CURVE('',#2174,#2202,#2603,.T.);
#1836=EDGE_CURVE('',#2173,#2203,#2604,.T.);
#1837=EDGE_CURVE('',#2172,#2204,#2605,.T.);
#1838=EDGE_CURVE('',#2171,#2205,#2606,.T.);
#1839=EDGE_CURVE('',#2170,#2206,#2607,.T.);
#1840=EDGE_CURVE('',#2169,#2207,#2608,.T.);
#1841=EDGE_CURVE('',#2168,#2208,#2609,.T.);
#1842=EDGE_CURVE('',#2167,#2209,#2610,.T.);
#1843=EDGE_CURVE('',#2166,#2210,#2611,.T.);
#1844=EDGE_CURVE('',#2165,#2211,#2612,.T.);
#1845=EDGE_CURVE('',#2181,#2215,#2613,.T.);
#1846=EDGE_CURVE('',#2215,#2193,#2614,.T.);
#1847=EDGE_CURVE('',#2194,#2216,#2615,.T.);
#1848=EDGE_CURVE('',#2216,#2180,#2616,.T.);
#1849=EDGE_CURVE('',#2215,#2216,#2617,.T.);
#1850=EDGE_CURVE('',#2187,#2217,#2618,.T.);
#1851=EDGE_CURVE('',#2217,#2218,#2619,.T.);
#1852=EDGE_CURVE('',#2218,#2188,#2620,.T.);
#1853=EDGE_CURVE('',#2218,#2219,#2621,.T.);
#1854=EDGE_CURVE('',#2219,#2189,#2622,.T.);
#1855=EDGE_CURVE('',#2219,#2220,#2623,.T.);
#1856=EDGE_CURVE('',#2220,#2190,#2624,.T.);
#1857=EDGE_CURVE('',#2217,#2220,#2625,.T.);
#1858=VERTEX_POINT('',#5320);
#1859=VERTEX_POINT('',#5321);
#1860=VERTEX_POINT('',#5323);
#1861=VERTEX_POINT('',#5325);
#1862=VERTEX_POINT('',#5328);
#1863=VERTEX_POINT('',#5330);
#1864=VERTEX_POINT('',#5332);
#1865=VERTEX_POINT('',#5334);
#1866=VERTEX_POINT('',#5336);
#1867=VERTEX_POINT('',#5338);
#1868=VERTEX_POINT('',#5339);
#1869=VERTEX_POINT('',#5341);
#1870=VERTEX_POINT('',#5343);
#1871=VERTEX_POINT('',#5345);
#1872=VERTEX_POINT('',#5347);
#1873=VERTEX_POINT('',#5349);
#1874=VERTEX_POINT('',#5351);
#1875=VERTEX_POINT('',#5353);
#1876=VERTEX_POINT('',#5355);
#1877=VERTEX_POINT('',#5357);
#1878=VERTEX_POINT('',#5359);
#1879=VERTEX_POINT('',#5361);
#1880=VERTEX_POINT('',#5363);
#1881=VERTEX_POINT('',#5365);
#1882=VERTEX_POINT('',#5367);
#1883=VERTEX_POINT('',#5369);
#1884=VERTEX_POINT('',#5371);
#1885=VERTEX_POINT('',#5373);
#1886=VERTEX_POINT('',#5375);
#1887=VERTEX_POINT('',#5377);
#1888=VERTEX_POINT('',#5381);
#1889=VERTEX_POINT('',#5383);
#1890=VERTEX_POINT('',#5386);
#1891=VERTEX_POINT('',#5388);
#1892=VERTEX_POINT('',#5390);
#1893=VERTEX_POINT('',#5392);
#1894=VERTEX_POINT('',#5394);
#1895=VERTEX_POINT('',#5396);
#1896=VERTEX_POINT('',#5400);
#1897=VERTEX_POINT('',#5401);
#1898=VERTEX_POINT('',#5406);
#1899=VERTEX_POINT('',#5408);
#1900=VERTEX_POINT('',#5413);
#1901=VERTEX_POINT('',#5415);
#1902=VERTEX_POINT('',#5417);
#1903=VERTEX_POINT('',#5419);
#1904=VERTEX_POINT('',#5424);
#1905=VERTEX_POINT('',#5425);
#1906=VERTEX_POINT('',#5430);
#1907=VERTEX_POINT('',#5432);
#1908=VERTEX_POINT('',#5434);
#1909=VERTEX_POINT('',#5436);
#1910=VERTEX_POINT('',#5438);
#1911=VERTEX_POINT('',#5440);
#1912=VERTEX_POINT('',#5450);
#1913=VERTEX_POINT('',#5452);
#1914=VERTEX_POINT('',#5458);
#1915=VERTEX_POINT('',#5460);
#1916=VERTEX_POINT('',#5462);
#1917=VERTEX_POINT('',#5486);
#1918=VERTEX_POINT('',#5487);
#1919=VERTEX_POINT('',#5489);
#1920=VERTEX_POINT('',#5493);
#1921=VERTEX_POINT('',#5495);
#1922=VERTEX_POINT('',#5497);
#1923=VERTEX_POINT('',#5500);
#1924=VERTEX_POINT('',#5502);
#1925=VERTEX_POINT('',#5504);
#1926=VERTEX_POINT('',#5505);
#1927=VERTEX_POINT('',#5507);
#1928=VERTEX_POINT('',#5509);
#1929=VERTEX_POINT('',#5513);
#1930=VERTEX_POINT('',#5515);
#1931=VERTEX_POINT('',#5517);
#1932=VERTEX_POINT('',#5519);
#1933=VERTEX_POINT('',#5523);
#1934=VERTEX_POINT('',#5527);
#1935=VERTEX_POINT('',#5531);
#1936=VERTEX_POINT('',#5533);
#1937=VERTEX_POINT('',#5535);
#1938=VERTEX_POINT('',#5537);
#1939=VERTEX_POINT('',#5539);
#1940=VERTEX_POINT('',#5541);
#1941=VERTEX_POINT('',#5543);
#1942=VERTEX_POINT('',#5545);
#1943=VERTEX_POINT('',#5547);
#1944=VERTEX_POINT('',#5549);
#1945=VERTEX_POINT('',#5551);
#1946=VERTEX_POINT('',#5553);
#1947=VERTEX_POINT('',#5555);
#1948=VERTEX_POINT('',#5557);
#1949=VERTEX_POINT('',#5559);
#1950=VERTEX_POINT('',#5561);
#1951=VERTEX_POINT('',#5563);
#1952=VERTEX_POINT('',#5567);
#1953=VERTEX_POINT('',#5568);
#1954=VERTEX_POINT('',#5570);
#1955=VERTEX_POINT('',#5572);
#1956=VERTEX_POINT('',#5574);
#1957=VERTEX_POINT('',#5588);
#1958=VERTEX_POINT('',#5589);
#1959=VERTEX_POINT('',#5593);
#1960=VERTEX_POINT('',#5595);
#1961=VERTEX_POINT('',#5598);
#1962=VERTEX_POINT('',#5600);
#1963=VERTEX_POINT('',#5605);
#1964=VERTEX_POINT('',#5609);
#1965=VERTEX_POINT('',#5616);
#1966=VERTEX_POINT('',#5621);
#1967=VERTEX_POINT('',#5625);
#1968=VERTEX_POINT('',#5629);
#1969=VERTEX_POINT('',#5631);
#1970=VERTEX_POINT('',#5635);
#1971=VERTEX_POINT('',#5639);
#1972=VERTEX_POINT('',#5643);
#1973=VERTEX_POINT('',#5645);
#1974=VERTEX_POINT('',#5649);
#1975=VERTEX_POINT('',#5653);
#1976=VERTEX_POINT('',#5659);
#1977=VERTEX_POINT('',#5663);
#1978=VERTEX_POINT('',#5667);
#1979=VERTEX_POINT('',#5673);
#1980=VERTEX_POINT('',#5677);
#1981=VERTEX_POINT('',#5681);
#1982=VERTEX_POINT('',#5687);
#1983=VERTEX_POINT('',#5689);
#1984=VERTEX_POINT('',#5693);
#1985=VERTEX_POINT('',#5701);
#1986=VERTEX_POINT('',#5707);
#1987=VERTEX_POINT('',#5708);
#1988=VERTEX_POINT('',#5710);
#1989=VERTEX_POINT('',#5712);
#1990=VERTEX_POINT('',#5714);
#1991=VERTEX_POINT('',#5718);
#1992=VERTEX_POINT('',#5720);
#1993=VERTEX_POINT('',#5721);
#1994=VERTEX_POINT('',#5723);
#1995=VERTEX_POINT('',#5725);
#1996=VERTEX_POINT('',#5727);
#1997=VERTEX_POINT('',#5743);
#1998=VERTEX_POINT('',#5747);
#1999=VERTEX_POINT('',#5751);
#2000=VERTEX_POINT('',#5755);
#2001=VERTEX_POINT('',#5759);
#2002=VERTEX_POINT('',#5763);
#2003=VERTEX_POINT('',#5765);
#2004=VERTEX_POINT('',#5769);
#2005=VERTEX_POINT('',#5773);
#2006=VERTEX_POINT('',#5819);
#2007=VERTEX_POINT('',#5823);
#2008=VERTEX_POINT('',#5827);
#2009=VERTEX_POINT('',#5831);
#2010=VERTEX_POINT('',#5835);
#2011=VERTEX_POINT('',#5839);
#2012=VERTEX_POINT('',#5841);
#2013=VERTEX_POINT('',#5845);
#2014=VERTEX_POINT('',#5849);
#2015=VERTEX_POINT('',#5855);
#2016=VERTEX_POINT('',#5859);
#2017=VERTEX_POINT('',#5868);
#2018=VERTEX_POINT('',#5869);
#2019=VERTEX_POINT('',#5871);
#2020=VERTEX_POINT('',#5873);
#2021=VERTEX_POINT('',#5877);
#2022=VERTEX_POINT('',#5878);
#2023=VERTEX_POINT('',#5880);
#2024=VERTEX_POINT('',#5882);
#2025=VERTEX_POINT('',#5886);
#2026=VERTEX_POINT('',#5887);
#2027=VERTEX_POINT('',#5889);
#2028=VERTEX_POINT('',#5891);
#2029=VERTEX_POINT('',#5896);
#2030=VERTEX_POINT('',#5898);
#2031=VERTEX_POINT('',#5905);
#2032=VERTEX_POINT('',#5907);
#2033=VERTEX_POINT('',#5911);
#2034=VERTEX_POINT('',#5913);
#2035=VERTEX_POINT('',#5915);
#2036=VERTEX_POINT('',#5917);
#2037=VERTEX_POINT('',#5921);
#2038=VERTEX_POINT('',#5922);
#2039=VERTEX_POINT('',#5927);
#2040=VERTEX_POINT('',#5930);
#2041=VERTEX_POINT('',#5941);
#2042=VERTEX_POINT('',#5942);
#2043=VERTEX_POINT('',#5944);
#2044=VERTEX_POINT('',#5946);
#2045=VERTEX_POINT('',#5950);
#2046=VERTEX_POINT('',#5951);
#2047=VERTEX_POINT('',#5954);
#2048=VERTEX_POINT('',#5956);
#2049=VERTEX_POINT('',#5960);
#2050=VERTEX_POINT('',#5962);
#2051=VERTEX_POINT('',#5966);
#2052=VERTEX_POINT('',#5968);
#2053=VERTEX_POINT('',#5972);
#2054=VERTEX_POINT('',#5974);
#2055=VERTEX_POINT('',#5978);
#2056=VERTEX_POINT('',#5979);
#2057=VERTEX_POINT('',#5981);
#2058=VERTEX_POINT('',#5983);
#2059=VERTEX_POINT('',#5987);
#2060=VERTEX_POINT('',#5989);
#2061=VERTEX_POINT('',#5993);
#2062=VERTEX_POINT('',#5995);
#2063=VERTEX_POINT('',#5999);
#2064=VERTEX_POINT('',#6002);
#2065=VERTEX_POINT('',#6007);
#2066=VERTEX_POINT('',#6009);
#2067=VERTEX_POINT('',#6011);
#2068=VERTEX_POINT('',#6013);
#2069=VERTEX_POINT('',#6017);
#2070=VERTEX_POINT('',#6022);
#2071=VERTEX_POINT('',#6024);
#2072=VERTEX_POINT('',#6026);
#2073=VERTEX_POINT('',#6093);
#2074=VERTEX_POINT('',#6094);
#2075=VERTEX_POINT('',#6096);
#2076=VERTEX_POINT('',#6098);
#2077=VERTEX_POINT('',#6100);
#2078=VERTEX_POINT('',#6102);
#2079=VERTEX_POINT('',#6104);
#2080=VERTEX_POINT('',#6106);
#2081=VERTEX_POINT('',#6110);
#2082=VERTEX_POINT('',#6111);
#2083=VERTEX_POINT('',#6113);
#2084=VERTEX_POINT('',#6115);
#2085=VERTEX_POINT('',#6117);
#2086=VERTEX_POINT('',#6120);
#2087=VERTEX_POINT('',#6122);
#2088=VERTEX_POINT('',#6126);
#2089=VERTEX_POINT('',#6130);
#2090=VERTEX_POINT('',#6131);
#2091=VERTEX_POINT('',#6133);
#2092=VERTEX_POINT('',#6137);
#2093=VERTEX_POINT('',#6139);
#2094=VERTEX_POINT('',#6141);
#2095=VERTEX_POINT('',#6143);
#2096=VERTEX_POINT('',#6145);
#2097=VERTEX_POINT('',#6147);
#2098=VERTEX_POINT('',#6149);
#2099=VERTEX_POINT('',#6151);
#2100=VERTEX_POINT('',#6154);
#2101=VERTEX_POINT('',#6160);
#2102=VERTEX_POINT('',#6165);
#2103=VERTEX_POINT('',#6173);
#2104=VERTEX_POINT('',#6175);
#2105=VERTEX_POINT('',#6180);
#2106=VERTEX_POINT('',#6184);
#2107=VERTEX_POINT('',#6188);
#2108=VERTEX_POINT('',#6192);
#2109=VERTEX_POINT('',#6212);
#2110=VERTEX_POINT('',#6213);
#2111=VERTEX_POINT('',#6215);
#2112=VERTEX_POINT('',#6217);
#2113=VERTEX_POINT('',#6221);
#2114=VERTEX_POINT('',#6222);
#2115=VERTEX_POINT('',#6224);
#2116=VERTEX_POINT('',#6226);
#2117=VERTEX_POINT('',#6230);
#2118=VERTEX_POINT('',#6231);
#2119=VERTEX_POINT('',#6233);
#2120=VERTEX_POINT('',#6235);
#2121=VERTEX_POINT('',#6237);
#2122=VERTEX_POINT('',#6239);
#2123=VERTEX_POINT('',#6244);
#2124=VERTEX_POINT('',#6246);
#2125=VERTEX_POINT('',#6250);
#2126=VERTEX_POINT('',#6252);
#2127=VERTEX_POINT('',#6255);
#2128=VERTEX_POINT('',#6257);
#2129=VERTEX_POINT('',#6273);
#2130=VERTEX_POINT('',#6274);
#2131=VERTEX_POINT('',#6276);
#2132=VERTEX_POINT('',#6278);
#2133=VERTEX_POINT('',#6282);
#2134=VERTEX_POINT('',#6283);
#2135=VERTEX_POINT('',#6285);
#2136=VERTEX_POINT('',#6287);
#2137=VERTEX_POINT('',#6291);
#2138=VERTEX_POINT('',#6293);
#2139=VERTEX_POINT('',#6297);
#2140=VERTEX_POINT('',#6298);
#2141=VERTEX_POINT('',#6300);
#2142=VERTEX_POINT('',#6303);
#2143=VERTEX_POINT('',#6307);
#2144=VERTEX_POINT('',#6308);
#2145=VERTEX_POINT('',#6313);
#2146=VERTEX_POINT('',#6314);
#2147=VERTEX_POINT('',#6317);
#2148=VERTEX_POINT('',#6319);
#2149=VERTEX_POINT('',#6323);
#2150=VERTEX_POINT('',#6325);
#2151=VERTEX_POINT('',#6332);
#2152=VERTEX_POINT('',#6334);
#2153=VERTEX_POINT('',#6338);
#2154=VERTEX_POINT('',#6340);
#2155=VERTEX_POINT('',#6345);
#2156=VERTEX_POINT('',#6347);
#2157=VERTEX_POINT('',#6349);
#2158=VERTEX_POINT('',#6353);
#2159=VERTEX_POINT('',#6358);
#2160=VERTEX_POINT('',#6360);
#2161=VERTEX_POINT('',#6427);
#2162=VERTEX_POINT('',#6428);
#2163=VERTEX_POINT('',#6430);
#2164=VERTEX_POINT('',#6432);
#2165=VERTEX_POINT('',#6434);
#2166=VERTEX_POINT('',#6436);
#2167=VERTEX_POINT('',#6438);
#2168=VERTEX_POINT('',#6440);
#2169=VERTEX_POINT('',#6442);
#2170=VERTEX_POINT('',#6444);
#2171=VERTEX_POINT('',#6446);
#2172=VERTEX_POINT('',#6448);
#2173=VERTEX_POINT('',#6450);
#2174=VERTEX_POINT('',#6452);
#2175=VERTEX_POINT('',#6454);
#2176=VERTEX_POINT('',#6456);
#2177=VERTEX_POINT('',#6458);
#2178=VERTEX_POINT('',#6460);
#2179=VERTEX_POINT('',#6462);
#2180=VERTEX_POINT('',#6464);
#2181=VERTEX_POINT('',#6466);
#2182=VERTEX_POINT('',#6469);
#2183=VERTEX_POINT('',#6471);
#2184=VERTEX_POINT('',#6473);
#2185=VERTEX_POINT('',#6475);
#2186=VERTEX_POINT('',#6477);
#2187=VERTEX_POINT('',#6479);
#2188=VERTEX_POINT('',#6480);
#2189=VERTEX_POINT('',#6482);
#2190=VERTEX_POINT('',#6484);
#2191=VERTEX_POINT('',#6488);
#2192=VERTEX_POINT('',#6489);
#2193=VERTEX_POINT('',#6492);
#2194=VERTEX_POINT('',#6494);
#2195=VERTEX_POINT('',#6499);
#2196=VERTEX_POINT('',#6501);
#2197=VERTEX_POINT('',#6503);
#2198=VERTEX_POINT('',#6504);
#2199=VERTEX_POINT('',#6507);
#2200=VERTEX_POINT('',#6509);
#2201=VERTEX_POINT('',#6511);
#2202=VERTEX_POINT('',#6513);
#2203=VERTEX_POINT('',#6515);
#2204=VERTEX_POINT('',#6517);
#2205=VERTEX_POINT('',#6519);
#2206=VERTEX_POINT('',#6521);
#2207=VERTEX_POINT('',#6523);
#2208=VERTEX_POINT('',#6525);
#2209=VERTEX_POINT('',#6527);
#2210=VERTEX_POINT('',#6529);
#2211=VERTEX_POINT('',#6531);
#2212=VERTEX_POINT('',#6534);
#2213=VERTEX_POINT('',#6536);
#2214=VERTEX_POINT('',#6538);
#2215=VERTEX_POINT('',#6574);
#2216=VERTEX_POINT('',#6578);
#2217=VERTEX_POINT('',#6584);
#2218=VERTEX_POINT('',#6586);
#2219=VERTEX_POINT('',#6590);
#2220=VERTEX_POINT('',#6594);
#2221=LINE('',#5319,#2626);
#2222=LINE('',#5322,#2627);
#2223=LINE('',#5324,#2628);
#2224=LINE('',#5326,#2629);
#2225=LINE('',#5337,#2630);
#2226=LINE('',#5340,#2631);
#2227=LINE('',#5344,#2632);
#2228=LINE('',#5348,#2633);
#2229=LINE('',#5350,#2634);
#2230=LINE('',#5352,#2635);
#2231=LINE('',#5354,#2636);
#2232=LINE('',#5356,#2637);
#2233=LINE('',#5358,#2638);
#2234=LINE('',#5360,#2639);
#2235=LINE('',#5362,#2640);
#2236=LINE('',#5364,#2641);
#2237=LINE('',#5366,#2642);
#2238=LINE('',#5368,#2643);
#2239=LINE('',#5370,#2644);
#2240=LINE('',#5374,#2645);
#2241=LINE('',#5376,#2646);
#2242=LINE('',#5378,#2647);
#2243=LINE('',#5380,#2648);
#2244=LINE('',#5382,#2649);
#2245=LINE('',#5384,#2650);
#2246=LINE('',#5385,#2651);
#2247=LINE('',#5387,#2652);
#2248=LINE('',#5389,#2653);
#2249=LINE('',#5391,#2654);
#2250=LINE('',#5393,#2655);
#2251=LINE('',#5397,#2656);
#2252=LINE('',#5416,#2657);
#2253=LINE('',#5418,#2658);
#2254=LINE('',#5420,#2659);
#2255=LINE('',#5421,#2660);
#2256=LINE('',#5431,#2661);
#2257=LINE('',#5433,#2662);
#2258=LINE('',#5435,#2663);
#2259=LINE('',#5437,#2664);
#2260=LINE('',#5439,#2665);
#2261=LINE('',#5457,#2666);
#2262=LINE('',#5459,#2667);
#2263=LINE('',#5461,#2668);
#2264=LINE('',#5463,#2669);
#2265=LINE('',#5485,#2670);
#2266=LINE('',#5488,#2671);
#2267=LINE('',#5491,#2672);
#2268=LINE('',#5494,#2673);
#2269=LINE('',#5498,#2674);
#2270=LINE('',#5503,#2675);
#2271=LINE('',#5506,#2676);
#2272=LINE('',#5508,#2677);
#2273=LINE('',#5510,#2678);
#2274=LINE('',#5512,#2679);
#2275=LINE('',#5514,#2680);
#2276=LINE('',#5516,#2681);
#2277=LINE('',#5518,#2682);
#2278=LINE('',#5520,#2683);
#2279=LINE('',#5522,#2684);
#2280=LINE('',#5524,#2685);
#2281=LINE('',#5526,#2686);
#2282=LINE('',#5528,#2687);
#2283=LINE('',#5534,#2688);
#2284=LINE('',#5536,#2689);
#2285=LINE('',#5538,#2690);
#2286=LINE('',#5540,#2691);
#2287=LINE('',#5544,#2692);
#2288=LINE('',#5546,#2693);
#2289=LINE('',#5548,#2694);
#2290=LINE('',#5550,#2695);
#2291=LINE('',#5552,#2696);
#2292=LINE('',#5556,#2697);
#2293=LINE('',#5558,#2698);
#2294=LINE('',#5560,#2699);
#2295=LINE('',#5562,#2700);
#2296=LINE('',#5564,#2701);
#2297=LINE('',#5566,#2702);
#2298=LINE('',#5569,#2703);
#2299=LINE('',#5571,#2704);
#2300=LINE('',#5573,#2705);
#2301=LINE('',#5577,#2706);
#2302=LINE('',#5578,#2707);
#2303=LINE('',#5580,#2708);
#2304=LINE('',#5582,#2709);
#2305=LINE('',#5584,#2710);
#2306=LINE('',#5587,#2711);
#2307=LINE('',#5590,#2712);
#2308=LINE('',#5591,#2713);
#2309=LINE('',#5592,#2714);
#2310=LINE('',#5594,#2715);
#2311=LINE('',#5596,#2716);
#2312=LINE('',#5597,#2717);
#2313=LINE('',#5599,#2718);
#2314=LINE('',#5601,#2719);
#2315=LINE('',#5602,#2720);
#2316=LINE('',#5604,#2721);
#2317=LINE('',#5606,#2722);
#2318=LINE('',#5608,#2723);
#2319=LINE('',#5610,#2724);
#2320=LINE('',#5612,#2725);
#2321=LINE('',#5613,#2726);
#2322=LINE('',#5615,#2727);
#2323=LINE('',#5620,#2728);
#2324=LINE('',#5622,#2729);
#2325=LINE('',#5624,#2730);
#2326=LINE('',#5626,#2731);
#2327=LINE('',#5628,#2732);
#2328=LINE('',#5630,#2733);
#2329=LINE('',#5632,#2734);
#2330=LINE('',#5634,#2735);
#2331=LINE('',#5636,#2736);
#2332=LINE('',#5638,#2737);
#2333=LINE('',#5640,#2738);
#2334=LINE('',#5642,#2739);
#2335=LINE('',#5646,#2740);
#2336=LINE('',#5648,#2741);
#2337=LINE('',#5650,#2742);
#2338=LINE('',#5652,#2743);
#2339=LINE('',#5654,#2744);
#2340=LINE('',#5656,#2745);
#2341=LINE('',#5658,#2746);
#2342=LINE('',#5660,#2747);
#2343=LINE('',#5662,#2748);
#2344=LINE('',#5666,#2749);
#2345=LINE('',#5668,#2750);
#2346=LINE('',#5670,#2751);
#2347=LINE('',#5672,#2752);
#2348=LINE('',#5674,#2753);
#2349=LINE('',#5676,#2754);
#2350=LINE('',#5680,#2755);
#2351=LINE('',#5682,#2756);
#2352=LINE('',#5686,#2757);
#2353=LINE('',#5688,#2758);
#2354=LINE('',#5690,#2759);
#2355=LINE('',#5692,#2760);
#2356=LINE('',#5694,#2761);
#2357=LINE('',#5695,#2762);
#2358=LINE('',#5697,#2763);
#2359=LINE('',#5700,#2764);
#2360=LINE('',#5702,#2765);
#2361=LINE('',#5704,#2766);
#2362=LINE('',#5706,#2767);
#2363=LINE('',#5711,#2768);
#2364=LINE('',#5713,#2769);
#2365=LINE('',#5715,#2770);
#2366=LINE('',#5719,#2771);
#2367=LINE('',#5722,#2772);
#2368=LINE('',#5726,#2773);
#2369=LINE('',#5728,#2774);
#2370=LINE('',#5730,#2775);
#2371=LINE('',#5731,#2776);
#2372=LINE('',#5733,#2777);
#2373=LINE('',#5735,#2778);
#2374=LINE('',#5737,#2779);
#2375=LINE('',#5762,#2780);
#2376=LINE('',#5764,#2781);
#2377=LINE('',#5766,#2782);
#2378=LINE('',#5768,#2783);
#2379=LINE('',#5770,#2784);
#2380=LINE('',#5772,#2785);
#2381=LINE('',#5774,#2786);
#2382=LINE('',#5776,#2787);
#2383=LINE('',#5838,#2788);
#2384=LINE('',#5840,#2789);
#2385=LINE('',#5842,#2790);
#2386=LINE('',#5844,#2791);
#2387=LINE('',#5846,#2792);
#2388=LINE('',#5848,#2793);
#2389=LINE('',#5850,#2794);
#2390=LINE('',#5852,#2795);
#2391=LINE('',#5854,#2796);
#2392=LINE('',#5856,#2797);
#2393=LINE('',#5858,#2798);
#2394=LINE('',#5860,#2799);
#2395=LINE('',#5862,#2800);
#2396=LINE('',#5867,#2801);
#2397=LINE('',#5870,#2802);
#2398=LINE('',#5872,#2803);
#2399=LINE('',#5874,#2804);
#2400=LINE('',#5876,#2805);
#2401=LINE('',#5879,#2806);
#2402=LINE('',#5881,#2807);
#2403=LINE('',#5883,#2808);
#2404=LINE('',#5885,#2809);
#2405=LINE('',#5888,#2810);
#2406=LINE('',#5890,#2811);
#2407=LINE('',#5892,#2812);
#2408=LINE('',#5894,#2813);
#2409=LINE('',#5895,#2814);
#2410=LINE('',#5897,#2815);
#2411=LINE('',#5899,#2816);
#2412=LINE('',#5900,#2817);
#2413=LINE('',#5902,#2818);
#2414=LINE('',#5903,#2819);
#2415=LINE('',#5904,#2820);
#2416=LINE('',#5906,#2821);
#2417=LINE('',#5908,#2822);
#2418=LINE('',#5912,#2823);
#2419=LINE('',#5914,#2824);
#2420=LINE('',#5916,#2825);
#2421=LINE('',#5920,#2826);
#2422=LINE('',#5923,#2827);
#2423=LINE('',#5924,#2828);
#2424=LINE('',#5928,#2829);
#2425=LINE('',#5929,#2830);
#2426=LINE('',#5933,#2831);
#2427=LINE('',#5936,#2832);
#2428=LINE('',#5940,#2833);
#2429=LINE('',#5943,#2834);
#2430=LINE('',#5945,#2835);
#2431=LINE('',#5947,#2836);
#2432=LINE('',#5949,#2837);
#2433=LINE('',#5952,#2838);
#2434=LINE('',#5953,#2839);
#2435=LINE('',#5955,#2840);
#2436=LINE('',#5957,#2841);
#2437=LINE('',#5963,#2842);
#2438=LINE('',#5969,#2843);
#2439=LINE('',#5975,#2844);
#2440=LINE('',#5980,#2845);
#2441=LINE('',#5984,#2846);
#2442=LINE('',#5990,#2847);
#2443=LINE('',#5996,#2848);
#2444=LINE('',#5998,#2849);
#2445=LINE('',#6000,#2850);
#2446=LINE('',#6001,#2851);
#2447=LINE('',#6003,#2852);
#2448=LINE('',#6005,#2853);
#2449=LINE('',#6006,#2854);
#2450=LINE('',#6010,#2855);
#2451=LINE('',#6014,#2856);
#2452=LINE('',#6016,#2857);
#2453=LINE('',#6018,#2858);
#2454=LINE('',#6020,#2859);
#2455=LINE('',#6023,#2860);
#2456=LINE('',#6027,#2861);
#2457=LINE('',#6029,#2862);
#2458=LINE('',#6092,#2863);
#2459=LINE('',#6095,#2864);
#2460=LINE('',#6099,#2865);
#2461=LINE('',#6101,#2866);
#2462=LINE('',#6103,#2867);
#2463=LINE('',#6105,#2868);
#2464=LINE('',#6107,#2869);
#2465=LINE('',#6114,#2870);
#2466=LINE('',#6118,#2871);
#2467=LINE('',#6119,#2872);
#2468=LINE('',#6121,#2873);
#2469=LINE('',#6123,#2874);
#2470=LINE('',#6125,#2875);
#2471=LINE('',#6127,#2876);
#2472=LINE('',#6129,#2877);
#2473=LINE('',#6132,#2878);
#2474=LINE('',#6134,#2879);
#2475=LINE('',#6136,#2880);
#2476=LINE('',#6140,#2881);
#2477=LINE('',#6142,#2882);
#2478=LINE('',#6144,#2883);
#2479=LINE('',#6146,#2884);
#2480=LINE('',#6148,#2885);
#2481=LINE('',#6150,#2886);
#2482=LINE('',#6152,#2887);
#2483=LINE('',#6170,#2888);
#2484=LINE('',#6172,#2889);
#2485=LINE('',#6174,#2890);
#2486=LINE('',#6176,#2891);
#2487=LINE('',#6177,#2892);
#2488=LINE('',#6179,#2893);
#2489=LINE('',#6181,#2894);
#2490=LINE('',#6183,#2895);
#2491=LINE('',#6185,#2896);
#2492=LINE('',#6187,#2897);
#2493=LINE('',#6189,#2898);
#2494=LINE('',#6191,#2899);
#2495=LINE('',#6193,#2900);
#2496=LINE('',#6195,#2901);
#2497=LINE('',#6198,#2902);
#2498=LINE('',#6201,#2903);
#2499=LINE('',#6203,#2904);
#2500=LINE('',#6205,#2905);
#2501=LINE('',#6211,#2906);
#2502=LINE('',#6214,#2907);
#2503=LINE('',#6216,#2908);
#2504=LINE('',#6218,#2909);
#2505=LINE('',#6220,#2910);
#2506=LINE('',#6223,#2911);
#2507=LINE('',#6225,#2912);
#2508=LINE('',#6227,#2913);
#2509=LINE('',#6232,#2914);
#2510=LINE('',#6234,#2915);
#2511=LINE('',#6236,#2916);
#2512=LINE('',#6240,#2917);
#2513=LINE('',#6241,#2918);
#2514=LINE('',#6243,#2919);
#2515=LINE('',#6245,#2920);
#2516=LINE('',#6247,#2921);
#2517=LINE('',#6249,#2922);
#2518=LINE('',#6253,#2923);
#2519=LINE('',#6254,#2924);
#2520=LINE('',#6258,#2925);
#2521=LINE('',#6260,#2926);
#2522=LINE('',#6261,#2927);
#2523=LINE('',#6263,#2928);
#2524=LINE('',#6266,#2929);
#2525=LINE('',#6267,#2930);
#2526=LINE('',#6269,#2931);
#2527=LINE('',#6275,#2932);
#2528=LINE('',#6279,#2933);
#2529=LINE('',#6284,#2934);
#2530=LINE('',#6288,#2935);
#2531=LINE('',#6294,#2936);
#2532=LINE('',#6296,#2937);
#2533=LINE('',#6299,#2938);
#2534=LINE('',#6301,#2939);
#2535=LINE('',#6302,#2940);
#2536=LINE('',#6304,#2941);
#2537=LINE('',#6306,#2942);
#2538=LINE('',#6309,#2943);
#2539=LINE('',#6310,#2944);
#2540=LINE('',#6312,#2945);
#2541=LINE('',#6315,#2946);
#2542=LINE('',#6316,#2947);
#2543=LINE('',#6318,#2948);
#2544=LINE('',#6320,#2949);
#2545=LINE('',#6326,#2950);
#2546=LINE('',#6333,#2951);
#2547=LINE('',#6337,#2952);
#2548=LINE('',#6339,#2953);
#2549=LINE('',#6341,#2954);
#2550=LINE('',#6343,#2955);
#2551=LINE('',#6346,#2956);
#2552=LINE('',#6350,#2957);
#2553=LINE('',#6352,#2958);
#2554=LINE('',#6354,#2959);
#2555=LINE('',#6356,#2960);
#2556=LINE('',#6359,#2961);
#2557=LINE('',#6426,#2962);
#2558=LINE('',#6431,#2963);
#2559=LINE('',#6435,#2964);
#2560=LINE('',#6437,#2965);
#2561=LINE('',#6439,#2966);
#2562=LINE('',#6441,#2967);
#2563=LINE('',#6443,#2968);
#2564=LINE('',#6445,#2969);
#2565=LINE('',#6447,#2970);
#2566=LINE('',#6449,#2971);
#2567=LINE('',#6451,#2972);
#2568=LINE('',#6453,#2973);
#2569=LINE('',#6455,#2974);
#2570=LINE('',#6457,#2975);
#2571=LINE('',#6461,#2976);
#2572=LINE('',#6463,#2977);
#2573=LINE('',#6465,#2978);
#2574=LINE('',#6467,#2979);
#2575=LINE('',#6478,#2980);
#2576=LINE('',#6481,#2981);
#2577=LINE('',#6483,#2982);
#2578=LINE('',#6485,#2983);
#2579=LINE('',#6487,#2984);
#2580=LINE('',#6490,#2985);
#2581=LINE('',#6491,#2986);
#2582=LINE('',#6493,#2987);
#2583=LINE('',#6495,#2988);
#2584=LINE('',#6496,#2989);
#2585=LINE('',#6502,#2990);
#2586=LINE('',#6508,#2991);
#2587=LINE('',#6510,#2992);
#2588=LINE('',#6512,#2993);
#2589=LINE('',#6514,#2994);
#2590=LINE('',#6516,#2995);
#2591=LINE('',#6518,#2996);
#2592=LINE('',#6520,#2997);
#2593=LINE('',#6522,#2998);
#2594=LINE('',#6524,#2999);
#2595=LINE('',#6526,#3000);
#2596=LINE('',#6528,#3001);
#2597=LINE('',#6530,#3002);
#2598=LINE('',#6540,#3003);
#2599=LINE('',#6541,#3004);
#2600=LINE('',#6543,#3005);
#2601=LINE('',#6544,#3006);
#2602=LINE('',#6546,#3007);
#2603=LINE('',#6548,#3008);
#2604=LINE('',#6550,#3009);
#2605=LINE('',#6552,#3010);
#2606=LINE('',#6554,#3011);
#2607=LINE('',#6556,#3012);
#2608=LINE('',#6558,#3013);
#2609=LINE('',#6560,#3014);
#2610=LINE('',#6562,#3015);
#2611=LINE('',#6564,#3016);
#2612=LINE('',#6566,#3017);
#2613=LINE('',#6573,#3018);
#2614=LINE('',#6575,#3019);
#2615=LINE('',#6577,#3020);
#2616=LINE('',#6579,#3021);
#2617=LINE('',#6581,#3022);
#2618=LINE('',#6583,#3023);
#2619=LINE('',#6585,#3024);
#2620=LINE('',#6587,#3025);
#2621=LINE('',#6589,#3026);
#2622=LINE('',#6591,#3027);
#2623=LINE('',#6593,#3028);
#2624=LINE('',#6595,#3029);
#2625=LINE('',#6597,#3030);
#2626=VECTOR('',#4274,1000.);
#2627=VECTOR('',#4275,1000.);
#2628=VECTOR('',#4276,1000.);
#2629=VECTOR('',#4277,1000.);
#2630=VECTOR('',#4288,1000.);
#2631=VECTOR('',#4289,1000.);
#2632=VECTOR('',#4292,1000.);
#2633=VECTOR('',#4295,1000.);
#2634=VECTOR('',#4296,1000.);
#2635=VECTOR('',#4297,1000.);
#2636=VECTOR('',#4298,1000.);
#2637=VECTOR('',#4299,1000.);
#2638=VECTOR('',#4300,1000.);
#2639=VECTOR('',#4301,1000.);
#2640=VECTOR('',#4302,1000.);
#2641=VECTOR('',#4303,1000.);
#2642=VECTOR('',#4304,1000.);
#2643=VECTOR('',#4305,1000.);
#2644=VECTOR('',#4306,1000.);
#2645=VECTOR('',#4309,1000.);
#2646=VECTOR('',#4310,1000.);
#2647=VECTOR('',#4311,1000.);
#2648=VECTOR('',#4314,1000.);
#2649=VECTOR('',#4315,1000.);
#2650=VECTOR('',#4316,1000.);
#2651=VECTOR('',#4317,1000.);
#2652=VECTOR('',#4318,1000.);
#2653=VECTOR('',#4319,1000.);
#2654=VECTOR('',#4320,1000.);
#2655=VECTOR('',#4321,1000.);
#2656=VECTOR('',#4324,1000.);
#2657=VECTOR('',#4333,1000.);
#2658=VECTOR('',#4334,1000.);
#2659=VECTOR('',#4335,1000.);
#2660=VECTOR('',#4336,1000.);
#2661=VECTOR('',#4341,1000.);
#2662=VECTOR('',#4342,1000.);
#2663=VECTOR('',#4343,1000.);
#2664=VECTOR('',#4344,1000.);
#2665=VECTOR('',#4345,1000.);
#2666=VECTOR('',#4350,1000.);
#2667=VECTOR('',#4351,1000.);
#2668=VECTOR('',#4352,1000.);
#2669=VECTOR('',#4353,1000.);
#2670=VECTOR('',#4364,1000.);
#2671=VECTOR('',#4365,1000.);
#2672=VECTOR('',#4368,1000.);
#2673=VECTOR('',#4371,1000.);
#2674=VECTOR('',#4374,1000.);
#2675=VECTOR('',#4379,1000.);
#2676=VECTOR('',#4380,1000.);
#2677=VECTOR('',#4381,1000.);
#2678=VECTOR('',#4382,1000.);
#2679=VECTOR('',#4385,1000.);
#2680=VECTOR('',#4386,1000.);
#2681=VECTOR('',#4387,1000.);
#2682=VECTOR('',#4388,1000.);
#2683=VECTOR('',#4389,1000.);
#2684=VECTOR('',#4392,1000.);
#2685=VECTOR('',#4393,1000.);
#2686=VECTOR('',#4396,1000.);
#2687=VECTOR('',#4397,1000.);
#2688=VECTOR('',#4404,1000.);
#2689=VECTOR('',#4405,1000.);
#2690=VECTOR('',#4406,1000.);
#2691=VECTOR('',#4407,1000.);
#2692=VECTOR('',#4410,1000.);
#2693=VECTOR('',#4411,1000.);
#2694=VECTOR('',#4412,1000.);
#2695=VECTOR('',#4413,1000.);
#2696=VECTOR('',#4414,1000.);
#2697=VECTOR('',#4417,1000.);
#2698=VECTOR('',#4418,1000.);
#2699=VECTOR('',#4419,1000.);
#2700=VECTOR('',#4420,1000.);
#2701=VECTOR('',#4421,1000.);
#2702=VECTOR('',#4424,1000.);
#2703=VECTOR('',#4425,1000.);
#2704=VECTOR('',#4426,1000.);
#2705=VECTOR('',#4427,1000.);
#2706=VECTOR('',#4432,1000.);
#2707=VECTOR('',#4433,1000.);
#2708=VECTOR('',#4436,1000.);
#2709=VECTOR('',#4439,1000.);
#2710=VECTOR('',#4442,1000.);
#2711=VECTOR('',#4447,1000.);
#2712=VECTOR('',#4448,1000.);
#2713=VECTOR('',#4449,1000.);
#2714=VECTOR('',#4450,1000.);
#2715=VECTOR('',#4451,1000.);
#2716=VECTOR('',#4452,1000.);
#2717=VECTOR('',#4453,1000.);
#2718=VECTOR('',#4454,1000.);
#2719=VECTOR('',#4455,1000.);
#2720=VECTOR('',#4456,1000.);
#2721=VECTOR('',#4459,1000.);
#2722=VECTOR('',#4460,1000.);
#2723=VECTOR('',#4463,1000.);
#2724=VECTOR('',#4464,1000.);
#2725=VECTOR('',#4467,1000.);
#2726=VECTOR('',#4468,1000.);
#2727=VECTOR('',#4471,1000.);
#2728=VECTOR('',#4478,1000.);
#2729=VECTOR('',#4479,1000.);
#2730=VECTOR('',#4482,1000.);
#2731=VECTOR('',#4483,1000.);
#2732=VECTOR('',#4486,1000.);
#2733=VECTOR('',#4487,1000.);
#2734=VECTOR('',#4488,1000.);
#2735=VECTOR('',#4491,1000.);
#2736=VECTOR('',#4492,1000.);
#2737=VECTOR('',#4495,1000.);
#2738=VECTOR('',#4496,1000.);
#2739=VECTOR('',#4499,1000.);
#2740=VECTOR('',#4502,1000.);
#2741=VECTOR('',#4505,1000.);
#2742=VECTOR('',#4506,1000.);
#2743=VECTOR('',#4509,1000.);
#2744=VECTOR('',#4510,1000.);
#2745=VECTOR('',#4513,1000.);
#2746=VECTOR('',#4516,1000.);
#2747=VECTOR('',#4517,1000.);
#2748=VECTOR('',#4520,1000.);
#2749=VECTOR('',#4525,1000.);
#2750=VECTOR('',#4526,1000.);
#2751=VECTOR('',#4529,1000.);
#2752=VECTOR('',#4532,1000.);
#2753=VECTOR('',#4533,1000.);
#2754=VECTOR('',#4536,1000.);
#2755=VECTOR('',#4541,1000.);
#2756=VECTOR('',#4542,1000.);
#2757=VECTOR('',#4549,1000.);
#2758=VECTOR('',#4550,1000.);
#2759=VECTOR('',#4551,1000.);
#2760=VECTOR('',#4554,1000.);
#2761=VECTOR('',#4555,1000.);
#2762=VECTOR('',#4556,1000.);
#2763=VECTOR('',#4559,1000.);
#2764=VECTOR('',#4564,1000.);
#2765=VECTOR('',#4565,1000.);
#2766=VECTOR('',#4568,1000.);
#2767=VECTOR('',#4571,1000.);
#2768=VECTOR('',#4574,1000.);
#2769=VECTOR('',#4575,1000.);
#2770=VECTOR('',#4576,1000.);
#2771=VECTOR('',#4581,1000.);
#2772=VECTOR('',#4582,1000.);
#2773=VECTOR('',#4585,1000.);
#2774=VECTOR('',#4586,1000.);
#2775=VECTOR('',#4589,1000.);
#2776=VECTOR('',#4590,1000.);
#2777=VECTOR('',#4593,1000.);
#2778=VECTOR('',#4596,1000.);
#2779=VECTOR('',#4599,1000.);
#2780=VECTOR('',#4638,1000.);
#2781=VECTOR('',#4639,1000.);
#2782=VECTOR('',#4640,1000.);
#2783=VECTOR('',#4643,1000.);
#2784=VECTOR('',#4644,1000.);
#2785=VECTOR('',#4647,1000.);
#2786=VECTOR('',#4648,1000.);
#2787=VECTOR('',#4651,1000.);
#2788=VECTOR('',#4688,1000.);
#2789=VECTOR('',#4689,1000.);
#2790=VECTOR('',#4690,1000.);
#2791=VECTOR('',#4693,1000.);
#2792=VECTOR('',#4694,1000.);
#2793=VECTOR('',#4697,1000.);
#2794=VECTOR('',#4698,1000.);
#2795=VECTOR('',#4701,1000.);
#2796=VECTOR('',#4704,1000.);
#2797=VECTOR('',#4705,1000.);
#2798=VECTOR('',#4708,1000.);
#2799=VECTOR('',#4709,1000.);
#2800=VECTOR('',#4712,1000.);
#2801=VECTOR('',#4721,1000.);
#2802=VECTOR('',#4722,1000.);
#2803=VECTOR('',#4723,1000.);
#2804=VECTOR('',#4724,1000.);
#2805=VECTOR('',#4727,1000.);
#2806=VECTOR('',#4728,1000.);
#2807=VECTOR('',#4729,1000.);
#2808=VECTOR('',#4730,1000.);
#2809=VECTOR('',#4733,1000.);
#2810=VECTOR('',#4734,1000.);
#2811=VECTOR('',#4735,1000.);
#2812=VECTOR('',#4736,1000.);
#2813=VECTOR('',#4739,1000.);
#2814=VECTOR('',#4740,1000.);
#2815=VECTOR('',#4741,1000.);
#2816=VECTOR('',#4742,1000.);
#2817=VECTOR('',#4743,1000.);
#2818=VECTOR('',#4746,1000.);
#2819=VECTOR('',#4747,1000.);
#2820=VECTOR('',#4748,1000.);
#2821=VECTOR('',#4749,1000.);
#2822=VECTOR('',#4750,1000.);
#2823=VECTOR('',#4755,1000.);
#2824=VECTOR('',#4756,1000.);
#2825=VECTOR('',#4757,1000.);
#2826=VECTOR('',#4762,1000.);
#2827=VECTOR('',#4763,1000.);
#2828=VECTOR('',#4764,1000.);
#2829=VECTOR('',#4769,1000.);
#2830=VECTOR('',#4770,1000.);
#2831=VECTOR('',#4775,1000.);
#2832=VECTOR('',#4780,1000.);
#2833=VECTOR('',#4787,1000.);
#2834=VECTOR('',#4788,1000.);
#2835=VECTOR('',#4789,1000.);
#2836=VECTOR('',#4790,1000.);
#2837=VECTOR('',#4793,1000.);
#2838=VECTOR('',#4794,1000.);
#2839=VECTOR('',#4795,1000.);
#2840=VECTOR('',#4796,1000.);
#2841=VECTOR('',#4797,1000.);
#2842=VECTOR('',#4804,1000.);
#2843=VECTOR('',#4811,1000.);
#2844=VECTOR('',#4818,1000.);
#2845=VECTOR('',#4823,1000.);
#2846=VECTOR('',#4826,1000.);
#2847=VECTOR('',#4833,1000.);
#2848=VECTOR('',#4840,1000.);
#2849=VECTOR('',#4843,1000.);
#2850=VECTOR('',#4844,1000.);
#2851=VECTOR('',#4845,1000.);
#2852=VECTOR('',#4846,1000.);
#2853=VECTOR('',#4849,1000.);
#2854=VECTOR('',#4850,1000.);
#2855=VECTOR('',#4853,1000.);
#2856=VECTOR('',#4856,1000.);
#2857=VECTOR('',#4859,1000.);
#2858=VECTOR('',#4860,1000.);
#2859=VECTOR('',#4863,1000.);
#2860=VECTOR('',#4866,1000.);
#2861=VECTOR('',#4869,1000.);
#2862=VECTOR('',#4872,1000.);
#2863=VECTOR('',#4885,1000.);
#2864=VECTOR('',#4886,1000.);
#2865=VECTOR('',#4889,1000.);
#2866=VECTOR('',#4890,1000.);
#2867=VECTOR('',#4891,1000.);
#2868=VECTOR('',#4892,1000.);
#2869=VECTOR('',#4893,1000.);
#2870=VECTOR('',#4900,1000.);
#2871=VECTOR('',#4903,1000.);
#2872=VECTOR('',#4904,1000.);
#2873=VECTOR('',#4905,1000.);
#2874=VECTOR('',#4906,1000.);
#2875=VECTOR('',#4909,1000.);
#2876=VECTOR('',#4910,1000.);
#2877=VECTOR('',#4913,1000.);
#2878=VECTOR('',#4914,1000.);
#2879=VECTOR('',#4915,1000.);
#2880=VECTOR('',#4918,1000.);
#2881=VECTOR('',#4921,1000.);
#2882=VECTOR('',#4922,1000.);
#2883=VECTOR('',#4923,1000.);
#2884=VECTOR('',#4924,1000.);
#2885=VECTOR('',#4925,1000.);
#2886=VECTOR('',#4926,1000.);
#2887=VECTOR('',#4927,1000.);
#2888=VECTOR('',#4940,1000.);
#2889=VECTOR('',#4943,1000.);
#2890=VECTOR('',#4944,1000.);
#2891=VECTOR('',#4945,1000.);
#2892=VECTOR('',#4946,1000.);
#2893=VECTOR('',#4949,1000.);
#2894=VECTOR('',#4950,1000.);
#2895=VECTOR('',#4953,1000.);
#2896=VECTOR('',#4954,1000.);
#2897=VECTOR('',#4957,1000.);
#2898=VECTOR('',#4958,1000.);
#2899=VECTOR('',#4961,1000.);
#2900=VECTOR('',#4962,1000.);
#2901=VECTOR('',#4965,1000.);
#2902=VECTOR('',#4970,1000.);
#2903=VECTOR('',#4975,1000.);
#2904=VECTOR('',#4978,1000.);
#2905=VECTOR('',#4981,1000.);
#2906=VECTOR('',#4992,1000.);
#2907=VECTOR('',#4993,1000.);
#2908=VECTOR('',#4994,1000.);
#2909=VECTOR('',#4995,1000.);
#2910=VECTOR('',#4998,1000.);
#2911=VECTOR('',#4999,1000.);
#2912=VECTOR('',#5000,1000.);
#2913=VECTOR('',#5001,1000.);
#2914=VECTOR('',#5006,1000.);
#2915=VECTOR('',#5007,1000.);
#2916=VECTOR('',#5008,1000.);
#2917=VECTOR('',#5011,1000.);
#2918=VECTOR('',#5012,1000.);
#2919=VECTOR('',#5015,1000.);
#2920=VECTOR('',#5016,1000.);
#2921=VECTOR('',#5017,1000.);
#2922=VECTOR('',#5020,1000.);
#2923=VECTOR('',#5023,1000.);
#2924=VECTOR('',#5024,1000.);
#2925=VECTOR('',#5027,1000.);
#2926=VECTOR('',#5030,1000.);
#2927=VECTOR('',#5031,1000.);
#2928=VECTOR('',#5034,1000.);
#2929=VECTOR('',#5039,1000.);
#2930=VECTOR('',#5040,1000.);
#2931=VECTOR('',#5043,1000.);
#2932=VECTOR('',#5050,1000.);
#2933=VECTOR('',#5053,1000.);
#2934=VECTOR('',#5058,1000.);
#2935=VECTOR('',#5061,1000.);
#2936=VECTOR('',#5068,1000.);
#2937=VECTOR('',#5071,1000.);
#2938=VECTOR('',#5072,1000.);
#2939=VECTOR('',#5073,1000.);
#2940=VECTOR('',#5074,1000.);
#2941=VECTOR('',#5075,1000.);
#2942=VECTOR('',#5078,1000.);
#2943=VECTOR('',#5079,1000.);
#2944=VECTOR('',#5080,1000.);
#2945=VECTOR('',#5083,1000.);
#2946=VECTOR('',#5084,1000.);
#2947=VECTOR('',#5085,1000.);
#2948=VECTOR('',#5086,1000.);
#2949=VECTOR('',#5087,1000.);
#2950=VECTOR('',#5094,1000.);
#2951=VECTOR('',#5105,1000.);
#2952=VECTOR('',#5110,1000.);
#2953=VECTOR('',#5111,1000.);
#2954=VECTOR('',#5112,1000.);
#2955=VECTOR('',#5115,1000.);
#2956=VECTOR('',#5118,1000.);
#2957=VECTOR('',#5121,1000.);
#2958=VECTOR('',#5124,1000.);
#2959=VECTOR('',#5125,1000.);
#2960=VECTOR('',#5128,1000.);
#2961=VECTOR('',#5131,1000.);
#2962=VECTOR('',#5150,1000.);
#2963=VECTOR('',#5153,1000.);
#2964=VECTOR('',#5156,1000.);
#2965=VECTOR('',#5157,1000.);
#2966=VECTOR('',#5158,1000.);
#2967=VECTOR('',#5159,1000.);
#2968=VECTOR('',#5160,1000.);
#2969=VECTOR('',#5161,1000.);
#2970=VECTOR('',#5162,1000.);
#2971=VECTOR('',#5163,1000.);
#2972=VECTOR('',#5164,1000.);
#2973=VECTOR('',#5165,1000.);
#2974=VECTOR('',#5166,1000.);
#2975=VECTOR('',#5167,1000.);
#2976=VECTOR('',#5170,1000.);
#2977=VECTOR('',#5171,1000.);
#2978=VECTOR('',#5172,1000.);
#2979=VECTOR('',#5173,1000.);
#2980=VECTOR('',#5184,1000.);
#2981=VECTOR('',#5185,1000.);
#2982=VECTOR('',#5186,1000.);
#2983=VECTOR('',#5187,1000.);
#2984=VECTOR('',#5190,1000.);
#2985=VECTOR('',#5191,1000.);
#2986=VECTOR('',#5192,1000.);
#2987=VECTOR('',#5193,1000.);
#2988=VECTOR('',#5194,1000.);
#2989=VECTOR('',#5195,1000.);
#2990=VECTOR('',#5202,1000.);
#2991=VECTOR('',#5207,1000.);
#2992=VECTOR('',#5208,1000.);
#2993=VECTOR('',#5209,1000.);
#2994=VECTOR('',#5210,1000.);
#2995=VECTOR('',#5211,1000.);
#2996=VECTOR('',#5212,1000.);
#2997=VECTOR('',#5213,1000.);
#2998=VECTOR('',#5214,1000.);
#2999=VECTOR('',#5215,1000.);
#3000=VECTOR('',#5216,1000.);
#3001=VECTOR('',#5217,1000.);
#3002=VECTOR('',#5218,1000.);
#3003=VECTOR('',#5229,1000.);
#3004=VECTOR('',#5230,1000.);
#3005=VECTOR('',#5233,1000.);
#3006=VECTOR('',#5234,1000.);
#3007=VECTOR('',#5237,1000.);
#3008=VECTOR('',#5240,1000.);
#3009=VECTOR('',#5243,1000.);
#3010=VECTOR('',#5246,1000.);
#3011=VECTOR('',#5249,1000.);
#3012=VECTOR('',#5252,1000.);
#3013=VECTOR('',#5255,1000.);
#3014=VECTOR('',#5258,1000.);
#3015=VECTOR('',#5261,1000.);
#3016=VECTOR('',#5264,1000.);
#3017=VECTOR('',#5267,1000.);
#3018=VECTOR('',#5280,1000.);
#3019=VECTOR('',#5281,1000.);
#3020=VECTOR('',#5284,1000.);
#3021=VECTOR('',#5285,1000.);
#3022=VECTOR('',#5288,1000.);
#3023=VECTOR('',#5291,1000.);
#3024=VECTOR('',#5292,1000.);
#3025=VECTOR('',#5293,1000.);
#3026=VECTOR('',#5296,1000.);
#3027=VECTOR('',#5297,1000.);
#3028=VECTOR('',#5300,1000.);
#3029=VECTOR('',#5301,1000.);
#3030=VECTOR('',#5304,1000.);
#3031=EDGE_LOOP('',(#253,#254,#255,#256));
#3032=EDGE_LOOP('',(#257));
#3033=EDGE_LOOP('',(#258));
#3034=EDGE_LOOP('',(#259));
#3035=EDGE_LOOP('',(#260));
#3036=EDGE_LOOP('',(#261));
#3037=EDGE_LOOP('',(#262,#263,#264,#265,#266,#267,#268,#269,#270,#271,#272,
#273,#274,#275,#276,#277,#278,#279,#280,#281,#282));
#3038=EDGE_LOOP('',(#283,#284,#285,#286,#287,#288,#289,#290,#291,#292,#293,
#294));
#3039=EDGE_LOOP('',(#295,#296,#297,#298,#299,#300,#301,#302,#303,#304));
#3040=EDGE_LOOP('',(#305,#306,#307,#308,#309,#310,#311,#312));
#3041=EDGE_LOOP('',(#313,#314,#315,#316,#317,#318,#319,#320,#321));
#3042=EDGE_LOOP('',(#322,#323,#324,#325));
#3043=EDGE_LOOP('',(#326,#327,#328,#329));
#3044=EDGE_LOOP('',(#330,#331,#332,#333));
#3045=EDGE_LOOP('',(#334,#335,#336,#337,#338,#339,#340,#341,#342,#343,#344,
#345,#346));
#3046=EDGE_LOOP('',(#347));
#3047=EDGE_LOOP('',(#348));
#3048=EDGE_LOOP('',(#349,#350,#351,#352));
#3049=EDGE_LOOP('',(#353,#354,#355,#356,#357,#358));
#3050=EDGE_LOOP('',(#359,#360,#361,#362));
#3051=EDGE_LOOP('',(#363,#364,#365,#366));
#3052=EDGE_LOOP('',(#367));
#3053=EDGE_LOOP('',(#368));
#3054=EDGE_LOOP('',(#369,#370,#371,#372,#373,#374,#375,#376,#377,#378,#379,
#380,#381,#382,#383,#384,#385));
#3055=EDGE_LOOP('',(#386,#387,#388,#389,#390));
#3056=EDGE_LOOP('',(#391,#392,#393,#394));
#3057=EDGE_LOOP('',(#395,#396,#397,#398));
#3058=EDGE_LOOP('',(#399,#400,#401,#402));
#3059=EDGE_LOOP('',(#403,#404,#405,#406));
#3060=EDGE_LOOP('',(#407,#408,#409,#410));
#3061=EDGE_LOOP('',(#411,#412,#413,#414,#415,#416,#417,#418,#419,#420,#421,
#422,#423,#424,#425,#426));
#3062=EDGE_LOOP('',(#427,#428,#429,#430));
#3063=EDGE_LOOP('',(#431,#432,#433,#434));
#3064=EDGE_LOOP('',(#435,#436,#437,#438,#439,#440));
#3065=EDGE_LOOP('',(#441,#442,#443,#444,#445,#446));
#3066=EDGE_LOOP('',(#447,#448,#449,#450));
#3067=EDGE_LOOP('',(#451,#452,#453,#454));
#3068=EDGE_LOOP('',(#455,#456,#457,#458));
#3069=EDGE_LOOP('',(#459,#460,#461,#462,#463));
#3070=EDGE_LOOP('',(#464,#465,#466,#467));
#3071=EDGE_LOOP('',(#468,#469,#470,#471));
#3072=EDGE_LOOP('',(#472,#473,#474,#475,#476));
#3073=EDGE_LOOP('',(#477,#478,#479,#480));
#3074=EDGE_LOOP('',(#481,#482,#483,#484));
#3075=EDGE_LOOP('',(#485,#486,#487,#488));
#3076=EDGE_LOOP('',(#489,#490,#491,#492));
#3077=EDGE_LOOP('',(#493,#494,#495,#496));
#3078=EDGE_LOOP('',(#497,#498,#499,#500));
#3079=EDGE_LOOP('',(#501,#502,#503,#504));
#3080=EDGE_LOOP('',(#505,#506,#507,#508));
#3081=EDGE_LOOP('',(#509,#510,#511,#512));
#3082=EDGE_LOOP('',(#513,#514,#515,#516));
#3083=EDGE_LOOP('',(#517,#518,#519,#520));
#3084=EDGE_LOOP('',(#521,#522,#523,#524,#525,#526));
#3085=EDGE_LOOP('',(#527,#528,#529,#530,#531,#532));
#3086=EDGE_LOOP('',(#533,#534,#535,#536));
#3087=EDGE_LOOP('',(#537,#538,#539,#540,#541,#542,#543));
#3088=EDGE_LOOP('',(#544,#545,#546,#547));
#3089=EDGE_LOOP('',(#548,#549,#550,#551));
#3090=EDGE_LOOP('',(#552,#553,#554,#555,#556));
#3091=EDGE_LOOP('',(#557,#558,#559,#560,#561,#562,#563,#564,#565,#566,#567,
#568,#569,#570,#571,#572,#573,#574));
#3092=EDGE_LOOP('',(#575));
#3093=EDGE_LOOP('',(#576,#577,#578,#579,#580));
#3094=EDGE_LOOP('',(#581,#582,#583,#584));
#3095=EDGE_LOOP('',(#585,#586,#587,#588));
#3096=EDGE_LOOP('',(#589,#590,#591,#592));
#3097=EDGE_LOOP('',(#593,#594,#595,#596));
#3098=EDGE_LOOP('',(#597,#598,#599,#600));
#3099=EDGE_LOOP('',(#601,#602,#603,#604));
#3100=EDGE_LOOP('',(#605,#606,#607,#608));
#3101=EDGE_LOOP('',(#609));
#3102=EDGE_LOOP('',(#610));
#3103=EDGE_LOOP('',(#611));
#3104=EDGE_LOOP('',(#612));
#3105=EDGE_LOOP('',(#613));
#3106=EDGE_LOOP('',(#614));
#3107=EDGE_LOOP('',(#615));
#3108=EDGE_LOOP('',(#616));
#3109=EDGE_LOOP('',(#617));
#3110=EDGE_LOOP('',(#618));
#3111=EDGE_LOOP('',(#619));
#3112=EDGE_LOOP('',(#620));
#3113=EDGE_LOOP('',(#621));
#3114=EDGE_LOOP('',(#622));
#3115=EDGE_LOOP('',(#623));
#3116=EDGE_LOOP('',(#624,#625,#626,#627));
#3117=EDGE_LOOP('',(#628,#629,#630,#631));
#3118=EDGE_LOOP('',(#632,#633,#634,#635));
#3119=EDGE_LOOP('',(#636,#637,#638,#639));
#3120=EDGE_LOOP('',(#640,#641,#642,#643));
#3121=EDGE_LOOP('',(#644,#645,#646,#647,#648,#649,#650,#651));
#3122=EDGE_LOOP('',(#652,#653,#654,#655,#656));
#3123=EDGE_LOOP('',(#657,#658,#659,#660,#661));
#3124=EDGE_LOOP('',(#662));
#3125=EDGE_LOOP('',(#663));
#3126=EDGE_LOOP('',(#664));
#3127=EDGE_LOOP('',(#665));
#3128=EDGE_LOOP('',(#666));
#3129=EDGE_LOOP('',(#667));
#3130=EDGE_LOOP('',(#668));
#3131=EDGE_LOOP('',(#669));
#3132=EDGE_LOOP('',(#670));
#3133=EDGE_LOOP('',(#671));
#3134=EDGE_LOOP('',(#672));
#3135=EDGE_LOOP('',(#673));
#3136=EDGE_LOOP('',(#674));
#3137=EDGE_LOOP('',(#675));
#3138=EDGE_LOOP('',(#676));
#3139=EDGE_LOOP('',(#677,#678,#679,#680));
#3140=EDGE_LOOP('',(#681,#682,#683,#684));
#3141=EDGE_LOOP('',(#685,#686,#687,#688));
#3142=EDGE_LOOP('',(#689,#690,#691,#692));
#3143=EDGE_LOOP('',(#693,#694,#695,#696));
#3144=EDGE_LOOP('',(#697,#698,#699,#700));
#3145=EDGE_LOOP('',(#701,#702,#703,#704));
#3146=EDGE_LOOP('',(#705,#706,#707,#708));
#3147=EDGE_LOOP('',(#709,#710,#711,#712));
#3148=EDGE_LOOP('',(#713,#714,#715,#716));
#3149=EDGE_LOOP('',(#717,#718,#719,#720));
#3150=EDGE_LOOP('',(#721,#722,#723,#724));
#3151=EDGE_LOOP('',(#725,#726,#727,#728,#729,#730,#731,#732));
#3152=EDGE_LOOP('',(#733,#734,#735,#736,#737,#738,#739,#740));
#3153=EDGE_LOOP('',(#741,#742,#743,#744,#745,#746,#747,#748));
#3154=EDGE_LOOP('',(#749,#750,#751,#752));
#3155=EDGE_LOOP('',(#753,#754,#755,#756,#757,#758,#759,#760));
#3156=EDGE_LOOP('',(#761,#762,#763,#764));
#3157=EDGE_LOOP('',(#765,#766,#767,#768));
#3158=EDGE_LOOP('',(#769,#770,#771,#772));
#3159=EDGE_LOOP('',(#773,#774,#775,#776));
#3160=EDGE_LOOP('',(#777,#778,#779,#780));
#3161=EDGE_LOOP('',(#781,#782,#783,#784));
#3162=EDGE_LOOP('',(#785,#786,#787,#788,#789,#790));
#3163=EDGE_LOOP('',(#791,#792,#793,#794));
#3164=EDGE_LOOP('',(#795,#796,#797,#798));
#3165=EDGE_LOOP('',(#799,#800,#801,#802));
#3166=EDGE_LOOP('',(#803,#804,#805,#806));
#3167=EDGE_LOOP('',(#807,#808,#809,#810));
#3168=EDGE_LOOP('',(#811,#812,#813,#814));
#3169=EDGE_LOOP('',(#815,#816,#817,#818,#819,#820));
#3170=EDGE_LOOP('',(#821,#822,#823,#824,#825,#826,#827,#828,#829,#830,#831,
#832,#833,#834));
#3171=EDGE_LOOP('',(#835,#836,#837,#838));
#3172=EDGE_LOOP('',(#839,#840,#841,#842,#843,#844,#845,#846,#847,#848,#849,
#850,#851,#852));
#3173=EDGE_LOOP('',(#853,#854,#855,#856));
#3174=EDGE_LOOP('',(#857,#858,#859,#860));
#3175=EDGE_LOOP('',(#861,#862,#863,#864));
#3176=EDGE_LOOP('',(#865,#866,#867,#868,#869,#870));
#3177=EDGE_LOOP('',(#871,#872,#873,#874,#875,#876));
#3178=EDGE_LOOP('',(#877,#878,#879,#880));
#3179=EDGE_LOOP('',(#881,#882,#883,#884));
#3180=EDGE_LOOP('',(#885,#886,#887,#888,#889,#890,#891,#892));
#3181=EDGE_LOOP('',(#893,#894,#895,#896,#897,#898,#899,#900,#901));
#3182=EDGE_LOOP('',(#902,#903,#904,#905));
#3183=EDGE_LOOP('',(#906,#907,#908));
#3184=EDGE_LOOP('',(#909,#910,#911,#912,#913,#914,#915,#916,#917,#918,#919,
#920,#921));
#3185=EDGE_LOOP('',(#922,#923,#924));
#3186=EDGE_LOOP('',(#925,#926,#927,#928,#929,#930,#931));
#3187=EDGE_LOOP('',(#932,#933,#934,#935,#936,#937));
#3188=EDGE_LOOP('',(#938,#939,#940,#941));
#3189=EDGE_LOOP('',(#942,#943,#944,#945));
#3190=EDGE_LOOP('',(#946,#947,#948,#949));
#3191=EDGE_LOOP('',(#950,#951,#952,#953));
#3192=EDGE_LOOP('',(#954,#955,#956,#957));
#3193=EDGE_LOOP('',(#958,#959,#960,#961));
#3194=EDGE_LOOP('',(#962,#963,#964,#965));
#3195=EDGE_LOOP('',(#966,#967,#968,#969,#970,#971,#972,#973));
#3196=EDGE_LOOP('',(#974,#975,#976,#977));
#3197=EDGE_LOOP('',(#978,#979,#980,#981,#982));
#3198=EDGE_LOOP('',(#983,#984,#985,#986,#987,#988));
#3199=EDGE_LOOP('',(#989,#990,#991,#992));
#3200=EDGE_LOOP('',(#993,#994,#995,#996));
#3201=EDGE_LOOP('',(#997,#998,#999,#1000));
#3202=EDGE_LOOP('',(#1001,#1002,#1003,#1004,#1005,#1006,#1007,#1008));
#3203=EDGE_LOOP('',(#1009,#1010,#1011,#1012));
#3204=EDGE_LOOP('',(#1013,#1014,#1015,#1016,#1017,#1018,#1019,#1020));
#3205=EDGE_LOOP('',(#1021,#1022,#1023,#1024,#1025,#1026));
#3206=EDGE_LOOP('',(#1027,#1028,#1029,#1030));
#3207=EDGE_LOOP('',(#1031,#1032,#1033,#1034));
#3208=EDGE_LOOP('',(#1035,#1036,#1037,#1038,#1039,#1040));
#3209=EDGE_LOOP('',(#1041,#1042,#1043,#1044));
#3210=EDGE_LOOP('',(#1045,#1046,#1047,#1048));
#3211=EDGE_LOOP('',(#1049,#1050,#1051,#1052));
#3212=EDGE_LOOP('',(#1053,#1054,#1055,#1056));
#3213=EDGE_LOOP('',(#1057,#1058,#1059,#1060));
#3214=EDGE_LOOP('',(#1061,#1062,#1063,#1064,#1065,#1066));
#3215=EDGE_LOOP('',(#1067,#1068,#1069,#1070));
#3216=EDGE_LOOP('',(#1071,#1072,#1073,#1074,#1075,#1076));
#3217=EDGE_LOOP('',(#1077,#1078,#1079,#1080));
#3218=EDGE_LOOP('',(#1081,#1082,#1083,#1084));
#3219=EDGE_LOOP('',(#1085,#1086,#1087,#1088));
#3220=EDGE_LOOP('',(#1089,#1090,#1091,#1092));
#3221=EDGE_LOOP('',(#1093,#1094,#1095,#1096,#1097,#1098,#1099,#1100,#1101,
#1102,#1103,#1104,#1105,#1106));
#3222=EDGE_LOOP('',(#1107,#1108,#1109,#1110));
#3223=EDGE_LOOP('',(#1111,#1112,#1113,#1114,#1115,#1116,#1117,#1118,#1119,
#1120,#1121,#1122,#1123,#1124));
#3224=EDGE_LOOP('',(#1125,#1126,#1127,#1128));
#3225=EDGE_LOOP('',(#1129,#1130,#1131,#1132));
#3226=EDGE_LOOP('',(#1133,#1134,#1135,#1136,#1137,#1138));
#3227=EDGE_LOOP('',(#1139,#1140,#1141,#1142,#1143,#1144));
#3228=EDGE_LOOP('',(#1145,#1146,#1147,#1148));
#3229=EDGE_LOOP('',(#1149,#1150,#1151,#1152));
#3230=EDGE_LOOP('',(#1153,#1154,#1155,#1156,#1157,#1158,#1159,#1160,#1161,
#1162,#1163,#1164,#1165,#1166,#1167,#1168,#1169,#1170,#1171,#1172,#1173));
#3231=EDGE_LOOP('',(#1174));
#3232=EDGE_LOOP('',(#1175));
#3233=EDGE_LOOP('',(#1176));
#3234=EDGE_LOOP('',(#1177));
#3235=EDGE_LOOP('',(#1178));
#3236=EDGE_LOOP('',(#1179,#1180,#1181,#1182));
#3237=EDGE_LOOP('',(#1183,#1184,#1185,#1186,#1187,#1188,#1189,#1190));
#3238=EDGE_LOOP('',(#1191));
#3239=EDGE_LOOP('',(#1192));
#3240=EDGE_LOOP('',(#1193,#1194,#1195,#1196,#1197,#1198,#1199,#1200,#1201,
#1202,#1203,#1204,#1205,#1206,#1207,#1208,#1209));
#3241=EDGE_LOOP('',(#1210));
#3242=EDGE_LOOP('',(#1211));
#3243=EDGE_LOOP('',(#1212));
#3244=EDGE_LOOP('',(#1213,#1214,#1215,#1216));
#3245=EDGE_LOOP('',(#1217,#1218,#1219,#1220));
#3246=EDGE_LOOP('',(#1221,#1222,#1223,#1224));
#3247=EDGE_LOOP('',(#1225,#1226,#1227,#1228));
#3248=EDGE_LOOP('',(#1229,#1230,#1231,#1232));
#3249=EDGE_LOOP('',(#1233,#1234,#1235,#1236));
#3250=EDGE_LOOP('',(#1237,#1238,#1239,#1240));
#3251=EDGE_LOOP('',(#1241,#1242,#1243,#1244));
#3252=EDGE_LOOP('',(#1245,#1246,#1247,#1248));
#3253=EDGE_LOOP('',(#1249,#1250,#1251,#1252));
#3254=EDGE_LOOP('',(#1253,#1254,#1255,#1256));
#3255=EDGE_LOOP('',(#1257,#1258,#1259,#1260));
#3256=EDGE_LOOP('',(#1261,#1262,#1263,#1264));
#3257=EDGE_LOOP('',(#1265));
#3258=EDGE_LOOP('',(#1266));
#3259=EDGE_LOOP('',(#1267));
#3260=EDGE_LOOP('',(#1268));
#3261=EDGE_LOOP('',(#1269));
#3262=EDGE_LOOP('',(#1270));
#3263=EDGE_LOOP('',(#1271));
#3264=EDGE_LOOP('',(#1272));
#3265=EDGE_LOOP('',(#1273));
#3266=EDGE_LOOP('',(#1274));
#3267=EDGE_LOOP('',(#1275,#1276,#1277,#1278));
#3268=EDGE_LOOP('',(#1279,#1280,#1281,#1282));
#3269=EDGE_LOOP('',(#1283,#1284,#1285,#1286));
#3270=EDGE_LOOP('',(#1287,#1288,#1289,#1290));
#3271=EDGE_LOOP('',(#1291,#1292,#1293,#1294));
#3272=EDGE_LOOP('',(#1295,#1296,#1297,#1298));
#3273=EDGE_LOOP('',(#1299,#1300,#1301,#1302));
#3274=EDGE_LOOP('',(#1303,#1304,#1305,#1306));
#3275=EDGE_LOOP('',(#1307,#1308,#1309,#1310));
#3276=EDGE_LOOP('',(#1311,#1312,#1313,#1314));
#3277=EDGE_LOOP('',(#1315,#1316,#1317,#1318));
#3278=EDGE_LOOP('',(#1319,#1320,#1321,#1322));
#3279=FACE_BOUND('',#3031,.T.);
#3280=FACE_BOUND('',#3032,.T.);
#3281=FACE_BOUND('',#3033,.T.);
#3282=FACE_BOUND('',#3034,.T.);
#3283=FACE_BOUND('',#3035,.T.);
#3284=FACE_BOUND('',#3036,.T.);
#3285=FACE_BOUND('',#3037,.T.);
#3286=FACE_BOUND('',#3038,.T.);
#3287=FACE_BOUND('',#3039,.T.);
#3288=FACE_BOUND('',#3040,.T.);
#3289=FACE_BOUND('',#3041,.T.);
#3290=FACE_BOUND('',#3042,.T.);
#3291=FACE_BOUND('',#3043,.T.);
#3292=FACE_BOUND('',#3044,.T.);
#3293=FACE_BOUND('',#3045,.T.);
#3294=FACE_BOUND('',#3046,.T.);
#3295=FACE_BOUND('',#3047,.T.);
#3296=FACE_BOUND('',#3048,.T.);
#3297=FACE_BOUND('',#3049,.T.);
#3298=FACE_BOUND('',#3050,.T.);
#3299=FACE_BOUND('',#3051,.T.);
#3300=FACE_BOUND('',#3052,.T.);
#3301=FACE_BOUND('',#3053,.T.);
#3302=FACE_BOUND('',#3054,.T.);
#3303=FACE_BOUND('',#3055,.T.);
#3304=FACE_BOUND('',#3056,.T.);
#3305=FACE_BOUND('',#3057,.T.);
#3306=FACE_BOUND('',#3058,.T.);
#3307=FACE_BOUND('',#3059,.T.);
#3308=FACE_BOUND('',#3060,.T.);
#3309=FACE_BOUND('',#3061,.T.);
#3310=FACE_BOUND('',#3062,.T.);
#3311=FACE_BOUND('',#3063,.T.);
#3312=FACE_BOUND('',#3064,.T.);
#3313=FACE_BOUND('',#3065,.T.);
#3314=FACE_BOUND('',#3066,.T.);
#3315=FACE_BOUND('',#3067,.T.);
#3316=FACE_BOUND('',#3068,.T.);
#3317=FACE_BOUND('',#3069,.T.);
#3318=FACE_BOUND('',#3070,.T.);
#3319=FACE_BOUND('',#3071,.T.);
#3320=FACE_BOUND('',#3072,.T.);
#3321=FACE_BOUND('',#3073,.T.);
#3322=FACE_BOUND('',#3074,.T.);
#3323=FACE_BOUND('',#3075,.T.);
#3324=FACE_BOUND('',#3076,.T.);
#3325=FACE_BOUND('',#3077,.T.);
#3326=FACE_BOUND('',#3078,.T.);
#3327=FACE_BOUND('',#3079,.T.);
#3328=FACE_BOUND('',#3080,.T.);
#3329=FACE_BOUND('',#3081,.T.);
#3330=FACE_BOUND('',#3082,.T.);
#3331=FACE_BOUND('',#3083,.T.);
#3332=FACE_BOUND('',#3084,.T.);
#3333=FACE_BOUND('',#3085,.T.);
#3334=FACE_BOUND('',#3086,.T.);
#3335=FACE_BOUND('',#3087,.T.);
#3336=FACE_BOUND('',#3088,.T.);
#3337=FACE_BOUND('',#3089,.T.);
#3338=FACE_BOUND('',#3090,.T.);
#3339=FACE_BOUND('',#3091,.T.);
#3340=FACE_BOUND('',#3092,.T.);
#3341=FACE_BOUND('',#3093,.T.);
#3342=FACE_BOUND('',#3094,.T.);
#3343=FACE_BOUND('',#3095,.T.);
#3344=FACE_BOUND('',#3096,.T.);
#3345=FACE_BOUND('',#3097,.T.);
#3346=FACE_BOUND('',#3098,.T.);
#3347=FACE_BOUND('',#3099,.T.);
#3348=FACE_BOUND('',#3100,.T.);
#3349=FACE_BOUND('',#3101,.T.);
#3350=FACE_BOUND('',#3102,.T.);
#3351=FACE_BOUND('',#3103,.T.);
#3352=FACE_BOUND('',#3104,.T.);
#3353=FACE_BOUND('',#3105,.T.);
#3354=FACE_BOUND('',#3106,.T.);
#3355=FACE_BOUND('',#3107,.T.);
#3356=FACE_BOUND('',#3108,.T.);
#3357=FACE_BOUND('',#3109,.T.);
#3358=FACE_BOUND('',#3110,.T.);
#3359=FACE_BOUND('',#3111,.T.);
#3360=FACE_BOUND('',#3112,.T.);
#3361=FACE_BOUND('',#3113,.T.);
#3362=FACE_BOUND('',#3114,.T.);
#3363=FACE_BOUND('',#3115,.T.);
#3364=FACE_BOUND('',#3116,.T.);
#3365=FACE_BOUND('',#3117,.T.);
#3366=FACE_BOUND('',#3118,.T.);
#3367=FACE_BOUND('',#3119,.T.);
#3368=FACE_BOUND('',#3120,.T.);
#3369=FACE_BOUND('',#3121,.T.);
#3370=FACE_BOUND('',#3122,.T.);
#3371=FACE_BOUND('',#3123,.T.);
#3372=FACE_BOUND('',#3124,.T.);
#3373=FACE_BOUND('',#3125,.T.);
#3374=FACE_BOUND('',#3126,.T.);
#3375=FACE_BOUND('',#3127,.T.);
#3376=FACE_BOUND('',#3128,.T.);
#3377=FACE_BOUND('',#3129,.T.);
#3378=FACE_BOUND('',#3130,.T.);
#3379=FACE_BOUND('',#3131,.T.);
#3380=FACE_BOUND('',#3132,.T.);
#3381=FACE_BOUND('',#3133,.T.);
#3382=FACE_BOUND('',#3134,.T.);
#3383=FACE_BOUND('',#3135,.T.);
#3384=FACE_BOUND('',#3136,.T.);
#3385=FACE_BOUND('',#3137,.T.);
#3386=FACE_BOUND('',#3138,.T.);
#3387=FACE_BOUND('',#3139,.T.);
#3388=FACE_BOUND('',#3140,.T.);
#3389=FACE_BOUND('',#3141,.T.);
#3390=FACE_BOUND('',#3142,.T.);
#3391=FACE_BOUND('',#3143,.T.);
#3392=FACE_BOUND('',#3144,.T.);
#3393=FACE_BOUND('',#3145,.T.);
#3394=FACE_BOUND('',#3146,.T.);
#3395=FACE_BOUND('',#3147,.T.);
#3396=FACE_BOUND('',#3148,.T.);
#3397=FACE_BOUND('',#3149,.T.);
#3398=FACE_BOUND('',#3150,.T.);
#3399=FACE_BOUND('',#3151,.T.);
#3400=FACE_BOUND('',#3152,.T.);
#3401=FACE_BOUND('',#3153,.T.);
#3402=FACE_BOUND('',#3154,.T.);
#3403=FACE_BOUND('',#3155,.T.);
#3404=FACE_BOUND('',#3156,.T.);
#3405=FACE_BOUND('',#3157,.T.);
#3406=FACE_BOUND('',#3158,.T.);
#3407=FACE_BOUND('',#3159,.T.);
#3408=FACE_BOUND('',#3160,.T.);
#3409=FACE_BOUND('',#3161,.T.);
#3410=FACE_BOUND('',#3162,.T.);
#3411=FACE_BOUND('',#3163,.T.);
#3412=FACE_BOUND('',#3164,.T.);
#3413=FACE_BOUND('',#3165,.T.);
#3414=FACE_BOUND('',#3166,.T.);
#3415=FACE_BOUND('',#3167,.T.);
#3416=FACE_BOUND('',#3168,.T.);
#3417=FACE_BOUND('',#3169,.T.);
#3418=FACE_BOUND('',#3170,.T.);
#3419=FACE_BOUND('',#3171,.T.);
#3420=FACE_BOUND('',#3172,.T.);
#3421=FACE_BOUND('',#3173,.T.);
#3422=FACE_BOUND('',#3174,.T.);
#3423=FACE_BOUND('',#3175,.T.);
#3424=FACE_BOUND('',#3176,.T.);
#3425=FACE_BOUND('',#3177,.T.);
#3426=FACE_BOUND('',#3178,.T.);
#3427=FACE_BOUND('',#3179,.T.);
#3428=FACE_BOUND('',#3180,.T.);
#3429=FACE_BOUND('',#3181,.T.);
#3430=FACE_BOUND('',#3182,.T.);
#3431=FACE_BOUND('',#3183,.T.);
#3432=FACE_BOUND('',#3184,.T.);
#3433=FACE_BOUND('',#3185,.T.);
#3434=FACE_BOUND('',#3186,.T.);
#3435=FACE_BOUND('',#3187,.T.);
#3436=FACE_BOUND('',#3188,.T.);
#3437=FACE_BOUND('',#3189,.T.);
#3438=FACE_BOUND('',#3190,.T.);
#3439=FACE_BOUND('',#3191,.T.);
#3440=FACE_BOUND('',#3192,.T.);
#3441=FACE_BOUND('',#3193,.T.);
#3442=FACE_BOUND('',#3194,.T.);
#3443=FACE_BOUND('',#3195,.T.);
#3444=FACE_BOUND('',#3196,.T.);
#3445=FACE_BOUND('',#3197,.T.);
#3446=FACE_BOUND('',#3198,.T.);
#3447=FACE_BOUND('',#3199,.T.);
#3448=FACE_BOUND('',#3200,.T.);
#3449=FACE_BOUND('',#3201,.T.);
#3450=FACE_BOUND('',#3202,.T.);
#3451=FACE_BOUND('',#3203,.T.);
#3452=FACE_BOUND('',#3204,.T.);
#3453=FACE_BOUND('',#3205,.T.);
#3454=FACE_BOUND('',#3206,.T.);
#3455=FACE_BOUND('',#3207,.T.);
#3456=FACE_BOUND('',#3208,.T.);
#3457=FACE_BOUND('',#3209,.T.);
#3458=FACE_BOUND('',#3210,.T.);
#3459=FACE_BOUND('',#3211,.T.);
#3460=FACE_BOUND('',#3212,.T.);
#3461=FACE_BOUND('',#3213,.T.);
#3462=FACE_BOUND('',#3214,.T.);
#3463=FACE_BOUND('',#3215,.T.);
#3464=FACE_BOUND('',#3216,.T.);
#3465=FACE_BOUND('',#3217,.T.);
#3466=FACE_BOUND('',#3218,.T.);
#3467=FACE_BOUND('',#3219,.T.);
#3468=FACE_BOUND('',#3220,.T.);
#3469=FACE_BOUND('',#3221,.T.);
#3470=FACE_BOUND('',#3222,.T.);
#3471=FACE_BOUND('',#3223,.T.);
#3472=FACE_BOUND('',#3224,.T.);
#3473=FACE_BOUND('',#3225,.T.);
#3474=FACE_BOUND('',#3226,.T.);
#3475=FACE_BOUND('',#3227,.T.);
#3476=FACE_BOUND('',#3228,.T.);
#3477=FACE_BOUND('',#3229,.T.);
#3478=FACE_BOUND('',#3230,.T.);
#3479=FACE_BOUND('',#3231,.T.);
#3480=FACE_BOUND('',#3232,.T.);
#3481=FACE_BOUND('',#3233,.T.);
#3482=FACE_BOUND('',#3234,.T.);
#3483=FACE_BOUND('',#3235,.T.);
#3484=FACE_BOUND('',#3236,.T.);
#3485=FACE_BOUND('',#3237,.T.);
#3486=FACE_BOUND('',#3238,.T.);
#3487=FACE_BOUND('',#3239,.T.);
#3488=FACE_BOUND('',#3240,.T.);
#3489=FACE_BOUND('',#3241,.T.);
#3490=FACE_BOUND('',#3242,.T.);
#3491=FACE_BOUND('',#3243,.T.);
#3492=FACE_BOUND('',#3244,.T.);
#3493=FACE_BOUND('',#3245,.T.);
#3494=FACE_BOUND('',#3246,.T.);
#3495=FACE_BOUND('',#3247,.T.);
#3496=FACE_BOUND('',#3248,.T.);
#3497=FACE_BOUND('',#3249,.T.);
#3498=FACE_BOUND('',#3250,.T.);
#3499=FACE_BOUND('',#3251,.T.);
#3500=FACE_BOUND('',#3252,.T.);
#3501=FACE_BOUND('',#3253,.T.);
#3502=FACE_BOUND('',#3254,.T.);
#3503=FACE_BOUND('',#3255,.T.);
#3504=FACE_BOUND('',#3256,.T.);
#3505=FACE_BOUND('',#3257,.T.);
#3506=FACE_BOUND('',#3258,.T.);
#3507=FACE_BOUND('',#3259,.T.);
#3508=FACE_BOUND('',#3260,.T.);
#3509=FACE_BOUND('',#3261,.T.);
#3510=FACE_BOUND('',#3262,.T.);
#3511=FACE_BOUND('',#3263,.T.);
#3512=FACE_BOUND('',#3264,.T.);
#3513=FACE_BOUND('',#3265,.T.);
#3514=FACE_BOUND('',#3266,.T.);
#3515=FACE_BOUND('',#3267,.T.);
#3516=FACE_BOUND('',#3268,.T.);
#3517=FACE_BOUND('',#3269,.T.);
#3518=FACE_BOUND('',#3270,.T.);
#3519=FACE_BOUND('',#3271,.T.);
#3520=FACE_BOUND('',#3272,.T.);
#3521=FACE_BOUND('',#3273,.T.);
#3522=FACE_BOUND('',#3274,.T.);
#3523=FACE_BOUND('',#3275,.T.);
#3524=FACE_BOUND('',#3276,.T.);
#3525=FACE_BOUND('',#3277,.T.);
#3526=FACE_BOUND('',#3278,.T.);
#3527=PLANE('',#3950);
#3528=PLANE('',#3959);
#3529=PLANE('',#3961);
#3530=PLANE('',#3965);
#3531=PLANE('',#3967);
#3532=PLANE('',#3973);
#3533=PLANE('',#3979);
#3534=PLANE('',#3980);
#3535=PLANE('',#3981);
#3536=PLANE('',#3982);
#3537=PLANE('',#3987);
#3538=PLANE('',#3989);
#3539=PLANE('',#3990);
#3540=PLANE('',#3991);
#3541=PLANE('',#3992);
#3542=PLANE('',#3993);
#3543=PLANE('',#3994);
#3544=PLANE('',#3995);
#3545=PLANE('',#3996);
#3546=PLANE('',#3997);
#3547=PLANE('',#4001);
#3548=PLANE('',#4002);
#3549=PLANE('',#4003);
#3550=PLANE('',#4004);
#3551=PLANE('',#4005);
#3552=PLANE('',#4008);
#3553=PLANE('',#4009);
#3554=PLANE('',#4010);
#3555=PLANE('',#4011);
#3556=PLANE('',#4014);
#3557=PLANE('',#4015);
#3558=PLANE('',#4016);
#3559=PLANE('',#4019);
#3560=PLANE('',#4022);
#3561=PLANE('',#4023);
#3562=PLANE('',#4024);
#3563=PLANE('',#4025);
#3564=PLANE('',#4026);
#3565=PLANE('',#4027);
#3566=PLANE('',#4028);
#3567=PLANE('',#4030);
#3568=PLANE('',#4033);
#3569=PLANE('',#4034);
#3570=PLANE('',#4035);
#3571=PLANE('',#4037);
#3572=PLANE('',#4038);
#3573=PLANE('',#4039);
#3574=PLANE('',#4042);
#3575=PLANE('',#4045);
#3576=PLANE('',#4048);
#3577=PLANE('',#4051);
#3578=PLANE('',#4054);
#3579=PLANE('',#4055);
#3580=PLANE('',#4056);
#3581=PLANE('',#4057);
#3582=PLANE('',#4058);
#3583=PLANE('',#4059);
#3584=PLANE('',#4063);
#3585=PLANE('',#4066);
#3586=PLANE('',#4069);
#3587=PLANE('',#4072);
#3588=PLANE('',#4075);
#3589=PLANE('',#4076);
#3590=PLANE('',#4077);
#3591=PLANE('',#4078);
#3592=PLANE('',#4079);
#3593=PLANE('',#4080);
#3594=PLANE('',#4081);
#3595=PLANE('',#4082);
#3596=PLANE('',#4083);
#3597=PLANE('',#4084);
#3598=PLANE('',#4086);
#3599=PLANE('',#4087);
#3600=PLANE('',#4088);
#3601=PLANE('',#4089);
#3602=PLANE('',#4090);
#3603=PLANE('',#4091);
#3604=PLANE('',#4094);
#3605=PLANE('',#4095);
#3606=PLANE('',#4099);
#3607=PLANE('',#4101);
#3608=PLANE('',#4102);
#3609=PLANE('',#4103);
#3610=PLANE('',#4104);
#3611=PLANE('',#4123);
#3612=PLANE('',#4124);
#3613=PLANE('',#4127);
#3614=PLANE('',#4128);
#3615=PLANE('',#4131);
#3616=PLANE('',#4134);
#3617=PLANE('',#4135);
#3618=PLANE('',#4137);
#3619=PLANE('',#4139);
#3620=PLANE('',#4143);
#3621=PLANE('',#4144);
#3622=PLANE('',#4145);
#3623=PLANE('',#4153);
#3624=PLANE('',#4154);
#3625=PLANE('',#4155);
#3626=PLANE('',#4156);
#3627=PLANE('',#4157);
#3628=PLANE('',#4158);
#3629=PLANE('',#4159);
#3630=PLANE('',#4160);
#3631=PLANE('',#4161);
#3632=PLANE('',#4162);
#3633=PLANE('',#4163);
#3634=PLANE('',#4169);
#3635=PLANE('',#4170);
#3636=PLANE('',#4171);
#3637=PLANE('',#4174);
#3638=PLANE('',#4175);
#3639=PLANE('',#4178);
#3640=PLANE('',#4180);
#3641=PLANE('',#4181);
#3642=PLANE('',#4183);
#3643=PLANE('',#4193);
#3644=PLANE('',#4194);
#3645=PLANE('',#4195);
#3646=PLANE('',#4205);
#3647=PLANE('',#4206);
#3648=PLANE('',#4209);
#3649=PLANE('',#4210);
#3650=PLANE('',#4215);
#3651=PLANE('',#4216);
#3652=PLANE('',#4220);
#3653=PLANE('',#4229);
#3654=PLANE('',#4230);
#3655=PLANE('',#4239);
#3656=PLANE('',#4240);
#3657=PLANE('',#4241);
#3658=PLANE('',#4242);
#3659=PLANE('',#4243);
#3660=PLANE('',#4244);
#3661=PLANE('',#4245);
#3662=PLANE('',#4246);
#3663=PLANE('',#4247);
#3664=PLANE('',#4248);
#3665=PLANE('',#4249);
#3666=PLANE('',#4250);
#3667=PLANE('',#4251);
#3668=PLANE('',#4257);
#3669=PLANE('',#4258);
#3670=PLANE('',#4259);
#3671=PLANE('',#4260);
#3672=PLANE('',#4261);
#3673=PLANE('',#4262);
#3674=PLANE('',#4263);
#3675=PLANE('',#4264);
#3676=PLANE('',#4265);
#3677=ADVANCED_FACE('',(#3279,#3280,#3281,#3282,#3283,#3284,#3285),#3527,
 .F.);
#3678=ADVANCED_FACE('',(#3286),#3528,.T.);
#3679=ADVANCED_FACE('',(#3287),#3529,.T.);
#3680=ADVANCED_FACE('',(#3288),#3530,.F.);
#3681=ADVANCED_FACE('',(#3289),#3531,.F.);
#3682=ADVANCED_FACE('',(#3290),#72,.T.);
#3683=ADVANCED_FACE('',(#3291),#73,.T.);
#3684=ADVANCED_FACE('',(#3292),#70,.F.);
#3685=ADVANCED_FACE('',(#3293,#3294,#3295,#3296),#3532,.T.);
#3686=ADVANCED_FACE('',(#3297),#3533,.T.);
#3687=ADVANCED_FACE('',(#3298),#3534,.T.);
#3688=ADVANCED_FACE('',(#3299),#3535,.T.);
#3689=ADVANCED_FACE('',(#3300,#3301,#3302),#3536,.T.);
#3690=ADVANCED_FACE('',(#3303),#3537,.T.);
#3691=ADVANCED_FACE('',(#3304),#3538,.T.);
#3692=ADVANCED_FACE('',(#3305),#3539,.T.);
#3693=ADVANCED_FACE('',(#3306),#3540,.T.);
#3694=ADVANCED_FACE('',(#3307),#3541,.T.);
#3695=ADVANCED_FACE('',(#3308),#3542,.T.);
#3696=ADVANCED_FACE('',(#3309),#3543,.T.);
#3697=ADVANCED_FACE('',(#3310),#3544,.T.);
#3698=ADVANCED_FACE('',(#3311),#3545,.T.);
#3699=ADVANCED_FACE('',(#3312),#3546,.T.);
#3700=ADVANCED_FACE('',(#3313),#74,.T.);
#3701=ADVANCED_FACE('',(#3314),#75,.T.);
#3702=ADVANCED_FACE('',(#3315),#3547,.F.);
#3703=ADVANCED_FACE('',(#3316),#3548,.F.);
#3704=ADVANCED_FACE('',(#3317),#3549,.F.);
#3705=ADVANCED_FACE('',(#3318),#3550,.F.);
#3706=ADVANCED_FACE('',(#3319),#3551,.F.);
#3707=ADVANCED_FACE('',(#3320),#76,.T.);
#3708=ADVANCED_FACE('',(#3321),#3552,.F.);
#3709=ADVANCED_FACE('',(#3322),#3553,.F.);
#3710=ADVANCED_FACE('',(#3323),#3554,.F.);
#3711=ADVANCED_FACE('',(#3324),#3555,.F.);
#3712=ADVANCED_FACE('',(#3325),#77,.T.);
#3713=ADVANCED_FACE('',(#3326),#3556,.F.);
#3714=ADVANCED_FACE('',(#3327),#3557,.F.);
#3715=ADVANCED_FACE('',(#3328),#3558,.F.);
#3716=ADVANCED_FACE('',(#3329),#78,.T.);
#3717=ADVANCED_FACE('',(#3330),#3559,.F.);
#3718=ADVANCED_FACE('',(#3331),#79,.F.);
#3719=ADVANCED_FACE('',(#3332),#3560,.F.);
#3720=ADVANCED_FACE('',(#3333),#3561,.F.);
#3721=ADVANCED_FACE('',(#3334),#3562,.F.);
#3722=ADVANCED_FACE('',(#3335),#3563,.T.);
#3723=ADVANCED_FACE('',(#3336),#3564,.F.);
#3724=ADVANCED_FACE('',(#3337),#3565,.F.);
#3725=ADVANCED_FACE('',(#3338,#3339),#3566,.F.);
#3726=ADVANCED_FACE('',(#3340,#3341),#3567,.T.);
#3727=ADVANCED_FACE('',(#3342),#3568,.F.);
#3728=ADVANCED_FACE('',(#3343),#3569,.F.);
#3729=ADVANCED_FACE('',(#3344),#3570,.F.);
#3730=ADVANCED_FACE('',(#3345),#80,.T.);
#3731=ADVANCED_FACE('',(#3346),#3571,.F.);
#3732=ADVANCED_FACE('',(#3347),#3572,.T.);
#3733=ADVANCED_FACE('',(#3348),#3573,.F.);
#3734=ADVANCED_FACE('',(#3349,#3350),#81,.T.);
#3735=ADVANCED_FACE('',(#3351),#3574,.F.);
#3736=ADVANCED_FACE('',(#3352,#3353),#82,.T.);
#3737=ADVANCED_FACE('',(#3354),#3575,.F.);
#3738=ADVANCED_FACE('',(#3355,#3356),#83,.T.);
#3739=ADVANCED_FACE('',(#3357),#3576,.F.);
#3740=ADVANCED_FACE('',(#3358,#3359),#84,.T.);
#3741=ADVANCED_FACE('',(#3360),#3577,.F.);
#3742=ADVANCED_FACE('',(#3361,#3362),#85,.T.);
#3743=ADVANCED_FACE('',(#3363),#3578,.F.);
#3744=ADVANCED_FACE('',(#3364),#3579,.T.);
#3745=ADVANCED_FACE('',(#3365),#3580,.T.);
#3746=ADVANCED_FACE('',(#3366),#3581,.T.);
#3747=ADVANCED_FACE('',(#3367),#3582,.T.);
#3748=ADVANCED_FACE('',(#3368),#3583,.F.);
#3749=ADVANCED_FACE('',(#3369),#71,.F.);
#3750=ADVANCED_FACE('',(#3370),#68,.T.);
#3751=ADVANCED_FACE('',(#3371),#69,.T.);
#3752=ADVANCED_FACE('',(#3372,#3373),#86,.F.);
#3753=ADVANCED_FACE('',(#3374),#3584,.F.);
#3754=ADVANCED_FACE('',(#3375,#3376),#87,.F.);
#3755=ADVANCED_FACE('',(#3377),#3585,.F.);
#3756=ADVANCED_FACE('',(#3378,#3379),#88,.F.);
#3757=ADVANCED_FACE('',(#3380),#3586,.F.);
#3758=ADVANCED_FACE('',(#3381,#3382),#89,.F.);
#3759=ADVANCED_FACE('',(#3383),#3587,.F.);
#3760=ADVANCED_FACE('',(#3384,#3385),#90,.F.);
#3761=ADVANCED_FACE('',(#3386),#3588,.F.);
#3762=ADVANCED_FACE('',(#3387),#3589,.T.);
#3763=ADVANCED_FACE('',(#3388),#3590,.T.);
#3764=ADVANCED_FACE('',(#3389),#3591,.T.);
#3765=ADVANCED_FACE('',(#3390),#3592,.F.);
#3766=ADVANCED_FACE('',(#3391),#3593,.T.);
#3767=ADVANCED_FACE('',(#3392),#3594,.T.);
#3768=ADVANCED_FACE('',(#3393),#3595,.F.);
#3769=ADVANCED_FACE('',(#3394),#3596,.F.);
#3770=ADVANCED_FACE('',(#3395),#3597,.F.);
#3771=ADVANCED_FACE('',(#3396),#3598,.T.);
#3772=ADVANCED_FACE('',(#3397),#3599,.T.);
#3773=ADVANCED_FACE('',(#3398),#3600,.F.);
#3774=ADVANCED_FACE('',(#3399),#3601,.T.);
#3775=ADVANCED_FACE('',(#3400),#3602,.F.);
#3776=ADVANCED_FACE('',(#3401),#3603,.T.);
#3777=ADVANCED_FACE('',(#3402),#3604,.T.);
#3778=ADVANCED_FACE('',(#3403),#3605,.F.);
#3779=ADVANCED_FACE('',(#3404),#91,.F.);
#3780=ADVANCED_FACE('',(#3405),#3606,.T.);
#3781=ADVANCED_FACE('',(#3406),#92,.T.);
#3782=ADVANCED_FACE('',(#3407),#3607,.F.);
#3783=ADVANCED_FACE('',(#3408),#3608,.T.);
#3784=ADVANCED_FACE('',(#3409),#3609,.T.);
#3785=ADVANCED_FACE('',(#3410),#3610,.F.);
#3786=ADVANCED_FACE('',(#3411),#93,.T.);
#3787=ADVANCED_FACE('',(#3412),#94,.F.);
#3788=ADVANCED_FACE('',(#3413),#95,.T.);
#3789=ADVANCED_FACE('',(#3414),#96,.F.);
#3790=ADVANCED_FACE('',(#3415),#97,.T.);
#3791=ADVANCED_FACE('',(#3416),#98,.F.);
#3792=ADVANCED_FACE('',(#3417),#3611,.T.);
#3793=ADVANCED_FACE('',(#3418),#3612,.T.);
#3794=ADVANCED_FACE('',(#3419),#3613,.F.);
#3795=ADVANCED_FACE('',(#3420),#3614,.F.);
#3796=ADVANCED_FACE('',(#3421),#3615,.T.);
#3797=ADVANCED_FACE('',(#3422),#18,.F.);
#3798=ADVANCED_FACE('',(#3423),#19,.F.);
#3799=ADVANCED_FACE('',(#3424),#99,.T.);
#3800=ADVANCED_FACE('',(#3425),#100,.F.);
#3801=ADVANCED_FACE('',(#3426),#3616,.T.);
#3802=ADVANCED_FACE('',(#3427),#3617,.F.);
#3803=ADVANCED_FACE('',(#3428),#3618,.T.);
#3804=ADVANCED_FACE('',(#3429),#3619,.T.);
#3805=ADVANCED_FACE('',(#3430),#3620,.T.);
#3806=ADVANCED_FACE('',(#3431),#3621,.T.);
#3807=ADVANCED_FACE('',(#3432),#3622,.F.);
#3808=ADVANCED_FACE('',(#3433),#101,.T.);
#3809=ADVANCED_FACE('',(#3434),#102,.T.);
#3810=ADVANCED_FACE('',(#3435),#3623,.T.);
#3811=ADVANCED_FACE('',(#3436),#3624,.T.);
#3812=ADVANCED_FACE('',(#3437),#3625,.T.);
#3813=ADVANCED_FACE('',(#3438),#3626,.T.);
#3814=ADVANCED_FACE('',(#3439),#3627,.T.);
#3815=ADVANCED_FACE('',(#3440),#3628,.T.);
#3816=ADVANCED_FACE('',(#3441),#3629,.T.);
#3817=ADVANCED_FACE('',(#3442),#3630,.T.);
#3818=ADVANCED_FACE('',(#3443),#3631,.F.);
#3819=ADVANCED_FACE('',(#3444),#3632,.T.);
#3820=ADVANCED_FACE('',(#3445),#3633,.T.);
#3821=ADVANCED_FACE('',(#3446),#103,.F.);
#3822=ADVANCED_FACE('',(#3447),#104,.F.);
#3823=ADVANCED_FACE('',(#3448),#3634,.F.);
#3824=ADVANCED_FACE('',(#3449),#3635,.F.);
#3825=ADVANCED_FACE('',(#3450),#3636,.T.);
#3826=ADVANCED_FACE('',(#3451),#3637,.T.);
#3827=ADVANCED_FACE('',(#3452),#3638,.F.);
#3828=ADVANCED_FACE('',(#3453),#3639,.T.);
#3829=ADVANCED_FACE('',(#3454),#105,.F.);
#3830=ADVANCED_FACE('',(#3455),#3640,.T.);
#3831=ADVANCED_FACE('',(#3456),#3641,.F.);
#3832=ADVANCED_FACE('',(#3457),#106,.T.);
#3833=ADVANCED_FACE('',(#3458),#3642,.F.);
#3834=ADVANCED_FACE('',(#3459),#107,.T.);
#3835=ADVANCED_FACE('',(#3460),#108,.T.);
#3836=ADVANCED_FACE('',(#3461),#109,.F.);
#3837=ADVANCED_FACE('',(#3462),#3643,.T.);
#3838=ADVANCED_FACE('',(#3463),#3644,.T.);
#3839=ADVANCED_FACE('',(#3464),#3645,.F.);
#3840=ADVANCED_FACE('',(#3465),#110,.T.);
#3841=ADVANCED_FACE('',(#3466),#111,.F.);
#3842=ADVANCED_FACE('',(#3467),#112,.F.);
#3843=ADVANCED_FACE('',(#3468),#3646,.T.);
#3844=ADVANCED_FACE('',(#3469),#3647,.T.);
#3845=ADVANCED_FACE('',(#3470),#3648,.F.);
#3846=ADVANCED_FACE('',(#3471),#3649,.T.);
#3847=ADVANCED_FACE('',(#3472),#20,.F.);
#3848=ADVANCED_FACE('',(#3473),#21,.F.);
#3849=ADVANCED_FACE('',(#3474),#113,.T.);
#3850=ADVANCED_FACE('',(#3475),#114,.F.);
#3851=ADVANCED_FACE('',(#3476),#3650,.F.);
#3852=ADVANCED_FACE('',(#3477),#3651,.F.);
#3853=ADVANCED_FACE('',(#3478,#3479,#3480,#3481,#3482,#3483,#3484),#3652,
 .F.);
#3854=ADVANCED_FACE('',(#3485),#3653,.T.);
#3855=ADVANCED_FACE('',(#3486,#3487,#3488,#3489,#3490,#3491),#3654,.T.);
#3856=ADVANCED_FACE('',(#3492),#3655,.T.);
#3857=ADVANCED_FACE('',(#3493),#3656,.T.);
#3858=ADVANCED_FACE('',(#3494),#3657,.T.);
#3859=ADVANCED_FACE('',(#3495),#3658,.T.);
#3860=ADVANCED_FACE('',(#3496),#3659,.T.);
#3861=ADVANCED_FACE('',(#3497),#3660,.T.);
#3862=ADVANCED_FACE('',(#3498),#3661,.T.);
#3863=ADVANCED_FACE('',(#3499),#3662,.T.);
#3864=ADVANCED_FACE('',(#3500),#3663,.T.);
#3865=ADVANCED_FACE('',(#3501),#3664,.T.);
#3866=ADVANCED_FACE('',(#3502),#3665,.T.);
#3867=ADVANCED_FACE('',(#3503),#3666,.T.);
#3868=ADVANCED_FACE('',(#3504),#3667,.T.);
#3869=ADVANCED_FACE('',(#3505,#3506),#115,.F.);
#3870=ADVANCED_FACE('',(#3507,#3508),#116,.F.);
#3871=ADVANCED_FACE('',(#3509,#3510),#117,.F.);
#3872=ADVANCED_FACE('',(#3511,#3512),#118,.F.);
#3873=ADVANCED_FACE('',(#3513,#3514),#119,.F.);
#3874=ADVANCED_FACE('',(#3515),#3668,.T.);
#3875=ADVANCED_FACE('',(#3516),#3669,.T.);
#3876=ADVANCED_FACE('',(#3517),#3670,.F.);
#3877=ADVANCED_FACE('',(#3518),#3671,.T.);
#3878=ADVANCED_FACE('',(#3519),#3672,.T.);
#3879=ADVANCED_FACE('',(#3520),#3673,.T.);
#3880=ADVANCED_FACE('',(#3521),#3674,.F.);
#3881=ADVANCED_FACE('',(#3522),#3675,.F.);
#3882=ADVANCED_FACE('',(#3523),#3676,.F.);
#3883=ADVANCED_FACE('',(#3524),#120,.T.);
#3884=ADVANCED_FACE('',(#3525),#121,.T.);
#3885=ADVANCED_FACE('',(#3526),#122,.T.);
#3886=CLOSED_SHELL('',(#3677,#3678,#3679,#3680,#3681,#3682,#3683,#3684,
#3685,#3686,#3687,#3688,#3689,#3690,#3691,#3692,#3693,#3694,#3695,#3696,
#3697,#3698,#3699,#3700,#3701,#3702,#3703,#3704,#3705,#3706,#3707,#3708,
#3709,#3710,#3711,#3712,#3713,#3714,#3715,#3716,#3717,#3718,#3719,#3720,
#3721,#3722,#3723,#3724,#3725,#3726,#3727,#3728,#3729,#3730,#3731,#3732,
#3733,#3734,#3735,#3736,#3737,#3738,#3739,#3740,#3741,#3742,#3743,#3744,
#3745,#3746,#3747,#3748,#3749,#3750,#3751,#3752,#3753,#3754,#3755,#3756,
#3757,#3758,#3759,#3760,#3761,#3762,#3763,#3764,#3765,#3766,#3767,#3768,
#3769,#3770));
#3887=CLOSED_SHELL('',(#3771,#3772,#3773,#3774,#3775,#3776,#3777,#3778,
#3779,#3780,#3781,#3782,#3783,#3784,#3785,#3786,#3787,#3788,#3789,#3790,
#3791,#3792,#3793,#3794,#3795,#3796,#3797,#3798,#3799,#3800,#3801,#3802));
#3888=CLOSED_SHELL('',(#3803,#3804,#3805,#3806,#3807,#3808,#3809,#3810,
#3811,#3812,#3813,#3814,#3815,#3816,#3817,#3818,#3819,#3820,#3821,#3822));
#3889=CLOSED_SHELL('',(#3823,#3824,#3825,#3826,#3827,#3828,#3829,#3830,
#3831,#3832,#3833,#3834,#3835,#3836,#3837,#3838,#3839,#3840,#3841,#3842,
#3843,#3844,#3845,#3846,#3847,#3848,#3849,#3850,#3851,#3852));
#3890=CLOSED_SHELL('',(#3853,#3854,#3855,#3856,#3857,#3858,#3859,#3860,
#3861,#3862,#3863,#3864,#3865,#3866,#3867,#3868,#3869,#3870,#3871,#3872,
#3873,#3874,#3875,#3876,#3877,#3878,#3879,#3880,#3881,#3882,#3883,#3884,
#3885));
#3891=STYLED_ITEM('',(#3896),#3928);
#3892=STYLED_ITEM('',(#3897),#3929);
#3893=STYLED_ITEM('',(#3898),#3930);
#3894=STYLED_ITEM('',(#3899),#3931);
#3895=STYLED_ITEM('',(#3900),#3932);
#3896=PRESENTATION_STYLE_ASSIGNMENT((#3901));
#3897=PRESENTATION_STYLE_ASSIGNMENT((#3902));
#3898=PRESENTATION_STYLE_ASSIGNMENT((#3903));
#3899=PRESENTATION_STYLE_ASSIGNMENT((#3904));
#3900=PRESENTATION_STYLE_ASSIGNMENT((#3905));
#3901=SURFACE_STYLE_USAGE(.BOTH.,#3906);
#3902=SURFACE_STYLE_USAGE(.BOTH.,#3907);
#3903=SURFACE_STYLE_USAGE(.BOTH.,#3908);
#3904=SURFACE_STYLE_USAGE(.BOTH.,#3909);
#3905=SURFACE_STYLE_USAGE(.BOTH.,#3910);
#3906=SURFACE_SIDE_STYLE('',(#3911));
#3907=SURFACE_SIDE_STYLE('',(#3912));
#3908=SURFACE_SIDE_STYLE('',(#3913));
#3909=SURFACE_SIDE_STYLE('',(#3914));
#3910=SURFACE_SIDE_STYLE('',(#3915));
#3911=SURFACE_STYLE_FILL_AREA(#3916);
#3912=SURFACE_STYLE_FILL_AREA(#3917);
#3913=SURFACE_STYLE_FILL_AREA(#3918);
#3914=SURFACE_STYLE_FILL_AREA(#3919);
#3915=SURFACE_STYLE_FILL_AREA(#3920);
#3916=FILL_AREA_STYLE('',(#3921));
#3917=FILL_AREA_STYLE('',(#3922));
#3918=FILL_AREA_STYLE('',(#3923));
#3919=FILL_AREA_STYLE('',(#3924));
#3920=FILL_AREA_STYLE('',(#3925));
#3921=FILL_AREA_STYLE_COLOUR('',#3926);
#3922=FILL_AREA_STYLE_COLOUR('',#3927);
#3923=FILL_AREA_STYLE_COLOUR('',#3926);
#3924=FILL_AREA_STYLE_COLOUR('',#3927);
#3925=FILL_AREA_STYLE_COLOUR('',#3926);
#3926=COLOUR_RGB('',0.569999992847443,0.569999992847443,0.569999992847443);
#3927=COLOUR_RGB('',0.699999988079071,0.699999988079071,0.699999988079071);
#3928=MANIFOLD_SOLID_BREP('',#3886);
#3929=MANIFOLD_SOLID_BREP('',#3887);
#3930=MANIFOLD_SOLID_BREP('',#3888);
#3931=MANIFOLD_SOLID_BREP('',#3889);
#3932=MANIFOLD_SOLID_BREP('',#3890);
#3933=SHAPE_DEFINITION_REPRESENTATION(#6626,#3941);
#3934=SHAPE_DEFINITION_REPRESENTATION(#6625,#3942);
#3935=SHAPE_DEFINITION_REPRESENTATION(#6628,#3943);
#3936=SHAPE_DEFINITION_REPRESENTATION(#6630,#3944);
#3937=SHAPE_DEFINITION_REPRESENTATION(#6624,#3945);
#3938=SHAPE_DEFINITION_REPRESENTATION(#6633,#3946);
#3939=SHAPE_DEFINITION_REPRESENTATION(#6635,#3947);
#3940=SHAPE_DEFINITION_REPRESENTATION(#6639,#3948);
#3941=SHAPE_REPRESENTATION('6914121200xxB',(#3949),#6607);
#3942=SHAPE_REPRESENTATION('6914121200xx_MODULE_COURT',(#3949,#4085,#4136,
#4166),#6606);
#3943=SHAPE_REPRESENTATION('6914121200xx',(#3949),#6608);
#3944=SHAPE_REPRESENTATION('6914121200xx_levier',(#3949),#6609);
#3945=SHAPE_REPRESENTATION('6914121200xxMB',(#3949,#4167,#4219,#4269),#6605);
#3946=SHAPE_REPRESENTATION('6914121200xx_MODULE_LONG',(#3949,#4168,#4217,
#4218),#6610);
#3947=SHAPE_REPRESENTATION('6914121200xx_LONG',(#3949),#6611);
#3948=SHAPE_REPRESENTATION('6914121200xxB_CAPOT',(#3949),#6612);
#3949=AXIS2_PLACEMENT_3D('',#5317,#4270,#4271);
#3950=AXIS2_PLACEMENT_3D('',#5318,#4272,#4273);
#3951=AXIS2_PLACEMENT_3D('',#5327,#4278,#4279);
#3952=AXIS2_PLACEMENT_3D('',#5329,#4280,#4281);
#3953=AXIS2_PLACEMENT_3D('',#5331,#4282,#4283);
#3954=AXIS2_PLACEMENT_3D('',#5333,#4284,#4285);
#3955=AXIS2_PLACEMENT_3D('',#5335,#4286,#4287);
#3956=AXIS2_PLACEMENT_3D('',#5342,#4290,#4291);
#3957=AXIS2_PLACEMENT_3D('',#5346,#4293,#4294);
#3958=AXIS2_PLACEMENT_3D('',#5372,#4307,#4308);
#3959=AXIS2_PLACEMENT_3D('',#5379,#4312,#4313);
#3960=AXIS2_PLACEMENT_3D('',#5395,#4322,#4323);
#3961=AXIS2_PLACEMENT_3D('',#5398,#4325,#4326);
#3962=AXIS2_PLACEMENT_3D('',#5399,#4327,#4328);
#3963=AXIS2_PLACEMENT_3D('',#5407,#4329,#4330);
#3964=AXIS2_PLACEMENT_3D('',#5414,#4331,#4332);
#3965=AXIS2_PLACEMENT_3D('',#5422,#4337,#4338);
#3966=AXIS2_PLACEMENT_3D('',#5423,#4339,#4340);
#3967=AXIS2_PLACEMENT_3D('',#5445,#4346,#4347);
#3968=AXIS2_PLACEMENT_3D('',#5451,#4348,#4349);
#3969=AXIS2_PLACEMENT_3D('',#5464,#4354,#4355);
#3970=AXIS2_PLACEMENT_3D('',#5469,#4356,#4357);
#3971=AXIS2_PLACEMENT_3D('',#5474,#4358,#4359);
#3972=AXIS2_PLACEMENT_3D('',#5475,#4360,#4361);
#3973=AXIS2_PLACEMENT_3D('',#5484,#4362,#4363);
#3974=AXIS2_PLACEMENT_3D('',#5490,#4366,#4367);
#3975=AXIS2_PLACEMENT_3D('',#5492,#4369,#4370);
#3976=AXIS2_PLACEMENT_3D('',#5496,#4372,#4373);
#3977=AXIS2_PLACEMENT_3D('',#5499,#4375,#4376);
#3978=AXIS2_PLACEMENT_3D('',#5501,#4377,#4378);
#3979=AXIS2_PLACEMENT_3D('',#5511,#4383,#4384);
#3980=AXIS2_PLACEMENT_3D('',#5521,#4390,#4391);
#3981=AXIS2_PLACEMENT_3D('',#5525,#4394,#4395);
#3982=AXIS2_PLACEMENT_3D('',#5529,#4398,#4399);
#3983=AXIS2_PLACEMENT_3D('',#5530,#4400,#4401);
#3984=AXIS2_PLACEMENT_3D('',#5532,#4402,#4403);
#3985=AXIS2_PLACEMENT_3D('',#5542,#4408,#4409);
#3986=AXIS2_PLACEMENT_3D('',#5554,#4415,#4416);
#3987=AXIS2_PLACEMENT_3D('',#5565,#4422,#4423);
#3988=AXIS2_PLACEMENT_3D('',#5575,#4428,#4429);
#3989=AXIS2_PLACEMENT_3D('',#5576,#4430,#4431);
#3990=AXIS2_PLACEMENT_3D('',#5579,#4434,#4435);
#3991=AXIS2_PLACEMENT_3D('',#5581,#4437,#4438);
#3992=AXIS2_PLACEMENT_3D('',#5583,#4440,#4441);
#3993=AXIS2_PLACEMENT_3D('',#5585,#4443,#4444);
#3994=AXIS2_PLACEMENT_3D('',#5586,#4445,#4446);
#3995=AXIS2_PLACEMENT_3D('',#5603,#4457,#4458);
#3996=AXIS2_PLACEMENT_3D('',#5607,#4461,#4462);
#3997=AXIS2_PLACEMENT_3D('',#5611,#4465,#4466);
#3998=AXIS2_PLACEMENT_3D('',#5614,#4469,#4470);
#3999=AXIS2_PLACEMENT_3D('',#5617,#4472,#4473);
#4000=AXIS2_PLACEMENT_3D('',#5618,#4474,#4475);
#4001=AXIS2_PLACEMENT_3D('',#5619,#4476,#4477);
#4002=AXIS2_PLACEMENT_3D('',#5623,#4480,#4481);
#4003=AXIS2_PLACEMENT_3D('',#5627,#4484,#4485);
#4004=AXIS2_PLACEMENT_3D('',#5633,#4489,#4490);
#4005=AXIS2_PLACEMENT_3D('',#5637,#4493,#4494);
#4006=AXIS2_PLACEMENT_3D('',#5641,#4497,#4498);
#4007=AXIS2_PLACEMENT_3D('',#5644,#4500,#4501);
#4008=AXIS2_PLACEMENT_3D('',#5647,#4503,#4504);
#4009=AXIS2_PLACEMENT_3D('',#5651,#4507,#4508);
#4010=AXIS2_PLACEMENT_3D('',#5655,#4511,#4512);
#4011=AXIS2_PLACEMENT_3D('',#5657,#4514,#4515);
#4012=AXIS2_PLACEMENT_3D('',#5661,#4518,#4519);
#4013=AXIS2_PLACEMENT_3D('',#5664,#4521,#4522);
#4014=AXIS2_PLACEMENT_3D('',#5665,#4523,#4524);
#4015=AXIS2_PLACEMENT_3D('',#5669,#4527,#4528);
#4016=AXIS2_PLACEMENT_3D('',#5671,#4530,#4531);
#4017=AXIS2_PLACEMENT_3D('',#5675,#4534,#4535);
#4018=AXIS2_PLACEMENT_3D('',#5678,#4537,#4538);
#4019=AXIS2_PLACEMENT_3D('',#5679,#4539,#4540);
#4020=AXIS2_PLACEMENT_3D('',#5683,#4543,#4544);
#4021=AXIS2_PLACEMENT_3D('',#5684,#4545,#4546);
#4022=AXIS2_PLACEMENT_3D('',#5685,#4547,#4548);
#4023=AXIS2_PLACEMENT_3D('',#5691,#4552,#4553);
#4024=AXIS2_PLACEMENT_3D('',#5696,#4557,#4558);
#4025=AXIS2_PLACEMENT_3D('',#5698,#4560,#4561);
#4026=AXIS2_PLACEMENT_3D('',#5699,#4562,#4563);
#4027=AXIS2_PLACEMENT_3D('',#5703,#4566,#4567);
#4028=AXIS2_PLACEMENT_3D('',#5705,#4569,#4570);
#4029=AXIS2_PLACEMENT_3D('',#5709,#4572,#4573);
#4030=AXIS2_PLACEMENT_3D('',#5716,#4577,#4578);
#4031=AXIS2_PLACEMENT_3D('',#5717,#4579,#4580);
#4032=AXIS2_PLACEMENT_3D('',#5724,#4583,#4584);
#4033=AXIS2_PLACEMENT_3D('',#5729,#4587,#4588);
#4034=AXIS2_PLACEMENT_3D('',#5732,#4591,#4592);
#4035=AXIS2_PLACEMENT_3D('',#5734,#4594,#4595);
#4036=AXIS2_PLACEMENT_3D('',#5736,#4597,#4598);
#4037=AXIS2_PLACEMENT_3D('',#5738,#4600,#4601);
#4038=AXIS2_PLACEMENT_3D('',#5739,#4602,#4603);
#4039=AXIS2_PLACEMENT_3D('',#5740,#4604,#4605);
#4040=AXIS2_PLACEMENT_3D('',#5741,#4606,#4607);
#4041=AXIS2_PLACEMENT_3D('',#5742,#4608,#4609);
#4042=AXIS2_PLACEMENT_3D('',#5744,#4610,#4611);
#4043=AXIS2_PLACEMENT_3D('',#5745,#4612,#4613);
#4044=AXIS2_PLACEMENT_3D('',#5746,#4614,#4615);
#4045=AXIS2_PLACEMENT_3D('',#5748,#4616,#4617);
#4046=AXIS2_PLACEMENT_3D('',#5749,#4618,#4619);
#4047=AXIS2_PLACEMENT_3D('',#5750,#4620,#4621);
#4048=AXIS2_PLACEMENT_3D('',#5752,#4622,#4623);
#4049=AXIS2_PLACEMENT_3D('',#5753,#4624,#4625);
#4050=AXIS2_PLACEMENT_3D('',#5754,#4626,#4627);
#4051=AXIS2_PLACEMENT_3D('',#5756,#4628,#4629);
#4052=AXIS2_PLACEMENT_3D('',#5757,#4630,#4631);
#4053=AXIS2_PLACEMENT_3D('',#5758,#4632,#4633);
#4054=AXIS2_PLACEMENT_3D('',#5760,#4634,#4635);
#4055=AXIS2_PLACEMENT_3D('',#5761,#4636,#4637);
#4056=AXIS2_PLACEMENT_3D('',#5767,#4641,#4642);
#4057=AXIS2_PLACEMENT_3D('',#5771,#4645,#4646);
#4058=AXIS2_PLACEMENT_3D('',#5775,#4649,#4650);
#4059=AXIS2_PLACEMENT_3D('',#5777,#4652,#4653);
#4060=AXIS2_PLACEMENT_3D('',#5778,#4654,#4655);
#4061=AXIS2_PLACEMENT_3D('',#5817,#4656,#4657);
#4062=AXIS2_PLACEMENT_3D('',#5818,#4658,#4659);
#4063=AXIS2_PLACEMENT_3D('',#5820,#4660,#4661);
#4064=AXIS2_PLACEMENT_3D('',#5821,#4662,#4663);
#4065=AXIS2_PLACEMENT_3D('',#5822,#4664,#4665);
#4066=AXIS2_PLACEMENT_3D('',#5824,#4666,#4667);
#4067=AXIS2_PLACEMENT_3D('',#5825,#4668,#4669);
#4068=AXIS2_PLACEMENT_3D('',#5826,#4670,#4671);
#4069=AXIS2_PLACEMENT_3D('',#5828,#4672,#4673);
#4070=AXIS2_PLACEMENT_3D('',#5829,#4674,#4675);
#4071=AXIS2_PLACEMENT_3D('',#5830,#4676,#4677);
#4072=AXIS2_PLACEMENT_3D('',#5832,#4678,#4679);
#4073=AXIS2_PLACEMENT_3D('',#5833,#4680,#4681);
#4074=AXIS2_PLACEMENT_3D('',#5834,#4682,#4683);
#4075=AXIS2_PLACEMENT_3D('',#5836,#4684,#4685);
#4076=AXIS2_PLACEMENT_3D('',#5837,#4686,#4687);
#4077=AXIS2_PLACEMENT_3D('',#5843,#4691,#4692);
#4078=AXIS2_PLACEMENT_3D('',#5847,#4695,#4696);
#4079=AXIS2_PLACEMENT_3D('',#5851,#4699,#4700);
#4080=AXIS2_PLACEMENT_3D('',#5853,#4702,#4703);
#4081=AXIS2_PLACEMENT_3D('',#5857,#4706,#4707);
#4082=AXIS2_PLACEMENT_3D('',#5861,#4710,#4711);
#4083=AXIS2_PLACEMENT_3D('',#5863,#4713,#4714);
#4084=AXIS2_PLACEMENT_3D('',#5864,#4715,#4716);
#4085=AXIS2_PLACEMENT_3D('',#5865,#4717,#4718);
#4086=AXIS2_PLACEMENT_3D('',#5866,#4719,#4720);
#4087=AXIS2_PLACEMENT_3D('',#5875,#4725,#4726);
#4088=AXIS2_PLACEMENT_3D('',#5884,#4731,#4732);
#4089=AXIS2_PLACEMENT_3D('',#5893,#4737,#4738);
#4090=AXIS2_PLACEMENT_3D('',#5901,#4744,#4745);
#4091=AXIS2_PLACEMENT_3D('',#5909,#4751,#4752);
#4092=AXIS2_PLACEMENT_3D('',#5910,#4753,#4754);
#4093=AXIS2_PLACEMENT_3D('',#5918,#4758,#4759);
#4094=AXIS2_PLACEMENT_3D('',#5919,#4760,#4761);
#4095=AXIS2_PLACEMENT_3D('',#5925,#4765,#4766);
#4096=AXIS2_PLACEMENT_3D('',#5926,#4767,#4768);
#4097=AXIS2_PLACEMENT_3D('',#5931,#4771,#4772);
#4098=AXIS2_PLACEMENT_3D('',#5932,#4773,#4774);
#4099=AXIS2_PLACEMENT_3D('',#5934,#4776,#4777);
#4100=AXIS2_PLACEMENT_3D('',#5935,#4778,#4779);
#4101=AXIS2_PLACEMENT_3D('',#5937,#4781,#4782);
#4102=AXIS2_PLACEMENT_3D('',#5938,#4783,#4784);
#4103=AXIS2_PLACEMENT_3D('',#5939,#4785,#4786);
#4104=AXIS2_PLACEMENT_3D('',#5948,#4791,#4792);
#4105=AXIS2_PLACEMENT_3D('',#5958,#4798,#4799);
#4106=AXIS2_PLACEMENT_3D('',#5959,#4800,#4801);
#4107=AXIS2_PLACEMENT_3D('',#5961,#4802,#4803);
#4108=AXIS2_PLACEMENT_3D('',#5964,#4805,#4806);
#4109=AXIS2_PLACEMENT_3D('',#5965,#4807,#4808);
#4110=AXIS2_PLACEMENT_3D('',#5967,#4809,#4810);
#4111=AXIS2_PLACEMENT_3D('',#5970,#4812,#4813);
#4112=AXIS2_PLACEMENT_3D('',#5971,#4814,#4815);
#4113=AXIS2_PLACEMENT_3D('',#5973,#4816,#4817);
#4114=AXIS2_PLACEMENT_3D('',#5976,#4819,#4820);
#4115=AXIS2_PLACEMENT_3D('',#5977,#4821,#4822);
#4116=AXIS2_PLACEMENT_3D('',#5982,#4824,#4825);
#4117=AXIS2_PLACEMENT_3D('',#5985,#4827,#4828);
#4118=AXIS2_PLACEMENT_3D('',#5986,#4829,#4830);
#4119=AXIS2_PLACEMENT_3D('',#5988,#4831,#4832);
#4120=AXIS2_PLACEMENT_3D('',#5991,#4834,#4835);
#4121=AXIS2_PLACEMENT_3D('',#5992,#4836,#4837);
#4122=AXIS2_PLACEMENT_3D('',#5994,#4838,#4839);
#4123=AXIS2_PLACEMENT_3D('',#5997,#4841,#4842);
#4124=AXIS2_PLACEMENT_3D('',#6004,#4847,#4848);
#4125=AXIS2_PLACEMENT_3D('',#6008,#4851,#4852);
#4126=AXIS2_PLACEMENT_3D('',#6012,#4854,#4855);
#4127=AXIS2_PLACEMENT_3D('',#6015,#4857,#4858);
#4128=AXIS2_PLACEMENT_3D('',#6019,#4861,#4862);
#4129=AXIS2_PLACEMENT_3D('',#6021,#4864,#4865);
#4130=AXIS2_PLACEMENT_3D('',#6025,#4867,#4868);
#4131=AXIS2_PLACEMENT_3D('',#6028,#4870,#4871);
#4132=AXIS2_PLACEMENT_3D('',#6086,#4873,#4874);
#4133=AXIS2_PLACEMENT_3D('',#6087,#4875,#4876);
#4134=AXIS2_PLACEMENT_3D('',#6088,#4877,#4878);
#4135=AXIS2_PLACEMENT_3D('',#6089,#4879,#4880);
#4136=AXIS2_PLACEMENT_3D('',#6090,#4881,#4882);
#4137=AXIS2_PLACEMENT_3D('',#6091,#4883,#4884);
#4138=AXIS2_PLACEMENT_3D('',#6097,#4887,#4888);
#4139=AXIS2_PLACEMENT_3D('',#6108,#4894,#4895);
#4140=AXIS2_PLACEMENT_3D('',#6109,#4896,#4897);
#4141=AXIS2_PLACEMENT_3D('',#6112,#4898,#4899);
#4142=AXIS2_PLACEMENT_3D('',#6116,#4901,#4902);
#4143=AXIS2_PLACEMENT_3D('',#6124,#4907,#4908);
#4144=AXIS2_PLACEMENT_3D('',#6128,#4911,#4912);
#4145=AXIS2_PLACEMENT_3D('',#6135,#4916,#4917);
#4146=AXIS2_PLACEMENT_3D('',#6138,#4919,#4920);
#4147=AXIS2_PLACEMENT_3D('',#6153,#4928,#4929);
#4148=AXIS2_PLACEMENT_3D('',#6155,#4930,#4931);
#4149=AXIS2_PLACEMENT_3D('',#6156,#4932,#4933);
#4150=AXIS2_PLACEMENT_3D('',#6157,#4934,#4935);
#4151=AXIS2_PLACEMENT_3D('',#6158,#4936,#4937);
#4152=AXIS2_PLACEMENT_3D('',#6159,#4938,#4939);
#4153=AXIS2_PLACEMENT_3D('',#6171,#4941,#4942);
#4154=AXIS2_PLACEMENT_3D('',#6178,#4947,#4948);
#4155=AXIS2_PLACEMENT_3D('',#6182,#4951,#4952);
#4156=AXIS2_PLACEMENT_3D('',#6186,#4955,#4956);
#4157=AXIS2_PLACEMENT_3D('',#6190,#4959,#4960);
#4158=AXIS2_PLACEMENT_3D('',#6194,#4963,#4964);
#4159=AXIS2_PLACEMENT_3D('',#6196,#4966,#4967);
#4160=AXIS2_PLACEMENT_3D('',#6197,#4968,#4969);
#4161=AXIS2_PLACEMENT_3D('',#6199,#4971,#4972);
#4162=AXIS2_PLACEMENT_3D('',#6200,#4973,#4974);
#4163=AXIS2_PLACEMENT_3D('',#6202,#4976,#4977);
#4164=AXIS2_PLACEMENT_3D('',#6204,#4979,#4980);
#4165=AXIS2_PLACEMENT_3D('',#6206,#4982,#4983);
#4166=AXIS2_PLACEMENT_3D('',#6207,#4984,#4985);
#4167=AXIS2_PLACEMENT_3D('',#6208,#4986,#4987);
#4168=AXIS2_PLACEMENT_3D('',#6209,#4988,#4989);
#4169=AXIS2_PLACEMENT_3D('',#6210,#4990,#4991);
#4170=AXIS2_PLACEMENT_3D('',#6219,#4996,#4997);
#4171=AXIS2_PLACEMENT_3D('',#6228,#5002,#5003);
#4172=AXIS2_PLACEMENT_3D('',#6229,#5004,#5005);
#4173=AXIS2_PLACEMENT_3D('',#6238,#5009,#5010);
#4174=AXIS2_PLACEMENT_3D('',#6242,#5013,#5014);
#4175=AXIS2_PLACEMENT_3D('',#6248,#5018,#5019);
#4176=AXIS2_PLACEMENT_3D('',#6251,#5021,#5022);
#4177=AXIS2_PLACEMENT_3D('',#6256,#5025,#5026);
#4178=AXIS2_PLACEMENT_3D('',#6259,#5028,#5029);
#4179=AXIS2_PLACEMENT_3D('',#6262,#5032,#5033);
#4180=AXIS2_PLACEMENT_3D('',#6264,#5035,#5036);
#4181=AXIS2_PLACEMENT_3D('',#6265,#5037,#5038);
#4182=AXIS2_PLACEMENT_3D('',#6268,#5041,#5042);
#4183=AXIS2_PLACEMENT_3D('',#6270,#5044,#5045);
#4184=AXIS2_PLACEMENT_3D('',#6271,#5046,#5047);
#4185=AXIS2_PLACEMENT_3D('',#6272,#5048,#5049);
#4186=AXIS2_PLACEMENT_3D('',#6277,#5051,#5052);
#4187=AXIS2_PLACEMENT_3D('',#6280,#5054,#5055);
#4188=AXIS2_PLACEMENT_3D('',#6281,#5056,#5057);
#4189=AXIS2_PLACEMENT_3D('',#6286,#5059,#5060);
#4190=AXIS2_PLACEMENT_3D('',#6289,#5062,#5063);
#4191=AXIS2_PLACEMENT_3D('',#6290,#5064,#5065);
#4192=AXIS2_PLACEMENT_3D('',#6292,#5066,#5067);
#4193=AXIS2_PLACEMENT_3D('',#6295,#5069,#5070);
#4194=AXIS2_PLACEMENT_3D('',#6305,#5076,#5077);
#4195=AXIS2_PLACEMENT_3D('',#6311,#5081,#5082);
#4196=AXIS2_PLACEMENT_3D('',#6321,#5088,#5089);
#4197=AXIS2_PLACEMENT_3D('',#6322,#5090,#5091);
#4198=AXIS2_PLACEMENT_3D('',#6324,#5092,#5093);
#4199=AXIS2_PLACEMENT_3D('',#6327,#5095,#5096);
#4200=AXIS2_PLACEMENT_3D('',#6328,#5097,#5098);
#4201=AXIS2_PLACEMENT_3D('',#6329,#5099,#5100);
#4202=AXIS2_PLACEMENT_3D('',#6330,#5101,#5102);
#4203=AXIS2_PLACEMENT_3D('',#6331,#5103,#5104);
#4204=AXIS2_PLACEMENT_3D('',#6335,#5106,#5107);
#4205=AXIS2_PLACEMENT_3D('',#6336,#5108,#5109);
#4206=AXIS2_PLACEMENT_3D('',#6342,#5113,#5114);
#4207=AXIS2_PLACEMENT_3D('',#6344,#5116,#5117);
#4208=AXIS2_PLACEMENT_3D('',#6348,#5119,#5120);
#4209=AXIS2_PLACEMENT_3D('',#6351,#5122,#5123);
#4210=AXIS2_PLACEMENT_3D('',#6355,#5126,#5127);
#4211=AXIS2_PLACEMENT_3D('',#6357,#5129,#5130);
#4212=AXIS2_PLACEMENT_3D('',#6361,#5132,#5133);
#4213=AXIS2_PLACEMENT_3D('',#6418,#5134,#5135);
#4214=AXIS2_PLACEMENT_3D('',#6419,#5136,#5137);
#4215=AXIS2_PLACEMENT_3D('',#6420,#5138,#5139);
#4216=AXIS2_PLACEMENT_3D('',#6421,#5140,#5141);
#4217=AXIS2_PLACEMENT_3D('',#6422,#5142,#5143);
#4218=AXIS2_PLACEMENT_3D('',#6423,#5144,#5145);
#4219=AXIS2_PLACEMENT_3D('',#6424,#5146,#5147);
#4220=AXIS2_PLACEMENT_3D('',#6425,#5148,#5149);
#4221=AXIS2_PLACEMENT_3D('',#6429,#5151,#5152);
#4222=AXIS2_PLACEMENT_3D('',#6433,#5154,#5155);
#4223=AXIS2_PLACEMENT_3D('',#6459,#5168,#5169);
#4224=AXIS2_PLACEMENT_3D('',#6468,#5174,#5175);
#4225=AXIS2_PLACEMENT_3D('',#6470,#5176,#5177);
#4226=AXIS2_PLACEMENT_3D('',#6472,#5178,#5179);
#4227=AXIS2_PLACEMENT_3D('',#6474,#5180,#5181);
#4228=AXIS2_PLACEMENT_3D('',#6476,#5182,#5183);
#4229=AXIS2_PLACEMENT_3D('',#6486,#5188,#5189);
#4230=AXIS2_PLACEMENT_3D('',#6497,#5196,#5197);
#4231=AXIS2_PLACEMENT_3D('',#6498,#5198,#5199);
#4232=AXIS2_PLACEMENT_3D('',#6500,#5200,#5201);
#4233=AXIS2_PLACEMENT_3D('',#6505,#5203,#5204);
#4234=AXIS2_PLACEMENT_3D('',#6506,#5205,#5206);
#4235=AXIS2_PLACEMENT_3D('',#6532,#5219,#5220);
#4236=AXIS2_PLACEMENT_3D('',#6533,#5221,#5222);
#4237=AXIS2_PLACEMENT_3D('',#6535,#5223,#5224);
#4238=AXIS2_PLACEMENT_3D('',#6537,#5225,#5226);
#4239=AXIS2_PLACEMENT_3D('',#6539,#5227,#5228);
#4240=AXIS2_PLACEMENT_3D('',#6542,#5231,#5232);
#4241=AXIS2_PLACEMENT_3D('',#6545,#5235,#5236);
#4242=AXIS2_PLACEMENT_3D('',#6547,#5238,#5239);
#4243=AXIS2_PLACEMENT_3D('',#6549,#5241,#5242);
#4244=AXIS2_PLACEMENT_3D('',#6551,#5244,#5245);
#4245=AXIS2_PLACEMENT_3D('',#6553,#5247,#5248);
#4246=AXIS2_PLACEMENT_3D('',#6555,#5250,#5251);
#4247=AXIS2_PLACEMENT_3D('',#6557,#5253,#5254);
#4248=AXIS2_PLACEMENT_3D('',#6559,#5256,#5257);
#4249=AXIS2_PLACEMENT_3D('',#6561,#5259,#5260);
#4250=AXIS2_PLACEMENT_3D('',#6563,#5262,#5263);
#4251=AXIS2_PLACEMENT_3D('',#6565,#5265,#5266);
#4252=AXIS2_PLACEMENT_3D('',#6567,#5268,#5269);
#4253=AXIS2_PLACEMENT_3D('',#6568,#5270,#5271);
#4254=AXIS2_PLACEMENT_3D('',#6569,#5272,#5273);
#4255=AXIS2_PLACEMENT_3D('',#6570,#5274,#5275);
#4256=AXIS2_PLACEMENT_3D('',#6571,#5276,#5277);
#4257=AXIS2_PLACEMENT_3D('',#6572,#5278,#5279);
#4258=AXIS2_PLACEMENT_3D('',#6576,#5282,#5283);
#4259=AXIS2_PLACEMENT_3D('',#6580,#5286,#5287);
#4260=AXIS2_PLACEMENT_3D('',#6582,#5289,#5290);
#4261=AXIS2_PLACEMENT_3D('',#6588,#5294,#5295);
#4262=AXIS2_PLACEMENT_3D('',#6592,#5298,#5299);
#4263=AXIS2_PLACEMENT_3D('',#6596,#5302,#5303);
#4264=AXIS2_PLACEMENT_3D('',#6598,#5305,#5306);
#4265=AXIS2_PLACEMENT_3D('',#6599,#5307,#5308);
#4266=AXIS2_PLACEMENT_3D('',#6600,#5309,#5310);
#4267=AXIS2_PLACEMENT_3D('',#6601,#5311,#5312);
#4268=AXIS2_PLACEMENT_3D('',#6602,#5313,#5314);
#4269=AXIS2_PLACEMENT_3D('',#6603,#5315,#5316);
#4270=DIRECTION('',(0.,0.,1.));
#4271=DIRECTION('',(1.,0.,0.));
#4272=DIRECTION('',(-1.,0.,0.));
#4273=DIRECTION('',(0.,0.,1.));
#4274=DIRECTION('',(0.,0.,1.));
#4275=DIRECTION('',(0.,1.,0.));
#4276=DIRECTION('',(0.,1.23908819712629E-16,-1.));
#4277=DIRECTION('',(0.,-1.,-1.54886024640786E-16));
#4278=DIRECTION('',(-1.,0.,0.));
#4279=DIRECTION('',(0.,1.,0.));
#4280=DIRECTION('',(-1.,0.,0.));
#4281=DIRECTION('',(0.,1.,0.));
#4282=DIRECTION('',(-1.,0.,0.));
#4283=DIRECTION('',(0.,1.,0.));
#4284=DIRECTION('',(-1.,0.,0.));
#4285=DIRECTION('',(0.,1.,0.));
#4286=DIRECTION('',(-1.,0.,0.));
#4287=DIRECTION('',(0.,1.,0.));
#4288=DIRECTION('',(0.,-1.35525271560688E-16,1.));
#4289=DIRECTION('',(0.,1.,0.));
#4290=DIRECTION('',(-1.,0.,0.));
#4291=DIRECTION('',(0.,0.,1.));
#4292=DIRECTION('',(0.,0.699294155463731,0.714834025585148));
#4293=DIRECTION('',(-1.,0.,0.));
#4294=DIRECTION('',(0.,0.,1.));
#4295=DIRECTION('',(0.,0.,1.));
#4296=DIRECTION('',(0.,-1.,0.));
#4297=DIRECTION('',(0.,0.,-1.));
#4298=DIRECTION('',(0.,-1.,0.));
#4299=DIRECTION('',(0.,3.77113799125393E-15,1.));
#4300=DIRECTION('',(0.,-1.,0.));
#4301=DIRECTION('',(0.,0.,-1.));
#4302=DIRECTION('',(0.,1.,0.));
#4303=DIRECTION('',(0.,0.,-1.));
#4304=DIRECTION('',(0.,-1.,0.));
#4305=DIRECTION('',(0.,0.,-1.));
#4306=DIRECTION('',(0.,0.485642931178633,-0.874157276121537));
#4307=DIRECTION('',(-1.,0.,0.));
#4308=DIRECTION('',(0.,0.,1.));
#4309=DIRECTION('',(0.,1.,0.));
#4310=DIRECTION('',(0.,0.,-1.));
#4311=DIRECTION('',(0.,-1.,0.));
#4312=DIRECTION('',(0.,0.,1.));
#4313=DIRECTION('',(1.,0.,0.));
#4314=DIRECTION('',(1.,0.,0.));
#4315=DIRECTION('',(0.,1.,0.));
#4316=DIRECTION('',(1.,0.,0.));
#4317=DIRECTION('',(-1.,0.,0.));
#4318=DIRECTION('',(0.,1.,2.98195924977377E-16));
#4319=DIRECTION('',(-1.,0.,0.));
#4320=DIRECTION('',(0.,1.,0.));
#4321=DIRECTION('',(-1.,0.,0.));
#4322=DIRECTION('',(0.,0.,1.));
#4323=DIRECTION('',(0.,-1.,0.));
#4324=DIRECTION('',(-1.,0.,0.));
#4325=DIRECTION('',(0.,-0.714834025585148,0.699294155463731));
#4326=DIRECTION('',(0.,-0.699294155463731,-0.714834025585148));
#4327=DIRECTION('',(0.,-0.714834025585148,0.699294155463731));
#4328=DIRECTION('',(0.,0.699294155463731,0.714834025585148));
#4329=DIRECTION('',(0.,0.714834025585148,-0.699294155463731));
#4330=DIRECTION('',(1.,0.,0.));
#4331=DIRECTION('',(0.,-0.714834025585148,0.699294155463731));
#4332=DIRECTION('',(0.,0.699294155463731,0.714834025585148));
#4333=DIRECTION('',(-1.,0.,0.));
#4334=DIRECTION('',(0.,0.699294155463731,0.714834025585148));
#4335=DIRECTION('',(-1.,0.,0.));
#4336=DIRECTION('',(-1.,0.,0.));
#4337=DIRECTION('',(0.,-0.367203006929352,0.93014082358643));
#4338=DIRECTION('',(0.,-0.93014082358643,-0.367203006929352));
#4339=DIRECTION('',(0.,-0.367203006929352,0.93014082358643));
#4340=DIRECTION('',(0.,-0.93014082358643,-0.367203006929352));
#4341=DIRECTION('',(-1.,0.,0.));
#4342=DIRECTION('',(0.,0.93014082358643,0.367203006929352));
#4343=DIRECTION('',(-1.,0.,0.));
#4344=DIRECTION('',(0.,0.93014082358643,0.367203006929352));
#4345=DIRECTION('',(-1.,0.,0.));
#4346=DIRECTION('',(0.,-0.707106781186548,0.707106781186548));
#4347=DIRECTION('',(0.,-0.707106781186548,-0.707106781186548));
#4348=DIRECTION('',(0.,-0.707106781186548,0.707106781186548));
#4349=DIRECTION('',(0.,0.707106781186548,0.707106781186548));
#4350=DIRECTION('',(0.,0.707106781186548,0.707106781186548));
#4351=DIRECTION('',(-1.,0.,0.));
#4352=DIRECTION('',(-1.,0.,0.));
#4353=DIRECTION('',(0.,0.707106781186548,0.707106781186548));
#4354=DIRECTION('',(-1.,0.,0.));
#4355=DIRECTION('',(0.,0.,1.));
#4356=DIRECTION('',(-1.,0.,0.));
#4357=DIRECTION('',(0.,0.,1.));
#4358=DIRECTION('',(-1.,0.,0.));
#4359=DIRECTION('',(0.,0.,1.));
#4360=DIRECTION('',(0.,-0.714834025585148,0.699294155463731));
#4361=DIRECTION('',(0.,-0.699294155463731,-0.714834025585148));
#4362=DIRECTION('',(-1.,0.,0.));
#4363=DIRECTION('',(0.,0.,1.));
#4364=DIRECTION('',(0.,-1.,0.));
#4365=DIRECTION('',(0.,0.,1.));
#4366=DIRECTION('',(-1.,0.,0.));
#4367=DIRECTION('',(0.,0.,1.));
#4368=DIRECTION('',(0.,3.7021537597066E-16,1.));
#4369=DIRECTION('',(-1.,0.,0.));
#4370=DIRECTION('',(0.,1.,0.));
#4371=DIRECTION('',(0.,-1.,0.));
#4372=DIRECTION('',(1.,0.,0.));
#4373=DIRECTION('',(0.,-1.,0.));
#4374=DIRECTION('',(0.,0.,1.));
#4375=DIRECTION('',(-1.,0.,0.));
#4376=DIRECTION('',(0.,0.,1.));
#4377=DIRECTION('',(-1.,0.,0.));
#4378=DIRECTION('',(0.,0.,1.));
#4379=DIRECTION('',(0.,1.,0.));
#4380=DIRECTION('',(0.,3.61400724161835E-17,1.));
#4381=DIRECTION('',(0.,-1.,0.));
#4382=DIRECTION('',(0.,0.,-1.));
#4383=DIRECTION('',(0.,1.,0.));
#4384=DIRECTION('',(0.,0.,1.));
#4385=DIRECTION('',(-1.,0.,0.));
#4386=DIRECTION('',(0.,0.,-1.));
#4387=DIRECTION('',(-1.,0.,0.));
#4388=DIRECTION('',(0.,0.,-1.));
#4389=DIRECTION('',(-1.,0.,0.));
#4390=DIRECTION('',(0.,0.,-1.));
#4391=DIRECTION('',(-1.,0.,0.));
#4392=DIRECTION('',(-1.,0.,0.));
#4393=DIRECTION('',(0.,1.,0.));
#4394=DIRECTION('',(0.,-1.,3.77113799125393E-15));
#4395=DIRECTION('',(0.,-3.77113799125393E-15,-1.));
#4396=DIRECTION('',(-1.,0.,0.));
#4397=DIRECTION('',(0.,0.,-1.));
#4398=DIRECTION('',(-1.,0.,0.));
#4399=DIRECTION('',(0.,0.,1.));
#4400=DIRECTION('',(-1.,0.,0.));
#4401=DIRECTION('',(0.,0.,1.));
#4402=DIRECTION('',(-1.,0.,0.));
#4403=DIRECTION('',(0.,0.,1.));
#4404=DIRECTION('',(0.,-1.,0.));
#4405=DIRECTION('',(0.,0.,-1.));
#4406=DIRECTION('',(0.,-0.752576694706877,0.658504607868519));
#4407=DIRECTION('',(0.,0.,-1.));
#4408=DIRECTION('',(1.,0.,0.));
#4409=DIRECTION('',(0.,-1.,0.));
#4410=DIRECTION('',(0.,0.,-1.));
#4411=DIRECTION('',(0.,1.,0.));
#4412=DIRECTION('',(0.,-2.16840434497101E-16,-1.));
#4413=DIRECTION('',(0.,-1.,0.));
#4414=DIRECTION('',(0.,0.,-1.));
#4415=DIRECTION('',(-1.,0.,0.));
#4416=DIRECTION('',(0.,0.,1.));
#4417=DIRECTION('',(0.,0.485642931178633,-0.874157276121537));
#4418=DIRECTION('',(0.,0.,-1.));
#4419=DIRECTION('',(0.,-1.,0.));
#4420=DIRECTION('',(0.,0.,-1.));
#4421=DIRECTION('',(0.,1.,0.));
#4422=DIRECTION('',(-1.,0.,0.));
#4423=DIRECTION('',(0.,0.,1.));
#4424=DIRECTION('',(0.,0.,1.));
#4425=DIRECTION('',(0.,-1.,0.));
#4426=DIRECTION('',(0.,0.,-1.));
#4427=DIRECTION('',(0.,-1.,0.));
#4428=DIRECTION('',(1.,0.,0.));
#4429=DIRECTION('',(0.,-1.,0.));
#4430=DIRECTION('',(0.,0.874157276121537,0.485642931178633));
#4431=DIRECTION('',(0.,-0.485642931178633,0.874157276121538));
#4432=DIRECTION('',(-1.,0.,0.));
#4433=DIRECTION('',(-1.,0.,0.));
#4434=DIRECTION('',(0.,1.,0.));
#4435=DIRECTION('',(0.,0.,1.));
#4436=DIRECTION('',(-1.,0.,0.));
#4437=DIRECTION('',(0.,0.,-1.));
#4438=DIRECTION('',(-1.,0.,0.));
#4439=DIRECTION('',(-1.,0.,0.));
#4440=DIRECTION('',(0.,1.,0.));
#4441=DIRECTION('',(0.,0.,1.));
#4442=DIRECTION('',(-1.,0.,0.));
#4443=DIRECTION('',(0.,0.,1.));
#4444=DIRECTION('',(1.,0.,0.));
#4445=DIRECTION('',(0.,0.,-1.));
#4446=DIRECTION('',(-1.,0.,0.));
#4447=DIRECTION('',(0.,-1.,0.));
#4448=DIRECTION('',(-1.,0.,0.));
#4449=DIRECTION('',(0.,1.,0.));
#4450=DIRECTION('',(-1.,0.,0.));
#4451=DIRECTION('',(-1.35525271560688E-16,-1.,0.));
#4452=DIRECTION('',(-1.,0.,0.));
#4453=DIRECTION('',(-1.,0.,0.));
#4454=DIRECTION('',(0.,-1.,0.));
#4455=DIRECTION('',(-1.,0.,0.));
#4456=DIRECTION('',(-1.,0.,0.));
#4457=DIRECTION('',(0.,1.,0.));
#4458=DIRECTION('',(0.,0.,1.));
#4459=DIRECTION('',(0.,0.,-1.));
#4460=DIRECTION('',(-1.,0.,0.));
#4461=DIRECTION('',(0.,0.,-1.));
#4462=DIRECTION('',(-1.,0.,0.));
#4463=DIRECTION('',(-1.35525271560688E-16,-1.,0.));
#4464=DIRECTION('',(-1.,0.,0.));
#4465=DIRECTION('',(0.,-1.,0.));
#4466=DIRECTION('',(0.,0.,-1.));
#4467=DIRECTION('',(0.,0.,-1.));
#4468=DIRECTION('',(-1.,0.,0.));
#4469=DIRECTION('',(-1.,0.,0.));
#4470=DIRECTION('',(0.,0.,1.));
#4471=DIRECTION('',(-1.,0.,0.));
#4472=DIRECTION('',(-1.,0.,0.));
#4473=DIRECTION('',(0.,-1.,0.));
#4474=DIRECTION('',(-1.,0.,0.));
#4475=DIRECTION('',(0.,0.,1.));
#4476=DIRECTION('',(0.,1.,0.));
#4477=DIRECTION('',(0.,0.,1.));
#4478=DIRECTION('',(-1.,0.,0.));
#4479=DIRECTION('',(0.,0.,-1.));
#4480=DIRECTION('',(0.,0.,-1.));
#4481=DIRECTION('',(-1.,0.,0.));
#4482=DIRECTION('',(-1.,0.,0.));
#4483=DIRECTION('',(0.,-1.,8.26058798084193E-16));
#4484=DIRECTION('',(0.,1.,-2.16840434497101E-16));
#4485=DIRECTION('',(0.,2.16840434497101E-16,1.));
#4486=DIRECTION('',(-1.,0.,0.));
#4487=DIRECTION('',(-1.,0.,0.));
#4488=DIRECTION('',(0.,-2.16840434497101E-16,-1.));
#4489=DIRECTION('',(0.,0.,1.));
#4490=DIRECTION('',(1.,0.,0.));
#4491=DIRECTION('',(-1.,0.,0.));
#4492=DIRECTION('',(0.,1.,0.));
#4493=DIRECTION('',(0.,1.,0.));
#4494=DIRECTION('',(0.,0.,1.));
#4495=DIRECTION('',(-1.,0.,0.));
#4496=DIRECTION('',(0.,0.,-1.));
#4497=DIRECTION('',(-1.,0.,0.));
#4498=DIRECTION('',(0.,0.,1.));
#4499=DIRECTION('',(-1.,0.,0.));
#4500=DIRECTION('',(1.,0.,0.));
#4501=DIRECTION('',(0.,-1.,0.));
#4502=DIRECTION('',(-1.,0.,0.));
#4503=DIRECTION('',(0.,1.,0.));
#4504=DIRECTION('',(0.,0.,1.));
#4505=DIRECTION('',(-1.,0.,0.));
#4506=DIRECTION('',(0.,-2.61253535538676E-16,-1.));
#4507=DIRECTION('',(0.,-0.658504607868519,-0.752576694706877));
#4508=DIRECTION('',(0.,0.752576694706877,-0.658504607868519));
#4509=DIRECTION('',(-1.,0.,0.));
#4510=DIRECTION('',(0.,-0.752576694706877,0.658504607868519));
#4511=DIRECTION('',(0.,1.,0.));
#4512=DIRECTION('',(0.,0.,1.));
#4513=DIRECTION('',(0.,0.,-1.));
#4514=DIRECTION('',(0.,-1.,0.));
#4515=DIRECTION('',(0.,0.,-1.));
#4516=DIRECTION('',(-1.,0.,0.));
#4517=DIRECTION('',(0.,0.,1.));
#4518=DIRECTION('',(-1.,0.,0.));
#4519=DIRECTION('',(0.,0.,1.));
#4520=DIRECTION('',(-1.,0.,0.));
#4521=DIRECTION('',(1.,0.,0.));
#4522=DIRECTION('',(0.,-1.,0.));
#4523=DIRECTION('',(0.,0.,-1.));
#4524=DIRECTION('',(-1.,0.,0.));
#4525=DIRECTION('',(-1.,0.,0.));
#4526=DIRECTION('',(0.,-1.,-1.12644381556936E-16));
#4527=DIRECTION('',(0.,1.,0.));
#4528=DIRECTION('',(0.,0.,1.));
#4529=DIRECTION('',(0.,0.,-1.));
#4530=DIRECTION('',(0.,-1.,0.));
#4531=DIRECTION('',(0.,0.,-1.));
#4532=DIRECTION('',(-1.,0.,0.));
#4533=DIRECTION('',(0.,1.97127667724637E-16,1.));
#4534=DIRECTION('',(-1.,0.,0.));
#4535=DIRECTION('',(0.,0.,1.));
#4536=DIRECTION('',(-1.,0.,0.));
#4537=DIRECTION('',(1.,0.,0.));
#4538=DIRECTION('',(0.,-1.,0.));
#4539=DIRECTION('',(0.,0.,-1.));
#4540=DIRECTION('',(-1.,0.,0.));
#4541=DIRECTION('',(-1.,0.,0.));
#4542=DIRECTION('',(0.,-1.,-6.19544098563146E-16));
#4543=DIRECTION('',(-1.,0.,0.));
#4544=DIRECTION('',(0.,0.,1.));
#4545=DIRECTION('',(-1.,0.,0.));
#4546=DIRECTION('',(0.,1.,0.));
#4547=DIRECTION('',(0.,-1.,3.7021537597066E-16));
#4548=DIRECTION('',(0.,-3.7021537597066E-16,-1.));
#4549=DIRECTION('',(0.,2.93027614185271E-16,1.));
#4550=DIRECTION('',(-1.,0.,0.));
#4551=DIRECTION('',(0.,3.7021537597066E-16,1.));
#4552=DIRECTION('',(1.,0.,0.));
#4553=DIRECTION('',(0.,0.,-1.));
#4554=DIRECTION('',(0.,0.,1.));
#4555=DIRECTION('',(0.,0.785269165627778,-0.619154534437287));
#4556=DIRECTION('',(0.,-0.93157761948506,0.363542485652706));
#4557=DIRECTION('',(0.,-0.363542485652706,-0.93157761948506));
#4558=DIRECTION('',(0.,0.93157761948506,-0.363542485652706));
#4559=DIRECTION('',(0.,-0.93157761948506,0.363542485652706));
#4560=DIRECTION('',(-1.,0.,0.));
#4561=DIRECTION('',(0.,0.,1.));
#4562=DIRECTION('',(0.,0.619154534437287,0.785269165627778));
#4563=DIRECTION('',(0.,-0.785269165627778,0.619154534437287));
#4564=DIRECTION('',(-1.,0.,0.));
#4565=DIRECTION('',(0.,0.785269165627778,-0.619154534437287));
#4566=DIRECTION('',(0.,-1.,0.));
#4567=DIRECTION('',(0.,0.,-1.));
#4568=DIRECTION('',(0.,0.,1.));
#4569=DIRECTION('',(1.,0.,0.));
#4570=DIRECTION('',(0.,0.,-1.));
#4571=DIRECTION('',(0.,-1.,1.60622544071927E-16));
#4572=DIRECTION('',(1.,0.,0.));
#4573=DIRECTION('',(0.,1.,0.));
#4574=DIRECTION('',(0.,1.,-3.40141858034668E-16));
#4575=DIRECTION('',(0.,9.29316147844718E-16,1.));
#4576=DIRECTION('',(0.,-0.959568981650145,0.28147356795071));
#4577=DIRECTION('',(-1.,0.,0.));
#4578=DIRECTION('',(0.,0.,1.));
#4579=DIRECTION('',(-1.,0.,0.));
#4580=DIRECTION('',(0.,0.,1.));
#4581=DIRECTION('',(0.,6.19544098563145E-16,1.));
#4582=DIRECTION('',(0.,1.,-8.5035464508667E-17));
#4583=DIRECTION('',(1.,0.,0.));
#4584=DIRECTION('',(0.,1.,0.));
#4585=DIRECTION('',(0.,-1.,1.60622544071927E-16));
#4586=DIRECTION('',(0.,-0.959568981650146,0.28147356795071));
#4587=DIRECTION('',(0.,-0.28147356795071,-0.959568981650145));
#4588=DIRECTION('',(0.,0.959568981650145,-0.28147356795071));
#4589=DIRECTION('',(-1.,0.,0.));
#4590=DIRECTION('',(-1.,0.,0.));
#4591=DIRECTION('',(0.,-1.,6.19544098563145E-16));
#4592=DIRECTION('',(0.,-6.19544098563145E-16,-1.));
#4593=DIRECTION('',(-1.,0.,0.));
#4594=DIRECTION('',(0.,8.5035464508667E-17,1.));
#4595=DIRECTION('',(0.,-1.,8.5035464508667E-17));
#4596=DIRECTION('',(-1.,0.,0.));
#4597=DIRECTION('',(-1.,0.,0.));
#4598=DIRECTION('',(0.,0.,1.));
#4599=DIRECTION('',(-1.,0.,0.));
#4600=DIRECTION('',(0.,-1.60622544071927E-16,-1.));
#4601=DIRECTION('',(0.,1.,-1.60622544071927E-16));
#4602=DIRECTION('',(-1.,0.,0.));
#4603=DIRECTION('',(0.,0.,1.));
#4604=DIRECTION('',(1.,-1.35525271560688E-16,0.));
#4605=DIRECTION('',(1.35525271560688E-16,1.,0.));
#4606=DIRECTION('',(1.,0.,0.));
#4607=DIRECTION('',(0.,0.,-1.));
#4608=DIRECTION('',(1.,0.,0.));
#4609=DIRECTION('',(0.,-1.,0.));
#4610=DIRECTION('',(1.,0.,0.));
#4611=DIRECTION('',(0.,0.,-1.));
#4612=DIRECTION('',(1.,0.,0.));
#4613=DIRECTION('',(0.,0.,-1.));
#4614=DIRECTION('',(1.,0.,0.));
#4615=DIRECTION('',(0.,-1.,0.));
#4616=DIRECTION('',(1.,0.,0.));
#4617=DIRECTION('',(0.,0.,-1.));
#4618=DIRECTION('',(1.,0.,0.));
#4619=DIRECTION('',(0.,0.,-1.));
#4620=DIRECTION('',(1.,0.,0.));
#4621=DIRECTION('',(0.,-1.,0.));
#4622=DIRECTION('',(1.,0.,0.));
#4623=DIRECTION('',(0.,0.,-1.));
#4624=DIRECTION('',(1.,0.,0.));
#4625=DIRECTION('',(0.,0.,-1.));
#4626=DIRECTION('',(1.,0.,0.));
#4627=DIRECTION('',(0.,-1.,0.));
#4628=DIRECTION('',(1.,0.,0.));
#4629=DIRECTION('',(0.,0.,-1.));
#4630=DIRECTION('',(1.,0.,0.));
#4631=DIRECTION('',(0.,0.,-1.));
#4632=DIRECTION('',(1.,0.,0.));
#4633=DIRECTION('',(0.,-1.,0.));
#4634=DIRECTION('',(1.,0.,0.));
#4635=DIRECTION('',(0.,0.,-1.));
#4636=DIRECTION('',(0.,-1.,3.61400724161835E-17));
#4637=DIRECTION('',(0.,-3.61400724161835E-17,-1.));
#4638=DIRECTION('',(-1.,0.,0.));
#4639=DIRECTION('',(0.,3.61400724161835E-17,1.));
#4640=DIRECTION('',(-1.,0.,0.));
#4641=DIRECTION('',(0.,0.,-1.));
#4642=DIRECTION('',(-1.,0.,0.));
#4643=DIRECTION('',(0.,-1.,0.));
#4644=DIRECTION('',(-1.,0.,0.));
#4645=DIRECTION('',(0.,1.,0.));
#4646=DIRECTION('',(0.,0.,1.));
#4647=DIRECTION('',(0.,0.,-1.));
#4648=DIRECTION('',(-1.,0.,0.));
#4649=DIRECTION('',(0.,0.,1.));
#4650=DIRECTION('',(1.,0.,0.));
#4651=DIRECTION('',(0.,1.,0.));
#4652=DIRECTION('',(1.,0.,0.));
#4653=DIRECTION('',(0.,0.,-1.));
#4654=DIRECTION('',(0.,-0.342020143325669,0.939692620785908));
#4655=DIRECTION('',(0.,-0.939692620785908,-0.342020143325669));
#4656=DIRECTION('',(1.,0.,0.));
#4657=DIRECTION('',(0.,0.,-1.));
#4658=DIRECTION('',(-1.,0.,0.));
#4659=DIRECTION('',(0.,1.,0.));
#4660=DIRECTION('',(-1.,0.,0.));
#4661=DIRECTION('',(0.,0.,1.));
#4662=DIRECTION('',(1.,0.,0.));
#4663=DIRECTION('',(0.,0.,-1.));
#4664=DIRECTION('',(-1.,0.,0.));
#4665=DIRECTION('',(0.,1.,0.));
#4666=DIRECTION('',(-1.,0.,0.));
#4667=DIRECTION('',(0.,0.,1.));
#4668=DIRECTION('',(1.,0.,0.));
#4669=DIRECTION('',(0.,0.,-1.));
#4670=DIRECTION('',(-1.,0.,0.));
#4671=DIRECTION('',(0.,1.,0.));
#4672=DIRECTION('',(-1.,0.,0.));
#4673=DIRECTION('',(0.,0.,1.));
#4674=DIRECTION('',(1.,0.,0.));
#4675=DIRECTION('',(0.,0.,-1.));
#4676=DIRECTION('',(-1.,0.,0.));
#4677=DIRECTION('',(0.,1.,0.));
#4678=DIRECTION('',(-1.,0.,0.));
#4679=DIRECTION('',(0.,0.,1.));
#4680=DIRECTION('',(1.,0.,0.));
#4681=DIRECTION('',(0.,0.,-1.));
#4682=DIRECTION('',(-1.,0.,0.));
#4683=DIRECTION('',(0.,1.,0.));
#4684=DIRECTION('',(-1.,0.,0.));
#4685=DIRECTION('',(0.,0.,1.));
#4686=DIRECTION('',(0.,1.,0.));
#4687=DIRECTION('',(0.,0.,1.));
#4688=DIRECTION('',(-0.707106781186548,0.,0.707106781186547));
#4689=DIRECTION('',(0.,0.,1.));
#4690=DIRECTION('',(1.,0.,0.));
#4691=DIRECTION('',(0.,0.,-1.));
#4692=DIRECTION('',(-1.,0.,0.));
#4693=DIRECTION('',(0.,1.,0.));
#4694=DIRECTION('',(1.,0.,0.));
#4695=DIRECTION('',(0.,-1.,-1.23908819712629E-16));
#4696=DIRECTION('',(0.,1.23908819712629E-16,-1.));
#4697=DIRECTION('',(0.,1.23908819712629E-16,-1.));
#4698=DIRECTION('',(0.707106781186548,8.76167666676214E-17,-0.707106781186547));
#4699=DIRECTION('',(-1.,0.,0.));
#4700=DIRECTION('',(0.,0.,1.));
#4701=DIRECTION('',(0.,1.,1.54886024640786E-16));
#4702=DIRECTION('',(0.,1.,1.35525271560688E-16));
#4703=DIRECTION('',(0.,-1.35525271560688E-16,1.));
#4704=DIRECTION('',(-0.554700196225229,-1.12763842092287E-16,0.832050294337844));
#4705=DIRECTION('',(0.,-1.35525271560688E-16,1.));
#4706=DIRECTION('',(0.,-1.,0.));
#4707=DIRECTION('',(0.,0.,-1.));
#4708=DIRECTION('',(0.,0.,-1.));
#4709=DIRECTION('',(0.554700196225229,0.,-0.832050294337844));
#4710=DIRECTION('',(-1.,0.,0.));
#4711=DIRECTION('',(0.,0.,1.));
#4712=DIRECTION('',(0.,1.,0.));
#4713=DIRECTION('',(-0.707106781186547,1.09520958334527E-16,-0.707106781186548));
#4714=DIRECTION('',(0.,-1.,-1.54886024640786E-16));
#4715=DIRECTION('',(-0.832050294337844,0.,-0.554700196225229));
#4716=DIRECTION('',(0.,-1.,0.));
#4717=DIRECTION('',(0.,0.,1.));
#4718=DIRECTION('',(1.,0.,0.));
#4719=DIRECTION('',(-1.27553196763E-16,0.956304755963035,0.292371704722737));
#4720=DIRECTION('',(0.,-0.292371704722737,0.956304755963035));
#4721=DIRECTION('',(1.,1.21979728702746E-16,3.72929455804331E-17));
#4722=DIRECTION('',(1.72563323017096E-31,0.292371704722737,-0.956304755963035));
#4723=DIRECTION('',(-1.,-1.21979728702746E-16,-3.72929455804331E-17));
#4724=DIRECTION('',(0.,-0.292371704722737,0.956304755963035));
#4725=DIRECTION('',(-1.27553196763E-16,0.956304755963035,0.292371704722737));
#4726=DIRECTION('',(0.,-0.292371704722737,0.956304755963035));
#4727=DIRECTION('',(-1.,-1.21979728702746E-16,-3.72929455804331E-17));
#4728=DIRECTION('',(1.72563323017096E-31,0.292371704722737,-0.956304755963035));
#4729=DIRECTION('',(1.,1.21979728702746E-16,3.72929455804331E-17));
#4730=DIRECTION('',(0.,-0.292371704722737,0.956304755963035));
#4731=DIRECTION('',(0.,-0.956304755963035,-0.292371704722737));
#4732=DIRECTION('',(-1.,0.,0.));
#4733=DIRECTION('',(1.,0.,0.));
#4734=DIRECTION('',(0.,-0.292371704722737,0.956304755963035));
#4735=DIRECTION('',(-1.,0.,0.));
#4736=DIRECTION('',(0.,0.292371704722737,-0.956304755963035));
#4737=DIRECTION('',(0.,0.292371704722737,-0.956304755963035));
#4738=DIRECTION('',(0.,0.956304755963035,0.292371704722737));
#4739=DIRECTION('',(0.,0.956304755963035,0.292371704722737));
#4740=DIRECTION('',(0.,0.956304755963035,0.292371704722737));
#4741=DIRECTION('',(1.,0.,0.));
#4742=DIRECTION('',(0.,0.956304755963035,0.292371704722737));
#4743=DIRECTION('',(-1.,4.85573589541853E-16,1.48454744428959E-16));
#4744=DIRECTION('',(0.,0.292371704722737,-0.956304755963035));
#4745=DIRECTION('',(0.,0.956304755963035,0.292371704722737));
#4746=DIRECTION('',(0.,-0.956304755963035,-0.292371704722737));
#4747=DIRECTION('',(1.,-6.96501465802253E-16,-2.12941867776679E-16));
#4748=DIRECTION('',(0.,-0.956304755963035,-0.292371704722737));
#4749=DIRECTION('',(-1.,0.,0.));
#4750=DIRECTION('',(0.,-0.956304755963035,-0.292371704722737));
#4751=DIRECTION('',(1.,0.,0.));
#4752=DIRECTION('',(0.,1.,0.));
#4753=DIRECTION('',(1.,0.,0.));
#4754=DIRECTION('',(0.,1.,0.));
#4755=DIRECTION('',(0.,1.,0.));
#4756=DIRECTION('',(0.,0.,1.));
#4757=DIRECTION('',(0.,1.,0.));
#4758=DIRECTION('',(-1.,0.,0.));
#4759=DIRECTION('',(0.,0.,1.));
#4760=DIRECTION('',(0.,1.,0.));
#4761=DIRECTION('',(-1.,0.,0.));
#4762=DIRECTION('',(0.,0.,1.));
#4763=DIRECTION('',(1.,0.,0.));
#4764=DIRECTION('',(-1.,0.,0.));
#4765=DIRECTION('',(1.,0.,0.));
#4766=DIRECTION('',(0.,-0.956304755963035,-0.292371704722737));
#4767=DIRECTION('',(-1.,0.,0.));
#4768=DIRECTION('',(0.,0.,1.));
#4769=DIRECTION('',(0.,1.,0.));
#4770=DIRECTION('',(0.,1.,0.));
#4771=DIRECTION('',(1.,0.,0.));
#4772=DIRECTION('',(0.,1.,0.));
#4773=DIRECTION('',(-1.,0.,0.));
#4774=DIRECTION('',(0.,0.,1.));
#4775=DIRECTION('',(-1.,0.,0.));
#4776=DIRECTION('',(0.,0.,1.));
#4777=DIRECTION('',(1.,0.,0.));
#4778=DIRECTION('',(-1.,0.,0.));
#4779=DIRECTION('',(0.,0.,1.));
#4780=DIRECTION('',(-1.,0.,0.));
#4781=DIRECTION('',(0.,0.,1.));
#4782=DIRECTION('',(1.,0.,0.));
#4783=DIRECTION('',(-1.,0.,0.));
#4784=DIRECTION('',(0.,0.,1.));
#4785=DIRECTION('',(0.,-0.292371704722687,0.956304755963051));
#4786=DIRECTION('',(1.,0.,0.));
#4787=DIRECTION('',(1.,0.,0.));
#4788=DIRECTION('',(-8.46867831223214E-17,0.956304755963051,0.292371704722687));
#4789=DIRECTION('',(1.,0.,0.));
#4790=DIRECTION('',(0.,-0.956304755963051,-0.292371704722687));
#4791=DIRECTION('',(0.,0.956304755963051,0.292371704722687));
#4792=DIRECTION('',(0.,-0.292371704722687,0.956304755963051));
#4793=DIRECTION('',(1.59272674283175E-16,-0.292371704722687,0.956304755963051));
#4794=DIRECTION('',(-0.294085848837523,-0.279442738118197,0.914016011690451));
#4795=DIRECTION('',(0.294085848837523,-0.279442738118197,0.914016011690451));
#4796=DIRECTION('',(1.59272674283175E-16,-0.292371704722687,0.956304755963051));
#4797=DIRECTION('',(1.,0.,0.));
#4798=DIRECTION('',(1.,0.,0.));
#4799=DIRECTION('',(0.,0.,-1.));
#4800=DIRECTION('',(-1.,-1.27553196763001E-16,1.27553196763E-16));
#4801=DIRECTION('',(-1.27553196763001E-16,1.,0.));
#4802=DIRECTION('',(-1.,-1.27553196763001E-16,1.27553196763E-16));
#4803=DIRECTION('',(-1.27553196763001E-16,1.,0.));
#4804=DIRECTION('',(1.,0.,0.));
#4805=DIRECTION('',(1.,0.,0.));
#4806=DIRECTION('',(0.,0.,-1.));
#4807=DIRECTION('',(1.,1.27553196763001E-16,-1.27553196763E-16));
#4808=DIRECTION('',(1.27553196763001E-16,-1.,0.));
#4809=DIRECTION('',(1.,1.27553196763001E-16,-1.27553196763E-16));
#4810=DIRECTION('',(1.27553196763001E-16,-1.,0.));
#4811=DIRECTION('',(1.,0.,0.));
#4812=DIRECTION('',(1.,0.,0.));
#4813=DIRECTION('',(0.,0.,-1.));
#4814=DIRECTION('',(-1.,-1.27553196763001E-16,1.27553196763E-16));
#4815=DIRECTION('',(-1.27553196763001E-16,1.,0.));
#4816=DIRECTION('',(-1.,-1.27553196763001E-16,1.27553196763E-16));
#4817=DIRECTION('',(-1.27553196763001E-16,1.,0.));
#4818=DIRECTION('',(1.,0.,0.));
#4819=DIRECTION('',(1.,0.,0.));
#4820=DIRECTION('',(0.,0.,-1.));
#4821=DIRECTION('',(1.,0.,0.));
#4822=DIRECTION('',(0.,0.,-1.));
#4823=DIRECTION('',(1.,0.,0.));
#4824=DIRECTION('',(1.,0.,0.));
#4825=DIRECTION('',(0.,0.,-1.));
#4826=DIRECTION('',(1.,0.,0.));
#4827=DIRECTION('',(1.,0.,0.));
#4828=DIRECTION('',(0.,0.,-1.));
#4829=DIRECTION('',(1.,0.,0.));
#4830=DIRECTION('',(0.,0.,-1.));
#4831=DIRECTION('',(1.,0.,0.));
#4832=DIRECTION('',(0.,0.,-1.));
#4833=DIRECTION('',(1.,0.,0.));
#4834=DIRECTION('',(1.,0.,0.));
#4835=DIRECTION('',(0.,0.,-1.));
#4836=DIRECTION('',(1.,0.,0.));
#4837=DIRECTION('',(0.,0.,-1.));
#4838=DIRECTION('',(1.,0.,0.));
#4839=DIRECTION('',(0.,0.,-1.));
#4840=DIRECTION('',(1.,0.,0.));
#4841=DIRECTION('',(0.,0.956304755963051,0.292371704722687));
#4842=DIRECTION('',(0.,-0.292371704722687,0.956304755963051));
#4843=DIRECTION('',(0.294085848837523,0.279442738118197,-0.914016011690451));
#4844=DIRECTION('',(0.,-0.292371704722687,0.956304755963051));
#4845=DIRECTION('',(0.,-0.292371704722687,0.956304755963051));
#4846=DIRECTION('',(-0.294085848837523,0.279442738118197,-0.914016011690451));
#4847=DIRECTION('',(-1.,-4.65668232959132E-17,1.52313215911954E-16));
#4848=DIRECTION('',(1.59272674283175E-16,-0.292371704722687,0.956304755963051));
#4849=DIRECTION('',(-6.16297582203916E-33,0.956304755963051,0.292371704722687));
#4850=DIRECTION('',(0.,-0.292371704722757,0.956304755963029));
#4851=DIRECTION('',(1.,-6.96501465802253E-16,-2.12941867776679E-16));
#4852=DIRECTION('',(0.,-0.292371704722737,0.956304755963036));
#4853=DIRECTION('',(-5.42101086242752E-16,-0.697132115454605,0.716942685018675));
#4854=DIRECTION('',(1.,-6.96501465802253E-16,-2.12941867776679E-16));
#4855=DIRECTION('',(6.96501465802253E-16,1.,0.));
#4856=DIRECTION('',(1.59272674283181E-16,-0.292371704722757,0.956304755963029));
#4857=DIRECTION('',(0.,0.956304755963029,0.292371704722757));
#4858=DIRECTION('',(0.,-0.292371704722757,0.956304755963029));
#4859=DIRECTION('',(1.59272674283181E-16,-0.292371704722757,0.956304755963029));
#4860=DIRECTION('',(1.,0.,0.));
#4861=DIRECTION('',(-1.,-1.27553196763001E-16,1.27553196763E-16));
#4862=DIRECTION('',(1.27553196763001E-16,-1.,0.));
#4863=DIRECTION('',(-8.46867831223214E-17,0.956304755963051,0.292371704722687));
#4864=DIRECTION('',(1.,-6.96501465802253E-16,-2.12941867776679E-16));
#4865=DIRECTION('',(6.96501465802253E-16,1.,0.));
#4866=DIRECTION('',(3.32886425835255E-16,0.697132115454606,-0.716942685018675));
#4867=DIRECTION('',(-1.,6.96501465802253E-16,2.12941867776679E-16));
#4868=DIRECTION('',(0.,-0.292371704722737,0.956304755963036));
#4869=DIRECTION('',(0.,-0.292371704722757,0.956304755963029));
#4870=DIRECTION('',(0.,0.956304755963029,0.292371704722757));
#4871=DIRECTION('',(0.,-0.292371704722757,0.956304755963029));
#4872=DIRECTION('',(1.,0.,0.));
#4873=DIRECTION('',(1.,-6.96501465802253E-16,-2.12941867776679E-16));
#4874=DIRECTION('',(0.,-0.292371704722737,0.956304755963036));
#4875=DIRECTION('',(1.,-6.96501465802253E-16,-2.12941867776679E-16));
#4876=DIRECTION('',(0.,-0.292371704722737,0.956304755963036));
#4877=DIRECTION('',(0.95577900872195,-0.085982380959445,0.281235695904754));
#4878=DIRECTION('',(8.46867831223214E-17,-0.956304755963051,-0.292371704722687));
#4879=DIRECTION('',(0.95577900872195,0.0859823809594451,-0.281235695904754));
#4880=DIRECTION('',(0.,0.956304755963051,0.292371704722687));
#4881=DIRECTION('',(1.09618095949412E-16,0.292371704722737,-0.956304755963036));
#4882=DIRECTION('',(-1.,-7.63355145999545E-17,-1.37964848194259E-16));
#4883=DIRECTION('',(0.,1.,0.));
#4884=DIRECTION('',(0.,0.,1.));
#4885=DIRECTION('',(-1.,0.,0.));
#4886=DIRECTION('',(0.,0.,-1.));
#4887=DIRECTION('',(0.,1.,0.));
#4888=DIRECTION('',(1.,0.,0.));
#4889=DIRECTION('',(0.,0.,-1.));
#4890=DIRECTION('',(-1.,0.,0.));
#4891=DIRECTION('',(0.,0.,1.));
#4892=DIRECTION('',(-1.,0.,0.));
#4893=DIRECTION('',(0.,0.,-1.));
#4894=DIRECTION('',(-1.,0.,0.));
#4895=DIRECTION('',(0.,0.,1.));
#4896=DIRECTION('',(-1.,0.,0.));
#4897=DIRECTION('',(0.,0.,1.));
#4898=DIRECTION('',(-1.,0.,0.));
#4899=DIRECTION('',(0.,1.,0.));
#4900=DIRECTION('',(0.,0.,1.));
#4901=DIRECTION('',(-1.,0.,0.));
#4902=DIRECTION('',(0.,0.,1.));
#4903=DIRECTION('',(0.,1.,0.));
#4904=DIRECTION('',(0.,-0.928476690885259,-0.371390676354104));
#4905=DIRECTION('',(0.,-4.66323515047529E-17,1.));
#4906=DIRECTION('',(0.,-1.,0.));
#4907=DIRECTION('',(0.,0.,1.));
#4908=DIRECTION('',(1.,0.,0.));
#4909=DIRECTION('',(-1.,0.,0.));
#4910=DIRECTION('',(0.680451099367278,0.732793491626299,0.));
#4911=DIRECTION('',(0.,0.,1.));
#4912=DIRECTION('',(1.,0.,0.));
#4913=DIRECTION('',(0.,1.,0.));
#4914=DIRECTION('',(-0.680451099367278,-0.732793491626299,0.));
#4915=DIRECTION('',(-1.,0.,0.));
#4916=DIRECTION('',(-1.,0.,0.));
#4917=DIRECTION('',(0.,0.,1.));
#4918=DIRECTION('',(0.,0.,-1.));
#4919=DIRECTION('',(-1.,0.,0.));
#4920=DIRECTION('',(0.,0.,1.));
#4921=DIRECTION('',(0.,-1.,0.));
#4922=DIRECTION('',(0.,-4.66323515047529E-17,1.));
#4923=DIRECTION('',(0.,1.,0.));
#4924=DIRECTION('',(0.,0.,1.));
#4925=DIRECTION('',(0.,-0.931115545376357,-0.364724335846252));
#4926=DIRECTION('',(0.,0.213621763543445,-0.976916445833823));
#4927=DIRECTION('',(0.,1.,0.));
#4928=DIRECTION('',(-1.,0.,0.));
#4929=DIRECTION('',(0.,1.,0.));
#4930=DIRECTION('',(-1.,0.,0.));
#4931=DIRECTION('',(0.,1.,0.));
#4932=DIRECTION('',(-1.,0.,0.));
#4933=DIRECTION('',(0.,0.,1.));
#4934=DIRECTION('',(0.732793491626299,-0.680451099367278,0.));
#4935=DIRECTION('',(-0.680451099367278,-0.732793491626299,0.));
#4936=DIRECTION('',(-1.,0.,0.));
#4937=DIRECTION('',(0.,0.,1.));
#4938=DIRECTION('',(-0.732793491626299,0.680451099367278,0.));
#4939=DIRECTION('',(-0.680451099367278,-0.732793491626299,0.));
#4940=DIRECTION('',(-1.,0.,0.));
#4941=DIRECTION('',(0.,-1.,-4.66323515047529E-17));
#4942=DIRECTION('',(0.,4.66323515047529E-17,-1.));
#4943=DIRECTION('',(-1.,0.,0.));
#4944=DIRECTION('',(0.,1.47845750793478E-16,-1.));
#4945=DIRECTION('',(-1.,0.,0.));
#4946=DIRECTION('',(-1.,0.,0.));
#4947=DIRECTION('',(0.,0.,1.));
#4948=DIRECTION('',(1.,0.,0.));
#4949=DIRECTION('',(0.,-1.,0.));
#4950=DIRECTION('',(-1.,0.,0.));
#4951=DIRECTION('',(0.,0.976916445833823,0.213621763543445));
#4952=DIRECTION('',(0.,-0.213621763543445,0.976916445833823));
#4953=DIRECTION('',(0.,-0.213621763543445,0.976916445833823));
#4954=DIRECTION('',(-1.,0.,0.));
#4955=DIRECTION('',(0.,0.364724335846252,-0.931115545376357));
#4956=DIRECTION('',(0.,0.931115545376357,0.364724335846252));
#4957=DIRECTION('',(0.,0.931115545376357,0.364724335846252));
#4958=DIRECTION('',(-1.,0.,0.));
#4959=DIRECTION('',(0.,-1.,0.));
#4960=DIRECTION('',(0.,0.,-1.));
#4961=DIRECTION('',(0.,-2.79794109028517E-16,-1.));
#4962=DIRECTION('',(-1.,0.,0.));
#4963=DIRECTION('',(0.,0.,1.));
#4964=DIRECTION('',(1.,0.,0.));
#4965=DIRECTION('',(0.,-1.,0.));
#4966=DIRECTION('',(0.,0.,-1.));
#4967=DIRECTION('',(-1.,0.,0.));
#4968=DIRECTION('',(0.,0.371390676354104,-0.928476690885259));
#4969=DIRECTION('',(0.,0.928476690885259,0.371390676354104));
#4970=DIRECTION('',(0.,-0.928476690885259,-0.371390676354104));
#4971=DIRECTION('',(1.,0.,0.));
#4972=DIRECTION('',(0.,0.,-1.));
#4973=DIRECTION('',(-0.732793491626299,0.680451099367278,0.));
#4974=DIRECTION('',(-0.680451099367278,-0.732793491626299,0.));
#4975=DIRECTION('',(-0.680451099367278,-0.732793491626299,0.));
#4976=DIRECTION('',(0.732793491626299,-0.680451099367278,0.));
#4977=DIRECTION('',(0.680451099367278,0.732793491626299,0.));
#4978=DIRECTION('',(0.680451099367278,0.732793491626299,0.));
#4979=DIRECTION('',(0.680451099367278,0.732793491626299,0.));
#4980=DIRECTION('',(-0.732793491626299,0.680451099367278,0.));
#4981=DIRECTION('',(0.680451099367278,0.732793491626299,0.));
#4982=DIRECTION('',(0.680451099367278,0.732793491626299,0.));
#4983=DIRECTION('',(-0.732793491626299,0.680451099367278,0.));
#4984=DIRECTION('',(1.78067448145293E-17,4.16333634234434E-16,1.));
#4985=DIRECTION('',(-1.,2.60482153188551E-16,1.78067448145292E-17));
#4986=DIRECTION('',(0.,0.,1.));
#4987=DIRECTION('',(1.,0.,0.));
#4988=DIRECTION('',(0.,0.,1.));
#4989=DIRECTION('',(1.,0.,0.));
#4990=DIRECTION('',(0.,-0.956304755963036,-0.292371704722737));
#4991=DIRECTION('',(-1.,0.,0.));
#4992=DIRECTION('',(1.,0.,0.));
#4993=DIRECTION('',(-8.62816615085482E-32,0.292371704722737,-0.956304755963035));
#4994=DIRECTION('',(-1.,0.,0.));
#4995=DIRECTION('',(0.,0.292371704722737,-0.956304755963036));
#4996=DIRECTION('',(0.,-0.956304755963036,-0.292371704722737));
#4997=DIRECTION('',(-1.,0.,0.));
#4998=DIRECTION('',(-1.,0.,0.));
#4999=DIRECTION('',(-8.62816615085482E-32,0.292371704722737,-0.956304755963035));
#5000=DIRECTION('',(1.,0.,0.));
#5001=DIRECTION('',(0.,0.292371704722737,-0.956304755963036));
#5002=DIRECTION('',(1.,0.,0.));
#5003=DIRECTION('',(0.,1.,0.));
#5004=DIRECTION('',(1.,0.,0.));
#5005=DIRECTION('',(0.,1.,0.));
#5006=DIRECTION('',(0.,1.,0.));
#5007=DIRECTION('',(0.,0.,1.));
#5008=DIRECTION('',(0.,1.,0.));
#5009=DIRECTION('',(-1.,0.,0.));
#5010=DIRECTION('',(0.,0.,1.));
#5011=DIRECTION('',(0.,0.956304755963036,0.292371704722737));
#5012=DIRECTION('',(0.,-0.956304755963036,-0.292371704722737));
#5013=DIRECTION('',(0.,1.,0.));
#5014=DIRECTION('',(-1.,0.,0.));
#5015=DIRECTION('',(-1.,0.,0.));
#5016=DIRECTION('',(0.,0.,1.));
#5017=DIRECTION('',(1.,0.,0.));
#5018=DIRECTION('',(1.,0.,0.));
#5019=DIRECTION('',(0.,-0.956304755963036,-0.292371704722737));
#5020=DIRECTION('',(0.,0.956304755963036,0.292371704722737));
#5021=DIRECTION('',(-1.,0.,0.));
#5022=DIRECTION('',(0.,0.,1.));
#5023=DIRECTION('',(0.,1.,0.));
#5024=DIRECTION('',(0.,1.,0.));
#5025=DIRECTION('',(1.,0.,0.));
#5026=DIRECTION('',(0.,1.,0.));
#5027=DIRECTION('',(0.,-0.956304755963036,-0.292371704722737));
#5028=DIRECTION('',(0.,0.292371704722737,-0.956304755963036));
#5029=DIRECTION('',(0.,0.956304755963036,0.292371704722737));
#5030=DIRECTION('',(-1.,-2.83292358531684E-16,-8.66111658259229E-17));
#5031=DIRECTION('',(1.,0.,0.));
#5032=DIRECTION('',(-1.,0.,0.));
#5033=DIRECTION('',(0.,0.,1.));
#5034=DIRECTION('',(-1.,0.,0.));
#5035=DIRECTION('',(0.,0.,1.));
#5036=DIRECTION('',(1.,0.,0.));
#5037=DIRECTION('',(0.,0.292371704722737,-0.956304755963036));
#5038=DIRECTION('',(0.,0.956304755963036,0.292371704722737));
#5039=DIRECTION('',(-1.,0.,0.));
#5040=DIRECTION('',(1.,2.83292358531684E-16,8.66111658259229E-17));
#5041=DIRECTION('',(-1.,0.,0.));
#5042=DIRECTION('',(0.,0.,1.));
#5043=DIRECTION('',(-1.,0.,0.));
#5044=DIRECTION('',(0.,0.,1.));
#5045=DIRECTION('',(1.,0.,0.));
#5046=DIRECTION('',(-1.,0.,0.));
#5047=DIRECTION('',(0.,0.,1.));
#5048=DIRECTION('',(-1.,0.,0.));
#5049=DIRECTION('',(0.,0.,1.));
#5050=DIRECTION('',(-1.,0.,0.));
#5051=DIRECTION('',(-1.,0.,0.));
#5052=DIRECTION('',(0.,0.,1.));
#5053=DIRECTION('',(1.,0.,0.));
#5054=DIRECTION('',(-1.,0.,0.));
#5055=DIRECTION('',(0.,0.,1.));
#5056=DIRECTION('',(-1.,0.,0.));
#5057=DIRECTION('',(0.,1.,0.));
#5058=DIRECTION('',(-1.,0.,0.));
#5059=DIRECTION('',(-1.,0.,0.));
#5060=DIRECTION('',(0.,1.,0.));
#5061=DIRECTION('',(-1.,0.,0.));
#5062=DIRECTION('',(-1.,0.,0.));
#5063=DIRECTION('',(0.,0.,1.));
#5064=DIRECTION('',(1.,0.,0.));
#5065=DIRECTION('',(0.,-1.,0.));
#5066=DIRECTION('',(1.,0.,0.));
#5067=DIRECTION('',(0.,-1.,0.));
#5068=DIRECTION('',(-1.,0.,0.));
#5069=DIRECTION('',(0.,-0.956304755963036,-0.292371704722733));
#5070=DIRECTION('',(0.,0.292371704722733,-0.956304755963037));
#5071=DIRECTION('',(-1.,0.,0.));
#5072=DIRECTION('',(0.294085848837523,-0.279442738118241,0.914016011690437));
#5073=DIRECTION('',(0.,-0.292371704722733,0.956304755963037));
#5074=DIRECTION('',(0.,-0.292371704722733,0.956304755963037));
#5075=DIRECTION('',(0.294085848837523,0.279442738118241,-0.914016011690437));
#5076=DIRECTION('',(0.,-0.292371704722733,0.956304755963037));
#5077=DIRECTION('',(-1.,0.,0.));
#5078=DIRECTION('',(1.,0.,0.));
#5079=DIRECTION('',(0.,-0.956304755963037,-0.292371704722733));
#5080=DIRECTION('',(0.,0.956304755963037,0.292371704722733));
#5081=DIRECTION('',(0.,-0.956304755963036,-0.292371704722733));
#5082=DIRECTION('',(0.,0.292371704722733,-0.956304755963037));
#5083=DIRECTION('',(0.,0.292371704722733,-0.956304755963037));
#5084=DIRECTION('',(-0.294085848837523,0.279442738118241,-0.914016011690437));
#5085=DIRECTION('',(-0.294085848837523,-0.279442738118241,0.914016011690437));
#5086=DIRECTION('',(0.,0.292371704722733,-0.956304755963037));
#5087=DIRECTION('',(-1.,0.,0.));
#5088=DIRECTION('',(-1.,0.,0.));
#5089=DIRECTION('',(0.,0.,1.));
#5090=DIRECTION('',(-1.,0.,0.));
#5091=DIRECTION('',(0.,0.,1.));
#5092=DIRECTION('',(-1.,0.,0.));
#5093=DIRECTION('',(0.,0.,1.));
#5094=DIRECTION('',(-1.,0.,0.));
#5095=DIRECTION('',(-1.,0.,0.));
#5096=DIRECTION('',(0.,0.,1.));
#5097=DIRECTION('',(-1.,0.,0.));
#5098=DIRECTION('',(0.,0.,1.));
#5099=DIRECTION('',(-1.,0.,0.));
#5100=DIRECTION('',(0.,0.,1.));
#5101=DIRECTION('',(-1.,0.,0.));
#5102=DIRECTION('',(0.,0.,1.));
#5103=DIRECTION('',(1.,0.,0.));
#5104=DIRECTION('',(0.,1.,0.));
#5105=DIRECTION('',(-1.,0.,0.));
#5106=DIRECTION('',(1.,0.,0.));
#5107=DIRECTION('',(0.,1.,0.));
#5108=DIRECTION('',(0.,-0.956304755963035,-0.292371704722737));
#5109=DIRECTION('',(0.,0.292371704722737,-0.956304755963036));
#5110=DIRECTION('',(0.,-0.292371704722737,0.956304755963036));
#5111=DIRECTION('',(-1.,0.,0.));
#5112=DIRECTION('',(0.,-0.292371704722737,0.956304755963036));
#5113=DIRECTION('',(1.,0.,0.));
#5114=DIRECTION('',(0.,-0.292371704722733,0.956304755963037));
#5115=DIRECTION('',(0.,-0.956304755963037,-0.292371704722733));
#5116=DIRECTION('',(1.,2.83292358531684E-16,8.66111658259229E-17));
#5117=DIRECTION('',(-2.83292358531684E-16,1.,0.));
#5118=DIRECTION('',(-1.35396959415482E-16,0.697132115454604,-0.716942685018676));
#5119=DIRECTION('',(-1.,-2.83292358531684E-16,-8.66111658259229E-17));
#5120=DIRECTION('',(0.,-0.292371704722737,0.956304755963036));
#5121=DIRECTION('',(0.,0.292371704722737,-0.956304755963036));
#5122=DIRECTION('',(0.,-0.956304755963035,-0.292371704722737));
#5123=DIRECTION('',(0.,0.292371704722737,-0.956304755963036));
#5124=DIRECTION('',(0.,0.292371704722737,-0.956304755963036));
#5125=DIRECTION('',(-1.,0.,0.));
#5126=DIRECTION('',(-1.,0.,0.));
#5127=DIRECTION('',(0.,0.,1.));
#5128=DIRECTION('',(0.,0.956304755963037,0.292371704722733));
#5129=DIRECTION('',(1.,2.83292358531684E-16,8.66111658259229E-17));
#5130=DIRECTION('',(0.,-0.292371704722737,0.956304755963036));
#5131=DIRECTION('',(0.,-0.697132115454605,0.716942685018675));
#5132=DIRECTION('',(1.,2.83292358531684E-16,8.66111658259229E-17));
#5133=DIRECTION('',(-2.83292358531684E-16,1.,0.));
#5134=DIRECTION('',(1.,2.83292358531684E-16,8.66111658259229E-17));
#5135=DIRECTION('',(0.,-0.292371704722737,0.956304755963036));
#5136=DIRECTION('',(1.,2.83292358531684E-16,8.66111658259229E-17));
#5137=DIRECTION('',(0.,-0.292371704722737,0.956304755963036));
#5138=DIRECTION('',(0.95577900872195,0.0859823809594587,-0.28123569590475));
#5139=DIRECTION('',(0.,-0.956304755963037,-0.292371704722733));
#5140=DIRECTION('',(-0.95577900872195,0.0859823809594587,-0.28123569590475));
#5141=DIRECTION('',(0.,-0.956304755963037,-0.292371704722733));
#5142=DIRECTION('',(-1.95386296679425E-17,0.292371704722737,-0.956304755963035));
#5143=DIRECTION('',(-1.,1.53229062246178E-16,6.72782095966181E-17));
#5144=DIRECTION('',(1.29887127410187E-17,2.22044604925031E-16,1.));
#5145=DIRECTION('',(-1.,4.10083645537798E-17,1.29887127410187E-17));
#5146=DIRECTION('',(0.,0.,1.));
#5147=DIRECTION('',(1.,-2.77555756156289E-16,0.));
#5148=DIRECTION('',(1.,0.,0.));
#5149=DIRECTION('',(0.,0.,-1.));
#5150=DIRECTION('',(0.,-1.,0.));
#5151=DIRECTION('',(1.,0.,0.));
#5152=DIRECTION('',(0.,0.,-1.));
#5153=DIRECTION('',(0.,-0.699294155463731,0.714834025585148));
#5154=DIRECTION('',(1.,0.,0.));
#5155=DIRECTION('',(0.,0.,-1.));
#5156=DIRECTION('',(0.,0.,1.));
#5157=DIRECTION('',(0.,1.,0.));
#5158=DIRECTION('',(0.,0.,-1.));
#5159=DIRECTION('',(0.,1.,0.));
#5160=DIRECTION('',(0.,-3.77113799125393E-15,1.));
#5161=DIRECTION('',(0.,1.,0.));
#5162=DIRECTION('',(0.,0.,-1.));
#5163=DIRECTION('',(0.,-1.,0.));
#5164=DIRECTION('',(0.,0.,-1.));
#5165=DIRECTION('',(0.,1.,0.));
#5166=DIRECTION('',(0.,0.,-1.));
#5167=DIRECTION('',(0.,-0.485642931178633,-0.874157276121537));
#5168=DIRECTION('',(1.,0.,0.));
#5169=DIRECTION('',(0.,0.,-1.));
#5170=DIRECTION('',(0.,-1.,0.));
#5171=DIRECTION('',(0.,0.,-1.));
#5172=DIRECTION('',(0.,1.,0.));
#5173=DIRECTION('',(0.,1.35525271560688E-16,1.));
#5174=DIRECTION('',(1.,0.,0.));
#5175=DIRECTION('',(0.,0.,-1.));
#5176=DIRECTION('',(1.,0.,0.));
#5177=DIRECTION('',(0.,0.,-1.));
#5178=DIRECTION('',(1.,0.,0.));
#5179=DIRECTION('',(0.,0.,-1.));
#5180=DIRECTION('',(1.,0.,0.));
#5181=DIRECTION('',(0.,0.,-1.));
#5182=DIRECTION('',(1.,0.,0.));
#5183=DIRECTION('',(0.,0.,-1.));
#5184=DIRECTION('',(0.,0.,1.));
#5185=DIRECTION('',(0.,-1.,0.));
#5186=DIRECTION('',(0.,-1.23908819712629E-16,-1.));
#5187=DIRECTION('',(0.,1.,-1.54886024640786E-16));
#5188=DIRECTION('',(0.,0.,1.));
#5189=DIRECTION('',(1.,0.,0.));
#5190=DIRECTION('',(0.,-1.,0.));
#5191=DIRECTION('',(1.,0.,0.));
#5192=DIRECTION('',(-1.,0.,0.));
#5193=DIRECTION('',(0.,-1.,0.));
#5194=DIRECTION('',(-1.,0.,0.));
#5195=DIRECTION('',(1.,0.,0.));
#5196=DIRECTION('',(1.,0.,0.));
#5197=DIRECTION('',(0.,0.,-1.));
#5198=DIRECTION('',(-1.,0.,0.));
#5199=DIRECTION('',(0.,1.,0.));
#5200=DIRECTION('',(-1.,0.,0.));
#5201=DIRECTION('',(0.,1.,0.));
#5202=DIRECTION('',(0.,-0.699294155463731,0.714834025585148));
#5203=DIRECTION('',(1.,0.,0.));
#5204=DIRECTION('',(0.,0.,-1.));
#5205=DIRECTION('',(1.,0.,0.));
#5206=DIRECTION('',(0.,0.,-1.));
#5207=DIRECTION('',(0.,-0.485642931178633,-0.874157276121537));
#5208=DIRECTION('',(0.,0.,-1.));
#5209=DIRECTION('',(0.,1.,0.));
#5210=DIRECTION('',(0.,0.,-1.));
#5211=DIRECTION('',(0.,-1.,0.));
#5212=DIRECTION('',(0.,0.,-1.));
#5213=DIRECTION('',(0.,1.,0.));
#5214=DIRECTION('',(0.,-3.77113799125393E-15,1.));
#5215=DIRECTION('',(0.,1.,0.));
#5216=DIRECTION('',(0.,0.,-1.));
#5217=DIRECTION('',(0.,1.,0.));
#5218=DIRECTION('',(0.,0.,1.));
#5219=DIRECTION('',(1.,0.,0.));
#5220=DIRECTION('',(0.,0.,-1.));
#5221=DIRECTION('',(-1.,0.,0.));
#5222=DIRECTION('',(0.,1.,0.));
#5223=DIRECTION('',(-1.,0.,0.));
#5224=DIRECTION('',(0.,1.,0.));
#5225=DIRECTION('',(-1.,0.,0.));
#5226=DIRECTION('',(0.,1.,0.));
#5227=DIRECTION('',(0.,0.714834025585147,0.699294155463731));
#5228=DIRECTION('',(0.,-0.699294155463731,0.714834025585148));
#5229=DIRECTION('',(1.,0.,0.));
#5230=DIRECTION('',(1.,0.,0.));
#5231=DIRECTION('',(0.,-0.874157276121537,0.485642931178633));
#5232=DIRECTION('',(0.,-0.485642931178633,-0.874157276121537));
#5233=DIRECTION('',(1.,0.,0.));
#5234=DIRECTION('',(1.,0.,0.));
#5235=DIRECTION('',(0.,-1.,0.));
#5236=DIRECTION('',(0.,0.,-1.));
#5237=DIRECTION('',(1.,0.,0.));
#5238=DIRECTION('',(0.,0.,-1.));
#5239=DIRECTION('',(-1.,0.,0.));
#5240=DIRECTION('',(1.,0.,0.));
#5241=DIRECTION('',(0.,-1.,0.));
#5242=DIRECTION('',(0.,0.,-1.));
#5243=DIRECTION('',(1.,0.,0.));
#5244=DIRECTION('',(0.,0.,1.));
#5245=DIRECTION('',(1.,0.,0.));
#5246=DIRECTION('',(1.,0.,0.));
#5247=DIRECTION('',(0.,-1.,0.));
#5248=DIRECTION('',(0.,0.,-1.));
#5249=DIRECTION('',(1.,0.,0.));
#5250=DIRECTION('',(0.,0.,-1.));
#5251=DIRECTION('',(-1.,0.,0.));
#5252=DIRECTION('',(1.,0.,0.));
#5253=DIRECTION('',(0.,1.,3.77113799125393E-15));
#5254=DIRECTION('',(0.,-3.77113799125393E-15,1.));
#5255=DIRECTION('',(1.,0.,0.));
#5256=DIRECTION('',(0.,0.,-1.));
#5257=DIRECTION('',(-1.,0.,0.));
#5258=DIRECTION('',(1.,0.,0.));
#5259=DIRECTION('',(0.,-1.,0.));
#5260=DIRECTION('',(0.,0.,-1.));
#5261=DIRECTION('',(1.,0.,0.));
#5262=DIRECTION('',(0.,0.,-1.));
#5263=DIRECTION('',(-1.,0.,0.));
#5264=DIRECTION('',(1.,0.,0.));
#5265=DIRECTION('',(0.,1.,0.));
#5266=DIRECTION('',(0.,0.,1.));
#5267=DIRECTION('',(1.,0.,0.));
#5268=DIRECTION('',(1.,0.,0.));
#5269=DIRECTION('',(0.,0.,-1.));
#5270=DIRECTION('',(1.,0.,0.));
#5271=DIRECTION('',(0.,0.,-1.));
#5272=DIRECTION('',(1.,0.,0.));
#5273=DIRECTION('',(0.,0.,-1.));
#5274=DIRECTION('',(1.,0.,0.));
#5275=DIRECTION('',(0.,0.,-1.));
#5276=DIRECTION('',(1.,0.,0.));
#5277=DIRECTION('',(0.,0.,-1.));
#5278=DIRECTION('',(0.,-1.,1.35525271560688E-16));
#5279=DIRECTION('',(0.,-1.35525271560688E-16,-1.));
#5280=DIRECTION('',(0.554700196225229,1.12763842092287E-16,0.832050294337844));
#5281=DIRECTION('',(0.,1.35525271560688E-16,1.));
#5282=DIRECTION('',(0.,1.,0.));
#5283=DIRECTION('',(0.,0.,1.));
#5284=DIRECTION('',(0.,0.,-1.));
#5285=DIRECTION('',(-0.554700196225229,0.,-0.832050294337844));
#5286=DIRECTION('',(1.,0.,0.));
#5287=DIRECTION('',(0.,0.,-1.));
#5288=DIRECTION('',(0.,-1.,0.));
#5289=DIRECTION('',(0.,-1.,0.));
#5290=DIRECTION('',(0.,0.,-1.));
#5291=DIRECTION('',(0.707106781186548,0.,0.707106781186547));
#5292=DIRECTION('',(0.,0.,1.));
#5293=DIRECTION('',(-1.,0.,0.));
#5294=DIRECTION('',(0.,0.,-1.));
#5295=DIRECTION('',(-1.,0.,0.));
#5296=DIRECTION('',(0.,-1.,0.));
#5297=DIRECTION('',(-1.,0.,0.));
#5298=DIRECTION('',(0.,1.,-1.23908819712629E-16));
#5299=DIRECTION('',(0.,1.23908819712629E-16,1.));
#5300=DIRECTION('',(0.,-1.23908819712629E-16,-1.));
#5301=DIRECTION('',(-0.707106781186548,-8.76167666676214E-17,-0.707106781186547));
#5302=DIRECTION('',(1.,0.,0.));
#5303=DIRECTION('',(0.,0.,-1.));
#5304=DIRECTION('',(0.,-1.,1.54886024640786E-16));
#5305=DIRECTION('',(0.832050294337844,0.,-0.554700196225229));
#5306=DIRECTION('',(0.,1.,0.));
#5307=DIRECTION('',(0.707106781186547,-1.09520958334527E-16,-0.707106781186548));
#5308=DIRECTION('',(0.,1.,-1.54886024640786E-16));
#5309=DIRECTION('',(1.,0.,0.));
#5310=DIRECTION('',(0.,0.,-1.));
#5311=DIRECTION('',(1.,0.,0.));
#5312=DIRECTION('',(0.,0.,-1.));
#5313=DIRECTION('',(1.,0.,0.));
#5314=DIRECTION('',(0.,0.,-1.));
#5315=DIRECTION('',(8.32667268468867E-17,1.42319525592638E-18,1.));
#5316=DIRECTION('',(-1.,-7.26128449322925E-19,8.32667268468867E-17));
#5317=CARTESIAN_POINT('',(0.,0.,0.));
#5318=CARTESIAN_POINT('',(1.75,0.,0.));
#5319=CARTESIAN_POINT('',(1.75,1.7,0.5));
#5320=CARTESIAN_POINT('',(1.75,1.7,0.5));
#5321=CARTESIAN_POINT('',(1.75,1.7,4.));
#5322=CARTESIAN_POINT('',(1.75,1.7,4.));
#5323=CARTESIAN_POINT('',(1.75,3.1,4.));
#5324=CARTESIAN_POINT('',(1.75,3.1,4.));
#5325=CARTESIAN_POINT('',(1.75,3.1,0.5));
#5326=CARTESIAN_POINT('',(1.75,3.1,0.500000000000001));
#5327=CARTESIAN_POINT('',(1.75,-4.6,-3.37));
#5328=CARTESIAN_POINT('',(1.75,-4.,-3.37));
#5329=CARTESIAN_POINT('',(1.75,-4.2,2.33));
#5330=CARTESIAN_POINT('',(1.75,-3.6,2.33));
#5331=CARTESIAN_POINT('',(1.75,4.6,3.65));
#5332=CARTESIAN_POINT('',(1.75,5.2,3.65));
#5333=CARTESIAN_POINT('',(1.75,-2.8,-1.37));
#5334=CARTESIAN_POINT('',(1.75,-2.2,-1.37));
#5335=CARTESIAN_POINT('',(1.75,4.7,0.95));
#5336=CARTESIAN_POINT('',(1.75,5.3,0.95));
#5337=CARTESIAN_POINT('',(1.75,1.7,5.15));
#5338=CARTESIAN_POINT('',(1.75,1.7,5.15));
#5339=CARTESIAN_POINT('',(1.75,1.7,6.75));
#5340=CARTESIAN_POINT('',(1.75,-1.5,6.75));
#5341=CARTESIAN_POINT('',(1.75,-1.18450105153069,6.75));
#5342=CARTESIAN_POINT('',(1.75,-1.18450105153069,6.));
#5343=CARTESIAN_POINT('',(1.75,-1.72062657071955,6.5244706165978));
#5344=CARTESIAN_POINT('',(1.75,-6.,2.15));
#5345=CARTESIAN_POINT('',(1.75,-5.78612551918886,2.36862724705139));
#5346=CARTESIAN_POINT('',(1.75,-5.25,1.84415663045359));
#5347=CARTESIAN_POINT('',(1.75,-6.,1.84415663045359));
#5348=CARTESIAN_POINT('',(1.75,-6.,-4.75));
#5349=CARTESIAN_POINT('',(1.75,-6.,-4.75));
#5350=CARTESIAN_POINT('',(1.75,-5.2,-4.75));
#5351=CARTESIAN_POINT('',(1.75,-5.2,-4.75));
#5352=CARTESIAN_POINT('',(1.75,-5.2,-4.52));
#5353=CARTESIAN_POINT('',(1.75,-5.2,-4.52));
#5354=CARTESIAN_POINT('',(1.75,5.2,-4.52));
#5355=CARTESIAN_POINT('',(1.75,5.2,-4.52));
#5356=CARTESIAN_POINT('',(1.75,5.2,-4.75));
#5357=CARTESIAN_POINT('',(1.75,5.2,-4.75));
#5358=CARTESIAN_POINT('',(1.75,6.,-4.75));
#5359=CARTESIAN_POINT('',(1.75,6.,-4.75));
#5360=CARTESIAN_POINT('',(1.75,6.,-0.65));
#5361=CARTESIAN_POINT('',(1.75,6.,-0.65));
#5362=CARTESIAN_POINT('',(1.75,5.9,-0.65));
#5363=CARTESIAN_POINT('',(1.75,5.9,-0.65));
#5364=CARTESIAN_POINT('',(1.75,5.9,0.650000000000001));
#5365=CARTESIAN_POINT('',(1.75,5.9,0.650000000000001));
#5366=CARTESIAN_POINT('',(1.75,6.,0.650000000000001));
#5367=CARTESIAN_POINT('',(1.75,6.,0.650000000000001));
#5368=CARTESIAN_POINT('',(1.75,6.,4.05));
#5369=CARTESIAN_POINT('',(1.75,6.,4.05));
#5370=CARTESIAN_POINT('',(1.75,4.5,6.75));
#5371=CARTESIAN_POINT('',(1.75,4.71431544534223,6.36423219838398));
#5372=CARTESIAN_POINT('',(1.75,4.05869748825108,6.));
#5373=CARTESIAN_POINT('',(1.75,4.05869748825108,6.75));
#5374=CARTESIAN_POINT('',(1.75,-1.5,6.75));
#5375=CARTESIAN_POINT('',(1.75,3.1,6.75));
#5376=CARTESIAN_POINT('',(1.75,3.1,6.75));
#5377=CARTESIAN_POINT('',(1.75,3.1,5.15));
#5378=CARTESIAN_POINT('',(1.75,3.1,5.15));
#5379=CARTESIAN_POINT('',(1.75,-1.5,6.75));
#5380=CARTESIAN_POINT('',(1.25,1.7,6.75));
#5381=CARTESIAN_POINT('',(1.25,1.7,6.75));
#5382=CARTESIAN_POINT('',(1.25,1.7,6.75));
#5383=CARTESIAN_POINT('',(1.25,3.1,6.75));
#5384=CARTESIAN_POINT('',(1.25,3.1,6.75));
#5385=CARTESIAN_POINT('',(1.75,4.05869748825108,6.75));
#5386=CARTESIAN_POINT('',(1.05,4.05869748825108,6.75));
#5387=CARTESIAN_POINT('',(1.05,1.15,6.75));
#5388=CARTESIAN_POINT('',(1.05,1.15,6.75));
#5389=CARTESIAN_POINT('',(-0.45,1.15,6.75));
#5390=CARTESIAN_POINT('',(-1.75,1.15,6.75));
#5391=CARTESIAN_POINT('',(-1.75,-1.5,6.75));
#5392=CARTESIAN_POINT('',(-1.75,-1.18450105153069,6.75));
#5393=CARTESIAN_POINT('',(1.75,-1.18450105153069,6.75));
#5394=CARTESIAN_POINT('',(-1.25590709946894,-1.18450105153069,6.75));
#5395=CARTESIAN_POINT('',(0.,-1.4359479753994,6.75));
#5396=CARTESIAN_POINT('',(1.25590709946894,-1.18450105153069,6.75));
#5397=CARTESIAN_POINT('',(1.75,-1.18450105153069,6.75));
#5398=CARTESIAN_POINT('',(1.75,-6.,2.15));
#5399=CARTESIAN_POINT('',(0.,-1.37984161415388,6.87282857219826));
#5400=CARTESIAN_POINT('',(1.20859489346876,-1.72062657071955,6.5244706165978));
#5401=CARTESIAN_POINT('',(1.03186197984517,-1.9754524339635,6.26398195639286));
#5402=CARTESIAN_POINT('',(1.03186197984517,-1.9754524339635,6.26398195639286));
#5403=CARTESIAN_POINT('',(0.838873062033593,-2.1769363240786,6.05802064649744));
#5404=CARTESIAN_POINT('',(0.885248437144228,-2.46811868490444,5.76036756654213));
#5405=CARTESIAN_POINT('',(1.13661904845628,-2.63516259754583,5.58961156695316));
#5406=CARTESIAN_POINT('',(1.13661904845628,-2.63516259754583,5.58961156695316));
#5407=CARTESIAN_POINT('',(-1.95943487863576E-17,-3.47157136116556,4.73461594191965));
#5408=CARTESIAN_POINT('',(-1.13661904845628,-2.63516259754583,5.58961156695316));
#5409=CARTESIAN_POINT('',(-1.13661904845628,-2.63516259754583,5.58961156695316));
#5410=CARTESIAN_POINT('',(-0.885235368351597,-2.46811000026729,5.76037644417121));
#5411=CARTESIAN_POINT('',(-0.838875820906789,-2.17693344376552,6.05802359081747));
#5412=CARTESIAN_POINT('',(-1.03186197984517,-1.9754524339635,6.26398195639286));
#5413=CARTESIAN_POINT('',(-1.03186197984517,-1.9754524339635,6.26398195639286));
#5414=CARTESIAN_POINT('',(0.,-1.37984161415388,6.87282857219826));
#5415=CARTESIAN_POINT('',(-1.20859489346876,-1.72062657071955,6.5244706165978));
#5416=CARTESIAN_POINT('',(1.75,-1.72062657071955,6.5244706165978));
#5417=CARTESIAN_POINT('',(-1.75,-1.72062657071955,6.5244706165978));
#5418=CARTESIAN_POINT('',(-1.75,-6.,2.15));
#5419=CARTESIAN_POINT('',(-1.75,-5.78612551918886,2.36862724705139));
#5420=CARTESIAN_POINT('',(1.75,-5.78612551918886,2.36862724705139));
#5421=CARTESIAN_POINT('',(1.75,-1.72062657071955,6.5244706165978));
#5422=CARTESIAN_POINT('',(-0.45,-4.34572405935462,-0.0643098881583212));
#5423=CARTESIAN_POINT('',(-1.95943487863576E-17,-0.295917942674462,1.53448133336003));
#5424=CARTESIAN_POINT('',(0.845437874589136,0.0289814350555735,1.66274581270192));
#5425=CARTESIAN_POINT('',(-0.845437874589138,0.0289814350555673,1.66274581270191));
#5426=CARTESIAN_POINT('',(0.845437874589135,0.0289814350555731,1.66274581270192));
#5427=CARTESIAN_POINT('',(0.819063216738546,0.100614434039954,1.691025243037));
#5428=CARTESIAN_POINT('',(0.806290793462733,0.174282166969613,1.72010795004166));
#5429=CARTESIAN_POINT('',(0.807223327798975,0.249999999999999,1.75));
#5430=CARTESIAN_POINT('',(0.807223327798975,0.249999999999999,1.75));
#5431=CARTESIAN_POINT('',(-0.45,0.249999999999999,1.75));
#5432=CARTESIAN_POINT('',(1.05,0.249999999999999,1.75));
#5433=CARTESIAN_POINT('',(1.05,-4.34572405935462,-0.064309888158321));
#5434=CARTESIAN_POINT('',(1.05,-4.34572405935462,-0.0643098881583212));
#5435=CARTESIAN_POINT('',(-0.45,-4.34572405935462,-0.064309888158321));
#5436=CARTESIAN_POINT('',(-1.75,-4.34572405935462,-0.064309888158321));
#5437=CARTESIAN_POINT('',(-1.75,-4.34572405935462,-0.0643098881583212));
#5438=CARTESIAN_POINT('',(-1.75,0.249999999999999,1.75));
#5439=CARTESIAN_POINT('',(-0.45,0.249999999999999,1.75));
#5440=CARTESIAN_POINT('',(-0.807223327799251,0.249999999999999,1.75));
#5441=CARTESIAN_POINT('',(-0.807223327799251,0.249999999999999,1.75));
#5442=CARTESIAN_POINT('',(-0.806290793463003,0.174282166969639,1.72010795004167));
#5443=CARTESIAN_POINT('',(-0.819063216738547,0.100614434039951,1.691025243037));
#5444=CARTESIAN_POINT('',(-0.845437874589137,0.0289814350555674,1.66274581270191));
#5445=CARTESIAN_POINT('',(-0.45,0.249999999999999,1.75));
#5446=CARTESIAN_POINT('',(0.807223327798975,0.249999999999999,1.75));
#5447=CARTESIAN_POINT('',(0.808274635625108,0.268617391188787,1.76861739118879));
#5448=CARTESIAN_POINT('',(0.810670456880541,0.287147907267696,1.7871479072677));
#5449=CARTESIAN_POINT('',(0.814407400182904,0.305591767369319,1.80559176736932));
#5450=CARTESIAN_POINT('',(0.814407400182903,0.305591767369319,1.80559176736932));
#5451=CARTESIAN_POINT('',(0.,0.406203449210869,1.90620344921087));
#5452=CARTESIAN_POINT('',(-0.814407400182904,0.305591767369319,1.80559176736932));
#5453=CARTESIAN_POINT('',(-0.814407400182903,0.305591767369319,1.80559176736932));
#5454=CARTESIAN_POINT('',(-0.810670456880542,0.287147907267702,1.7871479072677));
#5455=CARTESIAN_POINT('',(-0.808274635625112,0.268617391188809,1.76861739118881));
#5456=CARTESIAN_POINT('',(-0.807223327798977,0.250000000000026,1.75000000000003));
#5457=CARTESIAN_POINT('',(-1.75,0.249999999999999,1.75));
#5458=CARTESIAN_POINT('',(-1.75,1.15,2.65));
#5459=CARTESIAN_POINT('',(-0.45,1.15,2.65));
#5460=CARTESIAN_POINT('',(-0.45,1.15,2.65));
#5461=CARTESIAN_POINT('',(1.05,1.15,2.65));
#5462=CARTESIAN_POINT('',(1.05,1.15,2.65));
#5463=CARTESIAN_POINT('',(1.05,0.249999999999999,1.75));
#5464=CARTESIAN_POINT('',(1.75,-1.18450105153069,6.));
#5465=CARTESIAN_POINT('',(1.25590709946894,-1.18450105153069,6.75));
#5466=CARTESIAN_POINT('',(1.2913044609024,-1.3849256588068,6.75));
#5467=CARTESIAN_POINT('',(1.2718557638129,-1.58542416268745,6.66267752258616));
#5468=CARTESIAN_POINT('',(1.20859489346876,-1.72062657071955,6.5244706165978));
#5469=CARTESIAN_POINT('',(1.75,-1.18450105153069,6.));
#5470=CARTESIAN_POINT('',(-1.20859489346876,-1.72062657071955,6.5244706165978));
#5471=CARTESIAN_POINT('',(-1.27184242109608,-1.58545267901094,6.66264837256659));
#5472=CARTESIAN_POINT('',(-1.29132460986667,-1.38503974494453,6.75));
#5473=CARTESIAN_POINT('',(-1.25590709946894,-1.18450105153069,6.75));
#5474=CARTESIAN_POINT('',(-1.75,-1.18450105153069,6.));
#5475=CARTESIAN_POINT('',(-1.95943487863576E-17,-3.47157136116556,4.73461594191965));
#5476=CARTESIAN_POINT('',(1.13661904845628,-2.63516259754583,5.58961156695316));
#5477=CARTESIAN_POINT('',(1.11521838940287,-1.75966135694566,4.26764718895914));
#5478=CARTESIAN_POINT('',(1.01811292334488,-0.856053199861732,2.96712876666195));
#5479=CARTESIAN_POINT('',(0.845437874588618,0.0289814350590351,1.66274581270429));
#5480=CARTESIAN_POINT('',(-0.845437874589138,0.0289814350555574,1.66274581270194));
#5481=CARTESIAN_POINT('',(-1.01811035057561,-0.856040013298928,2.96710933202222));
#5482=CARTESIAN_POINT('',(-1.115218885451,-1.75968165028109,4.26767783091064));
#5483=CARTESIAN_POINT('',(-1.13661904845628,-2.63516259754582,5.58961156695316));
#5484=CARTESIAN_POINT('',(-1.75,0.,0.));
#5485=CARTESIAN_POINT('',(-1.75,5.2,-4.52));
#5486=CARTESIAN_POINT('',(-1.75,-1.7,-4.52));
#5487=CARTESIAN_POINT('',(-1.75,-6.,-4.52));
#5488=CARTESIAN_POINT('',(-1.75,-6.,-4.75));
#5489=CARTESIAN_POINT('',(-1.75,-6.,1.84415663045359));
#5490=CARTESIAN_POINT('',(-1.75,-5.25,1.84415663045359));
#5491=CARTESIAN_POINT('',(-1.75,1.15,2.65));
#5492=CARTESIAN_POINT('',(-1.75,-3.85,-1.32));
#5493=CARTESIAN_POINT('',(-1.75,-3.85,-2.67));
#5494=CARTESIAN_POINT('',(-1.75,-2.45,-2.67));
#5495=CARTESIAN_POINT('',(-1.75,-2.45,-2.67));
#5496=CARTESIAN_POINT('',(-1.75,-2.45,-3.42));
#5497=CARTESIAN_POINT('',(-1.75,-1.7,-3.42));
#5498=CARTESIAN_POINT('',(-1.75,-1.7,-4.52));
#5499=CARTESIAN_POINT('',(-1.75,-4.2,2.33));
#5500=CARTESIAN_POINT('',(-1.75,-4.2,2.93));
#5501=CARTESIAN_POINT('',(-1.75,-4.6,-3.37));
#5502=CARTESIAN_POINT('',(-1.75,-4.6,-2.77));
#5503=CARTESIAN_POINT('',(-1.75,-3.6,-3.77));
#5504=CARTESIAN_POINT('',(-1.75,-3.6,-3.77));
#5505=CARTESIAN_POINT('',(-1.75,-2.28,-3.77));
#5506=CARTESIAN_POINT('',(-1.75,-2.28,-3.77));
#5507=CARTESIAN_POINT('',(-1.75,-2.28,-3.02));
#5508=CARTESIAN_POINT('',(-1.75,-2.28,-3.02));
#5509=CARTESIAN_POINT('',(-1.75,-3.6,-3.02));
#5510=CARTESIAN_POINT('',(-1.75,-3.6,-3.02));
#5511=CARTESIAN_POINT('',(1.75,6.,-0.65));
#5512=CARTESIAN_POINT('',(1.75,6.,-4.75));
#5513=CARTESIAN_POINT('',(-0.7,6.,-4.75));
#5514=CARTESIAN_POINT('',(-0.7,6.,-4.52));
#5515=CARTESIAN_POINT('',(-0.7,6.,-4.52));
#5516=CARTESIAN_POINT('',(-0.7,6.,-4.52));
#5517=CARTESIAN_POINT('',(-1.75,6.,-4.52));
#5518=CARTESIAN_POINT('',(-1.75,6.,-0.65));
#5519=CARTESIAN_POINT('',(-1.75,6.,-0.65));
#5520=CARTESIAN_POINT('',(1.75,6.,-0.65));
#5521=CARTESIAN_POINT('',(1.75,6.,-4.75));
#5522=CARTESIAN_POINT('',(1.75,5.2,-4.75));
#5523=CARTESIAN_POINT('',(-0.7,5.2,-4.75));
#5524=CARTESIAN_POINT('',(-0.7,5.2,-4.75));
#5525=CARTESIAN_POINT('',(1.75,5.2,-4.75));
#5526=CARTESIAN_POINT('',(1.75,5.2,-4.52));
#5527=CARTESIAN_POINT('',(-0.7,5.2,-4.52));
#5528=CARTESIAN_POINT('',(-0.7,5.2,-4.52));
#5529=CARTESIAN_POINT('',(-1.75,0.,0.));
#5530=CARTESIAN_POINT('',(-1.75,4.7,0.95));
#5531=CARTESIAN_POINT('',(-1.75,4.7,1.55));
#5532=CARTESIAN_POINT('',(-1.75,4.6,3.65));
#5533=CARTESIAN_POINT('',(-1.75,4.6,4.25));
#5534=CARTESIAN_POINT('',(-1.75,5.2,-4.52));
#5535=CARTESIAN_POINT('',(-1.75,4.1,-4.52));
#5536=CARTESIAN_POINT('',(-1.75,4.1,-2.67));
#5537=CARTESIAN_POINT('',(-1.75,4.1,-2.67));
#5538=CARTESIAN_POINT('',(-1.75,4.9,-3.37));
#5539=CARTESIAN_POINT('',(-1.75,4.9,-3.37));
#5540=CARTESIAN_POINT('',(-1.75,4.9,-0.0500000000000001));
#5541=CARTESIAN_POINT('',(-1.75,4.9,-0.0500000000000001));
#5542=CARTESIAN_POINT('',(-1.75,4.9,1.1));
#5543=CARTESIAN_POINT('',(-1.75,3.75,1.1));
#5544=CARTESIAN_POINT('',(-1.75,3.75,2.25));
#5545=CARTESIAN_POINT('',(-1.75,3.75,2.25));
#5546=CARTESIAN_POINT('',(-1.75,3.2,2.25));
#5547=CARTESIAN_POINT('',(-1.75,3.2,2.25));
#5548=CARTESIAN_POINT('',(-1.75,3.2,4.25));
#5549=CARTESIAN_POINT('',(-1.75,3.2,4.25));
#5550=CARTESIAN_POINT('',(-1.75,4.25,4.25));
#5551=CARTESIAN_POINT('',(-1.75,4.25,4.25));
#5552=CARTESIAN_POINT('',(-1.75,4.25,6.75));
#5553=CARTESIAN_POINT('',(-1.75,4.25,6.72519193941918));
#5554=CARTESIAN_POINT('',(-1.75,4.05869748825108,6.));
#5555=CARTESIAN_POINT('',(-1.75,4.71431544534223,6.36423219838398));
#5556=CARTESIAN_POINT('',(-1.75,4.5,6.75));
#5557=CARTESIAN_POINT('',(-1.75,6.,4.05));
#5558=CARTESIAN_POINT('',(-1.75,6.,4.05));
#5559=CARTESIAN_POINT('',(-1.75,6.,0.650000000000001));
#5560=CARTESIAN_POINT('',(-1.75,6.,0.650000000000001));
#5561=CARTESIAN_POINT('',(-1.75,5.9,0.650000000000001));
#5562=CARTESIAN_POINT('',(-1.75,5.9,0.650000000000001));
#5563=CARTESIAN_POINT('',(-1.75,5.9,-0.65));
#5564=CARTESIAN_POINT('',(-1.75,5.9,-0.65));
#5565=CARTESIAN_POINT('',(-1.75,0.,0.));
#5566=CARTESIAN_POINT('',(-1.75,3.5,-4.52));
#5567=CARTESIAN_POINT('',(-1.75,3.5,-4.52));
#5568=CARTESIAN_POINT('',(-1.75,3.5,-3.42));
#5569=CARTESIAN_POINT('',(-1.75,5.2,-4.52));
#5570=CARTESIAN_POINT('',(-1.75,-1.1,-4.52));
#5571=CARTESIAN_POINT('',(-1.75,-1.1,-2.67));
#5572=CARTESIAN_POINT('',(-1.75,-1.1,-2.67));
#5573=CARTESIAN_POINT('',(-1.75,2.75,-2.67));
#5574=CARTESIAN_POINT('',(-1.75,2.75,-2.67));
#5575=CARTESIAN_POINT('',(-1.75,2.75,-3.42));
#5576=CARTESIAN_POINT('',(1.75,4.5,6.75));
#5577=CARTESIAN_POINT('',(1.75,4.71431544534223,6.36423219838398));
#5578=CARTESIAN_POINT('',(1.75,6.,4.05));
#5579=CARTESIAN_POINT('',(1.75,6.,4.05));
#5580=CARTESIAN_POINT('',(1.75,6.,0.650000000000001));
#5581=CARTESIAN_POINT('',(1.75,6.,0.650000000000001));
#5582=CARTESIAN_POINT('',(1.75,5.9,0.650000000000001));
#5583=CARTESIAN_POINT('',(1.75,5.9,0.650000000000001));
#5584=CARTESIAN_POINT('',(1.75,5.9,-0.65));
#5585=CARTESIAN_POINT('',(1.75,5.9,-0.65));
#5586=CARTESIAN_POINT('',(1.75,5.2,-4.52));
#5587=CARTESIAN_POINT('',(1.05,4.1,-4.52));
#5588=CARTESIAN_POINT('',(1.05,4.1,-4.52));
#5589=CARTESIAN_POINT('',(1.05,3.5,-4.52));
#5590=CARTESIAN_POINT('',(-0.45,4.1,-4.52));
#5591=CARTESIAN_POINT('',(-0.7,5.2,-4.52));
#5592=CARTESIAN_POINT('',(1.75,-5.2,-4.52));
#5593=CARTESIAN_POINT('',(-0.700000000000002,-5.2,-4.52));
#5594=CARTESIAN_POINT('',(-0.700000000000002,-5.2,-4.52));
#5595=CARTESIAN_POINT('',(-0.700000000000002,-6.,-4.52));
#5596=CARTESIAN_POINT('',(-0.700000000000002,-6.,-4.52));
#5597=CARTESIAN_POINT('',(-0.45,-1.7,-4.52));
#5598=CARTESIAN_POINT('',(1.05,-1.7,-4.52));
#5599=CARTESIAN_POINT('',(1.05,-1.1,-4.52));
#5600=CARTESIAN_POINT('',(1.05,-1.1,-4.52));
#5601=CARTESIAN_POINT('',(-0.45,-1.1,-4.52));
#5602=CARTESIAN_POINT('',(-0.45,3.5,-4.52));
#5603=CARTESIAN_POINT('',(1.75,-5.2,-4.52));
#5604=CARTESIAN_POINT('',(-0.700000000000002,-5.2,-4.52));
#5605=CARTESIAN_POINT('',(-0.700000000000002,-5.2,-4.75));
#5606=CARTESIAN_POINT('',(1.75,-5.2,-4.75));
#5607=CARTESIAN_POINT('',(1.75,-5.2,-4.75));
#5608=CARTESIAN_POINT('',(-0.700000000000002,-5.2,-4.75));
#5609=CARTESIAN_POINT('',(-0.700000000000002,-6.,-4.75));
#5610=CARTESIAN_POINT('',(1.75,-6.,-4.75));
#5611=CARTESIAN_POINT('',(1.75,-6.,-4.75));
#5612=CARTESIAN_POINT('',(-0.700000000000002,-6.,-4.52));
#5613=CARTESIAN_POINT('',(1.75,-6.,1.84415663045359));
#5614=CARTESIAN_POINT('',(1.75,4.05869748825108,6.));
#5615=CARTESIAN_POINT('',(1.75,4.25,6.72519193941918));
#5616=CARTESIAN_POINT('',(1.05,4.25,6.72519193941918));
#5617=CARTESIAN_POINT('',(1.05,4.05869748825109,6.00000000000005));
#5618=CARTESIAN_POINT('',(1.75,-5.25,1.84415663045359));
#5619=CARTESIAN_POINT('',(-0.45,4.25,6.75));
#5620=CARTESIAN_POINT('',(-0.45,4.25,4.25));
#5621=CARTESIAN_POINT('',(1.05,4.25,4.25));
#5622=CARTESIAN_POINT('',(1.05,4.25,6.72519193941918));
#5623=CARTESIAN_POINT('',(-0.45,4.25,4.25));
#5624=CARTESIAN_POINT('',(-0.45,3.2,4.25));
#5625=CARTESIAN_POINT('',(1.05,3.2,4.25));
#5626=CARTESIAN_POINT('',(1.05,4.25,4.25));
#5627=CARTESIAN_POINT('',(-0.45,3.2,4.25));
#5628=CARTESIAN_POINT('',(-0.45,3.2,2.25));
#5629=CARTESIAN_POINT('',(-0.45,3.2,2.25));
#5630=CARTESIAN_POINT('',(1.05,3.2,2.25));
#5631=CARTESIAN_POINT('',(1.05,3.2,2.25));
#5632=CARTESIAN_POINT('',(1.05,3.2,4.25));
#5633=CARTESIAN_POINT('',(-0.45,3.2,2.25));
#5634=CARTESIAN_POINT('',(-0.45,3.75,2.25));
#5635=CARTESIAN_POINT('',(-0.45,3.75,2.25));
#5636=CARTESIAN_POINT('',(-0.45,3.2,2.25));
#5637=CARTESIAN_POINT('',(-0.45,3.75,2.25));
#5638=CARTESIAN_POINT('',(-0.45,3.75,1.1));
#5639=CARTESIAN_POINT('',(-0.45,3.75,1.1));
#5640=CARTESIAN_POINT('',(-0.45,3.75,2.25));
#5641=CARTESIAN_POINT('',(-0.45,4.9,1.1));
#5642=CARTESIAN_POINT('',(-0.45,4.9,-0.0500000000000001));
#5643=CARTESIAN_POINT('',(1.05,4.9,-0.050000000000001));
#5644=CARTESIAN_POINT('',(1.05,4.89999999999999,1.09999999999999));
#5645=CARTESIAN_POINT('',(1.05,3.75,1.1));
#5646=CARTESIAN_POINT('',(1.05,3.75,1.1));
#5647=CARTESIAN_POINT('',(-0.45,4.9,-0.0500000000000001));
#5648=CARTESIAN_POINT('',(-0.45,4.9,-3.37));
#5649=CARTESIAN_POINT('',(1.05,4.9,-3.37));
#5650=CARTESIAN_POINT('',(1.05,4.9,-0.050000000000001));
#5651=CARTESIAN_POINT('',(-0.45,4.9,-3.37));
#5652=CARTESIAN_POINT('',(-0.45,4.1,-2.67));
#5653=CARTESIAN_POINT('',(1.05,4.1,-2.67));
#5654=CARTESIAN_POINT('',(1.05,4.9,-3.37));
#5655=CARTESIAN_POINT('',(-0.45,4.1,-2.67));
#5656=CARTESIAN_POINT('',(1.05,4.1,-2.67));
#5657=CARTESIAN_POINT('',(-0.45,3.5,-4.52));
#5658=CARTESIAN_POINT('',(-0.45,3.5,-3.42));
#5659=CARTESIAN_POINT('',(1.05,3.5,-3.42));
#5660=CARTESIAN_POINT('',(1.05,3.5,-4.52));
#5661=CARTESIAN_POINT('',(-0.45,2.75,-3.42));
#5662=CARTESIAN_POINT('',(-0.45,2.75,-2.67));
#5663=CARTESIAN_POINT('',(1.05,2.75,-2.67));
#5664=CARTESIAN_POINT('',(1.05,2.75000000000002,-3.41999999999998));
#5665=CARTESIAN_POINT('',(-0.45,2.75,-2.67));
#5666=CARTESIAN_POINT('',(-0.45,-1.1,-2.67));
#5667=CARTESIAN_POINT('',(1.05,-1.1,-2.67));
#5668=CARTESIAN_POINT('',(1.05,2.75,-2.67));
#5669=CARTESIAN_POINT('',(-0.45,-1.1,-2.67));
#5670=CARTESIAN_POINT('',(1.05,-1.1,-2.67));
#5671=CARTESIAN_POINT('',(-0.45,-1.7,-4.52));
#5672=CARTESIAN_POINT('',(-0.45,-1.7,-3.42));
#5673=CARTESIAN_POINT('',(1.05,-1.7,-3.42));
#5674=CARTESIAN_POINT('',(1.05,-1.7,-4.52));
#5675=CARTESIAN_POINT('',(-0.45,-2.45,-3.42));
#5676=CARTESIAN_POINT('',(-0.45,-2.45,-2.67));
#5677=CARTESIAN_POINT('',(1.05,-2.45,-2.67));
#5678=CARTESIAN_POINT('',(1.05,-2.45,-3.42));
#5679=CARTESIAN_POINT('',(-0.45,-2.45,-2.67));
#5680=CARTESIAN_POINT('',(-0.45,-3.85,-2.67));
#5681=CARTESIAN_POINT('',(1.05,-3.85,-2.67));
#5682=CARTESIAN_POINT('',(1.05,-2.45,-2.67));
#5683=CARTESIAN_POINT('',(-0.45,-3.85,-1.32));
#5684=CARTESIAN_POINT('',(1.05,-3.85,-1.32));
#5685=CARTESIAN_POINT('',(-0.45,1.15,2.65));
#5686=CARTESIAN_POINT('',(1.05,1.15,3.05));
#5687=CARTESIAN_POINT('',(1.05,1.15,3.05));
#5688=CARTESIAN_POINT('',(1.05,1.15,3.05));
#5689=CARTESIAN_POINT('',(-0.45,1.15,3.05));
#5690=CARTESIAN_POINT('',(-0.45,1.15,2.65));
#5691=CARTESIAN_POINT('',(-0.45,4.9,1.1));
#5692=CARTESIAN_POINT('',(-0.45,3.75,0.6));
#5693=CARTESIAN_POINT('',(-0.45,3.75,0.6));
#5694=CARTESIAN_POINT('',(-0.45,1.15,2.65));
#5695=CARTESIAN_POINT('',(-0.45,3.2,2.25));
#5696=CARTESIAN_POINT('',(1.05,3.2,2.25));
#5697=CARTESIAN_POINT('',(1.05,3.2,2.25));
#5698=CARTESIAN_POINT('',(1.05,4.05869748825109,6.00000000000005));
#5699=CARTESIAN_POINT('',(1.05,1.15,2.65));
#5700=CARTESIAN_POINT('',(1.05,3.75,0.6));
#5701=CARTESIAN_POINT('',(1.05,3.75,0.6));
#5702=CARTESIAN_POINT('',(1.05,1.15,2.65));
#5703=CARTESIAN_POINT('',(1.05,3.75,0.6));
#5704=CARTESIAN_POINT('',(1.05,3.75,0.6));
#5705=CARTESIAN_POINT('',(1.05,4.89999999999999,1.09999999999999));
#5706=CARTESIAN_POINT('',(1.05,-2.35,-0.470000000000001));
#5707=CARTESIAN_POINT('',(1.05,-2.35,-0.470000000000001));
#5708=CARTESIAN_POINT('',(1.05,-3.7,-0.47));
#5709=CARTESIAN_POINT('',(1.05,-3.7,-1.37));
#5710=CARTESIAN_POINT('',(1.05,-3.7,-2.27));
#5711=CARTESIAN_POINT('',(1.05,-3.7,-2.27));
#5712=CARTESIAN_POINT('',(1.05,1.4,-2.27));
#5713=CARTESIAN_POINT('',(1.05,1.4,-2.27));
#5714=CARTESIAN_POINT('',(1.05,1.4,-1.57));
#5715=CARTESIAN_POINT('',(1.05,1.4,-1.57));
#5716=CARTESIAN_POINT('',(-1.75,0.,0.));
#5717=CARTESIAN_POINT('',(-1.75,-2.8,-1.37));
#5718=CARTESIAN_POINT('',(-1.75,-2.8,-0.770000000000001));
#5719=CARTESIAN_POINT('',(-1.75,1.4,-2.27));
#5720=CARTESIAN_POINT('',(-1.75,1.4,-2.27));
#5721=CARTESIAN_POINT('',(-1.75,1.4,-1.57));
#5722=CARTESIAN_POINT('',(-1.75,-3.7,-2.27));
#5723=CARTESIAN_POINT('',(-1.75,-3.7,-2.27));
#5724=CARTESIAN_POINT('',(-1.75,-3.7,-1.37));
#5725=CARTESIAN_POINT('',(-1.75,-3.7,-0.47));
#5726=CARTESIAN_POINT('',(-1.75,-2.35,-0.470000000000001));
#5727=CARTESIAN_POINT('',(-1.75,-2.35,-0.470000000000001));
#5728=CARTESIAN_POINT('',(-1.75,1.4,-1.57));
#5729=CARTESIAN_POINT('',(-0.45,1.4,-1.57));
#5730=CARTESIAN_POINT('',(-0.45,1.4,-1.57));
#5731=CARTESIAN_POINT('',(-0.45,-2.35,-0.470000000000001));
#5732=CARTESIAN_POINT('',(-0.45,1.4,-2.27));
#5733=CARTESIAN_POINT('',(-0.45,1.4,-2.27));
#5734=CARTESIAN_POINT('',(-0.45,-3.7,-2.27));
#5735=CARTESIAN_POINT('',(-0.45,-3.7,-2.27));
#5736=CARTESIAN_POINT('',(-0.45,-3.7,-1.37));
#5737=CARTESIAN_POINT('',(-0.45,-3.7,-0.47));
#5738=CARTESIAN_POINT('',(-0.45,-2.35,-0.470000000000001));
#5739=CARTESIAN_POINT('',(-0.7,5.2,-4.52));
#5740=CARTESIAN_POINT('',(-0.700000000000002,-5.2,-4.52));
#5741=CARTESIAN_POINT('',(-3.25,4.6,3.65));
#5742=CARTESIAN_POINT('',(-3.25,4.6,3.65));
#5743=CARTESIAN_POINT('',(-3.25,4.,3.65));
#5744=CARTESIAN_POINT('',(-3.25,4.6,3.65));
#5745=CARTESIAN_POINT('',(-3.25,4.7,0.95));
#5746=CARTESIAN_POINT('',(-3.25,4.7,0.95));
#5747=CARTESIAN_POINT('',(-3.25,4.1,0.95));
#5748=CARTESIAN_POINT('',(-3.25,4.7,0.95));
#5749=CARTESIAN_POINT('',(-3.25,-2.8,-1.37));
#5750=CARTESIAN_POINT('',(-3.25,-2.8,-1.37));
#5751=CARTESIAN_POINT('',(-3.25,-3.4,-1.37));
#5752=CARTESIAN_POINT('',(-3.25,-2.8,-1.37));
#5753=CARTESIAN_POINT('',(-3.25,-4.2,2.33));
#5754=CARTESIAN_POINT('',(-3.25,-4.2,2.33));
#5755=CARTESIAN_POINT('',(-3.25,-4.8,2.33));
#5756=CARTESIAN_POINT('',(-3.25,-4.2,2.33));
#5757=CARTESIAN_POINT('',(-3.25,-4.6,-3.37));
#5758=CARTESIAN_POINT('',(-3.25,-4.6,-3.37));
#5759=CARTESIAN_POINT('',(-3.25,-5.2,-3.37));
#5760=CARTESIAN_POINT('',(-3.25,-4.6,-3.37));
#5761=CARTESIAN_POINT('',(1.05,-2.28,-3.77));
#5762=CARTESIAN_POINT('',(1.05,-2.28,-3.77));
#5763=CARTESIAN_POINT('',(1.05,-2.28,-3.77));
#5764=CARTESIAN_POINT('',(1.05,-2.28,-3.77));
#5765=CARTESIAN_POINT('',(1.05,-2.28,-3.02));
#5766=CARTESIAN_POINT('',(1.05,-2.28,-3.02));
#5767=CARTESIAN_POINT('',(1.05,-2.28,-3.02));
#5768=CARTESIAN_POINT('',(1.05,-2.28,-3.02));
#5769=CARTESIAN_POINT('',(1.05,-3.6,-3.02));
#5770=CARTESIAN_POINT('',(1.05,-3.6,-3.02));
#5771=CARTESIAN_POINT('',(1.05,-3.6,-3.02));
#5772=CARTESIAN_POINT('',(1.05,-3.6,-3.02));
#5773=CARTESIAN_POINT('',(1.05,-3.6,-3.77));
#5774=CARTESIAN_POINT('',(1.05,-3.6,-3.77));
#5775=CARTESIAN_POINT('',(1.05,-3.6,-3.77));
#5776=CARTESIAN_POINT('',(1.05,-3.6,-3.77));
#5777=CARTESIAN_POINT('',(1.05,0.,0.));
#5778=CARTESIAN_POINT('',(0.,-1.38374561733647,6.72561423806434));
#5779=CARTESIAN_POINT('',(0.814407400182903,0.305591767369319,1.80559176736932));
#5780=CARTESIAN_POINT('',(0.945893450425105,-0.383113097947119,3.32409886224606));
#5781=CARTESIAN_POINT('',(1.02421607463899,-1.18111843411608,4.79289605080077));
#5782=CARTESIAN_POINT('',(1.03186197984517,-1.97545243396351,6.26398195639286));
#5783=CARTESIAN_POINT('',(-1.03186197984517,-1.9754524339635,6.26398195639286));
#5784=CARTESIAN_POINT('',(-1.0242161386469,-1.18112508390505,4.79290836603697));
#5785=CARTESIAN_POINT('',(-0.94588414859851,-0.383064376328207,3.32399143724049));
#5786=CARTESIAN_POINT('',(-0.814407400182903,0.305591767369319,1.80559176736932));
#5787=CARTESIAN_POINT('',(-1.13947900998993,-2.78200052077889,5.81159986193192));
#5788=CARTESIAN_POINT('',(-0.673064868566953,-2.41981380211932,6.0145582177093));
#5789=CARTESIAN_POINT('',(-1.03199237120767,-1.98981402171743,6.29057398061968));
#5790=CARTESIAN_POINT('',(-1.13269314676039,-2.31339387550731,5.10231370215587));
#5791=CARTESIAN_POINT('',(-0.755682096465473,-2.00831445100596,5.34270169186536));
#5792=CARTESIAN_POINT('',(-1.0285470857318,-1.58603038708263,5.5430728210989));
#5793=CARTESIAN_POINT('',(-1.0748538638687,-1.37292760658661,3.6885739422036));
#5794=CARTESIAN_POINT('',(-0.859392206872582,-1.16667954984346,3.95942209391932));
#5795=CARTESIAN_POINT('',(-0.985031397271037,-0.791207467345815,4.04031798785703));
#5796=CARTESIAN_POINT('',(-0.930960565275894,-0.403374401354442,2.30253020351927));
#5797=CARTESIAN_POINT('',(-0.839456609703928,-0.230813598562751,2.43481652958276));
#5798=CARTESIAN_POINT('',(-0.877757963064397,-0.0210523359356704,2.53196594978944));
#5799=CARTESIAN_POINT('',(-0.839178652857199,0.0608515099753419,1.61568644765577));
#5800=CARTESIAN_POINT('',(-0.791266915138165,0.19041562106048,1.68655932877089));
#5801=CARTESIAN_POINT('',(-0.810104511916155,0.327959904379396,1.75607244871248));
#5802=CARTESIAN_POINT('',(1.03199238654767,-1.98981581956259,6.2905773088658));
#5803=CARTESIAN_POINT('',(0.673064477117012,-2.41981575184937,6.01456140104082));
#5804=CARTESIAN_POINT('',(1.13947904020382,-2.78200260724821,5.81160302002594));
#5805=CARTESIAN_POINT('',(1.02854672226792,-1.58598130828822,5.54298200127906));
#5806=CARTESIAN_POINT('',(0.755691590347497,-2.00826771193464,5.34262538429299));
#5807=CARTESIAN_POINT('',(1.13269238930161,-2.31333694542971,5.10222750855482));
#5808=CARTESIAN_POINT('',(0.985000767966415,-0.791047791073888,4.03996763497962));
#5809=CARTESIAN_POINT('',(0.859369956270055,-1.16645343953245,3.95902582164889));
#5810=CARTESIAN_POINT('',(1.07481255820449,-1.37271655593738,3.68826254777556));
#5811=CARTESIAN_POINT('',(0.877809420024064,-0.0213154989278107,2.53255383399914));
#5812=CARTESIAN_POINT('',(0.839494690309823,-0.231139569123415,2.43539763711086));
#5813=CARTESIAN_POINT('',(0.931030363398798,-0.40372496197304,2.30305002030536));
#5814=CARTESIAN_POINT('',(0.810102676183609,0.327969374568063,1.75605139537666));
#5815=CARTESIAN_POINT('',(0.7912656383179,0.190426781735913,1.68653950329931));
#5816=CARTESIAN_POINT('',(0.83917616241501,0.0608641064088672,1.6156678106318));
#5817=CARTESIAN_POINT('',(-0.0500000000000001,4.6,3.65));
#5818=CARTESIAN_POINT('',(-0.0500000000000001,4.6,3.65));
#5819=CARTESIAN_POINT('',(-0.0500000000000001,5.2,3.65));
#5820=CARTESIAN_POINT('',(-0.0500000000000001,4.6,3.65));
#5821=CARTESIAN_POINT('',(-0.0500000000000001,-4.2,2.33));
#5822=CARTESIAN_POINT('',(-0.0500000000000001,-4.2,2.33));
#5823=CARTESIAN_POINT('',(-0.0500000000000001,-3.6,2.33));
#5824=CARTESIAN_POINT('',(-0.0500000000000001,-4.2,2.33));
#5825=CARTESIAN_POINT('',(-0.0500000000000001,-2.8,-1.37));
#5826=CARTESIAN_POINT('',(-0.0500000000000001,-2.8,-1.37));
#5827=CARTESIAN_POINT('',(-0.0500000000000001,-2.2,-1.37));
#5828=CARTESIAN_POINT('',(-0.0500000000000001,-2.8,-1.37));
#5829=CARTESIAN_POINT('',(-0.0500000000000001,-4.6,-3.37));
#5830=CARTESIAN_POINT('',(-0.0500000000000001,-4.6,-3.37));
#5831=CARTESIAN_POINT('',(-0.0500000000000001,-4.,-3.37));
#5832=CARTESIAN_POINT('',(-0.0500000000000001,-4.6,-3.37));
#5833=CARTESIAN_POINT('',(-0.0500000000000001,4.7,0.95));
#5834=CARTESIAN_POINT('',(-0.0500000000000001,4.7,0.95));
#5835=CARTESIAN_POINT('',(-0.0500000000000001,5.3,0.95));
#5836=CARTESIAN_POINT('',(-0.0500000000000001,4.7,0.95));
#5837=CARTESIAN_POINT('',(1.25,1.7,0.5));
#5838=CARTESIAN_POINT('',(1.5,1.7,0.75));
#5839=CARTESIAN_POINT('',(1.25,1.7,1.));
#5840=CARTESIAN_POINT('',(1.25,1.7,0.5));
#5841=CARTESIAN_POINT('',(1.25,1.7,4.));
#5842=CARTESIAN_POINT('',(1.25,1.7,4.));
#5843=CARTESIAN_POINT('',(1.25,1.7,4.));
#5844=CARTESIAN_POINT('',(1.25,1.7,4.));
#5845=CARTESIAN_POINT('',(1.25,3.1,4.));
#5846=CARTESIAN_POINT('',(1.25,3.1,4.));
#5847=CARTESIAN_POINT('',(1.25,3.1,4.));
#5848=CARTESIAN_POINT('',(1.25,3.1,4.));
#5849=CARTESIAN_POINT('',(1.25,3.1,1.));
#5850=CARTESIAN_POINT('',(-0.25,3.1,2.5));
#5851=CARTESIAN_POINT('',(1.25,0.,0.));
#5852=CARTESIAN_POINT('',(1.25,-1.54886024640786E-16,1.));
#5853=CARTESIAN_POINT('',(1.25,1.7,5.15));
#5854=CARTESIAN_POINT('',(1.59615384615385,1.7,5.38076923076923));
#5855=CARTESIAN_POINT('',(1.25,1.7,5.9));
#5856=CARTESIAN_POINT('',(1.25,1.7,5.15));
#5857=CARTESIAN_POINT('',(1.25,3.1,6.75));
#5858=CARTESIAN_POINT('',(1.25,3.1,6.75));
#5859=CARTESIAN_POINT('',(1.25,3.1,5.9));
#5860=CARTESIAN_POINT('',(0.857692307692308,3.1,6.48846153846154));
#5861=CARTESIAN_POINT('',(1.25,0.,0.));
#5862=CARTESIAN_POINT('',(1.25,0.,5.9));
#5863=CARTESIAN_POINT('',(1.75,3.1,0.500000000000001));
#5864=CARTESIAN_POINT('',(1.75,3.1,5.15));
#5865=CARTESIAN_POINT('',(0.,0.,0.));
#5866=CARTESIAN_POINT('',(0.4,0.862836037979686,-6.39878731889699));
#5867=CARTESIAN_POINT('',(1.3,-1.51642766196488,1.38343358413095));
#5868=CARTESIAN_POINT('',(0.3,-1.51642766196488,1.38343358413095));
#5869=CARTESIAN_POINT('',(0.4,-1.51642766196488,1.38343358413095));
#5870=CARTESIAN_POINT('',(0.3,-1.51642766196488,1.38343358413095));
#5871=CARTESIAN_POINT('',(0.3,-1.63337634385397,1.76595548651616));
#5872=CARTESIAN_POINT('',(0.4,-1.63337634385397,1.76595548651616));
#5873=CARTESIAN_POINT('',(0.4,-1.63337634385397,1.76595548651616));
#5874=CARTESIAN_POINT('',(0.4,0.862836037979686,-6.39878731889699));
#5875=CARTESIAN_POINT('',(0.4,0.862836037979686,-6.39878731889699));
#5876=CARTESIAN_POINT('',(0.4,-1.63337634385397,1.76595548651616));
#5877=CARTESIAN_POINT('',(-1.1,-1.63337634385397,1.76595548651616));
#5878=CARTESIAN_POINT('',(-1.3,-1.63337634385397,1.76595548651616));
#5879=CARTESIAN_POINT('',(-1.1,-1.51642766196488,1.38343358413095));
#5880=CARTESIAN_POINT('',(-1.1,-1.51642766196488,1.38343358413095));
#5881=CARTESIAN_POINT('',(1.3,-1.51642766196488,1.38343358413095));
#5882=CARTESIAN_POINT('',(-1.3,-1.51642766196488,1.38343358413095));
#5883=CARTESIAN_POINT('',(-1.3,0.862836037979686,-6.39878731889699));
#5884=CARTESIAN_POINT('',(1.3,1.75074711131022,2.80058585660375));
#5885=CARTESIAN_POINT('',(1.3,1.86769579319932,2.41806395421853));
#5886=CARTESIAN_POINT('',(1.3,1.86769579319932,2.41806395421853));
#5887=CARTESIAN_POINT('',(0.4,1.86769579319932,2.41806395421853));
#5888=CARTESIAN_POINT('',(0.4,4.24695949314388,-5.3641569488094));
#5889=CARTESIAN_POINT('',(0.4,1.75074711131022,2.80058585660375));
#5890=CARTESIAN_POINT('',(1.3,1.75074711131022,2.80058585660375));
#5891=CARTESIAN_POINT('',(1.3,1.75074711131022,2.80058585660375));
#5892=CARTESIAN_POINT('',(1.3,1.75074711131022,2.80058585660375));
#5893=CARTESIAN_POINT('',(1.3,1.86769579319932,2.41806395421853));
#5894=CARTESIAN_POINT('',(0.4,1.86769579319932,2.41806395421853));
#5895=CARTESIAN_POINT('',(1.3,1.86769579319932,2.41806395421853));
#5896=CARTESIAN_POINT('',(1.3,-3.10508893780847,0.8977310896603));
#5897=CARTESIAN_POINT('',(1.3,-3.10508893780847,0.897731089660301));
#5898=CARTESIAN_POINT('',(-1.3,-3.10508893780847,0.897731089660301));
#5899=CARTESIAN_POINT('',(-1.3,1.86769579319932,2.41806395421853));
#5900=CARTESIAN_POINT('',(0.3,-1.51642766196488,1.38343358413095));
#5901=CARTESIAN_POINT('',(1.3,1.75074711131022,2.80058585660375));
#5902=CARTESIAN_POINT('',(0.4,1.75074711131022,2.80058585660375));
#5903=CARTESIAN_POINT('',(-1.1,-1.63337634385397,1.76595548651616));
#5904=CARTESIAN_POINT('',(-1.3,1.75074711131022,2.80058585660375));
#5905=CARTESIAN_POINT('',(-1.3,-3.22203761969756,1.28025299204551));
#5906=CARTESIAN_POINT('',(1.3,-3.22203761969756,1.28025299204551));
#5907=CARTESIAN_POINT('',(1.3,-3.22203761969756,1.28025299204551));
#5908=CARTESIAN_POINT('',(1.3,1.75074711131022,2.80058585660375));
#5909=CARTESIAN_POINT('',(1.3,-2.830625,-1.33875));
#5910=CARTESIAN_POINT('',(1.3,-2.830625,4.58068738220731E-16));
#5911=CARTESIAN_POINT('',(1.3,-2.830625,-1.33875));
#5912=CARTESIAN_POINT('',(1.3,-2.830625,-1.33875));
#5913=CARTESIAN_POINT('',(1.3,2.830625,-1.33875));
#5914=CARTESIAN_POINT('',(1.3,2.830625,-1.33875));
#5915=CARTESIAN_POINT('',(1.3,2.830625,-0.93875));
#5916=CARTESIAN_POINT('',(1.3,-2.830625,-0.93875));
#5917=CARTESIAN_POINT('',(1.3,-2.830625,-0.93875));
#5918=CARTESIAN_POINT('',(1.3,-2.830625,4.58068738220731E-16));
#5919=CARTESIAN_POINT('',(1.3,2.830625,-1.33875));
#5920=CARTESIAN_POINT('',(-1.3,2.830625,-1.33875));
#5921=CARTESIAN_POINT('',(-1.3,2.830625,-1.33875));
#5922=CARTESIAN_POINT('',(-1.3,2.830625,-0.93875));
#5923=CARTESIAN_POINT('',(1.3,2.830625,-0.93875));
#5924=CARTESIAN_POINT('',(1.3,2.830625,-1.33875));
#5925=CARTESIAN_POINT('',(-1.3,1.75074711131022,2.80058585660375));
#5926=CARTESIAN_POINT('',(-1.3,-2.830625,4.58068738220731E-16));
#5927=CARTESIAN_POINT('',(-1.3,-2.830625,-0.93875));
#5928=CARTESIAN_POINT('',(-1.3,-2.830625,-0.93875));
#5929=CARTESIAN_POINT('',(-1.3,-2.830625,-1.33875));
#5930=CARTESIAN_POINT('',(-1.3,-2.830625,-1.33875));
#5931=CARTESIAN_POINT('',(-1.3,-2.830625,4.58068738220731E-16));
#5932=CARTESIAN_POINT('',(1.3,-2.830625,4.58068738220731E-16));
#5933=CARTESIAN_POINT('',(1.3,-2.830625,-0.93875));
#5934=CARTESIAN_POINT('',(1.3,-2.830625,-0.93875));
#5935=CARTESIAN_POINT('',(1.3,-2.830625,4.58068738220731E-16));
#5936=CARTESIAN_POINT('',(1.3,-2.830625,-1.33875));
#5937=CARTESIAN_POINT('',(1.3,-2.830625,-1.33875));
#5938=CARTESIAN_POINT('',(0.4,4.24695949314388,-5.3641569488094));
#5939=CARTESIAN_POINT('',(-0.799999999999999,-2.78665807822531,7.24832187715127));
#5940=CARTESIAN_POINT('',(-0.799999999999999,-2.78665807822531,7.24832187715127));
#5941=CARTESIAN_POINT('',(-0.599999999999999,-2.78665807822531,7.24832187715127));
#5942=CARTESIAN_POINT('',(-0.2,-2.78665807822531,7.24832187715127));
#5943=CARTESIAN_POINT('',(-0.199999999999999,-2.78665807822531,7.24832187715127));
#5944=CARTESIAN_POINT('',(-0.199999999999999,-2.40413617584009,7.36527055904035));
#5945=CARTESIAN_POINT('',(-0.799999999999999,-2.40413617584009,7.36527055904035));
#5946=CARTESIAN_POINT('',(-0.599999999999999,-2.40413617584009,7.36527055904035));
#5947=CARTESIAN_POINT('',(-0.599999999999999,-2.78665807822531,7.24832187715127));
#5948=CARTESIAN_POINT('',(-0.799999999999999,-2.4095463501867,6.01484499403487));
#5949=CARTESIAN_POINT('',(6.50521303491303E-16,-2.4095463501867,6.01484499403487));
#5950=CARTESIAN_POINT('',(6.50521303491303E-16,-2.4095463501867,6.01484499403487));
#5951=CARTESIAN_POINT('',(7.52429791230143E-16,-2.59661647015557,6.62672378577529));
#5952=CARTESIAN_POINT('',(-0.199999999999999,-2.78665807822531,7.24832187715127));
#5953=CARTESIAN_POINT('',(-0.799999999999999,-2.59661647015557,6.62672378577529));
#5954=CARTESIAN_POINT('',(-0.799999999999999,-2.59661647015557,6.62672378577529));
#5955=CARTESIAN_POINT('',(-0.799999999999999,-2.4095463501867,6.01484499403487));
#5956=CARTESIAN_POINT('',(-0.799999999999999,-2.4095463501867,6.01484499403487));
#5957=CARTESIAN_POINT('',(-0.799999999999999,-2.4095463501867,6.01484499403487));
#5958=CARTESIAN_POINT('',(-0.799999999999999,-2.01746140024186,6.13471739297119));
#5959=CARTESIAN_POINT('',(5.42101086242752E-16,-2.01746140024186,6.13471739297119));
#5960=CARTESIAN_POINT('',(4.33680868994202E-16,-2.19020291103915,5.76288359885414));
#5961=CARTESIAN_POINT('',(-0.799999999999999,-2.01746140024186,6.13471739297119));
#5962=CARTESIAN_POINT('',(-0.799999999999999,-2.19020291103915,5.76288359885414));
#5963=CARTESIAN_POINT('',(-0.799999999999999,-2.19020291103915,5.76288359885414));
#5964=CARTESIAN_POINT('',(-0.799999999999999,-2.36294442183643,5.3910498047371));
#5965=CARTESIAN_POINT('',(4.33680868994202E-16,-2.36294442183643,5.3910498047371));
#5966=CARTESIAN_POINT('',(4.33680868994202E-16,-2.0118084001047,5.17938144564105));
#5967=CARTESIAN_POINT('',(-0.799999999999999,-2.36294442183643,5.3910498047371));
#5968=CARTESIAN_POINT('',(-0.799999999999999,-2.0118084001047,5.17938144564105));
#5969=CARTESIAN_POINT('',(-0.799999999999999,-2.0118084001047,5.17938144564105));
#5970=CARTESIAN_POINT('',(-0.799999999999999,-1.66067237837298,4.96771308654499));
#5971=CARTESIAN_POINT('',(4.33680868994202E-16,-1.66067237837298,4.96771308654499));
#5972=CARTESIAN_POINT('',(4.33680868994202E-16,-2.05275732831783,4.84784068760867));
#5973=CARTESIAN_POINT('',(-0.799999999999999,-1.66067237837298,4.96771308654499));
#5974=CARTESIAN_POINT('',(-0.799999999999999,-2.05275732831783,4.84784068760867));
#5975=CARTESIAN_POINT('',(-0.799999999999999,-2.05275732831783,4.84784068760867));
#5976=CARTESIAN_POINT('',(-0.799999999999999,-1.66067237837298,4.96771308654499));
#5977=CARTESIAN_POINT('',(2.16840434497101E-16,-1.66067237837298,4.96771308654499));
#5978=CARTESIAN_POINT('',(4.33680868994202E-16,-1.67023542593261,4.96478936949777));
#5979=CARTESIAN_POINT('',(2.16840434497101E-16,-1.66923667158595,4.97287572944977));
#5980=CARTESIAN_POINT('',(-0.8,-1.67023542593261,4.96478936949777));
#5981=CARTESIAN_POINT('',(-0.799999999999999,-1.67023542593261,4.96478936949776));
#5982=CARTESIAN_POINT('',(-0.799999999999999,-1.66067237837298,4.96771308654499));
#5983=CARTESIAN_POINT('',(-0.799999999999999,-1.66923667158594,4.97287572944978));
#5984=CARTESIAN_POINT('',(-0.799999999999999,-1.66923667158595,4.97287572944977));
#5985=CARTESIAN_POINT('',(-0.799999999999999,-2.36294442183643,5.3910498047371));
#5986=CARTESIAN_POINT('',(2.16840434497101E-16,-2.36294442183643,5.3910498047371));
#5987=CARTESIAN_POINT('',(2.16840434497101E-16,-2.02167460782228,6.1256482760415));
#5988=CARTESIAN_POINT('',(-0.799999999999999,-2.36294442183643,5.3910498047371));
#5989=CARTESIAN_POINT('',(-0.799999999999999,-2.02167460782228,6.12564827604151));
#5990=CARTESIAN_POINT('',(-0.799999999999999,-2.02167460782228,6.1256482760415));
#5991=CARTESIAN_POINT('',(-0.799999999999999,-2.01746140024186,6.13471739297119));
#5992=CARTESIAN_POINT('',(2.16840434497101E-16,-2.01746140024186,6.13471739297119));
#5993=CARTESIAN_POINT('',(4.33680868994202E-16,-2.02702444780149,6.13179367592396));
#5994=CARTESIAN_POINT('',(-0.799999999999999,-2.01746140024186,6.13471739297119));
#5995=CARTESIAN_POINT('',(-0.799999999999999,-2.02702444780148,6.13179367592394));
#5996=CARTESIAN_POINT('',(-0.799999999999999,-2.02702444780149,6.13179367592396));
#5997=CARTESIAN_POINT('',(-0.799999999999999,-2.02702444780148,6.13179367592394));
#5998=CARTESIAN_POINT('',(0.11065677644107,-2.10894760907697,6.39975226249643));
#5999=CARTESIAN_POINT('',(1.0842021724855E-15,-2.21409456777035,6.74367246766436));
#6000=CARTESIAN_POINT('',(1.0842021724855E-15,-2.02702444780148,6.13179367592394));
#6001=CARTESIAN_POINT('',(-0.799999999999999,-2.02702444780148,6.13179367592394));
#6002=CARTESIAN_POINT('',(-0.799999999999999,-2.21409456777035,6.74367246766437));
#6003=CARTESIAN_POINT('',(-0.979845965630257,-2.04320348520419,6.18471292277717));
#6004=CARTESIAN_POINT('',(-0.799999999999999,-2.4095463501867,6.01484499403487));
#6005=CARTESIAN_POINT('',(-0.799999999999999,-2.59661647015557,6.62672378577529));
#6006=CARTESIAN_POINT('',(-0.8,-0.91888791584861,2.50724239874815));
#6007=CARTESIAN_POINT('',(-0.8,-0.918887915848608,2.50724239874815));
#6008=CARTESIAN_POINT('',(-0.8,-1.77956219621534,2.24410786449768));
#6009=CARTESIAN_POINT('',(-0.8,-1.15214329230619,1.59885944798087));
#6010=CARTESIAN_POINT('',(-0.8,-1.15214329230619,1.59885944798087));
#6011=CARTESIAN_POINT('',(-0.8,-1.43099613848804,1.88563652198834));
#6012=CARTESIAN_POINT('',(-0.8,-1.77956219621534,2.24410786449768));
#6013=CARTESIAN_POINT('',(-0.8,-1.30140981823382,2.39029371685905));
#6014=CARTESIAN_POINT('',(-0.8,-1.30140981823382,2.39029371685905));
#6015=CARTESIAN_POINT('',(-0.8,-1.30140981823382,2.39029371685905));
#6016=CARTESIAN_POINT('',(0.,-1.30140981823382,2.39029371685905));
#6017=CARTESIAN_POINT('',(-2.13234210744568E-16,-1.30140981823382,2.39029371685904));
#6018=CARTESIAN_POINT('',(-0.8,-1.30140981823382,2.39029371685905));
#6019=CARTESIAN_POINT('',(0.,-1.77956219621534,2.24410786449768));
#6020=CARTESIAN_POINT('',(7.05577947074469E-16,-3.07476884813685,6.48053793341402));
#6021=CARTESIAN_POINT('',(-1.0842021724855E-15,-1.77956219621534,2.24410786449768));
#6022=CARTESIAN_POINT('',(-4.84078090573675E-16,-1.43099613848804,1.88563652198834));
#6023=CARTESIAN_POINT('',(-4.84078090573675E-16,-1.43099613848804,1.88563652198834));
#6024=CARTESIAN_POINT('',(-4.33680868994202E-16,-1.15214329230619,1.59885944798087));
#6025=CARTESIAN_POINT('',(-6.50521303491303E-16,-1.77956219621534,2.24410786449768));
#6026=CARTESIAN_POINT('',(-4.33680868994202E-16,-0.918887915848607,2.50724239874814));
#6027=CARTESIAN_POINT('',(0.,-0.91888791584861,2.50724239874815));
#6028=CARTESIAN_POINT('',(-0.8,-0.91888791584861,2.50724239874815));
#6029=CARTESIAN_POINT('',(-0.8,-0.918887915848607,2.50724239874814));
#6030=CARTESIAN_POINT('',(0.3,-1.51642766196488,1.38343358413095));
#6031=CARTESIAN_POINT('',(0.260730091830127,-1.51642766196488,1.38343358413095));
#6032=CARTESIAN_POINT('',(0.221475634692216,-1.50573338465922,1.3865090272832));
#6033=CARTESIAN_POINT('',(0.14891430588873,-1.46528126758666,1.40049333076195));
#6034=CARTESIAN_POINT('',(0.115635984007526,-1.43553907075591,1.4115144805043));
#6035=CARTESIAN_POINT('',(0.060099947280546,-1.3638428311159,1.44489508719633));
#6036=CARTESIAN_POINT('',(0.0378640834937219,-1.32197328832806,1.46739574563414));
#6037=CARTESIAN_POINT('',(0.00780819699950528,-1.23609617703814,1.52486241945778));
#6038=CARTESIAN_POINT('',(-1.70323543677078E-16,-1.19225184642894,1.55985917394546));
#6039=CARTESIAN_POINT('',(-1.34083085742473E-16,-1.15214329230619,1.59885944798087));
#6040=CARTESIAN_POINT('',(0.3,-1.63337634385397,1.76595548651616));
#6041=CARTESIAN_POINT('',(0.260730091830127,-1.63337634385397,1.76595548651616));
#6042=CARTESIAN_POINT('',(0.221475634692216,-1.62743507868416,1.76766406604519));
#6043=CARTESIAN_POINT('',(0.14891430588873,-1.60496168031052,1.77543312353338));
#6044=CARTESIAN_POINT('',(0.115635984007526,-1.58843823762677,1.78155598450136));
#6045=CARTESIAN_POINT('',(0.060099947280546,-1.54860699338232,1.80010076599693));
#6046=CARTESIAN_POINT('',(0.0378640834937218,-1.52534613627796,1.81260113179571));
#6047=CARTESIAN_POINT('',(0.00780819699950517,-1.47763663000578,1.84452706169773));
#6048=CARTESIAN_POINT('',(-2.50590199927076E-16,-1.45327866855623,1.86396970307978));
#6049=CARTESIAN_POINT('',(-2.30456612185629E-16,-1.43099613848804,1.88563652198834));
#6050=CARTESIAN_POINT('',(0.3,-1.63337634385397,1.76595548651616));
#6051=CARTESIAN_POINT('',(0.14292036732051,-1.63337634385397,1.76595548651616));
#6052=CARTESIAN_POINT('',(-3.47740998366328E-16,-1.52009194039862,1.79900261643084));
#6053=CARTESIAN_POINT('',(-2.67237656076575E-16,-1.43099613848804,1.88563652198834));
#6054=CARTESIAN_POINT('',(0.3,-1.51642766196488,1.38343358413095));
#6055=CARTESIAN_POINT('',(0.14292036732051,-1.51642766196488,1.38343358413095));
#6056=CARTESIAN_POINT('',(-2.78989101864029E-16,-1.31251573574525,1.44291841797736));
#6057=CARTESIAN_POINT('',(-1.34083085742473E-16,-1.1521432923062,1.59885944798087));
#6058=CARTESIAN_POINT('',(-0.8,-1.15214329230619,1.59885944798087));
#6059=CARTESIAN_POINT('',(-0.8,-1.19225184642894,1.55985917394546));
#6060=CARTESIAN_POINT('',(-0.807808196999505,-1.23609617703814,1.52486241945778));
#6061=CARTESIAN_POINT('',(-0.837864083493722,-1.32197328832806,1.46739574563414));
#6062=CARTESIAN_POINT('',(-0.860099947280546,-1.3638428311159,1.44489508719633));
#6063=CARTESIAN_POINT('',(-0.915635984007525,-1.43553907075591,1.4115144805043));
#6064=CARTESIAN_POINT('',(-0.94891430588873,-1.46528126758666,1.40049333076195));
#6065=CARTESIAN_POINT('',(-1.02147563469222,-1.50573338465922,1.3865090272832));
#6066=CARTESIAN_POINT('',(-1.06073009183013,-1.51642766196488,1.38343358413095));
#6067=CARTESIAN_POINT('',(-1.1,-1.51642766196488,1.38343358413095));
#6068=CARTESIAN_POINT('',(-0.8,-1.43099613848804,1.88563652198834));
#6069=CARTESIAN_POINT('',(-0.8,-1.45327866855623,1.86396970307978));
#6070=CARTESIAN_POINT('',(-0.807808196999505,-1.47763663000578,1.84452706169773));
#6071=CARTESIAN_POINT('',(-0.837864083493722,-1.52534613627796,1.81260113179571));
#6072=CARTESIAN_POINT('',(-0.860099947280546,-1.54860699338232,1.80010076599693));
#6073=CARTESIAN_POINT('',(-0.915635984007525,-1.58843823762677,1.78155598450136));
#6074=CARTESIAN_POINT('',(-0.94891430588873,-1.60496168031051,1.77543312353338));
#6075=CARTESIAN_POINT('',(-1.02147563469222,-1.62743507868416,1.76766406604519));
#6076=CARTESIAN_POINT('',(-1.06073009183013,-1.63337634385397,1.76595548651616));
#6077=CARTESIAN_POINT('',(-1.1,-1.63337634385397,1.76595548651616));
#6078=CARTESIAN_POINT('',(-0.8,-1.43099613848804,1.88563652198834));
#6079=CARTESIAN_POINT('',(-0.8,-1.52009194039862,1.79900261643084));
#6080=CARTESIAN_POINT('',(-0.94292036732051,-1.63337634385397,1.76595548651616));
#6081=CARTESIAN_POINT('',(-1.1,-1.63337634385397,1.76595548651616));
#6082=CARTESIAN_POINT('',(-0.8,-1.15214329230619,1.59885944798087));
#6083=CARTESIAN_POINT('',(-0.8,-1.31251573574525,1.44291841797737));
#6084=CARTESIAN_POINT('',(-0.94292036732051,-1.51642766196488,1.38343358413095));
#6085=CARTESIAN_POINT('',(-1.1,-1.51642766196488,1.38343358413095));
#6086=CARTESIAN_POINT('',(-1.1,-1.77956219621534,2.24410786449768));
#6087=CARTESIAN_POINT('',(-1.1,-1.77956219621534,2.24410786449768));
#6088=CARTESIAN_POINT('',(-0.199999999999999,-2.78665807822531,7.24832187715127));
#6089=CARTESIAN_POINT('',(-0.799999999999999,-2.59661647015557,6.62672378577529));
#6090=CARTESIAN_POINT('',(-0.25,-1.05430985015213,-0.503655343319202));
#6091=CARTESIAN_POINT('',(1.3,1.4,2.675));
#6092=CARTESIAN_POINT('',(1.3,1.4,2.675));
#6093=CARTESIAN_POINT('',(0.958839764740307,1.4,2.675));
#6094=CARTESIAN_POINT('',(-1.3,1.4,2.675));
#6095=CARTESIAN_POINT('',(0.958839764740308,1.4,2.675));
#6096=CARTESIAN_POINT('',(0.958839764740308,1.4,2.025));
#6097=CARTESIAN_POINT('',(1.43646409410388,1.4,2.025));
#6098=CARTESIAN_POINT('',(1.3,1.4,1.68958980337503));
#6099=CARTESIAN_POINT('',(1.3,1.4,2.675));
#6100=CARTESIAN_POINT('',(1.3,1.4,-2.675));
#6101=CARTESIAN_POINT('',(1.3,1.4,-2.675));
#6102=CARTESIAN_POINT('',(0.0999999999999998,1.4,-2.675));
#6103=CARTESIAN_POINT('',(0.0999999999999998,1.4,-2.675));
#6104=CARTESIAN_POINT('',(0.0999999999999998,1.4,-0.125));
#6105=CARTESIAN_POINT('',(0.0999999999999998,1.4,-0.125));
#6106=CARTESIAN_POINT('',(-1.3,1.4,-0.125));
#6107=CARTESIAN_POINT('',(-1.3,1.4,2.675));
#6108=CARTESIAN_POINT('',(-1.3,0.,0.));
#6109=CARTESIAN_POINT('',(-1.3,-0.25,1.525));
#6110=CARTESIAN_POINT('',(-1.3,-1.4,1.525));
#6111=CARTESIAN_POINT('',(-1.3,-1.38778311519455,1.6921812871651));
#6112=CARTESIAN_POINT('',(-1.3,-1.54696133211187,2.025));
#6113=CARTESIAN_POINT('',(-1.3,-1.03259666972033,2.025));
#6114=CARTESIAN_POINT('',(-1.3,-1.03259666972033,0.));
#6115=CARTESIAN_POINT('',(-1.3,-1.03259666972033,2.36764016789057));
#6116=CARTESIAN_POINT('',(-1.3,-0.25,1.525));
#6117=CARTESIAN_POINT('',(-1.3,-0.25,2.675));
#6118=CARTESIAN_POINT('',(-1.3,-1.4,2.675));
#6119=CARTESIAN_POINT('',(-1.3,1.4,-0.125));
#6120=CARTESIAN_POINT('',(-1.3,-0.6,-0.925));
#6121=CARTESIAN_POINT('',(-1.3,-0.6,-3.125));
#6122=CARTESIAN_POINT('',(-1.3,-0.6,1.525));
#6123=CARTESIAN_POINT('',(-1.3,-0.6,1.525));
#6124=CARTESIAN_POINT('',(1.3,-1.4,2.675));
#6125=CARTESIAN_POINT('',(1.3,-0.25,2.675));
#6126=CARTESIAN_POINT('',(-0.57330309240255,-0.25,2.675));
#6127=CARTESIAN_POINT('',(-1.66052335138289,-1.42085258659422,2.675));
#6128=CARTESIAN_POINT('',(1.3,-1.4,2.675));
#6129=CARTESIAN_POINT('',(1.3,-1.4,2.675));
#6130=CARTESIAN_POINT('',(1.3,-0.25,2.675));
#6131=CARTESIAN_POINT('',(1.3,1.03259666972033,2.675));
#6132=CARTESIAN_POINT('',(1.66052335138289,1.42085258659422,2.675));
#6133=CARTESIAN_POINT('',(0.109017378116835,-0.25,2.675));
#6134=CARTESIAN_POINT('',(1.3,-0.25,2.675));
#6135=CARTESIAN_POINT('',(1.3,0.,0.));
#6136=CARTESIAN_POINT('',(1.3,1.03259666972033,0.));
#6137=CARTESIAN_POINT('',(1.3,1.03259666972033,1.9622281323269));
#6138=CARTESIAN_POINT('',(1.3,-0.25,1.525));
#6139=CARTESIAN_POINT('',(1.3,-1.4,1.525));
#6140=CARTESIAN_POINT('',(1.3,-0.6,1.525));
#6141=CARTESIAN_POINT('',(1.3,-0.6,1.525));
#6142=CARTESIAN_POINT('',(1.3,-0.6,-3.125));
#6143=CARTESIAN_POINT('',(1.3,-0.6,-3.125));
#6144=CARTESIAN_POINT('',(1.3,-0.975,-3.125));
#6145=CARTESIAN_POINT('',(1.3,-0.975,-3.125));
#6146=CARTESIAN_POINT('',(1.3,-0.975,-4.675));
#6147=CARTESIAN_POINT('',(1.3,-0.975,-4.675));
#6148=CARTESIAN_POINT('',(1.3,1.96086901652264,-3.525));
#6149=CARTESIAN_POINT('',(1.3,1.96086901652264,-3.525));
#6150=CARTESIAN_POINT('',(1.3,1.775,-2.675));
#6151=CARTESIAN_POINT('',(1.3,1.775,-2.675));
#6152=CARTESIAN_POINT('',(1.3,1.4,-2.675));
#6153=CARTESIAN_POINT('',(1.3,1.25303866788813,2.025));
#6154=CARTESIAN_POINT('',(1.3,1.25303866788813,1.675));
#6155=CARTESIAN_POINT('',(1.3,1.54696133211187,1.9622281323269));
#6156=CARTESIAN_POINT('',(1.3,-0.25,1.525));
#6157=CARTESIAN_POINT('',(-0.573303092402549,-0.25,1.525));
#6158=CARTESIAN_POINT('',(1.3,-0.25,1.525));
#6159=CARTESIAN_POINT('',(0.109017378116835,-0.25,1.525));
#6160=CARTESIAN_POINT('',(-0.878648995599786,-1.31364071015636,1.9622281323269));
#6161=CARTESIAN_POINT('',(-0.878648995599786,-1.31364071015636,1.9622281323269));
#6162=CARTESIAN_POINT('',(-0.925337057355066,-1.36392016127743,1.83991379081353));
#6163=CARTESIAN_POINT('',(-1.02856066317169,-1.38222290034829,1.73544848858939));
#6164=CARTESIAN_POINT('',(-1.15441308634532,-1.39017542509914,1.675));
#6165=CARTESIAN_POINT('',(-1.15441308634532,-1.39017542509914,1.675));
#6166=CARTESIAN_POINT('',(-1.15441308634532,-1.39017542509914,1.675));
#6167=CARTESIAN_POINT('',(-1.20363103838784,-1.39017542509914,1.675));
#6168=CARTESIAN_POINT('',(-1.25220100274714,-1.38951439678192,1.68039873068913));
#6169=CARTESIAN_POINT('',(-1.3,-1.38778311519455,1.6921812871651));
#6170=CARTESIAN_POINT('',(1.3,-1.4,1.525));
#6171=CARTESIAN_POINT('',(1.3,-0.6,-3.125));
#6172=CARTESIAN_POINT('',(0.0999999999999998,-0.6,-0.925000000000001));
#6173=CARTESIAN_POINT('',(0.0999999999999998,-0.6,-0.925000000000001));
#6174=CARTESIAN_POINT('',(0.0999999999999998,-0.6,-0.925000000000001));
#6175=CARTESIAN_POINT('',(0.0999999999999998,-0.6,-3.125));
#6176=CARTESIAN_POINT('',(1.3,-0.6,-3.125));
#6177=CARTESIAN_POINT('',(1.3,-0.6,1.525));
#6178=CARTESIAN_POINT('',(1.3,1.4,-2.675));
#6179=CARTESIAN_POINT('',(0.0999999999999998,1.775,-2.675));
#6180=CARTESIAN_POINT('',(0.0999999999999998,1.775,-2.675));
#6181=CARTESIAN_POINT('',(1.3,1.775,-2.675));
#6182=CARTESIAN_POINT('',(1.3,1.775,-2.675));
#6183=CARTESIAN_POINT('',(0.0999999999999998,1.96086901652264,-3.525));
#6184=CARTESIAN_POINT('',(0.0999999999999998,1.96086901652264,-3.525));
#6185=CARTESIAN_POINT('',(1.3,1.96086901652264,-3.525));
#6186=CARTESIAN_POINT('',(1.3,1.96086901652264,-3.525));
#6187=CARTESIAN_POINT('',(0.0999999999999998,-0.975,-4.675));
#6188=CARTESIAN_POINT('',(0.0999999999999998,-0.975,-4.675));
#6189=CARTESIAN_POINT('',(1.3,-0.975,-4.675));
#6190=CARTESIAN_POINT('',(1.3,-0.975,-4.675));
#6191=CARTESIAN_POINT('',(0.0999999999999998,-0.975,-3.125));
#6192=CARTESIAN_POINT('',(0.0999999999999998,-0.975,-3.125));
#6193=CARTESIAN_POINT('',(1.3,-0.975,-3.125));
#6194=CARTESIAN_POINT('',(1.3,-0.975,-3.125));
#6195=CARTESIAN_POINT('',(0.0999999999999998,-0.6,-3.125));
#6196=CARTESIAN_POINT('',(1.3,-0.6,1.525));
#6197=CARTESIAN_POINT('',(0.0999999999999998,1.4,-0.125));
#6198=CARTESIAN_POINT('',(0.0999999999999998,1.4,-0.125));
#6199=CARTESIAN_POINT('',(0.0999999999999998,0.,0.));
#6200=CARTESIAN_POINT('',(1.66052335138289,1.42085258659422,1.675));
#6201=CARTESIAN_POINT('',(-0.949716945189507,-1.39017542509914,1.9622281323269));
#6202=CARTESIAN_POINT('',(-1.66052335138289,-1.42085258659422,1.675));
#6203=CARTESIAN_POINT('',(-1.66052335138289,-1.42085258659422,2.025));
#6204=CARTESIAN_POINT('',(-1.40404562931369,-1.65901047137277,2.025));
#6205=CARTESIAN_POINT('',(0.0732793491626301,-0.068045109936728,1.675));
#6206=CARTESIAN_POINT('',(-0.07327934916263,0.0680451099367279,1.9622281323269));
#6207=CARTESIAN_POINT('',(-0.25,2.6,5.375));
#6208=CARTESIAN_POINT('',(0.,0.,0.));
#6209=CARTESIAN_POINT('',(0.,0.,0.));
#6210=CARTESIAN_POINT('',(1.3,3.32890949401833,3.28419455034121));
#6211=CARTESIAN_POINT('',(1.3,3.44585817590742,2.901672647956));
#6212=CARTESIAN_POINT('',(1.3,3.44585817590742,2.901672647956));
#6213=CARTESIAN_POINT('',(0.3,3.44585817590742,2.901672647956));
#6214=CARTESIAN_POINT('',(0.3,3.44585817590742,2.901672647956));
#6215=CARTESIAN_POINT('',(0.3,3.32890949401833,3.28419455034122));
#6216=CARTESIAN_POINT('',(1.3,3.32890949401833,3.28419455034121));
#6217=CARTESIAN_POINT('',(1.3,3.32890949401833,3.28419455034121));
#6218=CARTESIAN_POINT('',(1.3,3.32890949401833,3.28419455034121));
#6219=CARTESIAN_POINT('',(1.3,3.32890949401833,3.28419455034121));
#6220=CARTESIAN_POINT('',(1.3,3.32890949401833,3.28419455034121));
#6221=CARTESIAN_POINT('',(-1.1,3.32890949401833,3.28419455034121));
#6222=CARTESIAN_POINT('',(-1.3,3.32890949401833,3.28419455034121));
#6223=CARTESIAN_POINT('',(-1.1,3.44585817590742,2.901672647956));
#6224=CARTESIAN_POINT('',(-1.1,3.44585817590742,2.901672647956));
#6225=CARTESIAN_POINT('',(1.3,3.44585817590742,2.901672647956));
#6226=CARTESIAN_POINT('',(-1.3,3.44585817590742,2.901672647956));
#6227=CARTESIAN_POINT('',(-1.3,3.32890949401833,3.28419455034121));
#6228=CARTESIAN_POINT('',(1.3,-2.83,-1.34));
#6229=CARTESIAN_POINT('',(1.3,-2.83,4.58030468008258E-16));
#6230=CARTESIAN_POINT('',(1.3,-3.22177808432847,1.28144837299047));
#6231=CARTESIAN_POINT('',(1.3,-2.83,-1.34));
#6232=CARTESIAN_POINT('',(1.3,-2.83,-1.34));
#6233=CARTESIAN_POINT('',(1.3,2.83,-1.34));
#6234=CARTESIAN_POINT('',(1.3,2.83,-1.34));
#6235=CARTESIAN_POINT('',(1.3,2.83,-0.94));
#6236=CARTESIAN_POINT('',(1.3,-2.83,-0.94));
#6237=CARTESIAN_POINT('',(1.3,-2.83,-0.94));
#6238=CARTESIAN_POINT('',(1.3,-2.83,4.58030468008258E-16));
#6239=CARTESIAN_POINT('',(1.3,-3.10482940243937,0.898926470605254));
#6240=CARTESIAN_POINT('',(1.3,3.44585817590742,2.901672647956));
#6241=CARTESIAN_POINT('',(1.3,3.32890949401833,3.28419455034121));
#6242=CARTESIAN_POINT('',(1.3,2.83,-1.34));
#6243=CARTESIAN_POINT('',(1.3,2.83,-1.34));
#6244=CARTESIAN_POINT('',(-1.3,2.83,-1.34));
#6245=CARTESIAN_POINT('',(-1.3,2.83,-1.34));
#6246=CARTESIAN_POINT('',(-1.3,2.83,-0.94));
#6247=CARTESIAN_POINT('',(1.3,2.83,-0.94));
#6248=CARTESIAN_POINT('',(-1.3,3.32890949401833,3.28419455034121));
#6249=CARTESIAN_POINT('',(-1.3,3.44585817590742,2.901672647956));
#6250=CARTESIAN_POINT('',(-1.3,-3.10482940243938,0.898926470605254));
#6251=CARTESIAN_POINT('',(-1.3,-2.83,4.58030468008258E-16));
#6252=CARTESIAN_POINT('',(-1.3,-2.83,-0.94));
#6253=CARTESIAN_POINT('',(-1.3,-2.83,-0.94));
#6254=CARTESIAN_POINT('',(-1.3,-2.83,-1.34));
#6255=CARTESIAN_POINT('',(-1.3,-2.83,-1.34));
#6256=CARTESIAN_POINT('',(-1.3,-2.83,4.58030468008258E-16));
#6257=CARTESIAN_POINT('',(-1.3,-3.22177808432847,1.28144837299047));
#6258=CARTESIAN_POINT('',(-1.3,3.32890949401833,3.28419455034121));
#6259=CARTESIAN_POINT('',(1.3,3.44585817590742,2.901672647956));
#6260=CARTESIAN_POINT('',(0.3,3.44585817590742,2.901672647956));
#6261=CARTESIAN_POINT('',(1.3,-3.10482940243938,0.898926470605254));
#6262=CARTESIAN_POINT('',(1.3,-2.83,4.58030468008258E-16));
#6263=CARTESIAN_POINT('',(1.3,-2.83,-0.94));
#6264=CARTESIAN_POINT('',(1.3,-2.83,-0.94));
#6265=CARTESIAN_POINT('',(1.3,3.32890949401833,3.28419455034121));
#6266=CARTESIAN_POINT('',(1.3,-3.22177808432847,1.28144837299047));
#6267=CARTESIAN_POINT('',(-1.1,3.32890949401833,3.28419455034122));
#6268=CARTESIAN_POINT('',(1.3,-2.83,4.58030468008258E-16));
#6269=CARTESIAN_POINT('',(1.3,-2.83,-1.34));
#6270=CARTESIAN_POINT('',(1.3,-2.83,-1.34));
#6271=CARTESIAN_POINT('',(-5.42101086242752E-17,2.13389869677121,5.48274693571712));
#6272=CARTESIAN_POINT('',(-0.8,2.13389869677121,5.48274693571712));
#6273=CARTESIAN_POINT('',(-0.8,3.47272535511946,5.89206732232895));
#6274=CARTESIAN_POINT('',(-0.8,2.93922811935976,6.62793011805661));
#6275=CARTESIAN_POINT('',(-5.42101086242752E-17,2.93922811935976,6.62793011805661));
#6276=CARTESIAN_POINT('',(-5.42101086242752E-17,2.93922811935976,6.62793011805661));
#6277=CARTESIAN_POINT('',(-5.42101086242752E-17,2.13389869677121,5.48274693571712));
#6278=CARTESIAN_POINT('',(-5.42101086242752E-17,3.47272535511946,5.89206732232895));
#6279=CARTESIAN_POINT('',(-5.42101086242752E-17,3.47272535511946,5.89206732232895));
#6280=CARTESIAN_POINT('',(-5.42101086242752E-17,3.28436930046913,7.11872291048782));
#6281=CARTESIAN_POINT('',(-0.8,3.28436930046913,7.11872291048782));
#6282=CARTESIAN_POINT('',(-0.8,2.70913399862017,6.30073492310247));
#6283=CARTESIAN_POINT('',(-0.8,2.3500645445061,7.47519818730917));
#6284=CARTESIAN_POINT('',(-5.42101086242752E-17,2.70913399862017,6.30073492310247));
#6285=CARTESIAN_POINT('',(-5.42101086242752E-17,2.70913399862017,6.30073492310247));
#6286=CARTESIAN_POINT('',(-5.42101086242752E-17,3.28436930046913,7.11872291048782));
#6287=CARTESIAN_POINT('',(-5.42101086242752E-17,2.3500645445061,7.47519818730917));
#6288=CARTESIAN_POINT('',(-5.42101086242752E-17,2.3500645445061,7.47519818730917));
#6289=CARTESIAN_POINT('',(-5.42101086242752E-17,1.41575978854306,7.83167346413051));
#6290=CARTESIAN_POINT('',(-0.8,1.41575978854306,7.83167346413051));
#6291=CARTESIAN_POINT('',(-0.8,2.3720645445061,8.12404516885324));
#6292=CARTESIAN_POINT('',(-5.42101086242752E-17,1.41575978854306,7.83167346413051));
#6293=CARTESIAN_POINT('',(-5.42101086242752E-17,2.3720645445061,8.12404516885324));
#6294=CARTESIAN_POINT('',(-5.42101086242752E-17,2.3720645445061,8.12404516885324));
#6295=CARTESIAN_POINT('',(-5.42101086242752E-17,2.3720645445061,8.12404516885324));
#6296=CARTESIAN_POINT('',(-5.42101086242752E-17,2.17562775964698,8.76656094097632));
#6297=CARTESIAN_POINT('',(-0.2,2.17562775964698,8.76656094097632));
#6298=CARTESIAN_POINT('',(-0.6,2.17562775964698,8.76656094097632));
#6299=CARTESIAN_POINT('',(-0.736959022749988,2.30576732426234,8.34089360528576));
#6300=CARTESIAN_POINT('',(-0.8,2.36566936771675,8.14496284960035));
#6301=CARTESIAN_POINT('',(-0.8,2.3720645445061,8.12404516885324));
#6302=CARTESIAN_POINT('',(-5.42101086242752E-17,2.3720645445061,8.12404516885324));
#6303=CARTESIAN_POINT('',(-5.42101086242752E-17,2.36566936771675,8.14496284960035));
#6304=CARTESIAN_POINT('',(0.0061482119391775,2.37151144813513,8.12585426556651));
#6305=CARTESIAN_POINT('',(-5.42101086242752E-17,2.17562775964698,8.76656094097632));
#6306=CARTESIAN_POINT('',(-5.42101086242752E-17,2.55814966203219,8.88350962286541));
#6307=CARTESIAN_POINT('',(-0.2,2.55814966203219,8.88350962286541));
#6308=CARTESIAN_POINT('',(-0.6,2.55814966203219,8.88350962286541));
#6309=CARTESIAN_POINT('',(-0.6,2.17562775964698,8.76656094097632));
#6310=CARTESIAN_POINT('',(-0.2,2.17562775964698,8.76656094097632));
#6311=CARTESIAN_POINT('',(-5.42101086242752E-17,2.75458644689131,8.24099385074234));
#6312=CARTESIAN_POINT('',(-0.8,2.75458644689131,8.24099385074234));
#6313=CARTESIAN_POINT('',(-0.8,2.75458644689131,8.24099385074234));
#6314=CARTESIAN_POINT('',(-0.8,2.74819127010197,8.26191153148944));
#6315=CARTESIAN_POINT('',(-0.6,2.55814966203219,8.88350962286541));
#6316=CARTESIAN_POINT('',(-6.53123388705268E-17,2.74819127010197,8.26191153148944));
#6317=CARTESIAN_POINT('',(-5.42101086242752E-17,2.74819127010197,8.26191153148944));
#6318=CARTESIAN_POINT('',(-5.42101086242752E-17,2.75458644689131,8.24099385074234));
#6319=CARTESIAN_POINT('',(-5.42101086242752E-17,2.75458644689131,8.24099385074234));
#6320=CARTESIAN_POINT('',(-5.42101086242752E-17,2.75458644689131,8.24099385074234));
#6321=CARTESIAN_POINT('',(-5.42101086242752E-17,1.41575978854306,7.83167346413051));
#6322=CARTESIAN_POINT('',(-0.8,1.41575978854306,7.83167346413051));
#6323=CARTESIAN_POINT('',(-0.8,2.72378644689131,7.33260807658063));
#6324=CARTESIAN_POINT('',(-5.42101086242752E-17,1.41575978854306,7.83167346413051));
#6325=CARTESIAN_POINT('',(-5.42101086242752E-17,2.72378644689131,7.33260807658063));
#6326=CARTESIAN_POINT('',(-5.42101086242752E-17,2.72378644689131,7.33260807658063));
#6327=CARTESIAN_POINT('',(-5.42101086242752E-17,3.28436930046913,7.11872291048782));
#6328=CARTESIAN_POINT('',(-0.8,3.28436930046913,7.11872291048782));
#6329=CARTESIAN_POINT('',(-5.42101086242752E-17,3.28436930046913,7.11872291048782));
#6330=CARTESIAN_POINT('',(-5.42101086242752E-17,2.13389869677121,5.48274693571712));
#6331=CARTESIAN_POINT('',(-0.8,2.13389869677121,5.48274693571712));
#6332=CARTESIAN_POINT('',(-0.8,3.09020345273425,5.77511864043986));
#6333=CARTESIAN_POINT('',(-5.42101086242752E-17,3.09020345273425,5.77511864043986));
#6334=CARTESIAN_POINT('',(-5.42101086242752E-17,3.09020345273425,5.77511864043986));
#6335=CARTESIAN_POINT('',(-5.42101086242752E-17,2.13389869677121,5.48274693571712));
#6336=CARTESIAN_POINT('',(-5.42101086242752E-17,3.66087601963847,3.9085327806841));
#6337=CARTESIAN_POINT('',(-0.8,3.66087601963847,3.9085327806841));
#6338=CARTESIAN_POINT('',(-0.8,3.66087601963848,3.9085327806841));
#6339=CARTESIAN_POINT('',(-5.42101086242752E-17,3.66087601963848,3.9085327806841));
#6340=CARTESIAN_POINT('',(6.8722192500909E-17,3.66087601963848,3.9085327806841));
#6341=CARTESIAN_POINT('',(-5.42101086242752E-17,3.66087601963847,3.9085327806841));
#6342=CARTESIAN_POINT('',(-5.42101086242752E-17,2.3720645445061,8.12404516885324));
#6343=CARTESIAN_POINT('',(-5.42101086242752E-17,2.36566936771675,8.14496284960035));
#6344=CARTESIAN_POINT('',(2.16840434497101E-16,3.18272364165696,3.76234692832273));
#6345=CARTESIAN_POINT('',(1.4914195478936E-16,3.53128969938426,3.4038755858134));
#6346=CARTESIAN_POINT('',(1.4914195478936E-16,3.53128969938426,3.4038755858134));
#6347=CARTESIAN_POINT('',(0.,3.8101425455661,3.11709851180593));
#6348=CARTESIAN_POINT('',(2.16840434497101E-16,3.18272364165696,3.76234692832273));
#6349=CARTESIAN_POINT('',(4.91213909602303E-18,4.04339792202369,4.02548146257319));
#6350=CARTESIAN_POINT('',(-5.42101086242752E-17,4.04339792202369,4.0254814625732));
#6351=CARTESIAN_POINT('',(-5.42101086242752E-17,4.04339792202369,4.0254814625732));
#6352=CARTESIAN_POINT('',(-0.8,4.04339792202369,4.0254814625732));
#6353=CARTESIAN_POINT('',(-0.8,4.04339792202369,4.02548146257319));
#6354=CARTESIAN_POINT('',(-5.42101086242752E-17,4.04339792202369,4.02548146257319));
#6355=CARTESIAN_POINT('',(-0.8,3.18272364165696,3.76234692832273));
#6356=CARTESIAN_POINT('',(-0.8,1.88751698973525,7.99877699723899));
#6357=CARTESIAN_POINT('',(-0.8,3.18272364165696,3.76234692832273));
#6358=CARTESIAN_POINT('',(-0.8,3.8101425455661,3.11709851180593));
#6359=CARTESIAN_POINT('',(-0.8,3.8101425455661,3.11709851180593));
#6360=CARTESIAN_POINT('',(-0.8,3.53128969938426,3.4038755858134));
#6361=CARTESIAN_POINT('',(-0.8,3.18272364165696,3.76234692832273));
#6362=CARTESIAN_POINT('',(0.3,3.44585817590742,2.901672647956));
#6363=CARTESIAN_POINT('',(0.260730091830128,3.44585817590742,2.901672647956));
#6364=CARTESIAN_POINT('',(0.221475634692216,3.45655245321307,2.90474809110826));
#6365=CARTESIAN_POINT('',(0.14891430588873,3.49700457028564,2.918732394587));
#6366=CARTESIAN_POINT('',(0.115635984007524,3.52674676711638,2.92975354432936));
#6367=CARTESIAN_POINT('',(0.0600999472805458,3.5984430067564,2.96313415102139));
#6368=CARTESIAN_POINT('',(0.0378640834937217,3.64031254954424,2.98563480945919));
#6369=CARTESIAN_POINT('',(0.0078081969995054,3.72618966083416,3.04310148328283));
#6370=CARTESIAN_POINT('',(-1.07116957377469E-16,3.77003399144336,3.07809823777051));
#6371=CARTESIAN_POINT('',(-1.21857263473934E-16,3.8101425455661,3.11709851180593));
#6372=CARTESIAN_POINT('',(0.3,3.32890949401833,3.28419455034122));
#6373=CARTESIAN_POINT('',(0.260730091830128,3.32890949401833,3.28419455034122));
#6374=CARTESIAN_POINT('',(0.221475634692216,3.33485075918813,3.28590312987025));
#6375=CARTESIAN_POINT('',(0.14891430588873,3.35732415756178,3.29367218735844));
#6376=CARTESIAN_POINT('',(0.115635984007524,3.37384760024553,3.29979504832641));
#6377=CARTESIAN_POINT('',(0.0600999472805458,3.41367884448998,3.31833982982198));
#6378=CARTESIAN_POINT('',(0.0378640834937217,3.43693970159434,3.33084019562077));
#6379=CARTESIAN_POINT('',(0.0078081969995055,3.48464920786651,3.36276612552279));
#6380=CARTESIAN_POINT('',(-1.7294678088297E-17,3.50900716931607,3.38220876690483));
#6381=CARTESIAN_POINT('',(-2.54837370307783E-17,3.53128969938426,3.4038755858134));
#6382=CARTESIAN_POINT('',(0.3,3.32890949401833,3.28419455034122));
#6383=CARTESIAN_POINT('',(0.14292036732051,3.32890949401833,3.28419455034122));
#6384=CARTESIAN_POINT('',(-3.49548562888312E-17,3.44219389747368,3.31724168025589));
#6385=CARTESIAN_POINT('',(-6.76984797077412E-17,3.53128969938426,3.4038755858134));
#6386=CARTESIAN_POINT('',(0.3,3.44585817590742,2.901672647956));
#6387=CARTESIAN_POINT('',(0.14292036732051,3.44585817590742,2.901672647956));
#6388=CARTESIAN_POINT('',(-6.29187413198962E-17,3.64977010212705,2.96115748180242));
#6389=CARTESIAN_POINT('',(-1.21857263473934E-16,3.8101425455661,3.11709851180593));
#6390=CARTESIAN_POINT('',(-0.8,3.8101425455661,3.11709851180593));
#6391=CARTESIAN_POINT('',(-0.8,3.77003399144336,3.07809823777051));
#6392=CARTESIAN_POINT('',(-0.807808196999506,3.72618966083416,3.04310148328283));
#6393=CARTESIAN_POINT('',(-0.837864083493723,3.64031254954424,2.9856348094592));
#6394=CARTESIAN_POINT('',(-0.860099947280546,3.5984430067564,2.96313415102139));
#6395=CARTESIAN_POINT('',(-0.915635984007526,3.52674676711639,2.92975354432936));
#6396=CARTESIAN_POINT('',(-0.94891430588873,3.49700457028564,2.918732394587));
#6397=CARTESIAN_POINT('',(-1.02147563469222,3.45655245321307,2.90474809110826));
#6398=CARTESIAN_POINT('',(-1.06073009183013,3.44585817590742,2.901672647956));
#6399=CARTESIAN_POINT('',(-1.1,3.44585817590742,2.901672647956));
#6400=CARTESIAN_POINT('',(-0.8,3.53128969938426,3.4038755858134));
#6401=CARTESIAN_POINT('',(-0.8,3.50900716931607,3.38220876690483));
#6402=CARTESIAN_POINT('',(-0.807808196999506,3.48464920786652,3.36276612552279));
#6403=CARTESIAN_POINT('',(-0.837864083493723,3.43693970159434,3.33084019562077));
#6404=CARTESIAN_POINT('',(-0.860099947280546,3.41367884448998,3.31833982982199));
#6405=CARTESIAN_POINT('',(-0.915635984007526,3.37384760024553,3.29979504832641));
#6406=CARTESIAN_POINT('',(-0.94891430588873,3.35732415756178,3.29367218735844));
#6407=CARTESIAN_POINT('',(-1.02147563469222,3.33485075918813,3.28590312987025));
#6408=CARTESIAN_POINT('',(-1.06073009183013,3.32890949401833,3.28419455034122));
#6409=CARTESIAN_POINT('',(-1.1,3.32890949401833,3.28419455034122));
#6410=CARTESIAN_POINT('',(-0.8,3.53128969938426,3.4038755858134));
#6411=CARTESIAN_POINT('',(-0.8,3.44219389747367,3.31724168025589));
#6412=CARTESIAN_POINT('',(-0.942920367320511,3.32890949401833,3.28419455034122));
#6413=CARTESIAN_POINT('',(-1.1,3.32890949401833,3.28419455034122));
#6414=CARTESIAN_POINT('',(-0.8,3.8101425455661,3.11709851180593));
#6415=CARTESIAN_POINT('',(-0.8,3.64977010212705,2.96115748180242));
#6416=CARTESIAN_POINT('',(-0.942920367320511,3.44585817590742,2.901672647956));
#6417=CARTESIAN_POINT('',(-1.1,3.44585817590742,2.901672647956));
#6418=CARTESIAN_POINT('',(-1.1,3.18272364165696,3.76234692832273));
#6419=CARTESIAN_POINT('',(-1.1,3.18272364165696,3.76234692832273));
#6420=CARTESIAN_POINT('',(-0.6,2.17562775964698,8.76656094097632));
#6421=CARTESIAN_POINT('',(-5.42101086242752E-17,2.36566936771675,8.14496284960035));
#6422=CARTESIAN_POINT('',(-0.250000000000001,-1.04365754062461,-0.502588075634656));
#6423=CARTESIAN_POINT('',(-0.25,2.6,5.375));
#6424=CARTESIAN_POINT('',(-3.5,-1.05709711817337E-15,6.50521303491303E-16));
#6425=CARTESIAN_POINT('',(-0.75,0.,0.));
#6426=CARTESIAN_POINT('',(-0.75,1.5,6.75));
#6427=CARTESIAN_POINT('',(-0.75,1.18450105153069,6.75));
#6428=CARTESIAN_POINT('',(-0.75,-1.7,6.75));
#6429=CARTESIAN_POINT('',(-0.75,1.18450105153069,6.));
#6430=CARTESIAN_POINT('',(-0.75,1.72062657071955,6.5244706165978));
#6431=CARTESIAN_POINT('',(-0.75,6.,2.15));
#6432=CARTESIAN_POINT('',(-0.75,5.78612551918886,2.36862724705139));
#6433=CARTESIAN_POINT('',(-0.75,5.25,1.84415663045359));
#6434=CARTESIAN_POINT('',(-0.75,6.,1.84415663045359));
#6435=CARTESIAN_POINT('',(-0.75,6.,-4.75));
#6436=CARTESIAN_POINT('',(-0.75,6.,-4.75));
#6437=CARTESIAN_POINT('',(-0.75,5.2,-4.75));
#6438=CARTESIAN_POINT('',(-0.75,5.2,-4.75));
#6439=CARTESIAN_POINT('',(-0.75,5.2,-4.52));
#6440=CARTESIAN_POINT('',(-0.75,5.2,-4.52));
#6441=CARTESIAN_POINT('',(-0.75,-5.2,-4.52));
#6442=CARTESIAN_POINT('',(-0.75,-5.2,-4.52));
#6443=CARTESIAN_POINT('',(-0.75,-5.2,-4.75));
#6444=CARTESIAN_POINT('',(-0.75,-5.2,-4.75));
#6445=CARTESIAN_POINT('',(-0.75,-6.,-4.75));
#6446=CARTESIAN_POINT('',(-0.75,-6.,-4.75));
#6447=CARTESIAN_POINT('',(-0.75,-6.,-0.65));
#6448=CARTESIAN_POINT('',(-0.75,-6.,-0.65));
#6449=CARTESIAN_POINT('',(-0.75,-5.9,-0.65));
#6450=CARTESIAN_POINT('',(-0.75,-5.9,-0.65));
#6451=CARTESIAN_POINT('',(-0.75,-5.9,0.650000000000001));
#6452=CARTESIAN_POINT('',(-0.75,-5.9,0.650000000000001));
#6453=CARTESIAN_POINT('',(-0.75,-6.,0.650000000000001));
#6454=CARTESIAN_POINT('',(-0.75,-6.,0.650000000000001));
#6455=CARTESIAN_POINT('',(-0.75,-6.,4.05));
#6456=CARTESIAN_POINT('',(-0.75,-6.,4.05));
#6457=CARTESIAN_POINT('',(-0.75,-4.5,6.75));
#6458=CARTESIAN_POINT('',(-0.75,-4.71431544534223,6.36423219838397));
#6459=CARTESIAN_POINT('',(-0.75,-4.05869748825108,6.));
#6460=CARTESIAN_POINT('',(-0.75,-4.05869748825108,6.75));
#6461=CARTESIAN_POINT('',(-0.75,1.5,6.75));
#6462=CARTESIAN_POINT('',(-0.75,-3.1,6.75));
#6463=CARTESIAN_POINT('',(-0.75,-3.1,6.75));
#6464=CARTESIAN_POINT('',(-0.75,-3.1,5.15));
#6465=CARTESIAN_POINT('',(-0.75,-3.1,5.15));
#6466=CARTESIAN_POINT('',(-0.75,-1.7,5.15));
#6467=CARTESIAN_POINT('',(-0.75,-1.7,5.15));
#6468=CARTESIAN_POINT('',(-0.750000000000001,4.2,2.33));
#6469=CARTESIAN_POINT('',(-0.750000000000001,4.2,1.73));
#6470=CARTESIAN_POINT('',(-0.750000000000001,-4.7,0.949999999999999));
#6471=CARTESIAN_POINT('',(-0.750000000000001,-4.7,0.349999999999999));
#6472=CARTESIAN_POINT('',(-0.750000000000001,-4.6,3.65));
#6473=CARTESIAN_POINT('',(-0.750000000000001,-4.6,3.05));
#6474=CARTESIAN_POINT('',(-0.750000000000001,2.8,-1.37));
#6475=CARTESIAN_POINT('',(-0.750000000000001,2.8,-1.97));
#6476=CARTESIAN_POINT('',(-0.750000000000001,4.6,-3.37));
#6477=CARTESIAN_POINT('',(-0.750000000000001,4.6,-3.97));
#6478=CARTESIAN_POINT('',(-0.75,-1.7,0.5));
#6479=CARTESIAN_POINT('',(-0.75,-1.7,0.5));
#6480=CARTESIAN_POINT('',(-0.75,-1.7,4.));
#6481=CARTESIAN_POINT('',(-0.75,-1.7,4.));
#6482=CARTESIAN_POINT('',(-0.75,-3.1,4.));
#6483=CARTESIAN_POINT('',(-0.75,-3.1,4.));
#6484=CARTESIAN_POINT('',(-0.75,-3.1,0.5));
#6485=CARTESIAN_POINT('',(-0.75,-3.1,0.500000000000001));
#6486=CARTESIAN_POINT('',(-0.75,1.5,6.75));
#6487=CARTESIAN_POINT('',(0.75,1.5,6.75));
#6488=CARTESIAN_POINT('',(0.75,1.18450105153069,6.75));
#6489=CARTESIAN_POINT('',(0.75,-4.05869748825108,6.75));
#6490=CARTESIAN_POINT('',(-0.75,1.18450105153069,6.75));
#6491=CARTESIAN_POINT('',(-0.25,-1.7,6.75));
#6492=CARTESIAN_POINT('',(-0.25,-1.7,6.75));
#6493=CARTESIAN_POINT('',(-0.25,-1.7,6.75));
#6494=CARTESIAN_POINT('',(-0.25,-3.1,6.75));
#6495=CARTESIAN_POINT('',(-0.25,-3.1,6.75));
#6496=CARTESIAN_POINT('',(-0.75,-4.05869748825108,6.75));
#6497=CARTESIAN_POINT('',(0.75,0.,0.));
#6498=CARTESIAN_POINT('',(0.75,4.2,2.33));
#6499=CARTESIAN_POINT('',(0.75,4.8,2.33));
#6500=CARTESIAN_POINT('',(0.75,-4.7,0.949999999999999));
#6501=CARTESIAN_POINT('',(0.75,-4.1,0.949999999999999));
#6502=CARTESIAN_POINT('',(0.75,6.,2.15));
#6503=CARTESIAN_POINT('',(0.75,5.78612551918886,2.36862724705139));
#6504=CARTESIAN_POINT('',(0.75,1.72062657071955,6.5244706165978));
#6505=CARTESIAN_POINT('',(0.75,1.18450105153069,6.));
#6506=CARTESIAN_POINT('',(0.75,-4.05869748825108,6.));
#6507=CARTESIAN_POINT('',(0.75,-4.71431544534223,6.36423219838397));
#6508=CARTESIAN_POINT('',(0.75,-4.5,6.75));
#6509=CARTESIAN_POINT('',(0.75,-6.,4.05));
#6510=CARTESIAN_POINT('',(0.75,-6.,4.05));
#6511=CARTESIAN_POINT('',(0.75,-6.,0.650000000000001));
#6512=CARTESIAN_POINT('',(0.75,-6.,0.650000000000001));
#6513=CARTESIAN_POINT('',(0.75,-5.9,0.650000000000001));
#6514=CARTESIAN_POINT('',(0.75,-5.9,0.650000000000001));
#6515=CARTESIAN_POINT('',(0.75,-5.9,-0.65));
#6516=CARTESIAN_POINT('',(0.75,-5.9,-0.65));
#6517=CARTESIAN_POINT('',(0.75,-6.,-0.65));
#6518=CARTESIAN_POINT('',(0.75,-6.,-0.65));
#6519=CARTESIAN_POINT('',(0.75,-6.,-4.75));
#6520=CARTESIAN_POINT('',(0.75,-6.,-4.75));
#6521=CARTESIAN_POINT('',(0.75,-5.2,-4.75));
#6522=CARTESIAN_POINT('',(0.75,-5.2,-4.75));
#6523=CARTESIAN_POINT('',(0.75,-5.2,-4.52));
#6524=CARTESIAN_POINT('',(0.75,-5.2,-4.52));
#6525=CARTESIAN_POINT('',(0.75,5.2,-4.52));
#6526=CARTESIAN_POINT('',(0.75,5.2,-4.52));
#6527=CARTESIAN_POINT('',(0.75,5.2,-4.75));
#6528=CARTESIAN_POINT('',(0.75,5.2,-4.75));
#6529=CARTESIAN_POINT('',(0.75,6.,-4.75));
#6530=CARTESIAN_POINT('',(0.75,6.,-4.75));
#6531=CARTESIAN_POINT('',(0.75,6.,1.84415663045359));
#6532=CARTESIAN_POINT('',(0.75,5.25,1.84415663045359));
#6533=CARTESIAN_POINT('',(0.75,-4.6,3.65));
#6534=CARTESIAN_POINT('',(0.75,-4.,3.65));
#6535=CARTESIAN_POINT('',(0.75,2.8,-1.37));
#6536=CARTESIAN_POINT('',(0.75,3.4,-1.37));
#6537=CARTESIAN_POINT('',(0.75,4.6,-3.37));
#6538=CARTESIAN_POINT('',(0.75,5.2,-3.37));
#6539=CARTESIAN_POINT('',(-0.75,6.,2.15));
#6540=CARTESIAN_POINT('',(-0.75,1.72062657071955,6.5244706165978));
#6541=CARTESIAN_POINT('',(-0.75,5.78612551918886,2.36862724705139));
#6542=CARTESIAN_POINT('',(-0.75,-4.5,6.75));
#6543=CARTESIAN_POINT('',(-0.75,-4.71431544534223,6.36423219838397));
#6544=CARTESIAN_POINT('',(-0.75,-6.,4.05));
#6545=CARTESIAN_POINT('',(-0.75,-6.,4.05));
#6546=CARTESIAN_POINT('',(-0.75,-6.,0.650000000000001));
#6547=CARTESIAN_POINT('',(-0.75,-6.,0.650000000000001));
#6548=CARTESIAN_POINT('',(-0.75,-5.9,0.650000000000001));
#6549=CARTESIAN_POINT('',(-0.75,-5.9,0.650000000000001));
#6550=CARTESIAN_POINT('',(-0.75,-5.9,-0.65));
#6551=CARTESIAN_POINT('',(-0.75,-5.9,-0.65));
#6552=CARTESIAN_POINT('',(-0.75,-6.,-0.65));
#6553=CARTESIAN_POINT('',(-0.75,-6.,-0.65));
#6554=CARTESIAN_POINT('',(-0.75,-6.,-4.75));
#6555=CARTESIAN_POINT('',(-0.75,-6.,-4.75));
#6556=CARTESIAN_POINT('',(-0.75,-5.2,-4.75));
#6557=CARTESIAN_POINT('',(-0.75,-5.2,-4.75));
#6558=CARTESIAN_POINT('',(-0.75,-5.2,-4.52));
#6559=CARTESIAN_POINT('',(-0.75,-5.2,-4.52));
#6560=CARTESIAN_POINT('',(-0.75,5.2,-4.52));
#6561=CARTESIAN_POINT('',(-0.75,5.2,-4.52));
#6562=CARTESIAN_POINT('',(-0.75,5.2,-4.75));
#6563=CARTESIAN_POINT('',(-0.75,5.2,-4.75));
#6564=CARTESIAN_POINT('',(-0.75,6.,-4.75));
#6565=CARTESIAN_POINT('',(-0.75,6.,-4.75));
#6566=CARTESIAN_POINT('',(-0.75,6.,1.84415663045359));
#6567=CARTESIAN_POINT('',(-15.9383192682786,-4.6,3.65));
#6568=CARTESIAN_POINT('',(-15.9383192682786,-4.7,0.949999999999999));
#6569=CARTESIAN_POINT('',(-15.9383192682786,2.8,-1.37));
#6570=CARTESIAN_POINT('',(-15.9383192682786,4.2,2.33));
#6571=CARTESIAN_POINT('',(-15.9383192682786,4.6,-3.37));
#6572=CARTESIAN_POINT('',(-0.25,-1.7,5.15));
#6573=CARTESIAN_POINT('',(-0.596153846153846,-1.7,5.38076923076923));
#6574=CARTESIAN_POINT('',(-0.25,-1.7,5.9));
#6575=CARTESIAN_POINT('',(-0.25,-1.7,5.15));
#6576=CARTESIAN_POINT('',(-0.25,-3.1,6.75));
#6577=CARTESIAN_POINT('',(-0.25,-3.1,6.75));
#6578=CARTESIAN_POINT('',(-0.25,-3.1,5.9));
#6579=CARTESIAN_POINT('',(0.142307692307692,-3.1,6.48846153846154));
#6580=CARTESIAN_POINT('',(-0.25,0.,0.));
#6581=CARTESIAN_POINT('',(-0.25,0.,5.9));
#6582=CARTESIAN_POINT('',(-0.25,-1.7,0.5));
#6583=CARTESIAN_POINT('',(-0.5,-1.7,0.75));
#6584=CARTESIAN_POINT('',(-0.25,-1.7,1.));
#6585=CARTESIAN_POINT('',(-0.25,-1.7,0.5));
#6586=CARTESIAN_POINT('',(-0.25,-1.7,4.));
#6587=CARTESIAN_POINT('',(-0.25,-1.7,4.));
#6588=CARTESIAN_POINT('',(-0.25,-1.7,4.));
#6589=CARTESIAN_POINT('',(-0.25,-1.7,4.));
#6590=CARTESIAN_POINT('',(-0.25,-3.1,4.));
#6591=CARTESIAN_POINT('',(-0.25,-3.1,4.));
#6592=CARTESIAN_POINT('',(-0.25,-3.1,4.));
#6593=CARTESIAN_POINT('',(-0.25,-3.1,4.));
#6594=CARTESIAN_POINT('',(-0.25,-3.1,1.));
#6595=CARTESIAN_POINT('',(1.25,-3.1,2.5));
#6596=CARTESIAN_POINT('',(-0.25,0.,0.));
#6597=CARTESIAN_POINT('',(-0.25,1.54886024640786E-16,1.));
#6598=CARTESIAN_POINT('',(-0.75,-3.1,5.15));
#6599=CARTESIAN_POINT('',(-0.75,-3.1,0.500000000000001));
#6600=CARTESIAN_POINT('',(-0.75,-4.05869748825108,6.));
#6601=CARTESIAN_POINT('',(-0.75,5.25,1.84415663045359));
#6602=CARTESIAN_POINT('',(-0.75,1.18450105153069,6.));
#6603=CARTESIAN_POINT('',(-6.,-3.25260651745651E-16,1.95156391047391E-15));
#6604=MECHANICAL_DESIGN_GEOMETRIC_PRESENTATION_REPRESENTATION('',(#3891,
#3892,#3893,#3894,#3895),#6605);
#6605=(
GEOMETRIC_REPRESENTATION_CONTEXT(3)
GLOBAL_UNCERTAINTY_ASSIGNED_CONTEXT((#6613))
GLOBAL_UNIT_ASSIGNED_CONTEXT((#6623,#6622,#6621))
REPRESENTATION_CONTEXT('6914121200xxMB','TOP_LEVEL_ASSEMBLY_PART')
);
#6606=(
GEOMETRIC_REPRESENTATION_CONTEXT(3)
GLOBAL_UNCERTAINTY_ASSIGNED_CONTEXT((#6614))
GLOBAL_UNIT_ASSIGNED_CONTEXT((#6623,#6622,#6621))
REPRESENTATION_CONTEXT('6914121200xx_MODULE_COURT','COMPONENT_PART')
);
#6607=(
GEOMETRIC_REPRESENTATION_CONTEXT(3)
GLOBAL_UNCERTAINTY_ASSIGNED_CONTEXT((#6615))
GLOBAL_UNIT_ASSIGNED_CONTEXT((#6623,#6622,#6621))
REPRESENTATION_CONTEXT('6914121200xxB','COMPONENT_PART')
);
#6608=(
GEOMETRIC_REPRESENTATION_CONTEXT(3)
GLOBAL_UNCERTAINTY_ASSIGNED_CONTEXT((#6616))
GLOBAL_UNIT_ASSIGNED_CONTEXT((#6623,#6622,#6621))
REPRESENTATION_CONTEXT('6914121200xx','COMPONENT_PART')
);
#6609=(
GEOMETRIC_REPRESENTATION_CONTEXT(3)
GLOBAL_UNCERTAINTY_ASSIGNED_CONTEXT((#6617))
GLOBAL_UNIT_ASSIGNED_CONTEXT((#6623,#6622,#6621))
REPRESENTATION_CONTEXT('6914121200xx_levier','COMPONENT_PART')
);
#6610=(
GEOMETRIC_REPRESENTATION_CONTEXT(3)
GLOBAL_UNCERTAINTY_ASSIGNED_CONTEXT((#6618))
GLOBAL_UNIT_ASSIGNED_CONTEXT((#6623,#6622,#6621))
REPRESENTATION_CONTEXT('6914121200xx_MODULE_LONG','COMPONENT_PART')
);
#6611=(
GEOMETRIC_REPRESENTATION_CONTEXT(3)
GLOBAL_UNCERTAINTY_ASSIGNED_CONTEXT((#6619))
GLOBAL_UNIT_ASSIGNED_CONTEXT((#6623,#6622,#6621))
REPRESENTATION_CONTEXT('6914121200xx_LONG','COMPONENT_PART')
);
#6612=(
GEOMETRIC_REPRESENTATION_CONTEXT(3)
GLOBAL_UNCERTAINTY_ASSIGNED_CONTEXT((#6620))
GLOBAL_UNIT_ASSIGNED_CONTEXT((#6623,#6622,#6621))
REPRESENTATION_CONTEXT('6914121200xxB_CAPOT','COMPONENT_PART')
);
#6613=UNCERTAINTY_MEASURE_WITH_UNIT(LENGTH_MEASURE(0.005),#6623,
'DISTANCE_ACCURACY_VALUE','Maximum Tolerance applied to model');
#6614=UNCERTAINTY_MEASURE_WITH_UNIT(LENGTH_MEASURE(0.005),#6623,
'DISTANCE_ACCURACY_VALUE','Maximum Tolerance applied to model');
#6615=UNCERTAINTY_MEASURE_WITH_UNIT(LENGTH_MEASURE(0.005),#6623,
'DISTANCE_ACCURACY_VALUE','Maximum Tolerance applied to model');
#6616=UNCERTAINTY_MEASURE_WITH_UNIT(LENGTH_MEASURE(0.005),#6623,
'DISTANCE_ACCURACY_VALUE','Maximum Tolerance applied to model');
#6617=UNCERTAINTY_MEASURE_WITH_UNIT(LENGTH_MEASURE(0.005),#6623,
'DISTANCE_ACCURACY_VALUE','Maximum Tolerance applied to model');
#6618=UNCERTAINTY_MEASURE_WITH_UNIT(LENGTH_MEASURE(0.005),#6623,
'DISTANCE_ACCURACY_VALUE','Maximum Tolerance applied to model');
#6619=UNCERTAINTY_MEASURE_WITH_UNIT(LENGTH_MEASURE(0.005),#6623,
'DISTANCE_ACCURACY_VALUE','Maximum Tolerance applied to model');
#6620=UNCERTAINTY_MEASURE_WITH_UNIT(LENGTH_MEASURE(0.005),#6623,
'DISTANCE_ACCURACY_VALUE','Maximum Tolerance applied to model');
#6621=(
NAMED_UNIT(*)
SI_UNIT($,.STERADIAN.)
SOLID_ANGLE_UNIT()
);
#6622=(
NAMED_UNIT(*)
PLANE_ANGLE_UNIT()
SI_UNIT($,.RADIAN.)
);
#6623=(
LENGTH_UNIT()
NAMED_UNIT(*)
SI_UNIT(.MILLI.,.METRE.)
);
#6624=PRODUCT_DEFINITION_SHAPE('','',#6641);
#6625=PRODUCT_DEFINITION_SHAPE('','',#6642);
#6626=PRODUCT_DEFINITION_SHAPE('','',#6643);
#6627=PRODUCT_DEFINITION_SHAPE(' ','NAUO PRDDFN',#31);
#6628=PRODUCT_DEFINITION_SHAPE('','',#6644);
#6629=PRODUCT_DEFINITION_SHAPE(' ','NAUO PRDDFN',#32);
#6630=PRODUCT_DEFINITION_SHAPE('','',#6645);
#6631=PRODUCT_DEFINITION_SHAPE(' ','NAUO PRDDFN',#33);
#6632=PRODUCT_DEFINITION_SHAPE(' ','NAUO PRDDFN',#34);
#6633=PRODUCT_DEFINITION_SHAPE('','',#6646);
#6634=PRODUCT_DEFINITION_SHAPE(' ','NAUO PRDDFN',#35);
#6635=PRODUCT_DEFINITION_SHAPE('','',#6647);
#6636=PRODUCT_DEFINITION_SHAPE(' ','NAUO PRDDFN',#36);
#6637=PRODUCT_DEFINITION_SHAPE(' ','NAUO PRDDFN',#37);
#6638=PRODUCT_DEFINITION_SHAPE(' ','NAUO PRDDFN',#38);
#6639=PRODUCT_DEFINITION_SHAPE('','',#6648);
#6640=PRODUCT_DEFINITION_SHAPE(' ','NAUO PRDDFN',#39);
#6641=PRODUCT_DEFINITION('','',#6657,#6649);
#6642=PRODUCT_DEFINITION('','',#6658,#6650);
#6643=PRODUCT_DEFINITION('','',#6659,#6651);
#6644=PRODUCT_DEFINITION('','',#6660,#6652);
#6645=PRODUCT_DEFINITION('','',#6661,#6653);
#6646=PRODUCT_DEFINITION('','',#6662,#6654);
#6647=PRODUCT_DEFINITION('','',#6663,#6655);
#6648=PRODUCT_DEFINITION('','',#6664,#6656);
#6649=PRODUCT_DEFINITION_CONTEXT('',#6698,'design');
#6650=PRODUCT_DEFINITION_CONTEXT('',#6698,'design');
#6651=PRODUCT_DEFINITION_CONTEXT('',#6698,'design');
#6652=PRODUCT_DEFINITION_CONTEXT('',#6698,'design');
#6653=PRODUCT_DEFINITION_CONTEXT('',#6698,'design');
#6654=PRODUCT_DEFINITION_CONTEXT('',#6698,'design');
#6655=PRODUCT_DEFINITION_CONTEXT('',#6698,'design');
#6656=PRODUCT_DEFINITION_CONTEXT('',#6698,'design');
#6657=PRODUCT_DEFINITION_FORMATION_WITH_SPECIFIED_SOURCE('','',#6673,
 .NOT_KNOWN.);
#6658=PRODUCT_DEFINITION_FORMATION_WITH_SPECIFIED_SOURCE('','',#6674,
 .NOT_KNOWN.);
#6659=PRODUCT_DEFINITION_FORMATION_WITH_SPECIFIED_SOURCE('','',#6675,
 .NOT_KNOWN.);
#6660=PRODUCT_DEFINITION_FORMATION_WITH_SPECIFIED_SOURCE('','',#6676,
 .NOT_KNOWN.);
#6661=PRODUCT_DEFINITION_FORMATION_WITH_SPECIFIED_SOURCE('','',#6677,
 .NOT_KNOWN.);
#6662=PRODUCT_DEFINITION_FORMATION_WITH_SPECIFIED_SOURCE('','',#6678,
 .NOT_KNOWN.);
#6663=PRODUCT_DEFINITION_FORMATION_WITH_SPECIFIED_SOURCE('','',#6679,
 .NOT_KNOWN.);
#6664=PRODUCT_DEFINITION_FORMATION_WITH_SPECIFIED_SOURCE('','',#6680,
 .NOT_KNOWN.);
#6665=PRODUCT_RELATED_PRODUCT_CATEGORY('','',(#6673));
#6666=PRODUCT_RELATED_PRODUCT_CATEGORY('','',(#6674));
#6667=PRODUCT_RELATED_PRODUCT_CATEGORY('','',(#6675));
#6668=PRODUCT_RELATED_PRODUCT_CATEGORY('','',(#6676));
#6669=PRODUCT_RELATED_PRODUCT_CATEGORY('','',(#6677));
#6670=PRODUCT_RELATED_PRODUCT_CATEGORY('','',(#6678));
#6671=PRODUCT_RELATED_PRODUCT_CATEGORY('','',(#6679));
#6672=PRODUCT_RELATED_PRODUCT_CATEGORY('','',(#6680));
#6673=PRODUCT('6914121200xxMB','6914121200xxMB','6914121200xxMB',(#6689));
#6674=PRODUCT('6914121200xx_MODULE_COURT','6914121200xx_MODULE_COURT',
'6914121200xx_MODULE_COURT',(#6690));
#6675=PRODUCT('6914121200xxB','6914121200xxB','6914121200xxB',(#6691));
#6676=PRODUCT('6914121200xx','6914121200xx','6914121200xx',(#6692));
#6677=PRODUCT('6914121200xx_levier','6914121200xx_levier',
'6914121200xx_levier',(#6693));
#6678=PRODUCT('6914121200xx_MODULE_LONG','6914121200xx_MODULE_LONG',
'6914121200xx_MODULE_LONG',(#6694));
#6679=PRODUCT('6914121200xx_LONG','6914121200xx_LONG',
'6914121200xx_LONG',(#6695));
#6680=PRODUCT('6914121200xxB_CAPOT','6914121200xxB_CAPOT',
'6914121200xxB_CAPOT',(#6696));
#6681=PRODUCT_CATEGORY('','');
#6682=PRODUCT_CATEGORY('','');
#6683=PRODUCT_CATEGORY('','');
#6684=PRODUCT_CATEGORY('','');
#6685=PRODUCT_CATEGORY('','');
#6686=PRODUCT_CATEGORY('','');
#6687=PRODUCT_CATEGORY('','');
#6688=PRODUCT_CATEGORY('','');
#6689=PRODUCT_CONTEXT('',#6698,'mechanical');
#6690=PRODUCT_CONTEXT('',#6698,'mechanical');
#6691=PRODUCT_CONTEXT('',#6698,'mechanical');
#6692=PRODUCT_CONTEXT('',#6698,'mechanical');
#6693=PRODUCT_CONTEXT('',#6698,'mechanical');
#6694=PRODUCT_CONTEXT('',#6698,'mechanical');
#6695=PRODUCT_CONTEXT('',#6698,'mechanical');
#6696=PRODUCT_CONTEXT('',#6698,'mechanical');
#6697=APPLICATION_PROTOCOL_DEFINITION('international standard',
'automotive_design',2010,#6698);
#6698=APPLICATION_CONTEXT(
'core data for automotive mechanical design processes');
/* Langdock: one global transform wrapper; original BREP, COPY and colour entities are unchanged. */
#6699=CARTESIAN_POINT('',(3.35,-3.8,4.75));
#6700=DIRECTION('',(0,0,1));
#6701=DIRECTION('',(1,0,0));
#6702=AXIS2_PLACEMENT_3D('',#6699,#6700,#6701);
#6703=SHAPE_REPRESENTATION('6914121200xxMB__global_transform',(#6702),#6605);
#6704=PRODUCT('6914121200xxMB__global_transform','6914121200xxMB__global_transform','',(#20011));
#6705=PRODUCT_DEFINITION_FORMATION_WITH_SPECIFIED_SOURCE('','',#6704,.NOT_KNOWN.);
#6706=PRODUCT_DEFINITION_CONTEXT('',#6698,'design');
#6707=PRODUCT_DEFINITION('','',#6705,#6706);
#6708=PRODUCT_DEFINITION_SHAPE('','',#6707);
#6709=SHAPE_DEFINITION_REPRESENTATION(#6708,#6703);
#6710=NEXT_ASSEMBLY_USAGE_OCCURRENCE('6914121200xxMB__global_transform','6914121200xxMB__global_transform','',#6707,#6641,'');
#6711=PRODUCT_DEFINITION_SHAPE(' ','NAUO PRDDFN',#6710);
#6712=ITEM_DEFINED_TRANSFORMATION('','',#3949,#6702);
#6713=(REPRESENTATION_RELATIONSHIP('','',#3945,#6703) REPRESENTATION_RELATIONSHIP_WITH_TRANSFORMATION(#6712) SHAPE_REPRESENTATION_RELATIONSHIP());
#6714=CONTEXT_DEPENDENT_SHAPE_REPRESENTATION(#6713,#6711);
ENDSEC;
END-ISO-10303-21;
