ISO-10303-21;
HEADER;
/* Generated by software containing ST-Developer
 * from STEP Tools, Inc. (www.steptools.com) 
 */
/* OPTION: strings as raw bytes, not using required /X/ escapes */

FILE_DESCRIPTION(
/* description */ ('Unknown'),
/* implementation_level */ '2;1');

FILE_NAME(
/* name */ '691412120008MB',
/* time_stamp */ '2018-02-19T14:13:16+01:00',
/* author */ ('Unknown'),
/* organization */ ('Unknown'),
/* preprocessor_version */ 'ST-DEVELOPER v16.7',
/* originating_system */ 'DEX',
/* authorisation */ $);

FILE_SCHEMA (('AUTOMOTIVE_DESIGN {1 0 10303 214 3 1 1}'));
ENDSEC;

DATA;
#10=PROPERTY_DEFINITION_REPRESENTATION(#14,#12);
#11=PROPERTY_DEFINITION_REPRESENTATION(#15,#13);
#12=REPRESENTATION('',(#16),#6653);
#13=REPRESENTATION('',(#17),#6653);
#14=PROPERTY_DEFINITION('pmi validation property','',#6672);
#15=PROPERTY_DEFINITION('pmi validation property','',#6672);
#16=VALUE_REPRESENTATION_ITEM('number of annotations',COUNT_MEASURE(0.));
#17=VALUE_REPRESENTATION_ITEM('number of views',COUNT_MEASURE(0.));
#18=B_SPLINE_SURFACE_WITH_KNOTS('',1,3,((#6072,#6073,#6074,#6075,#6076,
#6077,#6078,#6079,#6080,#6081),(#6082,#6083,#6084,#6085,#6086,#6087,#6088,
#6089,#6090,#6091)),.RULED_SURF.,.F.,.F.,.F.,(2,2),(4,2,2,2,4),(0.,1.),
(3.14159265358979,3.53429173528852,3.92699081698724,4.31968989868596,4.71238898038469),
 .UNSPECIFIED.);
#19=B_SPLINE_SURFACE_WITH_KNOTS('',1,3,((#6100,#6101,#6102,#6103,#6104,
#6105,#6106,#6107,#6108,#6109),(#6110,#6111,#6112,#6113,#6114,#6115,#6116,
#6117,#6118,#6119)),.RULED_SURF.,.F.,.F.,.F.,(2,2),(4,2,2,2,4),(0.,1.),
(1.5707963267949,1.96349540849362,2.35619449019234,2.74889357189107,3.14159265358979),
 .UNSPECIFIED.);
#20=B_SPLINE_SURFACE_WITH_KNOTS('',1,3,((#6404,#6405,#6406,#6407,#6408,
#6409,#6410,#6411,#6412,#6413),(#6414,#6415,#6416,#6417,#6418,#6419,#6420,
#6421,#6422,#6423)),.RULED_SURF.,.F.,.F.,.F.,(2,2),(4,2,2,2,4),(0.,1.),
(3.14159265358979,3.53429173528852,3.92699081698724,4.31968989868597,4.71238898038469),
 .UNSPECIFIED.);
#21=B_SPLINE_SURFACE_WITH_KNOTS('',1,3,((#6432,#6433,#6434,#6435,#6436,
#6437,#6438,#6439,#6440,#6441),(#6442,#6443,#6444,#6445,#6446,#6447,#6448,
#6449,#6450,#6451)),.RULED_SURF.,.F.,.F.,.F.,(2,2),(4,2,2,2,4),(0.,1.),
(1.5707963267949,1.96349540849362,2.35619449019234,2.74889357189107,3.14159265358979),
 .UNSPECIFIED.);
#22=CONTEXT_DEPENDENT_SHAPE_REPRESENTATION(#52,#6675);
#23=CONTEXT_DEPENDENT_SHAPE_REPRESENTATION(#53,#6677);
#24=CONTEXT_DEPENDENT_SHAPE_REPRESENTATION(#54,#6679);
#25=CONTEXT_DEPENDENT_SHAPE_REPRESENTATION(#55,#6680);
#26=CONTEXT_DEPENDENT_SHAPE_REPRESENTATION(#56,#6682);
#27=CONTEXT_DEPENDENT_SHAPE_REPRESENTATION(#57,#6684);
#28=CONTEXT_DEPENDENT_SHAPE_REPRESENTATION(#58,#6685);
#29=CONTEXT_DEPENDENT_SHAPE_REPRESENTATION(#59,#6686);
#30=CONTEXT_DEPENDENT_SHAPE_REPRESENTATION(#60,#6688);
#31=CONTEXT_DEPENDENT_SHAPE_REPRESENTATION(#61,#6689);
#32=CONTEXT_DEPENDENT_SHAPE_REPRESENTATION(#62,#6690);
#33=CONTEXT_DEPENDENT_SHAPE_REPRESENTATION(#63,#6691);
#34=CONTEXT_DEPENDENT_SHAPE_REPRESENTATION(#64,#6692);
#35=CONTEXT_DEPENDENT_SHAPE_REPRESENTATION(#65,#6693);
#36=CONTEXT_DEPENDENT_SHAPE_REPRESENTATION(#66,#6694);
#37=NEXT_ASSEMBLY_USAGE_OCCURRENCE('6914121200xxB','6914121200xxB',
'6914121200xxB',#6696,#6697,'');
#38=NEXT_ASSEMBLY_USAGE_OCCURRENCE('6914121200xx','6914121200xx',
'6914121200xx',#6696,#6698,'');
#39=NEXT_ASSEMBLY_USAGE_OCCURRENCE('6914121200xx_levier',
'6914121200xx_levier','6914121200xx_levier',#6696,#6699,'');
#40=NEXT_ASSEMBLY_USAGE_OCCURRENCE('6914121200xx_MODULE_COURT',
'6914121200xx_MODULE_COURT','6914121200xx_MODULE_COURT',#6695,#6696,'');
#41=NEXT_ASSEMBLY_USAGE_OCCURRENCE('6914121200xxB','6914121200xxB',
'6914121200xxB',#6700,#6697,'');
#42=NEXT_ASSEMBLY_USAGE_OCCURRENCE('6914121200xx_LONG',
'6914121200xx_LONG','6914121200xx_LONG',#6700,#6701,'');
#43=NEXT_ASSEMBLY_USAGE_OCCURRENCE('6914121200xx_levier',
'6914121200xx_levier','6914121200xx_levier',#6700,#6699,'');
#44=NEXT_ASSEMBLY_USAGE_OCCURRENCE('6914121200xx_MODULE_LONG',
'6914121200xx_MODULE_LONG','6914121200xx_MODULE_LONG',#6695,#6700,'');
#45=NEXT_ASSEMBLY_USAGE_OCCURRENCE('6914121200xxB_CAPOT',
'6914121200xxB_CAPOT','6914121200xxB_CAPOT',#6695,#6702,'');
#46=NEXT_ASSEMBLY_USAGE_OCCURRENCE('6914121200xx_MODULE_LONG',
'6914121200xx_MODULE_LONG','6914121200xx_MODULE_LONG',#6695,#6700,'');
#47=NEXT_ASSEMBLY_USAGE_OCCURRENCE('6914121200xx_MODULE_LONG',
'6914121200xx_MODULE_LONG','6914121200xx_MODULE_LONG',#6695,#6700,'');
#48=NEXT_ASSEMBLY_USAGE_OCCURRENCE('6914121200xx_MODULE_COURT',
'6914121200xx_MODULE_COURT','6914121200xx_MODULE_COURT',#6695,#6696,'');
#49=NEXT_ASSEMBLY_USAGE_OCCURRENCE('6914121200xx_MODULE_LONG',
'6914121200xx_MODULE_LONG','6914121200xx_MODULE_LONG',#6695,#6700,'');
#50=NEXT_ASSEMBLY_USAGE_OCCURRENCE('6914121200xx_MODULE_COURT',
'6914121200xx_MODULE_COURT','6914121200xx_MODULE_COURT',#6695,#6696,'');
#51=NEXT_ASSEMBLY_USAGE_OCCURRENCE('6914121200xx_MODULE_COURT',
'6914121200xx_MODULE_COURT','6914121200xx_MODULE_COURT',#6695,#6696,'');
#52=(
REPRESENTATION_RELATIONSHIP(' ',' ',#3965,#3966)
REPRESENTATION_RELATIONSHIP_WITH_TRANSFORMATION(#67)
SHAPE_REPRESENTATION_RELATIONSHIP()
);
#53=(
REPRESENTATION_RELATIONSHIP(' ',' ',#3967,#3966)
REPRESENTATION_RELATIONSHIP_WITH_TRANSFORMATION(#68)
SHAPE_REPRESENTATION_RELATIONSHIP()
);
#54=(
REPRESENTATION_RELATIONSHIP(' ',' ',#3968,#3966)
REPRESENTATION_RELATIONSHIP_WITH_TRANSFORMATION(#69)
SHAPE_REPRESENTATION_RELATIONSHIP()
);
#55=(
REPRESENTATION_RELATIONSHIP(' ',' ',#3966,#3969)
REPRESENTATION_RELATIONSHIP_WITH_TRANSFORMATION(#70)
SHAPE_REPRESENTATION_RELATIONSHIP()
);
#56=(
REPRESENTATION_RELATIONSHIP(' ',' ',#3965,#3970)
REPRESENTATION_RELATIONSHIP_WITH_TRANSFORMATION(#71)
SHAPE_REPRESENTATION_RELATIONSHIP()
);
#57=(
REPRESENTATION_RELATIONSHIP(' ',' ',#3971,#3970)
REPRESENTATION_RELATIONSHIP_WITH_TRANSFORMATION(#72)
SHAPE_REPRESENTATION_RELATIONSHIP()
);
#58=(
REPRESENTATION_RELATIONSHIP(' ',' ',#3968,#3970)
REPRESENTATION_RELATIONSHIP_WITH_TRANSFORMATION(#73)
SHAPE_REPRESENTATION_RELATIONSHIP()
);
#59=(
REPRESENTATION_RELATIONSHIP(' ',' ',#3970,#3969)
REPRESENTATION_RELATIONSHIP_WITH_TRANSFORMATION(#74)
SHAPE_REPRESENTATION_RELATIONSHIP()
);
#60=(
REPRESENTATION_RELATIONSHIP(' ',' ',#3972,#3969)
REPRESENTATION_RELATIONSHIP_WITH_TRANSFORMATION(#75)
SHAPE_REPRESENTATION_RELATIONSHIP()
);
#61=(
REPRESENTATION_RELATIONSHIP(' ',' ',#3970,#3969)
REPRESENTATION_RELATIONSHIP_WITH_TRANSFORMATION(#76)
SHAPE_REPRESENTATION_RELATIONSHIP()
);
#62=(
REPRESENTATION_RELATIONSHIP(' ',' ',#3970,#3969)
REPRESENTATION_RELATIONSHIP_WITH_TRANSFORMATION(#77)
SHAPE_REPRESENTATION_RELATIONSHIP()
);
#63=(
REPRESENTATION_RELATIONSHIP(' ',' ',#3966,#3969)
REPRESENTATION_RELATIONSHIP_WITH_TRANSFORMATION(#78)
SHAPE_REPRESENTATION_RELATIONSHIP()
);
#64=(
REPRESENTATION_RELATIONSHIP(' ',' ',#3970,#3969)
REPRESENTATION_RELATIONSHIP_WITH_TRANSFORMATION(#79)
SHAPE_REPRESENTATION_RELATIONSHIP()
);
#65=(
REPRESENTATION_RELATIONSHIP(' ',' ',#3966,#3969)
REPRESENTATION_RELATIONSHIP_WITH_TRANSFORMATION(#80)
SHAPE_REPRESENTATION_RELATIONSHIP()
);
#66=(
REPRESENTATION_RELATIONSHIP(' ',' ',#3966,#3969)
REPRESENTATION_RELATIONSHIP_WITH_TRANSFORMATION(#81)
SHAPE_REPRESENTATION_RELATIONSHIP()
);
#67=ITEM_DEFINED_TRANSFORMATION(' ',' ',#3973,#4109);
#68=ITEM_DEFINED_TRANSFORMATION(' ',' ',#3973,#4160);
#69=ITEM_DEFINED_TRANSFORMATION(' ',' ',#3973,#4190);
#70=ITEM_DEFINED_TRANSFORMATION(' ',' ',#3973,#4191);
#71=ITEM_DEFINED_TRANSFORMATION(' ',' ',#3973,#4192);
#72=ITEM_DEFINED_TRANSFORMATION(' ',' ',#3973,#4241);
#73=ITEM_DEFINED_TRANSFORMATION(' ',' ',#3973,#4242);
#74=ITEM_DEFINED_TRANSFORMATION(' ',' ',#3973,#4243);
#75=ITEM_DEFINED_TRANSFORMATION(' ',' ',#3973,#4293);
#76=ITEM_DEFINED_TRANSFORMATION(' ',' ',#3973,#4294);
#77=ITEM_DEFINED_TRANSFORMATION(' ',' ',#3973,#4295);
#78=ITEM_DEFINED_TRANSFORMATION(' ',' ',#3973,#4296);
#79=ITEM_DEFINED_TRANSFORMATION(' ',' ',#3973,#4297);
#80=ITEM_DEFINED_TRANSFORMATION(' ',' ',#3973,#4298);
#81=ITEM_DEFINED_TRANSFORMATION(' ',' ',#3973,#4299);
#82=SHAPE_REPRESENTATION_RELATIONSHIP('','',#3965,#87);
#83=SHAPE_REPRESENTATION_RELATIONSHIP('','',#3967,#88);
#84=SHAPE_REPRESENTATION_RELATIONSHIP('','',#3968,#89);
#85=SHAPE_REPRESENTATION_RELATIONSHIP('','',#3971,#90);
#86=SHAPE_REPRESENTATION_RELATIONSHIP('','',#3972,#91);
#87=ADVANCED_BREP_SHAPE_REPRESENTATION('',(#3952),#6655);
#88=ADVANCED_BREP_SHAPE_REPRESENTATION('',(#3953),#6656);
#89=ADVANCED_BREP_SHAPE_REPRESENTATION('',(#3954),#6657);
#90=ADVANCED_BREP_SHAPE_REPRESENTATION('',(#3955),#6659);
#91=ADVANCED_BREP_SHAPE_REPRESENTATION('',(#3956),#6660);
#92=(
BOUNDED_SURFACE()
B_SPLINE_SURFACE(3,2,((#5829,#5830,#5831),(#5832,#5833,#5834),(#5835,#5836,
#5837),(#5838,#5839,#5840),(#5841,#5842,#5843)),.UNSPECIFIED.,.F.,.F.,.F.)
B_SPLINE_SURFACE_WITH_KNOTS((4,1,4),(3,3),(0.00502885966086782,0.00759838278944212,
0.0101679059180164),(0.,1.),.UNSPECIFIED.)
GEOMETRIC_REPRESENTATION_ITEM()
RATIONAL_B_SPLINE_SURFACE(((1.,0.746239199086136,1.),(1.,0.794108470905007,
1.),(1.,0.882931933228443,1.),(1.,0.953291843534208,1.),(1.,0.976274564789259,
1.)))
REPRESENTATION_ITEM('')
SURFACE()
);
#93=(
BOUNDED_SURFACE()
B_SPLINE_SURFACE(3,2,((#5844,#5845,#5846),(#5847,#5848,#5849),(#5850,#5851,
#5852),(#5853,#5854,#5855),(#5856,#5857,#5858)),.UNSPECIFIED.,.F.,.F.,.F.)
B_SPLINE_SURFACE_WITH_KNOTS((4,1,4),(3,3),(0.00433358405311078,0.0069036933128062,
0.00947380257250162),(0.,1.),.UNSPECIFIED.)
GEOMETRIC_REPRESENTATION_ITEM()
RATIONAL_B_SPLINE_SURFACE(((1.,0.746238985948357,1.),(1.,0.794114298173991,
1.),(1.,0.882942950747807,1.),(1.,0.953274694876628,1.),(1.,0.976275188405917,
1.)))
REPRESENTATION_ITEM('')
SURFACE()
);
#94=CONICAL_SURFACE('',#3996,1.65,0.163624617374468);
#95=CONICAL_SURFACE('',#4084,1.275,0.0872664625997165);
#96=CYLINDRICAL_SURFACE('',#3993,0.75);
#97=CYLINDRICAL_SURFACE('',#3994,0.75);
#98=CYLINDRICAL_SURFACE('',#4022,0.75);
#99=CYLINDRICAL_SURFACE('',#4024,0.75);
#100=CYLINDRICAL_SURFACE('',#4030,1.15);
#101=CYLINDRICAL_SURFACE('',#4036,0.75);
#102=CYLINDRICAL_SURFACE('',#4041,0.75);
#103=CYLINDRICAL_SURFACE('',#4044,1.35);
#104=CYLINDRICAL_SURFACE('',#4060,0.9);
#105=CYLINDRICAL_SURFACE('',#4064,0.6);
#106=CYLINDRICAL_SURFACE('',#4067,0.6);
#107=CYLINDRICAL_SURFACE('',#4070,0.6);
#108=CYLINDRICAL_SURFACE('',#4073,0.6);
#109=CYLINDRICAL_SURFACE('',#4076,0.6);
#110=CYLINDRICAL_SURFACE('',#4085,0.6);
#111=CYLINDRICAL_SURFACE('',#4088,0.6);
#112=CYLINDRICAL_SURFACE('',#4091,0.6);
#113=CYLINDRICAL_SURFACE('',#4094,0.6);
#114=CYLINDRICAL_SURFACE('',#4097,0.6);
#115=CYLINDRICAL_SURFACE('',#4122,0.93875);
#116=CYLINDRICAL_SURFACE('',#4124,1.33875);
#117=CYLINDRICAL_SURFACE('',#4129,0.41);
#118=CYLINDRICAL_SURFACE('',#4132,0.41);
#119=CYLINDRICAL_SURFACE('',#4135,0.41);
#120=CYLINDRICAL_SURFACE('',#4138,0.00999999999999997);
#121=CYLINDRICAL_SURFACE('',#4141,0.81);
#122=CYLINDRICAL_SURFACE('',#4144,0.00999999999999997);
#123=CYLINDRICAL_SURFACE('',#4156,0.9);
#124=CYLINDRICAL_SURFACE('',#4157,0.5);
#125=CYLINDRICAL_SURFACE('',#4173,1.15);
#126=CYLINDRICAL_SURFACE('',#4175,1.15);
#127=CYLINDRICAL_SURFACE('',#4188,0.35);
#128=CYLINDRICAL_SURFACE('',#4189,0.35);
#129=CYLINDRICAL_SURFACE('',#4203,0.94);
#130=CYLINDRICAL_SURFACE('',#4206,1.34);
#131=CYLINDRICAL_SURFACE('',#4208,1.4);
#132=CYLINDRICAL_SURFACE('',#4211,1.);
#133=CYLINDRICAL_SURFACE('',#4214,1.);
#134=CYLINDRICAL_SURFACE('',#4220,1.4);
#135=CYLINDRICAL_SURFACE('',#4223,0.6);
#136=CYLINDRICAL_SURFACE('',#4226,1.);
#137=CYLINDRICAL_SURFACE('',#4237,0.9);
#138=CYLINDRICAL_SURFACE('',#4238,0.5);
#139=CYLINDRICAL_SURFACE('',#4276,0.6);
#140=CYLINDRICAL_SURFACE('',#4277,0.6);
#141=CYLINDRICAL_SURFACE('',#4278,0.6);
#142=CYLINDRICAL_SURFACE('',#4279,0.6);
#143=CYLINDRICAL_SURFACE('',#4280,0.6);
#144=CYLINDRICAL_SURFACE('',#4290,0.75);
#145=CYLINDRICAL_SURFACE('',#4291,0.75);
#146=CYLINDRICAL_SURFACE('',#4292,0.75);
#147=B_SPLINE_CURVE_WITH_KNOTS('',3,(#5444,#5445,#5446,#5447),
 .UNSPECIFIED.,.F.,.F.,(4,4),(2.16840434497101E-19,0.00102526699101267),
 .UNSPECIFIED.);
#148=B_SPLINE_CURVE_WITH_KNOTS('',3,(#5451,#5452,#5453,#5454),
 .UNSPECIFIED.,.F.,.F.,(4,4),(2.16840434497101E-19,0.00102527771059628),
 .UNSPECIFIED.);
#149=B_SPLINE_CURVE_WITH_KNOTS('',3,(#5468,#5469,#5470,#5471),
 .UNSPECIFIED.,.F.,.F.,(4,4),(3.65933918672991E-19,0.000240671666046337),
 .UNSPECIFIED.);
#150=B_SPLINE_CURVE_WITH_KNOTS('',3,(#5483,#5484,#5485,#5486),
 .UNSPECIFIED.,.F.,.F.,(4,4),(0.,0.0002406716660463),.UNSPECIFIED.);
#151=B_SPLINE_CURVE_WITH_KNOTS('',3,(#5488,#5489,#5490,#5491),
 .UNSPECIFIED.,.F.,.F.,(4,4),(0.,7.89461848001962E-5),.UNSPECIFIED.);
#152=B_SPLINE_CURVE_WITH_KNOTS('',3,(#5495,#5496,#5497,#5498),
 .UNSPECIFIED.,.F.,.F.,(4,4),(5.42101086242752E-20,7.89461848001714E-5),
 .UNSPECIFIED.);
#153=B_SPLINE_CURVE_WITH_KNOTS('',3,(#5507,#5508,#5509,#5510),
 .UNSPECIFIED.,.F.,.F.,(4,4),(2.00341403184532E-7,0.000602507745816337),
 .UNSPECIFIED.);
#154=B_SPLINE_CURVE_WITH_KNOTS('',3,(#5512,#5513,#5514,#5515),
 .UNSPECIFIED.,.F.,.F.,(4,4),(2.97254142750141E-7,0.000602896571080477),
 .UNSPECIFIED.);
#155=B_SPLINE_CURVE_WITH_KNOTS('',3,(#5518,#5519,#5520,#5521),
 .UNSPECIFIED.,.F.,.F.,(4,4),(0.,0.00475628594048909),.UNSPECIFIED.);
#156=B_SPLINE_CURVE_WITH_KNOTS('',3,(#5522,#5523,#5524,#5525),
 .UNSPECIFIED.,.F.,.F.,(4,4),(2.6638453342705E-17,0.00475550022855109),
 .UNSPECIFIED.);
#157=B_SPLINE_CURVE_WITH_KNOTS('',3,(#5821,#5822,#5823,#5824),
 .UNSPECIFIED.,.F.,.F.,(4,4),(0.,0.00501355711891384),.UNSPECIFIED.);
#158=B_SPLINE_CURVE_WITH_KNOTS('',3,(#5825,#5826,#5827,#5828),
 .UNSPECIFIED.,.F.,.F.,(4,4),(0.,0.00501437660338603),.UNSPECIFIED.);
#159=B_SPLINE_CURVE_WITH_KNOTS('',3,(#6092,#6093,#6094,#6095),
 .UNSPECIFIED.,.F.,.F.,(4,4),(3.14159265358979,4.71238898038469),
 .UNSPECIFIED.);
#160=B_SPLINE_CURVE_WITH_KNOTS('',3,(#6096,#6097,#6098,#6099),
 .UNSPECIFIED.,.F.,.F.,(4,4),(3.14159265358979,4.71238898038469),
 .UNSPECIFIED.);
#161=B_SPLINE_CURVE_WITH_KNOTS('',3,(#6120,#6121,#6122,#6123),
 .UNSPECIFIED.,.F.,.F.,(4,4),(1.5707963267949,3.14159265358979),
 .UNSPECIFIED.);
#162=B_SPLINE_CURVE_WITH_KNOTS('',3,(#6124,#6125,#6126,#6127),
 .UNSPECIFIED.,.F.,.F.,(4,4),(1.5707963267949,3.14159265358979),
 .UNSPECIFIED.);
#163=B_SPLINE_CURVE_WITH_KNOTS('',3,(#6203,#6204,#6205,#6206),
 .UNSPECIFIED.,.F.,.F.,(4,4),(0.,0.000412784466563118),.UNSPECIFIED.);
#164=B_SPLINE_CURVE_WITH_KNOTS('',3,(#6208,#6209,#6210,#6211),
 .UNSPECIFIED.,.F.,.F.,(4,4),(0.,0.000146616742573363),.UNSPECIFIED.);
#165=B_SPLINE_CURVE_WITH_KNOTS('',3,(#6424,#6425,#6426,#6427),
 .UNSPECIFIED.,.F.,.F.,(4,4),(3.14159265358979,4.71238898038469),
 .UNSPECIFIED.);
#166=B_SPLINE_CURVE_WITH_KNOTS('',3,(#6428,#6429,#6430,#6431),
 .UNSPECIFIED.,.F.,.F.,(4,4),(3.14159265358979,4.71238898038469),
 .UNSPECIFIED.);
#167=B_SPLINE_CURVE_WITH_KNOTS('',3,(#6452,#6453,#6454,#6455),
 .UNSPECIFIED.,.F.,.F.,(4,4),(1.5707963267949,3.14159265358979),
 .UNSPECIFIED.);
#168=B_SPLINE_CURVE_WITH_KNOTS('',3,(#6456,#6457,#6458,#6459),
 .UNSPECIFIED.,.F.,.F.,(4,4),(1.5707963267949,3.14159265358979),
 .UNSPECIFIED.);
#169=ELLIPSE('',#3984,1.36062243137658,1.27791846459594);
#170=ELLIPSE('',#3986,1.42743224170756,1.28585186284822);
#171=ELLIPSE('',#3988,1.42743224170756,1.28585186284822);
#172=ELLIPSE('',#3990,0.992125762394924,0.903272302311237);
#173=ELLIPSE('',#3992,0.910533921786671,0.824536960599042);
#174=ELLIPSE('',#4162,0.47762432936357,0.35);
#175=ELLIPSE('',#4165,0.514364662391537,0.35);
#176=ELLIPSE('',#4171,0.514364662391537,0.35);
#177=ELLIPSE('',#4172,0.514364662391537,0.35);
#178=ELLIPSE('',#4174,1.56933708219459,1.15);
#179=ELLIPSE('',#4176,1.56933708219459,1.15);
#180=CIRCLE('',#3975,0.6);
#181=CIRCLE('',#3976,0.6);
#182=CIRCLE('',#3977,0.6);
#183=CIRCLE('',#3978,0.6);
#184=CIRCLE('',#3979,0.6);
#185=CIRCLE('',#3980,0.75);
#186=CIRCLE('',#3981,0.75);
#187=CIRCLE('',#3982,0.75);
#188=CIRCLE('',#3987,1.65);
#189=CIRCLE('',#3995,0.75);
#190=CIRCLE('',#3998,0.75);
#191=CIRCLE('',#3999,1.35);
#192=CIRCLE('',#4000,0.75);
#193=CIRCLE('',#4001,0.6);
#194=CIRCLE('',#4002,0.6);
#195=CIRCLE('',#4007,0.6);
#196=CIRCLE('',#4008,0.6);
#197=CIRCLE('',#4009,1.15);
#198=CIRCLE('',#4010,0.75);
#199=CIRCLE('',#4012,0.75);
#200=CIRCLE('',#4023,0.749999999999944);
#201=CIRCLE('',#4031,1.14999999999999);
#202=CIRCLE('',#4037,0.749999999999977);
#203=CIRCLE('',#4042,0.75);
#204=CIRCLE('',#4045,1.35);
#205=CIRCLE('',#4053,0.899999999999999);
#206=CIRCLE('',#4055,0.6);
#207=CIRCLE('',#4056,0.9);
#208=CIRCLE('',#4065,0.6);
#209=CIRCLE('',#4068,0.6);
#210=CIRCLE('',#4071,0.6);
#211=CIRCLE('',#4074,0.6);
#212=CIRCLE('',#4077,0.6);
#213=CIRCLE('',#4086,0.6);
#214=CIRCLE('',#4089,0.6);
#215=CIRCLE('',#4092,0.6);
#216=CIRCLE('',#4095,0.6);
#217=CIRCLE('',#4098,0.6);
#218=CIRCLE('',#4116,1.33875);
#219=CIRCLE('',#4117,0.93875);
#220=CIRCLE('',#4120,0.93875);
#221=CIRCLE('',#4121,1.33875);
#222=CIRCLE('',#4130,0.41);
#223=CIRCLE('',#4131,0.41);
#224=CIRCLE('',#4133,0.41);
#225=CIRCLE('',#4134,0.41);
#226=CIRCLE('',#4136,0.41);
#227=CIRCLE('',#4137,0.41);
#228=CIRCLE('',#4139,0.00999999999999997);
#229=CIRCLE('',#4140,0.00999999999999997);
#230=CIRCLE('',#4142,0.81);
#231=CIRCLE('',#4143,0.81);
#232=CIRCLE('',#4145,0.00999999999999997);
#233=CIRCLE('',#4146,0.00999999999999997);
#234=CIRCLE('',#4149,0.9);
#235=CIRCLE('',#4150,0.5);
#236=CIRCLE('',#4153,0.5);
#237=CIRCLE('',#4154,0.9);
#238=CIRCLE('',#4164,1.15);
#239=CIRCLE('',#4166,1.15);
#240=CIRCLE('',#4170,1.15);
#241=CIRCLE('',#4196,1.34);
#242=CIRCLE('',#4197,0.94);
#243=CIRCLE('',#4200,0.94);
#244=CIRCLE('',#4201,1.34);
#245=CIRCLE('',#4209,1.4);
#246=CIRCLE('',#4210,1.4);
#247=CIRCLE('',#4212,1.);
#248=CIRCLE('',#4213,1.);
#249=CIRCLE('',#4215,1.);
#250=CIRCLE('',#4216,1.);
#251=CIRCLE('',#4221,1.4);
#252=CIRCLE('',#4222,1.4);
#253=CIRCLE('',#4224,0.6);
#254=CIRCLE('',#4225,0.6);
#255=CIRCLE('',#4227,1.);
#256=CIRCLE('',#4228,1.);
#257=CIRCLE('',#4231,0.5);
#258=CIRCLE('',#4232,0.9);
#259=CIRCLE('',#4235,0.9);
#260=CIRCLE('',#4236,0.5);
#261=CIRCLE('',#4245,0.75);
#262=CIRCLE('',#4246,0.75);
#263=CIRCLE('',#4247,0.75);
#264=CIRCLE('',#4248,0.6);
#265=CIRCLE('',#4249,0.6);
#266=CIRCLE('',#4250,0.6);
#267=CIRCLE('',#4251,0.6);
#268=CIRCLE('',#4252,0.6);
#269=CIRCLE('',#4255,0.6);
#270=CIRCLE('',#4256,0.6);
#271=CIRCLE('',#4257,0.75);
#272=CIRCLE('',#4258,0.75);
#273=CIRCLE('',#4259,0.75);
#274=CIRCLE('',#4260,0.6);
#275=CIRCLE('',#4261,0.6);
#276=CIRCLE('',#4262,0.6);
#277=ORIENTED_EDGE('',*,*,#1347,.T.);
#278=ORIENTED_EDGE('',*,*,#1348,.T.);
#279=ORIENTED_EDGE('',*,*,#1349,.T.);
#280=ORIENTED_EDGE('',*,*,#1350,.T.);
#281=ORIENTED_EDGE('',*,*,#1351,.T.);
#282=ORIENTED_EDGE('',*,*,#1352,.T.);
#283=ORIENTED_EDGE('',*,*,#1353,.T.);
#284=ORIENTED_EDGE('',*,*,#1354,.T.);
#285=ORIENTED_EDGE('',*,*,#1355,.T.);
#286=ORIENTED_EDGE('',*,*,#1356,.T.);
#287=ORIENTED_EDGE('',*,*,#1357,.F.);
#288=ORIENTED_EDGE('',*,*,#1358,.T.);
#289=ORIENTED_EDGE('',*,*,#1359,.F.);
#290=ORIENTED_EDGE('',*,*,#1360,.T.);
#291=ORIENTED_EDGE('',*,*,#1361,.F.);
#292=ORIENTED_EDGE('',*,*,#1362,.F.);
#293=ORIENTED_EDGE('',*,*,#1363,.F.);
#294=ORIENTED_EDGE('',*,*,#1364,.F.);
#295=ORIENTED_EDGE('',*,*,#1365,.F.);
#296=ORIENTED_EDGE('',*,*,#1366,.F.);
#297=ORIENTED_EDGE('',*,*,#1367,.F.);
#298=ORIENTED_EDGE('',*,*,#1368,.F.);
#299=ORIENTED_EDGE('',*,*,#1369,.F.);
#300=ORIENTED_EDGE('',*,*,#1370,.F.);
#301=ORIENTED_EDGE('',*,*,#1371,.F.);
#302=ORIENTED_EDGE('',*,*,#1372,.F.);
#303=ORIENTED_EDGE('',*,*,#1373,.T.);
#304=ORIENTED_EDGE('',*,*,#1374,.F.);
#305=ORIENTED_EDGE('',*,*,#1375,.T.);
#306=ORIENTED_EDGE('',*,*,#1376,.T.);
#307=ORIENTED_EDGE('',*,*,#1357,.T.);
#308=ORIENTED_EDGE('',*,*,#1377,.F.);
#309=ORIENTED_EDGE('',*,*,#1378,.T.);
#310=ORIENTED_EDGE('',*,*,#1379,.T.);
#311=ORIENTED_EDGE('',*,*,#1374,.T.);
#312=ORIENTED_EDGE('',*,*,#1380,.T.);
#313=ORIENTED_EDGE('',*,*,#1381,.F.);
#314=ORIENTED_EDGE('',*,*,#1382,.T.);
#315=ORIENTED_EDGE('',*,*,#1383,.F.);
#316=ORIENTED_EDGE('',*,*,#1384,.T.);
#317=ORIENTED_EDGE('',*,*,#1385,.T.);
#318=ORIENTED_EDGE('',*,*,#1386,.T.);
#319=ORIENTED_EDGE('',*,*,#1387,.T.);
#320=ORIENTED_EDGE('',*,*,#1388,.T.);
#321=ORIENTED_EDGE('',*,*,#1389,.T.);
#322=ORIENTED_EDGE('',*,*,#1390,.T.);
#323=ORIENTED_EDGE('',*,*,#1391,.T.);
#324=ORIENTED_EDGE('',*,*,#1392,.T.);
#325=ORIENTED_EDGE('',*,*,#1393,.F.);
#326=ORIENTED_EDGE('',*,*,#1394,.T.);
#327=ORIENTED_EDGE('',*,*,#1359,.T.);
#328=ORIENTED_EDGE('',*,*,#1395,.T.);
#329=ORIENTED_EDGE('',*,*,#1396,.F.);
#330=ORIENTED_EDGE('',*,*,#1397,.T.);
#331=ORIENTED_EDGE('',*,*,#1398,.F.);
#332=ORIENTED_EDGE('',*,*,#1399,.F.);
#333=ORIENTED_EDGE('',*,*,#1400,.T.);
#334=ORIENTED_EDGE('',*,*,#1401,.T.);
#335=ORIENTED_EDGE('',*,*,#1402,.F.);
#336=ORIENTED_EDGE('',*,*,#1403,.T.);
#337=ORIENTED_EDGE('',*,*,#1398,.T.);
#338=ORIENTED_EDGE('',*,*,#1404,.T.);
#339=ORIENTED_EDGE('',*,*,#1405,.F.);
#340=ORIENTED_EDGE('',*,*,#1406,.T.);
#341=ORIENTED_EDGE('',*,*,#1402,.T.);
#342=ORIENTED_EDGE('',*,*,#1407,.T.);
#343=ORIENTED_EDGE('',*,*,#1408,.F.);
#344=ORIENTED_EDGE('',*,*,#1409,.F.);
#345=ORIENTED_EDGE('',*,*,#1410,.F.);
#346=ORIENTED_EDGE('',*,*,#1386,.F.);
#347=ORIENTED_EDGE('',*,*,#1411,.T.);
#348=ORIENTED_EDGE('',*,*,#1395,.F.);
#349=ORIENTED_EDGE('',*,*,#1358,.F.);
#350=ORIENTED_EDGE('',*,*,#1392,.F.);
#351=ORIENTED_EDGE('',*,*,#1412,.T.);
#352=ORIENTED_EDGE('',*,*,#1384,.F.);
#353=ORIENTED_EDGE('',*,*,#1413,.F.);
#354=ORIENTED_EDGE('',*,*,#1389,.F.);
#355=ORIENTED_EDGE('',*,*,#1414,.T.);
#356=ORIENTED_EDGE('',*,*,#1396,.T.);
#357=ORIENTED_EDGE('',*,*,#1415,.T.);
#358=ORIENTED_EDGE('',*,*,#1416,.T.);
#359=ORIENTED_EDGE('',*,*,#1417,.T.);
#360=ORIENTED_EDGE('',*,*,#1418,.T.);
#361=ORIENTED_EDGE('',*,*,#1393,.T.);
#362=ORIENTED_EDGE('',*,*,#1413,.T.);
#363=ORIENTED_EDGE('',*,*,#1383,.T.);
#364=ORIENTED_EDGE('',*,*,#1419,.F.);
#365=ORIENTED_EDGE('',*,*,#1407,.F.);
#366=ORIENTED_EDGE('',*,*,#1401,.F.);
#367=ORIENTED_EDGE('',*,*,#1420,.F.);
#368=ORIENTED_EDGE('',*,*,#1421,.F.);
#369=ORIENTED_EDGE('',*,*,#1422,.F.);
#370=ORIENTED_EDGE('',*,*,#1423,.F.);
#371=ORIENTED_EDGE('',*,*,#1424,.F.);
#372=ORIENTED_EDGE('',*,*,#1425,.F.);
#373=ORIENTED_EDGE('',*,*,#1426,.T.);
#374=ORIENTED_EDGE('',*,*,#1427,.T.);
#375=ORIENTED_EDGE('',*,*,#1428,.T.);
#376=ORIENTED_EDGE('',*,*,#1429,.T.);
#377=ORIENTED_EDGE('',*,*,#1430,.T.);
#378=ORIENTED_EDGE('',*,*,#1431,.F.);
#379=ORIENTED_EDGE('',*,*,#1432,.T.);
#380=ORIENTED_EDGE('',*,*,#1433,.F.);
#381=ORIENTED_EDGE('',*,*,#1434,.F.);
#382=ORIENTED_EDGE('',*,*,#1367,.T.);
#383=ORIENTED_EDGE('',*,*,#1435,.T.);
#384=ORIENTED_EDGE('',*,*,#1436,.T.);
#385=ORIENTED_EDGE('',*,*,#1430,.F.);
#386=ORIENTED_EDGE('',*,*,#1366,.T.);
#387=ORIENTED_EDGE('',*,*,#1437,.T.);
#388=ORIENTED_EDGE('',*,*,#1438,.T.);
#389=ORIENTED_EDGE('',*,*,#1435,.F.);
#390=ORIENTED_EDGE('',*,*,#1365,.T.);
#391=ORIENTED_EDGE('',*,*,#1439,.F.);
#392=ORIENTED_EDGE('',*,*,#1440,.F.);
#393=ORIENTED_EDGE('',*,*,#1433,.T.);
#394=ORIENTED_EDGE('',*,*,#1441,.T.);
#395=ORIENTED_EDGE('',*,*,#1442,.F.);
#396=ORIENTED_EDGE('',*,*,#1443,.F.);
#397=ORIENTED_EDGE('',*,*,#1444,.F.);
#398=ORIENTED_EDGE('',*,*,#1445,.F.);
#399=ORIENTED_EDGE('',*,*,#1446,.F.);
#400=ORIENTED_EDGE('',*,*,#1447,.F.);
#401=ORIENTED_EDGE('',*,*,#1448,.F.);
#402=ORIENTED_EDGE('',*,*,#1449,.F.);
#403=ORIENTED_EDGE('',*,*,#1450,.F.);
#404=ORIENTED_EDGE('',*,*,#1451,.T.);
#405=ORIENTED_EDGE('',*,*,#1452,.T.);
#406=ORIENTED_EDGE('',*,*,#1453,.T.);
#407=ORIENTED_EDGE('',*,*,#1454,.T.);
#408=ORIENTED_EDGE('',*,*,#1455,.T.);
#409=ORIENTED_EDGE('',*,*,#1456,.T.);
#410=ORIENTED_EDGE('',*,*,#1457,.F.);
#411=ORIENTED_EDGE('',*,*,#1458,.T.);
#412=ORIENTED_EDGE('',*,*,#1459,.F.);
#413=ORIENTED_EDGE('',*,*,#1460,.F.);
#414=ORIENTED_EDGE('',*,*,#1461,.F.);
#415=ORIENTED_EDGE('',*,*,#1452,.F.);
#416=ORIENTED_EDGE('',*,*,#1462,.T.);
#417=ORIENTED_EDGE('',*,*,#1372,.T.);
#418=ORIENTED_EDGE('',*,*,#1463,.T.);
#419=ORIENTED_EDGE('',*,*,#1453,.F.);
#420=ORIENTED_EDGE('',*,*,#1463,.F.);
#421=ORIENTED_EDGE('',*,*,#1371,.T.);
#422=ORIENTED_EDGE('',*,*,#1464,.T.);
#423=ORIENTED_EDGE('',*,*,#1454,.F.);
#424=ORIENTED_EDGE('',*,*,#1464,.F.);
#425=ORIENTED_EDGE('',*,*,#1370,.T.);
#426=ORIENTED_EDGE('',*,*,#1465,.T.);
#427=ORIENTED_EDGE('',*,*,#1455,.F.);
#428=ORIENTED_EDGE('',*,*,#1465,.F.);
#429=ORIENTED_EDGE('',*,*,#1369,.T.);
#430=ORIENTED_EDGE('',*,*,#1466,.T.);
#431=ORIENTED_EDGE('',*,*,#1456,.F.);
#432=ORIENTED_EDGE('',*,*,#1466,.F.);
#433=ORIENTED_EDGE('',*,*,#1368,.T.);
#434=ORIENTED_EDGE('',*,*,#1434,.T.);
#435=ORIENTED_EDGE('',*,*,#1467,.F.);
#436=ORIENTED_EDGE('',*,*,#1468,.T.);
#437=ORIENTED_EDGE('',*,*,#1441,.F.);
#438=ORIENTED_EDGE('',*,*,#1432,.F.);
#439=ORIENTED_EDGE('',*,*,#1469,.F.);
#440=ORIENTED_EDGE('',*,*,#1437,.F.);
#441=ORIENTED_EDGE('',*,*,#1364,.T.);
#442=ORIENTED_EDGE('',*,*,#1470,.T.);
#443=ORIENTED_EDGE('',*,*,#1471,.T.);
#444=ORIENTED_EDGE('',*,*,#1472,.T.);
#445=ORIENTED_EDGE('',*,*,#1416,.F.);
#446=ORIENTED_EDGE('',*,*,#1473,.F.);
#447=ORIENTED_EDGE('',*,*,#1474,.F.);
#448=ORIENTED_EDGE('',*,*,#1475,.T.);
#449=ORIENTED_EDGE('',*,*,#1458,.F.);
#450=ORIENTED_EDGE('',*,*,#1476,.F.);
#451=ORIENTED_EDGE('',*,*,#1477,.F.);
#452=ORIENTED_EDGE('',*,*,#1470,.F.);
#453=ORIENTED_EDGE('',*,*,#1363,.T.);
#454=ORIENTED_EDGE('',*,*,#1478,.T.);
#455=ORIENTED_EDGE('',*,*,#1479,.F.);
#456=ORIENTED_EDGE('',*,*,#1478,.F.);
#457=ORIENTED_EDGE('',*,*,#1362,.T.);
#458=ORIENTED_EDGE('',*,*,#1480,.T.);
#459=ORIENTED_EDGE('',*,*,#1481,.T.);
#460=ORIENTED_EDGE('',*,*,#1480,.F.);
#461=ORIENTED_EDGE('',*,*,#1361,.T.);
#462=ORIENTED_EDGE('',*,*,#1482,.T.);
#463=ORIENTED_EDGE('',*,*,#1417,.F.);
#464=ORIENTED_EDGE('',*,*,#1472,.F.);
#465=ORIENTED_EDGE('',*,*,#1483,.F.);
#466=ORIENTED_EDGE('',*,*,#1484,.F.);
#467=ORIENTED_EDGE('',*,*,#1380,.F.);
#468=ORIENTED_EDGE('',*,*,#1373,.F.);
#469=ORIENTED_EDGE('',*,*,#1462,.F.);
#470=ORIENTED_EDGE('',*,*,#1451,.F.);
#471=ORIENTED_EDGE('',*,*,#1360,.F.);
#472=ORIENTED_EDGE('',*,*,#1394,.F.);
#473=ORIENTED_EDGE('',*,*,#1418,.F.);
#474=ORIENTED_EDGE('',*,*,#1482,.F.);
#475=ORIENTED_EDGE('',*,*,#1483,.T.);
#476=ORIENTED_EDGE('',*,*,#1450,.T.);
#477=ORIENTED_EDGE('',*,*,#1485,.F.);
#478=ORIENTED_EDGE('',*,*,#1486,.F.);
#479=ORIENTED_EDGE('',*,*,#1449,.T.);
#480=ORIENTED_EDGE('',*,*,#1487,.F.);
#481=ORIENTED_EDGE('',*,*,#1488,.F.);
#482=ORIENTED_EDGE('',*,*,#1485,.T.);
#483=ORIENTED_EDGE('',*,*,#1448,.T.);
#484=ORIENTED_EDGE('',*,*,#1489,.F.);
#485=ORIENTED_EDGE('',*,*,#1490,.F.);
#486=ORIENTED_EDGE('',*,*,#1491,.F.);
#487=ORIENTED_EDGE('',*,*,#1487,.T.);
#488=ORIENTED_EDGE('',*,*,#1447,.T.);
#489=ORIENTED_EDGE('',*,*,#1492,.F.);
#490=ORIENTED_EDGE('',*,*,#1493,.F.);
#491=ORIENTED_EDGE('',*,*,#1489,.T.);
#492=ORIENTED_EDGE('',*,*,#1446,.T.);
#493=ORIENTED_EDGE('',*,*,#1494,.F.);
#494=ORIENTED_EDGE('',*,*,#1495,.F.);
#495=ORIENTED_EDGE('',*,*,#1492,.T.);
#496=ORIENTED_EDGE('',*,*,#1445,.T.);
#497=ORIENTED_EDGE('',*,*,#1496,.F.);
#498=ORIENTED_EDGE('',*,*,#1497,.F.);
#499=ORIENTED_EDGE('',*,*,#1498,.T.);
#500=ORIENTED_EDGE('',*,*,#1494,.T.);
#501=ORIENTED_EDGE('',*,*,#1444,.T.);
#502=ORIENTED_EDGE('',*,*,#1499,.F.);
#503=ORIENTED_EDGE('',*,*,#1500,.F.);
#504=ORIENTED_EDGE('',*,*,#1496,.T.);
#505=ORIENTED_EDGE('',*,*,#1443,.T.);
#506=ORIENTED_EDGE('',*,*,#1501,.F.);
#507=ORIENTED_EDGE('',*,*,#1502,.F.);
#508=ORIENTED_EDGE('',*,*,#1499,.T.);
#509=ORIENTED_EDGE('',*,*,#1442,.T.);
#510=ORIENTED_EDGE('',*,*,#1468,.F.);
#511=ORIENTED_EDGE('',*,*,#1503,.F.);
#512=ORIENTED_EDGE('',*,*,#1501,.T.);
#513=ORIENTED_EDGE('',*,*,#1457,.T.);
#514=ORIENTED_EDGE('',*,*,#1504,.F.);
#515=ORIENTED_EDGE('',*,*,#1505,.F.);
#516=ORIENTED_EDGE('',*,*,#1476,.T.);
#517=ORIENTED_EDGE('',*,*,#1461,.T.);
#518=ORIENTED_EDGE('',*,*,#1506,.F.);
#519=ORIENTED_EDGE('',*,*,#1507,.F.);
#520=ORIENTED_EDGE('',*,*,#1504,.T.);
#521=ORIENTED_EDGE('',*,*,#1460,.T.);
#522=ORIENTED_EDGE('',*,*,#1508,.F.);
#523=ORIENTED_EDGE('',*,*,#1509,.F.);
#524=ORIENTED_EDGE('',*,*,#1506,.T.);
#525=ORIENTED_EDGE('',*,*,#1459,.T.);
#526=ORIENTED_EDGE('',*,*,#1475,.F.);
#527=ORIENTED_EDGE('',*,*,#1510,.F.);
#528=ORIENTED_EDGE('',*,*,#1508,.T.);
#529=ORIENTED_EDGE('',*,*,#1423,.T.);
#530=ORIENTED_EDGE('',*,*,#1511,.F.);
#531=ORIENTED_EDGE('',*,*,#1512,.F.);
#532=ORIENTED_EDGE('',*,*,#1473,.T.);
#533=ORIENTED_EDGE('',*,*,#1422,.T.);
#534=ORIENTED_EDGE('',*,*,#1513,.F.);
#535=ORIENTED_EDGE('',*,*,#1514,.F.);
#536=ORIENTED_EDGE('',*,*,#1511,.T.);
#537=ORIENTED_EDGE('',*,*,#1421,.T.);
#538=ORIENTED_EDGE('',*,*,#1515,.F.);
#539=ORIENTED_EDGE('',*,*,#1516,.F.);
#540=ORIENTED_EDGE('',*,*,#1513,.T.);
#541=ORIENTED_EDGE('',*,*,#1420,.T.);
#542=ORIENTED_EDGE('',*,*,#1400,.F.);
#543=ORIENTED_EDGE('',*,*,#1517,.F.);
#544=ORIENTED_EDGE('',*,*,#1515,.T.);
#545=ORIENTED_EDGE('',*,*,#1419,.T.);
#546=ORIENTED_EDGE('',*,*,#1382,.F.);
#547=ORIENTED_EDGE('',*,*,#1518,.F.);
#548=ORIENTED_EDGE('',*,*,#1519,.T.);
#549=ORIENTED_EDGE('',*,*,#1520,.F.);
#550=ORIENTED_EDGE('',*,*,#1408,.T.);
#551=ORIENTED_EDGE('',*,*,#1521,.F.);
#552=ORIENTED_EDGE('',*,*,#1522,.F.);
#553=ORIENTED_EDGE('',*,*,#1520,.T.);
#554=ORIENTED_EDGE('',*,*,#1523,.F.);
#555=ORIENTED_EDGE('',*,*,#1493,.T.);
#556=ORIENTED_EDGE('',*,*,#1495,.T.);
#557=ORIENTED_EDGE('',*,*,#1523,.T.);
#558=ORIENTED_EDGE('',*,*,#1519,.F.);
#559=ORIENTED_EDGE('',*,*,#1524,.F.);
#560=ORIENTED_EDGE('',*,*,#1490,.T.);
#561=ORIENTED_EDGE('',*,*,#1518,.T.);
#562=ORIENTED_EDGE('',*,*,#1381,.T.);
#563=ORIENTED_EDGE('',*,*,#1484,.T.);
#564=ORIENTED_EDGE('',*,*,#1486,.T.);
#565=ORIENTED_EDGE('',*,*,#1488,.T.);
#566=ORIENTED_EDGE('',*,*,#1491,.T.);
#567=ORIENTED_EDGE('',*,*,#1524,.T.);
#568=ORIENTED_EDGE('',*,*,#1522,.T.);
#569=ORIENTED_EDGE('',*,*,#1525,.F.);
#570=ORIENTED_EDGE('',*,*,#1526,.F.);
#571=ORIENTED_EDGE('',*,*,#1409,.T.);
#572=ORIENTED_EDGE('',*,*,#1521,.T.);
#573=ORIENTED_EDGE('',*,*,#1498,.F.);
#574=ORIENTED_EDGE('',*,*,#1527,.F.);
#575=ORIENTED_EDGE('',*,*,#1525,.T.);
#576=ORIENTED_EDGE('',*,*,#1528,.T.);
#577=ORIENTED_EDGE('',*,*,#1529,.T.);
#578=ORIENTED_EDGE('',*,*,#1530,.T.);
#579=ORIENTED_EDGE('',*,*,#1531,.T.);
#580=ORIENTED_EDGE('',*,*,#1532,.T.);
#581=ORIENTED_EDGE('',*,*,#1410,.T.);
#582=ORIENTED_EDGE('',*,*,#1526,.T.);
#583=ORIENTED_EDGE('',*,*,#1527,.T.);
#584=ORIENTED_EDGE('',*,*,#1497,.T.);
#585=ORIENTED_EDGE('',*,*,#1500,.T.);
#586=ORIENTED_EDGE('',*,*,#1502,.T.);
#587=ORIENTED_EDGE('',*,*,#1503,.T.);
#588=ORIENTED_EDGE('',*,*,#1467,.T.);
#589=ORIENTED_EDGE('',*,*,#1505,.T.);
#590=ORIENTED_EDGE('',*,*,#1507,.T.);
#591=ORIENTED_EDGE('',*,*,#1509,.T.);
#592=ORIENTED_EDGE('',*,*,#1510,.T.);
#593=ORIENTED_EDGE('',*,*,#1474,.T.);
#594=ORIENTED_EDGE('',*,*,#1512,.T.);
#595=ORIENTED_EDGE('',*,*,#1514,.T.);
#596=ORIENTED_EDGE('',*,*,#1516,.T.);
#597=ORIENTED_EDGE('',*,*,#1517,.T.);
#598=ORIENTED_EDGE('',*,*,#1399,.T.);
#599=ORIENTED_EDGE('',*,*,#1533,.F.);
#600=ORIENTED_EDGE('',*,*,#1534,.F.);
#601=ORIENTED_EDGE('',*,*,#1535,.F.);
#602=ORIENTED_EDGE('',*,*,#1536,.F.);
#603=ORIENTED_EDGE('',*,*,#1537,.F.);
#604=ORIENTED_EDGE('',*,*,#1538,.F.);
#605=ORIENTED_EDGE('',*,*,#1539,.T.);
#606=ORIENTED_EDGE('',*,*,#1538,.T.);
#607=ORIENTED_EDGE('',*,*,#1540,.F.);
#608=ORIENTED_EDGE('',*,*,#1532,.F.);
#609=ORIENTED_EDGE('',*,*,#1534,.T.);
#610=ORIENTED_EDGE('',*,*,#1539,.F.);
#611=ORIENTED_EDGE('',*,*,#1531,.F.);
#612=ORIENTED_EDGE('',*,*,#1541,.T.);
#613=ORIENTED_EDGE('',*,*,#1535,.T.);
#614=ORIENTED_EDGE('',*,*,#1541,.F.);
#615=ORIENTED_EDGE('',*,*,#1530,.F.);
#616=ORIENTED_EDGE('',*,*,#1542,.T.);
#617=ORIENTED_EDGE('',*,*,#1536,.T.);
#618=ORIENTED_EDGE('',*,*,#1542,.F.);
#619=ORIENTED_EDGE('',*,*,#1529,.F.);
#620=ORIENTED_EDGE('',*,*,#1543,.T.);
#621=ORIENTED_EDGE('',*,*,#1537,.T.);
#622=ORIENTED_EDGE('',*,*,#1543,.F.);
#623=ORIENTED_EDGE('',*,*,#1528,.F.);
#624=ORIENTED_EDGE('',*,*,#1540,.T.);
#625=ORIENTED_EDGE('',*,*,#1436,.F.);
#626=ORIENTED_EDGE('',*,*,#1438,.F.);
#627=ORIENTED_EDGE('',*,*,#1469,.T.);
#628=ORIENTED_EDGE('',*,*,#1431,.T.);
#629=ORIENTED_EDGE('',*,*,#1479,.T.);
#630=ORIENTED_EDGE('',*,*,#1481,.F.);
#631=ORIENTED_EDGE('',*,*,#1471,.F.);
#632=ORIENTED_EDGE('',*,*,#1477,.T.);
#633=ORIENTED_EDGE('',*,*,#1544,.T.);
#634=ORIENTED_EDGE('',*,*,#1440,.T.);
#635=ORIENTED_EDGE('',*,*,#1544,.F.);
#636=ORIENTED_EDGE('',*,*,#1545,.T.);
#637=ORIENTED_EDGE('',*,*,#1439,.T.);
#638=ORIENTED_EDGE('',*,*,#1545,.F.);
#639=ORIENTED_EDGE('',*,*,#1546,.T.);
#640=ORIENTED_EDGE('',*,*,#1533,.T.);
#641=ORIENTED_EDGE('',*,*,#1546,.F.);
#642=ORIENTED_EDGE('',*,*,#1547,.T.);
#643=ORIENTED_EDGE('',*,*,#1424,.T.);
#644=ORIENTED_EDGE('',*,*,#1547,.F.);
#645=ORIENTED_EDGE('',*,*,#1548,.T.);
#646=ORIENTED_EDGE('',*,*,#1425,.T.);
#647=ORIENTED_EDGE('',*,*,#1548,.F.);
#648=ORIENTED_EDGE('',*,*,#1427,.F.);
#649=ORIENTED_EDGE('',*,*,#1549,.F.);
#650=ORIENTED_EDGE('',*,*,#1550,.T.);
#651=ORIENTED_EDGE('',*,*,#1551,.T.);
#652=ORIENTED_EDGE('',*,*,#1428,.F.);
#653=ORIENTED_EDGE('',*,*,#1551,.F.);
#654=ORIENTED_EDGE('',*,*,#1552,.T.);
#655=ORIENTED_EDGE('',*,*,#1553,.T.);
#656=ORIENTED_EDGE('',*,*,#1429,.F.);
#657=ORIENTED_EDGE('',*,*,#1553,.F.);
#658=ORIENTED_EDGE('',*,*,#1554,.T.);
#659=ORIENTED_EDGE('',*,*,#1555,.T.);
#660=ORIENTED_EDGE('',*,*,#1426,.F.);
#661=ORIENTED_EDGE('',*,*,#1555,.F.);
#662=ORIENTED_EDGE('',*,*,#1556,.T.);
#663=ORIENTED_EDGE('',*,*,#1549,.T.);
#664=ORIENTED_EDGE('',*,*,#1550,.F.);
#665=ORIENTED_EDGE('',*,*,#1556,.F.);
#666=ORIENTED_EDGE('',*,*,#1554,.F.);
#667=ORIENTED_EDGE('',*,*,#1552,.F.);
#668=ORIENTED_EDGE('',*,*,#1405,.T.);
#669=ORIENTED_EDGE('',*,*,#1557,.T.);
#670=ORIENTED_EDGE('',*,*,#1387,.F.);
#671=ORIENTED_EDGE('',*,*,#1411,.F.);
#672=ORIENTED_EDGE('',*,*,#1385,.F.);
#673=ORIENTED_EDGE('',*,*,#1412,.F.);
#674=ORIENTED_EDGE('',*,*,#1391,.F.);
#675=ORIENTED_EDGE('',*,*,#1558,.T.);
#676=ORIENTED_EDGE('',*,*,#1406,.F.);
#677=ORIENTED_EDGE('',*,*,#1558,.F.);
#678=ORIENTED_EDGE('',*,*,#1390,.F.);
#679=ORIENTED_EDGE('',*,*,#1415,.F.);
#680=ORIENTED_EDGE('',*,*,#1403,.F.);
#681=ORIENTED_EDGE('',*,*,#1388,.F.);
#682=ORIENTED_EDGE('',*,*,#1557,.F.);
#683=ORIENTED_EDGE('',*,*,#1404,.F.);
#684=ORIENTED_EDGE('',*,*,#1397,.F.);
#685=ORIENTED_EDGE('',*,*,#1414,.F.);
#686=ORIENTED_EDGE('',*,*,#1559,.T.);
#687=ORIENTED_EDGE('',*,*,#1353,.F.);
#688=ORIENTED_EDGE('',*,*,#1559,.F.);
#689=ORIENTED_EDGE('',*,*,#1560,.T.);
#690=ORIENTED_EDGE('',*,*,#1352,.F.);
#691=ORIENTED_EDGE('',*,*,#1560,.F.);
#692=ORIENTED_EDGE('',*,*,#1561,.T.);
#693=ORIENTED_EDGE('',*,*,#1354,.F.);
#694=ORIENTED_EDGE('',*,*,#1561,.F.);
#695=ORIENTED_EDGE('',*,*,#1562,.T.);
#696=ORIENTED_EDGE('',*,*,#1351,.F.);
#697=ORIENTED_EDGE('',*,*,#1562,.F.);
#698=ORIENTED_EDGE('',*,*,#1563,.T.);
#699=ORIENTED_EDGE('',*,*,#1355,.F.);
#700=ORIENTED_EDGE('',*,*,#1563,.F.);
#701=ORIENTED_EDGE('',*,*,#1347,.F.);
#702=ORIENTED_EDGE('',*,*,#1564,.T.);
#703=ORIENTED_EDGE('',*,*,#1565,.T.);
#704=ORIENTED_EDGE('',*,*,#1566,.T.);
#705=ORIENTED_EDGE('',*,*,#1348,.F.);
#706=ORIENTED_EDGE('',*,*,#1566,.F.);
#707=ORIENTED_EDGE('',*,*,#1567,.T.);
#708=ORIENTED_EDGE('',*,*,#1568,.T.);
#709=ORIENTED_EDGE('',*,*,#1569,.T.);
#710=ORIENTED_EDGE('',*,*,#1570,.T.);
#711=ORIENTED_EDGE('',*,*,#1349,.F.);
#712=ORIENTED_EDGE('',*,*,#1568,.F.);
#713=ORIENTED_EDGE('',*,*,#1565,.F.);
#714=ORIENTED_EDGE('',*,*,#1571,.T.);
#715=ORIENTED_EDGE('',*,*,#1569,.F.);
#716=ORIENTED_EDGE('',*,*,#1567,.F.);
#717=ORIENTED_EDGE('',*,*,#1356,.F.);
#718=ORIENTED_EDGE('',*,*,#1572,.T.);
#719=ORIENTED_EDGE('',*,*,#1573,.T.);
#720=ORIENTED_EDGE('',*,*,#1377,.T.);
#721=ORIENTED_EDGE('',*,*,#1574,.T.);
#722=ORIENTED_EDGE('',*,*,#1575,.T.);
#723=ORIENTED_EDGE('',*,*,#1375,.F.);
#724=ORIENTED_EDGE('',*,*,#1379,.F.);
#725=ORIENTED_EDGE('',*,*,#1573,.F.);
#726=ORIENTED_EDGE('',*,*,#1576,.T.);
#727=ORIENTED_EDGE('',*,*,#1574,.F.);
#728=ORIENTED_EDGE('',*,*,#1378,.F.);
#729=ORIENTED_EDGE('',*,*,#1570,.F.);
#730=ORIENTED_EDGE('',*,*,#1571,.F.);
#731=ORIENTED_EDGE('',*,*,#1564,.F.);
#732=ORIENTED_EDGE('',*,*,#1350,.F.);
#733=ORIENTED_EDGE('',*,*,#1575,.F.);
#734=ORIENTED_EDGE('',*,*,#1576,.F.);
#735=ORIENTED_EDGE('',*,*,#1572,.F.);
#736=ORIENTED_EDGE('',*,*,#1376,.F.);
#737=ORIENTED_EDGE('',*,*,#1577,.F.);
#738=ORIENTED_EDGE('',*,*,#1578,.F.);
#739=ORIENTED_EDGE('',*,*,#1579,.F.);
#740=ORIENTED_EDGE('',*,*,#1580,.F.);
#741=ORIENTED_EDGE('',*,*,#1581,.F.);
#742=ORIENTED_EDGE('',*,*,#1582,.T.);
#743=ORIENTED_EDGE('',*,*,#1583,.F.);
#744=ORIENTED_EDGE('',*,*,#1584,.T.);
#745=ORIENTED_EDGE('',*,*,#1585,.T.);
#746=ORIENTED_EDGE('',*,*,#1586,.T.);
#747=ORIENTED_EDGE('',*,*,#1587,.F.);
#748=ORIENTED_EDGE('',*,*,#1588,.T.);
#749=ORIENTED_EDGE('',*,*,#1589,.T.);
#750=ORIENTED_EDGE('',*,*,#1585,.F.);
#751=ORIENTED_EDGE('',*,*,#1590,.T.);
#752=ORIENTED_EDGE('',*,*,#1591,.T.);
#753=ORIENTED_EDGE('',*,*,#1592,.F.);
#754=ORIENTED_EDGE('',*,*,#1583,.T.);
#755=ORIENTED_EDGE('',*,*,#1593,.F.);
#756=ORIENTED_EDGE('',*,*,#1577,.T.);
#757=ORIENTED_EDGE('',*,*,#1594,.T.);
#758=ORIENTED_EDGE('',*,*,#1579,.T.);
#759=ORIENTED_EDGE('',*,*,#1595,.T.);
#760=ORIENTED_EDGE('',*,*,#1581,.T.);
#761=ORIENTED_EDGE('',*,*,#1596,.T.);
#762=ORIENTED_EDGE('',*,*,#1597,.F.);
#763=ORIENTED_EDGE('',*,*,#1598,.F.);
#764=ORIENTED_EDGE('',*,*,#1587,.T.);
#765=ORIENTED_EDGE('',*,*,#1599,.T.);
#766=ORIENTED_EDGE('',*,*,#1600,.T.);
#767=ORIENTED_EDGE('',*,*,#1601,.T.);
#768=ORIENTED_EDGE('',*,*,#1602,.F.);
#769=ORIENTED_EDGE('',*,*,#1603,.F.);
#770=ORIENTED_EDGE('',*,*,#1590,.F.);
#771=ORIENTED_EDGE('',*,*,#1588,.F.);
#772=ORIENTED_EDGE('',*,*,#1598,.T.);
#773=ORIENTED_EDGE('',*,*,#1604,.T.);
#774=ORIENTED_EDGE('',*,*,#1605,.F.);
#775=ORIENTED_EDGE('',*,*,#1601,.F.);
#776=ORIENTED_EDGE('',*,*,#1606,.T.);
#777=ORIENTED_EDGE('',*,*,#1592,.T.);
#778=ORIENTED_EDGE('',*,*,#1607,.T.);
#779=ORIENTED_EDGE('',*,*,#1608,.T.);
#780=ORIENTED_EDGE('',*,*,#1604,.F.);
#781=ORIENTED_EDGE('',*,*,#1609,.F.);
#782=ORIENTED_EDGE('',*,*,#1610,.F.);
#783=ORIENTED_EDGE('',*,*,#1596,.F.);
#784=ORIENTED_EDGE('',*,*,#1584,.F.);
#785=ORIENTED_EDGE('',*,*,#1607,.F.);
#786=ORIENTED_EDGE('',*,*,#1591,.F.);
#787=ORIENTED_EDGE('',*,*,#1603,.T.);
#788=ORIENTED_EDGE('',*,*,#1611,.T.);
#789=ORIENTED_EDGE('',*,*,#1605,.T.);
#790=ORIENTED_EDGE('',*,*,#1608,.F.);
#791=ORIENTED_EDGE('',*,*,#1611,.F.);
#792=ORIENTED_EDGE('',*,*,#1602,.T.);
#793=ORIENTED_EDGE('',*,*,#1610,.T.);
#794=ORIENTED_EDGE('',*,*,#1612,.F.);
#795=ORIENTED_EDGE('',*,*,#1599,.F.);
#796=ORIENTED_EDGE('',*,*,#1597,.T.);
#797=ORIENTED_EDGE('',*,*,#1609,.T.);
#798=ORIENTED_EDGE('',*,*,#1606,.F.);
#799=ORIENTED_EDGE('',*,*,#1600,.F.);
#800=ORIENTED_EDGE('',*,*,#1612,.T.);
#801=ORIENTED_EDGE('',*,*,#1586,.F.);
#802=ORIENTED_EDGE('',*,*,#1589,.F.);
#803=ORIENTED_EDGE('',*,*,#1580,.T.);
#804=ORIENTED_EDGE('',*,*,#1594,.F.);
#805=ORIENTED_EDGE('',*,*,#1613,.T.);
#806=ORIENTED_EDGE('',*,*,#1614,.T.);
#807=ORIENTED_EDGE('',*,*,#1615,.F.);
#808=ORIENTED_EDGE('',*,*,#1616,.T.);
#809=ORIENTED_EDGE('',*,*,#1617,.T.);
#810=ORIENTED_EDGE('',*,*,#1618,.T.);
#811=ORIENTED_EDGE('',*,*,#1613,.F.);
#812=ORIENTED_EDGE('',*,*,#1619,.T.);
#813=ORIENTED_EDGE('',*,*,#1620,.F.);
#814=ORIENTED_EDGE('',*,*,#1621,.T.);
#815=ORIENTED_EDGE('',*,*,#1622,.T.);
#816=ORIENTED_EDGE('',*,*,#1621,.F.);
#817=ORIENTED_EDGE('',*,*,#1623,.F.);
#818=ORIENTED_EDGE('',*,*,#1624,.T.);
#819=ORIENTED_EDGE('',*,*,#1625,.T.);
#820=ORIENTED_EDGE('',*,*,#1624,.F.);
#821=ORIENTED_EDGE('',*,*,#1626,.F.);
#822=ORIENTED_EDGE('',*,*,#1627,.T.);
#823=ORIENTED_EDGE('',*,*,#1628,.T.);
#824=ORIENTED_EDGE('',*,*,#1627,.F.);
#825=ORIENTED_EDGE('',*,*,#1629,.F.);
#826=ORIENTED_EDGE('',*,*,#1630,.T.);
#827=ORIENTED_EDGE('',*,*,#1631,.F.);
#828=ORIENTED_EDGE('',*,*,#1632,.F.);
#829=ORIENTED_EDGE('',*,*,#1633,.T.);
#830=ORIENTED_EDGE('',*,*,#1634,.T.);
#831=ORIENTED_EDGE('',*,*,#1635,.F.);
#832=ORIENTED_EDGE('',*,*,#1634,.F.);
#833=ORIENTED_EDGE('',*,*,#1636,.T.);
#834=ORIENTED_EDGE('',*,*,#1637,.T.);
#835=ORIENTED_EDGE('',*,*,#1638,.F.);
#836=ORIENTED_EDGE('',*,*,#1637,.F.);
#837=ORIENTED_EDGE('',*,*,#1639,.T.);
#838=ORIENTED_EDGE('',*,*,#1640,.T.);
#839=ORIENTED_EDGE('',*,*,#1615,.T.);
#840=ORIENTED_EDGE('',*,*,#1641,.T.);
#841=ORIENTED_EDGE('',*,*,#1642,.F.);
#842=ORIENTED_EDGE('',*,*,#1640,.F.);
#843=ORIENTED_EDGE('',*,*,#1643,.T.);
#844=ORIENTED_EDGE('',*,*,#1644,.T.);
#845=ORIENTED_EDGE('',*,*,#1620,.T.);
#846=ORIENTED_EDGE('',*,*,#1645,.T.);
#847=ORIENTED_EDGE('',*,*,#1643,.F.);
#848=ORIENTED_EDGE('',*,*,#1639,.F.);
#849=ORIENTED_EDGE('',*,*,#1636,.F.);
#850=ORIENTED_EDGE('',*,*,#1633,.F.);
#851=ORIENTED_EDGE('',*,*,#1646,.F.);
#852=ORIENTED_EDGE('',*,*,#1647,.F.);
#853=ORIENTED_EDGE('',*,*,#1648,.F.);
#854=ORIENTED_EDGE('',*,*,#1649,.T.);
#855=ORIENTED_EDGE('',*,*,#1650,.T.);
#856=ORIENTED_EDGE('',*,*,#1629,.T.);
#857=ORIENTED_EDGE('',*,*,#1626,.T.);
#858=ORIENTED_EDGE('',*,*,#1623,.T.);
#859=ORIENTED_EDGE('',*,*,#1651,.T.);
#860=ORIENTED_EDGE('',*,*,#1630,.F.);
#861=ORIENTED_EDGE('',*,*,#1650,.F.);
#862=ORIENTED_EDGE('',*,*,#1652,.T.);
#863=ORIENTED_EDGE('',*,*,#1642,.T.);
#864=ORIENTED_EDGE('',*,*,#1653,.T.);
#865=ORIENTED_EDGE('',*,*,#1617,.F.);
#866=ORIENTED_EDGE('',*,*,#1622,.F.);
#867=ORIENTED_EDGE('',*,*,#1625,.F.);
#868=ORIENTED_EDGE('',*,*,#1628,.F.);
#869=ORIENTED_EDGE('',*,*,#1651,.F.);
#870=ORIENTED_EDGE('',*,*,#1654,.T.);
#871=ORIENTED_EDGE('',*,*,#1655,.T.);
#872=ORIENTED_EDGE('',*,*,#1656,.F.);
#873=ORIENTED_EDGE('',*,*,#1657,.T.);
#874=ORIENTED_EDGE('',*,*,#1631,.T.);
#875=ORIENTED_EDGE('',*,*,#1635,.T.);
#876=ORIENTED_EDGE('',*,*,#1638,.T.);
#877=ORIENTED_EDGE('',*,*,#1657,.F.);
#878=ORIENTED_EDGE('',*,*,#1658,.F.);
#879=ORIENTED_EDGE('',*,*,#1646,.T.);
#880=ORIENTED_EDGE('',*,*,#1632,.T.);
#881=ORIENTED_EDGE('',*,*,#1655,.F.);
#882=ORIENTED_EDGE('',*,*,#1659,.F.);
#883=ORIENTED_EDGE('',*,*,#1578,.T.);
#884=ORIENTED_EDGE('',*,*,#1660,.T.);
#885=ORIENTED_EDGE('',*,*,#1582,.F.);
#886=ORIENTED_EDGE('',*,*,#1661,.F.);
#887=ORIENTED_EDGE('',*,*,#1648,.T.);
#888=ORIENTED_EDGE('',*,*,#1662,.T.);
#889=ORIENTED_EDGE('',*,*,#1647,.T.);
#890=ORIENTED_EDGE('',*,*,#1658,.T.);
#891=ORIENTED_EDGE('',*,*,#1656,.T.);
#892=ORIENTED_EDGE('',*,*,#1660,.F.);
#893=ORIENTED_EDGE('',*,*,#1593,.T.);
#894=ORIENTED_EDGE('',*,*,#1662,.F.);
#895=ORIENTED_EDGE('',*,*,#1649,.F.);
#896=ORIENTED_EDGE('',*,*,#1661,.T.);
#897=ORIENTED_EDGE('',*,*,#1595,.F.);
#898=ORIENTED_EDGE('',*,*,#1659,.T.);
#899=ORIENTED_EDGE('',*,*,#1654,.F.);
#900=ORIENTED_EDGE('',*,*,#1652,.F.);
#901=ORIENTED_EDGE('',*,*,#1618,.F.);
#902=ORIENTED_EDGE('',*,*,#1653,.F.);
#903=ORIENTED_EDGE('',*,*,#1641,.F.);
#904=ORIENTED_EDGE('',*,*,#1614,.F.);
#905=ORIENTED_EDGE('',*,*,#1619,.F.);
#906=ORIENTED_EDGE('',*,*,#1616,.F.);
#907=ORIENTED_EDGE('',*,*,#1644,.F.);
#908=ORIENTED_EDGE('',*,*,#1645,.F.);
#909=ORIENTED_EDGE('',*,*,#1663,.F.);
#910=ORIENTED_EDGE('',*,*,#1664,.T.);
#911=ORIENTED_EDGE('',*,*,#1665,.T.);
#912=ORIENTED_EDGE('',*,*,#1666,.T.);
#913=ORIENTED_EDGE('',*,*,#1667,.T.);
#914=ORIENTED_EDGE('',*,*,#1668,.T.);
#915=ORIENTED_EDGE('',*,*,#1669,.T.);
#916=ORIENTED_EDGE('',*,*,#1670,.F.);
#917=ORIENTED_EDGE('',*,*,#1671,.T.);
#918=ORIENTED_EDGE('',*,*,#1672,.T.);
#919=ORIENTED_EDGE('',*,*,#1673,.T.);
#920=ORIENTED_EDGE('',*,*,#1674,.T.);
#921=ORIENTED_EDGE('',*,*,#1675,.T.);
#922=ORIENTED_EDGE('',*,*,#1670,.T.);
#923=ORIENTED_EDGE('',*,*,#1676,.T.);
#924=ORIENTED_EDGE('',*,*,#1677,.T.);
#925=ORIENTED_EDGE('',*,*,#1678,.T.);
#926=ORIENTED_EDGE('',*,*,#1679,.T.);
#927=ORIENTED_EDGE('',*,*,#1680,.T.);
#928=ORIENTED_EDGE('',*,*,#1663,.T.);
#929=ORIENTED_EDGE('',*,*,#1675,.F.);
#930=ORIENTED_EDGE('',*,*,#1681,.T.);
#931=ORIENTED_EDGE('',*,*,#1682,.T.);
#932=ORIENTED_EDGE('',*,*,#1683,.T.);
#933=ORIENTED_EDGE('',*,*,#1684,.F.);
#934=ORIENTED_EDGE('',*,*,#1681,.F.);
#935=ORIENTED_EDGE('',*,*,#1685,.T.);
#936=ORIENTED_EDGE('',*,*,#1686,.F.);
#937=ORIENTED_EDGE('',*,*,#1687,.F.);
#938=ORIENTED_EDGE('',*,*,#1688,.F.);
#939=ORIENTED_EDGE('',*,*,#1689,.F.);
#940=ORIENTED_EDGE('',*,*,#1690,.F.);
#941=ORIENTED_EDGE('',*,*,#1691,.F.);
#942=ORIENTED_EDGE('',*,*,#1692,.F.);
#943=ORIENTED_EDGE('',*,*,#1666,.F.);
#944=ORIENTED_EDGE('',*,*,#1693,.T.);
#945=ORIENTED_EDGE('',*,*,#1694,.T.);
#946=ORIENTED_EDGE('',*,*,#1674,.F.);
#947=ORIENTED_EDGE('',*,*,#1695,.T.);
#948=ORIENTED_EDGE('',*,*,#1679,.F.);
#949=ORIENTED_EDGE('',*,*,#1683,.F.);
#950=ORIENTED_EDGE('',*,*,#1696,.T.);
#951=ORIENTED_EDGE('',*,*,#1697,.T.);
#952=ORIENTED_EDGE('',*,*,#1698,.T.);
#953=ORIENTED_EDGE('',*,*,#1671,.F.);
#954=ORIENTED_EDGE('',*,*,#1699,.F.);
#955=ORIENTED_EDGE('',*,*,#1685,.F.);
#956=ORIENTED_EDGE('',*,*,#1677,.F.);
#957=ORIENTED_EDGE('',*,*,#1700,.F.);
#958=ORIENTED_EDGE('',*,*,#1701,.T.);
#959=ORIENTED_EDGE('',*,*,#1702,.F.);
#960=ORIENTED_EDGE('',*,*,#1687,.T.);
#961=ORIENTED_EDGE('',*,*,#1703,.T.);
#962=ORIENTED_EDGE('',*,*,#1704,.T.);
#963=ORIENTED_EDGE('',*,*,#1667,.F.);
#964=ORIENTED_EDGE('',*,*,#1692,.T.);
#965=ORIENTED_EDGE('',*,*,#1705,.T.);
#966=ORIENTED_EDGE('',*,*,#1706,.T.);
#967=ORIENTED_EDGE('',*,*,#1705,.F.);
#968=ORIENTED_EDGE('',*,*,#1691,.T.);
#969=ORIENTED_EDGE('',*,*,#1707,.T.);
#970=ORIENTED_EDGE('',*,*,#1708,.T.);
#971=ORIENTED_EDGE('',*,*,#1707,.F.);
#972=ORIENTED_EDGE('',*,*,#1690,.T.);
#973=ORIENTED_EDGE('',*,*,#1709,.T.);
#974=ORIENTED_EDGE('',*,*,#1710,.T.);
#975=ORIENTED_EDGE('',*,*,#1709,.F.);
#976=ORIENTED_EDGE('',*,*,#1689,.T.);
#977=ORIENTED_EDGE('',*,*,#1711,.T.);
#978=ORIENTED_EDGE('',*,*,#1712,.T.);
#979=ORIENTED_EDGE('',*,*,#1711,.F.);
#980=ORIENTED_EDGE('',*,*,#1688,.T.);
#981=ORIENTED_EDGE('',*,*,#1702,.T.);
#982=ORIENTED_EDGE('',*,*,#1678,.F.);
#983=ORIENTED_EDGE('',*,*,#1703,.F.);
#984=ORIENTED_EDGE('',*,*,#1686,.T.);
#985=ORIENTED_EDGE('',*,*,#1699,.T.);
#986=ORIENTED_EDGE('',*,*,#1676,.F.);
#987=ORIENTED_EDGE('',*,*,#1669,.F.);
#988=ORIENTED_EDGE('',*,*,#1713,.T.);
#989=ORIENTED_EDGE('',*,*,#1700,.T.);
#990=ORIENTED_EDGE('',*,*,#1668,.F.);
#991=ORIENTED_EDGE('',*,*,#1704,.F.);
#992=ORIENTED_EDGE('',*,*,#1706,.F.);
#993=ORIENTED_EDGE('',*,*,#1708,.F.);
#994=ORIENTED_EDGE('',*,*,#1710,.F.);
#995=ORIENTED_EDGE('',*,*,#1712,.F.);
#996=ORIENTED_EDGE('',*,*,#1701,.F.);
#997=ORIENTED_EDGE('',*,*,#1713,.F.);
#998=ORIENTED_EDGE('',*,*,#1684,.T.);
#999=ORIENTED_EDGE('',*,*,#1714,.T.);
#1000=ORIENTED_EDGE('',*,*,#1696,.F.);
#1001=ORIENTED_EDGE('',*,*,#1682,.F.);
#1002=ORIENTED_EDGE('',*,*,#1673,.F.);
#1003=ORIENTED_EDGE('',*,*,#1715,.T.);
#1004=ORIENTED_EDGE('',*,*,#1664,.F.);
#1005=ORIENTED_EDGE('',*,*,#1680,.F.);
#1006=ORIENTED_EDGE('',*,*,#1695,.F.);
#1007=ORIENTED_EDGE('',*,*,#1698,.F.);
#1008=ORIENTED_EDGE('',*,*,#1716,.F.);
#1009=ORIENTED_EDGE('',*,*,#1693,.F.);
#1010=ORIENTED_EDGE('',*,*,#1665,.F.);
#1011=ORIENTED_EDGE('',*,*,#1715,.F.);
#1012=ORIENTED_EDGE('',*,*,#1672,.F.);
#1013=ORIENTED_EDGE('',*,*,#1694,.F.);
#1014=ORIENTED_EDGE('',*,*,#1716,.T.);
#1015=ORIENTED_EDGE('',*,*,#1697,.F.);
#1016=ORIENTED_EDGE('',*,*,#1714,.F.);
#1017=ORIENTED_EDGE('',*,*,#1717,.T.);
#1018=ORIENTED_EDGE('',*,*,#1718,.F.);
#1019=ORIENTED_EDGE('',*,*,#1719,.F.);
#1020=ORIENTED_EDGE('',*,*,#1720,.T.);
#1021=ORIENTED_EDGE('',*,*,#1721,.F.);
#1022=ORIENTED_EDGE('',*,*,#1722,.T.);
#1023=ORIENTED_EDGE('',*,*,#1723,.T.);
#1024=ORIENTED_EDGE('',*,*,#1724,.F.);
#1025=ORIENTED_EDGE('',*,*,#1725,.T.);
#1026=ORIENTED_EDGE('',*,*,#1726,.T.);
#1027=ORIENTED_EDGE('',*,*,#1727,.T.);
#1028=ORIENTED_EDGE('',*,*,#1728,.F.);
#1029=ORIENTED_EDGE('',*,*,#1729,.F.);
#1030=ORIENTED_EDGE('',*,*,#1730,.F.);
#1031=ORIENTED_EDGE('',*,*,#1720,.F.);
#1032=ORIENTED_EDGE('',*,*,#1731,.T.);
#1033=ORIENTED_EDGE('',*,*,#1727,.F.);
#1034=ORIENTED_EDGE('',*,*,#1732,.T.);
#1035=ORIENTED_EDGE('',*,*,#1733,.T.);
#1036=ORIENTED_EDGE('',*,*,#1734,.F.);
#1037=ORIENTED_EDGE('',*,*,#1735,.T.);
#1038=ORIENTED_EDGE('',*,*,#1736,.T.);
#1039=ORIENTED_EDGE('',*,*,#1737,.T.);
#1040=ORIENTED_EDGE('',*,*,#1733,.F.);
#1041=ORIENTED_EDGE('',*,*,#1738,.F.);
#1042=ORIENTED_EDGE('',*,*,#1739,.F.);
#1043=ORIENTED_EDGE('',*,*,#1740,.F.);
#1044=ORIENTED_EDGE('',*,*,#1724,.T.);
#1045=ORIENTED_EDGE('',*,*,#1735,.F.);
#1046=ORIENTED_EDGE('',*,*,#1723,.F.);
#1047=ORIENTED_EDGE('',*,*,#1741,.F.);
#1048=ORIENTED_EDGE('',*,*,#1717,.F.);
#1049=ORIENTED_EDGE('',*,*,#1730,.T.);
#1050=ORIENTED_EDGE('',*,*,#1742,.T.);
#1051=ORIENTED_EDGE('',*,*,#1736,.F.);
#1052=ORIENTED_EDGE('',*,*,#1742,.F.);
#1053=ORIENTED_EDGE('',*,*,#1729,.T.);
#1054=ORIENTED_EDGE('',*,*,#1743,.T.);
#1055=ORIENTED_EDGE('',*,*,#1737,.F.);
#1056=ORIENTED_EDGE('',*,*,#1743,.F.);
#1057=ORIENTED_EDGE('',*,*,#1728,.T.);
#1058=ORIENTED_EDGE('',*,*,#1734,.T.);
#1059=ORIENTED_EDGE('',*,*,#1740,.T.);
#1060=ORIENTED_EDGE('',*,*,#1744,.F.);
#1061=ORIENTED_EDGE('',*,*,#1731,.F.);
#1062=ORIENTED_EDGE('',*,*,#1719,.T.);
#1063=ORIENTED_EDGE('',*,*,#1745,.T.);
#1064=ORIENTED_EDGE('',*,*,#1721,.T.);
#1065=ORIENTED_EDGE('',*,*,#1739,.T.);
#1066=ORIENTED_EDGE('',*,*,#1746,.F.);
#1067=ORIENTED_EDGE('',*,*,#1725,.F.);
#1068=ORIENTED_EDGE('',*,*,#1744,.T.);
#1069=ORIENTED_EDGE('',*,*,#1738,.T.);
#1070=ORIENTED_EDGE('',*,*,#1732,.F.);
#1071=ORIENTED_EDGE('',*,*,#1726,.F.);
#1072=ORIENTED_EDGE('',*,*,#1746,.T.);
#1073=ORIENTED_EDGE('',*,*,#1747,.T.);
#1074=ORIENTED_EDGE('',*,*,#1748,.F.);
#1075=ORIENTED_EDGE('',*,*,#1749,.F.);
#1076=ORIENTED_EDGE('',*,*,#1750,.T.);
#1077=ORIENTED_EDGE('',*,*,#1751,.F.);
#1078=ORIENTED_EDGE('',*,*,#1752,.F.);
#1079=ORIENTED_EDGE('',*,*,#1753,.T.);
#1080=ORIENTED_EDGE('',*,*,#1754,.T.);
#1081=ORIENTED_EDGE('',*,*,#1755,.F.);
#1082=ORIENTED_EDGE('',*,*,#1754,.F.);
#1083=ORIENTED_EDGE('',*,*,#1756,.T.);
#1084=ORIENTED_EDGE('',*,*,#1757,.T.);
#1085=ORIENTED_EDGE('',*,*,#1758,.T.);
#1086=ORIENTED_EDGE('',*,*,#1759,.T.);
#1087=ORIENTED_EDGE('',*,*,#1760,.F.);
#1088=ORIENTED_EDGE('',*,*,#1757,.F.);
#1089=ORIENTED_EDGE('',*,*,#1761,.T.);
#1090=ORIENTED_EDGE('',*,*,#1762,.T.);
#1091=ORIENTED_EDGE('',*,*,#1763,.T.);
#1092=ORIENTED_EDGE('',*,*,#1764,.T.);
#1093=ORIENTED_EDGE('',*,*,#1758,.F.);
#1094=ORIENTED_EDGE('',*,*,#1765,.T.);
#1095=ORIENTED_EDGE('',*,*,#1766,.T.);
#1096=ORIENTED_EDGE('',*,*,#1767,.T.);
#1097=ORIENTED_EDGE('',*,*,#1763,.F.);
#1098=ORIENTED_EDGE('',*,*,#1768,.T.);
#1099=ORIENTED_EDGE('',*,*,#1769,.F.);
#1100=ORIENTED_EDGE('',*,*,#1770,.T.);
#1101=ORIENTED_EDGE('',*,*,#1771,.T.);
#1102=ORIENTED_EDGE('',*,*,#1770,.F.);
#1103=ORIENTED_EDGE('',*,*,#1772,.F.);
#1104=ORIENTED_EDGE('',*,*,#1773,.T.);
#1105=ORIENTED_EDGE('',*,*,#1774,.T.);
#1106=ORIENTED_EDGE('',*,*,#1773,.F.);
#1107=ORIENTED_EDGE('',*,*,#1775,.F.);
#1108=ORIENTED_EDGE('',*,*,#1748,.T.);
#1109=ORIENTED_EDGE('',*,*,#1776,.F.);
#1110=ORIENTED_EDGE('',*,*,#1777,.F.);
#1111=ORIENTED_EDGE('',*,*,#1778,.T.);
#1112=ORIENTED_EDGE('',*,*,#1752,.T.);
#1113=ORIENTED_EDGE('',*,*,#1779,.F.);
#1114=ORIENTED_EDGE('',*,*,#1780,.F.);
#1115=ORIENTED_EDGE('',*,*,#1781,.T.);
#1116=ORIENTED_EDGE('',*,*,#1777,.T.);
#1117=ORIENTED_EDGE('',*,*,#1769,.T.);
#1118=ORIENTED_EDGE('',*,*,#1782,.T.);
#1119=ORIENTED_EDGE('',*,*,#1761,.F.);
#1120=ORIENTED_EDGE('',*,*,#1756,.F.);
#1121=ORIENTED_EDGE('',*,*,#1753,.F.);
#1122=ORIENTED_EDGE('',*,*,#1778,.F.);
#1123=ORIENTED_EDGE('',*,*,#1781,.F.);
#1124=ORIENTED_EDGE('',*,*,#1783,.T.);
#1125=ORIENTED_EDGE('',*,*,#1784,.T.);
#1126=ORIENTED_EDGE('',*,*,#1785,.F.);
#1127=ORIENTED_EDGE('',*,*,#1786,.T.);
#1128=ORIENTED_EDGE('',*,*,#1749,.T.);
#1129=ORIENTED_EDGE('',*,*,#1775,.T.);
#1130=ORIENTED_EDGE('',*,*,#1772,.T.);
#1131=ORIENTED_EDGE('',*,*,#1787,.T.);
#1132=ORIENTED_EDGE('',*,*,#1750,.F.);
#1133=ORIENTED_EDGE('',*,*,#1786,.F.);
#1134=ORIENTED_EDGE('',*,*,#1788,.T.);
#1135=ORIENTED_EDGE('',*,*,#1760,.T.);
#1136=ORIENTED_EDGE('',*,*,#1789,.T.);
#1137=ORIENTED_EDGE('',*,*,#1766,.F.);
#1138=ORIENTED_EDGE('',*,*,#1771,.F.);
#1139=ORIENTED_EDGE('',*,*,#1774,.F.);
#1140=ORIENTED_EDGE('',*,*,#1747,.F.);
#1141=ORIENTED_EDGE('',*,*,#1787,.F.);
#1142=ORIENTED_EDGE('',*,*,#1790,.F.);
#1143=ORIENTED_EDGE('',*,*,#1791,.F.);
#1144=ORIENTED_EDGE('',*,*,#1792,.T.);
#1145=ORIENTED_EDGE('',*,*,#1779,.T.);
#1146=ORIENTED_EDGE('',*,*,#1776,.T.);
#1147=ORIENTED_EDGE('',*,*,#1751,.T.);
#1148=ORIENTED_EDGE('',*,*,#1755,.T.);
#1149=ORIENTED_EDGE('',*,*,#1784,.F.);
#1150=ORIENTED_EDGE('',*,*,#1793,.F.);
#1151=ORIENTED_EDGE('',*,*,#1718,.T.);
#1152=ORIENTED_EDGE('',*,*,#1794,.T.);
#1153=ORIENTED_EDGE('',*,*,#1722,.F.);
#1154=ORIENTED_EDGE('',*,*,#1795,.F.);
#1155=ORIENTED_EDGE('',*,*,#1791,.T.);
#1156=ORIENTED_EDGE('',*,*,#1796,.T.);
#1157=ORIENTED_EDGE('',*,*,#1788,.F.);
#1158=ORIENTED_EDGE('',*,*,#1785,.T.);
#1159=ORIENTED_EDGE('',*,*,#1794,.F.);
#1160=ORIENTED_EDGE('',*,*,#1741,.T.);
#1161=ORIENTED_EDGE('',*,*,#1796,.F.);
#1162=ORIENTED_EDGE('',*,*,#1790,.T.);
#1163=ORIENTED_EDGE('',*,*,#1780,.T.);
#1164=ORIENTED_EDGE('',*,*,#1792,.F.);
#1165=ORIENTED_EDGE('',*,*,#1795,.T.);
#1166=ORIENTED_EDGE('',*,*,#1745,.F.);
#1167=ORIENTED_EDGE('',*,*,#1793,.T.);
#1168=ORIENTED_EDGE('',*,*,#1783,.F.);
#1169=ORIENTED_EDGE('',*,*,#1767,.F.);
#1170=ORIENTED_EDGE('',*,*,#1789,.F.);
#1171=ORIENTED_EDGE('',*,*,#1759,.F.);
#1172=ORIENTED_EDGE('',*,*,#1764,.F.);
#1173=ORIENTED_EDGE('',*,*,#1768,.F.);
#1174=ORIENTED_EDGE('',*,*,#1765,.F.);
#1175=ORIENTED_EDGE('',*,*,#1762,.F.);
#1176=ORIENTED_EDGE('',*,*,#1782,.F.);
#1177=ORIENTED_EDGE('',*,*,#1797,.F.);
#1178=ORIENTED_EDGE('',*,*,#1798,.T.);
#1179=ORIENTED_EDGE('',*,*,#1799,.F.);
#1180=ORIENTED_EDGE('',*,*,#1800,.T.);
#1181=ORIENTED_EDGE('',*,*,#1801,.F.);
#1182=ORIENTED_EDGE('',*,*,#1802,.F.);
#1183=ORIENTED_EDGE('',*,*,#1803,.F.);
#1184=ORIENTED_EDGE('',*,*,#1804,.F.);
#1185=ORIENTED_EDGE('',*,*,#1805,.F.);
#1186=ORIENTED_EDGE('',*,*,#1806,.F.);
#1187=ORIENTED_EDGE('',*,*,#1807,.F.);
#1188=ORIENTED_EDGE('',*,*,#1808,.F.);
#1189=ORIENTED_EDGE('',*,*,#1809,.F.);
#1190=ORIENTED_EDGE('',*,*,#1810,.F.);
#1191=ORIENTED_EDGE('',*,*,#1811,.F.);
#1192=ORIENTED_EDGE('',*,*,#1812,.F.);
#1193=ORIENTED_EDGE('',*,*,#1813,.T.);
#1194=ORIENTED_EDGE('',*,*,#1814,.F.);
#1195=ORIENTED_EDGE('',*,*,#1815,.T.);
#1196=ORIENTED_EDGE('',*,*,#1816,.T.);
#1197=ORIENTED_EDGE('',*,*,#1817,.T.);
#1198=ORIENTED_EDGE('',*,*,#1818,.F.);
#1199=ORIENTED_EDGE('',*,*,#1819,.F.);
#1200=ORIENTED_EDGE('',*,*,#1820,.F.);
#1201=ORIENTED_EDGE('',*,*,#1821,.F.);
#1202=ORIENTED_EDGE('',*,*,#1822,.F.);
#1203=ORIENTED_EDGE('',*,*,#1823,.T.);
#1204=ORIENTED_EDGE('',*,*,#1824,.T.);
#1205=ORIENTED_EDGE('',*,*,#1825,.T.);
#1206=ORIENTED_EDGE('',*,*,#1826,.T.);
#1207=ORIENTED_EDGE('',*,*,#1827,.F.);
#1208=ORIENTED_EDGE('',*,*,#1828,.T.);
#1209=ORIENTED_EDGE('',*,*,#1797,.T.);
#1210=ORIENTED_EDGE('',*,*,#1829,.F.);
#1211=ORIENTED_EDGE('',*,*,#1830,.T.);
#1212=ORIENTED_EDGE('',*,*,#1831,.T.);
#1213=ORIENTED_EDGE('',*,*,#1814,.T.);
#1214=ORIENTED_EDGE('',*,*,#1832,.T.);
#1215=ORIENTED_EDGE('',*,*,#1833,.T.);
#1216=ORIENTED_EDGE('',*,*,#1834,.T.);
#1217=ORIENTED_EDGE('',*,*,#1835,.T.);
#1218=ORIENTED_EDGE('',*,*,#1836,.T.);
#1219=ORIENTED_EDGE('',*,*,#1827,.T.);
#1220=ORIENTED_EDGE('',*,*,#1837,.T.);
#1221=ORIENTED_EDGE('',*,*,#1838,.T.);
#1222=ORIENTED_EDGE('',*,*,#1839,.T.);
#1223=ORIENTED_EDGE('',*,*,#1840,.T.);
#1224=ORIENTED_EDGE('',*,*,#1841,.T.);
#1225=ORIENTED_EDGE('',*,*,#1842,.T.);
#1226=ORIENTED_EDGE('',*,*,#1843,.T.);
#1227=ORIENTED_EDGE('',*,*,#1844,.T.);
#1228=ORIENTED_EDGE('',*,*,#1845,.T.);
#1229=ORIENTED_EDGE('',*,*,#1846,.T.);
#1230=ORIENTED_EDGE('',*,*,#1847,.T.);
#1231=ORIENTED_EDGE('',*,*,#1848,.T.);
#1232=ORIENTED_EDGE('',*,*,#1849,.T.);
#1233=ORIENTED_EDGE('',*,*,#1850,.T.);
#1234=ORIENTED_EDGE('',*,*,#1851,.T.);
#1235=ORIENTED_EDGE('',*,*,#1852,.T.);
#1236=ORIENTED_EDGE('',*,*,#1853,.T.);
#1237=ORIENTED_EDGE('',*,*,#1799,.T.);
#1238=ORIENTED_EDGE('',*,*,#1854,.T.);
#1239=ORIENTED_EDGE('',*,*,#1835,.F.);
#1240=ORIENTED_EDGE('',*,*,#1855,.T.);
#1241=ORIENTED_EDGE('',*,*,#1838,.F.);
#1242=ORIENTED_EDGE('',*,*,#1856,.T.);
#1243=ORIENTED_EDGE('',*,*,#1812,.T.);
#1244=ORIENTED_EDGE('',*,*,#1857,.T.);
#1245=ORIENTED_EDGE('',*,*,#1839,.F.);
#1246=ORIENTED_EDGE('',*,*,#1857,.F.);
#1247=ORIENTED_EDGE('',*,*,#1811,.T.);
#1248=ORIENTED_EDGE('',*,*,#1858,.T.);
#1249=ORIENTED_EDGE('',*,*,#1840,.F.);
#1250=ORIENTED_EDGE('',*,*,#1858,.F.);
#1251=ORIENTED_EDGE('',*,*,#1810,.T.);
#1252=ORIENTED_EDGE('',*,*,#1859,.T.);
#1253=ORIENTED_EDGE('',*,*,#1841,.F.);
#1254=ORIENTED_EDGE('',*,*,#1859,.F.);
#1255=ORIENTED_EDGE('',*,*,#1809,.T.);
#1256=ORIENTED_EDGE('',*,*,#1860,.T.);
#1257=ORIENTED_EDGE('',*,*,#1842,.F.);
#1258=ORIENTED_EDGE('',*,*,#1860,.F.);
#1259=ORIENTED_EDGE('',*,*,#1808,.T.);
#1260=ORIENTED_EDGE('',*,*,#1861,.T.);
#1261=ORIENTED_EDGE('',*,*,#1843,.F.);
#1262=ORIENTED_EDGE('',*,*,#1861,.F.);
#1263=ORIENTED_EDGE('',*,*,#1807,.T.);
#1264=ORIENTED_EDGE('',*,*,#1862,.T.);
#1265=ORIENTED_EDGE('',*,*,#1844,.F.);
#1266=ORIENTED_EDGE('',*,*,#1862,.F.);
#1267=ORIENTED_EDGE('',*,*,#1806,.T.);
#1268=ORIENTED_EDGE('',*,*,#1863,.T.);
#1269=ORIENTED_EDGE('',*,*,#1845,.F.);
#1270=ORIENTED_EDGE('',*,*,#1863,.F.);
#1271=ORIENTED_EDGE('',*,*,#1805,.T.);
#1272=ORIENTED_EDGE('',*,*,#1864,.T.);
#1273=ORIENTED_EDGE('',*,*,#1846,.F.);
#1274=ORIENTED_EDGE('',*,*,#1864,.F.);
#1275=ORIENTED_EDGE('',*,*,#1804,.T.);
#1276=ORIENTED_EDGE('',*,*,#1865,.T.);
#1277=ORIENTED_EDGE('',*,*,#1847,.F.);
#1278=ORIENTED_EDGE('',*,*,#1865,.F.);
#1279=ORIENTED_EDGE('',*,*,#1803,.T.);
#1280=ORIENTED_EDGE('',*,*,#1866,.T.);
#1281=ORIENTED_EDGE('',*,*,#1848,.F.);
#1282=ORIENTED_EDGE('',*,*,#1866,.F.);
#1283=ORIENTED_EDGE('',*,*,#1802,.T.);
#1284=ORIENTED_EDGE('',*,*,#1867,.T.);
#1285=ORIENTED_EDGE('',*,*,#1801,.T.);
#1286=ORIENTED_EDGE('',*,*,#1868,.T.);
#1287=ORIENTED_EDGE('',*,*,#1849,.F.);
#1288=ORIENTED_EDGE('',*,*,#1867,.F.);
#1289=ORIENTED_EDGE('',*,*,#1820,.T.);
#1290=ORIENTED_EDGE('',*,*,#1851,.F.);
#1291=ORIENTED_EDGE('',*,*,#1819,.T.);
#1292=ORIENTED_EDGE('',*,*,#1834,.F.);
#1293=ORIENTED_EDGE('',*,*,#1821,.T.);
#1294=ORIENTED_EDGE('',*,*,#1852,.F.);
#1295=ORIENTED_EDGE('',*,*,#1818,.T.);
#1296=ORIENTED_EDGE('',*,*,#1833,.F.);
#1297=ORIENTED_EDGE('',*,*,#1822,.T.);
#1298=ORIENTED_EDGE('',*,*,#1853,.F.);
#1299=ORIENTED_EDGE('',*,*,#1817,.F.);
#1300=ORIENTED_EDGE('',*,*,#1869,.T.);
#1301=ORIENTED_EDGE('',*,*,#1870,.T.);
#1302=ORIENTED_EDGE('',*,*,#1829,.T.);
#1303=ORIENTED_EDGE('',*,*,#1871,.T.);
#1304=ORIENTED_EDGE('',*,*,#1872,.T.);
#1305=ORIENTED_EDGE('',*,*,#1815,.F.);
#1306=ORIENTED_EDGE('',*,*,#1831,.F.);
#1307=ORIENTED_EDGE('',*,*,#1870,.F.);
#1308=ORIENTED_EDGE('',*,*,#1873,.T.);
#1309=ORIENTED_EDGE('',*,*,#1871,.F.);
#1310=ORIENTED_EDGE('',*,*,#1830,.F.);
#1311=ORIENTED_EDGE('',*,*,#1823,.F.);
#1312=ORIENTED_EDGE('',*,*,#1874,.T.);
#1313=ORIENTED_EDGE('',*,*,#1875,.T.);
#1314=ORIENTED_EDGE('',*,*,#1876,.T.);
#1315=ORIENTED_EDGE('',*,*,#1824,.F.);
#1316=ORIENTED_EDGE('',*,*,#1876,.F.);
#1317=ORIENTED_EDGE('',*,*,#1877,.T.);
#1318=ORIENTED_EDGE('',*,*,#1878,.T.);
#1319=ORIENTED_EDGE('',*,*,#1879,.T.);
#1320=ORIENTED_EDGE('',*,*,#1880,.T.);
#1321=ORIENTED_EDGE('',*,*,#1825,.F.);
#1322=ORIENTED_EDGE('',*,*,#1878,.F.);
#1323=ORIENTED_EDGE('',*,*,#1875,.F.);
#1324=ORIENTED_EDGE('',*,*,#1881,.T.);
#1325=ORIENTED_EDGE('',*,*,#1879,.F.);
#1326=ORIENTED_EDGE('',*,*,#1877,.F.);
#1327=ORIENTED_EDGE('',*,*,#1872,.F.);
#1328=ORIENTED_EDGE('',*,*,#1873,.F.);
#1329=ORIENTED_EDGE('',*,*,#1869,.F.);
#1330=ORIENTED_EDGE('',*,*,#1816,.F.);
#1331=ORIENTED_EDGE('',*,*,#1880,.F.);
#1332=ORIENTED_EDGE('',*,*,#1881,.F.);
#1333=ORIENTED_EDGE('',*,*,#1874,.F.);
#1334=ORIENTED_EDGE('',*,*,#1826,.F.);
#1335=ORIENTED_EDGE('',*,*,#1813,.F.);
#1336=ORIENTED_EDGE('',*,*,#1856,.F.);
#1337=ORIENTED_EDGE('',*,*,#1837,.F.);
#1338=ORIENTED_EDGE('',*,*,#1832,.F.);
#1339=ORIENTED_EDGE('',*,*,#1800,.F.);
#1340=ORIENTED_EDGE('',*,*,#1855,.F.);
#1341=ORIENTED_EDGE('',*,*,#1850,.F.);
#1342=ORIENTED_EDGE('',*,*,#1868,.F.);
#1343=ORIENTED_EDGE('',*,*,#1798,.F.);
#1344=ORIENTED_EDGE('',*,*,#1828,.F.);
#1345=ORIENTED_EDGE('',*,*,#1836,.F.);
#1346=ORIENTED_EDGE('',*,*,#1854,.F.);
#1347=EDGE_CURVE('',#1882,#1883,#2245,.T.);
#1348=EDGE_CURVE('',#1883,#1884,#2246,.T.);
#1349=EDGE_CURVE('',#1884,#1885,#2247,.T.);
#1350=EDGE_CURVE('',#1885,#1882,#2248,.T.);
#1351=EDGE_CURVE('',#1886,#1886,#180,.T.);
#1352=EDGE_CURVE('',#1887,#1887,#181,.T.);
#1353=EDGE_CURVE('',#1888,#1888,#182,.T.);
#1354=EDGE_CURVE('',#1889,#1889,#183,.T.);
#1355=EDGE_CURVE('',#1890,#1890,#184,.T.);
#1356=EDGE_CURVE('',#1891,#1892,#2249,.T.);
#1357=EDGE_CURVE('',#1893,#1892,#2250,.T.);
#1358=EDGE_CURVE('',#1893,#1894,#185,.F.);
#1359=EDGE_CURVE('',#1895,#1894,#2251,.T.);
#1360=EDGE_CURVE('',#1895,#1896,#186,.F.);
#1361=EDGE_CURVE('',#1897,#1896,#2252,.T.);
#1362=EDGE_CURVE('',#1898,#1897,#2253,.T.);
#1363=EDGE_CURVE('',#1899,#1898,#2254,.T.);
#1364=EDGE_CURVE('',#1900,#1899,#2255,.T.);
#1365=EDGE_CURVE('',#1901,#1900,#2256,.T.);
#1366=EDGE_CURVE('',#1902,#1901,#2257,.T.);
#1367=EDGE_CURVE('',#1903,#1902,#2258,.T.);
#1368=EDGE_CURVE('',#1904,#1903,#2259,.T.);
#1369=EDGE_CURVE('',#1905,#1904,#2260,.T.);
#1370=EDGE_CURVE('',#1906,#1905,#2261,.T.);
#1371=EDGE_CURVE('',#1907,#1906,#2262,.T.);
#1372=EDGE_CURVE('',#1908,#1907,#2263,.T.);
#1373=EDGE_CURVE('',#1908,#1909,#187,.F.);
#1374=EDGE_CURVE('',#1910,#1909,#2264,.T.);
#1375=EDGE_CURVE('',#1910,#1911,#2265,.T.);
#1376=EDGE_CURVE('',#1911,#1891,#2266,.T.);
#1377=EDGE_CURVE('',#1912,#1892,#2267,.T.);
#1378=EDGE_CURVE('',#1912,#1913,#2268,.T.);
#1379=EDGE_CURVE('',#1913,#1910,#2269,.T.);
#1380=EDGE_CURVE('',#1909,#1914,#2270,.T.);
#1381=EDGE_CURVE('',#1915,#1914,#2271,.T.);
#1382=EDGE_CURVE('',#1915,#1916,#2272,.T.);
#1383=EDGE_CURVE('',#1917,#1916,#2273,.T.);
#1384=EDGE_CURVE('',#1917,#1918,#2274,.F.);
#1385=EDGE_CURVE('',#1918,#1919,#169,.F.);
#1386=EDGE_CURVE('',#1919,#1893,#2275,.F.);
#1387=EDGE_CURVE('',#1920,#1921,#170,.F.);
#1388=EDGE_CURVE('',#1921,#1922,#147,.T.);
#1389=EDGE_CURVE('',#1922,#1923,#188,.T.);
#1390=EDGE_CURVE('',#1923,#1924,#148,.T.);
#1391=EDGE_CURVE('',#1924,#1925,#171,.F.);
#1392=EDGE_CURVE('',#1925,#1926,#2276,.T.);
#1393=EDGE_CURVE('',#1927,#1926,#2277,.T.);
#1394=EDGE_CURVE('',#1927,#1895,#2278,.F.);
#1395=EDGE_CURVE('',#1894,#1920,#2279,.T.);
#1396=EDGE_CURVE('',#1928,#1929,#172,.F.);
#1397=EDGE_CURVE('',#1928,#1930,#149,.T.);
#1398=EDGE_CURVE('',#1931,#1930,#2280,.T.);
#1399=EDGE_CURVE('',#1932,#1931,#2281,.T.);
#1400=EDGE_CURVE('',#1932,#1933,#2282,.T.);
#1401=EDGE_CURVE('',#1933,#1934,#2283,.T.);
#1402=EDGE_CURVE('',#1935,#1934,#2284,.T.);
#1403=EDGE_CURVE('',#1935,#1929,#150,.T.);
#1404=EDGE_CURVE('',#1930,#1936,#151,.T.);
#1405=EDGE_CURVE('',#1937,#1936,#173,.F.);
#1406=EDGE_CURVE('',#1937,#1935,#152,.T.);
#1407=EDGE_CURVE('',#1934,#1938,#2285,.T.);
#1408=EDGE_CURVE('',#1939,#1938,#2286,.T.);
#1409=EDGE_CURVE('',#1940,#1939,#2287,.T.);
#1410=EDGE_CURVE('',#1931,#1940,#2288,.T.);
#1411=EDGE_CURVE('',#1919,#1920,#153,.T.);
#1412=EDGE_CURVE('',#1925,#1918,#154,.T.);
#1413=EDGE_CURVE('',#1926,#1917,#189,.T.);
#1414=EDGE_CURVE('',#1922,#1928,#155,.T.);
#1415=EDGE_CURVE('',#1929,#1923,#156,.T.);
#1416=EDGE_CURVE('',#1941,#1942,#2289,.T.);
#1417=EDGE_CURVE('',#1942,#1943,#2290,.T.);
#1418=EDGE_CURVE('',#1943,#1927,#190,.T.);
#1419=EDGE_CURVE('',#1938,#1916,#2291,.T.);
#1420=EDGE_CURVE('',#1944,#1933,#191,.T.);
#1421=EDGE_CURVE('',#1945,#1944,#2292,.T.);
#1422=EDGE_CURVE('',#1946,#1945,#192,.T.);
#1423=EDGE_CURVE('',#1941,#1946,#2293,.T.);
#1424=EDGE_CURVE('',#1947,#1947,#193,.T.);
#1425=EDGE_CURVE('',#1948,#1948,#194,.T.);
#1426=EDGE_CURVE('',#1949,#1950,#2294,.T.);
#1427=EDGE_CURVE('',#1950,#1951,#2295,.T.);
#1428=EDGE_CURVE('',#1951,#1952,#2296,.T.);
#1429=EDGE_CURVE('',#1952,#1949,#2297,.T.);
#1430=EDGE_CURVE('',#1902,#1953,#2298,.T.);
#1431=EDGE_CURVE('',#1954,#1953,#2299,.T.);
#1432=EDGE_CURVE('',#1954,#1955,#2300,.T.);
#1433=EDGE_CURVE('',#1956,#1955,#2301,.T.);
#1434=EDGE_CURVE('',#1903,#1956,#2302,.T.);
#1435=EDGE_CURVE('',#1901,#1957,#2303,.T.);
#1436=EDGE_CURVE('',#1957,#1953,#2304,.T.);
#1437=EDGE_CURVE('',#1900,#1958,#2305,.T.);
#1438=EDGE_CURVE('',#1958,#1957,#2306,.T.);
#1439=EDGE_CURVE('',#1959,#1959,#195,.T.);
#1440=EDGE_CURVE('',#1960,#1960,#196,.T.);
#1441=EDGE_CURVE('',#1955,#1961,#2307,.T.);
#1442=EDGE_CURVE('',#1962,#1961,#2308,.T.);
#1443=EDGE_CURVE('',#1963,#1962,#2309,.T.);
#1444=EDGE_CURVE('',#1964,#1963,#2310,.T.);
#1445=EDGE_CURVE('',#1965,#1964,#197,.T.);
#1446=EDGE_CURVE('',#1966,#1965,#2311,.T.);
#1447=EDGE_CURVE('',#1967,#1966,#2312,.T.);
#1448=EDGE_CURVE('',#1968,#1967,#2313,.T.);
#1449=EDGE_CURVE('',#1969,#1968,#2314,.T.);
#1450=EDGE_CURVE('',#1970,#1969,#2315,.T.);
#1451=EDGE_CURVE('',#1970,#1971,#198,.T.);
#1452=EDGE_CURVE('',#1971,#1972,#2316,.T.);
#1453=EDGE_CURVE('',#1972,#1973,#2317,.T.);
#1454=EDGE_CURVE('',#1973,#1974,#2318,.T.);
#1455=EDGE_CURVE('',#1974,#1975,#2319,.T.);
#1456=EDGE_CURVE('',#1975,#1956,#2320,.T.);
#1457=EDGE_CURVE('',#1976,#1977,#2321,.T.);
#1458=EDGE_CURVE('',#1976,#1978,#2322,.T.);
#1459=EDGE_CURVE('',#1979,#1978,#2323,.T.);
#1460=EDGE_CURVE('',#1980,#1979,#2324,.T.);
#1461=EDGE_CURVE('',#1977,#1980,#199,.T.);
#1462=EDGE_CURVE('',#1971,#1908,#2325,.F.);
#1463=EDGE_CURVE('',#1907,#1972,#2326,.T.);
#1464=EDGE_CURVE('',#1906,#1973,#2327,.T.);
#1465=EDGE_CURVE('',#1905,#1974,#2328,.T.);
#1466=EDGE_CURVE('',#1904,#1975,#2329,.T.);
#1467=EDGE_CURVE('',#1981,#1982,#2330,.T.);
#1468=EDGE_CURVE('',#1981,#1961,#2331,.T.);
#1469=EDGE_CURVE('',#1958,#1954,#2332,.T.);
#1470=EDGE_CURVE('',#1899,#1983,#2333,.T.);
#1471=EDGE_CURVE('',#1983,#1984,#2334,.T.);
#1472=EDGE_CURVE('',#1984,#1942,#2335,.T.);
#1473=EDGE_CURVE('',#1985,#1941,#2336,.T.);
#1474=EDGE_CURVE('',#1986,#1985,#2337,.T.);
#1475=EDGE_CURVE('',#1986,#1978,#2338,.T.);
#1476=EDGE_CURVE('',#1982,#1976,#2339,.T.);
#1477=EDGE_CURVE('',#1983,#1987,#2340,.T.);
#1478=EDGE_CURVE('',#1898,#1987,#2341,.T.);
#1479=EDGE_CURVE('',#1987,#1988,#2342,.T.);
#1480=EDGE_CURVE('',#1897,#1988,#2343,.T.);
#1481=EDGE_CURVE('',#1984,#1988,#2344,.T.);
#1482=EDGE_CURVE('',#1896,#1943,#2345,.T.);
#1483=EDGE_CURVE('',#1989,#1970,#2346,.T.);
#1484=EDGE_CURVE('',#1914,#1989,#200,.T.);
#1485=EDGE_CURVE('',#1990,#1969,#2347,.T.);
#1486=EDGE_CURVE('',#1989,#1990,#2348,.T.);
#1487=EDGE_CURVE('',#1991,#1968,#2349,.T.);
#1488=EDGE_CURVE('',#1990,#1991,#2350,.T.);
#1489=EDGE_CURVE('',#1992,#1967,#2351,.T.);
#1490=EDGE_CURVE('',#1993,#1992,#2352,.T.);
#1491=EDGE_CURVE('',#1991,#1993,#2353,.T.);
#1492=EDGE_CURVE('',#1994,#1966,#2354,.T.);
#1493=EDGE_CURVE('',#1992,#1994,#2355,.T.);
#1494=EDGE_CURVE('',#1995,#1965,#2356,.T.);
#1495=EDGE_CURVE('',#1994,#1995,#2357,.T.);
#1496=EDGE_CURVE('',#1996,#1964,#2358,.T.);
#1497=EDGE_CURVE('',#1997,#1996,#201,.T.);
#1498=EDGE_CURVE('',#1997,#1995,#2359,.T.);
#1499=EDGE_CURVE('',#1998,#1963,#2360,.T.);
#1500=EDGE_CURVE('',#1996,#1998,#2361,.T.);
#1501=EDGE_CURVE('',#1999,#1962,#2362,.T.);
#1502=EDGE_CURVE('',#1998,#1999,#2363,.T.);
#1503=EDGE_CURVE('',#1999,#1981,#2364,.T.);
#1504=EDGE_CURVE('',#2000,#1977,#2365,.T.);
#1505=EDGE_CURVE('',#1982,#2000,#2366,.T.);
#1506=EDGE_CURVE('',#2001,#1980,#2367,.T.);
#1507=EDGE_CURVE('',#2000,#2001,#202,.T.);
#1508=EDGE_CURVE('',#2002,#1979,#2368,.T.);
#1509=EDGE_CURVE('',#2001,#2002,#2369,.T.);
#1510=EDGE_CURVE('',#2002,#1986,#2370,.T.);
#1511=EDGE_CURVE('',#2003,#1946,#2371,.T.);
#1512=EDGE_CURVE('',#1985,#2003,#2372,.T.);
#1513=EDGE_CURVE('',#2004,#1945,#2373,.T.);
#1514=EDGE_CURVE('',#2003,#2004,#203,.T.);
#1515=EDGE_CURVE('',#2005,#1944,#2374,.T.);
#1516=EDGE_CURVE('',#2004,#2005,#2375,.T.);
#1517=EDGE_CURVE('',#2005,#1932,#204,.T.);
#1518=EDGE_CURVE('',#2006,#1915,#2376,.T.);
#1519=EDGE_CURVE('',#2006,#2007,#2377,.T.);
#1520=EDGE_CURVE('',#1939,#2007,#2378,.T.);
#1521=EDGE_CURVE('',#2008,#1995,#2379,.T.);
#1522=EDGE_CURVE('',#1939,#2008,#2380,.T.);
#1523=EDGE_CURVE('',#1992,#2007,#2381,.T.);
#1524=EDGE_CURVE('',#1993,#2006,#2382,.T.);
#1525=EDGE_CURVE('',#2009,#2008,#2383,.T.);
#1526=EDGE_CURVE('',#1940,#2009,#2384,.T.);
#1527=EDGE_CURVE('',#2009,#1997,#2385,.T.);
#1528=EDGE_CURVE('',#2010,#2011,#2386,.T.);
#1529=EDGE_CURVE('',#2011,#2012,#205,.T.);
#1530=EDGE_CURVE('',#2012,#2013,#2387,.T.);
#1531=EDGE_CURVE('',#2013,#2014,#2388,.T.);
#1532=EDGE_CURVE('',#2014,#2010,#2389,.T.);
#1533=EDGE_CURVE('',#2015,#2015,#206,.T.);
#1534=EDGE_CURVE('',#2016,#2017,#2390,.T.);
#1535=EDGE_CURVE('',#2018,#2016,#2391,.T.);
#1536=EDGE_CURVE('',#2019,#2018,#207,.T.);
#1537=EDGE_CURVE('',#2020,#2019,#2392,.T.);
#1538=EDGE_CURVE('',#2017,#2020,#2393,.T.);
#1539=EDGE_CURVE('',#2014,#2017,#2394,.T.);
#1540=EDGE_CURVE('',#2010,#2020,#2395,.T.);
#1541=EDGE_CURVE('',#2013,#2016,#2396,.T.);
#1542=EDGE_CURVE('',#2012,#2018,#2397,.T.);
#1543=EDGE_CURVE('',#2011,#2019,#2398,.T.);
#1544=EDGE_CURVE('',#2021,#2021,#208,.T.);
#1545=EDGE_CURVE('',#2022,#2022,#209,.T.);
#1546=EDGE_CURVE('',#2023,#2023,#210,.T.);
#1547=EDGE_CURVE('',#2024,#2024,#211,.T.);
#1548=EDGE_CURVE('',#2025,#2025,#212,.T.);
#1549=EDGE_CURVE('',#2026,#1950,#2399,.T.);
#1550=EDGE_CURVE('',#2026,#2027,#2400,.T.);
#1551=EDGE_CURVE('',#2027,#1951,#2401,.T.);
#1552=EDGE_CURVE('',#2027,#2028,#2402,.T.);
#1553=EDGE_CURVE('',#2028,#1952,#2403,.T.);
#1554=EDGE_CURVE('',#2028,#2029,#2404,.T.);
#1555=EDGE_CURVE('',#2029,#1949,#2405,.T.);
#1556=EDGE_CURVE('',#2029,#2026,#2406,.T.);
#1557=EDGE_CURVE('',#1936,#1921,#157,.T.);
#1558=EDGE_CURVE('',#1924,#1937,#158,.T.);
#1559=EDGE_CURVE('',#2030,#2030,#213,.T.);
#1560=EDGE_CURVE('',#2031,#2031,#214,.T.);
#1561=EDGE_CURVE('',#2032,#2032,#215,.T.);
#1562=EDGE_CURVE('',#2033,#2033,#216,.T.);
#1563=EDGE_CURVE('',#2034,#2034,#217,.T.);
#1564=EDGE_CURVE('',#1882,#2035,#2407,.T.);
#1565=EDGE_CURVE('',#2035,#2036,#2408,.T.);
#1566=EDGE_CURVE('',#2036,#1883,#2409,.T.);
#1567=EDGE_CURVE('',#2036,#2037,#2410,.T.);
#1568=EDGE_CURVE('',#2037,#1884,#2411,.T.);
#1569=EDGE_CURVE('',#2037,#2038,#2412,.T.);
#1570=EDGE_CURVE('',#2038,#1885,#2413,.T.);
#1571=EDGE_CURVE('',#2035,#2038,#2414,.T.);
#1572=EDGE_CURVE('',#1891,#2039,#2415,.T.);
#1573=EDGE_CURVE('',#2039,#1912,#2416,.T.);
#1574=EDGE_CURVE('',#1913,#2040,#2417,.T.);
#1575=EDGE_CURVE('',#2040,#1911,#2418,.T.);
#1576=EDGE_CURVE('',#2039,#2040,#2419,.T.);
#1577=EDGE_CURVE('',#2041,#2042,#2420,.T.);
#1578=EDGE_CURVE('',#2043,#2041,#2421,.T.);
#1579=EDGE_CURVE('',#2044,#2043,#2422,.T.);
#1580=EDGE_CURVE('',#2042,#2044,#2423,.T.);
#1581=EDGE_CURVE('',#2045,#2046,#2424,.T.);
#1582=EDGE_CURVE('',#2045,#2047,#2425,.T.);
#1583=EDGE_CURVE('',#2048,#2047,#2426,.T.);
#1584=EDGE_CURVE('',#2048,#2046,#2427,.T.);
#1585=EDGE_CURVE('',#2049,#2050,#2428,.F.);
#1586=EDGE_CURVE('',#2050,#2051,#2429,.T.);
#1587=EDGE_CURVE('',#2052,#2051,#2430,.T.);
#1588=EDGE_CURVE('',#2052,#2049,#2431,.T.);
#1589=EDGE_CURVE('',#2042,#2050,#2432,.T.);
#1590=EDGE_CURVE('',#2049,#2053,#2433,.F.);
#1591=EDGE_CURVE('',#2053,#2054,#2434,.F.);
#1592=EDGE_CURVE('',#2048,#2054,#2435,.F.);
#1593=EDGE_CURVE('',#2041,#2047,#2436,.T.);
#1594=EDGE_CURVE('',#2051,#2044,#2437,.T.);
#1595=EDGE_CURVE('',#2043,#2045,#2438,.F.);
#1596=EDGE_CURVE('',#2046,#2055,#2439,.T.);
#1597=EDGE_CURVE('',#2056,#2055,#2440,.T.);
#1598=EDGE_CURVE('',#2052,#2056,#2441,.T.);
#1599=EDGE_CURVE('',#2056,#2057,#218,.T.);
#1600=EDGE_CURVE('',#2057,#2058,#2442,.T.);
#1601=EDGE_CURVE('',#2058,#2059,#2443,.T.);
#1602=EDGE_CURVE('',#2060,#2059,#2444,.T.);
#1603=EDGE_CURVE('',#2053,#2060,#219,.F.);
#1604=EDGE_CURVE('',#2061,#2062,#2445,.T.);
#1605=EDGE_CURVE('',#2059,#2062,#2446,.F.);
#1606=EDGE_CURVE('',#2058,#2061,#2447,.T.);
#1607=EDGE_CURVE('',#2054,#2063,#220,.F.);
#1608=EDGE_CURVE('',#2063,#2062,#2448,.T.);
#1609=EDGE_CURVE('',#2064,#2061,#2449,.T.);
#1610=EDGE_CURVE('',#2055,#2064,#221,.T.);
#1611=EDGE_CURVE('',#2060,#2063,#2450,.T.);
#1612=EDGE_CURVE('',#2057,#2064,#2451,.T.);
#1613=EDGE_CURVE('',#2065,#2066,#2452,.T.);
#1614=EDGE_CURVE('',#2066,#2067,#2453,.T.);
#1615=EDGE_CURVE('',#2068,#2067,#2454,.T.);
#1616=EDGE_CURVE('',#2068,#2065,#2455,.T.);
#1617=EDGE_CURVE('',#2069,#2070,#2456,.T.);
#1618=EDGE_CURVE('',#2070,#2066,#2457,.T.);
#1619=EDGE_CURVE('',#2065,#2071,#2458,.F.);
#1620=EDGE_CURVE('',#2072,#2071,#2459,.T.);
#1621=EDGE_CURVE('',#2072,#2069,#2460,.T.);
#1622=EDGE_CURVE('',#2073,#2069,#222,.T.);
#1623=EDGE_CURVE('',#2074,#2072,#223,.T.);
#1624=EDGE_CURVE('',#2074,#2073,#2461,.T.);
#1625=EDGE_CURVE('',#2075,#2073,#224,.T.);
#1626=EDGE_CURVE('',#2076,#2074,#225,.T.);
#1627=EDGE_CURVE('',#2076,#2075,#2462,.T.);
#1628=EDGE_CURVE('',#2077,#2075,#226,.T.);
#1629=EDGE_CURVE('',#2078,#2076,#227,.T.);
#1630=EDGE_CURVE('',#2078,#2077,#2463,.T.);
#1631=EDGE_CURVE('',#2079,#2080,#228,.F.);
#1632=EDGE_CURVE('',#2081,#2079,#2464,.T.);
#1633=EDGE_CURVE('',#2081,#2082,#229,.F.);
#1634=EDGE_CURVE('',#2082,#2080,#2465,.T.);
#1635=EDGE_CURVE('',#2080,#2083,#230,.T.);
#1636=EDGE_CURVE('',#2082,#2084,#231,.T.);
#1637=EDGE_CURVE('',#2084,#2083,#2466,.T.);
#1638=EDGE_CURVE('',#2083,#2085,#232,.F.);
#1639=EDGE_CURVE('',#2084,#2086,#233,.F.);
#1640=EDGE_CURVE('',#2086,#2085,#2467,.T.);
#1641=EDGE_CURVE('',#2067,#2087,#2468,.T.);
#1642=EDGE_CURVE('',#2085,#2087,#2469,.T.);
#1643=EDGE_CURVE('',#2086,#2088,#2470,.T.);
#1644=EDGE_CURVE('',#2088,#2068,#2471,.F.);
#1645=EDGE_CURVE('',#2071,#2088,#2472,.T.);
#1646=EDGE_CURVE('',#2089,#2081,#2473,.T.);
#1647=EDGE_CURVE('',#2090,#2089,#234,.T.);
#1648=EDGE_CURVE('',#2091,#2090,#2474,.F.);
#1649=EDGE_CURVE('',#2091,#2092,#235,.T.);
#1650=EDGE_CURVE('',#2092,#2078,#2475,.T.);
#1651=EDGE_CURVE('',#2093,#2077,#2476,.T.);
#1652=EDGE_CURVE('',#2092,#2093,#2477,.T.);
#1653=EDGE_CURVE('',#2087,#2070,#2478,.F.);
#1654=EDGE_CURVE('',#2093,#2094,#236,.F.);
#1655=EDGE_CURVE('',#2094,#2095,#2479,.T.);
#1656=EDGE_CURVE('',#2096,#2095,#237,.T.);
#1657=EDGE_CURVE('',#2096,#2079,#2480,.T.);
#1658=EDGE_CURVE('',#2089,#2096,#2481,.T.);
#1659=EDGE_CURVE('',#2043,#2094,#159,.T.);
#1660=EDGE_CURVE('',#2041,#2095,#160,.T.);
#1661=EDGE_CURVE('',#2091,#2045,#161,.T.);
#1662=EDGE_CURVE('',#2090,#2047,#162,.T.);
#1663=EDGE_CURVE('',#2097,#2098,#2482,.T.);
#1664=EDGE_CURVE('',#2097,#2099,#2483,.T.);
#1665=EDGE_CURVE('',#2099,#2100,#174,.F.);
#1666=EDGE_CURVE('',#2100,#2101,#2484,.T.);
#1667=EDGE_CURVE('',#2101,#2102,#2485,.T.);
#1668=EDGE_CURVE('',#2102,#2103,#2486,.T.);
#1669=EDGE_CURVE('',#2103,#2104,#2487,.T.);
#1670=EDGE_CURVE('',#2098,#2104,#2488,.T.);
#1671=EDGE_CURVE('',#2105,#2106,#238,.T.);
#1672=EDGE_CURVE('',#2106,#2107,#175,.F.);
#1673=EDGE_CURVE('',#2107,#2108,#2489,.T.);
#1674=EDGE_CURVE('',#2108,#2109,#239,.T.);
#1675=EDGE_CURVE('',#2109,#2098,#2490,.T.);
#1676=EDGE_CURVE('',#2104,#2110,#2491,.T.);
#1677=EDGE_CURVE('',#2110,#2111,#2492,.T.);
#1678=EDGE_CURVE('',#2111,#2105,#2493,.T.);
#1679=EDGE_CURVE('',#2109,#2112,#2494,.F.);
#1680=EDGE_CURVE('',#2112,#2097,#2495,.T.);
#1681=EDGE_CURVE('',#2113,#2114,#2496,.T.);
#1682=EDGE_CURVE('',#2114,#2115,#2497,.T.);
#1683=EDGE_CURVE('',#2115,#2113,#2498,.F.);
#1684=EDGE_CURVE('',#2114,#2116,#2499,.T.);
#1685=EDGE_CURVE('',#2113,#2117,#240,.F.);
#1686=EDGE_CURVE('',#2118,#2117,#2500,.T.);
#1687=EDGE_CURVE('',#2119,#2118,#2501,.T.);
#1688=EDGE_CURVE('',#2120,#2119,#2502,.T.);
#1689=EDGE_CURVE('',#2121,#2120,#2503,.T.);
#1690=EDGE_CURVE('',#2122,#2121,#2504,.T.);
#1691=EDGE_CURVE('',#2123,#2122,#2505,.T.);
#1692=EDGE_CURVE('',#2101,#2123,#2506,.T.);
#1693=EDGE_CURVE('',#2100,#2124,#176,.T.);
#1694=EDGE_CURVE('',#2124,#2116,#177,.T.);
#1695=EDGE_CURVE('',#2108,#2112,#178,.F.);
#1696=EDGE_CURVE('',#2115,#2125,#179,.F.);
#1697=EDGE_CURVE('',#2125,#2126,#163,.T.);
#1698=EDGE_CURVE('',#2126,#2106,#164,.T.);
#1699=EDGE_CURVE('',#2117,#2105,#2507,.T.);
#1700=EDGE_CURVE('',#2127,#2110,#2508,.T.);
#1701=EDGE_CURVE('',#2127,#2128,#2509,.T.);
#1702=EDGE_CURVE('',#2119,#2128,#2510,.T.);
#1703=EDGE_CURVE('',#2118,#2111,#2511,.T.);
#1704=EDGE_CURVE('',#2129,#2102,#2512,.T.);
#1705=EDGE_CURVE('',#2123,#2129,#2513,.T.);
#1706=EDGE_CURVE('',#2130,#2129,#2514,.T.);
#1707=EDGE_CURVE('',#2122,#2130,#2515,.T.);
#1708=EDGE_CURVE('',#2131,#2130,#2516,.T.);
#1709=EDGE_CURVE('',#2121,#2131,#2517,.T.);
#1710=EDGE_CURVE('',#2132,#2131,#2518,.T.);
#1711=EDGE_CURVE('',#2120,#2132,#2519,.T.);
#1712=EDGE_CURVE('',#2128,#2132,#2520,.T.);
#1713=EDGE_CURVE('',#2103,#2127,#2521,.T.);
#1714=EDGE_CURVE('',#2116,#2125,#2522,.T.);
#1715=EDGE_CURVE('',#2107,#2099,#2523,.T.);
#1716=EDGE_CURVE('',#2124,#2126,#2524,.F.);
#1717=EDGE_CURVE('',#2133,#2134,#2525,.F.);
#1718=EDGE_CURVE('',#2135,#2134,#2526,.T.);
#1719=EDGE_CURVE('',#2136,#2135,#2527,.T.);
#1720=EDGE_CURVE('',#2136,#2133,#2528,.T.);
#1721=EDGE_CURVE('',#2137,#2138,#2529,.T.);
#1722=EDGE_CURVE('',#2137,#2139,#2530,.T.);
#1723=EDGE_CURVE('',#2139,#2140,#2531,.F.);
#1724=EDGE_CURVE('',#2138,#2140,#2532,.T.);
#1725=EDGE_CURVE('',#2141,#2142,#241,.T.);
#1726=EDGE_CURVE('',#2142,#2143,#2533,.T.);
#1727=EDGE_CURVE('',#2143,#2144,#2534,.T.);
#1728=EDGE_CURVE('',#2145,#2144,#2535,.T.);
#1729=EDGE_CURVE('',#2146,#2145,#242,.F.);
#1730=EDGE_CURVE('',#2133,#2146,#2536,.F.);
#1731=EDGE_CURVE('',#2136,#2141,#2537,.T.);
#1732=EDGE_CURVE('',#2143,#2147,#2538,.T.);
#1733=EDGE_CURVE('',#2147,#2148,#2539,.T.);
#1734=EDGE_CURVE('',#2144,#2148,#2540,.F.);
#1735=EDGE_CURVE('',#2140,#2149,#2541,.F.);
#1736=EDGE_CURVE('',#2149,#2150,#243,.F.);
#1737=EDGE_CURVE('',#2150,#2148,#2542,.T.);
#1738=EDGE_CURVE('',#2151,#2147,#2543,.T.);
#1739=EDGE_CURVE('',#2152,#2151,#244,.T.);
#1740=EDGE_CURVE('',#2138,#2152,#2544,.T.);
#1741=EDGE_CURVE('',#2134,#2139,#2545,.T.);
#1742=EDGE_CURVE('',#2146,#2149,#2546,.F.);
#1743=EDGE_CURVE('',#2145,#2150,#2547,.T.);
#1744=EDGE_CURVE('',#2141,#2152,#2548,.T.);
#1745=EDGE_CURVE('',#2135,#2137,#2549,.F.);
#1746=EDGE_CURVE('',#2142,#2151,#2550,.T.);
#1747=EDGE_CURVE('',#2153,#2154,#245,.F.);
#1748=EDGE_CURVE('',#2155,#2154,#2551,.T.);
#1749=EDGE_CURVE('',#2156,#2155,#246,.F.);
#1750=EDGE_CURVE('',#2156,#2153,#2552,.F.);
#1751=EDGE_CURVE('',#2157,#2158,#247,.T.);
#1752=EDGE_CURVE('',#2159,#2157,#2553,.T.);
#1753=EDGE_CURVE('',#2159,#2160,#248,.T.);
#1754=EDGE_CURVE('',#2160,#2158,#2554,.T.);
#1755=EDGE_CURVE('',#2158,#2161,#249,.T.);
#1756=EDGE_CURVE('',#2160,#2162,#250,.T.);
#1757=EDGE_CURVE('',#2162,#2161,#2555,.T.);
#1758=EDGE_CURVE('',#2163,#2164,#2556,.T.);
#1759=EDGE_CURVE('',#2164,#2165,#2557,.F.);
#1760=EDGE_CURVE('',#2161,#2165,#2558,.T.);
#1761=EDGE_CURVE('',#2162,#2166,#2559,.T.);
#1762=EDGE_CURVE('',#2166,#2163,#2560,.F.);
#1763=EDGE_CURVE('',#2167,#2168,#2561,.F.);
#1764=EDGE_CURVE('',#2168,#2164,#2562,.T.);
#1765=EDGE_CURVE('',#2163,#2167,#2563,.T.);
#1766=EDGE_CURVE('',#2169,#2170,#2564,.F.);
#1767=EDGE_CURVE('',#2170,#2168,#2565,.F.);
#1768=EDGE_CURVE('',#2167,#2171,#2566,.F.);
#1769=EDGE_CURVE('',#2172,#2171,#2567,.F.);
#1770=EDGE_CURVE('',#2172,#2169,#2568,.T.);
#1771=EDGE_CURVE('',#2173,#2169,#251,.F.);
#1772=EDGE_CURVE('',#2174,#2172,#252,.F.);
#1773=EDGE_CURVE('',#2174,#2173,#2569,.T.);
#1774=EDGE_CURVE('',#2154,#2173,#253,.T.);
#1775=EDGE_CURVE('',#2155,#2174,#254,.T.);
#1776=EDGE_CURVE('',#2175,#2157,#255,.T.);
#1777=EDGE_CURVE('',#2176,#2175,#2570,.T.);
#1778=EDGE_CURVE('',#2176,#2159,#256,.T.);
#1779=EDGE_CURVE('',#2177,#2175,#2571,.T.);
#1780=EDGE_CURVE('',#2178,#2177,#2572,.T.);
#1781=EDGE_CURVE('',#2178,#2176,#2573,.T.);
#1782=EDGE_CURVE('',#2171,#2166,#2574,.T.);
#1783=EDGE_CURVE('',#2178,#2179,#257,.F.);
#1784=EDGE_CURVE('',#2179,#2180,#2575,.T.);
#1785=EDGE_CURVE('',#2181,#2180,#258,.T.);
#1786=EDGE_CURVE('',#2181,#2156,#2576,.F.);
#1787=EDGE_CURVE('',#2182,#2153,#2577,.F.);
#1788=EDGE_CURVE('',#2181,#2182,#2578,.T.);
#1789=EDGE_CURVE('',#2165,#2170,#2579,.T.);
#1790=EDGE_CURVE('',#2183,#2182,#259,.T.);
#1791=EDGE_CURVE('',#2184,#2183,#2580,.F.);
#1792=EDGE_CURVE('',#2184,#2177,#260,.T.);
#1793=EDGE_CURVE('',#2135,#2179,#165,.T.);
#1794=EDGE_CURVE('',#2134,#2180,#166,.T.);
#1795=EDGE_CURVE('',#2184,#2137,#167,.T.);
#1796=EDGE_CURVE('',#2183,#2139,#168,.T.);
#1797=EDGE_CURVE('',#2185,#2186,#2581,.T.);
#1798=EDGE_CURVE('',#2185,#2187,#261,.F.);
#1799=EDGE_CURVE('',#2188,#2187,#2582,.T.);
#1800=EDGE_CURVE('',#2188,#2189,#262,.F.);
#1801=EDGE_CURVE('',#2190,#2189,#2583,.T.);
#1802=EDGE_CURVE('',#2191,#2190,#2584,.T.);
#1803=EDGE_CURVE('',#2192,#2191,#2585,.T.);
#1804=EDGE_CURVE('',#2193,#2192,#2586,.T.);
#1805=EDGE_CURVE('',#2194,#2193,#2587,.T.);
#1806=EDGE_CURVE('',#2195,#2194,#2588,.T.);
#1807=EDGE_CURVE('',#2196,#2195,#2589,.T.);
#1808=EDGE_CURVE('',#2197,#2196,#2590,.T.);
#1809=EDGE_CURVE('',#2198,#2197,#2591,.T.);
#1810=EDGE_CURVE('',#2199,#2198,#2592,.T.);
#1811=EDGE_CURVE('',#2200,#2199,#2593,.T.);
#1812=EDGE_CURVE('',#2201,#2200,#2594,.T.);
#1813=EDGE_CURVE('',#2201,#2202,#263,.F.);
#1814=EDGE_CURVE('',#2203,#2202,#2595,.T.);
#1815=EDGE_CURVE('',#2203,#2204,#2596,.T.);
#1816=EDGE_CURVE('',#2204,#2205,#2597,.T.);
#1817=EDGE_CURVE('',#2205,#2186,#2598,.T.);
#1818=EDGE_CURVE('',#2206,#2206,#264,.F.);
#1819=EDGE_CURVE('',#2207,#2207,#265,.F.);
#1820=EDGE_CURVE('',#2208,#2208,#266,.F.);
#1821=EDGE_CURVE('',#2209,#2209,#267,.F.);
#1822=EDGE_CURVE('',#2210,#2210,#268,.F.);
#1823=EDGE_CURVE('',#2211,#2212,#2599,.T.);
#1824=EDGE_CURVE('',#2212,#2213,#2600,.T.);
#1825=EDGE_CURVE('',#2213,#2214,#2601,.T.);
#1826=EDGE_CURVE('',#2214,#2211,#2602,.T.);
#1827=EDGE_CURVE('',#2215,#2216,#2603,.T.);
#1828=EDGE_CURVE('',#2215,#2185,#2604,.F.);
#1829=EDGE_CURVE('',#2217,#2186,#2605,.T.);
#1830=EDGE_CURVE('',#2217,#2218,#2606,.T.);
#1831=EDGE_CURVE('',#2218,#2203,#2607,.T.);
#1832=EDGE_CURVE('',#2202,#2216,#2608,.T.);
#1833=EDGE_CURVE('',#2219,#2219,#269,.T.);
#1834=EDGE_CURVE('',#2220,#2220,#270,.T.);
#1835=EDGE_CURVE('',#2221,#2222,#2609,.T.);
#1836=EDGE_CURVE('',#2222,#2215,#271,.T.);
#1837=EDGE_CURVE('',#2216,#2223,#272,.T.);
#1838=EDGE_CURVE('',#2223,#2224,#2610,.T.);
#1839=EDGE_CURVE('',#2224,#2225,#2611,.T.);
#1840=EDGE_CURVE('',#2225,#2226,#2612,.T.);
#1841=EDGE_CURVE('',#2226,#2227,#2613,.T.);
#1842=EDGE_CURVE('',#2227,#2228,#2614,.T.);
#1843=EDGE_CURVE('',#2228,#2229,#2615,.T.);
#1844=EDGE_CURVE('',#2229,#2230,#2616,.T.);
#1845=EDGE_CURVE('',#2230,#2231,#2617,.T.);
#1846=EDGE_CURVE('',#2231,#2232,#2618,.T.);
#1847=EDGE_CURVE('',#2232,#2233,#2619,.T.);
#1848=EDGE_CURVE('',#2233,#2234,#2620,.T.);
#1849=EDGE_CURVE('',#2234,#2235,#2621,.T.);
#1850=EDGE_CURVE('',#2235,#2221,#273,.T.);
#1851=EDGE_CURVE('',#2236,#2236,#274,.T.);
#1852=EDGE_CURVE('',#2237,#2237,#275,.T.);
#1853=EDGE_CURVE('',#2238,#2238,#276,.T.);
#1854=EDGE_CURVE('',#2187,#2222,#2622,.T.);
#1855=EDGE_CURVE('',#2221,#2188,#2623,.F.);
#1856=EDGE_CURVE('',#2223,#2201,#2624,.F.);
#1857=EDGE_CURVE('',#2200,#2224,#2625,.T.);
#1858=EDGE_CURVE('',#2199,#2225,#2626,.T.);
#1859=EDGE_CURVE('',#2198,#2226,#2627,.T.);
#1860=EDGE_CURVE('',#2197,#2227,#2628,.T.);
#1861=EDGE_CURVE('',#2196,#2228,#2629,.T.);
#1862=EDGE_CURVE('',#2195,#2229,#2630,.T.);
#1863=EDGE_CURVE('',#2194,#2230,#2631,.T.);
#1864=EDGE_CURVE('',#2193,#2231,#2632,.T.);
#1865=EDGE_CURVE('',#2192,#2232,#2633,.T.);
#1866=EDGE_CURVE('',#2191,#2233,#2634,.T.);
#1867=EDGE_CURVE('',#2190,#2234,#2635,.T.);
#1868=EDGE_CURVE('',#2189,#2235,#2636,.T.);
#1869=EDGE_CURVE('',#2205,#2239,#2637,.T.);
#1870=EDGE_CURVE('',#2239,#2217,#2638,.T.);
#1871=EDGE_CURVE('',#2218,#2240,#2639,.T.);
#1872=EDGE_CURVE('',#2240,#2204,#2640,.T.);
#1873=EDGE_CURVE('',#2239,#2240,#2641,.T.);
#1874=EDGE_CURVE('',#2211,#2241,#2642,.T.);
#1875=EDGE_CURVE('',#2241,#2242,#2643,.T.);
#1876=EDGE_CURVE('',#2242,#2212,#2644,.T.);
#1877=EDGE_CURVE('',#2242,#2243,#2645,.T.);
#1878=EDGE_CURVE('',#2243,#2213,#2646,.T.);
#1879=EDGE_CURVE('',#2243,#2244,#2647,.T.);
#1880=EDGE_CURVE('',#2244,#2214,#2648,.T.);
#1881=EDGE_CURVE('',#2241,#2244,#2649,.T.);
#1882=VERTEX_POINT('',#5362);
#1883=VERTEX_POINT('',#5363);
#1884=VERTEX_POINT('',#5365);
#1885=VERTEX_POINT('',#5367);
#1886=VERTEX_POINT('',#5370);
#1887=VERTEX_POINT('',#5372);
#1888=VERTEX_POINT('',#5374);
#1889=VERTEX_POINT('',#5376);
#1890=VERTEX_POINT('',#5378);
#1891=VERTEX_POINT('',#5380);
#1892=VERTEX_POINT('',#5381);
#1893=VERTEX_POINT('',#5383);
#1894=VERTEX_POINT('',#5385);
#1895=VERTEX_POINT('',#5387);
#1896=VERTEX_POINT('',#5389);
#1897=VERTEX_POINT('',#5391);
#1898=VERTEX_POINT('',#5393);
#1899=VERTEX_POINT('',#5395);
#1900=VERTEX_POINT('',#5397);
#1901=VERTEX_POINT('',#5399);
#1902=VERTEX_POINT('',#5401);
#1903=VERTEX_POINT('',#5403);
#1904=VERTEX_POINT('',#5405);
#1905=VERTEX_POINT('',#5407);
#1906=VERTEX_POINT('',#5409);
#1907=VERTEX_POINT('',#5411);
#1908=VERTEX_POINT('',#5413);
#1909=VERTEX_POINT('',#5415);
#1910=VERTEX_POINT('',#5417);
#1911=VERTEX_POINT('',#5419);
#1912=VERTEX_POINT('',#5423);
#1913=VERTEX_POINT('',#5425);
#1914=VERTEX_POINT('',#5428);
#1915=VERTEX_POINT('',#5430);
#1916=VERTEX_POINT('',#5432);
#1917=VERTEX_POINT('',#5434);
#1918=VERTEX_POINT('',#5436);
#1919=VERTEX_POINT('',#5438);
#1920=VERTEX_POINT('',#5442);
#1921=VERTEX_POINT('',#5443);
#1922=VERTEX_POINT('',#5448);
#1923=VERTEX_POINT('',#5450);
#1924=VERTEX_POINT('',#5455);
#1925=VERTEX_POINT('',#5457);
#1926=VERTEX_POINT('',#5459);
#1927=VERTEX_POINT('',#5461);
#1928=VERTEX_POINT('',#5466);
#1929=VERTEX_POINT('',#5467);
#1930=VERTEX_POINT('',#5472);
#1931=VERTEX_POINT('',#5474);
#1932=VERTEX_POINT('',#5476);
#1933=VERTEX_POINT('',#5478);
#1934=VERTEX_POINT('',#5480);
#1935=VERTEX_POINT('',#5482);
#1936=VERTEX_POINT('',#5492);
#1937=VERTEX_POINT('',#5494);
#1938=VERTEX_POINT('',#5500);
#1939=VERTEX_POINT('',#5502);
#1940=VERTEX_POINT('',#5504);
#1941=VERTEX_POINT('',#5528);
#1942=VERTEX_POINT('',#5529);
#1943=VERTEX_POINT('',#5531);
#1944=VERTEX_POINT('',#5535);
#1945=VERTEX_POINT('',#5537);
#1946=VERTEX_POINT('',#5539);
#1947=VERTEX_POINT('',#5542);
#1948=VERTEX_POINT('',#5544);
#1949=VERTEX_POINT('',#5546);
#1950=VERTEX_POINT('',#5547);
#1951=VERTEX_POINT('',#5549);
#1952=VERTEX_POINT('',#5551);
#1953=VERTEX_POINT('',#5555);
#1954=VERTEX_POINT('',#5557);
#1955=VERTEX_POINT('',#5559);
#1956=VERTEX_POINT('',#5561);
#1957=VERTEX_POINT('',#5565);
#1958=VERTEX_POINT('',#5569);
#1959=VERTEX_POINT('',#5573);
#1960=VERTEX_POINT('',#5575);
#1961=VERTEX_POINT('',#5577);
#1962=VERTEX_POINT('',#5579);
#1963=VERTEX_POINT('',#5581);
#1964=VERTEX_POINT('',#5583);
#1965=VERTEX_POINT('',#5585);
#1966=VERTEX_POINT('',#5587);
#1967=VERTEX_POINT('',#5589);
#1968=VERTEX_POINT('',#5591);
#1969=VERTEX_POINT('',#5593);
#1970=VERTEX_POINT('',#5595);
#1971=VERTEX_POINT('',#5597);
#1972=VERTEX_POINT('',#5599);
#1973=VERTEX_POINT('',#5601);
#1974=VERTEX_POINT('',#5603);
#1975=VERTEX_POINT('',#5605);
#1976=VERTEX_POINT('',#5609);
#1977=VERTEX_POINT('',#5610);
#1978=VERTEX_POINT('',#5612);
#1979=VERTEX_POINT('',#5614);
#1980=VERTEX_POINT('',#5616);
#1981=VERTEX_POINT('',#5630);
#1982=VERTEX_POINT('',#5631);
#1983=VERTEX_POINT('',#5635);
#1984=VERTEX_POINT('',#5637);
#1985=VERTEX_POINT('',#5640);
#1986=VERTEX_POINT('',#5642);
#1987=VERTEX_POINT('',#5647);
#1988=VERTEX_POINT('',#5651);
#1989=VERTEX_POINT('',#5658);
#1990=VERTEX_POINT('',#5663);
#1991=VERTEX_POINT('',#5667);
#1992=VERTEX_POINT('',#5671);
#1993=VERTEX_POINT('',#5673);
#1994=VERTEX_POINT('',#5677);
#1995=VERTEX_POINT('',#5681);
#1996=VERTEX_POINT('',#5685);
#1997=VERTEX_POINT('',#5687);
#1998=VERTEX_POINT('',#5691);
#1999=VERTEX_POINT('',#5695);
#2000=VERTEX_POINT('',#5701);
#2001=VERTEX_POINT('',#5705);
#2002=VERTEX_POINT('',#5709);
#2003=VERTEX_POINT('',#5715);
#2004=VERTEX_POINT('',#5719);
#2005=VERTEX_POINT('',#5723);
#2006=VERTEX_POINT('',#5729);
#2007=VERTEX_POINT('',#5731);
#2008=VERTEX_POINT('',#5735);
#2009=VERTEX_POINT('',#5743);
#2010=VERTEX_POINT('',#5749);
#2011=VERTEX_POINT('',#5750);
#2012=VERTEX_POINT('',#5752);
#2013=VERTEX_POINT('',#5754);
#2014=VERTEX_POINT('',#5756);
#2015=VERTEX_POINT('',#5760);
#2016=VERTEX_POINT('',#5762);
#2017=VERTEX_POINT('',#5763);
#2018=VERTEX_POINT('',#5765);
#2019=VERTEX_POINT('',#5767);
#2020=VERTEX_POINT('',#5769);
#2021=VERTEX_POINT('',#5785);
#2022=VERTEX_POINT('',#5789);
#2023=VERTEX_POINT('',#5793);
#2024=VERTEX_POINT('',#5797);
#2025=VERTEX_POINT('',#5801);
#2026=VERTEX_POINT('',#5805);
#2027=VERTEX_POINT('',#5807);
#2028=VERTEX_POINT('',#5811);
#2029=VERTEX_POINT('',#5815);
#2030=VERTEX_POINT('',#5861);
#2031=VERTEX_POINT('',#5865);
#2032=VERTEX_POINT('',#5869);
#2033=VERTEX_POINT('',#5873);
#2034=VERTEX_POINT('',#5877);
#2035=VERTEX_POINT('',#5881);
#2036=VERTEX_POINT('',#5883);
#2037=VERTEX_POINT('',#5887);
#2038=VERTEX_POINT('',#5891);
#2039=VERTEX_POINT('',#5897);
#2040=VERTEX_POINT('',#5901);
#2041=VERTEX_POINT('',#5910);
#2042=VERTEX_POINT('',#5911);
#2043=VERTEX_POINT('',#5913);
#2044=VERTEX_POINT('',#5915);
#2045=VERTEX_POINT('',#5919);
#2046=VERTEX_POINT('',#5920);
#2047=VERTEX_POINT('',#5922);
#2048=VERTEX_POINT('',#5924);
#2049=VERTEX_POINT('',#5928);
#2050=VERTEX_POINT('',#5929);
#2051=VERTEX_POINT('',#5931);
#2052=VERTEX_POINT('',#5933);
#2053=VERTEX_POINT('',#5938);
#2054=VERTEX_POINT('',#5940);
#2055=VERTEX_POINT('',#5947);
#2056=VERTEX_POINT('',#5949);
#2057=VERTEX_POINT('',#5953);
#2058=VERTEX_POINT('',#5955);
#2059=VERTEX_POINT('',#5957);
#2060=VERTEX_POINT('',#5959);
#2061=VERTEX_POINT('',#5963);
#2062=VERTEX_POINT('',#5964);
#2063=VERTEX_POINT('',#5969);
#2064=VERTEX_POINT('',#5972);
#2065=VERTEX_POINT('',#5983);
#2066=VERTEX_POINT('',#5984);
#2067=VERTEX_POINT('',#5986);
#2068=VERTEX_POINT('',#5988);
#2069=VERTEX_POINT('',#5992);
#2070=VERTEX_POINT('',#5993);
#2071=VERTEX_POINT('',#5996);
#2072=VERTEX_POINT('',#5998);
#2073=VERTEX_POINT('',#6002);
#2074=VERTEX_POINT('',#6004);
#2075=VERTEX_POINT('',#6008);
#2076=VERTEX_POINT('',#6010);
#2077=VERTEX_POINT('',#6014);
#2078=VERTEX_POINT('',#6016);
#2079=VERTEX_POINT('',#6020);
#2080=VERTEX_POINT('',#6021);
#2081=VERTEX_POINT('',#6023);
#2082=VERTEX_POINT('',#6025);
#2083=VERTEX_POINT('',#6029);
#2084=VERTEX_POINT('',#6031);
#2085=VERTEX_POINT('',#6035);
#2086=VERTEX_POINT('',#6037);
#2087=VERTEX_POINT('',#6041);
#2088=VERTEX_POINT('',#6044);
#2089=VERTEX_POINT('',#6049);
#2090=VERTEX_POINT('',#6051);
#2091=VERTEX_POINT('',#6053);
#2092=VERTEX_POINT('',#6055);
#2093=VERTEX_POINT('',#6059);
#2094=VERTEX_POINT('',#6064);
#2095=VERTEX_POINT('',#6066);
#2096=VERTEX_POINT('',#6068);
#2097=VERTEX_POINT('',#6135);
#2098=VERTEX_POINT('',#6136);
#2099=VERTEX_POINT('',#6138);
#2100=VERTEX_POINT('',#6140);
#2101=VERTEX_POINT('',#6142);
#2102=VERTEX_POINT('',#6144);
#2103=VERTEX_POINT('',#6146);
#2104=VERTEX_POINT('',#6148);
#2105=VERTEX_POINT('',#6152);
#2106=VERTEX_POINT('',#6153);
#2107=VERTEX_POINT('',#6155);
#2108=VERTEX_POINT('',#6157);
#2109=VERTEX_POINT('',#6159);
#2110=VERTEX_POINT('',#6162);
#2111=VERTEX_POINT('',#6164);
#2112=VERTEX_POINT('',#6168);
#2113=VERTEX_POINT('',#6172);
#2114=VERTEX_POINT('',#6173);
#2115=VERTEX_POINT('',#6175);
#2116=VERTEX_POINT('',#6179);
#2117=VERTEX_POINT('',#6181);
#2118=VERTEX_POINT('',#6183);
#2119=VERTEX_POINT('',#6185);
#2120=VERTEX_POINT('',#6187);
#2121=VERTEX_POINT('',#6189);
#2122=VERTEX_POINT('',#6191);
#2123=VERTEX_POINT('',#6193);
#2124=VERTEX_POINT('',#6196);
#2125=VERTEX_POINT('',#6202);
#2126=VERTEX_POINT('',#6207);
#2127=VERTEX_POINT('',#6215);
#2128=VERTEX_POINT('',#6217);
#2129=VERTEX_POINT('',#6222);
#2130=VERTEX_POINT('',#6226);
#2131=VERTEX_POINT('',#6230);
#2132=VERTEX_POINT('',#6234);
#2133=VERTEX_POINT('',#6254);
#2134=VERTEX_POINT('',#6255);
#2135=VERTEX_POINT('',#6257);
#2136=VERTEX_POINT('',#6259);
#2137=VERTEX_POINT('',#6263);
#2138=VERTEX_POINT('',#6264);
#2139=VERTEX_POINT('',#6266);
#2140=VERTEX_POINT('',#6268);
#2141=VERTEX_POINT('',#6272);
#2142=VERTEX_POINT('',#6273);
#2143=VERTEX_POINT('',#6275);
#2144=VERTEX_POINT('',#6277);
#2145=VERTEX_POINT('',#6279);
#2146=VERTEX_POINT('',#6281);
#2147=VERTEX_POINT('',#6286);
#2148=VERTEX_POINT('',#6288);
#2149=VERTEX_POINT('',#6292);
#2150=VERTEX_POINT('',#6294);
#2151=VERTEX_POINT('',#6297);
#2152=VERTEX_POINT('',#6299);
#2153=VERTEX_POINT('',#6315);
#2154=VERTEX_POINT('',#6316);
#2155=VERTEX_POINT('',#6318);
#2156=VERTEX_POINT('',#6320);
#2157=VERTEX_POINT('',#6324);
#2158=VERTEX_POINT('',#6325);
#2159=VERTEX_POINT('',#6327);
#2160=VERTEX_POINT('',#6329);
#2161=VERTEX_POINT('',#6333);
#2162=VERTEX_POINT('',#6335);
#2163=VERTEX_POINT('',#6339);
#2164=VERTEX_POINT('',#6340);
#2165=VERTEX_POINT('',#6342);
#2166=VERTEX_POINT('',#6345);
#2167=VERTEX_POINT('',#6349);
#2168=VERTEX_POINT('',#6350);
#2169=VERTEX_POINT('',#6355);
#2170=VERTEX_POINT('',#6356);
#2171=VERTEX_POINT('',#6359);
#2172=VERTEX_POINT('',#6361);
#2173=VERTEX_POINT('',#6365);
#2174=VERTEX_POINT('',#6367);
#2175=VERTEX_POINT('',#6374);
#2176=VERTEX_POINT('',#6376);
#2177=VERTEX_POINT('',#6380);
#2178=VERTEX_POINT('',#6382);
#2179=VERTEX_POINT('',#6387);
#2180=VERTEX_POINT('',#6389);
#2181=VERTEX_POINT('',#6391);
#2182=VERTEX_POINT('',#6395);
#2183=VERTEX_POINT('',#6400);
#2184=VERTEX_POINT('',#6402);
#2185=VERTEX_POINT('',#6469);
#2186=VERTEX_POINT('',#6470);
#2187=VERTEX_POINT('',#6472);
#2188=VERTEX_POINT('',#6474);
#2189=VERTEX_POINT('',#6476);
#2190=VERTEX_POINT('',#6478);
#2191=VERTEX_POINT('',#6480);
#2192=VERTEX_POINT('',#6482);
#2193=VERTEX_POINT('',#6484);
#2194=VERTEX_POINT('',#6486);
#2195=VERTEX_POINT('',#6488);
#2196=VERTEX_POINT('',#6490);
#2197=VERTEX_POINT('',#6492);
#2198=VERTEX_POINT('',#6494);
#2199=VERTEX_POINT('',#6496);
#2200=VERTEX_POINT('',#6498);
#2201=VERTEX_POINT('',#6500);
#2202=VERTEX_POINT('',#6502);
#2203=VERTEX_POINT('',#6504);
#2204=VERTEX_POINT('',#6506);
#2205=VERTEX_POINT('',#6508);
#2206=VERTEX_POINT('',#6511);
#2207=VERTEX_POINT('',#6513);
#2208=VERTEX_POINT('',#6515);
#2209=VERTEX_POINT('',#6517);
#2210=VERTEX_POINT('',#6519);
#2211=VERTEX_POINT('',#6521);
#2212=VERTEX_POINT('',#6522);
#2213=VERTEX_POINT('',#6524);
#2214=VERTEX_POINT('',#6526);
#2215=VERTEX_POINT('',#6530);
#2216=VERTEX_POINT('',#6531);
#2217=VERTEX_POINT('',#6534);
#2218=VERTEX_POINT('',#6536);
#2219=VERTEX_POINT('',#6541);
#2220=VERTEX_POINT('',#6543);
#2221=VERTEX_POINT('',#6545);
#2222=VERTEX_POINT('',#6546);
#2223=VERTEX_POINT('',#6549);
#2224=VERTEX_POINT('',#6551);
#2225=VERTEX_POINT('',#6553);
#2226=VERTEX_POINT('',#6555);
#2227=VERTEX_POINT('',#6557);
#2228=VERTEX_POINT('',#6559);
#2229=VERTEX_POINT('',#6561);
#2230=VERTEX_POINT('',#6563);
#2231=VERTEX_POINT('',#6565);
#2232=VERTEX_POINT('',#6567);
#2233=VERTEX_POINT('',#6569);
#2234=VERTEX_POINT('',#6571);
#2235=VERTEX_POINT('',#6573);
#2236=VERTEX_POINT('',#6576);
#2237=VERTEX_POINT('',#6578);
#2238=VERTEX_POINT('',#6580);
#2239=VERTEX_POINT('',#6616);
#2240=VERTEX_POINT('',#6620);
#2241=VERTEX_POINT('',#6626);
#2242=VERTEX_POINT('',#6628);
#2243=VERTEX_POINT('',#6632);
#2244=VERTEX_POINT('',#6636);
#2245=LINE('',#5361,#2650);
#2246=LINE('',#5364,#2651);
#2247=LINE('',#5366,#2652);
#2248=LINE('',#5368,#2653);
#2249=LINE('',#5379,#2654);
#2250=LINE('',#5382,#2655);
#2251=LINE('',#5386,#2656);
#2252=LINE('',#5390,#2657);
#2253=LINE('',#5392,#2658);
#2254=LINE('',#5394,#2659);
#2255=LINE('',#5396,#2660);
#2256=LINE('',#5398,#2661);
#2257=LINE('',#5400,#2662);
#2258=LINE('',#5402,#2663);
#2259=LINE('',#5404,#2664);
#2260=LINE('',#5406,#2665);
#2261=LINE('',#5408,#2666);
#2262=LINE('',#5410,#2667);
#2263=LINE('',#5412,#2668);
#2264=LINE('',#5416,#2669);
#2265=LINE('',#5418,#2670);
#2266=LINE('',#5420,#2671);
#2267=LINE('',#5422,#2672);
#2268=LINE('',#5424,#2673);
#2269=LINE('',#5426,#2674);
#2270=LINE('',#5427,#2675);
#2271=LINE('',#5429,#2676);
#2272=LINE('',#5431,#2677);
#2273=LINE('',#5433,#2678);
#2274=LINE('',#5435,#2679);
#2275=LINE('',#5439,#2680);
#2276=LINE('',#5458,#2681);
#2277=LINE('',#5460,#2682);
#2278=LINE('',#5462,#2683);
#2279=LINE('',#5463,#2684);
#2280=LINE('',#5473,#2685);
#2281=LINE('',#5475,#2686);
#2282=LINE('',#5477,#2687);
#2283=LINE('',#5479,#2688);
#2284=LINE('',#5481,#2689);
#2285=LINE('',#5499,#2690);
#2286=LINE('',#5501,#2691);
#2287=LINE('',#5503,#2692);
#2288=LINE('',#5505,#2693);
#2289=LINE('',#5527,#2694);
#2290=LINE('',#5530,#2695);
#2291=LINE('',#5533,#2696);
#2292=LINE('',#5536,#2697);
#2293=LINE('',#5540,#2698);
#2294=LINE('',#5545,#2699);
#2295=LINE('',#5548,#2700);
#2296=LINE('',#5550,#2701);
#2297=LINE('',#5552,#2702);
#2298=LINE('',#5554,#2703);
#2299=LINE('',#5556,#2704);
#2300=LINE('',#5558,#2705);
#2301=LINE('',#5560,#2706);
#2302=LINE('',#5562,#2707);
#2303=LINE('',#5564,#2708);
#2304=LINE('',#5566,#2709);
#2305=LINE('',#5568,#2710);
#2306=LINE('',#5570,#2711);
#2307=LINE('',#5576,#2712);
#2308=LINE('',#5578,#2713);
#2309=LINE('',#5580,#2714);
#2310=LINE('',#5582,#2715);
#2311=LINE('',#5586,#2716);
#2312=LINE('',#5588,#2717);
#2313=LINE('',#5590,#2718);
#2314=LINE('',#5592,#2719);
#2315=LINE('',#5594,#2720);
#2316=LINE('',#5598,#2721);
#2317=LINE('',#5600,#2722);
#2318=LINE('',#5602,#2723);
#2319=LINE('',#5604,#2724);
#2320=LINE('',#5606,#2725);
#2321=LINE('',#5608,#2726);
#2322=LINE('',#5611,#2727);
#2323=LINE('',#5613,#2728);
#2324=LINE('',#5615,#2729);
#2325=LINE('',#5619,#2730);
#2326=LINE('',#5620,#2731);
#2327=LINE('',#5622,#2732);
#2328=LINE('',#5624,#2733);
#2329=LINE('',#5626,#2734);
#2330=LINE('',#5629,#2735);
#2331=LINE('',#5632,#2736);
#2332=LINE('',#5633,#2737);
#2333=LINE('',#5634,#2738);
#2334=LINE('',#5636,#2739);
#2335=LINE('',#5638,#2740);
#2336=LINE('',#5639,#2741);
#2337=LINE('',#5641,#2742);
#2338=LINE('',#5643,#2743);
#2339=LINE('',#5644,#2744);
#2340=LINE('',#5646,#2745);
#2341=LINE('',#5648,#2746);
#2342=LINE('',#5650,#2747);
#2343=LINE('',#5652,#2748);
#2344=LINE('',#5654,#2749);
#2345=LINE('',#5655,#2750);
#2346=LINE('',#5657,#2751);
#2347=LINE('',#5662,#2752);
#2348=LINE('',#5664,#2753);
#2349=LINE('',#5666,#2754);
#2350=LINE('',#5668,#2755);
#2351=LINE('',#5670,#2756);
#2352=LINE('',#5672,#2757);
#2353=LINE('',#5674,#2758);
#2354=LINE('',#5676,#2759);
#2355=LINE('',#5678,#2760);
#2356=LINE('',#5680,#2761);
#2357=LINE('',#5682,#2762);
#2358=LINE('',#5684,#2763);
#2359=LINE('',#5688,#2764);
#2360=LINE('',#5690,#2765);
#2361=LINE('',#5692,#2766);
#2362=LINE('',#5694,#2767);
#2363=LINE('',#5696,#2768);
#2364=LINE('',#5698,#2769);
#2365=LINE('',#5700,#2770);
#2366=LINE('',#5702,#2771);
#2367=LINE('',#5704,#2772);
#2368=LINE('',#5708,#2773);
#2369=LINE('',#5710,#2774);
#2370=LINE('',#5712,#2775);
#2371=LINE('',#5714,#2776);
#2372=LINE('',#5716,#2777);
#2373=LINE('',#5718,#2778);
#2374=LINE('',#5722,#2779);
#2375=LINE('',#5724,#2780);
#2376=LINE('',#5728,#2781);
#2377=LINE('',#5730,#2782);
#2378=LINE('',#5732,#2783);
#2379=LINE('',#5734,#2784);
#2380=LINE('',#5736,#2785);
#2381=LINE('',#5737,#2786);
#2382=LINE('',#5739,#2787);
#2383=LINE('',#5742,#2788);
#2384=LINE('',#5744,#2789);
#2385=LINE('',#5746,#2790);
#2386=LINE('',#5748,#2791);
#2387=LINE('',#5753,#2792);
#2388=LINE('',#5755,#2793);
#2389=LINE('',#5757,#2794);
#2390=LINE('',#5761,#2795);
#2391=LINE('',#5764,#2796);
#2392=LINE('',#5768,#2797);
#2393=LINE('',#5770,#2798);
#2394=LINE('',#5772,#2799);
#2395=LINE('',#5773,#2800);
#2396=LINE('',#5775,#2801);
#2397=LINE('',#5777,#2802);
#2398=LINE('',#5779,#2803);
#2399=LINE('',#5804,#2804);
#2400=LINE('',#5806,#2805);
#2401=LINE('',#5808,#2806);
#2402=LINE('',#5810,#2807);
#2403=LINE('',#5812,#2808);
#2404=LINE('',#5814,#2809);
#2405=LINE('',#5816,#2810);
#2406=LINE('',#5818,#2811);
#2407=LINE('',#5880,#2812);
#2408=LINE('',#5882,#2813);
#2409=LINE('',#5884,#2814);
#2410=LINE('',#5886,#2815);
#2411=LINE('',#5888,#2816);
#2412=LINE('',#5890,#2817);
#2413=LINE('',#5892,#2818);
#2414=LINE('',#5894,#2819);
#2415=LINE('',#5896,#2820);
#2416=LINE('',#5898,#2821);
#2417=LINE('',#5900,#2822);
#2418=LINE('',#5902,#2823);
#2419=LINE('',#5904,#2824);
#2420=LINE('',#5909,#2825);
#2421=LINE('',#5912,#2826);
#2422=LINE('',#5914,#2827);
#2423=LINE('',#5916,#2828);
#2424=LINE('',#5918,#2829);
#2425=LINE('',#5921,#2830);
#2426=LINE('',#5923,#2831);
#2427=LINE('',#5925,#2832);
#2428=LINE('',#5927,#2833);
#2429=LINE('',#5930,#2834);
#2430=LINE('',#5932,#2835);
#2431=LINE('',#5934,#2836);
#2432=LINE('',#5936,#2837);
#2433=LINE('',#5937,#2838);
#2434=LINE('',#5939,#2839);
#2435=LINE('',#5941,#2840);
#2436=LINE('',#5942,#2841);
#2437=LINE('',#5944,#2842);
#2438=LINE('',#5945,#2843);
#2439=LINE('',#5946,#2844);
#2440=LINE('',#5948,#2845);
#2441=LINE('',#5950,#2846);
#2442=LINE('',#5954,#2847);
#2443=LINE('',#5956,#2848);
#2444=LINE('',#5958,#2849);
#2445=LINE('',#5962,#2850);
#2446=LINE('',#5965,#2851);
#2447=LINE('',#5966,#2852);
#2448=LINE('',#5970,#2853);
#2449=LINE('',#5971,#2854);
#2450=LINE('',#5975,#2855);
#2451=LINE('',#5978,#2856);
#2452=LINE('',#5982,#2857);
#2453=LINE('',#5985,#2858);
#2454=LINE('',#5987,#2859);
#2455=LINE('',#5989,#2860);
#2456=LINE('',#5991,#2861);
#2457=LINE('',#5994,#2862);
#2458=LINE('',#5995,#2863);
#2459=LINE('',#5997,#2864);
#2460=LINE('',#5999,#2865);
#2461=LINE('',#6005,#2866);
#2462=LINE('',#6011,#2867);
#2463=LINE('',#6017,#2868);
#2464=LINE('',#6022,#2869);
#2465=LINE('',#6026,#2870);
#2466=LINE('',#6032,#2871);
#2467=LINE('',#6038,#2872);
#2468=LINE('',#6040,#2873);
#2469=LINE('',#6042,#2874);
#2470=LINE('',#6043,#2875);
#2471=LINE('',#6045,#2876);
#2472=LINE('',#6047,#2877);
#2473=LINE('',#6048,#2878);
#2474=LINE('',#6052,#2879);
#2475=LINE('',#6056,#2880);
#2476=LINE('',#6058,#2881);
#2477=LINE('',#6060,#2882);
#2478=LINE('',#6062,#2883);
#2479=LINE('',#6065,#2884);
#2480=LINE('',#6069,#2885);
#2481=LINE('',#6071,#2886);
#2482=LINE('',#6134,#2887);
#2483=LINE('',#6137,#2888);
#2484=LINE('',#6141,#2889);
#2485=LINE('',#6143,#2890);
#2486=LINE('',#6145,#2891);
#2487=LINE('',#6147,#2892);
#2488=LINE('',#6149,#2893);
#2489=LINE('',#6156,#2894);
#2490=LINE('',#6160,#2895);
#2491=LINE('',#6161,#2896);
#2492=LINE('',#6163,#2897);
#2493=LINE('',#6165,#2898);
#2494=LINE('',#6167,#2899);
#2495=LINE('',#6169,#2900);
#2496=LINE('',#6171,#2901);
#2497=LINE('',#6174,#2902);
#2498=LINE('',#6176,#2903);
#2499=LINE('',#6178,#2904);
#2500=LINE('',#6182,#2905);
#2501=LINE('',#6184,#2906);
#2502=LINE('',#6186,#2907);
#2503=LINE('',#6188,#2908);
#2504=LINE('',#6190,#2909);
#2505=LINE('',#6192,#2910);
#2506=LINE('',#6194,#2911);
#2507=LINE('',#6212,#2912);
#2508=LINE('',#6214,#2913);
#2509=LINE('',#6216,#2914);
#2510=LINE('',#6218,#2915);
#2511=LINE('',#6219,#2916);
#2512=LINE('',#6221,#2917);
#2513=LINE('',#6223,#2918);
#2514=LINE('',#6225,#2919);
#2515=LINE('',#6227,#2920);
#2516=LINE('',#6229,#2921);
#2517=LINE('',#6231,#2922);
#2518=LINE('',#6233,#2923);
#2519=LINE('',#6235,#2924);
#2520=LINE('',#6237,#2925);
#2521=LINE('',#6240,#2926);
#2522=LINE('',#6243,#2927);
#2523=LINE('',#6245,#2928);
#2524=LINE('',#6247,#2929);
#2525=LINE('',#6253,#2930);
#2526=LINE('',#6256,#2931);
#2527=LINE('',#6258,#2932);
#2528=LINE('',#6260,#2933);
#2529=LINE('',#6262,#2934);
#2530=LINE('',#6265,#2935);
#2531=LINE('',#6267,#2936);
#2532=LINE('',#6269,#2937);
#2533=LINE('',#6274,#2938);
#2534=LINE('',#6276,#2939);
#2535=LINE('',#6278,#2940);
#2536=LINE('',#6282,#2941);
#2537=LINE('',#6283,#2942);
#2538=LINE('',#6285,#2943);
#2539=LINE('',#6287,#2944);
#2540=LINE('',#6289,#2945);
#2541=LINE('',#6291,#2946);
#2542=LINE('',#6295,#2947);
#2543=LINE('',#6296,#2948);
#2544=LINE('',#6300,#2949);
#2545=LINE('',#6302,#2950);
#2546=LINE('',#6303,#2951);
#2547=LINE('',#6305,#2952);
#2548=LINE('',#6308,#2953);
#2549=LINE('',#6309,#2954);
#2550=LINE('',#6311,#2955);
#2551=LINE('',#6317,#2956);
#2552=LINE('',#6321,#2957);
#2553=LINE('',#6326,#2958);
#2554=LINE('',#6330,#2959);
#2555=LINE('',#6336,#2960);
#2556=LINE('',#6338,#2961);
#2557=LINE('',#6341,#2962);
#2558=LINE('',#6343,#2963);
#2559=LINE('',#6344,#2964);
#2560=LINE('',#6346,#2965);
#2561=LINE('',#6348,#2966);
#2562=LINE('',#6351,#2967);
#2563=LINE('',#6352,#2968);
#2564=LINE('',#6354,#2969);
#2565=LINE('',#6357,#2970);
#2566=LINE('',#6358,#2971);
#2567=LINE('',#6360,#2972);
#2568=LINE('',#6362,#2973);
#2569=LINE('',#6368,#2974);
#2570=LINE('',#6375,#2975);
#2571=LINE('',#6379,#2976);
#2572=LINE('',#6381,#2977);
#2573=LINE('',#6383,#2978);
#2574=LINE('',#6385,#2979);
#2575=LINE('',#6388,#2980);
#2576=LINE('',#6392,#2981);
#2577=LINE('',#6394,#2982);
#2578=LINE('',#6396,#2983);
#2579=LINE('',#6398,#2984);
#2580=LINE('',#6401,#2985);
#2581=LINE('',#6468,#2986);
#2582=LINE('',#6473,#2987);
#2583=LINE('',#6477,#2988);
#2584=LINE('',#6479,#2989);
#2585=LINE('',#6481,#2990);
#2586=LINE('',#6483,#2991);
#2587=LINE('',#6485,#2992);
#2588=LINE('',#6487,#2993);
#2589=LINE('',#6489,#2994);
#2590=LINE('',#6491,#2995);
#2591=LINE('',#6493,#2996);
#2592=LINE('',#6495,#2997);
#2593=LINE('',#6497,#2998);
#2594=LINE('',#6499,#2999);
#2595=LINE('',#6503,#3000);
#2596=LINE('',#6505,#3001);
#2597=LINE('',#6507,#3002);
#2598=LINE('',#6509,#3003);
#2599=LINE('',#6520,#3004);
#2600=LINE('',#6523,#3005);
#2601=LINE('',#6525,#3006);
#2602=LINE('',#6527,#3007);
#2603=LINE('',#6529,#3008);
#2604=LINE('',#6532,#3009);
#2605=LINE('',#6533,#3010);
#2606=LINE('',#6535,#3011);
#2607=LINE('',#6537,#3012);
#2608=LINE('',#6538,#3013);
#2609=LINE('',#6544,#3014);
#2610=LINE('',#6550,#3015);
#2611=LINE('',#6552,#3016);
#2612=LINE('',#6554,#3017);
#2613=LINE('',#6556,#3018);
#2614=LINE('',#6558,#3019);
#2615=LINE('',#6560,#3020);
#2616=LINE('',#6562,#3021);
#2617=LINE('',#6564,#3022);
#2618=LINE('',#6566,#3023);
#2619=LINE('',#6568,#3024);
#2620=LINE('',#6570,#3025);
#2621=LINE('',#6572,#3026);
#2622=LINE('',#6582,#3027);
#2623=LINE('',#6583,#3028);
#2624=LINE('',#6585,#3029);
#2625=LINE('',#6586,#3030);
#2626=LINE('',#6588,#3031);
#2627=LINE('',#6590,#3032);
#2628=LINE('',#6592,#3033);
#2629=LINE('',#6594,#3034);
#2630=LINE('',#6596,#3035);
#2631=LINE('',#6598,#3036);
#2632=LINE('',#6600,#3037);
#2633=LINE('',#6602,#3038);
#2634=LINE('',#6604,#3039);
#2635=LINE('',#6606,#3040);
#2636=LINE('',#6608,#3041);
#2637=LINE('',#6615,#3042);
#2638=LINE('',#6617,#3043);
#2639=LINE('',#6619,#3044);
#2640=LINE('',#6621,#3045);
#2641=LINE('',#6623,#3046);
#2642=LINE('',#6625,#3047);
#2643=LINE('',#6627,#3048);
#2644=LINE('',#6629,#3049);
#2645=LINE('',#6631,#3050);
#2646=LINE('',#6633,#3051);
#2647=LINE('',#6635,#3052);
#2648=LINE('',#6637,#3053);
#2649=LINE('',#6639,#3054);
#2650=VECTOR('',#4304,1000.);
#2651=VECTOR('',#4305,1000.);
#2652=VECTOR('',#4306,1000.);
#2653=VECTOR('',#4307,1000.);
#2654=VECTOR('',#4318,1000.);
#2655=VECTOR('',#4319,1000.);
#2656=VECTOR('',#4322,1000.);
#2657=VECTOR('',#4325,1000.);
#2658=VECTOR('',#4326,1000.);
#2659=VECTOR('',#4327,1000.);
#2660=VECTOR('',#4328,1000.);
#2661=VECTOR('',#4329,1000.);
#2662=VECTOR('',#4330,1000.);
#2663=VECTOR('',#4331,1000.);
#2664=VECTOR('',#4332,1000.);
#2665=VECTOR('',#4333,1000.);
#2666=VECTOR('',#4334,1000.);
#2667=VECTOR('',#4335,1000.);
#2668=VECTOR('',#4336,1000.);
#2669=VECTOR('',#4339,1000.);
#2670=VECTOR('',#4340,1000.);
#2671=VECTOR('',#4341,1000.);
#2672=VECTOR('',#4344,1000.);
#2673=VECTOR('',#4345,1000.);
#2674=VECTOR('',#4346,1000.);
#2675=VECTOR('',#4347,1000.);
#2676=VECTOR('',#4348,1000.);
#2677=VECTOR('',#4349,1000.);
#2678=VECTOR('',#4350,1000.);
#2679=VECTOR('',#4351,1000.);
#2680=VECTOR('',#4354,1000.);
#2681=VECTOR('',#4363,1000.);
#2682=VECTOR('',#4364,1000.);
#2683=VECTOR('',#4365,1000.);
#2684=VECTOR('',#4366,1000.);
#2685=VECTOR('',#4371,1000.);
#2686=VECTOR('',#4372,1000.);
#2687=VECTOR('',#4373,1000.);
#2688=VECTOR('',#4374,1000.);
#2689=VECTOR('',#4375,1000.);
#2690=VECTOR('',#4380,1000.);
#2691=VECTOR('',#4381,1000.);
#2692=VECTOR('',#4382,1000.);
#2693=VECTOR('',#4383,1000.);
#2694=VECTOR('',#4394,1000.);
#2695=VECTOR('',#4395,1000.);
#2696=VECTOR('',#4398,1000.);
#2697=VECTOR('',#4401,1000.);
#2698=VECTOR('',#4404,1000.);
#2699=VECTOR('',#4409,1000.);
#2700=VECTOR('',#4410,1000.);
#2701=VECTOR('',#4411,1000.);
#2702=VECTOR('',#4412,1000.);
#2703=VECTOR('',#4415,1000.);
#2704=VECTOR('',#4416,1000.);
#2705=VECTOR('',#4417,1000.);
#2706=VECTOR('',#4418,1000.);
#2707=VECTOR('',#4419,1000.);
#2708=VECTOR('',#4422,1000.);
#2709=VECTOR('',#4423,1000.);
#2710=VECTOR('',#4426,1000.);
#2711=VECTOR('',#4427,1000.);
#2712=VECTOR('',#4434,1000.);
#2713=VECTOR('',#4435,1000.);
#2714=VECTOR('',#4436,1000.);
#2715=VECTOR('',#4437,1000.);
#2716=VECTOR('',#4440,1000.);
#2717=VECTOR('',#4441,1000.);
#2718=VECTOR('',#4442,1000.);
#2719=VECTOR('',#4443,1000.);
#2720=VECTOR('',#4444,1000.);
#2721=VECTOR('',#4447,1000.);
#2722=VECTOR('',#4448,1000.);
#2723=VECTOR('',#4449,1000.);
#2724=VECTOR('',#4450,1000.);
#2725=VECTOR('',#4451,1000.);
#2726=VECTOR('',#4454,1000.);
#2727=VECTOR('',#4455,1000.);
#2728=VECTOR('',#4456,1000.);
#2729=VECTOR('',#4457,1000.);
#2730=VECTOR('',#4462,1000.);
#2731=VECTOR('',#4463,1000.);
#2732=VECTOR('',#4466,1000.);
#2733=VECTOR('',#4469,1000.);
#2734=VECTOR('',#4472,1000.);
#2735=VECTOR('',#4477,1000.);
#2736=VECTOR('',#4478,1000.);
#2737=VECTOR('',#4479,1000.);
#2738=VECTOR('',#4480,1000.);
#2739=VECTOR('',#4481,1000.);
#2740=VECTOR('',#4482,1000.);
#2741=VECTOR('',#4483,1000.);
#2742=VECTOR('',#4484,1000.);
#2743=VECTOR('',#4485,1000.);
#2744=VECTOR('',#4486,1000.);
#2745=VECTOR('',#4489,1000.);
#2746=VECTOR('',#4490,1000.);
#2747=VECTOR('',#4493,1000.);
#2748=VECTOR('',#4494,1000.);
#2749=VECTOR('',#4497,1000.);
#2750=VECTOR('',#4498,1000.);
#2751=VECTOR('',#4501,1000.);
#2752=VECTOR('',#4508,1000.);
#2753=VECTOR('',#4509,1000.);
#2754=VECTOR('',#4512,1000.);
#2755=VECTOR('',#4513,1000.);
#2756=VECTOR('',#4516,1000.);
#2757=VECTOR('',#4517,1000.);
#2758=VECTOR('',#4518,1000.);
#2759=VECTOR('',#4521,1000.);
#2760=VECTOR('',#4522,1000.);
#2761=VECTOR('',#4525,1000.);
#2762=VECTOR('',#4526,1000.);
#2763=VECTOR('',#4529,1000.);
#2764=VECTOR('',#4532,1000.);
#2765=VECTOR('',#4535,1000.);
#2766=VECTOR('',#4536,1000.);
#2767=VECTOR('',#4539,1000.);
#2768=VECTOR('',#4540,1000.);
#2769=VECTOR('',#4543,1000.);
#2770=VECTOR('',#4546,1000.);
#2771=VECTOR('',#4547,1000.);
#2772=VECTOR('',#4550,1000.);
#2773=VECTOR('',#4555,1000.);
#2774=VECTOR('',#4556,1000.);
#2775=VECTOR('',#4559,1000.);
#2776=VECTOR('',#4562,1000.);
#2777=VECTOR('',#4563,1000.);
#2778=VECTOR('',#4566,1000.);
#2779=VECTOR('',#4571,1000.);
#2780=VECTOR('',#4572,1000.);
#2781=VECTOR('',#4579,1000.);
#2782=VECTOR('',#4580,1000.);
#2783=VECTOR('',#4581,1000.);
#2784=VECTOR('',#4584,1000.);
#2785=VECTOR('',#4585,1000.);
#2786=VECTOR('',#4586,1000.);
#2787=VECTOR('',#4589,1000.);
#2788=VECTOR('',#4594,1000.);
#2789=VECTOR('',#4595,1000.);
#2790=VECTOR('',#4598,1000.);
#2791=VECTOR('',#4601,1000.);
#2792=VECTOR('',#4604,1000.);
#2793=VECTOR('',#4605,1000.);
#2794=VECTOR('',#4606,1000.);
#2795=VECTOR('',#4611,1000.);
#2796=VECTOR('',#4612,1000.);
#2797=VECTOR('',#4615,1000.);
#2798=VECTOR('',#4616,1000.);
#2799=VECTOR('',#4619,1000.);
#2800=VECTOR('',#4620,1000.);
#2801=VECTOR('',#4623,1000.);
#2802=VECTOR('',#4626,1000.);
#2803=VECTOR('',#4629,1000.);
#2804=VECTOR('',#4668,1000.);
#2805=VECTOR('',#4669,1000.);
#2806=VECTOR('',#4670,1000.);
#2807=VECTOR('',#4673,1000.);
#2808=VECTOR('',#4674,1000.);
#2809=VECTOR('',#4677,1000.);
#2810=VECTOR('',#4678,1000.);
#2811=VECTOR('',#4681,1000.);
#2812=VECTOR('',#4718,1000.);
#2813=VECTOR('',#4719,1000.);
#2814=VECTOR('',#4720,1000.);
#2815=VECTOR('',#4723,1000.);
#2816=VECTOR('',#4724,1000.);
#2817=VECTOR('',#4727,1000.);
#2818=VECTOR('',#4728,1000.);
#2819=VECTOR('',#4731,1000.);
#2820=VECTOR('',#4734,1000.);
#2821=VECTOR('',#4735,1000.);
#2822=VECTOR('',#4738,1000.);
#2823=VECTOR('',#4739,1000.);
#2824=VECTOR('',#4742,1000.);
#2825=VECTOR('',#4751,1000.);
#2826=VECTOR('',#4752,1000.);
#2827=VECTOR('',#4753,1000.);
#2828=VECTOR('',#4754,1000.);
#2829=VECTOR('',#4757,1000.);
#2830=VECTOR('',#4758,1000.);
#2831=VECTOR('',#4759,1000.);
#2832=VECTOR('',#4760,1000.);
#2833=VECTOR('',#4763,1000.);
#2834=VECTOR('',#4764,1000.);
#2835=VECTOR('',#4765,1000.);
#2836=VECTOR('',#4766,1000.);
#2837=VECTOR('',#4769,1000.);
#2838=VECTOR('',#4770,1000.);
#2839=VECTOR('',#4771,1000.);
#2840=VECTOR('',#4772,1000.);
#2841=VECTOR('',#4773,1000.);
#2842=VECTOR('',#4776,1000.);
#2843=VECTOR('',#4777,1000.);
#2844=VECTOR('',#4778,1000.);
#2845=VECTOR('',#4779,1000.);
#2846=VECTOR('',#4780,1000.);
#2847=VECTOR('',#4785,1000.);
#2848=VECTOR('',#4786,1000.);
#2849=VECTOR('',#4787,1000.);
#2850=VECTOR('',#4792,1000.);
#2851=VECTOR('',#4793,1000.);
#2852=VECTOR('',#4794,1000.);
#2853=VECTOR('',#4799,1000.);
#2854=VECTOR('',#4800,1000.);
#2855=VECTOR('',#4805,1000.);
#2856=VECTOR('',#4810,1000.);
#2857=VECTOR('',#4817,1000.);
#2858=VECTOR('',#4818,1000.);
#2859=VECTOR('',#4819,1000.);
#2860=VECTOR('',#4820,1000.);
#2861=VECTOR('',#4823,1000.);
#2862=VECTOR('',#4824,1000.);
#2863=VECTOR('',#4825,1000.);
#2864=VECTOR('',#4826,1000.);
#2865=VECTOR('',#4827,1000.);
#2866=VECTOR('',#4834,1000.);
#2867=VECTOR('',#4841,1000.);
#2868=VECTOR('',#4848,1000.);
#2869=VECTOR('',#4853,1000.);
#2870=VECTOR('',#4856,1000.);
#2871=VECTOR('',#4863,1000.);
#2872=VECTOR('',#4870,1000.);
#2873=VECTOR('',#4873,1000.);
#2874=VECTOR('',#4874,1000.);
#2875=VECTOR('',#4875,1000.);
#2876=VECTOR('',#4876,1000.);
#2877=VECTOR('',#4879,1000.);
#2878=VECTOR('',#4880,1000.);
#2879=VECTOR('',#4883,1000.);
#2880=VECTOR('',#4886,1000.);
#2881=VECTOR('',#4889,1000.);
#2882=VECTOR('',#4890,1000.);
#2883=VECTOR('',#4893,1000.);
#2884=VECTOR('',#4896,1000.);
#2885=VECTOR('',#4899,1000.);
#2886=VECTOR('',#4902,1000.);
#2887=VECTOR('',#4915,1000.);
#2888=VECTOR('',#4916,1000.);
#2889=VECTOR('',#4919,1000.);
#2890=VECTOR('',#4920,1000.);
#2891=VECTOR('',#4921,1000.);
#2892=VECTOR('',#4922,1000.);
#2893=VECTOR('',#4923,1000.);
#2894=VECTOR('',#4930,1000.);
#2895=VECTOR('',#4933,1000.);
#2896=VECTOR('',#4934,1000.);
#2897=VECTOR('',#4935,1000.);
#2898=VECTOR('',#4936,1000.);
#2899=VECTOR('',#4939,1000.);
#2900=VECTOR('',#4940,1000.);
#2901=VECTOR('',#4943,1000.);
#2902=VECTOR('',#4944,1000.);
#2903=VECTOR('',#4945,1000.);
#2904=VECTOR('',#4948,1000.);
#2905=VECTOR('',#4951,1000.);
#2906=VECTOR('',#4952,1000.);
#2907=VECTOR('',#4953,1000.);
#2908=VECTOR('',#4954,1000.);
#2909=VECTOR('',#4955,1000.);
#2910=VECTOR('',#4956,1000.);
#2911=VECTOR('',#4957,1000.);
#2912=VECTOR('',#4970,1000.);
#2913=VECTOR('',#4973,1000.);
#2914=VECTOR('',#4974,1000.);
#2915=VECTOR('',#4975,1000.);
#2916=VECTOR('',#4976,1000.);
#2917=VECTOR('',#4979,1000.);
#2918=VECTOR('',#4980,1000.);
#2919=VECTOR('',#4983,1000.);
#2920=VECTOR('',#4984,1000.);
#2921=VECTOR('',#4987,1000.);
#2922=VECTOR('',#4988,1000.);
#2923=VECTOR('',#4991,1000.);
#2924=VECTOR('',#4992,1000.);
#2925=VECTOR('',#4995,1000.);
#2926=VECTOR('',#5000,1000.);
#2927=VECTOR('',#5005,1000.);
#2928=VECTOR('',#5008,1000.);
#2929=VECTOR('',#5011,1000.);
#2930=VECTOR('',#5022,1000.);
#2931=VECTOR('',#5023,1000.);
#2932=VECTOR('',#5024,1000.);
#2933=VECTOR('',#5025,1000.);
#2934=VECTOR('',#5028,1000.);
#2935=VECTOR('',#5029,1000.);
#2936=VECTOR('',#5030,1000.);
#2937=VECTOR('',#5031,1000.);
#2938=VECTOR('',#5036,1000.);
#2939=VECTOR('',#5037,1000.);
#2940=VECTOR('',#5038,1000.);
#2941=VECTOR('',#5041,1000.);
#2942=VECTOR('',#5042,1000.);
#2943=VECTOR('',#5045,1000.);
#2944=VECTOR('',#5046,1000.);
#2945=VECTOR('',#5047,1000.);
#2946=VECTOR('',#5050,1000.);
#2947=VECTOR('',#5053,1000.);
#2948=VECTOR('',#5054,1000.);
#2949=VECTOR('',#5057,1000.);
#2950=VECTOR('',#5060,1000.);
#2951=VECTOR('',#5061,1000.);
#2952=VECTOR('',#5064,1000.);
#2953=VECTOR('',#5069,1000.);
#2954=VECTOR('',#5070,1000.);
#2955=VECTOR('',#5073,1000.);
#2956=VECTOR('',#5080,1000.);
#2957=VECTOR('',#5083,1000.);
#2958=VECTOR('',#5088,1000.);
#2959=VECTOR('',#5091,1000.);
#2960=VECTOR('',#5098,1000.);
#2961=VECTOR('',#5101,1000.);
#2962=VECTOR('',#5102,1000.);
#2963=VECTOR('',#5103,1000.);
#2964=VECTOR('',#5104,1000.);
#2965=VECTOR('',#5105,1000.);
#2966=VECTOR('',#5108,1000.);
#2967=VECTOR('',#5109,1000.);
#2968=VECTOR('',#5110,1000.);
#2969=VECTOR('',#5113,1000.);
#2970=VECTOR('',#5114,1000.);
#2971=VECTOR('',#5115,1000.);
#2972=VECTOR('',#5116,1000.);
#2973=VECTOR('',#5117,1000.);
#2974=VECTOR('',#5124,1000.);
#2975=VECTOR('',#5135,1000.);
#2976=VECTOR('',#5140,1000.);
#2977=VECTOR('',#5141,1000.);
#2978=VECTOR('',#5142,1000.);
#2979=VECTOR('',#5145,1000.);
#2980=VECTOR('',#5148,1000.);
#2981=VECTOR('',#5151,1000.);
#2982=VECTOR('',#5154,1000.);
#2983=VECTOR('',#5155,1000.);
#2984=VECTOR('',#5158,1000.);
#2985=VECTOR('',#5161,1000.);
#2986=VECTOR('',#5180,1000.);
#2987=VECTOR('',#5183,1000.);
#2988=VECTOR('',#5186,1000.);
#2989=VECTOR('',#5187,1000.);
#2990=VECTOR('',#5188,1000.);
#2991=VECTOR('',#5189,1000.);
#2992=VECTOR('',#5190,1000.);
#2993=VECTOR('',#5191,1000.);
#2994=VECTOR('',#5192,1000.);
#2995=VECTOR('',#5193,1000.);
#2996=VECTOR('',#5194,1000.);
#2997=VECTOR('',#5195,1000.);
#2998=VECTOR('',#5196,1000.);
#2999=VECTOR('',#5197,1000.);
#3000=VECTOR('',#5200,1000.);
#3001=VECTOR('',#5201,1000.);
#3002=VECTOR('',#5202,1000.);
#3003=VECTOR('',#5203,1000.);
#3004=VECTOR('',#5214,1000.);
#3005=VECTOR('',#5215,1000.);
#3006=VECTOR('',#5216,1000.);
#3007=VECTOR('',#5217,1000.);
#3008=VECTOR('',#5220,1000.);
#3009=VECTOR('',#5221,1000.);
#3010=VECTOR('',#5222,1000.);
#3011=VECTOR('',#5223,1000.);
#3012=VECTOR('',#5224,1000.);
#3013=VECTOR('',#5225,1000.);
#3014=VECTOR('',#5232,1000.);
#3015=VECTOR('',#5237,1000.);
#3016=VECTOR('',#5238,1000.);
#3017=VECTOR('',#5239,1000.);
#3018=VECTOR('',#5240,1000.);
#3019=VECTOR('',#5241,1000.);
#3020=VECTOR('',#5242,1000.);
#3021=VECTOR('',#5243,1000.);
#3022=VECTOR('',#5244,1000.);
#3023=VECTOR('',#5245,1000.);
#3024=VECTOR('',#5246,1000.);
#3025=VECTOR('',#5247,1000.);
#3026=VECTOR('',#5248,1000.);
#3027=VECTOR('',#5259,1000.);
#3028=VECTOR('',#5260,1000.);
#3029=VECTOR('',#5263,1000.);
#3030=VECTOR('',#5264,1000.);
#3031=VECTOR('',#5267,1000.);
#3032=VECTOR('',#5270,1000.);
#3033=VECTOR('',#5273,1000.);
#3034=VECTOR('',#5276,1000.);
#3035=VECTOR('',#5279,1000.);
#3036=VECTOR('',#5282,1000.);
#3037=VECTOR('',#5285,1000.);
#3038=VECTOR('',#5288,1000.);
#3039=VECTOR('',#5291,1000.);
#3040=VECTOR('',#5294,1000.);
#3041=VECTOR('',#5297,1000.);
#3042=VECTOR('',#5310,1000.);
#3043=VECTOR('',#5311,1000.);
#3044=VECTOR('',#5314,1000.);
#3045=VECTOR('',#5315,1000.);
#3046=VECTOR('',#5318,1000.);
#3047=VECTOR('',#5321,1000.);
#3048=VECTOR('',#5322,1000.);
#3049=VECTOR('',#5323,1000.);
#3050=VECTOR('',#5326,1000.);
#3051=VECTOR('',#5327,1000.);
#3052=VECTOR('',#5330,1000.);
#3053=VECTOR('',#5331,1000.);
#3054=VECTOR('',#5334,1000.);
#3055=EDGE_LOOP('',(#277,#278,#279,#280));
#3056=EDGE_LOOP('',(#281));
#3057=EDGE_LOOP('',(#282));
#3058=EDGE_LOOP('',(#283));
#3059=EDGE_LOOP('',(#284));
#3060=EDGE_LOOP('',(#285));
#3061=EDGE_LOOP('',(#286,#287,#288,#289,#290,#291,#292,#293,#294,#295,#296,
#297,#298,#299,#300,#301,#302,#303,#304,#305,#306));
#3062=EDGE_LOOP('',(#307,#308,#309,#310,#311,#312,#313,#314,#315,#316,#317,
#318));
#3063=EDGE_LOOP('',(#319,#320,#321,#322,#323,#324,#325,#326,#327,#328));
#3064=EDGE_LOOP('',(#329,#330,#331,#332,#333,#334,#335,#336));
#3065=EDGE_LOOP('',(#337,#338,#339,#340,#341,#342,#343,#344,#345));
#3066=EDGE_LOOP('',(#346,#347,#348,#349));
#3067=EDGE_LOOP('',(#350,#351,#352,#353));
#3068=EDGE_LOOP('',(#354,#355,#356,#357));
#3069=EDGE_LOOP('',(#358,#359,#360,#361,#362,#363,#364,#365,#366,#367,#368,
#369,#370));
#3070=EDGE_LOOP('',(#371));
#3071=EDGE_LOOP('',(#372));
#3072=EDGE_LOOP('',(#373,#374,#375,#376));
#3073=EDGE_LOOP('',(#377,#378,#379,#380,#381,#382));
#3074=EDGE_LOOP('',(#383,#384,#385,#386));
#3075=EDGE_LOOP('',(#387,#388,#389,#390));
#3076=EDGE_LOOP('',(#391));
#3077=EDGE_LOOP('',(#392));
#3078=EDGE_LOOP('',(#393,#394,#395,#396,#397,#398,#399,#400,#401,#402,#403,
#404,#405,#406,#407,#408,#409));
#3079=EDGE_LOOP('',(#410,#411,#412,#413,#414));
#3080=EDGE_LOOP('',(#415,#416,#417,#418));
#3081=EDGE_LOOP('',(#419,#420,#421,#422));
#3082=EDGE_LOOP('',(#423,#424,#425,#426));
#3083=EDGE_LOOP('',(#427,#428,#429,#430));
#3084=EDGE_LOOP('',(#431,#432,#433,#434));
#3085=EDGE_LOOP('',(#435,#436,#437,#438,#439,#440,#441,#442,#443,#444,#445,
#446,#447,#448,#449,#450));
#3086=EDGE_LOOP('',(#451,#452,#453,#454));
#3087=EDGE_LOOP('',(#455,#456,#457,#458));
#3088=EDGE_LOOP('',(#459,#460,#461,#462,#463,#464));
#3089=EDGE_LOOP('',(#465,#466,#467,#468,#469,#470));
#3090=EDGE_LOOP('',(#471,#472,#473,#474));
#3091=EDGE_LOOP('',(#475,#476,#477,#478));
#3092=EDGE_LOOP('',(#479,#480,#481,#482));
#3093=EDGE_LOOP('',(#483,#484,#485,#486,#487));
#3094=EDGE_LOOP('',(#488,#489,#490,#491));
#3095=EDGE_LOOP('',(#492,#493,#494,#495));
#3096=EDGE_LOOP('',(#496,#497,#498,#499,#500));
#3097=EDGE_LOOP('',(#501,#502,#503,#504));
#3098=EDGE_LOOP('',(#505,#506,#507,#508));
#3099=EDGE_LOOP('',(#509,#510,#511,#512));
#3100=EDGE_LOOP('',(#513,#514,#515,#516));
#3101=EDGE_LOOP('',(#517,#518,#519,#520));
#3102=EDGE_LOOP('',(#521,#522,#523,#524));
#3103=EDGE_LOOP('',(#525,#526,#527,#528));
#3104=EDGE_LOOP('',(#529,#530,#531,#532));
#3105=EDGE_LOOP('',(#533,#534,#535,#536));
#3106=EDGE_LOOP('',(#537,#538,#539,#540));
#3107=EDGE_LOOP('',(#541,#542,#543,#544));
#3108=EDGE_LOOP('',(#545,#546,#547,#548,#549,#550));
#3109=EDGE_LOOP('',(#551,#552,#553,#554,#555,#556));
#3110=EDGE_LOOP('',(#557,#558,#559,#560));
#3111=EDGE_LOOP('',(#561,#562,#563,#564,#565,#566,#567));
#3112=EDGE_LOOP('',(#568,#569,#570,#571));
#3113=EDGE_LOOP('',(#572,#573,#574,#575));
#3114=EDGE_LOOP('',(#576,#577,#578,#579,#580));
#3115=EDGE_LOOP('',(#581,#582,#583,#584,#585,#586,#587,#588,#589,#590,#591,
#592,#593,#594,#595,#596,#597,#598));
#3116=EDGE_LOOP('',(#599));
#3117=EDGE_LOOP('',(#600,#601,#602,#603,#604));
#3118=EDGE_LOOP('',(#605,#606,#607,#608));
#3119=EDGE_LOOP('',(#609,#610,#611,#612));
#3120=EDGE_LOOP('',(#613,#614,#615,#616));
#3121=EDGE_LOOP('',(#617,#618,#619,#620));
#3122=EDGE_LOOP('',(#621,#622,#623,#624));
#3123=EDGE_LOOP('',(#625,#626,#627,#628));
#3124=EDGE_LOOP('',(#629,#630,#631,#632));
#3125=EDGE_LOOP('',(#633));
#3126=EDGE_LOOP('',(#634));
#3127=EDGE_LOOP('',(#635));
#3128=EDGE_LOOP('',(#636));
#3129=EDGE_LOOP('',(#637));
#3130=EDGE_LOOP('',(#638));
#3131=EDGE_LOOP('',(#639));
#3132=EDGE_LOOP('',(#640));
#3133=EDGE_LOOP('',(#641));
#3134=EDGE_LOOP('',(#642));
#3135=EDGE_LOOP('',(#643));
#3136=EDGE_LOOP('',(#644));
#3137=EDGE_LOOP('',(#645));
#3138=EDGE_LOOP('',(#646));
#3139=EDGE_LOOP('',(#647));
#3140=EDGE_LOOP('',(#648,#649,#650,#651));
#3141=EDGE_LOOP('',(#652,#653,#654,#655));
#3142=EDGE_LOOP('',(#656,#657,#658,#659));
#3143=EDGE_LOOP('',(#660,#661,#662,#663));
#3144=EDGE_LOOP('',(#664,#665,#666,#667));
#3145=EDGE_LOOP('',(#668,#669,#670,#671,#672,#673,#674,#675));
#3146=EDGE_LOOP('',(#676,#677,#678,#679,#680));
#3147=EDGE_LOOP('',(#681,#682,#683,#684,#685));
#3148=EDGE_LOOP('',(#686));
#3149=EDGE_LOOP('',(#687));
#3150=EDGE_LOOP('',(#688));
#3151=EDGE_LOOP('',(#689));
#3152=EDGE_LOOP('',(#690));
#3153=EDGE_LOOP('',(#691));
#3154=EDGE_LOOP('',(#692));
#3155=EDGE_LOOP('',(#693));
#3156=EDGE_LOOP('',(#694));
#3157=EDGE_LOOP('',(#695));
#3158=EDGE_LOOP('',(#696));
#3159=EDGE_LOOP('',(#697));
#3160=EDGE_LOOP('',(#698));
#3161=EDGE_LOOP('',(#699));
#3162=EDGE_LOOP('',(#700));
#3163=EDGE_LOOP('',(#701,#702,#703,#704));
#3164=EDGE_LOOP('',(#705,#706,#707,#708));
#3165=EDGE_LOOP('',(#709,#710,#711,#712));
#3166=EDGE_LOOP('',(#713,#714,#715,#716));
#3167=EDGE_LOOP('',(#717,#718,#719,#720));
#3168=EDGE_LOOP('',(#721,#722,#723,#724));
#3169=EDGE_LOOP('',(#725,#726,#727,#728));
#3170=EDGE_LOOP('',(#729,#730,#731,#732));
#3171=EDGE_LOOP('',(#733,#734,#735,#736));
#3172=EDGE_LOOP('',(#737,#738,#739,#740));
#3173=EDGE_LOOP('',(#741,#742,#743,#744));
#3174=EDGE_LOOP('',(#745,#746,#747,#748));
#3175=EDGE_LOOP('',(#749,#750,#751,#752,#753,#754,#755,#756));
#3176=EDGE_LOOP('',(#757,#758,#759,#760,#761,#762,#763,#764));
#3177=EDGE_LOOP('',(#765,#766,#767,#768,#769,#770,#771,#772));
#3178=EDGE_LOOP('',(#773,#774,#775,#776));
#3179=EDGE_LOOP('',(#777,#778,#779,#780,#781,#782,#783,#784));
#3180=EDGE_LOOP('',(#785,#786,#787,#788));
#3181=EDGE_LOOP('',(#789,#790,#791,#792));
#3182=EDGE_LOOP('',(#793,#794,#795,#796));
#3183=EDGE_LOOP('',(#797,#798,#799,#800));
#3184=EDGE_LOOP('',(#801,#802,#803,#804));
#3185=EDGE_LOOP('',(#805,#806,#807,#808));
#3186=EDGE_LOOP('',(#809,#810,#811,#812,#813,#814));
#3187=EDGE_LOOP('',(#815,#816,#817,#818));
#3188=EDGE_LOOP('',(#819,#820,#821,#822));
#3189=EDGE_LOOP('',(#823,#824,#825,#826));
#3190=EDGE_LOOP('',(#827,#828,#829,#830));
#3191=EDGE_LOOP('',(#831,#832,#833,#834));
#3192=EDGE_LOOP('',(#835,#836,#837,#838));
#3193=EDGE_LOOP('',(#839,#840,#841,#842,#843,#844));
#3194=EDGE_LOOP('',(#845,#846,#847,#848,#849,#850,#851,#852,#853,#854,#855,
#856,#857,#858));
#3195=EDGE_LOOP('',(#859,#860,#861,#862));
#3196=EDGE_LOOP('',(#863,#864,#865,#866,#867,#868,#869,#870,#871,#872,#873,
#874,#875,#876));
#3197=EDGE_LOOP('',(#877,#878,#879,#880));
#3198=EDGE_LOOP('',(#881,#882,#883,#884));
#3199=EDGE_LOOP('',(#885,#886,#887,#888));
#3200=EDGE_LOOP('',(#889,#890,#891,#892,#893,#894));
#3201=EDGE_LOOP('',(#895,#896,#897,#898,#899,#900));
#3202=EDGE_LOOP('',(#901,#902,#903,#904));
#3203=EDGE_LOOP('',(#905,#906,#907,#908));
#3204=EDGE_LOOP('',(#909,#910,#911,#912,#913,#914,#915,#916));
#3205=EDGE_LOOP('',(#917,#918,#919,#920,#921,#922,#923,#924,#925));
#3206=EDGE_LOOP('',(#926,#927,#928,#929));
#3207=EDGE_LOOP('',(#930,#931,#932));
#3208=EDGE_LOOP('',(#933,#934,#935,#936,#937,#938,#939,#940,#941,#942,#943,
#944,#945));
#3209=EDGE_LOOP('',(#946,#947,#948));
#3210=EDGE_LOOP('',(#949,#950,#951,#952,#953,#954,#955));
#3211=EDGE_LOOP('',(#956,#957,#958,#959,#960,#961));
#3212=EDGE_LOOP('',(#962,#963,#964,#965));
#3213=EDGE_LOOP('',(#966,#967,#968,#969));
#3214=EDGE_LOOP('',(#970,#971,#972,#973));
#3215=EDGE_LOOP('',(#974,#975,#976,#977));
#3216=EDGE_LOOP('',(#978,#979,#980,#981));
#3217=EDGE_LOOP('',(#982,#983,#984,#985));
#3218=EDGE_LOOP('',(#986,#987,#988,#989));
#3219=EDGE_LOOP('',(#990,#991,#992,#993,#994,#995,#996,#997));
#3220=EDGE_LOOP('',(#998,#999,#1000,#1001));
#3221=EDGE_LOOP('',(#1002,#1003,#1004,#1005,#1006));
#3222=EDGE_LOOP('',(#1007,#1008,#1009,#1010,#1011,#1012));
#3223=EDGE_LOOP('',(#1013,#1014,#1015,#1016));
#3224=EDGE_LOOP('',(#1017,#1018,#1019,#1020));
#3225=EDGE_LOOP('',(#1021,#1022,#1023,#1024));
#3226=EDGE_LOOP('',(#1025,#1026,#1027,#1028,#1029,#1030,#1031,#1032));
#3227=EDGE_LOOP('',(#1033,#1034,#1035,#1036));
#3228=EDGE_LOOP('',(#1037,#1038,#1039,#1040,#1041,#1042,#1043,#1044));
#3229=EDGE_LOOP('',(#1045,#1046,#1047,#1048,#1049,#1050));
#3230=EDGE_LOOP('',(#1051,#1052,#1053,#1054));
#3231=EDGE_LOOP('',(#1055,#1056,#1057,#1058));
#3232=EDGE_LOOP('',(#1059,#1060,#1061,#1062,#1063,#1064));
#3233=EDGE_LOOP('',(#1065,#1066,#1067,#1068));
#3234=EDGE_LOOP('',(#1069,#1070,#1071,#1072));
#3235=EDGE_LOOP('',(#1073,#1074,#1075,#1076));
#3236=EDGE_LOOP('',(#1077,#1078,#1079,#1080));
#3237=EDGE_LOOP('',(#1081,#1082,#1083,#1084));
#3238=EDGE_LOOP('',(#1085,#1086,#1087,#1088,#1089,#1090));
#3239=EDGE_LOOP('',(#1091,#1092,#1093,#1094));
#3240=EDGE_LOOP('',(#1095,#1096,#1097,#1098,#1099,#1100));
#3241=EDGE_LOOP('',(#1101,#1102,#1103,#1104));
#3242=EDGE_LOOP('',(#1105,#1106,#1107,#1108));
#3243=EDGE_LOOP('',(#1109,#1110,#1111,#1112));
#3244=EDGE_LOOP('',(#1113,#1114,#1115,#1116));
#3245=EDGE_LOOP('',(#1117,#1118,#1119,#1120,#1121,#1122,#1123,#1124,#1125,
#1126,#1127,#1128,#1129,#1130));
#3246=EDGE_LOOP('',(#1131,#1132,#1133,#1134));
#3247=EDGE_LOOP('',(#1135,#1136,#1137,#1138,#1139,#1140,#1141,#1142,#1143,
#1144,#1145,#1146,#1147,#1148));
#3248=EDGE_LOOP('',(#1149,#1150,#1151,#1152));
#3249=EDGE_LOOP('',(#1153,#1154,#1155,#1156));
#3250=EDGE_LOOP('',(#1157,#1158,#1159,#1160,#1161,#1162));
#3251=EDGE_LOOP('',(#1163,#1164,#1165,#1166,#1167,#1168));
#3252=EDGE_LOOP('',(#1169,#1170,#1171,#1172));
#3253=EDGE_LOOP('',(#1173,#1174,#1175,#1176));
#3254=EDGE_LOOP('',(#1177,#1178,#1179,#1180,#1181,#1182,#1183,#1184,#1185,
#1186,#1187,#1188,#1189,#1190,#1191,#1192,#1193,#1194,#1195,#1196,#1197));
#3255=EDGE_LOOP('',(#1198));
#3256=EDGE_LOOP('',(#1199));
#3257=EDGE_LOOP('',(#1200));
#3258=EDGE_LOOP('',(#1201));
#3259=EDGE_LOOP('',(#1202));
#3260=EDGE_LOOP('',(#1203,#1204,#1205,#1206));
#3261=EDGE_LOOP('',(#1207,#1208,#1209,#1210,#1211,#1212,#1213,#1214));
#3262=EDGE_LOOP('',(#1215));
#3263=EDGE_LOOP('',(#1216));
#3264=EDGE_LOOP('',(#1217,#1218,#1219,#1220,#1221,#1222,#1223,#1224,#1225,
#1226,#1227,#1228,#1229,#1230,#1231,#1232,#1233));
#3265=EDGE_LOOP('',(#1234));
#3266=EDGE_LOOP('',(#1235));
#3267=EDGE_LOOP('',(#1236));
#3268=EDGE_LOOP('',(#1237,#1238,#1239,#1240));
#3269=EDGE_LOOP('',(#1241,#1242,#1243,#1244));
#3270=EDGE_LOOP('',(#1245,#1246,#1247,#1248));
#3271=EDGE_LOOP('',(#1249,#1250,#1251,#1252));
#3272=EDGE_LOOP('',(#1253,#1254,#1255,#1256));
#3273=EDGE_LOOP('',(#1257,#1258,#1259,#1260));
#3274=EDGE_LOOP('',(#1261,#1262,#1263,#1264));
#3275=EDGE_LOOP('',(#1265,#1266,#1267,#1268));
#3276=EDGE_LOOP('',(#1269,#1270,#1271,#1272));
#3277=EDGE_LOOP('',(#1273,#1274,#1275,#1276));
#3278=EDGE_LOOP('',(#1277,#1278,#1279,#1280));
#3279=EDGE_LOOP('',(#1281,#1282,#1283,#1284));
#3280=EDGE_LOOP('',(#1285,#1286,#1287,#1288));
#3281=EDGE_LOOP('',(#1289));
#3282=EDGE_LOOP('',(#1290));
#3283=EDGE_LOOP('',(#1291));
#3284=EDGE_LOOP('',(#1292));
#3285=EDGE_LOOP('',(#1293));
#3286=EDGE_LOOP('',(#1294));
#3287=EDGE_LOOP('',(#1295));
#3288=EDGE_LOOP('',(#1296));
#3289=EDGE_LOOP('',(#1297));
#3290=EDGE_LOOP('',(#1298));
#3291=EDGE_LOOP('',(#1299,#1300,#1301,#1302));
#3292=EDGE_LOOP('',(#1303,#1304,#1305,#1306));
#3293=EDGE_LOOP('',(#1307,#1308,#1309,#1310));
#3294=EDGE_LOOP('',(#1311,#1312,#1313,#1314));
#3295=EDGE_LOOP('',(#1315,#1316,#1317,#1318));
#3296=EDGE_LOOP('',(#1319,#1320,#1321,#1322));
#3297=EDGE_LOOP('',(#1323,#1324,#1325,#1326));
#3298=EDGE_LOOP('',(#1327,#1328,#1329,#1330));
#3299=EDGE_LOOP('',(#1331,#1332,#1333,#1334));
#3300=EDGE_LOOP('',(#1335,#1336,#1337,#1338));
#3301=EDGE_LOOP('',(#1339,#1340,#1341,#1342));
#3302=EDGE_LOOP('',(#1343,#1344,#1345,#1346));
#3303=FACE_BOUND('',#3055,.T.);
#3304=FACE_BOUND('',#3056,.T.);
#3305=FACE_BOUND('',#3057,.T.);
#3306=FACE_BOUND('',#3058,.T.);
#3307=FACE_BOUND('',#3059,.T.);
#3308=FACE_BOUND('',#3060,.T.);
#3309=FACE_BOUND('',#3061,.T.);
#3310=FACE_BOUND('',#3062,.T.);
#3311=FACE_BOUND('',#3063,.T.);
#3312=FACE_BOUND('',#3064,.T.);
#3313=FACE_BOUND('',#3065,.T.);
#3314=FACE_BOUND('',#3066,.T.);
#3315=FACE_BOUND('',#3067,.T.);
#3316=FACE_BOUND('',#3068,.T.);
#3317=FACE_BOUND('',#3069,.T.);
#3318=FACE_BOUND('',#3070,.T.);
#3319=FACE_BOUND('',#3071,.T.);
#3320=FACE_BOUND('',#3072,.T.);
#3321=FACE_BOUND('',#3073,.T.);
#3322=FACE_BOUND('',#3074,.T.);
#3323=FACE_BOUND('',#3075,.T.);
#3324=FACE_BOUND('',#3076,.T.);
#3325=FACE_BOUND('',#3077,.T.);
#3326=FACE_BOUND('',#3078,.T.);
#3327=FACE_BOUND('',#3079,.T.);
#3328=FACE_BOUND('',#3080,.T.);
#3329=FACE_BOUND('',#3081,.T.);
#3330=FACE_BOUND('',#3082,.T.);
#3331=FACE_BOUND('',#3083,.T.);
#3332=FACE_BOUND('',#3084,.T.);
#3333=FACE_BOUND('',#3085,.T.);
#3334=FACE_BOUND('',#3086,.T.);
#3335=FACE_BOUND('',#3087,.T.);
#3336=FACE_BOUND('',#3088,.T.);
#3337=FACE_BOUND('',#3089,.T.);
#3338=FACE_BOUND('',#3090,.T.);
#3339=FACE_BOUND('',#3091,.T.);
#3340=FACE_BOUND('',#3092,.T.);
#3341=FACE_BOUND('',#3093,.T.);
#3342=FACE_BOUND('',#3094,.T.);
#3343=FACE_BOUND('',#3095,.T.);
#3344=FACE_BOUND('',#3096,.T.);
#3345=FACE_BOUND('',#3097,.T.);
#3346=FACE_BOUND('',#3098,.T.);
#3347=FACE_BOUND('',#3099,.T.);
#3348=FACE_BOUND('',#3100,.T.);
#3349=FACE_BOUND('',#3101,.T.);
#3350=FACE_BOUND('',#3102,.T.);
#3351=FACE_BOUND('',#3103,.T.);
#3352=FACE_BOUND('',#3104,.T.);
#3353=FACE_BOUND('',#3105,.T.);
#3354=FACE_BOUND('',#3106,.T.);
#3355=FACE_BOUND('',#3107,.T.);
#3356=FACE_BOUND('',#3108,.T.);
#3357=FACE_BOUND('',#3109,.T.);
#3358=FACE_BOUND('',#3110,.T.);
#3359=FACE_BOUND('',#3111,.T.);
#3360=FACE_BOUND('',#3112,.T.);
#3361=FACE_BOUND('',#3113,.T.);
#3362=FACE_BOUND('',#3114,.T.);
#3363=FACE_BOUND('',#3115,.T.);
#3364=FACE_BOUND('',#3116,.T.);
#3365=FACE_BOUND('',#3117,.T.);
#3366=FACE_BOUND('',#3118,.T.);
#3367=FACE_BOUND('',#3119,.T.);
#3368=FACE_BOUND('',#3120,.T.);
#3369=FACE_BOUND('',#3121,.T.);
#3370=FACE_BOUND('',#3122,.T.);
#3371=FACE_BOUND('',#3123,.T.);
#3372=FACE_BOUND('',#3124,.T.);
#3373=FACE_BOUND('',#3125,.T.);
#3374=FACE_BOUND('',#3126,.T.);
#3375=FACE_BOUND('',#3127,.T.);
#3376=FACE_BOUND('',#3128,.T.);
#3377=FACE_BOUND('',#3129,.T.);
#3378=FACE_BOUND('',#3130,.T.);
#3379=FACE_BOUND('',#3131,.T.);
#3380=FACE_BOUND('',#3132,.T.);
#3381=FACE_BOUND('',#3133,.T.);
#3382=FACE_BOUND('',#3134,.T.);
#3383=FACE_BOUND('',#3135,.T.);
#3384=FACE_BOUND('',#3136,.T.);
#3385=FACE_BOUND('',#3137,.T.);
#3386=FACE_BOUND('',#3138,.T.);
#3387=FACE_BOUND('',#3139,.T.);
#3388=FACE_BOUND('',#3140,.T.);
#3389=FACE_BOUND('',#3141,.T.);
#3390=FACE_BOUND('',#3142,.T.);
#3391=FACE_BOUND('',#3143,.T.);
#3392=FACE_BOUND('',#3144,.T.);
#3393=FACE_BOUND('',#3145,.T.);
#3394=FACE_BOUND('',#3146,.T.);
#3395=FACE_BOUND('',#3147,.T.);
#3396=FACE_BOUND('',#3148,.T.);
#3397=FACE_BOUND('',#3149,.T.);
#3398=FACE_BOUND('',#3150,.T.);
#3399=FACE_BOUND('',#3151,.T.);
#3400=FACE_BOUND('',#3152,.T.);
#3401=FACE_BOUND('',#3153,.T.);
#3402=FACE_BOUND('',#3154,.T.);
#3403=FACE_BOUND('',#3155,.T.);
#3404=FACE_BOUND('',#3156,.T.);
#3405=FACE_BOUND('',#3157,.T.);
#3406=FACE_BOUND('',#3158,.T.);
#3407=FACE_BOUND('',#3159,.T.);
#3408=FACE_BOUND('',#3160,.T.);
#3409=FACE_BOUND('',#3161,.T.);
#3410=FACE_BOUND('',#3162,.T.);
#3411=FACE_BOUND('',#3163,.T.);
#3412=FACE_BOUND('',#3164,.T.);
#3413=FACE_BOUND('',#3165,.T.);
#3414=FACE_BOUND('',#3166,.T.);
#3415=FACE_BOUND('',#3167,.T.);
#3416=FACE_BOUND('',#3168,.T.);
#3417=FACE_BOUND('',#3169,.T.);
#3418=FACE_BOUND('',#3170,.T.);
#3419=FACE_BOUND('',#3171,.T.);
#3420=FACE_BOUND('',#3172,.T.);
#3421=FACE_BOUND('',#3173,.T.);
#3422=FACE_BOUND('',#3174,.T.);
#3423=FACE_BOUND('',#3175,.T.);
#3424=FACE_BOUND('',#3176,.T.);
#3425=FACE_BOUND('',#3177,.T.);
#3426=FACE_BOUND('',#3178,.T.);
#3427=FACE_BOUND('',#3179,.T.);
#3428=FACE_BOUND('',#3180,.T.);
#3429=FACE_BOUND('',#3181,.T.);
#3430=FACE_BOUND('',#3182,.T.);
#3431=FACE_BOUND('',#3183,.T.);
#3432=FACE_BOUND('',#3184,.T.);
#3433=FACE_BOUND('',#3185,.T.);
#3434=FACE_BOUND('',#3186,.T.);
#3435=FACE_BOUND('',#3187,.T.);
#3436=FACE_BOUND('',#3188,.T.);
#3437=FACE_BOUND('',#3189,.T.);
#3438=FACE_BOUND('',#3190,.T.);
#3439=FACE_BOUND('',#3191,.T.);
#3440=FACE_BOUND('',#3192,.T.);
#3441=FACE_BOUND('',#3193,.T.);
#3442=FACE_BOUND('',#3194,.T.);
#3443=FACE_BOUND('',#3195,.T.);
#3444=FACE_BOUND('',#3196,.T.);
#3445=FACE_BOUND('',#3197,.T.);
#3446=FACE_BOUND('',#3198,.T.);
#3447=FACE_BOUND('',#3199,.T.);
#3448=FACE_BOUND('',#3200,.T.);
#3449=FACE_BOUND('',#3201,.T.);
#3450=FACE_BOUND('',#3202,.T.);
#3451=FACE_BOUND('',#3203,.T.);
#3452=FACE_BOUND('',#3204,.T.);
#3453=FACE_BOUND('',#3205,.T.);
#3454=FACE_BOUND('',#3206,.T.);
#3455=FACE_BOUND('',#3207,.T.);
#3456=FACE_BOUND('',#3208,.T.);
#3457=FACE_BOUND('',#3209,.T.);
#3458=FACE_BOUND('',#3210,.T.);
#3459=FACE_BOUND('',#3211,.T.);
#3460=FACE_BOUND('',#3212,.T.);
#3461=FACE_BOUND('',#3213,.T.);
#3462=FACE_BOUND('',#3214,.T.);
#3463=FACE_BOUND('',#3215,.T.);
#3464=FACE_BOUND('',#3216,.T.);
#3465=FACE_BOUND('',#3217,.T.);
#3466=FACE_BOUND('',#3218,.T.);
#3467=FACE_BOUND('',#3219,.T.);
#3468=FACE_BOUND('',#3220,.T.);
#3469=FACE_BOUND('',#3221,.T.);
#3470=FACE_BOUND('',#3222,.T.);
#3471=FACE_BOUND('',#3223,.T.);
#3472=FACE_BOUND('',#3224,.T.);
#3473=FACE_BOUND('',#3225,.T.);
#3474=FACE_BOUND('',#3226,.T.);
#3475=FACE_BOUND('',#3227,.T.);
#3476=FACE_BOUND('',#3228,.T.);
#3477=FACE_BOUND('',#3229,.T.);
#3478=FACE_BOUND('',#3230,.T.);
#3479=FACE_BOUND('',#3231,.T.);
#3480=FACE_BOUND('',#3232,.T.);
#3481=FACE_BOUND('',#3233,.T.);
#3482=FACE_BOUND('',#3234,.T.);
#3483=FACE_BOUND('',#3235,.T.);
#3484=FACE_BOUND('',#3236,.T.);
#3485=FACE_BOUND('',#3237,.T.);
#3486=FACE_BOUND('',#3238,.T.);
#3487=FACE_BOUND('',#3239,.T.);
#3488=FACE_BOUND('',#3240,.T.);
#3489=FACE_BOUND('',#3241,.T.);
#3490=FACE_BOUND('',#3242,.T.);
#3491=FACE_BOUND('',#3243,.T.);
#3492=FACE_BOUND('',#3244,.T.);
#3493=FACE_BOUND('',#3245,.T.);
#3494=FACE_BOUND('',#3246,.T.);
#3495=FACE_BOUND('',#3247,.T.);
#3496=FACE_BOUND('',#3248,.T.);
#3497=FACE_BOUND('',#3249,.T.);
#3498=FACE_BOUND('',#3250,.T.);
#3499=FACE_BOUND('',#3251,.T.);
#3500=FACE_BOUND('',#3252,.T.);
#3501=FACE_BOUND('',#3253,.T.);
#3502=FACE_BOUND('',#3254,.T.);
#3503=FACE_BOUND('',#3255,.T.);
#3504=FACE_BOUND('',#3256,.T.);
#3505=FACE_BOUND('',#3257,.T.);
#3506=FACE_BOUND('',#3258,.T.);
#3507=FACE_BOUND('',#3259,.T.);
#3508=FACE_BOUND('',#3260,.T.);
#3509=FACE_BOUND('',#3261,.T.);
#3510=FACE_BOUND('',#3262,.T.);
#3511=FACE_BOUND('',#3263,.T.);
#3512=FACE_BOUND('',#3264,.T.);
#3513=FACE_BOUND('',#3265,.T.);
#3514=FACE_BOUND('',#3266,.T.);
#3515=FACE_BOUND('',#3267,.T.);
#3516=FACE_BOUND('',#3268,.T.);
#3517=FACE_BOUND('',#3269,.T.);
#3518=FACE_BOUND('',#3270,.T.);
#3519=FACE_BOUND('',#3271,.T.);
#3520=FACE_BOUND('',#3272,.T.);
#3521=FACE_BOUND('',#3273,.T.);
#3522=FACE_BOUND('',#3274,.T.);
#3523=FACE_BOUND('',#3275,.T.);
#3524=FACE_BOUND('',#3276,.T.);
#3525=FACE_BOUND('',#3277,.T.);
#3526=FACE_BOUND('',#3278,.T.);
#3527=FACE_BOUND('',#3279,.T.);
#3528=FACE_BOUND('',#3280,.T.);
#3529=FACE_BOUND('',#3281,.T.);
#3530=FACE_BOUND('',#3282,.T.);
#3531=FACE_BOUND('',#3283,.T.);
#3532=FACE_BOUND('',#3284,.T.);
#3533=FACE_BOUND('',#3285,.T.);
#3534=FACE_BOUND('',#3286,.T.);
#3535=FACE_BOUND('',#3287,.T.);
#3536=FACE_BOUND('',#3288,.T.);
#3537=FACE_BOUND('',#3289,.T.);
#3538=FACE_BOUND('',#3290,.T.);
#3539=FACE_BOUND('',#3291,.T.);
#3540=FACE_BOUND('',#3292,.T.);
#3541=FACE_BOUND('',#3293,.T.);
#3542=FACE_BOUND('',#3294,.T.);
#3543=FACE_BOUND('',#3295,.T.);
#3544=FACE_BOUND('',#3296,.T.);
#3545=FACE_BOUND('',#3297,.T.);
#3546=FACE_BOUND('',#3298,.T.);
#3547=FACE_BOUND('',#3299,.T.);
#3548=FACE_BOUND('',#3300,.T.);
#3549=FACE_BOUND('',#3301,.T.);
#3550=FACE_BOUND('',#3302,.T.);
#3551=PLANE('',#3974);
#3552=PLANE('',#3983);
#3553=PLANE('',#3985);
#3554=PLANE('',#3989);
#3555=PLANE('',#3991);
#3556=PLANE('',#3997);
#3557=PLANE('',#4003);
#3558=PLANE('',#4004);
#3559=PLANE('',#4005);
#3560=PLANE('',#4006);
#3561=PLANE('',#4011);
#3562=PLANE('',#4013);
#3563=PLANE('',#4014);
#3564=PLANE('',#4015);
#3565=PLANE('',#4016);
#3566=PLANE('',#4017);
#3567=PLANE('',#4018);
#3568=PLANE('',#4019);
#3569=PLANE('',#4020);
#3570=PLANE('',#4021);
#3571=PLANE('',#4025);
#3572=PLANE('',#4026);
#3573=PLANE('',#4027);
#3574=PLANE('',#4028);
#3575=PLANE('',#4029);
#3576=PLANE('',#4032);
#3577=PLANE('',#4033);
#3578=PLANE('',#4034);
#3579=PLANE('',#4035);
#3580=PLANE('',#4038);
#3581=PLANE('',#4039);
#3582=PLANE('',#4040);
#3583=PLANE('',#4043);
#3584=PLANE('',#4046);
#3585=PLANE('',#4047);
#3586=PLANE('',#4048);
#3587=PLANE('',#4049);
#3588=PLANE('',#4050);
#3589=PLANE('',#4051);
#3590=PLANE('',#4052);
#3591=PLANE('',#4054);
#3592=PLANE('',#4057);
#3593=PLANE('',#4058);
#3594=PLANE('',#4059);
#3595=PLANE('',#4061);
#3596=PLANE('',#4062);
#3597=PLANE('',#4063);
#3598=PLANE('',#4066);
#3599=PLANE('',#4069);
#3600=PLANE('',#4072);
#3601=PLANE('',#4075);
#3602=PLANE('',#4078);
#3603=PLANE('',#4079);
#3604=PLANE('',#4080);
#3605=PLANE('',#4081);
#3606=PLANE('',#4082);
#3607=PLANE('',#4083);
#3608=PLANE('',#4087);
#3609=PLANE('',#4090);
#3610=PLANE('',#4093);
#3611=PLANE('',#4096);
#3612=PLANE('',#4099);
#3613=PLANE('',#4100);
#3614=PLANE('',#4101);
#3615=PLANE('',#4102);
#3616=PLANE('',#4103);
#3617=PLANE('',#4104);
#3618=PLANE('',#4105);
#3619=PLANE('',#4106);
#3620=PLANE('',#4107);
#3621=PLANE('',#4108);
#3622=PLANE('',#4110);
#3623=PLANE('',#4111);
#3624=PLANE('',#4112);
#3625=PLANE('',#4113);
#3626=PLANE('',#4114);
#3627=PLANE('',#4115);
#3628=PLANE('',#4118);
#3629=PLANE('',#4119);
#3630=PLANE('',#4123);
#3631=PLANE('',#4125);
#3632=PLANE('',#4126);
#3633=PLANE('',#4127);
#3634=PLANE('',#4128);
#3635=PLANE('',#4147);
#3636=PLANE('',#4148);
#3637=PLANE('',#4151);
#3638=PLANE('',#4152);
#3639=PLANE('',#4155);
#3640=PLANE('',#4158);
#3641=PLANE('',#4159);
#3642=PLANE('',#4161);
#3643=PLANE('',#4163);
#3644=PLANE('',#4167);
#3645=PLANE('',#4168);
#3646=PLANE('',#4169);
#3647=PLANE('',#4177);
#3648=PLANE('',#4178);
#3649=PLANE('',#4179);
#3650=PLANE('',#4180);
#3651=PLANE('',#4181);
#3652=PLANE('',#4182);
#3653=PLANE('',#4183);
#3654=PLANE('',#4184);
#3655=PLANE('',#4185);
#3656=PLANE('',#4186);
#3657=PLANE('',#4187);
#3658=PLANE('',#4193);
#3659=PLANE('',#4194);
#3660=PLANE('',#4195);
#3661=PLANE('',#4198);
#3662=PLANE('',#4199);
#3663=PLANE('',#4202);
#3664=PLANE('',#4204);
#3665=PLANE('',#4205);
#3666=PLANE('',#4207);
#3667=PLANE('',#4217);
#3668=PLANE('',#4218);
#3669=PLANE('',#4219);
#3670=PLANE('',#4229);
#3671=PLANE('',#4230);
#3672=PLANE('',#4233);
#3673=PLANE('',#4234);
#3674=PLANE('',#4239);
#3675=PLANE('',#4240);
#3676=PLANE('',#4244);
#3677=PLANE('',#4253);
#3678=PLANE('',#4254);
#3679=PLANE('',#4263);
#3680=PLANE('',#4264);
#3681=PLANE('',#4265);
#3682=PLANE('',#4266);
#3683=PLANE('',#4267);
#3684=PLANE('',#4268);
#3685=PLANE('',#4269);
#3686=PLANE('',#4270);
#3687=PLANE('',#4271);
#3688=PLANE('',#4272);
#3689=PLANE('',#4273);
#3690=PLANE('',#4274);
#3691=PLANE('',#4275);
#3692=PLANE('',#4281);
#3693=PLANE('',#4282);
#3694=PLANE('',#4283);
#3695=PLANE('',#4284);
#3696=PLANE('',#4285);
#3697=PLANE('',#4286);
#3698=PLANE('',#4287);
#3699=PLANE('',#4288);
#3700=PLANE('',#4289);
#3701=ADVANCED_FACE('',(#3303,#3304,#3305,#3306,#3307,#3308,#3309),#3551,
 .F.);
#3702=ADVANCED_FACE('',(#3310),#3552,.T.);
#3703=ADVANCED_FACE('',(#3311),#3553,.T.);
#3704=ADVANCED_FACE('',(#3312),#3554,.F.);
#3705=ADVANCED_FACE('',(#3313),#3555,.F.);
#3706=ADVANCED_FACE('',(#3314),#96,.T.);
#3707=ADVANCED_FACE('',(#3315),#97,.T.);
#3708=ADVANCED_FACE('',(#3316),#94,.F.);
#3709=ADVANCED_FACE('',(#3317,#3318,#3319,#3320),#3556,.T.);
#3710=ADVANCED_FACE('',(#3321),#3557,.T.);
#3711=ADVANCED_FACE('',(#3322),#3558,.T.);
#3712=ADVANCED_FACE('',(#3323),#3559,.T.);
#3713=ADVANCED_FACE('',(#3324,#3325,#3326),#3560,.T.);
#3714=ADVANCED_FACE('',(#3327),#3561,.T.);
#3715=ADVANCED_FACE('',(#3328),#3562,.T.);
#3716=ADVANCED_FACE('',(#3329),#3563,.T.);
#3717=ADVANCED_FACE('',(#3330),#3564,.T.);
#3718=ADVANCED_FACE('',(#3331),#3565,.T.);
#3719=ADVANCED_FACE('',(#3332),#3566,.T.);
#3720=ADVANCED_FACE('',(#3333),#3567,.T.);
#3721=ADVANCED_FACE('',(#3334),#3568,.T.);
#3722=ADVANCED_FACE('',(#3335),#3569,.T.);
#3723=ADVANCED_FACE('',(#3336),#3570,.T.);
#3724=ADVANCED_FACE('',(#3337),#98,.T.);
#3725=ADVANCED_FACE('',(#3338),#99,.T.);
#3726=ADVANCED_FACE('',(#3339),#3571,.F.);
#3727=ADVANCED_FACE('',(#3340),#3572,.F.);
#3728=ADVANCED_FACE('',(#3341),#3573,.F.);
#3729=ADVANCED_FACE('',(#3342),#3574,.F.);
#3730=ADVANCED_FACE('',(#3343),#3575,.F.);
#3731=ADVANCED_FACE('',(#3344),#100,.T.);
#3732=ADVANCED_FACE('',(#3345),#3576,.F.);
#3733=ADVANCED_FACE('',(#3346),#3577,.F.);
#3734=ADVANCED_FACE('',(#3347),#3578,.F.);
#3735=ADVANCED_FACE('',(#3348),#3579,.F.);
#3736=ADVANCED_FACE('',(#3349),#101,.T.);
#3737=ADVANCED_FACE('',(#3350),#3580,.F.);
#3738=ADVANCED_FACE('',(#3351),#3581,.F.);
#3739=ADVANCED_FACE('',(#3352),#3582,.F.);
#3740=ADVANCED_FACE('',(#3353),#102,.T.);
#3741=ADVANCED_FACE('',(#3354),#3583,.F.);
#3742=ADVANCED_FACE('',(#3355),#103,.F.);
#3743=ADVANCED_FACE('',(#3356),#3584,.F.);
#3744=ADVANCED_FACE('',(#3357),#3585,.F.);
#3745=ADVANCED_FACE('',(#3358),#3586,.F.);
#3746=ADVANCED_FACE('',(#3359),#3587,.T.);
#3747=ADVANCED_FACE('',(#3360),#3588,.F.);
#3748=ADVANCED_FACE('',(#3361),#3589,.F.);
#3749=ADVANCED_FACE('',(#3362,#3363),#3590,.F.);
#3750=ADVANCED_FACE('',(#3364,#3365),#3591,.T.);
#3751=ADVANCED_FACE('',(#3366),#3592,.F.);
#3752=ADVANCED_FACE('',(#3367),#3593,.F.);
#3753=ADVANCED_FACE('',(#3368),#3594,.F.);
#3754=ADVANCED_FACE('',(#3369),#104,.T.);
#3755=ADVANCED_FACE('',(#3370),#3595,.F.);
#3756=ADVANCED_FACE('',(#3371),#3596,.T.);
#3757=ADVANCED_FACE('',(#3372),#3597,.F.);
#3758=ADVANCED_FACE('',(#3373,#3374),#105,.T.);
#3759=ADVANCED_FACE('',(#3375),#3598,.F.);
#3760=ADVANCED_FACE('',(#3376,#3377),#106,.T.);
#3761=ADVANCED_FACE('',(#3378),#3599,.F.);
#3762=ADVANCED_FACE('',(#3379,#3380),#107,.T.);
#3763=ADVANCED_FACE('',(#3381),#3600,.F.);
#3764=ADVANCED_FACE('',(#3382,#3383),#108,.T.);
#3765=ADVANCED_FACE('',(#3384),#3601,.F.);
#3766=ADVANCED_FACE('',(#3385,#3386),#109,.T.);
#3767=ADVANCED_FACE('',(#3387),#3602,.F.);
#3768=ADVANCED_FACE('',(#3388),#3603,.T.);
#3769=ADVANCED_FACE('',(#3389),#3604,.T.);
#3770=ADVANCED_FACE('',(#3390),#3605,.T.);
#3771=ADVANCED_FACE('',(#3391),#3606,.T.);
#3772=ADVANCED_FACE('',(#3392),#3607,.F.);
#3773=ADVANCED_FACE('',(#3393),#95,.F.);
#3774=ADVANCED_FACE('',(#3394),#92,.T.);
#3775=ADVANCED_FACE('',(#3395),#93,.T.);
#3776=ADVANCED_FACE('',(#3396,#3397),#110,.F.);
#3777=ADVANCED_FACE('',(#3398),#3608,.F.);
#3778=ADVANCED_FACE('',(#3399,#3400),#111,.F.);
#3779=ADVANCED_FACE('',(#3401),#3609,.F.);
#3780=ADVANCED_FACE('',(#3402,#3403),#112,.F.);
#3781=ADVANCED_FACE('',(#3404),#3610,.F.);
#3782=ADVANCED_FACE('',(#3405,#3406),#113,.F.);
#3783=ADVANCED_FACE('',(#3407),#3611,.F.);
#3784=ADVANCED_FACE('',(#3408,#3409),#114,.F.);
#3785=ADVANCED_FACE('',(#3410),#3612,.F.);
#3786=ADVANCED_FACE('',(#3411),#3613,.T.);
#3787=ADVANCED_FACE('',(#3412),#3614,.T.);
#3788=ADVANCED_FACE('',(#3413),#3615,.T.);
#3789=ADVANCED_FACE('',(#3414),#3616,.F.);
#3790=ADVANCED_FACE('',(#3415),#3617,.T.);
#3791=ADVANCED_FACE('',(#3416),#3618,.T.);
#3792=ADVANCED_FACE('',(#3417),#3619,.F.);
#3793=ADVANCED_FACE('',(#3418),#3620,.F.);
#3794=ADVANCED_FACE('',(#3419),#3621,.F.);
#3795=ADVANCED_FACE('',(#3420),#3622,.T.);
#3796=ADVANCED_FACE('',(#3421),#3623,.T.);
#3797=ADVANCED_FACE('',(#3422),#3624,.F.);
#3798=ADVANCED_FACE('',(#3423),#3625,.T.);
#3799=ADVANCED_FACE('',(#3424),#3626,.F.);
#3800=ADVANCED_FACE('',(#3425),#3627,.T.);
#3801=ADVANCED_FACE('',(#3426),#3628,.T.);
#3802=ADVANCED_FACE('',(#3427),#3629,.F.);
#3803=ADVANCED_FACE('',(#3428),#115,.F.);
#3804=ADVANCED_FACE('',(#3429),#3630,.T.);
#3805=ADVANCED_FACE('',(#3430),#116,.T.);
#3806=ADVANCED_FACE('',(#3431),#3631,.F.);
#3807=ADVANCED_FACE('',(#3432),#3632,.T.);
#3808=ADVANCED_FACE('',(#3433),#3633,.T.);
#3809=ADVANCED_FACE('',(#3434),#3634,.F.);
#3810=ADVANCED_FACE('',(#3435),#117,.T.);
#3811=ADVANCED_FACE('',(#3436),#118,.F.);
#3812=ADVANCED_FACE('',(#3437),#119,.T.);
#3813=ADVANCED_FACE('',(#3438),#120,.F.);
#3814=ADVANCED_FACE('',(#3439),#121,.T.);
#3815=ADVANCED_FACE('',(#3440),#122,.F.);
#3816=ADVANCED_FACE('',(#3441),#3635,.T.);
#3817=ADVANCED_FACE('',(#3442),#3636,.T.);
#3818=ADVANCED_FACE('',(#3443),#3637,.F.);
#3819=ADVANCED_FACE('',(#3444),#3638,.F.);
#3820=ADVANCED_FACE('',(#3445),#3639,.T.);
#3821=ADVANCED_FACE('',(#3446),#18,.F.);
#3822=ADVANCED_FACE('',(#3447),#19,.F.);
#3823=ADVANCED_FACE('',(#3448),#123,.T.);
#3824=ADVANCED_FACE('',(#3449),#124,.F.);
#3825=ADVANCED_FACE('',(#3450),#3640,.T.);
#3826=ADVANCED_FACE('',(#3451),#3641,.F.);
#3827=ADVANCED_FACE('',(#3452),#3642,.T.);
#3828=ADVANCED_FACE('',(#3453),#3643,.T.);
#3829=ADVANCED_FACE('',(#3454),#3644,.T.);
#3830=ADVANCED_FACE('',(#3455),#3645,.T.);
#3831=ADVANCED_FACE('',(#3456),#3646,.F.);
#3832=ADVANCED_FACE('',(#3457),#125,.T.);
#3833=ADVANCED_FACE('',(#3458),#126,.T.);
#3834=ADVANCED_FACE('',(#3459),#3647,.T.);
#3835=ADVANCED_FACE('',(#3460),#3648,.T.);
#3836=ADVANCED_FACE('',(#3461),#3649,.T.);
#3837=ADVANCED_FACE('',(#3462),#3650,.T.);
#3838=ADVANCED_FACE('',(#3463),#3651,.T.);
#3839=ADVANCED_FACE('',(#3464),#3652,.T.);
#3840=ADVANCED_FACE('',(#3465),#3653,.T.);
#3841=ADVANCED_FACE('',(#3466),#3654,.T.);
#3842=ADVANCED_FACE('',(#3467),#3655,.F.);
#3843=ADVANCED_FACE('',(#3468),#3656,.T.);
#3844=ADVANCED_FACE('',(#3469),#3657,.T.);
#3845=ADVANCED_FACE('',(#3470),#127,.F.);
#3846=ADVANCED_FACE('',(#3471),#128,.F.);
#3847=ADVANCED_FACE('',(#3472),#3658,.F.);
#3848=ADVANCED_FACE('',(#3473),#3659,.F.);
#3849=ADVANCED_FACE('',(#3474),#3660,.T.);
#3850=ADVANCED_FACE('',(#3475),#3661,.T.);
#3851=ADVANCED_FACE('',(#3476),#3662,.F.);
#3852=ADVANCED_FACE('',(#3477),#3663,.T.);
#3853=ADVANCED_FACE('',(#3478),#129,.F.);
#3854=ADVANCED_FACE('',(#3479),#3664,.T.);
#3855=ADVANCED_FACE('',(#3480),#3665,.F.);
#3856=ADVANCED_FACE('',(#3481),#130,.T.);
#3857=ADVANCED_FACE('',(#3482),#3666,.F.);
#3858=ADVANCED_FACE('',(#3483),#131,.T.);
#3859=ADVANCED_FACE('',(#3484),#132,.T.);
#3860=ADVANCED_FACE('',(#3485),#133,.F.);
#3861=ADVANCED_FACE('',(#3486),#3667,.T.);
#3862=ADVANCED_FACE('',(#3487),#3668,.T.);
#3863=ADVANCED_FACE('',(#3488),#3669,.F.);
#3864=ADVANCED_FACE('',(#3489),#134,.T.);
#3865=ADVANCED_FACE('',(#3490),#135,.F.);
#3866=ADVANCED_FACE('',(#3491),#136,.F.);
#3867=ADVANCED_FACE('',(#3492),#3670,.T.);
#3868=ADVANCED_FACE('',(#3493),#3671,.T.);
#3869=ADVANCED_FACE('',(#3494),#3672,.F.);
#3870=ADVANCED_FACE('',(#3495),#3673,.T.);
#3871=ADVANCED_FACE('',(#3496),#20,.F.);
#3872=ADVANCED_FACE('',(#3497),#21,.F.);
#3873=ADVANCED_FACE('',(#3498),#137,.T.);
#3874=ADVANCED_FACE('',(#3499),#138,.F.);
#3875=ADVANCED_FACE('',(#3500),#3674,.F.);
#3876=ADVANCED_FACE('',(#3501),#3675,.F.);
#3877=ADVANCED_FACE('',(#3502,#3503,#3504,#3505,#3506,#3507,#3508),#3676,
 .F.);
#3878=ADVANCED_FACE('',(#3509),#3677,.T.);
#3879=ADVANCED_FACE('',(#3510,#3511,#3512,#3513,#3514,#3515),#3678,.T.);
#3880=ADVANCED_FACE('',(#3516),#3679,.T.);
#3881=ADVANCED_FACE('',(#3517),#3680,.T.);
#3882=ADVANCED_FACE('',(#3518),#3681,.T.);
#3883=ADVANCED_FACE('',(#3519),#3682,.T.);
#3884=ADVANCED_FACE('',(#3520),#3683,.T.);
#3885=ADVANCED_FACE('',(#3521),#3684,.T.);
#3886=ADVANCED_FACE('',(#3522),#3685,.T.);
#3887=ADVANCED_FACE('',(#3523),#3686,.T.);
#3888=ADVANCED_FACE('',(#3524),#3687,.T.);
#3889=ADVANCED_FACE('',(#3525),#3688,.T.);
#3890=ADVANCED_FACE('',(#3526),#3689,.T.);
#3891=ADVANCED_FACE('',(#3527),#3690,.T.);
#3892=ADVANCED_FACE('',(#3528),#3691,.T.);
#3893=ADVANCED_FACE('',(#3529,#3530),#139,.F.);
#3894=ADVANCED_FACE('',(#3531,#3532),#140,.F.);
#3895=ADVANCED_FACE('',(#3533,#3534),#141,.F.);
#3896=ADVANCED_FACE('',(#3535,#3536),#142,.F.);
#3897=ADVANCED_FACE('',(#3537,#3538),#143,.F.);
#3898=ADVANCED_FACE('',(#3539),#3692,.T.);
#3899=ADVANCED_FACE('',(#3540),#3693,.T.);
#3900=ADVANCED_FACE('',(#3541),#3694,.F.);
#3901=ADVANCED_FACE('',(#3542),#3695,.T.);
#3902=ADVANCED_FACE('',(#3543),#3696,.T.);
#3903=ADVANCED_FACE('',(#3544),#3697,.T.);
#3904=ADVANCED_FACE('',(#3545),#3698,.F.);
#3905=ADVANCED_FACE('',(#3546),#3699,.F.);
#3906=ADVANCED_FACE('',(#3547),#3700,.F.);
#3907=ADVANCED_FACE('',(#3548),#144,.T.);
#3908=ADVANCED_FACE('',(#3549),#145,.T.);
#3909=ADVANCED_FACE('',(#3550),#146,.T.);
#3910=CLOSED_SHELL('',(#3701,#3702,#3703,#3704,#3705,#3706,#3707,#3708,
#3709,#3710,#3711,#3712,#3713,#3714,#3715,#3716,#3717,#3718,#3719,#3720,
#3721,#3722,#3723,#3724,#3725,#3726,#3727,#3728,#3729,#3730,#3731,#3732,
#3733,#3734,#3735,#3736,#3737,#3738,#3739,#3740,#3741,#3742,#3743,#3744,
#3745,#3746,#3747,#3748,#3749,#3750,#3751,#3752,#3753,#3754,#3755,#3756,
#3757,#3758,#3759,#3760,#3761,#3762,#3763,#3764,#3765,#3766,#3767,#3768,
#3769,#3770,#3771,#3772,#3773,#3774,#3775,#3776,#3777,#3778,#3779,#3780,
#3781,#3782,#3783,#3784,#3785,#3786,#3787,#3788,#3789,#3790,#3791,#3792,
#3793,#3794));
#3911=CLOSED_SHELL('',(#3795,#3796,#3797,#3798,#3799,#3800,#3801,#3802,
#3803,#3804,#3805,#3806,#3807,#3808,#3809,#3810,#3811,#3812,#3813,#3814,
#3815,#3816,#3817,#3818,#3819,#3820,#3821,#3822,#3823,#3824,#3825,#3826));
#3912=CLOSED_SHELL('',(#3827,#3828,#3829,#3830,#3831,#3832,#3833,#3834,
#3835,#3836,#3837,#3838,#3839,#3840,#3841,#3842,#3843,#3844,#3845,#3846));
#3913=CLOSED_SHELL('',(#3847,#3848,#3849,#3850,#3851,#3852,#3853,#3854,
#3855,#3856,#3857,#3858,#3859,#3860,#3861,#3862,#3863,#3864,#3865,#3866,
#3867,#3868,#3869,#3870,#3871,#3872,#3873,#3874,#3875,#3876));
#3914=CLOSED_SHELL('',(#3877,#3878,#3879,#3880,#3881,#3882,#3883,#3884,
#3885,#3886,#3887,#3888,#3889,#3890,#3891,#3892,#3893,#3894,#3895,#3896,
#3897,#3898,#3899,#3900,#3901,#3902,#3903,#3904,#3905,#3906,#3907,#3908,
#3909));
#3915=STYLED_ITEM('',(#3920),#3952);
#3916=STYLED_ITEM('',(#3921),#3953);
#3917=STYLED_ITEM('',(#3922),#3954);
#3918=STYLED_ITEM('',(#3923),#3955);
#3919=STYLED_ITEM('',(#3924),#3956);
#3920=PRESENTATION_STYLE_ASSIGNMENT((#3925));
#3921=PRESENTATION_STYLE_ASSIGNMENT((#3926));
#3922=PRESENTATION_STYLE_ASSIGNMENT((#3927));
#3923=PRESENTATION_STYLE_ASSIGNMENT((#3928));
#3924=PRESENTATION_STYLE_ASSIGNMENT((#3929));
#3925=SURFACE_STYLE_USAGE(.BOTH.,#3930);
#3926=SURFACE_STYLE_USAGE(.BOTH.,#3931);
#3927=SURFACE_STYLE_USAGE(.BOTH.,#3932);
#3928=SURFACE_STYLE_USAGE(.BOTH.,#3933);
#3929=SURFACE_STYLE_USAGE(.BOTH.,#3934);
#3930=SURFACE_SIDE_STYLE('',(#3935));
#3931=SURFACE_SIDE_STYLE('',(#3936));
#3932=SURFACE_SIDE_STYLE('',(#3937));
#3933=SURFACE_SIDE_STYLE('',(#3938));
#3934=SURFACE_SIDE_STYLE('',(#3939));
#3935=SURFACE_STYLE_FILL_AREA(#3940);
#3936=SURFACE_STYLE_FILL_AREA(#3941);
#3937=SURFACE_STYLE_FILL_AREA(#3942);
#3938=SURFACE_STYLE_FILL_AREA(#3943);
#3939=SURFACE_STYLE_FILL_AREA(#3944);
#3940=FILL_AREA_STYLE('',(#3945));
#3941=FILL_AREA_STYLE('',(#3946));
#3942=FILL_AREA_STYLE('',(#3947));
#3943=FILL_AREA_STYLE('',(#3948));
#3944=FILL_AREA_STYLE('',(#3949));
#3945=FILL_AREA_STYLE_COLOUR('',#3950);
#3946=FILL_AREA_STYLE_COLOUR('',#3951);
#3947=FILL_AREA_STYLE_COLOUR('',#3950);
#3948=FILL_AREA_STYLE_COLOUR('',#3951);
#3949=FILL_AREA_STYLE_COLOUR('',#3950);
#3950=COLOUR_RGB('',0.569999992847443,0.569999992847443,0.569999992847443);
#3951=COLOUR_RGB('',0.699999988079071,0.699999988079071,0.699999988079071);
#3952=MANIFOLD_SOLID_BREP('',#3910);
#3953=MANIFOLD_SOLID_BREP('',#3911);
#3954=MANIFOLD_SOLID_BREP('',#3912);
#3955=MANIFOLD_SOLID_BREP('',#3913);
#3956=MANIFOLD_SOLID_BREP('',#3914);
#3957=SHAPE_DEFINITION_REPRESENTATION(#6674,#3965);
#3958=SHAPE_DEFINITION_REPRESENTATION(#6673,#3966);
#3959=SHAPE_DEFINITION_REPRESENTATION(#6676,#3967);
#3960=SHAPE_DEFINITION_REPRESENTATION(#6678,#3968);
#3961=SHAPE_DEFINITION_REPRESENTATION(#6672,#3969);
#3962=SHAPE_DEFINITION_REPRESENTATION(#6681,#3970);
#3963=SHAPE_DEFINITION_REPRESENTATION(#6683,#3971);
#3964=SHAPE_DEFINITION_REPRESENTATION(#6687,#3972);
#3965=SHAPE_REPRESENTATION('6914121200xxB',(#3973),#6655);
#3966=SHAPE_REPRESENTATION('6914121200xx_MODULE_COURT',(#3973,#4109,#4160,
#4190),#6654);
#3967=SHAPE_REPRESENTATION('6914121200xx',(#3973),#6656);
#3968=SHAPE_REPRESENTATION('6914121200xx_levier',(#3973),#6657);
#3969=SHAPE_REPRESENTATION('6914121200xxMB',(#3973,#4191,#4243,#4293,#4294,
#4295,#4296,#4297,#4298,#4299),#6653);
#3970=SHAPE_REPRESENTATION('6914121200xx_MODULE_LONG',(#3973,#4192,#4241,
#4242),#6658);
#3971=SHAPE_REPRESENTATION('6914121200xx_LONG',(#3973),#6659);
#3972=SHAPE_REPRESENTATION('6914121200xxB_CAPOT',(#3973),#6660);
#3973=AXIS2_PLACEMENT_3D('',#5359,#4300,#4301);
#3974=AXIS2_PLACEMENT_3D('',#5360,#4302,#4303);
#3975=AXIS2_PLACEMENT_3D('',#5369,#4308,#4309);
#3976=AXIS2_PLACEMENT_3D('',#5371,#4310,#4311);
#3977=AXIS2_PLACEMENT_3D('',#5373,#4312,#4313);
#3978=AXIS2_PLACEMENT_3D('',#5375,#4314,#4315);
#3979=AXIS2_PLACEMENT_3D('',#5377,#4316,#4317);
#3980=AXIS2_PLACEMENT_3D('',#5384,#4320,#4321);
#3981=AXIS2_PLACEMENT_3D('',#5388,#4323,#4324);
#3982=AXIS2_PLACEMENT_3D('',#5414,#4337,#4338);
#3983=AXIS2_PLACEMENT_3D('',#5421,#4342,#4343);
#3984=AXIS2_PLACEMENT_3D('',#5437,#4352,#4353);
#3985=AXIS2_PLACEMENT_3D('',#5440,#4355,#4356);
#3986=AXIS2_PLACEMENT_3D('',#5441,#4357,#4358);
#3987=AXIS2_PLACEMENT_3D('',#5449,#4359,#4360);
#3988=AXIS2_PLACEMENT_3D('',#5456,#4361,#4362);
#3989=AXIS2_PLACEMENT_3D('',#5464,#4367,#4368);
#3990=AXIS2_PLACEMENT_3D('',#5465,#4369,#4370);
#3991=AXIS2_PLACEMENT_3D('',#5487,#4376,#4377);
#3992=AXIS2_PLACEMENT_3D('',#5493,#4378,#4379);
#3993=AXIS2_PLACEMENT_3D('',#5506,#4384,#4385);
#3994=AXIS2_PLACEMENT_3D('',#5511,#4386,#4387);
#3995=AXIS2_PLACEMENT_3D('',#5516,#4388,#4389);
#3996=AXIS2_PLACEMENT_3D('',#5517,#4390,#4391);
#3997=AXIS2_PLACEMENT_3D('',#5526,#4392,#4393);
#3998=AXIS2_PLACEMENT_3D('',#5532,#4396,#4397);
#3999=AXIS2_PLACEMENT_3D('',#5534,#4399,#4400);
#4000=AXIS2_PLACEMENT_3D('',#5538,#4402,#4403);
#4001=AXIS2_PLACEMENT_3D('',#5541,#4405,#4406);
#4002=AXIS2_PLACEMENT_3D('',#5543,#4407,#4408);
#4003=AXIS2_PLACEMENT_3D('',#5553,#4413,#4414);
#4004=AXIS2_PLACEMENT_3D('',#5563,#4420,#4421);
#4005=AXIS2_PLACEMENT_3D('',#5567,#4424,#4425);
#4006=AXIS2_PLACEMENT_3D('',#5571,#4428,#4429);
#4007=AXIS2_PLACEMENT_3D('',#5572,#4430,#4431);
#4008=AXIS2_PLACEMENT_3D('',#5574,#4432,#4433);
#4009=AXIS2_PLACEMENT_3D('',#5584,#4438,#4439);
#4010=AXIS2_PLACEMENT_3D('',#5596,#4445,#4446);
#4011=AXIS2_PLACEMENT_3D('',#5607,#4452,#4453);
#4012=AXIS2_PLACEMENT_3D('',#5617,#4458,#4459);
#4013=AXIS2_PLACEMENT_3D('',#5618,#4460,#4461);
#4014=AXIS2_PLACEMENT_3D('',#5621,#4464,#4465);
#4015=AXIS2_PLACEMENT_3D('',#5623,#4467,#4468);
#4016=AXIS2_PLACEMENT_3D('',#5625,#4470,#4471);
#4017=AXIS2_PLACEMENT_3D('',#5627,#4473,#4474);
#4018=AXIS2_PLACEMENT_3D('',#5628,#4475,#4476);
#4019=AXIS2_PLACEMENT_3D('',#5645,#4487,#4488);
#4020=AXIS2_PLACEMENT_3D('',#5649,#4491,#4492);
#4021=AXIS2_PLACEMENT_3D('',#5653,#4495,#4496);
#4022=AXIS2_PLACEMENT_3D('',#5656,#4499,#4500);
#4023=AXIS2_PLACEMENT_3D('',#5659,#4502,#4503);
#4024=AXIS2_PLACEMENT_3D('',#5660,#4504,#4505);
#4025=AXIS2_PLACEMENT_3D('',#5661,#4506,#4507);
#4026=AXIS2_PLACEMENT_3D('',#5665,#4510,#4511);
#4027=AXIS2_PLACEMENT_3D('',#5669,#4514,#4515);
#4028=AXIS2_PLACEMENT_3D('',#5675,#4519,#4520);
#4029=AXIS2_PLACEMENT_3D('',#5679,#4523,#4524);
#4030=AXIS2_PLACEMENT_3D('',#5683,#4527,#4528);
#4031=AXIS2_PLACEMENT_3D('',#5686,#4530,#4531);
#4032=AXIS2_PLACEMENT_3D('',#5689,#4533,#4534);
#4033=AXIS2_PLACEMENT_3D('',#5693,#4537,#4538);
#4034=AXIS2_PLACEMENT_3D('',#5697,#4541,#4542);
#4035=AXIS2_PLACEMENT_3D('',#5699,#4544,#4545);
#4036=AXIS2_PLACEMENT_3D('',#5703,#4548,#4549);
#4037=AXIS2_PLACEMENT_3D('',#5706,#4551,#4552);
#4038=AXIS2_PLACEMENT_3D('',#5707,#4553,#4554);
#4039=AXIS2_PLACEMENT_3D('',#5711,#4557,#4558);
#4040=AXIS2_PLACEMENT_3D('',#5713,#4560,#4561);
#4041=AXIS2_PLACEMENT_3D('',#5717,#4564,#4565);
#4042=AXIS2_PLACEMENT_3D('',#5720,#4567,#4568);
#4043=AXIS2_PLACEMENT_3D('',#5721,#4569,#4570);
#4044=AXIS2_PLACEMENT_3D('',#5725,#4573,#4574);
#4045=AXIS2_PLACEMENT_3D('',#5726,#4575,#4576);
#4046=AXIS2_PLACEMENT_3D('',#5727,#4577,#4578);
#4047=AXIS2_PLACEMENT_3D('',#5733,#4582,#4583);
#4048=AXIS2_PLACEMENT_3D('',#5738,#4587,#4588);
#4049=AXIS2_PLACEMENT_3D('',#5740,#4590,#4591);
#4050=AXIS2_PLACEMENT_3D('',#5741,#4592,#4593);
#4051=AXIS2_PLACEMENT_3D('',#5745,#4596,#4597);
#4052=AXIS2_PLACEMENT_3D('',#5747,#4599,#4600);
#4053=AXIS2_PLACEMENT_3D('',#5751,#4602,#4603);
#4054=AXIS2_PLACEMENT_3D('',#5758,#4607,#4608);
#4055=AXIS2_PLACEMENT_3D('',#5759,#4609,#4610);
#4056=AXIS2_PLACEMENT_3D('',#5766,#4613,#4614);
#4057=AXIS2_PLACEMENT_3D('',#5771,#4617,#4618);
#4058=AXIS2_PLACEMENT_3D('',#5774,#4621,#4622);
#4059=AXIS2_PLACEMENT_3D('',#5776,#4624,#4625);
#4060=AXIS2_PLACEMENT_3D('',#5778,#4627,#4628);
#4061=AXIS2_PLACEMENT_3D('',#5780,#4630,#4631);
#4062=AXIS2_PLACEMENT_3D('',#5781,#4632,#4633);
#4063=AXIS2_PLACEMENT_3D('',#5782,#4634,#4635);
#4064=AXIS2_PLACEMENT_3D('',#5783,#4636,#4637);
#4065=AXIS2_PLACEMENT_3D('',#5784,#4638,#4639);
#4066=AXIS2_PLACEMENT_3D('',#5786,#4640,#4641);
#4067=AXIS2_PLACEMENT_3D('',#5787,#4642,#4643);
#4068=AXIS2_PLACEMENT_3D('',#5788,#4644,#4645);
#4069=AXIS2_PLACEMENT_3D('',#5790,#4646,#4647);
#4070=AXIS2_PLACEMENT_3D('',#5791,#4648,#4649);
#4071=AXIS2_PLACEMENT_3D('',#5792,#4650,#4651);
#4072=AXIS2_PLACEMENT_3D('',#5794,#4652,#4653);
#4073=AXIS2_PLACEMENT_3D('',#5795,#4654,#4655);
#4074=AXIS2_PLACEMENT_3D('',#5796,#4656,#4657);
#4075=AXIS2_PLACEMENT_3D('',#5798,#4658,#4659);
#4076=AXIS2_PLACEMENT_3D('',#5799,#4660,#4661);
#4077=AXIS2_PLACEMENT_3D('',#5800,#4662,#4663);
#4078=AXIS2_PLACEMENT_3D('',#5802,#4664,#4665);
#4079=AXIS2_PLACEMENT_3D('',#5803,#4666,#4667);
#4080=AXIS2_PLACEMENT_3D('',#5809,#4671,#4672);
#4081=AXIS2_PLACEMENT_3D('',#5813,#4675,#4676);
#4082=AXIS2_PLACEMENT_3D('',#5817,#4679,#4680);
#4083=AXIS2_PLACEMENT_3D('',#5819,#4682,#4683);
#4084=AXIS2_PLACEMENT_3D('',#5820,#4684,#4685);
#4085=AXIS2_PLACEMENT_3D('',#5859,#4686,#4687);
#4086=AXIS2_PLACEMENT_3D('',#5860,#4688,#4689);
#4087=AXIS2_PLACEMENT_3D('',#5862,#4690,#4691);
#4088=AXIS2_PLACEMENT_3D('',#5863,#4692,#4693);
#4089=AXIS2_PLACEMENT_3D('',#5864,#4694,#4695);
#4090=AXIS2_PLACEMENT_3D('',#5866,#4696,#4697);
#4091=AXIS2_PLACEMENT_3D('',#5867,#4698,#4699);
#4092=AXIS2_PLACEMENT_3D('',#5868,#4700,#4701);
#4093=AXIS2_PLACEMENT_3D('',#5870,#4702,#4703);
#4094=AXIS2_PLACEMENT_3D('',#5871,#4704,#4705);
#4095=AXIS2_PLACEMENT_3D('',#5872,#4706,#4707);
#4096=AXIS2_PLACEMENT_3D('',#5874,#4708,#4709);
#4097=AXIS2_PLACEMENT_3D('',#5875,#4710,#4711);
#4098=AXIS2_PLACEMENT_3D('',#5876,#4712,#4713);
#4099=AXIS2_PLACEMENT_3D('',#5878,#4714,#4715);
#4100=AXIS2_PLACEMENT_3D('',#5879,#4716,#4717);
#4101=AXIS2_PLACEMENT_3D('',#5885,#4721,#4722);
#4102=AXIS2_PLACEMENT_3D('',#5889,#4725,#4726);
#4103=AXIS2_PLACEMENT_3D('',#5893,#4729,#4730);
#4104=AXIS2_PLACEMENT_3D('',#5895,#4732,#4733);
#4105=AXIS2_PLACEMENT_3D('',#5899,#4736,#4737);
#4106=AXIS2_PLACEMENT_3D('',#5903,#4740,#4741);
#4107=AXIS2_PLACEMENT_3D('',#5905,#4743,#4744);
#4108=AXIS2_PLACEMENT_3D('',#5906,#4745,#4746);
#4109=AXIS2_PLACEMENT_3D('',#5907,#4747,#4748);
#4110=AXIS2_PLACEMENT_3D('',#5908,#4749,#4750);
#4111=AXIS2_PLACEMENT_3D('',#5917,#4755,#4756);
#4112=AXIS2_PLACEMENT_3D('',#5926,#4761,#4762);
#4113=AXIS2_PLACEMENT_3D('',#5935,#4767,#4768);
#4114=AXIS2_PLACEMENT_3D('',#5943,#4774,#4775);
#4115=AXIS2_PLACEMENT_3D('',#5951,#4781,#4782);
#4116=AXIS2_PLACEMENT_3D('',#5952,#4783,#4784);
#4117=AXIS2_PLACEMENT_3D('',#5960,#4788,#4789);
#4118=AXIS2_PLACEMENT_3D('',#5961,#4790,#4791);
#4119=AXIS2_PLACEMENT_3D('',#5967,#4795,#4796);
#4120=AXIS2_PLACEMENT_3D('',#5968,#4797,#4798);
#4121=AXIS2_PLACEMENT_3D('',#5973,#4801,#4802);
#4122=AXIS2_PLACEMENT_3D('',#5974,#4803,#4804);
#4123=AXIS2_PLACEMENT_3D('',#5976,#4806,#4807);
#4124=AXIS2_PLACEMENT_3D('',#5977,#4808,#4809);
#4125=AXIS2_PLACEMENT_3D('',#5979,#4811,#4812);
#4126=AXIS2_PLACEMENT_3D('',#5980,#4813,#4814);
#4127=AXIS2_PLACEMENT_3D('',#5981,#4815,#4816);
#4128=AXIS2_PLACEMENT_3D('',#5990,#4821,#4822);
#4129=AXIS2_PLACEMENT_3D('',#6000,#4828,#4829);
#4130=AXIS2_PLACEMENT_3D('',#6001,#4830,#4831);
#4131=AXIS2_PLACEMENT_3D('',#6003,#4832,#4833);
#4132=AXIS2_PLACEMENT_3D('',#6006,#4835,#4836);
#4133=AXIS2_PLACEMENT_3D('',#6007,#4837,#4838);
#4134=AXIS2_PLACEMENT_3D('',#6009,#4839,#4840);
#4135=AXIS2_PLACEMENT_3D('',#6012,#4842,#4843);
#4136=AXIS2_PLACEMENT_3D('',#6013,#4844,#4845);
#4137=AXIS2_PLACEMENT_3D('',#6015,#4846,#4847);
#4138=AXIS2_PLACEMENT_3D('',#6018,#4849,#4850);
#4139=AXIS2_PLACEMENT_3D('',#6019,#4851,#4852);
#4140=AXIS2_PLACEMENT_3D('',#6024,#4854,#4855);
#4141=AXIS2_PLACEMENT_3D('',#6027,#4857,#4858);
#4142=AXIS2_PLACEMENT_3D('',#6028,#4859,#4860);
#4143=AXIS2_PLACEMENT_3D('',#6030,#4861,#4862);
#4144=AXIS2_PLACEMENT_3D('',#6033,#4864,#4865);
#4145=AXIS2_PLACEMENT_3D('',#6034,#4866,#4867);
#4146=AXIS2_PLACEMENT_3D('',#6036,#4868,#4869);
#4147=AXIS2_PLACEMENT_3D('',#6039,#4871,#4872);
#4148=AXIS2_PLACEMENT_3D('',#6046,#4877,#4878);
#4149=AXIS2_PLACEMENT_3D('',#6050,#4881,#4882);
#4150=AXIS2_PLACEMENT_3D('',#6054,#4884,#4885);
#4151=AXIS2_PLACEMENT_3D('',#6057,#4887,#4888);
#4152=AXIS2_PLACEMENT_3D('',#6061,#4891,#4892);
#4153=AXIS2_PLACEMENT_3D('',#6063,#4894,#4895);
#4154=AXIS2_PLACEMENT_3D('',#6067,#4897,#4898);
#4155=AXIS2_PLACEMENT_3D('',#6070,#4900,#4901);
#4156=AXIS2_PLACEMENT_3D('',#6128,#4903,#4904);
#4157=AXIS2_PLACEMENT_3D('',#6129,#4905,#4906);
#4158=AXIS2_PLACEMENT_3D('',#6130,#4907,#4908);
#4159=AXIS2_PLACEMENT_3D('',#6131,#4909,#4910);
#4160=AXIS2_PLACEMENT_3D('',#6132,#4911,#4912);
#4161=AXIS2_PLACEMENT_3D('',#6133,#4913,#4914);
#4162=AXIS2_PLACEMENT_3D('',#6139,#4917,#4918);
#4163=AXIS2_PLACEMENT_3D('',#6150,#4924,#4925);
#4164=AXIS2_PLACEMENT_3D('',#6151,#4926,#4927);
#4165=AXIS2_PLACEMENT_3D('',#6154,#4928,#4929);
#4166=AXIS2_PLACEMENT_3D('',#6158,#4931,#4932);
#4167=AXIS2_PLACEMENT_3D('',#6166,#4937,#4938);
#4168=AXIS2_PLACEMENT_3D('',#6170,#4941,#4942);
#4169=AXIS2_PLACEMENT_3D('',#6177,#4946,#4947);
#4170=AXIS2_PLACEMENT_3D('',#6180,#4949,#4950);
#4171=AXIS2_PLACEMENT_3D('',#6195,#4958,#4959);
#4172=AXIS2_PLACEMENT_3D('',#6197,#4960,#4961);
#4173=AXIS2_PLACEMENT_3D('',#6198,#4962,#4963);
#4174=AXIS2_PLACEMENT_3D('',#6199,#4964,#4965);
#4175=AXIS2_PLACEMENT_3D('',#6200,#4966,#4967);
#4176=AXIS2_PLACEMENT_3D('',#6201,#4968,#4969);
#4177=AXIS2_PLACEMENT_3D('',#6213,#4971,#4972);
#4178=AXIS2_PLACEMENT_3D('',#6220,#4977,#4978);
#4179=AXIS2_PLACEMENT_3D('',#6224,#4981,#4982);
#4180=AXIS2_PLACEMENT_3D('',#6228,#4985,#4986);
#4181=AXIS2_PLACEMENT_3D('',#6232,#4989,#4990);
#4182=AXIS2_PLACEMENT_3D('',#6236,#4993,#4994);
#4183=AXIS2_PLACEMENT_3D('',#6238,#4996,#4997);
#4184=AXIS2_PLACEMENT_3D('',#6239,#4998,#4999);
#4185=AXIS2_PLACEMENT_3D('',#6241,#5001,#5002);
#4186=AXIS2_PLACEMENT_3D('',#6242,#5003,#5004);
#4187=AXIS2_PLACEMENT_3D('',#6244,#5006,#5007);
#4188=AXIS2_PLACEMENT_3D('',#6246,#5009,#5010);
#4189=AXIS2_PLACEMENT_3D('',#6248,#5012,#5013);
#4190=AXIS2_PLACEMENT_3D('',#6249,#5014,#5015);
#4191=AXIS2_PLACEMENT_3D('',#6250,#5016,#5017);
#4192=AXIS2_PLACEMENT_3D('',#6251,#5018,#5019);
#4193=AXIS2_PLACEMENT_3D('',#6252,#5020,#5021);
#4194=AXIS2_PLACEMENT_3D('',#6261,#5026,#5027);
#4195=AXIS2_PLACEMENT_3D('',#6270,#5032,#5033);
#4196=AXIS2_PLACEMENT_3D('',#6271,#5034,#5035);
#4197=AXIS2_PLACEMENT_3D('',#6280,#5039,#5040);
#4198=AXIS2_PLACEMENT_3D('',#6284,#5043,#5044);
#4199=AXIS2_PLACEMENT_3D('',#6290,#5048,#5049);
#4200=AXIS2_PLACEMENT_3D('',#6293,#5051,#5052);
#4201=AXIS2_PLACEMENT_3D('',#6298,#5055,#5056);
#4202=AXIS2_PLACEMENT_3D('',#6301,#5058,#5059);
#4203=AXIS2_PLACEMENT_3D('',#6304,#5062,#5063);
#4204=AXIS2_PLACEMENT_3D('',#6306,#5065,#5066);
#4205=AXIS2_PLACEMENT_3D('',#6307,#5067,#5068);
#4206=AXIS2_PLACEMENT_3D('',#6310,#5071,#5072);
#4207=AXIS2_PLACEMENT_3D('',#6312,#5074,#5075);
#4208=AXIS2_PLACEMENT_3D('',#6313,#5076,#5077);
#4209=AXIS2_PLACEMENT_3D('',#6314,#5078,#5079);
#4210=AXIS2_PLACEMENT_3D('',#6319,#5081,#5082);
#4211=AXIS2_PLACEMENT_3D('',#6322,#5084,#5085);
#4212=AXIS2_PLACEMENT_3D('',#6323,#5086,#5087);
#4213=AXIS2_PLACEMENT_3D('',#6328,#5089,#5090);
#4214=AXIS2_PLACEMENT_3D('',#6331,#5092,#5093);
#4215=AXIS2_PLACEMENT_3D('',#6332,#5094,#5095);
#4216=AXIS2_PLACEMENT_3D('',#6334,#5096,#5097);
#4217=AXIS2_PLACEMENT_3D('',#6337,#5099,#5100);
#4218=AXIS2_PLACEMENT_3D('',#6347,#5106,#5107);
#4219=AXIS2_PLACEMENT_3D('',#6353,#5111,#5112);
#4220=AXIS2_PLACEMENT_3D('',#6363,#5118,#5119);
#4221=AXIS2_PLACEMENT_3D('',#6364,#5120,#5121);
#4222=AXIS2_PLACEMENT_3D('',#6366,#5122,#5123);
#4223=AXIS2_PLACEMENT_3D('',#6369,#5125,#5126);
#4224=AXIS2_PLACEMENT_3D('',#6370,#5127,#5128);
#4225=AXIS2_PLACEMENT_3D('',#6371,#5129,#5130);
#4226=AXIS2_PLACEMENT_3D('',#6372,#5131,#5132);
#4227=AXIS2_PLACEMENT_3D('',#6373,#5133,#5134);
#4228=AXIS2_PLACEMENT_3D('',#6377,#5136,#5137);
#4229=AXIS2_PLACEMENT_3D('',#6378,#5138,#5139);
#4230=AXIS2_PLACEMENT_3D('',#6384,#5143,#5144);
#4231=AXIS2_PLACEMENT_3D('',#6386,#5146,#5147);
#4232=AXIS2_PLACEMENT_3D('',#6390,#5149,#5150);
#4233=AXIS2_PLACEMENT_3D('',#6393,#5152,#5153);
#4234=AXIS2_PLACEMENT_3D('',#6397,#5156,#5157);
#4235=AXIS2_PLACEMENT_3D('',#6399,#5159,#5160);
#4236=AXIS2_PLACEMENT_3D('',#6403,#5162,#5163);
#4237=AXIS2_PLACEMENT_3D('',#6460,#5164,#5165);
#4238=AXIS2_PLACEMENT_3D('',#6461,#5166,#5167);
#4239=AXIS2_PLACEMENT_3D('',#6462,#5168,#5169);
#4240=AXIS2_PLACEMENT_3D('',#6463,#5170,#5171);
#4241=AXIS2_PLACEMENT_3D('',#6464,#5172,#5173);
#4242=AXIS2_PLACEMENT_3D('',#6465,#5174,#5175);
#4243=AXIS2_PLACEMENT_3D('',#6466,#5176,#5177);
#4244=AXIS2_PLACEMENT_3D('',#6467,#5178,#5179);
#4245=AXIS2_PLACEMENT_3D('',#6471,#5181,#5182);
#4246=AXIS2_PLACEMENT_3D('',#6475,#5184,#5185);
#4247=AXIS2_PLACEMENT_3D('',#6501,#5198,#5199);
#4248=AXIS2_PLACEMENT_3D('',#6510,#5204,#5205);
#4249=AXIS2_PLACEMENT_3D('',#6512,#5206,#5207);
#4250=AXIS2_PLACEMENT_3D('',#6514,#5208,#5209);
#4251=AXIS2_PLACEMENT_3D('',#6516,#5210,#5211);
#4252=AXIS2_PLACEMENT_3D('',#6518,#5212,#5213);
#4253=AXIS2_PLACEMENT_3D('',#6528,#5218,#5219);
#4254=AXIS2_PLACEMENT_3D('',#6539,#5226,#5227);
#4255=AXIS2_PLACEMENT_3D('',#6540,#5228,#5229);
#4256=AXIS2_PLACEMENT_3D('',#6542,#5230,#5231);
#4257=AXIS2_PLACEMENT_3D('',#6547,#5233,#5234);
#4258=AXIS2_PLACEMENT_3D('',#6548,#5235,#5236);
#4259=AXIS2_PLACEMENT_3D('',#6574,#5249,#5250);
#4260=AXIS2_PLACEMENT_3D('',#6575,#5251,#5252);
#4261=AXIS2_PLACEMENT_3D('',#6577,#5253,#5254);
#4262=AXIS2_PLACEMENT_3D('',#6579,#5255,#5256);
#4263=AXIS2_PLACEMENT_3D('',#6581,#5257,#5258);
#4264=AXIS2_PLACEMENT_3D('',#6584,#5261,#5262);
#4265=AXIS2_PLACEMENT_3D('',#6587,#5265,#5266);
#4266=AXIS2_PLACEMENT_3D('',#6589,#5268,#5269);
#4267=AXIS2_PLACEMENT_3D('',#6591,#5271,#5272);
#4268=AXIS2_PLACEMENT_3D('',#6593,#5274,#5275);
#4269=AXIS2_PLACEMENT_3D('',#6595,#5277,#5278);
#4270=AXIS2_PLACEMENT_3D('',#6597,#5280,#5281);
#4271=AXIS2_PLACEMENT_3D('',#6599,#5283,#5284);
#4272=AXIS2_PLACEMENT_3D('',#6601,#5286,#5287);
#4273=AXIS2_PLACEMENT_3D('',#6603,#5289,#5290);
#4274=AXIS2_PLACEMENT_3D('',#6605,#5292,#5293);
#4275=AXIS2_PLACEMENT_3D('',#6607,#5295,#5296);
#4276=AXIS2_PLACEMENT_3D('',#6609,#5298,#5299);
#4277=AXIS2_PLACEMENT_3D('',#6610,#5300,#5301);
#4278=AXIS2_PLACEMENT_3D('',#6611,#5302,#5303);
#4279=AXIS2_PLACEMENT_3D('',#6612,#5304,#5305);
#4280=AXIS2_PLACEMENT_3D('',#6613,#5306,#5307);
#4281=AXIS2_PLACEMENT_3D('',#6614,#5308,#5309);
#4282=AXIS2_PLACEMENT_3D('',#6618,#5312,#5313);
#4283=AXIS2_PLACEMENT_3D('',#6622,#5316,#5317);
#4284=AXIS2_PLACEMENT_3D('',#6624,#5319,#5320);
#4285=AXIS2_PLACEMENT_3D('',#6630,#5324,#5325);
#4286=AXIS2_PLACEMENT_3D('',#6634,#5328,#5329);
#4287=AXIS2_PLACEMENT_3D('',#6638,#5332,#5333);
#4288=AXIS2_PLACEMENT_3D('',#6640,#5335,#5336);
#4289=AXIS2_PLACEMENT_3D('',#6641,#5337,#5338);
#4290=AXIS2_PLACEMENT_3D('',#6642,#5339,#5340);
#4291=AXIS2_PLACEMENT_3D('',#6643,#5341,#5342);
#4292=AXIS2_PLACEMENT_3D('',#6644,#5343,#5344);
#4293=AXIS2_PLACEMENT_3D('',#6645,#5345,#5346);
#4294=AXIS2_PLACEMENT_3D('',#6646,#5347,#5348);
#4295=AXIS2_PLACEMENT_3D('',#6647,#5349,#5350);
#4296=AXIS2_PLACEMENT_3D('',#6648,#5351,#5352);
#4297=AXIS2_PLACEMENT_3D('',#6649,#5353,#5354);
#4298=AXIS2_PLACEMENT_3D('',#6650,#5355,#5356);
#4299=AXIS2_PLACEMENT_3D('',#6651,#5357,#5358);
#4300=DIRECTION('',(0.,0.,1.));
#4301=DIRECTION('',(1.,0.,0.));
#4302=DIRECTION('',(-1.,0.,0.));
#4303=DIRECTION('',(0.,0.,1.));
#4304=DIRECTION('',(0.,0.,1.));
#4305=DIRECTION('',(0.,1.,0.));
#4306=DIRECTION('',(0.,1.23908819712629E-16,-1.));
#4307=DIRECTION('',(0.,-1.,-1.54886024640786E-16));
#4308=DIRECTION('',(-1.,0.,0.));
#4309=DIRECTION('',(0.,1.,0.));
#4310=DIRECTION('',(-1.,0.,0.));
#4311=DIRECTION('',(0.,1.,0.));
#4312=DIRECTION('',(-1.,0.,0.));
#4313=DIRECTION('',(0.,1.,0.));
#4314=DIRECTION('',(-1.,0.,0.));
#4315=DIRECTION('',(0.,1.,0.));
#4316=DIRECTION('',(-1.,0.,0.));
#4317=DIRECTION('',(0.,1.,0.));
#4318=DIRECTION('',(0.,-1.35525271560688E-16,1.));
#4319=DIRECTION('',(0.,1.,0.));
#4320=DIRECTION('',(-1.,0.,0.));
#4321=DIRECTION('',(0.,0.,1.));
#4322=DIRECTION('',(0.,0.699294155463731,0.714834025585148));
#4323=DIRECTION('',(-1.,0.,0.));
#4324=DIRECTION('',(0.,0.,1.));
#4325=DIRECTION('',(0.,0.,1.));
#4326=DIRECTION('',(0.,-1.,0.));
#4327=DIRECTION('',(0.,0.,-1.));
#4328=DIRECTION('',(0.,-1.,0.));
#4329=DIRECTION('',(0.,3.77113799125393E-15,1.));
#4330=DIRECTION('',(0.,-1.,0.));
#4331=DIRECTION('',(0.,0.,-1.));
#4332=DIRECTION('',(0.,1.,0.));
#4333=DIRECTION('',(0.,0.,-1.));
#4334=DIRECTION('',(0.,-1.,0.));
#4335=DIRECTION('',(0.,0.,-1.));
#4336=DIRECTION('',(0.,0.485642931178633,-0.874157276121537));
#4337=DIRECTION('',(-1.,0.,0.));
#4338=DIRECTION('',(0.,0.,1.));
#4339=DIRECTION('',(0.,1.,0.));
#4340=DIRECTION('',(0.,0.,-1.));
#4341=DIRECTION('',(0.,-1.,0.));
#4342=DIRECTION('',(0.,0.,1.));
#4343=DIRECTION('',(1.,0.,0.));
#4344=DIRECTION('',(1.,0.,0.));
#4345=DIRECTION('',(0.,1.,0.));
#4346=DIRECTION('',(1.,0.,0.));
#4347=DIRECTION('',(-1.,0.,0.));
#4348=DIRECTION('',(0.,1.,2.98195924977377E-16));
#4349=DIRECTION('',(-1.,0.,0.));
#4350=DIRECTION('',(0.,1.,0.));
#4351=DIRECTION('',(-1.,0.,0.));
#4352=DIRECTION('',(0.,0.,1.));
#4353=DIRECTION('',(0.,-1.,0.));
#4354=DIRECTION('',(-1.,0.,0.));
#4355=DIRECTION('',(0.,-0.714834025585148,0.699294155463731));
#4356=DIRECTION('',(0.,-0.699294155463731,-0.714834025585148));
#4357=DIRECTION('',(0.,-0.714834025585148,0.699294155463731));
#4358=DIRECTION('',(0.,0.699294155463731,0.714834025585148));
#4359=DIRECTION('',(0.,0.714834025585148,-0.699294155463731));
#4360=DIRECTION('',(1.,0.,0.));
#4361=DIRECTION('',(0.,-0.714834025585148,0.699294155463731));
#4362=DIRECTION('',(0.,0.699294155463731,0.714834025585148));
#4363=DIRECTION('',(-1.,0.,0.));
#4364=DIRECTION('',(0.,0.699294155463731,0.714834025585148));
#4365=DIRECTION('',(-1.,0.,0.));
#4366=DIRECTION('',(-1.,0.,0.));
#4367=DIRECTION('',(0.,-0.367203006929352,0.93014082358643));
#4368=DIRECTION('',(0.,-0.93014082358643,-0.367203006929352));
#4369=DIRECTION('',(0.,-0.367203006929352,0.93014082358643));
#4370=DIRECTION('',(0.,-0.93014082358643,-0.367203006929352));
#4371=DIRECTION('',(-1.,0.,0.));
#4372=DIRECTION('',(0.,0.93014082358643,0.367203006929352));
#4373=DIRECTION('',(-1.,0.,0.));
#4374=DIRECTION('',(0.,0.93014082358643,0.367203006929352));
#4375=DIRECTION('',(-1.,0.,0.));
#4376=DIRECTION('',(0.,-0.707106781186548,0.707106781186548));
#4377=DIRECTION('',(0.,-0.707106781186548,-0.707106781186548));
#4378=DIRECTION('',(0.,-0.707106781186548,0.707106781186548));
#4379=DIRECTION('',(0.,0.707106781186548,0.707106781186548));
#4380=DIRECTION('',(0.,0.707106781186548,0.707106781186548));
#4381=DIRECTION('',(-1.,0.,0.));
#4382=DIRECTION('',(-1.,0.,0.));
#4383=DIRECTION('',(0.,0.707106781186548,0.707106781186548));
#4384=DIRECTION('',(-1.,0.,0.));
#4385=DIRECTION('',(0.,0.,1.));
#4386=DIRECTION('',(-1.,0.,0.));
#4387=DIRECTION('',(0.,0.,1.));
#4388=DIRECTION('',(-1.,0.,0.));
#4389=DIRECTION('',(0.,0.,1.));
#4390=DIRECTION('',(0.,-0.714834025585148,0.699294155463731));
#4391=DIRECTION('',(0.,-0.699294155463731,-0.714834025585148));
#4392=DIRECTION('',(-1.,0.,0.));
#4393=DIRECTION('',(0.,0.,1.));
#4394=DIRECTION('',(0.,-1.,0.));
#4395=DIRECTION('',(0.,0.,1.));
#4396=DIRECTION('',(-1.,0.,0.));
#4397=DIRECTION('',(0.,0.,1.));
#4398=DIRECTION('',(0.,3.7021537597066E-16,1.));
#4399=DIRECTION('',(-1.,0.,0.));
#4400=DIRECTION('',(0.,1.,0.));
#4401=DIRECTION('',(0.,-1.,0.));
#4402=DIRECTION('',(1.,0.,0.));
#4403=DIRECTION('',(0.,-1.,0.));
#4404=DIRECTION('',(0.,0.,1.));
#4405=DIRECTION('',(-1.,0.,0.));
#4406=DIRECTION('',(0.,0.,1.));
#4407=DIRECTION('',(-1.,0.,0.));
#4408=DIRECTION('',(0.,0.,1.));
#4409=DIRECTION('',(0.,1.,0.));
#4410=DIRECTION('',(0.,3.61400724161835E-17,1.));
#4411=DIRECTION('',(0.,-1.,0.));
#4412=DIRECTION('',(0.,0.,-1.));
#4413=DIRECTION('',(0.,1.,0.));
#4414=DIRECTION('',(0.,0.,1.));
#4415=DIRECTION('',(-1.,0.,0.));
#4416=DIRECTION('',(0.,0.,-1.));
#4417=DIRECTION('',(-1.,0.,0.));
#4418=DIRECTION('',(0.,0.,-1.));
#4419=DIRECTION('',(-1.,0.,0.));
#4420=DIRECTION('',(0.,0.,-1.));
#4421=DIRECTION('',(-1.,0.,0.));
#4422=DIRECTION('',(-1.,0.,0.));
#4423=DIRECTION('',(0.,1.,0.));
#4424=DIRECTION('',(0.,-1.,3.77113799125393E-15));
#4425=DIRECTION('',(0.,-3.77113799125393E-15,-1.));
#4426=DIRECTION('',(-1.,0.,0.));
#4427=DIRECTION('',(0.,0.,-1.));
#4428=DIRECTION('',(-1.,0.,0.));
#4429=DIRECTION('',(0.,0.,1.));
#4430=DIRECTION('',(-1.,0.,0.));
#4431=DIRECTION('',(0.,0.,1.));
#4432=DIRECTION('',(-1.,0.,0.));
#4433=DIRECTION('',(0.,0.,1.));
#4434=DIRECTION('',(0.,-1.,0.));
#4435=DIRECTION('',(0.,0.,-1.));
#4436=DIRECTION('',(0.,-0.752576694706877,0.658504607868519));
#4437=DIRECTION('',(0.,0.,-1.));
#4438=DIRECTION('',(1.,0.,0.));
#4439=DIRECTION('',(0.,-1.,0.));
#4440=DIRECTION('',(0.,0.,-1.));
#4441=DIRECTION('',(0.,1.,0.));
#4442=DIRECTION('',(0.,-2.16840434497101E-16,-1.));
#4443=DIRECTION('',(0.,-1.,0.));
#4444=DIRECTION('',(0.,0.,-1.));
#4445=DIRECTION('',(-1.,0.,0.));
#4446=DIRECTION('',(0.,0.,1.));
#4447=DIRECTION('',(0.,0.485642931178633,-0.874157276121537));
#4448=DIRECTION('',(0.,0.,-1.));
#4449=DIRECTION('',(0.,-1.,0.));
#4450=DIRECTION('',(0.,0.,-1.));
#4451=DIRECTION('',(0.,1.,0.));
#4452=DIRECTION('',(-1.,0.,0.));
#4453=DIRECTION('',(0.,0.,1.));
#4454=DIRECTION('',(0.,0.,1.));
#4455=DIRECTION('',(0.,-1.,0.));
#4456=DIRECTION('',(0.,0.,-1.));
#4457=DIRECTION('',(0.,-1.,0.));
#4458=DIRECTION('',(1.,0.,0.));
#4459=DIRECTION('',(0.,-1.,0.));
#4460=DIRECTION('',(0.,0.874157276121537,0.485642931178633));
#4461=DIRECTION('',(0.,-0.485642931178633,0.874157276121538));
#4462=DIRECTION('',(-1.,0.,0.));
#4463=DIRECTION('',(-1.,0.,0.));
#4464=DIRECTION('',(0.,1.,0.));
#4465=DIRECTION('',(0.,0.,1.));
#4466=DIRECTION('',(-1.,0.,0.));
#4467=DIRECTION('',(0.,0.,-1.));
#4468=DIRECTION('',(-1.,0.,0.));
#4469=DIRECTION('',(-1.,0.,0.));
#4470=DIRECTION('',(0.,1.,0.));
#4471=DIRECTION('',(0.,0.,1.));
#4472=DIRECTION('',(-1.,0.,0.));
#4473=DIRECTION('',(0.,0.,1.));
#4474=DIRECTION('',(1.,0.,0.));
#4475=DIRECTION('',(0.,0.,-1.));
#4476=DIRECTION('',(-1.,0.,0.));
#4477=DIRECTION('',(0.,-1.,0.));
#4478=DIRECTION('',(-1.,0.,0.));
#4479=DIRECTION('',(0.,1.,0.));
#4480=DIRECTION('',(-1.,0.,0.));
#4481=DIRECTION('',(-1.35525271560688E-16,-1.,0.));
#4482=DIRECTION('',(-1.,0.,0.));
#4483=DIRECTION('',(-1.,0.,0.));
#4484=DIRECTION('',(0.,-1.,0.));
#4485=DIRECTION('',(-1.,0.,0.));
#4486=DIRECTION('',(-1.,0.,0.));
#4487=DIRECTION('',(0.,1.,0.));
#4488=DIRECTION('',(0.,0.,1.));
#4489=DIRECTION('',(0.,0.,-1.));
#4490=DIRECTION('',(-1.,0.,0.));
#4491=DIRECTION('',(0.,0.,-1.));
#4492=DIRECTION('',(-1.,0.,0.));
#4493=DIRECTION('',(-1.35525271560688E-16,-1.,0.));
#4494=DIRECTION('',(-1.,0.,0.));
#4495=DIRECTION('',(0.,-1.,0.));
#4496=DIRECTION('',(0.,0.,-1.));
#4497=DIRECTION('',(0.,0.,-1.));
#4498=DIRECTION('',(-1.,0.,0.));
#4499=DIRECTION('',(-1.,0.,0.));
#4500=DIRECTION('',(0.,0.,1.));
#4501=DIRECTION('',(-1.,0.,0.));
#4502=DIRECTION('',(-1.,0.,0.));
#4503=DIRECTION('',(0.,-1.,0.));
#4504=DIRECTION('',(-1.,0.,0.));
#4505=DIRECTION('',(0.,0.,1.));
#4506=DIRECTION('',(0.,1.,0.));
#4507=DIRECTION('',(0.,0.,1.));
#4508=DIRECTION('',(-1.,0.,0.));
#4509=DIRECTION('',(0.,0.,-1.));
#4510=DIRECTION('',(0.,0.,-1.));
#4511=DIRECTION('',(-1.,0.,0.));
#4512=DIRECTION('',(-1.,0.,0.));
#4513=DIRECTION('',(0.,-1.,8.26058798084193E-16));
#4514=DIRECTION('',(0.,1.,-2.16840434497101E-16));
#4515=DIRECTION('',(0.,2.16840434497101E-16,1.));
#4516=DIRECTION('',(-1.,0.,0.));
#4517=DIRECTION('',(-1.,0.,0.));
#4518=DIRECTION('',(0.,-2.16840434497101E-16,-1.));
#4519=DIRECTION('',(0.,0.,1.));
#4520=DIRECTION('',(1.,0.,0.));
#4521=DIRECTION('',(-1.,0.,0.));
#4522=DIRECTION('',(0.,1.,0.));
#4523=DIRECTION('',(0.,1.,0.));
#4524=DIRECTION('',(0.,0.,1.));
#4525=DIRECTION('',(-1.,0.,0.));
#4526=DIRECTION('',(0.,0.,-1.));
#4527=DIRECTION('',(-1.,0.,0.));
#4528=DIRECTION('',(0.,0.,1.));
#4529=DIRECTION('',(-1.,0.,0.));
#4530=DIRECTION('',(1.,0.,0.));
#4531=DIRECTION('',(0.,-1.,0.));
#4532=DIRECTION('',(-1.,0.,0.));
#4533=DIRECTION('',(0.,1.,0.));
#4534=DIRECTION('',(0.,0.,1.));
#4535=DIRECTION('',(-1.,0.,0.));
#4536=DIRECTION('',(0.,-2.61253535538676E-16,-1.));
#4537=DIRECTION('',(0.,-0.658504607868519,-0.752576694706877));
#4538=DIRECTION('',(0.,0.752576694706877,-0.658504607868519));
#4539=DIRECTION('',(-1.,0.,0.));
#4540=DIRECTION('',(0.,-0.752576694706877,0.658504607868519));
#4541=DIRECTION('',(0.,1.,0.));
#4542=DIRECTION('',(0.,0.,1.));
#4543=DIRECTION('',(0.,0.,-1.));
#4544=DIRECTION('',(0.,-1.,0.));
#4545=DIRECTION('',(0.,0.,-1.));
#4546=DIRECTION('',(-1.,0.,0.));
#4547=DIRECTION('',(0.,0.,1.));
#4548=DIRECTION('',(-1.,0.,0.));
#4549=DIRECTION('',(0.,0.,1.));
#4550=DIRECTION('',(-1.,0.,0.));
#4551=DIRECTION('',(1.,0.,0.));
#4552=DIRECTION('',(0.,-1.,0.));
#4553=DIRECTION('',(0.,0.,-1.));
#4554=DIRECTION('',(-1.,0.,0.));
#4555=DIRECTION('',(-1.,0.,0.));
#4556=DIRECTION('',(0.,-1.,-1.12644381556936E-16));
#4557=DIRECTION('',(0.,1.,0.));
#4558=DIRECTION('',(0.,0.,1.));
#4559=DIRECTION('',(0.,0.,-1.));
#4560=DIRECTION('',(0.,-1.,0.));
#4561=DIRECTION('',(0.,0.,-1.));
#4562=DIRECTION('',(-1.,0.,0.));
#4563=DIRECTION('',(0.,1.97127667724637E-16,1.));
#4564=DIRECTION('',(-1.,0.,0.));
#4565=DIRECTION('',(0.,0.,1.));
#4566=DIRECTION('',(-1.,0.,0.));
#4567=DIRECTION('',(1.,0.,0.));
#4568=DIRECTION('',(0.,-1.,0.));
#4569=DIRECTION('',(0.,0.,-1.));
#4570=DIRECTION('',(-1.,0.,0.));
#4571=DIRECTION('',(-1.,0.,0.));
#4572=DIRECTION('',(0.,-1.,-6.19544098563146E-16));
#4573=DIRECTION('',(-1.,0.,0.));
#4574=DIRECTION('',(0.,0.,1.));
#4575=DIRECTION('',(-1.,0.,0.));
#4576=DIRECTION('',(0.,1.,0.));
#4577=DIRECTION('',(0.,-1.,3.7021537597066E-16));
#4578=DIRECTION('',(0.,-3.7021537597066E-16,-1.));
#4579=DIRECTION('',(0.,2.93027614185271E-16,1.));
#4580=DIRECTION('',(-1.,0.,0.));
#4581=DIRECTION('',(0.,3.7021537597066E-16,1.));
#4582=DIRECTION('',(1.,0.,0.));
#4583=DIRECTION('',(0.,0.,-1.));
#4584=DIRECTION('',(0.,0.,1.));
#4585=DIRECTION('',(0.,0.785269165627778,-0.619154534437287));
#4586=DIRECTION('',(0.,-0.93157761948506,0.363542485652706));
#4587=DIRECTION('',(0.,-0.363542485652706,-0.93157761948506));
#4588=DIRECTION('',(0.,0.93157761948506,-0.363542485652706));
#4589=DIRECTION('',(0.,-0.93157761948506,0.363542485652706));
#4590=DIRECTION('',(-1.,0.,0.));
#4591=DIRECTION('',(0.,0.,1.));
#4592=DIRECTION('',(0.,0.619154534437287,0.785269165627778));
#4593=DIRECTION('',(0.,-0.785269165627778,0.619154534437287));
#4594=DIRECTION('',(-1.,0.,0.));
#4595=DIRECTION('',(0.,0.785269165627778,-0.619154534437287));
#4596=DIRECTION('',(0.,-1.,0.));
#4597=DIRECTION('',(0.,0.,-1.));
#4598=DIRECTION('',(0.,0.,1.));
#4599=DIRECTION('',(1.,0.,0.));
#4600=DIRECTION('',(0.,0.,-1.));
#4601=DIRECTION('',(0.,-1.,1.60622544071927E-16));
#4602=DIRECTION('',(1.,0.,0.));
#4603=DIRECTION('',(0.,1.,0.));
#4604=DIRECTION('',(0.,1.,-3.40141858034668E-16));
#4605=DIRECTION('',(0.,9.29316147844718E-16,1.));
#4606=DIRECTION('',(0.,-0.959568981650145,0.28147356795071));
#4607=DIRECTION('',(-1.,0.,0.));
#4608=DIRECTION('',(0.,0.,1.));
#4609=DIRECTION('',(-1.,0.,0.));
#4610=DIRECTION('',(0.,0.,1.));
#4611=DIRECTION('',(0.,6.19544098563145E-16,1.));
#4612=DIRECTION('',(0.,1.,-8.5035464508667E-17));
#4613=DIRECTION('',(1.,0.,0.));
#4614=DIRECTION('',(0.,1.,0.));
#4615=DIRECTION('',(0.,-1.,1.60622544071927E-16));
#4616=DIRECTION('',(0.,-0.959568981650146,0.28147356795071));
#4617=DIRECTION('',(0.,-0.28147356795071,-0.959568981650145));
#4618=DIRECTION('',(0.,0.959568981650145,-0.28147356795071));
#4619=DIRECTION('',(-1.,0.,0.));
#4620=DIRECTION('',(-1.,0.,0.));
#4621=DIRECTION('',(0.,-1.,6.19544098563145E-16));
#4622=DIRECTION('',(0.,-6.19544098563145E-16,-1.));
#4623=DIRECTION('',(-1.,0.,0.));
#4624=DIRECTION('',(0.,8.5035464508667E-17,1.));
#4625=DIRECTION('',(0.,-1.,8.5035464508667E-17));
#4626=DIRECTION('',(-1.,0.,0.));
#4627=DIRECTION('',(-1.,0.,0.));
#4628=DIRECTION('',(0.,0.,1.));
#4629=DIRECTION('',(-1.,0.,0.));
#4630=DIRECTION('',(0.,-1.60622544071927E-16,-1.));
#4631=DIRECTION('',(0.,1.,-1.60622544071927E-16));
#4632=DIRECTION('',(-1.,0.,0.));
#4633=DIRECTION('',(0.,0.,1.));
#4634=DIRECTION('',(1.,-1.35525271560688E-16,0.));
#4635=DIRECTION('',(1.35525271560688E-16,1.,0.));
#4636=DIRECTION('',(1.,0.,0.));
#4637=DIRECTION('',(0.,0.,-1.));
#4638=DIRECTION('',(1.,0.,0.));
#4639=DIRECTION('',(0.,-1.,0.));
#4640=DIRECTION('',(1.,0.,0.));
#4641=DIRECTION('',(0.,0.,-1.));
#4642=DIRECTION('',(1.,0.,0.));
#4643=DIRECTION('',(0.,0.,-1.));
#4644=DIRECTION('',(1.,0.,0.));
#4645=DIRECTION('',(0.,-1.,0.));
#4646=DIRECTION('',(1.,0.,0.));
#4647=DIRECTION('',(0.,0.,-1.));
#4648=DIRECTION('',(1.,0.,0.));
#4649=DIRECTION('',(0.,0.,-1.));
#4650=DIRECTION('',(1.,0.,0.));
#4651=DIRECTION('',(0.,-1.,0.));
#4652=DIRECTION('',(1.,0.,0.));
#4653=DIRECTION('',(0.,0.,-1.));
#4654=DIRECTION('',(1.,0.,0.));
#4655=DIRECTION('',(0.,0.,-1.));
#4656=DIRECTION('',(1.,0.,0.));
#4657=DIRECTION('',(0.,-1.,0.));
#4658=DIRECTION('',(1.,0.,0.));
#4659=DIRECTION('',(0.,0.,-1.));
#4660=DIRECTION('',(1.,0.,0.));
#4661=DIRECTION('',(0.,0.,-1.));
#4662=DIRECTION('',(1.,0.,0.));
#4663=DIRECTION('',(0.,-1.,0.));
#4664=DIRECTION('',(1.,0.,0.));
#4665=DIRECTION('',(0.,0.,-1.));
#4666=DIRECTION('',(0.,-1.,3.61400724161835E-17));
#4667=DIRECTION('',(0.,-3.61400724161835E-17,-1.));
#4668=DIRECTION('',(-1.,0.,0.));
#4669=DIRECTION('',(0.,3.61400724161835E-17,1.));
#4670=DIRECTION('',(-1.,0.,0.));
#4671=DIRECTION('',(0.,0.,-1.));
#4672=DIRECTION('',(-1.,0.,0.));
#4673=DIRECTION('',(0.,-1.,0.));
#4674=DIRECTION('',(-1.,0.,0.));
#4675=DIRECTION('',(0.,1.,0.));
#4676=DIRECTION('',(0.,0.,1.));
#4677=DIRECTION('',(0.,0.,-1.));
#4678=DIRECTION('',(-1.,0.,0.));
#4679=DIRECTION('',(0.,0.,1.));
#4680=DIRECTION('',(1.,0.,0.));
#4681=DIRECTION('',(0.,1.,0.));
#4682=DIRECTION('',(1.,0.,0.));
#4683=DIRECTION('',(0.,0.,-1.));
#4684=DIRECTION('',(0.,-0.342020143325669,0.939692620785908));
#4685=DIRECTION('',(0.,-0.939692620785908,-0.342020143325669));
#4686=DIRECTION('',(1.,0.,0.));
#4687=DIRECTION('',(0.,0.,-1.));
#4688=DIRECTION('',(-1.,0.,0.));
#4689=DIRECTION('',(0.,1.,0.));
#4690=DIRECTION('',(-1.,0.,0.));
#4691=DIRECTION('',(0.,0.,1.));
#4692=DIRECTION('',(1.,0.,0.));
#4693=DIRECTION('',(0.,0.,-1.));
#4694=DIRECTION('',(-1.,0.,0.));
#4695=DIRECTION('',(0.,1.,0.));
#4696=DIRECTION('',(-1.,0.,0.));
#4697=DIRECTION('',(0.,0.,1.));
#4698=DIRECTION('',(1.,0.,0.));
#4699=DIRECTION('',(0.,0.,-1.));
#4700=DIRECTION('',(-1.,0.,0.));
#4701=DIRECTION('',(0.,1.,0.));
#4702=DIRECTION('',(-1.,0.,0.));
#4703=DIRECTION('',(0.,0.,1.));
#4704=DIRECTION('',(1.,0.,0.));
#4705=DIRECTION('',(0.,0.,-1.));
#4706=DIRECTION('',(-1.,0.,0.));
#4707=DIRECTION('',(0.,1.,0.));
#4708=DIRECTION('',(-1.,0.,0.));
#4709=DIRECTION('',(0.,0.,1.));
#4710=DIRECTION('',(1.,0.,0.));
#4711=DIRECTION('',(0.,0.,-1.));
#4712=DIRECTION('',(-1.,0.,0.));
#4713=DIRECTION('',(0.,1.,0.));
#4714=DIRECTION('',(-1.,0.,0.));
#4715=DIRECTION('',(0.,0.,1.));
#4716=DIRECTION('',(0.,1.,0.));
#4717=DIRECTION('',(0.,0.,1.));
#4718=DIRECTION('',(-0.707106781186548,0.,0.707106781186547));
#4719=DIRECTION('',(0.,0.,1.));
#4720=DIRECTION('',(1.,0.,0.));
#4721=DIRECTION('',(0.,0.,-1.));
#4722=DIRECTION('',(-1.,0.,0.));
#4723=DIRECTION('',(0.,1.,0.));
#4724=DIRECTION('',(1.,0.,0.));
#4725=DIRECTION('',(0.,-1.,-1.23908819712629E-16));
#4726=DIRECTION('',(0.,1.23908819712629E-16,-1.));
#4727=DIRECTION('',(0.,1.23908819712629E-16,-1.));
#4728=DIRECTION('',(0.707106781186548,8.76167666676214E-17,-0.707106781186547));
#4729=DIRECTION('',(-1.,0.,0.));
#4730=DIRECTION('',(0.,0.,1.));
#4731=DIRECTION('',(0.,1.,1.54886024640786E-16));
#4732=DIRECTION('',(0.,1.,1.35525271560688E-16));
#4733=DIRECTION('',(0.,-1.35525271560688E-16,1.));
#4734=DIRECTION('',(-0.554700196225229,-1.12763842092287E-16,0.832050294337844));
#4735=DIRECTION('',(0.,-1.35525271560688E-16,1.));
#4736=DIRECTION('',(0.,-1.,0.));
#4737=DIRECTION('',(0.,0.,-1.));
#4738=DIRECTION('',(0.,0.,-1.));
#4739=DIRECTION('',(0.554700196225229,0.,-0.832050294337844));
#4740=DIRECTION('',(-1.,0.,0.));
#4741=DIRECTION('',(0.,0.,1.));
#4742=DIRECTION('',(0.,1.,0.));
#4743=DIRECTION('',(-0.707106781186547,1.09520958334527E-16,-0.707106781186548));
#4744=DIRECTION('',(0.,-1.,-1.54886024640786E-16));
#4745=DIRECTION('',(-0.832050294337844,0.,-0.554700196225229));
#4746=DIRECTION('',(0.,-1.,0.));
#4747=DIRECTION('',(0.,0.,1.));
#4748=DIRECTION('',(1.,0.,0.));
#4749=DIRECTION('',(-1.27553196763E-16,0.956304755963035,0.292371704722737));
#4750=DIRECTION('',(0.,-0.292371704722737,0.956304755963035));
#4751=DIRECTION('',(1.,1.21979728702746E-16,3.72929455804331E-17));
#4752=DIRECTION('',(1.72563323017096E-31,0.292371704722737,-0.956304755963035));
#4753=DIRECTION('',(-1.,-1.21979728702746E-16,-3.72929455804331E-17));
#4754=DIRECTION('',(0.,-0.292371704722737,0.956304755963035));
#4755=DIRECTION('',(-1.27553196763E-16,0.956304755963035,0.292371704722737));
#4756=DIRECTION('',(0.,-0.292371704722737,0.956304755963035));
#4757=DIRECTION('',(-1.,-1.21979728702746E-16,-3.72929455804331E-17));
#4758=DIRECTION('',(1.72563323017096E-31,0.292371704722737,-0.956304755963035));
#4759=DIRECTION('',(1.,1.21979728702746E-16,3.72929455804331E-17));
#4760=DIRECTION('',(0.,-0.292371704722737,0.956304755963035));
#4761=DIRECTION('',(0.,-0.956304755963035,-0.292371704722737));
#4762=DIRECTION('',(-1.,0.,0.));
#4763=DIRECTION('',(1.,0.,0.));
#4764=DIRECTION('',(0.,-0.292371704722737,0.956304755963035));
#4765=DIRECTION('',(-1.,0.,0.));
#4766=DIRECTION('',(0.,0.292371704722737,-0.956304755963035));
#4767=DIRECTION('',(0.,0.292371704722737,-0.956304755963035));
#4768=DIRECTION('',(0.,0.956304755963035,0.292371704722737));
#4769=DIRECTION('',(0.,0.956304755963035,0.292371704722737));
#4770=DIRECTION('',(0.,0.956304755963035,0.292371704722737));
#4771=DIRECTION('',(1.,0.,0.));
#4772=DIRECTION('',(0.,0.956304755963035,0.292371704722737));
#4773=DIRECTION('',(-1.,4.85573589541853E-16,1.48454744428959E-16));
#4774=DIRECTION('',(0.,0.292371704722737,-0.956304755963035));
#4775=DIRECTION('',(0.,0.956304755963035,0.292371704722737));
#4776=DIRECTION('',(0.,-0.956304755963035,-0.292371704722737));
#4777=DIRECTION('',(1.,-6.96501465802253E-16,-2.12941867776679E-16));
#4778=DIRECTION('',(0.,-0.956304755963035,-0.292371704722737));
#4779=DIRECTION('',(-1.,0.,0.));
#4780=DIRECTION('',(0.,-0.956304755963035,-0.292371704722737));
#4781=DIRECTION('',(1.,0.,0.));
#4782=DIRECTION('',(0.,1.,0.));
#4783=DIRECTION('',(1.,0.,0.));
#4784=DIRECTION('',(0.,1.,0.));
#4785=DIRECTION('',(0.,1.,0.));
#4786=DIRECTION('',(0.,0.,1.));
#4787=DIRECTION('',(0.,1.,0.));
#4788=DIRECTION('',(-1.,0.,0.));
#4789=DIRECTION('',(0.,0.,1.));
#4790=DIRECTION('',(0.,1.,0.));
#4791=DIRECTION('',(-1.,0.,0.));
#4792=DIRECTION('',(0.,0.,1.));
#4793=DIRECTION('',(1.,0.,0.));
#4794=DIRECTION('',(-1.,0.,0.));
#4795=DIRECTION('',(1.,0.,0.));
#4796=DIRECTION('',(0.,-0.956304755963035,-0.292371704722737));
#4797=DIRECTION('',(-1.,0.,0.));
#4798=DIRECTION('',(0.,0.,1.));
#4799=DIRECTION('',(0.,1.,0.));
#4800=DIRECTION('',(0.,1.,0.));
#4801=DIRECTION('',(1.,0.,0.));
#4802=DIRECTION('',(0.,1.,0.));
#4803=DIRECTION('',(-1.,0.,0.));
#4804=DIRECTION('',(0.,0.,1.));
#4805=DIRECTION('',(-1.,0.,0.));
#4806=DIRECTION('',(0.,0.,1.));
#4807=DIRECTION('',(1.,0.,0.));
#4808=DIRECTION('',(-1.,0.,0.));
#4809=DIRECTION('',(0.,0.,1.));
#4810=DIRECTION('',(-1.,0.,0.));
#4811=DIRECTION('',(0.,0.,1.));
#4812=DIRECTION('',(1.,0.,0.));
#4813=DIRECTION('',(-1.,0.,0.));
#4814=DIRECTION('',(0.,0.,1.));
#4815=DIRECTION('',(0.,-0.292371704722687,0.956304755963051));
#4816=DIRECTION('',(1.,0.,0.));
#4817=DIRECTION('',(1.,0.,0.));
#4818=DIRECTION('',(-8.46867831223214E-17,0.956304755963051,0.292371704722687));
#4819=DIRECTION('',(1.,0.,0.));
#4820=DIRECTION('',(0.,-0.956304755963051,-0.292371704722687));
#4821=DIRECTION('',(0.,0.956304755963051,0.292371704722687));
#4822=DIRECTION('',(0.,-0.292371704722687,0.956304755963051));
#4823=DIRECTION('',(1.59272674283175E-16,-0.292371704722687,0.956304755963051));
#4824=DIRECTION('',(-0.294085848837523,-0.279442738118197,0.914016011690451));
#4825=DIRECTION('',(0.294085848837523,-0.279442738118197,0.914016011690451));
#4826=DIRECTION('',(1.59272674283175E-16,-0.292371704722687,0.956304755963051));
#4827=DIRECTION('',(1.,0.,0.));
#4828=DIRECTION('',(1.,0.,0.));
#4829=DIRECTION('',(0.,0.,-1.));
#4830=DIRECTION('',(-1.,-1.27553196763001E-16,1.27553196763E-16));
#4831=DIRECTION('',(-1.27553196763001E-16,1.,0.));
#4832=DIRECTION('',(-1.,-1.27553196763001E-16,1.27553196763E-16));
#4833=DIRECTION('',(-1.27553196763001E-16,1.,0.));
#4834=DIRECTION('',(1.,0.,0.));
#4835=DIRECTION('',(1.,0.,0.));
#4836=DIRECTION('',(0.,0.,-1.));
#4837=DIRECTION('',(1.,1.27553196763001E-16,-1.27553196763E-16));
#4838=DIRECTION('',(1.27553196763001E-16,-1.,0.));
#4839=DIRECTION('',(1.,1.27553196763001E-16,-1.27553196763E-16));
#4840=DIRECTION('',(1.27553196763001E-16,-1.,0.));
#4841=DIRECTION('',(1.,0.,0.));
#4842=DIRECTION('',(1.,0.,0.));
#4843=DIRECTION('',(0.,0.,-1.));
#4844=DIRECTION('',(-1.,-1.27553196763001E-16,1.27553196763E-16));
#4845=DIRECTION('',(-1.27553196763001E-16,1.,0.));
#4846=DIRECTION('',(-1.,-1.27553196763001E-16,1.27553196763E-16));
#4847=DIRECTION('',(-1.27553196763001E-16,1.,0.));
#4848=DIRECTION('',(1.,0.,0.));
#4849=DIRECTION('',(1.,0.,0.));
#4850=DIRECTION('',(0.,0.,-1.));
#4851=DIRECTION('',(1.,0.,0.));
#4852=DIRECTION('',(0.,0.,-1.));
#4853=DIRECTION('',(1.,0.,0.));
#4854=DIRECTION('',(1.,0.,0.));
#4855=DIRECTION('',(0.,0.,-1.));
#4856=DIRECTION('',(1.,0.,0.));
#4857=DIRECTION('',(1.,0.,0.));
#4858=DIRECTION('',(0.,0.,-1.));
#4859=DIRECTION('',(1.,0.,0.));
#4860=DIRECTION('',(0.,0.,-1.));
#4861=DIRECTION('',(1.,0.,0.));
#4862=DIRECTION('',(0.,0.,-1.));
#4863=DIRECTION('',(1.,0.,0.));
#4864=DIRECTION('',(1.,0.,0.));
#4865=DIRECTION('',(0.,0.,-1.));
#4866=DIRECTION('',(1.,0.,0.));
#4867=DIRECTION('',(0.,0.,-1.));
#4868=DIRECTION('',(1.,0.,0.));
#4869=DIRECTION('',(0.,0.,-1.));
#4870=DIRECTION('',(1.,0.,0.));
#4871=DIRECTION('',(0.,0.956304755963051,0.292371704722687));
#4872=DIRECTION('',(0.,-0.292371704722687,0.956304755963051));
#4873=DIRECTION('',(0.294085848837523,0.279442738118197,-0.914016011690451));
#4874=DIRECTION('',(0.,-0.292371704722687,0.956304755963051));
#4875=DIRECTION('',(0.,-0.292371704722687,0.956304755963051));
#4876=DIRECTION('',(-0.294085848837523,0.279442738118197,-0.914016011690451));
#4877=DIRECTION('',(-1.,-4.65668232959132E-17,1.52313215911954E-16));
#4878=DIRECTION('',(1.59272674283175E-16,-0.292371704722687,0.956304755963051));
#4879=DIRECTION('',(-6.16297582203916E-33,0.956304755963051,0.292371704722687));
#4880=DIRECTION('',(0.,-0.292371704722757,0.956304755963029));
#4881=DIRECTION('',(1.,-6.96501465802253E-16,-2.12941867776679E-16));
#4882=DIRECTION('',(0.,-0.292371704722737,0.956304755963036));
#4883=DIRECTION('',(-5.42101086242752E-16,-0.697132115454605,0.716942685018675));
#4884=DIRECTION('',(1.,-6.96501465802253E-16,-2.12941867776679E-16));
#4885=DIRECTION('',(6.96501465802253E-16,1.,0.));
#4886=DIRECTION('',(1.59272674283181E-16,-0.292371704722757,0.956304755963029));
#4887=DIRECTION('',(0.,0.956304755963029,0.292371704722757));
#4888=DIRECTION('',(0.,-0.292371704722757,0.956304755963029));
#4889=DIRECTION('',(1.59272674283181E-16,-0.292371704722757,0.956304755963029));
#4890=DIRECTION('',(1.,0.,0.));
#4891=DIRECTION('',(-1.,-1.27553196763001E-16,1.27553196763E-16));
#4892=DIRECTION('',(1.27553196763001E-16,-1.,0.));
#4893=DIRECTION('',(-8.46867831223214E-17,0.956304755963051,0.292371704722687));
#4894=DIRECTION('',(1.,-6.96501465802253E-16,-2.12941867776679E-16));
#4895=DIRECTION('',(6.96501465802253E-16,1.,0.));
#4896=DIRECTION('',(3.32886425835255E-16,0.697132115454606,-0.716942685018675));
#4897=DIRECTION('',(-1.,6.96501465802253E-16,2.12941867776679E-16));
#4898=DIRECTION('',(0.,-0.292371704722737,0.956304755963036));
#4899=DIRECTION('',(0.,-0.292371704722757,0.956304755963029));
#4900=DIRECTION('',(0.,0.956304755963029,0.292371704722757));
#4901=DIRECTION('',(0.,-0.292371704722757,0.956304755963029));
#4902=DIRECTION('',(1.,0.,0.));
#4903=DIRECTION('',(1.,-6.96501465802253E-16,-2.12941867776679E-16));
#4904=DIRECTION('',(0.,-0.292371704722737,0.956304755963036));
#4905=DIRECTION('',(1.,-6.96501465802253E-16,-2.12941867776679E-16));
#4906=DIRECTION('',(0.,-0.292371704722737,0.956304755963036));
#4907=DIRECTION('',(0.95577900872195,-0.085982380959445,0.281235695904754));
#4908=DIRECTION('',(8.46867831223214E-17,-0.956304755963051,-0.292371704722687));
#4909=DIRECTION('',(0.95577900872195,0.0859823809594451,-0.281235695904754));
#4910=DIRECTION('',(0.,0.956304755963051,0.292371704722687));
#4911=DIRECTION('',(1.09618095949412E-16,0.292371704722737,-0.956304755963036));
#4912=DIRECTION('',(-1.,-7.63355145999545E-17,-1.37964848194259E-16));
#4913=DIRECTION('',(0.,1.,0.));
#4914=DIRECTION('',(0.,0.,1.));
#4915=DIRECTION('',(-1.,0.,0.));
#4916=DIRECTION('',(0.,0.,-1.));
#4917=DIRECTION('',(0.,1.,0.));
#4918=DIRECTION('',(1.,0.,0.));
#4919=DIRECTION('',(0.,0.,-1.));
#4920=DIRECTION('',(-1.,0.,0.));
#4921=DIRECTION('',(0.,0.,1.));
#4922=DIRECTION('',(-1.,0.,0.));
#4923=DIRECTION('',(0.,0.,-1.));
#4924=DIRECTION('',(-1.,0.,0.));
#4925=DIRECTION('',(0.,0.,1.));
#4926=DIRECTION('',(-1.,0.,0.));
#4927=DIRECTION('',(0.,0.,1.));
#4928=DIRECTION('',(-1.,0.,0.));
#4929=DIRECTION('',(0.,1.,0.));
#4930=DIRECTION('',(0.,0.,1.));
#4931=DIRECTION('',(-1.,0.,0.));
#4932=DIRECTION('',(0.,0.,1.));
#4933=DIRECTION('',(0.,1.,0.));
#4934=DIRECTION('',(0.,-0.928476690885259,-0.371390676354104));
#4935=DIRECTION('',(0.,-4.66323515047529E-17,1.));
#4936=DIRECTION('',(0.,-1.,0.));
#4937=DIRECTION('',(0.,0.,1.));
#4938=DIRECTION('',(1.,0.,0.));
#4939=DIRECTION('',(-1.,0.,0.));
#4940=DIRECTION('',(0.680451099367278,0.732793491626299,0.));
#4941=DIRECTION('',(0.,0.,1.));
#4942=DIRECTION('',(1.,0.,0.));
#4943=DIRECTION('',(0.,1.,0.));
#4944=DIRECTION('',(-0.680451099367278,-0.732793491626299,0.));
#4945=DIRECTION('',(-1.,0.,0.));
#4946=DIRECTION('',(-1.,0.,0.));
#4947=DIRECTION('',(0.,0.,1.));
#4948=DIRECTION('',(0.,0.,-1.));
#4949=DIRECTION('',(-1.,0.,0.));
#4950=DIRECTION('',(0.,0.,1.));
#4951=DIRECTION('',(0.,-1.,0.));
#4952=DIRECTION('',(0.,-4.66323515047529E-17,1.));
#4953=DIRECTION('',(0.,1.,0.));
#4954=DIRECTION('',(0.,0.,1.));
#4955=DIRECTION('',(0.,-0.931115545376357,-0.364724335846252));
#4956=DIRECTION('',(0.,0.213621763543445,-0.976916445833823));
#4957=DIRECTION('',(0.,1.,0.));
#4958=DIRECTION('',(-1.,0.,0.));
#4959=DIRECTION('',(0.,1.,0.));
#4960=DIRECTION('',(-1.,0.,0.));
#4961=DIRECTION('',(0.,1.,0.));
#4962=DIRECTION('',(-1.,0.,0.));
#4963=DIRECTION('',(0.,0.,1.));
#4964=DIRECTION('',(0.732793491626299,-0.680451099367278,0.));
#4965=DIRECTION('',(-0.680451099367278,-0.732793491626299,0.));
#4966=DIRECTION('',(-1.,0.,0.));
#4967=DIRECTION('',(0.,0.,1.));
#4968=DIRECTION('',(-0.732793491626299,0.680451099367278,0.));
#4969=DIRECTION('',(-0.680451099367278,-0.732793491626299,0.));
#4970=DIRECTION('',(-1.,0.,0.));
#4971=DIRECTION('',(0.,-1.,-4.66323515047529E-17));
#4972=DIRECTION('',(0.,4.66323515047529E-17,-1.));
#4973=DIRECTION('',(-1.,0.,0.));
#4974=DIRECTION('',(0.,1.47845750793478E-16,-1.));
#4975=DIRECTION('',(-1.,0.,0.));
#4976=DIRECTION('',(-1.,0.,0.));
#4977=DIRECTION('',(0.,0.,1.));
#4978=DIRECTION('',(1.,0.,0.));
#4979=DIRECTION('',(0.,-1.,0.));
#4980=DIRECTION('',(-1.,0.,0.));
#4981=DIRECTION('',(0.,0.976916445833823,0.213621763543445));
#4982=DIRECTION('',(0.,-0.213621763543445,0.976916445833823));
#4983=DIRECTION('',(0.,-0.213621763543445,0.976916445833823));
#4984=DIRECTION('',(-1.,0.,0.));
#4985=DIRECTION('',(0.,0.364724335846252,-0.931115545376357));
#4986=DIRECTION('',(0.,0.931115545376357,0.364724335846252));
#4987=DIRECTION('',(0.,0.931115545376357,0.364724335846252));
#4988=DIRECTION('',(-1.,0.,0.));
#4989=DIRECTION('',(0.,-1.,0.));
#4990=DIRECTION('',(0.,0.,-1.));
#4991=DIRECTION('',(0.,-2.79794109028517E-16,-1.));
#4992=DIRECTION('',(-1.,0.,0.));
#4993=DIRECTION('',(0.,0.,1.));
#4994=DIRECTION('',(1.,0.,0.));
#4995=DIRECTION('',(0.,-1.,0.));
#4996=DIRECTION('',(0.,0.,-1.));
#4997=DIRECTION('',(-1.,0.,0.));
#4998=DIRECTION('',(0.,0.371390676354104,-0.928476690885259));
#4999=DIRECTION('',(0.,0.928476690885259,0.371390676354104));
#5000=DIRECTION('',(0.,-0.928476690885259,-0.371390676354104));
#5001=DIRECTION('',(1.,0.,0.));
#5002=DIRECTION('',(0.,0.,-1.));
#5003=DIRECTION('',(-0.732793491626299,0.680451099367278,0.));
#5004=DIRECTION('',(-0.680451099367278,-0.732793491626299,0.));
#5005=DIRECTION('',(-0.680451099367278,-0.732793491626299,0.));
#5006=DIRECTION('',(0.732793491626299,-0.680451099367278,0.));
#5007=DIRECTION('',(0.680451099367278,0.732793491626299,0.));
#5008=DIRECTION('',(0.680451099367278,0.732793491626299,0.));
#5009=DIRECTION('',(0.680451099367278,0.732793491626299,0.));
#5010=DIRECTION('',(-0.732793491626299,0.680451099367278,0.));
#5011=DIRECTION('',(0.680451099367278,0.732793491626299,0.));
#5012=DIRECTION('',(0.680451099367278,0.732793491626299,0.));
#5013=DIRECTION('',(-0.732793491626299,0.680451099367278,0.));
#5014=DIRECTION('',(1.78067448145293E-17,4.16333634234434E-16,1.));
#5015=DIRECTION('',(-1.,2.60482153188551E-16,1.78067448145292E-17));
#5016=DIRECTION('',(0.,0.,1.));
#5017=DIRECTION('',(1.,0.,0.));
#5018=DIRECTION('',(0.,0.,1.));
#5019=DIRECTION('',(1.,0.,0.));
#5020=DIRECTION('',(0.,-0.956304755963036,-0.292371704722737));
#5021=DIRECTION('',(-1.,0.,0.));
#5022=DIRECTION('',(1.,0.,0.));
#5023=DIRECTION('',(-8.62816615085482E-32,0.292371704722737,-0.956304755963035));
#5024=DIRECTION('',(-1.,0.,0.));
#5025=DIRECTION('',(0.,0.292371704722737,-0.956304755963036));
#5026=DIRECTION('',(0.,-0.956304755963036,-0.292371704722737));
#5027=DIRECTION('',(-1.,0.,0.));
#5028=DIRECTION('',(-1.,0.,0.));
#5029=DIRECTION('',(-8.62816615085482E-32,0.292371704722737,-0.956304755963035));
#5030=DIRECTION('',(1.,0.,0.));
#5031=DIRECTION('',(0.,0.292371704722737,-0.956304755963036));
#5032=DIRECTION('',(1.,0.,0.));
#5033=DIRECTION('',(0.,1.,0.));
#5034=DIRECTION('',(1.,0.,0.));
#5035=DIRECTION('',(0.,1.,0.));
#5036=DIRECTION('',(0.,1.,0.));
#5037=DIRECTION('',(0.,0.,1.));
#5038=DIRECTION('',(0.,1.,0.));
#5039=DIRECTION('',(-1.,0.,0.));
#5040=DIRECTION('',(0.,0.,1.));
#5041=DIRECTION('',(0.,0.956304755963036,0.292371704722737));
#5042=DIRECTION('',(0.,-0.956304755963036,-0.292371704722737));
#5043=DIRECTION('',(0.,1.,0.));
#5044=DIRECTION('',(-1.,0.,0.));
#5045=DIRECTION('',(-1.,0.,0.));
#5046=DIRECTION('',(0.,0.,1.));
#5047=DIRECTION('',(1.,0.,0.));
#5048=DIRECTION('',(1.,0.,0.));
#5049=DIRECTION('',(0.,-0.956304755963036,-0.292371704722737));
#5050=DIRECTION('',(0.,0.956304755963036,0.292371704722737));
#5051=DIRECTION('',(-1.,0.,0.));
#5052=DIRECTION('',(0.,0.,1.));
#5053=DIRECTION('',(0.,1.,0.));
#5054=DIRECTION('',(0.,1.,0.));
#5055=DIRECTION('',(1.,0.,0.));
#5056=DIRECTION('',(0.,1.,0.));
#5057=DIRECTION('',(0.,-0.956304755963036,-0.292371704722737));
#5058=DIRECTION('',(0.,0.292371704722737,-0.956304755963036));
#5059=DIRECTION('',(0.,0.956304755963036,0.292371704722737));
#5060=DIRECTION('',(-1.,-2.83292358531684E-16,-8.66111658259229E-17));
#5061=DIRECTION('',(1.,0.,0.));
#5062=DIRECTION('',(-1.,0.,0.));
#5063=DIRECTION('',(0.,0.,1.));
#5064=DIRECTION('',(-1.,0.,0.));
#5065=DIRECTION('',(0.,0.,1.));
#5066=DIRECTION('',(1.,0.,0.));
#5067=DIRECTION('',(0.,0.292371704722737,-0.956304755963036));
#5068=DIRECTION('',(0.,0.956304755963036,0.292371704722737));
#5069=DIRECTION('',(-1.,0.,0.));
#5070=DIRECTION('',(1.,2.83292358531684E-16,8.66111658259229E-17));
#5071=DIRECTION('',(-1.,0.,0.));
#5072=DIRECTION('',(0.,0.,1.));
#5073=DIRECTION('',(-1.,0.,0.));
#5074=DIRECTION('',(0.,0.,1.));
#5075=DIRECTION('',(1.,0.,0.));
#5076=DIRECTION('',(-1.,0.,0.));
#5077=DIRECTION('',(0.,0.,1.));
#5078=DIRECTION('',(-1.,0.,0.));
#5079=DIRECTION('',(0.,0.,1.));
#5080=DIRECTION('',(-1.,0.,0.));
#5081=DIRECTION('',(-1.,0.,0.));
#5082=DIRECTION('',(0.,0.,1.));
#5083=DIRECTION('',(1.,0.,0.));
#5084=DIRECTION('',(-1.,0.,0.));
#5085=DIRECTION('',(0.,0.,1.));
#5086=DIRECTION('',(-1.,0.,0.));
#5087=DIRECTION('',(0.,1.,0.));
#5088=DIRECTION('',(-1.,0.,0.));
#5089=DIRECTION('',(-1.,0.,0.));
#5090=DIRECTION('',(0.,1.,0.));
#5091=DIRECTION('',(-1.,0.,0.));
#5092=DIRECTION('',(-1.,0.,0.));
#5093=DIRECTION('',(0.,0.,1.));
#5094=DIRECTION('',(1.,0.,0.));
#5095=DIRECTION('',(0.,-1.,0.));
#5096=DIRECTION('',(1.,0.,0.));
#5097=DIRECTION('',(0.,-1.,0.));
#5098=DIRECTION('',(-1.,0.,0.));
#5099=DIRECTION('',(0.,-0.956304755963036,-0.292371704722733));
#5100=DIRECTION('',(0.,0.292371704722733,-0.956304755963037));
#5101=DIRECTION('',(-1.,0.,0.));
#5102=DIRECTION('',(0.294085848837523,-0.279442738118241,0.914016011690437));
#5103=DIRECTION('',(0.,-0.292371704722733,0.956304755963037));
#5104=DIRECTION('',(0.,-0.292371704722733,0.956304755963037));
#5105=DIRECTION('',(0.294085848837523,0.279442738118241,-0.914016011690437));
#5106=DIRECTION('',(0.,-0.292371704722733,0.956304755963037));
#5107=DIRECTION('',(-1.,0.,0.));
#5108=DIRECTION('',(1.,0.,0.));
#5109=DIRECTION('',(0.,-0.956304755963037,-0.292371704722733));
#5110=DIRECTION('',(0.,0.956304755963037,0.292371704722733));
#5111=DIRECTION('',(0.,-0.956304755963036,-0.292371704722733));
#5112=DIRECTION('',(0.,0.292371704722733,-0.956304755963037));
#5113=DIRECTION('',(0.,0.292371704722733,-0.956304755963037));
#5114=DIRECTION('',(-0.294085848837523,0.279442738118241,-0.914016011690437));
#5115=DIRECTION('',(-0.294085848837523,-0.279442738118241,0.914016011690437));
#5116=DIRECTION('',(0.,0.292371704722733,-0.956304755963037));
#5117=DIRECTION('',(-1.,0.,0.));
#5118=DIRECTION('',(-1.,0.,0.));
#5119=DIRECTION('',(0.,0.,1.));
#5120=DIRECTION('',(-1.,0.,0.));
#5121=DIRECTION('',(0.,0.,1.));
#5122=DIRECTION('',(-1.,0.,0.));
#5123=DIRECTION('',(0.,0.,1.));
#5124=DIRECTION('',(-1.,0.,0.));
#5125=DIRECTION('',(-1.,0.,0.));
#5126=DIRECTION('',(0.,0.,1.));
#5127=DIRECTION('',(-1.,0.,0.));
#5128=DIRECTION('',(0.,0.,1.));
#5129=DIRECTION('',(-1.,0.,0.));
#5130=DIRECTION('',(0.,0.,1.));
#5131=DIRECTION('',(-1.,0.,0.));
#5132=DIRECTION('',(0.,0.,1.));
#5133=DIRECTION('',(1.,0.,0.));
#5134=DIRECTION('',(0.,1.,0.));
#5135=DIRECTION('',(-1.,0.,0.));
#5136=DIRECTION('',(1.,0.,0.));
#5137=DIRECTION('',(0.,1.,0.));
#5138=DIRECTION('',(0.,-0.956304755963035,-0.292371704722737));
#5139=DIRECTION('',(0.,0.292371704722737,-0.956304755963036));
#5140=DIRECTION('',(0.,-0.292371704722737,0.956304755963036));
#5141=DIRECTION('',(-1.,0.,0.));
#5142=DIRECTION('',(0.,-0.292371704722737,0.956304755963036));
#5143=DIRECTION('',(1.,0.,0.));
#5144=DIRECTION('',(0.,-0.292371704722733,0.956304755963037));
#5145=DIRECTION('',(0.,-0.956304755963037,-0.292371704722733));
#5146=DIRECTION('',(1.,2.83292358531684E-16,8.66111658259229E-17));
#5147=DIRECTION('',(-2.83292358531684E-16,1.,0.));
#5148=DIRECTION('',(-1.35396959415482E-16,0.697132115454604,-0.716942685018676));
#5149=DIRECTION('',(-1.,-2.83292358531684E-16,-8.66111658259229E-17));
#5150=DIRECTION('',(0.,-0.292371704722737,0.956304755963036));
#5151=DIRECTION('',(0.,0.292371704722737,-0.956304755963036));
#5152=DIRECTION('',(0.,-0.956304755963035,-0.292371704722737));
#5153=DIRECTION('',(0.,0.292371704722737,-0.956304755963036));
#5154=DIRECTION('',(0.,0.292371704722737,-0.956304755963036));
#5155=DIRECTION('',(-1.,0.,0.));
#5156=DIRECTION('',(-1.,0.,0.));
#5157=DIRECTION('',(0.,0.,1.));
#5158=DIRECTION('',(0.,0.956304755963037,0.292371704722733));
#5159=DIRECTION('',(1.,2.83292358531684E-16,8.66111658259229E-17));
#5160=DIRECTION('',(0.,-0.292371704722737,0.956304755963036));
#5161=DIRECTION('',(0.,-0.697132115454605,0.716942685018675));
#5162=DIRECTION('',(1.,2.83292358531684E-16,8.66111658259229E-17));
#5163=DIRECTION('',(-2.83292358531684E-16,1.,0.));
#5164=DIRECTION('',(1.,2.83292358531684E-16,8.66111658259229E-17));
#5165=DIRECTION('',(0.,-0.292371704722737,0.956304755963036));
#5166=DIRECTION('',(1.,2.83292358531684E-16,8.66111658259229E-17));
#5167=DIRECTION('',(0.,-0.292371704722737,0.956304755963036));
#5168=DIRECTION('',(0.95577900872195,0.0859823809594587,-0.28123569590475));
#5169=DIRECTION('',(0.,-0.956304755963037,-0.292371704722733));
#5170=DIRECTION('',(-0.95577900872195,0.0859823809594587,-0.28123569590475));
#5171=DIRECTION('',(0.,-0.956304755963037,-0.292371704722733));
#5172=DIRECTION('',(-1.95386296679425E-17,0.292371704722737,-0.956304755963035));
#5173=DIRECTION('',(-1.,1.53229062246178E-16,6.72782095966181E-17));
#5174=DIRECTION('',(1.29887127410187E-17,2.22044604925031E-16,1.));
#5175=DIRECTION('',(-1.,4.10083645537798E-17,1.29887127410187E-17));
#5176=DIRECTION('',(0.,0.,1.));
#5177=DIRECTION('',(1.,-2.77555756156289E-16,0.));
#5178=DIRECTION('',(1.,0.,0.));
#5179=DIRECTION('',(0.,0.,-1.));
#5180=DIRECTION('',(0.,-1.,0.));
#5181=DIRECTION('',(1.,0.,0.));
#5182=DIRECTION('',(0.,0.,-1.));
#5183=DIRECTION('',(0.,-0.699294155463731,0.714834025585148));
#5184=DIRECTION('',(1.,0.,0.));
#5185=DIRECTION('',(0.,0.,-1.));
#5186=DIRECTION('',(0.,0.,1.));
#5187=DIRECTION('',(0.,1.,0.));
#5188=DIRECTION('',(0.,0.,-1.));
#5189=DIRECTION('',(0.,1.,0.));
#5190=DIRECTION('',(0.,-3.77113799125393E-15,1.));
#5191=DIRECTION('',(0.,1.,0.));
#5192=DIRECTION('',(0.,0.,-1.));
#5193=DIRECTION('',(0.,-1.,0.));
#5194=DIRECTION('',(0.,0.,-1.));
#5195=DIRECTION('',(0.,1.,0.));
#5196=DIRECTION('',(0.,0.,-1.));
#5197=DIRECTION('',(0.,-0.485642931178633,-0.874157276121537));
#5198=DIRECTION('',(1.,0.,0.));
#5199=DIRECTION('',(0.,0.,-1.));
#5200=DIRECTION('',(0.,-1.,0.));
#5201=DIRECTION('',(0.,0.,-1.));
#5202=DIRECTION('',(0.,1.,0.));
#5203=DIRECTION('',(0.,1.35525271560688E-16,1.));
#5204=DIRECTION('',(1.,0.,0.));
#5205=DIRECTION('',(0.,0.,-1.));
#5206=DIRECTION('',(1.,0.,0.));
#5207=DIRECTION('',(0.,0.,-1.));
#5208=DIRECTION('',(1.,0.,0.));
#5209=DIRECTION('',(0.,0.,-1.));
#5210=DIRECTION('',(1.,0.,0.));
#5211=DIRECTION('',(0.,0.,-1.));
#5212=DIRECTION('',(1.,0.,0.));
#5213=DIRECTION('',(0.,0.,-1.));
#5214=DIRECTION('',(0.,0.,1.));
#5215=DIRECTION('',(0.,-1.,0.));
#5216=DIRECTION('',(0.,-1.23908819712629E-16,-1.));
#5217=DIRECTION('',(0.,1.,-1.54886024640786E-16));
#5218=DIRECTION('',(0.,0.,1.));
#5219=DIRECTION('',(1.,0.,0.));
#5220=DIRECTION('',(0.,-1.,0.));
#5221=DIRECTION('',(1.,0.,0.));
#5222=DIRECTION('',(-1.,0.,0.));
#5223=DIRECTION('',(0.,-1.,0.));
#5224=DIRECTION('',(-1.,0.,0.));
#5225=DIRECTION('',(1.,0.,0.));
#5226=DIRECTION('',(1.,0.,0.));
#5227=DIRECTION('',(0.,0.,-1.));
#5228=DIRECTION('',(-1.,0.,0.));
#5229=DIRECTION('',(0.,1.,0.));
#5230=DIRECTION('',(-1.,0.,0.));
#5231=DIRECTION('',(0.,1.,0.));
#5232=DIRECTION('',(0.,-0.699294155463731,0.714834025585148));
#5233=DIRECTION('',(1.,0.,0.));
#5234=DIRECTION('',(0.,0.,-1.));
#5235=DIRECTION('',(1.,0.,0.));
#5236=DIRECTION('',(0.,0.,-1.));
#5237=DIRECTION('',(0.,-0.485642931178633,-0.874157276121537));
#5238=DIRECTION('',(0.,0.,-1.));
#5239=DIRECTION('',(0.,1.,0.));
#5240=DIRECTION('',(0.,0.,-1.));
#5241=DIRECTION('',(0.,-1.,0.));
#5242=DIRECTION('',(0.,0.,-1.));
#5243=DIRECTION('',(0.,1.,0.));
#5244=DIRECTION('',(0.,-3.77113799125393E-15,1.));
#5245=DIRECTION('',(0.,1.,0.));
#5246=DIRECTION('',(0.,0.,-1.));
#5247=DIRECTION('',(0.,1.,0.));
#5248=DIRECTION('',(0.,0.,1.));
#5249=DIRECTION('',(1.,0.,0.));
#5250=DIRECTION('',(0.,0.,-1.));
#5251=DIRECTION('',(-1.,0.,0.));
#5252=DIRECTION('',(0.,1.,0.));
#5253=DIRECTION('',(-1.,0.,0.));
#5254=DIRECTION('',(0.,1.,0.));
#5255=DIRECTION('',(-1.,0.,0.));
#5256=DIRECTION('',(0.,1.,0.));
#5257=DIRECTION('',(0.,0.714834025585147,0.699294155463731));
#5258=DIRECTION('',(0.,-0.699294155463731,0.714834025585148));
#5259=DIRECTION('',(1.,0.,0.));
#5260=DIRECTION('',(1.,0.,0.));
#5261=DIRECTION('',(0.,-0.874157276121537,0.485642931178633));
#5262=DIRECTION('',(0.,-0.485642931178633,-0.874157276121537));
#5263=DIRECTION('',(1.,0.,0.));
#5264=DIRECTION('',(1.,0.,0.));
#5265=DIRECTION('',(0.,-1.,0.));
#5266=DIRECTION('',(0.,0.,-1.));
#5267=DIRECTION('',(1.,0.,0.));
#5268=DIRECTION('',(0.,0.,-1.));
#5269=DIRECTION('',(-1.,0.,0.));
#5270=DIRECTION('',(1.,0.,0.));
#5271=DIRECTION('',(0.,-1.,0.));
#5272=DIRECTION('',(0.,0.,-1.));
#5273=DIRECTION('',(1.,0.,0.));
#5274=DIRECTION('',(0.,0.,1.));
#5275=DIRECTION('',(1.,0.,0.));
#5276=DIRECTION('',(1.,0.,0.));
#5277=DIRECTION('',(0.,-1.,0.));
#5278=DIRECTION('',(0.,0.,-1.));
#5279=DIRECTION('',(1.,0.,0.));
#5280=DIRECTION('',(0.,0.,-1.));
#5281=DIRECTION('',(-1.,0.,0.));
#5282=DIRECTION('',(1.,0.,0.));
#5283=DIRECTION('',(0.,1.,3.77113799125393E-15));
#5284=DIRECTION('',(0.,-3.77113799125393E-15,1.));
#5285=DIRECTION('',(1.,0.,0.));
#5286=DIRECTION('',(0.,0.,-1.));
#5287=DIRECTION('',(-1.,0.,0.));
#5288=DIRECTION('',(1.,0.,0.));
#5289=DIRECTION('',(0.,-1.,0.));
#5290=DIRECTION('',(0.,0.,-1.));
#5291=DIRECTION('',(1.,0.,0.));
#5292=DIRECTION('',(0.,0.,-1.));
#5293=DIRECTION('',(-1.,0.,0.));
#5294=DIRECTION('',(1.,0.,0.));
#5295=DIRECTION('',(0.,1.,0.));
#5296=DIRECTION('',(0.,0.,1.));
#5297=DIRECTION('',(1.,0.,0.));
#5298=DIRECTION('',(1.,0.,0.));
#5299=DIRECTION('',(0.,0.,-1.));
#5300=DIRECTION('',(1.,0.,0.));
#5301=DIRECTION('',(0.,0.,-1.));
#5302=DIRECTION('',(1.,0.,0.));
#5303=DIRECTION('',(0.,0.,-1.));
#5304=DIRECTION('',(1.,0.,0.));
#5305=DIRECTION('',(0.,0.,-1.));
#5306=DIRECTION('',(1.,0.,0.));
#5307=DIRECTION('',(0.,0.,-1.));
#5308=DIRECTION('',(0.,-1.,1.35525271560688E-16));
#5309=DIRECTION('',(0.,-1.35525271560688E-16,-1.));
#5310=DIRECTION('',(0.554700196225229,1.12763842092287E-16,0.832050294337844));
#5311=DIRECTION('',(0.,1.35525271560688E-16,1.));
#5312=DIRECTION('',(0.,1.,0.));
#5313=DIRECTION('',(0.,0.,1.));
#5314=DIRECTION('',(0.,0.,-1.));
#5315=DIRECTION('',(-0.554700196225229,0.,-0.832050294337844));
#5316=DIRECTION('',(1.,0.,0.));
#5317=DIRECTION('',(0.,0.,-1.));
#5318=DIRECTION('',(0.,-1.,0.));
#5319=DIRECTION('',(0.,-1.,0.));
#5320=DIRECTION('',(0.,0.,-1.));
#5321=DIRECTION('',(0.707106781186548,0.,0.707106781186547));
#5322=DIRECTION('',(0.,0.,1.));
#5323=DIRECTION('',(-1.,0.,0.));
#5324=DIRECTION('',(0.,0.,-1.));
#5325=DIRECTION('',(-1.,0.,0.));
#5326=DIRECTION('',(0.,-1.,0.));
#5327=DIRECTION('',(-1.,0.,0.));
#5328=DIRECTION('',(0.,1.,-1.23908819712629E-16));
#5329=DIRECTION('',(0.,1.23908819712629E-16,1.));
#5330=DIRECTION('',(0.,-1.23908819712629E-16,-1.));
#5331=DIRECTION('',(-0.707106781186548,-8.76167666676214E-17,-0.707106781186547));
#5332=DIRECTION('',(1.,0.,0.));
#5333=DIRECTION('',(0.,0.,-1.));
#5334=DIRECTION('',(0.,-1.,1.54886024640786E-16));
#5335=DIRECTION('',(0.832050294337844,0.,-0.554700196225229));
#5336=DIRECTION('',(0.,1.,0.));
#5337=DIRECTION('',(0.707106781186547,-1.09520958334527E-16,-0.707106781186548));
#5338=DIRECTION('',(0.,1.,-1.54886024640786E-16));
#5339=DIRECTION('',(1.,0.,0.));
#5340=DIRECTION('',(0.,0.,-1.));
#5341=DIRECTION('',(1.,0.,0.));
#5342=DIRECTION('',(0.,0.,-1.));
#5343=DIRECTION('',(1.,0.,0.));
#5344=DIRECTION('',(0.,0.,-1.));
#5345=DIRECTION('',(8.32667268468867E-17,1.42319525592638E-18,1.));
#5346=DIRECTION('',(-1.,-7.26128449322925E-19,8.32667268468867E-17));
#5347=DIRECTION('',(0.,0.,1.));
#5348=DIRECTION('',(1.,0.,0.));
#5349=DIRECTION('',(0.,0.,1.));
#5350=DIRECTION('',(1.,0.,0.));
#5351=DIRECTION('',(0.,0.,1.));
#5352=DIRECTION('',(1.,0.,0.));
#5353=DIRECTION('',(0.,0.,1.));
#5354=DIRECTION('',(1.,0.,0.));
#5355=DIRECTION('',(0.,0.,1.));
#5356=DIRECTION('',(1.,0.,0.));
#5357=DIRECTION('',(0.,0.,1.));
#5358=DIRECTION('',(1.,0.,0.));
#5359=CARTESIAN_POINT('',(0.,0.,0.));
#5360=CARTESIAN_POINT('',(1.75,0.,0.));
#5361=CARTESIAN_POINT('',(1.75,1.7,0.5));
#5362=CARTESIAN_POINT('',(1.75,1.7,0.5));
#5363=CARTESIAN_POINT('',(1.75,1.7,4.));
#5364=CARTESIAN_POINT('',(1.75,1.7,4.));
#5365=CARTESIAN_POINT('',(1.75,3.1,4.));
#5366=CARTESIAN_POINT('',(1.75,3.1,4.));
#5367=CARTESIAN_POINT('',(1.75,3.1,0.5));
#5368=CARTESIAN_POINT('',(1.75,3.1,0.500000000000001));
#5369=CARTESIAN_POINT('',(1.75,-4.6,-3.37));
#5370=CARTESIAN_POINT('',(1.75,-4.,-3.37));
#5371=CARTESIAN_POINT('',(1.75,-4.2,2.33));
#5372=CARTESIAN_POINT('',(1.75,-3.6,2.33));
#5373=CARTESIAN_POINT('',(1.75,4.6,3.65));
#5374=CARTESIAN_POINT('',(1.75,5.2,3.65));
#5375=CARTESIAN_POINT('',(1.75,-2.8,-1.37));
#5376=CARTESIAN_POINT('',(1.75,-2.2,-1.37));
#5377=CARTESIAN_POINT('',(1.75,4.7,0.95));
#5378=CARTESIAN_POINT('',(1.75,5.3,0.95));
#5379=CARTESIAN_POINT('',(1.75,1.7,5.15));
#5380=CARTESIAN_POINT('',(1.75,1.7,5.15));
#5381=CARTESIAN_POINT('',(1.75,1.7,6.75));
#5382=CARTESIAN_POINT('',(1.75,-1.5,6.75));
#5383=CARTESIAN_POINT('',(1.75,-1.18450105153069,6.75));
#5384=CARTESIAN_POINT('',(1.75,-1.18450105153069,6.));
#5385=CARTESIAN_POINT('',(1.75,-1.72062657071955,6.5244706165978));
#5386=CARTESIAN_POINT('',(1.75,-6.,2.15));
#5387=CARTESIAN_POINT('',(1.75,-5.78612551918886,2.36862724705139));
#5388=CARTESIAN_POINT('',(1.75,-5.25,1.84415663045359));
#5389=CARTESIAN_POINT('',(1.75,-6.,1.84415663045359));
#5390=CARTESIAN_POINT('',(1.75,-6.,-4.75));
#5391=CARTESIAN_POINT('',(1.75,-6.,-4.75));
#5392=CARTESIAN_POINT('',(1.75,-5.2,-4.75));
#5393=CARTESIAN_POINT('',(1.75,-5.2,-4.75));
#5394=CARTESIAN_POINT('',(1.75,-5.2,-4.52));
#5395=CARTESIAN_POINT('',(1.75,-5.2,-4.52));
#5396=CARTESIAN_POINT('',(1.75,5.2,-4.52));
#5397=CARTESIAN_POINT('',(1.75,5.2,-4.52));
#5398=CARTESIAN_POINT('',(1.75,5.2,-4.75));
#5399=CARTESIAN_POINT('',(1.75,5.2,-4.75));
#5400=CARTESIAN_POINT('',(1.75,6.,-4.75));
#5401=CARTESIAN_POINT('',(1.75,6.,-4.75));
#5402=CARTESIAN_POINT('',(1.75,6.,-0.65));
#5403=CARTESIAN_POINT('',(1.75,6.,-0.65));
#5404=CARTESIAN_POINT('',(1.75,5.9,-0.65));
#5405=CARTESIAN_POINT('',(1.75,5.9,-0.65));
#5406=CARTESIAN_POINT('',(1.75,5.9,0.650000000000001));
#5407=CARTESIAN_POINT('',(1.75,5.9,0.650000000000001));
#5408=CARTESIAN_POINT('',(1.75,6.,0.650000000000001));
#5409=CARTESIAN_POINT('',(1.75,6.,0.650000000000001));
#5410=CARTESIAN_POINT('',(1.75,6.,4.05));
#5411=CARTESIAN_POINT('',(1.75,6.,4.05));
#5412=CARTESIAN_POINT('',(1.75,4.5,6.75));
#5413=CARTESIAN_POINT('',(1.75,4.71431544534223,6.36423219838398));
#5414=CARTESIAN_POINT('',(1.75,4.05869748825108,6.));
#5415=CARTESIAN_POINT('',(1.75,4.05869748825108,6.75));
#5416=CARTESIAN_POINT('',(1.75,-1.5,6.75));
#5417=CARTESIAN_POINT('',(1.75,3.1,6.75));
#5418=CARTESIAN_POINT('',(1.75,3.1,6.75));
#5419=CARTESIAN_POINT('',(1.75,3.1,5.15));
#5420=CARTESIAN_POINT('',(1.75,3.1,5.15));
#5421=CARTESIAN_POINT('',(1.75,-1.5,6.75));
#5422=CARTESIAN_POINT('',(1.25,1.7,6.75));
#5423=CARTESIAN_POINT('',(1.25,1.7,6.75));
#5424=CARTESIAN_POINT('',(1.25,1.7,6.75));
#5425=CARTESIAN_POINT('',(1.25,3.1,6.75));
#5426=CARTESIAN_POINT('',(1.25,3.1,6.75));
#5427=CARTESIAN_POINT('',(1.75,4.05869748825108,6.75));
#5428=CARTESIAN_POINT('',(1.05,4.05869748825108,6.75));
#5429=CARTESIAN_POINT('',(1.05,1.15,6.75));
#5430=CARTESIAN_POINT('',(1.05,1.15,6.75));
#5431=CARTESIAN_POINT('',(-0.45,1.15,6.75));
#5432=CARTESIAN_POINT('',(-1.75,1.15,6.75));
#5433=CARTESIAN_POINT('',(-1.75,-1.5,6.75));
#5434=CARTESIAN_POINT('',(-1.75,-1.18450105153069,6.75));
#5435=CARTESIAN_POINT('',(1.75,-1.18450105153069,6.75));
#5436=CARTESIAN_POINT('',(-1.25590709946894,-1.18450105153069,6.75));
#5437=CARTESIAN_POINT('',(0.,-1.4359479753994,6.75));
#5438=CARTESIAN_POINT('',(1.25590709946894,-1.18450105153069,6.75));
#5439=CARTESIAN_POINT('',(1.75,-1.18450105153069,6.75));
#5440=CARTESIAN_POINT('',(1.75,-6.,2.15));
#5441=CARTESIAN_POINT('',(0.,-1.37984161415388,6.87282857219826));
#5442=CARTESIAN_POINT('',(1.20859489346876,-1.72062657071955,6.5244706165978));
#5443=CARTESIAN_POINT('',(1.03186197984517,-1.9754524339635,6.26398195639286));
#5444=CARTESIAN_POINT('',(1.03186197984517,-1.9754524339635,6.26398195639286));
#5445=CARTESIAN_POINT('',(0.838873062033593,-2.1769363240786,6.05802064649744));
#5446=CARTESIAN_POINT('',(0.885248437144228,-2.46811868490444,5.76036756654213));
#5447=CARTESIAN_POINT('',(1.13661904845628,-2.63516259754583,5.58961156695316));
#5448=CARTESIAN_POINT('',(1.13661904845628,-2.63516259754583,5.58961156695316));
#5449=CARTESIAN_POINT('',(-1.95943487863576E-17,-3.47157136116556,4.73461594191965));
#5450=CARTESIAN_POINT('',(-1.13661904845628,-2.63516259754583,5.58961156695316));
#5451=CARTESIAN_POINT('',(-1.13661904845628,-2.63516259754583,5.58961156695316));
#5452=CARTESIAN_POINT('',(-0.885235368351597,-2.46811000026729,5.76037644417121));
#5453=CARTESIAN_POINT('',(-0.838875820906789,-2.17693344376552,6.05802359081747));
#5454=CARTESIAN_POINT('',(-1.03186197984517,-1.9754524339635,6.26398195639286));
#5455=CARTESIAN_POINT('',(-1.03186197984517,-1.9754524339635,6.26398195639286));
#5456=CARTESIAN_POINT('',(0.,-1.37984161415388,6.87282857219826));
#5457=CARTESIAN_POINT('',(-1.20859489346876,-1.72062657071955,6.5244706165978));
#5458=CARTESIAN_POINT('',(1.75,-1.72062657071955,6.5244706165978));
#5459=CARTESIAN_POINT('',(-1.75,-1.72062657071955,6.5244706165978));
#5460=CARTESIAN_POINT('',(-1.75,-6.,2.15));
#5461=CARTESIAN_POINT('',(-1.75,-5.78612551918886,2.36862724705139));
#5462=CARTESIAN_POINT('',(1.75,-5.78612551918886,2.36862724705139));
#5463=CARTESIAN_POINT('',(1.75,-1.72062657071955,6.5244706165978));
#5464=CARTESIAN_POINT('',(-0.45,-4.34572405935462,-0.0643098881583212));
#5465=CARTESIAN_POINT('',(-1.95943487863576E-17,-0.295917942674462,1.53448133336003));
#5466=CARTESIAN_POINT('',(0.845437874589136,0.0289814350555735,1.66274581270192));
#5467=CARTESIAN_POINT('',(-0.845437874589138,0.0289814350555673,1.66274581270191));
#5468=CARTESIAN_POINT('',(0.845437874589135,0.0289814350555731,1.66274581270192));
#5469=CARTESIAN_POINT('',(0.819063216738546,0.100614434039954,1.691025243037));
#5470=CARTESIAN_POINT('',(0.806290793462733,0.174282166969613,1.72010795004166));
#5471=CARTESIAN_POINT('',(0.807223327798975,0.249999999999999,1.75));
#5472=CARTESIAN_POINT('',(0.807223327798975,0.249999999999999,1.75));
#5473=CARTESIAN_POINT('',(-0.45,0.249999999999999,1.75));
#5474=CARTESIAN_POINT('',(1.05,0.249999999999999,1.75));
#5475=CARTESIAN_POINT('',(1.05,-4.34572405935462,-0.064309888158321));
#5476=CARTESIAN_POINT('',(1.05,-4.34572405935462,-0.0643098881583212));
#5477=CARTESIAN_POINT('',(-0.45,-4.34572405935462,-0.064309888158321));
#5478=CARTESIAN_POINT('',(-1.75,-4.34572405935462,-0.064309888158321));
#5479=CARTESIAN_POINT('',(-1.75,-4.34572405935462,-0.0643098881583212));
#5480=CARTESIAN_POINT('',(-1.75,0.249999999999999,1.75));
#5481=CARTESIAN_POINT('',(-0.45,0.249999999999999,1.75));
#5482=CARTESIAN_POINT('',(-0.807223327799251,0.249999999999999,1.75));
#5483=CARTESIAN_POINT('',(-0.807223327799251,0.249999999999999,1.75));
#5484=CARTESIAN_POINT('',(-0.806290793463003,0.174282166969639,1.72010795004167));
#5485=CARTESIAN_POINT('',(-0.819063216738547,0.100614434039951,1.691025243037));
#5486=CARTESIAN_POINT('',(-0.845437874589137,0.0289814350555674,1.66274581270191));
#5487=CARTESIAN_POINT('',(-0.45,0.249999999999999,1.75));
#5488=CARTESIAN_POINT('',(0.807223327798975,0.249999999999999,1.75));
#5489=CARTESIAN_POINT('',(0.808274635625108,0.268617391188787,1.76861739118879));
#5490=CARTESIAN_POINT('',(0.810670456880541,0.287147907267696,1.7871479072677));
#5491=CARTESIAN_POINT('',(0.814407400182904,0.305591767369319,1.80559176736932));
#5492=CARTESIAN_POINT('',(0.814407400182903,0.305591767369319,1.80559176736932));
#5493=CARTESIAN_POINT('',(0.,0.406203449210869,1.90620344921087));
#5494=CARTESIAN_POINT('',(-0.814407400182904,0.305591767369319,1.80559176736932));
#5495=CARTESIAN_POINT('',(-0.814407400182903,0.305591767369319,1.80559176736932));
#5496=CARTESIAN_POINT('',(-0.810670456880542,0.287147907267702,1.7871479072677));
#5497=CARTESIAN_POINT('',(-0.808274635625112,0.268617391188809,1.76861739118881));
#5498=CARTESIAN_POINT('',(-0.807223327798977,0.250000000000026,1.75000000000003));
#5499=CARTESIAN_POINT('',(-1.75,0.249999999999999,1.75));
#5500=CARTESIAN_POINT('',(-1.75,1.15,2.65));
#5501=CARTESIAN_POINT('',(-0.45,1.15,2.65));
#5502=CARTESIAN_POINT('',(-0.45,1.15,2.65));
#5503=CARTESIAN_POINT('',(1.05,1.15,2.65));
#5504=CARTESIAN_POINT('',(1.05,1.15,2.65));
#5505=CARTESIAN_POINT('',(1.05,0.249999999999999,1.75));
#5506=CARTESIAN_POINT('',(1.75,-1.18450105153069,6.));
#5507=CARTESIAN_POINT('',(1.25590709946894,-1.18450105153069,6.75));
#5508=CARTESIAN_POINT('',(1.2913044609024,-1.3849256588068,6.75));
#5509=CARTESIAN_POINT('',(1.2718557638129,-1.58542416268745,6.66267752258616));
#5510=CARTESIAN_POINT('',(1.20859489346876,-1.72062657071955,6.5244706165978));
#5511=CARTESIAN_POINT('',(1.75,-1.18450105153069,6.));
#5512=CARTESIAN_POINT('',(-1.20859489346876,-1.72062657071955,6.5244706165978));
#5513=CARTESIAN_POINT('',(-1.27184242109608,-1.58545267901094,6.66264837256659));
#5514=CARTESIAN_POINT('',(-1.29132460986667,-1.38503974494453,6.75));
#5515=CARTESIAN_POINT('',(-1.25590709946894,-1.18450105153069,6.75));
#5516=CARTESIAN_POINT('',(-1.75,-1.18450105153069,6.));
#5517=CARTESIAN_POINT('',(-1.95943487863576E-17,-3.47157136116556,4.73461594191965));
#5518=CARTESIAN_POINT('',(1.13661904845628,-2.63516259754583,5.58961156695316));
#5519=CARTESIAN_POINT('',(1.11521838940287,-1.75966135694566,4.26764718895914));
#5520=CARTESIAN_POINT('',(1.01811292334488,-0.856053199861732,2.96712876666195));
#5521=CARTESIAN_POINT('',(0.845437874588618,0.0289814350590351,1.66274581270429));
#5522=CARTESIAN_POINT('',(-0.845437874589138,0.0289814350555574,1.66274581270194));
#5523=CARTESIAN_POINT('',(-1.01811035057561,-0.856040013298928,2.96710933202222));
#5524=CARTESIAN_POINT('',(-1.115218885451,-1.75968165028109,4.26767783091064));
#5525=CARTESIAN_POINT('',(-1.13661904845628,-2.63516259754582,5.58961156695316));
#5526=CARTESIAN_POINT('',(-1.75,0.,0.));
#5527=CARTESIAN_POINT('',(-1.75,5.2,-4.52));
#5528=CARTESIAN_POINT('',(-1.75,-1.7,-4.52));
#5529=CARTESIAN_POINT('',(-1.75,-6.,-4.52));
#5530=CARTESIAN_POINT('',(-1.75,-6.,-4.75));
#5531=CARTESIAN_POINT('',(-1.75,-6.,1.84415663045359));
#5532=CARTESIAN_POINT('',(-1.75,-5.25,1.84415663045359));
#5533=CARTESIAN_POINT('',(-1.75,1.15,2.65));
#5534=CARTESIAN_POINT('',(-1.75,-3.85,-1.32));
#5535=CARTESIAN_POINT('',(-1.75,-3.85,-2.67));
#5536=CARTESIAN_POINT('',(-1.75,-2.45,-2.67));
#5537=CARTESIAN_POINT('',(-1.75,-2.45,-2.67));
#5538=CARTESIAN_POINT('',(-1.75,-2.45,-3.42));
#5539=CARTESIAN_POINT('',(-1.75,-1.7,-3.42));
#5540=CARTESIAN_POINT('',(-1.75,-1.7,-4.52));
#5541=CARTESIAN_POINT('',(-1.75,-4.2,2.33));
#5542=CARTESIAN_POINT('',(-1.75,-4.2,2.93));
#5543=CARTESIAN_POINT('',(-1.75,-4.6,-3.37));
#5544=CARTESIAN_POINT('',(-1.75,-4.6,-2.77));
#5545=CARTESIAN_POINT('',(-1.75,-3.6,-3.77));
#5546=CARTESIAN_POINT('',(-1.75,-3.6,-3.77));
#5547=CARTESIAN_POINT('',(-1.75,-2.28,-3.77));
#5548=CARTESIAN_POINT('',(-1.75,-2.28,-3.77));
#5549=CARTESIAN_POINT('',(-1.75,-2.28,-3.02));
#5550=CARTESIAN_POINT('',(-1.75,-2.28,-3.02));
#5551=CARTESIAN_POINT('',(-1.75,-3.6,-3.02));
#5552=CARTESIAN_POINT('',(-1.75,-3.6,-3.02));
#5553=CARTESIAN_POINT('',(1.75,6.,-0.65));
#5554=CARTESIAN_POINT('',(1.75,6.,-4.75));
#5555=CARTESIAN_POINT('',(-0.7,6.,-4.75));
#5556=CARTESIAN_POINT('',(-0.7,6.,-4.52));
#5557=CARTESIAN_POINT('',(-0.7,6.,-4.52));
#5558=CARTESIAN_POINT('',(-0.7,6.,-4.52));
#5559=CARTESIAN_POINT('',(-1.75,6.,-4.52));
#5560=CARTESIAN_POINT('',(-1.75,6.,-0.65));
#5561=CARTESIAN_POINT('',(-1.75,6.,-0.65));
#5562=CARTESIAN_POINT('',(1.75,6.,-0.65));
#5563=CARTESIAN_POINT('',(1.75,6.,-4.75));
#5564=CARTESIAN_POINT('',(1.75,5.2,-4.75));
#5565=CARTESIAN_POINT('',(-0.7,5.2,-4.75));
#5566=CARTESIAN_POINT('',(-0.7,5.2,-4.75));
#5567=CARTESIAN_POINT('',(1.75,5.2,-4.75));
#5568=CARTESIAN_POINT('',(1.75,5.2,-4.52));
#5569=CARTESIAN_POINT('',(-0.7,5.2,-4.52));
#5570=CARTESIAN_POINT('',(-0.7,5.2,-4.52));
#5571=CARTESIAN_POINT('',(-1.75,0.,0.));
#5572=CARTESIAN_POINT('',(-1.75,4.7,0.95));
#5573=CARTESIAN_POINT('',(-1.75,4.7,1.55));
#5574=CARTESIAN_POINT('',(-1.75,4.6,3.65));
#5575=CARTESIAN_POINT('',(-1.75,4.6,4.25));
#5576=CARTESIAN_POINT('',(-1.75,5.2,-4.52));
#5577=CARTESIAN_POINT('',(-1.75,4.1,-4.52));
#5578=CARTESIAN_POINT('',(-1.75,4.1,-2.67));
#5579=CARTESIAN_POINT('',(-1.75,4.1,-2.67));
#5580=CARTESIAN_POINT('',(-1.75,4.9,-3.37));
#5581=CARTESIAN_POINT('',(-1.75,4.9,-3.37));
#5582=CARTESIAN_POINT('',(-1.75,4.9,-0.0500000000000001));
#5583=CARTESIAN_POINT('',(-1.75,4.9,-0.0500000000000001));
#5584=CARTESIAN_POINT('',(-1.75,4.9,1.1));
#5585=CARTESIAN_POINT('',(-1.75,3.75,1.1));
#5586=CARTESIAN_POINT('',(-1.75,3.75,2.25));
#5587=CARTESIAN_POINT('',(-1.75,3.75,2.25));
#5588=CARTESIAN_POINT('',(-1.75,3.2,2.25));
#5589=CARTESIAN_POINT('',(-1.75,3.2,2.25));
#5590=CARTESIAN_POINT('',(-1.75,3.2,4.25));
#5591=CARTESIAN_POINT('',(-1.75,3.2,4.25));
#5592=CARTESIAN_POINT('',(-1.75,4.25,4.25));
#5593=CARTESIAN_POINT('',(-1.75,4.25,4.25));
#5594=CARTESIAN_POINT('',(-1.75,4.25,6.75));
#5595=CARTESIAN_POINT('',(-1.75,4.25,6.72519193941918));
#5596=CARTESIAN_POINT('',(-1.75,4.05869748825108,6.));
#5597=CARTESIAN_POINT('',(-1.75,4.71431544534223,6.36423219838398));
#5598=CARTESIAN_POINT('',(-1.75,4.5,6.75));
#5599=CARTESIAN_POINT('',(-1.75,6.,4.05));
#5600=CARTESIAN_POINT('',(-1.75,6.,4.05));
#5601=CARTESIAN_POINT('',(-1.75,6.,0.650000000000001));
#5602=CARTESIAN_POINT('',(-1.75,6.,0.650000000000001));
#5603=CARTESIAN_POINT('',(-1.75,5.9,0.650000000000001));
#5604=CARTESIAN_POINT('',(-1.75,5.9,0.650000000000001));
#5605=CARTESIAN_POINT('',(-1.75,5.9,-0.65));
#5606=CARTESIAN_POINT('',(-1.75,5.9,-0.65));
#5607=CARTESIAN_POINT('',(-1.75,0.,0.));
#5608=CARTESIAN_POINT('',(-1.75,3.5,-4.52));
#5609=CARTESIAN_POINT('',(-1.75,3.5,-4.52));
#5610=CARTESIAN_POINT('',(-1.75,3.5,-3.42));
#5611=CARTESIAN_POINT('',(-1.75,5.2,-4.52));
#5612=CARTESIAN_POINT('',(-1.75,-1.1,-4.52));
#5613=CARTESIAN_POINT('',(-1.75,-1.1,-2.67));
#5614=CARTESIAN_POINT('',(-1.75,-1.1,-2.67));
#5615=CARTESIAN_POINT('',(-1.75,2.75,-2.67));
#5616=CARTESIAN_POINT('',(-1.75,2.75,-2.67));
#5617=CARTESIAN_POINT('',(-1.75,2.75,-3.42));
#5618=CARTESIAN_POINT('',(1.75,4.5,6.75));
#5619=CARTESIAN_POINT('',(1.75,4.71431544534223,6.36423219838398));
#5620=CARTESIAN_POINT('',(1.75,6.,4.05));
#5621=CARTESIAN_POINT('',(1.75,6.,4.05));
#5622=CARTESIAN_POINT('',(1.75,6.,0.650000000000001));
#5623=CARTESIAN_POINT('',(1.75,6.,0.650000000000001));
#5624=CARTESIAN_POINT('',(1.75,5.9,0.650000000000001));
#5625=CARTESIAN_POINT('',(1.75,5.9,0.650000000000001));
#5626=CARTESIAN_POINT('',(1.75,5.9,-0.65));
#5627=CARTESIAN_POINT('',(1.75,5.9,-0.65));
#5628=CARTESIAN_POINT('',(1.75,5.2,-4.52));
#5629=CARTESIAN_POINT('',(1.05,4.1,-4.52));
#5630=CARTESIAN_POINT('',(1.05,4.1,-4.52));
#5631=CARTESIAN_POINT('',(1.05,3.5,-4.52));
#5632=CARTESIAN_POINT('',(-0.45,4.1,-4.52));
#5633=CARTESIAN_POINT('',(-0.7,5.2,-4.52));
#5634=CARTESIAN_POINT('',(1.75,-5.2,-4.52));
#5635=CARTESIAN_POINT('',(-0.700000000000002,-5.2,-4.52));
#5636=CARTESIAN_POINT('',(-0.700000000000002,-5.2,-4.52));
#5637=CARTESIAN_POINT('',(-0.700000000000002,-6.,-4.52));
#5638=CARTESIAN_POINT('',(-0.700000000000002,-6.,-4.52));
#5639=CARTESIAN_POINT('',(-0.45,-1.7,-4.52));
#5640=CARTESIAN_POINT('',(1.05,-1.7,-4.52));
#5641=CARTESIAN_POINT('',(1.05,-1.1,-4.52));
#5642=CARTESIAN_POINT('',(1.05,-1.1,-4.52));
#5643=CARTESIAN_POINT('',(-0.45,-1.1,-4.52));
#5644=CARTESIAN_POINT('',(-0.45,3.5,-4.52));
#5645=CARTESIAN_POINT('',(1.75,-5.2,-4.52));
#5646=CARTESIAN_POINT('',(-0.700000000000002,-5.2,-4.52));
#5647=CARTESIAN_POINT('',(-0.700000000000002,-5.2,-4.75));
#5648=CARTESIAN_POINT('',(1.75,-5.2,-4.75));
#5649=CARTESIAN_POINT('',(1.75,-5.2,-4.75));
#5650=CARTESIAN_POINT('',(-0.700000000000002,-5.2,-4.75));
#5651=CARTESIAN_POINT('',(-0.700000000000002,-6.,-4.75));
#5652=CARTESIAN_POINT('',(1.75,-6.,-4.75));
#5653=CARTESIAN_POINT('',(1.75,-6.,-4.75));
#5654=CARTESIAN_POINT('',(-0.700000000000002,-6.,-4.52));
#5655=CARTESIAN_POINT('',(1.75,-6.,1.84415663045359));
#5656=CARTESIAN_POINT('',(1.75,4.05869748825108,6.));
#5657=CARTESIAN_POINT('',(1.75,4.25,6.72519193941918));
#5658=CARTESIAN_POINT('',(1.05,4.25,6.72519193941918));
#5659=CARTESIAN_POINT('',(1.05,4.05869748825109,6.00000000000005));
#5660=CARTESIAN_POINT('',(1.75,-5.25,1.84415663045359));
#5661=CARTESIAN_POINT('',(-0.45,4.25,6.75));
#5662=CARTESIAN_POINT('',(-0.45,4.25,4.25));
#5663=CARTESIAN_POINT('',(1.05,4.25,4.25));
#5664=CARTESIAN_POINT('',(1.05,4.25,6.72519193941918));
#5665=CARTESIAN_POINT('',(-0.45,4.25,4.25));
#5666=CARTESIAN_POINT('',(-0.45,3.2,4.25));
#5667=CARTESIAN_POINT('',(1.05,3.2,4.25));
#5668=CARTESIAN_POINT('',(1.05,4.25,4.25));
#5669=CARTESIAN_POINT('',(-0.45,3.2,4.25));
#5670=CARTESIAN_POINT('',(-0.45,3.2,2.25));
#5671=CARTESIAN_POINT('',(-0.45,3.2,2.25));
#5672=CARTESIAN_POINT('',(1.05,3.2,2.25));
#5673=CARTESIAN_POINT('',(1.05,3.2,2.25));
#5674=CARTESIAN_POINT('',(1.05,3.2,4.25));
#5675=CARTESIAN_POINT('',(-0.45,3.2,2.25));
#5676=CARTESIAN_POINT('',(-0.45,3.75,2.25));
#5677=CARTESIAN_POINT('',(-0.45,3.75,2.25));
#5678=CARTESIAN_POINT('',(-0.45,3.2,2.25));
#5679=CARTESIAN_POINT('',(-0.45,3.75,2.25));
#5680=CARTESIAN_POINT('',(-0.45,3.75,1.1));
#5681=CARTESIAN_POINT('',(-0.45,3.75,1.1));
#5682=CARTESIAN_POINT('',(-0.45,3.75,2.25));
#5683=CARTESIAN_POINT('',(-0.45,4.9,1.1));
#5684=CARTESIAN_POINT('',(-0.45,4.9,-0.0500000000000001));
#5685=CARTESIAN_POINT('',(1.05,4.9,-0.050000000000001));
#5686=CARTESIAN_POINT('',(1.05,4.89999999999999,1.09999999999999));
#5687=CARTESIAN_POINT('',(1.05,3.75,1.1));
#5688=CARTESIAN_POINT('',(1.05,3.75,1.1));
#5689=CARTESIAN_POINT('',(-0.45,4.9,-0.0500000000000001));
#5690=CARTESIAN_POINT('',(-0.45,4.9,-3.37));
#5691=CARTESIAN_POINT('',(1.05,4.9,-3.37));
#5692=CARTESIAN_POINT('',(1.05,4.9,-0.050000000000001));
#5693=CARTESIAN_POINT('',(-0.45,4.9,-3.37));
#5694=CARTESIAN_POINT('',(-0.45,4.1,-2.67));
#5695=CARTESIAN_POINT('',(1.05,4.1,-2.67));
#5696=CARTESIAN_POINT('',(1.05,4.9,-3.37));
#5697=CARTESIAN_POINT('',(-0.45,4.1,-2.67));
#5698=CARTESIAN_POINT('',(1.05,4.1,-2.67));
#5699=CARTESIAN_POINT('',(-0.45,3.5,-4.52));
#5700=CARTESIAN_POINT('',(-0.45,3.5,-3.42));
#5701=CARTESIAN_POINT('',(1.05,3.5,-3.42));
#5702=CARTESIAN_POINT('',(1.05,3.5,-4.52));
#5703=CARTESIAN_POINT('',(-0.45,2.75,-3.42));
#5704=CARTESIAN_POINT('',(-0.45,2.75,-2.67));
#5705=CARTESIAN_POINT('',(1.05,2.75,-2.67));
#5706=CARTESIAN_POINT('',(1.05,2.75000000000002,-3.41999999999998));
#5707=CARTESIAN_POINT('',(-0.45,2.75,-2.67));
#5708=CARTESIAN_POINT('',(-0.45,-1.1,-2.67));
#5709=CARTESIAN_POINT('',(1.05,-1.1,-2.67));
#5710=CARTESIAN_POINT('',(1.05,2.75,-2.67));
#5711=CARTESIAN_POINT('',(-0.45,-1.1,-2.67));
#5712=CARTESIAN_POINT('',(1.05,-1.1,-2.67));
#5713=CARTESIAN_POINT('',(-0.45,-1.7,-4.52));
#5714=CARTESIAN_POINT('',(-0.45,-1.7,-3.42));
#5715=CARTESIAN_POINT('',(1.05,-1.7,-3.42));
#5716=CARTESIAN_POINT('',(1.05,-1.7,-4.52));
#5717=CARTESIAN_POINT('',(-0.45,-2.45,-3.42));
#5718=CARTESIAN_POINT('',(-0.45,-2.45,-2.67));
#5719=CARTESIAN_POINT('',(1.05,-2.45,-2.67));
#5720=CARTESIAN_POINT('',(1.05,-2.45,-3.42));
#5721=CARTESIAN_POINT('',(-0.45,-2.45,-2.67));
#5722=CARTESIAN_POINT('',(-0.45,-3.85,-2.67));
#5723=CARTESIAN_POINT('',(1.05,-3.85,-2.67));
#5724=CARTESIAN_POINT('',(1.05,-2.45,-2.67));
#5725=CARTESIAN_POINT('',(-0.45,-3.85,-1.32));
#5726=CARTESIAN_POINT('',(1.05,-3.85,-1.32));
#5727=CARTESIAN_POINT('',(-0.45,1.15,2.65));
#5728=CARTESIAN_POINT('',(1.05,1.15,3.05));
#5729=CARTESIAN_POINT('',(1.05,1.15,3.05));
#5730=CARTESIAN_POINT('',(1.05,1.15,3.05));
#5731=CARTESIAN_POINT('',(-0.45,1.15,3.05));
#5732=CARTESIAN_POINT('',(-0.45,1.15,2.65));
#5733=CARTESIAN_POINT('',(-0.45,4.9,1.1));
#5734=CARTESIAN_POINT('',(-0.45,3.75,0.6));
#5735=CARTESIAN_POINT('',(-0.45,3.75,0.6));
#5736=CARTESIAN_POINT('',(-0.45,1.15,2.65));
#5737=CARTESIAN_POINT('',(-0.45,3.2,2.25));
#5738=CARTESIAN_POINT('',(1.05,3.2,2.25));
#5739=CARTESIAN_POINT('',(1.05,3.2,2.25));
#5740=CARTESIAN_POINT('',(1.05,4.05869748825109,6.00000000000005));
#5741=CARTESIAN_POINT('',(1.05,1.15,2.65));
#5742=CARTESIAN_POINT('',(1.05,3.75,0.6));
#5743=CARTESIAN_POINT('',(1.05,3.75,0.6));
#5744=CARTESIAN_POINT('',(1.05,1.15,2.65));
#5745=CARTESIAN_POINT('',(1.05,3.75,0.6));
#5746=CARTESIAN_POINT('',(1.05,3.75,0.6));
#5747=CARTESIAN_POINT('',(1.05,4.89999999999999,1.09999999999999));
#5748=CARTESIAN_POINT('',(1.05,-2.35,-0.470000000000001));
#5749=CARTESIAN_POINT('',(1.05,-2.35,-0.470000000000001));
#5750=CARTESIAN_POINT('',(1.05,-3.7,-0.47));
#5751=CARTESIAN_POINT('',(1.05,-3.7,-1.37));
#5752=CARTESIAN_POINT('',(1.05,-3.7,-2.27));
#5753=CARTESIAN_POINT('',(1.05,-3.7,-2.27));
#5754=CARTESIAN_POINT('',(1.05,1.4,-2.27));
#5755=CARTESIAN_POINT('',(1.05,1.4,-2.27));
#5756=CARTESIAN_POINT('',(1.05,1.4,-1.57));
#5757=CARTESIAN_POINT('',(1.05,1.4,-1.57));
#5758=CARTESIAN_POINT('',(-1.75,0.,0.));
#5759=CARTESIAN_POINT('',(-1.75,-2.8,-1.37));
#5760=CARTESIAN_POINT('',(-1.75,-2.8,-0.770000000000001));
#5761=CARTESIAN_POINT('',(-1.75,1.4,-2.27));
#5762=CARTESIAN_POINT('',(-1.75,1.4,-2.27));
#5763=CARTESIAN_POINT('',(-1.75,1.4,-1.57));
#5764=CARTESIAN_POINT('',(-1.75,-3.7,-2.27));
#5765=CARTESIAN_POINT('',(-1.75,-3.7,-2.27));
#5766=CARTESIAN_POINT('',(-1.75,-3.7,-1.37));
#5767=CARTESIAN_POINT('',(-1.75,-3.7,-0.47));
#5768=CARTESIAN_POINT('',(-1.75,-2.35,-0.470000000000001));
#5769=CARTESIAN_POINT('',(-1.75,-2.35,-0.470000000000001));
#5770=CARTESIAN_POINT('',(-1.75,1.4,-1.57));
#5771=CARTESIAN_POINT('',(-0.45,1.4,-1.57));
#5772=CARTESIAN_POINT('',(-0.45,1.4,-1.57));
#5773=CARTESIAN_POINT('',(-0.45,-2.35,-0.470000000000001));
#5774=CARTESIAN_POINT('',(-0.45,1.4,-2.27));
#5775=CARTESIAN_POINT('',(-0.45,1.4,-2.27));
#5776=CARTESIAN_POINT('',(-0.45,-3.7,-2.27));
#5777=CARTESIAN_POINT('',(-0.45,-3.7,-2.27));
#5778=CARTESIAN_POINT('',(-0.45,-3.7,-1.37));
#5779=CARTESIAN_POINT('',(-0.45,-3.7,-0.47));
#5780=CARTESIAN_POINT('',(-0.45,-2.35,-0.470000000000001));
#5781=CARTESIAN_POINT('',(-0.7,5.2,-4.52));
#5782=CARTESIAN_POINT('',(-0.700000000000002,-5.2,-4.52));
#5783=CARTESIAN_POINT('',(-3.25,4.6,3.65));
#5784=CARTESIAN_POINT('',(-3.25,4.6,3.65));
#5785=CARTESIAN_POINT('',(-3.25,4.,3.65));
#5786=CARTESIAN_POINT('',(-3.25,4.6,3.65));
#5787=CARTESIAN_POINT('',(-3.25,4.7,0.95));
#5788=CARTESIAN_POINT('',(-3.25,4.7,0.95));
#5789=CARTESIAN_POINT('',(-3.25,4.1,0.95));
#5790=CARTESIAN_POINT('',(-3.25,4.7,0.95));
#5791=CARTESIAN_POINT('',(-3.25,-2.8,-1.37));
#5792=CARTESIAN_POINT('',(-3.25,-2.8,-1.37));
#5793=CARTESIAN_POINT('',(-3.25,-3.4,-1.37));
#5794=CARTESIAN_POINT('',(-3.25,-2.8,-1.37));
#5795=CARTESIAN_POINT('',(-3.25,-4.2,2.33));
#5796=CARTESIAN_POINT('',(-3.25,-4.2,2.33));
#5797=CARTESIAN_POINT('',(-3.25,-4.8,2.33));
#5798=CARTESIAN_POINT('',(-3.25,-4.2,2.33));
#5799=CARTESIAN_POINT('',(-3.25,-4.6,-3.37));
#5800=CARTESIAN_POINT('',(-3.25,-4.6,-3.37));
#5801=CARTESIAN_POINT('',(-3.25,-5.2,-3.37));
#5802=CARTESIAN_POINT('',(-3.25,-4.6,-3.37));
#5803=CARTESIAN_POINT('',(1.05,-2.28,-3.77));
#5804=CARTESIAN_POINT('',(1.05,-2.28,-3.77));
#5805=CARTESIAN_POINT('',(1.05,-2.28,-3.77));
#5806=CARTESIAN_POINT('',(1.05,-2.28,-3.77));
#5807=CARTESIAN_POINT('',(1.05,-2.28,-3.02));
#5808=CARTESIAN_POINT('',(1.05,-2.28,-3.02));
#5809=CARTESIAN_POINT('',(1.05,-2.28,-3.02));
#5810=CARTESIAN_POINT('',(1.05,-2.28,-3.02));
#5811=CARTESIAN_POINT('',(1.05,-3.6,-3.02));
#5812=CARTESIAN_POINT('',(1.05,-3.6,-3.02));
#5813=CARTESIAN_POINT('',(1.05,-3.6,-3.02));
#5814=CARTESIAN_POINT('',(1.05,-3.6,-3.02));
#5815=CARTESIAN_POINT('',(1.05,-3.6,-3.77));
#5816=CARTESIAN_POINT('',(1.05,-3.6,-3.77));
#5817=CARTESIAN_POINT('',(1.05,-3.6,-3.77));
#5818=CARTESIAN_POINT('',(1.05,-3.6,-3.77));
#5819=CARTESIAN_POINT('',(1.05,0.,0.));
#5820=CARTESIAN_POINT('',(0.,-1.38374561733647,6.72561423806434));
#5821=CARTESIAN_POINT('',(0.814407400182903,0.305591767369319,1.80559176736932));
#5822=CARTESIAN_POINT('',(0.945893450425105,-0.383113097947119,3.32409886224606));
#5823=CARTESIAN_POINT('',(1.02421607463899,-1.18111843411608,4.79289605080077));
#5824=CARTESIAN_POINT('',(1.03186197984517,-1.97545243396351,6.26398195639286));
#5825=CARTESIAN_POINT('',(-1.03186197984517,-1.9754524339635,6.26398195639286));
#5826=CARTESIAN_POINT('',(-1.0242161386469,-1.18112508390505,4.79290836603697));
#5827=CARTESIAN_POINT('',(-0.94588414859851,-0.383064376328207,3.32399143724049));
#5828=CARTESIAN_POINT('',(-0.814407400182903,0.305591767369319,1.80559176736932));
#5829=CARTESIAN_POINT('',(-1.13947900998993,-2.78200052077889,5.81159986193192));
#5830=CARTESIAN_POINT('',(-0.673064868566953,-2.41981380211932,6.0145582177093));
#5831=CARTESIAN_POINT('',(-1.03199237120767,-1.98981402171743,6.29057398061968));
#5832=CARTESIAN_POINT('',(-1.13269314676039,-2.31339387550731,5.10231370215587));
#5833=CARTESIAN_POINT('',(-0.755682096465473,-2.00831445100596,5.34270169186536));
#5834=CARTESIAN_POINT('',(-1.0285470857318,-1.58603038708263,5.5430728210989));
#5835=CARTESIAN_POINT('',(-1.0748538638687,-1.37292760658661,3.6885739422036));
#5836=CARTESIAN_POINT('',(-0.859392206872582,-1.16667954984346,3.95942209391932));
#5837=CARTESIAN_POINT('',(-0.985031397271037,-0.791207467345815,4.04031798785703));
#5838=CARTESIAN_POINT('',(-0.930960565275894,-0.403374401354442,2.30253020351927));
#5839=CARTESIAN_POINT('',(-0.839456609703928,-0.230813598562751,2.43481652958276));
#5840=CARTESIAN_POINT('',(-0.877757963064397,-0.0210523359356704,2.53196594978944));
#5841=CARTESIAN_POINT('',(-0.839178652857199,0.0608515099753419,1.61568644765577));
#5842=CARTESIAN_POINT('',(-0.791266915138165,0.19041562106048,1.68655932877089));
#5843=CARTESIAN_POINT('',(-0.810104511916155,0.327959904379396,1.75607244871248));
#5844=CARTESIAN_POINT('',(1.03199238654767,-1.98981581956259,6.2905773088658));
#5845=CARTESIAN_POINT('',(0.673064477117012,-2.41981575184937,6.01456140104082));
#5846=CARTESIAN_POINT('',(1.13947904020382,-2.78200260724821,5.81160302002594));
#5847=CARTESIAN_POINT('',(1.02854672226792,-1.58598130828822,5.54298200127906));
#5848=CARTESIAN_POINT('',(0.755691590347497,-2.00826771193464,5.34262538429299));
#5849=CARTESIAN_POINT('',(1.13269238930161,-2.31333694542971,5.10222750855482));
#5850=CARTESIAN_POINT('',(0.985000767966415,-0.791047791073888,4.03996763497962));
#5851=CARTESIAN_POINT('',(0.859369956270055,-1.16645343953245,3.95902582164889));
#5852=CARTESIAN_POINT('',(1.07481255820449,-1.37271655593738,3.68826254777556));
#5853=CARTESIAN_POINT('',(0.877809420024064,-0.0213154989278107,2.53255383399914));
#5854=CARTESIAN_POINT('',(0.839494690309823,-0.231139569123415,2.43539763711086));
#5855=CARTESIAN_POINT('',(0.931030363398798,-0.40372496197304,2.30305002030536));
#5856=CARTESIAN_POINT('',(0.810102676183609,0.327969374568063,1.75605139537666));
#5857=CARTESIAN_POINT('',(0.7912656383179,0.190426781735913,1.68653950329931));
#5858=CARTESIAN_POINT('',(0.83917616241501,0.0608641064088672,1.6156678106318));
#5859=CARTESIAN_POINT('',(-0.0500000000000001,4.6,3.65));
#5860=CARTESIAN_POINT('',(-0.0500000000000001,4.6,3.65));
#5861=CARTESIAN_POINT('',(-0.0500000000000001,5.2,3.65));
#5862=CARTESIAN_POINT('',(-0.0500000000000001,4.6,3.65));
#5863=CARTESIAN_POINT('',(-0.0500000000000001,-4.2,2.33));
#5864=CARTESIAN_POINT('',(-0.0500000000000001,-4.2,2.33));
#5865=CARTESIAN_POINT('',(-0.0500000000000001,-3.6,2.33));
#5866=CARTESIAN_POINT('',(-0.0500000000000001,-4.2,2.33));
#5867=CARTESIAN_POINT('',(-0.0500000000000001,-2.8,-1.37));
#5868=CARTESIAN_POINT('',(-0.0500000000000001,-2.8,-1.37));
#5869=CARTESIAN_POINT('',(-0.0500000000000001,-2.2,-1.37));
#5870=CARTESIAN_POINT('',(-0.0500000000000001,-2.8,-1.37));
#5871=CARTESIAN_POINT('',(-0.0500000000000001,-4.6,-3.37));
#5872=CARTESIAN_POINT('',(-0.0500000000000001,-4.6,-3.37));
#5873=CARTESIAN_POINT('',(-0.0500000000000001,-4.,-3.37));
#5874=CARTESIAN_POINT('',(-0.0500000000000001,-4.6,-3.37));
#5875=CARTESIAN_POINT('',(-0.0500000000000001,4.7,0.95));
#5876=CARTESIAN_POINT('',(-0.0500000000000001,4.7,0.95));
#5877=CARTESIAN_POINT('',(-0.0500000000000001,5.3,0.95));
#5878=CARTESIAN_POINT('',(-0.0500000000000001,4.7,0.95));
#5879=CARTESIAN_POINT('',(1.25,1.7,0.5));
#5880=CARTESIAN_POINT('',(1.5,1.7,0.75));
#5881=CARTESIAN_POINT('',(1.25,1.7,1.));
#5882=CARTESIAN_POINT('',(1.25,1.7,0.5));
#5883=CARTESIAN_POINT('',(1.25,1.7,4.));
#5884=CARTESIAN_POINT('',(1.25,1.7,4.));
#5885=CARTESIAN_POINT('',(1.25,1.7,4.));
#5886=CARTESIAN_POINT('',(1.25,1.7,4.));
#5887=CARTESIAN_POINT('',(1.25,3.1,4.));
#5888=CARTESIAN_POINT('',(1.25,3.1,4.));
#5889=CARTESIAN_POINT('',(1.25,3.1,4.));
#5890=CARTESIAN_POINT('',(1.25,3.1,4.));
#5891=CARTESIAN_POINT('',(1.25,3.1,1.));
#5892=CARTESIAN_POINT('',(-0.25,3.1,2.5));
#5893=CARTESIAN_POINT('',(1.25,0.,0.));
#5894=CARTESIAN_POINT('',(1.25,-1.54886024640786E-16,1.));
#5895=CARTESIAN_POINT('',(1.25,1.7,5.15));
#5896=CARTESIAN_POINT('',(1.59615384615385,1.7,5.38076923076923));
#5897=CARTESIAN_POINT('',(1.25,1.7,5.9));
#5898=CARTESIAN_POINT('',(1.25,1.7,5.15));
#5899=CARTESIAN_POINT('',(1.25,3.1,6.75));
#5900=CARTESIAN_POINT('',(1.25,3.1,6.75));
#5901=CARTESIAN_POINT('',(1.25,3.1,5.9));
#5902=CARTESIAN_POINT('',(0.857692307692308,3.1,6.48846153846154));
#5903=CARTESIAN_POINT('',(1.25,0.,0.));
#5904=CARTESIAN_POINT('',(1.25,0.,5.9));
#5905=CARTESIAN_POINT('',(1.75,3.1,0.500000000000001));
#5906=CARTESIAN_POINT('',(1.75,3.1,5.15));
#5907=CARTESIAN_POINT('',(0.,0.,0.));
#5908=CARTESIAN_POINT('',(0.4,0.862836037979686,-6.39878731889699));
#5909=CARTESIAN_POINT('',(1.3,-1.51642766196488,1.38343358413095));
#5910=CARTESIAN_POINT('',(0.3,-1.51642766196488,1.38343358413095));
#5911=CARTESIAN_POINT('',(0.4,-1.51642766196488,1.38343358413095));
#5912=CARTESIAN_POINT('',(0.3,-1.51642766196488,1.38343358413095));
#5913=CARTESIAN_POINT('',(0.3,-1.63337634385397,1.76595548651616));
#5914=CARTESIAN_POINT('',(0.4,-1.63337634385397,1.76595548651616));
#5915=CARTESIAN_POINT('',(0.4,-1.63337634385397,1.76595548651616));
#5916=CARTESIAN_POINT('',(0.4,0.862836037979686,-6.39878731889699));
#5917=CARTESIAN_POINT('',(0.4,0.862836037979686,-6.39878731889699));
#5918=CARTESIAN_POINT('',(0.4,-1.63337634385397,1.76595548651616));
#5919=CARTESIAN_POINT('',(-1.1,-1.63337634385397,1.76595548651616));
#5920=CARTESIAN_POINT('',(-1.3,-1.63337634385397,1.76595548651616));
#5921=CARTESIAN_POINT('',(-1.1,-1.51642766196488,1.38343358413095));
#5922=CARTESIAN_POINT('',(-1.1,-1.51642766196488,1.38343358413095));
#5923=CARTESIAN_POINT('',(1.3,-1.51642766196488,1.38343358413095));
#5924=CARTESIAN_POINT('',(-1.3,-1.51642766196488,1.38343358413095));
#5925=CARTESIAN_POINT('',(-1.3,0.862836037979686,-6.39878731889699));
#5926=CARTESIAN_POINT('',(1.3,1.75074711131022,2.80058585660375));
#5927=CARTESIAN_POINT('',(1.3,1.86769579319932,2.41806395421853));
#5928=CARTESIAN_POINT('',(1.3,1.86769579319932,2.41806395421853));
#5929=CARTESIAN_POINT('',(0.4,1.86769579319932,2.41806395421853));
#5930=CARTESIAN_POINT('',(0.4,4.24695949314388,-5.3641569488094));
#5931=CARTESIAN_POINT('',(0.4,1.75074711131022,2.80058585660375));
#5932=CARTESIAN_POINT('',(1.3,1.75074711131022,2.80058585660375));
#5933=CARTESIAN_POINT('',(1.3,1.75074711131022,2.80058585660375));
#5934=CARTESIAN_POINT('',(1.3,1.75074711131022,2.80058585660375));
#5935=CARTESIAN_POINT('',(1.3,1.86769579319932,2.41806395421853));
#5936=CARTESIAN_POINT('',(0.4,1.86769579319932,2.41806395421853));
#5937=CARTESIAN_POINT('',(1.3,1.86769579319932,2.41806395421853));
#5938=CARTESIAN_POINT('',(1.3,-3.10508893780847,0.8977310896603));
#5939=CARTESIAN_POINT('',(1.3,-3.10508893780847,0.897731089660301));
#5940=CARTESIAN_POINT('',(-1.3,-3.10508893780847,0.897731089660301));
#5941=CARTESIAN_POINT('',(-1.3,1.86769579319932,2.41806395421853));
#5942=CARTESIAN_POINT('',(0.3,-1.51642766196488,1.38343358413095));
#5943=CARTESIAN_POINT('',(1.3,1.75074711131022,2.80058585660375));
#5944=CARTESIAN_POINT('',(0.4,1.75074711131022,2.80058585660375));
#5945=CARTESIAN_POINT('',(-1.1,-1.63337634385397,1.76595548651616));
#5946=CARTESIAN_POINT('',(-1.3,1.75074711131022,2.80058585660375));
#5947=CARTESIAN_POINT('',(-1.3,-3.22203761969756,1.28025299204551));
#5948=CARTESIAN_POINT('',(1.3,-3.22203761969756,1.28025299204551));
#5949=CARTESIAN_POINT('',(1.3,-3.22203761969756,1.28025299204551));
#5950=CARTESIAN_POINT('',(1.3,1.75074711131022,2.80058585660375));
#5951=CARTESIAN_POINT('',(1.3,-2.830625,-1.33875));
#5952=CARTESIAN_POINT('',(1.3,-2.830625,4.58068738220731E-16));
#5953=CARTESIAN_POINT('',(1.3,-2.830625,-1.33875));
#5954=CARTESIAN_POINT('',(1.3,-2.830625,-1.33875));
#5955=CARTESIAN_POINT('',(1.3,2.830625,-1.33875));
#5956=CARTESIAN_POINT('',(1.3,2.830625,-1.33875));
#5957=CARTESIAN_POINT('',(1.3,2.830625,-0.93875));
#5958=CARTESIAN_POINT('',(1.3,-2.830625,-0.93875));
#5959=CARTESIAN_POINT('',(1.3,-2.830625,-0.93875));
#5960=CARTESIAN_POINT('',(1.3,-2.830625,4.58068738220731E-16));
#5961=CARTESIAN_POINT('',(1.3,2.830625,-1.33875));
#5962=CARTESIAN_POINT('',(-1.3,2.830625,-1.33875));
#5963=CARTESIAN_POINT('',(-1.3,2.830625,-1.33875));
#5964=CARTESIAN_POINT('',(-1.3,2.830625,-0.93875));
#5965=CARTESIAN_POINT('',(1.3,2.830625,-0.93875));
#5966=CARTESIAN_POINT('',(1.3,2.830625,-1.33875));
#5967=CARTESIAN_POINT('',(-1.3,1.75074711131022,2.80058585660375));
#5968=CARTESIAN_POINT('',(-1.3,-2.830625,4.58068738220731E-16));
#5969=CARTESIAN_POINT('',(-1.3,-2.830625,-0.93875));
#5970=CARTESIAN_POINT('',(-1.3,-2.830625,-0.93875));
#5971=CARTESIAN_POINT('',(-1.3,-2.830625,-1.33875));
#5972=CARTESIAN_POINT('',(-1.3,-2.830625,-1.33875));
#5973=CARTESIAN_POINT('',(-1.3,-2.830625,4.58068738220731E-16));
#5974=CARTESIAN_POINT('',(1.3,-2.830625,4.58068738220731E-16));
#5975=CARTESIAN_POINT('',(1.3,-2.830625,-0.93875));
#5976=CARTESIAN_POINT('',(1.3,-2.830625,-0.93875));
#5977=CARTESIAN_POINT('',(1.3,-2.830625,4.58068738220731E-16));
#5978=CARTESIAN_POINT('',(1.3,-2.830625,-1.33875));
#5979=CARTESIAN_POINT('',(1.3,-2.830625,-1.33875));
#5980=CARTESIAN_POINT('',(0.4,4.24695949314388,-5.3641569488094));
#5981=CARTESIAN_POINT('',(-0.799999999999999,-2.78665807822531,7.24832187715127));
#5982=CARTESIAN_POINT('',(-0.799999999999999,-2.78665807822531,7.24832187715127));
#5983=CARTESIAN_POINT('',(-0.599999999999999,-2.78665807822531,7.24832187715127));
#5984=CARTESIAN_POINT('',(-0.2,-2.78665807822531,7.24832187715127));
#5985=CARTESIAN_POINT('',(-0.199999999999999,-2.78665807822531,7.24832187715127));
#5986=CARTESIAN_POINT('',(-0.199999999999999,-2.40413617584009,7.36527055904035));
#5987=CARTESIAN_POINT('',(-0.799999999999999,-2.40413617584009,7.36527055904035));
#5988=CARTESIAN_POINT('',(-0.599999999999999,-2.40413617584009,7.36527055904035));
#5989=CARTESIAN_POINT('',(-0.599999999999999,-2.78665807822531,7.24832187715127));
#5990=CARTESIAN_POINT('',(-0.799999999999999,-2.4095463501867,6.01484499403487));
#5991=CARTESIAN_POINT('',(6.50521303491303E-16,-2.4095463501867,6.01484499403487));
#5992=CARTESIAN_POINT('',(6.50521303491303E-16,-2.4095463501867,6.01484499403487));
#5993=CARTESIAN_POINT('',(7.52429791230143E-16,-2.59661647015557,6.62672378577529));
#5994=CARTESIAN_POINT('',(-0.199999999999999,-2.78665807822531,7.24832187715127));
#5995=CARTESIAN_POINT('',(-0.799999999999999,-2.59661647015557,6.62672378577529));
#5996=CARTESIAN_POINT('',(-0.799999999999999,-2.59661647015557,6.62672378577529));
#5997=CARTESIAN_POINT('',(-0.799999999999999,-2.4095463501867,6.01484499403487));
#5998=CARTESIAN_POINT('',(-0.799999999999999,-2.4095463501867,6.01484499403487));
#5999=CARTESIAN_POINT('',(-0.799999999999999,-2.4095463501867,6.01484499403487));
#6000=CARTESIAN_POINT('',(-0.799999999999999,-2.01746140024186,6.13471739297119));
#6001=CARTESIAN_POINT('',(5.42101086242752E-16,-2.01746140024186,6.13471739297119));
#6002=CARTESIAN_POINT('',(4.33680868994202E-16,-2.19020291103915,5.76288359885414));
#6003=CARTESIAN_POINT('',(-0.799999999999999,-2.01746140024186,6.13471739297119));
#6004=CARTESIAN_POINT('',(-0.799999999999999,-2.19020291103915,5.76288359885414));
#6005=CARTESIAN_POINT('',(-0.799999999999999,-2.19020291103915,5.76288359885414));
#6006=CARTESIAN_POINT('',(-0.799999999999999,-2.36294442183643,5.3910498047371));
#6007=CARTESIAN_POINT('',(4.33680868994202E-16,-2.36294442183643,5.3910498047371));
#6008=CARTESIAN_POINT('',(4.33680868994202E-16,-2.0118084001047,5.17938144564105));
#6009=CARTESIAN_POINT('',(-0.799999999999999,-2.36294442183643,5.3910498047371));
#6010=CARTESIAN_POINT('',(-0.799999999999999,-2.0118084001047,5.17938144564105));
#6011=CARTESIAN_POINT('',(-0.799999999999999,-2.0118084001047,5.17938144564105));
#6012=CARTESIAN_POINT('',(-0.799999999999999,-1.66067237837298,4.96771308654499));
#6013=CARTESIAN_POINT('',(4.33680868994202E-16,-1.66067237837298,4.96771308654499));
#6014=CARTESIAN_POINT('',(4.33680868994202E-16,-2.05275732831783,4.84784068760867));
#6015=CARTESIAN_POINT('',(-0.799999999999999,-1.66067237837298,4.96771308654499));
#6016=CARTESIAN_POINT('',(-0.799999999999999,-2.05275732831783,4.84784068760867));
#6017=CARTESIAN_POINT('',(-0.799999999999999,-2.05275732831783,4.84784068760867));
#6018=CARTESIAN_POINT('',(-0.799999999999999,-1.66067237837298,4.96771308654499));
#6019=CARTESIAN_POINT('',(2.16840434497101E-16,-1.66067237837298,4.96771308654499));
#6020=CARTESIAN_POINT('',(4.33680868994202E-16,-1.67023542593261,4.96478936949777));
#6021=CARTESIAN_POINT('',(2.16840434497101E-16,-1.66923667158595,4.97287572944977));
#6022=CARTESIAN_POINT('',(-0.8,-1.67023542593261,4.96478936949777));
#6023=CARTESIAN_POINT('',(-0.799999999999999,-1.67023542593261,4.96478936949776));
#6024=CARTESIAN_POINT('',(-0.799999999999999,-1.66067237837298,4.96771308654499));
#6025=CARTESIAN_POINT('',(-0.799999999999999,-1.66923667158594,4.97287572944978));
#6026=CARTESIAN_POINT('',(-0.799999999999999,-1.66923667158595,4.97287572944977));
#6027=CARTESIAN_POINT('',(-0.799999999999999,-2.36294442183643,5.3910498047371));
#6028=CARTESIAN_POINT('',(2.16840434497101E-16,-2.36294442183643,5.3910498047371));
#6029=CARTESIAN_POINT('',(2.16840434497101E-16,-2.02167460782228,6.1256482760415));
#6030=CARTESIAN_POINT('',(-0.799999999999999,-2.36294442183643,5.3910498047371));
#6031=CARTESIAN_POINT('',(-0.799999999999999,-2.02167460782228,6.12564827604151));
#6032=CARTESIAN_POINT('',(-0.799999999999999,-2.02167460782228,6.1256482760415));
#6033=CARTESIAN_POINT('',(-0.799999999999999,-2.01746140024186,6.13471739297119));
#6034=CARTESIAN_POINT('',(2.16840434497101E-16,-2.01746140024186,6.13471739297119));
#6035=CARTESIAN_POINT('',(4.33680868994202E-16,-2.02702444780149,6.13179367592396));
#6036=CARTESIAN_POINT('',(-0.799999999999999,-2.01746140024186,6.13471739297119));
#6037=CARTESIAN_POINT('',(-0.799999999999999,-2.02702444780148,6.13179367592394));
#6038=CARTESIAN_POINT('',(-0.799999999999999,-2.02702444780149,6.13179367592396));
#6039=CARTESIAN_POINT('',(-0.799999999999999,-2.02702444780148,6.13179367592394));
#6040=CARTESIAN_POINT('',(0.11065677644107,-2.10894760907697,6.39975226249643));
#6041=CARTESIAN_POINT('',(1.0842021724855E-15,-2.21409456777035,6.74367246766436));
#6042=CARTESIAN_POINT('',(1.0842021724855E-15,-2.02702444780148,6.13179367592394));
#6043=CARTESIAN_POINT('',(-0.799999999999999,-2.02702444780148,6.13179367592394));
#6044=CARTESIAN_POINT('',(-0.799999999999999,-2.21409456777035,6.74367246766437));
#6045=CARTESIAN_POINT('',(-0.979845965630257,-2.04320348520419,6.18471292277717));
#6046=CARTESIAN_POINT('',(-0.799999999999999,-2.4095463501867,6.01484499403487));
#6047=CARTESIAN_POINT('',(-0.799999999999999,-2.59661647015557,6.62672378577529));
#6048=CARTESIAN_POINT('',(-0.8,-0.91888791584861,2.50724239874815));
#6049=CARTESIAN_POINT('',(-0.8,-0.918887915848608,2.50724239874815));
#6050=CARTESIAN_POINT('',(-0.8,-1.77956219621534,2.24410786449768));
#6051=CARTESIAN_POINT('',(-0.8,-1.15214329230619,1.59885944798087));
#6052=CARTESIAN_POINT('',(-0.8,-1.15214329230619,1.59885944798087));
#6053=CARTESIAN_POINT('',(-0.8,-1.43099613848804,1.88563652198834));
#6054=CARTESIAN_POINT('',(-0.8,-1.77956219621534,2.24410786449768));
#6055=CARTESIAN_POINT('',(-0.8,-1.30140981823382,2.39029371685905));
#6056=CARTESIAN_POINT('',(-0.8,-1.30140981823382,2.39029371685905));
#6057=CARTESIAN_POINT('',(-0.8,-1.30140981823382,2.39029371685905));
#6058=CARTESIAN_POINT('',(0.,-1.30140981823382,2.39029371685905));
#6059=CARTESIAN_POINT('',(-2.13234210744568E-16,-1.30140981823382,2.39029371685904));
#6060=CARTESIAN_POINT('',(-0.8,-1.30140981823382,2.39029371685905));
#6061=CARTESIAN_POINT('',(0.,-1.77956219621534,2.24410786449768));
#6062=CARTESIAN_POINT('',(7.05577947074469E-16,-3.07476884813685,6.48053793341402));
#6063=CARTESIAN_POINT('',(-1.0842021724855E-15,-1.77956219621534,2.24410786449768));
#6064=CARTESIAN_POINT('',(-4.84078090573675E-16,-1.43099613848804,1.88563652198834));
#6065=CARTESIAN_POINT('',(-4.84078090573675E-16,-1.43099613848804,1.88563652198834));
#6066=CARTESIAN_POINT('',(-4.33680868994202E-16,-1.15214329230619,1.59885944798087));
#6067=CARTESIAN_POINT('',(-6.50521303491303E-16,-1.77956219621534,2.24410786449768));
#6068=CARTESIAN_POINT('',(-4.33680868994202E-16,-0.918887915848607,2.50724239874814));
#6069=CARTESIAN_POINT('',(0.,-0.91888791584861,2.50724239874815));
#6070=CARTESIAN_POINT('',(-0.8,-0.91888791584861,2.50724239874815));
#6071=CARTESIAN_POINT('',(-0.8,-0.918887915848607,2.50724239874814));
#6072=CARTESIAN_POINT('',(0.3,-1.51642766196488,1.38343358413095));
#6073=CARTESIAN_POINT('',(0.260730091830127,-1.51642766196488,1.38343358413095));
#6074=CARTESIAN_POINT('',(0.221475634692216,-1.50573338465922,1.3865090272832));
#6075=CARTESIAN_POINT('',(0.14891430588873,-1.46528126758666,1.40049333076195));
#6076=CARTESIAN_POINT('',(0.115635984007526,-1.43553907075591,1.4115144805043));
#6077=CARTESIAN_POINT('',(0.060099947280546,-1.3638428311159,1.44489508719633));
#6078=CARTESIAN_POINT('',(0.0378640834937219,-1.32197328832806,1.46739574563414));
#6079=CARTESIAN_POINT('',(0.00780819699950528,-1.23609617703814,1.52486241945778));
#6080=CARTESIAN_POINT('',(-1.70323543677078E-16,-1.19225184642894,1.55985917394546));
#6081=CARTESIAN_POINT('',(-1.34083085742473E-16,-1.15214329230619,1.59885944798087));
#6082=CARTESIAN_POINT('',(0.3,-1.63337634385397,1.76595548651616));
#6083=CARTESIAN_POINT('',(0.260730091830127,-1.63337634385397,1.76595548651616));
#6084=CARTESIAN_POINT('',(0.221475634692216,-1.62743507868416,1.76766406604519));
#6085=CARTESIAN_POINT('',(0.14891430588873,-1.60496168031052,1.77543312353338));
#6086=CARTESIAN_POINT('',(0.115635984007526,-1.58843823762677,1.78155598450136));
#6087=CARTESIAN_POINT('',(0.060099947280546,-1.54860699338232,1.80010076599693));
#6088=CARTESIAN_POINT('',(0.0378640834937218,-1.52534613627796,1.81260113179571));
#6089=CARTESIAN_POINT('',(0.00780819699950517,-1.47763663000578,1.84452706169773));
#6090=CARTESIAN_POINT('',(-2.50590199927076E-16,-1.45327866855623,1.86396970307978));
#6091=CARTESIAN_POINT('',(-2.30456612185629E-16,-1.43099613848804,1.88563652198834));
#6092=CARTESIAN_POINT('',(0.3,-1.63337634385397,1.76595548651616));
#6093=CARTESIAN_POINT('',(0.14292036732051,-1.63337634385397,1.76595548651616));
#6094=CARTESIAN_POINT('',(-3.47740998366328E-16,-1.52009194039862,1.79900261643084));
#6095=CARTESIAN_POINT('',(-2.67237656076575E-16,-1.43099613848804,1.88563652198834));
#6096=CARTESIAN_POINT('',(0.3,-1.51642766196488,1.38343358413095));
#6097=CARTESIAN_POINT('',(0.14292036732051,-1.51642766196488,1.38343358413095));
#6098=CARTESIAN_POINT('',(-2.78989101864029E-16,-1.31251573574525,1.44291841797736));
#6099=CARTESIAN_POINT('',(-1.34083085742473E-16,-1.1521432923062,1.59885944798087));
#6100=CARTESIAN_POINT('',(-0.8,-1.15214329230619,1.59885944798087));
#6101=CARTESIAN_POINT('',(-0.8,-1.19225184642894,1.55985917394546));
#6102=CARTESIAN_POINT('',(-0.807808196999505,-1.23609617703814,1.52486241945778));
#6103=CARTESIAN_POINT('',(-0.837864083493722,-1.32197328832806,1.46739574563414));
#6104=CARTESIAN_POINT('',(-0.860099947280546,-1.3638428311159,1.44489508719633));
#6105=CARTESIAN_POINT('',(-0.915635984007525,-1.43553907075591,1.4115144805043));
#6106=CARTESIAN_POINT('',(-0.94891430588873,-1.46528126758666,1.40049333076195));
#6107=CARTESIAN_POINT('',(-1.02147563469222,-1.50573338465922,1.3865090272832));
#6108=CARTESIAN_POINT('',(-1.06073009183013,-1.51642766196488,1.38343358413095));
#6109=CARTESIAN_POINT('',(-1.1,-1.51642766196488,1.38343358413095));
#6110=CARTESIAN_POINT('',(-0.8,-1.43099613848804,1.88563652198834));
#6111=CARTESIAN_POINT('',(-0.8,-1.45327866855623,1.86396970307978));
#6112=CARTESIAN_POINT('',(-0.807808196999505,-1.47763663000578,1.84452706169773));
#6113=CARTESIAN_POINT('',(-0.837864083493722,-1.52534613627796,1.81260113179571));
#6114=CARTESIAN_POINT('',(-0.860099947280546,-1.54860699338232,1.80010076599693));
#6115=CARTESIAN_POINT('',(-0.915635984007525,-1.58843823762677,1.78155598450136));
#6116=CARTESIAN_POINT('',(-0.94891430588873,-1.60496168031051,1.77543312353338));
#6117=CARTESIAN_POINT('',(-1.02147563469222,-1.62743507868416,1.76766406604519));
#6118=CARTESIAN_POINT('',(-1.06073009183013,-1.63337634385397,1.76595548651616));
#6119=CARTESIAN_POINT('',(-1.1,-1.63337634385397,1.76595548651616));
#6120=CARTESIAN_POINT('',(-0.8,-1.43099613848804,1.88563652198834));
#6121=CARTESIAN_POINT('',(-0.8,-1.52009194039862,1.79900261643084));
#6122=CARTESIAN_POINT('',(-0.94292036732051,-1.63337634385397,1.76595548651616));
#6123=CARTESIAN_POINT('',(-1.1,-1.63337634385397,1.76595548651616));
#6124=CARTESIAN_POINT('',(-0.8,-1.15214329230619,1.59885944798087));
#6125=CARTESIAN_POINT('',(-0.8,-1.31251573574525,1.44291841797737));
#6126=CARTESIAN_POINT('',(-0.94292036732051,-1.51642766196488,1.38343358413095));
#6127=CARTESIAN_POINT('',(-1.1,-1.51642766196488,1.38343358413095));
#6128=CARTESIAN_POINT('',(-1.1,-1.77956219621534,2.24410786449768));
#6129=CARTESIAN_POINT('',(-1.1,-1.77956219621534,2.24410786449768));
#6130=CARTESIAN_POINT('',(-0.199999999999999,-2.78665807822531,7.24832187715127));
#6131=CARTESIAN_POINT('',(-0.799999999999999,-2.59661647015557,6.62672378577529));
#6132=CARTESIAN_POINT('',(-0.25,-1.05430985015213,-0.503655343319202));
#6133=CARTESIAN_POINT('',(1.3,1.4,2.675));
#6134=CARTESIAN_POINT('',(1.3,1.4,2.675));
#6135=CARTESIAN_POINT('',(0.958839764740307,1.4,2.675));
#6136=CARTESIAN_POINT('',(-1.3,1.4,2.675));
#6137=CARTESIAN_POINT('',(0.958839764740308,1.4,2.675));
#6138=CARTESIAN_POINT('',(0.958839764740308,1.4,2.025));
#6139=CARTESIAN_POINT('',(1.43646409410388,1.4,2.025));
#6140=CARTESIAN_POINT('',(1.3,1.4,1.68958980337503));
#6141=CARTESIAN_POINT('',(1.3,1.4,2.675));
#6142=CARTESIAN_POINT('',(1.3,1.4,-2.675));
#6143=CARTESIAN_POINT('',(1.3,1.4,-2.675));
#6144=CARTESIAN_POINT('',(0.0999999999999998,1.4,-2.675));
#6145=CARTESIAN_POINT('',(0.0999999999999998,1.4,-2.675));
#6146=CARTESIAN_POINT('',(0.0999999999999998,1.4,-0.125));
#6147=CARTESIAN_POINT('',(0.0999999999999998,1.4,-0.125));
#6148=CARTESIAN_POINT('',(-1.3,1.4,-0.125));
#6149=CARTESIAN_POINT('',(-1.3,1.4,2.675));
#6150=CARTESIAN_POINT('',(-1.3,0.,0.));
#6151=CARTESIAN_POINT('',(-1.3,-0.25,1.525));
#6152=CARTESIAN_POINT('',(-1.3,-1.4,1.525));
#6153=CARTESIAN_POINT('',(-1.3,-1.38778311519455,1.6921812871651));
#6154=CARTESIAN_POINT('',(-1.3,-1.54696133211187,2.025));
#6155=CARTESIAN_POINT('',(-1.3,-1.03259666972033,2.025));
#6156=CARTESIAN_POINT('',(-1.3,-1.03259666972033,0.));
#6157=CARTESIAN_POINT('',(-1.3,-1.03259666972033,2.36764016789057));
#6158=CARTESIAN_POINT('',(-1.3,-0.25,1.525));
#6159=CARTESIAN_POINT('',(-1.3,-0.25,2.675));
#6160=CARTESIAN_POINT('',(-1.3,-1.4,2.675));
#6161=CARTESIAN_POINT('',(-1.3,1.4,-0.125));
#6162=CARTESIAN_POINT('',(-1.3,-0.6,-0.925));
#6163=CARTESIAN_POINT('',(-1.3,-0.6,-3.125));
#6164=CARTESIAN_POINT('',(-1.3,-0.6,1.525));
#6165=CARTESIAN_POINT('',(-1.3,-0.6,1.525));
#6166=CARTESIAN_POINT('',(1.3,-1.4,2.675));
#6167=CARTESIAN_POINT('',(1.3,-0.25,2.675));
#6168=CARTESIAN_POINT('',(-0.57330309240255,-0.25,2.675));
#6169=CARTESIAN_POINT('',(-1.66052335138289,-1.42085258659422,2.675));
#6170=CARTESIAN_POINT('',(1.3,-1.4,2.675));
#6171=CARTESIAN_POINT('',(1.3,-1.4,2.675));
#6172=CARTESIAN_POINT('',(1.3,-0.25,2.675));
#6173=CARTESIAN_POINT('',(1.3,1.03259666972033,2.675));
#6174=CARTESIAN_POINT('',(1.66052335138289,1.42085258659422,2.675));
#6175=CARTESIAN_POINT('',(0.109017378116835,-0.25,2.675));
#6176=CARTESIAN_POINT('',(1.3,-0.25,2.675));
#6177=CARTESIAN_POINT('',(1.3,0.,0.));
#6178=CARTESIAN_POINT('',(1.3,1.03259666972033,0.));
#6179=CARTESIAN_POINT('',(1.3,1.03259666972033,1.9622281323269));
#6180=CARTESIAN_POINT('',(1.3,-0.25,1.525));
#6181=CARTESIAN_POINT('',(1.3,-1.4,1.525));
#6182=CARTESIAN_POINT('',(1.3,-0.6,1.525));
#6183=CARTESIAN_POINT('',(1.3,-0.6,1.525));
#6184=CARTESIAN_POINT('',(1.3,-0.6,-3.125));
#6185=CARTESIAN_POINT('',(1.3,-0.6,-3.125));
#6186=CARTESIAN_POINT('',(1.3,-0.975,-3.125));
#6187=CARTESIAN_POINT('',(1.3,-0.975,-3.125));
#6188=CARTESIAN_POINT('',(1.3,-0.975,-4.675));
#6189=CARTESIAN_POINT('',(1.3,-0.975,-4.675));
#6190=CARTESIAN_POINT('',(1.3,1.96086901652264,-3.525));
#6191=CARTESIAN_POINT('',(1.3,1.96086901652264,-3.525));
#6192=CARTESIAN_POINT('',(1.3,1.775,-2.675));
#6193=CARTESIAN_POINT('',(1.3,1.775,-2.675));
#6194=CARTESIAN_POINT('',(1.3,1.4,-2.675));
#6195=CARTESIAN_POINT('',(1.3,1.25303866788813,2.025));
#6196=CARTESIAN_POINT('',(1.3,1.25303866788813,1.675));
#6197=CARTESIAN_POINT('',(1.3,1.54696133211187,1.9622281323269));
#6198=CARTESIAN_POINT('',(1.3,-0.25,1.525));
#6199=CARTESIAN_POINT('',(-0.573303092402549,-0.25,1.525));
#6200=CARTESIAN_POINT('',(1.3,-0.25,1.525));
#6201=CARTESIAN_POINT('',(0.109017378116835,-0.25,1.525));
#6202=CARTESIAN_POINT('',(-0.878648995599786,-1.31364071015636,1.9622281323269));
#6203=CARTESIAN_POINT('',(-0.878648995599786,-1.31364071015636,1.9622281323269));
#6204=CARTESIAN_POINT('',(-0.925337057355066,-1.36392016127743,1.83991379081353));
#6205=CARTESIAN_POINT('',(-1.02856066317169,-1.38222290034829,1.73544848858939));
#6206=CARTESIAN_POINT('',(-1.15441308634532,-1.39017542509914,1.675));
#6207=CARTESIAN_POINT('',(-1.15441308634532,-1.39017542509914,1.675));
#6208=CARTESIAN_POINT('',(-1.15441308634532,-1.39017542509914,1.675));
#6209=CARTESIAN_POINT('',(-1.20363103838784,-1.39017542509914,1.675));
#6210=CARTESIAN_POINT('',(-1.25220100274714,-1.38951439678192,1.68039873068913));
#6211=CARTESIAN_POINT('',(-1.3,-1.38778311519455,1.6921812871651));
#6212=CARTESIAN_POINT('',(1.3,-1.4,1.525));
#6213=CARTESIAN_POINT('',(1.3,-0.6,-3.125));
#6214=CARTESIAN_POINT('',(0.0999999999999998,-0.6,-0.925000000000001));
#6215=CARTESIAN_POINT('',(0.0999999999999998,-0.6,-0.925000000000001));
#6216=CARTESIAN_POINT('',(0.0999999999999998,-0.6,-0.925000000000001));
#6217=CARTESIAN_POINT('',(0.0999999999999998,-0.6,-3.125));
#6218=CARTESIAN_POINT('',(1.3,-0.6,-3.125));
#6219=CARTESIAN_POINT('',(1.3,-0.6,1.525));
#6220=CARTESIAN_POINT('',(1.3,1.4,-2.675));
#6221=CARTESIAN_POINT('',(0.0999999999999998,1.775,-2.675));
#6222=CARTESIAN_POINT('',(0.0999999999999998,1.775,-2.675));
#6223=CARTESIAN_POINT('',(1.3,1.775,-2.675));
#6224=CARTESIAN_POINT('',(1.3,1.775,-2.675));
#6225=CARTESIAN_POINT('',(0.0999999999999998,1.96086901652264,-3.525));
#6226=CARTESIAN_POINT('',(0.0999999999999998,1.96086901652264,-3.525));
#6227=CARTESIAN_POINT('',(1.3,1.96086901652264,-3.525));
#6228=CARTESIAN_POINT('',(1.3,1.96086901652264,-3.525));
#6229=CARTESIAN_POINT('',(0.0999999999999998,-0.975,-4.675));
#6230=CARTESIAN_POINT('',(0.0999999999999998,-0.975,-4.675));
#6231=CARTESIAN_POINT('',(1.3,-0.975,-4.675));
#6232=CARTESIAN_POINT('',(1.3,-0.975,-4.675));
#6233=CARTESIAN_POINT('',(0.0999999999999998,-0.975,-3.125));
#6234=CARTESIAN_POINT('',(0.0999999999999998,-0.975,-3.125));
#6235=CARTESIAN_POINT('',(1.3,-0.975,-3.125));
#6236=CARTESIAN_POINT('',(1.3,-0.975,-3.125));
#6237=CARTESIAN_POINT('',(0.0999999999999998,-0.6,-3.125));
#6238=CARTESIAN_POINT('',(1.3,-0.6,1.525));
#6239=CARTESIAN_POINT('',(0.0999999999999998,1.4,-0.125));
#6240=CARTESIAN_POINT('',(0.0999999999999998,1.4,-0.125));
#6241=CARTESIAN_POINT('',(0.0999999999999998,0.,0.));
#6242=CARTESIAN_POINT('',(1.66052335138289,1.42085258659422,1.675));
#6243=CARTESIAN_POINT('',(-0.949716945189507,-1.39017542509914,1.9622281323269));
#6244=CARTESIAN_POINT('',(-1.66052335138289,-1.42085258659422,1.675));
#6245=CARTESIAN_POINT('',(-1.66052335138289,-1.42085258659422,2.025));
#6246=CARTESIAN_POINT('',(-1.40404562931369,-1.65901047137277,2.025));
#6247=CARTESIAN_POINT('',(0.0732793491626301,-0.068045109936728,1.675));
#6248=CARTESIAN_POINT('',(-0.07327934916263,0.0680451099367279,1.9622281323269));
#6249=CARTESIAN_POINT('',(-0.25,2.6,5.375));
#6250=CARTESIAN_POINT('',(0.,0.,0.));
#6251=CARTESIAN_POINT('',(0.,0.,0.));
#6252=CARTESIAN_POINT('',(1.3,3.32890949401833,3.28419455034121));
#6253=CARTESIAN_POINT('',(1.3,3.44585817590742,2.901672647956));
#6254=CARTESIAN_POINT('',(1.3,3.44585817590742,2.901672647956));
#6255=CARTESIAN_POINT('',(0.3,3.44585817590742,2.901672647956));
#6256=CARTESIAN_POINT('',(0.3,3.44585817590742,2.901672647956));
#6257=CARTESIAN_POINT('',(0.3,3.32890949401833,3.28419455034122));
#6258=CARTESIAN_POINT('',(1.3,3.32890949401833,3.28419455034121));
#6259=CARTESIAN_POINT('',(1.3,3.32890949401833,3.28419455034121));
#6260=CARTESIAN_POINT('',(1.3,3.32890949401833,3.28419455034121));
#6261=CARTESIAN_POINT('',(1.3,3.32890949401833,3.28419455034121));
#6262=CARTESIAN_POINT('',(1.3,3.32890949401833,3.28419455034121));
#6263=CARTESIAN_POINT('',(-1.1,3.32890949401833,3.28419455034121));
#6264=CARTESIAN_POINT('',(-1.3,3.32890949401833,3.28419455034121));
#6265=CARTESIAN_POINT('',(-1.1,3.44585817590742,2.901672647956));
#6266=CARTESIAN_POINT('',(-1.1,3.44585817590742,2.901672647956));
#6267=CARTESIAN_POINT('',(1.3,3.44585817590742,2.901672647956));
#6268=CARTESIAN_POINT('',(-1.3,3.44585817590742,2.901672647956));
#6269=CARTESIAN_POINT('',(-1.3,3.32890949401833,3.28419455034121));
#6270=CARTESIAN_POINT('',(1.3,-2.83,-1.34));
#6271=CARTESIAN_POINT('',(1.3,-2.83,4.58030468008258E-16));
#6272=CARTESIAN_POINT('',(1.3,-3.22177808432847,1.28144837299047));
#6273=CARTESIAN_POINT('',(1.3,-2.83,-1.34));
#6274=CARTESIAN_POINT('',(1.3,-2.83,-1.34));
#6275=CARTESIAN_POINT('',(1.3,2.83,-1.34));
#6276=CARTESIAN_POINT('',(1.3,2.83,-1.34));
#6277=CARTESIAN_POINT('',(1.3,2.83,-0.94));
#6278=CARTESIAN_POINT('',(1.3,-2.83,-0.94));
#6279=CARTESIAN_POINT('',(1.3,-2.83,-0.94));
#6280=CARTESIAN_POINT('',(1.3,-2.83,4.58030468008258E-16));
#6281=CARTESIAN_POINT('',(1.3,-3.10482940243937,0.898926470605254));
#6282=CARTESIAN_POINT('',(1.3,3.44585817590742,2.901672647956));
#6283=CARTESIAN_POINT('',(1.3,3.32890949401833,3.28419455034121));
#6284=CARTESIAN_POINT('',(1.3,2.83,-1.34));
#6285=CARTESIAN_POINT('',(1.3,2.83,-1.34));
#6286=CARTESIAN_POINT('',(-1.3,2.83,-1.34));
#6287=CARTESIAN_POINT('',(-1.3,2.83,-1.34));
#6288=CARTESIAN_POINT('',(-1.3,2.83,-0.94));
#6289=CARTESIAN_POINT('',(1.3,2.83,-0.94));
#6290=CARTESIAN_POINT('',(-1.3,3.32890949401833,3.28419455034121));
#6291=CARTESIAN_POINT('',(-1.3,3.44585817590742,2.901672647956));
#6292=CARTESIAN_POINT('',(-1.3,-3.10482940243938,0.898926470605254));
#6293=CARTESIAN_POINT('',(-1.3,-2.83,4.58030468008258E-16));
#6294=CARTESIAN_POINT('',(-1.3,-2.83,-0.94));
#6295=CARTESIAN_POINT('',(-1.3,-2.83,-0.94));
#6296=CARTESIAN_POINT('',(-1.3,-2.83,-1.34));
#6297=CARTESIAN_POINT('',(-1.3,-2.83,-1.34));
#6298=CARTESIAN_POINT('',(-1.3,-2.83,4.58030468008258E-16));
#6299=CARTESIAN_POINT('',(-1.3,-3.22177808432847,1.28144837299047));
#6300=CARTESIAN_POINT('',(-1.3,3.32890949401833,3.28419455034121));
#6301=CARTESIAN_POINT('',(1.3,3.44585817590742,2.901672647956));
#6302=CARTESIAN_POINT('',(0.3,3.44585817590742,2.901672647956));
#6303=CARTESIAN_POINT('',(1.3,-3.10482940243938,0.898926470605254));
#6304=CARTESIAN_POINT('',(1.3,-2.83,4.58030468008258E-16));
#6305=CARTESIAN_POINT('',(1.3,-2.83,-0.94));
#6306=CARTESIAN_POINT('',(1.3,-2.83,-0.94));
#6307=CARTESIAN_POINT('',(1.3,3.32890949401833,3.28419455034121));
#6308=CARTESIAN_POINT('',(1.3,-3.22177808432847,1.28144837299047));
#6309=CARTESIAN_POINT('',(-1.1,3.32890949401833,3.28419455034122));
#6310=CARTESIAN_POINT('',(1.3,-2.83,4.58030468008258E-16));
#6311=CARTESIAN_POINT('',(1.3,-2.83,-1.34));
#6312=CARTESIAN_POINT('',(1.3,-2.83,-1.34));
#6313=CARTESIAN_POINT('',(-5.42101086242752E-17,2.13389869677121,5.48274693571712));
#6314=CARTESIAN_POINT('',(-0.8,2.13389869677121,5.48274693571712));
#6315=CARTESIAN_POINT('',(-0.8,3.47272535511946,5.89206732232895));
#6316=CARTESIAN_POINT('',(-0.8,2.93922811935976,6.62793011805661));
#6317=CARTESIAN_POINT('',(-5.42101086242752E-17,2.93922811935976,6.62793011805661));
#6318=CARTESIAN_POINT('',(-5.42101086242752E-17,2.93922811935976,6.62793011805661));
#6319=CARTESIAN_POINT('',(-5.42101086242752E-17,2.13389869677121,5.48274693571712));
#6320=CARTESIAN_POINT('',(-5.42101086242752E-17,3.47272535511946,5.89206732232895));
#6321=CARTESIAN_POINT('',(-5.42101086242752E-17,3.47272535511946,5.89206732232895));
#6322=CARTESIAN_POINT('',(-5.42101086242752E-17,3.28436930046913,7.11872291048782));
#6323=CARTESIAN_POINT('',(-0.8,3.28436930046913,7.11872291048782));
#6324=CARTESIAN_POINT('',(-0.8,2.70913399862017,6.30073492310247));
#6325=CARTESIAN_POINT('',(-0.8,2.3500645445061,7.47519818730917));
#6326=CARTESIAN_POINT('',(-5.42101086242752E-17,2.70913399862017,6.30073492310247));
#6327=CARTESIAN_POINT('',(-5.42101086242752E-17,2.70913399862017,6.30073492310247));
#6328=CARTESIAN_POINT('',(-5.42101086242752E-17,3.28436930046913,7.11872291048782));
#6329=CARTESIAN_POINT('',(-5.42101086242752E-17,2.3500645445061,7.47519818730917));
#6330=CARTESIAN_POINT('',(-5.42101086242752E-17,2.3500645445061,7.47519818730917));
#6331=CARTESIAN_POINT('',(-5.42101086242752E-17,1.41575978854306,7.83167346413051));
#6332=CARTESIAN_POINT('',(-0.8,1.41575978854306,7.83167346413051));
#6333=CARTESIAN_POINT('',(-0.8,2.3720645445061,8.12404516885324));
#6334=CARTESIAN_POINT('',(-5.42101086242752E-17,1.41575978854306,7.83167346413051));
#6335=CARTESIAN_POINT('',(-5.42101086242752E-17,2.3720645445061,8.12404516885324));
#6336=CARTESIAN_POINT('',(-5.42101086242752E-17,2.3720645445061,8.12404516885324));
#6337=CARTESIAN_POINT('',(-5.42101086242752E-17,2.3720645445061,8.12404516885324));
#6338=CARTESIAN_POINT('',(-5.42101086242752E-17,2.17562775964698,8.76656094097632));
#6339=CARTESIAN_POINT('',(-0.2,2.17562775964698,8.76656094097632));
#6340=CARTESIAN_POINT('',(-0.6,2.17562775964698,8.76656094097632));
#6341=CARTESIAN_POINT('',(-0.736959022749988,2.30576732426234,8.34089360528576));
#6342=CARTESIAN_POINT('',(-0.8,2.36566936771675,8.14496284960035));
#6343=CARTESIAN_POINT('',(-0.8,2.3720645445061,8.12404516885324));
#6344=CARTESIAN_POINT('',(-5.42101086242752E-17,2.3720645445061,8.12404516885324));
#6345=CARTESIAN_POINT('',(-5.42101086242752E-17,2.36566936771675,8.14496284960035));
#6346=CARTESIAN_POINT('',(0.0061482119391775,2.37151144813513,8.12585426556651));
#6347=CARTESIAN_POINT('',(-5.42101086242752E-17,2.17562775964698,8.76656094097632));
#6348=CARTESIAN_POINT('',(-5.42101086242752E-17,2.55814966203219,8.88350962286541));
#6349=CARTESIAN_POINT('',(-0.2,2.55814966203219,8.88350962286541));
#6350=CARTESIAN_POINT('',(-0.6,2.55814966203219,8.88350962286541));
#6351=CARTESIAN_POINT('',(-0.6,2.17562775964698,8.76656094097632));
#6352=CARTESIAN_POINT('',(-0.2,2.17562775964698,8.76656094097632));
#6353=CARTESIAN_POINT('',(-5.42101086242752E-17,2.75458644689131,8.24099385074234));
#6354=CARTESIAN_POINT('',(-0.8,2.75458644689131,8.24099385074234));
#6355=CARTESIAN_POINT('',(-0.8,2.75458644689131,8.24099385074234));
#6356=CARTESIAN_POINT('',(-0.8,2.74819127010197,8.26191153148944));
#6357=CARTESIAN_POINT('',(-0.6,2.55814966203219,8.88350962286541));
#6358=CARTESIAN_POINT('',(-6.53123388705268E-17,2.74819127010197,8.26191153148944));
#6359=CARTESIAN_POINT('',(-5.42101086242752E-17,2.74819127010197,8.26191153148944));
#6360=CARTESIAN_POINT('',(-5.42101086242752E-17,2.75458644689131,8.24099385074234));
#6361=CARTESIAN_POINT('',(-5.42101086242752E-17,2.75458644689131,8.24099385074234));
#6362=CARTESIAN_POINT('',(-5.42101086242752E-17,2.75458644689131,8.24099385074234));
#6363=CARTESIAN_POINT('',(-5.42101086242752E-17,1.41575978854306,7.83167346413051));
#6364=CARTESIAN_POINT('',(-0.8,1.41575978854306,7.83167346413051));
#6365=CARTESIAN_POINT('',(-0.8,2.72378644689131,7.33260807658063));
#6366=CARTESIAN_POINT('',(-5.42101086242752E-17,1.41575978854306,7.83167346413051));
#6367=CARTESIAN_POINT('',(-5.42101086242752E-17,2.72378644689131,7.33260807658063));
#6368=CARTESIAN_POINT('',(-5.42101086242752E-17,2.72378644689131,7.33260807658063));
#6369=CARTESIAN_POINT('',(-5.42101086242752E-17,3.28436930046913,7.11872291048782));
#6370=CARTESIAN_POINT('',(-0.8,3.28436930046913,7.11872291048782));
#6371=CARTESIAN_POINT('',(-5.42101086242752E-17,3.28436930046913,7.11872291048782));
#6372=CARTESIAN_POINT('',(-5.42101086242752E-17,2.13389869677121,5.48274693571712));
#6373=CARTESIAN_POINT('',(-0.8,2.13389869677121,5.48274693571712));
#6374=CARTESIAN_POINT('',(-0.8,3.09020345273425,5.77511864043986));
#6375=CARTESIAN_POINT('',(-5.42101086242752E-17,3.09020345273425,5.77511864043986));
#6376=CARTESIAN_POINT('',(-5.42101086242752E-17,3.09020345273425,5.77511864043986));
#6377=CARTESIAN_POINT('',(-5.42101086242752E-17,2.13389869677121,5.48274693571712));
#6378=CARTESIAN_POINT('',(-5.42101086242752E-17,3.66087601963847,3.9085327806841));
#6379=CARTESIAN_POINT('',(-0.8,3.66087601963847,3.9085327806841));
#6380=CARTESIAN_POINT('',(-0.8,3.66087601963848,3.9085327806841));
#6381=CARTESIAN_POINT('',(-5.42101086242752E-17,3.66087601963848,3.9085327806841));
#6382=CARTESIAN_POINT('',(6.8722192500909E-17,3.66087601963848,3.9085327806841));
#6383=CARTESIAN_POINT('',(-5.42101086242752E-17,3.66087601963847,3.9085327806841));
#6384=CARTESIAN_POINT('',(-5.42101086242752E-17,2.3720645445061,8.12404516885324));
#6385=CARTESIAN_POINT('',(-5.42101086242752E-17,2.36566936771675,8.14496284960035));
#6386=CARTESIAN_POINT('',(2.16840434497101E-16,3.18272364165696,3.76234692832273));
#6387=CARTESIAN_POINT('',(1.4914195478936E-16,3.53128969938426,3.4038755858134));
#6388=CARTESIAN_POINT('',(1.4914195478936E-16,3.53128969938426,3.4038755858134));
#6389=CARTESIAN_POINT('',(0.,3.8101425455661,3.11709851180593));
#6390=CARTESIAN_POINT('',(2.16840434497101E-16,3.18272364165696,3.76234692832273));
#6391=CARTESIAN_POINT('',(4.91213909602303E-18,4.04339792202369,4.02548146257319));
#6392=CARTESIAN_POINT('',(-5.42101086242752E-17,4.04339792202369,4.0254814625732));
#6393=CARTESIAN_POINT('',(-5.42101086242752E-17,4.04339792202369,4.0254814625732));
#6394=CARTESIAN_POINT('',(-0.8,4.04339792202369,4.0254814625732));
#6395=CARTESIAN_POINT('',(-0.8,4.04339792202369,4.02548146257319));
#6396=CARTESIAN_POINT('',(-5.42101086242752E-17,4.04339792202369,4.02548146257319));
#6397=CARTESIAN_POINT('',(-0.8,3.18272364165696,3.76234692832273));
#6398=CARTESIAN_POINT('',(-0.8,1.88751698973525,7.99877699723899));
#6399=CARTESIAN_POINT('',(-0.8,3.18272364165696,3.76234692832273));
#6400=CARTESIAN_POINT('',(-0.8,3.8101425455661,3.11709851180593));
#6401=CARTESIAN_POINT('',(-0.8,3.8101425455661,3.11709851180593));
#6402=CARTESIAN_POINT('',(-0.8,3.53128969938426,3.4038755858134));
#6403=CARTESIAN_POINT('',(-0.8,3.18272364165696,3.76234692832273));
#6404=CARTESIAN_POINT('',(0.3,3.44585817590742,2.901672647956));
#6405=CARTESIAN_POINT('',(0.260730091830128,3.44585817590742,2.901672647956));
#6406=CARTESIAN_POINT('',(0.221475634692216,3.45655245321307,2.90474809110826));
#6407=CARTESIAN_POINT('',(0.14891430588873,3.49700457028564,2.918732394587));
#6408=CARTESIAN_POINT('',(0.115635984007524,3.52674676711638,2.92975354432936));
#6409=CARTESIAN_POINT('',(0.0600999472805458,3.5984430067564,2.96313415102139));
#6410=CARTESIAN_POINT('',(0.0378640834937217,3.64031254954424,2.98563480945919));
#6411=CARTESIAN_POINT('',(0.0078081969995054,3.72618966083416,3.04310148328283));
#6412=CARTESIAN_POINT('',(-1.07116957377469E-16,3.77003399144336,3.07809823777051));
#6413=CARTESIAN_POINT('',(-1.21857263473934E-16,3.8101425455661,3.11709851180593));
#6414=CARTESIAN_POINT('',(0.3,3.32890949401833,3.28419455034122));
#6415=CARTESIAN_POINT('',(0.260730091830128,3.32890949401833,3.28419455034122));
#6416=CARTESIAN_POINT('',(0.221475634692216,3.33485075918813,3.28590312987025));
#6417=CARTESIAN_POINT('',(0.14891430588873,3.35732415756178,3.29367218735844));
#6418=CARTESIAN_POINT('',(0.115635984007524,3.37384760024553,3.29979504832641));
#6419=CARTESIAN_POINT('',(0.0600999472805458,3.41367884448998,3.31833982982198));
#6420=CARTESIAN_POINT('',(0.0378640834937217,3.43693970159434,3.33084019562077));
#6421=CARTESIAN_POINT('',(0.0078081969995055,3.48464920786651,3.36276612552279));
#6422=CARTESIAN_POINT('',(-1.7294678088297E-17,3.50900716931607,3.38220876690483));
#6423=CARTESIAN_POINT('',(-2.54837370307783E-17,3.53128969938426,3.4038755858134));
#6424=CARTESIAN_POINT('',(0.3,3.32890949401833,3.28419455034122));
#6425=CARTESIAN_POINT('',(0.14292036732051,3.32890949401833,3.28419455034122));
#6426=CARTESIAN_POINT('',(-3.49548562888312E-17,3.44219389747368,3.31724168025589));
#6427=CARTESIAN_POINT('',(-6.76984797077412E-17,3.53128969938426,3.4038755858134));
#6428=CARTESIAN_POINT('',(0.3,3.44585817590742,2.901672647956));
#6429=CARTESIAN_POINT('',(0.14292036732051,3.44585817590742,2.901672647956));
#6430=CARTESIAN_POINT('',(-6.29187413198962E-17,3.64977010212705,2.96115748180242));
#6431=CARTESIAN_POINT('',(-1.21857263473934E-16,3.8101425455661,3.11709851180593));
#6432=CARTESIAN_POINT('',(-0.8,3.8101425455661,3.11709851180593));
#6433=CARTESIAN_POINT('',(-0.8,3.77003399144336,3.07809823777051));
#6434=CARTESIAN_POINT('',(-0.807808196999506,3.72618966083416,3.04310148328283));
#6435=CARTESIAN_POINT('',(-0.837864083493723,3.64031254954424,2.9856348094592));
#6436=CARTESIAN_POINT('',(-0.860099947280546,3.5984430067564,2.96313415102139));
#6437=CARTESIAN_POINT('',(-0.915635984007526,3.52674676711639,2.92975354432936));
#6438=CARTESIAN_POINT('',(-0.94891430588873,3.49700457028564,2.918732394587));
#6439=CARTESIAN_POINT('',(-1.02147563469222,3.45655245321307,2.90474809110826));
#6440=CARTESIAN_POINT('',(-1.06073009183013,3.44585817590742,2.901672647956));
#6441=CARTESIAN_POINT('',(-1.1,3.44585817590742,2.901672647956));
#6442=CARTESIAN_POINT('',(-0.8,3.53128969938426,3.4038755858134));
#6443=CARTESIAN_POINT('',(-0.8,3.50900716931607,3.38220876690483));
#6444=CARTESIAN_POINT('',(-0.807808196999506,3.48464920786652,3.36276612552279));
#6445=CARTESIAN_POINT('',(-0.837864083493723,3.43693970159434,3.33084019562077));
#6446=CARTESIAN_POINT('',(-0.860099947280546,3.41367884448998,3.31833982982199));
#6447=CARTESIAN_POINT('',(-0.915635984007526,3.37384760024553,3.29979504832641));
#6448=CARTESIAN_POINT('',(-0.94891430588873,3.35732415756178,3.29367218735844));
#6449=CARTESIAN_POINT('',(-1.02147563469222,3.33485075918813,3.28590312987025));
#6450=CARTESIAN_POINT('',(-1.06073009183013,3.32890949401833,3.28419455034122));
#6451=CARTESIAN_POINT('',(-1.1,3.32890949401833,3.28419455034122));
#6452=CARTESIAN_POINT('',(-0.8,3.53128969938426,3.4038755858134));
#6453=CARTESIAN_POINT('',(-0.8,3.44219389747367,3.31724168025589));
#6454=CARTESIAN_POINT('',(-0.942920367320511,3.32890949401833,3.28419455034122));
#6455=CARTESIAN_POINT('',(-1.1,3.32890949401833,3.28419455034122));
#6456=CARTESIAN_POINT('',(-0.8,3.8101425455661,3.11709851180593));
#6457=CARTESIAN_POINT('',(-0.8,3.64977010212705,2.96115748180242));
#6458=CARTESIAN_POINT('',(-0.942920367320511,3.44585817590742,2.901672647956));
#6459=CARTESIAN_POINT('',(-1.1,3.44585817590742,2.901672647956));
#6460=CARTESIAN_POINT('',(-1.1,3.18272364165696,3.76234692832273));
#6461=CARTESIAN_POINT('',(-1.1,3.18272364165696,3.76234692832273));
#6462=CARTESIAN_POINT('',(-0.6,2.17562775964698,8.76656094097632));
#6463=CARTESIAN_POINT('',(-5.42101086242752E-17,2.36566936771675,8.14496284960035));
#6464=CARTESIAN_POINT('',(-0.250000000000001,-1.04365754062461,-0.502588075634656));
#6465=CARTESIAN_POINT('',(-0.25,2.6,5.375));
#6466=CARTESIAN_POINT('',(-3.5,-1.05709711817337E-15,6.50521303491303E-16));
#6467=CARTESIAN_POINT('',(-0.75,0.,0.));
#6468=CARTESIAN_POINT('',(-0.75,1.5,6.75));
#6469=CARTESIAN_POINT('',(-0.75,1.18450105153069,6.75));
#6470=CARTESIAN_POINT('',(-0.75,-1.7,6.75));
#6471=CARTESIAN_POINT('',(-0.75,1.18450105153069,6.));
#6472=CARTESIAN_POINT('',(-0.75,1.72062657071955,6.5244706165978));
#6473=CARTESIAN_POINT('',(-0.75,6.,2.15));
#6474=CARTESIAN_POINT('',(-0.75,5.78612551918886,2.36862724705139));
#6475=CARTESIAN_POINT('',(-0.75,5.25,1.84415663045359));
#6476=CARTESIAN_POINT('',(-0.75,6.,1.84415663045359));
#6477=CARTESIAN_POINT('',(-0.75,6.,-4.75));
#6478=CARTESIAN_POINT('',(-0.75,6.,-4.75));
#6479=CARTESIAN_POINT('',(-0.75,5.2,-4.75));
#6480=CARTESIAN_POINT('',(-0.75,5.2,-4.75));
#6481=CARTESIAN_POINT('',(-0.75,5.2,-4.52));
#6482=CARTESIAN_POINT('',(-0.75,5.2,-4.52));
#6483=CARTESIAN_POINT('',(-0.75,-5.2,-4.52));
#6484=CARTESIAN_POINT('',(-0.75,-5.2,-4.52));
#6485=CARTESIAN_POINT('',(-0.75,-5.2,-4.75));
#6486=CARTESIAN_POINT('',(-0.75,-5.2,-4.75));
#6487=CARTESIAN_POINT('',(-0.75,-6.,-4.75));
#6488=CARTESIAN_POINT('',(-0.75,-6.,-4.75));
#6489=CARTESIAN_POINT('',(-0.75,-6.,-0.65));
#6490=CARTESIAN_POINT('',(-0.75,-6.,-0.65));
#6491=CARTESIAN_POINT('',(-0.75,-5.9,-0.65));
#6492=CARTESIAN_POINT('',(-0.75,-5.9,-0.65));
#6493=CARTESIAN_POINT('',(-0.75,-5.9,0.650000000000001));
#6494=CARTESIAN_POINT('',(-0.75,-5.9,0.650000000000001));
#6495=CARTESIAN_POINT('',(-0.75,-6.,0.650000000000001));
#6496=CARTESIAN_POINT('',(-0.75,-6.,0.650000000000001));
#6497=CARTESIAN_POINT('',(-0.75,-6.,4.05));
#6498=CARTESIAN_POINT('',(-0.75,-6.,4.05));
#6499=CARTESIAN_POINT('',(-0.75,-4.5,6.75));
#6500=CARTESIAN_POINT('',(-0.75,-4.71431544534223,6.36423219838397));
#6501=CARTESIAN_POINT('',(-0.75,-4.05869748825108,6.));
#6502=CARTESIAN_POINT('',(-0.75,-4.05869748825108,6.75));
#6503=CARTESIAN_POINT('',(-0.75,1.5,6.75));
#6504=CARTESIAN_POINT('',(-0.75,-3.1,6.75));
#6505=CARTESIAN_POINT('',(-0.75,-3.1,6.75));
#6506=CARTESIAN_POINT('',(-0.75,-3.1,5.15));
#6507=CARTESIAN_POINT('',(-0.75,-3.1,5.15));
#6508=CARTESIAN_POINT('',(-0.75,-1.7,5.15));
#6509=CARTESIAN_POINT('',(-0.75,-1.7,5.15));
#6510=CARTESIAN_POINT('',(-0.750000000000001,4.2,2.33));
#6511=CARTESIAN_POINT('',(-0.750000000000001,4.2,1.73));
#6512=CARTESIAN_POINT('',(-0.750000000000001,-4.7,0.949999999999999));
#6513=CARTESIAN_POINT('',(-0.750000000000001,-4.7,0.349999999999999));
#6514=CARTESIAN_POINT('',(-0.750000000000001,-4.6,3.65));
#6515=CARTESIAN_POINT('',(-0.750000000000001,-4.6,3.05));
#6516=CARTESIAN_POINT('',(-0.750000000000001,2.8,-1.37));
#6517=CARTESIAN_POINT('',(-0.750000000000001,2.8,-1.97));
#6518=CARTESIAN_POINT('',(-0.750000000000001,4.6,-3.37));
#6519=CARTESIAN_POINT('',(-0.750000000000001,4.6,-3.97));
#6520=CARTESIAN_POINT('',(-0.75,-1.7,0.5));
#6521=CARTESIAN_POINT('',(-0.75,-1.7,0.5));
#6522=CARTESIAN_POINT('',(-0.75,-1.7,4.));
#6523=CARTESIAN_POINT('',(-0.75,-1.7,4.));
#6524=CARTESIAN_POINT('',(-0.75,-3.1,4.));
#6525=CARTESIAN_POINT('',(-0.75,-3.1,4.));
#6526=CARTESIAN_POINT('',(-0.75,-3.1,0.5));
#6527=CARTESIAN_POINT('',(-0.75,-3.1,0.500000000000001));
#6528=CARTESIAN_POINT('',(-0.75,1.5,6.75));
#6529=CARTESIAN_POINT('',(0.75,1.5,6.75));
#6530=CARTESIAN_POINT('',(0.75,1.18450105153069,6.75));
#6531=CARTESIAN_POINT('',(0.75,-4.05869748825108,6.75));
#6532=CARTESIAN_POINT('',(-0.75,1.18450105153069,6.75));
#6533=CARTESIAN_POINT('',(-0.25,-1.7,6.75));
#6534=CARTESIAN_POINT('',(-0.25,-1.7,6.75));
#6535=CARTESIAN_POINT('',(-0.25,-1.7,6.75));
#6536=CARTESIAN_POINT('',(-0.25,-3.1,6.75));
#6537=CARTESIAN_POINT('',(-0.25,-3.1,6.75));
#6538=CARTESIAN_POINT('',(-0.75,-4.05869748825108,6.75));
#6539=CARTESIAN_POINT('',(0.75,0.,0.));
#6540=CARTESIAN_POINT('',(0.75,4.2,2.33));
#6541=CARTESIAN_POINT('',(0.75,4.8,2.33));
#6542=CARTESIAN_POINT('',(0.75,-4.7,0.949999999999999));
#6543=CARTESIAN_POINT('',(0.75,-4.1,0.949999999999999));
#6544=CARTESIAN_POINT('',(0.75,6.,2.15));
#6545=CARTESIAN_POINT('',(0.75,5.78612551918886,2.36862724705139));
#6546=CARTESIAN_POINT('',(0.75,1.72062657071955,6.5244706165978));
#6547=CARTESIAN_POINT('',(0.75,1.18450105153069,6.));
#6548=CARTESIAN_POINT('',(0.75,-4.05869748825108,6.));
#6549=CARTESIAN_POINT('',(0.75,-4.71431544534223,6.36423219838397));
#6550=CARTESIAN_POINT('',(0.75,-4.5,6.75));
#6551=CARTESIAN_POINT('',(0.75,-6.,4.05));
#6552=CARTESIAN_POINT('',(0.75,-6.,4.05));
#6553=CARTESIAN_POINT('',(0.75,-6.,0.650000000000001));
#6554=CARTESIAN_POINT('',(0.75,-6.,0.650000000000001));
#6555=CARTESIAN_POINT('',(0.75,-5.9,0.650000000000001));
#6556=CARTESIAN_POINT('',(0.75,-5.9,0.650000000000001));
#6557=CARTESIAN_POINT('',(0.75,-5.9,-0.65));
#6558=CARTESIAN_POINT('',(0.75,-5.9,-0.65));
#6559=CARTESIAN_POINT('',(0.75,-6.,-0.65));
#6560=CARTESIAN_POINT('',(0.75,-6.,-0.65));
#6561=CARTESIAN_POINT('',(0.75,-6.,-4.75));
#6562=CARTESIAN_POINT('',(0.75,-6.,-4.75));
#6563=CARTESIAN_POINT('',(0.75,-5.2,-4.75));
#6564=CARTESIAN_POINT('',(0.75,-5.2,-4.75));
#6565=CARTESIAN_POINT('',(0.75,-5.2,-4.52));
#6566=CARTESIAN_POINT('',(0.75,-5.2,-4.52));
#6567=CARTESIAN_POINT('',(0.75,5.2,-4.52));
#6568=CARTESIAN_POINT('',(0.75,5.2,-4.52));
#6569=CARTESIAN_POINT('',(0.75,5.2,-4.75));
#6570=CARTESIAN_POINT('',(0.75,5.2,-4.75));
#6571=CARTESIAN_POINT('',(0.75,6.,-4.75));
#6572=CARTESIAN_POINT('',(0.75,6.,-4.75));
#6573=CARTESIAN_POINT('',(0.75,6.,1.84415663045359));
#6574=CARTESIAN_POINT('',(0.75,5.25,1.84415663045359));
#6575=CARTESIAN_POINT('',(0.75,-4.6,3.65));
#6576=CARTESIAN_POINT('',(0.75,-4.,3.65));
#6577=CARTESIAN_POINT('',(0.75,2.8,-1.37));
#6578=CARTESIAN_POINT('',(0.75,3.4,-1.37));
#6579=CARTESIAN_POINT('',(0.75,4.6,-3.37));
#6580=CARTESIAN_POINT('',(0.75,5.2,-3.37));
#6581=CARTESIAN_POINT('',(-0.75,6.,2.15));
#6582=CARTESIAN_POINT('',(-0.75,1.72062657071955,6.5244706165978));
#6583=CARTESIAN_POINT('',(-0.75,5.78612551918886,2.36862724705139));
#6584=CARTESIAN_POINT('',(-0.75,-4.5,6.75));
#6585=CARTESIAN_POINT('',(-0.75,-4.71431544534223,6.36423219838397));
#6586=CARTESIAN_POINT('',(-0.75,-6.,4.05));
#6587=CARTESIAN_POINT('',(-0.75,-6.,4.05));
#6588=CARTESIAN_POINT('',(-0.75,-6.,0.650000000000001));
#6589=CARTESIAN_POINT('',(-0.75,-6.,0.650000000000001));
#6590=CARTESIAN_POINT('',(-0.75,-5.9,0.650000000000001));
#6591=CARTESIAN_POINT('',(-0.75,-5.9,0.650000000000001));
#6592=CARTESIAN_POINT('',(-0.75,-5.9,-0.65));
#6593=CARTESIAN_POINT('',(-0.75,-5.9,-0.65));
#6594=CARTESIAN_POINT('',(-0.75,-6.,-0.65));
#6595=CARTESIAN_POINT('',(-0.75,-6.,-0.65));
#6596=CARTESIAN_POINT('',(-0.75,-6.,-4.75));
#6597=CARTESIAN_POINT('',(-0.75,-6.,-4.75));
#6598=CARTESIAN_POINT('',(-0.75,-5.2,-4.75));
#6599=CARTESIAN_POINT('',(-0.75,-5.2,-4.75));
#6600=CARTESIAN_POINT('',(-0.75,-5.2,-4.52));
#6601=CARTESIAN_POINT('',(-0.75,-5.2,-4.52));
#6602=CARTESIAN_POINT('',(-0.75,5.2,-4.52));
#6603=CARTESIAN_POINT('',(-0.75,5.2,-4.52));
#6604=CARTESIAN_POINT('',(-0.75,5.2,-4.75));
#6605=CARTESIAN_POINT('',(-0.75,5.2,-4.75));
#6606=CARTESIAN_POINT('',(-0.75,6.,-4.75));
#6607=CARTESIAN_POINT('',(-0.75,6.,-4.75));
#6608=CARTESIAN_POINT('',(-0.75,6.,1.84415663045359));
#6609=CARTESIAN_POINT('',(-15.9383192682786,-4.6,3.65));
#6610=CARTESIAN_POINT('',(-15.9383192682786,-4.7,0.949999999999999));
#6611=CARTESIAN_POINT('',(-15.9383192682786,2.8,-1.37));
#6612=CARTESIAN_POINT('',(-15.9383192682786,4.2,2.33));
#6613=CARTESIAN_POINT('',(-15.9383192682786,4.6,-3.37));
#6614=CARTESIAN_POINT('',(-0.25,-1.7,5.15));
#6615=CARTESIAN_POINT('',(-0.596153846153846,-1.7,5.38076923076923));
#6616=CARTESIAN_POINT('',(-0.25,-1.7,5.9));
#6617=CARTESIAN_POINT('',(-0.25,-1.7,5.15));
#6618=CARTESIAN_POINT('',(-0.25,-3.1,6.75));
#6619=CARTESIAN_POINT('',(-0.25,-3.1,6.75));
#6620=CARTESIAN_POINT('',(-0.25,-3.1,5.9));
#6621=CARTESIAN_POINT('',(0.142307692307692,-3.1,6.48846153846154));
#6622=CARTESIAN_POINT('',(-0.25,0.,0.));
#6623=CARTESIAN_POINT('',(-0.25,0.,5.9));
#6624=CARTESIAN_POINT('',(-0.25,-1.7,0.5));
#6625=CARTESIAN_POINT('',(-0.5,-1.7,0.75));
#6626=CARTESIAN_POINT('',(-0.25,-1.7,1.));
#6627=CARTESIAN_POINT('',(-0.25,-1.7,0.5));
#6628=CARTESIAN_POINT('',(-0.25,-1.7,4.));
#6629=CARTESIAN_POINT('',(-0.25,-1.7,4.));
#6630=CARTESIAN_POINT('',(-0.25,-1.7,4.));
#6631=CARTESIAN_POINT('',(-0.25,-1.7,4.));
#6632=CARTESIAN_POINT('',(-0.25,-3.1,4.));
#6633=CARTESIAN_POINT('',(-0.25,-3.1,4.));
#6634=CARTESIAN_POINT('',(-0.25,-3.1,4.));
#6635=CARTESIAN_POINT('',(-0.25,-3.1,4.));
#6636=CARTESIAN_POINT('',(-0.25,-3.1,1.));
#6637=CARTESIAN_POINT('',(1.25,-3.1,2.5));
#6638=CARTESIAN_POINT('',(-0.25,0.,0.));
#6639=CARTESIAN_POINT('',(-0.25,1.54886024640786E-16,1.));
#6640=CARTESIAN_POINT('',(-0.75,-3.1,5.15));
#6641=CARTESIAN_POINT('',(-0.75,-3.1,0.500000000000001));
#6642=CARTESIAN_POINT('',(-0.75,-4.05869748825108,6.));
#6643=CARTESIAN_POINT('',(-0.75,5.25,1.84415663045359));
#6644=CARTESIAN_POINT('',(-0.75,1.18450105153069,6.));
#6645=CARTESIAN_POINT('',(-6.,-3.25260651745651E-16,1.95156391047391E-15));
#6646=CARTESIAN_POINT('',(3.5,0.,0.));
#6647=CARTESIAN_POINT('',(10.5,0.,8.67361737988404E-16));
#6648=CARTESIAN_POINT('',(21.,3.46944695195361E-15,-8.67361737988404E-16));
#6649=CARTESIAN_POINT('',(17.5,3.46944695195361E-15,0.));
#6650=CARTESIAN_POINT('',(14.,0.,0.));
#6651=CARTESIAN_POINT('',(7.,0.,4.33680868994202E-16));
#6652=MECHANICAL_DESIGN_GEOMETRIC_PRESENTATION_REPRESENTATION('',(#3915,
#3916,#3917,#3918,#3919),#6653);
#6653=(
GEOMETRIC_REPRESENTATION_CONTEXT(3)
GLOBAL_UNCERTAINTY_ASSIGNED_CONTEXT((#6661))
GLOBAL_UNIT_ASSIGNED_CONTEXT((#6671,#6670,#6669))
REPRESENTATION_CONTEXT('6914121200xxMB','TOP_LEVEL_ASSEMBLY_PART')
);
#6654=(
GEOMETRIC_REPRESENTATION_CONTEXT(3)
GLOBAL_UNCERTAINTY_ASSIGNED_CONTEXT((#6662))
GLOBAL_UNIT_ASSIGNED_CONTEXT((#6671,#6670,#6669))
REPRESENTATION_CONTEXT('6914121200xx_MODULE_COURT','COMPONENT_PART')
);
#6655=(
GEOMETRIC_REPRESENTATION_CONTEXT(3)
GLOBAL_UNCERTAINTY_ASSIGNED_CONTEXT((#6663))
GLOBAL_UNIT_ASSIGNED_CONTEXT((#6671,#6670,#6669))
REPRESENTATION_CONTEXT('6914121200xxB','COMPONENT_PART')
);
#6656=(
GEOMETRIC_REPRESENTATION_CONTEXT(3)
GLOBAL_UNCERTAINTY_ASSIGNED_CONTEXT((#6664))
GLOBAL_UNIT_ASSIGNED_CONTEXT((#6671,#6670,#6669))
REPRESENTATION_CONTEXT('6914121200xx','COMPONENT_PART')
);
#6657=(
GEOMETRIC_REPRESENTATION_CONTEXT(3)
GLOBAL_UNCERTAINTY_ASSIGNED_CONTEXT((#6665))
GLOBAL_UNIT_ASSIGNED_CONTEXT((#6671,#6670,#6669))
REPRESENTATION_CONTEXT('6914121200xx_levier','COMPONENT_PART')
);
#6658=(
GEOMETRIC_REPRESENTATION_CONTEXT(3)
GLOBAL_UNCERTAINTY_ASSIGNED_CONTEXT((#6666))
GLOBAL_UNIT_ASSIGNED_CONTEXT((#6671,#6670,#6669))
REPRESENTATION_CONTEXT('6914121200xx_MODULE_LONG','COMPONENT_PART')
);
#6659=(
GEOMETRIC_REPRESENTATION_CONTEXT(3)
GLOBAL_UNCERTAINTY_ASSIGNED_CONTEXT((#6667))
GLOBAL_UNIT_ASSIGNED_CONTEXT((#6671,#6670,#6669))
REPRESENTATION_CONTEXT('6914121200xx_LONG','COMPONENT_PART')
);
#6660=(
GEOMETRIC_REPRESENTATION_CONTEXT(3)
GLOBAL_UNCERTAINTY_ASSIGNED_CONTEXT((#6668))
GLOBAL_UNIT_ASSIGNED_CONTEXT((#6671,#6670,#6669))
REPRESENTATION_CONTEXT('6914121200xxB_CAPOT','COMPONENT_PART')
);
#6661=UNCERTAINTY_MEASURE_WITH_UNIT(LENGTH_MEASURE(0.005),#6671,
'DISTANCE_ACCURACY_VALUE','Maximum Tolerance applied to model');
#6662=UNCERTAINTY_MEASURE_WITH_UNIT(LENGTH_MEASURE(0.005),#6671,
'DISTANCE_ACCURACY_VALUE','Maximum Tolerance applied to model');
#6663=UNCERTAINTY_MEASURE_WITH_UNIT(LENGTH_MEASURE(0.005),#6671,
'DISTANCE_ACCURACY_VALUE','Maximum Tolerance applied to model');
#6664=UNCERTAINTY_MEASURE_WITH_UNIT(LENGTH_MEASURE(0.005),#6671,
'DISTANCE_ACCURACY_VALUE','Maximum Tolerance applied to model');
#6665=UNCERTAINTY_MEASURE_WITH_UNIT(LENGTH_MEASURE(0.005),#6671,
'DISTANCE_ACCURACY_VALUE','Maximum Tolerance applied to model');
#6666=UNCERTAINTY_MEASURE_WITH_UNIT(LENGTH_MEASURE(0.005),#6671,
'DISTANCE_ACCURACY_VALUE','Maximum Tolerance applied to model');
#6667=UNCERTAINTY_MEASURE_WITH_UNIT(LENGTH_MEASURE(0.005),#6671,
'DISTANCE_ACCURACY_VALUE','Maximum Tolerance applied to model');
#6668=UNCERTAINTY_MEASURE_WITH_UNIT(LENGTH_MEASURE(0.005),#6671,
'DISTANCE_ACCURACY_VALUE','Maximum Tolerance applied to model');
#6669=(
NAMED_UNIT(*)
SI_UNIT($,.STERADIAN.)
SOLID_ANGLE_UNIT()
);
#6670=(
NAMED_UNIT(*)
PLANE_ANGLE_UNIT()
SI_UNIT($,.RADIAN.)
);
#6671=(
LENGTH_UNIT()
NAMED_UNIT(*)
SI_UNIT(.MILLI.,.METRE.)
);
#6672=PRODUCT_DEFINITION_SHAPE('','',#6695);
#6673=PRODUCT_DEFINITION_SHAPE('','',#6696);
#6674=PRODUCT_DEFINITION_SHAPE('','',#6697);
#6675=PRODUCT_DEFINITION_SHAPE(' ','NAUO PRDDFN',#37);
#6676=PRODUCT_DEFINITION_SHAPE('','',#6698);
#6677=PRODUCT_DEFINITION_SHAPE(' ','NAUO PRDDFN',#38);
#6678=PRODUCT_DEFINITION_SHAPE('','',#6699);
#6679=PRODUCT_DEFINITION_SHAPE(' ','NAUO PRDDFN',#39);
#6680=PRODUCT_DEFINITION_SHAPE(' ','NAUO PRDDFN',#40);
#6681=PRODUCT_DEFINITION_SHAPE('','',#6700);
#6682=PRODUCT_DEFINITION_SHAPE(' ','NAUO PRDDFN',#41);
#6683=PRODUCT_DEFINITION_SHAPE('','',#6701);
#6684=PRODUCT_DEFINITION_SHAPE(' ','NAUO PRDDFN',#42);
#6685=PRODUCT_DEFINITION_SHAPE(' ','NAUO PRDDFN',#43);
#6686=PRODUCT_DEFINITION_SHAPE(' ','NAUO PRDDFN',#44);
#6687=PRODUCT_DEFINITION_SHAPE('','',#6702);
#6688=PRODUCT_DEFINITION_SHAPE(' ','NAUO PRDDFN',#45);
#6689=PRODUCT_DEFINITION_SHAPE(' ','NAUO PRDDFN',#46);
#6690=PRODUCT_DEFINITION_SHAPE(' ','NAUO PRDDFN',#47);
#6691=PRODUCT_DEFINITION_SHAPE(' ','NAUO PRDDFN',#48);
#6692=PRODUCT_DEFINITION_SHAPE(' ','NAUO PRDDFN',#49);
#6693=PRODUCT_DEFINITION_SHAPE(' ','NAUO PRDDFN',#50);
#6694=PRODUCT_DEFINITION_SHAPE(' ','NAUO PRDDFN',#51);
#6695=PRODUCT_DEFINITION('','',#6711,#6703);
#6696=PRODUCT_DEFINITION('','',#6712,#6704);
#6697=PRODUCT_DEFINITION('','',#6713,#6705);
#6698=PRODUCT_DEFINITION('','',#6714,#6706);
#6699=PRODUCT_DEFINITION('','',#6715,#6707);
#6700=PRODUCT_DEFINITION('','',#6716,#6708);
#6701=PRODUCT_DEFINITION('','',#6717,#6709);
#6702=PRODUCT_DEFINITION('','',#6718,#6710);
#6703=PRODUCT_DEFINITION_CONTEXT('',#6752,'design');
#6704=PRODUCT_DEFINITION_CONTEXT('',#6752,'design');
#6705=PRODUCT_DEFINITION_CONTEXT('',#6752,'design');
#6706=PRODUCT_DEFINITION_CONTEXT('',#6752,'design');
#6707=PRODUCT_DEFINITION_CONTEXT('',#6752,'design');
#6708=PRODUCT_DEFINITION_CONTEXT('',#6752,'design');
#6709=PRODUCT_DEFINITION_CONTEXT('',#6752,'design');
#6710=PRODUCT_DEFINITION_CONTEXT('',#6752,'design');
#6711=PRODUCT_DEFINITION_FORMATION_WITH_SPECIFIED_SOURCE('','',#6727,
 .NOT_KNOWN.);
#6712=PRODUCT_DEFINITION_FORMATION_WITH_SPECIFIED_SOURCE('','',#6728,
 .NOT_KNOWN.);
#6713=PRODUCT_DEFINITION_FORMATION_WITH_SPECIFIED_SOURCE('','',#6729,
 .NOT_KNOWN.);
#6714=PRODUCT_DEFINITION_FORMATION_WITH_SPECIFIED_SOURCE('','',#6730,
 .NOT_KNOWN.);
#6715=PRODUCT_DEFINITION_FORMATION_WITH_SPECIFIED_SOURCE('','',#6731,
 .NOT_KNOWN.);
#6716=PRODUCT_DEFINITION_FORMATION_WITH_SPECIFIED_SOURCE('','',#6732,
 .NOT_KNOWN.);
#6717=PRODUCT_DEFINITION_FORMATION_WITH_SPECIFIED_SOURCE('','',#6733,
 .NOT_KNOWN.);
#6718=PRODUCT_DEFINITION_FORMATION_WITH_SPECIFIED_SOURCE('','',#6734,
 .NOT_KNOWN.);
#6719=PRODUCT_RELATED_PRODUCT_CATEGORY('','',(#6727));
#6720=PRODUCT_RELATED_PRODUCT_CATEGORY('','',(#6728));
#6721=PRODUCT_RELATED_PRODUCT_CATEGORY('','',(#6729));
#6722=PRODUCT_RELATED_PRODUCT_CATEGORY('','',(#6730));
#6723=PRODUCT_RELATED_PRODUCT_CATEGORY('','',(#6731));
#6724=PRODUCT_RELATED_PRODUCT_CATEGORY('','',(#6732));
#6725=PRODUCT_RELATED_PRODUCT_CATEGORY('','',(#6733));
#6726=PRODUCT_RELATED_PRODUCT_CATEGORY('','',(#6734));
#6727=PRODUCT('6914121200xxMB','6914121200xxMB','6914121200xxMB',(#6743));
#6728=PRODUCT('6914121200xx_MODULE_COURT','6914121200xx_MODULE_COURT',
'6914121200xx_MODULE_COURT',(#6744));
#6729=PRODUCT('6914121200xxB','6914121200xxB','6914121200xxB',(#6745));
#6730=PRODUCT('6914121200xx','6914121200xx','6914121200xx',(#6746));
#6731=PRODUCT('6914121200xx_levier','6914121200xx_levier',
'6914121200xx_levier',(#6747));
#6732=PRODUCT('6914121200xx_MODULE_LONG','6914121200xx_MODULE_LONG',
'6914121200xx_MODULE_LONG',(#6748));
#6733=PRODUCT('6914121200xx_LONG','6914121200xx_LONG',
'6914121200xx_LONG',(#6749));
#6734=PRODUCT('6914121200xxB_CAPOT','6914121200xxB_CAPOT',
'6914121200xxB_CAPOT',(#6750));
#6735=PRODUCT_CATEGORY('','');
#6736=PRODUCT_CATEGORY('','');
#6737=PRODUCT_CATEGORY('','');
#6738=PRODUCT_CATEGORY('','');
#6739=PRODUCT_CATEGORY('','');
#6740=PRODUCT_CATEGORY('','');
#6741=PRODUCT_CATEGORY('','');
#6742=PRODUCT_CATEGORY('','');
#6743=PRODUCT_CONTEXT('',#6752,'mechanical');
#6744=PRODUCT_CONTEXT('',#6752,'mechanical');
#6745=PRODUCT_CONTEXT('',#6752,'mechanical');
#6746=PRODUCT_CONTEXT('',#6752,'mechanical');
#6747=PRODUCT_CONTEXT('',#6752,'mechanical');
#6748=PRODUCT_CONTEXT('',#6752,'mechanical');
#6749=PRODUCT_CONTEXT('',#6752,'mechanical');
#6750=PRODUCT_CONTEXT('',#6752,'mechanical');
#6751=APPLICATION_PROTOCOL_DEFINITION('international standard',
'automotive_design',2010,#6752);
#6752=APPLICATION_CONTEXT(
'core data for automotive mechanical design processes');
/* Langdock: one global transform wrapper; original BREP, COPY and colour entities are unchanged. */
#6753=CARTESIAN_POINT('',(3.35,-3.8,4.75));
#6754=DIRECTION('',(0,0,1));
#6755=DIRECTION('',(1,0,0));
#6756=AXIS2_PLACEMENT_3D('',#6753,#6754,#6755);
#6757=SHAPE_REPRESENTATION('6914121200xxMB__global_transform',(#6756),#6653);
#6758=PRODUCT('6914121200xxMB__global_transform','6914121200xxMB__global_transform','',(#20011));
#6759=PRODUCT_DEFINITION_FORMATION_WITH_SPECIFIED_SOURCE('','',#6758,.NOT_KNOWN.);
#6760=PRODUCT_DEFINITION_CONTEXT('',#6752,'design');
#6761=PRODUCT_DEFINITION('','',#6759,#6760);
#6762=PRODUCT_DEFINITION_SHAPE('','',#6761);
#6763=SHAPE_DEFINITION_REPRESENTATION(#6762,#6757);
#6764=NEXT_ASSEMBLY_USAGE_OCCURRENCE('6914121200xxMB__global_transform','6914121200xxMB__global_transform','',#6761,#6695,'');
#6765=PRODUCT_DEFINITION_SHAPE(' ','NAUO PRDDFN',#6764);
#6766=ITEM_DEFINED_TRANSFORMATION('','',#3973,#6756);
#6767=(REPRESENTATION_RELATIONSHIP('','',#3969,#6757) REPRESENTATION_RELATIONSHIP_WITH_TRANSFORMATION(#6766) SHAPE_REPRESENTATION_RELATIONSHIP());
#6768=CONTEXT_DEPENDENT_SHAPE_REPRESENTATION(#6767,#6765);
ENDSEC;
END-ISO-10303-21;
