ISO-10303-21;
HEADER;
/* Generated by software containing ST-Developer
 * from STEP Tools, Inc. (www.steptools.com) 
 */
/* OPTION: strings as raw bytes, not using required /X/ escapes */

FILE_DESCRIPTION(
/* description */ ('Unknown'),
/* implementation_level */ '2;1');

FILE_NAME(
/* name */ '691412120005MB',
/* time_stamp */ '2018-02-19T14:12:37+01:00',
/* author */ ('Unknown'),
/* organization */ ('Unknown'),
/* preprocessor_version */ 'ST-DEVELOPER v16.7',
/* originating_system */ 'DEX',
/* authorisation */ $);

FILE_SCHEMA (('AUTOMOTIVE_DESIGN {1 0 10303 214 3 1 1}'));
ENDSEC;

DATA;
#10=PROPERTY_DEFINITION_REPRESENTATION(#14,#12);
#11=PROPERTY_DEFINITION_REPRESENTATION(#15,#13);
#12=REPRESENTATION('',(#16),#6629);
#13=REPRESENTATION('',(#17),#6629);
#14=PROPERTY_DEFINITION('pmi validation property','',#6648);
#15=PROPERTY_DEFINITION('pmi validation property','',#6648);
#16=VALUE_REPRESENTATION_ITEM('number of annotations',COUNT_MEASURE(0.));
#17=VALUE_REPRESENTATION_ITEM('number of views',COUNT_MEASURE(0.));
#18=B_SPLINE_SURFACE_WITH_KNOTS('',1,3,((#6051,#6052,#6053,#6054,#6055,
#6056,#6057,#6058,#6059,#6060),(#6061,#6062,#6063,#6064,#6065,#6066,#6067,
#6068,#6069,#6070)),.RULED_SURF.,.F.,.F.,.F.,(2,2),(4,2,2,2,4),(0.,1.),
(3.14159265358979,3.53429173528852,3.92699081698724,4.31968989868596,4.71238898038469),
 .UNSPECIFIED.);
#19=B_SPLINE_SURFACE_WITH_KNOTS('',1,3,((#6079,#6080,#6081,#6082,#6083,
#6084,#6085,#6086,#6087,#6088),(#6089,#6090,#6091,#6092,#6093,#6094,#6095,
#6096,#6097,#6098)),.RULED_SURF.,.F.,.F.,.F.,(2,2),(4,2,2,2,4),(0.,1.),
(1.5707963267949,1.96349540849362,2.35619449019234,2.74889357189107,3.14159265358979),
 .UNSPECIFIED.);
#20=B_SPLINE_SURFACE_WITH_KNOTS('',1,3,((#6383,#6384,#6385,#6386,#6387,
#6388,#6389,#6390,#6391,#6392),(#6393,#6394,#6395,#6396,#6397,#6398,#6399,
#6400,#6401,#6402)),.RULED_SURF.,.F.,.F.,.F.,(2,2),(4,2,2,2,4),(0.,1.),
(3.14159265358979,3.53429173528852,3.92699081698724,4.31968989868597,4.71238898038469),
 .UNSPECIFIED.);
#21=B_SPLINE_SURFACE_WITH_KNOTS('',1,3,((#6411,#6412,#6413,#6414,#6415,
#6416,#6417,#6418,#6419,#6420),(#6421,#6422,#6423,#6424,#6425,#6426,#6427,
#6428,#6429,#6430)),.RULED_SURF.,.F.,.F.,.F.,(2,2),(4,2,2,2,4),(0.,1.),
(1.5707963267949,1.96349540849362,2.35619449019234,2.74889357189107,3.14159265358979),
 .UNSPECIFIED.);
#22=CONTEXT_DEPENDENT_SHAPE_REPRESENTATION(#46,#6651);
#23=CONTEXT_DEPENDENT_SHAPE_REPRESENTATION(#47,#6653);
#24=CONTEXT_DEPENDENT_SHAPE_REPRESENTATION(#48,#6655);
#25=CONTEXT_DEPENDENT_SHAPE_REPRESENTATION(#49,#6656);
#26=CONTEXT_DEPENDENT_SHAPE_REPRESENTATION(#50,#6658);
#27=CONTEXT_DEPENDENT_SHAPE_REPRESENTATION(#51,#6660);
#28=CONTEXT_DEPENDENT_SHAPE_REPRESENTATION(#52,#6661);
#29=CONTEXT_DEPENDENT_SHAPE_REPRESENTATION(#53,#6662);
#30=CONTEXT_DEPENDENT_SHAPE_REPRESENTATION(#54,#6664);
#31=CONTEXT_DEPENDENT_SHAPE_REPRESENTATION(#55,#6665);
#32=CONTEXT_DEPENDENT_SHAPE_REPRESENTATION(#56,#6666);
#33=CONTEXT_DEPENDENT_SHAPE_REPRESENTATION(#57,#6667);
#34=NEXT_ASSEMBLY_USAGE_OCCURRENCE('6914121200xxB','6914121200xxB',
'6914121200xxB',#6669,#6670,'');
#35=NEXT_ASSEMBLY_USAGE_OCCURRENCE('6914121200xx','6914121200xx',
'6914121200xx',#6669,#6671,'');
#36=NEXT_ASSEMBLY_USAGE_OCCURRENCE('6914121200xx_levier',
'6914121200xx_levier','6914121200xx_levier',#6669,#6672,'');
#37=NEXT_ASSEMBLY_USAGE_OCCURRENCE('6914121200xx_MODULE_COURT',
'6914121200xx_MODULE_COURT','6914121200xx_MODULE_COURT',#6668,#6669,'');
#38=NEXT_ASSEMBLY_USAGE_OCCURRENCE('6914121200xxB','6914121200xxB',
'6914121200xxB',#6673,#6670,'');
#39=NEXT_ASSEMBLY_USAGE_OCCURRENCE('6914121200xx_LONG',
'6914121200xx_LONG','6914121200xx_LONG',#6673,#6674,'');
#40=NEXT_ASSEMBLY_USAGE_OCCURRENCE('6914121200xx_levier',
'6914121200xx_levier','6914121200xx_levier',#6673,#6672,'');
#41=NEXT_ASSEMBLY_USAGE_OCCURRENCE('6914121200xx_MODULE_LONG',
'6914121200xx_MODULE_LONG','6914121200xx_MODULE_LONG',#6668,#6673,'');
#42=NEXT_ASSEMBLY_USAGE_OCCURRENCE('6914121200xxB_CAPOT',
'6914121200xxB_CAPOT','6914121200xxB_CAPOT',#6668,#6675,'');
#43=NEXT_ASSEMBLY_USAGE_OCCURRENCE('6914121200xx_MODULE_LONG',
'6914121200xx_MODULE_LONG','6914121200xx_MODULE_LONG',#6668,#6673,'');
#44=NEXT_ASSEMBLY_USAGE_OCCURRENCE('6914121200xx_MODULE_LONG',
'6914121200xx_MODULE_LONG','6914121200xx_MODULE_LONG',#6668,#6673,'');
#45=NEXT_ASSEMBLY_USAGE_OCCURRENCE('6914121200xx_MODULE_COURT',
'6914121200xx_MODULE_COURT','6914121200xx_MODULE_COURT',#6668,#6669,'');
#46=(
REPRESENTATION_RELATIONSHIP(' ',' ',#3953,#3954)
REPRESENTATION_RELATIONSHIP_WITH_TRANSFORMATION(#58)
SHAPE_REPRESENTATION_RELATIONSHIP()
);
#47=(
REPRESENTATION_RELATIONSHIP(' ',' ',#3955,#3954)
REPRESENTATION_RELATIONSHIP_WITH_TRANSFORMATION(#59)
SHAPE_REPRESENTATION_RELATIONSHIP()
);
#48=(
REPRESENTATION_RELATIONSHIP(' ',' ',#3956,#3954)
REPRESENTATION_RELATIONSHIP_WITH_TRANSFORMATION(#60)
SHAPE_REPRESENTATION_RELATIONSHIP()
);
#49=(
REPRESENTATION_RELATIONSHIP(' ',' ',#3954,#3957)
REPRESENTATION_RELATIONSHIP_WITH_TRANSFORMATION(#61)
SHAPE_REPRESENTATION_RELATIONSHIP()
);
#50=(
REPRESENTATION_RELATIONSHIP(' ',' ',#3953,#3958)
REPRESENTATION_RELATIONSHIP_WITH_TRANSFORMATION(#62)
SHAPE_REPRESENTATION_RELATIONSHIP()
);
#51=(
REPRESENTATION_RELATIONSHIP(' ',' ',#3959,#3958)
REPRESENTATION_RELATIONSHIP_WITH_TRANSFORMATION(#63)
SHAPE_REPRESENTATION_RELATIONSHIP()
);
#52=(
REPRESENTATION_RELATIONSHIP(' ',' ',#3956,#3958)
REPRESENTATION_RELATIONSHIP_WITH_TRANSFORMATION(#64)
SHAPE_REPRESENTATION_RELATIONSHIP()
);
#53=(
REPRESENTATION_RELATIONSHIP(' ',' ',#3958,#3957)
REPRESENTATION_RELATIONSHIP_WITH_TRANSFORMATION(#65)
SHAPE_REPRESENTATION_RELATIONSHIP()
);
#54=(
REPRESENTATION_RELATIONSHIP(' ',' ',#3960,#3957)
REPRESENTATION_RELATIONSHIP_WITH_TRANSFORMATION(#66)
SHAPE_REPRESENTATION_RELATIONSHIP()
);
#55=(
REPRESENTATION_RELATIONSHIP(' ',' ',#3958,#3957)
REPRESENTATION_RELATIONSHIP_WITH_TRANSFORMATION(#67)
SHAPE_REPRESENTATION_RELATIONSHIP()
);
#56=(
REPRESENTATION_RELATIONSHIP(' ',' ',#3958,#3957)
REPRESENTATION_RELATIONSHIP_WITH_TRANSFORMATION(#68)
SHAPE_REPRESENTATION_RELATIONSHIP()
);
#57=(
REPRESENTATION_RELATIONSHIP(' ',' ',#3954,#3957)
REPRESENTATION_RELATIONSHIP_WITH_TRANSFORMATION(#69)
SHAPE_REPRESENTATION_RELATIONSHIP()
);
#58=ITEM_DEFINED_TRANSFORMATION(' ',' ',#3961,#4097);
#59=ITEM_DEFINED_TRANSFORMATION(' ',' ',#3961,#4148);
#60=ITEM_DEFINED_TRANSFORMATION(' ',' ',#3961,#4178);
#61=ITEM_DEFINED_TRANSFORMATION(' ',' ',#3961,#4179);
#62=ITEM_DEFINED_TRANSFORMATION(' ',' ',#3961,#4180);
#63=ITEM_DEFINED_TRANSFORMATION(' ',' ',#3961,#4229);
#64=ITEM_DEFINED_TRANSFORMATION(' ',' ',#3961,#4230);
#65=ITEM_DEFINED_TRANSFORMATION(' ',' ',#3961,#4231);
#66=ITEM_DEFINED_TRANSFORMATION(' ',' ',#3961,#4281);
#67=ITEM_DEFINED_TRANSFORMATION(' ',' ',#3961,#4282);
#68=ITEM_DEFINED_TRANSFORMATION(' ',' ',#3961,#4283);
#69=ITEM_DEFINED_TRANSFORMATION(' ',' ',#3961,#4284);
#70=SHAPE_REPRESENTATION_RELATIONSHIP('','',#3953,#75);
#71=SHAPE_REPRESENTATION_RELATIONSHIP('','',#3955,#76);
#72=SHAPE_REPRESENTATION_RELATIONSHIP('','',#3956,#77);
#73=SHAPE_REPRESENTATION_RELATIONSHIP('','',#3959,#78);
#74=SHAPE_REPRESENTATION_RELATIONSHIP('','',#3960,#79);
#75=ADVANCED_BREP_SHAPE_REPRESENTATION('',(#3940),#6631);
#76=ADVANCED_BREP_SHAPE_REPRESENTATION('',(#3941),#6632);
#77=ADVANCED_BREP_SHAPE_REPRESENTATION('',(#3942),#6633);
#78=ADVANCED_BREP_SHAPE_REPRESENTATION('',(#3943),#6635);
#79=ADVANCED_BREP_SHAPE_REPRESENTATION('',(#3944),#6636);
#80=(
BOUNDED_SURFACE()
B_SPLINE_SURFACE(3,2,((#5808,#5809,#5810),(#5811,#5812,#5813),(#5814,#5815,
#5816),(#5817,#5818,#5819),(#5820,#5821,#5822)),.UNSPECIFIED.,.F.,.F.,.F.)
B_SPLINE_SURFACE_WITH_KNOTS((4,1,4),(3,3),(0.00502885966086782,0.00759838278944212,
0.0101679059180164),(0.,1.),.UNSPECIFIED.)
GEOMETRIC_REPRESENTATION_ITEM()
RATIONAL_B_SPLINE_SURFACE(((1.,0.746239199086136,1.),(1.,0.794108470905007,
1.),(1.,0.882931933228443,1.),(1.,0.953291843534208,1.),(1.,0.976274564789259,
1.)))
REPRESENTATION_ITEM('')
SURFACE()
);
#81=(
BOUNDED_SURFACE()
B_SPLINE_SURFACE(3,2,((#5823,#5824,#5825),(#5826,#5827,#5828),(#5829,#5830,
#5831),(#5832,#5833,#5834),(#5835,#5836,#5837)),.UNSPECIFIED.,.F.,.F.,.F.)
B_SPLINE_SURFACE_WITH_KNOTS((4,1,4),(3,3),(0.00433358405311078,0.0069036933128062,
0.00947380257250162),(0.,1.),.UNSPECIFIED.)
GEOMETRIC_REPRESENTATION_ITEM()
RATIONAL_B_SPLINE_SURFACE(((1.,0.746238985948357,1.),(1.,0.794114298173991,
1.),(1.,0.882942950747807,1.),(1.,0.953274694876628,1.),(1.,0.976275188405917,
1.)))
REPRESENTATION_ITEM('')
SURFACE()
);
#82=CONICAL_SURFACE('',#3984,1.65,0.163624617374468);
#83=CONICAL_SURFACE('',#4072,1.275,0.0872664625997165);
#84=CYLINDRICAL_SURFACE('',#3981,0.75);
#85=CYLINDRICAL_SURFACE('',#3982,0.75);
#86=CYLINDRICAL_SURFACE('',#4010,0.75);
#87=CYLINDRICAL_SURFACE('',#4012,0.75);
#88=CYLINDRICAL_SURFACE('',#4018,1.15);
#89=CYLINDRICAL_SURFACE('',#4024,0.75);
#90=CYLINDRICAL_SURFACE('',#4029,0.75);
#91=CYLINDRICAL_SURFACE('',#4032,1.35);
#92=CYLINDRICAL_SURFACE('',#4048,0.9);
#93=CYLINDRICAL_SURFACE('',#4052,0.6);
#94=CYLINDRICAL_SURFACE('',#4055,0.6);
#95=CYLINDRICAL_SURFACE('',#4058,0.6);
#96=CYLINDRICAL_SURFACE('',#4061,0.6);
#97=CYLINDRICAL_SURFACE('',#4064,0.6);
#98=CYLINDRICAL_SURFACE('',#4073,0.6);
#99=CYLINDRICAL_SURFACE('',#4076,0.6);
#100=CYLINDRICAL_SURFACE('',#4079,0.6);
#101=CYLINDRICAL_SURFACE('',#4082,0.6);
#102=CYLINDRICAL_SURFACE('',#4085,0.6);
#103=CYLINDRICAL_SURFACE('',#4110,0.93875);
#104=CYLINDRICAL_SURFACE('',#4112,1.33875);
#105=CYLINDRICAL_SURFACE('',#4117,0.41);
#106=CYLINDRICAL_SURFACE('',#4120,0.41);
#107=CYLINDRICAL_SURFACE('',#4123,0.41);
#108=CYLINDRICAL_SURFACE('',#4126,0.00999999999999997);
#109=CYLINDRICAL_SURFACE('',#4129,0.81);
#110=CYLINDRICAL_SURFACE('',#4132,0.00999999999999997);
#111=CYLINDRICAL_SURFACE('',#4144,0.9);
#112=CYLINDRICAL_SURFACE('',#4145,0.5);
#113=CYLINDRICAL_SURFACE('',#4161,1.15);
#114=CYLINDRICAL_SURFACE('',#4163,1.15);
#115=CYLINDRICAL_SURFACE('',#4176,0.35);
#116=CYLINDRICAL_SURFACE('',#4177,0.35);
#117=CYLINDRICAL_SURFACE('',#4191,0.94);
#118=CYLINDRICAL_SURFACE('',#4194,1.34);
#119=CYLINDRICAL_SURFACE('',#4196,1.4);
#120=CYLINDRICAL_SURFACE('',#4199,1.);
#121=CYLINDRICAL_SURFACE('',#4202,1.);
#122=CYLINDRICAL_SURFACE('',#4208,1.4);
#123=CYLINDRICAL_SURFACE('',#4211,0.6);
#124=CYLINDRICAL_SURFACE('',#4214,1.);
#125=CYLINDRICAL_SURFACE('',#4225,0.9);
#126=CYLINDRICAL_SURFACE('',#4226,0.5);
#127=CYLINDRICAL_SURFACE('',#4264,0.6);
#128=CYLINDRICAL_SURFACE('',#4265,0.6);
#129=CYLINDRICAL_SURFACE('',#4266,0.6);
#130=CYLINDRICAL_SURFACE('',#4267,0.6);
#131=CYLINDRICAL_SURFACE('',#4268,0.6);
#132=CYLINDRICAL_SURFACE('',#4278,0.75);
#133=CYLINDRICAL_SURFACE('',#4279,0.75);
#134=CYLINDRICAL_SURFACE('',#4280,0.75);
#135=B_SPLINE_CURVE_WITH_KNOTS('',3,(#5423,#5424,#5425,#5426),
 .UNSPECIFIED.,.F.,.F.,(4,4),(2.16840434497101E-19,0.00102526699101267),
 .UNSPECIFIED.);
#136=B_SPLINE_CURVE_WITH_KNOTS('',3,(#5430,#5431,#5432,#5433),
 .UNSPECIFIED.,.F.,.F.,(4,4),(2.16840434497101E-19,0.00102527771059628),
 .UNSPECIFIED.);
#137=B_SPLINE_CURVE_WITH_KNOTS('',3,(#5447,#5448,#5449,#5450),
 .UNSPECIFIED.,.F.,.F.,(4,4),(3.65933918672991E-19,0.000240671666046337),
 .UNSPECIFIED.);
#138=B_SPLINE_CURVE_WITH_KNOTS('',3,(#5462,#5463,#5464,#5465),
 .UNSPECIFIED.,.F.,.F.,(4,4),(0.,0.0002406716660463),.UNSPECIFIED.);
#139=B_SPLINE_CURVE_WITH_KNOTS('',3,(#5467,#5468,#5469,#5470),
 .UNSPECIFIED.,.F.,.F.,(4,4),(0.,7.89461848001962E-5),.UNSPECIFIED.);
#140=B_SPLINE_CURVE_WITH_KNOTS('',3,(#5474,#5475,#5476,#5477),
 .UNSPECIFIED.,.F.,.F.,(4,4),(5.42101086242752E-20,7.89461848001714E-5),
 .UNSPECIFIED.);
#141=B_SPLINE_CURVE_WITH_KNOTS('',3,(#5486,#5487,#5488,#5489),
 .UNSPECIFIED.,.F.,.F.,(4,4),(2.00341403184532E-7,0.000602507745816337),
 .UNSPECIFIED.);
#142=B_SPLINE_CURVE_WITH_KNOTS('',3,(#5491,#5492,#5493,#5494),
 .UNSPECIFIED.,.F.,.F.,(4,4),(2.97254142750141E-7,0.000602896571080477),
 .UNSPECIFIED.);
#143=B_SPLINE_CURVE_WITH_KNOTS('',3,(#5497,#5498,#5499,#5500),
 .UNSPECIFIED.,.F.,.F.,(4,4),(0.,0.00475628594048909),.UNSPECIFIED.);
#144=B_SPLINE_CURVE_WITH_KNOTS('',3,(#5501,#5502,#5503,#5504),
 .UNSPECIFIED.,.F.,.F.,(4,4),(2.6638453342705E-17,0.00475550022855109),
 .UNSPECIFIED.);
#145=B_SPLINE_CURVE_WITH_KNOTS('',3,(#5800,#5801,#5802,#5803),
 .UNSPECIFIED.,.F.,.F.,(4,4),(0.,0.00501355711891384),.UNSPECIFIED.);
#146=B_SPLINE_CURVE_WITH_KNOTS('',3,(#5804,#5805,#5806,#5807),
 .UNSPECIFIED.,.F.,.F.,(4,4),(0.,0.00501437660338603),.UNSPECIFIED.);
#147=B_SPLINE_CURVE_WITH_KNOTS('',3,(#6071,#6072,#6073,#6074),
 .UNSPECIFIED.,.F.,.F.,(4,4),(3.14159265358979,4.71238898038469),
 .UNSPECIFIED.);
#148=B_SPLINE_CURVE_WITH_KNOTS('',3,(#6075,#6076,#6077,#6078),
 .UNSPECIFIED.,.F.,.F.,(4,4),(3.14159265358979,4.71238898038469),
 .UNSPECIFIED.);
#149=B_SPLINE_CURVE_WITH_KNOTS('',3,(#6099,#6100,#6101,#6102),
 .UNSPECIFIED.,.F.,.F.,(4,4),(1.5707963267949,3.14159265358979),
 .UNSPECIFIED.);
#150=B_SPLINE_CURVE_WITH_KNOTS('',3,(#6103,#6104,#6105,#6106),
 .UNSPECIFIED.,.F.,.F.,(4,4),(1.5707963267949,3.14159265358979),
 .UNSPECIFIED.);
#151=B_SPLINE_CURVE_WITH_KNOTS('',3,(#6182,#6183,#6184,#6185),
 .UNSPECIFIED.,.F.,.F.,(4,4),(0.,0.000412784466563118),.UNSPECIFIED.);
#152=B_SPLINE_CURVE_WITH_KNOTS('',3,(#6187,#6188,#6189,#6190),
 .UNSPECIFIED.,.F.,.F.,(4,4),(0.,0.000146616742573363),.UNSPECIFIED.);
#153=B_SPLINE_CURVE_WITH_KNOTS('',3,(#6403,#6404,#6405,#6406),
 .UNSPECIFIED.,.F.,.F.,(4,4),(3.14159265358979,4.71238898038469),
 .UNSPECIFIED.);
#154=B_SPLINE_CURVE_WITH_KNOTS('',3,(#6407,#6408,#6409,#6410),
 .UNSPECIFIED.,.F.,.F.,(4,4),(3.14159265358979,4.71238898038469),
 .UNSPECIFIED.);
#155=B_SPLINE_CURVE_WITH_KNOTS('',3,(#6431,#6432,#6433,#6434),
 .UNSPECIFIED.,.F.,.F.,(4,4),(1.5707963267949,3.14159265358979),
 .UNSPECIFIED.);
#156=B_SPLINE_CURVE_WITH_KNOTS('',3,(#6435,#6436,#6437,#6438),
 .UNSPECIFIED.,.F.,.F.,(4,4),(1.5707963267949,3.14159265358979),
 .UNSPECIFIED.);
#157=ELLIPSE('',#3972,1.36062243137658,1.27791846459594);
#158=ELLIPSE('',#3974,1.42743224170756,1.28585186284822);
#159=ELLIPSE('',#3976,1.42743224170756,1.28585186284822);
#160=ELLIPSE('',#3978,0.992125762394924,0.903272302311237);
#161=ELLIPSE('',#3980,0.910533921786671,0.824536960599042);
#162=ELLIPSE('',#4150,0.47762432936357,0.35);
#163=ELLIPSE('',#4153,0.514364662391537,0.35);
#164=ELLIPSE('',#4159,0.514364662391537,0.35);
#165=ELLIPSE('',#4160,0.514364662391537,0.35);
#166=ELLIPSE('',#4162,1.56933708219459,1.15);
#167=ELLIPSE('',#4164,1.56933708219459,1.15);
#168=CIRCLE('',#3963,0.6);
#169=CIRCLE('',#3964,0.6);
#170=CIRCLE('',#3965,0.6);
#171=CIRCLE('',#3966,0.6);
#172=CIRCLE('',#3967,0.6);
#173=CIRCLE('',#3968,0.75);
#174=CIRCLE('',#3969,0.75);
#175=CIRCLE('',#3970,0.75);
#176=CIRCLE('',#3975,1.65);
#177=CIRCLE('',#3983,0.75);
#178=CIRCLE('',#3986,0.75);
#179=CIRCLE('',#3987,1.35);
#180=CIRCLE('',#3988,0.75);
#181=CIRCLE('',#3989,0.6);
#182=CIRCLE('',#3990,0.6);
#183=CIRCLE('',#3995,0.6);
#184=CIRCLE('',#3996,0.6);
#185=CIRCLE('',#3997,1.15);
#186=CIRCLE('',#3998,0.75);
#187=CIRCLE('',#4000,0.75);
#188=CIRCLE('',#4011,0.749999999999944);
#189=CIRCLE('',#4019,1.14999999999999);
#190=CIRCLE('',#4025,0.749999999999977);
#191=CIRCLE('',#4030,0.75);
#192=CIRCLE('',#4033,1.35);
#193=CIRCLE('',#4041,0.899999999999999);
#194=CIRCLE('',#4043,0.6);
#195=CIRCLE('',#4044,0.9);
#196=CIRCLE('',#4053,0.6);
#197=CIRCLE('',#4056,0.6);
#198=CIRCLE('',#4059,0.6);
#199=CIRCLE('',#4062,0.6);
#200=CIRCLE('',#4065,0.6);
#201=CIRCLE('',#4074,0.6);
#202=CIRCLE('',#4077,0.6);
#203=CIRCLE('',#4080,0.6);
#204=CIRCLE('',#4083,0.6);
#205=CIRCLE('',#4086,0.6);
#206=CIRCLE('',#4104,1.33875);
#207=CIRCLE('',#4105,0.93875);
#208=CIRCLE('',#4108,0.93875);
#209=CIRCLE('',#4109,1.33875);
#210=CIRCLE('',#4118,0.41);
#211=CIRCLE('',#4119,0.41);
#212=CIRCLE('',#4121,0.41);
#213=CIRCLE('',#4122,0.41);
#214=CIRCLE('',#4124,0.41);
#215=CIRCLE('',#4125,0.41);
#216=CIRCLE('',#4127,0.00999999999999997);
#217=CIRCLE('',#4128,0.00999999999999997);
#218=CIRCLE('',#4130,0.81);
#219=CIRCLE('',#4131,0.81);
#220=CIRCLE('',#4133,0.00999999999999997);
#221=CIRCLE('',#4134,0.00999999999999997);
#222=CIRCLE('',#4137,0.9);
#223=CIRCLE('',#4138,0.5);
#224=CIRCLE('',#4141,0.5);
#225=CIRCLE('',#4142,0.9);
#226=CIRCLE('',#4152,1.15);
#227=CIRCLE('',#4154,1.15);
#228=CIRCLE('',#4158,1.15);
#229=CIRCLE('',#4184,1.34);
#230=CIRCLE('',#4185,0.94);
#231=CIRCLE('',#4188,0.94);
#232=CIRCLE('',#4189,1.34);
#233=CIRCLE('',#4197,1.4);
#234=CIRCLE('',#4198,1.4);
#235=CIRCLE('',#4200,1.);
#236=CIRCLE('',#4201,1.);
#237=CIRCLE('',#4203,1.);
#238=CIRCLE('',#4204,1.);
#239=CIRCLE('',#4209,1.4);
#240=CIRCLE('',#4210,1.4);
#241=CIRCLE('',#4212,0.6);
#242=CIRCLE('',#4213,0.6);
#243=CIRCLE('',#4215,1.);
#244=CIRCLE('',#4216,1.);
#245=CIRCLE('',#4219,0.5);
#246=CIRCLE('',#4220,0.9);
#247=CIRCLE('',#4223,0.9);
#248=CIRCLE('',#4224,0.5);
#249=CIRCLE('',#4233,0.75);
#250=CIRCLE('',#4234,0.75);
#251=CIRCLE('',#4235,0.75);
#252=CIRCLE('',#4236,0.6);
#253=CIRCLE('',#4237,0.6);
#254=CIRCLE('',#4238,0.6);
#255=CIRCLE('',#4239,0.6);
#256=CIRCLE('',#4240,0.6);
#257=CIRCLE('',#4243,0.6);
#258=CIRCLE('',#4244,0.6);
#259=CIRCLE('',#4245,0.75);
#260=CIRCLE('',#4246,0.75);
#261=CIRCLE('',#4247,0.75);
#262=CIRCLE('',#4248,0.6);
#263=CIRCLE('',#4249,0.6);
#264=CIRCLE('',#4250,0.6);
#265=ORIENTED_EDGE('',*,*,#1335,.T.);
#266=ORIENTED_EDGE('',*,*,#1336,.T.);
#267=ORIENTED_EDGE('',*,*,#1337,.T.);
#268=ORIENTED_EDGE('',*,*,#1338,.T.);
#269=ORIENTED_EDGE('',*,*,#1339,.T.);
#270=ORIENTED_EDGE('',*,*,#1340,.T.);
#271=ORIENTED_EDGE('',*,*,#1341,.T.);
#272=ORIENTED_EDGE('',*,*,#1342,.T.);
#273=ORIENTED_EDGE('',*,*,#1343,.T.);
#274=ORIENTED_EDGE('',*,*,#1344,.T.);
#275=ORIENTED_EDGE('',*,*,#1345,.F.);
#276=ORIENTED_EDGE('',*,*,#1346,.T.);
#277=ORIENTED_EDGE('',*,*,#1347,.F.);
#278=ORIENTED_EDGE('',*,*,#1348,.T.);
#279=ORIENTED_EDGE('',*,*,#1349,.F.);
#280=ORIENTED_EDGE('',*,*,#1350,.F.);
#281=ORIENTED_EDGE('',*,*,#1351,.F.);
#282=ORIENTED_EDGE('',*,*,#1352,.F.);
#283=ORIENTED_EDGE('',*,*,#1353,.F.);
#284=ORIENTED_EDGE('',*,*,#1354,.F.);
#285=ORIENTED_EDGE('',*,*,#1355,.F.);
#286=ORIENTED_EDGE('',*,*,#1356,.F.);
#287=ORIENTED_EDGE('',*,*,#1357,.F.);
#288=ORIENTED_EDGE('',*,*,#1358,.F.);
#289=ORIENTED_EDGE('',*,*,#1359,.F.);
#290=ORIENTED_EDGE('',*,*,#1360,.F.);
#291=ORIENTED_EDGE('',*,*,#1361,.T.);
#292=ORIENTED_EDGE('',*,*,#1362,.F.);
#293=ORIENTED_EDGE('',*,*,#1363,.T.);
#294=ORIENTED_EDGE('',*,*,#1364,.T.);
#295=ORIENTED_EDGE('',*,*,#1345,.T.);
#296=ORIENTED_EDGE('',*,*,#1365,.F.);
#297=ORIENTED_EDGE('',*,*,#1366,.T.);
#298=ORIENTED_EDGE('',*,*,#1367,.T.);
#299=ORIENTED_EDGE('',*,*,#1362,.T.);
#300=ORIENTED_EDGE('',*,*,#1368,.T.);
#301=ORIENTED_EDGE('',*,*,#1369,.F.);
#302=ORIENTED_EDGE('',*,*,#1370,.T.);
#303=ORIENTED_EDGE('',*,*,#1371,.F.);
#304=ORIENTED_EDGE('',*,*,#1372,.T.);
#305=ORIENTED_EDGE('',*,*,#1373,.T.);
#306=ORIENTED_EDGE('',*,*,#1374,.T.);
#307=ORIENTED_EDGE('',*,*,#1375,.T.);
#308=ORIENTED_EDGE('',*,*,#1376,.T.);
#309=ORIENTED_EDGE('',*,*,#1377,.T.);
#310=ORIENTED_EDGE('',*,*,#1378,.T.);
#311=ORIENTED_EDGE('',*,*,#1379,.T.);
#312=ORIENTED_EDGE('',*,*,#1380,.T.);
#313=ORIENTED_EDGE('',*,*,#1381,.F.);
#314=ORIENTED_EDGE('',*,*,#1382,.T.);
#315=ORIENTED_EDGE('',*,*,#1347,.T.);
#316=ORIENTED_EDGE('',*,*,#1383,.T.);
#317=ORIENTED_EDGE('',*,*,#1384,.F.);
#318=ORIENTED_EDGE('',*,*,#1385,.T.);
#319=ORIENTED_EDGE('',*,*,#1386,.F.);
#320=ORIENTED_EDGE('',*,*,#1387,.F.);
#321=ORIENTED_EDGE('',*,*,#1388,.T.);
#322=ORIENTED_EDGE('',*,*,#1389,.T.);
#323=ORIENTED_EDGE('',*,*,#1390,.F.);
#324=ORIENTED_EDGE('',*,*,#1391,.T.);
#325=ORIENTED_EDGE('',*,*,#1386,.T.);
#326=ORIENTED_EDGE('',*,*,#1392,.T.);
#327=ORIENTED_EDGE('',*,*,#1393,.F.);
#328=ORIENTED_EDGE('',*,*,#1394,.T.);
#329=ORIENTED_EDGE('',*,*,#1390,.T.);
#330=ORIENTED_EDGE('',*,*,#1395,.T.);
#331=ORIENTED_EDGE('',*,*,#1396,.F.);
#332=ORIENTED_EDGE('',*,*,#1397,.F.);
#333=ORIENTED_EDGE('',*,*,#1398,.F.);
#334=ORIENTED_EDGE('',*,*,#1374,.F.);
#335=ORIENTED_EDGE('',*,*,#1399,.T.);
#336=ORIENTED_EDGE('',*,*,#1383,.F.);
#337=ORIENTED_EDGE('',*,*,#1346,.F.);
#338=ORIENTED_EDGE('',*,*,#1380,.F.);
#339=ORIENTED_EDGE('',*,*,#1400,.T.);
#340=ORIENTED_EDGE('',*,*,#1372,.F.);
#341=ORIENTED_EDGE('',*,*,#1401,.F.);
#342=ORIENTED_EDGE('',*,*,#1377,.F.);
#343=ORIENTED_EDGE('',*,*,#1402,.T.);
#344=ORIENTED_EDGE('',*,*,#1384,.T.);
#345=ORIENTED_EDGE('',*,*,#1403,.T.);
#346=ORIENTED_EDGE('',*,*,#1404,.T.);
#347=ORIENTED_EDGE('',*,*,#1405,.T.);
#348=ORIENTED_EDGE('',*,*,#1406,.T.);
#349=ORIENTED_EDGE('',*,*,#1381,.T.);
#350=ORIENTED_EDGE('',*,*,#1401,.T.);
#351=ORIENTED_EDGE('',*,*,#1371,.T.);
#352=ORIENTED_EDGE('',*,*,#1407,.F.);
#353=ORIENTED_EDGE('',*,*,#1395,.F.);
#354=ORIENTED_EDGE('',*,*,#1389,.F.);
#355=ORIENTED_EDGE('',*,*,#1408,.F.);
#356=ORIENTED_EDGE('',*,*,#1409,.F.);
#357=ORIENTED_EDGE('',*,*,#1410,.F.);
#358=ORIENTED_EDGE('',*,*,#1411,.F.);
#359=ORIENTED_EDGE('',*,*,#1412,.F.);
#360=ORIENTED_EDGE('',*,*,#1413,.F.);
#361=ORIENTED_EDGE('',*,*,#1414,.T.);
#362=ORIENTED_EDGE('',*,*,#1415,.T.);
#363=ORIENTED_EDGE('',*,*,#1416,.T.);
#364=ORIENTED_EDGE('',*,*,#1417,.T.);
#365=ORIENTED_EDGE('',*,*,#1418,.T.);
#366=ORIENTED_EDGE('',*,*,#1419,.F.);
#367=ORIENTED_EDGE('',*,*,#1420,.T.);
#368=ORIENTED_EDGE('',*,*,#1421,.F.);
#369=ORIENTED_EDGE('',*,*,#1422,.F.);
#370=ORIENTED_EDGE('',*,*,#1355,.T.);
#371=ORIENTED_EDGE('',*,*,#1423,.T.);
#372=ORIENTED_EDGE('',*,*,#1424,.T.);
#373=ORIENTED_EDGE('',*,*,#1418,.F.);
#374=ORIENTED_EDGE('',*,*,#1354,.T.);
#375=ORIENTED_EDGE('',*,*,#1425,.T.);
#376=ORIENTED_EDGE('',*,*,#1426,.T.);
#377=ORIENTED_EDGE('',*,*,#1423,.F.);
#378=ORIENTED_EDGE('',*,*,#1353,.T.);
#379=ORIENTED_EDGE('',*,*,#1427,.F.);
#380=ORIENTED_EDGE('',*,*,#1428,.F.);
#381=ORIENTED_EDGE('',*,*,#1421,.T.);
#382=ORIENTED_EDGE('',*,*,#1429,.T.);
#383=ORIENTED_EDGE('',*,*,#1430,.F.);
#384=ORIENTED_EDGE('',*,*,#1431,.F.);
#385=ORIENTED_EDGE('',*,*,#1432,.F.);
#386=ORIENTED_EDGE('',*,*,#1433,.F.);
#387=ORIENTED_EDGE('',*,*,#1434,.F.);
#388=ORIENTED_EDGE('',*,*,#1435,.F.);
#389=ORIENTED_EDGE('',*,*,#1436,.F.);
#390=ORIENTED_EDGE('',*,*,#1437,.F.);
#391=ORIENTED_EDGE('',*,*,#1438,.F.);
#392=ORIENTED_EDGE('',*,*,#1439,.T.);
#393=ORIENTED_EDGE('',*,*,#1440,.T.);
#394=ORIENTED_EDGE('',*,*,#1441,.T.);
#395=ORIENTED_EDGE('',*,*,#1442,.T.);
#396=ORIENTED_EDGE('',*,*,#1443,.T.);
#397=ORIENTED_EDGE('',*,*,#1444,.T.);
#398=ORIENTED_EDGE('',*,*,#1445,.F.);
#399=ORIENTED_EDGE('',*,*,#1446,.T.);
#400=ORIENTED_EDGE('',*,*,#1447,.F.);
#401=ORIENTED_EDGE('',*,*,#1448,.F.);
#402=ORIENTED_EDGE('',*,*,#1449,.F.);
#403=ORIENTED_EDGE('',*,*,#1440,.F.);
#404=ORIENTED_EDGE('',*,*,#1450,.T.);
#405=ORIENTED_EDGE('',*,*,#1360,.T.);
#406=ORIENTED_EDGE('',*,*,#1451,.T.);
#407=ORIENTED_EDGE('',*,*,#1441,.F.);
#408=ORIENTED_EDGE('',*,*,#1451,.F.);
#409=ORIENTED_EDGE('',*,*,#1359,.T.);
#410=ORIENTED_EDGE('',*,*,#1452,.T.);
#411=ORIENTED_EDGE('',*,*,#1442,.F.);
#412=ORIENTED_EDGE('',*,*,#1452,.F.);
#413=ORIENTED_EDGE('',*,*,#1358,.T.);
#414=ORIENTED_EDGE('',*,*,#1453,.T.);
#415=ORIENTED_EDGE('',*,*,#1443,.F.);
#416=ORIENTED_EDGE('',*,*,#1453,.F.);
#417=ORIENTED_EDGE('',*,*,#1357,.T.);
#418=ORIENTED_EDGE('',*,*,#1454,.T.);
#419=ORIENTED_EDGE('',*,*,#1444,.F.);
#420=ORIENTED_EDGE('',*,*,#1454,.F.);
#421=ORIENTED_EDGE('',*,*,#1356,.T.);
#422=ORIENTED_EDGE('',*,*,#1422,.T.);
#423=ORIENTED_EDGE('',*,*,#1455,.F.);
#424=ORIENTED_EDGE('',*,*,#1456,.T.);
#425=ORIENTED_EDGE('',*,*,#1429,.F.);
#426=ORIENTED_EDGE('',*,*,#1420,.F.);
#427=ORIENTED_EDGE('',*,*,#1457,.F.);
#428=ORIENTED_EDGE('',*,*,#1425,.F.);
#429=ORIENTED_EDGE('',*,*,#1352,.T.);
#430=ORIENTED_EDGE('',*,*,#1458,.T.);
#431=ORIENTED_EDGE('',*,*,#1459,.T.);
#432=ORIENTED_EDGE('',*,*,#1460,.T.);
#433=ORIENTED_EDGE('',*,*,#1404,.F.);
#434=ORIENTED_EDGE('',*,*,#1461,.F.);
#435=ORIENTED_EDGE('',*,*,#1462,.F.);
#436=ORIENTED_EDGE('',*,*,#1463,.T.);
#437=ORIENTED_EDGE('',*,*,#1446,.F.);
#438=ORIENTED_EDGE('',*,*,#1464,.F.);
#439=ORIENTED_EDGE('',*,*,#1465,.F.);
#440=ORIENTED_EDGE('',*,*,#1458,.F.);
#441=ORIENTED_EDGE('',*,*,#1351,.T.);
#442=ORIENTED_EDGE('',*,*,#1466,.T.);
#443=ORIENTED_EDGE('',*,*,#1467,.F.);
#444=ORIENTED_EDGE('',*,*,#1466,.F.);
#445=ORIENTED_EDGE('',*,*,#1350,.T.);
#446=ORIENTED_EDGE('',*,*,#1468,.T.);
#447=ORIENTED_EDGE('',*,*,#1469,.T.);
#448=ORIENTED_EDGE('',*,*,#1468,.F.);
#449=ORIENTED_EDGE('',*,*,#1349,.T.);
#450=ORIENTED_EDGE('',*,*,#1470,.T.);
#451=ORIENTED_EDGE('',*,*,#1405,.F.);
#452=ORIENTED_EDGE('',*,*,#1460,.F.);
#453=ORIENTED_EDGE('',*,*,#1471,.F.);
#454=ORIENTED_EDGE('',*,*,#1472,.F.);
#455=ORIENTED_EDGE('',*,*,#1368,.F.);
#456=ORIENTED_EDGE('',*,*,#1361,.F.);
#457=ORIENTED_EDGE('',*,*,#1450,.F.);
#458=ORIENTED_EDGE('',*,*,#1439,.F.);
#459=ORIENTED_EDGE('',*,*,#1348,.F.);
#460=ORIENTED_EDGE('',*,*,#1382,.F.);
#461=ORIENTED_EDGE('',*,*,#1406,.F.);
#462=ORIENTED_EDGE('',*,*,#1470,.F.);
#463=ORIENTED_EDGE('',*,*,#1471,.T.);
#464=ORIENTED_EDGE('',*,*,#1438,.T.);
#465=ORIENTED_EDGE('',*,*,#1473,.F.);
#466=ORIENTED_EDGE('',*,*,#1474,.F.);
#467=ORIENTED_EDGE('',*,*,#1437,.T.);
#468=ORIENTED_EDGE('',*,*,#1475,.F.);
#469=ORIENTED_EDGE('',*,*,#1476,.F.);
#470=ORIENTED_EDGE('',*,*,#1473,.T.);
#471=ORIENTED_EDGE('',*,*,#1436,.T.);
#472=ORIENTED_EDGE('',*,*,#1477,.F.);
#473=ORIENTED_EDGE('',*,*,#1478,.F.);
#474=ORIENTED_EDGE('',*,*,#1479,.F.);
#475=ORIENTED_EDGE('',*,*,#1475,.T.);
#476=ORIENTED_EDGE('',*,*,#1435,.T.);
#477=ORIENTED_EDGE('',*,*,#1480,.F.);
#478=ORIENTED_EDGE('',*,*,#1481,.F.);
#479=ORIENTED_EDGE('',*,*,#1477,.T.);
#480=ORIENTED_EDGE('',*,*,#1434,.T.);
#481=ORIENTED_EDGE('',*,*,#1482,.F.);
#482=ORIENTED_EDGE('',*,*,#1483,.F.);
#483=ORIENTED_EDGE('',*,*,#1480,.T.);
#484=ORIENTED_EDGE('',*,*,#1433,.T.);
#485=ORIENTED_EDGE('',*,*,#1484,.F.);
#486=ORIENTED_EDGE('',*,*,#1485,.F.);
#487=ORIENTED_EDGE('',*,*,#1486,.T.);
#488=ORIENTED_EDGE('',*,*,#1482,.T.);
#489=ORIENTED_EDGE('',*,*,#1432,.T.);
#490=ORIENTED_EDGE('',*,*,#1487,.F.);
#491=ORIENTED_EDGE('',*,*,#1488,.F.);
#492=ORIENTED_EDGE('',*,*,#1484,.T.);
#493=ORIENTED_EDGE('',*,*,#1431,.T.);
#494=ORIENTED_EDGE('',*,*,#1489,.F.);
#495=ORIENTED_EDGE('',*,*,#1490,.F.);
#496=ORIENTED_EDGE('',*,*,#1487,.T.);
#497=ORIENTED_EDGE('',*,*,#1430,.T.);
#498=ORIENTED_EDGE('',*,*,#1456,.F.);
#499=ORIENTED_EDGE('',*,*,#1491,.F.);
#500=ORIENTED_EDGE('',*,*,#1489,.T.);
#501=ORIENTED_EDGE('',*,*,#1445,.T.);
#502=ORIENTED_EDGE('',*,*,#1492,.F.);
#503=ORIENTED_EDGE('',*,*,#1493,.F.);
#504=ORIENTED_EDGE('',*,*,#1464,.T.);
#505=ORIENTED_EDGE('',*,*,#1449,.T.);
#506=ORIENTED_EDGE('',*,*,#1494,.F.);
#507=ORIENTED_EDGE('',*,*,#1495,.F.);
#508=ORIENTED_EDGE('',*,*,#1492,.T.);
#509=ORIENTED_EDGE('',*,*,#1448,.T.);
#510=ORIENTED_EDGE('',*,*,#1496,.F.);
#511=ORIENTED_EDGE('',*,*,#1497,.F.);
#512=ORIENTED_EDGE('',*,*,#1494,.T.);
#513=ORIENTED_EDGE('',*,*,#1447,.T.);
#514=ORIENTED_EDGE('',*,*,#1463,.F.);
#515=ORIENTED_EDGE('',*,*,#1498,.F.);
#516=ORIENTED_EDGE('',*,*,#1496,.T.);
#517=ORIENTED_EDGE('',*,*,#1411,.T.);
#518=ORIENTED_EDGE('',*,*,#1499,.F.);
#519=ORIENTED_EDGE('',*,*,#1500,.F.);
#520=ORIENTED_EDGE('',*,*,#1461,.T.);
#521=ORIENTED_EDGE('',*,*,#1410,.T.);
#522=ORIENTED_EDGE('',*,*,#1501,.F.);
#523=ORIENTED_EDGE('',*,*,#1502,.F.);
#524=ORIENTED_EDGE('',*,*,#1499,.T.);
#525=ORIENTED_EDGE('',*,*,#1409,.T.);
#526=ORIENTED_EDGE('',*,*,#1503,.F.);
#527=ORIENTED_EDGE('',*,*,#1504,.F.);
#528=ORIENTED_EDGE('',*,*,#1501,.T.);
#529=ORIENTED_EDGE('',*,*,#1408,.T.);
#530=ORIENTED_EDGE('',*,*,#1388,.F.);
#531=ORIENTED_EDGE('',*,*,#1505,.F.);
#532=ORIENTED_EDGE('',*,*,#1503,.T.);
#533=ORIENTED_EDGE('',*,*,#1407,.T.);
#534=ORIENTED_EDGE('',*,*,#1370,.F.);
#535=ORIENTED_EDGE('',*,*,#1506,.F.);
#536=ORIENTED_EDGE('',*,*,#1507,.T.);
#537=ORIENTED_EDGE('',*,*,#1508,.F.);
#538=ORIENTED_EDGE('',*,*,#1396,.T.);
#539=ORIENTED_EDGE('',*,*,#1509,.F.);
#540=ORIENTED_EDGE('',*,*,#1510,.F.);
#541=ORIENTED_EDGE('',*,*,#1508,.T.);
#542=ORIENTED_EDGE('',*,*,#1511,.F.);
#543=ORIENTED_EDGE('',*,*,#1481,.T.);
#544=ORIENTED_EDGE('',*,*,#1483,.T.);
#545=ORIENTED_EDGE('',*,*,#1511,.T.);
#546=ORIENTED_EDGE('',*,*,#1507,.F.);
#547=ORIENTED_EDGE('',*,*,#1512,.F.);
#548=ORIENTED_EDGE('',*,*,#1478,.T.);
#549=ORIENTED_EDGE('',*,*,#1506,.T.);
#550=ORIENTED_EDGE('',*,*,#1369,.T.);
#551=ORIENTED_EDGE('',*,*,#1472,.T.);
#552=ORIENTED_EDGE('',*,*,#1474,.T.);
#553=ORIENTED_EDGE('',*,*,#1476,.T.);
#554=ORIENTED_EDGE('',*,*,#1479,.T.);
#555=ORIENTED_EDGE('',*,*,#1512,.T.);
#556=ORIENTED_EDGE('',*,*,#1510,.T.);
#557=ORIENTED_EDGE('',*,*,#1513,.F.);
#558=ORIENTED_EDGE('',*,*,#1514,.F.);
#559=ORIENTED_EDGE('',*,*,#1397,.T.);
#560=ORIENTED_EDGE('',*,*,#1509,.T.);
#561=ORIENTED_EDGE('',*,*,#1486,.F.);
#562=ORIENTED_EDGE('',*,*,#1515,.F.);
#563=ORIENTED_EDGE('',*,*,#1513,.T.);
#564=ORIENTED_EDGE('',*,*,#1516,.T.);
#565=ORIENTED_EDGE('',*,*,#1517,.T.);
#566=ORIENTED_EDGE('',*,*,#1518,.T.);
#567=ORIENTED_EDGE('',*,*,#1519,.T.);
#568=ORIENTED_EDGE('',*,*,#1520,.T.);
#569=ORIENTED_EDGE('',*,*,#1398,.T.);
#570=ORIENTED_EDGE('',*,*,#1514,.T.);
#571=ORIENTED_EDGE('',*,*,#1515,.T.);
#572=ORIENTED_EDGE('',*,*,#1485,.T.);
#573=ORIENTED_EDGE('',*,*,#1488,.T.);
#574=ORIENTED_EDGE('',*,*,#1490,.T.);
#575=ORIENTED_EDGE('',*,*,#1491,.T.);
#576=ORIENTED_EDGE('',*,*,#1455,.T.);
#577=ORIENTED_EDGE('',*,*,#1493,.T.);
#578=ORIENTED_EDGE('',*,*,#1495,.T.);
#579=ORIENTED_EDGE('',*,*,#1497,.T.);
#580=ORIENTED_EDGE('',*,*,#1498,.T.);
#581=ORIENTED_EDGE('',*,*,#1462,.T.);
#582=ORIENTED_EDGE('',*,*,#1500,.T.);
#583=ORIENTED_EDGE('',*,*,#1502,.T.);
#584=ORIENTED_EDGE('',*,*,#1504,.T.);
#585=ORIENTED_EDGE('',*,*,#1505,.T.);
#586=ORIENTED_EDGE('',*,*,#1387,.T.);
#587=ORIENTED_EDGE('',*,*,#1521,.F.);
#588=ORIENTED_EDGE('',*,*,#1522,.F.);
#589=ORIENTED_EDGE('',*,*,#1523,.F.);
#590=ORIENTED_EDGE('',*,*,#1524,.F.);
#591=ORIENTED_EDGE('',*,*,#1525,.F.);
#592=ORIENTED_EDGE('',*,*,#1526,.F.);
#593=ORIENTED_EDGE('',*,*,#1527,.T.);
#594=ORIENTED_EDGE('',*,*,#1526,.T.);
#595=ORIENTED_EDGE('',*,*,#1528,.F.);
#596=ORIENTED_EDGE('',*,*,#1520,.F.);
#597=ORIENTED_EDGE('',*,*,#1522,.T.);
#598=ORIENTED_EDGE('',*,*,#1527,.F.);
#599=ORIENTED_EDGE('',*,*,#1519,.F.);
#600=ORIENTED_EDGE('',*,*,#1529,.T.);
#601=ORIENTED_EDGE('',*,*,#1523,.T.);
#602=ORIENTED_EDGE('',*,*,#1529,.F.);
#603=ORIENTED_EDGE('',*,*,#1518,.F.);
#604=ORIENTED_EDGE('',*,*,#1530,.T.);
#605=ORIENTED_EDGE('',*,*,#1524,.T.);
#606=ORIENTED_EDGE('',*,*,#1530,.F.);
#607=ORIENTED_EDGE('',*,*,#1517,.F.);
#608=ORIENTED_EDGE('',*,*,#1531,.T.);
#609=ORIENTED_EDGE('',*,*,#1525,.T.);
#610=ORIENTED_EDGE('',*,*,#1531,.F.);
#611=ORIENTED_EDGE('',*,*,#1516,.F.);
#612=ORIENTED_EDGE('',*,*,#1528,.T.);
#613=ORIENTED_EDGE('',*,*,#1424,.F.);
#614=ORIENTED_EDGE('',*,*,#1426,.F.);
#615=ORIENTED_EDGE('',*,*,#1457,.T.);
#616=ORIENTED_EDGE('',*,*,#1419,.T.);
#617=ORIENTED_EDGE('',*,*,#1467,.T.);
#618=ORIENTED_EDGE('',*,*,#1469,.F.);
#619=ORIENTED_EDGE('',*,*,#1459,.F.);
#620=ORIENTED_EDGE('',*,*,#1465,.T.);
#621=ORIENTED_EDGE('',*,*,#1532,.T.);
#622=ORIENTED_EDGE('',*,*,#1428,.T.);
#623=ORIENTED_EDGE('',*,*,#1532,.F.);
#624=ORIENTED_EDGE('',*,*,#1533,.T.);
#625=ORIENTED_EDGE('',*,*,#1427,.T.);
#626=ORIENTED_EDGE('',*,*,#1533,.F.);
#627=ORIENTED_EDGE('',*,*,#1534,.T.);
#628=ORIENTED_EDGE('',*,*,#1521,.T.);
#629=ORIENTED_EDGE('',*,*,#1534,.F.);
#630=ORIENTED_EDGE('',*,*,#1535,.T.);
#631=ORIENTED_EDGE('',*,*,#1412,.T.);
#632=ORIENTED_EDGE('',*,*,#1535,.F.);
#633=ORIENTED_EDGE('',*,*,#1536,.T.);
#634=ORIENTED_EDGE('',*,*,#1413,.T.);
#635=ORIENTED_EDGE('',*,*,#1536,.F.);
#636=ORIENTED_EDGE('',*,*,#1415,.F.);
#637=ORIENTED_EDGE('',*,*,#1537,.F.);
#638=ORIENTED_EDGE('',*,*,#1538,.T.);
#639=ORIENTED_EDGE('',*,*,#1539,.T.);
#640=ORIENTED_EDGE('',*,*,#1416,.F.);
#641=ORIENTED_EDGE('',*,*,#1539,.F.);
#642=ORIENTED_EDGE('',*,*,#1540,.T.);
#643=ORIENTED_EDGE('',*,*,#1541,.T.);
#644=ORIENTED_EDGE('',*,*,#1417,.F.);
#645=ORIENTED_EDGE('',*,*,#1541,.F.);
#646=ORIENTED_EDGE('',*,*,#1542,.T.);
#647=ORIENTED_EDGE('',*,*,#1543,.T.);
#648=ORIENTED_EDGE('',*,*,#1414,.F.);
#649=ORIENTED_EDGE('',*,*,#1543,.F.);
#650=ORIENTED_EDGE('',*,*,#1544,.T.);
#651=ORIENTED_EDGE('',*,*,#1537,.T.);
#652=ORIENTED_EDGE('',*,*,#1538,.F.);
#653=ORIENTED_EDGE('',*,*,#1544,.F.);
#654=ORIENTED_EDGE('',*,*,#1542,.F.);
#655=ORIENTED_EDGE('',*,*,#1540,.F.);
#656=ORIENTED_EDGE('',*,*,#1393,.T.);
#657=ORIENTED_EDGE('',*,*,#1545,.T.);
#658=ORIENTED_EDGE('',*,*,#1375,.F.);
#659=ORIENTED_EDGE('',*,*,#1399,.F.);
#660=ORIENTED_EDGE('',*,*,#1373,.F.);
#661=ORIENTED_EDGE('',*,*,#1400,.F.);
#662=ORIENTED_EDGE('',*,*,#1379,.F.);
#663=ORIENTED_EDGE('',*,*,#1546,.T.);
#664=ORIENTED_EDGE('',*,*,#1394,.F.);
#665=ORIENTED_EDGE('',*,*,#1546,.F.);
#666=ORIENTED_EDGE('',*,*,#1378,.F.);
#667=ORIENTED_EDGE('',*,*,#1403,.F.);
#668=ORIENTED_EDGE('',*,*,#1391,.F.);
#669=ORIENTED_EDGE('',*,*,#1376,.F.);
#670=ORIENTED_EDGE('',*,*,#1545,.F.);
#671=ORIENTED_EDGE('',*,*,#1392,.F.);
#672=ORIENTED_EDGE('',*,*,#1385,.F.);
#673=ORIENTED_EDGE('',*,*,#1402,.F.);
#674=ORIENTED_EDGE('',*,*,#1547,.T.);
#675=ORIENTED_EDGE('',*,*,#1341,.F.);
#676=ORIENTED_EDGE('',*,*,#1547,.F.);
#677=ORIENTED_EDGE('',*,*,#1548,.T.);
#678=ORIENTED_EDGE('',*,*,#1340,.F.);
#679=ORIENTED_EDGE('',*,*,#1548,.F.);
#680=ORIENTED_EDGE('',*,*,#1549,.T.);
#681=ORIENTED_EDGE('',*,*,#1342,.F.);
#682=ORIENTED_EDGE('',*,*,#1549,.F.);
#683=ORIENTED_EDGE('',*,*,#1550,.T.);
#684=ORIENTED_EDGE('',*,*,#1339,.F.);
#685=ORIENTED_EDGE('',*,*,#1550,.F.);
#686=ORIENTED_EDGE('',*,*,#1551,.T.);
#687=ORIENTED_EDGE('',*,*,#1343,.F.);
#688=ORIENTED_EDGE('',*,*,#1551,.F.);
#689=ORIENTED_EDGE('',*,*,#1335,.F.);
#690=ORIENTED_EDGE('',*,*,#1552,.T.);
#691=ORIENTED_EDGE('',*,*,#1553,.T.);
#692=ORIENTED_EDGE('',*,*,#1554,.T.);
#693=ORIENTED_EDGE('',*,*,#1336,.F.);
#694=ORIENTED_EDGE('',*,*,#1554,.F.);
#695=ORIENTED_EDGE('',*,*,#1555,.T.);
#696=ORIENTED_EDGE('',*,*,#1556,.T.);
#697=ORIENTED_EDGE('',*,*,#1557,.T.);
#698=ORIENTED_EDGE('',*,*,#1558,.T.);
#699=ORIENTED_EDGE('',*,*,#1337,.F.);
#700=ORIENTED_EDGE('',*,*,#1556,.F.);
#701=ORIENTED_EDGE('',*,*,#1553,.F.);
#702=ORIENTED_EDGE('',*,*,#1559,.T.);
#703=ORIENTED_EDGE('',*,*,#1557,.F.);
#704=ORIENTED_EDGE('',*,*,#1555,.F.);
#705=ORIENTED_EDGE('',*,*,#1344,.F.);
#706=ORIENTED_EDGE('',*,*,#1560,.T.);
#707=ORIENTED_EDGE('',*,*,#1561,.T.);
#708=ORIENTED_EDGE('',*,*,#1365,.T.);
#709=ORIENTED_EDGE('',*,*,#1562,.T.);
#710=ORIENTED_EDGE('',*,*,#1563,.T.);
#711=ORIENTED_EDGE('',*,*,#1363,.F.);
#712=ORIENTED_EDGE('',*,*,#1367,.F.);
#713=ORIENTED_EDGE('',*,*,#1561,.F.);
#714=ORIENTED_EDGE('',*,*,#1564,.T.);
#715=ORIENTED_EDGE('',*,*,#1562,.F.);
#716=ORIENTED_EDGE('',*,*,#1366,.F.);
#717=ORIENTED_EDGE('',*,*,#1558,.F.);
#718=ORIENTED_EDGE('',*,*,#1559,.F.);
#719=ORIENTED_EDGE('',*,*,#1552,.F.);
#720=ORIENTED_EDGE('',*,*,#1338,.F.);
#721=ORIENTED_EDGE('',*,*,#1563,.F.);
#722=ORIENTED_EDGE('',*,*,#1564,.F.);
#723=ORIENTED_EDGE('',*,*,#1560,.F.);
#724=ORIENTED_EDGE('',*,*,#1364,.F.);
#725=ORIENTED_EDGE('',*,*,#1565,.F.);
#726=ORIENTED_EDGE('',*,*,#1566,.F.);
#727=ORIENTED_EDGE('',*,*,#1567,.F.);
#728=ORIENTED_EDGE('',*,*,#1568,.F.);
#729=ORIENTED_EDGE('',*,*,#1569,.F.);
#730=ORIENTED_EDGE('',*,*,#1570,.T.);
#731=ORIENTED_EDGE('',*,*,#1571,.F.);
#732=ORIENTED_EDGE('',*,*,#1572,.T.);
#733=ORIENTED_EDGE('',*,*,#1573,.T.);
#734=ORIENTED_EDGE('',*,*,#1574,.T.);
#735=ORIENTED_EDGE('',*,*,#1575,.F.);
#736=ORIENTED_EDGE('',*,*,#1576,.T.);
#737=ORIENTED_EDGE('',*,*,#1577,.T.);
#738=ORIENTED_EDGE('',*,*,#1573,.F.);
#739=ORIENTED_EDGE('',*,*,#1578,.T.);
#740=ORIENTED_EDGE('',*,*,#1579,.T.);
#741=ORIENTED_EDGE('',*,*,#1580,.F.);
#742=ORIENTED_EDGE('',*,*,#1571,.T.);
#743=ORIENTED_EDGE('',*,*,#1581,.F.);
#744=ORIENTED_EDGE('',*,*,#1565,.T.);
#745=ORIENTED_EDGE('',*,*,#1582,.T.);
#746=ORIENTED_EDGE('',*,*,#1567,.T.);
#747=ORIENTED_EDGE('',*,*,#1583,.T.);
#748=ORIENTED_EDGE('',*,*,#1569,.T.);
#749=ORIENTED_EDGE('',*,*,#1584,.T.);
#750=ORIENTED_EDGE('',*,*,#1585,.F.);
#751=ORIENTED_EDGE('',*,*,#1586,.F.);
#752=ORIENTED_EDGE('',*,*,#1575,.T.);
#753=ORIENTED_EDGE('',*,*,#1587,.T.);
#754=ORIENTED_EDGE('',*,*,#1588,.T.);
#755=ORIENTED_EDGE('',*,*,#1589,.T.);
#756=ORIENTED_EDGE('',*,*,#1590,.F.);
#757=ORIENTED_EDGE('',*,*,#1591,.F.);
#758=ORIENTED_EDGE('',*,*,#1578,.F.);
#759=ORIENTED_EDGE('',*,*,#1576,.F.);
#760=ORIENTED_EDGE('',*,*,#1586,.T.);
#761=ORIENTED_EDGE('',*,*,#1592,.T.);
#762=ORIENTED_EDGE('',*,*,#1593,.F.);
#763=ORIENTED_EDGE('',*,*,#1589,.F.);
#764=ORIENTED_EDGE('',*,*,#1594,.T.);
#765=ORIENTED_EDGE('',*,*,#1580,.T.);
#766=ORIENTED_EDGE('',*,*,#1595,.T.);
#767=ORIENTED_EDGE('',*,*,#1596,.T.);
#768=ORIENTED_EDGE('',*,*,#1592,.F.);
#769=ORIENTED_EDGE('',*,*,#1597,.F.);
#770=ORIENTED_EDGE('',*,*,#1598,.F.);
#771=ORIENTED_EDGE('',*,*,#1584,.F.);
#772=ORIENTED_EDGE('',*,*,#1572,.F.);
#773=ORIENTED_EDGE('',*,*,#1595,.F.);
#774=ORIENTED_EDGE('',*,*,#1579,.F.);
#775=ORIENTED_EDGE('',*,*,#1591,.T.);
#776=ORIENTED_EDGE('',*,*,#1599,.T.);
#777=ORIENTED_EDGE('',*,*,#1593,.T.);
#778=ORIENTED_EDGE('',*,*,#1596,.F.);
#779=ORIENTED_EDGE('',*,*,#1599,.F.);
#780=ORIENTED_EDGE('',*,*,#1590,.T.);
#781=ORIENTED_EDGE('',*,*,#1598,.T.);
#782=ORIENTED_EDGE('',*,*,#1600,.F.);
#783=ORIENTED_EDGE('',*,*,#1587,.F.);
#784=ORIENTED_EDGE('',*,*,#1585,.T.);
#785=ORIENTED_EDGE('',*,*,#1597,.T.);
#786=ORIENTED_EDGE('',*,*,#1594,.F.);
#787=ORIENTED_EDGE('',*,*,#1588,.F.);
#788=ORIENTED_EDGE('',*,*,#1600,.T.);
#789=ORIENTED_EDGE('',*,*,#1574,.F.);
#790=ORIENTED_EDGE('',*,*,#1577,.F.);
#791=ORIENTED_EDGE('',*,*,#1568,.T.);
#792=ORIENTED_EDGE('',*,*,#1582,.F.);
#793=ORIENTED_EDGE('',*,*,#1601,.T.);
#794=ORIENTED_EDGE('',*,*,#1602,.T.);
#795=ORIENTED_EDGE('',*,*,#1603,.F.);
#796=ORIENTED_EDGE('',*,*,#1604,.T.);
#797=ORIENTED_EDGE('',*,*,#1605,.T.);
#798=ORIENTED_EDGE('',*,*,#1606,.T.);
#799=ORIENTED_EDGE('',*,*,#1601,.F.);
#800=ORIENTED_EDGE('',*,*,#1607,.T.);
#801=ORIENTED_EDGE('',*,*,#1608,.F.);
#802=ORIENTED_EDGE('',*,*,#1609,.T.);
#803=ORIENTED_EDGE('',*,*,#1610,.T.);
#804=ORIENTED_EDGE('',*,*,#1609,.F.);
#805=ORIENTED_EDGE('',*,*,#1611,.F.);
#806=ORIENTED_EDGE('',*,*,#1612,.T.);
#807=ORIENTED_EDGE('',*,*,#1613,.T.);
#808=ORIENTED_EDGE('',*,*,#1612,.F.);
#809=ORIENTED_EDGE('',*,*,#1614,.F.);
#810=ORIENTED_EDGE('',*,*,#1615,.T.);
#811=ORIENTED_EDGE('',*,*,#1616,.T.);
#812=ORIENTED_EDGE('',*,*,#1615,.F.);
#813=ORIENTED_EDGE('',*,*,#1617,.F.);
#814=ORIENTED_EDGE('',*,*,#1618,.T.);
#815=ORIENTED_EDGE('',*,*,#1619,.F.);
#816=ORIENTED_EDGE('',*,*,#1620,.F.);
#817=ORIENTED_EDGE('',*,*,#1621,.T.);
#818=ORIENTED_EDGE('',*,*,#1622,.T.);
#819=ORIENTED_EDGE('',*,*,#1623,.F.);
#820=ORIENTED_EDGE('',*,*,#1622,.F.);
#821=ORIENTED_EDGE('',*,*,#1624,.T.);
#822=ORIENTED_EDGE('',*,*,#1625,.T.);
#823=ORIENTED_EDGE('',*,*,#1626,.F.);
#824=ORIENTED_EDGE('',*,*,#1625,.F.);
#825=ORIENTED_EDGE('',*,*,#1627,.T.);
#826=ORIENTED_EDGE('',*,*,#1628,.T.);
#827=ORIENTED_EDGE('',*,*,#1603,.T.);
#828=ORIENTED_EDGE('',*,*,#1629,.T.);
#829=ORIENTED_EDGE('',*,*,#1630,.F.);
#830=ORIENTED_EDGE('',*,*,#1628,.F.);
#831=ORIENTED_EDGE('',*,*,#1631,.T.);
#832=ORIENTED_EDGE('',*,*,#1632,.T.);
#833=ORIENTED_EDGE('',*,*,#1608,.T.);
#834=ORIENTED_EDGE('',*,*,#1633,.T.);
#835=ORIENTED_EDGE('',*,*,#1631,.F.);
#836=ORIENTED_EDGE('',*,*,#1627,.F.);
#837=ORIENTED_EDGE('',*,*,#1624,.F.);
#838=ORIENTED_EDGE('',*,*,#1621,.F.);
#839=ORIENTED_EDGE('',*,*,#1634,.F.);
#840=ORIENTED_EDGE('',*,*,#1635,.F.);
#841=ORIENTED_EDGE('',*,*,#1636,.F.);
#842=ORIENTED_EDGE('',*,*,#1637,.T.);
#843=ORIENTED_EDGE('',*,*,#1638,.T.);
#844=ORIENTED_EDGE('',*,*,#1617,.T.);
#845=ORIENTED_EDGE('',*,*,#1614,.T.);
#846=ORIENTED_EDGE('',*,*,#1611,.T.);
#847=ORIENTED_EDGE('',*,*,#1639,.T.);
#848=ORIENTED_EDGE('',*,*,#1618,.F.);
#849=ORIENTED_EDGE('',*,*,#1638,.F.);
#850=ORIENTED_EDGE('',*,*,#1640,.T.);
#851=ORIENTED_EDGE('',*,*,#1630,.T.);
#852=ORIENTED_EDGE('',*,*,#1641,.T.);
#853=ORIENTED_EDGE('',*,*,#1605,.F.);
#854=ORIENTED_EDGE('',*,*,#1610,.F.);
#855=ORIENTED_EDGE('',*,*,#1613,.F.);
#856=ORIENTED_EDGE('',*,*,#1616,.F.);
#857=ORIENTED_EDGE('',*,*,#1639,.F.);
#858=ORIENTED_EDGE('',*,*,#1642,.T.);
#859=ORIENTED_EDGE('',*,*,#1643,.T.);
#860=ORIENTED_EDGE('',*,*,#1644,.F.);
#861=ORIENTED_EDGE('',*,*,#1645,.T.);
#862=ORIENTED_EDGE('',*,*,#1619,.T.);
#863=ORIENTED_EDGE('',*,*,#1623,.T.);
#864=ORIENTED_EDGE('',*,*,#1626,.T.);
#865=ORIENTED_EDGE('',*,*,#1645,.F.);
#866=ORIENTED_EDGE('',*,*,#1646,.F.);
#867=ORIENTED_EDGE('',*,*,#1634,.T.);
#868=ORIENTED_EDGE('',*,*,#1620,.T.);
#869=ORIENTED_EDGE('',*,*,#1643,.F.);
#870=ORIENTED_EDGE('',*,*,#1647,.F.);
#871=ORIENTED_EDGE('',*,*,#1566,.T.);
#872=ORIENTED_EDGE('',*,*,#1648,.T.);
#873=ORIENTED_EDGE('',*,*,#1570,.F.);
#874=ORIENTED_EDGE('',*,*,#1649,.F.);
#875=ORIENTED_EDGE('',*,*,#1636,.T.);
#876=ORIENTED_EDGE('',*,*,#1650,.T.);
#877=ORIENTED_EDGE('',*,*,#1635,.T.);
#878=ORIENTED_EDGE('',*,*,#1646,.T.);
#879=ORIENTED_EDGE('',*,*,#1644,.T.);
#880=ORIENTED_EDGE('',*,*,#1648,.F.);
#881=ORIENTED_EDGE('',*,*,#1581,.T.);
#882=ORIENTED_EDGE('',*,*,#1650,.F.);
#883=ORIENTED_EDGE('',*,*,#1637,.F.);
#884=ORIENTED_EDGE('',*,*,#1649,.T.);
#885=ORIENTED_EDGE('',*,*,#1583,.F.);
#886=ORIENTED_EDGE('',*,*,#1647,.T.);
#887=ORIENTED_EDGE('',*,*,#1642,.F.);
#888=ORIENTED_EDGE('',*,*,#1640,.F.);
#889=ORIENTED_EDGE('',*,*,#1606,.F.);
#890=ORIENTED_EDGE('',*,*,#1641,.F.);
#891=ORIENTED_EDGE('',*,*,#1629,.F.);
#892=ORIENTED_EDGE('',*,*,#1602,.F.);
#893=ORIENTED_EDGE('',*,*,#1607,.F.);
#894=ORIENTED_EDGE('',*,*,#1604,.F.);
#895=ORIENTED_EDGE('',*,*,#1632,.F.);
#896=ORIENTED_EDGE('',*,*,#1633,.F.);
#897=ORIENTED_EDGE('',*,*,#1651,.F.);
#898=ORIENTED_EDGE('',*,*,#1652,.T.);
#899=ORIENTED_EDGE('',*,*,#1653,.T.);
#900=ORIENTED_EDGE('',*,*,#1654,.T.);
#901=ORIENTED_EDGE('',*,*,#1655,.T.);
#902=ORIENTED_EDGE('',*,*,#1656,.T.);
#903=ORIENTED_EDGE('',*,*,#1657,.T.);
#904=ORIENTED_EDGE('',*,*,#1658,.F.);
#905=ORIENTED_EDGE('',*,*,#1659,.T.);
#906=ORIENTED_EDGE('',*,*,#1660,.T.);
#907=ORIENTED_EDGE('',*,*,#1661,.T.);
#908=ORIENTED_EDGE('',*,*,#1662,.T.);
#909=ORIENTED_EDGE('',*,*,#1663,.T.);
#910=ORIENTED_EDGE('',*,*,#1658,.T.);
#911=ORIENTED_EDGE('',*,*,#1664,.T.);
#912=ORIENTED_EDGE('',*,*,#1665,.T.);
#913=ORIENTED_EDGE('',*,*,#1666,.T.);
#914=ORIENTED_EDGE('',*,*,#1667,.T.);
#915=ORIENTED_EDGE('',*,*,#1668,.T.);
#916=ORIENTED_EDGE('',*,*,#1651,.T.);
#917=ORIENTED_EDGE('',*,*,#1663,.F.);
#918=ORIENTED_EDGE('',*,*,#1669,.T.);
#919=ORIENTED_EDGE('',*,*,#1670,.T.);
#920=ORIENTED_EDGE('',*,*,#1671,.T.);
#921=ORIENTED_EDGE('',*,*,#1672,.F.);
#922=ORIENTED_EDGE('',*,*,#1669,.F.);
#923=ORIENTED_EDGE('',*,*,#1673,.T.);
#924=ORIENTED_EDGE('',*,*,#1674,.F.);
#925=ORIENTED_EDGE('',*,*,#1675,.F.);
#926=ORIENTED_EDGE('',*,*,#1676,.F.);
#927=ORIENTED_EDGE('',*,*,#1677,.F.);
#928=ORIENTED_EDGE('',*,*,#1678,.F.);
#929=ORIENTED_EDGE('',*,*,#1679,.F.);
#930=ORIENTED_EDGE('',*,*,#1680,.F.);
#931=ORIENTED_EDGE('',*,*,#1654,.F.);
#932=ORIENTED_EDGE('',*,*,#1681,.T.);
#933=ORIENTED_EDGE('',*,*,#1682,.T.);
#934=ORIENTED_EDGE('',*,*,#1662,.F.);
#935=ORIENTED_EDGE('',*,*,#1683,.T.);
#936=ORIENTED_EDGE('',*,*,#1667,.F.);
#937=ORIENTED_EDGE('',*,*,#1671,.F.);
#938=ORIENTED_EDGE('',*,*,#1684,.T.);
#939=ORIENTED_EDGE('',*,*,#1685,.T.);
#940=ORIENTED_EDGE('',*,*,#1686,.T.);
#941=ORIENTED_EDGE('',*,*,#1659,.F.);
#942=ORIENTED_EDGE('',*,*,#1687,.F.);
#943=ORIENTED_EDGE('',*,*,#1673,.F.);
#944=ORIENTED_EDGE('',*,*,#1665,.F.);
#945=ORIENTED_EDGE('',*,*,#1688,.F.);
#946=ORIENTED_EDGE('',*,*,#1689,.T.);
#947=ORIENTED_EDGE('',*,*,#1690,.F.);
#948=ORIENTED_EDGE('',*,*,#1675,.T.);
#949=ORIENTED_EDGE('',*,*,#1691,.T.);
#950=ORIENTED_EDGE('',*,*,#1692,.T.);
#951=ORIENTED_EDGE('',*,*,#1655,.F.);
#952=ORIENTED_EDGE('',*,*,#1680,.T.);
#953=ORIENTED_EDGE('',*,*,#1693,.T.);
#954=ORIENTED_EDGE('',*,*,#1694,.T.);
#955=ORIENTED_EDGE('',*,*,#1693,.F.);
#956=ORIENTED_EDGE('',*,*,#1679,.T.);
#957=ORIENTED_EDGE('',*,*,#1695,.T.);
#958=ORIENTED_EDGE('',*,*,#1696,.T.);
#959=ORIENTED_EDGE('',*,*,#1695,.F.);
#960=ORIENTED_EDGE('',*,*,#1678,.T.);
#961=ORIENTED_EDGE('',*,*,#1697,.T.);
#962=ORIENTED_EDGE('',*,*,#1698,.T.);
#963=ORIENTED_EDGE('',*,*,#1697,.F.);
#964=ORIENTED_EDGE('',*,*,#1677,.T.);
#965=ORIENTED_EDGE('',*,*,#1699,.T.);
#966=ORIENTED_EDGE('',*,*,#1700,.T.);
#967=ORIENTED_EDGE('',*,*,#1699,.F.);
#968=ORIENTED_EDGE('',*,*,#1676,.T.);
#969=ORIENTED_EDGE('',*,*,#1690,.T.);
#970=ORIENTED_EDGE('',*,*,#1666,.F.);
#971=ORIENTED_EDGE('',*,*,#1691,.F.);
#972=ORIENTED_EDGE('',*,*,#1674,.T.);
#973=ORIENTED_EDGE('',*,*,#1687,.T.);
#974=ORIENTED_EDGE('',*,*,#1664,.F.);
#975=ORIENTED_EDGE('',*,*,#1657,.F.);
#976=ORIENTED_EDGE('',*,*,#1701,.T.);
#977=ORIENTED_EDGE('',*,*,#1688,.T.);
#978=ORIENTED_EDGE('',*,*,#1656,.F.);
#979=ORIENTED_EDGE('',*,*,#1692,.F.);
#980=ORIENTED_EDGE('',*,*,#1694,.F.);
#981=ORIENTED_EDGE('',*,*,#1696,.F.);
#982=ORIENTED_EDGE('',*,*,#1698,.F.);
#983=ORIENTED_EDGE('',*,*,#1700,.F.);
#984=ORIENTED_EDGE('',*,*,#1689,.F.);
#985=ORIENTED_EDGE('',*,*,#1701,.F.);
#986=ORIENTED_EDGE('',*,*,#1672,.T.);
#987=ORIENTED_EDGE('',*,*,#1702,.T.);
#988=ORIENTED_EDGE('',*,*,#1684,.F.);
#989=ORIENTED_EDGE('',*,*,#1670,.F.);
#990=ORIENTED_EDGE('',*,*,#1661,.F.);
#991=ORIENTED_EDGE('',*,*,#1703,.T.);
#992=ORIENTED_EDGE('',*,*,#1652,.F.);
#993=ORIENTED_EDGE('',*,*,#1668,.F.);
#994=ORIENTED_EDGE('',*,*,#1683,.F.);
#995=ORIENTED_EDGE('',*,*,#1686,.F.);
#996=ORIENTED_EDGE('',*,*,#1704,.F.);
#997=ORIENTED_EDGE('',*,*,#1681,.F.);
#998=ORIENTED_EDGE('',*,*,#1653,.F.);
#999=ORIENTED_EDGE('',*,*,#1703,.F.);
#1000=ORIENTED_EDGE('',*,*,#1660,.F.);
#1001=ORIENTED_EDGE('',*,*,#1682,.F.);
#1002=ORIENTED_EDGE('',*,*,#1704,.T.);
#1003=ORIENTED_EDGE('',*,*,#1685,.F.);
#1004=ORIENTED_EDGE('',*,*,#1702,.F.);
#1005=ORIENTED_EDGE('',*,*,#1705,.T.);
#1006=ORIENTED_EDGE('',*,*,#1706,.F.);
#1007=ORIENTED_EDGE('',*,*,#1707,.F.);
#1008=ORIENTED_EDGE('',*,*,#1708,.T.);
#1009=ORIENTED_EDGE('',*,*,#1709,.F.);
#1010=ORIENTED_EDGE('',*,*,#1710,.T.);
#1011=ORIENTED_EDGE('',*,*,#1711,.T.);
#1012=ORIENTED_EDGE('',*,*,#1712,.F.);
#1013=ORIENTED_EDGE('',*,*,#1713,.T.);
#1014=ORIENTED_EDGE('',*,*,#1714,.T.);
#1015=ORIENTED_EDGE('',*,*,#1715,.T.);
#1016=ORIENTED_EDGE('',*,*,#1716,.F.);
#1017=ORIENTED_EDGE('',*,*,#1717,.F.);
#1018=ORIENTED_EDGE('',*,*,#1718,.F.);
#1019=ORIENTED_EDGE('',*,*,#1708,.F.);
#1020=ORIENTED_EDGE('',*,*,#1719,.T.);
#1021=ORIENTED_EDGE('',*,*,#1715,.F.);
#1022=ORIENTED_EDGE('',*,*,#1720,.T.);
#1023=ORIENTED_EDGE('',*,*,#1721,.T.);
#1024=ORIENTED_EDGE('',*,*,#1722,.F.);
#1025=ORIENTED_EDGE('',*,*,#1723,.T.);
#1026=ORIENTED_EDGE('',*,*,#1724,.T.);
#1027=ORIENTED_EDGE('',*,*,#1725,.T.);
#1028=ORIENTED_EDGE('',*,*,#1721,.F.);
#1029=ORIENTED_EDGE('',*,*,#1726,.F.);
#1030=ORIENTED_EDGE('',*,*,#1727,.F.);
#1031=ORIENTED_EDGE('',*,*,#1728,.F.);
#1032=ORIENTED_EDGE('',*,*,#1712,.T.);
#1033=ORIENTED_EDGE('',*,*,#1723,.F.);
#1034=ORIENTED_EDGE('',*,*,#1711,.F.);
#1035=ORIENTED_EDGE('',*,*,#1729,.F.);
#1036=ORIENTED_EDGE('',*,*,#1705,.F.);
#1037=ORIENTED_EDGE('',*,*,#1718,.T.);
#1038=ORIENTED_EDGE('',*,*,#1730,.T.);
#1039=ORIENTED_EDGE('',*,*,#1724,.F.);
#1040=ORIENTED_EDGE('',*,*,#1730,.F.);
#1041=ORIENTED_EDGE('',*,*,#1717,.T.);
#1042=ORIENTED_EDGE('',*,*,#1731,.T.);
#1043=ORIENTED_EDGE('',*,*,#1725,.F.);
#1044=ORIENTED_EDGE('',*,*,#1731,.F.);
#1045=ORIENTED_EDGE('',*,*,#1716,.T.);
#1046=ORIENTED_EDGE('',*,*,#1722,.T.);
#1047=ORIENTED_EDGE('',*,*,#1728,.T.);
#1048=ORIENTED_EDGE('',*,*,#1732,.F.);
#1049=ORIENTED_EDGE('',*,*,#1719,.F.);
#1050=ORIENTED_EDGE('',*,*,#1707,.T.);
#1051=ORIENTED_EDGE('',*,*,#1733,.T.);
#1052=ORIENTED_EDGE('',*,*,#1709,.T.);
#1053=ORIENTED_EDGE('',*,*,#1727,.T.);
#1054=ORIENTED_EDGE('',*,*,#1734,.F.);
#1055=ORIENTED_EDGE('',*,*,#1713,.F.);
#1056=ORIENTED_EDGE('',*,*,#1732,.T.);
#1057=ORIENTED_EDGE('',*,*,#1726,.T.);
#1058=ORIENTED_EDGE('',*,*,#1720,.F.);
#1059=ORIENTED_EDGE('',*,*,#1714,.F.);
#1060=ORIENTED_EDGE('',*,*,#1734,.T.);
#1061=ORIENTED_EDGE('',*,*,#1735,.T.);
#1062=ORIENTED_EDGE('',*,*,#1736,.F.);
#1063=ORIENTED_EDGE('',*,*,#1737,.F.);
#1064=ORIENTED_EDGE('',*,*,#1738,.T.);
#1065=ORIENTED_EDGE('',*,*,#1739,.F.);
#1066=ORIENTED_EDGE('',*,*,#1740,.F.);
#1067=ORIENTED_EDGE('',*,*,#1741,.T.);
#1068=ORIENTED_EDGE('',*,*,#1742,.T.);
#1069=ORIENTED_EDGE('',*,*,#1743,.F.);
#1070=ORIENTED_EDGE('',*,*,#1742,.F.);
#1071=ORIENTED_EDGE('',*,*,#1744,.T.);
#1072=ORIENTED_EDGE('',*,*,#1745,.T.);
#1073=ORIENTED_EDGE('',*,*,#1746,.T.);
#1074=ORIENTED_EDGE('',*,*,#1747,.T.);
#1075=ORIENTED_EDGE('',*,*,#1748,.F.);
#1076=ORIENTED_EDGE('',*,*,#1745,.F.);
#1077=ORIENTED_EDGE('',*,*,#1749,.T.);
#1078=ORIENTED_EDGE('',*,*,#1750,.T.);
#1079=ORIENTED_EDGE('',*,*,#1751,.T.);
#1080=ORIENTED_EDGE('',*,*,#1752,.T.);
#1081=ORIENTED_EDGE('',*,*,#1746,.F.);
#1082=ORIENTED_EDGE('',*,*,#1753,.T.);
#1083=ORIENTED_EDGE('',*,*,#1754,.T.);
#1084=ORIENTED_EDGE('',*,*,#1755,.T.);
#1085=ORIENTED_EDGE('',*,*,#1751,.F.);
#1086=ORIENTED_EDGE('',*,*,#1756,.T.);
#1087=ORIENTED_EDGE('',*,*,#1757,.F.);
#1088=ORIENTED_EDGE('',*,*,#1758,.T.);
#1089=ORIENTED_EDGE('',*,*,#1759,.T.);
#1090=ORIENTED_EDGE('',*,*,#1758,.F.);
#1091=ORIENTED_EDGE('',*,*,#1760,.F.);
#1092=ORIENTED_EDGE('',*,*,#1761,.T.);
#1093=ORIENTED_EDGE('',*,*,#1762,.T.);
#1094=ORIENTED_EDGE('',*,*,#1761,.F.);
#1095=ORIENTED_EDGE('',*,*,#1763,.F.);
#1096=ORIENTED_EDGE('',*,*,#1736,.T.);
#1097=ORIENTED_EDGE('',*,*,#1764,.F.);
#1098=ORIENTED_EDGE('',*,*,#1765,.F.);
#1099=ORIENTED_EDGE('',*,*,#1766,.T.);
#1100=ORIENTED_EDGE('',*,*,#1740,.T.);
#1101=ORIENTED_EDGE('',*,*,#1767,.F.);
#1102=ORIENTED_EDGE('',*,*,#1768,.F.);
#1103=ORIENTED_EDGE('',*,*,#1769,.T.);
#1104=ORIENTED_EDGE('',*,*,#1765,.T.);
#1105=ORIENTED_EDGE('',*,*,#1757,.T.);
#1106=ORIENTED_EDGE('',*,*,#1770,.T.);
#1107=ORIENTED_EDGE('',*,*,#1749,.F.);
#1108=ORIENTED_EDGE('',*,*,#1744,.F.);
#1109=ORIENTED_EDGE('',*,*,#1741,.F.);
#1110=ORIENTED_EDGE('',*,*,#1766,.F.);
#1111=ORIENTED_EDGE('',*,*,#1769,.F.);
#1112=ORIENTED_EDGE('',*,*,#1771,.T.);
#1113=ORIENTED_EDGE('',*,*,#1772,.T.);
#1114=ORIENTED_EDGE('',*,*,#1773,.F.);
#1115=ORIENTED_EDGE('',*,*,#1774,.T.);
#1116=ORIENTED_EDGE('',*,*,#1737,.T.);
#1117=ORIENTED_EDGE('',*,*,#1763,.T.);
#1118=ORIENTED_EDGE('',*,*,#1760,.T.);
#1119=ORIENTED_EDGE('',*,*,#1775,.T.);
#1120=ORIENTED_EDGE('',*,*,#1738,.F.);
#1121=ORIENTED_EDGE('',*,*,#1774,.F.);
#1122=ORIENTED_EDGE('',*,*,#1776,.T.);
#1123=ORIENTED_EDGE('',*,*,#1748,.T.);
#1124=ORIENTED_EDGE('',*,*,#1777,.T.);
#1125=ORIENTED_EDGE('',*,*,#1754,.F.);
#1126=ORIENTED_EDGE('',*,*,#1759,.F.);
#1127=ORIENTED_EDGE('',*,*,#1762,.F.);
#1128=ORIENTED_EDGE('',*,*,#1735,.F.);
#1129=ORIENTED_EDGE('',*,*,#1775,.F.);
#1130=ORIENTED_EDGE('',*,*,#1778,.F.);
#1131=ORIENTED_EDGE('',*,*,#1779,.F.);
#1132=ORIENTED_EDGE('',*,*,#1780,.T.);
#1133=ORIENTED_EDGE('',*,*,#1767,.T.);
#1134=ORIENTED_EDGE('',*,*,#1764,.T.);
#1135=ORIENTED_EDGE('',*,*,#1739,.T.);
#1136=ORIENTED_EDGE('',*,*,#1743,.T.);
#1137=ORIENTED_EDGE('',*,*,#1772,.F.);
#1138=ORIENTED_EDGE('',*,*,#1781,.F.);
#1139=ORIENTED_EDGE('',*,*,#1706,.T.);
#1140=ORIENTED_EDGE('',*,*,#1782,.T.);
#1141=ORIENTED_EDGE('',*,*,#1710,.F.);
#1142=ORIENTED_EDGE('',*,*,#1783,.F.);
#1143=ORIENTED_EDGE('',*,*,#1779,.T.);
#1144=ORIENTED_EDGE('',*,*,#1784,.T.);
#1145=ORIENTED_EDGE('',*,*,#1776,.F.);
#1146=ORIENTED_EDGE('',*,*,#1773,.T.);
#1147=ORIENTED_EDGE('',*,*,#1782,.F.);
#1148=ORIENTED_EDGE('',*,*,#1729,.T.);
#1149=ORIENTED_EDGE('',*,*,#1784,.F.);
#1150=ORIENTED_EDGE('',*,*,#1778,.T.);
#1151=ORIENTED_EDGE('',*,*,#1768,.T.);
#1152=ORIENTED_EDGE('',*,*,#1780,.F.);
#1153=ORIENTED_EDGE('',*,*,#1783,.T.);
#1154=ORIENTED_EDGE('',*,*,#1733,.F.);
#1155=ORIENTED_EDGE('',*,*,#1781,.T.);
#1156=ORIENTED_EDGE('',*,*,#1771,.F.);
#1157=ORIENTED_EDGE('',*,*,#1755,.F.);
#1158=ORIENTED_EDGE('',*,*,#1777,.F.);
#1159=ORIENTED_EDGE('',*,*,#1747,.F.);
#1160=ORIENTED_EDGE('',*,*,#1752,.F.);
#1161=ORIENTED_EDGE('',*,*,#1756,.F.);
#1162=ORIENTED_EDGE('',*,*,#1753,.F.);
#1163=ORIENTED_EDGE('',*,*,#1750,.F.);
#1164=ORIENTED_EDGE('',*,*,#1770,.F.);
#1165=ORIENTED_EDGE('',*,*,#1785,.F.);
#1166=ORIENTED_EDGE('',*,*,#1786,.T.);
#1167=ORIENTED_EDGE('',*,*,#1787,.F.);
#1168=ORIENTED_EDGE('',*,*,#1788,.T.);
#1169=ORIENTED_EDGE('',*,*,#1789,.F.);
#1170=ORIENTED_EDGE('',*,*,#1790,.F.);
#1171=ORIENTED_EDGE('',*,*,#1791,.F.);
#1172=ORIENTED_EDGE('',*,*,#1792,.F.);
#1173=ORIENTED_EDGE('',*,*,#1793,.F.);
#1174=ORIENTED_EDGE('',*,*,#1794,.F.);
#1175=ORIENTED_EDGE('',*,*,#1795,.F.);
#1176=ORIENTED_EDGE('',*,*,#1796,.F.);
#1177=ORIENTED_EDGE('',*,*,#1797,.F.);
#1178=ORIENTED_EDGE('',*,*,#1798,.F.);
#1179=ORIENTED_EDGE('',*,*,#1799,.F.);
#1180=ORIENTED_EDGE('',*,*,#1800,.F.);
#1181=ORIENTED_EDGE('',*,*,#1801,.T.);
#1182=ORIENTED_EDGE('',*,*,#1802,.F.);
#1183=ORIENTED_EDGE('',*,*,#1803,.T.);
#1184=ORIENTED_EDGE('',*,*,#1804,.T.);
#1185=ORIENTED_EDGE('',*,*,#1805,.T.);
#1186=ORIENTED_EDGE('',*,*,#1806,.F.);
#1187=ORIENTED_EDGE('',*,*,#1807,.F.);
#1188=ORIENTED_EDGE('',*,*,#1808,.F.);
#1189=ORIENTED_EDGE('',*,*,#1809,.F.);
#1190=ORIENTED_EDGE('',*,*,#1810,.F.);
#1191=ORIENTED_EDGE('',*,*,#1811,.T.);
#1192=ORIENTED_EDGE('',*,*,#1812,.T.);
#1193=ORIENTED_EDGE('',*,*,#1813,.T.);
#1194=ORIENTED_EDGE('',*,*,#1814,.T.);
#1195=ORIENTED_EDGE('',*,*,#1815,.F.);
#1196=ORIENTED_EDGE('',*,*,#1816,.T.);
#1197=ORIENTED_EDGE('',*,*,#1785,.T.);
#1198=ORIENTED_EDGE('',*,*,#1817,.F.);
#1199=ORIENTED_EDGE('',*,*,#1818,.T.);
#1200=ORIENTED_EDGE('',*,*,#1819,.T.);
#1201=ORIENTED_EDGE('',*,*,#1802,.T.);
#1202=ORIENTED_EDGE('',*,*,#1820,.T.);
#1203=ORIENTED_EDGE('',*,*,#1821,.T.);
#1204=ORIENTED_EDGE('',*,*,#1822,.T.);
#1205=ORIENTED_EDGE('',*,*,#1823,.T.);
#1206=ORIENTED_EDGE('',*,*,#1824,.T.);
#1207=ORIENTED_EDGE('',*,*,#1815,.T.);
#1208=ORIENTED_EDGE('',*,*,#1825,.T.);
#1209=ORIENTED_EDGE('',*,*,#1826,.T.);
#1210=ORIENTED_EDGE('',*,*,#1827,.T.);
#1211=ORIENTED_EDGE('',*,*,#1828,.T.);
#1212=ORIENTED_EDGE('',*,*,#1829,.T.);
#1213=ORIENTED_EDGE('',*,*,#1830,.T.);
#1214=ORIENTED_EDGE('',*,*,#1831,.T.);
#1215=ORIENTED_EDGE('',*,*,#1832,.T.);
#1216=ORIENTED_EDGE('',*,*,#1833,.T.);
#1217=ORIENTED_EDGE('',*,*,#1834,.T.);
#1218=ORIENTED_EDGE('',*,*,#1835,.T.);
#1219=ORIENTED_EDGE('',*,*,#1836,.T.);
#1220=ORIENTED_EDGE('',*,*,#1837,.T.);
#1221=ORIENTED_EDGE('',*,*,#1838,.T.);
#1222=ORIENTED_EDGE('',*,*,#1839,.T.);
#1223=ORIENTED_EDGE('',*,*,#1840,.T.);
#1224=ORIENTED_EDGE('',*,*,#1841,.T.);
#1225=ORIENTED_EDGE('',*,*,#1787,.T.);
#1226=ORIENTED_EDGE('',*,*,#1842,.T.);
#1227=ORIENTED_EDGE('',*,*,#1823,.F.);
#1228=ORIENTED_EDGE('',*,*,#1843,.T.);
#1229=ORIENTED_EDGE('',*,*,#1826,.F.);
#1230=ORIENTED_EDGE('',*,*,#1844,.T.);
#1231=ORIENTED_EDGE('',*,*,#1800,.T.);
#1232=ORIENTED_EDGE('',*,*,#1845,.T.);
#1233=ORIENTED_EDGE('',*,*,#1827,.F.);
#1234=ORIENTED_EDGE('',*,*,#1845,.F.);
#1235=ORIENTED_EDGE('',*,*,#1799,.T.);
#1236=ORIENTED_EDGE('',*,*,#1846,.T.);
#1237=ORIENTED_EDGE('',*,*,#1828,.F.);
#1238=ORIENTED_EDGE('',*,*,#1846,.F.);
#1239=ORIENTED_EDGE('',*,*,#1798,.T.);
#1240=ORIENTED_EDGE('',*,*,#1847,.T.);
#1241=ORIENTED_EDGE('',*,*,#1829,.F.);
#1242=ORIENTED_EDGE('',*,*,#1847,.F.);
#1243=ORIENTED_EDGE('',*,*,#1797,.T.);
#1244=ORIENTED_EDGE('',*,*,#1848,.T.);
#1245=ORIENTED_EDGE('',*,*,#1830,.F.);
#1246=ORIENTED_EDGE('',*,*,#1848,.F.);
#1247=ORIENTED_EDGE('',*,*,#1796,.T.);
#1248=ORIENTED_EDGE('',*,*,#1849,.T.);
#1249=ORIENTED_EDGE('',*,*,#1831,.F.);
#1250=ORIENTED_EDGE('',*,*,#1849,.F.);
#1251=ORIENTED_EDGE('',*,*,#1795,.T.);
#1252=ORIENTED_EDGE('',*,*,#1850,.T.);
#1253=ORIENTED_EDGE('',*,*,#1832,.F.);
#1254=ORIENTED_EDGE('',*,*,#1850,.F.);
#1255=ORIENTED_EDGE('',*,*,#1794,.T.);
#1256=ORIENTED_EDGE('',*,*,#1851,.T.);
#1257=ORIENTED_EDGE('',*,*,#1833,.F.);
#1258=ORIENTED_EDGE('',*,*,#1851,.F.);
#1259=ORIENTED_EDGE('',*,*,#1793,.T.);
#1260=ORIENTED_EDGE('',*,*,#1852,.T.);
#1261=ORIENTED_EDGE('',*,*,#1834,.F.);
#1262=ORIENTED_EDGE('',*,*,#1852,.F.);
#1263=ORIENTED_EDGE('',*,*,#1792,.T.);
#1264=ORIENTED_EDGE('',*,*,#1853,.T.);
#1265=ORIENTED_EDGE('',*,*,#1835,.F.);
#1266=ORIENTED_EDGE('',*,*,#1853,.F.);
#1267=ORIENTED_EDGE('',*,*,#1791,.T.);
#1268=ORIENTED_EDGE('',*,*,#1854,.T.);
#1269=ORIENTED_EDGE('',*,*,#1836,.F.);
#1270=ORIENTED_EDGE('',*,*,#1854,.F.);
#1271=ORIENTED_EDGE('',*,*,#1790,.T.);
#1272=ORIENTED_EDGE('',*,*,#1855,.T.);
#1273=ORIENTED_EDGE('',*,*,#1789,.T.);
#1274=ORIENTED_EDGE('',*,*,#1856,.T.);
#1275=ORIENTED_EDGE('',*,*,#1837,.F.);
#1276=ORIENTED_EDGE('',*,*,#1855,.F.);
#1277=ORIENTED_EDGE('',*,*,#1808,.T.);
#1278=ORIENTED_EDGE('',*,*,#1839,.F.);
#1279=ORIENTED_EDGE('',*,*,#1807,.T.);
#1280=ORIENTED_EDGE('',*,*,#1822,.F.);
#1281=ORIENTED_EDGE('',*,*,#1809,.T.);
#1282=ORIENTED_EDGE('',*,*,#1840,.F.);
#1283=ORIENTED_EDGE('',*,*,#1806,.T.);
#1284=ORIENTED_EDGE('',*,*,#1821,.F.);
#1285=ORIENTED_EDGE('',*,*,#1810,.T.);
#1286=ORIENTED_EDGE('',*,*,#1841,.F.);
#1287=ORIENTED_EDGE('',*,*,#1805,.F.);
#1288=ORIENTED_EDGE('',*,*,#1857,.T.);
#1289=ORIENTED_EDGE('',*,*,#1858,.T.);
#1290=ORIENTED_EDGE('',*,*,#1817,.T.);
#1291=ORIENTED_EDGE('',*,*,#1859,.T.);
#1292=ORIENTED_EDGE('',*,*,#1860,.T.);
#1293=ORIENTED_EDGE('',*,*,#1803,.F.);
#1294=ORIENTED_EDGE('',*,*,#1819,.F.);
#1295=ORIENTED_EDGE('',*,*,#1858,.F.);
#1296=ORIENTED_EDGE('',*,*,#1861,.T.);
#1297=ORIENTED_EDGE('',*,*,#1859,.F.);
#1298=ORIENTED_EDGE('',*,*,#1818,.F.);
#1299=ORIENTED_EDGE('',*,*,#1811,.F.);
#1300=ORIENTED_EDGE('',*,*,#1862,.T.);
#1301=ORIENTED_EDGE('',*,*,#1863,.T.);
#1302=ORIENTED_EDGE('',*,*,#1864,.T.);
#1303=ORIENTED_EDGE('',*,*,#1812,.F.);
#1304=ORIENTED_EDGE('',*,*,#1864,.F.);
#1305=ORIENTED_EDGE('',*,*,#1865,.T.);
#1306=ORIENTED_EDGE('',*,*,#1866,.T.);
#1307=ORIENTED_EDGE('',*,*,#1867,.T.);
#1308=ORIENTED_EDGE('',*,*,#1868,.T.);
#1309=ORIENTED_EDGE('',*,*,#1813,.F.);
#1310=ORIENTED_EDGE('',*,*,#1866,.F.);
#1311=ORIENTED_EDGE('',*,*,#1863,.F.);
#1312=ORIENTED_EDGE('',*,*,#1869,.T.);
#1313=ORIENTED_EDGE('',*,*,#1867,.F.);
#1314=ORIENTED_EDGE('',*,*,#1865,.F.);
#1315=ORIENTED_EDGE('',*,*,#1860,.F.);
#1316=ORIENTED_EDGE('',*,*,#1861,.F.);
#1317=ORIENTED_EDGE('',*,*,#1857,.F.);
#1318=ORIENTED_EDGE('',*,*,#1804,.F.);
#1319=ORIENTED_EDGE('',*,*,#1868,.F.);
#1320=ORIENTED_EDGE('',*,*,#1869,.F.);
#1321=ORIENTED_EDGE('',*,*,#1862,.F.);
#1322=ORIENTED_EDGE('',*,*,#1814,.F.);
#1323=ORIENTED_EDGE('',*,*,#1801,.F.);
#1324=ORIENTED_EDGE('',*,*,#1844,.F.);
#1325=ORIENTED_EDGE('',*,*,#1825,.F.);
#1326=ORIENTED_EDGE('',*,*,#1820,.F.);
#1327=ORIENTED_EDGE('',*,*,#1788,.F.);
#1328=ORIENTED_EDGE('',*,*,#1843,.F.);
#1329=ORIENTED_EDGE('',*,*,#1838,.F.);
#1330=ORIENTED_EDGE('',*,*,#1856,.F.);
#1331=ORIENTED_EDGE('',*,*,#1786,.F.);
#1332=ORIENTED_EDGE('',*,*,#1816,.F.);
#1333=ORIENTED_EDGE('',*,*,#1824,.F.);
#1334=ORIENTED_EDGE('',*,*,#1842,.F.);
#1335=EDGE_CURVE('',#1870,#1871,#2233,.T.);
#1336=EDGE_CURVE('',#1871,#1872,#2234,.T.);
#1337=EDGE_CURVE('',#1872,#1873,#2235,.T.);
#1338=EDGE_CURVE('',#1873,#1870,#2236,.T.);
#1339=EDGE_CURVE('',#1874,#1874,#168,.T.);
#1340=EDGE_CURVE('',#1875,#1875,#169,.T.);
#1341=EDGE_CURVE('',#1876,#1876,#170,.T.);
#1342=EDGE_CURVE('',#1877,#1877,#171,.T.);
#1343=EDGE_CURVE('',#1878,#1878,#172,.T.);
#1344=EDGE_CURVE('',#1879,#1880,#2237,.T.);
#1345=EDGE_CURVE('',#1881,#1880,#2238,.T.);
#1346=EDGE_CURVE('',#1881,#1882,#173,.F.);
#1347=EDGE_CURVE('',#1883,#1882,#2239,.T.);
#1348=EDGE_CURVE('',#1883,#1884,#174,.F.);
#1349=EDGE_CURVE('',#1885,#1884,#2240,.T.);
#1350=EDGE_CURVE('',#1886,#1885,#2241,.T.);
#1351=EDGE_CURVE('',#1887,#1886,#2242,.T.);
#1352=EDGE_CURVE('',#1888,#1887,#2243,.T.);
#1353=EDGE_CURVE('',#1889,#1888,#2244,.T.);
#1354=EDGE_CURVE('',#1890,#1889,#2245,.T.);
#1355=EDGE_CURVE('',#1891,#1890,#2246,.T.);
#1356=EDGE_CURVE('',#1892,#1891,#2247,.T.);
#1357=EDGE_CURVE('',#1893,#1892,#2248,.T.);
#1358=EDGE_CURVE('',#1894,#1893,#2249,.T.);
#1359=EDGE_CURVE('',#1895,#1894,#2250,.T.);
#1360=EDGE_CURVE('',#1896,#1895,#2251,.T.);
#1361=EDGE_CURVE('',#1896,#1897,#175,.F.);
#1362=EDGE_CURVE('',#1898,#1897,#2252,.T.);
#1363=EDGE_CURVE('',#1898,#1899,#2253,.T.);
#1364=EDGE_CURVE('',#1899,#1879,#2254,.T.);
#1365=EDGE_CURVE('',#1900,#1880,#2255,.T.);
#1366=EDGE_CURVE('',#1900,#1901,#2256,.T.);
#1367=EDGE_CURVE('',#1901,#1898,#2257,.T.);
#1368=EDGE_CURVE('',#1897,#1902,#2258,.T.);
#1369=EDGE_CURVE('',#1903,#1902,#2259,.T.);
#1370=EDGE_CURVE('',#1903,#1904,#2260,.T.);
#1371=EDGE_CURVE('',#1905,#1904,#2261,.T.);
#1372=EDGE_CURVE('',#1905,#1906,#2262,.F.);
#1373=EDGE_CURVE('',#1906,#1907,#157,.F.);
#1374=EDGE_CURVE('',#1907,#1881,#2263,.F.);
#1375=EDGE_CURVE('',#1908,#1909,#158,.F.);
#1376=EDGE_CURVE('',#1909,#1910,#135,.T.);
#1377=EDGE_CURVE('',#1910,#1911,#176,.T.);
#1378=EDGE_CURVE('',#1911,#1912,#136,.T.);
#1379=EDGE_CURVE('',#1912,#1913,#159,.F.);
#1380=EDGE_CURVE('',#1913,#1914,#2264,.T.);
#1381=EDGE_CURVE('',#1915,#1914,#2265,.T.);
#1382=EDGE_CURVE('',#1915,#1883,#2266,.F.);
#1383=EDGE_CURVE('',#1882,#1908,#2267,.T.);
#1384=EDGE_CURVE('',#1916,#1917,#160,.F.);
#1385=EDGE_CURVE('',#1916,#1918,#137,.T.);
#1386=EDGE_CURVE('',#1919,#1918,#2268,.T.);
#1387=EDGE_CURVE('',#1920,#1919,#2269,.T.);
#1388=EDGE_CURVE('',#1920,#1921,#2270,.T.);
#1389=EDGE_CURVE('',#1921,#1922,#2271,.T.);
#1390=EDGE_CURVE('',#1923,#1922,#2272,.T.);
#1391=EDGE_CURVE('',#1923,#1917,#138,.T.);
#1392=EDGE_CURVE('',#1918,#1924,#139,.T.);
#1393=EDGE_CURVE('',#1925,#1924,#161,.F.);
#1394=EDGE_CURVE('',#1925,#1923,#140,.T.);
#1395=EDGE_CURVE('',#1922,#1926,#2273,.T.);
#1396=EDGE_CURVE('',#1927,#1926,#2274,.T.);
#1397=EDGE_CURVE('',#1928,#1927,#2275,.T.);
#1398=EDGE_CURVE('',#1919,#1928,#2276,.T.);
#1399=EDGE_CURVE('',#1907,#1908,#141,.T.);
#1400=EDGE_CURVE('',#1913,#1906,#142,.T.);
#1401=EDGE_CURVE('',#1914,#1905,#177,.T.);
#1402=EDGE_CURVE('',#1910,#1916,#143,.T.);
#1403=EDGE_CURVE('',#1917,#1911,#144,.T.);
#1404=EDGE_CURVE('',#1929,#1930,#2277,.T.);
#1405=EDGE_CURVE('',#1930,#1931,#2278,.T.);
#1406=EDGE_CURVE('',#1931,#1915,#178,.T.);
#1407=EDGE_CURVE('',#1926,#1904,#2279,.T.);
#1408=EDGE_CURVE('',#1932,#1921,#179,.T.);
#1409=EDGE_CURVE('',#1933,#1932,#2280,.T.);
#1410=EDGE_CURVE('',#1934,#1933,#180,.T.);
#1411=EDGE_CURVE('',#1929,#1934,#2281,.T.);
#1412=EDGE_CURVE('',#1935,#1935,#181,.T.);
#1413=EDGE_CURVE('',#1936,#1936,#182,.T.);
#1414=EDGE_CURVE('',#1937,#1938,#2282,.T.);
#1415=EDGE_CURVE('',#1938,#1939,#2283,.T.);
#1416=EDGE_CURVE('',#1939,#1940,#2284,.T.);
#1417=EDGE_CURVE('',#1940,#1937,#2285,.T.);
#1418=EDGE_CURVE('',#1890,#1941,#2286,.T.);
#1419=EDGE_CURVE('',#1942,#1941,#2287,.T.);
#1420=EDGE_CURVE('',#1942,#1943,#2288,.T.);
#1421=EDGE_CURVE('',#1944,#1943,#2289,.T.);
#1422=EDGE_CURVE('',#1891,#1944,#2290,.T.);
#1423=EDGE_CURVE('',#1889,#1945,#2291,.T.);
#1424=EDGE_CURVE('',#1945,#1941,#2292,.T.);
#1425=EDGE_CURVE('',#1888,#1946,#2293,.T.);
#1426=EDGE_CURVE('',#1946,#1945,#2294,.T.);
#1427=EDGE_CURVE('',#1947,#1947,#183,.T.);
#1428=EDGE_CURVE('',#1948,#1948,#184,.T.);
#1429=EDGE_CURVE('',#1943,#1949,#2295,.T.);
#1430=EDGE_CURVE('',#1950,#1949,#2296,.T.);
#1431=EDGE_CURVE('',#1951,#1950,#2297,.T.);
#1432=EDGE_CURVE('',#1952,#1951,#2298,.T.);
#1433=EDGE_CURVE('',#1953,#1952,#185,.T.);
#1434=EDGE_CURVE('',#1954,#1953,#2299,.T.);
#1435=EDGE_CURVE('',#1955,#1954,#2300,.T.);
#1436=EDGE_CURVE('',#1956,#1955,#2301,.T.);
#1437=EDGE_CURVE('',#1957,#1956,#2302,.T.);
#1438=EDGE_CURVE('',#1958,#1957,#2303,.T.);
#1439=EDGE_CURVE('',#1958,#1959,#186,.T.);
#1440=EDGE_CURVE('',#1959,#1960,#2304,.T.);
#1441=EDGE_CURVE('',#1960,#1961,#2305,.T.);
#1442=EDGE_CURVE('',#1961,#1962,#2306,.T.);
#1443=EDGE_CURVE('',#1962,#1963,#2307,.T.);
#1444=EDGE_CURVE('',#1963,#1944,#2308,.T.);
#1445=EDGE_CURVE('',#1964,#1965,#2309,.T.);
#1446=EDGE_CURVE('',#1964,#1966,#2310,.T.);
#1447=EDGE_CURVE('',#1967,#1966,#2311,.T.);
#1448=EDGE_CURVE('',#1968,#1967,#2312,.T.);
#1449=EDGE_CURVE('',#1965,#1968,#187,.T.);
#1450=EDGE_CURVE('',#1959,#1896,#2313,.F.);
#1451=EDGE_CURVE('',#1895,#1960,#2314,.T.);
#1452=EDGE_CURVE('',#1894,#1961,#2315,.T.);
#1453=EDGE_CURVE('',#1893,#1962,#2316,.T.);
#1454=EDGE_CURVE('',#1892,#1963,#2317,.T.);
#1455=EDGE_CURVE('',#1969,#1970,#2318,.T.);
#1456=EDGE_CURVE('',#1969,#1949,#2319,.T.);
#1457=EDGE_CURVE('',#1946,#1942,#2320,.T.);
#1458=EDGE_CURVE('',#1887,#1971,#2321,.T.);
#1459=EDGE_CURVE('',#1971,#1972,#2322,.T.);
#1460=EDGE_CURVE('',#1972,#1930,#2323,.T.);
#1461=EDGE_CURVE('',#1973,#1929,#2324,.T.);
#1462=EDGE_CURVE('',#1974,#1973,#2325,.T.);
#1463=EDGE_CURVE('',#1974,#1966,#2326,.T.);
#1464=EDGE_CURVE('',#1970,#1964,#2327,.T.);
#1465=EDGE_CURVE('',#1971,#1975,#2328,.T.);
#1466=EDGE_CURVE('',#1886,#1975,#2329,.T.);
#1467=EDGE_CURVE('',#1975,#1976,#2330,.T.);
#1468=EDGE_CURVE('',#1885,#1976,#2331,.T.);
#1469=EDGE_CURVE('',#1972,#1976,#2332,.T.);
#1470=EDGE_CURVE('',#1884,#1931,#2333,.T.);
#1471=EDGE_CURVE('',#1977,#1958,#2334,.T.);
#1472=EDGE_CURVE('',#1902,#1977,#188,.T.);
#1473=EDGE_CURVE('',#1978,#1957,#2335,.T.);
#1474=EDGE_CURVE('',#1977,#1978,#2336,.T.);
#1475=EDGE_CURVE('',#1979,#1956,#2337,.T.);
#1476=EDGE_CURVE('',#1978,#1979,#2338,.T.);
#1477=EDGE_CURVE('',#1980,#1955,#2339,.T.);
#1478=EDGE_CURVE('',#1981,#1980,#2340,.T.);
#1479=EDGE_CURVE('',#1979,#1981,#2341,.T.);
#1480=EDGE_CURVE('',#1982,#1954,#2342,.T.);
#1481=EDGE_CURVE('',#1980,#1982,#2343,.T.);
#1482=EDGE_CURVE('',#1983,#1953,#2344,.T.);
#1483=EDGE_CURVE('',#1982,#1983,#2345,.T.);
#1484=EDGE_CURVE('',#1984,#1952,#2346,.T.);
#1485=EDGE_CURVE('',#1985,#1984,#189,.T.);
#1486=EDGE_CURVE('',#1985,#1983,#2347,.T.);
#1487=EDGE_CURVE('',#1986,#1951,#2348,.T.);
#1488=EDGE_CURVE('',#1984,#1986,#2349,.T.);
#1489=EDGE_CURVE('',#1987,#1950,#2350,.T.);
#1490=EDGE_CURVE('',#1986,#1987,#2351,.T.);
#1491=EDGE_CURVE('',#1987,#1969,#2352,.T.);
#1492=EDGE_CURVE('',#1988,#1965,#2353,.T.);
#1493=EDGE_CURVE('',#1970,#1988,#2354,.T.);
#1494=EDGE_CURVE('',#1989,#1968,#2355,.T.);
#1495=EDGE_CURVE('',#1988,#1989,#190,.T.);
#1496=EDGE_CURVE('',#1990,#1967,#2356,.T.);
#1497=EDGE_CURVE('',#1989,#1990,#2357,.T.);
#1498=EDGE_CURVE('',#1990,#1974,#2358,.T.);
#1499=EDGE_CURVE('',#1991,#1934,#2359,.T.);
#1500=EDGE_CURVE('',#1973,#1991,#2360,.T.);
#1501=EDGE_CURVE('',#1992,#1933,#2361,.T.);
#1502=EDGE_CURVE('',#1991,#1992,#191,.T.);
#1503=EDGE_CURVE('',#1993,#1932,#2362,.T.);
#1504=EDGE_CURVE('',#1992,#1993,#2363,.T.);
#1505=EDGE_CURVE('',#1993,#1920,#192,.T.);
#1506=EDGE_CURVE('',#1994,#1903,#2364,.T.);
#1507=EDGE_CURVE('',#1994,#1995,#2365,.T.);
#1508=EDGE_CURVE('',#1927,#1995,#2366,.T.);
#1509=EDGE_CURVE('',#1996,#1983,#2367,.T.);
#1510=EDGE_CURVE('',#1927,#1996,#2368,.T.);
#1511=EDGE_CURVE('',#1980,#1995,#2369,.T.);
#1512=EDGE_CURVE('',#1981,#1994,#2370,.T.);
#1513=EDGE_CURVE('',#1997,#1996,#2371,.T.);
#1514=EDGE_CURVE('',#1928,#1997,#2372,.T.);
#1515=EDGE_CURVE('',#1997,#1985,#2373,.T.);
#1516=EDGE_CURVE('',#1998,#1999,#2374,.T.);
#1517=EDGE_CURVE('',#1999,#2000,#193,.T.);
#1518=EDGE_CURVE('',#2000,#2001,#2375,.T.);
#1519=EDGE_CURVE('',#2001,#2002,#2376,.T.);
#1520=EDGE_CURVE('',#2002,#1998,#2377,.T.);
#1521=EDGE_CURVE('',#2003,#2003,#194,.T.);
#1522=EDGE_CURVE('',#2004,#2005,#2378,.T.);
#1523=EDGE_CURVE('',#2006,#2004,#2379,.T.);
#1524=EDGE_CURVE('',#2007,#2006,#195,.T.);
#1525=EDGE_CURVE('',#2008,#2007,#2380,.T.);
#1526=EDGE_CURVE('',#2005,#2008,#2381,.T.);
#1527=EDGE_CURVE('',#2002,#2005,#2382,.T.);
#1528=EDGE_CURVE('',#1998,#2008,#2383,.T.);
#1529=EDGE_CURVE('',#2001,#2004,#2384,.T.);
#1530=EDGE_CURVE('',#2000,#2006,#2385,.T.);
#1531=EDGE_CURVE('',#1999,#2007,#2386,.T.);
#1532=EDGE_CURVE('',#2009,#2009,#196,.T.);
#1533=EDGE_CURVE('',#2010,#2010,#197,.T.);
#1534=EDGE_CURVE('',#2011,#2011,#198,.T.);
#1535=EDGE_CURVE('',#2012,#2012,#199,.T.);
#1536=EDGE_CURVE('',#2013,#2013,#200,.T.);
#1537=EDGE_CURVE('',#2014,#1938,#2387,.T.);
#1538=EDGE_CURVE('',#2014,#2015,#2388,.T.);
#1539=EDGE_CURVE('',#2015,#1939,#2389,.T.);
#1540=EDGE_CURVE('',#2015,#2016,#2390,.T.);
#1541=EDGE_CURVE('',#2016,#1940,#2391,.T.);
#1542=EDGE_CURVE('',#2016,#2017,#2392,.T.);
#1543=EDGE_CURVE('',#2017,#1937,#2393,.T.);
#1544=EDGE_CURVE('',#2017,#2014,#2394,.T.);
#1545=EDGE_CURVE('',#1924,#1909,#145,.T.);
#1546=EDGE_CURVE('',#1912,#1925,#146,.T.);
#1547=EDGE_CURVE('',#2018,#2018,#201,.T.);
#1548=EDGE_CURVE('',#2019,#2019,#202,.T.);
#1549=EDGE_CURVE('',#2020,#2020,#203,.T.);
#1550=EDGE_CURVE('',#2021,#2021,#204,.T.);
#1551=EDGE_CURVE('',#2022,#2022,#205,.T.);
#1552=EDGE_CURVE('',#1870,#2023,#2395,.T.);
#1553=EDGE_CURVE('',#2023,#2024,#2396,.T.);
#1554=EDGE_CURVE('',#2024,#1871,#2397,.T.);
#1555=EDGE_CURVE('',#2024,#2025,#2398,.T.);
#1556=EDGE_CURVE('',#2025,#1872,#2399,.T.);
#1557=EDGE_CURVE('',#2025,#2026,#2400,.T.);
#1558=EDGE_CURVE('',#2026,#1873,#2401,.T.);
#1559=EDGE_CURVE('',#2023,#2026,#2402,.T.);
#1560=EDGE_CURVE('',#1879,#2027,#2403,.T.);
#1561=EDGE_CURVE('',#2027,#1900,#2404,.T.);
#1562=EDGE_CURVE('',#1901,#2028,#2405,.T.);
#1563=EDGE_CURVE('',#2028,#1899,#2406,.T.);
#1564=EDGE_CURVE('',#2027,#2028,#2407,.T.);
#1565=EDGE_CURVE('',#2029,#2030,#2408,.T.);
#1566=EDGE_CURVE('',#2031,#2029,#2409,.T.);
#1567=EDGE_CURVE('',#2032,#2031,#2410,.T.);
#1568=EDGE_CURVE('',#2030,#2032,#2411,.T.);
#1569=EDGE_CURVE('',#2033,#2034,#2412,.T.);
#1570=EDGE_CURVE('',#2033,#2035,#2413,.T.);
#1571=EDGE_CURVE('',#2036,#2035,#2414,.T.);
#1572=EDGE_CURVE('',#2036,#2034,#2415,.T.);
#1573=EDGE_CURVE('',#2037,#2038,#2416,.F.);
#1574=EDGE_CURVE('',#2038,#2039,#2417,.T.);
#1575=EDGE_CURVE('',#2040,#2039,#2418,.T.);
#1576=EDGE_CURVE('',#2040,#2037,#2419,.T.);
#1577=EDGE_CURVE('',#2030,#2038,#2420,.T.);
#1578=EDGE_CURVE('',#2037,#2041,#2421,.F.);
#1579=EDGE_CURVE('',#2041,#2042,#2422,.F.);
#1580=EDGE_CURVE('',#2036,#2042,#2423,.F.);
#1581=EDGE_CURVE('',#2029,#2035,#2424,.T.);
#1582=EDGE_CURVE('',#2039,#2032,#2425,.T.);
#1583=EDGE_CURVE('',#2031,#2033,#2426,.F.);
#1584=EDGE_CURVE('',#2034,#2043,#2427,.T.);
#1585=EDGE_CURVE('',#2044,#2043,#2428,.T.);
#1586=EDGE_CURVE('',#2040,#2044,#2429,.T.);
#1587=EDGE_CURVE('',#2044,#2045,#206,.T.);
#1588=EDGE_CURVE('',#2045,#2046,#2430,.T.);
#1589=EDGE_CURVE('',#2046,#2047,#2431,.T.);
#1590=EDGE_CURVE('',#2048,#2047,#2432,.T.);
#1591=EDGE_CURVE('',#2041,#2048,#207,.F.);
#1592=EDGE_CURVE('',#2049,#2050,#2433,.T.);
#1593=EDGE_CURVE('',#2047,#2050,#2434,.F.);
#1594=EDGE_CURVE('',#2046,#2049,#2435,.T.);
#1595=EDGE_CURVE('',#2042,#2051,#208,.F.);
#1596=EDGE_CURVE('',#2051,#2050,#2436,.T.);
#1597=EDGE_CURVE('',#2052,#2049,#2437,.T.);
#1598=EDGE_CURVE('',#2043,#2052,#209,.T.);
#1599=EDGE_CURVE('',#2048,#2051,#2438,.T.);
#1600=EDGE_CURVE('',#2045,#2052,#2439,.T.);
#1601=EDGE_CURVE('',#2053,#2054,#2440,.T.);
#1602=EDGE_CURVE('',#2054,#2055,#2441,.T.);
#1603=EDGE_CURVE('',#2056,#2055,#2442,.T.);
#1604=EDGE_CURVE('',#2056,#2053,#2443,.T.);
#1605=EDGE_CURVE('',#2057,#2058,#2444,.T.);
#1606=EDGE_CURVE('',#2058,#2054,#2445,.T.);
#1607=EDGE_CURVE('',#2053,#2059,#2446,.F.);
#1608=EDGE_CURVE('',#2060,#2059,#2447,.T.);
#1609=EDGE_CURVE('',#2060,#2057,#2448,.T.);
#1610=EDGE_CURVE('',#2061,#2057,#210,.T.);
#1611=EDGE_CURVE('',#2062,#2060,#211,.T.);
#1612=EDGE_CURVE('',#2062,#2061,#2449,.T.);
#1613=EDGE_CURVE('',#2063,#2061,#212,.T.);
#1614=EDGE_CURVE('',#2064,#2062,#213,.T.);
#1615=EDGE_CURVE('',#2064,#2063,#2450,.T.);
#1616=EDGE_CURVE('',#2065,#2063,#214,.T.);
#1617=EDGE_CURVE('',#2066,#2064,#215,.T.);
#1618=EDGE_CURVE('',#2066,#2065,#2451,.T.);
#1619=EDGE_CURVE('',#2067,#2068,#216,.F.);
#1620=EDGE_CURVE('',#2069,#2067,#2452,.T.);
#1621=EDGE_CURVE('',#2069,#2070,#217,.F.);
#1622=EDGE_CURVE('',#2070,#2068,#2453,.T.);
#1623=EDGE_CURVE('',#2068,#2071,#218,.T.);
#1624=EDGE_CURVE('',#2070,#2072,#219,.T.);
#1625=EDGE_CURVE('',#2072,#2071,#2454,.T.);
#1626=EDGE_CURVE('',#2071,#2073,#220,.F.);
#1627=EDGE_CURVE('',#2072,#2074,#221,.F.);
#1628=EDGE_CURVE('',#2074,#2073,#2455,.T.);
#1629=EDGE_CURVE('',#2055,#2075,#2456,.T.);
#1630=EDGE_CURVE('',#2073,#2075,#2457,.T.);
#1631=EDGE_CURVE('',#2074,#2076,#2458,.T.);
#1632=EDGE_CURVE('',#2076,#2056,#2459,.F.);
#1633=EDGE_CURVE('',#2059,#2076,#2460,.T.);
#1634=EDGE_CURVE('',#2077,#2069,#2461,.T.);
#1635=EDGE_CURVE('',#2078,#2077,#222,.T.);
#1636=EDGE_CURVE('',#2079,#2078,#2462,.F.);
#1637=EDGE_CURVE('',#2079,#2080,#223,.T.);
#1638=EDGE_CURVE('',#2080,#2066,#2463,.T.);
#1639=EDGE_CURVE('',#2081,#2065,#2464,.T.);
#1640=EDGE_CURVE('',#2080,#2081,#2465,.T.);
#1641=EDGE_CURVE('',#2075,#2058,#2466,.F.);
#1642=EDGE_CURVE('',#2081,#2082,#224,.F.);
#1643=EDGE_CURVE('',#2082,#2083,#2467,.T.);
#1644=EDGE_CURVE('',#2084,#2083,#225,.T.);
#1645=EDGE_CURVE('',#2084,#2067,#2468,.T.);
#1646=EDGE_CURVE('',#2077,#2084,#2469,.T.);
#1647=EDGE_CURVE('',#2031,#2082,#147,.T.);
#1648=EDGE_CURVE('',#2029,#2083,#148,.T.);
#1649=EDGE_CURVE('',#2079,#2033,#149,.T.);
#1650=EDGE_CURVE('',#2078,#2035,#150,.T.);
#1651=EDGE_CURVE('',#2085,#2086,#2470,.T.);
#1652=EDGE_CURVE('',#2085,#2087,#2471,.T.);
#1653=EDGE_CURVE('',#2087,#2088,#162,.F.);
#1654=EDGE_CURVE('',#2088,#2089,#2472,.T.);
#1655=EDGE_CURVE('',#2089,#2090,#2473,.T.);
#1656=EDGE_CURVE('',#2090,#2091,#2474,.T.);
#1657=EDGE_CURVE('',#2091,#2092,#2475,.T.);
#1658=EDGE_CURVE('',#2086,#2092,#2476,.T.);
#1659=EDGE_CURVE('',#2093,#2094,#226,.T.);
#1660=EDGE_CURVE('',#2094,#2095,#163,.F.);
#1661=EDGE_CURVE('',#2095,#2096,#2477,.T.);
#1662=EDGE_CURVE('',#2096,#2097,#227,.T.);
#1663=EDGE_CURVE('',#2097,#2086,#2478,.T.);
#1664=EDGE_CURVE('',#2092,#2098,#2479,.T.);
#1665=EDGE_CURVE('',#2098,#2099,#2480,.T.);
#1666=EDGE_CURVE('',#2099,#2093,#2481,.T.);
#1667=EDGE_CURVE('',#2097,#2100,#2482,.F.);
#1668=EDGE_CURVE('',#2100,#2085,#2483,.T.);
#1669=EDGE_CURVE('',#2101,#2102,#2484,.T.);
#1670=EDGE_CURVE('',#2102,#2103,#2485,.T.);
#1671=EDGE_CURVE('',#2103,#2101,#2486,.F.);
#1672=EDGE_CURVE('',#2102,#2104,#2487,.T.);
#1673=EDGE_CURVE('',#2101,#2105,#228,.F.);
#1674=EDGE_CURVE('',#2106,#2105,#2488,.T.);
#1675=EDGE_CURVE('',#2107,#2106,#2489,.T.);
#1676=EDGE_CURVE('',#2108,#2107,#2490,.T.);
#1677=EDGE_CURVE('',#2109,#2108,#2491,.T.);
#1678=EDGE_CURVE('',#2110,#2109,#2492,.T.);
#1679=EDGE_CURVE('',#2111,#2110,#2493,.T.);
#1680=EDGE_CURVE('',#2089,#2111,#2494,.T.);
#1681=EDGE_CURVE('',#2088,#2112,#164,.T.);
#1682=EDGE_CURVE('',#2112,#2104,#165,.T.);
#1683=EDGE_CURVE('',#2096,#2100,#166,.F.);
#1684=EDGE_CURVE('',#2103,#2113,#167,.F.);
#1685=EDGE_CURVE('',#2113,#2114,#151,.T.);
#1686=EDGE_CURVE('',#2114,#2094,#152,.T.);
#1687=EDGE_CURVE('',#2105,#2093,#2495,.T.);
#1688=EDGE_CURVE('',#2115,#2098,#2496,.T.);
#1689=EDGE_CURVE('',#2115,#2116,#2497,.T.);
#1690=EDGE_CURVE('',#2107,#2116,#2498,.T.);
#1691=EDGE_CURVE('',#2106,#2099,#2499,.T.);
#1692=EDGE_CURVE('',#2117,#2090,#2500,.T.);
#1693=EDGE_CURVE('',#2111,#2117,#2501,.T.);
#1694=EDGE_CURVE('',#2118,#2117,#2502,.T.);
#1695=EDGE_CURVE('',#2110,#2118,#2503,.T.);
#1696=EDGE_CURVE('',#2119,#2118,#2504,.T.);
#1697=EDGE_CURVE('',#2109,#2119,#2505,.T.);
#1698=EDGE_CURVE('',#2120,#2119,#2506,.T.);
#1699=EDGE_CURVE('',#2108,#2120,#2507,.T.);
#1700=EDGE_CURVE('',#2116,#2120,#2508,.T.);
#1701=EDGE_CURVE('',#2091,#2115,#2509,.T.);
#1702=EDGE_CURVE('',#2104,#2113,#2510,.T.);
#1703=EDGE_CURVE('',#2095,#2087,#2511,.T.);
#1704=EDGE_CURVE('',#2112,#2114,#2512,.F.);
#1705=EDGE_CURVE('',#2121,#2122,#2513,.F.);
#1706=EDGE_CURVE('',#2123,#2122,#2514,.T.);
#1707=EDGE_CURVE('',#2124,#2123,#2515,.T.);
#1708=EDGE_CURVE('',#2124,#2121,#2516,.T.);
#1709=EDGE_CURVE('',#2125,#2126,#2517,.T.);
#1710=EDGE_CURVE('',#2125,#2127,#2518,.T.);
#1711=EDGE_CURVE('',#2127,#2128,#2519,.F.);
#1712=EDGE_CURVE('',#2126,#2128,#2520,.T.);
#1713=EDGE_CURVE('',#2129,#2130,#229,.T.);
#1714=EDGE_CURVE('',#2130,#2131,#2521,.T.);
#1715=EDGE_CURVE('',#2131,#2132,#2522,.T.);
#1716=EDGE_CURVE('',#2133,#2132,#2523,.T.);
#1717=EDGE_CURVE('',#2134,#2133,#230,.F.);
#1718=EDGE_CURVE('',#2121,#2134,#2524,.F.);
#1719=EDGE_CURVE('',#2124,#2129,#2525,.T.);
#1720=EDGE_CURVE('',#2131,#2135,#2526,.T.);
#1721=EDGE_CURVE('',#2135,#2136,#2527,.T.);
#1722=EDGE_CURVE('',#2132,#2136,#2528,.F.);
#1723=EDGE_CURVE('',#2128,#2137,#2529,.F.);
#1724=EDGE_CURVE('',#2137,#2138,#231,.F.);
#1725=EDGE_CURVE('',#2138,#2136,#2530,.T.);
#1726=EDGE_CURVE('',#2139,#2135,#2531,.T.);
#1727=EDGE_CURVE('',#2140,#2139,#232,.T.);
#1728=EDGE_CURVE('',#2126,#2140,#2532,.T.);
#1729=EDGE_CURVE('',#2122,#2127,#2533,.T.);
#1730=EDGE_CURVE('',#2134,#2137,#2534,.F.);
#1731=EDGE_CURVE('',#2133,#2138,#2535,.T.);
#1732=EDGE_CURVE('',#2129,#2140,#2536,.T.);
#1733=EDGE_CURVE('',#2123,#2125,#2537,.F.);
#1734=EDGE_CURVE('',#2130,#2139,#2538,.T.);
#1735=EDGE_CURVE('',#2141,#2142,#233,.F.);
#1736=EDGE_CURVE('',#2143,#2142,#2539,.T.);
#1737=EDGE_CURVE('',#2144,#2143,#234,.F.);
#1738=EDGE_CURVE('',#2144,#2141,#2540,.F.);
#1739=EDGE_CURVE('',#2145,#2146,#235,.T.);
#1740=EDGE_CURVE('',#2147,#2145,#2541,.T.);
#1741=EDGE_CURVE('',#2147,#2148,#236,.T.);
#1742=EDGE_CURVE('',#2148,#2146,#2542,.T.);
#1743=EDGE_CURVE('',#2146,#2149,#237,.T.);
#1744=EDGE_CURVE('',#2148,#2150,#238,.T.);
#1745=EDGE_CURVE('',#2150,#2149,#2543,.T.);
#1746=EDGE_CURVE('',#2151,#2152,#2544,.T.);
#1747=EDGE_CURVE('',#2152,#2153,#2545,.F.);
#1748=EDGE_CURVE('',#2149,#2153,#2546,.T.);
#1749=EDGE_CURVE('',#2150,#2154,#2547,.T.);
#1750=EDGE_CURVE('',#2154,#2151,#2548,.F.);
#1751=EDGE_CURVE('',#2155,#2156,#2549,.F.);
#1752=EDGE_CURVE('',#2156,#2152,#2550,.T.);
#1753=EDGE_CURVE('',#2151,#2155,#2551,.T.);
#1754=EDGE_CURVE('',#2157,#2158,#2552,.F.);
#1755=EDGE_CURVE('',#2158,#2156,#2553,.F.);
#1756=EDGE_CURVE('',#2155,#2159,#2554,.F.);
#1757=EDGE_CURVE('',#2160,#2159,#2555,.F.);
#1758=EDGE_CURVE('',#2160,#2157,#2556,.T.);
#1759=EDGE_CURVE('',#2161,#2157,#239,.F.);
#1760=EDGE_CURVE('',#2162,#2160,#240,.F.);
#1761=EDGE_CURVE('',#2162,#2161,#2557,.T.);
#1762=EDGE_CURVE('',#2142,#2161,#241,.T.);
#1763=EDGE_CURVE('',#2143,#2162,#242,.T.);
#1764=EDGE_CURVE('',#2163,#2145,#243,.T.);
#1765=EDGE_CURVE('',#2164,#2163,#2558,.T.);
#1766=EDGE_CURVE('',#2164,#2147,#244,.T.);
#1767=EDGE_CURVE('',#2165,#2163,#2559,.T.);
#1768=EDGE_CURVE('',#2166,#2165,#2560,.T.);
#1769=EDGE_CURVE('',#2166,#2164,#2561,.T.);
#1770=EDGE_CURVE('',#2159,#2154,#2562,.T.);
#1771=EDGE_CURVE('',#2166,#2167,#245,.F.);
#1772=EDGE_CURVE('',#2167,#2168,#2563,.T.);
#1773=EDGE_CURVE('',#2169,#2168,#246,.T.);
#1774=EDGE_CURVE('',#2169,#2144,#2564,.F.);
#1775=EDGE_CURVE('',#2170,#2141,#2565,.F.);
#1776=EDGE_CURVE('',#2169,#2170,#2566,.T.);
#1777=EDGE_CURVE('',#2153,#2158,#2567,.T.);
#1778=EDGE_CURVE('',#2171,#2170,#247,.T.);
#1779=EDGE_CURVE('',#2172,#2171,#2568,.F.);
#1780=EDGE_CURVE('',#2172,#2165,#248,.T.);
#1781=EDGE_CURVE('',#2123,#2167,#153,.T.);
#1782=EDGE_CURVE('',#2122,#2168,#154,.T.);
#1783=EDGE_CURVE('',#2172,#2125,#155,.T.);
#1784=EDGE_CURVE('',#2171,#2127,#156,.T.);
#1785=EDGE_CURVE('',#2173,#2174,#2569,.T.);
#1786=EDGE_CURVE('',#2173,#2175,#249,.F.);
#1787=EDGE_CURVE('',#2176,#2175,#2570,.T.);
#1788=EDGE_CURVE('',#2176,#2177,#250,.F.);
#1789=EDGE_CURVE('',#2178,#2177,#2571,.T.);
#1790=EDGE_CURVE('',#2179,#2178,#2572,.T.);
#1791=EDGE_CURVE('',#2180,#2179,#2573,.T.);
#1792=EDGE_CURVE('',#2181,#2180,#2574,.T.);
#1793=EDGE_CURVE('',#2182,#2181,#2575,.T.);
#1794=EDGE_CURVE('',#2183,#2182,#2576,.T.);
#1795=EDGE_CURVE('',#2184,#2183,#2577,.T.);
#1796=EDGE_CURVE('',#2185,#2184,#2578,.T.);
#1797=EDGE_CURVE('',#2186,#2185,#2579,.T.);
#1798=EDGE_CURVE('',#2187,#2186,#2580,.T.);
#1799=EDGE_CURVE('',#2188,#2187,#2581,.T.);
#1800=EDGE_CURVE('',#2189,#2188,#2582,.T.);
#1801=EDGE_CURVE('',#2189,#2190,#251,.F.);
#1802=EDGE_CURVE('',#2191,#2190,#2583,.T.);
#1803=EDGE_CURVE('',#2191,#2192,#2584,.T.);
#1804=EDGE_CURVE('',#2192,#2193,#2585,.T.);
#1805=EDGE_CURVE('',#2193,#2174,#2586,.T.);
#1806=EDGE_CURVE('',#2194,#2194,#252,.F.);
#1807=EDGE_CURVE('',#2195,#2195,#253,.F.);
#1808=EDGE_CURVE('',#2196,#2196,#254,.F.);
#1809=EDGE_CURVE('',#2197,#2197,#255,.F.);
#1810=EDGE_CURVE('',#2198,#2198,#256,.F.);
#1811=EDGE_CURVE('',#2199,#2200,#2587,.T.);
#1812=EDGE_CURVE('',#2200,#2201,#2588,.T.);
#1813=EDGE_CURVE('',#2201,#2202,#2589,.T.);
#1814=EDGE_CURVE('',#2202,#2199,#2590,.T.);
#1815=EDGE_CURVE('',#2203,#2204,#2591,.T.);
#1816=EDGE_CURVE('',#2203,#2173,#2592,.F.);
#1817=EDGE_CURVE('',#2205,#2174,#2593,.T.);
#1818=EDGE_CURVE('',#2205,#2206,#2594,.T.);
#1819=EDGE_CURVE('',#2206,#2191,#2595,.T.);
#1820=EDGE_CURVE('',#2190,#2204,#2596,.T.);
#1821=EDGE_CURVE('',#2207,#2207,#257,.T.);
#1822=EDGE_CURVE('',#2208,#2208,#258,.T.);
#1823=EDGE_CURVE('',#2209,#2210,#2597,.T.);
#1824=EDGE_CURVE('',#2210,#2203,#259,.T.);
#1825=EDGE_CURVE('',#2204,#2211,#260,.T.);
#1826=EDGE_CURVE('',#2211,#2212,#2598,.T.);
#1827=EDGE_CURVE('',#2212,#2213,#2599,.T.);
#1828=EDGE_CURVE('',#2213,#2214,#2600,.T.);
#1829=EDGE_CURVE('',#2214,#2215,#2601,.T.);
#1830=EDGE_CURVE('',#2215,#2216,#2602,.T.);
#1831=EDGE_CURVE('',#2216,#2217,#2603,.T.);
#1832=EDGE_CURVE('',#2217,#2218,#2604,.T.);
#1833=EDGE_CURVE('',#2218,#2219,#2605,.T.);
#1834=EDGE_CURVE('',#2219,#2220,#2606,.T.);
#1835=EDGE_CURVE('',#2220,#2221,#2607,.T.);
#1836=EDGE_CURVE('',#2221,#2222,#2608,.T.);
#1837=EDGE_CURVE('',#2222,#2223,#2609,.T.);
#1838=EDGE_CURVE('',#2223,#2209,#261,.T.);
#1839=EDGE_CURVE('',#2224,#2224,#262,.T.);
#1840=EDGE_CURVE('',#2225,#2225,#263,.T.);
#1841=EDGE_CURVE('',#2226,#2226,#264,.T.);
#1842=EDGE_CURVE('',#2175,#2210,#2610,.T.);
#1843=EDGE_CURVE('',#2209,#2176,#2611,.F.);
#1844=EDGE_CURVE('',#2211,#2189,#2612,.F.);
#1845=EDGE_CURVE('',#2188,#2212,#2613,.T.);
#1846=EDGE_CURVE('',#2187,#2213,#2614,.T.);
#1847=EDGE_CURVE('',#2186,#2214,#2615,.T.);
#1848=EDGE_CURVE('',#2185,#2215,#2616,.T.);
#1849=EDGE_CURVE('',#2184,#2216,#2617,.T.);
#1850=EDGE_CURVE('',#2183,#2217,#2618,.T.);
#1851=EDGE_CURVE('',#2182,#2218,#2619,.T.);
#1852=EDGE_CURVE('',#2181,#2219,#2620,.T.);
#1853=EDGE_CURVE('',#2180,#2220,#2621,.T.);
#1854=EDGE_CURVE('',#2179,#2221,#2622,.T.);
#1855=EDGE_CURVE('',#2178,#2222,#2623,.T.);
#1856=EDGE_CURVE('',#2177,#2223,#2624,.T.);
#1857=EDGE_CURVE('',#2193,#2227,#2625,.T.);
#1858=EDGE_CURVE('',#2227,#2205,#2626,.T.);
#1859=EDGE_CURVE('',#2206,#2228,#2627,.T.);
#1860=EDGE_CURVE('',#2228,#2192,#2628,.T.);
#1861=EDGE_CURVE('',#2227,#2228,#2629,.T.);
#1862=EDGE_CURVE('',#2199,#2229,#2630,.T.);
#1863=EDGE_CURVE('',#2229,#2230,#2631,.T.);
#1864=EDGE_CURVE('',#2230,#2200,#2632,.T.);
#1865=EDGE_CURVE('',#2230,#2231,#2633,.T.);
#1866=EDGE_CURVE('',#2231,#2201,#2634,.T.);
#1867=EDGE_CURVE('',#2231,#2232,#2635,.T.);
#1868=EDGE_CURVE('',#2232,#2202,#2636,.T.);
#1869=EDGE_CURVE('',#2229,#2232,#2637,.T.);
#1870=VERTEX_POINT('',#5341);
#1871=VERTEX_POINT('',#5342);
#1872=VERTEX_POINT('',#5344);
#1873=VERTEX_POINT('',#5346);
#1874=VERTEX_POINT('',#5349);
#1875=VERTEX_POINT('',#5351);
#1876=VERTEX_POINT('',#5353);
#1877=VERTEX_POINT('',#5355);
#1878=VERTEX_POINT('',#5357);
#1879=VERTEX_POINT('',#5359);
#1880=VERTEX_POINT('',#5360);
#1881=VERTEX_POINT('',#5362);
#1882=VERTEX_POINT('',#5364);
#1883=VERTEX_POINT('',#5366);
#1884=VERTEX_POINT('',#5368);
#1885=VERTEX_POINT('',#5370);
#1886=VERTEX_POINT('',#5372);
#1887=VERTEX_POINT('',#5374);
#1888=VERTEX_POINT('',#5376);
#1889=VERTEX_POINT('',#5378);
#1890=VERTEX_POINT('',#5380);
#1891=VERTEX_POINT('',#5382);
#1892=VERTEX_POINT('',#5384);
#1893=VERTEX_POINT('',#5386);
#1894=VERTEX_POINT('',#5388);
#1895=VERTEX_POINT('',#5390);
#1896=VERTEX_POINT('',#5392);
#1897=VERTEX_POINT('',#5394);
#1898=VERTEX_POINT('',#5396);
#1899=VERTEX_POINT('',#5398);
#1900=VERTEX_POINT('',#5402);
#1901=VERTEX_POINT('',#5404);
#1902=VERTEX_POINT('',#5407);
#1903=VERTEX_POINT('',#5409);
#1904=VERTEX_POINT('',#5411);
#1905=VERTEX_POINT('',#5413);
#1906=VERTEX_POINT('',#5415);
#1907=VERTEX_POINT('',#5417);
#1908=VERTEX_POINT('',#5421);
#1909=VERTEX_POINT('',#5422);
#1910=VERTEX_POINT('',#5427);
#1911=VERTEX_POINT('',#5429);
#1912=VERTEX_POINT('',#5434);
#1913=VERTEX_POINT('',#5436);
#1914=VERTEX_POINT('',#5438);
#1915=VERTEX_POINT('',#5440);
#1916=VERTEX_POINT('',#5445);
#1917=VERTEX_POINT('',#5446);
#1918=VERTEX_POINT('',#5451);
#1919=VERTEX_POINT('',#5453);
#1920=VERTEX_POINT('',#5455);
#1921=VERTEX_POINT('',#5457);
#1922=VERTEX_POINT('',#5459);
#1923=VERTEX_POINT('',#5461);
#1924=VERTEX_POINT('',#5471);
#1925=VERTEX_POINT('',#5473);
#1926=VERTEX_POINT('',#5479);
#1927=VERTEX_POINT('',#5481);
#1928=VERTEX_POINT('',#5483);
#1929=VERTEX_POINT('',#5507);
#1930=VERTEX_POINT('',#5508);
#1931=VERTEX_POINT('',#5510);
#1932=VERTEX_POINT('',#5514);
#1933=VERTEX_POINT('',#5516);
#1934=VERTEX_POINT('',#5518);
#1935=VERTEX_POINT('',#5521);
#1936=VERTEX_POINT('',#5523);
#1937=VERTEX_POINT('',#5525);
#1938=VERTEX_POINT('',#5526);
#1939=VERTEX_POINT('',#5528);
#1940=VERTEX_POINT('',#5530);
#1941=VERTEX_POINT('',#5534);
#1942=VERTEX_POINT('',#5536);
#1943=VERTEX_POINT('',#5538);
#1944=VERTEX_POINT('',#5540);
#1945=VERTEX_POINT('',#5544);
#1946=VERTEX_POINT('',#5548);
#1947=VERTEX_POINT('',#5552);
#1948=VERTEX_POINT('',#5554);
#1949=VERTEX_POINT('',#5556);
#1950=VERTEX_POINT('',#5558);
#1951=VERTEX_POINT('',#5560);
#1952=VERTEX_POINT('',#5562);
#1953=VERTEX_POINT('',#5564);
#1954=VERTEX_POINT('',#5566);
#1955=VERTEX_POINT('',#5568);
#1956=VERTEX_POINT('',#5570);
#1957=VERTEX_POINT('',#5572);
#1958=VERTEX_POINT('',#5574);
#1959=VERTEX_POINT('',#5576);
#1960=VERTEX_POINT('',#5578);
#1961=VERTEX_POINT('',#5580);
#1962=VERTEX_POINT('',#5582);
#1963=VERTEX_POINT('',#5584);
#1964=VERTEX_POINT('',#5588);
#1965=VERTEX_POINT('',#5589);
#1966=VERTEX_POINT('',#5591);
#1967=VERTEX_POINT('',#5593);
#1968=VERTEX_POINT('',#5595);
#1969=VERTEX_POINT('',#5609);
#1970=VERTEX_POINT('',#5610);
#1971=VERTEX_POINT('',#5614);
#1972=VERTEX_POINT('',#5616);
#1973=VERTEX_POINT('',#5619);
#1974=VERTEX_POINT('',#5621);
#1975=VERTEX_POINT('',#5626);
#1976=VERTEX_POINT('',#5630);
#1977=VERTEX_POINT('',#5637);
#1978=VERTEX_POINT('',#5642);
#1979=VERTEX_POINT('',#5646);
#1980=VERTEX_POINT('',#5650);
#1981=VERTEX_POINT('',#5652);
#1982=VERTEX_POINT('',#5656);
#1983=VERTEX_POINT('',#5660);
#1984=VERTEX_POINT('',#5664);
#1985=VERTEX_POINT('',#5666);
#1986=VERTEX_POINT('',#5670);
#1987=VERTEX_POINT('',#5674);
#1988=VERTEX_POINT('',#5680);
#1989=VERTEX_POINT('',#5684);
#1990=VERTEX_POINT('',#5688);
#1991=VERTEX_POINT('',#5694);
#1992=VERTEX_POINT('',#5698);
#1993=VERTEX_POINT('',#5702);
#1994=VERTEX_POINT('',#5708);
#1995=VERTEX_POINT('',#5710);
#1996=VERTEX_POINT('',#5714);
#1997=VERTEX_POINT('',#5722);
#1998=VERTEX_POINT('',#5728);
#1999=VERTEX_POINT('',#5729);
#2000=VERTEX_POINT('',#5731);
#2001=VERTEX_POINT('',#5733);
#2002=VERTEX_POINT('',#5735);
#2003=VERTEX_POINT('',#5739);
#2004=VERTEX_POINT('',#5741);
#2005=VERTEX_POINT('',#5742);
#2006=VERTEX_POINT('',#5744);
#2007=VERTEX_POINT('',#5746);
#2008=VERTEX_POINT('',#5748);
#2009=VERTEX_POINT('',#5764);
#2010=VERTEX_POINT('',#5768);
#2011=VERTEX_POINT('',#5772);
#2012=VERTEX_POINT('',#5776);
#2013=VERTEX_POINT('',#5780);
#2014=VERTEX_POINT('',#5784);
#2015=VERTEX_POINT('',#5786);
#2016=VERTEX_POINT('',#5790);
#2017=VERTEX_POINT('',#5794);
#2018=VERTEX_POINT('',#5840);
#2019=VERTEX_POINT('',#5844);
#2020=VERTEX_POINT('',#5848);
#2021=VERTEX_POINT('',#5852);
#2022=VERTEX_POINT('',#5856);
#2023=VERTEX_POINT('',#5860);
#2024=VERTEX_POINT('',#5862);
#2025=VERTEX_POINT('',#5866);
#2026=VERTEX_POINT('',#5870);
#2027=VERTEX_POINT('',#5876);
#2028=VERTEX_POINT('',#5880);
#2029=VERTEX_POINT('',#5889);
#2030=VERTEX_POINT('',#5890);
#2031=VERTEX_POINT('',#5892);
#2032=VERTEX_POINT('',#5894);
#2033=VERTEX_POINT('',#5898);
#2034=VERTEX_POINT('',#5899);
#2035=VERTEX_POINT('',#5901);
#2036=VERTEX_POINT('',#5903);
#2037=VERTEX_POINT('',#5907);
#2038=VERTEX_POINT('',#5908);
#2039=VERTEX_POINT('',#5910);
#2040=VERTEX_POINT('',#5912);
#2041=VERTEX_POINT('',#5917);
#2042=VERTEX_POINT('',#5919);
#2043=VERTEX_POINT('',#5926);
#2044=VERTEX_POINT('',#5928);
#2045=VERTEX_POINT('',#5932);
#2046=VERTEX_POINT('',#5934);
#2047=VERTEX_POINT('',#5936);
#2048=VERTEX_POINT('',#5938);
#2049=VERTEX_POINT('',#5942);
#2050=VERTEX_POINT('',#5943);
#2051=VERTEX_POINT('',#5948);
#2052=VERTEX_POINT('',#5951);
#2053=VERTEX_POINT('',#5962);
#2054=VERTEX_POINT('',#5963);
#2055=VERTEX_POINT('',#5965);
#2056=VERTEX_POINT('',#5967);
#2057=VERTEX_POINT('',#5971);
#2058=VERTEX_POINT('',#5972);
#2059=VERTEX_POINT('',#5975);
#2060=VERTEX_POINT('',#5977);
#2061=VERTEX_POINT('',#5981);
#2062=VERTEX_POINT('',#5983);
#2063=VERTEX_POINT('',#5987);
#2064=VERTEX_POINT('',#5989);
#2065=VERTEX_POINT('',#5993);
#2066=VERTEX_POINT('',#5995);
#2067=VERTEX_POINT('',#5999);
#2068=VERTEX_POINT('',#6000);
#2069=VERTEX_POINT('',#6002);
#2070=VERTEX_POINT('',#6004);
#2071=VERTEX_POINT('',#6008);
#2072=VERTEX_POINT('',#6010);
#2073=VERTEX_POINT('',#6014);
#2074=VERTEX_POINT('',#6016);
#2075=VERTEX_POINT('',#6020);
#2076=VERTEX_POINT('',#6023);
#2077=VERTEX_POINT('',#6028);
#2078=VERTEX_POINT('',#6030);
#2079=VERTEX_POINT('',#6032);
#2080=VERTEX_POINT('',#6034);
#2081=VERTEX_POINT('',#6038);
#2082=VERTEX_POINT('',#6043);
#2083=VERTEX_POINT('',#6045);
#2084=VERTEX_POINT('',#6047);
#2085=VERTEX_POINT('',#6114);
#2086=VERTEX_POINT('',#6115);
#2087=VERTEX_POINT('',#6117);
#2088=VERTEX_POINT('',#6119);
#2089=VERTEX_POINT('',#6121);
#2090=VERTEX_POINT('',#6123);
#2091=VERTEX_POINT('',#6125);
#2092=VERTEX_POINT('',#6127);
#2093=VERTEX_POINT('',#6131);
#2094=VERTEX_POINT('',#6132);
#2095=VERTEX_POINT('',#6134);
#2096=VERTEX_POINT('',#6136);
#2097=VERTEX_POINT('',#6138);
#2098=VERTEX_POINT('',#6141);
#2099=VERTEX_POINT('',#6143);
#2100=VERTEX_POINT('',#6147);
#2101=VERTEX_POINT('',#6151);
#2102=VERTEX_POINT('',#6152);
#2103=VERTEX_POINT('',#6154);
#2104=VERTEX_POINT('',#6158);
#2105=VERTEX_POINT('',#6160);
#2106=VERTEX_POINT('',#6162);
#2107=VERTEX_POINT('',#6164);
#2108=VERTEX_POINT('',#6166);
#2109=VERTEX_POINT('',#6168);
#2110=VERTEX_POINT('',#6170);
#2111=VERTEX_POINT('',#6172);
#2112=VERTEX_POINT('',#6175);
#2113=VERTEX_POINT('',#6181);
#2114=VERTEX_POINT('',#6186);
#2115=VERTEX_POINT('',#6194);
#2116=VERTEX_POINT('',#6196);
#2117=VERTEX_POINT('',#6201);
#2118=VERTEX_POINT('',#6205);
#2119=VERTEX_POINT('',#6209);
#2120=VERTEX_POINT('',#6213);
#2121=VERTEX_POINT('',#6233);
#2122=VERTEX_POINT('',#6234);
#2123=VERTEX_POINT('',#6236);
#2124=VERTEX_POINT('',#6238);
#2125=VERTEX_POINT('',#6242);
#2126=VERTEX_POINT('',#6243);
#2127=VERTEX_POINT('',#6245);
#2128=VERTEX_POINT('',#6247);
#2129=VERTEX_POINT('',#6251);
#2130=VERTEX_POINT('',#6252);
#2131=VERTEX_POINT('',#6254);
#2132=VERTEX_POINT('',#6256);
#2133=VERTEX_POINT('',#6258);
#2134=VERTEX_POINT('',#6260);
#2135=VERTEX_POINT('',#6265);
#2136=VERTEX_POINT('',#6267);
#2137=VERTEX_POINT('',#6271);
#2138=VERTEX_POINT('',#6273);
#2139=VERTEX_POINT('',#6276);
#2140=VERTEX_POINT('',#6278);
#2141=VERTEX_POINT('',#6294);
#2142=VERTEX_POINT('',#6295);
#2143=VERTEX_POINT('',#6297);
#2144=VERTEX_POINT('',#6299);
#2145=VERTEX_POINT('',#6303);
#2146=VERTEX_POINT('',#6304);
#2147=VERTEX_POINT('',#6306);
#2148=VERTEX_POINT('',#6308);
#2149=VERTEX_POINT('',#6312);
#2150=VERTEX_POINT('',#6314);
#2151=VERTEX_POINT('',#6318);
#2152=VERTEX_POINT('',#6319);
#2153=VERTEX_POINT('',#6321);
#2154=VERTEX_POINT('',#6324);
#2155=VERTEX_POINT('',#6328);
#2156=VERTEX_POINT('',#6329);
#2157=VERTEX_POINT('',#6334);
#2158=VERTEX_POINT('',#6335);
#2159=VERTEX_POINT('',#6338);
#2160=VERTEX_POINT('',#6340);
#2161=VERTEX_POINT('',#6344);
#2162=VERTEX_POINT('',#6346);
#2163=VERTEX_POINT('',#6353);
#2164=VERTEX_POINT('',#6355);
#2165=VERTEX_POINT('',#6359);
#2166=VERTEX_POINT('',#6361);
#2167=VERTEX_POINT('',#6366);
#2168=VERTEX_POINT('',#6368);
#2169=VERTEX_POINT('',#6370);
#2170=VERTEX_POINT('',#6374);
#2171=VERTEX_POINT('',#6379);
#2172=VERTEX_POINT('',#6381);
#2173=VERTEX_POINT('',#6448);
#2174=VERTEX_POINT('',#6449);
#2175=VERTEX_POINT('',#6451);
#2176=VERTEX_POINT('',#6453);
#2177=VERTEX_POINT('',#6455);
#2178=VERTEX_POINT('',#6457);
#2179=VERTEX_POINT('',#6459);
#2180=VERTEX_POINT('',#6461);
#2181=VERTEX_POINT('',#6463);
#2182=VERTEX_POINT('',#6465);
#2183=VERTEX_POINT('',#6467);
#2184=VERTEX_POINT('',#6469);
#2185=VERTEX_POINT('',#6471);
#2186=VERTEX_POINT('',#6473);
#2187=VERTEX_POINT('',#6475);
#2188=VERTEX_POINT('',#6477);
#2189=VERTEX_POINT('',#6479);
#2190=VERTEX_POINT('',#6481);
#2191=VERTEX_POINT('',#6483);
#2192=VERTEX_POINT('',#6485);
#2193=VERTEX_POINT('',#6487);
#2194=VERTEX_POINT('',#6490);
#2195=VERTEX_POINT('',#6492);
#2196=VERTEX_POINT('',#6494);
#2197=VERTEX_POINT('',#6496);
#2198=VERTEX_POINT('',#6498);
#2199=VERTEX_POINT('',#6500);
#2200=VERTEX_POINT('',#6501);
#2201=VERTEX_POINT('',#6503);
#2202=VERTEX_POINT('',#6505);
#2203=VERTEX_POINT('',#6509);
#2204=VERTEX_POINT('',#6510);
#2205=VERTEX_POINT('',#6513);
#2206=VERTEX_POINT('',#6515);
#2207=VERTEX_POINT('',#6520);
#2208=VERTEX_POINT('',#6522);
#2209=VERTEX_POINT('',#6524);
#2210=VERTEX_POINT('',#6525);
#2211=VERTEX_POINT('',#6528);
#2212=VERTEX_POINT('',#6530);
#2213=VERTEX_POINT('',#6532);
#2214=VERTEX_POINT('',#6534);
#2215=VERTEX_POINT('',#6536);
#2216=VERTEX_POINT('',#6538);
#2217=VERTEX_POINT('',#6540);
#2218=VERTEX_POINT('',#6542);
#2219=VERTEX_POINT('',#6544);
#2220=VERTEX_POINT('',#6546);
#2221=VERTEX_POINT('',#6548);
#2222=VERTEX_POINT('',#6550);
#2223=VERTEX_POINT('',#6552);
#2224=VERTEX_POINT('',#6555);
#2225=VERTEX_POINT('',#6557);
#2226=VERTEX_POINT('',#6559);
#2227=VERTEX_POINT('',#6595);
#2228=VERTEX_POINT('',#6599);
#2229=VERTEX_POINT('',#6605);
#2230=VERTEX_POINT('',#6607);
#2231=VERTEX_POINT('',#6611);
#2232=VERTEX_POINT('',#6615);
#2233=LINE('',#5340,#2638);
#2234=LINE('',#5343,#2639);
#2235=LINE('',#5345,#2640);
#2236=LINE('',#5347,#2641);
#2237=LINE('',#5358,#2642);
#2238=LINE('',#5361,#2643);
#2239=LINE('',#5365,#2644);
#2240=LINE('',#5369,#2645);
#2241=LINE('',#5371,#2646);
#2242=LINE('',#5373,#2647);
#2243=LINE('',#5375,#2648);
#2244=LINE('',#5377,#2649);
#2245=LINE('',#5379,#2650);
#2246=LINE('',#5381,#2651);
#2247=LINE('',#5383,#2652);
#2248=LINE('',#5385,#2653);
#2249=LINE('',#5387,#2654);
#2250=LINE('',#5389,#2655);
#2251=LINE('',#5391,#2656);
#2252=LINE('',#5395,#2657);
#2253=LINE('',#5397,#2658);
#2254=LINE('',#5399,#2659);
#2255=LINE('',#5401,#2660);
#2256=LINE('',#5403,#2661);
#2257=LINE('',#5405,#2662);
#2258=LINE('',#5406,#2663);
#2259=LINE('',#5408,#2664);
#2260=LINE('',#5410,#2665);
#2261=LINE('',#5412,#2666);
#2262=LINE('',#5414,#2667);
#2263=LINE('',#5418,#2668);
#2264=LINE('',#5437,#2669);
#2265=LINE('',#5439,#2670);
#2266=LINE('',#5441,#2671);
#2267=LINE('',#5442,#2672);
#2268=LINE('',#5452,#2673);
#2269=LINE('',#5454,#2674);
#2270=LINE('',#5456,#2675);
#2271=LINE('',#5458,#2676);
#2272=LINE('',#5460,#2677);
#2273=LINE('',#5478,#2678);
#2274=LINE('',#5480,#2679);
#2275=LINE('',#5482,#2680);
#2276=LINE('',#5484,#2681);
#2277=LINE('',#5506,#2682);
#2278=LINE('',#5509,#2683);
#2279=LINE('',#5512,#2684);
#2280=LINE('',#5515,#2685);
#2281=LINE('',#5519,#2686);
#2282=LINE('',#5524,#2687);
#2283=LINE('',#5527,#2688);
#2284=LINE('',#5529,#2689);
#2285=LINE('',#5531,#2690);
#2286=LINE('',#5533,#2691);
#2287=LINE('',#5535,#2692);
#2288=LINE('',#5537,#2693);
#2289=LINE('',#5539,#2694);
#2290=LINE('',#5541,#2695);
#2291=LINE('',#5543,#2696);
#2292=LINE('',#5545,#2697);
#2293=LINE('',#5547,#2698);
#2294=LINE('',#5549,#2699);
#2295=LINE('',#5555,#2700);
#2296=LINE('',#5557,#2701);
#2297=LINE('',#5559,#2702);
#2298=LINE('',#5561,#2703);
#2299=LINE('',#5565,#2704);
#2300=LINE('',#5567,#2705);
#2301=LINE('',#5569,#2706);
#2302=LINE('',#5571,#2707);
#2303=LINE('',#5573,#2708);
#2304=LINE('',#5577,#2709);
#2305=LINE('',#5579,#2710);
#2306=LINE('',#5581,#2711);
#2307=LINE('',#5583,#2712);
#2308=LINE('',#5585,#2713);
#2309=LINE('',#5587,#2714);
#2310=LINE('',#5590,#2715);
#2311=LINE('',#5592,#2716);
#2312=LINE('',#5594,#2717);
#2313=LINE('',#5598,#2718);
#2314=LINE('',#5599,#2719);
#2315=LINE('',#5601,#2720);
#2316=LINE('',#5603,#2721);
#2317=LINE('',#5605,#2722);
#2318=LINE('',#5608,#2723);
#2319=LINE('',#5611,#2724);
#2320=LINE('',#5612,#2725);
#2321=LINE('',#5613,#2726);
#2322=LINE('',#5615,#2727);
#2323=LINE('',#5617,#2728);
#2324=LINE('',#5618,#2729);
#2325=LINE('',#5620,#2730);
#2326=LINE('',#5622,#2731);
#2327=LINE('',#5623,#2732);
#2328=LINE('',#5625,#2733);
#2329=LINE('',#5627,#2734);
#2330=LINE('',#5629,#2735);
#2331=LINE('',#5631,#2736);
#2332=LINE('',#5633,#2737);
#2333=LINE('',#5634,#2738);
#2334=LINE('',#5636,#2739);
#2335=LINE('',#5641,#2740);
#2336=LINE('',#5643,#2741);
#2337=LINE('',#5645,#2742);
#2338=LINE('',#5647,#2743);
#2339=LINE('',#5649,#2744);
#2340=LINE('',#5651,#2745);
#2341=LINE('',#5653,#2746);
#2342=LINE('',#5655,#2747);
#2343=LINE('',#5657,#2748);
#2344=LINE('',#5659,#2749);
#2345=LINE('',#5661,#2750);
#2346=LINE('',#5663,#2751);
#2347=LINE('',#5667,#2752);
#2348=LINE('',#5669,#2753);
#2349=LINE('',#5671,#2754);
#2350=LINE('',#5673,#2755);
#2351=LINE('',#5675,#2756);
#2352=LINE('',#5677,#2757);
#2353=LINE('',#5679,#2758);
#2354=LINE('',#5681,#2759);
#2355=LINE('',#5683,#2760);
#2356=LINE('',#5687,#2761);
#2357=LINE('',#5689,#2762);
#2358=LINE('',#5691,#2763);
#2359=LINE('',#5693,#2764);
#2360=LINE('',#5695,#2765);
#2361=LINE('',#5697,#2766);
#2362=LINE('',#5701,#2767);
#2363=LINE('',#5703,#2768);
#2364=LINE('',#5707,#2769);
#2365=LINE('',#5709,#2770);
#2366=LINE('',#5711,#2771);
#2367=LINE('',#5713,#2772);
#2368=LINE('',#5715,#2773);
#2369=LINE('',#5716,#2774);
#2370=LINE('',#5718,#2775);
#2371=LINE('',#5721,#2776);
#2372=LINE('',#5723,#2777);
#2373=LINE('',#5725,#2778);
#2374=LINE('',#5727,#2779);
#2375=LINE('',#5732,#2780);
#2376=LINE('',#5734,#2781);
#2377=LINE('',#5736,#2782);
#2378=LINE('',#5740,#2783);
#2379=LINE('',#5743,#2784);
#2380=LINE('',#5747,#2785);
#2381=LINE('',#5749,#2786);
#2382=LINE('',#5751,#2787);
#2383=LINE('',#5752,#2788);
#2384=LINE('',#5754,#2789);
#2385=LINE('',#5756,#2790);
#2386=LINE('',#5758,#2791);
#2387=LINE('',#5783,#2792);
#2388=LINE('',#5785,#2793);
#2389=LINE('',#5787,#2794);
#2390=LINE('',#5789,#2795);
#2391=LINE('',#5791,#2796);
#2392=LINE('',#5793,#2797);
#2393=LINE('',#5795,#2798);
#2394=LINE('',#5797,#2799);
#2395=LINE('',#5859,#2800);
#2396=LINE('',#5861,#2801);
#2397=LINE('',#5863,#2802);
#2398=LINE('',#5865,#2803);
#2399=LINE('',#5867,#2804);
#2400=LINE('',#5869,#2805);
#2401=LINE('',#5871,#2806);
#2402=LINE('',#5873,#2807);
#2403=LINE('',#5875,#2808);
#2404=LINE('',#5877,#2809);
#2405=LINE('',#5879,#2810);
#2406=LINE('',#5881,#2811);
#2407=LINE('',#5883,#2812);
#2408=LINE('',#5888,#2813);
#2409=LINE('',#5891,#2814);
#2410=LINE('',#5893,#2815);
#2411=LINE('',#5895,#2816);
#2412=LINE('',#5897,#2817);
#2413=LINE('',#5900,#2818);
#2414=LINE('',#5902,#2819);
#2415=LINE('',#5904,#2820);
#2416=LINE('',#5906,#2821);
#2417=LINE('',#5909,#2822);
#2418=LINE('',#5911,#2823);
#2419=LINE('',#5913,#2824);
#2420=LINE('',#5915,#2825);
#2421=LINE('',#5916,#2826);
#2422=LINE('',#5918,#2827);
#2423=LINE('',#5920,#2828);
#2424=LINE('',#5921,#2829);
#2425=LINE('',#5923,#2830);
#2426=LINE('',#5924,#2831);
#2427=LINE('',#5925,#2832);
#2428=LINE('',#5927,#2833);
#2429=LINE('',#5929,#2834);
#2430=LINE('',#5933,#2835);
#2431=LINE('',#5935,#2836);
#2432=LINE('',#5937,#2837);
#2433=LINE('',#5941,#2838);
#2434=LINE('',#5944,#2839);
#2435=LINE('',#5945,#2840);
#2436=LINE('',#5949,#2841);
#2437=LINE('',#5950,#2842);
#2438=LINE('',#5954,#2843);
#2439=LINE('',#5957,#2844);
#2440=LINE('',#5961,#2845);
#2441=LINE('',#5964,#2846);
#2442=LINE('',#5966,#2847);
#2443=LINE('',#5968,#2848);
#2444=LINE('',#5970,#2849);
#2445=LINE('',#5973,#2850);
#2446=LINE('',#5974,#2851);
#2447=LINE('',#5976,#2852);
#2448=LINE('',#5978,#2853);
#2449=LINE('',#5984,#2854);
#2450=LINE('',#5990,#2855);
#2451=LINE('',#5996,#2856);
#2452=LINE('',#6001,#2857);
#2453=LINE('',#6005,#2858);
#2454=LINE('',#6011,#2859);
#2455=LINE('',#6017,#2860);
#2456=LINE('',#6019,#2861);
#2457=LINE('',#6021,#2862);
#2458=LINE('',#6022,#2863);
#2459=LINE('',#6024,#2864);
#2460=LINE('',#6026,#2865);
#2461=LINE('',#6027,#2866);
#2462=LINE('',#6031,#2867);
#2463=LINE('',#6035,#2868);
#2464=LINE('',#6037,#2869);
#2465=LINE('',#6039,#2870);
#2466=LINE('',#6041,#2871);
#2467=LINE('',#6044,#2872);
#2468=LINE('',#6048,#2873);
#2469=LINE('',#6050,#2874);
#2470=LINE('',#6113,#2875);
#2471=LINE('',#6116,#2876);
#2472=LINE('',#6120,#2877);
#2473=LINE('',#6122,#2878);
#2474=LINE('',#6124,#2879);
#2475=LINE('',#6126,#2880);
#2476=LINE('',#6128,#2881);
#2477=LINE('',#6135,#2882);
#2478=LINE('',#6139,#2883);
#2479=LINE('',#6140,#2884);
#2480=LINE('',#6142,#2885);
#2481=LINE('',#6144,#2886);
#2482=LINE('',#6146,#2887);
#2483=LINE('',#6148,#2888);
#2484=LINE('',#6150,#2889);
#2485=LINE('',#6153,#2890);
#2486=LINE('',#6155,#2891);
#2487=LINE('',#6157,#2892);
#2488=LINE('',#6161,#2893);
#2489=LINE('',#6163,#2894);
#2490=LINE('',#6165,#2895);
#2491=LINE('',#6167,#2896);
#2492=LINE('',#6169,#2897);
#2493=LINE('',#6171,#2898);
#2494=LINE('',#6173,#2899);
#2495=LINE('',#6191,#2900);
#2496=LINE('',#6193,#2901);
#2497=LINE('',#6195,#2902);
#2498=LINE('',#6197,#2903);
#2499=LINE('',#6198,#2904);
#2500=LINE('',#6200,#2905);
#2501=LINE('',#6202,#2906);
#2502=LINE('',#6204,#2907);
#2503=LINE('',#6206,#2908);
#2504=LINE('',#6208,#2909);
#2505=LINE('',#6210,#2910);
#2506=LINE('',#6212,#2911);
#2507=LINE('',#6214,#2912);
#2508=LINE('',#6216,#2913);
#2509=LINE('',#6219,#2914);
#2510=LINE('',#6222,#2915);
#2511=LINE('',#6224,#2916);
#2512=LINE('',#6226,#2917);
#2513=LINE('',#6232,#2918);
#2514=LINE('',#6235,#2919);
#2515=LINE('',#6237,#2920);
#2516=LINE('',#6239,#2921);
#2517=LINE('',#6241,#2922);
#2518=LINE('',#6244,#2923);
#2519=LINE('',#6246,#2924);
#2520=LINE('',#6248,#2925);
#2521=LINE('',#6253,#2926);
#2522=LINE('',#6255,#2927);
#2523=LINE('',#6257,#2928);
#2524=LINE('',#6261,#2929);
#2525=LINE('',#6262,#2930);
#2526=LINE('',#6264,#2931);
#2527=LINE('',#6266,#2932);
#2528=LINE('',#6268,#2933);
#2529=LINE('',#6270,#2934);
#2530=LINE('',#6274,#2935);
#2531=LINE('',#6275,#2936);
#2532=LINE('',#6279,#2937);
#2533=LINE('',#6281,#2938);
#2534=LINE('',#6282,#2939);
#2535=LINE('',#6284,#2940);
#2536=LINE('',#6287,#2941);
#2537=LINE('',#6288,#2942);
#2538=LINE('',#6290,#2943);
#2539=LINE('',#6296,#2944);
#2540=LINE('',#6300,#2945);
#2541=LINE('',#6305,#2946);
#2542=LINE('',#6309,#2947);
#2543=LINE('',#6315,#2948);
#2544=LINE('',#6317,#2949);
#2545=LINE('',#6320,#2950);
#2546=LINE('',#6322,#2951);
#2547=LINE('',#6323,#2952);
#2548=LINE('',#6325,#2953);
#2549=LINE('',#6327,#2954);
#2550=LINE('',#6330,#2955);
#2551=LINE('',#6331,#2956);
#2552=LINE('',#6333,#2957);
#2553=LINE('',#6336,#2958);
#2554=LINE('',#6337,#2959);
#2555=LINE('',#6339,#2960);
#2556=LINE('',#6341,#2961);
#2557=LINE('',#6347,#2962);
#2558=LINE('',#6354,#2963);
#2559=LINE('',#6358,#2964);
#2560=LINE('',#6360,#2965);
#2561=LINE('',#6362,#2966);
#2562=LINE('',#6364,#2967);
#2563=LINE('',#6367,#2968);
#2564=LINE('',#6371,#2969);
#2565=LINE('',#6373,#2970);
#2566=LINE('',#6375,#2971);
#2567=LINE('',#6377,#2972);
#2568=LINE('',#6380,#2973);
#2569=LINE('',#6447,#2974);
#2570=LINE('',#6452,#2975);
#2571=LINE('',#6456,#2976);
#2572=LINE('',#6458,#2977);
#2573=LINE('',#6460,#2978);
#2574=LINE('',#6462,#2979);
#2575=LINE('',#6464,#2980);
#2576=LINE('',#6466,#2981);
#2577=LINE('',#6468,#2982);
#2578=LINE('',#6470,#2983);
#2579=LINE('',#6472,#2984);
#2580=LINE('',#6474,#2985);
#2581=LINE('',#6476,#2986);
#2582=LINE('',#6478,#2987);
#2583=LINE('',#6482,#2988);
#2584=LINE('',#6484,#2989);
#2585=LINE('',#6486,#2990);
#2586=LINE('',#6488,#2991);
#2587=LINE('',#6499,#2992);
#2588=LINE('',#6502,#2993);
#2589=LINE('',#6504,#2994);
#2590=LINE('',#6506,#2995);
#2591=LINE('',#6508,#2996);
#2592=LINE('',#6511,#2997);
#2593=LINE('',#6512,#2998);
#2594=LINE('',#6514,#2999);
#2595=LINE('',#6516,#3000);
#2596=LINE('',#6517,#3001);
#2597=LINE('',#6523,#3002);
#2598=LINE('',#6529,#3003);
#2599=LINE('',#6531,#3004);
#2600=LINE('',#6533,#3005);
#2601=LINE('',#6535,#3006);
#2602=LINE('',#6537,#3007);
#2603=LINE('',#6539,#3008);
#2604=LINE('',#6541,#3009);
#2605=LINE('',#6543,#3010);
#2606=LINE('',#6545,#3011);
#2607=LINE('',#6547,#3012);
#2608=LINE('',#6549,#3013);
#2609=LINE('',#6551,#3014);
#2610=LINE('',#6561,#3015);
#2611=LINE('',#6562,#3016);
#2612=LINE('',#6564,#3017);
#2613=LINE('',#6565,#3018);
#2614=LINE('',#6567,#3019);
#2615=LINE('',#6569,#3020);
#2616=LINE('',#6571,#3021);
#2617=LINE('',#6573,#3022);
#2618=LINE('',#6575,#3023);
#2619=LINE('',#6577,#3024);
#2620=LINE('',#6579,#3025);
#2621=LINE('',#6581,#3026);
#2622=LINE('',#6583,#3027);
#2623=LINE('',#6585,#3028);
#2624=LINE('',#6587,#3029);
#2625=LINE('',#6594,#3030);
#2626=LINE('',#6596,#3031);
#2627=LINE('',#6598,#3032);
#2628=LINE('',#6600,#3033);
#2629=LINE('',#6602,#3034);
#2630=LINE('',#6604,#3035);
#2631=LINE('',#6606,#3036);
#2632=LINE('',#6608,#3037);
#2633=LINE('',#6610,#3038);
#2634=LINE('',#6612,#3039);
#2635=LINE('',#6614,#3040);
#2636=LINE('',#6616,#3041);
#2637=LINE('',#6618,#3042);
#2638=VECTOR('',#4289,1000.);
#2639=VECTOR('',#4290,1000.);
#2640=VECTOR('',#4291,1000.);
#2641=VECTOR('',#4292,1000.);
#2642=VECTOR('',#4303,1000.);
#2643=VECTOR('',#4304,1000.);
#2644=VECTOR('',#4307,1000.);
#2645=VECTOR('',#4310,1000.);
#2646=VECTOR('',#4311,1000.);
#2647=VECTOR('',#4312,1000.);
#2648=VECTOR('',#4313,1000.);
#2649=VECTOR('',#4314,1000.);
#2650=VECTOR('',#4315,1000.);
#2651=VECTOR('',#4316,1000.);
#2652=VECTOR('',#4317,1000.);
#2653=VECTOR('',#4318,1000.);
#2654=VECTOR('',#4319,1000.);
#2655=VECTOR('',#4320,1000.);
#2656=VECTOR('',#4321,1000.);
#2657=VECTOR('',#4324,1000.);
#2658=VECTOR('',#4325,1000.);
#2659=VECTOR('',#4326,1000.);
#2660=VECTOR('',#4329,1000.);
#2661=VECTOR('',#4330,1000.);
#2662=VECTOR('',#4331,1000.);
#2663=VECTOR('',#4332,1000.);
#2664=VECTOR('',#4333,1000.);
#2665=VECTOR('',#4334,1000.);
#2666=VECTOR('',#4335,1000.);
#2667=VECTOR('',#4336,1000.);
#2668=VECTOR('',#4339,1000.);
#2669=VECTOR('',#4348,1000.);
#2670=VECTOR('',#4349,1000.);
#2671=VECTOR('',#4350,1000.);
#2672=VECTOR('',#4351,1000.);
#2673=VECTOR('',#4356,1000.);
#2674=VECTOR('',#4357,1000.);
#2675=VECTOR('',#4358,1000.);
#2676=VECTOR('',#4359,1000.);
#2677=VECTOR('',#4360,1000.);
#2678=VECTOR('',#4365,1000.);
#2679=VECTOR('',#4366,1000.);
#2680=VECTOR('',#4367,1000.);
#2681=VECTOR('',#4368,1000.);
#2682=VECTOR('',#4379,1000.);
#2683=VECTOR('',#4380,1000.);
#2684=VECTOR('',#4383,1000.);
#2685=VECTOR('',#4386,1000.);
#2686=VECTOR('',#4389,1000.);
#2687=VECTOR('',#4394,1000.);
#2688=VECTOR('',#4395,1000.);
#2689=VECTOR('',#4396,1000.);
#2690=VECTOR('',#4397,1000.);
#2691=VECTOR('',#4400,1000.);
#2692=VECTOR('',#4401,1000.);
#2693=VECTOR('',#4402,1000.);
#2694=VECTOR('',#4403,1000.);
#2695=VECTOR('',#4404,1000.);
#2696=VECTOR('',#4407,1000.);
#2697=VECTOR('',#4408,1000.);
#2698=VECTOR('',#4411,1000.);
#2699=VECTOR('',#4412,1000.);
#2700=VECTOR('',#4419,1000.);
#2701=VECTOR('',#4420,1000.);
#2702=VECTOR('',#4421,1000.);
#2703=VECTOR('',#4422,1000.);
#2704=VECTOR('',#4425,1000.);
#2705=VECTOR('',#4426,1000.);
#2706=VECTOR('',#4427,1000.);
#2707=VECTOR('',#4428,1000.);
#2708=VECTOR('',#4429,1000.);
#2709=VECTOR('',#4432,1000.);
#2710=VECTOR('',#4433,1000.);
#2711=VECTOR('',#4434,1000.);
#2712=VECTOR('',#4435,1000.);
#2713=VECTOR('',#4436,1000.);
#2714=VECTOR('',#4439,1000.);
#2715=VECTOR('',#4440,1000.);
#2716=VECTOR('',#4441,1000.);
#2717=VECTOR('',#4442,1000.);
#2718=VECTOR('',#4447,1000.);
#2719=VECTOR('',#4448,1000.);
#2720=VECTOR('',#4451,1000.);
#2721=VECTOR('',#4454,1000.);
#2722=VECTOR('',#4457,1000.);
#2723=VECTOR('',#4462,1000.);
#2724=VECTOR('',#4463,1000.);
#2725=VECTOR('',#4464,1000.);
#2726=VECTOR('',#4465,1000.);
#2727=VECTOR('',#4466,1000.);
#2728=VECTOR('',#4467,1000.);
#2729=VECTOR('',#4468,1000.);
#2730=VECTOR('',#4469,1000.);
#2731=VECTOR('',#4470,1000.);
#2732=VECTOR('',#4471,1000.);
#2733=VECTOR('',#4474,1000.);
#2734=VECTOR('',#4475,1000.);
#2735=VECTOR('',#4478,1000.);
#2736=VECTOR('',#4479,1000.);
#2737=VECTOR('',#4482,1000.);
#2738=VECTOR('',#4483,1000.);
#2739=VECTOR('',#4486,1000.);
#2740=VECTOR('',#4493,1000.);
#2741=VECTOR('',#4494,1000.);
#2742=VECTOR('',#4497,1000.);
#2743=VECTOR('',#4498,1000.);
#2744=VECTOR('',#4501,1000.);
#2745=VECTOR('',#4502,1000.);
#2746=VECTOR('',#4503,1000.);
#2747=VECTOR('',#4506,1000.);
#2748=VECTOR('',#4507,1000.);
#2749=VECTOR('',#4510,1000.);
#2750=VECTOR('',#4511,1000.);
#2751=VECTOR('',#4514,1000.);
#2752=VECTOR('',#4517,1000.);
#2753=VECTOR('',#4520,1000.);
#2754=VECTOR('',#4521,1000.);
#2755=VECTOR('',#4524,1000.);
#2756=VECTOR('',#4525,1000.);
#2757=VECTOR('',#4528,1000.);
#2758=VECTOR('',#4531,1000.);
#2759=VECTOR('',#4532,1000.);
#2760=VECTOR('',#4535,1000.);
#2761=VECTOR('',#4540,1000.);
#2762=VECTOR('',#4541,1000.);
#2763=VECTOR('',#4544,1000.);
#2764=VECTOR('',#4547,1000.);
#2765=VECTOR('',#4548,1000.);
#2766=VECTOR('',#4551,1000.);
#2767=VECTOR('',#4556,1000.);
#2768=VECTOR('',#4557,1000.);
#2769=VECTOR('',#4564,1000.);
#2770=VECTOR('',#4565,1000.);
#2771=VECTOR('',#4566,1000.);
#2772=VECTOR('',#4569,1000.);
#2773=VECTOR('',#4570,1000.);
#2774=VECTOR('',#4571,1000.);
#2775=VECTOR('',#4574,1000.);
#2776=VECTOR('',#4579,1000.);
#2777=VECTOR('',#4580,1000.);
#2778=VECTOR('',#4583,1000.);
#2779=VECTOR('',#4586,1000.);
#2780=VECTOR('',#4589,1000.);
#2781=VECTOR('',#4590,1000.);
#2782=VECTOR('',#4591,1000.);
#2783=VECTOR('',#4596,1000.);
#2784=VECTOR('',#4597,1000.);
#2785=VECTOR('',#4600,1000.);
#2786=VECTOR('',#4601,1000.);
#2787=VECTOR('',#4604,1000.);
#2788=VECTOR('',#4605,1000.);
#2789=VECTOR('',#4608,1000.);
#2790=VECTOR('',#4611,1000.);
#2791=VECTOR('',#4614,1000.);
#2792=VECTOR('',#4653,1000.);
#2793=VECTOR('',#4654,1000.);
#2794=VECTOR('',#4655,1000.);
#2795=VECTOR('',#4658,1000.);
#2796=VECTOR('',#4659,1000.);
#2797=VECTOR('',#4662,1000.);
#2798=VECTOR('',#4663,1000.);
#2799=VECTOR('',#4666,1000.);
#2800=VECTOR('',#4703,1000.);
#2801=VECTOR('',#4704,1000.);
#2802=VECTOR('',#4705,1000.);
#2803=VECTOR('',#4708,1000.);
#2804=VECTOR('',#4709,1000.);
#2805=VECTOR('',#4712,1000.);
#2806=VECTOR('',#4713,1000.);
#2807=VECTOR('',#4716,1000.);
#2808=VECTOR('',#4719,1000.);
#2809=VECTOR('',#4720,1000.);
#2810=VECTOR('',#4723,1000.);
#2811=VECTOR('',#4724,1000.);
#2812=VECTOR('',#4727,1000.);
#2813=VECTOR('',#4736,1000.);
#2814=VECTOR('',#4737,1000.);
#2815=VECTOR('',#4738,1000.);
#2816=VECTOR('',#4739,1000.);
#2817=VECTOR('',#4742,1000.);
#2818=VECTOR('',#4743,1000.);
#2819=VECTOR('',#4744,1000.);
#2820=VECTOR('',#4745,1000.);
#2821=VECTOR('',#4748,1000.);
#2822=VECTOR('',#4749,1000.);
#2823=VECTOR('',#4750,1000.);
#2824=VECTOR('',#4751,1000.);
#2825=VECTOR('',#4754,1000.);
#2826=VECTOR('',#4755,1000.);
#2827=VECTOR('',#4756,1000.);
#2828=VECTOR('',#4757,1000.);
#2829=VECTOR('',#4758,1000.);
#2830=VECTOR('',#4761,1000.);
#2831=VECTOR('',#4762,1000.);
#2832=VECTOR('',#4763,1000.);
#2833=VECTOR('',#4764,1000.);
#2834=VECTOR('',#4765,1000.);
#2835=VECTOR('',#4770,1000.);
#2836=VECTOR('',#4771,1000.);
#2837=VECTOR('',#4772,1000.);
#2838=VECTOR('',#4777,1000.);
#2839=VECTOR('',#4778,1000.);
#2840=VECTOR('',#4779,1000.);
#2841=VECTOR('',#4784,1000.);
#2842=VECTOR('',#4785,1000.);
#2843=VECTOR('',#4790,1000.);
#2844=VECTOR('',#4795,1000.);
#2845=VECTOR('',#4802,1000.);
#2846=VECTOR('',#4803,1000.);
#2847=VECTOR('',#4804,1000.);
#2848=VECTOR('',#4805,1000.);
#2849=VECTOR('',#4808,1000.);
#2850=VECTOR('',#4809,1000.);
#2851=VECTOR('',#4810,1000.);
#2852=VECTOR('',#4811,1000.);
#2853=VECTOR('',#4812,1000.);
#2854=VECTOR('',#4819,1000.);
#2855=VECTOR('',#4826,1000.);
#2856=VECTOR('',#4833,1000.);
#2857=VECTOR('',#4838,1000.);
#2858=VECTOR('',#4841,1000.);
#2859=VECTOR('',#4848,1000.);
#2860=VECTOR('',#4855,1000.);
#2861=VECTOR('',#4858,1000.);
#2862=VECTOR('',#4859,1000.);
#2863=VECTOR('',#4860,1000.);
#2864=VECTOR('',#4861,1000.);
#2865=VECTOR('',#4864,1000.);
#2866=VECTOR('',#4865,1000.);
#2867=VECTOR('',#4868,1000.);
#2868=VECTOR('',#4871,1000.);
#2869=VECTOR('',#4874,1000.);
#2870=VECTOR('',#4875,1000.);
#2871=VECTOR('',#4878,1000.);
#2872=VECTOR('',#4881,1000.);
#2873=VECTOR('',#4884,1000.);
#2874=VECTOR('',#4887,1000.);
#2875=VECTOR('',#4900,1000.);
#2876=VECTOR('',#4901,1000.);
#2877=VECTOR('',#4904,1000.);
#2878=VECTOR('',#4905,1000.);
#2879=VECTOR('',#4906,1000.);
#2880=VECTOR('',#4907,1000.);
#2881=VECTOR('',#4908,1000.);
#2882=VECTOR('',#4915,1000.);
#2883=VECTOR('',#4918,1000.);
#2884=VECTOR('',#4919,1000.);
#2885=VECTOR('',#4920,1000.);
#2886=VECTOR('',#4921,1000.);
#2887=VECTOR('',#4924,1000.);
#2888=VECTOR('',#4925,1000.);
#2889=VECTOR('',#4928,1000.);
#2890=VECTOR('',#4929,1000.);
#2891=VECTOR('',#4930,1000.);
#2892=VECTOR('',#4933,1000.);
#2893=VECTOR('',#4936,1000.);
#2894=VECTOR('',#4937,1000.);
#2895=VECTOR('',#4938,1000.);
#2896=VECTOR('',#4939,1000.);
#2897=VECTOR('',#4940,1000.);
#2898=VECTOR('',#4941,1000.);
#2899=VECTOR('',#4942,1000.);
#2900=VECTOR('',#4955,1000.);
#2901=VECTOR('',#4958,1000.);
#2902=VECTOR('',#4959,1000.);
#2903=VECTOR('',#4960,1000.);
#2904=VECTOR('',#4961,1000.);
#2905=VECTOR('',#4964,1000.);
#2906=VECTOR('',#4965,1000.);
#2907=VECTOR('',#4968,1000.);
#2908=VECTOR('',#4969,1000.);
#2909=VECTOR('',#4972,1000.);
#2910=VECTOR('',#4973,1000.);
#2911=VECTOR('',#4976,1000.);
#2912=VECTOR('',#4977,1000.);
#2913=VECTOR('',#4980,1000.);
#2914=VECTOR('',#4985,1000.);
#2915=VECTOR('',#4990,1000.);
#2916=VECTOR('',#4993,1000.);
#2917=VECTOR('',#4996,1000.);
#2918=VECTOR('',#5007,1000.);
#2919=VECTOR('',#5008,1000.);
#2920=VECTOR('',#5009,1000.);
#2921=VECTOR('',#5010,1000.);
#2922=VECTOR('',#5013,1000.);
#2923=VECTOR('',#5014,1000.);
#2924=VECTOR('',#5015,1000.);
#2925=VECTOR('',#5016,1000.);
#2926=VECTOR('',#5021,1000.);
#2927=VECTOR('',#5022,1000.);
#2928=VECTOR('',#5023,1000.);
#2929=VECTOR('',#5026,1000.);
#2930=VECTOR('',#5027,1000.);
#2931=VECTOR('',#5030,1000.);
#2932=VECTOR('',#5031,1000.);
#2933=VECTOR('',#5032,1000.);
#2934=VECTOR('',#5035,1000.);
#2935=VECTOR('',#5038,1000.);
#2936=VECTOR('',#5039,1000.);
#2937=VECTOR('',#5042,1000.);
#2938=VECTOR('',#5045,1000.);
#2939=VECTOR('',#5046,1000.);
#2940=VECTOR('',#5049,1000.);
#2941=VECTOR('',#5054,1000.);
#2942=VECTOR('',#5055,1000.);
#2943=VECTOR('',#5058,1000.);
#2944=VECTOR('',#5065,1000.);
#2945=VECTOR('',#5068,1000.);
#2946=VECTOR('',#5073,1000.);
#2947=VECTOR('',#5076,1000.);
#2948=VECTOR('',#5083,1000.);
#2949=VECTOR('',#5086,1000.);
#2950=VECTOR('',#5087,1000.);
#2951=VECTOR('',#5088,1000.);
#2952=VECTOR('',#5089,1000.);
#2953=VECTOR('',#5090,1000.);
#2954=VECTOR('',#5093,1000.);
#2955=VECTOR('',#5094,1000.);
#2956=VECTOR('',#5095,1000.);
#2957=VECTOR('',#5098,1000.);
#2958=VECTOR('',#5099,1000.);
#2959=VECTOR('',#5100,1000.);
#2960=VECTOR('',#5101,1000.);
#2961=VECTOR('',#5102,1000.);
#2962=VECTOR('',#5109,1000.);
#2963=VECTOR('',#5120,1000.);
#2964=VECTOR('',#5125,1000.);
#2965=VECTOR('',#5126,1000.);
#2966=VECTOR('',#5127,1000.);
#2967=VECTOR('',#5130,1000.);
#2968=VECTOR('',#5133,1000.);
#2969=VECTOR('',#5136,1000.);
#2970=VECTOR('',#5139,1000.);
#2971=VECTOR('',#5140,1000.);
#2972=VECTOR('',#5143,1000.);
#2973=VECTOR('',#5146,1000.);
#2974=VECTOR('',#5165,1000.);
#2975=VECTOR('',#5168,1000.);
#2976=VECTOR('',#5171,1000.);
#2977=VECTOR('',#5172,1000.);
#2978=VECTOR('',#5173,1000.);
#2979=VECTOR('',#5174,1000.);
#2980=VECTOR('',#5175,1000.);
#2981=VECTOR('',#5176,1000.);
#2982=VECTOR('',#5177,1000.);
#2983=VECTOR('',#5178,1000.);
#2984=VECTOR('',#5179,1000.);
#2985=VECTOR('',#5180,1000.);
#2986=VECTOR('',#5181,1000.);
#2987=VECTOR('',#5182,1000.);
#2988=VECTOR('',#5185,1000.);
#2989=VECTOR('',#5186,1000.);
#2990=VECTOR('',#5187,1000.);
#2991=VECTOR('',#5188,1000.);
#2992=VECTOR('',#5199,1000.);
#2993=VECTOR('',#5200,1000.);
#2994=VECTOR('',#5201,1000.);
#2995=VECTOR('',#5202,1000.);
#2996=VECTOR('',#5205,1000.);
#2997=VECTOR('',#5206,1000.);
#2998=VECTOR('',#5207,1000.);
#2999=VECTOR('',#5208,1000.);
#3000=VECTOR('',#5209,1000.);
#3001=VECTOR('',#5210,1000.);
#3002=VECTOR('',#5217,1000.);
#3003=VECTOR('',#5222,1000.);
#3004=VECTOR('',#5223,1000.);
#3005=VECTOR('',#5224,1000.);
#3006=VECTOR('',#5225,1000.);
#3007=VECTOR('',#5226,1000.);
#3008=VECTOR('',#5227,1000.);
#3009=VECTOR('',#5228,1000.);
#3010=VECTOR('',#5229,1000.);
#3011=VECTOR('',#5230,1000.);
#3012=VECTOR('',#5231,1000.);
#3013=VECTOR('',#5232,1000.);
#3014=VECTOR('',#5233,1000.);
#3015=VECTOR('',#5244,1000.);
#3016=VECTOR('',#5245,1000.);
#3017=VECTOR('',#5248,1000.);
#3018=VECTOR('',#5249,1000.);
#3019=VECTOR('',#5252,1000.);
#3020=VECTOR('',#5255,1000.);
#3021=VECTOR('',#5258,1000.);
#3022=VECTOR('',#5261,1000.);
#3023=VECTOR('',#5264,1000.);
#3024=VECTOR('',#5267,1000.);
#3025=VECTOR('',#5270,1000.);
#3026=VECTOR('',#5273,1000.);
#3027=VECTOR('',#5276,1000.);
#3028=VECTOR('',#5279,1000.);
#3029=VECTOR('',#5282,1000.);
#3030=VECTOR('',#5295,1000.);
#3031=VECTOR('',#5296,1000.);
#3032=VECTOR('',#5299,1000.);
#3033=VECTOR('',#5300,1000.);
#3034=VECTOR('',#5303,1000.);
#3035=VECTOR('',#5306,1000.);
#3036=VECTOR('',#5307,1000.);
#3037=VECTOR('',#5308,1000.);
#3038=VECTOR('',#5311,1000.);
#3039=VECTOR('',#5312,1000.);
#3040=VECTOR('',#5315,1000.);
#3041=VECTOR('',#5316,1000.);
#3042=VECTOR('',#5319,1000.);
#3043=EDGE_LOOP('',(#265,#266,#267,#268));
#3044=EDGE_LOOP('',(#269));
#3045=EDGE_LOOP('',(#270));
#3046=EDGE_LOOP('',(#271));
#3047=EDGE_LOOP('',(#272));
#3048=EDGE_LOOP('',(#273));
#3049=EDGE_LOOP('',(#274,#275,#276,#277,#278,#279,#280,#281,#282,#283,#284,
#285,#286,#287,#288,#289,#290,#291,#292,#293,#294));
#3050=EDGE_LOOP('',(#295,#296,#297,#298,#299,#300,#301,#302,#303,#304,#305,
#306));
#3051=EDGE_LOOP('',(#307,#308,#309,#310,#311,#312,#313,#314,#315,#316));
#3052=EDGE_LOOP('',(#317,#318,#319,#320,#321,#322,#323,#324));
#3053=EDGE_LOOP('',(#325,#326,#327,#328,#329,#330,#331,#332,#333));
#3054=EDGE_LOOP('',(#334,#335,#336,#337));
#3055=EDGE_LOOP('',(#338,#339,#340,#341));
#3056=EDGE_LOOP('',(#342,#343,#344,#345));
#3057=EDGE_LOOP('',(#346,#347,#348,#349,#350,#351,#352,#353,#354,#355,#356,
#357,#358));
#3058=EDGE_LOOP('',(#359));
#3059=EDGE_LOOP('',(#360));
#3060=EDGE_LOOP('',(#361,#362,#363,#364));
#3061=EDGE_LOOP('',(#365,#366,#367,#368,#369,#370));
#3062=EDGE_LOOP('',(#371,#372,#373,#374));
#3063=EDGE_LOOP('',(#375,#376,#377,#378));
#3064=EDGE_LOOP('',(#379));
#3065=EDGE_LOOP('',(#380));
#3066=EDGE_LOOP('',(#381,#382,#383,#384,#385,#386,#387,#388,#389,#390,#391,
#392,#393,#394,#395,#396,#397));
#3067=EDGE_LOOP('',(#398,#399,#400,#401,#402));
#3068=EDGE_LOOP('',(#403,#404,#405,#406));
#3069=EDGE_LOOP('',(#407,#408,#409,#410));
#3070=EDGE_LOOP('',(#411,#412,#413,#414));
#3071=EDGE_LOOP('',(#415,#416,#417,#418));
#3072=EDGE_LOOP('',(#419,#420,#421,#422));
#3073=EDGE_LOOP('',(#423,#424,#425,#426,#427,#428,#429,#430,#431,#432,#433,
#434,#435,#436,#437,#438));
#3074=EDGE_LOOP('',(#439,#440,#441,#442));
#3075=EDGE_LOOP('',(#443,#444,#445,#446));
#3076=EDGE_LOOP('',(#447,#448,#449,#450,#451,#452));
#3077=EDGE_LOOP('',(#453,#454,#455,#456,#457,#458));
#3078=EDGE_LOOP('',(#459,#460,#461,#462));
#3079=EDGE_LOOP('',(#463,#464,#465,#466));
#3080=EDGE_LOOP('',(#467,#468,#469,#470));
#3081=EDGE_LOOP('',(#471,#472,#473,#474,#475));
#3082=EDGE_LOOP('',(#476,#477,#478,#479));
#3083=EDGE_LOOP('',(#480,#481,#482,#483));
#3084=EDGE_LOOP('',(#484,#485,#486,#487,#488));
#3085=EDGE_LOOP('',(#489,#490,#491,#492));
#3086=EDGE_LOOP('',(#493,#494,#495,#496));
#3087=EDGE_LOOP('',(#497,#498,#499,#500));
#3088=EDGE_LOOP('',(#501,#502,#503,#504));
#3089=EDGE_LOOP('',(#505,#506,#507,#508));
#3090=EDGE_LOOP('',(#509,#510,#511,#512));
#3091=EDGE_LOOP('',(#513,#514,#515,#516));
#3092=EDGE_LOOP('',(#517,#518,#519,#520));
#3093=EDGE_LOOP('',(#521,#522,#523,#524));
#3094=EDGE_LOOP('',(#525,#526,#527,#528));
#3095=EDGE_LOOP('',(#529,#530,#531,#532));
#3096=EDGE_LOOP('',(#533,#534,#535,#536,#537,#538));
#3097=EDGE_LOOP('',(#539,#540,#541,#542,#543,#544));
#3098=EDGE_LOOP('',(#545,#546,#547,#548));
#3099=EDGE_LOOP('',(#549,#550,#551,#552,#553,#554,#555));
#3100=EDGE_LOOP('',(#556,#557,#558,#559));
#3101=EDGE_LOOP('',(#560,#561,#562,#563));
#3102=EDGE_LOOP('',(#564,#565,#566,#567,#568));
#3103=EDGE_LOOP('',(#569,#570,#571,#572,#573,#574,#575,#576,#577,#578,#579,
#580,#581,#582,#583,#584,#585,#586));
#3104=EDGE_LOOP('',(#587));
#3105=EDGE_LOOP('',(#588,#589,#590,#591,#592));
#3106=EDGE_LOOP('',(#593,#594,#595,#596));
#3107=EDGE_LOOP('',(#597,#598,#599,#600));
#3108=EDGE_LOOP('',(#601,#602,#603,#604));
#3109=EDGE_LOOP('',(#605,#606,#607,#608));
#3110=EDGE_LOOP('',(#609,#610,#611,#612));
#3111=EDGE_LOOP('',(#613,#614,#615,#616));
#3112=EDGE_LOOP('',(#617,#618,#619,#620));
#3113=EDGE_LOOP('',(#621));
#3114=EDGE_LOOP('',(#622));
#3115=EDGE_LOOP('',(#623));
#3116=EDGE_LOOP('',(#624));
#3117=EDGE_LOOP('',(#625));
#3118=EDGE_LOOP('',(#626));
#3119=EDGE_LOOP('',(#627));
#3120=EDGE_LOOP('',(#628));
#3121=EDGE_LOOP('',(#629));
#3122=EDGE_LOOP('',(#630));
#3123=EDGE_LOOP('',(#631));
#3124=EDGE_LOOP('',(#632));
#3125=EDGE_LOOP('',(#633));
#3126=EDGE_LOOP('',(#634));
#3127=EDGE_LOOP('',(#635));
#3128=EDGE_LOOP('',(#636,#637,#638,#639));
#3129=EDGE_LOOP('',(#640,#641,#642,#643));
#3130=EDGE_LOOP('',(#644,#645,#646,#647));
#3131=EDGE_LOOP('',(#648,#649,#650,#651));
#3132=EDGE_LOOP('',(#652,#653,#654,#655));
#3133=EDGE_LOOP('',(#656,#657,#658,#659,#660,#661,#662,#663));
#3134=EDGE_LOOP('',(#664,#665,#666,#667,#668));
#3135=EDGE_LOOP('',(#669,#670,#671,#672,#673));
#3136=EDGE_LOOP('',(#674));
#3137=EDGE_LOOP('',(#675));
#3138=EDGE_LOOP('',(#676));
#3139=EDGE_LOOP('',(#677));
#3140=EDGE_LOOP('',(#678));
#3141=EDGE_LOOP('',(#679));
#3142=EDGE_LOOP('',(#680));
#3143=EDGE_LOOP('',(#681));
#3144=EDGE_LOOP('',(#682));
#3145=EDGE_LOOP('',(#683));
#3146=EDGE_LOOP('',(#684));
#3147=EDGE_LOOP('',(#685));
#3148=EDGE_LOOP('',(#686));
#3149=EDGE_LOOP('',(#687));
#3150=EDGE_LOOP('',(#688));
#3151=EDGE_LOOP('',(#689,#690,#691,#692));
#3152=EDGE_LOOP('',(#693,#694,#695,#696));
#3153=EDGE_LOOP('',(#697,#698,#699,#700));
#3154=EDGE_LOOP('',(#701,#702,#703,#704));
#3155=EDGE_LOOP('',(#705,#706,#707,#708));
#3156=EDGE_LOOP('',(#709,#710,#711,#712));
#3157=EDGE_LOOP('',(#713,#714,#715,#716));
#3158=EDGE_LOOP('',(#717,#718,#719,#720));
#3159=EDGE_LOOP('',(#721,#722,#723,#724));
#3160=EDGE_LOOP('',(#725,#726,#727,#728));
#3161=EDGE_LOOP('',(#729,#730,#731,#732));
#3162=EDGE_LOOP('',(#733,#734,#735,#736));
#3163=EDGE_LOOP('',(#737,#738,#739,#740,#741,#742,#743,#744));
#3164=EDGE_LOOP('',(#745,#746,#747,#748,#749,#750,#751,#752));
#3165=EDGE_LOOP('',(#753,#754,#755,#756,#757,#758,#759,#760));
#3166=EDGE_LOOP('',(#761,#762,#763,#764));
#3167=EDGE_LOOP('',(#765,#766,#767,#768,#769,#770,#771,#772));
#3168=EDGE_LOOP('',(#773,#774,#775,#776));
#3169=EDGE_LOOP('',(#777,#778,#779,#780));
#3170=EDGE_LOOP('',(#781,#782,#783,#784));
#3171=EDGE_LOOP('',(#785,#786,#787,#788));
#3172=EDGE_LOOP('',(#789,#790,#791,#792));
#3173=EDGE_LOOP('',(#793,#794,#795,#796));
#3174=EDGE_LOOP('',(#797,#798,#799,#800,#801,#802));
#3175=EDGE_LOOP('',(#803,#804,#805,#806));
#3176=EDGE_LOOP('',(#807,#808,#809,#810));
#3177=EDGE_LOOP('',(#811,#812,#813,#814));
#3178=EDGE_LOOP('',(#815,#816,#817,#818));
#3179=EDGE_LOOP('',(#819,#820,#821,#822));
#3180=EDGE_LOOP('',(#823,#824,#825,#826));
#3181=EDGE_LOOP('',(#827,#828,#829,#830,#831,#832));
#3182=EDGE_LOOP('',(#833,#834,#835,#836,#837,#838,#839,#840,#841,#842,#843,
#844,#845,#846));
#3183=EDGE_LOOP('',(#847,#848,#849,#850));
#3184=EDGE_LOOP('',(#851,#852,#853,#854,#855,#856,#857,#858,#859,#860,#861,
#862,#863,#864));
#3185=EDGE_LOOP('',(#865,#866,#867,#868));
#3186=EDGE_LOOP('',(#869,#870,#871,#872));
#3187=EDGE_LOOP('',(#873,#874,#875,#876));
#3188=EDGE_LOOP('',(#877,#878,#879,#880,#881,#882));
#3189=EDGE_LOOP('',(#883,#884,#885,#886,#887,#888));
#3190=EDGE_LOOP('',(#889,#890,#891,#892));
#3191=EDGE_LOOP('',(#893,#894,#895,#896));
#3192=EDGE_LOOP('',(#897,#898,#899,#900,#901,#902,#903,#904));
#3193=EDGE_LOOP('',(#905,#906,#907,#908,#909,#910,#911,#912,#913));
#3194=EDGE_LOOP('',(#914,#915,#916,#917));
#3195=EDGE_LOOP('',(#918,#919,#920));
#3196=EDGE_LOOP('',(#921,#922,#923,#924,#925,#926,#927,#928,#929,#930,#931,
#932,#933));
#3197=EDGE_LOOP('',(#934,#935,#936));
#3198=EDGE_LOOP('',(#937,#938,#939,#940,#941,#942,#943));
#3199=EDGE_LOOP('',(#944,#945,#946,#947,#948,#949));
#3200=EDGE_LOOP('',(#950,#951,#952,#953));
#3201=EDGE_LOOP('',(#954,#955,#956,#957));
#3202=EDGE_LOOP('',(#958,#959,#960,#961));
#3203=EDGE_LOOP('',(#962,#963,#964,#965));
#3204=EDGE_LOOP('',(#966,#967,#968,#969));
#3205=EDGE_LOOP('',(#970,#971,#972,#973));
#3206=EDGE_LOOP('',(#974,#975,#976,#977));
#3207=EDGE_LOOP('',(#978,#979,#980,#981,#982,#983,#984,#985));
#3208=EDGE_LOOP('',(#986,#987,#988,#989));
#3209=EDGE_LOOP('',(#990,#991,#992,#993,#994));
#3210=EDGE_LOOP('',(#995,#996,#997,#998,#999,#1000));
#3211=EDGE_LOOP('',(#1001,#1002,#1003,#1004));
#3212=EDGE_LOOP('',(#1005,#1006,#1007,#1008));
#3213=EDGE_LOOP('',(#1009,#1010,#1011,#1012));
#3214=EDGE_LOOP('',(#1013,#1014,#1015,#1016,#1017,#1018,#1019,#1020));
#3215=EDGE_LOOP('',(#1021,#1022,#1023,#1024));
#3216=EDGE_LOOP('',(#1025,#1026,#1027,#1028,#1029,#1030,#1031,#1032));
#3217=EDGE_LOOP('',(#1033,#1034,#1035,#1036,#1037,#1038));
#3218=EDGE_LOOP('',(#1039,#1040,#1041,#1042));
#3219=EDGE_LOOP('',(#1043,#1044,#1045,#1046));
#3220=EDGE_LOOP('',(#1047,#1048,#1049,#1050,#1051,#1052));
#3221=EDGE_LOOP('',(#1053,#1054,#1055,#1056));
#3222=EDGE_LOOP('',(#1057,#1058,#1059,#1060));
#3223=EDGE_LOOP('',(#1061,#1062,#1063,#1064));
#3224=EDGE_LOOP('',(#1065,#1066,#1067,#1068));
#3225=EDGE_LOOP('',(#1069,#1070,#1071,#1072));
#3226=EDGE_LOOP('',(#1073,#1074,#1075,#1076,#1077,#1078));
#3227=EDGE_LOOP('',(#1079,#1080,#1081,#1082));
#3228=EDGE_LOOP('',(#1083,#1084,#1085,#1086,#1087,#1088));
#3229=EDGE_LOOP('',(#1089,#1090,#1091,#1092));
#3230=EDGE_LOOP('',(#1093,#1094,#1095,#1096));
#3231=EDGE_LOOP('',(#1097,#1098,#1099,#1100));
#3232=EDGE_LOOP('',(#1101,#1102,#1103,#1104));
#3233=EDGE_LOOP('',(#1105,#1106,#1107,#1108,#1109,#1110,#1111,#1112,#1113,
#1114,#1115,#1116,#1117,#1118));
#3234=EDGE_LOOP('',(#1119,#1120,#1121,#1122));
#3235=EDGE_LOOP('',(#1123,#1124,#1125,#1126,#1127,#1128,#1129,#1130,#1131,
#1132,#1133,#1134,#1135,#1136));
#3236=EDGE_LOOP('',(#1137,#1138,#1139,#1140));
#3237=EDGE_LOOP('',(#1141,#1142,#1143,#1144));
#3238=EDGE_LOOP('',(#1145,#1146,#1147,#1148,#1149,#1150));
#3239=EDGE_LOOP('',(#1151,#1152,#1153,#1154,#1155,#1156));
#3240=EDGE_LOOP('',(#1157,#1158,#1159,#1160));
#3241=EDGE_LOOP('',(#1161,#1162,#1163,#1164));
#3242=EDGE_LOOP('',(#1165,#1166,#1167,#1168,#1169,#1170,#1171,#1172,#1173,
#1174,#1175,#1176,#1177,#1178,#1179,#1180,#1181,#1182,#1183,#1184,#1185));
#3243=EDGE_LOOP('',(#1186));
#3244=EDGE_LOOP('',(#1187));
#3245=EDGE_LOOP('',(#1188));
#3246=EDGE_LOOP('',(#1189));
#3247=EDGE_LOOP('',(#1190));
#3248=EDGE_LOOP('',(#1191,#1192,#1193,#1194));
#3249=EDGE_LOOP('',(#1195,#1196,#1197,#1198,#1199,#1200,#1201,#1202));
#3250=EDGE_LOOP('',(#1203));
#3251=EDGE_LOOP('',(#1204));
#3252=EDGE_LOOP('',(#1205,#1206,#1207,#1208,#1209,#1210,#1211,#1212,#1213,
#1214,#1215,#1216,#1217,#1218,#1219,#1220,#1221));
#3253=EDGE_LOOP('',(#1222));
#3254=EDGE_LOOP('',(#1223));
#3255=EDGE_LOOP('',(#1224));
#3256=EDGE_LOOP('',(#1225,#1226,#1227,#1228));
#3257=EDGE_LOOP('',(#1229,#1230,#1231,#1232));
#3258=EDGE_LOOP('',(#1233,#1234,#1235,#1236));
#3259=EDGE_LOOP('',(#1237,#1238,#1239,#1240));
#3260=EDGE_LOOP('',(#1241,#1242,#1243,#1244));
#3261=EDGE_LOOP('',(#1245,#1246,#1247,#1248));
#3262=EDGE_LOOP('',(#1249,#1250,#1251,#1252));
#3263=EDGE_LOOP('',(#1253,#1254,#1255,#1256));
#3264=EDGE_LOOP('',(#1257,#1258,#1259,#1260));
#3265=EDGE_LOOP('',(#1261,#1262,#1263,#1264));
#3266=EDGE_LOOP('',(#1265,#1266,#1267,#1268));
#3267=EDGE_LOOP('',(#1269,#1270,#1271,#1272));
#3268=EDGE_LOOP('',(#1273,#1274,#1275,#1276));
#3269=EDGE_LOOP('',(#1277));
#3270=EDGE_LOOP('',(#1278));
#3271=EDGE_LOOP('',(#1279));
#3272=EDGE_LOOP('',(#1280));
#3273=EDGE_LOOP('',(#1281));
#3274=EDGE_LOOP('',(#1282));
#3275=EDGE_LOOP('',(#1283));
#3276=EDGE_LOOP('',(#1284));
#3277=EDGE_LOOP('',(#1285));
#3278=EDGE_LOOP('',(#1286));
#3279=EDGE_LOOP('',(#1287,#1288,#1289,#1290));
#3280=EDGE_LOOP('',(#1291,#1292,#1293,#1294));
#3281=EDGE_LOOP('',(#1295,#1296,#1297,#1298));
#3282=EDGE_LOOP('',(#1299,#1300,#1301,#1302));
#3283=EDGE_LOOP('',(#1303,#1304,#1305,#1306));
#3284=EDGE_LOOP('',(#1307,#1308,#1309,#1310));
#3285=EDGE_LOOP('',(#1311,#1312,#1313,#1314));
#3286=EDGE_LOOP('',(#1315,#1316,#1317,#1318));
#3287=EDGE_LOOP('',(#1319,#1320,#1321,#1322));
#3288=EDGE_LOOP('',(#1323,#1324,#1325,#1326));
#3289=EDGE_LOOP('',(#1327,#1328,#1329,#1330));
#3290=EDGE_LOOP('',(#1331,#1332,#1333,#1334));
#3291=FACE_BOUND('',#3043,.T.);
#3292=FACE_BOUND('',#3044,.T.);
#3293=FACE_BOUND('',#3045,.T.);
#3294=FACE_BOUND('',#3046,.T.);
#3295=FACE_BOUND('',#3047,.T.);
#3296=FACE_BOUND('',#3048,.T.);
#3297=FACE_BOUND('',#3049,.T.);
#3298=FACE_BOUND('',#3050,.T.);
#3299=FACE_BOUND('',#3051,.T.);
#3300=FACE_BOUND('',#3052,.T.);
#3301=FACE_BOUND('',#3053,.T.);
#3302=FACE_BOUND('',#3054,.T.);
#3303=FACE_BOUND('',#3055,.T.);
#3304=FACE_BOUND('',#3056,.T.);
#3305=FACE_BOUND('',#3057,.T.);
#3306=FACE_BOUND('',#3058,.T.);
#3307=FACE_BOUND('',#3059,.T.);
#3308=FACE_BOUND('',#3060,.T.);
#3309=FACE_BOUND('',#3061,.T.);
#3310=FACE_BOUND('',#3062,.T.);
#3311=FACE_BOUND('',#3063,.T.);
#3312=FACE_BOUND('',#3064,.T.);
#3313=FACE_BOUND('',#3065,.T.);
#3314=FACE_BOUND('',#3066,.T.);
#3315=FACE_BOUND('',#3067,.T.);
#3316=FACE_BOUND('',#3068,.T.);
#3317=FACE_BOUND('',#3069,.T.);
#3318=FACE_BOUND('',#3070,.T.);
#3319=FACE_BOUND('',#3071,.T.);
#3320=FACE_BOUND('',#3072,.T.);
#3321=FACE_BOUND('',#3073,.T.);
#3322=FACE_BOUND('',#3074,.T.);
#3323=FACE_BOUND('',#3075,.T.);
#3324=FACE_BOUND('',#3076,.T.);
#3325=FACE_BOUND('',#3077,.T.);
#3326=FACE_BOUND('',#3078,.T.);
#3327=FACE_BOUND('',#3079,.T.);
#3328=FACE_BOUND('',#3080,.T.);
#3329=FACE_BOUND('',#3081,.T.);
#3330=FACE_BOUND('',#3082,.T.);
#3331=FACE_BOUND('',#3083,.T.);
#3332=FACE_BOUND('',#3084,.T.);
#3333=FACE_BOUND('',#3085,.T.);
#3334=FACE_BOUND('',#3086,.T.);
#3335=FACE_BOUND('',#3087,.T.);
#3336=FACE_BOUND('',#3088,.T.);
#3337=FACE_BOUND('',#3089,.T.);
#3338=FACE_BOUND('',#3090,.T.);
#3339=FACE_BOUND('',#3091,.T.);
#3340=FACE_BOUND('',#3092,.T.);
#3341=FACE_BOUND('',#3093,.T.);
#3342=FACE_BOUND('',#3094,.T.);
#3343=FACE_BOUND('',#3095,.T.);
#3344=FACE_BOUND('',#3096,.T.);
#3345=FACE_BOUND('',#3097,.T.);
#3346=FACE_BOUND('',#3098,.T.);
#3347=FACE_BOUND('',#3099,.T.);
#3348=FACE_BOUND('',#3100,.T.);
#3349=FACE_BOUND('',#3101,.T.);
#3350=FACE_BOUND('',#3102,.T.);
#3351=FACE_BOUND('',#3103,.T.);
#3352=FACE_BOUND('',#3104,.T.);
#3353=FACE_BOUND('',#3105,.T.);
#3354=FACE_BOUND('',#3106,.T.);
#3355=FACE_BOUND('',#3107,.T.);
#3356=FACE_BOUND('',#3108,.T.);
#3357=FACE_BOUND('',#3109,.T.);
#3358=FACE_BOUND('',#3110,.T.);
#3359=FACE_BOUND('',#3111,.T.);
#3360=FACE_BOUND('',#3112,.T.);
#3361=FACE_BOUND('',#3113,.T.);
#3362=FACE_BOUND('',#3114,.T.);
#3363=FACE_BOUND('',#3115,.T.);
#3364=FACE_BOUND('',#3116,.T.);
#3365=FACE_BOUND('',#3117,.T.);
#3366=FACE_BOUND('',#3118,.T.);
#3367=FACE_BOUND('',#3119,.T.);
#3368=FACE_BOUND('',#3120,.T.);
#3369=FACE_BOUND('',#3121,.T.);
#3370=FACE_BOUND('',#3122,.T.);
#3371=FACE_BOUND('',#3123,.T.);
#3372=FACE_BOUND('',#3124,.T.);
#3373=FACE_BOUND('',#3125,.T.);
#3374=FACE_BOUND('',#3126,.T.);
#3375=FACE_BOUND('',#3127,.T.);
#3376=FACE_BOUND('',#3128,.T.);
#3377=FACE_BOUND('',#3129,.T.);
#3378=FACE_BOUND('',#3130,.T.);
#3379=FACE_BOUND('',#3131,.T.);
#3380=FACE_BOUND('',#3132,.T.);
#3381=FACE_BOUND('',#3133,.T.);
#3382=FACE_BOUND('',#3134,.T.);
#3383=FACE_BOUND('',#3135,.T.);
#3384=FACE_BOUND('',#3136,.T.);
#3385=FACE_BOUND('',#3137,.T.);
#3386=FACE_BOUND('',#3138,.T.);
#3387=FACE_BOUND('',#3139,.T.);
#3388=FACE_BOUND('',#3140,.T.);
#3389=FACE_BOUND('',#3141,.T.);
#3390=FACE_BOUND('',#3142,.T.);
#3391=FACE_BOUND('',#3143,.T.);
#3392=FACE_BOUND('',#3144,.T.);
#3393=FACE_BOUND('',#3145,.T.);
#3394=FACE_BOUND('',#3146,.T.);
#3395=FACE_BOUND('',#3147,.T.);
#3396=FACE_BOUND('',#3148,.T.);
#3397=FACE_BOUND('',#3149,.T.);
#3398=FACE_BOUND('',#3150,.T.);
#3399=FACE_BOUND('',#3151,.T.);
#3400=FACE_BOUND('',#3152,.T.);
#3401=FACE_BOUND('',#3153,.T.);
#3402=FACE_BOUND('',#3154,.T.);
#3403=FACE_BOUND('',#3155,.T.);
#3404=FACE_BOUND('',#3156,.T.);
#3405=FACE_BOUND('',#3157,.T.);
#3406=FACE_BOUND('',#3158,.T.);
#3407=FACE_BOUND('',#3159,.T.);
#3408=FACE_BOUND('',#3160,.T.);
#3409=FACE_BOUND('',#3161,.T.);
#3410=FACE_BOUND('',#3162,.T.);
#3411=FACE_BOUND('',#3163,.T.);
#3412=FACE_BOUND('',#3164,.T.);
#3413=FACE_BOUND('',#3165,.T.);
#3414=FACE_BOUND('',#3166,.T.);
#3415=FACE_BOUND('',#3167,.T.);
#3416=FACE_BOUND('',#3168,.T.);
#3417=FACE_BOUND('',#3169,.T.);
#3418=FACE_BOUND('',#3170,.T.);
#3419=FACE_BOUND('',#3171,.T.);
#3420=FACE_BOUND('',#3172,.T.);
#3421=FACE_BOUND('',#3173,.T.);
#3422=FACE_BOUND('',#3174,.T.);
#3423=FACE_BOUND('',#3175,.T.);
#3424=FACE_BOUND('',#3176,.T.);
#3425=FACE_BOUND('',#3177,.T.);
#3426=FACE_BOUND('',#3178,.T.);
#3427=FACE_BOUND('',#3179,.T.);
#3428=FACE_BOUND('',#3180,.T.);
#3429=FACE_BOUND('',#3181,.T.);
#3430=FACE_BOUND('',#3182,.T.);
#3431=FACE_BOUND('',#3183,.T.);
#3432=FACE_BOUND('',#3184,.T.);
#3433=FACE_BOUND('',#3185,.T.);
#3434=FACE_BOUND('',#3186,.T.);
#3435=FACE_BOUND('',#3187,.T.);
#3436=FACE_BOUND('',#3188,.T.);
#3437=FACE_BOUND('',#3189,.T.);
#3438=FACE_BOUND('',#3190,.T.);
#3439=FACE_BOUND('',#3191,.T.);
#3440=FACE_BOUND('',#3192,.T.);
#3441=FACE_BOUND('',#3193,.T.);
#3442=FACE_BOUND('',#3194,.T.);
#3443=FACE_BOUND('',#3195,.T.);
#3444=FACE_BOUND('',#3196,.T.);
#3445=FACE_BOUND('',#3197,.T.);
#3446=FACE_BOUND('',#3198,.T.);
#3447=FACE_BOUND('',#3199,.T.);
#3448=FACE_BOUND('',#3200,.T.);
#3449=FACE_BOUND('',#3201,.T.);
#3450=FACE_BOUND('',#3202,.T.);
#3451=FACE_BOUND('',#3203,.T.);
#3452=FACE_BOUND('',#3204,.T.);
#3453=FACE_BOUND('',#3205,.T.);
#3454=FACE_BOUND('',#3206,.T.);
#3455=FACE_BOUND('',#3207,.T.);
#3456=FACE_BOUND('',#3208,.T.);
#3457=FACE_BOUND('',#3209,.T.);
#3458=FACE_BOUND('',#3210,.T.);
#3459=FACE_BOUND('',#3211,.T.);
#3460=FACE_BOUND('',#3212,.T.);
#3461=FACE_BOUND('',#3213,.T.);
#3462=FACE_BOUND('',#3214,.T.);
#3463=FACE_BOUND('',#3215,.T.);
#3464=FACE_BOUND('',#3216,.T.);
#3465=FACE_BOUND('',#3217,.T.);
#3466=FACE_BOUND('',#3218,.T.);
#3467=FACE_BOUND('',#3219,.T.);
#3468=FACE_BOUND('',#3220,.T.);
#3469=FACE_BOUND('',#3221,.T.);
#3470=FACE_BOUND('',#3222,.T.);
#3471=FACE_BOUND('',#3223,.T.);
#3472=FACE_BOUND('',#3224,.T.);
#3473=FACE_BOUND('',#3225,.T.);
#3474=FACE_BOUND('',#3226,.T.);
#3475=FACE_BOUND('',#3227,.T.);
#3476=FACE_BOUND('',#3228,.T.);
#3477=FACE_BOUND('',#3229,.T.);
#3478=FACE_BOUND('',#3230,.T.);
#3479=FACE_BOUND('',#3231,.T.);
#3480=FACE_BOUND('',#3232,.T.);
#3481=FACE_BOUND('',#3233,.T.);
#3482=FACE_BOUND('',#3234,.T.);
#3483=FACE_BOUND('',#3235,.T.);
#3484=FACE_BOUND('',#3236,.T.);
#3485=FACE_BOUND('',#3237,.T.);
#3486=FACE_BOUND('',#3238,.T.);
#3487=FACE_BOUND('',#3239,.T.);
#3488=FACE_BOUND('',#3240,.T.);
#3489=FACE_BOUND('',#3241,.T.);
#3490=FACE_BOUND('',#3242,.T.);
#3491=FACE_BOUND('',#3243,.T.);
#3492=FACE_BOUND('',#3244,.T.);
#3493=FACE_BOUND('',#3245,.T.);
#3494=FACE_BOUND('',#3246,.T.);
#3495=FACE_BOUND('',#3247,.T.);
#3496=FACE_BOUND('',#3248,.T.);
#3497=FACE_BOUND('',#3249,.T.);
#3498=FACE_BOUND('',#3250,.T.);
#3499=FACE_BOUND('',#3251,.T.);
#3500=FACE_BOUND('',#3252,.T.);
#3501=FACE_BOUND('',#3253,.T.);
#3502=FACE_BOUND('',#3254,.T.);
#3503=FACE_BOUND('',#3255,.T.);
#3504=FACE_BOUND('',#3256,.T.);
#3505=FACE_BOUND('',#3257,.T.);
#3506=FACE_BOUND('',#3258,.T.);
#3507=FACE_BOUND('',#3259,.T.);
#3508=FACE_BOUND('',#3260,.T.);
#3509=FACE_BOUND('',#3261,.T.);
#3510=FACE_BOUND('',#3262,.T.);
#3511=FACE_BOUND('',#3263,.T.);
#3512=FACE_BOUND('',#3264,.T.);
#3513=FACE_BOUND('',#3265,.T.);
#3514=FACE_BOUND('',#3266,.T.);
#3515=FACE_BOUND('',#3267,.T.);
#3516=FACE_BOUND('',#3268,.T.);
#3517=FACE_BOUND('',#3269,.T.);
#3518=FACE_BOUND('',#3270,.T.);
#3519=FACE_BOUND('',#3271,.T.);
#3520=FACE_BOUND('',#3272,.T.);
#3521=FACE_BOUND('',#3273,.T.);
#3522=FACE_BOUND('',#3274,.T.);
#3523=FACE_BOUND('',#3275,.T.);
#3524=FACE_BOUND('',#3276,.T.);
#3525=FACE_BOUND('',#3277,.T.);
#3526=FACE_BOUND('',#3278,.T.);
#3527=FACE_BOUND('',#3279,.T.);
#3528=FACE_BOUND('',#3280,.T.);
#3529=FACE_BOUND('',#3281,.T.);
#3530=FACE_BOUND('',#3282,.T.);
#3531=FACE_BOUND('',#3283,.T.);
#3532=FACE_BOUND('',#3284,.T.);
#3533=FACE_BOUND('',#3285,.T.);
#3534=FACE_BOUND('',#3286,.T.);
#3535=FACE_BOUND('',#3287,.T.);
#3536=FACE_BOUND('',#3288,.T.);
#3537=FACE_BOUND('',#3289,.T.);
#3538=FACE_BOUND('',#3290,.T.);
#3539=PLANE('',#3962);
#3540=PLANE('',#3971);
#3541=PLANE('',#3973);
#3542=PLANE('',#3977);
#3543=PLANE('',#3979);
#3544=PLANE('',#3985);
#3545=PLANE('',#3991);
#3546=PLANE('',#3992);
#3547=PLANE('',#3993);
#3548=PLANE('',#3994);
#3549=PLANE('',#3999);
#3550=PLANE('',#4001);
#3551=PLANE('',#4002);
#3552=PLANE('',#4003);
#3553=PLANE('',#4004);
#3554=PLANE('',#4005);
#3555=PLANE('',#4006);
#3556=PLANE('',#4007);
#3557=PLANE('',#4008);
#3558=PLANE('',#4009);
#3559=PLANE('',#4013);
#3560=PLANE('',#4014);
#3561=PLANE('',#4015);
#3562=PLANE('',#4016);
#3563=PLANE('',#4017);
#3564=PLANE('',#4020);
#3565=PLANE('',#4021);
#3566=PLANE('',#4022);
#3567=PLANE('',#4023);
#3568=PLANE('',#4026);
#3569=PLANE('',#4027);
#3570=PLANE('',#4028);
#3571=PLANE('',#4031);
#3572=PLANE('',#4034);
#3573=PLANE('',#4035);
#3574=PLANE('',#4036);
#3575=PLANE('',#4037);
#3576=PLANE('',#4038);
#3577=PLANE('',#4039);
#3578=PLANE('',#4040);
#3579=PLANE('',#4042);
#3580=PLANE('',#4045);
#3581=PLANE('',#4046);
#3582=PLANE('',#4047);
#3583=PLANE('',#4049);
#3584=PLANE('',#4050);
#3585=PLANE('',#4051);
#3586=PLANE('',#4054);
#3587=PLANE('',#4057);
#3588=PLANE('',#4060);
#3589=PLANE('',#4063);
#3590=PLANE('',#4066);
#3591=PLANE('',#4067);
#3592=PLANE('',#4068);
#3593=PLANE('',#4069);
#3594=PLANE('',#4070);
#3595=PLANE('',#4071);
#3596=PLANE('',#4075);
#3597=PLANE('',#4078);
#3598=PLANE('',#4081);
#3599=PLANE('',#4084);
#3600=PLANE('',#4087);
#3601=PLANE('',#4088);
#3602=PLANE('',#4089);
#3603=PLANE('',#4090);
#3604=PLANE('',#4091);
#3605=PLANE('',#4092);
#3606=PLANE('',#4093);
#3607=PLANE('',#4094);
#3608=PLANE('',#4095);
#3609=PLANE('',#4096);
#3610=PLANE('',#4098);
#3611=PLANE('',#4099);
#3612=PLANE('',#4100);
#3613=PLANE('',#4101);
#3614=PLANE('',#4102);
#3615=PLANE('',#4103);
#3616=PLANE('',#4106);
#3617=PLANE('',#4107);
#3618=PLANE('',#4111);
#3619=PLANE('',#4113);
#3620=PLANE('',#4114);
#3621=PLANE('',#4115);
#3622=PLANE('',#4116);
#3623=PLANE('',#4135);
#3624=PLANE('',#4136);
#3625=PLANE('',#4139);
#3626=PLANE('',#4140);
#3627=PLANE('',#4143);
#3628=PLANE('',#4146);
#3629=PLANE('',#4147);
#3630=PLANE('',#4149);
#3631=PLANE('',#4151);
#3632=PLANE('',#4155);
#3633=PLANE('',#4156);
#3634=PLANE('',#4157);
#3635=PLANE('',#4165);
#3636=PLANE('',#4166);
#3637=PLANE('',#4167);
#3638=PLANE('',#4168);
#3639=PLANE('',#4169);
#3640=PLANE('',#4170);
#3641=PLANE('',#4171);
#3642=PLANE('',#4172);
#3643=PLANE('',#4173);
#3644=PLANE('',#4174);
#3645=PLANE('',#4175);
#3646=PLANE('',#4181);
#3647=PLANE('',#4182);
#3648=PLANE('',#4183);
#3649=PLANE('',#4186);
#3650=PLANE('',#4187);
#3651=PLANE('',#4190);
#3652=PLANE('',#4192);
#3653=PLANE('',#4193);
#3654=PLANE('',#4195);
#3655=PLANE('',#4205);
#3656=PLANE('',#4206);
#3657=PLANE('',#4207);
#3658=PLANE('',#4217);
#3659=PLANE('',#4218);
#3660=PLANE('',#4221);
#3661=PLANE('',#4222);
#3662=PLANE('',#4227);
#3663=PLANE('',#4228);
#3664=PLANE('',#4232);
#3665=PLANE('',#4241);
#3666=PLANE('',#4242);
#3667=PLANE('',#4251);
#3668=PLANE('',#4252);
#3669=PLANE('',#4253);
#3670=PLANE('',#4254);
#3671=PLANE('',#4255);
#3672=PLANE('',#4256);
#3673=PLANE('',#4257);
#3674=PLANE('',#4258);
#3675=PLANE('',#4259);
#3676=PLANE('',#4260);
#3677=PLANE('',#4261);
#3678=PLANE('',#4262);
#3679=PLANE('',#4263);
#3680=PLANE('',#4269);
#3681=PLANE('',#4270);
#3682=PLANE('',#4271);
#3683=PLANE('',#4272);
#3684=PLANE('',#4273);
#3685=PLANE('',#4274);
#3686=PLANE('',#4275);
#3687=PLANE('',#4276);
#3688=PLANE('',#4277);
#3689=ADVANCED_FACE('',(#3291,#3292,#3293,#3294,#3295,#3296,#3297),#3539,
 .F.);
#3690=ADVANCED_FACE('',(#3298),#3540,.T.);
#3691=ADVANCED_FACE('',(#3299),#3541,.T.);
#3692=ADVANCED_FACE('',(#3300),#3542,.F.);
#3693=ADVANCED_FACE('',(#3301),#3543,.F.);
#3694=ADVANCED_FACE('',(#3302),#84,.T.);
#3695=ADVANCED_FACE('',(#3303),#85,.T.);
#3696=ADVANCED_FACE('',(#3304),#82,.F.);
#3697=ADVANCED_FACE('',(#3305,#3306,#3307,#3308),#3544,.T.);
#3698=ADVANCED_FACE('',(#3309),#3545,.T.);
#3699=ADVANCED_FACE('',(#3310),#3546,.T.);
#3700=ADVANCED_FACE('',(#3311),#3547,.T.);
#3701=ADVANCED_FACE('',(#3312,#3313,#3314),#3548,.T.);
#3702=ADVANCED_FACE('',(#3315),#3549,.T.);
#3703=ADVANCED_FACE('',(#3316),#3550,.T.);
#3704=ADVANCED_FACE('',(#3317),#3551,.T.);
#3705=ADVANCED_FACE('',(#3318),#3552,.T.);
#3706=ADVANCED_FACE('',(#3319),#3553,.T.);
#3707=ADVANCED_FACE('',(#3320),#3554,.T.);
#3708=ADVANCED_FACE('',(#3321),#3555,.T.);
#3709=ADVANCED_FACE('',(#3322),#3556,.T.);
#3710=ADVANCED_FACE('',(#3323),#3557,.T.);
#3711=ADVANCED_FACE('',(#3324),#3558,.T.);
#3712=ADVANCED_FACE('',(#3325),#86,.T.);
#3713=ADVANCED_FACE('',(#3326),#87,.T.);
#3714=ADVANCED_FACE('',(#3327),#3559,.F.);
#3715=ADVANCED_FACE('',(#3328),#3560,.F.);
#3716=ADVANCED_FACE('',(#3329),#3561,.F.);
#3717=ADVANCED_FACE('',(#3330),#3562,.F.);
#3718=ADVANCED_FACE('',(#3331),#3563,.F.);
#3719=ADVANCED_FACE('',(#3332),#88,.T.);
#3720=ADVANCED_FACE('',(#3333),#3564,.F.);
#3721=ADVANCED_FACE('',(#3334),#3565,.F.);
#3722=ADVANCED_FACE('',(#3335),#3566,.F.);
#3723=ADVANCED_FACE('',(#3336),#3567,.F.);
#3724=ADVANCED_FACE('',(#3337),#89,.T.);
#3725=ADVANCED_FACE('',(#3338),#3568,.F.);
#3726=ADVANCED_FACE('',(#3339),#3569,.F.);
#3727=ADVANCED_FACE('',(#3340),#3570,.F.);
#3728=ADVANCED_FACE('',(#3341),#90,.T.);
#3729=ADVANCED_FACE('',(#3342),#3571,.F.);
#3730=ADVANCED_FACE('',(#3343),#91,.F.);
#3731=ADVANCED_FACE('',(#3344),#3572,.F.);
#3732=ADVANCED_FACE('',(#3345),#3573,.F.);
#3733=ADVANCED_FACE('',(#3346),#3574,.F.);
#3734=ADVANCED_FACE('',(#3347),#3575,.T.);
#3735=ADVANCED_FACE('',(#3348),#3576,.F.);
#3736=ADVANCED_FACE('',(#3349),#3577,.F.);
#3737=ADVANCED_FACE('',(#3350,#3351),#3578,.F.);
#3738=ADVANCED_FACE('',(#3352,#3353),#3579,.T.);
#3739=ADVANCED_FACE('',(#3354),#3580,.F.);
#3740=ADVANCED_FACE('',(#3355),#3581,.F.);
#3741=ADVANCED_FACE('',(#3356),#3582,.F.);
#3742=ADVANCED_FACE('',(#3357),#92,.T.);
#3743=ADVANCED_FACE('',(#3358),#3583,.F.);
#3744=ADVANCED_FACE('',(#3359),#3584,.T.);
#3745=ADVANCED_FACE('',(#3360),#3585,.F.);
#3746=ADVANCED_FACE('',(#3361,#3362),#93,.T.);
#3747=ADVANCED_FACE('',(#3363),#3586,.F.);
#3748=ADVANCED_FACE('',(#3364,#3365),#94,.T.);
#3749=ADVANCED_FACE('',(#3366),#3587,.F.);
#3750=ADVANCED_FACE('',(#3367,#3368),#95,.T.);
#3751=ADVANCED_FACE('',(#3369),#3588,.F.);
#3752=ADVANCED_FACE('',(#3370,#3371),#96,.T.);
#3753=ADVANCED_FACE('',(#3372),#3589,.F.);
#3754=ADVANCED_FACE('',(#3373,#3374),#97,.T.);
#3755=ADVANCED_FACE('',(#3375),#3590,.F.);
#3756=ADVANCED_FACE('',(#3376),#3591,.T.);
#3757=ADVANCED_FACE('',(#3377),#3592,.T.);
#3758=ADVANCED_FACE('',(#3378),#3593,.T.);
#3759=ADVANCED_FACE('',(#3379),#3594,.T.);
#3760=ADVANCED_FACE('',(#3380),#3595,.F.);
#3761=ADVANCED_FACE('',(#3381),#83,.F.);
#3762=ADVANCED_FACE('',(#3382),#80,.T.);
#3763=ADVANCED_FACE('',(#3383),#81,.T.);
#3764=ADVANCED_FACE('',(#3384,#3385),#98,.F.);
#3765=ADVANCED_FACE('',(#3386),#3596,.F.);
#3766=ADVANCED_FACE('',(#3387,#3388),#99,.F.);
#3767=ADVANCED_FACE('',(#3389),#3597,.F.);
#3768=ADVANCED_FACE('',(#3390,#3391),#100,.F.);
#3769=ADVANCED_FACE('',(#3392),#3598,.F.);
#3770=ADVANCED_FACE('',(#3393,#3394),#101,.F.);
#3771=ADVANCED_FACE('',(#3395),#3599,.F.);
#3772=ADVANCED_FACE('',(#3396,#3397),#102,.F.);
#3773=ADVANCED_FACE('',(#3398),#3600,.F.);
#3774=ADVANCED_FACE('',(#3399),#3601,.T.);
#3775=ADVANCED_FACE('',(#3400),#3602,.T.);
#3776=ADVANCED_FACE('',(#3401),#3603,.T.);
#3777=ADVANCED_FACE('',(#3402),#3604,.F.);
#3778=ADVANCED_FACE('',(#3403),#3605,.T.);
#3779=ADVANCED_FACE('',(#3404),#3606,.T.);
#3780=ADVANCED_FACE('',(#3405),#3607,.F.);
#3781=ADVANCED_FACE('',(#3406),#3608,.F.);
#3782=ADVANCED_FACE('',(#3407),#3609,.F.);
#3783=ADVANCED_FACE('',(#3408),#3610,.T.);
#3784=ADVANCED_FACE('',(#3409),#3611,.T.);
#3785=ADVANCED_FACE('',(#3410),#3612,.F.);
#3786=ADVANCED_FACE('',(#3411),#3613,.T.);
#3787=ADVANCED_FACE('',(#3412),#3614,.F.);
#3788=ADVANCED_FACE('',(#3413),#3615,.T.);
#3789=ADVANCED_FACE('',(#3414),#3616,.T.);
#3790=ADVANCED_FACE('',(#3415),#3617,.F.);
#3791=ADVANCED_FACE('',(#3416),#103,.F.);
#3792=ADVANCED_FACE('',(#3417),#3618,.T.);
#3793=ADVANCED_FACE('',(#3418),#104,.T.);
#3794=ADVANCED_FACE('',(#3419),#3619,.F.);
#3795=ADVANCED_FACE('',(#3420),#3620,.T.);
#3796=ADVANCED_FACE('',(#3421),#3621,.T.);
#3797=ADVANCED_FACE('',(#3422),#3622,.F.);
#3798=ADVANCED_FACE('',(#3423),#105,.T.);
#3799=ADVANCED_FACE('',(#3424),#106,.F.);
#3800=ADVANCED_FACE('',(#3425),#107,.T.);
#3801=ADVANCED_FACE('',(#3426),#108,.F.);
#3802=ADVANCED_FACE('',(#3427),#109,.T.);
#3803=ADVANCED_FACE('',(#3428),#110,.F.);
#3804=ADVANCED_FACE('',(#3429),#3623,.T.);
#3805=ADVANCED_FACE('',(#3430),#3624,.T.);
#3806=ADVANCED_FACE('',(#3431),#3625,.F.);
#3807=ADVANCED_FACE('',(#3432),#3626,.F.);
#3808=ADVANCED_FACE('',(#3433),#3627,.T.);
#3809=ADVANCED_FACE('',(#3434),#18,.F.);
#3810=ADVANCED_FACE('',(#3435),#19,.F.);
#3811=ADVANCED_FACE('',(#3436),#111,.T.);
#3812=ADVANCED_FACE('',(#3437),#112,.F.);
#3813=ADVANCED_FACE('',(#3438),#3628,.T.);
#3814=ADVANCED_FACE('',(#3439),#3629,.F.);
#3815=ADVANCED_FACE('',(#3440),#3630,.T.);
#3816=ADVANCED_FACE('',(#3441),#3631,.T.);
#3817=ADVANCED_FACE('',(#3442),#3632,.T.);
#3818=ADVANCED_FACE('',(#3443),#3633,.T.);
#3819=ADVANCED_FACE('',(#3444),#3634,.F.);
#3820=ADVANCED_FACE('',(#3445),#113,.T.);
#3821=ADVANCED_FACE('',(#3446),#114,.T.);
#3822=ADVANCED_FACE('',(#3447),#3635,.T.);
#3823=ADVANCED_FACE('',(#3448),#3636,.T.);
#3824=ADVANCED_FACE('',(#3449),#3637,.T.);
#3825=ADVANCED_FACE('',(#3450),#3638,.T.);
#3826=ADVANCED_FACE('',(#3451),#3639,.T.);
#3827=ADVANCED_FACE('',(#3452),#3640,.T.);
#3828=ADVANCED_FACE('',(#3453),#3641,.T.);
#3829=ADVANCED_FACE('',(#3454),#3642,.T.);
#3830=ADVANCED_FACE('',(#3455),#3643,.F.);
#3831=ADVANCED_FACE('',(#3456),#3644,.T.);
#3832=ADVANCED_FACE('',(#3457),#3645,.T.);
#3833=ADVANCED_FACE('',(#3458),#115,.F.);
#3834=ADVANCED_FACE('',(#3459),#116,.F.);
#3835=ADVANCED_FACE('',(#3460),#3646,.F.);
#3836=ADVANCED_FACE('',(#3461),#3647,.F.);
#3837=ADVANCED_FACE('',(#3462),#3648,.T.);
#3838=ADVANCED_FACE('',(#3463),#3649,.T.);
#3839=ADVANCED_FACE('',(#3464),#3650,.F.);
#3840=ADVANCED_FACE('',(#3465),#3651,.T.);
#3841=ADVANCED_FACE('',(#3466),#117,.F.);
#3842=ADVANCED_FACE('',(#3467),#3652,.T.);
#3843=ADVANCED_FACE('',(#3468),#3653,.F.);
#3844=ADVANCED_FACE('',(#3469),#118,.T.);
#3845=ADVANCED_FACE('',(#3470),#3654,.F.);
#3846=ADVANCED_FACE('',(#3471),#119,.T.);
#3847=ADVANCED_FACE('',(#3472),#120,.T.);
#3848=ADVANCED_FACE('',(#3473),#121,.F.);
#3849=ADVANCED_FACE('',(#3474),#3655,.T.);
#3850=ADVANCED_FACE('',(#3475),#3656,.T.);
#3851=ADVANCED_FACE('',(#3476),#3657,.F.);
#3852=ADVANCED_FACE('',(#3477),#122,.T.);
#3853=ADVANCED_FACE('',(#3478),#123,.F.);
#3854=ADVANCED_FACE('',(#3479),#124,.F.);
#3855=ADVANCED_FACE('',(#3480),#3658,.T.);
#3856=ADVANCED_FACE('',(#3481),#3659,.T.);
#3857=ADVANCED_FACE('',(#3482),#3660,.F.);
#3858=ADVANCED_FACE('',(#3483),#3661,.T.);
#3859=ADVANCED_FACE('',(#3484),#20,.F.);
#3860=ADVANCED_FACE('',(#3485),#21,.F.);
#3861=ADVANCED_FACE('',(#3486),#125,.T.);
#3862=ADVANCED_FACE('',(#3487),#126,.F.);
#3863=ADVANCED_FACE('',(#3488),#3662,.F.);
#3864=ADVANCED_FACE('',(#3489),#3663,.F.);
#3865=ADVANCED_FACE('',(#3490,#3491,#3492,#3493,#3494,#3495,#3496),#3664,
 .F.);
#3866=ADVANCED_FACE('',(#3497),#3665,.T.);
#3867=ADVANCED_FACE('',(#3498,#3499,#3500,#3501,#3502,#3503),#3666,.T.);
#3868=ADVANCED_FACE('',(#3504),#3667,.T.);
#3869=ADVANCED_FACE('',(#3505),#3668,.T.);
#3870=ADVANCED_FACE('',(#3506),#3669,.T.);
#3871=ADVANCED_FACE('',(#3507),#3670,.T.);
#3872=ADVANCED_FACE('',(#3508),#3671,.T.);
#3873=ADVANCED_FACE('',(#3509),#3672,.T.);
#3874=ADVANCED_FACE('',(#3510),#3673,.T.);
#3875=ADVANCED_FACE('',(#3511),#3674,.T.);
#3876=ADVANCED_FACE('',(#3512),#3675,.T.);
#3877=ADVANCED_FACE('',(#3513),#3676,.T.);
#3878=ADVANCED_FACE('',(#3514),#3677,.T.);
#3879=ADVANCED_FACE('',(#3515),#3678,.T.);
#3880=ADVANCED_FACE('',(#3516),#3679,.T.);
#3881=ADVANCED_FACE('',(#3517,#3518),#127,.F.);
#3882=ADVANCED_FACE('',(#3519,#3520),#128,.F.);
#3883=ADVANCED_FACE('',(#3521,#3522),#129,.F.);
#3884=ADVANCED_FACE('',(#3523,#3524),#130,.F.);
#3885=ADVANCED_FACE('',(#3525,#3526),#131,.F.);
#3886=ADVANCED_FACE('',(#3527),#3680,.T.);
#3887=ADVANCED_FACE('',(#3528),#3681,.T.);
#3888=ADVANCED_FACE('',(#3529),#3682,.F.);
#3889=ADVANCED_FACE('',(#3530),#3683,.T.);
#3890=ADVANCED_FACE('',(#3531),#3684,.T.);
#3891=ADVANCED_FACE('',(#3532),#3685,.T.);
#3892=ADVANCED_FACE('',(#3533),#3686,.F.);
#3893=ADVANCED_FACE('',(#3534),#3687,.F.);
#3894=ADVANCED_FACE('',(#3535),#3688,.F.);
#3895=ADVANCED_FACE('',(#3536),#132,.T.);
#3896=ADVANCED_FACE('',(#3537),#133,.T.);
#3897=ADVANCED_FACE('',(#3538),#134,.T.);
#3898=CLOSED_SHELL('',(#3689,#3690,#3691,#3692,#3693,#3694,#3695,#3696,
#3697,#3698,#3699,#3700,#3701,#3702,#3703,#3704,#3705,#3706,#3707,#3708,
#3709,#3710,#3711,#3712,#3713,#3714,#3715,#3716,#3717,#3718,#3719,#3720,
#3721,#3722,#3723,#3724,#3725,#3726,#3727,#3728,#3729,#3730,#3731,#3732,
#3733,#3734,#3735,#3736,#3737,#3738,#3739,#3740,#3741,#3742,#3743,#3744,
#3745,#3746,#3747,#3748,#3749,#3750,#3751,#3752,#3753,#3754,#3755,#3756,
#3757,#3758,#3759,#3760,#3761,#3762,#3763,#3764,#3765,#3766,#3767,#3768,
#3769,#3770,#3771,#3772,#3773,#3774,#3775,#3776,#3777,#3778,#3779,#3780,
#3781,#3782));
#3899=CLOSED_SHELL('',(#3783,#3784,#3785,#3786,#3787,#3788,#3789,#3790,
#3791,#3792,#3793,#3794,#3795,#3796,#3797,#3798,#3799,#3800,#3801,#3802,
#3803,#3804,#3805,#3806,#3807,#3808,#3809,#3810,#3811,#3812,#3813,#3814));
#3900=CLOSED_SHELL('',(#3815,#3816,#3817,#3818,#3819,#3820,#3821,#3822,
#3823,#3824,#3825,#3826,#3827,#3828,#3829,#3830,#3831,#3832,#3833,#3834));
#3901=CLOSED_SHELL('',(#3835,#3836,#3837,#3838,#3839,#3840,#3841,#3842,
#3843,#3844,#3845,#3846,#3847,#3848,#3849,#3850,#3851,#3852,#3853,#3854,
#3855,#3856,#3857,#3858,#3859,#3860,#3861,#3862,#3863,#3864));
#3902=CLOSED_SHELL('',(#3865,#3866,#3867,#3868,#3869,#3870,#3871,#3872,
#3873,#3874,#3875,#3876,#3877,#3878,#3879,#3880,#3881,#3882,#3883,#3884,
#3885,#3886,#3887,#3888,#3889,#3890,#3891,#3892,#3893,#3894,#3895,#3896,
#3897));
#3903=STYLED_ITEM('',(#3908),#3940);
#3904=STYLED_ITEM('',(#3909),#3941);
#3905=STYLED_ITEM('',(#3910),#3942);
#3906=STYLED_ITEM('',(#3911),#3943);
#3907=STYLED_ITEM('',(#3912),#3944);
#3908=PRESENTATION_STYLE_ASSIGNMENT((#3913));
#3909=PRESENTATION_STYLE_ASSIGNMENT((#3914));
#3910=PRESENTATION_STYLE_ASSIGNMENT((#3915));
#3911=PRESENTATION_STYLE_ASSIGNMENT((#3916));
#3912=PRESENTATION_STYLE_ASSIGNMENT((#3917));
#3913=SURFACE_STYLE_USAGE(.BOTH.,#3918);
#3914=SURFACE_STYLE_USAGE(.BOTH.,#3919);
#3915=SURFACE_STYLE_USAGE(.BOTH.,#3920);
#3916=SURFACE_STYLE_USAGE(.BOTH.,#3921);
#3917=SURFACE_STYLE_USAGE(.BOTH.,#3922);
#3918=SURFACE_SIDE_STYLE('',(#3923));
#3919=SURFACE_SIDE_STYLE('',(#3924));
#3920=SURFACE_SIDE_STYLE('',(#3925));
#3921=SURFACE_SIDE_STYLE('',(#3926));
#3922=SURFACE_SIDE_STYLE('',(#3927));
#3923=SURFACE_STYLE_FILL_AREA(#3928);
#3924=SURFACE_STYLE_FILL_AREA(#3929);
#3925=SURFACE_STYLE_FILL_AREA(#3930);
#3926=SURFACE_STYLE_FILL_AREA(#3931);
#3927=SURFACE_STYLE_FILL_AREA(#3932);
#3928=FILL_AREA_STYLE('',(#3933));
#3929=FILL_AREA_STYLE('',(#3934));
#3930=FILL_AREA_STYLE('',(#3935));
#3931=FILL_AREA_STYLE('',(#3936));
#3932=FILL_AREA_STYLE('',(#3937));
#3933=FILL_AREA_STYLE_COLOUR('',#3938);
#3934=FILL_AREA_STYLE_COLOUR('',#3939);
#3935=FILL_AREA_STYLE_COLOUR('',#3938);
#3936=FILL_AREA_STYLE_COLOUR('',#3939);
#3937=FILL_AREA_STYLE_COLOUR('',#3938);
#3938=COLOUR_RGB('',0.569999992847443,0.569999992847443,0.569999992847443);
#3939=COLOUR_RGB('',0.699999988079071,0.699999988079071,0.699999988079071);
#3940=MANIFOLD_SOLID_BREP('',#3898);
#3941=MANIFOLD_SOLID_BREP('',#3899);
#3942=MANIFOLD_SOLID_BREP('',#3900);
#3943=MANIFOLD_SOLID_BREP('',#3901);
#3944=MANIFOLD_SOLID_BREP('',#3902);
#3945=SHAPE_DEFINITION_REPRESENTATION(#6650,#3953);
#3946=SHAPE_DEFINITION_REPRESENTATION(#6649,#3954);
#3947=SHAPE_DEFINITION_REPRESENTATION(#6652,#3955);
#3948=SHAPE_DEFINITION_REPRESENTATION(#6654,#3956);
#3949=SHAPE_DEFINITION_REPRESENTATION(#6648,#3957);
#3950=SHAPE_DEFINITION_REPRESENTATION(#6657,#3958);
#3951=SHAPE_DEFINITION_REPRESENTATION(#6659,#3959);
#3952=SHAPE_DEFINITION_REPRESENTATION(#6663,#3960);
#3953=SHAPE_REPRESENTATION('6914121200xxB',(#3961),#6631);
#3954=SHAPE_REPRESENTATION('6914121200xx_MODULE_COURT',(#3961,#4097,#4148,
#4178),#6630);
#3955=SHAPE_REPRESENTATION('6914121200xx',(#3961),#6632);
#3956=SHAPE_REPRESENTATION('6914121200xx_levier',(#3961),#6633);
#3957=SHAPE_REPRESENTATION('6914121200xxMB',(#3961,#4179,#4231,#4281,#4282,
#4283,#4284),#6629);
#3958=SHAPE_REPRESENTATION('6914121200xx_MODULE_LONG',(#3961,#4180,#4229,
#4230),#6634);
#3959=SHAPE_REPRESENTATION('6914121200xx_LONG',(#3961),#6635);
#3960=SHAPE_REPRESENTATION('6914121200xxB_CAPOT',(#3961),#6636);
#3961=AXIS2_PLACEMENT_3D('',#5338,#4285,#4286);
#3962=AXIS2_PLACEMENT_3D('',#5339,#4287,#4288);
#3963=AXIS2_PLACEMENT_3D('',#5348,#4293,#4294);
#3964=AXIS2_PLACEMENT_3D('',#5350,#4295,#4296);
#3965=AXIS2_PLACEMENT_3D('',#5352,#4297,#4298);
#3966=AXIS2_PLACEMENT_3D('',#5354,#4299,#4300);
#3967=AXIS2_PLACEMENT_3D('',#5356,#4301,#4302);
#3968=AXIS2_PLACEMENT_3D('',#5363,#4305,#4306);
#3969=AXIS2_PLACEMENT_3D('',#5367,#4308,#4309);
#3970=AXIS2_PLACEMENT_3D('',#5393,#4322,#4323);
#3971=AXIS2_PLACEMENT_3D('',#5400,#4327,#4328);
#3972=AXIS2_PLACEMENT_3D('',#5416,#4337,#4338);
#3973=AXIS2_PLACEMENT_3D('',#5419,#4340,#4341);
#3974=AXIS2_PLACEMENT_3D('',#5420,#4342,#4343);
#3975=AXIS2_PLACEMENT_3D('',#5428,#4344,#4345);
#3976=AXIS2_PLACEMENT_3D('',#5435,#4346,#4347);
#3977=AXIS2_PLACEMENT_3D('',#5443,#4352,#4353);
#3978=AXIS2_PLACEMENT_3D('',#5444,#4354,#4355);
#3979=AXIS2_PLACEMENT_3D('',#5466,#4361,#4362);
#3980=AXIS2_PLACEMENT_3D('',#5472,#4363,#4364);
#3981=AXIS2_PLACEMENT_3D('',#5485,#4369,#4370);
#3982=AXIS2_PLACEMENT_3D('',#5490,#4371,#4372);
#3983=AXIS2_PLACEMENT_3D('',#5495,#4373,#4374);
#3984=AXIS2_PLACEMENT_3D('',#5496,#4375,#4376);
#3985=AXIS2_PLACEMENT_3D('',#5505,#4377,#4378);
#3986=AXIS2_PLACEMENT_3D('',#5511,#4381,#4382);
#3987=AXIS2_PLACEMENT_3D('',#5513,#4384,#4385);
#3988=AXIS2_PLACEMENT_3D('',#5517,#4387,#4388);
#3989=AXIS2_PLACEMENT_3D('',#5520,#4390,#4391);
#3990=AXIS2_PLACEMENT_3D('',#5522,#4392,#4393);
#3991=AXIS2_PLACEMENT_3D('',#5532,#4398,#4399);
#3992=AXIS2_PLACEMENT_3D('',#5542,#4405,#4406);
#3993=AXIS2_PLACEMENT_3D('',#5546,#4409,#4410);
#3994=AXIS2_PLACEMENT_3D('',#5550,#4413,#4414);
#3995=AXIS2_PLACEMENT_3D('',#5551,#4415,#4416);
#3996=AXIS2_PLACEMENT_3D('',#5553,#4417,#4418);
#3997=AXIS2_PLACEMENT_3D('',#5563,#4423,#4424);
#3998=AXIS2_PLACEMENT_3D('',#5575,#4430,#4431);
#3999=AXIS2_PLACEMENT_3D('',#5586,#4437,#4438);
#4000=AXIS2_PLACEMENT_3D('',#5596,#4443,#4444);
#4001=AXIS2_PLACEMENT_3D('',#5597,#4445,#4446);
#4002=AXIS2_PLACEMENT_3D('',#5600,#4449,#4450);
#4003=AXIS2_PLACEMENT_3D('',#5602,#4452,#4453);
#4004=AXIS2_PLACEMENT_3D('',#5604,#4455,#4456);
#4005=AXIS2_PLACEMENT_3D('',#5606,#4458,#4459);
#4006=AXIS2_PLACEMENT_3D('',#5607,#4460,#4461);
#4007=AXIS2_PLACEMENT_3D('',#5624,#4472,#4473);
#4008=AXIS2_PLACEMENT_3D('',#5628,#4476,#4477);
#4009=AXIS2_PLACEMENT_3D('',#5632,#4480,#4481);
#4010=AXIS2_PLACEMENT_3D('',#5635,#4484,#4485);
#4011=AXIS2_PLACEMENT_3D('',#5638,#4487,#4488);
#4012=AXIS2_PLACEMENT_3D('',#5639,#4489,#4490);
#4013=AXIS2_PLACEMENT_3D('',#5640,#4491,#4492);
#4014=AXIS2_PLACEMENT_3D('',#5644,#4495,#4496);
#4015=AXIS2_PLACEMENT_3D('',#5648,#4499,#4500);
#4016=AXIS2_PLACEMENT_3D('',#5654,#4504,#4505);
#4017=AXIS2_PLACEMENT_3D('',#5658,#4508,#4509);
#4018=AXIS2_PLACEMENT_3D('',#5662,#4512,#4513);
#4019=AXIS2_PLACEMENT_3D('',#5665,#4515,#4516);
#4020=AXIS2_PLACEMENT_3D('',#5668,#4518,#4519);
#4021=AXIS2_PLACEMENT_3D('',#5672,#4522,#4523);
#4022=AXIS2_PLACEMENT_3D('',#5676,#4526,#4527);
#4023=AXIS2_PLACEMENT_3D('',#5678,#4529,#4530);
#4024=AXIS2_PLACEMENT_3D('',#5682,#4533,#4534);
#4025=AXIS2_PLACEMENT_3D('',#5685,#4536,#4537);
#4026=AXIS2_PLACEMENT_3D('',#5686,#4538,#4539);
#4027=AXIS2_PLACEMENT_3D('',#5690,#4542,#4543);
#4028=AXIS2_PLACEMENT_3D('',#5692,#4545,#4546);
#4029=AXIS2_PLACEMENT_3D('',#5696,#4549,#4550);
#4030=AXIS2_PLACEMENT_3D('',#5699,#4552,#4553);
#4031=AXIS2_PLACEMENT_3D('',#5700,#4554,#4555);
#4032=AXIS2_PLACEMENT_3D('',#5704,#4558,#4559);
#4033=AXIS2_PLACEMENT_3D('',#5705,#4560,#4561);
#4034=AXIS2_PLACEMENT_3D('',#5706,#4562,#4563);
#4035=AXIS2_PLACEMENT_3D('',#5712,#4567,#4568);
#4036=AXIS2_PLACEMENT_3D('',#5717,#4572,#4573);
#4037=AXIS2_PLACEMENT_3D('',#5719,#4575,#4576);
#4038=AXIS2_PLACEMENT_3D('',#5720,#4577,#4578);
#4039=AXIS2_PLACEMENT_3D('',#5724,#4581,#4582);
#4040=AXIS2_PLACEMENT_3D('',#5726,#4584,#4585);
#4041=AXIS2_PLACEMENT_3D('',#5730,#4587,#4588);
#4042=AXIS2_PLACEMENT_3D('',#5737,#4592,#4593);
#4043=AXIS2_PLACEMENT_3D('',#5738,#4594,#4595);
#4044=AXIS2_PLACEMENT_3D('',#5745,#4598,#4599);
#4045=AXIS2_PLACEMENT_3D('',#5750,#4602,#4603);
#4046=AXIS2_PLACEMENT_3D('',#5753,#4606,#4607);
#4047=AXIS2_PLACEMENT_3D('',#5755,#4609,#4610);
#4048=AXIS2_PLACEMENT_3D('',#5757,#4612,#4613);
#4049=AXIS2_PLACEMENT_3D('',#5759,#4615,#4616);
#4050=AXIS2_PLACEMENT_3D('',#5760,#4617,#4618);
#4051=AXIS2_PLACEMENT_3D('',#5761,#4619,#4620);
#4052=AXIS2_PLACEMENT_3D('',#5762,#4621,#4622);
#4053=AXIS2_PLACEMENT_3D('',#5763,#4623,#4624);
#4054=AXIS2_PLACEMENT_3D('',#5765,#4625,#4626);
#4055=AXIS2_PLACEMENT_3D('',#5766,#4627,#4628);
#4056=AXIS2_PLACEMENT_3D('',#5767,#4629,#4630);
#4057=AXIS2_PLACEMENT_3D('',#5769,#4631,#4632);
#4058=AXIS2_PLACEMENT_3D('',#5770,#4633,#4634);
#4059=AXIS2_PLACEMENT_3D('',#5771,#4635,#4636);
#4060=AXIS2_PLACEMENT_3D('',#5773,#4637,#4638);
#4061=AXIS2_PLACEMENT_3D('',#5774,#4639,#4640);
#4062=AXIS2_PLACEMENT_3D('',#5775,#4641,#4642);
#4063=AXIS2_PLACEMENT_3D('',#5777,#4643,#4644);
#4064=AXIS2_PLACEMENT_3D('',#5778,#4645,#4646);
#4065=AXIS2_PLACEMENT_3D('',#5779,#4647,#4648);
#4066=AXIS2_PLACEMENT_3D('',#5781,#4649,#4650);
#4067=AXIS2_PLACEMENT_3D('',#5782,#4651,#4652);
#4068=AXIS2_PLACEMENT_3D('',#5788,#4656,#4657);
#4069=AXIS2_PLACEMENT_3D('',#5792,#4660,#4661);
#4070=AXIS2_PLACEMENT_3D('',#5796,#4664,#4665);
#4071=AXIS2_PLACEMENT_3D('',#5798,#4667,#4668);
#4072=AXIS2_PLACEMENT_3D('',#5799,#4669,#4670);
#4073=AXIS2_PLACEMENT_3D('',#5838,#4671,#4672);
#4074=AXIS2_PLACEMENT_3D('',#5839,#4673,#4674);
#4075=AXIS2_PLACEMENT_3D('',#5841,#4675,#4676);
#4076=AXIS2_PLACEMENT_3D('',#5842,#4677,#4678);
#4077=AXIS2_PLACEMENT_3D('',#5843,#4679,#4680);
#4078=AXIS2_PLACEMENT_3D('',#5845,#4681,#4682);
#4079=AXIS2_PLACEMENT_3D('',#5846,#4683,#4684);
#4080=AXIS2_PLACEMENT_3D('',#5847,#4685,#4686);
#4081=AXIS2_PLACEMENT_3D('',#5849,#4687,#4688);
#4082=AXIS2_PLACEMENT_3D('',#5850,#4689,#4690);
#4083=AXIS2_PLACEMENT_3D('',#5851,#4691,#4692);
#4084=AXIS2_PLACEMENT_3D('',#5853,#4693,#4694);
#4085=AXIS2_PLACEMENT_3D('',#5854,#4695,#4696);
#4086=AXIS2_PLACEMENT_3D('',#5855,#4697,#4698);
#4087=AXIS2_PLACEMENT_3D('',#5857,#4699,#4700);
#4088=AXIS2_PLACEMENT_3D('',#5858,#4701,#4702);
#4089=AXIS2_PLACEMENT_3D('',#5864,#4706,#4707);
#4090=AXIS2_PLACEMENT_3D('',#5868,#4710,#4711);
#4091=AXIS2_PLACEMENT_3D('',#5872,#4714,#4715);
#4092=AXIS2_PLACEMENT_3D('',#5874,#4717,#4718);
#4093=AXIS2_PLACEMENT_3D('',#5878,#4721,#4722);
#4094=AXIS2_PLACEMENT_3D('',#5882,#4725,#4726);
#4095=AXIS2_PLACEMENT_3D('',#5884,#4728,#4729);
#4096=AXIS2_PLACEMENT_3D('',#5885,#4730,#4731);
#4097=AXIS2_PLACEMENT_3D('',#5886,#4732,#4733);
#4098=AXIS2_PLACEMENT_3D('',#5887,#4734,#4735);
#4099=AXIS2_PLACEMENT_3D('',#5896,#4740,#4741);
#4100=AXIS2_PLACEMENT_3D('',#5905,#4746,#4747);
#4101=AXIS2_PLACEMENT_3D('',#5914,#4752,#4753);
#4102=AXIS2_PLACEMENT_3D('',#5922,#4759,#4760);
#4103=AXIS2_PLACEMENT_3D('',#5930,#4766,#4767);
#4104=AXIS2_PLACEMENT_3D('',#5931,#4768,#4769);
#4105=AXIS2_PLACEMENT_3D('',#5939,#4773,#4774);
#4106=AXIS2_PLACEMENT_3D('',#5940,#4775,#4776);
#4107=AXIS2_PLACEMENT_3D('',#5946,#4780,#4781);
#4108=AXIS2_PLACEMENT_3D('',#5947,#4782,#4783);
#4109=AXIS2_PLACEMENT_3D('',#5952,#4786,#4787);
#4110=AXIS2_PLACEMENT_3D('',#5953,#4788,#4789);
#4111=AXIS2_PLACEMENT_3D('',#5955,#4791,#4792);
#4112=AXIS2_PLACEMENT_3D('',#5956,#4793,#4794);
#4113=AXIS2_PLACEMENT_3D('',#5958,#4796,#4797);
#4114=AXIS2_PLACEMENT_3D('',#5959,#4798,#4799);
#4115=AXIS2_PLACEMENT_3D('',#5960,#4800,#4801);
#4116=AXIS2_PLACEMENT_3D('',#5969,#4806,#4807);
#4117=AXIS2_PLACEMENT_3D('',#5979,#4813,#4814);
#4118=AXIS2_PLACEMENT_3D('',#5980,#4815,#4816);
#4119=AXIS2_PLACEMENT_3D('',#5982,#4817,#4818);
#4120=AXIS2_PLACEMENT_3D('',#5985,#4820,#4821);
#4121=AXIS2_PLACEMENT_3D('',#5986,#4822,#4823);
#4122=AXIS2_PLACEMENT_3D('',#5988,#4824,#4825);
#4123=AXIS2_PLACEMENT_3D('',#5991,#4827,#4828);
#4124=AXIS2_PLACEMENT_3D('',#5992,#4829,#4830);
#4125=AXIS2_PLACEMENT_3D('',#5994,#4831,#4832);
#4126=AXIS2_PLACEMENT_3D('',#5997,#4834,#4835);
#4127=AXIS2_PLACEMENT_3D('',#5998,#4836,#4837);
#4128=AXIS2_PLACEMENT_3D('',#6003,#4839,#4840);
#4129=AXIS2_PLACEMENT_3D('',#6006,#4842,#4843);
#4130=AXIS2_PLACEMENT_3D('',#6007,#4844,#4845);
#4131=AXIS2_PLACEMENT_3D('',#6009,#4846,#4847);
#4132=AXIS2_PLACEMENT_3D('',#6012,#4849,#4850);
#4133=AXIS2_PLACEMENT_3D('',#6013,#4851,#4852);
#4134=AXIS2_PLACEMENT_3D('',#6015,#4853,#4854);
#4135=AXIS2_PLACEMENT_3D('',#6018,#4856,#4857);
#4136=AXIS2_PLACEMENT_3D('',#6025,#4862,#4863);
#4137=AXIS2_PLACEMENT_3D('',#6029,#4866,#4867);
#4138=AXIS2_PLACEMENT_3D('',#6033,#4869,#4870);
#4139=AXIS2_PLACEMENT_3D('',#6036,#4872,#4873);
#4140=AXIS2_PLACEMENT_3D('',#6040,#4876,#4877);
#4141=AXIS2_PLACEMENT_3D('',#6042,#4879,#4880);
#4142=AXIS2_PLACEMENT_3D('',#6046,#4882,#4883);
#4143=AXIS2_PLACEMENT_3D('',#6049,#4885,#4886);
#4144=AXIS2_PLACEMENT_3D('',#6107,#4888,#4889);
#4145=AXIS2_PLACEMENT_3D('',#6108,#4890,#4891);
#4146=AXIS2_PLACEMENT_3D('',#6109,#4892,#4893);
#4147=AXIS2_PLACEMENT_3D('',#6110,#4894,#4895);
#4148=AXIS2_PLACEMENT_3D('',#6111,#4896,#4897);
#4149=AXIS2_PLACEMENT_3D('',#6112,#4898,#4899);
#4150=AXIS2_PLACEMENT_3D('',#6118,#4902,#4903);
#4151=AXIS2_PLACEMENT_3D('',#6129,#4909,#4910);
#4152=AXIS2_PLACEMENT_3D('',#6130,#4911,#4912);
#4153=AXIS2_PLACEMENT_3D('',#6133,#4913,#4914);
#4154=AXIS2_PLACEMENT_3D('',#6137,#4916,#4917);
#4155=AXIS2_PLACEMENT_3D('',#6145,#4922,#4923);
#4156=AXIS2_PLACEMENT_3D('',#6149,#4926,#4927);
#4157=AXIS2_PLACEMENT_3D('',#6156,#4931,#4932);
#4158=AXIS2_PLACEMENT_3D('',#6159,#4934,#4935);
#4159=AXIS2_PLACEMENT_3D('',#6174,#4943,#4944);
#4160=AXIS2_PLACEMENT_3D('',#6176,#4945,#4946);
#4161=AXIS2_PLACEMENT_3D('',#6177,#4947,#4948);
#4162=AXIS2_PLACEMENT_3D('',#6178,#4949,#4950);
#4163=AXIS2_PLACEMENT_3D('',#6179,#4951,#4952);
#4164=AXIS2_PLACEMENT_3D('',#6180,#4953,#4954);
#4165=AXIS2_PLACEMENT_3D('',#6192,#4956,#4957);
#4166=AXIS2_PLACEMENT_3D('',#6199,#4962,#4963);
#4167=AXIS2_PLACEMENT_3D('',#6203,#4966,#4967);
#4168=AXIS2_PLACEMENT_3D('',#6207,#4970,#4971);
#4169=AXIS2_PLACEMENT_3D('',#6211,#4974,#4975);
#4170=AXIS2_PLACEMENT_3D('',#6215,#4978,#4979);
#4171=AXIS2_PLACEMENT_3D('',#6217,#4981,#4982);
#4172=AXIS2_PLACEMENT_3D('',#6218,#4983,#4984);
#4173=AXIS2_PLACEMENT_3D('',#6220,#4986,#4987);
#4174=AXIS2_PLACEMENT_3D('',#6221,#4988,#4989);
#4175=AXIS2_PLACEMENT_3D('',#6223,#4991,#4992);
#4176=AXIS2_PLACEMENT_3D('',#6225,#4994,#4995);
#4177=AXIS2_PLACEMENT_3D('',#6227,#4997,#4998);
#4178=AXIS2_PLACEMENT_3D('',#6228,#4999,#5000);
#4179=AXIS2_PLACEMENT_3D('',#6229,#5001,#5002);
#4180=AXIS2_PLACEMENT_3D('',#6230,#5003,#5004);
#4181=AXIS2_PLACEMENT_3D('',#6231,#5005,#5006);
#4182=AXIS2_PLACEMENT_3D('',#6240,#5011,#5012);
#4183=AXIS2_PLACEMENT_3D('',#6249,#5017,#5018);
#4184=AXIS2_PLACEMENT_3D('',#6250,#5019,#5020);
#4185=AXIS2_PLACEMENT_3D('',#6259,#5024,#5025);
#4186=AXIS2_PLACEMENT_3D('',#6263,#5028,#5029);
#4187=AXIS2_PLACEMENT_3D('',#6269,#5033,#5034);
#4188=AXIS2_PLACEMENT_3D('',#6272,#5036,#5037);
#4189=AXIS2_PLACEMENT_3D('',#6277,#5040,#5041);
#4190=AXIS2_PLACEMENT_3D('',#6280,#5043,#5044);
#4191=AXIS2_PLACEMENT_3D('',#6283,#5047,#5048);
#4192=AXIS2_PLACEMENT_3D('',#6285,#5050,#5051);
#4193=AXIS2_PLACEMENT_3D('',#6286,#5052,#5053);
#4194=AXIS2_PLACEMENT_3D('',#6289,#5056,#5057);
#4195=AXIS2_PLACEMENT_3D('',#6291,#5059,#5060);
#4196=AXIS2_PLACEMENT_3D('',#6292,#5061,#5062);
#4197=AXIS2_PLACEMENT_3D('',#6293,#5063,#5064);
#4198=AXIS2_PLACEMENT_3D('',#6298,#5066,#5067);
#4199=AXIS2_PLACEMENT_3D('',#6301,#5069,#5070);
#4200=AXIS2_PLACEMENT_3D('',#6302,#5071,#5072);
#4201=AXIS2_PLACEMENT_3D('',#6307,#5074,#5075);
#4202=AXIS2_PLACEMENT_3D('',#6310,#5077,#5078);
#4203=AXIS2_PLACEMENT_3D('',#6311,#5079,#5080);
#4204=AXIS2_PLACEMENT_3D('',#6313,#5081,#5082);
#4205=AXIS2_PLACEMENT_3D('',#6316,#5084,#5085);
#4206=AXIS2_PLACEMENT_3D('',#6326,#5091,#5092);
#4207=AXIS2_PLACEMENT_3D('',#6332,#5096,#5097);
#4208=AXIS2_PLACEMENT_3D('',#6342,#5103,#5104);
#4209=AXIS2_PLACEMENT_3D('',#6343,#5105,#5106);
#4210=AXIS2_PLACEMENT_3D('',#6345,#5107,#5108);
#4211=AXIS2_PLACEMENT_3D('',#6348,#5110,#5111);
#4212=AXIS2_PLACEMENT_3D('',#6349,#5112,#5113);
#4213=AXIS2_PLACEMENT_3D('',#6350,#5114,#5115);
#4214=AXIS2_PLACEMENT_3D('',#6351,#5116,#5117);
#4215=AXIS2_PLACEMENT_3D('',#6352,#5118,#5119);
#4216=AXIS2_PLACEMENT_3D('',#6356,#5121,#5122);
#4217=AXIS2_PLACEMENT_3D('',#6357,#5123,#5124);
#4218=AXIS2_PLACEMENT_3D('',#6363,#5128,#5129);
#4219=AXIS2_PLACEMENT_3D('',#6365,#5131,#5132);
#4220=AXIS2_PLACEMENT_3D('',#6369,#5134,#5135);
#4221=AXIS2_PLACEMENT_3D('',#6372,#5137,#5138);
#4222=AXIS2_PLACEMENT_3D('',#6376,#5141,#5142);
#4223=AXIS2_PLACEMENT_3D('',#6378,#5144,#5145);
#4224=AXIS2_PLACEMENT_3D('',#6382,#5147,#5148);
#4225=AXIS2_PLACEMENT_3D('',#6439,#5149,#5150);
#4226=AXIS2_PLACEMENT_3D('',#6440,#5151,#5152);
#4227=AXIS2_PLACEMENT_3D('',#6441,#5153,#5154);
#4228=AXIS2_PLACEMENT_3D('',#6442,#5155,#5156);
#4229=AXIS2_PLACEMENT_3D('',#6443,#5157,#5158);
#4230=AXIS2_PLACEMENT_3D('',#6444,#5159,#5160);
#4231=AXIS2_PLACEMENT_3D('',#6445,#5161,#5162);
#4232=AXIS2_PLACEMENT_3D('',#6446,#5163,#5164);
#4233=AXIS2_PLACEMENT_3D('',#6450,#5166,#5167);
#4234=AXIS2_PLACEMENT_3D('',#6454,#5169,#5170);
#4235=AXIS2_PLACEMENT_3D('',#6480,#5183,#5184);
#4236=AXIS2_PLACEMENT_3D('',#6489,#5189,#5190);
#4237=AXIS2_PLACEMENT_3D('',#6491,#5191,#5192);
#4238=AXIS2_PLACEMENT_3D('',#6493,#5193,#5194);
#4239=AXIS2_PLACEMENT_3D('',#6495,#5195,#5196);
#4240=AXIS2_PLACEMENT_3D('',#6497,#5197,#5198);
#4241=AXIS2_PLACEMENT_3D('',#6507,#5203,#5204);
#4242=AXIS2_PLACEMENT_3D('',#6518,#5211,#5212);
#4243=AXIS2_PLACEMENT_3D('',#6519,#5213,#5214);
#4244=AXIS2_PLACEMENT_3D('',#6521,#5215,#5216);
#4245=AXIS2_PLACEMENT_3D('',#6526,#5218,#5219);
#4246=AXIS2_PLACEMENT_3D('',#6527,#5220,#5221);
#4247=AXIS2_PLACEMENT_3D('',#6553,#5234,#5235);
#4248=AXIS2_PLACEMENT_3D('',#6554,#5236,#5237);
#4249=AXIS2_PLACEMENT_3D('',#6556,#5238,#5239);
#4250=AXIS2_PLACEMENT_3D('',#6558,#5240,#5241);
#4251=AXIS2_PLACEMENT_3D('',#6560,#5242,#5243);
#4252=AXIS2_PLACEMENT_3D('',#6563,#5246,#5247);
#4253=AXIS2_PLACEMENT_3D('',#6566,#5250,#5251);
#4254=AXIS2_PLACEMENT_3D('',#6568,#5253,#5254);
#4255=AXIS2_PLACEMENT_3D('',#6570,#5256,#5257);
#4256=AXIS2_PLACEMENT_3D('',#6572,#5259,#5260);
#4257=AXIS2_PLACEMENT_3D('',#6574,#5262,#5263);
#4258=AXIS2_PLACEMENT_3D('',#6576,#5265,#5266);
#4259=AXIS2_PLACEMENT_3D('',#6578,#5268,#5269);
#4260=AXIS2_PLACEMENT_3D('',#6580,#5271,#5272);
#4261=AXIS2_PLACEMENT_3D('',#6582,#5274,#5275);
#4262=AXIS2_PLACEMENT_3D('',#6584,#5277,#5278);
#4263=AXIS2_PLACEMENT_3D('',#6586,#5280,#5281);
#4264=AXIS2_PLACEMENT_3D('',#6588,#5283,#5284);
#4265=AXIS2_PLACEMENT_3D('',#6589,#5285,#5286);
#4266=AXIS2_PLACEMENT_3D('',#6590,#5287,#5288);
#4267=AXIS2_PLACEMENT_3D('',#6591,#5289,#5290);
#4268=AXIS2_PLACEMENT_3D('',#6592,#5291,#5292);
#4269=AXIS2_PLACEMENT_3D('',#6593,#5293,#5294);
#4270=AXIS2_PLACEMENT_3D('',#6597,#5297,#5298);
#4271=AXIS2_PLACEMENT_3D('',#6601,#5301,#5302);
#4272=AXIS2_PLACEMENT_3D('',#6603,#5304,#5305);
#4273=AXIS2_PLACEMENT_3D('',#6609,#5309,#5310);
#4274=AXIS2_PLACEMENT_3D('',#6613,#5313,#5314);
#4275=AXIS2_PLACEMENT_3D('',#6617,#5317,#5318);
#4276=AXIS2_PLACEMENT_3D('',#6619,#5320,#5321);
#4277=AXIS2_PLACEMENT_3D('',#6620,#5322,#5323);
#4278=AXIS2_PLACEMENT_3D('',#6621,#5324,#5325);
#4279=AXIS2_PLACEMENT_3D('',#6622,#5326,#5327);
#4280=AXIS2_PLACEMENT_3D('',#6623,#5328,#5329);
#4281=AXIS2_PLACEMENT_3D('',#6624,#5330,#5331);
#4282=AXIS2_PLACEMENT_3D('',#6625,#5332,#5333);
#4283=AXIS2_PLACEMENT_3D('',#6626,#5334,#5335);
#4284=AXIS2_PLACEMENT_3D('',#6627,#5336,#5337);
#4285=DIRECTION('',(0.,0.,1.));
#4286=DIRECTION('',(1.,0.,0.));
#4287=DIRECTION('',(-1.,0.,0.));
#4288=DIRECTION('',(0.,0.,1.));
#4289=DIRECTION('',(0.,0.,1.));
#4290=DIRECTION('',(0.,1.,0.));
#4291=DIRECTION('',(0.,1.23908819712629E-16,-1.));
#4292=DIRECTION('',(0.,-1.,-1.54886024640786E-16));
#4293=DIRECTION('',(-1.,0.,0.));
#4294=DIRECTION('',(0.,1.,0.));
#4295=DIRECTION('',(-1.,0.,0.));
#4296=DIRECTION('',(0.,1.,0.));
#4297=DIRECTION('',(-1.,0.,0.));
#4298=DIRECTION('',(0.,1.,0.));
#4299=DIRECTION('',(-1.,0.,0.));
#4300=DIRECTION('',(0.,1.,0.));
#4301=DIRECTION('',(-1.,0.,0.));
#4302=DIRECTION('',(0.,1.,0.));
#4303=DIRECTION('',(0.,-1.35525271560688E-16,1.));
#4304=DIRECTION('',(0.,1.,0.));
#4305=DIRECTION('',(-1.,0.,0.));
#4306=DIRECTION('',(0.,0.,1.));
#4307=DIRECTION('',(0.,0.699294155463731,0.714834025585148));
#4308=DIRECTION('',(-1.,0.,0.));
#4309=DIRECTION('',(0.,0.,1.));
#4310=DIRECTION('',(0.,0.,1.));
#4311=DIRECTION('',(0.,-1.,0.));
#4312=DIRECTION('',(0.,0.,-1.));
#4313=DIRECTION('',(0.,-1.,0.));
#4314=DIRECTION('',(0.,3.77113799125393E-15,1.));
#4315=DIRECTION('',(0.,-1.,0.));
#4316=DIRECTION('',(0.,0.,-1.));
#4317=DIRECTION('',(0.,1.,0.));
#4318=DIRECTION('',(0.,0.,-1.));
#4319=DIRECTION('',(0.,-1.,0.));
#4320=DIRECTION('',(0.,0.,-1.));
#4321=DIRECTION('',(0.,0.485642931178633,-0.874157276121537));
#4322=DIRECTION('',(-1.,0.,0.));
#4323=DIRECTION('',(0.,0.,1.));
#4324=DIRECTION('',(0.,1.,0.));
#4325=DIRECTION('',(0.,0.,-1.));
#4326=DIRECTION('',(0.,-1.,0.));
#4327=DIRECTION('',(0.,0.,1.));
#4328=DIRECTION('',(1.,0.,0.));
#4329=DIRECTION('',(1.,0.,0.));
#4330=DIRECTION('',(0.,1.,0.));
#4331=DIRECTION('',(1.,0.,0.));
#4332=DIRECTION('',(-1.,0.,0.));
#4333=DIRECTION('',(0.,1.,2.98195924977377E-16));
#4334=DIRECTION('',(-1.,0.,0.));
#4335=DIRECTION('',(0.,1.,0.));
#4336=DIRECTION('',(-1.,0.,0.));
#4337=DIRECTION('',(0.,0.,1.));
#4338=DIRECTION('',(0.,-1.,0.));
#4339=DIRECTION('',(-1.,0.,0.));
#4340=DIRECTION('',(0.,-0.714834025585148,0.699294155463731));
#4341=DIRECTION('',(0.,-0.699294155463731,-0.714834025585148));
#4342=DIRECTION('',(0.,-0.714834025585148,0.699294155463731));
#4343=DIRECTION('',(0.,0.699294155463731,0.714834025585148));
#4344=DIRECTION('',(0.,0.714834025585148,-0.699294155463731));
#4345=DIRECTION('',(1.,0.,0.));
#4346=DIRECTION('',(0.,-0.714834025585148,0.699294155463731));
#4347=DIRECTION('',(0.,0.699294155463731,0.714834025585148));
#4348=DIRECTION('',(-1.,0.,0.));
#4349=DIRECTION('',(0.,0.699294155463731,0.714834025585148));
#4350=DIRECTION('',(-1.,0.,0.));
#4351=DIRECTION('',(-1.,0.,0.));
#4352=DIRECTION('',(0.,-0.367203006929352,0.93014082358643));
#4353=DIRECTION('',(0.,-0.93014082358643,-0.367203006929352));
#4354=DIRECTION('',(0.,-0.367203006929352,0.93014082358643));
#4355=DIRECTION('',(0.,-0.93014082358643,-0.367203006929352));
#4356=DIRECTION('',(-1.,0.,0.));
#4357=DIRECTION('',(0.,0.93014082358643,0.367203006929352));
#4358=DIRECTION('',(-1.,0.,0.));
#4359=DIRECTION('',(0.,0.93014082358643,0.367203006929352));
#4360=DIRECTION('',(-1.,0.,0.));
#4361=DIRECTION('',(0.,-0.707106781186548,0.707106781186548));
#4362=DIRECTION('',(0.,-0.707106781186548,-0.707106781186548));
#4363=DIRECTION('',(0.,-0.707106781186548,0.707106781186548));
#4364=DIRECTION('',(0.,0.707106781186548,0.707106781186548));
#4365=DIRECTION('',(0.,0.707106781186548,0.707106781186548));
#4366=DIRECTION('',(-1.,0.,0.));
#4367=DIRECTION('',(-1.,0.,0.));
#4368=DIRECTION('',(0.,0.707106781186548,0.707106781186548));
#4369=DIRECTION('',(-1.,0.,0.));
#4370=DIRECTION('',(0.,0.,1.));
#4371=DIRECTION('',(-1.,0.,0.));
#4372=DIRECTION('',(0.,0.,1.));
#4373=DIRECTION('',(-1.,0.,0.));
#4374=DIRECTION('',(0.,0.,1.));
#4375=DIRECTION('',(0.,-0.714834025585148,0.699294155463731));
#4376=DIRECTION('',(0.,-0.699294155463731,-0.714834025585148));
#4377=DIRECTION('',(-1.,0.,0.));
#4378=DIRECTION('',(0.,0.,1.));
#4379=DIRECTION('',(0.,-1.,0.));
#4380=DIRECTION('',(0.,0.,1.));
#4381=DIRECTION('',(-1.,0.,0.));
#4382=DIRECTION('',(0.,0.,1.));
#4383=DIRECTION('',(0.,3.7021537597066E-16,1.));
#4384=DIRECTION('',(-1.,0.,0.));
#4385=DIRECTION('',(0.,1.,0.));
#4386=DIRECTION('',(0.,-1.,0.));
#4387=DIRECTION('',(1.,0.,0.));
#4388=DIRECTION('',(0.,-1.,0.));
#4389=DIRECTION('',(0.,0.,1.));
#4390=DIRECTION('',(-1.,0.,0.));
#4391=DIRECTION('',(0.,0.,1.));
#4392=DIRECTION('',(-1.,0.,0.));
#4393=DIRECTION('',(0.,0.,1.));
#4394=DIRECTION('',(0.,1.,0.));
#4395=DIRECTION('',(0.,3.61400724161835E-17,1.));
#4396=DIRECTION('',(0.,-1.,0.));
#4397=DIRECTION('',(0.,0.,-1.));
#4398=DIRECTION('',(0.,1.,0.));
#4399=DIRECTION('',(0.,0.,1.));
#4400=DIRECTION('',(-1.,0.,0.));
#4401=DIRECTION('',(0.,0.,-1.));
#4402=DIRECTION('',(-1.,0.,0.));
#4403=DIRECTION('',(0.,0.,-1.));
#4404=DIRECTION('',(-1.,0.,0.));
#4405=DIRECTION('',(0.,0.,-1.));
#4406=DIRECTION('',(-1.,0.,0.));
#4407=DIRECTION('',(-1.,0.,0.));
#4408=DIRECTION('',(0.,1.,0.));
#4409=DIRECTION('',(0.,-1.,3.77113799125393E-15));
#4410=DIRECTION('',(0.,-3.77113799125393E-15,-1.));
#4411=DIRECTION('',(-1.,0.,0.));
#4412=DIRECTION('',(0.,0.,-1.));
#4413=DIRECTION('',(-1.,0.,0.));
#4414=DIRECTION('',(0.,0.,1.));
#4415=DIRECTION('',(-1.,0.,0.));
#4416=DIRECTION('',(0.,0.,1.));
#4417=DIRECTION('',(-1.,0.,0.));
#4418=DIRECTION('',(0.,0.,1.));
#4419=DIRECTION('',(0.,-1.,0.));
#4420=DIRECTION('',(0.,0.,-1.));
#4421=DIRECTION('',(0.,-0.752576694706877,0.658504607868519));
#4422=DIRECTION('',(0.,0.,-1.));
#4423=DIRECTION('',(1.,0.,0.));
#4424=DIRECTION('',(0.,-1.,0.));
#4425=DIRECTION('',(0.,0.,-1.));
#4426=DIRECTION('',(0.,1.,0.));
#4427=DIRECTION('',(0.,-2.16840434497101E-16,-1.));
#4428=DIRECTION('',(0.,-1.,0.));
#4429=DIRECTION('',(0.,0.,-1.));
#4430=DIRECTION('',(-1.,0.,0.));
#4431=DIRECTION('',(0.,0.,1.));
#4432=DIRECTION('',(0.,0.485642931178633,-0.874157276121537));
#4433=DIRECTION('',(0.,0.,-1.));
#4434=DIRECTION('',(0.,-1.,0.));
#4435=DIRECTION('',(0.,0.,-1.));
#4436=DIRECTION('',(0.,1.,0.));
#4437=DIRECTION('',(-1.,0.,0.));
#4438=DIRECTION('',(0.,0.,1.));
#4439=DIRECTION('',(0.,0.,1.));
#4440=DIRECTION('',(0.,-1.,0.));
#4441=DIRECTION('',(0.,0.,-1.));
#4442=DIRECTION('',(0.,-1.,0.));
#4443=DIRECTION('',(1.,0.,0.));
#4444=DIRECTION('',(0.,-1.,0.));
#4445=DIRECTION('',(0.,0.874157276121537,0.485642931178633));
#4446=DIRECTION('',(0.,-0.485642931178633,0.874157276121538));
#4447=DIRECTION('',(-1.,0.,0.));
#4448=DIRECTION('',(-1.,0.,0.));
#4449=DIRECTION('',(0.,1.,0.));
#4450=DIRECTION('',(0.,0.,1.));
#4451=DIRECTION('',(-1.,0.,0.));
#4452=DIRECTION('',(0.,0.,-1.));
#4453=DIRECTION('',(-1.,0.,0.));
#4454=DIRECTION('',(-1.,0.,0.));
#4455=DIRECTION('',(0.,1.,0.));
#4456=DIRECTION('',(0.,0.,1.));
#4457=DIRECTION('',(-1.,0.,0.));
#4458=DIRECTION('',(0.,0.,1.));
#4459=DIRECTION('',(1.,0.,0.));
#4460=DIRECTION('',(0.,0.,-1.));
#4461=DIRECTION('',(-1.,0.,0.));
#4462=DIRECTION('',(0.,-1.,0.));
#4463=DIRECTION('',(-1.,0.,0.));
#4464=DIRECTION('',(0.,1.,0.));
#4465=DIRECTION('',(-1.,0.,0.));
#4466=DIRECTION('',(-1.35525271560688E-16,-1.,0.));
#4467=DIRECTION('',(-1.,0.,0.));
#4468=DIRECTION('',(-1.,0.,0.));
#4469=DIRECTION('',(0.,-1.,0.));
#4470=DIRECTION('',(-1.,0.,0.));
#4471=DIRECTION('',(-1.,0.,0.));
#4472=DIRECTION('',(0.,1.,0.));
#4473=DIRECTION('',(0.,0.,1.));
#4474=DIRECTION('',(0.,0.,-1.));
#4475=DIRECTION('',(-1.,0.,0.));
#4476=DIRECTION('',(0.,0.,-1.));
#4477=DIRECTION('',(-1.,0.,0.));
#4478=DIRECTION('',(-1.35525271560688E-16,-1.,0.));
#4479=DIRECTION('',(-1.,0.,0.));
#4480=DIRECTION('',(0.,-1.,0.));
#4481=DIRECTION('',(0.,0.,-1.));
#4482=DIRECTION('',(0.,0.,-1.));
#4483=DIRECTION('',(-1.,0.,0.));
#4484=DIRECTION('',(-1.,0.,0.));
#4485=DIRECTION('',(0.,0.,1.));
#4486=DIRECTION('',(-1.,0.,0.));
#4487=DIRECTION('',(-1.,0.,0.));
#4488=DIRECTION('',(0.,-1.,0.));
#4489=DIRECTION('',(-1.,0.,0.));
#4490=DIRECTION('',(0.,0.,1.));
#4491=DIRECTION('',(0.,1.,0.));
#4492=DIRECTION('',(0.,0.,1.));
#4493=DIRECTION('',(-1.,0.,0.));
#4494=DIRECTION('',(0.,0.,-1.));
#4495=DIRECTION('',(0.,0.,-1.));
#4496=DIRECTION('',(-1.,0.,0.));
#4497=DIRECTION('',(-1.,0.,0.));
#4498=DIRECTION('',(0.,-1.,8.26058798084193E-16));
#4499=DIRECTION('',(0.,1.,-2.16840434497101E-16));
#4500=DIRECTION('',(0.,2.16840434497101E-16,1.));
#4501=DIRECTION('',(-1.,0.,0.));
#4502=DIRECTION('',(-1.,0.,0.));
#4503=DIRECTION('',(0.,-2.16840434497101E-16,-1.));
#4504=DIRECTION('',(0.,0.,1.));
#4505=DIRECTION('',(1.,0.,0.));
#4506=DIRECTION('',(-1.,0.,0.));
#4507=DIRECTION('',(0.,1.,0.));
#4508=DIRECTION('',(0.,1.,0.));
#4509=DIRECTION('',(0.,0.,1.));
#4510=DIRECTION('',(-1.,0.,0.));
#4511=DIRECTION('',(0.,0.,-1.));
#4512=DIRECTION('',(-1.,0.,0.));
#4513=DIRECTION('',(0.,0.,1.));
#4514=DIRECTION('',(-1.,0.,0.));
#4515=DIRECTION('',(1.,0.,0.));
#4516=DIRECTION('',(0.,-1.,0.));
#4517=DIRECTION('',(-1.,0.,0.));
#4518=DIRECTION('',(0.,1.,0.));
#4519=DIRECTION('',(0.,0.,1.));
#4520=DIRECTION('',(-1.,0.,0.));
#4521=DIRECTION('',(0.,-2.61253535538676E-16,-1.));
#4522=DIRECTION('',(0.,-0.658504607868519,-0.752576694706877));
#4523=DIRECTION('',(0.,0.752576694706877,-0.658504607868519));
#4524=DIRECTION('',(-1.,0.,0.));
#4525=DIRECTION('',(0.,-0.752576694706877,0.658504607868519));
#4526=DIRECTION('',(0.,1.,0.));
#4527=DIRECTION('',(0.,0.,1.));
#4528=DIRECTION('',(0.,0.,-1.));
#4529=DIRECTION('',(0.,-1.,0.));
#4530=DIRECTION('',(0.,0.,-1.));
#4531=DIRECTION('',(-1.,0.,0.));
#4532=DIRECTION('',(0.,0.,1.));
#4533=DIRECTION('',(-1.,0.,0.));
#4534=DIRECTION('',(0.,0.,1.));
#4535=DIRECTION('',(-1.,0.,0.));
#4536=DIRECTION('',(1.,0.,0.));
#4537=DIRECTION('',(0.,-1.,0.));
#4538=DIRECTION('',(0.,0.,-1.));
#4539=DIRECTION('',(-1.,0.,0.));
#4540=DIRECTION('',(-1.,0.,0.));
#4541=DIRECTION('',(0.,-1.,-1.12644381556936E-16));
#4542=DIRECTION('',(0.,1.,0.));
#4543=DIRECTION('',(0.,0.,1.));
#4544=DIRECTION('',(0.,0.,-1.));
#4545=DIRECTION('',(0.,-1.,0.));
#4546=DIRECTION('',(0.,0.,-1.));
#4547=DIRECTION('',(-1.,0.,0.));
#4548=DIRECTION('',(0.,1.97127667724637E-16,1.));
#4549=DIRECTION('',(-1.,0.,0.));
#4550=DIRECTION('',(0.,0.,1.));
#4551=DIRECTION('',(-1.,0.,0.));
#4552=DIRECTION('',(1.,0.,0.));
#4553=DIRECTION('',(0.,-1.,0.));
#4554=DIRECTION('',(0.,0.,-1.));
#4555=DIRECTION('',(-1.,0.,0.));
#4556=DIRECTION('',(-1.,0.,0.));
#4557=DIRECTION('',(0.,-1.,-6.19544098563146E-16));
#4558=DIRECTION('',(-1.,0.,0.));
#4559=DIRECTION('',(0.,0.,1.));
#4560=DIRECTION('',(-1.,0.,0.));
#4561=DIRECTION('',(0.,1.,0.));
#4562=DIRECTION('',(0.,-1.,3.7021537597066E-16));
#4563=DIRECTION('',(0.,-3.7021537597066E-16,-1.));
#4564=DIRECTION('',(0.,2.93027614185271E-16,1.));
#4565=DIRECTION('',(-1.,0.,0.));
#4566=DIRECTION('',(0.,3.7021537597066E-16,1.));
#4567=DIRECTION('',(1.,0.,0.));
#4568=DIRECTION('',(0.,0.,-1.));
#4569=DIRECTION('',(0.,0.,1.));
#4570=DIRECTION('',(0.,0.785269165627778,-0.619154534437287));
#4571=DIRECTION('',(0.,-0.93157761948506,0.363542485652706));
#4572=DIRECTION('',(0.,-0.363542485652706,-0.93157761948506));
#4573=DIRECTION('',(0.,0.93157761948506,-0.363542485652706));
#4574=DIRECTION('',(0.,-0.93157761948506,0.363542485652706));
#4575=DIRECTION('',(-1.,0.,0.));
#4576=DIRECTION('',(0.,0.,1.));
#4577=DIRECTION('',(0.,0.619154534437287,0.785269165627778));
#4578=DIRECTION('',(0.,-0.785269165627778,0.619154534437287));
#4579=DIRECTION('',(-1.,0.,0.));
#4580=DIRECTION('',(0.,0.785269165627778,-0.619154534437287));
#4581=DIRECTION('',(0.,-1.,0.));
#4582=DIRECTION('',(0.,0.,-1.));
#4583=DIRECTION('',(0.,0.,1.));
#4584=DIRECTION('',(1.,0.,0.));
#4585=DIRECTION('',(0.,0.,-1.));
#4586=DIRECTION('',(0.,-1.,1.60622544071927E-16));
#4587=DIRECTION('',(1.,0.,0.));
#4588=DIRECTION('',(0.,1.,0.));
#4589=DIRECTION('',(0.,1.,-3.40141858034668E-16));
#4590=DIRECTION('',(0.,9.29316147844718E-16,1.));
#4591=DIRECTION('',(0.,-0.959568981650145,0.28147356795071));
#4592=DIRECTION('',(-1.,0.,0.));
#4593=DIRECTION('',(0.,0.,1.));
#4594=DIRECTION('',(-1.,0.,0.));
#4595=DIRECTION('',(0.,0.,1.));
#4596=DIRECTION('',(0.,6.19544098563145E-16,1.));
#4597=DIRECTION('',(0.,1.,-8.5035464508667E-17));
#4598=DIRECTION('',(1.,0.,0.));
#4599=DIRECTION('',(0.,1.,0.));
#4600=DIRECTION('',(0.,-1.,1.60622544071927E-16));
#4601=DIRECTION('',(0.,-0.959568981650146,0.28147356795071));
#4602=DIRECTION('',(0.,-0.28147356795071,-0.959568981650145));
#4603=DIRECTION('',(0.,0.959568981650145,-0.28147356795071));
#4604=DIRECTION('',(-1.,0.,0.));
#4605=DIRECTION('',(-1.,0.,0.));
#4606=DIRECTION('',(0.,-1.,6.19544098563145E-16));
#4607=DIRECTION('',(0.,-6.19544098563145E-16,-1.));
#4608=DIRECTION('',(-1.,0.,0.));
#4609=DIRECTION('',(0.,8.5035464508667E-17,1.));
#4610=DIRECTION('',(0.,-1.,8.5035464508667E-17));
#4611=DIRECTION('',(-1.,0.,0.));
#4612=DIRECTION('',(-1.,0.,0.));
#4613=DIRECTION('',(0.,0.,1.));
#4614=DIRECTION('',(-1.,0.,0.));
#4615=DIRECTION('',(0.,-1.60622544071927E-16,-1.));
#4616=DIRECTION('',(0.,1.,-1.60622544071927E-16));
#4617=DIRECTION('',(-1.,0.,0.));
#4618=DIRECTION('',(0.,0.,1.));
#4619=DIRECTION('',(1.,-1.35525271560688E-16,0.));
#4620=DIRECTION('',(1.35525271560688E-16,1.,0.));
#4621=DIRECTION('',(1.,0.,0.));
#4622=DIRECTION('',(0.,0.,-1.));
#4623=DIRECTION('',(1.,0.,0.));
#4624=DIRECTION('',(0.,-1.,0.));
#4625=DIRECTION('',(1.,0.,0.));
#4626=DIRECTION('',(0.,0.,-1.));
#4627=DIRECTION('',(1.,0.,0.));
#4628=DIRECTION('',(0.,0.,-1.));
#4629=DIRECTION('',(1.,0.,0.));
#4630=DIRECTION('',(0.,-1.,0.));
#4631=DIRECTION('',(1.,0.,0.));
#4632=DIRECTION('',(0.,0.,-1.));
#4633=DIRECTION('',(1.,0.,0.));
#4634=DIRECTION('',(0.,0.,-1.));
#4635=DIRECTION('',(1.,0.,0.));
#4636=DIRECTION('',(0.,-1.,0.));
#4637=DIRECTION('',(1.,0.,0.));
#4638=DIRECTION('',(0.,0.,-1.));
#4639=DIRECTION('',(1.,0.,0.));
#4640=DIRECTION('',(0.,0.,-1.));
#4641=DIRECTION('',(1.,0.,0.));
#4642=DIRECTION('',(0.,-1.,0.));
#4643=DIRECTION('',(1.,0.,0.));
#4644=DIRECTION('',(0.,0.,-1.));
#4645=DIRECTION('',(1.,0.,0.));
#4646=DIRECTION('',(0.,0.,-1.));
#4647=DIRECTION('',(1.,0.,0.));
#4648=DIRECTION('',(0.,-1.,0.));
#4649=DIRECTION('',(1.,0.,0.));
#4650=DIRECTION('',(0.,0.,-1.));
#4651=DIRECTION('',(0.,-1.,3.61400724161835E-17));
#4652=DIRECTION('',(0.,-3.61400724161835E-17,-1.));
#4653=DIRECTION('',(-1.,0.,0.));
#4654=DIRECTION('',(0.,3.61400724161835E-17,1.));
#4655=DIRECTION('',(-1.,0.,0.));
#4656=DIRECTION('',(0.,0.,-1.));
#4657=DIRECTION('',(-1.,0.,0.));
#4658=DIRECTION('',(0.,-1.,0.));
#4659=DIRECTION('',(-1.,0.,0.));
#4660=DIRECTION('',(0.,1.,0.));
#4661=DIRECTION('',(0.,0.,1.));
#4662=DIRECTION('',(0.,0.,-1.));
#4663=DIRECTION('',(-1.,0.,0.));
#4664=DIRECTION('',(0.,0.,1.));
#4665=DIRECTION('',(1.,0.,0.));
#4666=DIRECTION('',(0.,1.,0.));
#4667=DIRECTION('',(1.,0.,0.));
#4668=DIRECTION('',(0.,0.,-1.));
#4669=DIRECTION('',(0.,-0.342020143325669,0.939692620785908));
#4670=DIRECTION('',(0.,-0.939692620785908,-0.342020143325669));
#4671=DIRECTION('',(1.,0.,0.));
#4672=DIRECTION('',(0.,0.,-1.));
#4673=DIRECTION('',(-1.,0.,0.));
#4674=DIRECTION('',(0.,1.,0.));
#4675=DIRECTION('',(-1.,0.,0.));
#4676=DIRECTION('',(0.,0.,1.));
#4677=DIRECTION('',(1.,0.,0.));
#4678=DIRECTION('',(0.,0.,-1.));
#4679=DIRECTION('',(-1.,0.,0.));
#4680=DIRECTION('',(0.,1.,0.));
#4681=DIRECTION('',(-1.,0.,0.));
#4682=DIRECTION('',(0.,0.,1.));
#4683=DIRECTION('',(1.,0.,0.));
#4684=DIRECTION('',(0.,0.,-1.));
#4685=DIRECTION('',(-1.,0.,0.));
#4686=DIRECTION('',(0.,1.,0.));
#4687=DIRECTION('',(-1.,0.,0.));
#4688=DIRECTION('',(0.,0.,1.));
#4689=DIRECTION('',(1.,0.,0.));
#4690=DIRECTION('',(0.,0.,-1.));
#4691=DIRECTION('',(-1.,0.,0.));
#4692=DIRECTION('',(0.,1.,0.));
#4693=DIRECTION('',(-1.,0.,0.));
#4694=DIRECTION('',(0.,0.,1.));
#4695=DIRECTION('',(1.,0.,0.));
#4696=DIRECTION('',(0.,0.,-1.));
#4697=DIRECTION('',(-1.,0.,0.));
#4698=DIRECTION('',(0.,1.,0.));
#4699=DIRECTION('',(-1.,0.,0.));
#4700=DIRECTION('',(0.,0.,1.));
#4701=DIRECTION('',(0.,1.,0.));
#4702=DIRECTION('',(0.,0.,1.));
#4703=DIRECTION('',(-0.707106781186548,0.,0.707106781186547));
#4704=DIRECTION('',(0.,0.,1.));
#4705=DIRECTION('',(1.,0.,0.));
#4706=DIRECTION('',(0.,0.,-1.));
#4707=DIRECTION('',(-1.,0.,0.));
#4708=DIRECTION('',(0.,1.,0.));
#4709=DIRECTION('',(1.,0.,0.));
#4710=DIRECTION('',(0.,-1.,-1.23908819712629E-16));
#4711=DIRECTION('',(0.,1.23908819712629E-16,-1.));
#4712=DIRECTION('',(0.,1.23908819712629E-16,-1.));
#4713=DIRECTION('',(0.707106781186548,8.76167666676214E-17,-0.707106781186547));
#4714=DIRECTION('',(-1.,0.,0.));
#4715=DIRECTION('',(0.,0.,1.));
#4716=DIRECTION('',(0.,1.,1.54886024640786E-16));
#4717=DIRECTION('',(0.,1.,1.35525271560688E-16));
#4718=DIRECTION('',(0.,-1.35525271560688E-16,1.));
#4719=DIRECTION('',(-0.554700196225229,-1.12763842092287E-16,0.832050294337844));
#4720=DIRECTION('',(0.,-1.35525271560688E-16,1.));
#4721=DIRECTION('',(0.,-1.,0.));
#4722=DIRECTION('',(0.,0.,-1.));
#4723=DIRECTION('',(0.,0.,-1.));
#4724=DIRECTION('',(0.554700196225229,0.,-0.832050294337844));
#4725=DIRECTION('',(-1.,0.,0.));
#4726=DIRECTION('',(0.,0.,1.));
#4727=DIRECTION('',(0.,1.,0.));
#4728=DIRECTION('',(-0.707106781186547,1.09520958334527E-16,-0.707106781186548));
#4729=DIRECTION('',(0.,-1.,-1.54886024640786E-16));
#4730=DIRECTION('',(-0.832050294337844,0.,-0.554700196225229));
#4731=DIRECTION('',(0.,-1.,0.));
#4732=DIRECTION('',(0.,0.,1.));
#4733=DIRECTION('',(1.,0.,0.));
#4734=DIRECTION('',(-1.27553196763E-16,0.956304755963035,0.292371704722737));
#4735=DIRECTION('',(0.,-0.292371704722737,0.956304755963035));
#4736=DIRECTION('',(1.,1.21979728702746E-16,3.72929455804331E-17));
#4737=DIRECTION('',(1.72563323017096E-31,0.292371704722737,-0.956304755963035));
#4738=DIRECTION('',(-1.,-1.21979728702746E-16,-3.72929455804331E-17));
#4739=DIRECTION('',(0.,-0.292371704722737,0.956304755963035));
#4740=DIRECTION('',(-1.27553196763E-16,0.956304755963035,0.292371704722737));
#4741=DIRECTION('',(0.,-0.292371704722737,0.956304755963035));
#4742=DIRECTION('',(-1.,-1.21979728702746E-16,-3.72929455804331E-17));
#4743=DIRECTION('',(1.72563323017096E-31,0.292371704722737,-0.956304755963035));
#4744=DIRECTION('',(1.,1.21979728702746E-16,3.72929455804331E-17));
#4745=DIRECTION('',(0.,-0.292371704722737,0.956304755963035));
#4746=DIRECTION('',(0.,-0.956304755963035,-0.292371704722737));
#4747=DIRECTION('',(-1.,0.,0.));
#4748=DIRECTION('',(1.,0.,0.));
#4749=DIRECTION('',(0.,-0.292371704722737,0.956304755963035));
#4750=DIRECTION('',(-1.,0.,0.));
#4751=DIRECTION('',(0.,0.292371704722737,-0.956304755963035));
#4752=DIRECTION('',(0.,0.292371704722737,-0.956304755963035));
#4753=DIRECTION('',(0.,0.956304755963035,0.292371704722737));
#4754=DIRECTION('',(0.,0.956304755963035,0.292371704722737));
#4755=DIRECTION('',(0.,0.956304755963035,0.292371704722737));
#4756=DIRECTION('',(1.,0.,0.));
#4757=DIRECTION('',(0.,0.956304755963035,0.292371704722737));
#4758=DIRECTION('',(-1.,4.85573589541853E-16,1.48454744428959E-16));
#4759=DIRECTION('',(0.,0.292371704722737,-0.956304755963035));
#4760=DIRECTION('',(0.,0.956304755963035,0.292371704722737));
#4761=DIRECTION('',(0.,-0.956304755963035,-0.292371704722737));
#4762=DIRECTION('',(1.,-6.96501465802253E-16,-2.12941867776679E-16));
#4763=DIRECTION('',(0.,-0.956304755963035,-0.292371704722737));
#4764=DIRECTION('',(-1.,0.,0.));
#4765=DIRECTION('',(0.,-0.956304755963035,-0.292371704722737));
#4766=DIRECTION('',(1.,0.,0.));
#4767=DIRECTION('',(0.,1.,0.));
#4768=DIRECTION('',(1.,0.,0.));
#4769=DIRECTION('',(0.,1.,0.));
#4770=DIRECTION('',(0.,1.,0.));
#4771=DIRECTION('',(0.,0.,1.));
#4772=DIRECTION('',(0.,1.,0.));
#4773=DIRECTION('',(-1.,0.,0.));
#4774=DIRECTION('',(0.,0.,1.));
#4775=DIRECTION('',(0.,1.,0.));
#4776=DIRECTION('',(-1.,0.,0.));
#4777=DIRECTION('',(0.,0.,1.));
#4778=DIRECTION('',(1.,0.,0.));
#4779=DIRECTION('',(-1.,0.,0.));
#4780=DIRECTION('',(1.,0.,0.));
#4781=DIRECTION('',(0.,-0.956304755963035,-0.292371704722737));
#4782=DIRECTION('',(-1.,0.,0.));
#4783=DIRECTION('',(0.,0.,1.));
#4784=DIRECTION('',(0.,1.,0.));
#4785=DIRECTION('',(0.,1.,0.));
#4786=DIRECTION('',(1.,0.,0.));
#4787=DIRECTION('',(0.,1.,0.));
#4788=DIRECTION('',(-1.,0.,0.));
#4789=DIRECTION('',(0.,0.,1.));
#4790=DIRECTION('',(-1.,0.,0.));
#4791=DIRECTION('',(0.,0.,1.));
#4792=DIRECTION('',(1.,0.,0.));
#4793=DIRECTION('',(-1.,0.,0.));
#4794=DIRECTION('',(0.,0.,1.));
#4795=DIRECTION('',(-1.,0.,0.));
#4796=DIRECTION('',(0.,0.,1.));
#4797=DIRECTION('',(1.,0.,0.));
#4798=DIRECTION('',(-1.,0.,0.));
#4799=DIRECTION('',(0.,0.,1.));
#4800=DIRECTION('',(0.,-0.292371704722687,0.956304755963051));
#4801=DIRECTION('',(1.,0.,0.));
#4802=DIRECTION('',(1.,0.,0.));
#4803=DIRECTION('',(-8.46867831223214E-17,0.956304755963051,0.292371704722687));
#4804=DIRECTION('',(1.,0.,0.));
#4805=DIRECTION('',(0.,-0.956304755963051,-0.292371704722687));
#4806=DIRECTION('',(0.,0.956304755963051,0.292371704722687));
#4807=DIRECTION('',(0.,-0.292371704722687,0.956304755963051));
#4808=DIRECTION('',(1.59272674283175E-16,-0.292371704722687,0.956304755963051));
#4809=DIRECTION('',(-0.294085848837523,-0.279442738118197,0.914016011690451));
#4810=DIRECTION('',(0.294085848837523,-0.279442738118197,0.914016011690451));
#4811=DIRECTION('',(1.59272674283175E-16,-0.292371704722687,0.956304755963051));
#4812=DIRECTION('',(1.,0.,0.));
#4813=DIRECTION('',(1.,0.,0.));
#4814=DIRECTION('',(0.,0.,-1.));
#4815=DIRECTION('',(-1.,-1.27553196763001E-16,1.27553196763E-16));
#4816=DIRECTION('',(-1.27553196763001E-16,1.,0.));
#4817=DIRECTION('',(-1.,-1.27553196763001E-16,1.27553196763E-16));
#4818=DIRECTION('',(-1.27553196763001E-16,1.,0.));
#4819=DIRECTION('',(1.,0.,0.));
#4820=DIRECTION('',(1.,0.,0.));
#4821=DIRECTION('',(0.,0.,-1.));
#4822=DIRECTION('',(1.,1.27553196763001E-16,-1.27553196763E-16));
#4823=DIRECTION('',(1.27553196763001E-16,-1.,0.));
#4824=DIRECTION('',(1.,1.27553196763001E-16,-1.27553196763E-16));
#4825=DIRECTION('',(1.27553196763001E-16,-1.,0.));
#4826=DIRECTION('',(1.,0.,0.));
#4827=DIRECTION('',(1.,0.,0.));
#4828=DIRECTION('',(0.,0.,-1.));
#4829=DIRECTION('',(-1.,-1.27553196763001E-16,1.27553196763E-16));
#4830=DIRECTION('',(-1.27553196763001E-16,1.,0.));
#4831=DIRECTION('',(-1.,-1.27553196763001E-16,1.27553196763E-16));
#4832=DIRECTION('',(-1.27553196763001E-16,1.,0.));
#4833=DIRECTION('',(1.,0.,0.));
#4834=DIRECTION('',(1.,0.,0.));
#4835=DIRECTION('',(0.,0.,-1.));
#4836=DIRECTION('',(1.,0.,0.));
#4837=DIRECTION('',(0.,0.,-1.));
#4838=DIRECTION('',(1.,0.,0.));
#4839=DIRECTION('',(1.,0.,0.));
#4840=DIRECTION('',(0.,0.,-1.));
#4841=DIRECTION('',(1.,0.,0.));
#4842=DIRECTION('',(1.,0.,0.));
#4843=DIRECTION('',(0.,0.,-1.));
#4844=DIRECTION('',(1.,0.,0.));
#4845=DIRECTION('',(0.,0.,-1.));
#4846=DIRECTION('',(1.,0.,0.));
#4847=DIRECTION('',(0.,0.,-1.));
#4848=DIRECTION('',(1.,0.,0.));
#4849=DIRECTION('',(1.,0.,0.));
#4850=DIRECTION('',(0.,0.,-1.));
#4851=DIRECTION('',(1.,0.,0.));
#4852=DIRECTION('',(0.,0.,-1.));
#4853=DIRECTION('',(1.,0.,0.));
#4854=DIRECTION('',(0.,0.,-1.));
#4855=DIRECTION('',(1.,0.,0.));
#4856=DIRECTION('',(0.,0.956304755963051,0.292371704722687));
#4857=DIRECTION('',(0.,-0.292371704722687,0.956304755963051));
#4858=DIRECTION('',(0.294085848837523,0.279442738118197,-0.914016011690451));
#4859=DIRECTION('',(0.,-0.292371704722687,0.956304755963051));
#4860=DIRECTION('',(0.,-0.292371704722687,0.956304755963051));
#4861=DIRECTION('',(-0.294085848837523,0.279442738118197,-0.914016011690451));
#4862=DIRECTION('',(-1.,-4.65668232959132E-17,1.52313215911954E-16));
#4863=DIRECTION('',(1.59272674283175E-16,-0.292371704722687,0.956304755963051));
#4864=DIRECTION('',(-6.16297582203916E-33,0.956304755963051,0.292371704722687));
#4865=DIRECTION('',(0.,-0.292371704722757,0.956304755963029));
#4866=DIRECTION('',(1.,-6.96501465802253E-16,-2.12941867776679E-16));
#4867=DIRECTION('',(0.,-0.292371704722737,0.956304755963036));
#4868=DIRECTION('',(-5.42101086242752E-16,-0.697132115454605,0.716942685018675));
#4869=DIRECTION('',(1.,-6.96501465802253E-16,-2.12941867776679E-16));
#4870=DIRECTION('',(6.96501465802253E-16,1.,0.));
#4871=DIRECTION('',(1.59272674283181E-16,-0.292371704722757,0.956304755963029));
#4872=DIRECTION('',(0.,0.956304755963029,0.292371704722757));
#4873=DIRECTION('',(0.,-0.292371704722757,0.956304755963029));
#4874=DIRECTION('',(1.59272674283181E-16,-0.292371704722757,0.956304755963029));
#4875=DIRECTION('',(1.,0.,0.));
#4876=DIRECTION('',(-1.,-1.27553196763001E-16,1.27553196763E-16));
#4877=DIRECTION('',(1.27553196763001E-16,-1.,0.));
#4878=DIRECTION('',(-8.46867831223214E-17,0.956304755963051,0.292371704722687));
#4879=DIRECTION('',(1.,-6.96501465802253E-16,-2.12941867776679E-16));
#4880=DIRECTION('',(6.96501465802253E-16,1.,0.));
#4881=DIRECTION('',(3.32886425835255E-16,0.697132115454606,-0.716942685018675));
#4882=DIRECTION('',(-1.,6.96501465802253E-16,2.12941867776679E-16));
#4883=DIRECTION('',(0.,-0.292371704722737,0.956304755963036));
#4884=DIRECTION('',(0.,-0.292371704722757,0.956304755963029));
#4885=DIRECTION('',(0.,0.956304755963029,0.292371704722757));
#4886=DIRECTION('',(0.,-0.292371704722757,0.956304755963029));
#4887=DIRECTION('',(1.,0.,0.));
#4888=DIRECTION('',(1.,-6.96501465802253E-16,-2.12941867776679E-16));
#4889=DIRECTION('',(0.,-0.292371704722737,0.956304755963036));
#4890=DIRECTION('',(1.,-6.96501465802253E-16,-2.12941867776679E-16));
#4891=DIRECTION('',(0.,-0.292371704722737,0.956304755963036));
#4892=DIRECTION('',(0.95577900872195,-0.085982380959445,0.281235695904754));
#4893=DIRECTION('',(8.46867831223214E-17,-0.956304755963051,-0.292371704722687));
#4894=DIRECTION('',(0.95577900872195,0.0859823809594451,-0.281235695904754));
#4895=DIRECTION('',(0.,0.956304755963051,0.292371704722687));
#4896=DIRECTION('',(1.09618095949412E-16,0.292371704722737,-0.956304755963036));
#4897=DIRECTION('',(-1.,-7.63355145999545E-17,-1.37964848194259E-16));
#4898=DIRECTION('',(0.,1.,0.));
#4899=DIRECTION('',(0.,0.,1.));
#4900=DIRECTION('',(-1.,0.,0.));
#4901=DIRECTION('',(0.,0.,-1.));
#4902=DIRECTION('',(0.,1.,0.));
#4903=DIRECTION('',(1.,0.,0.));
#4904=DIRECTION('',(0.,0.,-1.));
#4905=DIRECTION('',(-1.,0.,0.));
#4906=DIRECTION('',(0.,0.,1.));
#4907=DIRECTION('',(-1.,0.,0.));
#4908=DIRECTION('',(0.,0.,-1.));
#4909=DIRECTION('',(-1.,0.,0.));
#4910=DIRECTION('',(0.,0.,1.));
#4911=DIRECTION('',(-1.,0.,0.));
#4912=DIRECTION('',(0.,0.,1.));
#4913=DIRECTION('',(-1.,0.,0.));
#4914=DIRECTION('',(0.,1.,0.));
#4915=DIRECTION('',(0.,0.,1.));
#4916=DIRECTION('',(-1.,0.,0.));
#4917=DIRECTION('',(0.,0.,1.));
#4918=DIRECTION('',(0.,1.,0.));
#4919=DIRECTION('',(0.,-0.928476690885259,-0.371390676354104));
#4920=DIRECTION('',(0.,-4.66323515047529E-17,1.));
#4921=DIRECTION('',(0.,-1.,0.));
#4922=DIRECTION('',(0.,0.,1.));
#4923=DIRECTION('',(1.,0.,0.));
#4924=DIRECTION('',(-1.,0.,0.));
#4925=DIRECTION('',(0.680451099367278,0.732793491626299,0.));
#4926=DIRECTION('',(0.,0.,1.));
#4927=DIRECTION('',(1.,0.,0.));
#4928=DIRECTION('',(0.,1.,0.));
#4929=DIRECTION('',(-0.680451099367278,-0.732793491626299,0.));
#4930=DIRECTION('',(-1.,0.,0.));
#4931=DIRECTION('',(-1.,0.,0.));
#4932=DIRECTION('',(0.,0.,1.));
#4933=DIRECTION('',(0.,0.,-1.));
#4934=DIRECTION('',(-1.,0.,0.));
#4935=DIRECTION('',(0.,0.,1.));
#4936=DIRECTION('',(0.,-1.,0.));
#4937=DIRECTION('',(0.,-4.66323515047529E-17,1.));
#4938=DIRECTION('',(0.,1.,0.));
#4939=DIRECTION('',(0.,0.,1.));
#4940=DIRECTION('',(0.,-0.931115545376357,-0.364724335846252));
#4941=DIRECTION('',(0.,0.213621763543445,-0.976916445833823));
#4942=DIRECTION('',(0.,1.,0.));
#4943=DIRECTION('',(-1.,0.,0.));
#4944=DIRECTION('',(0.,1.,0.));
#4945=DIRECTION('',(-1.,0.,0.));
#4946=DIRECTION('',(0.,1.,0.));
#4947=DIRECTION('',(-1.,0.,0.));
#4948=DIRECTION('',(0.,0.,1.));
#4949=DIRECTION('',(0.732793491626299,-0.680451099367278,0.));
#4950=DIRECTION('',(-0.680451099367278,-0.732793491626299,0.));
#4951=DIRECTION('',(-1.,0.,0.));
#4952=DIRECTION('',(0.,0.,1.));
#4953=DIRECTION('',(-0.732793491626299,0.680451099367278,0.));
#4954=DIRECTION('',(-0.680451099367278,-0.732793491626299,0.));
#4955=DIRECTION('',(-1.,0.,0.));
#4956=DIRECTION('',(0.,-1.,-4.66323515047529E-17));
#4957=DIRECTION('',(0.,4.66323515047529E-17,-1.));
#4958=DIRECTION('',(-1.,0.,0.));
#4959=DIRECTION('',(0.,1.47845750793478E-16,-1.));
#4960=DIRECTION('',(-1.,0.,0.));
#4961=DIRECTION('',(-1.,0.,0.));
#4962=DIRECTION('',(0.,0.,1.));
#4963=DIRECTION('',(1.,0.,0.));
#4964=DIRECTION('',(0.,-1.,0.));
#4965=DIRECTION('',(-1.,0.,0.));
#4966=DIRECTION('',(0.,0.976916445833823,0.213621763543445));
#4967=DIRECTION('',(0.,-0.213621763543445,0.976916445833823));
#4968=DIRECTION('',(0.,-0.213621763543445,0.976916445833823));
#4969=DIRECTION('',(-1.,0.,0.));
#4970=DIRECTION('',(0.,0.364724335846252,-0.931115545376357));
#4971=DIRECTION('',(0.,0.931115545376357,0.364724335846252));
#4972=DIRECTION('',(0.,0.931115545376357,0.364724335846252));
#4973=DIRECTION('',(-1.,0.,0.));
#4974=DIRECTION('',(0.,-1.,0.));
#4975=DIRECTION('',(0.,0.,-1.));
#4976=DIRECTION('',(0.,-2.79794109028517E-16,-1.));
#4977=DIRECTION('',(-1.,0.,0.));
#4978=DIRECTION('',(0.,0.,1.));
#4979=DIRECTION('',(1.,0.,0.));
#4980=DIRECTION('',(0.,-1.,0.));
#4981=DIRECTION('',(0.,0.,-1.));
#4982=DIRECTION('',(-1.,0.,0.));
#4983=DIRECTION('',(0.,0.371390676354104,-0.928476690885259));
#4984=DIRECTION('',(0.,0.928476690885259,0.371390676354104));
#4985=DIRECTION('',(0.,-0.928476690885259,-0.371390676354104));
#4986=DIRECTION('',(1.,0.,0.));
#4987=DIRECTION('',(0.,0.,-1.));
#4988=DIRECTION('',(-0.732793491626299,0.680451099367278,0.));
#4989=DIRECTION('',(-0.680451099367278,-0.732793491626299,0.));
#4990=DIRECTION('',(-0.680451099367278,-0.732793491626299,0.));
#4991=DIRECTION('',(0.732793491626299,-0.680451099367278,0.));
#4992=DIRECTION('',(0.680451099367278,0.732793491626299,0.));
#4993=DIRECTION('',(0.680451099367278,0.732793491626299,0.));
#4994=DIRECTION('',(0.680451099367278,0.732793491626299,0.));
#4995=DIRECTION('',(-0.732793491626299,0.680451099367278,0.));
#4996=DIRECTION('',(0.680451099367278,0.732793491626299,0.));
#4997=DIRECTION('',(0.680451099367278,0.732793491626299,0.));
#4998=DIRECTION('',(-0.732793491626299,0.680451099367278,0.));
#4999=DIRECTION('',(1.78067448145293E-17,4.16333634234434E-16,1.));
#5000=DIRECTION('',(-1.,2.60482153188551E-16,1.78067448145292E-17));
#5001=DIRECTION('',(0.,0.,1.));
#5002=DIRECTION('',(1.,0.,0.));
#5003=DIRECTION('',(0.,0.,1.));
#5004=DIRECTION('',(1.,0.,0.));
#5005=DIRECTION('',(0.,-0.956304755963036,-0.292371704722737));
#5006=DIRECTION('',(-1.,0.,0.));
#5007=DIRECTION('',(1.,0.,0.));
#5008=DIRECTION('',(-8.62816615085482E-32,0.292371704722737,-0.956304755963035));
#5009=DIRECTION('',(-1.,0.,0.));
#5010=DIRECTION('',(0.,0.292371704722737,-0.956304755963036));
#5011=DIRECTION('',(0.,-0.956304755963036,-0.292371704722737));
#5012=DIRECTION('',(-1.,0.,0.));
#5013=DIRECTION('',(-1.,0.,0.));
#5014=DIRECTION('',(-8.62816615085482E-32,0.292371704722737,-0.956304755963035));
#5015=DIRECTION('',(1.,0.,0.));
#5016=DIRECTION('',(0.,0.292371704722737,-0.956304755963036));
#5017=DIRECTION('',(1.,0.,0.));
#5018=DIRECTION('',(0.,1.,0.));
#5019=DIRECTION('',(1.,0.,0.));
#5020=DIRECTION('',(0.,1.,0.));
#5021=DIRECTION('',(0.,1.,0.));
#5022=DIRECTION('',(0.,0.,1.));
#5023=DIRECTION('',(0.,1.,0.));
#5024=DIRECTION('',(-1.,0.,0.));
#5025=DIRECTION('',(0.,0.,1.));
#5026=DIRECTION('',(0.,0.956304755963036,0.292371704722737));
#5027=DIRECTION('',(0.,-0.956304755963036,-0.292371704722737));
#5028=DIRECTION('',(0.,1.,0.));
#5029=DIRECTION('',(-1.,0.,0.));
#5030=DIRECTION('',(-1.,0.,0.));
#5031=DIRECTION('',(0.,0.,1.));
#5032=DIRECTION('',(1.,0.,0.));
#5033=DIRECTION('',(1.,0.,0.));
#5034=DIRECTION('',(0.,-0.956304755963036,-0.292371704722737));
#5035=DIRECTION('',(0.,0.956304755963036,0.292371704722737));
#5036=DIRECTION('',(-1.,0.,0.));
#5037=DIRECTION('',(0.,0.,1.));
#5038=DIRECTION('',(0.,1.,0.));
#5039=DIRECTION('',(0.,1.,0.));
#5040=DIRECTION('',(1.,0.,0.));
#5041=DIRECTION('',(0.,1.,0.));
#5042=DIRECTION('',(0.,-0.956304755963036,-0.292371704722737));
#5043=DIRECTION('',(0.,0.292371704722737,-0.956304755963036));
#5044=DIRECTION('',(0.,0.956304755963036,0.292371704722737));
#5045=DIRECTION('',(-1.,-2.83292358531684E-16,-8.66111658259229E-17));
#5046=DIRECTION('',(1.,0.,0.));
#5047=DIRECTION('',(-1.,0.,0.));
#5048=DIRECTION('',(0.,0.,1.));
#5049=DIRECTION('',(-1.,0.,0.));
#5050=DIRECTION('',(0.,0.,1.));
#5051=DIRECTION('',(1.,0.,0.));
#5052=DIRECTION('',(0.,0.292371704722737,-0.956304755963036));
#5053=DIRECTION('',(0.,0.956304755963036,0.292371704722737));
#5054=DIRECTION('',(-1.,0.,0.));
#5055=DIRECTION('',(1.,2.83292358531684E-16,8.66111658259229E-17));
#5056=DIRECTION('',(-1.,0.,0.));
#5057=DIRECTION('',(0.,0.,1.));
#5058=DIRECTION('',(-1.,0.,0.));
#5059=DIRECTION('',(0.,0.,1.));
#5060=DIRECTION('',(1.,0.,0.));
#5061=DIRECTION('',(-1.,0.,0.));
#5062=DIRECTION('',(0.,0.,1.));
#5063=DIRECTION('',(-1.,0.,0.));
#5064=DIRECTION('',(0.,0.,1.));
#5065=DIRECTION('',(-1.,0.,0.));
#5066=DIRECTION('',(-1.,0.,0.));
#5067=DIRECTION('',(0.,0.,1.));
#5068=DIRECTION('',(1.,0.,0.));
#5069=DIRECTION('',(-1.,0.,0.));
#5070=DIRECTION('',(0.,0.,1.));
#5071=DIRECTION('',(-1.,0.,0.));
#5072=DIRECTION('',(0.,1.,0.));
#5073=DIRECTION('',(-1.,0.,0.));
#5074=DIRECTION('',(-1.,0.,0.));
#5075=DIRECTION('',(0.,1.,0.));
#5076=DIRECTION('',(-1.,0.,0.));
#5077=DIRECTION('',(-1.,0.,0.));
#5078=DIRECTION('',(0.,0.,1.));
#5079=DIRECTION('',(1.,0.,0.));
#5080=DIRECTION('',(0.,-1.,0.));
#5081=DIRECTION('',(1.,0.,0.));
#5082=DIRECTION('',(0.,-1.,0.));
#5083=DIRECTION('',(-1.,0.,0.));
#5084=DIRECTION('',(0.,-0.956304755963036,-0.292371704722733));
#5085=DIRECTION('',(0.,0.292371704722733,-0.956304755963037));
#5086=DIRECTION('',(-1.,0.,0.));
#5087=DIRECTION('',(0.294085848837523,-0.279442738118241,0.914016011690437));
#5088=DIRECTION('',(0.,-0.292371704722733,0.956304755963037));
#5089=DIRECTION('',(0.,-0.292371704722733,0.956304755963037));
#5090=DIRECTION('',(0.294085848837523,0.279442738118241,-0.914016011690437));
#5091=DIRECTION('',(0.,-0.292371704722733,0.956304755963037));
#5092=DIRECTION('',(-1.,0.,0.));
#5093=DIRECTION('',(1.,0.,0.));
#5094=DIRECTION('',(0.,-0.956304755963037,-0.292371704722733));
#5095=DIRECTION('',(0.,0.956304755963037,0.292371704722733));
#5096=DIRECTION('',(0.,-0.956304755963036,-0.292371704722733));
#5097=DIRECTION('',(0.,0.292371704722733,-0.956304755963037));
#5098=DIRECTION('',(0.,0.292371704722733,-0.956304755963037));
#5099=DIRECTION('',(-0.294085848837523,0.279442738118241,-0.914016011690437));
#5100=DIRECTION('',(-0.294085848837523,-0.279442738118241,0.914016011690437));
#5101=DIRECTION('',(0.,0.292371704722733,-0.956304755963037));
#5102=DIRECTION('',(-1.,0.,0.));
#5103=DIRECTION('',(-1.,0.,0.));
#5104=DIRECTION('',(0.,0.,1.));
#5105=DIRECTION('',(-1.,0.,0.));
#5106=DIRECTION('',(0.,0.,1.));
#5107=DIRECTION('',(-1.,0.,0.));
#5108=DIRECTION('',(0.,0.,1.));
#5109=DIRECTION('',(-1.,0.,0.));
#5110=DIRECTION('',(-1.,0.,0.));
#5111=DIRECTION('',(0.,0.,1.));
#5112=DIRECTION('',(-1.,0.,0.));
#5113=DIRECTION('',(0.,0.,1.));
#5114=DIRECTION('',(-1.,0.,0.));
#5115=DIRECTION('',(0.,0.,1.));
#5116=DIRECTION('',(-1.,0.,0.));
#5117=DIRECTION('',(0.,0.,1.));
#5118=DIRECTION('',(1.,0.,0.));
#5119=DIRECTION('',(0.,1.,0.));
#5120=DIRECTION('',(-1.,0.,0.));
#5121=DIRECTION('',(1.,0.,0.));
#5122=DIRECTION('',(0.,1.,0.));
#5123=DIRECTION('',(0.,-0.956304755963035,-0.292371704722737));
#5124=DIRECTION('',(0.,0.292371704722737,-0.956304755963036));
#5125=DIRECTION('',(0.,-0.292371704722737,0.956304755963036));
#5126=DIRECTION('',(-1.,0.,0.));
#5127=DIRECTION('',(0.,-0.292371704722737,0.956304755963036));
#5128=DIRECTION('',(1.,0.,0.));
#5129=DIRECTION('',(0.,-0.292371704722733,0.956304755963037));
#5130=DIRECTION('',(0.,-0.956304755963037,-0.292371704722733));
#5131=DIRECTION('',(1.,2.83292358531684E-16,8.66111658259229E-17));
#5132=DIRECTION('',(-2.83292358531684E-16,1.,0.));
#5133=DIRECTION('',(-1.35396959415482E-16,0.697132115454604,-0.716942685018676));
#5134=DIRECTION('',(-1.,-2.83292358531684E-16,-8.66111658259229E-17));
#5135=DIRECTION('',(0.,-0.292371704722737,0.956304755963036));
#5136=DIRECTION('',(0.,0.292371704722737,-0.956304755963036));
#5137=DIRECTION('',(0.,-0.956304755963035,-0.292371704722737));
#5138=DIRECTION('',(0.,0.292371704722737,-0.956304755963036));
#5139=DIRECTION('',(0.,0.292371704722737,-0.956304755963036));
#5140=DIRECTION('',(-1.,0.,0.));
#5141=DIRECTION('',(-1.,0.,0.));
#5142=DIRECTION('',(0.,0.,1.));
#5143=DIRECTION('',(0.,0.956304755963037,0.292371704722733));
#5144=DIRECTION('',(1.,2.83292358531684E-16,8.66111658259229E-17));
#5145=DIRECTION('',(0.,-0.292371704722737,0.956304755963036));
#5146=DIRECTION('',(0.,-0.697132115454605,0.716942685018675));
#5147=DIRECTION('',(1.,2.83292358531684E-16,8.66111658259229E-17));
#5148=DIRECTION('',(-2.83292358531684E-16,1.,0.));
#5149=DIRECTION('',(1.,2.83292358531684E-16,8.66111658259229E-17));
#5150=DIRECTION('',(0.,-0.292371704722737,0.956304755963036));
#5151=DIRECTION('',(1.,2.83292358531684E-16,8.66111658259229E-17));
#5152=DIRECTION('',(0.,-0.292371704722737,0.956304755963036));
#5153=DIRECTION('',(0.95577900872195,0.0859823809594587,-0.28123569590475));
#5154=DIRECTION('',(0.,-0.956304755963037,-0.292371704722733));
#5155=DIRECTION('',(-0.95577900872195,0.0859823809594587,-0.28123569590475));
#5156=DIRECTION('',(0.,-0.956304755963037,-0.292371704722733));
#5157=DIRECTION('',(-1.95386296679425E-17,0.292371704722737,-0.956304755963035));
#5158=DIRECTION('',(-1.,1.53229062246178E-16,6.72782095966181E-17));
#5159=DIRECTION('',(1.29887127410187E-17,2.22044604925031E-16,1.));
#5160=DIRECTION('',(-1.,4.10083645537798E-17,1.29887127410187E-17));
#5161=DIRECTION('',(0.,0.,1.));
#5162=DIRECTION('',(1.,-2.77555756156289E-16,0.));
#5163=DIRECTION('',(1.,0.,0.));
#5164=DIRECTION('',(0.,0.,-1.));
#5165=DIRECTION('',(0.,-1.,0.));
#5166=DIRECTION('',(1.,0.,0.));
#5167=DIRECTION('',(0.,0.,-1.));
#5168=DIRECTION('',(0.,-0.699294155463731,0.714834025585148));
#5169=DIRECTION('',(1.,0.,0.));
#5170=DIRECTION('',(0.,0.,-1.));
#5171=DIRECTION('',(0.,0.,1.));
#5172=DIRECTION('',(0.,1.,0.));
#5173=DIRECTION('',(0.,0.,-1.));
#5174=DIRECTION('',(0.,1.,0.));
#5175=DIRECTION('',(0.,-3.77113799125393E-15,1.));
#5176=DIRECTION('',(0.,1.,0.));
#5177=DIRECTION('',(0.,0.,-1.));
#5178=DIRECTION('',(0.,-1.,0.));
#5179=DIRECTION('',(0.,0.,-1.));
#5180=DIRECTION('',(0.,1.,0.));
#5181=DIRECTION('',(0.,0.,-1.));
#5182=DIRECTION('',(0.,-0.485642931178633,-0.874157276121537));
#5183=DIRECTION('',(1.,0.,0.));
#5184=DIRECTION('',(0.,0.,-1.));
#5185=DIRECTION('',(0.,-1.,0.));
#5186=DIRECTION('',(0.,0.,-1.));
#5187=DIRECTION('',(0.,1.,0.));
#5188=DIRECTION('',(0.,1.35525271560688E-16,1.));
#5189=DIRECTION('',(1.,0.,0.));
#5190=DIRECTION('',(0.,0.,-1.));
#5191=DIRECTION('',(1.,0.,0.));
#5192=DIRECTION('',(0.,0.,-1.));
#5193=DIRECTION('',(1.,0.,0.));
#5194=DIRECTION('',(0.,0.,-1.));
#5195=DIRECTION('',(1.,0.,0.));
#5196=DIRECTION('',(0.,0.,-1.));
#5197=DIRECTION('',(1.,0.,0.));
#5198=DIRECTION('',(0.,0.,-1.));
#5199=DIRECTION('',(0.,0.,1.));
#5200=DIRECTION('',(0.,-1.,0.));
#5201=DIRECTION('',(0.,-1.23908819712629E-16,-1.));
#5202=DIRECTION('',(0.,1.,-1.54886024640786E-16));
#5203=DIRECTION('',(0.,0.,1.));
#5204=DIRECTION('',(1.,0.,0.));
#5205=DIRECTION('',(0.,-1.,0.));
#5206=DIRECTION('',(1.,0.,0.));
#5207=DIRECTION('',(-1.,0.,0.));
#5208=DIRECTION('',(0.,-1.,0.));
#5209=DIRECTION('',(-1.,0.,0.));
#5210=DIRECTION('',(1.,0.,0.));
#5211=DIRECTION('',(1.,0.,0.));
#5212=DIRECTION('',(0.,0.,-1.));
#5213=DIRECTION('',(-1.,0.,0.));
#5214=DIRECTION('',(0.,1.,0.));
#5215=DIRECTION('',(-1.,0.,0.));
#5216=DIRECTION('',(0.,1.,0.));
#5217=DIRECTION('',(0.,-0.699294155463731,0.714834025585148));
#5218=DIRECTION('',(1.,0.,0.));
#5219=DIRECTION('',(0.,0.,-1.));
#5220=DIRECTION('',(1.,0.,0.));
#5221=DIRECTION('',(0.,0.,-1.));
#5222=DIRECTION('',(0.,-0.485642931178633,-0.874157276121537));
#5223=DIRECTION('',(0.,0.,-1.));
#5224=DIRECTION('',(0.,1.,0.));
#5225=DIRECTION('',(0.,0.,-1.));
#5226=DIRECTION('',(0.,-1.,0.));
#5227=DIRECTION('',(0.,0.,-1.));
#5228=DIRECTION('',(0.,1.,0.));
#5229=DIRECTION('',(0.,-3.77113799125393E-15,1.));
#5230=DIRECTION('',(0.,1.,0.));
#5231=DIRECTION('',(0.,0.,-1.));
#5232=DIRECTION('',(0.,1.,0.));
#5233=DIRECTION('',(0.,0.,1.));
#5234=DIRECTION('',(1.,0.,0.));
#5235=DIRECTION('',(0.,0.,-1.));
#5236=DIRECTION('',(-1.,0.,0.));
#5237=DIRECTION('',(0.,1.,0.));
#5238=DIRECTION('',(-1.,0.,0.));
#5239=DIRECTION('',(0.,1.,0.));
#5240=DIRECTION('',(-1.,0.,0.));
#5241=DIRECTION('',(0.,1.,0.));
#5242=DIRECTION('',(0.,0.714834025585147,0.699294155463731));
#5243=DIRECTION('',(0.,-0.699294155463731,0.714834025585148));
#5244=DIRECTION('',(1.,0.,0.));
#5245=DIRECTION('',(1.,0.,0.));
#5246=DIRECTION('',(0.,-0.874157276121537,0.485642931178633));
#5247=DIRECTION('',(0.,-0.485642931178633,-0.874157276121537));
#5248=DIRECTION('',(1.,0.,0.));
#5249=DIRECTION('',(1.,0.,0.));
#5250=DIRECTION('',(0.,-1.,0.));
#5251=DIRECTION('',(0.,0.,-1.));
#5252=DIRECTION('',(1.,0.,0.));
#5253=DIRECTION('',(0.,0.,-1.));
#5254=DIRECTION('',(-1.,0.,0.));
#5255=DIRECTION('',(1.,0.,0.));
#5256=DIRECTION('',(0.,-1.,0.));
#5257=DIRECTION('',(0.,0.,-1.));
#5258=DIRECTION('',(1.,0.,0.));
#5259=DIRECTION('',(0.,0.,1.));
#5260=DIRECTION('',(1.,0.,0.));
#5261=DIRECTION('',(1.,0.,0.));
#5262=DIRECTION('',(0.,-1.,0.));
#5263=DIRECTION('',(0.,0.,-1.));
#5264=DIRECTION('',(1.,0.,0.));
#5265=DIRECTION('',(0.,0.,-1.));
#5266=DIRECTION('',(-1.,0.,0.));
#5267=DIRECTION('',(1.,0.,0.));
#5268=DIRECTION('',(0.,1.,3.77113799125393E-15));
#5269=DIRECTION('',(0.,-3.77113799125393E-15,1.));
#5270=DIRECTION('',(1.,0.,0.));
#5271=DIRECTION('',(0.,0.,-1.));
#5272=DIRECTION('',(-1.,0.,0.));
#5273=DIRECTION('',(1.,0.,0.));
#5274=DIRECTION('',(0.,-1.,0.));
#5275=DIRECTION('',(0.,0.,-1.));
#5276=DIRECTION('',(1.,0.,0.));
#5277=DIRECTION('',(0.,0.,-1.));
#5278=DIRECTION('',(-1.,0.,0.));
#5279=DIRECTION('',(1.,0.,0.));
#5280=DIRECTION('',(0.,1.,0.));
#5281=DIRECTION('',(0.,0.,1.));
#5282=DIRECTION('',(1.,0.,0.));
#5283=DIRECTION('',(1.,0.,0.));
#5284=DIRECTION('',(0.,0.,-1.));
#5285=DIRECTION('',(1.,0.,0.));
#5286=DIRECTION('',(0.,0.,-1.));
#5287=DIRECTION('',(1.,0.,0.));
#5288=DIRECTION('',(0.,0.,-1.));
#5289=DIRECTION('',(1.,0.,0.));
#5290=DIRECTION('',(0.,0.,-1.));
#5291=DIRECTION('',(1.,0.,0.));
#5292=DIRECTION('',(0.,0.,-1.));
#5293=DIRECTION('',(0.,-1.,1.35525271560688E-16));
#5294=DIRECTION('',(0.,-1.35525271560688E-16,-1.));
#5295=DIRECTION('',(0.554700196225229,1.12763842092287E-16,0.832050294337844));
#5296=DIRECTION('',(0.,1.35525271560688E-16,1.));
#5297=DIRECTION('',(0.,1.,0.));
#5298=DIRECTION('',(0.,0.,1.));
#5299=DIRECTION('',(0.,0.,-1.));
#5300=DIRECTION('',(-0.554700196225229,0.,-0.832050294337844));
#5301=DIRECTION('',(1.,0.,0.));
#5302=DIRECTION('',(0.,0.,-1.));
#5303=DIRECTION('',(0.,-1.,0.));
#5304=DIRECTION('',(0.,-1.,0.));
#5305=DIRECTION('',(0.,0.,-1.));
#5306=DIRECTION('',(0.707106781186548,0.,0.707106781186547));
#5307=DIRECTION('',(0.,0.,1.));
#5308=DIRECTION('',(-1.,0.,0.));
#5309=DIRECTION('',(0.,0.,-1.));
#5310=DIRECTION('',(-1.,0.,0.));
#5311=DIRECTION('',(0.,-1.,0.));
#5312=DIRECTION('',(-1.,0.,0.));
#5313=DIRECTION('',(0.,1.,-1.23908819712629E-16));
#5314=DIRECTION('',(0.,1.23908819712629E-16,1.));
#5315=DIRECTION('',(0.,-1.23908819712629E-16,-1.));
#5316=DIRECTION('',(-0.707106781186548,-8.76167666676214E-17,-0.707106781186547));
#5317=DIRECTION('',(1.,0.,0.));
#5318=DIRECTION('',(0.,0.,-1.));
#5319=DIRECTION('',(0.,-1.,1.54886024640786E-16));
#5320=DIRECTION('',(0.832050294337844,0.,-0.554700196225229));
#5321=DIRECTION('',(0.,1.,0.));
#5322=DIRECTION('',(0.707106781186547,-1.09520958334527E-16,-0.707106781186548));
#5323=DIRECTION('',(0.,1.,-1.54886024640786E-16));
#5324=DIRECTION('',(1.,0.,0.));
#5325=DIRECTION('',(0.,0.,-1.));
#5326=DIRECTION('',(1.,0.,0.));
#5327=DIRECTION('',(0.,0.,-1.));
#5328=DIRECTION('',(1.,0.,0.));
#5329=DIRECTION('',(0.,0.,-1.));
#5330=DIRECTION('',(8.32667268468867E-17,1.42319525592638E-18,1.));
#5331=DIRECTION('',(-1.,-7.26128449322925E-19,8.32667268468867E-17));
#5332=DIRECTION('',(0.,0.,1.));
#5333=DIRECTION('',(1.,0.,0.));
#5334=DIRECTION('',(0.,0.,1.));
#5335=DIRECTION('',(1.,0.,0.));
#5336=DIRECTION('',(0.,0.,1.));
#5337=DIRECTION('',(1.,0.,0.));
#5338=CARTESIAN_POINT('',(0.,0.,0.));
#5339=CARTESIAN_POINT('',(1.75,0.,0.));
#5340=CARTESIAN_POINT('',(1.75,1.7,0.5));
#5341=CARTESIAN_POINT('',(1.75,1.7,0.5));
#5342=CARTESIAN_POINT('',(1.75,1.7,4.));
#5343=CARTESIAN_POINT('',(1.75,1.7,4.));
#5344=CARTESIAN_POINT('',(1.75,3.1,4.));
#5345=CARTESIAN_POINT('',(1.75,3.1,4.));
#5346=CARTESIAN_POINT('',(1.75,3.1,0.5));
#5347=CARTESIAN_POINT('',(1.75,3.1,0.500000000000001));
#5348=CARTESIAN_POINT('',(1.75,-4.6,-3.37));
#5349=CARTESIAN_POINT('',(1.75,-4.,-3.37));
#5350=CARTESIAN_POINT('',(1.75,-4.2,2.33));
#5351=CARTESIAN_POINT('',(1.75,-3.6,2.33));
#5352=CARTESIAN_POINT('',(1.75,4.6,3.65));
#5353=CARTESIAN_POINT('',(1.75,5.2,3.65));
#5354=CARTESIAN_POINT('',(1.75,-2.8,-1.37));
#5355=CARTESIAN_POINT('',(1.75,-2.2,-1.37));
#5356=CARTESIAN_POINT('',(1.75,4.7,0.95));
#5357=CARTESIAN_POINT('',(1.75,5.3,0.95));
#5358=CARTESIAN_POINT('',(1.75,1.7,5.15));
#5359=CARTESIAN_POINT('',(1.75,1.7,5.15));
#5360=CARTESIAN_POINT('',(1.75,1.7,6.75));
#5361=CARTESIAN_POINT('',(1.75,-1.5,6.75));
#5362=CARTESIAN_POINT('',(1.75,-1.18450105153069,6.75));
#5363=CARTESIAN_POINT('',(1.75,-1.18450105153069,6.));
#5364=CARTESIAN_POINT('',(1.75,-1.72062657071955,6.5244706165978));
#5365=CARTESIAN_POINT('',(1.75,-6.,2.15));
#5366=CARTESIAN_POINT('',(1.75,-5.78612551918886,2.36862724705139));
#5367=CARTESIAN_POINT('',(1.75,-5.25,1.84415663045359));
#5368=CARTESIAN_POINT('',(1.75,-6.,1.84415663045359));
#5369=CARTESIAN_POINT('',(1.75,-6.,-4.75));
#5370=CARTESIAN_POINT('',(1.75,-6.,-4.75));
#5371=CARTESIAN_POINT('',(1.75,-5.2,-4.75));
#5372=CARTESIAN_POINT('',(1.75,-5.2,-4.75));
#5373=CARTESIAN_POINT('',(1.75,-5.2,-4.52));
#5374=CARTESIAN_POINT('',(1.75,-5.2,-4.52));
#5375=CARTESIAN_POINT('',(1.75,5.2,-4.52));
#5376=CARTESIAN_POINT('',(1.75,5.2,-4.52));
#5377=CARTESIAN_POINT('',(1.75,5.2,-4.75));
#5378=CARTESIAN_POINT('',(1.75,5.2,-4.75));
#5379=CARTESIAN_POINT('',(1.75,6.,-4.75));
#5380=CARTESIAN_POINT('',(1.75,6.,-4.75));
#5381=CARTESIAN_POINT('',(1.75,6.,-0.65));
#5382=CARTESIAN_POINT('',(1.75,6.,-0.65));
#5383=CARTESIAN_POINT('',(1.75,5.9,-0.65));
#5384=CARTESIAN_POINT('',(1.75,5.9,-0.65));
#5385=CARTESIAN_POINT('',(1.75,5.9,0.650000000000001));
#5386=CARTESIAN_POINT('',(1.75,5.9,0.650000000000001));
#5387=CARTESIAN_POINT('',(1.75,6.,0.650000000000001));
#5388=CARTESIAN_POINT('',(1.75,6.,0.650000000000001));
#5389=CARTESIAN_POINT('',(1.75,6.,4.05));
#5390=CARTESIAN_POINT('',(1.75,6.,4.05));
#5391=CARTESIAN_POINT('',(1.75,4.5,6.75));
#5392=CARTESIAN_POINT('',(1.75,4.71431544534223,6.36423219838398));
#5393=CARTESIAN_POINT('',(1.75,4.05869748825108,6.));
#5394=CARTESIAN_POINT('',(1.75,4.05869748825108,6.75));
#5395=CARTESIAN_POINT('',(1.75,-1.5,6.75));
#5396=CARTESIAN_POINT('',(1.75,3.1,6.75));
#5397=CARTESIAN_POINT('',(1.75,3.1,6.75));
#5398=CARTESIAN_POINT('',(1.75,3.1,5.15));
#5399=CARTESIAN_POINT('',(1.75,3.1,5.15));
#5400=CARTESIAN_POINT('',(1.75,-1.5,6.75));
#5401=CARTESIAN_POINT('',(1.25,1.7,6.75));
#5402=CARTESIAN_POINT('',(1.25,1.7,6.75));
#5403=CARTESIAN_POINT('',(1.25,1.7,6.75));
#5404=CARTESIAN_POINT('',(1.25,3.1,6.75));
#5405=CARTESIAN_POINT('',(1.25,3.1,6.75));
#5406=CARTESIAN_POINT('',(1.75,4.05869748825108,6.75));
#5407=CARTESIAN_POINT('',(1.05,4.05869748825108,6.75));
#5408=CARTESIAN_POINT('',(1.05,1.15,6.75));
#5409=CARTESIAN_POINT('',(1.05,1.15,6.75));
#5410=CARTESIAN_POINT('',(-0.45,1.15,6.75));
#5411=CARTESIAN_POINT('',(-1.75,1.15,6.75));
#5412=CARTESIAN_POINT('',(-1.75,-1.5,6.75));
#5413=CARTESIAN_POINT('',(-1.75,-1.18450105153069,6.75));
#5414=CARTESIAN_POINT('',(1.75,-1.18450105153069,6.75));
#5415=CARTESIAN_POINT('',(-1.25590709946894,-1.18450105153069,6.75));
#5416=CARTESIAN_POINT('',(0.,-1.4359479753994,6.75));
#5417=CARTESIAN_POINT('',(1.25590709946894,-1.18450105153069,6.75));
#5418=CARTESIAN_POINT('',(1.75,-1.18450105153069,6.75));
#5419=CARTESIAN_POINT('',(1.75,-6.,2.15));
#5420=CARTESIAN_POINT('',(0.,-1.37984161415388,6.87282857219826));
#5421=CARTESIAN_POINT('',(1.20859489346876,-1.72062657071955,6.5244706165978));
#5422=CARTESIAN_POINT('',(1.03186197984517,-1.9754524339635,6.26398195639286));
#5423=CARTESIAN_POINT('',(1.03186197984517,-1.9754524339635,6.26398195639286));
#5424=CARTESIAN_POINT('',(0.838873062033593,-2.1769363240786,6.05802064649744));
#5425=CARTESIAN_POINT('',(0.885248437144228,-2.46811868490444,5.76036756654213));
#5426=CARTESIAN_POINT('',(1.13661904845628,-2.63516259754583,5.58961156695316));
#5427=CARTESIAN_POINT('',(1.13661904845628,-2.63516259754583,5.58961156695316));
#5428=CARTESIAN_POINT('',(-1.95943487863576E-17,-3.47157136116556,4.73461594191965));
#5429=CARTESIAN_POINT('',(-1.13661904845628,-2.63516259754583,5.58961156695316));
#5430=CARTESIAN_POINT('',(-1.13661904845628,-2.63516259754583,5.58961156695316));
#5431=CARTESIAN_POINT('',(-0.885235368351597,-2.46811000026729,5.76037644417121));
#5432=CARTESIAN_POINT('',(-0.838875820906789,-2.17693344376552,6.05802359081747));
#5433=CARTESIAN_POINT('',(-1.03186197984517,-1.9754524339635,6.26398195639286));
#5434=CARTESIAN_POINT('',(-1.03186197984517,-1.9754524339635,6.26398195639286));
#5435=CARTESIAN_POINT('',(0.,-1.37984161415388,6.87282857219826));
#5436=CARTESIAN_POINT('',(-1.20859489346876,-1.72062657071955,6.5244706165978));
#5437=CARTESIAN_POINT('',(1.75,-1.72062657071955,6.5244706165978));
#5438=CARTESIAN_POINT('',(-1.75,-1.72062657071955,6.5244706165978));
#5439=CARTESIAN_POINT('',(-1.75,-6.,2.15));
#5440=CARTESIAN_POINT('',(-1.75,-5.78612551918886,2.36862724705139));
#5441=CARTESIAN_POINT('',(1.75,-5.78612551918886,2.36862724705139));
#5442=CARTESIAN_POINT('',(1.75,-1.72062657071955,6.5244706165978));
#5443=CARTESIAN_POINT('',(-0.45,-4.34572405935462,-0.0643098881583212));
#5444=CARTESIAN_POINT('',(-1.95943487863576E-17,-0.295917942674462,1.53448133336003));
#5445=CARTESIAN_POINT('',(0.845437874589136,0.0289814350555735,1.66274581270192));
#5446=CARTESIAN_POINT('',(-0.845437874589138,0.0289814350555673,1.66274581270191));
#5447=CARTESIAN_POINT('',(0.845437874589135,0.0289814350555731,1.66274581270192));
#5448=CARTESIAN_POINT('',(0.819063216738546,0.100614434039954,1.691025243037));
#5449=CARTESIAN_POINT('',(0.806290793462733,0.174282166969613,1.72010795004166));
#5450=CARTESIAN_POINT('',(0.807223327798975,0.249999999999999,1.75));
#5451=CARTESIAN_POINT('',(0.807223327798975,0.249999999999999,1.75));
#5452=CARTESIAN_POINT('',(-0.45,0.249999999999999,1.75));
#5453=CARTESIAN_POINT('',(1.05,0.249999999999999,1.75));
#5454=CARTESIAN_POINT('',(1.05,-4.34572405935462,-0.064309888158321));
#5455=CARTESIAN_POINT('',(1.05,-4.34572405935462,-0.0643098881583212));
#5456=CARTESIAN_POINT('',(-0.45,-4.34572405935462,-0.064309888158321));
#5457=CARTESIAN_POINT('',(-1.75,-4.34572405935462,-0.064309888158321));
#5458=CARTESIAN_POINT('',(-1.75,-4.34572405935462,-0.0643098881583212));
#5459=CARTESIAN_POINT('',(-1.75,0.249999999999999,1.75));
#5460=CARTESIAN_POINT('',(-0.45,0.249999999999999,1.75));
#5461=CARTESIAN_POINT('',(-0.807223327799251,0.249999999999999,1.75));
#5462=CARTESIAN_POINT('',(-0.807223327799251,0.249999999999999,1.75));
#5463=CARTESIAN_POINT('',(-0.806290793463003,0.174282166969639,1.72010795004167));
#5464=CARTESIAN_POINT('',(-0.819063216738547,0.100614434039951,1.691025243037));
#5465=CARTESIAN_POINT('',(-0.845437874589137,0.0289814350555674,1.66274581270191));
#5466=CARTESIAN_POINT('',(-0.45,0.249999999999999,1.75));
#5467=CARTESIAN_POINT('',(0.807223327798975,0.249999999999999,1.75));
#5468=CARTESIAN_POINT('',(0.808274635625108,0.268617391188787,1.76861739118879));
#5469=CARTESIAN_POINT('',(0.810670456880541,0.287147907267696,1.7871479072677));
#5470=CARTESIAN_POINT('',(0.814407400182904,0.305591767369319,1.80559176736932));
#5471=CARTESIAN_POINT('',(0.814407400182903,0.305591767369319,1.80559176736932));
#5472=CARTESIAN_POINT('',(0.,0.406203449210869,1.90620344921087));
#5473=CARTESIAN_POINT('',(-0.814407400182904,0.305591767369319,1.80559176736932));
#5474=CARTESIAN_POINT('',(-0.814407400182903,0.305591767369319,1.80559176736932));
#5475=CARTESIAN_POINT('',(-0.810670456880542,0.287147907267702,1.7871479072677));
#5476=CARTESIAN_POINT('',(-0.808274635625112,0.268617391188809,1.76861739118881));
#5477=CARTESIAN_POINT('',(-0.807223327798977,0.250000000000026,1.75000000000003));
#5478=CARTESIAN_POINT('',(-1.75,0.249999999999999,1.75));
#5479=CARTESIAN_POINT('',(-1.75,1.15,2.65));
#5480=CARTESIAN_POINT('',(-0.45,1.15,2.65));
#5481=CARTESIAN_POINT('',(-0.45,1.15,2.65));
#5482=CARTESIAN_POINT('',(1.05,1.15,2.65));
#5483=CARTESIAN_POINT('',(1.05,1.15,2.65));
#5484=CARTESIAN_POINT('',(1.05,0.249999999999999,1.75));
#5485=CARTESIAN_POINT('',(1.75,-1.18450105153069,6.));
#5486=CARTESIAN_POINT('',(1.25590709946894,-1.18450105153069,6.75));
#5487=CARTESIAN_POINT('',(1.2913044609024,-1.3849256588068,6.75));
#5488=CARTESIAN_POINT('',(1.2718557638129,-1.58542416268745,6.66267752258616));
#5489=CARTESIAN_POINT('',(1.20859489346876,-1.72062657071955,6.5244706165978));
#5490=CARTESIAN_POINT('',(1.75,-1.18450105153069,6.));
#5491=CARTESIAN_POINT('',(-1.20859489346876,-1.72062657071955,6.5244706165978));
#5492=CARTESIAN_POINT('',(-1.27184242109608,-1.58545267901094,6.66264837256659));
#5493=CARTESIAN_POINT('',(-1.29132460986667,-1.38503974494453,6.75));
#5494=CARTESIAN_POINT('',(-1.25590709946894,-1.18450105153069,6.75));
#5495=CARTESIAN_POINT('',(-1.75,-1.18450105153069,6.));
#5496=CARTESIAN_POINT('',(-1.95943487863576E-17,-3.47157136116556,4.73461594191965));
#5497=CARTESIAN_POINT('',(1.13661904845628,-2.63516259754583,5.58961156695316));
#5498=CARTESIAN_POINT('',(1.11521838940287,-1.75966135694566,4.26764718895914));
#5499=CARTESIAN_POINT('',(1.01811292334488,-0.856053199861732,2.96712876666195));
#5500=CARTESIAN_POINT('',(0.845437874588618,0.0289814350590351,1.66274581270429));
#5501=CARTESIAN_POINT('',(-0.845437874589138,0.0289814350555574,1.66274581270194));
#5502=CARTESIAN_POINT('',(-1.01811035057561,-0.856040013298928,2.96710933202222));
#5503=CARTESIAN_POINT('',(-1.115218885451,-1.75968165028109,4.26767783091064));
#5504=CARTESIAN_POINT('',(-1.13661904845628,-2.63516259754582,5.58961156695316));
#5505=CARTESIAN_POINT('',(-1.75,0.,0.));
#5506=CARTESIAN_POINT('',(-1.75,5.2,-4.52));
#5507=CARTESIAN_POINT('',(-1.75,-1.7,-4.52));
#5508=CARTESIAN_POINT('',(-1.75,-6.,-4.52));
#5509=CARTESIAN_POINT('',(-1.75,-6.,-4.75));
#5510=CARTESIAN_POINT('',(-1.75,-6.,1.84415663045359));
#5511=CARTESIAN_POINT('',(-1.75,-5.25,1.84415663045359));
#5512=CARTESIAN_POINT('',(-1.75,1.15,2.65));
#5513=CARTESIAN_POINT('',(-1.75,-3.85,-1.32));
#5514=CARTESIAN_POINT('',(-1.75,-3.85,-2.67));
#5515=CARTESIAN_POINT('',(-1.75,-2.45,-2.67));
#5516=CARTESIAN_POINT('',(-1.75,-2.45,-2.67));
#5517=CARTESIAN_POINT('',(-1.75,-2.45,-3.42));
#5518=CARTESIAN_POINT('',(-1.75,-1.7,-3.42));
#5519=CARTESIAN_POINT('',(-1.75,-1.7,-4.52));
#5520=CARTESIAN_POINT('',(-1.75,-4.2,2.33));
#5521=CARTESIAN_POINT('',(-1.75,-4.2,2.93));
#5522=CARTESIAN_POINT('',(-1.75,-4.6,-3.37));
#5523=CARTESIAN_POINT('',(-1.75,-4.6,-2.77));
#5524=CARTESIAN_POINT('',(-1.75,-3.6,-3.77));
#5525=CARTESIAN_POINT('',(-1.75,-3.6,-3.77));
#5526=CARTESIAN_POINT('',(-1.75,-2.28,-3.77));
#5527=CARTESIAN_POINT('',(-1.75,-2.28,-3.77));
#5528=CARTESIAN_POINT('',(-1.75,-2.28,-3.02));
#5529=CARTESIAN_POINT('',(-1.75,-2.28,-3.02));
#5530=CARTESIAN_POINT('',(-1.75,-3.6,-3.02));
#5531=CARTESIAN_POINT('',(-1.75,-3.6,-3.02));
#5532=CARTESIAN_POINT('',(1.75,6.,-0.65));
#5533=CARTESIAN_POINT('',(1.75,6.,-4.75));
#5534=CARTESIAN_POINT('',(-0.7,6.,-4.75));
#5535=CARTESIAN_POINT('',(-0.7,6.,-4.52));
#5536=CARTESIAN_POINT('',(-0.7,6.,-4.52));
#5537=CARTESIAN_POINT('',(-0.7,6.,-4.52));
#5538=CARTESIAN_POINT('',(-1.75,6.,-4.52));
#5539=CARTESIAN_POINT('',(-1.75,6.,-0.65));
#5540=CARTESIAN_POINT('',(-1.75,6.,-0.65));
#5541=CARTESIAN_POINT('',(1.75,6.,-0.65));
#5542=CARTESIAN_POINT('',(1.75,6.,-4.75));
#5543=CARTESIAN_POINT('',(1.75,5.2,-4.75));
#5544=CARTESIAN_POINT('',(-0.7,5.2,-4.75));
#5545=CARTESIAN_POINT('',(-0.7,5.2,-4.75));
#5546=CARTESIAN_POINT('',(1.75,5.2,-4.75));
#5547=CARTESIAN_POINT('',(1.75,5.2,-4.52));
#5548=CARTESIAN_POINT('',(-0.7,5.2,-4.52));
#5549=CARTESIAN_POINT('',(-0.7,5.2,-4.52));
#5550=CARTESIAN_POINT('',(-1.75,0.,0.));
#5551=CARTESIAN_POINT('',(-1.75,4.7,0.95));
#5552=CARTESIAN_POINT('',(-1.75,4.7,1.55));
#5553=CARTESIAN_POINT('',(-1.75,4.6,3.65));
#5554=CARTESIAN_POINT('',(-1.75,4.6,4.25));
#5555=CARTESIAN_POINT('',(-1.75,5.2,-4.52));
#5556=CARTESIAN_POINT('',(-1.75,4.1,-4.52));
#5557=CARTESIAN_POINT('',(-1.75,4.1,-2.67));
#5558=CARTESIAN_POINT('',(-1.75,4.1,-2.67));
#5559=CARTESIAN_POINT('',(-1.75,4.9,-3.37));
#5560=CARTESIAN_POINT('',(-1.75,4.9,-3.37));
#5561=CARTESIAN_POINT('',(-1.75,4.9,-0.0500000000000001));
#5562=CARTESIAN_POINT('',(-1.75,4.9,-0.0500000000000001));
#5563=CARTESIAN_POINT('',(-1.75,4.9,1.1));
#5564=CARTESIAN_POINT('',(-1.75,3.75,1.1));
#5565=CARTESIAN_POINT('',(-1.75,3.75,2.25));
#5566=CARTESIAN_POINT('',(-1.75,3.75,2.25));
#5567=CARTESIAN_POINT('',(-1.75,3.2,2.25));
#5568=CARTESIAN_POINT('',(-1.75,3.2,2.25));
#5569=CARTESIAN_POINT('',(-1.75,3.2,4.25));
#5570=CARTESIAN_POINT('',(-1.75,3.2,4.25));
#5571=CARTESIAN_POINT('',(-1.75,4.25,4.25));
#5572=CARTESIAN_POINT('',(-1.75,4.25,4.25));
#5573=CARTESIAN_POINT('',(-1.75,4.25,6.75));
#5574=CARTESIAN_POINT('',(-1.75,4.25,6.72519193941918));
#5575=CARTESIAN_POINT('',(-1.75,4.05869748825108,6.));
#5576=CARTESIAN_POINT('',(-1.75,4.71431544534223,6.36423219838398));
#5577=CARTESIAN_POINT('',(-1.75,4.5,6.75));
#5578=CARTESIAN_POINT('',(-1.75,6.,4.05));
#5579=CARTESIAN_POINT('',(-1.75,6.,4.05));
#5580=CARTESIAN_POINT('',(-1.75,6.,0.650000000000001));
#5581=CARTESIAN_POINT('',(-1.75,6.,0.650000000000001));
#5582=CARTESIAN_POINT('',(-1.75,5.9,0.650000000000001));
#5583=CARTESIAN_POINT('',(-1.75,5.9,0.650000000000001));
#5584=CARTESIAN_POINT('',(-1.75,5.9,-0.65));
#5585=CARTESIAN_POINT('',(-1.75,5.9,-0.65));
#5586=CARTESIAN_POINT('',(-1.75,0.,0.));
#5587=CARTESIAN_POINT('',(-1.75,3.5,-4.52));
#5588=CARTESIAN_POINT('',(-1.75,3.5,-4.52));
#5589=CARTESIAN_POINT('',(-1.75,3.5,-3.42));
#5590=CARTESIAN_POINT('',(-1.75,5.2,-4.52));
#5591=CARTESIAN_POINT('',(-1.75,-1.1,-4.52));
#5592=CARTESIAN_POINT('',(-1.75,-1.1,-2.67));
#5593=CARTESIAN_POINT('',(-1.75,-1.1,-2.67));
#5594=CARTESIAN_POINT('',(-1.75,2.75,-2.67));
#5595=CARTESIAN_POINT('',(-1.75,2.75,-2.67));
#5596=CARTESIAN_POINT('',(-1.75,2.75,-3.42));
#5597=CARTESIAN_POINT('',(1.75,4.5,6.75));
#5598=CARTESIAN_POINT('',(1.75,4.71431544534223,6.36423219838398));
#5599=CARTESIAN_POINT('',(1.75,6.,4.05));
#5600=CARTESIAN_POINT('',(1.75,6.,4.05));
#5601=CARTESIAN_POINT('',(1.75,6.,0.650000000000001));
#5602=CARTESIAN_POINT('',(1.75,6.,0.650000000000001));
#5603=CARTESIAN_POINT('',(1.75,5.9,0.650000000000001));
#5604=CARTESIAN_POINT('',(1.75,5.9,0.650000000000001));
#5605=CARTESIAN_POINT('',(1.75,5.9,-0.65));
#5606=CARTESIAN_POINT('',(1.75,5.9,-0.65));
#5607=CARTESIAN_POINT('',(1.75,5.2,-4.52));
#5608=CARTESIAN_POINT('',(1.05,4.1,-4.52));
#5609=CARTESIAN_POINT('',(1.05,4.1,-4.52));
#5610=CARTESIAN_POINT('',(1.05,3.5,-4.52));
#5611=CARTESIAN_POINT('',(-0.45,4.1,-4.52));
#5612=CARTESIAN_POINT('',(-0.7,5.2,-4.52));
#5613=CARTESIAN_POINT('',(1.75,-5.2,-4.52));
#5614=CARTESIAN_POINT('',(-0.700000000000002,-5.2,-4.52));
#5615=CARTESIAN_POINT('',(-0.700000000000002,-5.2,-4.52));
#5616=CARTESIAN_POINT('',(-0.700000000000002,-6.,-4.52));
#5617=CARTESIAN_POINT('',(-0.700000000000002,-6.,-4.52));
#5618=CARTESIAN_POINT('',(-0.45,-1.7,-4.52));
#5619=CARTESIAN_POINT('',(1.05,-1.7,-4.52));
#5620=CARTESIAN_POINT('',(1.05,-1.1,-4.52));
#5621=CARTESIAN_POINT('',(1.05,-1.1,-4.52));
#5622=CARTESIAN_POINT('',(-0.45,-1.1,-4.52));
#5623=CARTESIAN_POINT('',(-0.45,3.5,-4.52));
#5624=CARTESIAN_POINT('',(1.75,-5.2,-4.52));
#5625=CARTESIAN_POINT('',(-0.700000000000002,-5.2,-4.52));
#5626=CARTESIAN_POINT('',(-0.700000000000002,-5.2,-4.75));
#5627=CARTESIAN_POINT('',(1.75,-5.2,-4.75));
#5628=CARTESIAN_POINT('',(1.75,-5.2,-4.75));
#5629=CARTESIAN_POINT('',(-0.700000000000002,-5.2,-4.75));
#5630=CARTESIAN_POINT('',(-0.700000000000002,-6.,-4.75));
#5631=CARTESIAN_POINT('',(1.75,-6.,-4.75));
#5632=CARTESIAN_POINT('',(1.75,-6.,-4.75));
#5633=CARTESIAN_POINT('',(-0.700000000000002,-6.,-4.52));
#5634=CARTESIAN_POINT('',(1.75,-6.,1.84415663045359));
#5635=CARTESIAN_POINT('',(1.75,4.05869748825108,6.));
#5636=CARTESIAN_POINT('',(1.75,4.25,6.72519193941918));
#5637=CARTESIAN_POINT('',(1.05,4.25,6.72519193941918));
#5638=CARTESIAN_POINT('',(1.05,4.05869748825109,6.00000000000005));
#5639=CARTESIAN_POINT('',(1.75,-5.25,1.84415663045359));
#5640=CARTESIAN_POINT('',(-0.45,4.25,6.75));
#5641=CARTESIAN_POINT('',(-0.45,4.25,4.25));
#5642=CARTESIAN_POINT('',(1.05,4.25,4.25));
#5643=CARTESIAN_POINT('',(1.05,4.25,6.72519193941918));
#5644=CARTESIAN_POINT('',(-0.45,4.25,4.25));
#5645=CARTESIAN_POINT('',(-0.45,3.2,4.25));
#5646=CARTESIAN_POINT('',(1.05,3.2,4.25));
#5647=CARTESIAN_POINT('',(1.05,4.25,4.25));
#5648=CARTESIAN_POINT('',(-0.45,3.2,4.25));
#5649=CARTESIAN_POINT('',(-0.45,3.2,2.25));
#5650=CARTESIAN_POINT('',(-0.45,3.2,2.25));
#5651=CARTESIAN_POINT('',(1.05,3.2,2.25));
#5652=CARTESIAN_POINT('',(1.05,3.2,2.25));
#5653=CARTESIAN_POINT('',(1.05,3.2,4.25));
#5654=CARTESIAN_POINT('',(-0.45,3.2,2.25));
#5655=CARTESIAN_POINT('',(-0.45,3.75,2.25));
#5656=CARTESIAN_POINT('',(-0.45,3.75,2.25));
#5657=CARTESIAN_POINT('',(-0.45,3.2,2.25));
#5658=CARTESIAN_POINT('',(-0.45,3.75,2.25));
#5659=CARTESIAN_POINT('',(-0.45,3.75,1.1));
#5660=CARTESIAN_POINT('',(-0.45,3.75,1.1));
#5661=CARTESIAN_POINT('',(-0.45,3.75,2.25));
#5662=CARTESIAN_POINT('',(-0.45,4.9,1.1));
#5663=CARTESIAN_POINT('',(-0.45,4.9,-0.0500000000000001));
#5664=CARTESIAN_POINT('',(1.05,4.9,-0.050000000000001));
#5665=CARTESIAN_POINT('',(1.05,4.89999999999999,1.09999999999999));
#5666=CARTESIAN_POINT('',(1.05,3.75,1.1));
#5667=CARTESIAN_POINT('',(1.05,3.75,1.1));
#5668=CARTESIAN_POINT('',(-0.45,4.9,-0.0500000000000001));
#5669=CARTESIAN_POINT('',(-0.45,4.9,-3.37));
#5670=CARTESIAN_POINT('',(1.05,4.9,-3.37));
#5671=CARTESIAN_POINT('',(1.05,4.9,-0.050000000000001));
#5672=CARTESIAN_POINT('',(-0.45,4.9,-3.37));
#5673=CARTESIAN_POINT('',(-0.45,4.1,-2.67));
#5674=CARTESIAN_POINT('',(1.05,4.1,-2.67));
#5675=CARTESIAN_POINT('',(1.05,4.9,-3.37));
#5676=CARTESIAN_POINT('',(-0.45,4.1,-2.67));
#5677=CARTESIAN_POINT('',(1.05,4.1,-2.67));
#5678=CARTESIAN_POINT('',(-0.45,3.5,-4.52));
#5679=CARTESIAN_POINT('',(-0.45,3.5,-3.42));
#5680=CARTESIAN_POINT('',(1.05,3.5,-3.42));
#5681=CARTESIAN_POINT('',(1.05,3.5,-4.52));
#5682=CARTESIAN_POINT('',(-0.45,2.75,-3.42));
#5683=CARTESIAN_POINT('',(-0.45,2.75,-2.67));
#5684=CARTESIAN_POINT('',(1.05,2.75,-2.67));
#5685=CARTESIAN_POINT('',(1.05,2.75000000000002,-3.41999999999998));
#5686=CARTESIAN_POINT('',(-0.45,2.75,-2.67));
#5687=CARTESIAN_POINT('',(-0.45,-1.1,-2.67));
#5688=CARTESIAN_POINT('',(1.05,-1.1,-2.67));
#5689=CARTESIAN_POINT('',(1.05,2.75,-2.67));
#5690=CARTESIAN_POINT('',(-0.45,-1.1,-2.67));
#5691=CARTESIAN_POINT('',(1.05,-1.1,-2.67));
#5692=CARTESIAN_POINT('',(-0.45,-1.7,-4.52));
#5693=CARTESIAN_POINT('',(-0.45,-1.7,-3.42));
#5694=CARTESIAN_POINT('',(1.05,-1.7,-3.42));
#5695=CARTESIAN_POINT('',(1.05,-1.7,-4.52));
#5696=CARTESIAN_POINT('',(-0.45,-2.45,-3.42));
#5697=CARTESIAN_POINT('',(-0.45,-2.45,-2.67));
#5698=CARTESIAN_POINT('',(1.05,-2.45,-2.67));
#5699=CARTESIAN_POINT('',(1.05,-2.45,-3.42));
#5700=CARTESIAN_POINT('',(-0.45,-2.45,-2.67));
#5701=CARTESIAN_POINT('',(-0.45,-3.85,-2.67));
#5702=CARTESIAN_POINT('',(1.05,-3.85,-2.67));
#5703=CARTESIAN_POINT('',(1.05,-2.45,-2.67));
#5704=CARTESIAN_POINT('',(-0.45,-3.85,-1.32));
#5705=CARTESIAN_POINT('',(1.05,-3.85,-1.32));
#5706=CARTESIAN_POINT('',(-0.45,1.15,2.65));
#5707=CARTESIAN_POINT('',(1.05,1.15,3.05));
#5708=CARTESIAN_POINT('',(1.05,1.15,3.05));
#5709=CARTESIAN_POINT('',(1.05,1.15,3.05));
#5710=CARTESIAN_POINT('',(-0.45,1.15,3.05));
#5711=CARTESIAN_POINT('',(-0.45,1.15,2.65));
#5712=CARTESIAN_POINT('',(-0.45,4.9,1.1));
#5713=CARTESIAN_POINT('',(-0.45,3.75,0.6));
#5714=CARTESIAN_POINT('',(-0.45,3.75,0.6));
#5715=CARTESIAN_POINT('',(-0.45,1.15,2.65));
#5716=CARTESIAN_POINT('',(-0.45,3.2,2.25));
#5717=CARTESIAN_POINT('',(1.05,3.2,2.25));
#5718=CARTESIAN_POINT('',(1.05,3.2,2.25));
#5719=CARTESIAN_POINT('',(1.05,4.05869748825109,6.00000000000005));
#5720=CARTESIAN_POINT('',(1.05,1.15,2.65));
#5721=CARTESIAN_POINT('',(1.05,3.75,0.6));
#5722=CARTESIAN_POINT('',(1.05,3.75,0.6));
#5723=CARTESIAN_POINT('',(1.05,1.15,2.65));
#5724=CARTESIAN_POINT('',(1.05,3.75,0.6));
#5725=CARTESIAN_POINT('',(1.05,3.75,0.6));
#5726=CARTESIAN_POINT('',(1.05,4.89999999999999,1.09999999999999));
#5727=CARTESIAN_POINT('',(1.05,-2.35,-0.470000000000001));
#5728=CARTESIAN_POINT('',(1.05,-2.35,-0.470000000000001));
#5729=CARTESIAN_POINT('',(1.05,-3.7,-0.47));
#5730=CARTESIAN_POINT('',(1.05,-3.7,-1.37));
#5731=CARTESIAN_POINT('',(1.05,-3.7,-2.27));
#5732=CARTESIAN_POINT('',(1.05,-3.7,-2.27));
#5733=CARTESIAN_POINT('',(1.05,1.4,-2.27));
#5734=CARTESIAN_POINT('',(1.05,1.4,-2.27));
#5735=CARTESIAN_POINT('',(1.05,1.4,-1.57));
#5736=CARTESIAN_POINT('',(1.05,1.4,-1.57));
#5737=CARTESIAN_POINT('',(-1.75,0.,0.));
#5738=CARTESIAN_POINT('',(-1.75,-2.8,-1.37));
#5739=CARTESIAN_POINT('',(-1.75,-2.8,-0.770000000000001));
#5740=CARTESIAN_POINT('',(-1.75,1.4,-2.27));
#5741=CARTESIAN_POINT('',(-1.75,1.4,-2.27));
#5742=CARTESIAN_POINT('',(-1.75,1.4,-1.57));
#5743=CARTESIAN_POINT('',(-1.75,-3.7,-2.27));
#5744=CARTESIAN_POINT('',(-1.75,-3.7,-2.27));
#5745=CARTESIAN_POINT('',(-1.75,-3.7,-1.37));
#5746=CARTESIAN_POINT('',(-1.75,-3.7,-0.47));
#5747=CARTESIAN_POINT('',(-1.75,-2.35,-0.470000000000001));
#5748=CARTESIAN_POINT('',(-1.75,-2.35,-0.470000000000001));
#5749=CARTESIAN_POINT('',(-1.75,1.4,-1.57));
#5750=CARTESIAN_POINT('',(-0.45,1.4,-1.57));
#5751=CARTESIAN_POINT('',(-0.45,1.4,-1.57));
#5752=CARTESIAN_POINT('',(-0.45,-2.35,-0.470000000000001));
#5753=CARTESIAN_POINT('',(-0.45,1.4,-2.27));
#5754=CARTESIAN_POINT('',(-0.45,1.4,-2.27));
#5755=CARTESIAN_POINT('',(-0.45,-3.7,-2.27));
#5756=CARTESIAN_POINT('',(-0.45,-3.7,-2.27));
#5757=CARTESIAN_POINT('',(-0.45,-3.7,-1.37));
#5758=CARTESIAN_POINT('',(-0.45,-3.7,-0.47));
#5759=CARTESIAN_POINT('',(-0.45,-2.35,-0.470000000000001));
#5760=CARTESIAN_POINT('',(-0.7,5.2,-4.52));
#5761=CARTESIAN_POINT('',(-0.700000000000002,-5.2,-4.52));
#5762=CARTESIAN_POINT('',(-3.25,4.6,3.65));
#5763=CARTESIAN_POINT('',(-3.25,4.6,3.65));
#5764=CARTESIAN_POINT('',(-3.25,4.,3.65));
#5765=CARTESIAN_POINT('',(-3.25,4.6,3.65));
#5766=CARTESIAN_POINT('',(-3.25,4.7,0.95));
#5767=CARTESIAN_POINT('',(-3.25,4.7,0.95));
#5768=CARTESIAN_POINT('',(-3.25,4.1,0.95));
#5769=CARTESIAN_POINT('',(-3.25,4.7,0.95));
#5770=CARTESIAN_POINT('',(-3.25,-2.8,-1.37));
#5771=CARTESIAN_POINT('',(-3.25,-2.8,-1.37));
#5772=CARTESIAN_POINT('',(-3.25,-3.4,-1.37));
#5773=CARTESIAN_POINT('',(-3.25,-2.8,-1.37));
#5774=CARTESIAN_POINT('',(-3.25,-4.2,2.33));
#5775=CARTESIAN_POINT('',(-3.25,-4.2,2.33));
#5776=CARTESIAN_POINT('',(-3.25,-4.8,2.33));
#5777=CARTESIAN_POINT('',(-3.25,-4.2,2.33));
#5778=CARTESIAN_POINT('',(-3.25,-4.6,-3.37));
#5779=CARTESIAN_POINT('',(-3.25,-4.6,-3.37));
#5780=CARTESIAN_POINT('',(-3.25,-5.2,-3.37));
#5781=CARTESIAN_POINT('',(-3.25,-4.6,-3.37));
#5782=CARTESIAN_POINT('',(1.05,-2.28,-3.77));
#5783=CARTESIAN_POINT('',(1.05,-2.28,-3.77));
#5784=CARTESIAN_POINT('',(1.05,-2.28,-3.77));
#5785=CARTESIAN_POINT('',(1.05,-2.28,-3.77));
#5786=CARTESIAN_POINT('',(1.05,-2.28,-3.02));
#5787=CARTESIAN_POINT('',(1.05,-2.28,-3.02));
#5788=CARTESIAN_POINT('',(1.05,-2.28,-3.02));
#5789=CARTESIAN_POINT('',(1.05,-2.28,-3.02));
#5790=CARTESIAN_POINT('',(1.05,-3.6,-3.02));
#5791=CARTESIAN_POINT('',(1.05,-3.6,-3.02));
#5792=CARTESIAN_POINT('',(1.05,-3.6,-3.02));
#5793=CARTESIAN_POINT('',(1.05,-3.6,-3.02));
#5794=CARTESIAN_POINT('',(1.05,-3.6,-3.77));
#5795=CARTESIAN_POINT('',(1.05,-3.6,-3.77));
#5796=CARTESIAN_POINT('',(1.05,-3.6,-3.77));
#5797=CARTESIAN_POINT('',(1.05,-3.6,-3.77));
#5798=CARTESIAN_POINT('',(1.05,0.,0.));
#5799=CARTESIAN_POINT('',(0.,-1.38374561733647,6.72561423806434));
#5800=CARTESIAN_POINT('',(0.814407400182903,0.305591767369319,1.80559176736932));
#5801=CARTESIAN_POINT('',(0.945893450425105,-0.383113097947119,3.32409886224606));
#5802=CARTESIAN_POINT('',(1.02421607463899,-1.18111843411608,4.79289605080077));
#5803=CARTESIAN_POINT('',(1.03186197984517,-1.97545243396351,6.26398195639286));
#5804=CARTESIAN_POINT('',(-1.03186197984517,-1.9754524339635,6.26398195639286));
#5805=CARTESIAN_POINT('',(-1.0242161386469,-1.18112508390505,4.79290836603697));
#5806=CARTESIAN_POINT('',(-0.94588414859851,-0.383064376328207,3.32399143724049));
#5807=CARTESIAN_POINT('',(-0.814407400182903,0.305591767369319,1.80559176736932));
#5808=CARTESIAN_POINT('',(-1.13947900998993,-2.78200052077889,5.81159986193192));
#5809=CARTESIAN_POINT('',(-0.673064868566953,-2.41981380211932,6.0145582177093));
#5810=CARTESIAN_POINT('',(-1.03199237120767,-1.98981402171743,6.29057398061968));
#5811=CARTESIAN_POINT('',(-1.13269314676039,-2.31339387550731,5.10231370215587));
#5812=CARTESIAN_POINT('',(-0.755682096465473,-2.00831445100596,5.34270169186536));
#5813=CARTESIAN_POINT('',(-1.0285470857318,-1.58603038708263,5.5430728210989));
#5814=CARTESIAN_POINT('',(-1.0748538638687,-1.37292760658661,3.6885739422036));
#5815=CARTESIAN_POINT('',(-0.859392206872582,-1.16667954984346,3.95942209391932));
#5816=CARTESIAN_POINT('',(-0.985031397271037,-0.791207467345815,4.04031798785703));
#5817=CARTESIAN_POINT('',(-0.930960565275894,-0.403374401354442,2.30253020351927));
#5818=CARTESIAN_POINT('',(-0.839456609703928,-0.230813598562751,2.43481652958276));
#5819=CARTESIAN_POINT('',(-0.877757963064397,-0.0210523359356704,2.53196594978944));
#5820=CARTESIAN_POINT('',(-0.839178652857199,0.0608515099753419,1.61568644765577));
#5821=CARTESIAN_POINT('',(-0.791266915138165,0.19041562106048,1.68655932877089));
#5822=CARTESIAN_POINT('',(-0.810104511916155,0.327959904379396,1.75607244871248));
#5823=CARTESIAN_POINT('',(1.03199238654767,-1.98981581956259,6.2905773088658));
#5824=CARTESIAN_POINT('',(0.673064477117012,-2.41981575184937,6.01456140104082));
#5825=CARTESIAN_POINT('',(1.13947904020382,-2.78200260724821,5.81160302002594));
#5826=CARTESIAN_POINT('',(1.02854672226792,-1.58598130828822,5.54298200127906));
#5827=CARTESIAN_POINT('',(0.755691590347497,-2.00826771193464,5.34262538429299));
#5828=CARTESIAN_POINT('',(1.13269238930161,-2.31333694542971,5.10222750855482));
#5829=CARTESIAN_POINT('',(0.985000767966415,-0.791047791073888,4.03996763497962));
#5830=CARTESIAN_POINT('',(0.859369956270055,-1.16645343953245,3.95902582164889));
#5831=CARTESIAN_POINT('',(1.07481255820449,-1.37271655593738,3.68826254777556));
#5832=CARTESIAN_POINT('',(0.877809420024064,-0.0213154989278107,2.53255383399914));
#5833=CARTESIAN_POINT('',(0.839494690309823,-0.231139569123415,2.43539763711086));
#5834=CARTESIAN_POINT('',(0.931030363398798,-0.40372496197304,2.30305002030536));
#5835=CARTESIAN_POINT('',(0.810102676183609,0.327969374568063,1.75605139537666));
#5836=CARTESIAN_POINT('',(0.7912656383179,0.190426781735913,1.68653950329931));
#5837=CARTESIAN_POINT('',(0.83917616241501,0.0608641064088672,1.6156678106318));
#5838=CARTESIAN_POINT('',(-0.0500000000000001,4.6,3.65));
#5839=CARTESIAN_POINT('',(-0.0500000000000001,4.6,3.65));
#5840=CARTESIAN_POINT('',(-0.0500000000000001,5.2,3.65));
#5841=CARTESIAN_POINT('',(-0.0500000000000001,4.6,3.65));
#5842=CARTESIAN_POINT('',(-0.0500000000000001,-4.2,2.33));
#5843=CARTESIAN_POINT('',(-0.0500000000000001,-4.2,2.33));
#5844=CARTESIAN_POINT('',(-0.0500000000000001,-3.6,2.33));
#5845=CARTESIAN_POINT('',(-0.0500000000000001,-4.2,2.33));
#5846=CARTESIAN_POINT('',(-0.0500000000000001,-2.8,-1.37));
#5847=CARTESIAN_POINT('',(-0.0500000000000001,-2.8,-1.37));
#5848=CARTESIAN_POINT('',(-0.0500000000000001,-2.2,-1.37));
#5849=CARTESIAN_POINT('',(-0.0500000000000001,-2.8,-1.37));
#5850=CARTESIAN_POINT('',(-0.0500000000000001,-4.6,-3.37));
#5851=CARTESIAN_POINT('',(-0.0500000000000001,-4.6,-3.37));
#5852=CARTESIAN_POINT('',(-0.0500000000000001,-4.,-3.37));
#5853=CARTESIAN_POINT('',(-0.0500000000000001,-4.6,-3.37));
#5854=CARTESIAN_POINT('',(-0.0500000000000001,4.7,0.95));
#5855=CARTESIAN_POINT('',(-0.0500000000000001,4.7,0.95));
#5856=CARTESIAN_POINT('',(-0.0500000000000001,5.3,0.95));
#5857=CARTESIAN_POINT('',(-0.0500000000000001,4.7,0.95));
#5858=CARTESIAN_POINT('',(1.25,1.7,0.5));
#5859=CARTESIAN_POINT('',(1.5,1.7,0.75));
#5860=CARTESIAN_POINT('',(1.25,1.7,1.));
#5861=CARTESIAN_POINT('',(1.25,1.7,0.5));
#5862=CARTESIAN_POINT('',(1.25,1.7,4.));
#5863=CARTESIAN_POINT('',(1.25,1.7,4.));
#5864=CARTESIAN_POINT('',(1.25,1.7,4.));
#5865=CARTESIAN_POINT('',(1.25,1.7,4.));
#5866=CARTESIAN_POINT('',(1.25,3.1,4.));
#5867=CARTESIAN_POINT('',(1.25,3.1,4.));
#5868=CARTESIAN_POINT('',(1.25,3.1,4.));
#5869=CARTESIAN_POINT('',(1.25,3.1,4.));
#5870=CARTESIAN_POINT('',(1.25,3.1,1.));
#5871=CARTESIAN_POINT('',(-0.25,3.1,2.5));
#5872=CARTESIAN_POINT('',(1.25,0.,0.));
#5873=CARTESIAN_POINT('',(1.25,-1.54886024640786E-16,1.));
#5874=CARTESIAN_POINT('',(1.25,1.7,5.15));
#5875=CARTESIAN_POINT('',(1.59615384615385,1.7,5.38076923076923));
#5876=CARTESIAN_POINT('',(1.25,1.7,5.9));
#5877=CARTESIAN_POINT('',(1.25,1.7,5.15));
#5878=CARTESIAN_POINT('',(1.25,3.1,6.75));
#5879=CARTESIAN_POINT('',(1.25,3.1,6.75));
#5880=CARTESIAN_POINT('',(1.25,3.1,5.9));
#5881=CARTESIAN_POINT('',(0.857692307692308,3.1,6.48846153846154));
#5882=CARTESIAN_POINT('',(1.25,0.,0.));
#5883=CARTESIAN_POINT('',(1.25,0.,5.9));
#5884=CARTESIAN_POINT('',(1.75,3.1,0.500000000000001));
#5885=CARTESIAN_POINT('',(1.75,3.1,5.15));
#5886=CARTESIAN_POINT('',(0.,0.,0.));
#5887=CARTESIAN_POINT('',(0.4,0.862836037979686,-6.39878731889699));
#5888=CARTESIAN_POINT('',(1.3,-1.51642766196488,1.38343358413095));
#5889=CARTESIAN_POINT('',(0.3,-1.51642766196488,1.38343358413095));
#5890=CARTESIAN_POINT('',(0.4,-1.51642766196488,1.38343358413095));
#5891=CARTESIAN_POINT('',(0.3,-1.51642766196488,1.38343358413095));
#5892=CARTESIAN_POINT('',(0.3,-1.63337634385397,1.76595548651616));
#5893=CARTESIAN_POINT('',(0.4,-1.63337634385397,1.76595548651616));
#5894=CARTESIAN_POINT('',(0.4,-1.63337634385397,1.76595548651616));
#5895=CARTESIAN_POINT('',(0.4,0.862836037979686,-6.39878731889699));
#5896=CARTESIAN_POINT('',(0.4,0.862836037979686,-6.39878731889699));
#5897=CARTESIAN_POINT('',(0.4,-1.63337634385397,1.76595548651616));
#5898=CARTESIAN_POINT('',(-1.1,-1.63337634385397,1.76595548651616));
#5899=CARTESIAN_POINT('',(-1.3,-1.63337634385397,1.76595548651616));
#5900=CARTESIAN_POINT('',(-1.1,-1.51642766196488,1.38343358413095));
#5901=CARTESIAN_POINT('',(-1.1,-1.51642766196488,1.38343358413095));
#5902=CARTESIAN_POINT('',(1.3,-1.51642766196488,1.38343358413095));
#5903=CARTESIAN_POINT('',(-1.3,-1.51642766196488,1.38343358413095));
#5904=CARTESIAN_POINT('',(-1.3,0.862836037979686,-6.39878731889699));
#5905=CARTESIAN_POINT('',(1.3,1.75074711131022,2.80058585660375));
#5906=CARTESIAN_POINT('',(1.3,1.86769579319932,2.41806395421853));
#5907=CARTESIAN_POINT('',(1.3,1.86769579319932,2.41806395421853));
#5908=CARTESIAN_POINT('',(0.4,1.86769579319932,2.41806395421853));
#5909=CARTESIAN_POINT('',(0.4,4.24695949314388,-5.3641569488094));
#5910=CARTESIAN_POINT('',(0.4,1.75074711131022,2.80058585660375));
#5911=CARTESIAN_POINT('',(1.3,1.75074711131022,2.80058585660375));
#5912=CARTESIAN_POINT('',(1.3,1.75074711131022,2.80058585660375));
#5913=CARTESIAN_POINT('',(1.3,1.75074711131022,2.80058585660375));
#5914=CARTESIAN_POINT('',(1.3,1.86769579319932,2.41806395421853));
#5915=CARTESIAN_POINT('',(0.4,1.86769579319932,2.41806395421853));
#5916=CARTESIAN_POINT('',(1.3,1.86769579319932,2.41806395421853));
#5917=CARTESIAN_POINT('',(1.3,-3.10508893780847,0.8977310896603));
#5918=CARTESIAN_POINT('',(1.3,-3.10508893780847,0.897731089660301));
#5919=CARTESIAN_POINT('',(-1.3,-3.10508893780847,0.897731089660301));
#5920=CARTESIAN_POINT('',(-1.3,1.86769579319932,2.41806395421853));
#5921=CARTESIAN_POINT('',(0.3,-1.51642766196488,1.38343358413095));
#5922=CARTESIAN_POINT('',(1.3,1.75074711131022,2.80058585660375));
#5923=CARTESIAN_POINT('',(0.4,1.75074711131022,2.80058585660375));
#5924=CARTESIAN_POINT('',(-1.1,-1.63337634385397,1.76595548651616));
#5925=CARTESIAN_POINT('',(-1.3,1.75074711131022,2.80058585660375));
#5926=CARTESIAN_POINT('',(-1.3,-3.22203761969756,1.28025299204551));
#5927=CARTESIAN_POINT('',(1.3,-3.22203761969756,1.28025299204551));
#5928=CARTESIAN_POINT('',(1.3,-3.22203761969756,1.28025299204551));
#5929=CARTESIAN_POINT('',(1.3,1.75074711131022,2.80058585660375));
#5930=CARTESIAN_POINT('',(1.3,-2.830625,-1.33875));
#5931=CARTESIAN_POINT('',(1.3,-2.830625,4.58068738220731E-16));
#5932=CARTESIAN_POINT('',(1.3,-2.830625,-1.33875));
#5933=CARTESIAN_POINT('',(1.3,-2.830625,-1.33875));
#5934=CARTESIAN_POINT('',(1.3,2.830625,-1.33875));
#5935=CARTESIAN_POINT('',(1.3,2.830625,-1.33875));
#5936=CARTESIAN_POINT('',(1.3,2.830625,-0.93875));
#5937=CARTESIAN_POINT('',(1.3,-2.830625,-0.93875));
#5938=CARTESIAN_POINT('',(1.3,-2.830625,-0.93875));
#5939=CARTESIAN_POINT('',(1.3,-2.830625,4.58068738220731E-16));
#5940=CARTESIAN_POINT('',(1.3,2.830625,-1.33875));
#5941=CARTESIAN_POINT('',(-1.3,2.830625,-1.33875));
#5942=CARTESIAN_POINT('',(-1.3,2.830625,-1.33875));
#5943=CARTESIAN_POINT('',(-1.3,2.830625,-0.93875));
#5944=CARTESIAN_POINT('',(1.3,2.830625,-0.93875));
#5945=CARTESIAN_POINT('',(1.3,2.830625,-1.33875));
#5946=CARTESIAN_POINT('',(-1.3,1.75074711131022,2.80058585660375));
#5947=CARTESIAN_POINT('',(-1.3,-2.830625,4.58068738220731E-16));
#5948=CARTESIAN_POINT('',(-1.3,-2.830625,-0.93875));
#5949=CARTESIAN_POINT('',(-1.3,-2.830625,-0.93875));
#5950=CARTESIAN_POINT('',(-1.3,-2.830625,-1.33875));
#5951=CARTESIAN_POINT('',(-1.3,-2.830625,-1.33875));
#5952=CARTESIAN_POINT('',(-1.3,-2.830625,4.58068738220731E-16));
#5953=CARTESIAN_POINT('',(1.3,-2.830625,4.58068738220731E-16));
#5954=CARTESIAN_POINT('',(1.3,-2.830625,-0.93875));
#5955=CARTESIAN_POINT('',(1.3,-2.830625,-0.93875));
#5956=CARTESIAN_POINT('',(1.3,-2.830625,4.58068738220731E-16));
#5957=CARTESIAN_POINT('',(1.3,-2.830625,-1.33875));
#5958=CARTESIAN_POINT('',(1.3,-2.830625,-1.33875));
#5959=CARTESIAN_POINT('',(0.4,4.24695949314388,-5.3641569488094));
#5960=CARTESIAN_POINT('',(-0.799999999999999,-2.78665807822531,7.24832187715127));
#5961=CARTESIAN_POINT('',(-0.799999999999999,-2.78665807822531,7.24832187715127));
#5962=CARTESIAN_POINT('',(-0.599999999999999,-2.78665807822531,7.24832187715127));
#5963=CARTESIAN_POINT('',(-0.2,-2.78665807822531,7.24832187715127));
#5964=CARTESIAN_POINT('',(-0.199999999999999,-2.78665807822531,7.24832187715127));
#5965=CARTESIAN_POINT('',(-0.199999999999999,-2.40413617584009,7.36527055904035));
#5966=CARTESIAN_POINT('',(-0.799999999999999,-2.40413617584009,7.36527055904035));
#5967=CARTESIAN_POINT('',(-0.599999999999999,-2.40413617584009,7.36527055904035));
#5968=CARTESIAN_POINT('',(-0.599999999999999,-2.78665807822531,7.24832187715127));
#5969=CARTESIAN_POINT('',(-0.799999999999999,-2.4095463501867,6.01484499403487));
#5970=CARTESIAN_POINT('',(6.50521303491303E-16,-2.4095463501867,6.01484499403487));
#5971=CARTESIAN_POINT('',(6.50521303491303E-16,-2.4095463501867,6.01484499403487));
#5972=CARTESIAN_POINT('',(7.52429791230143E-16,-2.59661647015557,6.62672378577529));
#5973=CARTESIAN_POINT('',(-0.199999999999999,-2.78665807822531,7.24832187715127));
#5974=CARTESIAN_POINT('',(-0.799999999999999,-2.59661647015557,6.62672378577529));
#5975=CARTESIAN_POINT('',(-0.799999999999999,-2.59661647015557,6.62672378577529));
#5976=CARTESIAN_POINT('',(-0.799999999999999,-2.4095463501867,6.01484499403487));
#5977=CARTESIAN_POINT('',(-0.799999999999999,-2.4095463501867,6.01484499403487));
#5978=CARTESIAN_POINT('',(-0.799999999999999,-2.4095463501867,6.01484499403487));
#5979=CARTESIAN_POINT('',(-0.799999999999999,-2.01746140024186,6.13471739297119));
#5980=CARTESIAN_POINT('',(5.42101086242752E-16,-2.01746140024186,6.13471739297119));
#5981=CARTESIAN_POINT('',(4.33680868994202E-16,-2.19020291103915,5.76288359885414));
#5982=CARTESIAN_POINT('',(-0.799999999999999,-2.01746140024186,6.13471739297119));
#5983=CARTESIAN_POINT('',(-0.799999999999999,-2.19020291103915,5.76288359885414));
#5984=CARTESIAN_POINT('',(-0.799999999999999,-2.19020291103915,5.76288359885414));
#5985=CARTESIAN_POINT('',(-0.799999999999999,-2.36294442183643,5.3910498047371));
#5986=CARTESIAN_POINT('',(4.33680868994202E-16,-2.36294442183643,5.3910498047371));
#5987=CARTESIAN_POINT('',(4.33680868994202E-16,-2.0118084001047,5.17938144564105));
#5988=CARTESIAN_POINT('',(-0.799999999999999,-2.36294442183643,5.3910498047371));
#5989=CARTESIAN_POINT('',(-0.799999999999999,-2.0118084001047,5.17938144564105));
#5990=CARTESIAN_POINT('',(-0.799999999999999,-2.0118084001047,5.17938144564105));
#5991=CARTESIAN_POINT('',(-0.799999999999999,-1.66067237837298,4.96771308654499));
#5992=CARTESIAN_POINT('',(4.33680868994202E-16,-1.66067237837298,4.96771308654499));
#5993=CARTESIAN_POINT('',(4.33680868994202E-16,-2.05275732831783,4.84784068760867));
#5994=CARTESIAN_POINT('',(-0.799999999999999,-1.66067237837298,4.96771308654499));
#5995=CARTESIAN_POINT('',(-0.799999999999999,-2.05275732831783,4.84784068760867));
#5996=CARTESIAN_POINT('',(-0.799999999999999,-2.05275732831783,4.84784068760867));
#5997=CARTESIAN_POINT('',(-0.799999999999999,-1.66067237837298,4.96771308654499));
#5998=CARTESIAN_POINT('',(2.16840434497101E-16,-1.66067237837298,4.96771308654499));
#5999=CARTESIAN_POINT('',(4.33680868994202E-16,-1.67023542593261,4.96478936949777));
#6000=CARTESIAN_POINT('',(2.16840434497101E-16,-1.66923667158595,4.97287572944977));
#6001=CARTESIAN_POINT('',(-0.8,-1.67023542593261,4.96478936949777));
#6002=CARTESIAN_POINT('',(-0.799999999999999,-1.67023542593261,4.96478936949776));
#6003=CARTESIAN_POINT('',(-0.799999999999999,-1.66067237837298,4.96771308654499));
#6004=CARTESIAN_POINT('',(-0.799999999999999,-1.66923667158594,4.97287572944978));
#6005=CARTESIAN_POINT('',(-0.799999999999999,-1.66923667158595,4.97287572944977));
#6006=CARTESIAN_POINT('',(-0.799999999999999,-2.36294442183643,5.3910498047371));
#6007=CARTESIAN_POINT('',(2.16840434497101E-16,-2.36294442183643,5.3910498047371));
#6008=CARTESIAN_POINT('',(2.16840434497101E-16,-2.02167460782228,6.1256482760415));
#6009=CARTESIAN_POINT('',(-0.799999999999999,-2.36294442183643,5.3910498047371));
#6010=CARTESIAN_POINT('',(-0.799999999999999,-2.02167460782228,6.12564827604151));
#6011=CARTESIAN_POINT('',(-0.799999999999999,-2.02167460782228,6.1256482760415));
#6012=CARTESIAN_POINT('',(-0.799999999999999,-2.01746140024186,6.13471739297119));
#6013=CARTESIAN_POINT('',(2.16840434497101E-16,-2.01746140024186,6.13471739297119));
#6014=CARTESIAN_POINT('',(4.33680868994202E-16,-2.02702444780149,6.13179367592396));
#6015=CARTESIAN_POINT('',(-0.799999999999999,-2.01746140024186,6.13471739297119));
#6016=CARTESIAN_POINT('',(-0.799999999999999,-2.02702444780148,6.13179367592394));
#6017=CARTESIAN_POINT('',(-0.799999999999999,-2.02702444780149,6.13179367592396));
#6018=CARTESIAN_POINT('',(-0.799999999999999,-2.02702444780148,6.13179367592394));
#6019=CARTESIAN_POINT('',(0.11065677644107,-2.10894760907697,6.39975226249643));
#6020=CARTESIAN_POINT('',(1.0842021724855E-15,-2.21409456777035,6.74367246766436));
#6021=CARTESIAN_POINT('',(1.0842021724855E-15,-2.02702444780148,6.13179367592394));
#6022=CARTESIAN_POINT('',(-0.799999999999999,-2.02702444780148,6.13179367592394));
#6023=CARTESIAN_POINT('',(-0.799999999999999,-2.21409456777035,6.74367246766437));
#6024=CARTESIAN_POINT('',(-0.979845965630257,-2.04320348520419,6.18471292277717));
#6025=CARTESIAN_POINT('',(-0.799999999999999,-2.4095463501867,6.01484499403487));
#6026=CARTESIAN_POINT('',(-0.799999999999999,-2.59661647015557,6.62672378577529));
#6027=CARTESIAN_POINT('',(-0.8,-0.91888791584861,2.50724239874815));
#6028=CARTESIAN_POINT('',(-0.8,-0.918887915848608,2.50724239874815));
#6029=CARTESIAN_POINT('',(-0.8,-1.77956219621534,2.24410786449768));
#6030=CARTESIAN_POINT('',(-0.8,-1.15214329230619,1.59885944798087));
#6031=CARTESIAN_POINT('',(-0.8,-1.15214329230619,1.59885944798087));
#6032=CARTESIAN_POINT('',(-0.8,-1.43099613848804,1.88563652198834));
#6033=CARTESIAN_POINT('',(-0.8,-1.77956219621534,2.24410786449768));
#6034=CARTESIAN_POINT('',(-0.8,-1.30140981823382,2.39029371685905));
#6035=CARTESIAN_POINT('',(-0.8,-1.30140981823382,2.39029371685905));
#6036=CARTESIAN_POINT('',(-0.8,-1.30140981823382,2.39029371685905));
#6037=CARTESIAN_POINT('',(0.,-1.30140981823382,2.39029371685905));
#6038=CARTESIAN_POINT('',(-2.13234210744568E-16,-1.30140981823382,2.39029371685904));
#6039=CARTESIAN_POINT('',(-0.8,-1.30140981823382,2.39029371685905));
#6040=CARTESIAN_POINT('',(0.,-1.77956219621534,2.24410786449768));
#6041=CARTESIAN_POINT('',(7.05577947074469E-16,-3.07476884813685,6.48053793341402));
#6042=CARTESIAN_POINT('',(-1.0842021724855E-15,-1.77956219621534,2.24410786449768));
#6043=CARTESIAN_POINT('',(-4.84078090573675E-16,-1.43099613848804,1.88563652198834));
#6044=CARTESIAN_POINT('',(-4.84078090573675E-16,-1.43099613848804,1.88563652198834));
#6045=CARTESIAN_POINT('',(-4.33680868994202E-16,-1.15214329230619,1.59885944798087));
#6046=CARTESIAN_POINT('',(-6.50521303491303E-16,-1.77956219621534,2.24410786449768));
#6047=CARTESIAN_POINT('',(-4.33680868994202E-16,-0.918887915848607,2.50724239874814));
#6048=CARTESIAN_POINT('',(0.,-0.91888791584861,2.50724239874815));
#6049=CARTESIAN_POINT('',(-0.8,-0.91888791584861,2.50724239874815));
#6050=CARTESIAN_POINT('',(-0.8,-0.918887915848607,2.50724239874814));
#6051=CARTESIAN_POINT('',(0.3,-1.51642766196488,1.38343358413095));
#6052=CARTESIAN_POINT('',(0.260730091830127,-1.51642766196488,1.38343358413095));
#6053=CARTESIAN_POINT('',(0.221475634692216,-1.50573338465922,1.3865090272832));
#6054=CARTESIAN_POINT('',(0.14891430588873,-1.46528126758666,1.40049333076195));
#6055=CARTESIAN_POINT('',(0.115635984007526,-1.43553907075591,1.4115144805043));
#6056=CARTESIAN_POINT('',(0.060099947280546,-1.3638428311159,1.44489508719633));
#6057=CARTESIAN_POINT('',(0.0378640834937219,-1.32197328832806,1.46739574563414));
#6058=CARTESIAN_POINT('',(0.00780819699950528,-1.23609617703814,1.52486241945778));
#6059=CARTESIAN_POINT('',(-1.70323543677078E-16,-1.19225184642894,1.55985917394546));
#6060=CARTESIAN_POINT('',(-1.34083085742473E-16,-1.15214329230619,1.59885944798087));
#6061=CARTESIAN_POINT('',(0.3,-1.63337634385397,1.76595548651616));
#6062=CARTESIAN_POINT('',(0.260730091830127,-1.63337634385397,1.76595548651616));
#6063=CARTESIAN_POINT('',(0.221475634692216,-1.62743507868416,1.76766406604519));
#6064=CARTESIAN_POINT('',(0.14891430588873,-1.60496168031052,1.77543312353338));
#6065=CARTESIAN_POINT('',(0.115635984007526,-1.58843823762677,1.78155598450136));
#6066=CARTESIAN_POINT('',(0.060099947280546,-1.54860699338232,1.80010076599693));
#6067=CARTESIAN_POINT('',(0.0378640834937218,-1.52534613627796,1.81260113179571));
#6068=CARTESIAN_POINT('',(0.00780819699950517,-1.47763663000578,1.84452706169773));
#6069=CARTESIAN_POINT('',(-2.50590199927076E-16,-1.45327866855623,1.86396970307978));
#6070=CARTESIAN_POINT('',(-2.30456612185629E-16,-1.43099613848804,1.88563652198834));
#6071=CARTESIAN_POINT('',(0.3,-1.63337634385397,1.76595548651616));
#6072=CARTESIAN_POINT('',(0.14292036732051,-1.63337634385397,1.76595548651616));
#6073=CARTESIAN_POINT('',(-3.47740998366328E-16,-1.52009194039862,1.79900261643084));
#6074=CARTESIAN_POINT('',(-2.67237656076575E-16,-1.43099613848804,1.88563652198834));
#6075=CARTESIAN_POINT('',(0.3,-1.51642766196488,1.38343358413095));
#6076=CARTESIAN_POINT('',(0.14292036732051,-1.51642766196488,1.38343358413095));
#6077=CARTESIAN_POINT('',(-2.78989101864029E-16,-1.31251573574525,1.44291841797736));
#6078=CARTESIAN_POINT('',(-1.34083085742473E-16,-1.1521432923062,1.59885944798087));
#6079=CARTESIAN_POINT('',(-0.8,-1.15214329230619,1.59885944798087));
#6080=CARTESIAN_POINT('',(-0.8,-1.19225184642894,1.55985917394546));
#6081=CARTESIAN_POINT('',(-0.807808196999505,-1.23609617703814,1.52486241945778));
#6082=CARTESIAN_POINT('',(-0.837864083493722,-1.32197328832806,1.46739574563414));
#6083=CARTESIAN_POINT('',(-0.860099947280546,-1.3638428311159,1.44489508719633));
#6084=CARTESIAN_POINT('',(-0.915635984007525,-1.43553907075591,1.4115144805043));
#6085=CARTESIAN_POINT('',(-0.94891430588873,-1.46528126758666,1.40049333076195));
#6086=CARTESIAN_POINT('',(-1.02147563469222,-1.50573338465922,1.3865090272832));
#6087=CARTESIAN_POINT('',(-1.06073009183013,-1.51642766196488,1.38343358413095));
#6088=CARTESIAN_POINT('',(-1.1,-1.51642766196488,1.38343358413095));
#6089=CARTESIAN_POINT('',(-0.8,-1.43099613848804,1.88563652198834));
#6090=CARTESIAN_POINT('',(-0.8,-1.45327866855623,1.86396970307978));
#6091=CARTESIAN_POINT('',(-0.807808196999505,-1.47763663000578,1.84452706169773));
#6092=CARTESIAN_POINT('',(-0.837864083493722,-1.52534613627796,1.81260113179571));
#6093=CARTESIAN_POINT('',(-0.860099947280546,-1.54860699338232,1.80010076599693));
#6094=CARTESIAN_POINT('',(-0.915635984007525,-1.58843823762677,1.78155598450136));
#6095=CARTESIAN_POINT('',(-0.94891430588873,-1.60496168031051,1.77543312353338));
#6096=CARTESIAN_POINT('',(-1.02147563469222,-1.62743507868416,1.76766406604519));
#6097=CARTESIAN_POINT('',(-1.06073009183013,-1.63337634385397,1.76595548651616));
#6098=CARTESIAN_POINT('',(-1.1,-1.63337634385397,1.76595548651616));
#6099=CARTESIAN_POINT('',(-0.8,-1.43099613848804,1.88563652198834));
#6100=CARTESIAN_POINT('',(-0.8,-1.52009194039862,1.79900261643084));
#6101=CARTESIAN_POINT('',(-0.94292036732051,-1.63337634385397,1.76595548651616));
#6102=CARTESIAN_POINT('',(-1.1,-1.63337634385397,1.76595548651616));
#6103=CARTESIAN_POINT('',(-0.8,-1.15214329230619,1.59885944798087));
#6104=CARTESIAN_POINT('',(-0.8,-1.31251573574525,1.44291841797737));
#6105=CARTESIAN_POINT('',(-0.94292036732051,-1.51642766196488,1.38343358413095));
#6106=CARTESIAN_POINT('',(-1.1,-1.51642766196488,1.38343358413095));
#6107=CARTESIAN_POINT('',(-1.1,-1.77956219621534,2.24410786449768));
#6108=CARTESIAN_POINT('',(-1.1,-1.77956219621534,2.24410786449768));
#6109=CARTESIAN_POINT('',(-0.199999999999999,-2.78665807822531,7.24832187715127));
#6110=CARTESIAN_POINT('',(-0.799999999999999,-2.59661647015557,6.62672378577529));
#6111=CARTESIAN_POINT('',(-0.25,-1.05430985015213,-0.503655343319202));
#6112=CARTESIAN_POINT('',(1.3,1.4,2.675));
#6113=CARTESIAN_POINT('',(1.3,1.4,2.675));
#6114=CARTESIAN_POINT('',(0.958839764740307,1.4,2.675));
#6115=CARTESIAN_POINT('',(-1.3,1.4,2.675));
#6116=CARTESIAN_POINT('',(0.958839764740308,1.4,2.675));
#6117=CARTESIAN_POINT('',(0.958839764740308,1.4,2.025));
#6118=CARTESIAN_POINT('',(1.43646409410388,1.4,2.025));
#6119=CARTESIAN_POINT('',(1.3,1.4,1.68958980337503));
#6120=CARTESIAN_POINT('',(1.3,1.4,2.675));
#6121=CARTESIAN_POINT('',(1.3,1.4,-2.675));
#6122=CARTESIAN_POINT('',(1.3,1.4,-2.675));
#6123=CARTESIAN_POINT('',(0.0999999999999998,1.4,-2.675));
#6124=CARTESIAN_POINT('',(0.0999999999999998,1.4,-2.675));
#6125=CARTESIAN_POINT('',(0.0999999999999998,1.4,-0.125));
#6126=CARTESIAN_POINT('',(0.0999999999999998,1.4,-0.125));
#6127=CARTESIAN_POINT('',(-1.3,1.4,-0.125));
#6128=CARTESIAN_POINT('',(-1.3,1.4,2.675));
#6129=CARTESIAN_POINT('',(-1.3,0.,0.));
#6130=CARTESIAN_POINT('',(-1.3,-0.25,1.525));
#6131=CARTESIAN_POINT('',(-1.3,-1.4,1.525));
#6132=CARTESIAN_POINT('',(-1.3,-1.38778311519455,1.6921812871651));
#6133=CARTESIAN_POINT('',(-1.3,-1.54696133211187,2.025));
#6134=CARTESIAN_POINT('',(-1.3,-1.03259666972033,2.025));
#6135=CARTESIAN_POINT('',(-1.3,-1.03259666972033,0.));
#6136=CARTESIAN_POINT('',(-1.3,-1.03259666972033,2.36764016789057));
#6137=CARTESIAN_POINT('',(-1.3,-0.25,1.525));
#6138=CARTESIAN_POINT('',(-1.3,-0.25,2.675));
#6139=CARTESIAN_POINT('',(-1.3,-1.4,2.675));
#6140=CARTESIAN_POINT('',(-1.3,1.4,-0.125));
#6141=CARTESIAN_POINT('',(-1.3,-0.6,-0.925));
#6142=CARTESIAN_POINT('',(-1.3,-0.6,-3.125));
#6143=CARTESIAN_POINT('',(-1.3,-0.6,1.525));
#6144=CARTESIAN_POINT('',(-1.3,-0.6,1.525));
#6145=CARTESIAN_POINT('',(1.3,-1.4,2.675));
#6146=CARTESIAN_POINT('',(1.3,-0.25,2.675));
#6147=CARTESIAN_POINT('',(-0.57330309240255,-0.25,2.675));
#6148=CARTESIAN_POINT('',(-1.66052335138289,-1.42085258659422,2.675));
#6149=CARTESIAN_POINT('',(1.3,-1.4,2.675));
#6150=CARTESIAN_POINT('',(1.3,-1.4,2.675));
#6151=CARTESIAN_POINT('',(1.3,-0.25,2.675));
#6152=CARTESIAN_POINT('',(1.3,1.03259666972033,2.675));
#6153=CARTESIAN_POINT('',(1.66052335138289,1.42085258659422,2.675));
#6154=CARTESIAN_POINT('',(0.109017378116835,-0.25,2.675));
#6155=CARTESIAN_POINT('',(1.3,-0.25,2.675));
#6156=CARTESIAN_POINT('',(1.3,0.,0.));
#6157=CARTESIAN_POINT('',(1.3,1.03259666972033,0.));
#6158=CARTESIAN_POINT('',(1.3,1.03259666972033,1.9622281323269));
#6159=CARTESIAN_POINT('',(1.3,-0.25,1.525));
#6160=CARTESIAN_POINT('',(1.3,-1.4,1.525));
#6161=CARTESIAN_POINT('',(1.3,-0.6,1.525));
#6162=CARTESIAN_POINT('',(1.3,-0.6,1.525));
#6163=CARTESIAN_POINT('',(1.3,-0.6,-3.125));
#6164=CARTESIAN_POINT('',(1.3,-0.6,-3.125));
#6165=CARTESIAN_POINT('',(1.3,-0.975,-3.125));
#6166=CARTESIAN_POINT('',(1.3,-0.975,-3.125));
#6167=CARTESIAN_POINT('',(1.3,-0.975,-4.675));
#6168=CARTESIAN_POINT('',(1.3,-0.975,-4.675));
#6169=CARTESIAN_POINT('',(1.3,1.96086901652264,-3.525));
#6170=CARTESIAN_POINT('',(1.3,1.96086901652264,-3.525));
#6171=CARTESIAN_POINT('',(1.3,1.775,-2.675));
#6172=CARTESIAN_POINT('',(1.3,1.775,-2.675));
#6173=CARTESIAN_POINT('',(1.3,1.4,-2.675));
#6174=CARTESIAN_POINT('',(1.3,1.25303866788813,2.025));
#6175=CARTESIAN_POINT('',(1.3,1.25303866788813,1.675));
#6176=CARTESIAN_POINT('',(1.3,1.54696133211187,1.9622281323269));
#6177=CARTESIAN_POINT('',(1.3,-0.25,1.525));
#6178=CARTESIAN_POINT('',(-0.573303092402549,-0.25,1.525));
#6179=CARTESIAN_POINT('',(1.3,-0.25,1.525));
#6180=CARTESIAN_POINT('',(0.109017378116835,-0.25,1.525));
#6181=CARTESIAN_POINT('',(-0.878648995599786,-1.31364071015636,1.9622281323269));
#6182=CARTESIAN_POINT('',(-0.878648995599786,-1.31364071015636,1.9622281323269));
#6183=CARTESIAN_POINT('',(-0.925337057355066,-1.36392016127743,1.83991379081353));
#6184=CARTESIAN_POINT('',(-1.02856066317169,-1.38222290034829,1.73544848858939));
#6185=CARTESIAN_POINT('',(-1.15441308634532,-1.39017542509914,1.675));
#6186=CARTESIAN_POINT('',(-1.15441308634532,-1.39017542509914,1.675));
#6187=CARTESIAN_POINT('',(-1.15441308634532,-1.39017542509914,1.675));
#6188=CARTESIAN_POINT('',(-1.20363103838784,-1.39017542509914,1.675));
#6189=CARTESIAN_POINT('',(-1.25220100274714,-1.38951439678192,1.68039873068913));
#6190=CARTESIAN_POINT('',(-1.3,-1.38778311519455,1.6921812871651));
#6191=CARTESIAN_POINT('',(1.3,-1.4,1.525));
#6192=CARTESIAN_POINT('',(1.3,-0.6,-3.125));
#6193=CARTESIAN_POINT('',(0.0999999999999998,-0.6,-0.925000000000001));
#6194=CARTESIAN_POINT('',(0.0999999999999998,-0.6,-0.925000000000001));
#6195=CARTESIAN_POINT('',(0.0999999999999998,-0.6,-0.925000000000001));
#6196=CARTESIAN_POINT('',(0.0999999999999998,-0.6,-3.125));
#6197=CARTESIAN_POINT('',(1.3,-0.6,-3.125));
#6198=CARTESIAN_POINT('',(1.3,-0.6,1.525));
#6199=CARTESIAN_POINT('',(1.3,1.4,-2.675));
#6200=CARTESIAN_POINT('',(0.0999999999999998,1.775,-2.675));
#6201=CARTESIAN_POINT('',(0.0999999999999998,1.775,-2.675));
#6202=CARTESIAN_POINT('',(1.3,1.775,-2.675));
#6203=CARTESIAN_POINT('',(1.3,1.775,-2.675));
#6204=CARTESIAN_POINT('',(0.0999999999999998,1.96086901652264,-3.525));
#6205=CARTESIAN_POINT('',(0.0999999999999998,1.96086901652264,-3.525));
#6206=CARTESIAN_POINT('',(1.3,1.96086901652264,-3.525));
#6207=CARTESIAN_POINT('',(1.3,1.96086901652264,-3.525));
#6208=CARTESIAN_POINT('',(0.0999999999999998,-0.975,-4.675));
#6209=CARTESIAN_POINT('',(0.0999999999999998,-0.975,-4.675));
#6210=CARTESIAN_POINT('',(1.3,-0.975,-4.675));
#6211=CARTESIAN_POINT('',(1.3,-0.975,-4.675));
#6212=CARTESIAN_POINT('',(0.0999999999999998,-0.975,-3.125));
#6213=CARTESIAN_POINT('',(0.0999999999999998,-0.975,-3.125));
#6214=CARTESIAN_POINT('',(1.3,-0.975,-3.125));
#6215=CARTESIAN_POINT('',(1.3,-0.975,-3.125));
#6216=CARTESIAN_POINT('',(0.0999999999999998,-0.6,-3.125));
#6217=CARTESIAN_POINT('',(1.3,-0.6,1.525));
#6218=CARTESIAN_POINT('',(0.0999999999999998,1.4,-0.125));
#6219=CARTESIAN_POINT('',(0.0999999999999998,1.4,-0.125));
#6220=CARTESIAN_POINT('',(0.0999999999999998,0.,0.));
#6221=CARTESIAN_POINT('',(1.66052335138289,1.42085258659422,1.675));
#6222=CARTESIAN_POINT('',(-0.949716945189507,-1.39017542509914,1.9622281323269));
#6223=CARTESIAN_POINT('',(-1.66052335138289,-1.42085258659422,1.675));
#6224=CARTESIAN_POINT('',(-1.66052335138289,-1.42085258659422,2.025));
#6225=CARTESIAN_POINT('',(-1.40404562931369,-1.65901047137277,2.025));
#6226=CARTESIAN_POINT('',(0.0732793491626301,-0.068045109936728,1.675));
#6227=CARTESIAN_POINT('',(-0.07327934916263,0.0680451099367279,1.9622281323269));
#6228=CARTESIAN_POINT('',(-0.25,2.6,5.375));
#6229=CARTESIAN_POINT('',(0.,0.,0.));
#6230=CARTESIAN_POINT('',(0.,0.,0.));
#6231=CARTESIAN_POINT('',(1.3,3.32890949401833,3.28419455034121));
#6232=CARTESIAN_POINT('',(1.3,3.44585817590742,2.901672647956));
#6233=CARTESIAN_POINT('',(1.3,3.44585817590742,2.901672647956));
#6234=CARTESIAN_POINT('',(0.3,3.44585817590742,2.901672647956));
#6235=CARTESIAN_POINT('',(0.3,3.44585817590742,2.901672647956));
#6236=CARTESIAN_POINT('',(0.3,3.32890949401833,3.28419455034122));
#6237=CARTESIAN_POINT('',(1.3,3.32890949401833,3.28419455034121));
#6238=CARTESIAN_POINT('',(1.3,3.32890949401833,3.28419455034121));
#6239=CARTESIAN_POINT('',(1.3,3.32890949401833,3.28419455034121));
#6240=CARTESIAN_POINT('',(1.3,3.32890949401833,3.28419455034121));
#6241=CARTESIAN_POINT('',(1.3,3.32890949401833,3.28419455034121));
#6242=CARTESIAN_POINT('',(-1.1,3.32890949401833,3.28419455034121));
#6243=CARTESIAN_POINT('',(-1.3,3.32890949401833,3.28419455034121));
#6244=CARTESIAN_POINT('',(-1.1,3.44585817590742,2.901672647956));
#6245=CARTESIAN_POINT('',(-1.1,3.44585817590742,2.901672647956));
#6246=CARTESIAN_POINT('',(1.3,3.44585817590742,2.901672647956));
#6247=CARTESIAN_POINT('',(-1.3,3.44585817590742,2.901672647956));
#6248=CARTESIAN_POINT('',(-1.3,3.32890949401833,3.28419455034121));
#6249=CARTESIAN_POINT('',(1.3,-2.83,-1.34));
#6250=CARTESIAN_POINT('',(1.3,-2.83,4.58030468008258E-16));
#6251=CARTESIAN_POINT('',(1.3,-3.22177808432847,1.28144837299047));
#6252=CARTESIAN_POINT('',(1.3,-2.83,-1.34));
#6253=CARTESIAN_POINT('',(1.3,-2.83,-1.34));
#6254=CARTESIAN_POINT('',(1.3,2.83,-1.34));
#6255=CARTESIAN_POINT('',(1.3,2.83,-1.34));
#6256=CARTESIAN_POINT('',(1.3,2.83,-0.94));
#6257=CARTESIAN_POINT('',(1.3,-2.83,-0.94));
#6258=CARTESIAN_POINT('',(1.3,-2.83,-0.94));
#6259=CARTESIAN_POINT('',(1.3,-2.83,4.58030468008258E-16));
#6260=CARTESIAN_POINT('',(1.3,-3.10482940243937,0.898926470605254));
#6261=CARTESIAN_POINT('',(1.3,3.44585817590742,2.901672647956));
#6262=CARTESIAN_POINT('',(1.3,3.32890949401833,3.28419455034121));
#6263=CARTESIAN_POINT('',(1.3,2.83,-1.34));
#6264=CARTESIAN_POINT('',(1.3,2.83,-1.34));
#6265=CARTESIAN_POINT('',(-1.3,2.83,-1.34));
#6266=CARTESIAN_POINT('',(-1.3,2.83,-1.34));
#6267=CARTESIAN_POINT('',(-1.3,2.83,-0.94));
#6268=CARTESIAN_POINT('',(1.3,2.83,-0.94));
#6269=CARTESIAN_POINT('',(-1.3,3.32890949401833,3.28419455034121));
#6270=CARTESIAN_POINT('',(-1.3,3.44585817590742,2.901672647956));
#6271=CARTESIAN_POINT('',(-1.3,-3.10482940243938,0.898926470605254));
#6272=CARTESIAN_POINT('',(-1.3,-2.83,4.58030468008258E-16));
#6273=CARTESIAN_POINT('',(-1.3,-2.83,-0.94));
#6274=CARTESIAN_POINT('',(-1.3,-2.83,-0.94));
#6275=CARTESIAN_POINT('',(-1.3,-2.83,-1.34));
#6276=CARTESIAN_POINT('',(-1.3,-2.83,-1.34));
#6277=CARTESIAN_POINT('',(-1.3,-2.83,4.58030468008258E-16));
#6278=CARTESIAN_POINT('',(-1.3,-3.22177808432847,1.28144837299047));
#6279=CARTESIAN_POINT('',(-1.3,3.32890949401833,3.28419455034121));
#6280=CARTESIAN_POINT('',(1.3,3.44585817590742,2.901672647956));
#6281=CARTESIAN_POINT('',(0.3,3.44585817590742,2.901672647956));
#6282=CARTESIAN_POINT('',(1.3,-3.10482940243938,0.898926470605254));
#6283=CARTESIAN_POINT('',(1.3,-2.83,4.58030468008258E-16));
#6284=CARTESIAN_POINT('',(1.3,-2.83,-0.94));
#6285=CARTESIAN_POINT('',(1.3,-2.83,-0.94));
#6286=CARTESIAN_POINT('',(1.3,3.32890949401833,3.28419455034121));
#6287=CARTESIAN_POINT('',(1.3,-3.22177808432847,1.28144837299047));
#6288=CARTESIAN_POINT('',(-1.1,3.32890949401833,3.28419455034122));
#6289=CARTESIAN_POINT('',(1.3,-2.83,4.58030468008258E-16));
#6290=CARTESIAN_POINT('',(1.3,-2.83,-1.34));
#6291=CARTESIAN_POINT('',(1.3,-2.83,-1.34));
#6292=CARTESIAN_POINT('',(-5.42101086242752E-17,2.13389869677121,5.48274693571712));
#6293=CARTESIAN_POINT('',(-0.8,2.13389869677121,5.48274693571712));
#6294=CARTESIAN_POINT('',(-0.8,3.47272535511946,5.89206732232895));
#6295=CARTESIAN_POINT('',(-0.8,2.93922811935976,6.62793011805661));
#6296=CARTESIAN_POINT('',(-5.42101086242752E-17,2.93922811935976,6.62793011805661));
#6297=CARTESIAN_POINT('',(-5.42101086242752E-17,2.93922811935976,6.62793011805661));
#6298=CARTESIAN_POINT('',(-5.42101086242752E-17,2.13389869677121,5.48274693571712));
#6299=CARTESIAN_POINT('',(-5.42101086242752E-17,3.47272535511946,5.89206732232895));
#6300=CARTESIAN_POINT('',(-5.42101086242752E-17,3.47272535511946,5.89206732232895));
#6301=CARTESIAN_POINT('',(-5.42101086242752E-17,3.28436930046913,7.11872291048782));
#6302=CARTESIAN_POINT('',(-0.8,3.28436930046913,7.11872291048782));
#6303=CARTESIAN_POINT('',(-0.8,2.70913399862017,6.30073492310247));
#6304=CARTESIAN_POINT('',(-0.8,2.3500645445061,7.47519818730917));
#6305=CARTESIAN_POINT('',(-5.42101086242752E-17,2.70913399862017,6.30073492310247));
#6306=CARTESIAN_POINT('',(-5.42101086242752E-17,2.70913399862017,6.30073492310247));
#6307=CARTESIAN_POINT('',(-5.42101086242752E-17,3.28436930046913,7.11872291048782));
#6308=CARTESIAN_POINT('',(-5.42101086242752E-17,2.3500645445061,7.47519818730917));
#6309=CARTESIAN_POINT('',(-5.42101086242752E-17,2.3500645445061,7.47519818730917));
#6310=CARTESIAN_POINT('',(-5.42101086242752E-17,1.41575978854306,7.83167346413051));
#6311=CARTESIAN_POINT('',(-0.8,1.41575978854306,7.83167346413051));
#6312=CARTESIAN_POINT('',(-0.8,2.3720645445061,8.12404516885324));
#6313=CARTESIAN_POINT('',(-5.42101086242752E-17,1.41575978854306,7.83167346413051));
#6314=CARTESIAN_POINT('',(-5.42101086242752E-17,2.3720645445061,8.12404516885324));
#6315=CARTESIAN_POINT('',(-5.42101086242752E-17,2.3720645445061,8.12404516885324));
#6316=CARTESIAN_POINT('',(-5.42101086242752E-17,2.3720645445061,8.12404516885324));
#6317=CARTESIAN_POINT('',(-5.42101086242752E-17,2.17562775964698,8.76656094097632));
#6318=CARTESIAN_POINT('',(-0.2,2.17562775964698,8.76656094097632));
#6319=CARTESIAN_POINT('',(-0.6,2.17562775964698,8.76656094097632));
#6320=CARTESIAN_POINT('',(-0.736959022749988,2.30576732426234,8.34089360528576));
#6321=CARTESIAN_POINT('',(-0.8,2.36566936771675,8.14496284960035));
#6322=CARTESIAN_POINT('',(-0.8,2.3720645445061,8.12404516885324));
#6323=CARTESIAN_POINT('',(-5.42101086242752E-17,2.3720645445061,8.12404516885324));
#6324=CARTESIAN_POINT('',(-5.42101086242752E-17,2.36566936771675,8.14496284960035));
#6325=CARTESIAN_POINT('',(0.0061482119391775,2.37151144813513,8.12585426556651));
#6326=CARTESIAN_POINT('',(-5.42101086242752E-17,2.17562775964698,8.76656094097632));
#6327=CARTESIAN_POINT('',(-5.42101086242752E-17,2.55814966203219,8.88350962286541));
#6328=CARTESIAN_POINT('',(-0.2,2.55814966203219,8.88350962286541));
#6329=CARTESIAN_POINT('',(-0.6,2.55814966203219,8.88350962286541));
#6330=CARTESIAN_POINT('',(-0.6,2.17562775964698,8.76656094097632));
#6331=CARTESIAN_POINT('',(-0.2,2.17562775964698,8.76656094097632));
#6332=CARTESIAN_POINT('',(-5.42101086242752E-17,2.75458644689131,8.24099385074234));
#6333=CARTESIAN_POINT('',(-0.8,2.75458644689131,8.24099385074234));
#6334=CARTESIAN_POINT('',(-0.8,2.75458644689131,8.24099385074234));
#6335=CARTESIAN_POINT('',(-0.8,2.74819127010197,8.26191153148944));
#6336=CARTESIAN_POINT('',(-0.6,2.55814966203219,8.88350962286541));
#6337=CARTESIAN_POINT('',(-6.53123388705268E-17,2.74819127010197,8.26191153148944));
#6338=CARTESIAN_POINT('',(-5.42101086242752E-17,2.74819127010197,8.26191153148944));
#6339=CARTESIAN_POINT('',(-5.42101086242752E-17,2.75458644689131,8.24099385074234));
#6340=CARTESIAN_POINT('',(-5.42101086242752E-17,2.75458644689131,8.24099385074234));
#6341=CARTESIAN_POINT('',(-5.42101086242752E-17,2.75458644689131,8.24099385074234));
#6342=CARTESIAN_POINT('',(-5.42101086242752E-17,1.41575978854306,7.83167346413051));
#6343=CARTESIAN_POINT('',(-0.8,1.41575978854306,7.83167346413051));
#6344=CARTESIAN_POINT('',(-0.8,2.72378644689131,7.33260807658063));
#6345=CARTESIAN_POINT('',(-5.42101086242752E-17,1.41575978854306,7.83167346413051));
#6346=CARTESIAN_POINT('',(-5.42101086242752E-17,2.72378644689131,7.33260807658063));
#6347=CARTESIAN_POINT('',(-5.42101086242752E-17,2.72378644689131,7.33260807658063));
#6348=CARTESIAN_POINT('',(-5.42101086242752E-17,3.28436930046913,7.11872291048782));
#6349=CARTESIAN_POINT('',(-0.8,3.28436930046913,7.11872291048782));
#6350=CARTESIAN_POINT('',(-5.42101086242752E-17,3.28436930046913,7.11872291048782));
#6351=CARTESIAN_POINT('',(-5.42101086242752E-17,2.13389869677121,5.48274693571712));
#6352=CARTESIAN_POINT('',(-0.8,2.13389869677121,5.48274693571712));
#6353=CARTESIAN_POINT('',(-0.8,3.09020345273425,5.77511864043986));
#6354=CARTESIAN_POINT('',(-5.42101086242752E-17,3.09020345273425,5.77511864043986));
#6355=CARTESIAN_POINT('',(-5.42101086242752E-17,3.09020345273425,5.77511864043986));
#6356=CARTESIAN_POINT('',(-5.42101086242752E-17,2.13389869677121,5.48274693571712));
#6357=CARTESIAN_POINT('',(-5.42101086242752E-17,3.66087601963847,3.9085327806841));
#6358=CARTESIAN_POINT('',(-0.8,3.66087601963847,3.9085327806841));
#6359=CARTESIAN_POINT('',(-0.8,3.66087601963848,3.9085327806841));
#6360=CARTESIAN_POINT('',(-5.42101086242752E-17,3.66087601963848,3.9085327806841));
#6361=CARTESIAN_POINT('',(6.8722192500909E-17,3.66087601963848,3.9085327806841));
#6362=CARTESIAN_POINT('',(-5.42101086242752E-17,3.66087601963847,3.9085327806841));
#6363=CARTESIAN_POINT('',(-5.42101086242752E-17,2.3720645445061,8.12404516885324));
#6364=CARTESIAN_POINT('',(-5.42101086242752E-17,2.36566936771675,8.14496284960035));
#6365=CARTESIAN_POINT('',(2.16840434497101E-16,3.18272364165696,3.76234692832273));
#6366=CARTESIAN_POINT('',(1.4914195478936E-16,3.53128969938426,3.4038755858134));
#6367=CARTESIAN_POINT('',(1.4914195478936E-16,3.53128969938426,3.4038755858134));
#6368=CARTESIAN_POINT('',(0.,3.8101425455661,3.11709851180593));
#6369=CARTESIAN_POINT('',(2.16840434497101E-16,3.18272364165696,3.76234692832273));
#6370=CARTESIAN_POINT('',(4.91213909602303E-18,4.04339792202369,4.02548146257319));
#6371=CARTESIAN_POINT('',(-5.42101086242752E-17,4.04339792202369,4.0254814625732));
#6372=CARTESIAN_POINT('',(-5.42101086242752E-17,4.04339792202369,4.0254814625732));
#6373=CARTESIAN_POINT('',(-0.8,4.04339792202369,4.0254814625732));
#6374=CARTESIAN_POINT('',(-0.8,4.04339792202369,4.02548146257319));
#6375=CARTESIAN_POINT('',(-5.42101086242752E-17,4.04339792202369,4.02548146257319));
#6376=CARTESIAN_POINT('',(-0.8,3.18272364165696,3.76234692832273));
#6377=CARTESIAN_POINT('',(-0.8,1.88751698973525,7.99877699723899));
#6378=CARTESIAN_POINT('',(-0.8,3.18272364165696,3.76234692832273));
#6379=CARTESIAN_POINT('',(-0.8,3.8101425455661,3.11709851180593));
#6380=CARTESIAN_POINT('',(-0.8,3.8101425455661,3.11709851180593));
#6381=CARTESIAN_POINT('',(-0.8,3.53128969938426,3.4038755858134));
#6382=CARTESIAN_POINT('',(-0.8,3.18272364165696,3.76234692832273));
#6383=CARTESIAN_POINT('',(0.3,3.44585817590742,2.901672647956));
#6384=CARTESIAN_POINT('',(0.260730091830128,3.44585817590742,2.901672647956));
#6385=CARTESIAN_POINT('',(0.221475634692216,3.45655245321307,2.90474809110826));
#6386=CARTESIAN_POINT('',(0.14891430588873,3.49700457028564,2.918732394587));
#6387=CARTESIAN_POINT('',(0.115635984007524,3.52674676711638,2.92975354432936));
#6388=CARTESIAN_POINT('',(0.0600999472805458,3.5984430067564,2.96313415102139));
#6389=CARTESIAN_POINT('',(0.0378640834937217,3.64031254954424,2.98563480945919));
#6390=CARTESIAN_POINT('',(0.0078081969995054,3.72618966083416,3.04310148328283));
#6391=CARTESIAN_POINT('',(-1.07116957377469E-16,3.77003399144336,3.07809823777051));
#6392=CARTESIAN_POINT('',(-1.21857263473934E-16,3.8101425455661,3.11709851180593));
#6393=CARTESIAN_POINT('',(0.3,3.32890949401833,3.28419455034122));
#6394=CARTESIAN_POINT('',(0.260730091830128,3.32890949401833,3.28419455034122));
#6395=CARTESIAN_POINT('',(0.221475634692216,3.33485075918813,3.28590312987025));
#6396=CARTESIAN_POINT('',(0.14891430588873,3.35732415756178,3.29367218735844));
#6397=CARTESIAN_POINT('',(0.115635984007524,3.37384760024553,3.29979504832641));
#6398=CARTESIAN_POINT('',(0.0600999472805458,3.41367884448998,3.31833982982198));
#6399=CARTESIAN_POINT('',(0.0378640834937217,3.43693970159434,3.33084019562077));
#6400=CARTESIAN_POINT('',(0.0078081969995055,3.48464920786651,3.36276612552279));
#6401=CARTESIAN_POINT('',(-1.7294678088297E-17,3.50900716931607,3.38220876690483));
#6402=CARTESIAN_POINT('',(-2.54837370307783E-17,3.53128969938426,3.4038755858134));
#6403=CARTESIAN_POINT('',(0.3,3.32890949401833,3.28419455034122));
#6404=CARTESIAN_POINT('',(0.14292036732051,3.32890949401833,3.28419455034122));
#6405=CARTESIAN_POINT('',(-3.49548562888312E-17,3.44219389747368,3.31724168025589));
#6406=CARTESIAN_POINT('',(-6.76984797077412E-17,3.53128969938426,3.4038755858134));
#6407=CARTESIAN_POINT('',(0.3,3.44585817590742,2.901672647956));
#6408=CARTESIAN_POINT('',(0.14292036732051,3.44585817590742,2.901672647956));
#6409=CARTESIAN_POINT('',(-6.29187413198962E-17,3.64977010212705,2.96115748180242));
#6410=CARTESIAN_POINT('',(-1.21857263473934E-16,3.8101425455661,3.11709851180593));
#6411=CARTESIAN_POINT('',(-0.8,3.8101425455661,3.11709851180593));
#6412=CARTESIAN_POINT('',(-0.8,3.77003399144336,3.07809823777051));
#6413=CARTESIAN_POINT('',(-0.807808196999506,3.72618966083416,3.04310148328283));
#6414=CARTESIAN_POINT('',(-0.837864083493723,3.64031254954424,2.9856348094592));
#6415=CARTESIAN_POINT('',(-0.860099947280546,3.5984430067564,2.96313415102139));
#6416=CARTESIAN_POINT('',(-0.915635984007526,3.52674676711639,2.92975354432936));
#6417=CARTESIAN_POINT('',(-0.94891430588873,3.49700457028564,2.918732394587));
#6418=CARTESIAN_POINT('',(-1.02147563469222,3.45655245321307,2.90474809110826));
#6419=CARTESIAN_POINT('',(-1.06073009183013,3.44585817590742,2.901672647956));
#6420=CARTESIAN_POINT('',(-1.1,3.44585817590742,2.901672647956));
#6421=CARTESIAN_POINT('',(-0.8,3.53128969938426,3.4038755858134));
#6422=CARTESIAN_POINT('',(-0.8,3.50900716931607,3.38220876690483));
#6423=CARTESIAN_POINT('',(-0.807808196999506,3.48464920786652,3.36276612552279));
#6424=CARTESIAN_POINT('',(-0.837864083493723,3.43693970159434,3.33084019562077));
#6425=CARTESIAN_POINT('',(-0.860099947280546,3.41367884448998,3.31833982982199));
#6426=CARTESIAN_POINT('',(-0.915635984007526,3.37384760024553,3.29979504832641));
#6427=CARTESIAN_POINT('',(-0.94891430588873,3.35732415756178,3.29367218735844));
#6428=CARTESIAN_POINT('',(-1.02147563469222,3.33485075918813,3.28590312987025));
#6429=CARTESIAN_POINT('',(-1.06073009183013,3.32890949401833,3.28419455034122));
#6430=CARTESIAN_POINT('',(-1.1,3.32890949401833,3.28419455034122));
#6431=CARTESIAN_POINT('',(-0.8,3.53128969938426,3.4038755858134));
#6432=CARTESIAN_POINT('',(-0.8,3.44219389747367,3.31724168025589));
#6433=CARTESIAN_POINT('',(-0.942920367320511,3.32890949401833,3.28419455034122));
#6434=CARTESIAN_POINT('',(-1.1,3.32890949401833,3.28419455034122));
#6435=CARTESIAN_POINT('',(-0.8,3.8101425455661,3.11709851180593));
#6436=CARTESIAN_POINT('',(-0.8,3.64977010212705,2.96115748180242));
#6437=CARTESIAN_POINT('',(-0.942920367320511,3.44585817590742,2.901672647956));
#6438=CARTESIAN_POINT('',(-1.1,3.44585817590742,2.901672647956));
#6439=CARTESIAN_POINT('',(-1.1,3.18272364165696,3.76234692832273));
#6440=CARTESIAN_POINT('',(-1.1,3.18272364165696,3.76234692832273));
#6441=CARTESIAN_POINT('',(-0.6,2.17562775964698,8.76656094097632));
#6442=CARTESIAN_POINT('',(-5.42101086242752E-17,2.36566936771675,8.14496284960035));
#6443=CARTESIAN_POINT('',(-0.250000000000001,-1.04365754062461,-0.502588075634656));
#6444=CARTESIAN_POINT('',(-0.25,2.6,5.375));
#6445=CARTESIAN_POINT('',(-3.5,-1.05709711817337E-15,6.50521303491303E-16));
#6446=CARTESIAN_POINT('',(-0.75,0.,0.));
#6447=CARTESIAN_POINT('',(-0.75,1.5,6.75));
#6448=CARTESIAN_POINT('',(-0.75,1.18450105153069,6.75));
#6449=CARTESIAN_POINT('',(-0.75,-1.7,6.75));
#6450=CARTESIAN_POINT('',(-0.75,1.18450105153069,6.));
#6451=CARTESIAN_POINT('',(-0.75,1.72062657071955,6.5244706165978));
#6452=CARTESIAN_POINT('',(-0.75,6.,2.15));
#6453=CARTESIAN_POINT('',(-0.75,5.78612551918886,2.36862724705139));
#6454=CARTESIAN_POINT('',(-0.75,5.25,1.84415663045359));
#6455=CARTESIAN_POINT('',(-0.75,6.,1.84415663045359));
#6456=CARTESIAN_POINT('',(-0.75,6.,-4.75));
#6457=CARTESIAN_POINT('',(-0.75,6.,-4.75));
#6458=CARTESIAN_POINT('',(-0.75,5.2,-4.75));
#6459=CARTESIAN_POINT('',(-0.75,5.2,-4.75));
#6460=CARTESIAN_POINT('',(-0.75,5.2,-4.52));
#6461=CARTESIAN_POINT('',(-0.75,5.2,-4.52));
#6462=CARTESIAN_POINT('',(-0.75,-5.2,-4.52));
#6463=CARTESIAN_POINT('',(-0.75,-5.2,-4.52));
#6464=CARTESIAN_POINT('',(-0.75,-5.2,-4.75));
#6465=CARTESIAN_POINT('',(-0.75,-5.2,-4.75));
#6466=CARTESIAN_POINT('',(-0.75,-6.,-4.75));
#6467=CARTESIAN_POINT('',(-0.75,-6.,-4.75));
#6468=CARTESIAN_POINT('',(-0.75,-6.,-0.65));
#6469=CARTESIAN_POINT('',(-0.75,-6.,-0.65));
#6470=CARTESIAN_POINT('',(-0.75,-5.9,-0.65));
#6471=CARTESIAN_POINT('',(-0.75,-5.9,-0.65));
#6472=CARTESIAN_POINT('',(-0.75,-5.9,0.650000000000001));
#6473=CARTESIAN_POINT('',(-0.75,-5.9,0.650000000000001));
#6474=CARTESIAN_POINT('',(-0.75,-6.,0.650000000000001));
#6475=CARTESIAN_POINT('',(-0.75,-6.,0.650000000000001));
#6476=CARTESIAN_POINT('',(-0.75,-6.,4.05));
#6477=CARTESIAN_POINT('',(-0.75,-6.,4.05));
#6478=CARTESIAN_POINT('',(-0.75,-4.5,6.75));
#6479=CARTESIAN_POINT('',(-0.75,-4.71431544534223,6.36423219838397));
#6480=CARTESIAN_POINT('',(-0.75,-4.05869748825108,6.));
#6481=CARTESIAN_POINT('',(-0.75,-4.05869748825108,6.75));
#6482=CARTESIAN_POINT('',(-0.75,1.5,6.75));
#6483=CARTESIAN_POINT('',(-0.75,-3.1,6.75));
#6484=CARTESIAN_POINT('',(-0.75,-3.1,6.75));
#6485=CARTESIAN_POINT('',(-0.75,-3.1,5.15));
#6486=CARTESIAN_POINT('',(-0.75,-3.1,5.15));
#6487=CARTESIAN_POINT('',(-0.75,-1.7,5.15));
#6488=CARTESIAN_POINT('',(-0.75,-1.7,5.15));
#6489=CARTESIAN_POINT('',(-0.750000000000001,4.2,2.33));
#6490=CARTESIAN_POINT('',(-0.750000000000001,4.2,1.73));
#6491=CARTESIAN_POINT('',(-0.750000000000001,-4.7,0.949999999999999));
#6492=CARTESIAN_POINT('',(-0.750000000000001,-4.7,0.349999999999999));
#6493=CARTESIAN_POINT('',(-0.750000000000001,-4.6,3.65));
#6494=CARTESIAN_POINT('',(-0.750000000000001,-4.6,3.05));
#6495=CARTESIAN_POINT('',(-0.750000000000001,2.8,-1.37));
#6496=CARTESIAN_POINT('',(-0.750000000000001,2.8,-1.97));
#6497=CARTESIAN_POINT('',(-0.750000000000001,4.6,-3.37));
#6498=CARTESIAN_POINT('',(-0.750000000000001,4.6,-3.97));
#6499=CARTESIAN_POINT('',(-0.75,-1.7,0.5));
#6500=CARTESIAN_POINT('',(-0.75,-1.7,0.5));
#6501=CARTESIAN_POINT('',(-0.75,-1.7,4.));
#6502=CARTESIAN_POINT('',(-0.75,-1.7,4.));
#6503=CARTESIAN_POINT('',(-0.75,-3.1,4.));
#6504=CARTESIAN_POINT('',(-0.75,-3.1,4.));
#6505=CARTESIAN_POINT('',(-0.75,-3.1,0.5));
#6506=CARTESIAN_POINT('',(-0.75,-3.1,0.500000000000001));
#6507=CARTESIAN_POINT('',(-0.75,1.5,6.75));
#6508=CARTESIAN_POINT('',(0.75,1.5,6.75));
#6509=CARTESIAN_POINT('',(0.75,1.18450105153069,6.75));
#6510=CARTESIAN_POINT('',(0.75,-4.05869748825108,6.75));
#6511=CARTESIAN_POINT('',(-0.75,1.18450105153069,6.75));
#6512=CARTESIAN_POINT('',(-0.25,-1.7,6.75));
#6513=CARTESIAN_POINT('',(-0.25,-1.7,6.75));
#6514=CARTESIAN_POINT('',(-0.25,-1.7,6.75));
#6515=CARTESIAN_POINT('',(-0.25,-3.1,6.75));
#6516=CARTESIAN_POINT('',(-0.25,-3.1,6.75));
#6517=CARTESIAN_POINT('',(-0.75,-4.05869748825108,6.75));
#6518=CARTESIAN_POINT('',(0.75,0.,0.));
#6519=CARTESIAN_POINT('',(0.75,4.2,2.33));
#6520=CARTESIAN_POINT('',(0.75,4.8,2.33));
#6521=CARTESIAN_POINT('',(0.75,-4.7,0.949999999999999));
#6522=CARTESIAN_POINT('',(0.75,-4.1,0.949999999999999));
#6523=CARTESIAN_POINT('',(0.75,6.,2.15));
#6524=CARTESIAN_POINT('',(0.75,5.78612551918886,2.36862724705139));
#6525=CARTESIAN_POINT('',(0.75,1.72062657071955,6.5244706165978));
#6526=CARTESIAN_POINT('',(0.75,1.18450105153069,6.));
#6527=CARTESIAN_POINT('',(0.75,-4.05869748825108,6.));
#6528=CARTESIAN_POINT('',(0.75,-4.71431544534223,6.36423219838397));
#6529=CARTESIAN_POINT('',(0.75,-4.5,6.75));
#6530=CARTESIAN_POINT('',(0.75,-6.,4.05));
#6531=CARTESIAN_POINT('',(0.75,-6.,4.05));
#6532=CARTESIAN_POINT('',(0.75,-6.,0.650000000000001));
#6533=CARTESIAN_POINT('',(0.75,-6.,0.650000000000001));
#6534=CARTESIAN_POINT('',(0.75,-5.9,0.650000000000001));
#6535=CARTESIAN_POINT('',(0.75,-5.9,0.650000000000001));
#6536=CARTESIAN_POINT('',(0.75,-5.9,-0.65));
#6537=CARTESIAN_POINT('',(0.75,-5.9,-0.65));
#6538=CARTESIAN_POINT('',(0.75,-6.,-0.65));
#6539=CARTESIAN_POINT('',(0.75,-6.,-0.65));
#6540=CARTESIAN_POINT('',(0.75,-6.,-4.75));
#6541=CARTESIAN_POINT('',(0.75,-6.,-4.75));
#6542=CARTESIAN_POINT('',(0.75,-5.2,-4.75));
#6543=CARTESIAN_POINT('',(0.75,-5.2,-4.75));
#6544=CARTESIAN_POINT('',(0.75,-5.2,-4.52));
#6545=CARTESIAN_POINT('',(0.75,-5.2,-4.52));
#6546=CARTESIAN_POINT('',(0.75,5.2,-4.52));
#6547=CARTESIAN_POINT('',(0.75,5.2,-4.52));
#6548=CARTESIAN_POINT('',(0.75,5.2,-4.75));
#6549=CARTESIAN_POINT('',(0.75,5.2,-4.75));
#6550=CARTESIAN_POINT('',(0.75,6.,-4.75));
#6551=CARTESIAN_POINT('',(0.75,6.,-4.75));
#6552=CARTESIAN_POINT('',(0.75,6.,1.84415663045359));
#6553=CARTESIAN_POINT('',(0.75,5.25,1.84415663045359));
#6554=CARTESIAN_POINT('',(0.75,-4.6,3.65));
#6555=CARTESIAN_POINT('',(0.75,-4.,3.65));
#6556=CARTESIAN_POINT('',(0.75,2.8,-1.37));
#6557=CARTESIAN_POINT('',(0.75,3.4,-1.37));
#6558=CARTESIAN_POINT('',(0.75,4.6,-3.37));
#6559=CARTESIAN_POINT('',(0.75,5.2,-3.37));
#6560=CARTESIAN_POINT('',(-0.75,6.,2.15));
#6561=CARTESIAN_POINT('',(-0.75,1.72062657071955,6.5244706165978));
#6562=CARTESIAN_POINT('',(-0.75,5.78612551918886,2.36862724705139));
#6563=CARTESIAN_POINT('',(-0.75,-4.5,6.75));
#6564=CARTESIAN_POINT('',(-0.75,-4.71431544534223,6.36423219838397));
#6565=CARTESIAN_POINT('',(-0.75,-6.,4.05));
#6566=CARTESIAN_POINT('',(-0.75,-6.,4.05));
#6567=CARTESIAN_POINT('',(-0.75,-6.,0.650000000000001));
#6568=CARTESIAN_POINT('',(-0.75,-6.,0.650000000000001));
#6569=CARTESIAN_POINT('',(-0.75,-5.9,0.650000000000001));
#6570=CARTESIAN_POINT('',(-0.75,-5.9,0.650000000000001));
#6571=CARTESIAN_POINT('',(-0.75,-5.9,-0.65));
#6572=CARTESIAN_POINT('',(-0.75,-5.9,-0.65));
#6573=CARTESIAN_POINT('',(-0.75,-6.,-0.65));
#6574=CARTESIAN_POINT('',(-0.75,-6.,-0.65));
#6575=CARTESIAN_POINT('',(-0.75,-6.,-4.75));
#6576=CARTESIAN_POINT('',(-0.75,-6.,-4.75));
#6577=CARTESIAN_POINT('',(-0.75,-5.2,-4.75));
#6578=CARTESIAN_POINT('',(-0.75,-5.2,-4.75));
#6579=CARTESIAN_POINT('',(-0.75,-5.2,-4.52));
#6580=CARTESIAN_POINT('',(-0.75,-5.2,-4.52));
#6581=CARTESIAN_POINT('',(-0.75,5.2,-4.52));
#6582=CARTESIAN_POINT('',(-0.75,5.2,-4.52));
#6583=CARTESIAN_POINT('',(-0.75,5.2,-4.75));
#6584=CARTESIAN_POINT('',(-0.75,5.2,-4.75));
#6585=CARTESIAN_POINT('',(-0.75,6.,-4.75));
#6586=CARTESIAN_POINT('',(-0.75,6.,-4.75));
#6587=CARTESIAN_POINT('',(-0.75,6.,1.84415663045359));
#6588=CARTESIAN_POINT('',(-15.9383192682786,-4.6,3.65));
#6589=CARTESIAN_POINT('',(-15.9383192682786,-4.7,0.949999999999999));
#6590=CARTESIAN_POINT('',(-15.9383192682786,2.8,-1.37));
#6591=CARTESIAN_POINT('',(-15.9383192682786,4.2,2.33));
#6592=CARTESIAN_POINT('',(-15.9383192682786,4.6,-3.37));
#6593=CARTESIAN_POINT('',(-0.25,-1.7,5.15));
#6594=CARTESIAN_POINT('',(-0.596153846153846,-1.7,5.38076923076923));
#6595=CARTESIAN_POINT('',(-0.25,-1.7,5.9));
#6596=CARTESIAN_POINT('',(-0.25,-1.7,5.15));
#6597=CARTESIAN_POINT('',(-0.25,-3.1,6.75));
#6598=CARTESIAN_POINT('',(-0.25,-3.1,6.75));
#6599=CARTESIAN_POINT('',(-0.25,-3.1,5.9));
#6600=CARTESIAN_POINT('',(0.142307692307692,-3.1,6.48846153846154));
#6601=CARTESIAN_POINT('',(-0.25,0.,0.));
#6602=CARTESIAN_POINT('',(-0.25,0.,5.9));
#6603=CARTESIAN_POINT('',(-0.25,-1.7,0.5));
#6604=CARTESIAN_POINT('',(-0.5,-1.7,0.75));
#6605=CARTESIAN_POINT('',(-0.25,-1.7,1.));
#6606=CARTESIAN_POINT('',(-0.25,-1.7,0.5));
#6607=CARTESIAN_POINT('',(-0.25,-1.7,4.));
#6608=CARTESIAN_POINT('',(-0.25,-1.7,4.));
#6609=CARTESIAN_POINT('',(-0.25,-1.7,4.));
#6610=CARTESIAN_POINT('',(-0.25,-1.7,4.));
#6611=CARTESIAN_POINT('',(-0.25,-3.1,4.));
#6612=CARTESIAN_POINT('',(-0.25,-3.1,4.));
#6613=CARTESIAN_POINT('',(-0.25,-3.1,4.));
#6614=CARTESIAN_POINT('',(-0.25,-3.1,4.));
#6615=CARTESIAN_POINT('',(-0.25,-3.1,1.));
#6616=CARTESIAN_POINT('',(1.25,-3.1,2.5));
#6617=CARTESIAN_POINT('',(-0.25,0.,0.));
#6618=CARTESIAN_POINT('',(-0.25,1.54886024640786E-16,1.));
#6619=CARTESIAN_POINT('',(-0.75,-3.1,5.15));
#6620=CARTESIAN_POINT('',(-0.75,-3.1,0.500000000000001));
#6621=CARTESIAN_POINT('',(-0.75,-4.05869748825108,6.));
#6622=CARTESIAN_POINT('',(-0.75,5.25,1.84415663045359));
#6623=CARTESIAN_POINT('',(-0.75,1.18450105153069,6.));
#6624=CARTESIAN_POINT('',(-6.,-3.25260651745651E-16,1.95156391047391E-15));
#6625=CARTESIAN_POINT('',(3.5,0.,0.));
#6626=CARTESIAN_POINT('',(10.5,0.,8.67361737988404E-16));
#6627=CARTESIAN_POINT('',(7.,0.,4.33680868994202E-16));
#6628=MECHANICAL_DESIGN_GEOMETRIC_PRESENTATION_REPRESENTATION('',(#3903,
#3904,#3905,#3906,#3907),#6629);
#6629=(
GEOMETRIC_REPRESENTATION_CONTEXT(3)
GLOBAL_UNCERTAINTY_ASSIGNED_CONTEXT((#6637))
GLOBAL_UNIT_ASSIGNED_CONTEXT((#6647,#6646,#6645))
REPRESENTATION_CONTEXT('6914121200xxMB','TOP_LEVEL_ASSEMBLY_PART')
);
#6630=(
GEOMETRIC_REPRESENTATION_CONTEXT(3)
GLOBAL_UNCERTAINTY_ASSIGNED_CONTEXT((#6638))
GLOBAL_UNIT_ASSIGNED_CONTEXT((#6647,#6646,#6645))
REPRESENTATION_CONTEXT('6914121200xx_MODULE_COURT','COMPONENT_PART')
);
#6631=(
GEOMETRIC_REPRESENTATION_CONTEXT(3)
GLOBAL_UNCERTAINTY_ASSIGNED_CONTEXT((#6639))
GLOBAL_UNIT_ASSIGNED_CONTEXT((#6647,#6646,#6645))
REPRESENTATION_CONTEXT('6914121200xxB','COMPONENT_PART')
);
#6632=(
GEOMETRIC_REPRESENTATION_CONTEXT(3)
GLOBAL_UNCERTAINTY_ASSIGNED_CONTEXT((#6640))
GLOBAL_UNIT_ASSIGNED_CONTEXT((#6647,#6646,#6645))
REPRESENTATION_CONTEXT('6914121200xx','COMPONENT_PART')
);
#6633=(
GEOMETRIC_REPRESENTATION_CONTEXT(3)
GLOBAL_UNCERTAINTY_ASSIGNED_CONTEXT((#6641))
GLOBAL_UNIT_ASSIGNED_CONTEXT((#6647,#6646,#6645))
REPRESENTATION_CONTEXT('6914121200xx_levier','COMPONENT_PART')
);
#6634=(
GEOMETRIC_REPRESENTATION_CONTEXT(3)
GLOBAL_UNCERTAINTY_ASSIGNED_CONTEXT((#6642))
GLOBAL_UNIT_ASSIGNED_CONTEXT((#6647,#6646,#6645))
REPRESENTATION_CONTEXT('6914121200xx_MODULE_LONG','COMPONENT_PART')
);
#6635=(
GEOMETRIC_REPRESENTATION_CONTEXT(3)
GLOBAL_UNCERTAINTY_ASSIGNED_CONTEXT((#6643))
GLOBAL_UNIT_ASSIGNED_CONTEXT((#6647,#6646,#6645))
REPRESENTATION_CONTEXT('6914121200xx_LONG','COMPONENT_PART')
);
#6636=(
GEOMETRIC_REPRESENTATION_CONTEXT(3)
GLOBAL_UNCERTAINTY_ASSIGNED_CONTEXT((#6644))
GLOBAL_UNIT_ASSIGNED_CONTEXT((#6647,#6646,#6645))
REPRESENTATION_CONTEXT('6914121200xxB_CAPOT','COMPONENT_PART')
);
#6637=UNCERTAINTY_MEASURE_WITH_UNIT(LENGTH_MEASURE(0.005),#6647,
'DISTANCE_ACCURACY_VALUE','Maximum Tolerance applied to model');
#6638=UNCERTAINTY_MEASURE_WITH_UNIT(LENGTH_MEASURE(0.005),#6647,
'DISTANCE_ACCURACY_VALUE','Maximum Tolerance applied to model');
#6639=UNCERTAINTY_MEASURE_WITH_UNIT(LENGTH_MEASURE(0.005),#6647,
'DISTANCE_ACCURACY_VALUE','Maximum Tolerance applied to model');
#6640=UNCERTAINTY_MEASURE_WITH_UNIT(LENGTH_MEASURE(0.005),#6647,
'DISTANCE_ACCURACY_VALUE','Maximum Tolerance applied to model');
#6641=UNCERTAINTY_MEASURE_WITH_UNIT(LENGTH_MEASURE(0.005),#6647,
'DISTANCE_ACCURACY_VALUE','Maximum Tolerance applied to model');
#6642=UNCERTAINTY_MEASURE_WITH_UNIT(LENGTH_MEASURE(0.005),#6647,
'DISTANCE_ACCURACY_VALUE','Maximum Tolerance applied to model');
#6643=UNCERTAINTY_MEASURE_WITH_UNIT(LENGTH_MEASURE(0.005),#6647,
'DISTANCE_ACCURACY_VALUE','Maximum Tolerance applied to model');
#6644=UNCERTAINTY_MEASURE_WITH_UNIT(LENGTH_MEASURE(0.005),#6647,
'DISTANCE_ACCURACY_VALUE','Maximum Tolerance applied to model');
#6645=(
NAMED_UNIT(*)
SI_UNIT($,.STERADIAN.)
SOLID_ANGLE_UNIT()
);
#6646=(
NAMED_UNIT(*)
PLANE_ANGLE_UNIT()
SI_UNIT($,.RADIAN.)
);
#6647=(
LENGTH_UNIT()
NAMED_UNIT(*)
SI_UNIT(.MILLI.,.METRE.)
);
#6648=PRODUCT_DEFINITION_SHAPE('','',#6668);
#6649=PRODUCT_DEFINITION_SHAPE('','',#6669);
#6650=PRODUCT_DEFINITION_SHAPE('','',#6670);
#6651=PRODUCT_DEFINITION_SHAPE(' ','NAUO PRDDFN',#34);
#6652=PRODUCT_DEFINITION_SHAPE('','',#6671);
#6653=PRODUCT_DEFINITION_SHAPE(' ','NAUO PRDDFN',#35);
#6654=PRODUCT_DEFINITION_SHAPE('','',#6672);
#6655=PRODUCT_DEFINITION_SHAPE(' ','NAUO PRDDFN',#36);
#6656=PRODUCT_DEFINITION_SHAPE(' ','NAUO PRDDFN',#37);
#6657=PRODUCT_DEFINITION_SHAPE('','',#6673);
#6658=PRODUCT_DEFINITION_SHAPE(' ','NAUO PRDDFN',#38);
#6659=PRODUCT_DEFINITION_SHAPE('','',#6674);
#6660=PRODUCT_DEFINITION_SHAPE(' ','NAUO PRDDFN',#39);
#6661=PRODUCT_DEFINITION_SHAPE(' ','NAUO PRDDFN',#40);
#6662=PRODUCT_DEFINITION_SHAPE(' ','NAUO PRDDFN',#41);
#6663=PRODUCT_DEFINITION_SHAPE('','',#6675);
#6664=PRODUCT_DEFINITION_SHAPE(' ','NAUO PRDDFN',#42);
#6665=PRODUCT_DEFINITION_SHAPE(' ','NAUO PRDDFN',#43);
#6666=PRODUCT_DEFINITION_SHAPE(' ','NAUO PRDDFN',#44);
#6667=PRODUCT_DEFINITION_SHAPE(' ','NAUO PRDDFN',#45);
#6668=PRODUCT_DEFINITION('','',#6684,#6676);
#6669=PRODUCT_DEFINITION('','',#6685,#6677);
#6670=PRODUCT_DEFINITION('','',#6686,#6678);
#6671=PRODUCT_DEFINITION('','',#6687,#6679);
#6672=PRODUCT_DEFINITION('','',#6688,#6680);
#6673=PRODUCT_DEFINITION('','',#6689,#6681);
#6674=PRODUCT_DEFINITION('','',#6690,#6682);
#6675=PRODUCT_DEFINITION('','',#6691,#6683);
#6676=PRODUCT_DEFINITION_CONTEXT('',#6725,'design');
#6677=PRODUCT_DEFINITION_CONTEXT('',#6725,'design');
#6678=PRODUCT_DEFINITION_CONTEXT('',#6725,'design');
#6679=PRODUCT_DEFINITION_CONTEXT('',#6725,'design');
#6680=PRODUCT_DEFINITION_CONTEXT('',#6725,'design');
#6681=PRODUCT_DEFINITION_CONTEXT('',#6725,'design');
#6682=PRODUCT_DEFINITION_CONTEXT('',#6725,'design');
#6683=PRODUCT_DEFINITION_CONTEXT('',#6725,'design');
#6684=PRODUCT_DEFINITION_FORMATION_WITH_SPECIFIED_SOURCE('','',#6700,
 .NOT_KNOWN.);
#6685=PRODUCT_DEFINITION_FORMATION_WITH_SPECIFIED_SOURCE('','',#6701,
 .NOT_KNOWN.);
#6686=PRODUCT_DEFINITION_FORMATION_WITH_SPECIFIED_SOURCE('','',#6702,
 .NOT_KNOWN.);
#6687=PRODUCT_DEFINITION_FORMATION_WITH_SPECIFIED_SOURCE('','',#6703,
 .NOT_KNOWN.);
#6688=PRODUCT_DEFINITION_FORMATION_WITH_SPECIFIED_SOURCE('','',#6704,
 .NOT_KNOWN.);
#6689=PRODUCT_DEFINITION_FORMATION_WITH_SPECIFIED_SOURCE('','',#6705,
 .NOT_KNOWN.);
#6690=PRODUCT_DEFINITION_FORMATION_WITH_SPECIFIED_SOURCE('','',#6706,
 .NOT_KNOWN.);
#6691=PRODUCT_DEFINITION_FORMATION_WITH_SPECIFIED_SOURCE('','',#6707,
 .NOT_KNOWN.);
#6692=PRODUCT_RELATED_PRODUCT_CATEGORY('','',(#6700));
#6693=PRODUCT_RELATED_PRODUCT_CATEGORY('','',(#6701));
#6694=PRODUCT_RELATED_PRODUCT_CATEGORY('','',(#6702));
#6695=PRODUCT_RELATED_PRODUCT_CATEGORY('','',(#6703));
#6696=PRODUCT_RELATED_PRODUCT_CATEGORY('','',(#6704));
#6697=PRODUCT_RELATED_PRODUCT_CATEGORY('','',(#6705));
#6698=PRODUCT_RELATED_PRODUCT_CATEGORY('','',(#6706));
#6699=PRODUCT_RELATED_PRODUCT_CATEGORY('','',(#6707));
#6700=PRODUCT('6914121200xxMB','6914121200xxMB','6914121200xxMB',(#6716));
#6701=PRODUCT('6914121200xx_MODULE_COURT','6914121200xx_MODULE_COURT',
'6914121200xx_MODULE_COURT',(#6717));
#6702=PRODUCT('6914121200xxB','6914121200xxB','6914121200xxB',(#6718));
#6703=PRODUCT('6914121200xx','6914121200xx','6914121200xx',(#6719));
#6704=PRODUCT('6914121200xx_levier','6914121200xx_levier',
'6914121200xx_levier',(#6720));
#6705=PRODUCT('6914121200xx_MODULE_LONG','6914121200xx_MODULE_LONG',
'6914121200xx_MODULE_LONG',(#6721));
#6706=PRODUCT('6914121200xx_LONG','6914121200xx_LONG',
'6914121200xx_LONG',(#6722));
#6707=PRODUCT('6914121200xxB_CAPOT','6914121200xxB_CAPOT',
'6914121200xxB_CAPOT',(#6723));
#6708=PRODUCT_CATEGORY('','');
#6709=PRODUCT_CATEGORY('','');
#6710=PRODUCT_CATEGORY('','');
#6711=PRODUCT_CATEGORY('','');
#6712=PRODUCT_CATEGORY('','');
#6713=PRODUCT_CATEGORY('','');
#6714=PRODUCT_CATEGORY('','');
#6715=PRODUCT_CATEGORY('','');
#6716=PRODUCT_CONTEXT('',#6725,'mechanical');
#6717=PRODUCT_CONTEXT('',#6725,'mechanical');
#6718=PRODUCT_CONTEXT('',#6725,'mechanical');
#6719=PRODUCT_CONTEXT('',#6725,'mechanical');
#6720=PRODUCT_CONTEXT('',#6725,'mechanical');
#6721=PRODUCT_CONTEXT('',#6725,'mechanical');
#6722=PRODUCT_CONTEXT('',#6725,'mechanical');
#6723=PRODUCT_CONTEXT('',#6725,'mechanical');
#6724=APPLICATION_PROTOCOL_DEFINITION('international standard',
'automotive_design',2010,#6725);
#6725=APPLICATION_CONTEXT(
'core data for automotive mechanical design processes');
/* Langdock: one global transform wrapper; original BREP, COPY and colour entities are unchanged. */
#6726=CARTESIAN_POINT('',(3.35,-3.8,4.75));
#6727=DIRECTION('',(0,0,1));
#6728=DIRECTION('',(1,0,0));
#6729=AXIS2_PLACEMENT_3D('',#6726,#6727,#6728);
#6730=SHAPE_REPRESENTATION('6914121200xxMB__global_transform',(#6729),#6629);
#6731=PRODUCT('6914121200xxMB__global_transform','6914121200xxMB__global_transform','',(#20011));
#6732=PRODUCT_DEFINITION_FORMATION_WITH_SPECIFIED_SOURCE('','',#6731,.NOT_KNOWN.);
#6733=PRODUCT_DEFINITION_CONTEXT('',#6725,'design');
#6734=PRODUCT_DEFINITION('','',#6732,#6733);
#6735=PRODUCT_DEFINITION_SHAPE('','',#6734);
#6736=SHAPE_DEFINITION_REPRESENTATION(#6735,#6730);
#6737=NEXT_ASSEMBLY_USAGE_OCCURRENCE('6914121200xxMB__global_transform','6914121200xxMB__global_transform','',#6734,#6668,'');
#6738=PRODUCT_DEFINITION_SHAPE(' ','NAUO PRDDFN',#6737);
#6739=ITEM_DEFINED_TRANSFORMATION('','',#3961,#6729);
#6740=(REPRESENTATION_RELATIONSHIP('','',#3957,#6730) REPRESENTATION_RELATIONSHIP_WITH_TRANSFORMATION(#6739) SHAPE_REPRESENTATION_RELATIONSHIP());
#6741=CONTEXT_DEPENDENT_SHAPE_REPRESENTATION(#6740,#6738);
ENDSEC;
END-ISO-10303-21;
