ISO-10303-21;
HEADER;
/* Generated by software containing ST-Developer
 * from STEP Tools, Inc. (www.steptools.com) 
 */
/* OPTION: strings as raw bytes, not using required /X/ escapes */

FILE_DESCRIPTION(
/* description */ ('Unknown'),
/* implementation_level */ '2;1');

FILE_NAME(
/* name */ 'J_Wurth_WR-MJ_615108137121R',
/* time_stamp */ '2025-10-09T11:14:59+08:00',
/* author */ ('Unknown'),
/* organization */ ('Unknown'),
/* preprocessor_version */ 'ST-DEVELOPER v19.4',
/* originating_system */ 'Solid Edge',
/* authorisation */ 'Unknown');

FILE_SCHEMA (('AUTOMOTIVE_DESIGN {1 0 10303 214 3 1 1}'));
ENDSEC;

DATA;
#10=PROPERTY_DEFINITION_REPRESENTATION(#14,#12);
#11=PROPERTY_DEFINITION_REPRESENTATION(#15,#13);
#12=REPRESENTATION('',(#16),#16755);
#13=REPRESENTATION('',(#17),#16755);
#14=PROPERTY_DEFINITION('pmi validation property','',#16762);
#15=PROPERTY_DEFINITION('pmi validation property','',#16762);
#16=VALUE_REPRESENTATION_ITEM('number of annotations',COUNT_MEASURE(0.));
#17=VALUE_REPRESENTATION_ITEM('number of views',COUNT_MEASURE(0.));
#18=CONTEXT_DEPENDENT_SHAPE_REPRESENTATION(#20,#16764);
#19=NEXT_ASSEMBLY_USAGE_OCCURRENCE('J_Wurth_WR-MJ_615108137121R',
'J_Wurth_WR-MJ_615108137121R','J_Wurth_WR-MJ_615108137121R',#16765,#16766,
'');
#20=(
REPRESENTATION_RELATIONSHIP(' ',' ',#11323,#11324)
REPRESENTATION_RELATIONSHIP_WITH_TRANSFORMATION(#21)
SHAPE_REPRESENTATION_RELATIONSHIP()
);
#21=ITEM_DEFINED_TRANSFORMATION(' ',' ',#11325,#11914);
#22=SHAPE_REPRESENTATION_RELATIONSHIP('','',#11323,#23);
#23=ADVANCED_BREP_SHAPE_REPRESENTATION('',(#11320),#16756);
#24=B_SPLINE_CURVE_WITH_KNOTS('',3,(#15109,#15110,#15111,#15112,#15113,
#15114,#15115),.UNSPECIFIED.,.F.,.F.,(4,1,1,1,4),(0.00417754708132546,0.253133160310994,
0.502088773540663,0.751044386770331,1.),.UNSPECIFIED.);
#25=B_SPLINE_CURVE_WITH_KNOTS('',3,(#15117,#15118,#15119,#15120,#15121,
#15122,#15123),.UNSPECIFIED.,.F.,.F.,(4,1,1,1,4),(0.,0.248656990178736,
0.497313980357471,0.745970970536207,0.994627960714943),.UNSPECIFIED.);
#26=B_SPLINE_CURVE_WITH_KNOTS('',3,(#15125,#15126,#15127,#15128),
 .UNSPECIFIED.,.F.,.F.,(4,4),(0.,1.),.UNSPECIFIED.);
#27=B_SPLINE_CURVE_WITH_KNOTS('',3,(#15169,#15170,#15171,#15172),
 .UNSPECIFIED.,.F.,.F.,(4,4),(0.00157649053715248,0.00161660786634985),
 .UNSPECIFIED.);
#28=B_SPLINE_CURVE_WITH_KNOTS('',3,(#15180,#15181,#15182,#15183),
 .UNSPECIFIED.,.F.,.F.,(4,4),(0.00204305781608393,0.00208342121352662),
 .UNSPECIFIED.);
#29=B_SPLINE_CURVE_WITH_KNOTS('',3,(#15191,#15192,#15193,#15194),
 .UNSPECIFIED.,.F.,.F.,(4,4),(0.0374657622509209,0.395085429472367),
 .UNSPECIFIED.);
#30=B_SPLINE_CURVE_WITH_KNOTS('',3,(#15195,#15196,#15197,#15198),
 .UNSPECIFIED.,.F.,.F.,(4,4),(0.607671163603844,0.96459047105103),
 .UNSPECIFIED.);
#31=B_SPLINE_CURVE_WITH_KNOTS('',3,(#15200,#15201,#15202,#15203),
 .UNSPECIFIED.,.F.,.F.,(4,4),(0.,0.299960714097293),.UNSPECIFIED.);
#32=B_SPLINE_CURVE_WITH_KNOTS('',3,(#15205,#15206,#15207,#15208),
 .UNSPECIFIED.,.F.,.F.,(4,4),(0.,1.),.UNSPECIFIED.);
#33=B_SPLINE_CURVE_WITH_KNOTS('',3,(#15210,#15211,#15212,#15213),
 .UNSPECIFIED.,.F.,.F.,(4,4),(0.699442996977451,1.),.UNSPECIFIED.);
#34=B_SPLINE_CURVE_WITH_KNOTS('',3,(#15217,#15218,#15219,#15220,#15221),
 .UNSPECIFIED.,.F.,.F.,(4,1,4),(0.,0.5,1.),.UNSPECIFIED.);
#35=B_SPLINE_CURVE_WITH_KNOTS('',3,(#15235,#15236,#15237,#15238,#15239),
 .UNSPECIFIED.,.F.,.F.,(4,1,4),(0.,0.5,1.),.UNSPECIFIED.);
#36=B_SPLINE_CURVE_WITH_KNOTS('',3,(#15241,#15242,#15243,#15244),
 .UNSPECIFIED.,.F.,.F.,(4,4),(0.,1.),.UNSPECIFIED.);
#37=B_SPLINE_CURVE_WITH_KNOTS('',3,(#15263,#15264,#15265,#15266),
 .UNSPECIFIED.,.F.,.F.,(4,4),(0.00157090747364431,0.00160409293189587),
 .UNSPECIFIED.);
#38=B_SPLINE_CURVE_WITH_KNOTS('',3,(#15274,#15275,#15276,#15277),
 .UNSPECIFIED.,.F.,.F.,(4,4),(0.002043669097574,0.00207696319235173),
 .UNSPECIFIED.);
#39=B_SPLINE_CURVE_WITH_KNOTS('',3,(#15291,#15292,#15293,#15294,#15295,
#15296,#15297),.UNSPECIFIED.,.F.,.F.,(4,1,1,1,4),(0.00289418826532276,0.252170641198992,
0.501447094132661,0.750723547066331,1.),.UNSPECIFIED.);
#40=B_SPLINE_CURVE_WITH_KNOTS('',3,(#15299,#15300,#15301,#15302,#15303,
#15304,#15305),.UNSPECIFIED.,.F.,.F.,(4,1,1,1,4),(0.,0.248501924416885,
0.49700384883377,0.745505773250654,0.994007697667539),.UNSPECIFIED.);
#41=B_SPLINE_CURVE_WITH_KNOTS('',3,(#15307,#15308,#15309,#15310),
 .UNSPECIFIED.,.F.,.F.,(4,4),(0.,1.),.UNSPECIFIED.);
#42=B_SPLINE_CURVE_WITH_KNOTS('',3,(#15807,#15808,#15809,#15810),
 .UNSPECIFIED.,.F.,.F.,(4,4),(0.00157029909061088,0.00174598177657071),
 .UNSPECIFIED.);
#43=B_SPLINE_CURVE_WITH_KNOTS('',3,(#15814,#15815,#15816,#15817),
 .UNSPECIFIED.,.F.,.F.,(4,4),(0.00190038103931655,0.00207634172598147),
 .UNSPECIFIED.);
#44=B_SPLINE_CURVE_WITH_KNOTS('',3,(#15821,#15822,#15823,#15824),
 .UNSPECIFIED.,.F.,.F.,(4,4),(0.000756517267221564,0.000942071830928744),
 .UNSPECIFIED.);
#45=B_SPLINE_CURVE_WITH_KNOTS('',3,(#15828,#15829,#15830,#15831),
 .UNSPECIFIED.,.F.,.F.,(4,4),(0.000416694895425429,0.000602183984920083),
 .UNSPECIFIED.);
#46=B_SPLINE_CURVE_WITH_KNOTS('',3,(#15836,#15837,#15838,#15839),
 .UNSPECIFIED.,.F.,.F.,(4,4),(0.00156955125571856,0.00174522874454868),
 .UNSPECIFIED.);
#47=B_SPLINE_CURVE_WITH_KNOTS('',3,(#15843,#15844,#15845,#15846),
 .UNSPECIFIED.,.F.,.F.,(4,4),(0.00189962712731423,0.00207557753042509),
 .UNSPECIFIED.);
#48=B_SPLINE_CURVE_WITH_KNOTS('',3,(#15850,#15851,#15852,#15853),
 .UNSPECIFIED.,.F.,.F.,(4,4),(0.000755784472198871,0.000941341363818532),
 .UNSPECIFIED.);
#49=B_SPLINE_CURVE_WITH_KNOTS('',3,(#15857,#15858,#15859,#15860),
 .UNSPECIFIED.,.F.,.F.,(4,4),(0.000415958948914043,0.000601448944255672),
 .UNSPECIFIED.);
#50=B_SPLINE_CURVE_WITH_KNOTS('',3,(#15867,#15868,#15869,#15870),
 .UNSPECIFIED.,.F.,.F.,(4,4),(0.000739335641753041,0.000948410974220689),
 .UNSPECIFIED.);
#51=B_SPLINE_CURVE_WITH_KNOTS('',3,(#15872,#15873,#15874,#15875),
 .UNSPECIFIED.,.F.,.F.,(4,4),(0.,1.),.UNSPECIFIED.);
#52=B_SPLINE_CURVE_WITH_KNOTS('',3,(#15877,#15878,#15879,#15880),
 .UNSPECIFIED.,.F.,.F.,(4,4),(0.000421213418032487,0.000630320658126293),
 .UNSPECIFIED.);
#53=B_SPLINE_CURVE_WITH_KNOTS('',3,(#15887,#15888,#15889,#15890),
 .UNSPECIFIED.,.F.,.F.,(4,4),(0.000757113262053267,0.000942665858620792),
 .UNSPECIFIED.);
#54=B_SPLINE_CURVE_WITH_KNOTS('',3,(#15894,#15895,#15896,#15897),
 .UNSPECIFIED.,.F.,.F.,(4,4),(0.000417293478153696,0.000602781750374324),
 .UNSPECIFIED.);
#55=B_SPLINE_CURVE_WITH_KNOTS('',3,(#16013,#16014,#16015,#16016),
 .UNSPECIFIED.,.F.,.F.,(4,4),(0.,1.),.UNSPECIFIED.);
#56=B_SPLINE_CURVE_WITH_KNOTS('',3,(#16032,#16033,#16034,#16035,#16036),
 .UNSPECIFIED.,.F.,.F.,(4,1,4),(0.,0.5,1.),.UNSPECIFIED.);
#57=B_SPLINE_CURVE_WITH_KNOTS('',3,(#16042,#16043,#16044,#16045),
 .UNSPECIFIED.,.F.,.F.,(4,4),(0.,1.),.UNSPECIFIED.);
#58=B_SPLINE_CURVE_WITH_KNOTS('',3,(#16051,#16052,#16053,#16054),
 .UNSPECIFIED.,.F.,.F.,(4,4),(0.,1.),.UNSPECIFIED.);
#59=B_SPLINE_CURVE_WITH_KNOTS('',3,(#16056,#16057,#16058,#16059,#16060),
 .UNSPECIFIED.,.F.,.F.,(4,1,4),(0.,0.5,1.),.UNSPECIFIED.);
#60=B_SPLINE_CURVE_WITH_KNOTS('',3,(#16119,#16120,#16121,#16122),
 .UNSPECIFIED.,.F.,.F.,(4,4),(0.,1.),.UNSPECIFIED.);
#61=B_SPLINE_CURVE_WITH_KNOTS('',3,(#16123,#16124,#16125,#16126),
 .UNSPECIFIED.,.F.,.F.,(4,4),(0.,1.),.UNSPECIFIED.);
#62=B_SPLINE_CURVE_WITH_KNOTS('',3,(#16153,#16154,#16155,#16156),
 .UNSPECIFIED.,.F.,.F.,(4,4),(0.,1.),.UNSPECIFIED.);
#63=B_SPLINE_CURVE_WITH_KNOTS('',3,(#16169,#16170,#16171,#16172),
 .UNSPECIFIED.,.F.,.F.,(4,4),(0.,1.),.UNSPECIFIED.);
#64=B_SPLINE_CURVE_WITH_KNOTS('',3,(#16178,#16179,#16180,#16181,#16182),
 .UNSPECIFIED.,.F.,.F.,(4,1,4),(0.,0.5,1.),.UNSPECIFIED.);
#65=B_SPLINE_CURVE_WITH_KNOTS('',3,(#16191,#16192,#16193,#16194),
 .UNSPECIFIED.,.F.,.F.,(4,4),(0.,1.),.UNSPECIFIED.);
#66=B_SPLINE_CURVE_WITH_KNOTS('',3,(#16196,#16197,#16198,#16199,#16200),
 .UNSPECIFIED.,.F.,.F.,(4,1,4),(0.,0.5,1.),.UNSPECIFIED.);
#67=B_SPLINE_CURVE_WITH_KNOTS('',3,(#16273,#16274,#16275,#16276,#16277,
#16278,#16279),.UNSPECIFIED.,.F.,.F.,(4,1,1,1,4),(0.00628121943608146,0.254710914577061,
0.503140609718041,0.75157030485902,1.),.UNSPECIFIED.);
#68=B_SPLINE_CURVE_WITH_KNOTS('',3,(#16281,#16282,#16283,#16284,#16285,
#16286,#16287),.UNSPECIFIED.,.F.,.F.,(4,1,1,1,4),(0.,0.249399818689102,
0.498799637378204,0.748199456067306,0.997599274756408),.UNSPECIFIED.);
#69=B_SPLINE_CURVE_WITH_KNOTS('',3,(#16289,#16290,#16291,#16292),
 .UNSPECIFIED.,.F.,.F.,(4,4),(0.,1.),.UNSPECIFIED.);
#70=B_SPLINE_CURVE_WITH_KNOTS('',3,(#16312,#16313,#16314,#16315),
 .UNSPECIFIED.,.F.,.F.,(4,4),(0.,1.),.UNSPECIFIED.);
#71=B_SPLINE_CURVE_WITH_KNOTS('',3,(#16318,#16319,#16320,#16321),
 .UNSPECIFIED.,.F.,.F.,(4,4),(0.,1.),.UNSPECIFIED.);
#72=B_SPLINE_CURVE_WITH_KNOTS('',3,(#16323,#16324,#16325,#16326,#16327),
 .UNSPECIFIED.,.F.,.F.,(4,1,4),(0.,0.5,1.),.UNSPECIFIED.);
#73=B_SPLINE_CURVE_WITH_KNOTS('',3,(#16329,#16330,#16331,#16332),
 .UNSPECIFIED.,.F.,.F.,(4,4),(0.,1.),.UNSPECIFIED.);
#74=B_SPLINE_CURVE_WITH_KNOTS('',3,(#16334,#16335,#16336,#16337,#16338),
 .UNSPECIFIED.,.F.,.F.,(4,1,4),(0.,0.5,1.),.UNSPECIFIED.);
#75=B_SPLINE_CURVE_WITH_KNOTS('',3,(#16396,#16397,#16398,#16399,#16400,
#16401,#16402),.UNSPECIFIED.,.F.,.F.,(4,1,1,1,4),(0.00550672045583181,0.254130040341874,
0.502753360227916,0.751376680113958,1.),.UNSPECIFIED.);
#76=B_SPLINE_CURVE_WITH_KNOTS('',3,(#16404,#16405,#16406,#16407,#16408,
#16409,#16410),.UNSPECIFIED.,.F.,.F.,(4,1,1,1,4),(0.,0.249024777399835,
0.49804955479967,0.747074332199505,0.99609910959934),.UNSPECIFIED.);
#77=B_SPLINE_CURVE_WITH_KNOTS('',3,(#16412,#16413,#16414,#16415),
 .UNSPECIFIED.,.F.,.F.,(4,4),(0.,1.),.UNSPECIFIED.);
#78=B_SPLINE_CURVE_WITH_KNOTS('',3,(#16435,#16436,#16437,#16438),
 .UNSPECIFIED.,.F.,.F.,(4,4),(0.,1.),.UNSPECIFIED.);
#79=B_SPLINE_CURVE_WITH_KNOTS('',3,(#16441,#16442,#16443,#16444),
 .UNSPECIFIED.,.F.,.F.,(4,4),(0.,1.),.UNSPECIFIED.);
#80=B_SPLINE_CURVE_WITH_KNOTS('',3,(#16446,#16447,#16448,#16449,#16450),
 .UNSPECIFIED.,.F.,.F.,(4,1,4),(0.,0.5,1.),.UNSPECIFIED.);
#81=B_SPLINE_CURVE_WITH_KNOTS('',3,(#16452,#16453,#16454,#16455),
 .UNSPECIFIED.,.F.,.F.,(4,4),(0.,1.),.UNSPECIFIED.);
#82=B_SPLINE_CURVE_WITH_KNOTS('',3,(#16457,#16458,#16459,#16460,#16461),
 .UNSPECIFIED.,.F.,.F.,(4,1,4),(0.,0.5,1.),.UNSPECIFIED.);
#83=B_SPLINE_CURVE_WITH_KNOTS('',3,(#16517,#16518,#16519,#16520,#16521,
#16522,#16523),.UNSPECIFIED.,.F.,.F.,(4,1,1,1,4),(0.00324571952284403,0.252434289642133,
0.501622859761422,0.750811429880711,1.),.UNSPECIFIED.);
#84=B_SPLINE_CURVE_WITH_KNOTS('',3,(#16525,#16526,#16527,#16528,#16529,
#16530,#16531),.UNSPECIFIED.,.F.,.F.,(4,1,1,1,4),(0.,0.248547678688123,
0.497095357376247,0.74564303606437,0.994190714752494),.UNSPECIFIED.);
#85=B_SPLINE_CURVE_WITH_KNOTS('',3,(#16533,#16534,#16535,#16536),
 .UNSPECIFIED.,.F.,.F.,(4,4),(0.,1.),.UNSPECIFIED.);
#86=B_SPLINE_CURVE_WITH_KNOTS('',3,(#16556,#16557,#16558,#16559),
 .UNSPECIFIED.,.F.,.F.,(4,4),(0.,1.),.UNSPECIFIED.);
#87=B_SPLINE_CURVE_WITH_KNOTS('',3,(#16562,#16563,#16564,#16565,#16566),
 .UNSPECIFIED.,.F.,.F.,(4,1,4),(0.,0.5,1.),.UNSPECIFIED.);
#88=B_SPLINE_CURVE_WITH_KNOTS('',3,(#16568,#16569,#16570,#16571),
 .UNSPECIFIED.,.F.,.F.,(4,4),(0.,1.),.UNSPECIFIED.);
#89=B_SPLINE_CURVE_WITH_KNOTS('',3,(#16573,#16574,#16575,#16576,#16577),
 .UNSPECIFIED.,.F.,.F.,(4,1,4),(0.,0.5,1.),.UNSPECIFIED.);
#90=B_SPLINE_CURVE_WITH_KNOTS('',3,(#16579,#16580,#16581,#16582),
 .UNSPECIFIED.,.F.,.F.,(4,4),(0.,1.),.UNSPECIFIED.);
#91=B_SPLINE_CURVE_WITH_KNOTS('',3,(#16638,#16639,#16640,#16641,#16642,
#16643,#16644),.UNSPECIFIED.,.F.,.F.,(4,1,1,1,4),(0.00467081188459368,0.253503108913445,
0.502335405942297,0.751167702971148,1.),.UNSPECIFIED.);
#92=B_SPLINE_CURVE_WITH_KNOTS('',3,(#16646,#16647,#16648,#16649,#16650,
#16651,#16652),.UNSPECIFIED.,.F.,.F.,(4,1,1,1,4),(0.,0.248707601447053,
0.497415202894106,0.746122804341159,0.994830405788211),.UNSPECIFIED.);
#93=B_SPLINE_CURVE_WITH_KNOTS('',3,(#16654,#16655,#16656,#16657),
 .UNSPECIFIED.,.F.,.F.,(4,4),(0.,1.),.UNSPECIFIED.);
#94=B_SPLINE_CURVE_WITH_KNOTS('',3,(#16677,#16678,#16679,#16680),
 .UNSPECIFIED.,.F.,.F.,(4,4),(0.,1.),.UNSPECIFIED.);
#95=B_SPLINE_CURVE_WITH_KNOTS('',3,(#16683,#16684,#16685,#16686,#16687),
 .UNSPECIFIED.,.F.,.F.,(4,1,4),(0.,0.5,1.),.UNSPECIFIED.);
#96=B_SPLINE_CURVE_WITH_KNOTS('',3,(#16689,#16690,#16691,#16692),
 .UNSPECIFIED.,.F.,.F.,(4,4),(0.,1.),.UNSPECIFIED.);
#97=B_SPLINE_CURVE_WITH_KNOTS('',3,(#16694,#16695,#16696,#16697,#16698),
 .UNSPECIFIED.,.F.,.F.,(4,1,4),(0.,0.5,1.),.UNSPECIFIED.);
#98=CYLINDRICAL_SURFACE('',#11384,0.2);
#99=CYLINDRICAL_SURFACE('',#11387,0.2);
#100=CYLINDRICAL_SURFACE('',#11390,0.2);
#101=CYLINDRICAL_SURFACE('',#11392,0.2);
#102=CYLINDRICAL_SURFACE('',#11394,0.2);
#103=CYLINDRICAL_SURFACE('',#11396,0.2);
#104=CYLINDRICAL_SURFACE('',#11398,0.2);
#105=CYLINDRICAL_SURFACE('',#11400,0.2);
#106=CYLINDRICAL_SURFACE('',#11418,1.5);
#107=CYLINDRICAL_SURFACE('',#11421,1.5);
#108=CYLINDRICAL_SURFACE('',#11476,1.);
#109=CYLINDRICAL_SURFACE('',#11478,0.875028883841156);
#110=CYLINDRICAL_SURFACE('',#11479,0.874999999999989);
#111=CYLINDRICAL_SURFACE('',#11488,0.47);
#112=CYLINDRICAL_SURFACE('',#11493,0.87503686413292);
#113=CYLINDRICAL_SURFACE('',#11494,0.87503686413292);
#114=CYLINDRICAL_SURFACE('',#11499,0.465);
#115=CYLINDRICAL_SURFACE('',#11506,0.875051298125715);
#116=CYLINDRICAL_SURFACE('',#11507,0.8);
#117=CYLINDRICAL_SURFACE('',#11541,0.2);
#118=CYLINDRICAL_SURFACE('',#11544,0.2);
#119=CYLINDRICAL_SURFACE('',#11547,0.2);
#120=CYLINDRICAL_SURFACE('',#11550,0.2);
#121=CYLINDRICAL_SURFACE('',#11553,0.2);
#122=CYLINDRICAL_SURFACE('',#11556,0.2);
#123=CYLINDRICAL_SURFACE('',#11559,0.2);
#124=CYLINDRICAL_SURFACE('',#11562,0.2);
#125=CYLINDRICAL_SURFACE('',#11565,0.2);
#126=CYLINDRICAL_SURFACE('',#11568,0.2);
#127=CYLINDRICAL_SURFACE('',#11571,0.2);
#128=CYLINDRICAL_SURFACE('',#11574,0.2);
#129=CYLINDRICAL_SURFACE('',#11577,0.2);
#130=CYLINDRICAL_SURFACE('',#11580,0.2);
#131=CYLINDRICAL_SURFACE('',#11583,0.2);
#132=CYLINDRICAL_SURFACE('',#11586,0.2);
#133=CYLINDRICAL_SURFACE('',#11589,0.8);
#134=CYLINDRICAL_SURFACE('',#11591,0.8);
#135=CYLINDRICAL_SURFACE('',#11596,0.8);
#136=CYLINDRICAL_SURFACE('',#11599,0.8);
#137=CYLINDRICAL_SURFACE('',#11604,0.8);
#138=CYLINDRICAL_SURFACE('',#11607,0.8);
#139=CYLINDRICAL_SURFACE('',#11610,0.8);
#140=CYLINDRICAL_SURFACE('',#11615,0.8);
#141=CYLINDRICAL_SURFACE('',#11620,0.8);
#142=CYLINDRICAL_SURFACE('',#11623,0.8);
#143=CYLINDRICAL_SURFACE('',#11626,0.8);
#144=CYLINDRICAL_SURFACE('',#11631,0.8);
#145=CYLINDRICAL_SURFACE('',#11636,0.8);
#146=CYLINDRICAL_SURFACE('',#11639,0.8);
#147=CYLINDRICAL_SURFACE('',#11644,0.8);
#148=CYLINDRICAL_SURFACE('',#11647,0.8);
#149=CYLINDRICAL_SURFACE('',#11650,0.8);
#150=CYLINDRICAL_SURFACE('',#11678,0.3);
#151=CYLINDRICAL_SURFACE('',#11681,0.3);
#152=CYLINDRICAL_SURFACE('',#11684,0.3);
#153=CYLINDRICAL_SURFACE('',#11686,0.3);
#154=CYLINDRICAL_SURFACE('',#11692,0.3);
#155=CYLINDRICAL_SURFACE('',#11698,0.3);
#156=CYLINDRICAL_SURFACE('',#11703,0.3);
#157=CYLINDRICAL_SURFACE('',#11708,0.3);
#158=CYLINDRICAL_SURFACE('',#11748,0.525047277353178);
#159=CYLINDRICAL_SURFACE('',#11750,0.12);
#160=CYLINDRICAL_SURFACE('',#11757,0.524999999999989);
#161=CYLINDRICAL_SURFACE('',#11761,0.115);
#162=CYLINDRICAL_SURFACE('',#11769,0.525064037645549);
#163=CYLINDRICAL_SURFACE('',#11788,0.525090533071469);
#164=CYLINDRICAL_SURFACE('',#11790,0.465);
#165=CYLINDRICAL_SURFACE('',#11793,0.115);
#166=CYLINDRICAL_SURFACE('',#11802,0.465000000000002);
#167=CYLINDRICAL_SURFACE('',#11805,0.115000000000002);
#168=CYLINDRICAL_SURFACE('',#11818,0.875061736105218);
#169=CYLINDRICAL_SURFACE('',#11821,0.525110910798308);
#170=CYLINDRICAL_SURFACE('',#11830,0.12);
#171=CYLINDRICAL_SURFACE('',#11833,0.47);
#172=CYLINDRICAL_SURFACE('',#11842,0.87503289591806);
#173=CYLINDRICAL_SURFACE('',#11845,0.525054931645806);
#174=CYLINDRICAL_SURFACE('',#11854,0.465);
#175=CYLINDRICAL_SURFACE('',#11857,0.115);
#176=CYLINDRICAL_SURFACE('',#11866,0.875044419307091);
#177=CYLINDRICAL_SURFACE('',#11869,0.525077166942917);
#178=CYLINDRICAL_SURFACE('',#11878,0.115);
#179=CYLINDRICAL_SURFACE('',#11881,0.465);
#180=CYLINDRICAL_SURFACE('',#11890,0.875022127848024);
#181=CYLINDRICAL_SURFACE('',#11893,0.525034571546608);
#182=CYLINDRICAL_SURFACE('',#11902,0.465);
#183=CYLINDRICAL_SURFACE('',#11905,0.115);
#184=CONICAL_SURFACE('',#11378,1.5,0.463647609000806);
#185=CONICAL_SURFACE('',#11381,1.5,0.463647609000806);
#186=ELLIPSE('',#11332,260.865004420335,0.87503686413292);
#187=ELLIPSE('',#11333,260.865004420335,0.87503686413292);
#188=ELLIPSE('',#11388,0.282842712474619,0.2);
#189=ELLIPSE('',#11391,0.282842712474619,0.2);
#190=ELLIPSE('',#11393,0.282842712474619,0.2);
#191=ELLIPSE('',#11395,0.282842712474619,0.2);
#192=ELLIPSE('',#11397,0.282842712474619,0.2);
#193=ELLIPSE('',#11399,0.282842712474619,0.2);
#194=ELLIPSE('',#11508,0.802858797373928,0.8);
#195=ELLIPSE('',#11510,0.802859746868489,0.8);
#196=ELLIPSE('',#11513,0.802858797373928,0.8);
#197=ELLIPSE('',#11542,0.200263751625173,0.2);
#198=ELLIPSE('',#11543,0.20019142637247,0.2);
#199=ELLIPSE('',#11545,0.200151137819795,0.2);
#200=ELLIPSE('',#11546,0.200088395491755,0.2);
#201=ELLIPSE('',#11548,0.200017739053441,0.2);
#202=ELLIPSE('',#11549,0.200003258311441,0.2);
#203=ELLIPSE('',#11563,0.200004708437094,0.2);
#204=ELLIPSE('',#11566,0.200393871564526,0.2);
#205=ELLIPSE('',#11567,0.200495017440909,0.2);
#206=ELLIPSE('',#11569,0.200276563919717,0.2);
#207=ELLIPSE('',#11570,0.20038102551039,0.2);
#208=ELLIPSE('',#11572,0.200061175030766,0.2);
#209=ELLIPSE('',#11573,0.200104601567961,0.2);
#210=ELLIPSE('',#11587,0.200714936717122,0.2);
#211=ELLIPSE('',#11588,0.200568918840543,0.2);
#212=ELLIPSE('',#11592,0.801055006500691,0.8);
#213=ELLIPSE('',#11593,0.802275675362172,0.8);
#214=ELLIPSE('',#11600,0.800604551279181,0.8);
#215=ELLIPSE('',#11601,0.80076570548988,0.8);
#216=ELLIPSE('',#11611,0.800070956213764,0.8);
#217=ELLIPSE('',#11612,0.800353581967021,0.8);
#218=ELLIPSE('',#11616,0.800018833748376,0.8);
#219=ELLIPSE('',#11617,0.800013033245763,0.8);
#220=ELLIPSE('',#11627,0.800244700123064,0.8);
#221=ELLIPSE('',#11628,0.800093760125279,0.8);
#222=ELLIPSE('',#11632,0.801106255678867,0.8);
#223=ELLIPSE('',#11633,0.800418406271844,0.8);
#224=ELLIPSE('',#11640,0.801575486258105,0.8);
#225=ELLIPSE('',#11641,0.801524102041559,0.8);
#226=ELLIPSE('',#11645,0.802858797373928,0.8);
#227=ELLIPSE('',#11652,0.801980069763637,0.8);
#228=ELLIPSE('',#11654,0.802858797373928,0.8);
#229=CIRCLE('',#11327,0.3);
#230=CIRCLE('',#11328,0.3);
#231=CIRCLE('',#11329,0.3);
#232=CIRCLE('',#11330,0.3);
#233=CIRCLE('',#11379,1.5);
#234=CIRCLE('',#11380,1.);
#235=CIRCLE('',#11382,1.5);
#236=CIRCLE('',#11383,1.);
#237=CIRCLE('',#11385,0.2);
#238=CIRCLE('',#11386,0.2);
#239=CIRCLE('',#11389,0.2);
#240=CIRCLE('',#11401,0.2);
#241=CIRCLE('',#11414,0.8);
#242=CIRCLE('',#11419,1.5);
#243=CIRCLE('',#11422,1.5);
#244=CIRCLE('',#11473,1.);
#245=CIRCLE('',#11475,1.);
#246=CIRCLE('',#11480,0.874999999999989);
#247=CIRCLE('',#11481,0.874999999999989);
#248=CIRCLE('',#11483,0.524999999999989);
#249=CIRCLE('',#11489,0.47);
#250=CIRCLE('',#11490,0.47);
#251=CIRCLE('',#11500,0.465);
#252=CIRCLE('',#11501,0.465);
#253=CIRCLE('',#11509,0.8);
#254=CIRCLE('',#11517,0.524999999999989);
#255=CIRCLE('',#11522,0.3);
#256=CIRCLE('',#11524,0.3);
#257=CIRCLE('',#11526,0.3);
#258=CIRCLE('',#11528,0.3);
#259=CIRCLE('',#11530,0.3);
#260=CIRCLE('',#11532,0.3);
#261=CIRCLE('',#11534,0.3);
#262=CIRCLE('',#11536,0.3);
#263=CIRCLE('',#11551,0.2);
#264=CIRCLE('',#11552,0.2);
#265=CIRCLE('',#11554,0.2);
#266=CIRCLE('',#11555,0.2);
#267=CIRCLE('',#11557,0.2);
#268=CIRCLE('',#11558,0.2);
#269=CIRCLE('',#11560,0.2);
#270=CIRCLE('',#11561,0.2);
#271=CIRCLE('',#11564,0.2);
#272=CIRCLE('',#11575,0.2);
#273=CIRCLE('',#11576,0.2);
#274=CIRCLE('',#11578,0.2);
#275=CIRCLE('',#11579,0.2);
#276=CIRCLE('',#11581,0.2);
#277=CIRCLE('',#11582,0.2);
#278=CIRCLE('',#11584,0.2);
#279=CIRCLE('',#11585,0.2);
#280=CIRCLE('',#11590,0.8);
#281=CIRCLE('',#11594,0.8);
#282=CIRCLE('',#11595,0.8);
#283=CIRCLE('',#11597,0.8);
#284=CIRCLE('',#11598,0.8);
#285=CIRCLE('',#11602,0.8);
#286=CIRCLE('',#11603,0.8);
#287=CIRCLE('',#11605,0.8);
#288=CIRCLE('',#11606,0.8);
#289=CIRCLE('',#11608,0.8);
#290=CIRCLE('',#11609,0.8);
#291=CIRCLE('',#11613,0.8);
#292=CIRCLE('',#11614,0.8);
#293=CIRCLE('',#11618,0.8);
#294=CIRCLE('',#11619,0.8);
#295=CIRCLE('',#11621,0.8);
#296=CIRCLE('',#11622,0.8);
#297=CIRCLE('',#11624,0.8);
#298=CIRCLE('',#11625,0.8);
#299=CIRCLE('',#11629,0.8);
#300=CIRCLE('',#11630,0.8);
#301=CIRCLE('',#11634,0.8);
#302=CIRCLE('',#11635,0.8);
#303=CIRCLE('',#11637,0.8);
#304=CIRCLE('',#11638,0.8);
#305=CIRCLE('',#11642,0.8);
#306=CIRCLE('',#11643,0.8);
#307=CIRCLE('',#11646,0.8);
#308=CIRCLE('',#11648,0.8);
#309=CIRCLE('',#11649,0.8);
#310=CIRCLE('',#11651,0.8);
#311=CIRCLE('',#11653,0.8);
#312=CIRCLE('',#11671,0.3);
#313=CIRCLE('',#11675,0.3);
#314=CIRCLE('',#11679,0.3);
#315=CIRCLE('',#11680,0.3);
#316=CIRCLE('',#11682,0.3);
#317=CIRCLE('',#11683,0.3);
#318=CIRCLE('',#11685,0.3);
#319=CIRCLE('',#11687,0.3);
#320=CIRCLE('',#11688,0.3);
#321=CIRCLE('',#11693,0.3);
#322=CIRCLE('',#11704,0.3);
#323=CIRCLE('',#11751,0.12);
#324=CIRCLE('',#11752,0.12);
#325=CIRCLE('',#11762,0.115);
#326=CIRCLE('',#11763,0.115);
#327=CIRCLE('',#11791,0.465);
#328=CIRCLE('',#11792,0.465);
#329=CIRCLE('',#11794,0.115);
#330=CIRCLE('',#11795,0.115);
#331=CIRCLE('',#11803,0.465000000000002);
#332=CIRCLE('',#11804,0.465000000000002);
#333=CIRCLE('',#11806,0.115000000000002);
#334=CIRCLE('',#11807,0.115000000000002);
#335=CIRCLE('',#11831,0.12);
#336=CIRCLE('',#11832,0.12);
#337=CIRCLE('',#11834,0.47);
#338=CIRCLE('',#11835,0.47);
#339=CIRCLE('',#11855,0.465);
#340=CIRCLE('',#11856,0.465);
#341=CIRCLE('',#11858,0.115);
#342=CIRCLE('',#11859,0.115);
#343=CIRCLE('',#11879,0.115);
#344=CIRCLE('',#11880,0.115);
#345=CIRCLE('',#11882,0.465);
#346=CIRCLE('',#11883,0.465);
#347=CIRCLE('',#11903,0.465);
#348=CIRCLE('',#11904,0.465);
#349=CIRCLE('',#11906,0.115);
#350=CIRCLE('',#11907,0.115);
#351=ORIENTED_EDGE('',*,*,#2761,.F.);
#352=ORIENTED_EDGE('',*,*,#2762,.F.);
#353=ORIENTED_EDGE('',*,*,#2763,.F.);
#354=ORIENTED_EDGE('',*,*,#2764,.F.);
#355=ORIENTED_EDGE('',*,*,#2765,.F.);
#356=ORIENTED_EDGE('',*,*,#2766,.T.);
#357=ORIENTED_EDGE('',*,*,#2767,.T.);
#358=ORIENTED_EDGE('',*,*,#2768,.T.);
#359=ORIENTED_EDGE('',*,*,#2769,.T.);
#360=ORIENTED_EDGE('',*,*,#2770,.T.);
#361=ORIENTED_EDGE('',*,*,#2771,.F.);
#362=ORIENTED_EDGE('',*,*,#2772,.F.);
#363=ORIENTED_EDGE('',*,*,#2773,.F.);
#364=ORIENTED_EDGE('',*,*,#2774,.F.);
#365=ORIENTED_EDGE('',*,*,#2775,.T.);
#366=ORIENTED_EDGE('',*,*,#2776,.T.);
#367=ORIENTED_EDGE('',*,*,#2777,.T.);
#368=ORIENTED_EDGE('',*,*,#2778,.T.);
#369=ORIENTED_EDGE('',*,*,#2779,.T.);
#370=ORIENTED_EDGE('',*,*,#2780,.T.);
#371=ORIENTED_EDGE('',*,*,#2781,.F.);
#372=ORIENTED_EDGE('',*,*,#2782,.T.);
#373=ORIENTED_EDGE('',*,*,#2783,.T.);
#374=ORIENTED_EDGE('',*,*,#2784,.T.);
#375=ORIENTED_EDGE('',*,*,#2785,.T.);
#376=ORIENTED_EDGE('',*,*,#2786,.T.);
#377=ORIENTED_EDGE('',*,*,#2787,.T.);
#378=ORIENTED_EDGE('',*,*,#2788,.F.);
#379=ORIENTED_EDGE('',*,*,#2789,.F.);
#380=ORIENTED_EDGE('',*,*,#2790,.F.);
#381=ORIENTED_EDGE('',*,*,#2791,.F.);
#382=ORIENTED_EDGE('',*,*,#2792,.F.);
#383=ORIENTED_EDGE('',*,*,#2793,.T.);
#384=ORIENTED_EDGE('',*,*,#2794,.T.);
#385=ORIENTED_EDGE('',*,*,#2795,.F.);
#386=ORIENTED_EDGE('',*,*,#2796,.T.);
#387=ORIENTED_EDGE('',*,*,#2797,.F.);
#388=ORIENTED_EDGE('',*,*,#2798,.F.);
#389=ORIENTED_EDGE('',*,*,#2799,.F.);
#390=ORIENTED_EDGE('',*,*,#2800,.T.);
#391=ORIENTED_EDGE('',*,*,#2801,.F.);
#392=ORIENTED_EDGE('',*,*,#2802,.F.);
#393=ORIENTED_EDGE('',*,*,#2803,.T.);
#394=ORIENTED_EDGE('',*,*,#2804,.F.);
#395=ORIENTED_EDGE('',*,*,#2805,.T.);
#396=ORIENTED_EDGE('',*,*,#2806,.T.);
#397=ORIENTED_EDGE('',*,*,#2807,.T.);
#398=ORIENTED_EDGE('',*,*,#2808,.F.);
#399=ORIENTED_EDGE('',*,*,#2809,.F.);
#400=ORIENTED_EDGE('',*,*,#2810,.F.);
#401=ORIENTED_EDGE('',*,*,#2811,.F.);
#402=ORIENTED_EDGE('',*,*,#2812,.F.);
#403=ORIENTED_EDGE('',*,*,#2813,.F.);
#404=ORIENTED_EDGE('',*,*,#2814,.F.);
#405=ORIENTED_EDGE('',*,*,#2815,.F.);
#406=ORIENTED_EDGE('',*,*,#2816,.F.);
#407=ORIENTED_EDGE('',*,*,#2817,.T.);
#408=ORIENTED_EDGE('',*,*,#2818,.T.);
#409=ORIENTED_EDGE('',*,*,#2819,.T.);
#410=ORIENTED_EDGE('',*,*,#2820,.T.);
#411=ORIENTED_EDGE('',*,*,#2821,.T.);
#412=ORIENTED_EDGE('',*,*,#2822,.T.);
#413=ORIENTED_EDGE('',*,*,#2823,.F.);
#414=ORIENTED_EDGE('',*,*,#2824,.F.);
#415=ORIENTED_EDGE('',*,*,#2825,.F.);
#416=ORIENTED_EDGE('',*,*,#2826,.F.);
#417=ORIENTED_EDGE('',*,*,#2827,.F.);
#418=ORIENTED_EDGE('',*,*,#2828,.F.);
#419=ORIENTED_EDGE('',*,*,#2829,.F.);
#420=ORIENTED_EDGE('',*,*,#2830,.T.);
#421=ORIENTED_EDGE('',*,*,#2831,.F.);
#422=ORIENTED_EDGE('',*,*,#2832,.F.);
#423=ORIENTED_EDGE('',*,*,#2833,.F.);
#424=ORIENTED_EDGE('',*,*,#2834,.F.);
#425=ORIENTED_EDGE('',*,*,#2835,.F.);
#426=ORIENTED_EDGE('',*,*,#2836,.F.);
#427=ORIENTED_EDGE('',*,*,#2837,.T.);
#428=ORIENTED_EDGE('',*,*,#2838,.T.);
#429=ORIENTED_EDGE('',*,*,#2839,.T.);
#430=ORIENTED_EDGE('',*,*,#2840,.T.);
#431=ORIENTED_EDGE('',*,*,#2841,.F.);
#432=ORIENTED_EDGE('',*,*,#2842,.T.);
#433=ORIENTED_EDGE('',*,*,#2843,.T.);
#434=ORIENTED_EDGE('',*,*,#2844,.T.);
#435=ORIENTED_EDGE('',*,*,#2845,.T.);
#436=ORIENTED_EDGE('',*,*,#2846,.T.);
#437=ORIENTED_EDGE('',*,*,#2847,.T.);
#438=ORIENTED_EDGE('',*,*,#2848,.T.);
#439=ORIENTED_EDGE('',*,*,#2849,.F.);
#440=ORIENTED_EDGE('',*,*,#2850,.T.);
#441=ORIENTED_EDGE('',*,*,#2851,.T.);
#442=ORIENTED_EDGE('',*,*,#2852,.F.);
#443=ORIENTED_EDGE('',*,*,#2853,.F.);
#444=ORIENTED_EDGE('',*,*,#2854,.F.);
#445=ORIENTED_EDGE('',*,*,#2855,.F.);
#446=ORIENTED_EDGE('',*,*,#2856,.F.);
#447=ORIENTED_EDGE('',*,*,#2857,.T.);
#448=ORIENTED_EDGE('',*,*,#2858,.T.);
#449=ORIENTED_EDGE('',*,*,#2859,.T.);
#450=ORIENTED_EDGE('',*,*,#2860,.F.);
#451=ORIENTED_EDGE('',*,*,#2861,.F.);
#452=ORIENTED_EDGE('',*,*,#2862,.F.);
#453=ORIENTED_EDGE('',*,*,#2863,.F.);
#454=ORIENTED_EDGE('',*,*,#2864,.F.);
#455=ORIENTED_EDGE('',*,*,#2865,.T.);
#456=ORIENTED_EDGE('',*,*,#2866,.T.);
#457=ORIENTED_EDGE('',*,*,#2867,.T.);
#458=ORIENTED_EDGE('',*,*,#2868,.T.);
#459=ORIENTED_EDGE('',*,*,#2869,.T.);
#460=ORIENTED_EDGE('',*,*,#2870,.F.);
#461=ORIENTED_EDGE('',*,*,#2871,.F.);
#462=ORIENTED_EDGE('',*,*,#2872,.F.);
#463=ORIENTED_EDGE('',*,*,#2873,.F.);
#464=ORIENTED_EDGE('',*,*,#2874,.T.);
#465=ORIENTED_EDGE('',*,*,#2875,.T.);
#466=ORIENTED_EDGE('',*,*,#2876,.T.);
#467=ORIENTED_EDGE('',*,*,#2877,.T.);
#468=ORIENTED_EDGE('',*,*,#2878,.T.);
#469=ORIENTED_EDGE('',*,*,#2879,.F.);
#470=ORIENTED_EDGE('',*,*,#2880,.T.);
#471=ORIENTED_EDGE('',*,*,#2881,.T.);
#472=ORIENTED_EDGE('',*,*,#2799,.T.);
#473=ORIENTED_EDGE('',*,*,#2882,.T.);
#474=ORIENTED_EDGE('',*,*,#2883,.T.);
#475=ORIENTED_EDGE('',*,*,#2884,.F.);
#476=ORIENTED_EDGE('',*,*,#2885,.F.);
#477=ORIENTED_EDGE('',*,*,#2886,.F.);
#478=ORIENTED_EDGE('',*,*,#2887,.T.);
#479=ORIENTED_EDGE('',*,*,#2888,.T.);
#480=ORIENTED_EDGE('',*,*,#2889,.T.);
#481=ORIENTED_EDGE('',*,*,#2890,.T.);
#482=ORIENTED_EDGE('',*,*,#2891,.F.);
#483=ORIENTED_EDGE('',*,*,#2892,.T.);
#484=ORIENTED_EDGE('',*,*,#2893,.F.);
#485=ORIENTED_EDGE('',*,*,#2894,.F.);
#486=ORIENTED_EDGE('',*,*,#2895,.F.);
#487=ORIENTED_EDGE('',*,*,#2896,.F.);
#488=ORIENTED_EDGE('',*,*,#2897,.F.);
#489=ORIENTED_EDGE('',*,*,#2898,.T.);
#490=ORIENTED_EDGE('',*,*,#2899,.F.);
#491=ORIENTED_EDGE('',*,*,#2900,.F.);
#492=ORIENTED_EDGE('',*,*,#2901,.T.);
#493=ORIENTED_EDGE('',*,*,#2902,.T.);
#494=ORIENTED_EDGE('',*,*,#2903,.T.);
#495=ORIENTED_EDGE('',*,*,#2904,.F.);
#496=ORIENTED_EDGE('',*,*,#2905,.T.);
#497=ORIENTED_EDGE('',*,*,#2906,.T.);
#498=ORIENTED_EDGE('',*,*,#2907,.T.);
#499=ORIENTED_EDGE('',*,*,#2908,.F.);
#500=ORIENTED_EDGE('',*,*,#2909,.T.);
#501=ORIENTED_EDGE('',*,*,#2910,.T.);
#502=ORIENTED_EDGE('',*,*,#2911,.T.);
#503=ORIENTED_EDGE('',*,*,#2912,.F.);
#504=ORIENTED_EDGE('',*,*,#2913,.T.);
#505=ORIENTED_EDGE('',*,*,#2914,.T.);
#506=ORIENTED_EDGE('',*,*,#2915,.T.);
#507=ORIENTED_EDGE('',*,*,#2916,.F.);
#508=ORIENTED_EDGE('',*,*,#2917,.F.);
#509=ORIENTED_EDGE('',*,*,#2918,.F.);
#510=ORIENTED_EDGE('',*,*,#2919,.F.);
#511=ORIENTED_EDGE('',*,*,#2920,.F.);
#512=ORIENTED_EDGE('',*,*,#2921,.F.);
#513=ORIENTED_EDGE('',*,*,#2922,.F.);
#514=ORIENTED_EDGE('',*,*,#2923,.F.);
#515=ORIENTED_EDGE('',*,*,#2924,.F.);
#516=ORIENTED_EDGE('',*,*,#2925,.F.);
#517=ORIENTED_EDGE('',*,*,#2926,.F.);
#518=ORIENTED_EDGE('',*,*,#2927,.F.);
#519=ORIENTED_EDGE('',*,*,#2928,.F.);
#520=ORIENTED_EDGE('',*,*,#2929,.T.);
#521=ORIENTED_EDGE('',*,*,#2930,.F.);
#522=ORIENTED_EDGE('',*,*,#2931,.T.);
#523=ORIENTED_EDGE('',*,*,#2932,.F.);
#524=ORIENTED_EDGE('',*,*,#2933,.T.);
#525=ORIENTED_EDGE('',*,*,#2934,.F.);
#526=ORIENTED_EDGE('',*,*,#2935,.T.);
#527=ORIENTED_EDGE('',*,*,#2936,.F.);
#528=ORIENTED_EDGE('',*,*,#2937,.F.);
#529=ORIENTED_EDGE('',*,*,#2938,.F.);
#530=ORIENTED_EDGE('',*,*,#2939,.F.);
#531=ORIENTED_EDGE('',*,*,#2940,.F.);
#532=ORIENTED_EDGE('',*,*,#2941,.F.);
#533=ORIENTED_EDGE('',*,*,#2942,.F.);
#534=ORIENTED_EDGE('',*,*,#2943,.F.);
#535=ORIENTED_EDGE('',*,*,#2944,.F.);
#536=ORIENTED_EDGE('',*,*,#2945,.T.);
#537=ORIENTED_EDGE('',*,*,#2946,.F.);
#538=ORIENTED_EDGE('',*,*,#2947,.T.);
#539=ORIENTED_EDGE('',*,*,#2948,.F.);
#540=ORIENTED_EDGE('',*,*,#2949,.T.);
#541=ORIENTED_EDGE('',*,*,#2950,.F.);
#542=ORIENTED_EDGE('',*,*,#2951,.T.);
#543=ORIENTED_EDGE('',*,*,#2952,.F.);
#544=ORIENTED_EDGE('',*,*,#2953,.F.);
#545=ORIENTED_EDGE('',*,*,#2954,.F.);
#546=ORIENTED_EDGE('',*,*,#2955,.F.);
#547=ORIENTED_EDGE('',*,*,#2956,.F.);
#548=ORIENTED_EDGE('',*,*,#2957,.F.);
#549=ORIENTED_EDGE('',*,*,#2958,.F.);
#550=ORIENTED_EDGE('',*,*,#2959,.F.);
#551=ORIENTED_EDGE('',*,*,#2960,.F.);
#552=ORIENTED_EDGE('',*,*,#2961,.T.);
#553=ORIENTED_EDGE('',*,*,#2962,.F.);
#554=ORIENTED_EDGE('',*,*,#2963,.T.);
#555=ORIENTED_EDGE('',*,*,#2964,.F.);
#556=ORIENTED_EDGE('',*,*,#2965,.T.);
#557=ORIENTED_EDGE('',*,*,#2966,.F.);
#558=ORIENTED_EDGE('',*,*,#2967,.T.);
#559=ORIENTED_EDGE('',*,*,#2968,.F.);
#560=ORIENTED_EDGE('',*,*,#2969,.F.);
#561=ORIENTED_EDGE('',*,*,#2970,.F.);
#562=ORIENTED_EDGE('',*,*,#2971,.F.);
#563=ORIENTED_EDGE('',*,*,#2972,.F.);
#564=ORIENTED_EDGE('',*,*,#2973,.F.);
#565=ORIENTED_EDGE('',*,*,#2974,.F.);
#566=ORIENTED_EDGE('',*,*,#2975,.F.);
#567=ORIENTED_EDGE('',*,*,#2976,.F.);
#568=ORIENTED_EDGE('',*,*,#2977,.F.);
#569=ORIENTED_EDGE('',*,*,#2978,.F.);
#570=ORIENTED_EDGE('',*,*,#2979,.F.);
#571=ORIENTED_EDGE('',*,*,#2980,.F.);
#572=ORIENTED_EDGE('',*,*,#2981,.F.);
#573=ORIENTED_EDGE('',*,*,#2982,.F.);
#574=ORIENTED_EDGE('',*,*,#2983,.F.);
#575=ORIENTED_EDGE('',*,*,#2984,.F.);
#576=ORIENTED_EDGE('',*,*,#2985,.F.);
#577=ORIENTED_EDGE('',*,*,#2986,.F.);
#578=ORIENTED_EDGE('',*,*,#2987,.F.);
#579=ORIENTED_EDGE('',*,*,#2988,.F.);
#580=ORIENTED_EDGE('',*,*,#2989,.F.);
#581=ORIENTED_EDGE('',*,*,#2990,.F.);
#582=ORIENTED_EDGE('',*,*,#2987,.T.);
#583=ORIENTED_EDGE('',*,*,#2991,.T.);
#584=ORIENTED_EDGE('',*,*,#2992,.T.);
#585=ORIENTED_EDGE('',*,*,#2978,.T.);
#586=ORIENTED_EDGE('',*,*,#2993,.F.);
#587=ORIENTED_EDGE('',*,*,#2994,.T.);
#588=ORIENTED_EDGE('',*,*,#2995,.T.);
#589=ORIENTED_EDGE('',*,*,#2994,.F.);
#590=ORIENTED_EDGE('',*,*,#2996,.F.);
#591=ORIENTED_EDGE('',*,*,#2997,.T.);
#592=ORIENTED_EDGE('',*,*,#2998,.F.);
#593=ORIENTED_EDGE('',*,*,#2984,.T.);
#594=ORIENTED_EDGE('',*,*,#2999,.T.);
#595=ORIENTED_EDGE('',*,*,#2997,.F.);
#596=ORIENTED_EDGE('',*,*,#3000,.F.);
#597=ORIENTED_EDGE('',*,*,#3001,.F.);
#598=ORIENTED_EDGE('',*,*,#3002,.T.);
#599=ORIENTED_EDGE('',*,*,#3003,.T.);
#600=ORIENTED_EDGE('',*,*,#3004,.F.);
#601=ORIENTED_EDGE('',*,*,#2962,.T.);
#602=ORIENTED_EDGE('',*,*,#3005,.T.);
#603=ORIENTED_EDGE('',*,*,#3001,.T.);
#604=ORIENTED_EDGE('',*,*,#3006,.T.);
#605=ORIENTED_EDGE('',*,*,#2968,.T.);
#606=ORIENTED_EDGE('',*,*,#3007,.F.);
#607=ORIENTED_EDGE('',*,*,#3003,.F.);
#608=ORIENTED_EDGE('',*,*,#3008,.F.);
#609=ORIENTED_EDGE('',*,*,#3009,.F.);
#610=ORIENTED_EDGE('',*,*,#3010,.T.);
#611=ORIENTED_EDGE('',*,*,#3011,.T.);
#612=ORIENTED_EDGE('',*,*,#3012,.F.);
#613=ORIENTED_EDGE('',*,*,#2946,.T.);
#614=ORIENTED_EDGE('',*,*,#3013,.T.);
#615=ORIENTED_EDGE('',*,*,#3009,.T.);
#616=ORIENTED_EDGE('',*,*,#3014,.T.);
#617=ORIENTED_EDGE('',*,*,#2952,.T.);
#618=ORIENTED_EDGE('',*,*,#3015,.F.);
#619=ORIENTED_EDGE('',*,*,#3011,.F.);
#620=ORIENTED_EDGE('',*,*,#3016,.F.);
#621=ORIENTED_EDGE('',*,*,#3017,.F.);
#622=ORIENTED_EDGE('',*,*,#3018,.T.);
#623=ORIENTED_EDGE('',*,*,#3019,.T.);
#624=ORIENTED_EDGE('',*,*,#3020,.F.);
#625=ORIENTED_EDGE('',*,*,#2930,.T.);
#626=ORIENTED_EDGE('',*,*,#3021,.T.);
#627=ORIENTED_EDGE('',*,*,#3017,.T.);
#628=ORIENTED_EDGE('',*,*,#3022,.T.);
#629=ORIENTED_EDGE('',*,*,#2936,.T.);
#630=ORIENTED_EDGE('',*,*,#3023,.F.);
#631=ORIENTED_EDGE('',*,*,#3019,.F.);
#632=ORIENTED_EDGE('',*,*,#3024,.T.);
#633=ORIENTED_EDGE('',*,*,#2922,.T.);
#634=ORIENTED_EDGE('',*,*,#3025,.F.);
#635=ORIENTED_EDGE('',*,*,#2915,.F.);
#636=ORIENTED_EDGE('',*,*,#3026,.T.);
#637=ORIENTED_EDGE('',*,*,#3027,.T.);
#638=ORIENTED_EDGE('',*,*,#3026,.F.);
#639=ORIENTED_EDGE('',*,*,#2914,.F.);
#640=ORIENTED_EDGE('',*,*,#3028,.T.);
#641=ORIENTED_EDGE('',*,*,#3029,.F.);
#642=ORIENTED_EDGE('',*,*,#2928,.T.);
#643=ORIENTED_EDGE('',*,*,#3030,.T.);
#644=ORIENTED_EDGE('',*,*,#3028,.F.);
#645=ORIENTED_EDGE('',*,*,#2913,.F.);
#646=ORIENTED_EDGE('',*,*,#3031,.T.);
#647=ORIENTED_EDGE('',*,*,#2938,.T.);
#648=ORIENTED_EDGE('',*,*,#3032,.F.);
#649=ORIENTED_EDGE('',*,*,#2911,.F.);
#650=ORIENTED_EDGE('',*,*,#3033,.T.);
#651=ORIENTED_EDGE('',*,*,#3034,.T.);
#652=ORIENTED_EDGE('',*,*,#3033,.F.);
#653=ORIENTED_EDGE('',*,*,#2910,.F.);
#654=ORIENTED_EDGE('',*,*,#3035,.T.);
#655=ORIENTED_EDGE('',*,*,#3036,.F.);
#656=ORIENTED_EDGE('',*,*,#2944,.T.);
#657=ORIENTED_EDGE('',*,*,#3037,.T.);
#658=ORIENTED_EDGE('',*,*,#3035,.F.);
#659=ORIENTED_EDGE('',*,*,#2909,.F.);
#660=ORIENTED_EDGE('',*,*,#3038,.T.);
#661=ORIENTED_EDGE('',*,*,#2954,.T.);
#662=ORIENTED_EDGE('',*,*,#3039,.F.);
#663=ORIENTED_EDGE('',*,*,#2907,.F.);
#664=ORIENTED_EDGE('',*,*,#3040,.T.);
#665=ORIENTED_EDGE('',*,*,#3041,.T.);
#666=ORIENTED_EDGE('',*,*,#3040,.F.);
#667=ORIENTED_EDGE('',*,*,#2906,.F.);
#668=ORIENTED_EDGE('',*,*,#3042,.T.);
#669=ORIENTED_EDGE('',*,*,#3043,.F.);
#670=ORIENTED_EDGE('',*,*,#2960,.T.);
#671=ORIENTED_EDGE('',*,*,#3044,.T.);
#672=ORIENTED_EDGE('',*,*,#3042,.F.);
#673=ORIENTED_EDGE('',*,*,#2905,.F.);
#674=ORIENTED_EDGE('',*,*,#3045,.T.);
#675=ORIENTED_EDGE('',*,*,#2970,.T.);
#676=ORIENTED_EDGE('',*,*,#3046,.F.);
#677=ORIENTED_EDGE('',*,*,#2903,.F.);
#678=ORIENTED_EDGE('',*,*,#3047,.T.);
#679=ORIENTED_EDGE('',*,*,#3048,.T.);
#680=ORIENTED_EDGE('',*,*,#3047,.F.);
#681=ORIENTED_EDGE('',*,*,#2902,.F.);
#682=ORIENTED_EDGE('',*,*,#3049,.T.);
#683=ORIENTED_EDGE('',*,*,#3050,.F.);
#684=ORIENTED_EDGE('',*,*,#2976,.T.);
#685=ORIENTED_EDGE('',*,*,#3051,.T.);
#686=ORIENTED_EDGE('',*,*,#3049,.F.);
#687=ORIENTED_EDGE('',*,*,#2901,.F.);
#688=ORIENTED_EDGE('',*,*,#3052,.F.);
#689=ORIENTED_EDGE('',*,*,#3053,.T.);
#690=ORIENTED_EDGE('',*,*,#3054,.F.);
#691=ORIENTED_EDGE('',*,*,#3055,.T.);
#692=ORIENTED_EDGE('',*,*,#3056,.T.);
#693=ORIENTED_EDGE('',*,*,#3057,.T.);
#694=ORIENTED_EDGE('',*,*,#3058,.F.);
#695=ORIENTED_EDGE('',*,*,#3059,.F.);
#696=ORIENTED_EDGE('',*,*,#3060,.F.);
#697=ORIENTED_EDGE('',*,*,#3061,.T.);
#698=ORIENTED_EDGE('',*,*,#3062,.F.);
#699=ORIENTED_EDGE('',*,*,#3063,.F.);
#700=ORIENTED_EDGE('',*,*,#3064,.F.);
#701=ORIENTED_EDGE('',*,*,#3065,.T.);
#702=ORIENTED_EDGE('',*,*,#3060,.T.);
#703=ORIENTED_EDGE('',*,*,#3066,.F.);
#704=ORIENTED_EDGE('',*,*,#3067,.F.);
#705=ORIENTED_EDGE('',*,*,#3068,.T.);
#706=ORIENTED_EDGE('',*,*,#3064,.T.);
#707=ORIENTED_EDGE('',*,*,#3069,.F.);
#708=ORIENTED_EDGE('',*,*,#3070,.F.);
#709=ORIENTED_EDGE('',*,*,#3071,.T.);
#710=ORIENTED_EDGE('',*,*,#3067,.T.);
#711=ORIENTED_EDGE('',*,*,#3072,.F.);
#712=ORIENTED_EDGE('',*,*,#3073,.F.);
#713=ORIENTED_EDGE('',*,*,#3074,.T.);
#714=ORIENTED_EDGE('',*,*,#3070,.T.);
#715=ORIENTED_EDGE('',*,*,#3075,.F.);
#716=ORIENTED_EDGE('',*,*,#3076,.F.);
#717=ORIENTED_EDGE('',*,*,#3077,.T.);
#718=ORIENTED_EDGE('',*,*,#3073,.T.);
#719=ORIENTED_EDGE('',*,*,#3078,.F.);
#720=ORIENTED_EDGE('',*,*,#3079,.F.);
#721=ORIENTED_EDGE('',*,*,#3080,.F.);
#722=ORIENTED_EDGE('',*,*,#3076,.T.);
#723=ORIENTED_EDGE('',*,*,#3081,.T.);
#724=ORIENTED_EDGE('',*,*,#3082,.T.);
#725=ORIENTED_EDGE('',*,*,#3083,.T.);
#726=ORIENTED_EDGE('',*,*,#3084,.T.);
#727=ORIENTED_EDGE('',*,*,#3085,.T.);
#728=ORIENTED_EDGE('',*,*,#3086,.T.);
#729=ORIENTED_EDGE('',*,*,#3087,.T.);
#730=ORIENTED_EDGE('',*,*,#3088,.T.);
#731=ORIENTED_EDGE('',*,*,#3089,.T.);
#732=ORIENTED_EDGE('',*,*,#3090,.T.);
#733=ORIENTED_EDGE('',*,*,#3091,.T.);
#734=ORIENTED_EDGE('',*,*,#3092,.T.);
#735=ORIENTED_EDGE('',*,*,#3093,.T.);
#736=ORIENTED_EDGE('',*,*,#3094,.T.);
#737=ORIENTED_EDGE('',*,*,#3095,.T.);
#738=ORIENTED_EDGE('',*,*,#3096,.T.);
#739=ORIENTED_EDGE('',*,*,#3097,.T.);
#740=ORIENTED_EDGE('',*,*,#3098,.T.);
#741=ORIENTED_EDGE('',*,*,#2891,.T.);
#742=ORIENTED_EDGE('',*,*,#3099,.T.);
#743=ORIENTED_EDGE('',*,*,#3100,.T.);
#744=ORIENTED_EDGE('',*,*,#3101,.T.);
#745=ORIENTED_EDGE('',*,*,#3102,.T.);
#746=ORIENTED_EDGE('',*,*,#3103,.T.);
#747=ORIENTED_EDGE('',*,*,#3104,.T.);
#748=ORIENTED_EDGE('',*,*,#3105,.T.);
#749=ORIENTED_EDGE('',*,*,#3106,.T.);
#750=ORIENTED_EDGE('',*,*,#3107,.T.);
#751=ORIENTED_EDGE('',*,*,#3108,.T.);
#752=ORIENTED_EDGE('',*,*,#3109,.T.);
#753=ORIENTED_EDGE('',*,*,#3110,.T.);
#754=ORIENTED_EDGE('',*,*,#3111,.T.);
#755=ORIENTED_EDGE('',*,*,#3112,.F.);
#756=ORIENTED_EDGE('',*,*,#3113,.F.);
#757=ORIENTED_EDGE('',*,*,#3112,.T.);
#758=ORIENTED_EDGE('',*,*,#3114,.T.);
#759=ORIENTED_EDGE('',*,*,#3115,.F.);
#760=ORIENTED_EDGE('',*,*,#3116,.F.);
#761=ORIENTED_EDGE('',*,*,#3082,.F.);
#762=ORIENTED_EDGE('',*,*,#3117,.F.);
#763=ORIENTED_EDGE('',*,*,#3118,.T.);
#764=ORIENTED_EDGE('',*,*,#3119,.F.);
#765=ORIENTED_EDGE('',*,*,#2918,.T.);
#766=ORIENTED_EDGE('',*,*,#3120,.T.);
#767=ORIENTED_EDGE('',*,*,#3121,.T.);
#768=ORIENTED_EDGE('',*,*,#3114,.F.);
#769=ORIENTED_EDGE('',*,*,#3111,.F.);
#770=ORIENTED_EDGE('',*,*,#3122,.F.);
#771=ORIENTED_EDGE('',*,*,#3123,.T.);
#772=ORIENTED_EDGE('',*,*,#3124,.F.);
#773=ORIENTED_EDGE('',*,*,#3105,.F.);
#774=ORIENTED_EDGE('',*,*,#3125,.F.);
#775=ORIENTED_EDGE('',*,*,#3126,.T.);
#776=ORIENTED_EDGE('',*,*,#3127,.F.);
#777=ORIENTED_EDGE('',*,*,#3101,.F.);
#778=ORIENTED_EDGE('',*,*,#3128,.F.);
#779=ORIENTED_EDGE('',*,*,#3129,.T.);
#780=ORIENTED_EDGE('',*,*,#2892,.F.);
#781=ORIENTED_EDGE('',*,*,#3098,.F.);
#782=ORIENTED_EDGE('',*,*,#3130,.F.);
#783=ORIENTED_EDGE('',*,*,#3131,.T.);
#784=ORIENTED_EDGE('',*,*,#3132,.F.);
#785=ORIENTED_EDGE('',*,*,#3094,.F.);
#786=ORIENTED_EDGE('',*,*,#3133,.F.);
#787=ORIENTED_EDGE('',*,*,#3134,.T.);
#788=ORIENTED_EDGE('',*,*,#3135,.F.);
#789=ORIENTED_EDGE('',*,*,#3090,.F.);
#790=ORIENTED_EDGE('',*,*,#3136,.F.);
#791=ORIENTED_EDGE('',*,*,#3137,.T.);
#792=ORIENTED_EDGE('',*,*,#3138,.F.);
#793=ORIENTED_EDGE('',*,*,#3086,.F.);
#794=ORIENTED_EDGE('',*,*,#3139,.F.);
#795=ORIENTED_EDGE('',*,*,#3140,.T.);
#796=ORIENTED_EDGE('',*,*,#3141,.T.);
#797=ORIENTED_EDGE('',*,*,#3142,.T.);
#798=ORIENTED_EDGE('',*,*,#3143,.F.);
#799=ORIENTED_EDGE('',*,*,#3144,.F.);
#800=ORIENTED_EDGE('',*,*,#3145,.F.);
#801=ORIENTED_EDGE('',*,*,#2919,.T.);
#802=ORIENTED_EDGE('',*,*,#3119,.T.);
#803=ORIENTED_EDGE('',*,*,#3146,.F.);
#804=ORIENTED_EDGE('',*,*,#2882,.F.);
#805=ORIENTED_EDGE('',*,*,#2798,.T.);
#806=ORIENTED_EDGE('',*,*,#3147,.F.);
#807=ORIENTED_EDGE('',*,*,#3148,.T.);
#808=ORIENTED_EDGE('',*,*,#2800,.F.);
#809=ORIENTED_EDGE('',*,*,#2881,.F.);
#810=ORIENTED_EDGE('',*,*,#3149,.T.);
#811=ORIENTED_EDGE('',*,*,#3120,.F.);
#812=ORIENTED_EDGE('',*,*,#2917,.T.);
#813=ORIENTED_EDGE('',*,*,#3150,.T.);
#814=ORIENTED_EDGE('',*,*,#3151,.T.);
#815=ORIENTED_EDGE('',*,*,#3152,.F.);
#816=ORIENTED_EDGE('',*,*,#3153,.T.);
#817=ORIENTED_EDGE('',*,*,#3154,.T.);
#818=ORIENTED_EDGE('',*,*,#3155,.F.);
#819=ORIENTED_EDGE('',*,*,#3156,.F.);
#820=ORIENTED_EDGE('',*,*,#3157,.F.);
#821=ORIENTED_EDGE('',*,*,#3059,.T.);
#822=ORIENTED_EDGE('',*,*,#3158,.F.);
#823=ORIENTED_EDGE('',*,*,#3159,.F.);
#824=ORIENTED_EDGE('',*,*,#3053,.F.);
#825=ORIENTED_EDGE('',*,*,#3160,.T.);
#826=ORIENTED_EDGE('',*,*,#3052,.T.);
#827=ORIENTED_EDGE('',*,*,#3055,.F.);
#828=ORIENTED_EDGE('',*,*,#3161,.T.);
#829=ORIENTED_EDGE('',*,*,#3054,.T.);
#830=ORIENTED_EDGE('',*,*,#3162,.T.);
#831=ORIENTED_EDGE('',*,*,#3163,.T.);
#832=ORIENTED_EDGE('',*,*,#3164,.T.);
#833=ORIENTED_EDGE('',*,*,#3165,.F.);
#834=ORIENTED_EDGE('',*,*,#3162,.F.);
#835=ORIENTED_EDGE('',*,*,#3166,.F.);
#836=ORIENTED_EDGE('',*,*,#2985,.T.);
#837=ORIENTED_EDGE('',*,*,#3167,.T.);
#838=ORIENTED_EDGE('',*,*,#3168,.F.);
#839=ORIENTED_EDGE('',*,*,#3080,.T.);
#840=ORIENTED_EDGE('',*,*,#3169,.F.);
#841=ORIENTED_EDGE('',*,*,#3170,.F.);
#842=ORIENTED_EDGE('',*,*,#3154,.F.);
#843=ORIENTED_EDGE('',*,*,#3171,.T.);
#844=ORIENTED_EDGE('',*,*,#3172,.F.);
#845=ORIENTED_EDGE('',*,*,#3163,.F.);
#846=ORIENTED_EDGE('',*,*,#3167,.F.);
#847=ORIENTED_EDGE('',*,*,#2988,.T.);
#848=ORIENTED_EDGE('',*,*,#2990,.T.);
#849=ORIENTED_EDGE('',*,*,#3173,.F.);
#850=ORIENTED_EDGE('',*,*,#3174,.T.);
#851=ORIENTED_EDGE('',*,*,#3175,.T.);
#852=ORIENTED_EDGE('',*,*,#3176,.F.);
#853=ORIENTED_EDGE('',*,*,#3061,.F.);
#854=ORIENTED_EDGE('',*,*,#3177,.F.);
#855=ORIENTED_EDGE('',*,*,#3178,.T.);
#856=ORIENTED_EDGE('',*,*,#3179,.F.);
#857=ORIENTED_EDGE('',*,*,#3180,.F.);
#858=ORIENTED_EDGE('',*,*,#2991,.F.);
#859=ORIENTED_EDGE('',*,*,#2986,.T.);
#860=ORIENTED_EDGE('',*,*,#3166,.T.);
#861=ORIENTED_EDGE('',*,*,#3165,.T.);
#862=ORIENTED_EDGE('',*,*,#3181,.F.);
#863=ORIENTED_EDGE('',*,*,#3182,.F.);
#864=ORIENTED_EDGE('',*,*,#3056,.F.);
#865=ORIENTED_EDGE('',*,*,#3157,.T.);
#866=ORIENTED_EDGE('',*,*,#3183,.T.);
#867=ORIENTED_EDGE('',*,*,#2989,.T.);
#868=ORIENTED_EDGE('',*,*,#3180,.T.);
#869=ORIENTED_EDGE('',*,*,#3184,.F.);
#870=ORIENTED_EDGE('',*,*,#3185,.F.);
#871=ORIENTED_EDGE('',*,*,#3186,.T.);
#872=ORIENTED_EDGE('',*,*,#3187,.T.);
#873=ORIENTED_EDGE('',*,*,#3084,.F.);
#874=ORIENTED_EDGE('',*,*,#3188,.T.);
#875=ORIENTED_EDGE('',*,*,#3189,.T.);
#876=ORIENTED_EDGE('',*,*,#3190,.T.);
#877=ORIENTED_EDGE('',*,*,#3088,.F.);
#878=ORIENTED_EDGE('',*,*,#3191,.T.);
#879=ORIENTED_EDGE('',*,*,#3192,.T.);
#880=ORIENTED_EDGE('',*,*,#3193,.T.);
#881=ORIENTED_EDGE('',*,*,#3092,.F.);
#882=ORIENTED_EDGE('',*,*,#3194,.T.);
#883=ORIENTED_EDGE('',*,*,#3195,.T.);
#884=ORIENTED_EDGE('',*,*,#3196,.T.);
#885=ORIENTED_EDGE('',*,*,#3096,.F.);
#886=ORIENTED_EDGE('',*,*,#3197,.T.);
#887=ORIENTED_EDGE('',*,*,#3198,.T.);
#888=ORIENTED_EDGE('',*,*,#3199,.T.);
#889=ORIENTED_EDGE('',*,*,#3099,.F.);
#890=ORIENTED_EDGE('',*,*,#2894,.T.);
#891=ORIENTED_EDGE('',*,*,#3200,.T.);
#892=ORIENTED_EDGE('',*,*,#3201,.T.);
#893=ORIENTED_EDGE('',*,*,#3103,.F.);
#894=ORIENTED_EDGE('',*,*,#3202,.T.);
#895=ORIENTED_EDGE('',*,*,#3203,.T.);
#896=ORIENTED_EDGE('',*,*,#3204,.T.);
#897=ORIENTED_EDGE('',*,*,#3107,.F.);
#898=ORIENTED_EDGE('',*,*,#3205,.T.);
#899=ORIENTED_EDGE('',*,*,#3206,.T.);
#900=ORIENTED_EDGE('',*,*,#3207,.T.);
#901=ORIENTED_EDGE('',*,*,#3109,.F.);
#902=ORIENTED_EDGE('',*,*,#3113,.T.);
#903=ORIENTED_EDGE('',*,*,#3208,.T.);
#904=ORIENTED_EDGE('',*,*,#3209,.F.);
#905=ORIENTED_EDGE('',*,*,#3210,.F.);
#906=ORIENTED_EDGE('',*,*,#3173,.T.);
#907=ORIENTED_EDGE('',*,*,#3211,.T.);
#908=ORIENTED_EDGE('',*,*,#3068,.F.);
#909=ORIENTED_EDGE('',*,*,#3212,.F.);
#910=ORIENTED_EDGE('',*,*,#2884,.T.);
#911=ORIENTED_EDGE('',*,*,#3213,.F.);
#912=ORIENTED_EDGE('',*,*,#3185,.T.);
#913=ORIENTED_EDGE('',*,*,#3214,.T.);
#914=ORIENTED_EDGE('',*,*,#3215,.T.);
#915=ORIENTED_EDGE('',*,*,#3216,.T.);
#916=ORIENTED_EDGE('',*,*,#3074,.F.);
#917=ORIENTED_EDGE('',*,*,#3217,.F.);
#918=ORIENTED_EDGE('',*,*,#3218,.T.);
#919=ORIENTED_EDGE('',*,*,#3219,.F.);
#920=ORIENTED_EDGE('',*,*,#3209,.T.);
#921=ORIENTED_EDGE('',*,*,#3220,.F.);
#922=ORIENTED_EDGE('',*,*,#2886,.T.);
#923=ORIENTED_EDGE('',*,*,#3221,.F.);
#924=ORIENTED_EDGE('',*,*,#3222,.F.);
#925=ORIENTED_EDGE('',*,*,#3223,.T.);
#926=ORIENTED_EDGE('',*,*,#3224,.T.);
#927=ORIENTED_EDGE('',*,*,#3225,.F.);
#928=ORIENTED_EDGE('',*,*,#3226,.F.);
#929=ORIENTED_EDGE('',*,*,#3227,.T.);
#930=ORIENTED_EDGE('',*,*,#3222,.T.);
#931=ORIENTED_EDGE('',*,*,#3228,.F.);
#932=ORIENTED_EDGE('',*,*,#3229,.F.);
#933=ORIENTED_EDGE('',*,*,#3230,.T.);
#934=ORIENTED_EDGE('',*,*,#3226,.T.);
#935=ORIENTED_EDGE('',*,*,#3066,.T.);
#936=ORIENTED_EDGE('',*,*,#3063,.T.);
#937=ORIENTED_EDGE('',*,*,#3231,.F.);
#938=ORIENTED_EDGE('',*,*,#3223,.F.);
#939=ORIENTED_EDGE('',*,*,#3227,.F.);
#940=ORIENTED_EDGE('',*,*,#3230,.F.);
#941=ORIENTED_EDGE('',*,*,#3232,.F.);
#942=ORIENTED_EDGE('',*,*,#3081,.F.);
#943=ORIENTED_EDGE('',*,*,#3078,.T.);
#944=ORIENTED_EDGE('',*,*,#3075,.T.);
#945=ORIENTED_EDGE('',*,*,#3072,.T.);
#946=ORIENTED_EDGE('',*,*,#3069,.T.);
#947=ORIENTED_EDGE('',*,*,#3153,.F.);
#948=ORIENTED_EDGE('',*,*,#3233,.T.);
#949=ORIENTED_EDGE('',*,*,#3234,.F.);
#950=ORIENTED_EDGE('',*,*,#3171,.F.);
#951=ORIENTED_EDGE('',*,*,#3235,.F.);
#952=ORIENTED_EDGE('',*,*,#3057,.F.);
#953=ORIENTED_EDGE('',*,*,#3182,.T.);
#954=ORIENTED_EDGE('',*,*,#3236,.F.);
#955=ORIENTED_EDGE('',*,*,#3184,.T.);
#956=ORIENTED_EDGE('',*,*,#3179,.T.);
#957=ORIENTED_EDGE('',*,*,#3237,.F.);
#958=ORIENTED_EDGE('',*,*,#3214,.F.);
#959=ORIENTED_EDGE('',*,*,#3238,.F.);
#960=ORIENTED_EDGE('',*,*,#3174,.F.);
#961=ORIENTED_EDGE('',*,*,#3210,.T.);
#962=ORIENTED_EDGE('',*,*,#3219,.T.);
#963=ORIENTED_EDGE('',*,*,#3178,.F.);
#964=ORIENTED_EDGE('',*,*,#3239,.F.);
#965=ORIENTED_EDGE('',*,*,#3215,.F.);
#966=ORIENTED_EDGE('',*,*,#3237,.T.);
#967=ORIENTED_EDGE('',*,*,#3175,.F.);
#968=ORIENTED_EDGE('',*,*,#3238,.T.);
#969=ORIENTED_EDGE('',*,*,#3218,.F.);
#970=ORIENTED_EDGE('',*,*,#3240,.F.);
#971=ORIENTED_EDGE('',*,*,#3177,.T.);
#972=ORIENTED_EDGE('',*,*,#3065,.F.);
#973=ORIENTED_EDGE('',*,*,#3211,.F.);
#974=ORIENTED_EDGE('',*,*,#3239,.T.);
#975=ORIENTED_EDGE('',*,*,#3217,.T.);
#976=ORIENTED_EDGE('',*,*,#3077,.F.);
#977=ORIENTED_EDGE('',*,*,#3168,.T.);
#978=ORIENTED_EDGE('',*,*,#3240,.T.);
#979=ORIENTED_EDGE('',*,*,#3183,.F.);
#980=ORIENTED_EDGE('',*,*,#3159,.T.);
#981=ORIENTED_EDGE('',*,*,#3241,.T.);
#982=ORIENTED_EDGE('',*,*,#3242,.F.);
#983=ORIENTED_EDGE('',*,*,#3243,.F.);
#984=ORIENTED_EDGE('',*,*,#3155,.T.);
#985=ORIENTED_EDGE('',*,*,#3170,.T.);
#986=ORIENTED_EDGE('',*,*,#3244,.F.);
#987=ORIENTED_EDGE('',*,*,#3233,.F.);
#988=ORIENTED_EDGE('',*,*,#3156,.T.);
#989=ORIENTED_EDGE('',*,*,#3243,.T.);
#990=ORIENTED_EDGE('',*,*,#3245,.F.);
#991=ORIENTED_EDGE('',*,*,#3158,.T.);
#992=ORIENTED_EDGE('',*,*,#3058,.T.);
#993=ORIENTED_EDGE('',*,*,#3235,.T.);
#994=ORIENTED_EDGE('',*,*,#3246,.F.);
#995=ORIENTED_EDGE('',*,*,#3241,.F.);
#996=ORIENTED_EDGE('',*,*,#3212,.T.);
#997=ORIENTED_EDGE('',*,*,#3071,.F.);
#998=ORIENTED_EDGE('',*,*,#3216,.F.);
#999=ORIENTED_EDGE('',*,*,#2885,.T.);
#1000=ORIENTED_EDGE('',*,*,#3208,.F.);
#1001=ORIENTED_EDGE('',*,*,#3115,.T.);
#1002=ORIENTED_EDGE('',*,*,#3121,.F.);
#1003=ORIENTED_EDGE('',*,*,#3149,.F.);
#1004=ORIENTED_EDGE('',*,*,#2880,.F.);
#1005=ORIENTED_EDGE('',*,*,#3220,.T.);
#1006=ORIENTED_EDGE('',*,*,#3247,.F.);
#1007=ORIENTED_EDGE('',*,*,#3186,.F.);
#1008=ORIENTED_EDGE('',*,*,#3213,.T.);
#1009=ORIENTED_EDGE('',*,*,#2883,.F.);
#1010=ORIENTED_EDGE('',*,*,#3146,.T.);
#1011=ORIENTED_EDGE('',*,*,#3118,.F.);
#1012=ORIENTED_EDGE('',*,*,#3248,.F.);
#1013=ORIENTED_EDGE('',*,*,#3189,.F.);
#1014=ORIENTED_EDGE('',*,*,#3249,.T.);
#1015=ORIENTED_EDGE('',*,*,#3140,.F.);
#1016=ORIENTED_EDGE('',*,*,#3250,.F.);
#1017=ORIENTED_EDGE('',*,*,#3192,.F.);
#1018=ORIENTED_EDGE('',*,*,#3251,.T.);
#1019=ORIENTED_EDGE('',*,*,#3137,.F.);
#1020=ORIENTED_EDGE('',*,*,#3252,.F.);
#1021=ORIENTED_EDGE('',*,*,#3195,.F.);
#1022=ORIENTED_EDGE('',*,*,#3253,.T.);
#1023=ORIENTED_EDGE('',*,*,#3134,.F.);
#1024=ORIENTED_EDGE('',*,*,#3254,.F.);
#1025=ORIENTED_EDGE('',*,*,#3198,.F.);
#1026=ORIENTED_EDGE('',*,*,#3255,.T.);
#1027=ORIENTED_EDGE('',*,*,#3131,.F.);
#1028=ORIENTED_EDGE('',*,*,#3256,.F.);
#1029=ORIENTED_EDGE('',*,*,#3200,.F.);
#1030=ORIENTED_EDGE('',*,*,#2893,.T.);
#1031=ORIENTED_EDGE('',*,*,#3129,.F.);
#1032=ORIENTED_EDGE('',*,*,#3257,.F.);
#1033=ORIENTED_EDGE('',*,*,#3203,.F.);
#1034=ORIENTED_EDGE('',*,*,#3258,.T.);
#1035=ORIENTED_EDGE('',*,*,#3126,.F.);
#1036=ORIENTED_EDGE('',*,*,#3259,.F.);
#1037=ORIENTED_EDGE('',*,*,#3206,.F.);
#1038=ORIENTED_EDGE('',*,*,#3260,.T.);
#1039=ORIENTED_EDGE('',*,*,#3123,.F.);
#1040=ORIENTED_EDGE('',*,*,#3110,.F.);
#1041=ORIENTED_EDGE('',*,*,#3207,.F.);
#1042=ORIENTED_EDGE('',*,*,#3259,.T.);
#1043=ORIENTED_EDGE('',*,*,#3122,.T.);
#1044=ORIENTED_EDGE('',*,*,#3108,.F.);
#1045=ORIENTED_EDGE('',*,*,#3204,.F.);
#1046=ORIENTED_EDGE('',*,*,#3257,.T.);
#1047=ORIENTED_EDGE('',*,*,#3125,.T.);
#1048=ORIENTED_EDGE('',*,*,#3106,.F.);
#1049=ORIENTED_EDGE('',*,*,#3124,.T.);
#1050=ORIENTED_EDGE('',*,*,#3260,.F.);
#1051=ORIENTED_EDGE('',*,*,#3205,.F.);
#1052=ORIENTED_EDGE('',*,*,#3104,.F.);
#1053=ORIENTED_EDGE('',*,*,#3201,.F.);
#1054=ORIENTED_EDGE('',*,*,#3256,.T.);
#1055=ORIENTED_EDGE('',*,*,#3128,.T.);
#1056=ORIENTED_EDGE('',*,*,#3102,.F.);
#1057=ORIENTED_EDGE('',*,*,#3127,.T.);
#1058=ORIENTED_EDGE('',*,*,#3258,.F.);
#1059=ORIENTED_EDGE('',*,*,#3202,.F.);
#1060=ORIENTED_EDGE('',*,*,#3100,.F.);
#1061=ORIENTED_EDGE('',*,*,#3199,.F.);
#1062=ORIENTED_EDGE('',*,*,#3254,.T.);
#1063=ORIENTED_EDGE('',*,*,#3130,.T.);
#1064=ORIENTED_EDGE('',*,*,#3097,.F.);
#1065=ORIENTED_EDGE('',*,*,#3196,.F.);
#1066=ORIENTED_EDGE('',*,*,#3252,.T.);
#1067=ORIENTED_EDGE('',*,*,#3133,.T.);
#1068=ORIENTED_EDGE('',*,*,#3095,.F.);
#1069=ORIENTED_EDGE('',*,*,#3132,.T.);
#1070=ORIENTED_EDGE('',*,*,#3255,.F.);
#1071=ORIENTED_EDGE('',*,*,#3197,.F.);
#1072=ORIENTED_EDGE('',*,*,#3093,.F.);
#1073=ORIENTED_EDGE('',*,*,#3193,.F.);
#1074=ORIENTED_EDGE('',*,*,#3250,.T.);
#1075=ORIENTED_EDGE('',*,*,#3136,.T.);
#1076=ORIENTED_EDGE('',*,*,#3091,.F.);
#1077=ORIENTED_EDGE('',*,*,#3135,.T.);
#1078=ORIENTED_EDGE('',*,*,#3253,.F.);
#1079=ORIENTED_EDGE('',*,*,#3194,.F.);
#1080=ORIENTED_EDGE('',*,*,#3089,.F.);
#1081=ORIENTED_EDGE('',*,*,#3190,.F.);
#1082=ORIENTED_EDGE('',*,*,#3248,.T.);
#1083=ORIENTED_EDGE('',*,*,#3139,.T.);
#1084=ORIENTED_EDGE('',*,*,#3087,.F.);
#1085=ORIENTED_EDGE('',*,*,#3138,.T.);
#1086=ORIENTED_EDGE('',*,*,#3251,.F.);
#1087=ORIENTED_EDGE('',*,*,#3191,.F.);
#1088=ORIENTED_EDGE('',*,*,#3083,.F.);
#1089=ORIENTED_EDGE('',*,*,#3116,.T.);
#1090=ORIENTED_EDGE('',*,*,#3249,.F.);
#1091=ORIENTED_EDGE('',*,*,#3188,.F.);
#1092=ORIENTED_EDGE('',*,*,#3085,.F.);
#1093=ORIENTED_EDGE('',*,*,#3187,.F.);
#1094=ORIENTED_EDGE('',*,*,#3247,.T.);
#1095=ORIENTED_EDGE('',*,*,#3117,.T.);
#1096=ORIENTED_EDGE('',*,*,#3161,.F.);
#1097=ORIENTED_EDGE('',*,*,#3160,.F.);
#1098=ORIENTED_EDGE('',*,*,#2999,.F.);
#1099=ORIENTED_EDGE('',*,*,#2983,.T.);
#1100=ORIENTED_EDGE('',*,*,#3261,.F.);
#1101=ORIENTED_EDGE('',*,*,#3224,.F.);
#1102=ORIENTED_EDGE('',*,*,#3231,.T.);
#1103=ORIENTED_EDGE('',*,*,#3062,.T.);
#1104=ORIENTED_EDGE('',*,*,#3176,.T.);
#1105=ORIENTED_EDGE('',*,*,#3242,.T.);
#1106=ORIENTED_EDGE('',*,*,#3246,.T.);
#1107=ORIENTED_EDGE('',*,*,#3236,.T.);
#1108=ORIENTED_EDGE('',*,*,#3181,.T.);
#1109=ORIENTED_EDGE('',*,*,#3164,.F.);
#1110=ORIENTED_EDGE('',*,*,#3172,.T.);
#1111=ORIENTED_EDGE('',*,*,#3234,.T.);
#1112=ORIENTED_EDGE('',*,*,#3245,.T.);
#1113=ORIENTED_EDGE('',*,*,#3244,.T.);
#1114=ORIENTED_EDGE('',*,*,#3169,.T.);
#1115=ORIENTED_EDGE('',*,*,#3079,.T.);
#1116=ORIENTED_EDGE('',*,*,#3232,.T.);
#1117=ORIENTED_EDGE('',*,*,#3229,.T.);
#1118=ORIENTED_EDGE('',*,*,#3262,.F.);
#1119=ORIENTED_EDGE('',*,*,#2923,.T.);
#1120=ORIENTED_EDGE('',*,*,#3024,.F.);
#1121=ORIENTED_EDGE('',*,*,#3027,.F.);
#1122=ORIENTED_EDGE('',*,*,#3030,.F.);
#1123=ORIENTED_EDGE('',*,*,#2927,.T.);
#1124=ORIENTED_EDGE('',*,*,#3263,.F.);
#1125=ORIENTED_EDGE('',*,*,#2931,.F.);
#1126=ORIENTED_EDGE('',*,*,#3020,.T.);
#1127=ORIENTED_EDGE('',*,*,#3016,.T.);
#1128=ORIENTED_EDGE('',*,*,#3023,.T.);
#1129=ORIENTED_EDGE('',*,*,#2935,.F.);
#1130=ORIENTED_EDGE('',*,*,#3264,.F.);
#1131=ORIENTED_EDGE('',*,*,#2939,.T.);
#1132=ORIENTED_EDGE('',*,*,#3031,.F.);
#1133=ORIENTED_EDGE('',*,*,#3034,.F.);
#1134=ORIENTED_EDGE('',*,*,#3037,.F.);
#1135=ORIENTED_EDGE('',*,*,#2943,.T.);
#1136=ORIENTED_EDGE('',*,*,#3265,.F.);
#1137=ORIENTED_EDGE('',*,*,#2947,.F.);
#1138=ORIENTED_EDGE('',*,*,#3012,.T.);
#1139=ORIENTED_EDGE('',*,*,#3008,.T.);
#1140=ORIENTED_EDGE('',*,*,#3015,.T.);
#1141=ORIENTED_EDGE('',*,*,#2951,.F.);
#1142=ORIENTED_EDGE('',*,*,#3266,.F.);
#1143=ORIENTED_EDGE('',*,*,#2955,.T.);
#1144=ORIENTED_EDGE('',*,*,#3038,.F.);
#1145=ORIENTED_EDGE('',*,*,#3041,.F.);
#1146=ORIENTED_EDGE('',*,*,#3044,.F.);
#1147=ORIENTED_EDGE('',*,*,#2959,.T.);
#1148=ORIENTED_EDGE('',*,*,#3267,.F.);
#1149=ORIENTED_EDGE('',*,*,#2963,.F.);
#1150=ORIENTED_EDGE('',*,*,#3004,.T.);
#1151=ORIENTED_EDGE('',*,*,#3000,.T.);
#1152=ORIENTED_EDGE('',*,*,#3007,.T.);
#1153=ORIENTED_EDGE('',*,*,#2967,.F.);
#1154=ORIENTED_EDGE('',*,*,#3268,.F.);
#1155=ORIENTED_EDGE('',*,*,#2971,.T.);
#1156=ORIENTED_EDGE('',*,*,#3045,.F.);
#1157=ORIENTED_EDGE('',*,*,#3048,.F.);
#1158=ORIENTED_EDGE('',*,*,#3051,.F.);
#1159=ORIENTED_EDGE('',*,*,#2975,.T.);
#1160=ORIENTED_EDGE('',*,*,#3269,.F.);
#1161=ORIENTED_EDGE('',*,*,#2979,.T.);
#1162=ORIENTED_EDGE('',*,*,#2992,.F.);
#1163=ORIENTED_EDGE('',*,*,#2995,.F.);
#1164=ORIENTED_EDGE('',*,*,#3270,.F.);
#1165=ORIENTED_EDGE('',*,*,#2924,.T.);
#1166=ORIENTED_EDGE('',*,*,#3262,.T.);
#1167=ORIENTED_EDGE('',*,*,#3228,.T.);
#1168=ORIENTED_EDGE('',*,*,#3225,.T.);
#1169=ORIENTED_EDGE('',*,*,#3221,.T.);
#1170=ORIENTED_EDGE('',*,*,#3261,.T.);
#1171=ORIENTED_EDGE('',*,*,#2982,.T.);
#1172=ORIENTED_EDGE('',*,*,#3271,.F.);
#1173=ORIENTED_EDGE('',*,*,#2980,.T.);
#1174=ORIENTED_EDGE('',*,*,#3269,.T.);
#1175=ORIENTED_EDGE('',*,*,#2974,.T.);
#1176=ORIENTED_EDGE('',*,*,#3272,.F.);
#1177=ORIENTED_EDGE('',*,*,#2972,.T.);
#1178=ORIENTED_EDGE('',*,*,#3268,.T.);
#1179=ORIENTED_EDGE('',*,*,#2966,.T.);
#1180=ORIENTED_EDGE('',*,*,#3273,.F.);
#1181=ORIENTED_EDGE('',*,*,#2964,.T.);
#1182=ORIENTED_EDGE('',*,*,#3267,.T.);
#1183=ORIENTED_EDGE('',*,*,#2958,.T.);
#1184=ORIENTED_EDGE('',*,*,#3274,.F.);
#1185=ORIENTED_EDGE('',*,*,#2956,.T.);
#1186=ORIENTED_EDGE('',*,*,#3266,.T.);
#1187=ORIENTED_EDGE('',*,*,#2950,.T.);
#1188=ORIENTED_EDGE('',*,*,#3275,.F.);
#1189=ORIENTED_EDGE('',*,*,#2948,.T.);
#1190=ORIENTED_EDGE('',*,*,#3265,.T.);
#1191=ORIENTED_EDGE('',*,*,#2942,.T.);
#1192=ORIENTED_EDGE('',*,*,#3276,.F.);
#1193=ORIENTED_EDGE('',*,*,#2940,.T.);
#1194=ORIENTED_EDGE('',*,*,#3264,.T.);
#1195=ORIENTED_EDGE('',*,*,#2934,.T.);
#1196=ORIENTED_EDGE('',*,*,#3277,.F.);
#1197=ORIENTED_EDGE('',*,*,#2932,.T.);
#1198=ORIENTED_EDGE('',*,*,#3263,.T.);
#1199=ORIENTED_EDGE('',*,*,#2926,.T.);
#1200=ORIENTED_EDGE('',*,*,#2797,.T.);
#1201=ORIENTED_EDGE('',*,*,#3278,.T.);
#1202=ORIENTED_EDGE('',*,*,#2920,.T.);
#1203=ORIENTED_EDGE('',*,*,#3145,.T.);
#1204=ORIENTED_EDGE('',*,*,#3279,.T.);
#1205=ORIENTED_EDGE('',*,*,#3143,.T.);
#1206=ORIENTED_EDGE('',*,*,#3280,.T.);
#1207=ORIENTED_EDGE('',*,*,#3281,.T.);
#1208=ORIENTED_EDGE('',*,*,#3141,.F.);
#1209=ORIENTED_EDGE('',*,*,#3282,.F.);
#1210=ORIENTED_EDGE('',*,*,#3283,.F.);
#1211=ORIENTED_EDGE('',*,*,#3284,.F.);
#1212=ORIENTED_EDGE('',*,*,#3142,.F.);
#1213=ORIENTED_EDGE('',*,*,#3284,.T.);
#1214=ORIENTED_EDGE('',*,*,#3285,.T.);
#1215=ORIENTED_EDGE('',*,*,#3280,.F.);
#1216=ORIENTED_EDGE('',*,*,#3282,.T.);
#1217=ORIENTED_EDGE('',*,*,#3144,.T.);
#1218=ORIENTED_EDGE('',*,*,#3279,.F.);
#1219=ORIENTED_EDGE('',*,*,#3286,.F.);
#1220=ORIENTED_EDGE('',*,*,#3287,.F.);
#1221=ORIENTED_EDGE('',*,*,#2849,.T.);
#1222=ORIENTED_EDGE('',*,*,#3288,.T.);
#1223=ORIENTED_EDGE('',*,*,#3289,.F.);
#1224=ORIENTED_EDGE('',*,*,#2830,.F.);
#1225=ORIENTED_EDGE('',*,*,#3290,.T.);
#1226=ORIENTED_EDGE('',*,*,#3291,.F.);
#1227=ORIENTED_EDGE('',*,*,#3292,.F.);
#1228=ORIENTED_EDGE('',*,*,#3293,.T.);
#1229=ORIENTED_EDGE('',*,*,#2831,.T.);
#1230=ORIENTED_EDGE('',*,*,#3292,.T.);
#1231=ORIENTED_EDGE('',*,*,#3294,.T.);
#1232=ORIENTED_EDGE('',*,*,#3295,.F.);
#1233=ORIENTED_EDGE('',*,*,#3296,.F.);
#1234=ORIENTED_EDGE('',*,*,#3297,.F.);
#1235=ORIENTED_EDGE('',*,*,#3298,.F.);
#1236=ORIENTED_EDGE('',*,*,#2827,.T.);
#1237=ORIENTED_EDGE('',*,*,#3299,.T.);
#1238=ORIENTED_EDGE('',*,*,#3300,.T.);
#1239=ORIENTED_EDGE('',*,*,#3301,.F.);
#1240=ORIENTED_EDGE('',*,*,#2832,.T.);
#1241=ORIENTED_EDGE('',*,*,#3293,.F.);
#1242=ORIENTED_EDGE('',*,*,#3302,.F.);
#1243=ORIENTED_EDGE('',*,*,#3299,.F.);
#1244=ORIENTED_EDGE('',*,*,#2826,.T.);
#1245=ORIENTED_EDGE('',*,*,#3303,.T.);
#1246=ORIENTED_EDGE('',*,*,#3304,.T.);
#1247=ORIENTED_EDGE('',*,*,#3305,.T.);
#1248=ORIENTED_EDGE('',*,*,#2834,.T.);
#1249=ORIENTED_EDGE('',*,*,#3306,.F.);
#1250=ORIENTED_EDGE('',*,*,#3307,.F.);
#1251=ORIENTED_EDGE('',*,*,#3308,.F.);
#1252=ORIENTED_EDGE('',*,*,#3309,.F.);
#1253=ORIENTED_EDGE('',*,*,#3310,.F.);
#1254=ORIENTED_EDGE('',*,*,#3311,.T.);
#1255=ORIENTED_EDGE('',*,*,#3312,.T.);
#1256=ORIENTED_EDGE('',*,*,#3313,.F.);
#1257=ORIENTED_EDGE('',*,*,#3314,.F.);
#1258=ORIENTED_EDGE('',*,*,#2828,.T.);
#1259=ORIENTED_EDGE('',*,*,#3298,.T.);
#1260=ORIENTED_EDGE('',*,*,#3315,.T.);
#1261=ORIENTED_EDGE('',*,*,#3306,.T.);
#1262=ORIENTED_EDGE('',*,*,#2833,.T.);
#1263=ORIENTED_EDGE('',*,*,#3301,.T.);
#1264=ORIENTED_EDGE('',*,*,#3316,.F.);
#1265=ORIENTED_EDGE('',*,*,#2887,.F.);
#1266=ORIENTED_EDGE('',*,*,#3317,.F.);
#1267=ORIENTED_EDGE('',*,*,#2812,.T.);
#1268=ORIENTED_EDGE('',*,*,#3318,.T.);
#1269=ORIENTED_EDGE('',*,*,#2889,.F.);
#1270=ORIENTED_EDGE('',*,*,#3319,.T.);
#1271=ORIENTED_EDGE('',*,*,#3320,.F.);
#1272=ORIENTED_EDGE('',*,*,#3321,.F.);
#1273=ORIENTED_EDGE('',*,*,#2888,.F.);
#1274=ORIENTED_EDGE('',*,*,#3318,.F.);
#1275=ORIENTED_EDGE('',*,*,#2811,.T.);
#1276=ORIENTED_EDGE('',*,*,#3322,.T.);
#1277=ORIENTED_EDGE('',*,*,#3323,.T.);
#1278=ORIENTED_EDGE('',*,*,#3324,.T.);
#1279=ORIENTED_EDGE('',*,*,#3325,.F.);
#1280=ORIENTED_EDGE('',*,*,#3326,.F.);
#1281=ORIENTED_EDGE('',*,*,#3319,.F.);
#1282=ORIENTED_EDGE('',*,*,#2890,.F.);
#1283=ORIENTED_EDGE('',*,*,#3321,.T.);
#1284=ORIENTED_EDGE('',*,*,#3327,.T.);
#1285=ORIENTED_EDGE('',*,*,#3328,.F.);
#1286=ORIENTED_EDGE('',*,*,#3329,.F.);
#1287=ORIENTED_EDGE('',*,*,#3330,.F.);
#1288=ORIENTED_EDGE('',*,*,#3331,.F.);
#1289=ORIENTED_EDGE('',*,*,#3332,.T.);
#1290=ORIENTED_EDGE('',*,*,#2813,.T.);
#1291=ORIENTED_EDGE('',*,*,#3317,.T.);
#1292=ORIENTED_EDGE('',*,*,#3333,.T.);
#1293=ORIENTED_EDGE('',*,*,#2815,.T.);
#1294=ORIENTED_EDGE('',*,*,#3334,.F.);
#1295=ORIENTED_EDGE('',*,*,#3335,.F.);
#1296=ORIENTED_EDGE('',*,*,#3336,.F.);
#1297=ORIENTED_EDGE('',*,*,#2809,.T.);
#1298=ORIENTED_EDGE('',*,*,#3337,.T.);
#1299=ORIENTED_EDGE('',*,*,#3338,.T.);
#1300=ORIENTED_EDGE('',*,*,#3339,.F.);
#1301=ORIENTED_EDGE('',*,*,#3340,.F.);
#1302=ORIENTED_EDGE('',*,*,#3341,.F.);
#1303=ORIENTED_EDGE('',*,*,#3342,.T.);
#1304=ORIENTED_EDGE('',*,*,#3343,.T.);
#1305=ORIENTED_EDGE('',*,*,#3344,.F.);
#1306=ORIENTED_EDGE('',*,*,#3337,.F.);
#1307=ORIENTED_EDGE('',*,*,#2808,.T.);
#1308=ORIENTED_EDGE('',*,*,#3345,.F.);
#1309=ORIENTED_EDGE('',*,*,#3346,.T.);
#1310=ORIENTED_EDGE('',*,*,#3347,.F.);
#1311=ORIENTED_EDGE('',*,*,#2816,.T.);
#1312=ORIENTED_EDGE('',*,*,#3333,.F.);
#1313=ORIENTED_EDGE('',*,*,#3348,.F.);
#1314=ORIENTED_EDGE('',*,*,#3322,.F.);
#1315=ORIENTED_EDGE('',*,*,#2810,.T.);
#1316=ORIENTED_EDGE('',*,*,#3336,.T.);
#1317=ORIENTED_EDGE('',*,*,#3349,.T.);
#1318=ORIENTED_EDGE('',*,*,#3334,.T.);
#1319=ORIENTED_EDGE('',*,*,#2814,.T.);
#1320=ORIENTED_EDGE('',*,*,#3332,.F.);
#1321=ORIENTED_EDGE('',*,*,#3350,.F.);
#1322=ORIENTED_EDGE('',*,*,#3351,.F.);
#1323=ORIENTED_EDGE('',*,*,#2788,.T.);
#1324=ORIENTED_EDGE('',*,*,#3352,.T.);
#1325=ORIENTED_EDGE('',*,*,#3353,.F.);
#1326=ORIENTED_EDGE('',*,*,#3148,.F.);
#1327=ORIENTED_EDGE('',*,*,#3354,.F.);
#1328=ORIENTED_EDGE('',*,*,#3355,.T.);
#1329=ORIENTED_EDGE('',*,*,#3356,.F.);
#1330=ORIENTED_EDGE('',*,*,#3357,.T.);
#1331=ORIENTED_EDGE('',*,*,#3358,.T.);
#1332=ORIENTED_EDGE('',*,*,#2801,.T.);
#1333=ORIENTED_EDGE('',*,*,#3354,.T.);
#1334=ORIENTED_EDGE('',*,*,#3147,.T.);
#1335=ORIENTED_EDGE('',*,*,#3359,.F.);
#1336=ORIENTED_EDGE('',*,*,#3359,.T.);
#1337=ORIENTED_EDGE('',*,*,#3152,.T.);
#1338=ORIENTED_EDGE('',*,*,#3360,.F.);
#1339=ORIENTED_EDGE('',*,*,#3361,.F.);
#1340=ORIENTED_EDGE('',*,*,#3355,.F.);
#1341=ORIENTED_EDGE('',*,*,#3151,.F.);
#1342=ORIENTED_EDGE('',*,*,#3362,.F.);
#1343=ORIENTED_EDGE('',*,*,#3363,.T.);
#1344=ORIENTED_EDGE('',*,*,#3364,.F.);
#1345=ORIENTED_EDGE('',*,*,#3365,.F.);
#1346=ORIENTED_EDGE('',*,*,#3366,.T.);
#1347=ORIENTED_EDGE('',*,*,#3367,.T.);
#1348=ORIENTED_EDGE('',*,*,#3368,.F.);
#1349=ORIENTED_EDGE('',*,*,#3369,.T.);
#1350=ORIENTED_EDGE('',*,*,#3370,.F.);
#1351=ORIENTED_EDGE('',*,*,#3371,.T.);
#1352=ORIENTED_EDGE('',*,*,#3372,.F.);
#1353=ORIENTED_EDGE('',*,*,#3373,.T.);
#1354=ORIENTED_EDGE('',*,*,#3374,.F.);
#1355=ORIENTED_EDGE('',*,*,#3375,.T.);
#1356=ORIENTED_EDGE('',*,*,#3376,.F.);
#1357=ORIENTED_EDGE('',*,*,#3377,.F.);
#1358=ORIENTED_EDGE('',*,*,#3378,.F.);
#1359=ORIENTED_EDGE('',*,*,#3379,.T.);
#1360=ORIENTED_EDGE('',*,*,#3380,.F.);
#1361=ORIENTED_EDGE('',*,*,#3381,.T.);
#1362=ORIENTED_EDGE('',*,*,#3382,.T.);
#1363=ORIENTED_EDGE('',*,*,#3383,.T.);
#1364=ORIENTED_EDGE('',*,*,#3384,.T.);
#1365=ORIENTED_EDGE('',*,*,#3385,.F.);
#1366=ORIENTED_EDGE('',*,*,#3386,.F.);
#1367=ORIENTED_EDGE('',*,*,#3387,.T.);
#1368=ORIENTED_EDGE('',*,*,#3388,.F.);
#1369=ORIENTED_EDGE('',*,*,#3389,.T.);
#1370=ORIENTED_EDGE('',*,*,#3390,.F.);
#1371=ORIENTED_EDGE('',*,*,#3391,.T.);
#1372=ORIENTED_EDGE('',*,*,#3392,.F.);
#1373=ORIENTED_EDGE('',*,*,#3393,.T.);
#1374=ORIENTED_EDGE('',*,*,#3394,.T.);
#1375=ORIENTED_EDGE('',*,*,#3395,.T.);
#1376=ORIENTED_EDGE('',*,*,#3396,.T.);
#1377=ORIENTED_EDGE('',*,*,#3397,.F.);
#1378=ORIENTED_EDGE('',*,*,#3360,.T.);
#1379=ORIENTED_EDGE('',*,*,#2898,.F.);
#1380=ORIENTED_EDGE('',*,*,#3398,.T.);
#1381=ORIENTED_EDGE('',*,*,#3295,.T.);
#1382=ORIENTED_EDGE('',*,*,#3399,.T.);
#1383=ORIENTED_EDGE('',*,*,#3290,.F.);
#1384=ORIENTED_EDGE('',*,*,#2829,.T.);
#1385=ORIENTED_EDGE('',*,*,#3314,.T.);
#1386=ORIENTED_EDGE('',*,*,#3400,.T.);
#1387=ORIENTED_EDGE('',*,*,#3401,.T.);
#1388=ORIENTED_EDGE('',*,*,#2896,.T.);
#1389=ORIENTED_EDGE('',*,*,#3402,.F.);
#1390=ORIENTED_EDGE('',*,*,#3402,.T.);
#1391=ORIENTED_EDGE('',*,*,#2895,.T.);
#1392=ORIENTED_EDGE('',*,*,#3399,.F.);
#1393=ORIENTED_EDGE('',*,*,#3294,.F.);
#1394=ORIENTED_EDGE('',*,*,#3291,.T.);
#1395=ORIENTED_EDGE('',*,*,#3398,.F.);
#1396=ORIENTED_EDGE('',*,*,#2897,.T.);
#1397=ORIENTED_EDGE('',*,*,#3401,.F.);
#1398=ORIENTED_EDGE('',*,*,#3403,.T.);
#1399=ORIENTED_EDGE('',*,*,#3296,.T.);
#1400=ORIENTED_EDGE('',*,*,#3150,.F.);
#1401=ORIENTED_EDGE('',*,*,#2916,.T.);
#1402=ORIENTED_EDGE('',*,*,#3404,.T.);
#1403=ORIENTED_EDGE('',*,*,#2912,.T.);
#1404=ORIENTED_EDGE('',*,*,#3405,.T.);
#1405=ORIENTED_EDGE('',*,*,#2908,.T.);
#1406=ORIENTED_EDGE('',*,*,#3406,.T.);
#1407=ORIENTED_EDGE('',*,*,#2904,.T.);
#1408=ORIENTED_EDGE('',*,*,#3407,.T.);
#1409=ORIENTED_EDGE('',*,*,#2900,.T.);
#1410=ORIENTED_EDGE('',*,*,#3408,.T.);
#1411=ORIENTED_EDGE('',*,*,#3362,.T.);
#1412=ORIENTED_EDGE('',*,*,#3409,.T.);
#1413=ORIENTED_EDGE('',*,*,#3005,.F.);
#1414=ORIENTED_EDGE('',*,*,#2961,.F.);
#1415=ORIENTED_EDGE('',*,*,#3273,.T.);
#1416=ORIENTED_EDGE('',*,*,#2965,.F.);
#1417=ORIENTED_EDGE('',*,*,#3006,.F.);
#1418=ORIENTED_EDGE('',*,*,#3002,.F.);
#1419=ORIENTED_EDGE('',*,*,#3410,.T.);
#1420=ORIENTED_EDGE('',*,*,#3013,.F.);
#1421=ORIENTED_EDGE('',*,*,#2945,.F.);
#1422=ORIENTED_EDGE('',*,*,#3275,.T.);
#1423=ORIENTED_EDGE('',*,*,#2949,.F.);
#1424=ORIENTED_EDGE('',*,*,#3014,.F.);
#1425=ORIENTED_EDGE('',*,*,#3010,.F.);
#1426=ORIENTED_EDGE('',*,*,#3411,.T.);
#1427=ORIENTED_EDGE('',*,*,#3021,.F.);
#1428=ORIENTED_EDGE('',*,*,#2929,.F.);
#1429=ORIENTED_EDGE('',*,*,#3277,.T.);
#1430=ORIENTED_EDGE('',*,*,#2933,.F.);
#1431=ORIENTED_EDGE('',*,*,#3022,.F.);
#1432=ORIENTED_EDGE('',*,*,#3018,.F.);
#1433=ORIENTED_EDGE('',*,*,#2921,.T.);
#1434=ORIENTED_EDGE('',*,*,#3270,.T.);
#1435=ORIENTED_EDGE('',*,*,#2925,.T.);
#1436=ORIENTED_EDGE('',*,*,#3029,.T.);
#1437=ORIENTED_EDGE('',*,*,#3404,.F.);
#1438=ORIENTED_EDGE('',*,*,#3025,.T.);
#1439=ORIENTED_EDGE('',*,*,#3412,.T.);
#1440=ORIENTED_EDGE('',*,*,#2937,.T.);
#1441=ORIENTED_EDGE('',*,*,#3276,.T.);
#1442=ORIENTED_EDGE('',*,*,#2941,.T.);
#1443=ORIENTED_EDGE('',*,*,#3036,.T.);
#1444=ORIENTED_EDGE('',*,*,#3405,.F.);
#1445=ORIENTED_EDGE('',*,*,#3032,.T.);
#1446=ORIENTED_EDGE('',*,*,#3413,.T.);
#1447=ORIENTED_EDGE('',*,*,#2953,.T.);
#1448=ORIENTED_EDGE('',*,*,#3274,.T.);
#1449=ORIENTED_EDGE('',*,*,#2957,.T.);
#1450=ORIENTED_EDGE('',*,*,#3043,.T.);
#1451=ORIENTED_EDGE('',*,*,#3406,.F.);
#1452=ORIENTED_EDGE('',*,*,#3039,.T.);
#1453=ORIENTED_EDGE('',*,*,#3414,.T.);
#1454=ORIENTED_EDGE('',*,*,#2977,.T.);
#1455=ORIENTED_EDGE('',*,*,#3271,.T.);
#1456=ORIENTED_EDGE('',*,*,#2981,.T.);
#1457=ORIENTED_EDGE('',*,*,#2998,.T.);
#1458=ORIENTED_EDGE('',*,*,#2996,.T.);
#1459=ORIENTED_EDGE('',*,*,#2993,.T.);
#1460=ORIENTED_EDGE('',*,*,#3415,.T.);
#1461=ORIENTED_EDGE('',*,*,#2969,.T.);
#1462=ORIENTED_EDGE('',*,*,#3272,.T.);
#1463=ORIENTED_EDGE('',*,*,#2973,.T.);
#1464=ORIENTED_EDGE('',*,*,#3050,.T.);
#1465=ORIENTED_EDGE('',*,*,#3407,.F.);
#1466=ORIENTED_EDGE('',*,*,#3046,.T.);
#1467=ORIENTED_EDGE('',*,*,#3416,.T.);
#1468=ORIENTED_EDGE('',*,*,#3417,.T.);
#1469=ORIENTED_EDGE('',*,*,#3418,.T.);
#1470=ORIENTED_EDGE('',*,*,#2783,.F.);
#1471=ORIENTED_EDGE('',*,*,#3419,.F.);
#1472=ORIENTED_EDGE('',*,*,#3420,.T.);
#1473=ORIENTED_EDGE('',*,*,#3421,.T.);
#1474=ORIENTED_EDGE('',*,*,#2793,.F.);
#1475=ORIENTED_EDGE('',*,*,#3422,.T.);
#1476=ORIENTED_EDGE('',*,*,#3423,.T.);
#1477=ORIENTED_EDGE('',*,*,#3345,.T.);
#1478=ORIENTED_EDGE('',*,*,#2807,.F.);
#1479=ORIENTED_EDGE('',*,*,#3424,.F.);
#1480=ORIENTED_EDGE('',*,*,#3425,.T.);
#1481=ORIENTED_EDGE('',*,*,#3426,.T.);
#1482=ORIENTED_EDGE('',*,*,#2817,.F.);
#1483=ORIENTED_EDGE('',*,*,#3347,.T.);
#1484=ORIENTED_EDGE('',*,*,#3303,.F.);
#1485=ORIENTED_EDGE('',*,*,#2825,.T.);
#1486=ORIENTED_EDGE('',*,*,#3427,.F.);
#1487=ORIENTED_EDGE('',*,*,#3428,.F.);
#1488=ORIENTED_EDGE('',*,*,#3429,.T.);
#1489=ORIENTED_EDGE('',*,*,#2835,.T.);
#1490=ORIENTED_EDGE('',*,*,#3305,.F.);
#1491=ORIENTED_EDGE('',*,*,#3430,.F.);
#1492=ORIENTED_EDGE('',*,*,#3431,.T.);
#1493=ORIENTED_EDGE('',*,*,#3432,.T.);
#1494=ORIENTED_EDGE('',*,*,#2843,.F.);
#1495=ORIENTED_EDGE('',*,*,#3433,.F.);
#1496=ORIENTED_EDGE('',*,*,#3434,.T.);
#1497=ORIENTED_EDGE('',*,*,#3435,.T.);
#1498=ORIENTED_EDGE('',*,*,#2775,.F.);
#1499=ORIENTED_EDGE('',*,*,#3436,.T.);
#1500=ORIENTED_EDGE('',*,*,#3437,.T.);
#1501=ORIENTED_EDGE('',*,*,#3438,.T.);
#1502=ORIENTED_EDGE('',*,*,#3439,.T.);
#1503=ORIENTED_EDGE('',*,*,#3440,.F.);
#1504=ORIENTED_EDGE('',*,*,#3441,.T.);
#1505=ORIENTED_EDGE('',*,*,#3442,.T.);
#1506=ORIENTED_EDGE('',*,*,#3443,.T.);
#1507=ORIENTED_EDGE('',*,*,#3444,.F.);
#1508=ORIENTED_EDGE('',*,*,#3445,.F.);
#1509=ORIENTED_EDGE('',*,*,#3446,.T.);
#1510=ORIENTED_EDGE('',*,*,#3447,.F.);
#1511=ORIENTED_EDGE('',*,*,#3448,.F.);
#1512=ORIENTED_EDGE('',*,*,#3449,.F.);
#1513=ORIENTED_EDGE('',*,*,#3450,.T.);
#1514=ORIENTED_EDGE('',*,*,#3451,.F.);
#1515=ORIENTED_EDGE('',*,*,#3452,.F.);
#1516=ORIENTED_EDGE('',*,*,#3453,.T.);
#1517=ORIENTED_EDGE('',*,*,#3454,.T.);
#1518=ORIENTED_EDGE('',*,*,#3455,.T.);
#1519=ORIENTED_EDGE('',*,*,#3456,.F.);
#1520=ORIENTED_EDGE('',*,*,#3457,.T.);
#1521=ORIENTED_EDGE('',*,*,#3458,.T.);
#1522=ORIENTED_EDGE('',*,*,#3459,.T.);
#1523=ORIENTED_EDGE('',*,*,#3460,.F.);
#1524=ORIENTED_EDGE('',*,*,#3461,.F.);
#1525=ORIENTED_EDGE('',*,*,#3462,.T.);
#1526=ORIENTED_EDGE('',*,*,#3463,.F.);
#1527=ORIENTED_EDGE('',*,*,#3464,.F.);
#1528=ORIENTED_EDGE('',*,*,#3465,.T.);
#1529=ORIENTED_EDGE('',*,*,#3466,.T.);
#1530=ORIENTED_EDGE('',*,*,#3467,.T.);
#1531=ORIENTED_EDGE('',*,*,#3468,.F.);
#1532=ORIENTED_EDGE('',*,*,#3469,.T.);
#1533=ORIENTED_EDGE('',*,*,#3470,.T.);
#1534=ORIENTED_EDGE('',*,*,#3471,.T.);
#1535=ORIENTED_EDGE('',*,*,#3472,.F.);
#1536=ORIENTED_EDGE('',*,*,#3473,.T.);
#1537=ORIENTED_EDGE('',*,*,#3474,.T.);
#1538=ORIENTED_EDGE('',*,*,#3475,.T.);
#1539=ORIENTED_EDGE('',*,*,#3476,.F.);
#1540=ORIENTED_EDGE('',*,*,#3477,.T.);
#1541=ORIENTED_EDGE('',*,*,#3478,.T.);
#1542=ORIENTED_EDGE('',*,*,#3479,.T.);
#1543=ORIENTED_EDGE('',*,*,#3480,.F.);
#1544=ORIENTED_EDGE('',*,*,#3481,.T.);
#1545=ORIENTED_EDGE('',*,*,#3482,.T.);
#1546=ORIENTED_EDGE('',*,*,#3483,.T.);
#1547=ORIENTED_EDGE('',*,*,#3484,.F.);
#1548=ORIENTED_EDGE('',*,*,#3485,.T.);
#1549=ORIENTED_EDGE('',*,*,#3486,.T.);
#1550=ORIENTED_EDGE('',*,*,#3487,.T.);
#1551=ORIENTED_EDGE('',*,*,#3488,.F.);
#1552=ORIENTED_EDGE('',*,*,#3489,.T.);
#1553=ORIENTED_EDGE('',*,*,#3490,.T.);
#1554=ORIENTED_EDGE('',*,*,#3491,.T.);
#1555=ORIENTED_EDGE('',*,*,#3492,.F.);
#1556=ORIENTED_EDGE('',*,*,#3493,.T.);
#1557=ORIENTED_EDGE('',*,*,#3494,.T.);
#1558=ORIENTED_EDGE('',*,*,#3495,.T.);
#1559=ORIENTED_EDGE('',*,*,#3496,.F.);
#1560=ORIENTED_EDGE('',*,*,#3497,.F.);
#1561=ORIENTED_EDGE('',*,*,#3498,.T.);
#1562=ORIENTED_EDGE('',*,*,#3499,.F.);
#1563=ORIENTED_EDGE('',*,*,#3500,.F.);
#1564=ORIENTED_EDGE('',*,*,#3501,.T.);
#1565=ORIENTED_EDGE('',*,*,#3356,.T.);
#1566=ORIENTED_EDGE('',*,*,#3361,.T.);
#1567=ORIENTED_EDGE('',*,*,#3397,.T.);
#1568=ORIENTED_EDGE('',*,*,#3502,.F.);
#1569=ORIENTED_EDGE('',*,*,#2805,.F.);
#1570=ORIENTED_EDGE('',*,*,#3503,.T.);
#1571=ORIENTED_EDGE('',*,*,#3504,.T.);
#1572=ORIENTED_EDGE('',*,*,#3505,.F.);
#1573=ORIENTED_EDGE('',*,*,#3506,.F.);
#1574=ORIENTED_EDGE('',*,*,#3507,.F.);
#1575=ORIENTED_EDGE('',*,*,#3505,.T.);
#1576=ORIENTED_EDGE('',*,*,#3508,.T.);
#1577=ORIENTED_EDGE('',*,*,#3393,.F.);
#1578=ORIENTED_EDGE('',*,*,#3509,.F.);
#1579=ORIENTED_EDGE('',*,*,#2819,.F.);
#1580=ORIENTED_EDGE('',*,*,#3510,.F.);
#1581=ORIENTED_EDGE('',*,*,#3511,.F.);
#1582=ORIENTED_EDGE('',*,*,#3512,.F.);
#1583=ORIENTED_EDGE('',*,*,#3513,.F.);
#1584=ORIENTED_EDGE('',*,*,#3514,.F.);
#1585=ORIENTED_EDGE('',*,*,#3512,.T.);
#1586=ORIENTED_EDGE('',*,*,#3515,.F.);
#1587=ORIENTED_EDGE('',*,*,#3389,.F.);
#1588=ORIENTED_EDGE('',*,*,#3516,.T.);
#1589=ORIENTED_EDGE('',*,*,#3517,.T.);
#1590=ORIENTED_EDGE('',*,*,#3518,.F.);
#1591=ORIENTED_EDGE('',*,*,#3385,.T.);
#1592=ORIENTED_EDGE('',*,*,#3519,.T.);
#1593=ORIENTED_EDGE('',*,*,#2823,.T.);
#1594=ORIENTED_EDGE('',*,*,#3520,.F.);
#1595=ORIENTED_EDGE('',*,*,#3521,.F.);
#1596=ORIENTED_EDGE('',*,*,#3517,.F.);
#1597=ORIENTED_EDGE('',*,*,#3522,.T.);
#1598=ORIENTED_EDGE('',*,*,#3523,.F.);
#1599=ORIENTED_EDGE('',*,*,#2837,.F.);
#1600=ORIENTED_EDGE('',*,*,#3524,.T.);
#1601=ORIENTED_EDGE('',*,*,#3525,.T.);
#1602=ORIENTED_EDGE('',*,*,#3526,.F.);
#1603=ORIENTED_EDGE('',*,*,#3527,.F.);
#1604=ORIENTED_EDGE('',*,*,#3528,.F.);
#1605=ORIENTED_EDGE('',*,*,#3526,.T.);
#1606=ORIENTED_EDGE('',*,*,#3529,.T.);
#1607=ORIENTED_EDGE('',*,*,#3381,.F.);
#1608=ORIENTED_EDGE('',*,*,#3530,.F.);
#1609=ORIENTED_EDGE('',*,*,#3531,.T.);
#1610=ORIENTED_EDGE('',*,*,#3532,.F.);
#1611=ORIENTED_EDGE('',*,*,#3377,.T.);
#1612=ORIENTED_EDGE('',*,*,#3533,.F.);
#1613=ORIENTED_EDGE('',*,*,#2841,.T.);
#1614=ORIENTED_EDGE('',*,*,#3534,.F.);
#1615=ORIENTED_EDGE('',*,*,#3535,.T.);
#1616=ORIENTED_EDGE('',*,*,#3536,.F.);
#1617=ORIENTED_EDGE('',*,*,#3531,.F.);
#1618=ORIENTED_EDGE('',*,*,#3537,.F.);
#1619=ORIENTED_EDGE('',*,*,#3538,.F.);
#1620=ORIENTED_EDGE('',*,*,#2777,.F.);
#1621=ORIENTED_EDGE('',*,*,#3539,.F.);
#1622=ORIENTED_EDGE('',*,*,#3540,.F.);
#1623=ORIENTED_EDGE('',*,*,#3541,.F.);
#1624=ORIENTED_EDGE('',*,*,#3542,.F.);
#1625=ORIENTED_EDGE('',*,*,#3543,.F.);
#1626=ORIENTED_EDGE('',*,*,#3541,.T.);
#1627=ORIENTED_EDGE('',*,*,#3544,.F.);
#1628=ORIENTED_EDGE('',*,*,#3373,.F.);
#1629=ORIENTED_EDGE('',*,*,#3545,.F.);
#1630=ORIENTED_EDGE('',*,*,#2781,.T.);
#1631=ORIENTED_EDGE('',*,*,#3546,.F.);
#1632=ORIENTED_EDGE('',*,*,#3547,.F.);
#1633=ORIENTED_EDGE('',*,*,#3548,.F.);
#1634=ORIENTED_EDGE('',*,*,#3549,.F.);
#1635=ORIENTED_EDGE('',*,*,#3550,.T.);
#1636=ORIENTED_EDGE('',*,*,#3551,.T.);
#1637=ORIENTED_EDGE('',*,*,#3552,.F.);
#1638=ORIENTED_EDGE('',*,*,#3365,.T.);
#1639=ORIENTED_EDGE('',*,*,#3553,.F.);
#1640=ORIENTED_EDGE('',*,*,#3554,.T.);
#1641=ORIENTED_EDGE('',*,*,#3555,.F.);
#1642=ORIENTED_EDGE('',*,*,#3369,.F.);
#1643=ORIENTED_EDGE('',*,*,#3556,.T.);
#1644=ORIENTED_EDGE('',*,*,#2795,.T.);
#1645=ORIENTED_EDGE('',*,*,#3557,.F.);
#1646=ORIENTED_EDGE('',*,*,#3558,.F.);
#1647=ORIENTED_EDGE('',*,*,#3551,.F.);
#1648=ORIENTED_EDGE('',*,*,#3559,.T.);
#1649=ORIENTED_EDGE('',*,*,#3560,.F.);
#1650=ORIENTED_EDGE('',*,*,#3561,.F.);
#1651=ORIENTED_EDGE('',*,*,#3450,.F.);
#1652=ORIENTED_EDGE('',*,*,#3562,.F.);
#1653=ORIENTED_EDGE('',*,*,#3498,.F.);
#1654=ORIENTED_EDGE('',*,*,#3563,.F.);
#1655=ORIENTED_EDGE('',*,*,#3438,.F.);
#1656=ORIENTED_EDGE('',*,*,#3564,.F.);
#1657=ORIENTED_EDGE('',*,*,#3454,.F.);
#1658=ORIENTED_EDGE('',*,*,#3565,.F.);
#1659=ORIENTED_EDGE('',*,*,#3442,.F.);
#1660=ORIENTED_EDGE('',*,*,#3566,.F.);
#1661=ORIENTED_EDGE('',*,*,#3458,.F.);
#1662=ORIENTED_EDGE('',*,*,#3567,.F.);
#1663=ORIENTED_EDGE('',*,*,#3446,.F.);
#1664=ORIENTED_EDGE('',*,*,#3568,.F.);
#1665=ORIENTED_EDGE('',*,*,#3462,.F.);
#1666=ORIENTED_EDGE('',*,*,#3569,.F.);
#1667=ORIENTED_EDGE('',*,*,#3466,.F.);
#1668=ORIENTED_EDGE('',*,*,#3570,.F.);
#1669=ORIENTED_EDGE('',*,*,#3494,.F.);
#1670=ORIENTED_EDGE('',*,*,#3571,.F.);
#1671=ORIENTED_EDGE('',*,*,#3478,.F.);
#1672=ORIENTED_EDGE('',*,*,#3572,.F.);
#1673=ORIENTED_EDGE('',*,*,#3490,.F.);
#1674=ORIENTED_EDGE('',*,*,#3573,.F.);
#1675=ORIENTED_EDGE('',*,*,#3474,.F.);
#1676=ORIENTED_EDGE('',*,*,#3574,.F.);
#1677=ORIENTED_EDGE('',*,*,#3486,.F.);
#1678=ORIENTED_EDGE('',*,*,#3575,.F.);
#1679=ORIENTED_EDGE('',*,*,#3470,.F.);
#1680=ORIENTED_EDGE('',*,*,#3576,.F.);
#1681=ORIENTED_EDGE('',*,*,#3482,.F.);
#1682=ORIENTED_EDGE('',*,*,#3554,.F.);
#1683=ORIENTED_EDGE('',*,*,#3577,.T.);
#1684=ORIENTED_EDGE('',*,*,#3578,.F.);
#1685=ORIENTED_EDGE('',*,*,#3579,.F.);
#1686=ORIENTED_EDGE('',*,*,#3580,.T.);
#1687=ORIENTED_EDGE('',*,*,#3484,.T.);
#1688=ORIENTED_EDGE('',*,*,#3581,.T.);
#1689=ORIENTED_EDGE('',*,*,#3367,.F.);
#1690=ORIENTED_EDGE('',*,*,#3408,.F.);
#1691=ORIENTED_EDGE('',*,*,#2899,.T.);
#1692=ORIENTED_EDGE('',*,*,#3278,.F.);
#1693=ORIENTED_EDGE('',*,*,#2796,.F.);
#1694=ORIENTED_EDGE('',*,*,#3556,.F.);
#1695=ORIENTED_EDGE('',*,*,#3582,.F.);
#1696=ORIENTED_EDGE('',*,*,#3583,.T.);
#1697=ORIENTED_EDGE('',*,*,#3363,.F.);
#1698=ORIENTED_EDGE('',*,*,#3285,.F.);
#1699=ORIENTED_EDGE('',*,*,#3283,.T.);
#1700=ORIENTED_EDGE('',*,*,#3286,.T.);
#1701=ORIENTED_EDGE('',*,*,#3281,.F.);
#1702=ORIENTED_EDGE('',*,*,#3559,.F.);
#1703=ORIENTED_EDGE('',*,*,#3550,.F.);
#1704=ORIENTED_EDGE('',*,*,#3364,.T.);
#1705=ORIENTED_EDGE('',*,*,#3583,.F.);
#1706=ORIENTED_EDGE('',*,*,#3584,.F.);
#1707=ORIENTED_EDGE('',*,*,#3582,.T.);
#1708=ORIENTED_EDGE('',*,*,#3560,.T.);
#1709=ORIENTED_EDGE('',*,*,#3584,.T.);
#1710=ORIENTED_EDGE('',*,*,#3366,.F.);
#1711=ORIENTED_EDGE('',*,*,#3552,.T.);
#1712=ORIENTED_EDGE('',*,*,#3558,.T.);
#1713=ORIENTED_EDGE('',*,*,#3585,.F.);
#1714=ORIENTED_EDGE('',*,*,#3575,.T.);
#1715=ORIENTED_EDGE('',*,*,#3481,.F.);
#1716=ORIENTED_EDGE('',*,*,#3580,.F.);
#1717=ORIENTED_EDGE('',*,*,#3586,.F.);
#1718=ORIENTED_EDGE('',*,*,#3472,.T.);
#1719=ORIENTED_EDGE('',*,*,#3587,.F.);
#1720=ORIENTED_EDGE('',*,*,#3420,.F.);
#1721=ORIENTED_EDGE('',*,*,#3588,.F.);
#1722=ORIENTED_EDGE('',*,*,#3476,.T.);
#1723=ORIENTED_EDGE('',*,*,#3589,.F.);
#1724=ORIENTED_EDGE('',*,*,#3590,.T.);
#1725=ORIENTED_EDGE('',*,*,#3591,.F.);
#1726=ORIENTED_EDGE('',*,*,#3480,.T.);
#1727=ORIENTED_EDGE('',*,*,#3592,.F.);
#1728=ORIENTED_EDGE('',*,*,#3434,.F.);
#1729=ORIENTED_EDGE('',*,*,#3593,.T.);
#1730=ORIENTED_EDGE('',*,*,#3534,.T.);
#1731=ORIENTED_EDGE('',*,*,#2840,.F.);
#1732=ORIENTED_EDGE('',*,*,#3594,.F.);
#1733=ORIENTED_EDGE('',*,*,#3595,.F.);
#1734=ORIENTED_EDGE('',*,*,#3444,.T.);
#1735=ORIENTED_EDGE('',*,*,#3596,.F.);
#1736=ORIENTED_EDGE('',*,*,#3597,.T.);
#1737=ORIENTED_EDGE('',*,*,#3598,.F.);
#1738=ORIENTED_EDGE('',*,*,#3440,.T.);
#1739=ORIENTED_EDGE('',*,*,#3599,.F.);
#1740=ORIENTED_EDGE('',*,*,#3425,.F.);
#1741=ORIENTED_EDGE('',*,*,#3357,.F.);
#1742=ORIENTED_EDGE('',*,*,#3501,.F.);
#1743=ORIENTED_EDGE('',*,*,#3396,.F.);
#1744=ORIENTED_EDGE('',*,*,#3600,.F.);
#1745=ORIENTED_EDGE('',*,*,#3451,.T.);
#1746=ORIENTED_EDGE('',*,*,#3561,.T.);
#1747=ORIENTED_EDGE('',*,*,#3601,.T.);
#1748=ORIENTED_EDGE('',*,*,#3602,.F.);
#1749=ORIENTED_EDGE('',*,*,#3603,.T.);
#1750=ORIENTED_EDGE('',*,*,#3604,.F.);
#1751=ORIENTED_EDGE('',*,*,#3605,.T.);
#1752=ORIENTED_EDGE('',*,*,#3606,.F.);
#1753=ORIENTED_EDGE('',*,*,#3607,.F.);
#1754=ORIENTED_EDGE('',*,*,#3608,.F.);
#1755=ORIENTED_EDGE('',*,*,#3609,.F.);
#1756=ORIENTED_EDGE('',*,*,#3415,.F.);
#1757=ORIENTED_EDGE('',*,*,#3610,.F.);
#1758=ORIENTED_EDGE('',*,*,#3611,.T.);
#1759=ORIENTED_EDGE('',*,*,#3612,.F.);
#1760=ORIENTED_EDGE('',*,*,#3613,.T.);
#1761=ORIENTED_EDGE('',*,*,#3614,.F.);
#1762=ORIENTED_EDGE('',*,*,#3615,.F.);
#1763=ORIENTED_EDGE('',*,*,#3616,.F.);
#1764=ORIENTED_EDGE('',*,*,#3617,.F.);
#1765=ORIENTED_EDGE('',*,*,#3409,.F.);
#1766=ORIENTED_EDGE('',*,*,#3618,.F.);
#1767=ORIENTED_EDGE('',*,*,#3309,.T.);
#1768=ORIENTED_EDGE('',*,*,#3619,.F.);
#1769=ORIENTED_EDGE('',*,*,#3313,.T.);
#1770=ORIENTED_EDGE('',*,*,#3620,.F.);
#1771=ORIENTED_EDGE('',*,*,#3621,.F.);
#1772=ORIENTED_EDGE('',*,*,#3622,.T.);
#1773=ORIENTED_EDGE('',*,*,#3623,.F.);
#1774=ORIENTED_EDGE('',*,*,#3410,.F.);
#1775=ORIENTED_EDGE('',*,*,#3624,.F.);
#1776=ORIENTED_EDGE('',*,*,#3340,.T.);
#1777=ORIENTED_EDGE('',*,*,#3625,.F.);
#1778=ORIENTED_EDGE('',*,*,#3344,.T.);
#1779=ORIENTED_EDGE('',*,*,#3626,.F.);
#1780=ORIENTED_EDGE('',*,*,#3627,.F.);
#1781=ORIENTED_EDGE('',*,*,#3628,.F.);
#1782=ORIENTED_EDGE('',*,*,#3629,.F.);
#1783=ORIENTED_EDGE('',*,*,#3411,.F.);
#1784=ORIENTED_EDGE('',*,*,#2782,.F.);
#1785=ORIENTED_EDGE('',*,*,#3545,.T.);
#1786=ORIENTED_EDGE('',*,*,#3630,.F.);
#1787=ORIENTED_EDGE('',*,*,#3469,.F.);
#1788=ORIENTED_EDGE('',*,*,#3586,.T.);
#1789=ORIENTED_EDGE('',*,*,#3419,.T.);
#1790=ORIENTED_EDGE('',*,*,#3585,.T.);
#1791=ORIENTED_EDGE('',*,*,#3557,.T.);
#1792=ORIENTED_EDGE('',*,*,#2794,.F.);
#1793=ORIENTED_EDGE('',*,*,#3421,.F.);
#1794=ORIENTED_EDGE('',*,*,#3587,.T.);
#1795=ORIENTED_EDGE('',*,*,#3471,.F.);
#1796=ORIENTED_EDGE('',*,*,#2802,.T.);
#1797=ORIENTED_EDGE('',*,*,#3358,.F.);
#1798=ORIENTED_EDGE('',*,*,#3601,.F.);
#1799=ORIENTED_EDGE('',*,*,#3497,.T.);
#1800=ORIENTED_EDGE('',*,*,#3631,.F.);
#1801=ORIENTED_EDGE('',*,*,#3632,.T.);
#1802=ORIENTED_EDGE('',*,*,#3632,.F.);
#1803=ORIENTED_EDGE('',*,*,#3633,.T.);
#1804=ORIENTED_EDGE('',*,*,#3634,.T.);
#1805=ORIENTED_EDGE('',*,*,#2803,.F.);
#1806=ORIENTED_EDGE('',*,*,#3412,.F.);
#1807=ORIENTED_EDGE('',*,*,#3635,.T.);
#1808=ORIENTED_EDGE('',*,*,#3503,.F.);
#1809=ORIENTED_EDGE('',*,*,#2804,.T.);
#1810=ORIENTED_EDGE('',*,*,#3634,.F.);
#1811=ORIENTED_EDGE('',*,*,#3636,.F.);
#1812=ORIENTED_EDGE('',*,*,#3499,.T.);
#1813=ORIENTED_EDGE('',*,*,#2806,.F.);
#1814=ORIENTED_EDGE('',*,*,#3502,.T.);
#1815=ORIENTED_EDGE('',*,*,#3637,.F.);
#1816=ORIENTED_EDGE('',*,*,#3437,.F.);
#1817=ORIENTED_EDGE('',*,*,#3598,.T.);
#1818=ORIENTED_EDGE('',*,*,#3424,.T.);
#1819=ORIENTED_EDGE('',*,*,#3638,.T.);
#1820=ORIENTED_EDGE('',*,*,#3510,.T.);
#1821=ORIENTED_EDGE('',*,*,#2818,.F.);
#1822=ORIENTED_EDGE('',*,*,#3426,.F.);
#1823=ORIENTED_EDGE('',*,*,#3599,.T.);
#1824=ORIENTED_EDGE('',*,*,#3439,.F.);
#1825=ORIENTED_EDGE('',*,*,#2820,.F.);
#1826=ORIENTED_EDGE('',*,*,#3509,.T.);
#1827=ORIENTED_EDGE('',*,*,#3639,.F.);
#1828=ORIENTED_EDGE('',*,*,#3441,.F.);
#1829=ORIENTED_EDGE('',*,*,#3595,.T.);
#1830=ORIENTED_EDGE('',*,*,#3640,.T.);
#1831=ORIENTED_EDGE('',*,*,#2821,.F.);
#1832=ORIENTED_EDGE('',*,*,#3640,.F.);
#1833=ORIENTED_EDGE('',*,*,#3597,.F.);
#1834=ORIENTED_EDGE('',*,*,#3641,.T.);
#1835=ORIENTED_EDGE('',*,*,#3413,.F.);
#1836=ORIENTED_EDGE('',*,*,#3642,.T.);
#1837=ORIENTED_EDGE('',*,*,#3520,.T.);
#1838=ORIENTED_EDGE('',*,*,#2822,.F.);
#1839=ORIENTED_EDGE('',*,*,#3641,.F.);
#1840=ORIENTED_EDGE('',*,*,#3596,.T.);
#1841=ORIENTED_EDGE('',*,*,#3443,.F.);
#1842=ORIENTED_EDGE('',*,*,#2824,.T.);
#1843=ORIENTED_EDGE('',*,*,#3519,.F.);
#1844=ORIENTED_EDGE('',*,*,#3643,.F.);
#1845=ORIENTED_EDGE('',*,*,#3445,.T.);
#1846=ORIENTED_EDGE('',*,*,#3644,.F.);
#1847=ORIENTED_EDGE('',*,*,#3427,.T.);
#1848=ORIENTED_EDGE('',*,*,#3645,.T.);
#1849=ORIENTED_EDGE('',*,*,#3524,.F.);
#1850=ORIENTED_EDGE('',*,*,#2836,.T.);
#1851=ORIENTED_EDGE('',*,*,#3429,.F.);
#1852=ORIENTED_EDGE('',*,*,#3646,.F.);
#1853=ORIENTED_EDGE('',*,*,#3447,.T.);
#1854=ORIENTED_EDGE('',*,*,#2838,.F.);
#1855=ORIENTED_EDGE('',*,*,#3523,.T.);
#1856=ORIENTED_EDGE('',*,*,#3647,.F.);
#1857=ORIENTED_EDGE('',*,*,#3465,.F.);
#1858=ORIENTED_EDGE('',*,*,#3648,.T.);
#1859=ORIENTED_EDGE('',*,*,#3649,.T.);
#1860=ORIENTED_EDGE('',*,*,#3650,.T.);
#1861=ORIENTED_EDGE('',*,*,#3594,.T.);
#1862=ORIENTED_EDGE('',*,*,#2839,.F.);
#1863=ORIENTED_EDGE('',*,*,#3649,.F.);
#1864=ORIENTED_EDGE('',*,*,#3414,.F.);
#1865=ORIENTED_EDGE('',*,*,#2842,.F.);
#1866=ORIENTED_EDGE('',*,*,#3533,.T.);
#1867=ORIENTED_EDGE('',*,*,#3651,.F.);
#1868=ORIENTED_EDGE('',*,*,#3477,.F.);
#1869=ORIENTED_EDGE('',*,*,#3591,.T.);
#1870=ORIENTED_EDGE('',*,*,#3433,.T.);
#1871=ORIENTED_EDGE('',*,*,#3652,.T.);
#1872=ORIENTED_EDGE('',*,*,#3539,.T.);
#1873=ORIENTED_EDGE('',*,*,#2776,.F.);
#1874=ORIENTED_EDGE('',*,*,#3435,.F.);
#1875=ORIENTED_EDGE('',*,*,#3592,.T.);
#1876=ORIENTED_EDGE('',*,*,#3479,.F.);
#1877=ORIENTED_EDGE('',*,*,#2778,.F.);
#1878=ORIENTED_EDGE('',*,*,#3538,.T.);
#1879=ORIENTED_EDGE('',*,*,#3653,.F.);
#1880=ORIENTED_EDGE('',*,*,#3473,.F.);
#1881=ORIENTED_EDGE('',*,*,#3588,.T.);
#1882=ORIENTED_EDGE('',*,*,#3654,.T.);
#1883=ORIENTED_EDGE('',*,*,#3590,.F.);
#1884=ORIENTED_EDGE('',*,*,#3655,.T.);
#1885=ORIENTED_EDGE('',*,*,#2779,.F.);
#1886=ORIENTED_EDGE('',*,*,#3654,.F.);
#1887=ORIENTED_EDGE('',*,*,#3416,.F.);
#1888=ORIENTED_EDGE('',*,*,#3656,.T.);
#1889=ORIENTED_EDGE('',*,*,#3546,.T.);
#1890=ORIENTED_EDGE('',*,*,#2780,.F.);
#1891=ORIENTED_EDGE('',*,*,#3655,.F.);
#1892=ORIENTED_EDGE('',*,*,#3589,.T.);
#1893=ORIENTED_EDGE('',*,*,#3475,.F.);
#1894=ORIENTED_EDGE('',*,*,#3657,.T.);
#1895=ORIENTED_EDGE('',*,*,#3452,.T.);
#1896=ORIENTED_EDGE('',*,*,#3600,.T.);
#1897=ORIENTED_EDGE('',*,*,#3395,.F.);
#1898=ORIENTED_EDGE('',*,*,#3658,.T.);
#1899=ORIENTED_EDGE('',*,*,#3456,.T.);
#1900=ORIENTED_EDGE('',*,*,#3659,.T.);
#1901=ORIENTED_EDGE('',*,*,#3391,.F.);
#1902=ORIENTED_EDGE('',*,*,#3660,.T.);
#1903=ORIENTED_EDGE('',*,*,#3460,.T.);
#1904=ORIENTED_EDGE('',*,*,#3661,.T.);
#1905=ORIENTED_EDGE('',*,*,#3387,.F.);
#1906=ORIENTED_EDGE('',*,*,#3662,.T.);
#1907=ORIENTED_EDGE('',*,*,#3464,.T.);
#1908=ORIENTED_EDGE('',*,*,#3663,.T.);
#1909=ORIENTED_EDGE('',*,*,#3383,.F.);
#1910=ORIENTED_EDGE('',*,*,#3664,.T.);
#1911=ORIENTED_EDGE('',*,*,#3496,.T.);
#1912=ORIENTED_EDGE('',*,*,#3665,.T.);
#1913=ORIENTED_EDGE('',*,*,#3379,.F.);
#1914=ORIENTED_EDGE('',*,*,#3666,.T.);
#1915=ORIENTED_EDGE('',*,*,#3492,.T.);
#1916=ORIENTED_EDGE('',*,*,#3667,.T.);
#1917=ORIENTED_EDGE('',*,*,#3375,.F.);
#1918=ORIENTED_EDGE('',*,*,#3668,.T.);
#1919=ORIENTED_EDGE('',*,*,#3488,.T.);
#1920=ORIENTED_EDGE('',*,*,#3669,.T.);
#1921=ORIENTED_EDGE('',*,*,#3371,.F.);
#1922=ORIENTED_EDGE('',*,*,#3670,.F.);
#1923=ORIENTED_EDGE('',*,*,#3578,.T.);
#1924=ORIENTED_EDGE('',*,*,#3671,.F.);
#1925=ORIENTED_EDGE('',*,*,#3672,.T.);
#1926=ORIENTED_EDGE('',*,*,#3673,.T.);
#1927=ORIENTED_EDGE('',*,*,#3548,.T.);
#1928=ORIENTED_EDGE('',*,*,#3674,.F.);
#1929=ORIENTED_EDGE('',*,*,#3672,.F.);
#1930=ORIENTED_EDGE('',*,*,#3648,.F.);
#1931=ORIENTED_EDGE('',*,*,#3468,.T.);
#1932=ORIENTED_EDGE('',*,*,#3675,.T.);
#1933=ORIENTED_EDGE('',*,*,#3535,.F.);
#1934=ORIENTED_EDGE('',*,*,#3593,.F.);
#1935=ORIENTED_EDGE('',*,*,#3650,.F.);
#1936=ORIENTED_EDGE('',*,*,#3644,.T.);
#1937=ORIENTED_EDGE('',*,*,#3448,.T.);
#1938=ORIENTED_EDGE('',*,*,#3646,.T.);
#1939=ORIENTED_EDGE('',*,*,#3428,.T.);
#1940=ORIENTED_EDGE('',*,*,#3631,.T.);
#1941=ORIENTED_EDGE('',*,*,#3500,.T.);
#1942=ORIENTED_EDGE('',*,*,#3636,.T.);
#1943=ORIENTED_EDGE('',*,*,#3633,.F.);
#1944=ORIENTED_EDGE('',*,*,#3378,.T.);
#1945=ORIENTED_EDGE('',*,*,#3532,.T.);
#1946=ORIENTED_EDGE('',*,*,#3536,.T.);
#1947=ORIENTED_EDGE('',*,*,#3675,.F.);
#1948=ORIENTED_EDGE('',*,*,#3467,.F.);
#1949=ORIENTED_EDGE('',*,*,#3569,.T.);
#1950=ORIENTED_EDGE('',*,*,#3493,.F.);
#1951=ORIENTED_EDGE('',*,*,#3664,.F.);
#1952=ORIENTED_EDGE('',*,*,#3630,.T.);
#1953=ORIENTED_EDGE('',*,*,#3549,.T.);
#1954=ORIENTED_EDGE('',*,*,#3673,.F.);
#1955=ORIENTED_EDGE('',*,*,#3671,.T.);
#1956=ORIENTED_EDGE('',*,*,#3577,.F.);
#1957=ORIENTED_EDGE('',*,*,#3553,.T.);
#1958=ORIENTED_EDGE('',*,*,#3368,.T.);
#1959=ORIENTED_EDGE('',*,*,#3581,.F.);
#1960=ORIENTED_EDGE('',*,*,#3483,.F.);
#1961=ORIENTED_EDGE('',*,*,#3576,.T.);
#1962=ORIENTED_EDGE('',*,*,#3674,.T.);
#1963=ORIENTED_EDGE('',*,*,#3547,.T.);
#1964=ORIENTED_EDGE('',*,*,#3656,.F.);
#1965=ORIENTED_EDGE('',*,*,#3573,.T.);
#1966=ORIENTED_EDGE('',*,*,#3485,.F.);
#1967=ORIENTED_EDGE('',*,*,#3668,.F.);
#1968=ORIENTED_EDGE('',*,*,#3370,.T.);
#1969=ORIENTED_EDGE('',*,*,#3555,.T.);
#1970=ORIENTED_EDGE('',*,*,#3579,.T.);
#1971=ORIENTED_EDGE('',*,*,#3670,.T.);
#1972=ORIENTED_EDGE('',*,*,#3653,.T.);
#1973=ORIENTED_EDGE('',*,*,#3542,.T.);
#1974=ORIENTED_EDGE('',*,*,#3543,.T.);
#1975=ORIENTED_EDGE('',*,*,#3372,.T.);
#1976=ORIENTED_EDGE('',*,*,#3669,.F.);
#1977=ORIENTED_EDGE('',*,*,#3487,.F.);
#1978=ORIENTED_EDGE('',*,*,#3574,.T.);
#1979=ORIENTED_EDGE('',*,*,#3544,.T.);
#1980=ORIENTED_EDGE('',*,*,#3540,.T.);
#1981=ORIENTED_EDGE('',*,*,#3652,.F.);
#1982=ORIENTED_EDGE('',*,*,#3571,.T.);
#1983=ORIENTED_EDGE('',*,*,#3489,.F.);
#1984=ORIENTED_EDGE('',*,*,#3666,.F.);
#1985=ORIENTED_EDGE('',*,*,#3374,.T.);
#1986=ORIENTED_EDGE('',*,*,#3537,.T.);
#1987=ORIENTED_EDGE('',*,*,#3530,.T.);
#1988=ORIENTED_EDGE('',*,*,#3376,.T.);
#1989=ORIENTED_EDGE('',*,*,#3667,.F.);
#1990=ORIENTED_EDGE('',*,*,#3491,.F.);
#1991=ORIENTED_EDGE('',*,*,#3572,.T.);
#1992=ORIENTED_EDGE('',*,*,#3651,.T.);
#1993=ORIENTED_EDGE('',*,*,#3647,.T.);
#1994=ORIENTED_EDGE('',*,*,#3527,.T.);
#1995=ORIENTED_EDGE('',*,*,#3528,.T.);
#1996=ORIENTED_EDGE('',*,*,#3380,.T.);
#1997=ORIENTED_EDGE('',*,*,#3665,.F.);
#1998=ORIENTED_EDGE('',*,*,#3495,.F.);
#1999=ORIENTED_EDGE('',*,*,#3570,.T.);
#2000=ORIENTED_EDGE('',*,*,#3529,.F.);
#2001=ORIENTED_EDGE('',*,*,#3525,.F.);
#2002=ORIENTED_EDGE('',*,*,#3645,.F.);
#2003=ORIENTED_EDGE('',*,*,#3567,.T.);
#2004=ORIENTED_EDGE('',*,*,#3461,.T.);
#2005=ORIENTED_EDGE('',*,*,#3662,.F.);
#2006=ORIENTED_EDGE('',*,*,#3382,.F.);
#2007=ORIENTED_EDGE('',*,*,#3522,.F.);
#2008=ORIENTED_EDGE('',*,*,#3516,.F.);
#2009=ORIENTED_EDGE('',*,*,#3384,.F.);
#2010=ORIENTED_EDGE('',*,*,#3663,.F.);
#2011=ORIENTED_EDGE('',*,*,#3463,.T.);
#2012=ORIENTED_EDGE('',*,*,#3568,.T.);
#2013=ORIENTED_EDGE('',*,*,#3643,.T.);
#2014=ORIENTED_EDGE('',*,*,#3386,.T.);
#2015=ORIENTED_EDGE('',*,*,#3518,.T.);
#2016=ORIENTED_EDGE('',*,*,#3521,.T.);
#2017=ORIENTED_EDGE('',*,*,#3642,.F.);
#2018=ORIENTED_EDGE('',*,*,#3565,.T.);
#2019=ORIENTED_EDGE('',*,*,#3457,.F.);
#2020=ORIENTED_EDGE('',*,*,#3660,.F.);
#2021=ORIENTED_EDGE('',*,*,#3639,.T.);
#2022=ORIENTED_EDGE('',*,*,#3513,.T.);
#2023=ORIENTED_EDGE('',*,*,#3514,.T.);
#2024=ORIENTED_EDGE('',*,*,#3388,.T.);
#2025=ORIENTED_EDGE('',*,*,#3661,.F.);
#2026=ORIENTED_EDGE('',*,*,#3459,.F.);
#2027=ORIENTED_EDGE('',*,*,#3566,.T.);
#2028=ORIENTED_EDGE('',*,*,#3515,.T.);
#2029=ORIENTED_EDGE('',*,*,#3511,.T.);
#2030=ORIENTED_EDGE('',*,*,#3638,.F.);
#2031=ORIENTED_EDGE('',*,*,#3563,.T.);
#2032=ORIENTED_EDGE('',*,*,#3453,.F.);
#2033=ORIENTED_EDGE('',*,*,#3658,.F.);
#2034=ORIENTED_EDGE('',*,*,#3390,.T.);
#2035=ORIENTED_EDGE('',*,*,#3637,.T.);
#2036=ORIENTED_EDGE('',*,*,#3506,.T.);
#2037=ORIENTED_EDGE('',*,*,#3507,.T.);
#2038=ORIENTED_EDGE('',*,*,#3392,.T.);
#2039=ORIENTED_EDGE('',*,*,#3659,.F.);
#2040=ORIENTED_EDGE('',*,*,#3455,.F.);
#2041=ORIENTED_EDGE('',*,*,#3564,.T.);
#2042=ORIENTED_EDGE('',*,*,#3508,.F.);
#2043=ORIENTED_EDGE('',*,*,#3504,.F.);
#2044=ORIENTED_EDGE('',*,*,#3635,.F.);
#2045=ORIENTED_EDGE('',*,*,#3562,.T.);
#2046=ORIENTED_EDGE('',*,*,#3449,.T.);
#2047=ORIENTED_EDGE('',*,*,#3657,.F.);
#2048=ORIENTED_EDGE('',*,*,#3394,.F.);
#2049=ORIENTED_EDGE('',*,*,#3431,.F.);
#2050=ORIENTED_EDGE('',*,*,#3676,.T.);
#2051=ORIENTED_EDGE('',*,*,#3677,.T.);
#2052=ORIENTED_EDGE('',*,*,#3678,.T.);
#2053=ORIENTED_EDGE('',*,*,#3679,.F.);
#2054=ORIENTED_EDGE('',*,*,#3680,.F.);
#2055=ORIENTED_EDGE('',*,*,#3679,.T.);
#2056=ORIENTED_EDGE('',*,*,#3681,.T.);
#2057=ORIENTED_EDGE('',*,*,#2845,.F.);
#2058=ORIENTED_EDGE('',*,*,#3682,.T.);
#2059=ORIENTED_EDGE('',*,*,#2773,.T.);
#2060=ORIENTED_EDGE('',*,*,#3683,.T.);
#2061=ORIENTED_EDGE('',*,*,#3677,.F.);
#2062=ORIENTED_EDGE('',*,*,#3684,.T.);
#2063=ORIENTED_EDGE('',*,*,#3678,.F.);
#2064=ORIENTED_EDGE('',*,*,#3685,.T.);
#2065=ORIENTED_EDGE('',*,*,#3686,.F.);
#2066=ORIENTED_EDGE('',*,*,#3687,.F.);
#2067=ORIENTED_EDGE('',*,*,#3436,.F.);
#2068=ORIENTED_EDGE('',*,*,#2774,.T.);
#2069=ORIENTED_EDGE('',*,*,#3684,.F.);
#2070=ORIENTED_EDGE('',*,*,#3676,.F.);
#2071=ORIENTED_EDGE('',*,*,#3432,.F.);
#2072=ORIENTED_EDGE('',*,*,#3680,.T.);
#2073=ORIENTED_EDGE('',*,*,#3682,.F.);
#2074=ORIENTED_EDGE('',*,*,#2844,.F.);
#2075=ORIENTED_EDGE('',*,*,#3683,.F.);
#2076=ORIENTED_EDGE('',*,*,#2772,.T.);
#2077=ORIENTED_EDGE('',*,*,#3688,.F.);
#2078=ORIENTED_EDGE('',*,*,#3685,.F.);
#2079=ORIENTED_EDGE('',*,*,#3681,.F.);
#2080=ORIENTED_EDGE('',*,*,#3687,.T.);
#2081=ORIENTED_EDGE('',*,*,#3689,.T.);
#2082=ORIENTED_EDGE('',*,*,#2846,.F.);
#2083=ORIENTED_EDGE('',*,*,#3688,.T.);
#2084=ORIENTED_EDGE('',*,*,#2771,.T.);
#2085=ORIENTED_EDGE('',*,*,#3287,.T.);
#2086=ORIENTED_EDGE('',*,*,#3690,.T.);
#2087=ORIENTED_EDGE('',*,*,#3691,.F.);
#2088=ORIENTED_EDGE('',*,*,#3692,.F.);
#2089=ORIENTED_EDGE('',*,*,#3693,.F.);
#2090=ORIENTED_EDGE('',*,*,#3694,.F.);
#2091=ORIENTED_EDGE('',*,*,#3695,.F.);
#2092=ORIENTED_EDGE('',*,*,#3696,.T.);
#2093=ORIENTED_EDGE('',*,*,#3692,.T.);
#2094=ORIENTED_EDGE('',*,*,#3690,.F.);
#2095=ORIENTED_EDGE('',*,*,#3289,.T.);
#2096=ORIENTED_EDGE('',*,*,#3697,.T.);
#2097=ORIENTED_EDGE('',*,*,#3698,.F.);
#2098=ORIENTED_EDGE('',*,*,#3697,.F.);
#2099=ORIENTED_EDGE('',*,*,#3288,.F.);
#2100=ORIENTED_EDGE('',*,*,#2848,.F.);
#2101=ORIENTED_EDGE('',*,*,#2847,.F.);
#2102=ORIENTED_EDGE('',*,*,#3689,.F.);
#2103=ORIENTED_EDGE('',*,*,#3699,.T.);
#2104=ORIENTED_EDGE('',*,*,#3700,.T.);
#2105=ORIENTED_EDGE('',*,*,#3695,.T.);
#2106=ORIENTED_EDGE('',*,*,#3701,.F.);
#2107=ORIENTED_EDGE('',*,*,#3686,.T.);
#2108=ORIENTED_EDGE('',*,*,#3693,.T.);
#2109=ORIENTED_EDGE('',*,*,#3696,.F.);
#2110=ORIENTED_EDGE('',*,*,#3700,.F.);
#2111=ORIENTED_EDGE('',*,*,#3699,.F.);
#2112=ORIENTED_EDGE('',*,*,#3694,.T.);
#2113=ORIENTED_EDGE('',*,*,#3691,.T.);
#2114=ORIENTED_EDGE('',*,*,#3698,.T.);
#2115=ORIENTED_EDGE('',*,*,#3701,.T.);
#2116=ORIENTED_EDGE('',*,*,#3702,.T.);
#2117=ORIENTED_EDGE('',*,*,#3623,.T.);
#2118=ORIENTED_EDGE('',*,*,#3622,.F.);
#2119=ORIENTED_EDGE('',*,*,#3621,.T.);
#2120=ORIENTED_EDGE('',*,*,#3703,.F.);
#2121=ORIENTED_EDGE('',*,*,#3704,.T.);
#2122=ORIENTED_EDGE('',*,*,#3703,.T.);
#2123=ORIENTED_EDGE('',*,*,#3620,.T.);
#2124=ORIENTED_EDGE('',*,*,#3312,.F.);
#2125=ORIENTED_EDGE('',*,*,#3705,.F.);
#2126=ORIENTED_EDGE('',*,*,#3706,.T.);
#2127=ORIENTED_EDGE('',*,*,#3707,.T.);
#2128=ORIENTED_EDGE('',*,*,#3310,.T.);
#2129=ORIENTED_EDGE('',*,*,#3618,.T.);
#2130=ORIENTED_EDGE('',*,*,#3702,.F.);
#2131=ORIENTED_EDGE('',*,*,#3708,.F.);
#2132=ORIENTED_EDGE('',*,*,#3709,.T.);
#2133=ORIENTED_EDGE('',*,*,#3710,.T.);
#2134=ORIENTED_EDGE('',*,*,#3304,.F.);
#2135=ORIENTED_EDGE('',*,*,#3430,.T.);
#2136=ORIENTED_EDGE('',*,*,#3307,.T.);
#2137=ORIENTED_EDGE('',*,*,#3316,.T.);
#2138=ORIENTED_EDGE('',*,*,#3711,.T.);
#2139=ORIENTED_EDGE('',*,*,#3300,.F.);
#2140=ORIENTED_EDGE('',*,*,#3712,.F.);
#2141=ORIENTED_EDGE('',*,*,#3706,.F.);
#2142=ORIENTED_EDGE('',*,*,#3713,.F.);
#2143=ORIENTED_EDGE('',*,*,#3709,.F.);
#2144=ORIENTED_EDGE('',*,*,#3403,.F.);
#2145=ORIENTED_EDGE('',*,*,#3400,.F.);
#2146=ORIENTED_EDGE('',*,*,#3714,.T.);
#2147=ORIENTED_EDGE('',*,*,#3297,.T.);
#2148=ORIENTED_EDGE('',*,*,#3710,.F.);
#2149=ORIENTED_EDGE('',*,*,#3713,.T.);
#2150=ORIENTED_EDGE('',*,*,#3705,.T.);
#2151=ORIENTED_EDGE('',*,*,#3311,.F.);
#2152=ORIENTED_EDGE('',*,*,#3704,.F.);
#2153=ORIENTED_EDGE('',*,*,#3707,.F.);
#2154=ORIENTED_EDGE('',*,*,#3712,.T.);
#2155=ORIENTED_EDGE('',*,*,#3708,.T.);
#2156=ORIENTED_EDGE('',*,*,#3711,.F.);
#2157=ORIENTED_EDGE('',*,*,#3302,.T.);
#2158=ORIENTED_EDGE('',*,*,#3714,.F.);
#2159=ORIENTED_EDGE('',*,*,#3315,.F.);
#2160=ORIENTED_EDGE('',*,*,#3715,.T.);
#2161=ORIENTED_EDGE('',*,*,#3629,.T.);
#2162=ORIENTED_EDGE('',*,*,#3716,.F.);
#2163=ORIENTED_EDGE('',*,*,#3627,.T.);
#2164=ORIENTED_EDGE('',*,*,#3717,.F.);
#2165=ORIENTED_EDGE('',*,*,#3718,.T.);
#2166=ORIENTED_EDGE('',*,*,#3717,.T.);
#2167=ORIENTED_EDGE('',*,*,#3626,.T.);
#2168=ORIENTED_EDGE('',*,*,#3343,.F.);
#2169=ORIENTED_EDGE('',*,*,#3719,.F.);
#2170=ORIENTED_EDGE('',*,*,#3720,.T.);
#2171=ORIENTED_EDGE('',*,*,#3721,.T.);
#2172=ORIENTED_EDGE('',*,*,#3341,.T.);
#2173=ORIENTED_EDGE('',*,*,#3624,.T.);
#2174=ORIENTED_EDGE('',*,*,#3715,.F.);
#2175=ORIENTED_EDGE('',*,*,#3722,.F.);
#2176=ORIENTED_EDGE('',*,*,#3723,.T.);
#2177=ORIENTED_EDGE('',*,*,#3724,.T.);
#2178=ORIENTED_EDGE('',*,*,#3716,.T.);
#2179=ORIENTED_EDGE('',*,*,#3628,.T.);
#2180=ORIENTED_EDGE('',*,*,#3725,.T.);
#2181=ORIENTED_EDGE('',*,*,#3328,.T.);
#2182=ORIENTED_EDGE('',*,*,#3726,.T.);
#2183=ORIENTED_EDGE('',*,*,#3325,.T.);
#2184=ORIENTED_EDGE('',*,*,#3727,.F.);
#2185=ORIENTED_EDGE('',*,*,#3720,.F.);
#2186=ORIENTED_EDGE('',*,*,#3728,.F.);
#2187=ORIENTED_EDGE('',*,*,#3723,.F.);
#2188=ORIENTED_EDGE('',*,*,#3729,.T.);
#2189=ORIENTED_EDGE('',*,*,#3331,.T.);
#2190=ORIENTED_EDGE('',*,*,#3330,.T.);
#2191=ORIENTED_EDGE('',*,*,#3730,.F.);
#2192=ORIENTED_EDGE('',*,*,#3323,.F.);
#2193=ORIENTED_EDGE('',*,*,#3327,.F.);
#2194=ORIENTED_EDGE('',*,*,#3320,.T.);
#2195=ORIENTED_EDGE('',*,*,#3326,.T.);
#2196=ORIENTED_EDGE('',*,*,#3726,.F.);
#2197=ORIENTED_EDGE('',*,*,#3324,.F.);
#2198=ORIENTED_EDGE('',*,*,#3730,.T.);
#2199=ORIENTED_EDGE('',*,*,#3329,.T.);
#2200=ORIENTED_EDGE('',*,*,#3725,.F.);
#2201=ORIENTED_EDGE('',*,*,#3724,.F.);
#2202=ORIENTED_EDGE('',*,*,#3728,.T.);
#2203=ORIENTED_EDGE('',*,*,#3719,.T.);
#2204=ORIENTED_EDGE('',*,*,#3342,.F.);
#2205=ORIENTED_EDGE('',*,*,#3718,.F.);
#2206=ORIENTED_EDGE('',*,*,#3721,.F.);
#2207=ORIENTED_EDGE('',*,*,#3727,.T.);
#2208=ORIENTED_EDGE('',*,*,#3722,.T.);
#2209=ORIENTED_EDGE('',*,*,#3423,.F.);
#2210=ORIENTED_EDGE('',*,*,#3348,.T.);
#2211=ORIENTED_EDGE('',*,*,#3335,.T.);
#2212=ORIENTED_EDGE('',*,*,#3731,.F.);
#2213=ORIENTED_EDGE('',*,*,#3338,.F.);
#2214=ORIENTED_EDGE('',*,*,#3346,.F.);
#2215=ORIENTED_EDGE('',*,*,#3349,.F.);
#2216=ORIENTED_EDGE('',*,*,#3731,.T.);
#2217=ORIENTED_EDGE('',*,*,#3350,.T.);
#2218=ORIENTED_EDGE('',*,*,#3729,.F.);
#2219=ORIENTED_EDGE('',*,*,#3417,.F.);
#2220=ORIENTED_EDGE('',*,*,#3732,.T.);
#2221=ORIENTED_EDGE('',*,*,#3733,.T.);
#2222=ORIENTED_EDGE('',*,*,#3734,.T.);
#2223=ORIENTED_EDGE('',*,*,#3735,.F.);
#2224=ORIENTED_EDGE('',*,*,#3736,.F.);
#2225=ORIENTED_EDGE('',*,*,#2791,.T.);
#2226=ORIENTED_EDGE('',*,*,#3737,.T.);
#2227=ORIENTED_EDGE('',*,*,#3733,.F.);
#2228=ORIENTED_EDGE('',*,*,#3738,.T.);
#2229=ORIENTED_EDGE('',*,*,#3735,.T.);
#2230=ORIENTED_EDGE('',*,*,#3739,.T.);
#2231=ORIENTED_EDGE('',*,*,#2785,.F.);
#2232=ORIENTED_EDGE('',*,*,#3740,.T.);
#2233=ORIENTED_EDGE('',*,*,#3734,.F.);
#2234=ORIENTED_EDGE('',*,*,#3741,.T.);
#2235=ORIENTED_EDGE('',*,*,#3742,.F.);
#2236=ORIENTED_EDGE('',*,*,#3743,.F.);
#2237=ORIENTED_EDGE('',*,*,#3422,.F.);
#2238=ORIENTED_EDGE('',*,*,#2792,.T.);
#2239=ORIENTED_EDGE('',*,*,#3738,.F.);
#2240=ORIENTED_EDGE('',*,*,#3732,.F.);
#2241=ORIENTED_EDGE('',*,*,#3418,.F.);
#2242=ORIENTED_EDGE('',*,*,#3736,.T.);
#2243=ORIENTED_EDGE('',*,*,#3740,.F.);
#2244=ORIENTED_EDGE('',*,*,#2784,.F.);
#2245=ORIENTED_EDGE('',*,*,#3739,.F.);
#2246=ORIENTED_EDGE('',*,*,#3743,.T.);
#2247=ORIENTED_EDGE('',*,*,#3744,.F.);
#2248=ORIENTED_EDGE('',*,*,#2786,.F.);
#2249=ORIENTED_EDGE('',*,*,#3737,.F.);
#2250=ORIENTED_EDGE('',*,*,#2790,.T.);
#2251=ORIENTED_EDGE('',*,*,#3745,.F.);
#2252=ORIENTED_EDGE('',*,*,#3741,.F.);
#2253=ORIENTED_EDGE('',*,*,#3746,.F.);
#2254=ORIENTED_EDGE('',*,*,#3747,.T.);
#2255=ORIENTED_EDGE('',*,*,#3748,.T.);
#2256=ORIENTED_EDGE('',*,*,#3749,.F.);
#2257=ORIENTED_EDGE('',*,*,#3748,.F.);
#2258=ORIENTED_EDGE('',*,*,#3750,.F.);
#2259=ORIENTED_EDGE('',*,*,#3745,.T.);
#2260=ORIENTED_EDGE('',*,*,#2789,.T.);
#2261=ORIENTED_EDGE('',*,*,#3351,.T.);
#2262=ORIENTED_EDGE('',*,*,#3751,.T.);
#2263=ORIENTED_EDGE('',*,*,#3752,.F.);
#2264=ORIENTED_EDGE('',*,*,#3751,.F.);
#2265=ORIENTED_EDGE('',*,*,#3353,.T.);
#2266=ORIENTED_EDGE('',*,*,#3753,.T.);
#2267=ORIENTED_EDGE('',*,*,#3754,.F.);
#2268=ORIENTED_EDGE('',*,*,#3753,.F.);
#2269=ORIENTED_EDGE('',*,*,#3352,.F.);
#2270=ORIENTED_EDGE('',*,*,#2787,.F.);
#2271=ORIENTED_EDGE('',*,*,#3744,.T.);
#2272=ORIENTED_EDGE('',*,*,#3755,.T.);
#2273=ORIENTED_EDGE('',*,*,#3756,.T.);
#2274=ORIENTED_EDGE('',*,*,#3746,.T.);
#2275=ORIENTED_EDGE('',*,*,#3757,.F.);
#2276=ORIENTED_EDGE('',*,*,#3742,.T.);
#2277=ORIENTED_EDGE('',*,*,#3750,.T.);
#2278=ORIENTED_EDGE('',*,*,#3747,.F.);
#2279=ORIENTED_EDGE('',*,*,#3756,.F.);
#2280=ORIENTED_EDGE('',*,*,#3755,.F.);
#2281=ORIENTED_EDGE('',*,*,#3749,.T.);
#2282=ORIENTED_EDGE('',*,*,#3752,.T.);
#2283=ORIENTED_EDGE('',*,*,#3754,.T.);
#2284=ORIENTED_EDGE('',*,*,#3757,.T.);
#2285=ORIENTED_EDGE('',*,*,#3611,.F.);
#2286=ORIENTED_EDGE('',*,*,#3758,.F.);
#2287=ORIENTED_EDGE('',*,*,#3759,.T.);
#2288=ORIENTED_EDGE('',*,*,#3760,.T.);
#2289=ORIENTED_EDGE('',*,*,#3613,.F.);
#2290=ORIENTED_EDGE('',*,*,#3761,.F.);
#2291=ORIENTED_EDGE('',*,*,#3762,.T.);
#2292=ORIENTED_EDGE('',*,*,#3617,.T.);
#2293=ORIENTED_EDGE('',*,*,#3763,.F.);
#2294=ORIENTED_EDGE('',*,*,#3615,.T.);
#2295=ORIENTED_EDGE('',*,*,#3764,.F.);
#2296=ORIENTED_EDGE('',*,*,#3765,.T.);
#2297=ORIENTED_EDGE('',*,*,#3764,.T.);
#2298=ORIENTED_EDGE('',*,*,#3614,.T.);
#2299=ORIENTED_EDGE('',*,*,#3760,.F.);
#2300=ORIENTED_EDGE('',*,*,#3766,.F.);
#2301=ORIENTED_EDGE('',*,*,#3767,.T.);
#2302=ORIENTED_EDGE('',*,*,#3768,.T.);
#2303=ORIENTED_EDGE('',*,*,#3758,.T.);
#2304=ORIENTED_EDGE('',*,*,#3610,.T.);
#2305=ORIENTED_EDGE('',*,*,#3762,.F.);
#2306=ORIENTED_EDGE('',*,*,#3769,.F.);
#2307=ORIENTED_EDGE('',*,*,#3770,.T.);
#2308=ORIENTED_EDGE('',*,*,#3771,.T.);
#2309=ORIENTED_EDGE('',*,*,#3763,.T.);
#2310=ORIENTED_EDGE('',*,*,#3616,.T.);
#2311=ORIENTED_EDGE('',*,*,#3772,.F.);
#2312=ORIENTED_EDGE('',*,*,#3767,.F.);
#2313=ORIENTED_EDGE('',*,*,#3773,.F.);
#2314=ORIENTED_EDGE('',*,*,#3770,.F.);
#2315=ORIENTED_EDGE('',*,*,#3771,.F.);
#2316=ORIENTED_EDGE('',*,*,#3773,.T.);
#2317=ORIENTED_EDGE('',*,*,#3766,.T.);
#2318=ORIENTED_EDGE('',*,*,#3759,.F.);
#2319=ORIENTED_EDGE('',*,*,#3765,.F.);
#2320=ORIENTED_EDGE('',*,*,#3768,.F.);
#2321=ORIENTED_EDGE('',*,*,#3772,.T.);
#2322=ORIENTED_EDGE('',*,*,#3769,.T.);
#2323=ORIENTED_EDGE('',*,*,#3603,.F.);
#2324=ORIENTED_EDGE('',*,*,#3774,.F.);
#2325=ORIENTED_EDGE('',*,*,#3775,.T.);
#2326=ORIENTED_EDGE('',*,*,#3776,.T.);
#2327=ORIENTED_EDGE('',*,*,#3605,.F.);
#2328=ORIENTED_EDGE('',*,*,#3777,.F.);
#2329=ORIENTED_EDGE('',*,*,#3778,.T.);
#2330=ORIENTED_EDGE('',*,*,#3609,.T.);
#2331=ORIENTED_EDGE('',*,*,#3779,.F.);
#2332=ORIENTED_EDGE('',*,*,#3607,.T.);
#2333=ORIENTED_EDGE('',*,*,#3780,.F.);
#2334=ORIENTED_EDGE('',*,*,#3781,.T.);
#2335=ORIENTED_EDGE('',*,*,#3780,.T.);
#2336=ORIENTED_EDGE('',*,*,#3606,.T.);
#2337=ORIENTED_EDGE('',*,*,#3776,.F.);
#2338=ORIENTED_EDGE('',*,*,#3782,.F.);
#2339=ORIENTED_EDGE('',*,*,#3783,.T.);
#2340=ORIENTED_EDGE('',*,*,#3784,.T.);
#2341=ORIENTED_EDGE('',*,*,#3774,.T.);
#2342=ORIENTED_EDGE('',*,*,#3602,.T.);
#2343=ORIENTED_EDGE('',*,*,#3778,.F.);
#2344=ORIENTED_EDGE('',*,*,#3785,.F.);
#2345=ORIENTED_EDGE('',*,*,#3786,.T.);
#2346=ORIENTED_EDGE('',*,*,#3787,.T.);
#2347=ORIENTED_EDGE('',*,*,#3779,.T.);
#2348=ORIENTED_EDGE('',*,*,#3608,.T.);
#2349=ORIENTED_EDGE('',*,*,#3788,.F.);
#2350=ORIENTED_EDGE('',*,*,#3783,.F.);
#2351=ORIENTED_EDGE('',*,*,#3789,.F.);
#2352=ORIENTED_EDGE('',*,*,#3786,.F.);
#2353=ORIENTED_EDGE('',*,*,#3787,.F.);
#2354=ORIENTED_EDGE('',*,*,#3789,.T.);
#2355=ORIENTED_EDGE('',*,*,#3782,.T.);
#2356=ORIENTED_EDGE('',*,*,#3775,.F.);
#2357=ORIENTED_EDGE('',*,*,#3781,.F.);
#2358=ORIENTED_EDGE('',*,*,#3784,.F.);
#2359=ORIENTED_EDGE('',*,*,#3788,.T.);
#2360=ORIENTED_EDGE('',*,*,#3785,.T.);
#2361=ORIENTED_EDGE('',*,*,#3604,.T.);
#2362=ORIENTED_EDGE('',*,*,#3777,.T.);
#2363=ORIENTED_EDGE('',*,*,#3612,.T.);
#2364=ORIENTED_EDGE('',*,*,#3761,.T.);
#2365=ORIENTED_EDGE('',*,*,#3625,.T.);
#2366=ORIENTED_EDGE('',*,*,#3339,.T.);
#2367=ORIENTED_EDGE('',*,*,#3619,.T.);
#2368=ORIENTED_EDGE('',*,*,#3308,.T.);
#2369=ORIENTED_EDGE('',*,*,#3790,.F.);
#2370=ORIENTED_EDGE('',*,*,#2860,.T.);
#2371=ORIENTED_EDGE('',*,*,#3791,.T.);
#2372=ORIENTED_EDGE('',*,*,#3792,.F.);
#2373=ORIENTED_EDGE('',*,*,#3793,.T.);
#2374=ORIENTED_EDGE('',*,*,#3794,.T.);
#2375=ORIENTED_EDGE('',*,*,#3795,.T.);
#2376=ORIENTED_EDGE('',*,*,#3796,.T.);
#2377=ORIENTED_EDGE('',*,*,#3797,.F.);
#2378=ORIENTED_EDGE('',*,*,#3798,.F.);
#2379=ORIENTED_EDGE('',*,*,#3799,.F.);
#2380=ORIENTED_EDGE('',*,*,#3800,.F.);
#2381=ORIENTED_EDGE('',*,*,#3801,.T.);
#2382=ORIENTED_EDGE('',*,*,#3802,.T.);
#2383=ORIENTED_EDGE('',*,*,#3803,.T.);
#2384=ORIENTED_EDGE('',*,*,#3804,.F.);
#2385=ORIENTED_EDGE('',*,*,#3805,.F.);
#2386=ORIENTED_EDGE('',*,*,#3806,.F.);
#2387=ORIENTED_EDGE('',*,*,#3803,.F.);
#2388=ORIENTED_EDGE('',*,*,#3802,.F.);
#2389=ORIENTED_EDGE('',*,*,#3807,.T.);
#2390=ORIENTED_EDGE('',*,*,#2861,.T.);
#2391=ORIENTED_EDGE('',*,*,#3790,.T.);
#2392=ORIENTED_EDGE('',*,*,#3808,.T.);
#2393=ORIENTED_EDGE('',*,*,#3796,.F.);
#2394=ORIENTED_EDGE('',*,*,#3809,.F.);
#2395=ORIENTED_EDGE('',*,*,#3804,.T.);
#2396=ORIENTED_EDGE('',*,*,#3806,.T.);
#2397=ORIENTED_EDGE('',*,*,#3795,.F.);
#2398=ORIENTED_EDGE('',*,*,#3810,.F.);
#2399=ORIENTED_EDGE('',*,*,#3791,.F.);
#2400=ORIENTED_EDGE('',*,*,#2869,.F.);
#2401=ORIENTED_EDGE('',*,*,#3811,.T.);
#2402=ORIENTED_EDGE('',*,*,#3805,.T.);
#2403=ORIENTED_EDGE('',*,*,#3809,.T.);
#2404=ORIENTED_EDGE('',*,*,#3794,.F.);
#2405=ORIENTED_EDGE('',*,*,#3808,.F.);
#2406=ORIENTED_EDGE('',*,*,#3792,.T.);
#2407=ORIENTED_EDGE('',*,*,#3810,.T.);
#2408=ORIENTED_EDGE('',*,*,#3793,.F.);
#2409=ORIENTED_EDGE('',*,*,#3812,.F.);
#2410=ORIENTED_EDGE('',*,*,#2867,.F.);
#2411=ORIENTED_EDGE('',*,*,#3813,.T.);
#2412=ORIENTED_EDGE('',*,*,#3814,.T.);
#2413=ORIENTED_EDGE('',*,*,#3815,.T.);
#2414=ORIENTED_EDGE('',*,*,#3816,.F.);
#2415=ORIENTED_EDGE('',*,*,#3817,.F.);
#2416=ORIENTED_EDGE('',*,*,#3818,.T.);
#2417=ORIENTED_EDGE('',*,*,#2863,.T.);
#2418=ORIENTED_EDGE('',*,*,#3819,.F.);
#2419=ORIENTED_EDGE('',*,*,#3799,.T.);
#2420=ORIENTED_EDGE('',*,*,#3820,.T.);
#2421=ORIENTED_EDGE('',*,*,#3821,.F.);
#2422=ORIENTED_EDGE('',*,*,#3822,.F.);
#2423=ORIENTED_EDGE('',*,*,#3823,.F.);
#2424=ORIENTED_EDGE('',*,*,#3797,.T.);
#2425=ORIENTED_EDGE('',*,*,#3824,.T.);
#2426=ORIENTED_EDGE('',*,*,#3825,.F.);
#2427=ORIENTED_EDGE('',*,*,#3821,.T.);
#2428=ORIENTED_EDGE('',*,*,#3826,.T.);
#2429=ORIENTED_EDGE('',*,*,#3827,.F.);
#2430=ORIENTED_EDGE('',*,*,#2865,.F.);
#2431=ORIENTED_EDGE('',*,*,#3828,.F.);
#2432=ORIENTED_EDGE('',*,*,#3822,.T.);
#2433=ORIENTED_EDGE('',*,*,#3829,.T.);
#2434=ORIENTED_EDGE('',*,*,#3830,.F.);
#2435=ORIENTED_EDGE('',*,*,#3826,.F.);
#2436=ORIENTED_EDGE('',*,*,#3820,.F.);
#2437=ORIENTED_EDGE('',*,*,#3798,.T.);
#2438=ORIENTED_EDGE('',*,*,#3823,.T.);
#2439=ORIENTED_EDGE('',*,*,#3828,.T.);
#2440=ORIENTED_EDGE('',*,*,#2864,.T.);
#2441=ORIENTED_EDGE('',*,*,#3818,.F.);
#2442=ORIENTED_EDGE('',*,*,#3815,.F.);
#2443=ORIENTED_EDGE('',*,*,#3831,.T.);
#2444=ORIENTED_EDGE('',*,*,#3832,.T.);
#2445=ORIENTED_EDGE('',*,*,#3801,.F.);
#2446=ORIENTED_EDGE('',*,*,#3833,.F.);
#2447=ORIENTED_EDGE('',*,*,#2866,.F.);
#2448=ORIENTED_EDGE('',*,*,#3829,.F.);
#2449=ORIENTED_EDGE('',*,*,#3824,.F.);
#2450=ORIENTED_EDGE('',*,*,#3800,.T.);
#2451=ORIENTED_EDGE('',*,*,#3819,.T.);
#2452=ORIENTED_EDGE('',*,*,#3825,.T.);
#2453=ORIENTED_EDGE('',*,*,#3834,.T.);
#2454=ORIENTED_EDGE('',*,*,#3813,.F.);
#2455=ORIENTED_EDGE('',*,*,#3832,.F.);
#2456=ORIENTED_EDGE('',*,*,#3816,.T.);
#2457=ORIENTED_EDGE('',*,*,#2862,.T.);
#2458=ORIENTED_EDGE('',*,*,#3807,.F.);
#2459=ORIENTED_EDGE('',*,*,#2868,.F.);
#2460=ORIENTED_EDGE('',*,*,#3812,.T.);
#2461=ORIENTED_EDGE('',*,*,#3833,.T.);
#2462=ORIENTED_EDGE('',*,*,#3811,.F.);
#2463=ORIENTED_EDGE('',*,*,#3831,.F.);
#2464=ORIENTED_EDGE('',*,*,#3814,.F.);
#2465=ORIENTED_EDGE('',*,*,#3834,.F.);
#2466=ORIENTED_EDGE('',*,*,#3827,.T.);
#2467=ORIENTED_EDGE('',*,*,#3830,.T.);
#2468=ORIENTED_EDGE('',*,*,#3817,.T.);
#2469=ORIENTED_EDGE('',*,*,#3835,.F.);
#2470=ORIENTED_EDGE('',*,*,#2761,.T.);
#2471=ORIENTED_EDGE('',*,*,#3836,.T.);
#2472=ORIENTED_EDGE('',*,*,#3837,.F.);
#2473=ORIENTED_EDGE('',*,*,#3838,.T.);
#2474=ORIENTED_EDGE('',*,*,#3839,.T.);
#2475=ORIENTED_EDGE('',*,*,#3840,.T.);
#2476=ORIENTED_EDGE('',*,*,#3841,.T.);
#2477=ORIENTED_EDGE('',*,*,#3842,.F.);
#2478=ORIENTED_EDGE('',*,*,#3843,.F.);
#2479=ORIENTED_EDGE('',*,*,#3844,.F.);
#2480=ORIENTED_EDGE('',*,*,#3845,.F.);
#2481=ORIENTED_EDGE('',*,*,#3846,.T.);
#2482=ORIENTED_EDGE('',*,*,#3847,.T.);
#2483=ORIENTED_EDGE('',*,*,#3848,.T.);
#2484=ORIENTED_EDGE('',*,*,#3849,.F.);
#2485=ORIENTED_EDGE('',*,*,#3850,.F.);
#2486=ORIENTED_EDGE('',*,*,#3851,.F.);
#2487=ORIENTED_EDGE('',*,*,#3837,.T.);
#2488=ORIENTED_EDGE('',*,*,#3852,.T.);
#2489=ORIENTED_EDGE('',*,*,#3840,.F.);
#2490=ORIENTED_EDGE('',*,*,#3853,.F.);
#2491=ORIENTED_EDGE('',*,*,#3848,.F.);
#2492=ORIENTED_EDGE('',*,*,#3847,.F.);
#2493=ORIENTED_EDGE('',*,*,#3854,.F.);
#2494=ORIENTED_EDGE('',*,*,#2762,.T.);
#2495=ORIENTED_EDGE('',*,*,#3835,.T.);
#2496=ORIENTED_EDGE('',*,*,#3851,.T.);
#2497=ORIENTED_EDGE('',*,*,#3839,.F.);
#2498=ORIENTED_EDGE('',*,*,#3838,.F.);
#2499=ORIENTED_EDGE('',*,*,#3855,.F.);
#2500=ORIENTED_EDGE('',*,*,#3849,.T.);
#2501=ORIENTED_EDGE('',*,*,#3853,.T.);
#2502=ORIENTED_EDGE('',*,*,#3856,.T.);
#2503=ORIENTED_EDGE('',*,*,#3850,.T.);
#2504=ORIENTED_EDGE('',*,*,#3855,.T.);
#2505=ORIENTED_EDGE('',*,*,#3841,.F.);
#2506=ORIENTED_EDGE('',*,*,#3852,.F.);
#2507=ORIENTED_EDGE('',*,*,#3836,.F.);
#2508=ORIENTED_EDGE('',*,*,#2770,.F.);
#2509=ORIENTED_EDGE('',*,*,#3857,.F.);
#2510=ORIENTED_EDGE('',*,*,#3858,.F.);
#2511=ORIENTED_EDGE('',*,*,#3859,.T.);
#2512=ORIENTED_EDGE('',*,*,#2764,.T.);
#2513=ORIENTED_EDGE('',*,*,#3860,.F.);
#2514=ORIENTED_EDGE('',*,*,#2768,.F.);
#2515=ORIENTED_EDGE('',*,*,#3861,.T.);
#2516=ORIENTED_EDGE('',*,*,#3862,.T.);
#2517=ORIENTED_EDGE('',*,*,#3863,.F.);
#2518=ORIENTED_EDGE('',*,*,#3844,.T.);
#2519=ORIENTED_EDGE('',*,*,#3864,.T.);
#2520=ORIENTED_EDGE('',*,*,#3865,.F.);
#2521=ORIENTED_EDGE('',*,*,#3866,.F.);
#2522=ORIENTED_EDGE('',*,*,#3867,.F.);
#2523=ORIENTED_EDGE('',*,*,#3842,.T.);
#2524=ORIENTED_EDGE('',*,*,#3868,.T.);
#2525=ORIENTED_EDGE('',*,*,#3869,.F.);
#2526=ORIENTED_EDGE('',*,*,#3865,.T.);
#2527=ORIENTED_EDGE('',*,*,#3870,.T.);
#2528=ORIENTED_EDGE('',*,*,#2766,.F.);
#2529=ORIENTED_EDGE('',*,*,#3871,.F.);
#2530=ORIENTED_EDGE('',*,*,#3872,.F.);
#2531=ORIENTED_EDGE('',*,*,#3866,.T.);
#2532=ORIENTED_EDGE('',*,*,#3873,.T.);
#2533=ORIENTED_EDGE('',*,*,#2767,.F.);
#2534=ORIENTED_EDGE('',*,*,#3870,.F.);
#2535=ORIENTED_EDGE('',*,*,#3864,.F.);
#2536=ORIENTED_EDGE('',*,*,#3843,.T.);
#2537=ORIENTED_EDGE('',*,*,#3867,.T.);
#2538=ORIENTED_EDGE('',*,*,#3872,.T.);
#2539=ORIENTED_EDGE('',*,*,#3874,.T.);
#2540=ORIENTED_EDGE('',*,*,#3861,.F.);
#2541=ORIENTED_EDGE('',*,*,#3875,.F.);
#2542=ORIENTED_EDGE('',*,*,#3873,.F.);
#2543=ORIENTED_EDGE('',*,*,#3868,.F.);
#2544=ORIENTED_EDGE('',*,*,#3845,.T.);
#2545=ORIENTED_EDGE('',*,*,#3863,.T.);
#2546=ORIENTED_EDGE('',*,*,#3869,.T.);
#2547=ORIENTED_EDGE('',*,*,#2765,.T.);
#2548=ORIENTED_EDGE('',*,*,#3859,.F.);
#2549=ORIENTED_EDGE('',*,*,#3876,.F.);
#2550=ORIENTED_EDGE('',*,*,#3862,.F.);
#2551=ORIENTED_EDGE('',*,*,#3874,.F.);
#2552=ORIENTED_EDGE('',*,*,#3871,.T.);
#2553=ORIENTED_EDGE('',*,*,#3875,.T.);
#2554=ORIENTED_EDGE('',*,*,#3858,.T.);
#2555=ORIENTED_EDGE('',*,*,#2769,.F.);
#2556=ORIENTED_EDGE('',*,*,#3860,.T.);
#2557=ORIENTED_EDGE('',*,*,#3877,.T.);
#2558=ORIENTED_EDGE('',*,*,#3856,.F.);
#2559=ORIENTED_EDGE('',*,*,#3878,.F.);
#2560=ORIENTED_EDGE('',*,*,#3857,.T.);
#2561=ORIENTED_EDGE('',*,*,#2763,.T.);
#2562=ORIENTED_EDGE('',*,*,#3854,.T.);
#2563=ORIENTED_EDGE('',*,*,#3877,.F.);
#2564=ORIENTED_EDGE('',*,*,#3876,.T.);
#2565=ORIENTED_EDGE('',*,*,#3878,.T.);
#2566=ORIENTED_EDGE('',*,*,#3846,.F.);
#2567=ORIENTED_EDGE('',*,*,#3879,.F.);
#2568=ORIENTED_EDGE('',*,*,#2879,.T.);
#2569=ORIENTED_EDGE('',*,*,#3880,.T.);
#2570=ORIENTED_EDGE('',*,*,#3881,.F.);
#2571=ORIENTED_EDGE('',*,*,#3882,.T.);
#2572=ORIENTED_EDGE('',*,*,#3883,.T.);
#2573=ORIENTED_EDGE('',*,*,#3884,.T.);
#2574=ORIENTED_EDGE('',*,*,#3885,.T.);
#2575=ORIENTED_EDGE('',*,*,#3886,.F.);
#2576=ORIENTED_EDGE('',*,*,#3887,.F.);
#2577=ORIENTED_EDGE('',*,*,#3888,.F.);
#2578=ORIENTED_EDGE('',*,*,#3889,.F.);
#2579=ORIENTED_EDGE('',*,*,#3890,.T.);
#2580=ORIENTED_EDGE('',*,*,#3891,.T.);
#2581=ORIENTED_EDGE('',*,*,#3892,.F.);
#2582=ORIENTED_EDGE('',*,*,#3893,.F.);
#2583=ORIENTED_EDGE('',*,*,#3894,.F.);
#2584=ORIENTED_EDGE('',*,*,#3895,.F.);
#2585=ORIENTED_EDGE('',*,*,#3891,.F.);
#2586=ORIENTED_EDGE('',*,*,#3896,.T.);
#2587=ORIENTED_EDGE('',*,*,#2870,.T.);
#2588=ORIENTED_EDGE('',*,*,#3879,.T.);
#2589=ORIENTED_EDGE('',*,*,#3897,.T.);
#2590=ORIENTED_EDGE('',*,*,#3885,.F.);
#2591=ORIENTED_EDGE('',*,*,#3898,.F.);
#2592=ORIENTED_EDGE('',*,*,#3892,.T.);
#2593=ORIENTED_EDGE('',*,*,#3895,.T.);
#2594=ORIENTED_EDGE('',*,*,#3884,.F.);
#2595=ORIENTED_EDGE('',*,*,#3899,.F.);
#2596=ORIENTED_EDGE('',*,*,#3880,.F.);
#2597=ORIENTED_EDGE('',*,*,#2878,.F.);
#2598=ORIENTED_EDGE('',*,*,#3900,.T.);
#2599=ORIENTED_EDGE('',*,*,#3894,.T.);
#2600=ORIENTED_EDGE('',*,*,#3893,.T.);
#2601=ORIENTED_EDGE('',*,*,#3898,.T.);
#2602=ORIENTED_EDGE('',*,*,#3883,.F.);
#2603=ORIENTED_EDGE('',*,*,#3897,.F.);
#2604=ORIENTED_EDGE('',*,*,#3881,.T.);
#2605=ORIENTED_EDGE('',*,*,#3899,.T.);
#2606=ORIENTED_EDGE('',*,*,#3882,.F.);
#2607=ORIENTED_EDGE('',*,*,#3901,.F.);
#2608=ORIENTED_EDGE('',*,*,#2876,.F.);
#2609=ORIENTED_EDGE('',*,*,#3902,.T.);
#2610=ORIENTED_EDGE('',*,*,#3903,.T.);
#2611=ORIENTED_EDGE('',*,*,#3904,.F.);
#2612=ORIENTED_EDGE('',*,*,#3905,.F.);
#2613=ORIENTED_EDGE('',*,*,#3906,.T.);
#2614=ORIENTED_EDGE('',*,*,#2872,.T.);
#2615=ORIENTED_EDGE('',*,*,#3907,.F.);
#2616=ORIENTED_EDGE('',*,*,#3888,.T.);
#2617=ORIENTED_EDGE('',*,*,#3908,.T.);
#2618=ORIENTED_EDGE('',*,*,#3909,.F.);
#2619=ORIENTED_EDGE('',*,*,#3910,.F.);
#2620=ORIENTED_EDGE('',*,*,#3911,.F.);
#2621=ORIENTED_EDGE('',*,*,#3886,.T.);
#2622=ORIENTED_EDGE('',*,*,#3912,.T.);
#2623=ORIENTED_EDGE('',*,*,#3913,.F.);
#2624=ORIENTED_EDGE('',*,*,#3909,.T.);
#2625=ORIENTED_EDGE('',*,*,#3914,.T.);
#2626=ORIENTED_EDGE('',*,*,#3915,.F.);
#2627=ORIENTED_EDGE('',*,*,#2874,.F.);
#2628=ORIENTED_EDGE('',*,*,#3916,.F.);
#2629=ORIENTED_EDGE('',*,*,#3910,.T.);
#2630=ORIENTED_EDGE('',*,*,#3917,.T.);
#2631=ORIENTED_EDGE('',*,*,#3918,.F.);
#2632=ORIENTED_EDGE('',*,*,#3914,.F.);
#2633=ORIENTED_EDGE('',*,*,#3908,.F.);
#2634=ORIENTED_EDGE('',*,*,#3887,.T.);
#2635=ORIENTED_EDGE('',*,*,#3911,.T.);
#2636=ORIENTED_EDGE('',*,*,#3916,.T.);
#2637=ORIENTED_EDGE('',*,*,#2873,.T.);
#2638=ORIENTED_EDGE('',*,*,#3906,.F.);
#2639=ORIENTED_EDGE('',*,*,#3919,.F.);
#2640=ORIENTED_EDGE('',*,*,#3903,.F.);
#2641=ORIENTED_EDGE('',*,*,#3920,.F.);
#2642=ORIENTED_EDGE('',*,*,#3915,.T.);
#2643=ORIENTED_EDGE('',*,*,#3918,.T.);
#2644=ORIENTED_EDGE('',*,*,#3905,.T.);
#2645=ORIENTED_EDGE('',*,*,#2875,.F.);
#2646=ORIENTED_EDGE('',*,*,#3917,.F.);
#2647=ORIENTED_EDGE('',*,*,#3912,.F.);
#2648=ORIENTED_EDGE('',*,*,#3889,.T.);
#2649=ORIENTED_EDGE('',*,*,#3907,.T.);
#2650=ORIENTED_EDGE('',*,*,#3913,.T.);
#2651=ORIENTED_EDGE('',*,*,#3920,.T.);
#2652=ORIENTED_EDGE('',*,*,#3902,.F.);
#2653=ORIENTED_EDGE('',*,*,#2877,.F.);
#2654=ORIENTED_EDGE('',*,*,#3901,.T.);
#2655=ORIENTED_EDGE('',*,*,#3921,.T.);
#2656=ORIENTED_EDGE('',*,*,#3900,.F.);
#2657=ORIENTED_EDGE('',*,*,#3922,.F.);
#2658=ORIENTED_EDGE('',*,*,#3904,.T.);
#2659=ORIENTED_EDGE('',*,*,#2871,.T.);
#2660=ORIENTED_EDGE('',*,*,#3896,.F.);
#2661=ORIENTED_EDGE('',*,*,#3921,.F.);
#2662=ORIENTED_EDGE('',*,*,#3919,.T.);
#2663=ORIENTED_EDGE('',*,*,#3922,.T.);
#2664=ORIENTED_EDGE('',*,*,#3890,.F.);
#2665=ORIENTED_EDGE('',*,*,#3923,.F.);
#2666=ORIENTED_EDGE('',*,*,#2852,.T.);
#2667=ORIENTED_EDGE('',*,*,#3924,.T.);
#2668=ORIENTED_EDGE('',*,*,#3925,.F.);
#2669=ORIENTED_EDGE('',*,*,#3926,.T.);
#2670=ORIENTED_EDGE('',*,*,#3927,.T.);
#2671=ORIENTED_EDGE('',*,*,#3928,.T.);
#2672=ORIENTED_EDGE('',*,*,#3929,.T.);
#2673=ORIENTED_EDGE('',*,*,#3930,.F.);
#2674=ORIENTED_EDGE('',*,*,#3931,.F.);
#2675=ORIENTED_EDGE('',*,*,#3932,.F.);
#2676=ORIENTED_EDGE('',*,*,#3933,.F.);
#2677=ORIENTED_EDGE('',*,*,#3934,.T.);
#2678=ORIENTED_EDGE('',*,*,#3935,.T.);
#2679=ORIENTED_EDGE('',*,*,#3936,.F.);
#2680=ORIENTED_EDGE('',*,*,#3937,.F.);
#2681=ORIENTED_EDGE('',*,*,#3938,.F.);
#2682=ORIENTED_EDGE('',*,*,#3924,.F.);
#2683=ORIENTED_EDGE('',*,*,#2851,.F.);
#2684=ORIENTED_EDGE('',*,*,#3939,.F.);
#2685=ORIENTED_EDGE('',*,*,#3937,.T.);
#2686=ORIENTED_EDGE('',*,*,#3940,.T.);
#2687=ORIENTED_EDGE('',*,*,#3929,.F.);
#2688=ORIENTED_EDGE('',*,*,#3941,.F.);
#2689=ORIENTED_EDGE('',*,*,#3925,.T.);
#2690=ORIENTED_EDGE('',*,*,#3938,.T.);
#2691=ORIENTED_EDGE('',*,*,#3928,.F.);
#2692=ORIENTED_EDGE('',*,*,#3926,.F.);
#2693=ORIENTED_EDGE('',*,*,#3940,.F.);
#2694=ORIENTED_EDGE('',*,*,#3936,.T.);
#2695=ORIENTED_EDGE('',*,*,#3942,.T.);
#2696=ORIENTED_EDGE('',*,*,#3943,.T.);
#2697=ORIENTED_EDGE('',*,*,#2853,.T.);
#2698=ORIENTED_EDGE('',*,*,#3923,.T.);
#2699=ORIENTED_EDGE('',*,*,#3941,.T.);
#2700=ORIENTED_EDGE('',*,*,#3927,.F.);
#2701=ORIENTED_EDGE('',*,*,#3942,.F.);
#2702=ORIENTED_EDGE('',*,*,#3935,.F.);
#2703=ORIENTED_EDGE('',*,*,#3944,.F.);
#2704=ORIENTED_EDGE('',*,*,#2859,.F.);
#2705=ORIENTED_EDGE('',*,*,#3945,.T.);
#2706=ORIENTED_EDGE('',*,*,#3946,.T.);
#2707=ORIENTED_EDGE('',*,*,#3947,.F.);
#2708=ORIENTED_EDGE('',*,*,#3948,.F.);
#2709=ORIENTED_EDGE('',*,*,#3949,.T.);
#2710=ORIENTED_EDGE('',*,*,#2855,.T.);
#2711=ORIENTED_EDGE('',*,*,#3950,.F.);
#2712=ORIENTED_EDGE('',*,*,#3932,.T.);
#2713=ORIENTED_EDGE('',*,*,#3951,.T.);
#2714=ORIENTED_EDGE('',*,*,#3952,.F.);
#2715=ORIENTED_EDGE('',*,*,#3953,.F.);
#2716=ORIENTED_EDGE('',*,*,#3954,.F.);
#2717=ORIENTED_EDGE('',*,*,#3930,.T.);
#2718=ORIENTED_EDGE('',*,*,#3955,.T.);
#2719=ORIENTED_EDGE('',*,*,#3956,.F.);
#2720=ORIENTED_EDGE('',*,*,#3952,.T.);
#2721=ORIENTED_EDGE('',*,*,#3957,.T.);
#2722=ORIENTED_EDGE('',*,*,#2857,.F.);
#2723=ORIENTED_EDGE('',*,*,#3958,.F.);
#2724=ORIENTED_EDGE('',*,*,#3959,.F.);
#2725=ORIENTED_EDGE('',*,*,#3953,.T.);
#2726=ORIENTED_EDGE('',*,*,#3960,.T.);
#2727=ORIENTED_EDGE('',*,*,#2858,.F.);
#2728=ORIENTED_EDGE('',*,*,#3957,.F.);
#2729=ORIENTED_EDGE('',*,*,#3951,.F.);
#2730=ORIENTED_EDGE('',*,*,#3931,.T.);
#2731=ORIENTED_EDGE('',*,*,#3954,.T.);
#2732=ORIENTED_EDGE('',*,*,#3959,.T.);
#2733=ORIENTED_EDGE('',*,*,#3961,.T.);
#2734=ORIENTED_EDGE('',*,*,#3945,.F.);
#2735=ORIENTED_EDGE('',*,*,#3962,.F.);
#2736=ORIENTED_EDGE('',*,*,#3960,.F.);
#2737=ORIENTED_EDGE('',*,*,#3955,.F.);
#2738=ORIENTED_EDGE('',*,*,#3933,.T.);
#2739=ORIENTED_EDGE('',*,*,#3950,.T.);
#2740=ORIENTED_EDGE('',*,*,#3956,.T.);
#2741=ORIENTED_EDGE('',*,*,#2856,.T.);
#2742=ORIENTED_EDGE('',*,*,#3949,.F.);
#2743=ORIENTED_EDGE('',*,*,#3963,.F.);
#2744=ORIENTED_EDGE('',*,*,#3946,.F.);
#2745=ORIENTED_EDGE('',*,*,#3961,.F.);
#2746=ORIENTED_EDGE('',*,*,#3958,.T.);
#2747=ORIENTED_EDGE('',*,*,#3962,.T.);
#2748=ORIENTED_EDGE('',*,*,#3948,.T.);
#2749=ORIENTED_EDGE('',*,*,#3964,.F.);
#2750=ORIENTED_EDGE('',*,*,#3947,.T.);
#2751=ORIENTED_EDGE('',*,*,#2854,.T.);
#2752=ORIENTED_EDGE('',*,*,#3943,.F.);
#2753=ORIENTED_EDGE('',*,*,#2850,.F.);
#2754=ORIENTED_EDGE('',*,*,#3944,.T.);
#2755=ORIENTED_EDGE('',*,*,#3965,.T.);
#2756=ORIENTED_EDGE('',*,*,#3939,.T.);
#2757=ORIENTED_EDGE('',*,*,#3965,.F.);
#2758=ORIENTED_EDGE('',*,*,#3963,.T.);
#2759=ORIENTED_EDGE('',*,*,#3964,.T.);
#2760=ORIENTED_EDGE('',*,*,#3934,.F.);
#2761=EDGE_CURVE('',#3966,#3967,#4757,.F.);
#2762=EDGE_CURVE('',#3968,#3966,#4758,.T.);
#2763=EDGE_CURVE('',#3969,#3968,#4759,.T.);
#2764=EDGE_CURVE('',#3970,#3969,#4760,.T.);
#2765=EDGE_CURVE('',#3971,#3970,#4761,.T.);
#2766=EDGE_CURVE('',#3971,#3972,#4762,.T.);
#2767=EDGE_CURVE('',#3972,#3973,#4763,.T.);
#2768=EDGE_CURVE('',#3973,#3974,#4764,.T.);
#2769=EDGE_CURVE('',#3974,#3975,#4765,.T.);
#2770=EDGE_CURVE('',#3975,#3967,#4766,.T.);
#2771=EDGE_CURVE('',#3976,#3977,#4767,.T.);
#2772=EDGE_CURVE('',#3978,#3976,#4768,.T.);
#2773=EDGE_CURVE('',#3979,#3978,#4769,.T.);
#2774=EDGE_CURVE('',#3980,#3979,#4770,.T.);
#2775=EDGE_CURVE('',#3980,#3981,#4771,.T.);
#2776=EDGE_CURVE('',#3981,#3982,#4772,.T.);
#2777=EDGE_CURVE('',#3982,#3983,#4773,.T.);
#2778=EDGE_CURVE('',#3983,#3984,#4774,.T.);
#2779=EDGE_CURVE('',#3984,#3985,#229,.T.);
#2780=EDGE_CURVE('',#3985,#3986,#4775,.T.);
#2781=EDGE_CURVE('',#3987,#3986,#4776,.T.);
#2782=EDGE_CURVE('',#3987,#3988,#4777,.T.);
#2783=EDGE_CURVE('',#3988,#3989,#4778,.T.);
#2784=EDGE_CURVE('',#3989,#3990,#4779,.T.);
#2785=EDGE_CURVE('',#3990,#3991,#4780,.T.);
#2786=EDGE_CURVE('',#3991,#3992,#4781,.T.);
#2787=EDGE_CURVE('',#3992,#3993,#4782,.F.);
#2788=EDGE_CURVE('',#3994,#3993,#4783,.F.);
#2789=EDGE_CURVE('',#3995,#3994,#4784,.F.);
#2790=EDGE_CURVE('',#3996,#3995,#4785,.T.);
#2791=EDGE_CURVE('',#3997,#3996,#4786,.T.);
#2792=EDGE_CURVE('',#3998,#3997,#4787,.T.);
#2793=EDGE_CURVE('',#3998,#3999,#4788,.T.);
#2794=EDGE_CURVE('',#3999,#4000,#4789,.T.);
#2795=EDGE_CURVE('',#4001,#4000,#4790,.T.);
#2796=EDGE_CURVE('',#4001,#4002,#4791,.T.);
#2797=EDGE_CURVE('',#4003,#4002,#4792,.T.);
#2798=EDGE_CURVE('',#4004,#4003,#4793,.T.);
#2799=EDGE_CURVE('',#4005,#4004,#4794,.T.);
#2800=EDGE_CURVE('',#4005,#4006,#4795,.T.);
#2801=EDGE_CURVE('',#4007,#4006,#4796,.T.);
#2802=EDGE_CURVE('',#4008,#4007,#4797,.T.);
#2803=EDGE_CURVE('',#4008,#4009,#230,.T.);
#2804=EDGE_CURVE('',#4010,#4009,#4798,.T.);
#2805=EDGE_CURVE('',#4010,#4011,#4799,.T.);
#2806=EDGE_CURVE('',#4011,#4012,#4800,.T.);
#2807=EDGE_CURVE('',#4012,#4013,#4801,.T.);
#2808=EDGE_CURVE('',#4014,#4013,#4802,.T.);
#2809=EDGE_CURVE('',#4015,#4014,#4803,.T.);
#2810=EDGE_CURVE('',#4016,#4015,#4804,.T.);
#2811=EDGE_CURVE('',#4017,#4016,#4805,.T.);
#2812=EDGE_CURVE('',#4018,#4017,#4806,.F.);
#2813=EDGE_CURVE('',#4019,#4018,#4807,.T.);
#2814=EDGE_CURVE('',#4020,#4019,#4808,.T.);
#2815=EDGE_CURVE('',#4021,#4020,#4809,.T.);
#2816=EDGE_CURVE('',#4022,#4021,#4810,.T.);
#2817=EDGE_CURVE('',#4022,#4023,#4811,.T.);
#2818=EDGE_CURVE('',#4023,#4024,#4812,.T.);
#2819=EDGE_CURVE('',#4024,#4025,#4813,.T.);
#2820=EDGE_CURVE('',#4025,#4026,#4814,.T.);
#2821=EDGE_CURVE('',#4026,#4027,#231,.T.);
#2822=EDGE_CURVE('',#4027,#4028,#4815,.T.);
#2823=EDGE_CURVE('',#4029,#4028,#4816,.T.);
#2824=EDGE_CURVE('',#4030,#4029,#4817,.T.);
#2825=EDGE_CURVE('',#4031,#4030,#4818,.T.);
#2826=EDGE_CURVE('',#4032,#4031,#4819,.T.);
#2827=EDGE_CURVE('',#4033,#4032,#4820,.T.);
#2828=EDGE_CURVE('',#4034,#4033,#4821,.T.);
#2829=EDGE_CURVE('',#4035,#4034,#4822,.T.);
#2830=EDGE_CURVE('',#4035,#4036,#4823,.T.);
#2831=EDGE_CURVE('',#4037,#4036,#4824,.T.);
#2832=EDGE_CURVE('',#4038,#4037,#4825,.T.);
#2833=EDGE_CURVE('',#4039,#4038,#4826,.T.);
#2834=EDGE_CURVE('',#4040,#4039,#4827,.T.);
#2835=EDGE_CURVE('',#4041,#4040,#4828,.T.);
#2836=EDGE_CURVE('',#4042,#4041,#4829,.T.);
#2837=EDGE_CURVE('',#4042,#4043,#4830,.T.);
#2838=EDGE_CURVE('',#4043,#4044,#4831,.T.);
#2839=EDGE_CURVE('',#4044,#4045,#232,.T.);
#2840=EDGE_CURVE('',#4045,#4046,#4832,.T.);
#2841=EDGE_CURVE('',#4047,#4046,#4833,.T.);
#2842=EDGE_CURVE('',#4047,#4048,#4834,.T.);
#2843=EDGE_CURVE('',#4048,#4049,#4835,.T.);
#2844=EDGE_CURVE('',#4049,#4050,#4836,.T.);
#2845=EDGE_CURVE('',#4050,#4051,#4837,.T.);
#2846=EDGE_CURVE('',#4051,#4052,#4838,.T.);
#2847=EDGE_CURVE('',#4052,#4053,#4839,.F.);
#2848=EDGE_CURVE('',#4053,#4054,#4840,.T.);
#2849=EDGE_CURVE('',#3977,#4054,#4841,.F.);
#2850=EDGE_CURVE('',#4055,#4056,#4842,.T.);
#2851=EDGE_CURVE('',#4056,#4057,#4843,.T.);
#2852=EDGE_CURVE('',#4058,#4057,#4844,.F.);
#2853=EDGE_CURVE('',#4059,#4058,#4845,.T.);
#2854=EDGE_CURVE('',#4060,#4059,#4846,.T.);
#2855=EDGE_CURVE('',#4061,#4060,#4847,.T.);
#2856=EDGE_CURVE('',#4062,#4061,#4848,.T.);
#2857=EDGE_CURVE('',#4062,#4063,#4849,.T.);
#2858=EDGE_CURVE('',#4063,#4064,#4850,.T.);
#2859=EDGE_CURVE('',#4064,#4055,#4851,.T.);
#2860=EDGE_CURVE('',#4065,#4066,#4852,.F.);
#2861=EDGE_CURVE('',#4067,#4065,#4853,.T.);
#2862=EDGE_CURVE('',#4068,#4067,#4854,.T.);
#2863=EDGE_CURVE('',#4069,#4068,#4855,.T.);
#2864=EDGE_CURVE('',#4070,#4069,#4856,.T.);
#2865=EDGE_CURVE('',#4070,#4071,#4857,.T.);
#2866=EDGE_CURVE('',#4071,#4072,#4858,.T.);
#2867=EDGE_CURVE('',#4072,#4073,#4859,.T.);
#2868=EDGE_CURVE('',#4073,#4074,#4860,.T.);
#2869=EDGE_CURVE('',#4074,#4066,#4861,.T.);
#2870=EDGE_CURVE('',#4075,#4076,#4862,.F.);
#2871=EDGE_CURVE('',#4077,#4075,#4863,.T.);
#2872=EDGE_CURVE('',#4078,#4077,#4864,.T.);
#2873=EDGE_CURVE('',#4079,#4078,#4865,.T.);
#2874=EDGE_CURVE('',#4079,#4080,#4866,.T.);
#2875=EDGE_CURVE('',#4080,#4081,#4867,.T.);
#2876=EDGE_CURVE('',#4081,#4082,#4868,.T.);
#2877=EDGE_CURVE('',#4082,#4083,#4869,.T.);
#2878=EDGE_CURVE('',#4083,#4084,#4870,.F.);
#2879=EDGE_CURVE('',#4076,#4084,#4871,.F.);
#2880=EDGE_CURVE('',#4085,#4086,#4872,.T.);
#2881=EDGE_CURVE('',#4086,#4005,#4873,.T.);
#2882=EDGE_CURVE('',#4004,#4087,#4874,.T.);
#2883=EDGE_CURVE('',#4087,#4088,#4875,.T.);
#2884=EDGE_CURVE('',#4089,#4088,#4876,.T.);
#2885=EDGE_CURVE('',#4090,#4089,#4877,.T.);
#2886=EDGE_CURVE('',#4085,#4090,#4878,.T.);
#2887=EDGE_CURVE('',#4091,#4092,#186,.F.);
#2888=EDGE_CURVE('',#4092,#4093,#4879,.T.);
#2889=EDGE_CURVE('',#4093,#4094,#187,.F.);
#2890=EDGE_CURVE('',#4094,#4091,#4880,.T.);
#2891=EDGE_CURVE('',#4095,#4096,#4881,.T.);
#2892=EDGE_CURVE('',#4095,#4097,#4882,.T.);
#2893=EDGE_CURVE('',#4098,#4097,#4883,.T.);
#2894=EDGE_CURVE('',#4096,#4098,#4884,.T.);
#2895=EDGE_CURVE('',#4099,#4100,#4885,.T.);
#2896=EDGE_CURVE('',#4101,#4099,#4886,.T.);
#2897=EDGE_CURVE('',#4102,#4101,#4887,.T.);
#2898=EDGE_CURVE('',#4102,#4100,#4888,.T.);
#2899=EDGE_CURVE('',#4103,#4104,#4889,.T.);
#2900=EDGE_CURVE('',#4105,#4103,#4890,.T.);
#2901=EDGE_CURVE('',#4105,#4106,#4891,.T.);
#2902=EDGE_CURVE('',#4106,#4107,#4892,.T.);
#2903=EDGE_CURVE('',#4107,#4108,#4893,.T.);
#2904=EDGE_CURVE('',#4109,#4108,#4894,.T.);
#2905=EDGE_CURVE('',#4109,#4110,#4895,.T.);
#2906=EDGE_CURVE('',#4110,#4111,#4896,.T.);
#2907=EDGE_CURVE('',#4111,#4112,#4897,.T.);
#2908=EDGE_CURVE('',#4113,#4112,#4898,.T.);
#2909=EDGE_CURVE('',#4113,#4114,#4899,.T.);
#2910=EDGE_CURVE('',#4114,#4115,#4900,.T.);
#2911=EDGE_CURVE('',#4115,#4116,#4901,.T.);
#2912=EDGE_CURVE('',#4117,#4116,#4902,.T.);
#2913=EDGE_CURVE('',#4117,#4118,#4903,.T.);
#2914=EDGE_CURVE('',#4118,#4119,#4904,.T.);
#2915=EDGE_CURVE('',#4119,#4120,#4905,.T.);
#2916=EDGE_CURVE('',#4121,#4120,#4906,.T.);
#2917=EDGE_CURVE('',#4122,#4121,#4907,.T.);
#2918=EDGE_CURVE('',#4123,#4122,#4908,.T.);
#2919=EDGE_CURVE('',#4124,#4123,#4909,.T.);
#2920=EDGE_CURVE('',#4104,#4124,#4910,.T.);
#2921=EDGE_CURVE('',#4125,#4126,#4911,.T.);
#2922=EDGE_CURVE('',#4127,#4125,#4912,.T.);
#2923=EDGE_CURVE('',#4128,#4127,#4913,.T.);
#2924=EDGE_CURVE('',#4126,#4128,#4914,.T.);
#2925=EDGE_CURVE('',#4129,#4130,#4915,.T.);
#2926=EDGE_CURVE('',#4131,#4129,#4916,.T.);
#2927=EDGE_CURVE('',#4132,#4131,#4917,.T.);
#2928=EDGE_CURVE('',#4130,#4132,#4918,.T.);
#2929=EDGE_CURVE('',#4133,#4134,#4919,.T.);
#2930=EDGE_CURVE('',#4135,#4134,#4920,.T.);
#2931=EDGE_CURVE('',#4135,#4136,#4921,.T.);
#2932=EDGE_CURVE('',#4133,#4136,#4922,.T.);
#2933=EDGE_CURVE('',#4137,#4138,#4923,.T.);
#2934=EDGE_CURVE('',#4139,#4138,#4924,.T.);
#2935=EDGE_CURVE('',#4139,#4140,#4925,.T.);
#2936=EDGE_CURVE('',#4137,#4140,#4926,.T.);
#2937=EDGE_CURVE('',#4141,#4142,#4927,.T.);
#2938=EDGE_CURVE('',#4143,#4141,#4928,.T.);
#2939=EDGE_CURVE('',#4144,#4143,#4929,.T.);
#2940=EDGE_CURVE('',#4142,#4144,#4930,.T.);
#2941=EDGE_CURVE('',#4145,#4146,#4931,.T.);
#2942=EDGE_CURVE('',#4147,#4145,#4932,.T.);
#2943=EDGE_CURVE('',#4148,#4147,#4933,.T.);
#2944=EDGE_CURVE('',#4146,#4148,#4934,.T.);
#2945=EDGE_CURVE('',#4149,#4150,#4935,.T.);
#2946=EDGE_CURVE('',#4151,#4150,#4936,.T.);
#2947=EDGE_CURVE('',#4151,#4152,#4937,.T.);
#2948=EDGE_CURVE('',#4149,#4152,#4938,.T.);
#2949=EDGE_CURVE('',#4153,#4154,#4939,.T.);
#2950=EDGE_CURVE('',#4155,#4154,#4940,.T.);
#2951=EDGE_CURVE('',#4155,#4156,#4941,.T.);
#2952=EDGE_CURVE('',#4153,#4156,#4942,.T.);
#2953=EDGE_CURVE('',#4157,#4158,#4943,.T.);
#2954=EDGE_CURVE('',#4159,#4157,#4944,.T.);
#2955=EDGE_CURVE('',#4160,#4159,#4945,.T.);
#2956=EDGE_CURVE('',#4158,#4160,#4946,.T.);
#2957=EDGE_CURVE('',#4161,#4162,#4947,.T.);
#2958=EDGE_CURVE('',#4163,#4161,#4948,.T.);
#2959=EDGE_CURVE('',#4164,#4163,#4949,.T.);
#2960=EDGE_CURVE('',#4162,#4164,#4950,.T.);
#2961=EDGE_CURVE('',#4165,#4166,#4951,.T.);
#2962=EDGE_CURVE('',#4167,#4166,#4952,.T.);
#2963=EDGE_CURVE('',#4167,#4168,#4953,.T.);
#2964=EDGE_CURVE('',#4165,#4168,#4954,.T.);
#2965=EDGE_CURVE('',#4169,#4170,#4955,.T.);
#2966=EDGE_CURVE('',#4171,#4170,#4956,.T.);
#2967=EDGE_CURVE('',#4171,#4172,#4957,.T.);
#2968=EDGE_CURVE('',#4169,#4172,#4958,.T.);
#2969=EDGE_CURVE('',#4173,#4174,#4959,.T.);
#2970=EDGE_CURVE('',#4175,#4173,#4960,.T.);
#2971=EDGE_CURVE('',#4176,#4175,#4961,.T.);
#2972=EDGE_CURVE('',#4174,#4176,#4962,.T.);
#2973=EDGE_CURVE('',#4177,#4178,#4963,.T.);
#2974=EDGE_CURVE('',#4179,#4177,#4964,.T.);
#2975=EDGE_CURVE('',#4180,#4179,#4965,.T.);
#2976=EDGE_CURVE('',#4178,#4180,#4966,.T.);
#2977=EDGE_CURVE('',#4181,#4182,#4967,.T.);
#2978=EDGE_CURVE('',#4183,#4181,#4968,.T.);
#2979=EDGE_CURVE('',#4184,#4183,#4969,.T.);
#2980=EDGE_CURVE('',#4182,#4184,#4970,.T.);
#2981=EDGE_CURVE('',#4185,#4186,#4971,.T.);
#2982=EDGE_CURVE('',#4187,#4185,#4972,.T.);
#2983=EDGE_CURVE('',#4188,#4187,#4973,.T.);
#2984=EDGE_CURVE('',#4186,#4188,#4974,.T.);
#2985=EDGE_CURVE('',#4189,#4190,#4975,.T.);
#2986=EDGE_CURVE('',#4191,#4189,#4976,.T.);
#2987=EDGE_CURVE('',#4192,#4191,#4977,.T.);
#2988=EDGE_CURVE('',#4190,#4192,#4978,.T.);
#2989=EDGE_CURVE('',#4193,#4194,#4979,.T.);
#2990=EDGE_CURVE('',#4192,#4193,#4980,.T.);
#2991=EDGE_CURVE('',#4191,#4194,#4981,.T.);
#2992=EDGE_CURVE('',#4195,#4183,#4982,.T.);
#2993=EDGE_CURVE('',#4196,#4181,#4983,.T.);
#2994=EDGE_CURVE('',#4196,#4195,#4984,.T.);
#2995=EDGE_CURVE('',#4197,#4195,#4985,.T.);
#2996=EDGE_CURVE('',#4198,#4196,#4986,.T.);
#2997=EDGE_CURVE('',#4198,#4197,#4987,.T.);
#2998=EDGE_CURVE('',#4186,#4198,#4988,.T.);
#2999=EDGE_CURVE('',#4188,#4197,#4989,.T.);
#3000=EDGE_CURVE('',#4199,#4200,#4990,.T.);
#3001=EDGE_CURVE('',#4201,#4199,#4991,.T.);
#3002=EDGE_CURVE('',#4201,#4202,#4992,.T.);
#3003=EDGE_CURVE('',#4202,#4200,#4993,.T.);
#3004=EDGE_CURVE('',#4167,#4199,#4994,.T.);
#3005=EDGE_CURVE('',#4166,#4201,#4995,.T.);
#3006=EDGE_CURVE('',#4202,#4169,#4996,.T.);
#3007=EDGE_CURVE('',#4200,#4172,#4997,.T.);
#3008=EDGE_CURVE('',#4203,#4204,#4998,.T.);
#3009=EDGE_CURVE('',#4205,#4203,#4999,.T.);
#3010=EDGE_CURVE('',#4205,#4206,#5000,.T.);
#3011=EDGE_CURVE('',#4206,#4204,#5001,.T.);
#3012=EDGE_CURVE('',#4151,#4203,#5002,.T.);
#3013=EDGE_CURVE('',#4150,#4205,#5003,.T.);
#3014=EDGE_CURVE('',#4206,#4153,#5004,.T.);
#3015=EDGE_CURVE('',#4204,#4156,#5005,.T.);
#3016=EDGE_CURVE('',#4207,#4208,#5006,.T.);
#3017=EDGE_CURVE('',#4209,#4207,#5007,.T.);
#3018=EDGE_CURVE('',#4209,#4210,#5008,.T.);
#3019=EDGE_CURVE('',#4210,#4208,#5009,.T.);
#3020=EDGE_CURVE('',#4135,#4207,#5010,.T.);
#3021=EDGE_CURVE('',#4134,#4209,#5011,.T.);
#3022=EDGE_CURVE('',#4210,#4137,#5012,.T.);
#3023=EDGE_CURVE('',#4208,#4140,#5013,.T.);
#3024=EDGE_CURVE('',#4211,#4127,#5014,.T.);
#3025=EDGE_CURVE('',#4120,#4125,#5015,.T.);
#3026=EDGE_CURVE('',#4119,#4211,#5016,.T.);
#3027=EDGE_CURVE('',#4212,#4211,#5017,.T.);
#3028=EDGE_CURVE('',#4118,#4212,#5018,.T.);
#3029=EDGE_CURVE('',#4130,#4117,#5019,.T.);
#3030=EDGE_CURVE('',#4132,#4212,#5020,.T.);
#3031=EDGE_CURVE('',#4213,#4143,#5021,.T.);
#3032=EDGE_CURVE('',#4116,#4141,#5022,.T.);
#3033=EDGE_CURVE('',#4115,#4213,#5023,.T.);
#3034=EDGE_CURVE('',#4214,#4213,#5024,.T.);
#3035=EDGE_CURVE('',#4114,#4214,#5025,.T.);
#3036=EDGE_CURVE('',#4146,#4113,#5026,.T.);
#3037=EDGE_CURVE('',#4148,#4214,#5027,.T.);
#3038=EDGE_CURVE('',#4215,#4159,#5028,.T.);
#3039=EDGE_CURVE('',#4112,#4157,#5029,.T.);
#3040=EDGE_CURVE('',#4111,#4215,#5030,.T.);
#3041=EDGE_CURVE('',#4216,#4215,#5031,.T.);
#3042=EDGE_CURVE('',#4110,#4216,#5032,.T.);
#3043=EDGE_CURVE('',#4162,#4109,#5033,.T.);
#3044=EDGE_CURVE('',#4164,#4216,#5034,.T.);
#3045=EDGE_CURVE('',#4217,#4175,#5035,.T.);
#3046=EDGE_CURVE('',#4108,#4173,#5036,.T.);
#3047=EDGE_CURVE('',#4107,#4217,#5037,.T.);
#3048=EDGE_CURVE('',#4218,#4217,#5038,.T.);
#3049=EDGE_CURVE('',#4106,#4218,#5039,.T.);
#3050=EDGE_CURVE('',#4178,#4105,#5040,.T.);
#3051=EDGE_CURVE('',#4180,#4218,#5041,.T.);
#3052=EDGE_CURVE('',#4219,#4219,#233,.T.);
#3053=EDGE_CURVE('',#4220,#4220,#234,.T.);
#3054=EDGE_CURVE('',#4221,#4221,#235,.T.);
#3055=EDGE_CURVE('',#4222,#4222,#236,.T.);
#3056=EDGE_CURVE('',#4223,#4224,#237,.T.);
#3057=EDGE_CURVE('',#4224,#4225,#5042,.T.);
#3058=EDGE_CURVE('',#4226,#4225,#238,.T.);
#3059=EDGE_CURVE('',#4223,#4226,#5043,.T.);
#3060=EDGE_CURVE('',#4227,#4228,#188,.T.);
#3061=EDGE_CURVE('',#4227,#4229,#5044,.T.);
#3062=EDGE_CURVE('',#4230,#4229,#239,.T.);
#3063=EDGE_CURVE('',#4228,#4230,#5045,.T.);
#3064=EDGE_CURVE('',#4231,#4232,#189,.T.);
#3065=EDGE_CURVE('',#4231,#4227,#5046,.T.);
#3066=EDGE_CURVE('',#4232,#4228,#5047,.T.);
#3067=EDGE_CURVE('',#4233,#4234,#190,.T.);
#3068=EDGE_CURVE('',#4233,#4231,#5048,.T.);
#3069=EDGE_CURVE('',#4234,#4232,#5049,.T.);
#3070=EDGE_CURVE('',#4235,#4236,#191,.T.);
#3071=EDGE_CURVE('',#4235,#4233,#5050,.T.);
#3072=EDGE_CURVE('',#4236,#4234,#5051,.T.);
#3073=EDGE_CURVE('',#4237,#4238,#192,.T.);
#3074=EDGE_CURVE('',#4237,#4235,#5052,.T.);
#3075=EDGE_CURVE('',#4238,#4236,#5053,.T.);
#3076=EDGE_CURVE('',#4239,#4240,#193,.T.);
#3077=EDGE_CURVE('',#4239,#4237,#5054,.T.);
#3078=EDGE_CURVE('',#4240,#4238,#5055,.T.);
#3079=EDGE_CURVE('',#4241,#4242,#240,.T.);
#3080=EDGE_CURVE('',#4239,#4241,#5056,.T.);
#3081=EDGE_CURVE('',#4240,#4242,#5057,.T.);
#3082=EDGE_CURVE('',#4243,#4244,#5058,.T.);
#3083=EDGE_CURVE('',#4244,#4245,#5059,.T.);
#3084=EDGE_CURVE('',#4245,#4246,#5060,.T.);
#3085=EDGE_CURVE('',#4246,#4243,#5061,.T.);
#3086=EDGE_CURVE('',#4247,#4248,#5062,.T.);
#3087=EDGE_CURVE('',#4248,#4249,#5063,.T.);
#3088=EDGE_CURVE('',#4249,#4250,#5064,.T.);
#3089=EDGE_CURVE('',#4250,#4247,#5065,.T.);
#3090=EDGE_CURVE('',#4251,#4252,#5066,.T.);
#3091=EDGE_CURVE('',#4252,#4253,#5067,.T.);
#3092=EDGE_CURVE('',#4253,#4254,#5068,.T.);
#3093=EDGE_CURVE('',#4254,#4251,#5069,.T.);
#3094=EDGE_CURVE('',#4255,#4256,#5070,.T.);
#3095=EDGE_CURVE('',#4256,#4257,#5071,.T.);
#3096=EDGE_CURVE('',#4257,#4258,#5072,.T.);
#3097=EDGE_CURVE('',#4258,#4255,#5073,.T.);
#3098=EDGE_CURVE('',#4259,#4095,#5074,.T.);
#3099=EDGE_CURVE('',#4096,#4260,#5075,.T.);
#3100=EDGE_CURVE('',#4260,#4259,#5076,.T.);
#3101=EDGE_CURVE('',#4261,#4262,#5077,.T.);
#3102=EDGE_CURVE('',#4262,#4263,#5078,.T.);
#3103=EDGE_CURVE('',#4263,#4264,#5079,.T.);
#3104=EDGE_CURVE('',#4264,#4261,#5080,.T.);
#3105=EDGE_CURVE('',#4265,#4266,#5081,.T.);
#3106=EDGE_CURVE('',#4266,#4267,#5082,.T.);
#3107=EDGE_CURVE('',#4267,#4268,#5083,.T.);
#3108=EDGE_CURVE('',#4268,#4265,#5084,.T.);
#3109=EDGE_CURVE('',#4269,#4270,#5085,.T.);
#3110=EDGE_CURVE('',#4270,#4271,#5086,.T.);
#3111=EDGE_CURVE('',#4271,#4272,#5087,.T.);
#3112=EDGE_CURVE('',#4269,#4272,#5088,.T.);
#3113=EDGE_CURVE('',#4269,#4273,#5089,.T.);
#3114=EDGE_CURVE('',#4272,#4274,#5090,.T.);
#3115=EDGE_CURVE('',#4273,#4274,#5091,.T.);
#3116=EDGE_CURVE('',#4244,#4275,#5092,.T.);
#3117=EDGE_CURVE('',#4276,#4243,#5093,.T.);
#3118=EDGE_CURVE('',#4276,#4277,#5094,.T.);
#3119=EDGE_CURVE('',#4123,#4277,#5095,.T.);
#3120=EDGE_CURVE('',#4122,#4278,#5096,.T.);
#3121=EDGE_CURVE('',#4278,#4274,#5097,.T.);
#3122=EDGE_CURVE('',#4279,#4271,#5098,.T.);
#3123=EDGE_CURVE('',#4279,#4280,#5099,.T.);
#3124=EDGE_CURVE('',#4266,#4280,#5100,.T.);
#3125=EDGE_CURVE('',#4281,#4265,#5101,.T.);
#3126=EDGE_CURVE('',#4281,#4282,#5102,.T.);
#3127=EDGE_CURVE('',#4262,#4282,#5103,.T.);
#3128=EDGE_CURVE('',#4283,#4261,#5104,.T.);
#3129=EDGE_CURVE('',#4283,#4097,#5105,.T.);
#3130=EDGE_CURVE('',#4284,#4259,#5106,.T.);
#3131=EDGE_CURVE('',#4284,#4285,#5107,.T.);
#3132=EDGE_CURVE('',#4256,#4285,#5108,.T.);
#3133=EDGE_CURVE('',#4286,#4255,#5109,.T.);
#3134=EDGE_CURVE('',#4286,#4287,#5110,.T.);
#3135=EDGE_CURVE('',#4252,#4287,#5111,.T.);
#3136=EDGE_CURVE('',#4288,#4251,#5112,.T.);
#3137=EDGE_CURVE('',#4288,#4289,#5113,.T.);
#3138=EDGE_CURVE('',#4248,#4289,#5114,.T.);
#3139=EDGE_CURVE('',#4290,#4247,#5115,.T.);
#3140=EDGE_CURVE('',#4290,#4275,#5116,.T.);
#3141=EDGE_CURVE('',#4291,#4292,#5117,.T.);
#3142=EDGE_CURVE('',#4292,#4293,#5118,.T.);
#3143=EDGE_CURVE('',#4294,#4293,#5119,.T.);
#3144=EDGE_CURVE('',#4291,#4294,#5120,.T.);
#3145=EDGE_CURVE('',#4124,#4003,#5121,.T.);
#3146=EDGE_CURVE('',#4087,#4277,#5122,.T.);
#3147=EDGE_CURVE('',#4295,#4296,#5123,.T.);
#3148=EDGE_CURVE('',#4295,#4006,#241,.T.);
#3149=EDGE_CURVE('',#4086,#4278,#5124,.T.);
#3150=EDGE_CURVE('',#4121,#4297,#5125,.T.);
#3151=EDGE_CURVE('',#4297,#4298,#5126,.T.);
#3152=EDGE_CURVE('',#4296,#4298,#5127,.T.);
#3153=EDGE_CURVE('',#4299,#4300,#5128,.T.);
#3154=EDGE_CURVE('',#4300,#4301,#5129,.T.);
#3155=EDGE_CURVE('',#4302,#4301,#5130,.T.);
#3156=EDGE_CURVE('',#4299,#4302,#5131,.T.);
#3157=EDGE_CURVE('',#4223,#4303,#5132,.T.);
#3158=EDGE_CURVE('',#4304,#4226,#5133,.T.);
#3159=EDGE_CURVE('',#4303,#4304,#5134,.T.);
#3160=EDGE_CURVE('',#4305,#4305,#242,.T.);
#3161=EDGE_CURVE('',#4306,#4306,#243,.T.);
#3162=EDGE_CURVE('',#4307,#4308,#5135,.T.);
#3163=EDGE_CURVE('',#4308,#4309,#5136,.T.);
#3164=EDGE_CURVE('',#4309,#4310,#5137,.T.);
#3165=EDGE_CURVE('',#4307,#4310,#5138,.T.);
#3166=EDGE_CURVE('',#4189,#4307,#5139,.T.);
#3167=EDGE_CURVE('',#4190,#4308,#5140,.T.);
#3168=EDGE_CURVE('',#4239,#4311,#5141,.T.);
#3169=EDGE_CURVE('',#4312,#4241,#5142,.T.);
#3170=EDGE_CURVE('',#4301,#4312,#5143,.T.);
#3171=EDGE_CURVE('',#4300,#4313,#5144,.T.);
#3172=EDGE_CURVE('',#4309,#4313,#5145,.T.);
#3173=EDGE_CURVE('',#4314,#4193,#5146,.T.);
#3174=EDGE_CURVE('',#4314,#4315,#5147,.T.);
#3175=EDGE_CURVE('',#4315,#4311,#5148,.T.);
#3176=EDGE_CURVE('',#4229,#4316,#5149,.T.);
#3177=EDGE_CURVE('',#4317,#4227,#5150,.T.);
#3178=EDGE_CURVE('',#4317,#4318,#5151,.T.);
#3179=EDGE_CURVE('',#4319,#4318,#5152,.T.);
#3180=EDGE_CURVE('',#4194,#4319,#5153,.T.);
#3181=EDGE_CURVE('',#4320,#4310,#5154,.T.);
#3182=EDGE_CURVE('',#4224,#4320,#5155,.T.);
#3183=EDGE_CURVE('',#4303,#4316,#5156,.T.);
#3184=EDGE_CURVE('',#4321,#4319,#5157,.T.);
#3185=EDGE_CURVE('',#4322,#4321,#5158,.T.);
#3186=EDGE_CURVE('',#4322,#4323,#5159,.T.);
#3187=EDGE_CURVE('',#4323,#4246,#5160,.T.);
#3188=EDGE_CURVE('',#4245,#4324,#5161,.T.);
#3189=EDGE_CURVE('',#4324,#4325,#5162,.T.);
#3190=EDGE_CURVE('',#4325,#4250,#5163,.T.);
#3191=EDGE_CURVE('',#4249,#4326,#5164,.T.);
#3192=EDGE_CURVE('',#4326,#4327,#5165,.T.);
#3193=EDGE_CURVE('',#4327,#4254,#5166,.T.);
#3194=EDGE_CURVE('',#4253,#4328,#5167,.T.);
#3195=EDGE_CURVE('',#4328,#4329,#5168,.T.);
#3196=EDGE_CURVE('',#4329,#4258,#5169,.T.);
#3197=EDGE_CURVE('',#4257,#4330,#5170,.T.);
#3198=EDGE_CURVE('',#4330,#4331,#5171,.T.);
#3199=EDGE_CURVE('',#4331,#4260,#5172,.T.);
#3200=EDGE_CURVE('',#4098,#4332,#5173,.T.);
#3201=EDGE_CURVE('',#4332,#4264,#5174,.T.);
#3202=EDGE_CURVE('',#4263,#4333,#5175,.T.);
#3203=EDGE_CURVE('',#4333,#4334,#5176,.T.);
#3204=EDGE_CURVE('',#4334,#4268,#5177,.T.);
#3205=EDGE_CURVE('',#4267,#4335,#5178,.T.);
#3206=EDGE_CURVE('',#4335,#4336,#5179,.T.);
#3207=EDGE_CURVE('',#4336,#4270,#5180,.T.);
#3208=EDGE_CURVE('',#4273,#4337,#5181,.T.);
#3209=EDGE_CURVE('',#4338,#4337,#5182,.T.);
#3210=EDGE_CURVE('',#4314,#4338,#5183,.T.);
#3211=EDGE_CURVE('',#4339,#4231,#5184,.T.);
#3212=EDGE_CURVE('',#4089,#4233,#5185,.T.);
#3213=EDGE_CURVE('',#4322,#4088,#5186,.T.);
#3214=EDGE_CURVE('',#4321,#4340,#5187,.T.);
#3215=EDGE_CURVE('',#4340,#4339,#5188,.T.);
#3216=EDGE_CURVE('',#4090,#4235,#5189,.T.);
#3217=EDGE_CURVE('',#4341,#4237,#5190,.T.);
#3218=EDGE_CURVE('',#4341,#4342,#5191,.T.);
#3219=EDGE_CURVE('',#4338,#4342,#5192,.T.);
#3220=EDGE_CURVE('',#4085,#4337,#5193,.T.);
#3221=EDGE_CURVE('',#4343,#4344,#5194,.T.);
#3222=EDGE_CURVE('',#4345,#4343,#5195,.T.);
#3223=EDGE_CURVE('',#4345,#4346,#5196,.T.);
#3224=EDGE_CURVE('',#4346,#4344,#5197,.T.);
#3225=EDGE_CURVE('',#4347,#4343,#5198,.T.);
#3226=EDGE_CURVE('',#4348,#4347,#5199,.T.);
#3227=EDGE_CURVE('',#4348,#4345,#5200,.T.);
#3228=EDGE_CURVE('',#4349,#4347,#5201,.T.);
#3229=EDGE_CURVE('',#4350,#4349,#5202,.T.);
#3230=EDGE_CURVE('',#4350,#4348,#5203,.T.);
#3231=EDGE_CURVE('',#4346,#4230,#5204,.T.);
#3232=EDGE_CURVE('',#4242,#4350,#5205,.T.);
#3233=EDGE_CURVE('',#4299,#4351,#5206,.T.);
#3234=EDGE_CURVE('',#4313,#4351,#5207,.T.);
#3235=EDGE_CURVE('',#4225,#4352,#5208,.T.);
#3236=EDGE_CURVE('',#4352,#4320,#5209,.T.);
#3237=EDGE_CURVE('',#4340,#4318,#5210,.T.);
#3238=EDGE_CURVE('',#4315,#4342,#5211,.T.);
#3239=EDGE_CURVE('',#4339,#4317,#5212,.T.);
#3240=EDGE_CURVE('',#4311,#4341,#5213,.T.);
#3241=EDGE_CURVE('',#4304,#4353,#5214,.T.);
#3242=EDGE_CURVE('',#4316,#4353,#5215,.T.);
#3243=EDGE_CURVE('',#4302,#4354,#5216,.T.);
#3244=EDGE_CURVE('',#4354,#4312,#5217,.T.);
#3245=EDGE_CURVE('',#4351,#4354,#5218,.T.);
#3246=EDGE_CURVE('',#4353,#4352,#5219,.T.);
#3247=EDGE_CURVE('',#4323,#4276,#5220,.T.);
#3248=EDGE_CURVE('',#4325,#4290,#5221,.T.);
#3249=EDGE_CURVE('',#4324,#4275,#5222,.T.);
#3250=EDGE_CURVE('',#4327,#4288,#5223,.T.);
#3251=EDGE_CURVE('',#4326,#4289,#5224,.T.);
#3252=EDGE_CURVE('',#4329,#4286,#5225,.T.);
#3253=EDGE_CURVE('',#4328,#4287,#5226,.T.);
#3254=EDGE_CURVE('',#4331,#4284,#5227,.T.);
#3255=EDGE_CURVE('',#4330,#4285,#5228,.T.);
#3256=EDGE_CURVE('',#4332,#4283,#5229,.T.);
#3257=EDGE_CURVE('',#4334,#4281,#5230,.T.);
#3258=EDGE_CURVE('',#4333,#4282,#5231,.T.);
#3259=EDGE_CURVE('',#4336,#4279,#5232,.T.);
#3260=EDGE_CURVE('',#4335,#4280,#5233,.T.);
#3261=EDGE_CURVE('',#4344,#4187,#5234,.T.);
#3262=EDGE_CURVE('',#4128,#4349,#5235,.T.);
#3263=EDGE_CURVE('',#4136,#4131,#5236,.T.);
#3264=EDGE_CURVE('',#4144,#4139,#5237,.T.);
#3265=EDGE_CURVE('',#4152,#4147,#5238,.T.);
#3266=EDGE_CURVE('',#4160,#4155,#5239,.T.);
#3267=EDGE_CURVE('',#4168,#4163,#5240,.T.);
#3268=EDGE_CURVE('',#4176,#4171,#5241,.T.);
#3269=EDGE_CURVE('',#4184,#4179,#5242,.T.);
#3270=EDGE_CURVE('',#4126,#4129,#5243,.T.);
#3271=EDGE_CURVE('',#4182,#4185,#5244,.T.);
#3272=EDGE_CURVE('',#4174,#4177,#5245,.T.);
#3273=EDGE_CURVE('',#4165,#4170,#5246,.T.);
#3274=EDGE_CURVE('',#4158,#4161,#5247,.T.);
#3275=EDGE_CURVE('',#4149,#4154,#5248,.T.);
#3276=EDGE_CURVE('',#4142,#4145,#5249,.T.);
#3277=EDGE_CURVE('',#4133,#4138,#5250,.T.);
#3278=EDGE_CURVE('',#4002,#4104,#5251,.T.);
#3279=EDGE_CURVE('',#4355,#4294,#5252,.T.);
#3280=EDGE_CURVE('',#4293,#4356,#244,.T.);
#3281=EDGE_CURVE('',#4356,#4355,#5253,.T.);
#3282=EDGE_CURVE('',#4357,#4291,#5254,.T.);
#3283=EDGE_CURVE('',#4358,#4357,#5255,.T.);
#3284=EDGE_CURVE('',#4292,#4358,#245,.T.);
#3285=EDGE_CURVE('',#4358,#4356,#5256,.T.);
#3286=EDGE_CURVE('',#4357,#4355,#5257,.T.);
#3287=EDGE_CURVE('',#3977,#4359,#24,.T.);
#3288=EDGE_CURVE('',#4054,#4360,#25,.F.);
#3289=EDGE_CURVE('',#4359,#4360,#26,.T.);
#3290=EDGE_CURVE('',#4035,#4361,#246,.T.);
#3291=EDGE_CURVE('',#4362,#4361,#5258,.T.);
#3292=EDGE_CURVE('',#4036,#4362,#247,.T.);
#3293=EDGE_CURVE('',#4363,#4037,#5259,.T.);
#3294=EDGE_CURVE('',#4362,#4364,#5260,.T.);
#3295=EDGE_CURVE('',#4365,#4364,#5261,.T.);
#3296=EDGE_CURVE('',#4366,#4365,#5262,.T.);
#3297=EDGE_CURVE('',#4363,#4366,#248,.T.);
#3298=EDGE_CURVE('',#4033,#4367,#5263,.T.);
#3299=EDGE_CURVE('',#4032,#4368,#5264,.T.);
#3300=EDGE_CURVE('',#4368,#4367,#5265,.T.);
#3301=EDGE_CURVE('',#4038,#4369,#5266,.T.);
#3302=EDGE_CURVE('',#4369,#4363,#5267,.T.);
#3303=EDGE_CURVE('',#4031,#4370,#5268,.T.);
#3304=EDGE_CURVE('',#4370,#4368,#5269,.T.);
#3305=EDGE_CURVE('',#4371,#4040,#5270,.T.);
#3306=EDGE_CURVE('',#4372,#4039,#5271,.T.);
#3307=EDGE_CURVE('',#4371,#4372,#5272,.T.);
#3308=EDGE_CURVE('',#4373,#4374,#5273,.F.);
#3309=EDGE_CURVE('',#4375,#4373,#27,.T.);
#3310=EDGE_CURVE('',#4376,#4375,#249,.T.);
#3311=EDGE_CURVE('',#4376,#4377,#5274,.T.);
#3312=EDGE_CURVE('',#4377,#4378,#250,.T.);
#3313=EDGE_CURVE('',#4374,#4378,#28,.T.);
#3314=EDGE_CURVE('',#4034,#4379,#5275,.T.);
#3315=EDGE_CURVE('',#4367,#4379,#5276,.T.);
#3316=EDGE_CURVE('',#4372,#4369,#5277,.T.);
#3317=EDGE_CURVE('',#4018,#4091,#29,.T.);
#3318=EDGE_CURVE('',#4017,#4092,#30,.F.);
#3319=EDGE_CURVE('',#4093,#4380,#31,.F.);
#3320=EDGE_CURVE('',#4381,#4380,#32,.T.);
#3321=EDGE_CURVE('',#4094,#4381,#33,.T.);
#3322=EDGE_CURVE('',#4016,#4382,#5278,.T.);
#3323=EDGE_CURVE('',#4382,#4383,#34,.T.);
#3324=EDGE_CURVE('',#4383,#4384,#5279,.T.);
#3325=EDGE_CURVE('',#4385,#4384,#5280,.T.);
#3326=EDGE_CURVE('',#4380,#4385,#5281,.T.);
#3327=EDGE_CURVE('',#4381,#4386,#5282,.T.);
#3328=EDGE_CURVE('',#4387,#4386,#5283,.T.);
#3329=EDGE_CURVE('',#4388,#4387,#5284,.T.);
#3330=EDGE_CURVE('',#4389,#4388,#35,.F.);
#3331=EDGE_CURVE('',#4390,#4389,#36,.F.);
#3332=EDGE_CURVE('',#4390,#4019,#5285,.T.);
#3333=EDGE_CURVE('',#4391,#4021,#5286,.T.);
#3334=EDGE_CURVE('',#4392,#4020,#5287,.T.);
#3335=EDGE_CURVE('',#4391,#4392,#5288,.T.);
#3336=EDGE_CURVE('',#4015,#4393,#5289,.T.);
#3337=EDGE_CURVE('',#4014,#4394,#5290,.T.);
#3338=EDGE_CURVE('',#4394,#4393,#5291,.T.);
#3339=EDGE_CURVE('',#4395,#4396,#5292,.F.);
#3340=EDGE_CURVE('',#4397,#4395,#37,.T.);
#3341=EDGE_CURVE('',#4398,#4397,#251,.T.);
#3342=EDGE_CURVE('',#4398,#4399,#5293,.T.);
#3343=EDGE_CURVE('',#4399,#4400,#252,.T.);
#3344=EDGE_CURVE('',#4396,#4400,#38,.T.);
#3345=EDGE_CURVE('',#4401,#4013,#5294,.T.);
#3346=EDGE_CURVE('',#4401,#4394,#5295,.T.);
#3347=EDGE_CURVE('',#4022,#4402,#5296,.T.);
#3348=EDGE_CURVE('',#4402,#4391,#5297,.T.);
#3349=EDGE_CURVE('',#4393,#4382,#5298,.T.);
#3350=EDGE_CURVE('',#4392,#4390,#5299,.T.);
#3351=EDGE_CURVE('',#3994,#4403,#39,.T.);
#3352=EDGE_CURVE('',#3993,#4404,#40,.F.);
#3353=EDGE_CURVE('',#4403,#4404,#41,.T.);
#3354=EDGE_CURVE('',#4405,#4295,#5300,.T.);
#3355=EDGE_CURVE('',#4405,#4406,#194,.T.);
#3356=EDGE_CURVE('',#4407,#4406,#5301,.T.);
#3357=EDGE_CURVE('',#4407,#4408,#253,.T.);
#3358=EDGE_CURVE('',#4408,#4007,#195,.T.);
#3359=EDGE_CURVE('',#4405,#4296,#5302,.T.);
#3360=EDGE_CURVE('',#4409,#4298,#5303,.T.);
#3361=EDGE_CURVE('',#4406,#4409,#196,.T.);
#3362=EDGE_CURVE('',#4410,#4297,#5304,.T.);
#3363=EDGE_CURVE('',#4410,#4411,#5305,.T.);
#3364=EDGE_CURVE('',#4412,#4411,#5306,.T.);
#3365=EDGE_CURVE('',#4413,#4412,#5307,.T.);
#3366=EDGE_CURVE('',#4413,#4414,#5308,.T.);
#3367=EDGE_CURVE('',#4414,#4415,#5309,.T.);
#3368=EDGE_CURVE('',#4416,#4415,#5310,.T.);
#3369=EDGE_CURVE('',#4416,#4417,#5311,.T.);
#3370=EDGE_CURVE('',#4418,#4417,#5312,.T.);
#3371=EDGE_CURVE('',#4418,#4419,#5313,.T.);
#3372=EDGE_CURVE('',#4420,#4419,#5314,.T.);
#3373=EDGE_CURVE('',#4420,#4421,#5315,.T.);
#3374=EDGE_CURVE('',#4422,#4421,#5316,.T.);
#3375=EDGE_CURVE('',#4422,#4423,#5317,.T.);
#3376=EDGE_CURVE('',#4424,#4423,#5318,.T.);
#3377=EDGE_CURVE('',#4425,#4424,#5319,.T.);
#3378=EDGE_CURVE('',#4426,#4425,#5320,.T.);
#3379=EDGE_CURVE('',#4426,#4427,#5321,.T.);
#3380=EDGE_CURVE('',#4428,#4427,#5322,.T.);
#3381=EDGE_CURVE('',#4428,#4429,#5323,.T.);
#3382=EDGE_CURVE('',#4429,#4430,#5324,.T.);
#3383=EDGE_CURVE('',#4430,#4431,#5325,.T.);
#3384=EDGE_CURVE('',#4431,#4432,#5326,.T.);
#3385=EDGE_CURVE('',#4433,#4432,#5327,.T.);
#3386=EDGE_CURVE('',#4434,#4433,#5328,.T.);
#3387=EDGE_CURVE('',#4434,#4435,#5329,.T.);
#3388=EDGE_CURVE('',#4436,#4435,#5330,.T.);
#3389=EDGE_CURVE('',#4436,#4437,#5331,.T.);
#3390=EDGE_CURVE('',#4438,#4437,#5332,.T.);
#3391=EDGE_CURVE('',#4438,#4439,#5333,.T.);
#3392=EDGE_CURVE('',#4440,#4439,#5334,.T.);
#3393=EDGE_CURVE('',#4440,#4441,#5335,.T.);
#3394=EDGE_CURVE('',#4441,#4442,#5336,.T.);
#3395=EDGE_CURVE('',#4442,#4443,#5337,.T.);
#3396=EDGE_CURVE('',#4443,#4444,#5338,.T.);
#3397=EDGE_CURVE('',#4409,#4444,#5339,.T.);
#3398=EDGE_CURVE('',#4102,#4365,#5340,.T.);
#3399=EDGE_CURVE('',#4364,#4100,#5341,.T.);
#3400=EDGE_CURVE('',#4379,#4445,#254,.T.);
#3401=EDGE_CURVE('',#4445,#4101,#5342,.T.);
#3402=EDGE_CURVE('',#4361,#4099,#5343,.T.);
#3403=EDGE_CURVE('',#4445,#4366,#5344,.T.);
#3404=EDGE_CURVE('',#4120,#4117,#5345,.T.);
#3405=EDGE_CURVE('',#4116,#4113,#5346,.T.);
#3406=EDGE_CURVE('',#4112,#4109,#5347,.T.);
#3407=EDGE_CURVE('',#4108,#4105,#5348,.T.);
#3408=EDGE_CURVE('',#4103,#4410,#5349,.T.);
#3409=EDGE_CURVE('',#4446,#4446,#255,.T.);
#3410=EDGE_CURVE('',#4447,#4447,#256,.T.);
#3411=EDGE_CURVE('',#4448,#4448,#257,.T.);
#3412=EDGE_CURVE('',#4449,#4449,#258,.T.);
#3413=EDGE_CURVE('',#4450,#4450,#259,.T.);
#3414=EDGE_CURVE('',#4451,#4451,#260,.T.);
#3415=EDGE_CURVE('',#4452,#4452,#261,.T.);
#3416=EDGE_CURVE('',#4453,#4453,#262,.T.);
#3417=EDGE_CURVE('',#4454,#4455,#5350,.T.);
#3418=EDGE_CURVE('',#4455,#3989,#5351,.T.);
#3419=EDGE_CURVE('',#4456,#3988,#5352,.T.);
#3420=EDGE_CURVE('',#4456,#4457,#5353,.T.);
#3421=EDGE_CURVE('',#4457,#3999,#5354,.T.);
#3422=EDGE_CURVE('',#3998,#4454,#5355,.T.);
#3423=EDGE_CURVE('',#4402,#4401,#5356,.T.);
#3424=EDGE_CURVE('',#4458,#4012,#5357,.T.);
#3425=EDGE_CURVE('',#4458,#4459,#5358,.T.);
#3426=EDGE_CURVE('',#4459,#4023,#5359,.T.);
#3427=EDGE_CURVE('',#4460,#4030,#5360,.T.);
#3428=EDGE_CURVE('',#4461,#4460,#5361,.T.);
#3429=EDGE_CURVE('',#4461,#4041,#5362,.T.);
#3430=EDGE_CURVE('',#4370,#4371,#5363,.T.);
#3431=EDGE_CURVE('',#4462,#4463,#5364,.T.);
#3432=EDGE_CURVE('',#4463,#4049,#5365,.T.);
#3433=EDGE_CURVE('',#4464,#4048,#5366,.T.);
#3434=EDGE_CURVE('',#4464,#4465,#5367,.T.);
#3435=EDGE_CURVE('',#4465,#3981,#5368,.T.);
#3436=EDGE_CURVE('',#3980,#4462,#5369,.T.);
#3437=EDGE_CURVE('',#4466,#4467,#197,.T.);
#3438=EDGE_CURVE('',#4467,#4468,#5370,.T.);
#3439=EDGE_CURVE('',#4468,#4469,#198,.T.);
#3440=EDGE_CURVE('',#4466,#4469,#5371,.T.);
#3441=EDGE_CURVE('',#4470,#4471,#199,.T.);
#3442=EDGE_CURVE('',#4471,#4472,#5372,.T.);
#3443=EDGE_CURVE('',#4472,#4473,#200,.T.);
#3444=EDGE_CURVE('',#4470,#4473,#5373,.T.);
#3445=EDGE_CURVE('',#4474,#4475,#201,.T.);
#3446=EDGE_CURVE('',#4474,#4476,#5374,.T.);
#3447=EDGE_CURVE('',#4477,#4476,#202,.T.);
#3448=EDGE_CURVE('',#4475,#4477,#5375,.T.);
#3449=EDGE_CURVE('',#4478,#4479,#263,.T.);
#3450=EDGE_CURVE('',#4478,#4480,#5376,.T.);
#3451=EDGE_CURVE('',#4481,#4480,#264,.T.);
#3452=EDGE_CURVE('',#4479,#4481,#5377,.T.);
#3453=EDGE_CURVE('',#4482,#4483,#265,.T.);
#3454=EDGE_CURVE('',#4483,#4484,#5378,.T.);
#3455=EDGE_CURVE('',#4484,#4485,#266,.T.);
#3456=EDGE_CURVE('',#4482,#4485,#5379,.T.);
#3457=EDGE_CURVE('',#4486,#4487,#267,.T.);
#3458=EDGE_CURVE('',#4487,#4488,#5380,.T.);
#3459=EDGE_CURVE('',#4488,#4489,#268,.T.);
#3460=EDGE_CURVE('',#4486,#4489,#5381,.T.);
#3461=EDGE_CURVE('',#4490,#4491,#269,.T.);
#3462=EDGE_CURVE('',#4490,#4492,#5382,.T.);
#3463=EDGE_CURVE('',#4493,#4492,#270,.T.);
#3464=EDGE_CURVE('',#4491,#4493,#5383,.T.);
#3465=EDGE_CURVE('',#4494,#4495,#203,.T.);
#3466=EDGE_CURVE('',#4495,#4496,#5384,.T.);
#3467=EDGE_CURVE('',#4496,#4497,#271,.T.);
#3468=EDGE_CURVE('',#4494,#4497,#5385,.T.);
#3469=EDGE_CURVE('',#4498,#4499,#204,.T.);
#3470=EDGE_CURVE('',#4499,#4500,#5386,.T.);
#3471=EDGE_CURVE('',#4500,#4501,#205,.T.);
#3472=EDGE_CURVE('',#4498,#4501,#5387,.T.);
#3473=EDGE_CURVE('',#4502,#4503,#206,.T.);
#3474=EDGE_CURVE('',#4503,#4504,#5388,.T.);
#3475=EDGE_CURVE('',#4504,#4505,#207,.T.);
#3476=EDGE_CURVE('',#4502,#4505,#5389,.T.);
#3477=EDGE_CURVE('',#4506,#4507,#208,.T.);
#3478=EDGE_CURVE('',#4507,#4508,#5390,.T.);
#3479=EDGE_CURVE('',#4508,#4509,#209,.T.);
#3480=EDGE_CURVE('',#4506,#4509,#5391,.T.);
#3481=EDGE_CURVE('',#4510,#4511,#272,.T.);
#3482=EDGE_CURVE('',#4511,#4512,#5392,.T.);
#3483=EDGE_CURVE('',#4512,#4513,#273,.T.);
#3484=EDGE_CURVE('',#4510,#4513,#5393,.T.);
#3485=EDGE_CURVE('',#4514,#4515,#274,.T.);
#3486=EDGE_CURVE('',#4515,#4516,#5394,.T.);
#3487=EDGE_CURVE('',#4516,#4517,#275,.T.);
#3488=EDGE_CURVE('',#4514,#4517,#5395,.T.);
#3489=EDGE_CURVE('',#4518,#4519,#276,.T.);
#3490=EDGE_CURVE('',#4519,#4520,#5396,.T.);
#3491=EDGE_CURVE('',#4520,#4521,#277,.T.);
#3492=EDGE_CURVE('',#4518,#4521,#5397,.T.);
#3493=EDGE_CURVE('',#4522,#4523,#278,.T.);
#3494=EDGE_CURVE('',#4523,#4524,#5398,.T.);
#3495=EDGE_CURVE('',#4524,#4525,#279,.T.);
#3496=EDGE_CURVE('',#4522,#4525,#5399,.T.);
#3497=EDGE_CURVE('',#4526,#4527,#210,.T.);
#3498=EDGE_CURVE('',#4526,#4528,#5400,.T.);
#3499=EDGE_CURVE('',#4529,#4528,#211,.T.);
#3500=EDGE_CURVE('',#4527,#4529,#5401,.T.);
#3501=EDGE_CURVE('',#4444,#4407,#280,.T.);
#3502=EDGE_CURVE('',#4011,#4530,#212,.T.);
#3503=EDGE_CURVE('',#4010,#4531,#213,.T.);
#3504=EDGE_CURVE('',#4531,#4532,#281,.T.);
#3505=EDGE_CURVE('',#4533,#4532,#5402,.T.);
#3506=EDGE_CURVE('',#4530,#4533,#282,.T.);
#3507=EDGE_CURVE('',#4533,#4440,#283,.T.);
#3508=EDGE_CURVE('',#4532,#4441,#284,.T.);
#3509=EDGE_CURVE('',#4025,#4534,#214,.T.);
#3510=EDGE_CURVE('',#4535,#4024,#215,.T.);
#3511=EDGE_CURVE('',#4536,#4535,#285,.T.);
#3512=EDGE_CURVE('',#4537,#4536,#5403,.T.);
#3513=EDGE_CURVE('',#4534,#4537,#286,.T.);
#3514=EDGE_CURVE('',#4537,#4436,#287,.T.);
#3515=EDGE_CURVE('',#4437,#4536,#288,.T.);
#3516=EDGE_CURVE('',#4432,#4538,#289,.T.);
#3517=EDGE_CURVE('',#4538,#4539,#5404,.T.);
#3518=EDGE_CURVE('',#4433,#4539,#290,.T.);
#3519=EDGE_CURVE('',#4540,#4029,#216,.T.);
#3520=EDGE_CURVE('',#4541,#4028,#217,.T.);
#3521=EDGE_CURVE('',#4539,#4541,#291,.T.);
#3522=EDGE_CURVE('',#4538,#4540,#292,.T.);
#3523=EDGE_CURVE('',#4043,#4542,#218,.T.);
#3524=EDGE_CURVE('',#4042,#4543,#219,.T.);
#3525=EDGE_CURVE('',#4543,#4544,#293,.T.);
#3526=EDGE_CURVE('',#4545,#4544,#5405,.T.);
#3527=EDGE_CURVE('',#4542,#4545,#294,.T.);
#3528=EDGE_CURVE('',#4545,#4428,#295,.T.);
#3529=EDGE_CURVE('',#4544,#4429,#296,.T.);
#3530=EDGE_CURVE('',#4546,#4424,#297,.T.);
#3531=EDGE_CURVE('',#4546,#4547,#5406,.T.);
#3532=EDGE_CURVE('',#4425,#4547,#298,.T.);
#3533=EDGE_CURVE('',#4047,#4548,#220,.T.);
#3534=EDGE_CURVE('',#4549,#4046,#221,.T.);
#3535=EDGE_CURVE('',#4549,#4550,#5407,.T.);
#3536=EDGE_CURVE('',#4547,#4550,#299,.T.);
#3537=EDGE_CURVE('',#4548,#4546,#300,.T.);
#3538=EDGE_CURVE('',#3983,#4551,#222,.T.);
#3539=EDGE_CURVE('',#4552,#3982,#223,.T.);
#3540=EDGE_CURVE('',#4553,#4552,#301,.T.);
#3541=EDGE_CURVE('',#4554,#4553,#5408,.T.);
#3542=EDGE_CURVE('',#4551,#4554,#302,.T.);
#3543=EDGE_CURVE('',#4554,#4420,#303,.T.);
#3544=EDGE_CURVE('',#4421,#4553,#304,.T.);
#3545=EDGE_CURVE('',#3987,#4555,#224,.T.);
#3546=EDGE_CURVE('',#4556,#3986,#225,.T.);
#3547=EDGE_CURVE('',#4557,#4556,#305,.T.);
#3548=EDGE_CURVE('',#4558,#4557,#5409,.T.);
#3549=EDGE_CURVE('',#4555,#4558,#306,.T.);
#3550=EDGE_CURVE('',#4412,#4559,#226,.T.);
#3551=EDGE_CURVE('',#4559,#4560,#5410,.T.);
#3552=EDGE_CURVE('',#4413,#4560,#307,.T.);
#3553=EDGE_CURVE('',#4561,#4416,#308,.T.);
#3554=EDGE_CURVE('',#4561,#4562,#5411,.T.);
#3555=EDGE_CURVE('',#4417,#4562,#309,.T.);
#3556=EDGE_CURVE('',#4563,#4001,#310,.T.);
#3557=EDGE_CURVE('',#4564,#4000,#227,.T.);
#3558=EDGE_CURVE('',#4560,#4564,#311,.T.);
#3559=EDGE_CURVE('',#4559,#4565,#228,.T.);
#3560=EDGE_CURVE('',#4563,#4565,#5412,.T.);
#3561=EDGE_CURVE('',#4480,#4526,#5413,.T.);
#3562=EDGE_CURVE('',#4528,#4478,#5414,.T.);
#3563=EDGE_CURVE('',#4468,#4483,#5415,.T.);
#3564=EDGE_CURVE('',#4484,#4467,#5416,.T.);
#3565=EDGE_CURVE('',#4472,#4487,#5417,.T.);
#3566=EDGE_CURVE('',#4488,#4471,#5418,.T.);
#3567=EDGE_CURVE('',#4476,#4490,#5419,.T.);
#3568=EDGE_CURVE('',#4492,#4474,#5420,.T.);
#3569=EDGE_CURVE('',#4496,#4523,#5421,.T.);
#3570=EDGE_CURVE('',#4524,#4495,#5422,.T.);
#3571=EDGE_CURVE('',#4508,#4519,#5423,.T.);
#3572=EDGE_CURVE('',#4520,#4507,#5424,.T.);
#3573=EDGE_CURVE('',#4504,#4515,#5425,.T.);
#3574=EDGE_CURVE('',#4516,#4503,#5426,.T.);
#3575=EDGE_CURVE('',#4500,#4511,#5427,.T.);
#3576=EDGE_CURVE('',#4512,#4499,#5428,.T.);
#3577=EDGE_CURVE('',#4561,#4566,#5429,.T.);
#3578=EDGE_CURVE('',#4567,#4566,#5430,.T.);
#3579=EDGE_CURVE('',#4562,#4567,#5431,.T.);
#3580=EDGE_CURVE('',#4414,#4510,#5432,.T.);
#3581=EDGE_CURVE('',#4513,#4415,#5433,.T.);
#3582=EDGE_CURVE('',#4568,#4563,#5434,.T.);
#3583=EDGE_CURVE('',#4568,#4411,#5435,.T.);
#3584=EDGE_CURVE('',#4565,#4568,#5436,.T.);
#3585=EDGE_CURVE('',#4500,#4564,#5437,.T.);
#3586=EDGE_CURVE('',#4498,#4456,#5438,.T.);
#3587=EDGE_CURVE('',#4457,#4501,#5439,.T.);
#3588=EDGE_CURVE('',#4502,#4569,#5440,.T.);
#3589=EDGE_CURVE('',#4570,#4505,#5441,.T.);
#3590=EDGE_CURVE('',#4570,#4569,#312,.T.);
#3591=EDGE_CURVE('',#4506,#4464,#5442,.T.);
#3592=EDGE_CURVE('',#4465,#4509,#5443,.T.);
#3593=EDGE_CURVE('',#4571,#4549,#5444,.T.);
#3594=EDGE_CURVE('',#4571,#4045,#5445,.T.);
#3595=EDGE_CURVE('',#4470,#4572,#5446,.T.);
#3596=EDGE_CURVE('',#4573,#4473,#5447,.T.);
#3597=EDGE_CURVE('',#4573,#4572,#313,.T.);
#3598=EDGE_CURVE('',#4466,#4458,#5448,.T.);
#3599=EDGE_CURVE('',#4459,#4469,#5449,.T.);
#3600=EDGE_CURVE('',#4481,#4443,#5450,.T.);
#3601=EDGE_CURVE('',#4526,#4408,#5451,.T.);
#3602=EDGE_CURVE('',#4574,#4575,#5452,.F.);
#3603=EDGE_CURVE('',#4574,#4576,#42,.T.);
#3604=EDGE_CURVE('',#4577,#4576,#314,.T.);
#3605=EDGE_CURVE('',#4577,#4578,#43,.T.);
#3606=EDGE_CURVE('',#4579,#4578,#5453,.T.);
#3607=EDGE_CURVE('',#4580,#4579,#44,.T.);
#3608=EDGE_CURVE('',#4581,#4580,#315,.F.);
#3609=EDGE_CURVE('',#4575,#4581,#45,.T.);
#3610=EDGE_CURVE('',#4582,#4583,#5454,.F.);
#3611=EDGE_CURVE('',#4582,#4584,#46,.T.);
#3612=EDGE_CURVE('',#4585,#4584,#316,.T.);
#3613=EDGE_CURVE('',#4585,#4586,#47,.T.);
#3614=EDGE_CURVE('',#4587,#4586,#5455,.T.);
#3615=EDGE_CURVE('',#4588,#4587,#48,.T.);
#3616=EDGE_CURVE('',#4589,#4588,#317,.F.);
#3617=EDGE_CURVE('',#4583,#4589,#49,.T.);
#3618=EDGE_CURVE('',#4375,#4590,#5456,.F.);
#3619=EDGE_CURVE('',#4374,#4373,#318,.T.);
#3620=EDGE_CURVE('',#4591,#4378,#5457,.T.);
#3621=EDGE_CURVE('',#4592,#4591,#50,.T.);
#3622=EDGE_CURVE('',#4592,#4593,#51,.F.);
#3623=EDGE_CURVE('',#4590,#4593,#52,.T.);
#3624=EDGE_CURVE('',#4397,#4594,#5458,.F.);
#3625=EDGE_CURVE('',#4396,#4395,#319,.T.);
#3626=EDGE_CURVE('',#4595,#4400,#5459,.T.);
#3627=EDGE_CURVE('',#4596,#4595,#53,.T.);
#3628=EDGE_CURVE('',#4597,#4596,#320,.F.);
#3629=EDGE_CURVE('',#4594,#4597,#54,.T.);
#3630=EDGE_CURVE('',#4499,#4555,#5460,.T.);
#3631=EDGE_CURVE('',#4598,#4527,#5461,.T.);
#3632=EDGE_CURVE('',#4598,#4008,#5462,.T.);
#3633=EDGE_CURVE('',#4598,#4599,#321,.T.);
#3634=EDGE_CURVE('',#4599,#4009,#5463,.T.);
#3635=EDGE_CURVE('',#4528,#4531,#5464,.T.);
#3636=EDGE_CURVE('',#4529,#4599,#5465,.T.);
#3637=EDGE_CURVE('',#4467,#4530,#5466,.T.);
#3638=EDGE_CURVE('',#4468,#4535,#5467,.T.);
#3639=EDGE_CURVE('',#4471,#4534,#5468,.T.);
#3640=EDGE_CURVE('',#4572,#4026,#5469,.T.);
#3641=EDGE_CURVE('',#4573,#4027,#5470,.T.);
#3642=EDGE_CURVE('',#4472,#4541,#5471,.T.);
#3643=EDGE_CURVE('',#4474,#4540,#5472,.T.);
#3644=EDGE_CURVE('',#4460,#4475,#5473,.T.);
#3645=EDGE_CURVE('',#4476,#4543,#5474,.T.);
#3646=EDGE_CURVE('',#4477,#4461,#5475,.T.);
#3647=EDGE_CURVE('',#4495,#4542,#5476,.T.);
#3648=EDGE_CURVE('',#4494,#4600,#5477,.T.);
#3649=EDGE_CURVE('',#4600,#4044,#5478,.T.);
#3650=EDGE_CURVE('',#4600,#4571,#322,.T.);
#3651=EDGE_CURVE('',#4507,#4548,#5479,.T.);
#3652=EDGE_CURVE('',#4508,#4552,#5480,.T.);
#3653=EDGE_CURVE('',#4503,#4551,#5481,.T.);
#3654=EDGE_CURVE('',#4569,#3984,#5482,.T.);
#3655=EDGE_CURVE('',#4570,#3985,#5483,.T.);
#3656=EDGE_CURVE('',#4504,#4556,#5484,.T.);
#3657=EDGE_CURVE('',#4442,#4479,#5485,.T.);
#3658=EDGE_CURVE('',#4438,#4482,#5486,.T.);
#3659=EDGE_CURVE('',#4485,#4439,#5487,.T.);
#3660=EDGE_CURVE('',#4434,#4486,#5488,.T.);
#3661=EDGE_CURVE('',#4489,#4435,#5489,.T.);
#3662=EDGE_CURVE('',#4430,#4491,#5490,.T.);
#3663=EDGE_CURVE('',#4493,#4431,#5491,.T.);
#3664=EDGE_CURVE('',#4426,#4522,#5492,.T.);
#3665=EDGE_CURVE('',#4525,#4427,#5493,.T.);
#3666=EDGE_CURVE('',#4422,#4518,#5494,.T.);
#3667=EDGE_CURVE('',#4521,#4423,#5495,.T.);
#3668=EDGE_CURVE('',#4418,#4514,#5496,.T.);
#3669=EDGE_CURVE('',#4517,#4419,#5497,.T.);
#3670=EDGE_CURVE('',#4567,#4601,#5498,.T.);
#3671=EDGE_CURVE('',#4602,#4566,#5499,.T.);
#3672=EDGE_CURVE('',#4602,#4601,#5500,.T.);
#3673=EDGE_CURVE('',#4602,#4558,#5501,.T.);
#3674=EDGE_CURVE('',#4601,#4557,#5502,.T.);
#3675=EDGE_CURVE('',#4497,#4550,#5503,.T.);
#3676=EDGE_CURVE('',#4462,#4603,#5504,.T.);
#3677=EDGE_CURVE('',#4603,#4604,#5505,.T.);
#3678=EDGE_CURVE('',#4604,#4605,#5506,.T.);
#3679=EDGE_CURVE('',#4606,#4605,#5507,.T.);
#3680=EDGE_CURVE('',#4463,#4606,#5508,.T.);
#3681=EDGE_CURVE('',#4605,#4051,#5509,.T.);
#3682=EDGE_CURVE('',#4050,#4606,#5510,.T.);
#3683=EDGE_CURVE('',#3978,#4604,#5511,.T.);
#3684=EDGE_CURVE('',#4603,#3979,#5512,.T.);
#3685=EDGE_CURVE('',#4604,#4607,#5513,.T.);
#3686=EDGE_CURVE('',#4608,#4607,#55,.F.);
#3687=EDGE_CURVE('',#4605,#4608,#5514,.T.);
#3688=EDGE_CURVE('',#4607,#3976,#5515,.T.);
#3689=EDGE_CURVE('',#4608,#4052,#5516,.T.);
#3690=EDGE_CURVE('',#4359,#4609,#5517,.T.);
#3691=EDGE_CURVE('',#4610,#4609,#5518,.T.);
#3692=EDGE_CURVE('',#4611,#4610,#5519,.T.);
#3693=EDGE_CURVE('',#4607,#4611,#56,.F.);
#3694=EDGE_CURVE('',#4612,#4610,#5520,.T.);
#3695=EDGE_CURVE('',#4613,#4612,#5521,.T.);
#3696=EDGE_CURVE('',#4613,#4611,#57,.T.);
#3697=EDGE_CURVE('',#4360,#4614,#5522,.T.);
#3698=EDGE_CURVE('',#4609,#4614,#5523,.T.);
#3699=EDGE_CURVE('',#4608,#4615,#58,.T.);
#3700=EDGE_CURVE('',#4615,#4613,#59,.T.);
#3701=EDGE_CURVE('',#4614,#4612,#5524,.T.);
#3702=EDGE_CURVE('',#4616,#4590,#323,.T.);
#3703=EDGE_CURVE('',#4617,#4591,#324,.T.);
#3704=EDGE_CURVE('',#4617,#4616,#5525,.T.);
#3705=EDGE_CURVE('',#4618,#4377,#5526,.T.);
#3706=EDGE_CURVE('',#4618,#4619,#5527,.T.);
#3707=EDGE_CURVE('',#4619,#4617,#5528,.T.);
#3708=EDGE_CURVE('',#4620,#4616,#5529,.T.);
#3709=EDGE_CURVE('',#4620,#4621,#5530,.T.);
#3710=EDGE_CURVE('',#4621,#4376,#5531,.T.);
#3711=EDGE_CURVE('',#4369,#4367,#5532,.T.);
#3712=EDGE_CURVE('',#4619,#4620,#5533,.T.);
#3713=EDGE_CURVE('',#4621,#4618,#5534,.T.);
#3714=EDGE_CURVE('',#4379,#4363,#5535,.T.);
#3715=EDGE_CURVE('',#4622,#4594,#325,.T.);
#3716=EDGE_CURVE('',#4596,#4597,#5536,.T.);
#3717=EDGE_CURVE('',#4623,#4595,#326,.T.);
#3718=EDGE_CURVE('',#4623,#4622,#5537,.T.);
#3719=EDGE_CURVE('',#4624,#4399,#5538,.T.);
#3720=EDGE_CURVE('',#4624,#4625,#5539,.T.);
#3721=EDGE_CURVE('',#4625,#4623,#5540,.T.);
#3722=EDGE_CURVE('',#4626,#4622,#5541,.T.);
#3723=EDGE_CURVE('',#4626,#4627,#5542,.T.);
#3724=EDGE_CURVE('',#4627,#4398,#5543,.T.);
#3725=EDGE_CURVE('',#4384,#4387,#5544,.T.);
#3726=EDGE_CURVE('',#4386,#4385,#5545,.T.);
#3727=EDGE_CURVE('',#4625,#4626,#5546,.T.);
#3728=EDGE_CURVE('',#4627,#4624,#5547,.T.);
#3729=EDGE_CURVE('',#4382,#4390,#60,.F.);
#3730=EDGE_CURVE('',#4383,#4388,#61,.T.);
#3731=EDGE_CURVE('',#4393,#4392,#5548,.T.);
#3732=EDGE_CURVE('',#4454,#4628,#5549,.T.);
#3733=EDGE_CURVE('',#4628,#4629,#5550,.T.);
#3734=EDGE_CURVE('',#4629,#4630,#5551,.T.);
#3735=EDGE_CURVE('',#4631,#4630,#5552,.T.);
#3736=EDGE_CURVE('',#4455,#4631,#5553,.T.);
#3737=EDGE_CURVE('',#3996,#4629,#5554,.T.);
#3738=EDGE_CURVE('',#4628,#3997,#5555,.T.);
#3739=EDGE_CURVE('',#4630,#3991,#5556,.T.);
#3740=EDGE_CURVE('',#3990,#4631,#5557,.T.);
#3741=EDGE_CURVE('',#4629,#4632,#5558,.T.);
#3742=EDGE_CURVE('',#4633,#4632,#62,.F.);
#3743=EDGE_CURVE('',#4630,#4633,#5559,.T.);
#3744=EDGE_CURVE('',#3992,#4633,#5560,.T.);
#3745=EDGE_CURVE('',#4632,#3995,#5561,.T.);
#3746=EDGE_CURVE('',#4634,#4635,#5562,.T.);
#3747=EDGE_CURVE('',#4634,#4636,#63,.T.);
#3748=EDGE_CURVE('',#4636,#4637,#5563,.T.);
#3749=EDGE_CURVE('',#4635,#4637,#5564,.T.);
#3750=EDGE_CURVE('',#4632,#4636,#64,.F.);
#3751=EDGE_CURVE('',#4403,#4638,#5565,.T.);
#3752=EDGE_CURVE('',#4637,#4638,#5566,.T.);
#3753=EDGE_CURVE('',#4404,#4639,#5567,.T.);
#3754=EDGE_CURVE('',#4638,#4639,#5568,.T.);
#3755=EDGE_CURVE('',#4633,#4640,#65,.T.);
#3756=EDGE_CURVE('',#4640,#4634,#66,.T.);
#3757=EDGE_CURVE('',#4639,#4635,#5569,.T.);
#3758=EDGE_CURVE('',#4641,#4582,#327,.T.);
#3759=EDGE_CURVE('',#4641,#4642,#5570,.T.);
#3760=EDGE_CURVE('',#4642,#4586,#328,.T.);
#3761=EDGE_CURVE('',#4584,#4585,#5571,.T.);
#3762=EDGE_CURVE('',#4643,#4583,#329,.T.);
#3763=EDGE_CURVE('',#4588,#4589,#5572,.T.);
#3764=EDGE_CURVE('',#4644,#4587,#330,.T.);
#3765=EDGE_CURVE('',#4644,#4643,#5573,.T.);
#3766=EDGE_CURVE('',#4645,#4642,#5574,.T.);
#3767=EDGE_CURVE('',#4645,#4646,#5575,.T.);
#3768=EDGE_CURVE('',#4646,#4644,#5576,.T.);
#3769=EDGE_CURVE('',#4647,#4643,#5577,.T.);
#3770=EDGE_CURVE('',#4647,#4648,#5578,.T.);
#3771=EDGE_CURVE('',#4648,#4641,#5579,.T.);
#3772=EDGE_CURVE('',#4646,#4647,#5580,.T.);
#3773=EDGE_CURVE('',#4648,#4645,#5581,.T.);
#3774=EDGE_CURVE('',#4649,#4574,#331,.T.);
#3775=EDGE_CURVE('',#4649,#4650,#5582,.T.);
#3776=EDGE_CURVE('',#4650,#4578,#332,.T.);
#3777=EDGE_CURVE('',#4576,#4577,#5583,.T.);
#3778=EDGE_CURVE('',#4651,#4575,#333,.T.);
#3779=EDGE_CURVE('',#4580,#4581,#5584,.T.);
#3780=EDGE_CURVE('',#4652,#4579,#334,.T.);
#3781=EDGE_CURVE('',#4652,#4651,#5585,.T.);
#3782=EDGE_CURVE('',#4653,#4650,#5586,.T.);
#3783=EDGE_CURVE('',#4653,#4654,#5587,.T.);
#3784=EDGE_CURVE('',#4654,#4652,#5588,.T.);
#3785=EDGE_CURVE('',#4655,#4651,#5589,.T.);
#3786=EDGE_CURVE('',#4655,#4656,#5590,.T.);
#3787=EDGE_CURVE('',#4656,#4649,#5591,.T.);
#3788=EDGE_CURVE('',#4654,#4655,#5592,.T.);
#3789=EDGE_CURVE('',#4656,#4653,#5593,.T.);
#3790=EDGE_CURVE('',#4065,#4657,#67,.T.);
#3791=EDGE_CURVE('',#4066,#4658,#68,.F.);
#3792=EDGE_CURVE('',#4657,#4658,#69,.T.);
#3793=EDGE_CURVE('',#4659,#4660,#5594,.T.);
#3794=EDGE_CURVE('',#4660,#4661,#5595,.T.);
#3795=EDGE_CURVE('',#4661,#4662,#5596,.T.);
#3796=EDGE_CURVE('',#4662,#4659,#5597,.T.);
#3797=EDGE_CURVE('',#4663,#4664,#5598,.T.);
#3798=EDGE_CURVE('',#4665,#4663,#5599,.T.);
#3799=EDGE_CURVE('',#4666,#4665,#5600,.T.);
#3800=EDGE_CURVE('',#4664,#4666,#5601,.T.);
#3801=EDGE_CURVE('',#4667,#4668,#70,.F.);
#3802=EDGE_CURVE('',#4668,#4669,#71,.F.);
#3803=EDGE_CURVE('',#4669,#4670,#72,.F.);
#3804=EDGE_CURVE('',#4671,#4670,#73,.T.);
#3805=EDGE_CURVE('',#4667,#4671,#74,.T.);
#3806=EDGE_CURVE('',#4670,#4662,#5602,.T.);
#3807=EDGE_CURVE('',#4668,#4067,#5603,.T.);
#3808=EDGE_CURVE('',#4657,#4659,#5604,.T.);
#3809=EDGE_CURVE('',#4671,#4661,#5605,.T.);
#3810=EDGE_CURVE('',#4658,#4660,#5606,.T.);
#3811=EDGE_CURVE('',#4074,#4667,#5607,.T.);
#3812=EDGE_CURVE('',#4073,#4672,#5608,.T.);
#3813=EDGE_CURVE('',#4072,#4673,#5609,.T.);
#3814=EDGE_CURVE('',#4673,#4674,#5610,.T.);
#3815=EDGE_CURVE('',#4674,#4672,#5611,.T.);
#3816=EDGE_CURVE('',#4675,#4068,#5612,.T.);
#3817=EDGE_CURVE('',#4676,#4675,#5613,.T.);
#3818=EDGE_CURVE('',#4676,#4069,#5614,.T.);
#3819=EDGE_CURVE('',#4666,#4677,#5615,.T.);
#3820=EDGE_CURVE('',#4665,#4678,#5616,.T.);
#3821=EDGE_CURVE('',#4677,#4678,#5617,.T.);
#3822=EDGE_CURVE('',#4679,#4680,#5618,.T.);
#3823=EDGE_CURVE('',#4663,#4679,#5619,.T.);
#3824=EDGE_CURVE('',#4664,#4680,#5620,.T.);
#3825=EDGE_CURVE('',#4677,#4681,#335,.T.);
#3826=EDGE_CURVE('',#4678,#4682,#336,.T.);
#3827=EDGE_CURVE('',#4681,#4682,#5621,.T.);
#3828=EDGE_CURVE('',#4679,#4070,#337,.T.);
#3829=EDGE_CURVE('',#4680,#4071,#338,.T.);
#3830=EDGE_CURVE('',#4682,#4676,#5622,.T.);
#3831=EDGE_CURVE('',#4674,#4675,#5623,.T.);
#3832=EDGE_CURVE('',#4675,#4668,#5624,.T.);
#3833=EDGE_CURVE('',#4672,#4667,#5625,.T.);
#3834=EDGE_CURVE('',#4681,#4673,#5626,.T.);
#3835=EDGE_CURVE('',#3966,#4683,#75,.T.);
#3836=EDGE_CURVE('',#3967,#4684,#76,.F.);
#3837=EDGE_CURVE('',#4683,#4684,#77,.T.);
#3838=EDGE_CURVE('',#4685,#4686,#5627,.T.);
#3839=EDGE_CURVE('',#4686,#4687,#5628,.T.);
#3840=EDGE_CURVE('',#4687,#4688,#5629,.T.);
#3841=EDGE_CURVE('',#4688,#4685,#5630,.T.);
#3842=EDGE_CURVE('',#4689,#4690,#5631,.T.);
#3843=EDGE_CURVE('',#4691,#4689,#5632,.T.);
#3844=EDGE_CURVE('',#4692,#4691,#5633,.T.);
#3845=EDGE_CURVE('',#4690,#4692,#5634,.T.);
#3846=EDGE_CURVE('',#4693,#4694,#78,.F.);
#3847=EDGE_CURVE('',#4694,#4695,#79,.F.);
#3848=EDGE_CURVE('',#4695,#4696,#80,.F.);
#3849=EDGE_CURVE('',#4697,#4696,#81,.T.);
#3850=EDGE_CURVE('',#4693,#4697,#82,.T.);
#3851=EDGE_CURVE('',#4683,#4687,#5635,.T.);
#3852=EDGE_CURVE('',#4684,#4688,#5636,.T.);
#3853=EDGE_CURVE('',#4696,#4686,#5637,.T.);
#3854=EDGE_CURVE('',#3968,#4694,#5638,.T.);
#3855=EDGE_CURVE('',#4697,#4685,#5639,.T.);
#3856=EDGE_CURVE('',#3975,#4693,#5640,.T.);
#3857=EDGE_CURVE('',#4698,#3969,#5641,.T.);
#3858=EDGE_CURVE('',#4699,#4698,#5642,.T.);
#3859=EDGE_CURVE('',#4699,#3970,#5643,.T.);
#3860=EDGE_CURVE('',#3974,#4700,#5644,.T.);
#3861=EDGE_CURVE('',#3973,#4701,#5645,.T.);
#3862=EDGE_CURVE('',#4701,#4700,#5646,.T.);
#3863=EDGE_CURVE('',#4692,#4702,#5647,.T.);
#3864=EDGE_CURVE('',#4691,#4703,#5648,.T.);
#3865=EDGE_CURVE('',#4702,#4703,#5649,.T.);
#3866=EDGE_CURVE('',#4704,#4705,#5650,.T.);
#3867=EDGE_CURVE('',#4689,#4704,#5651,.T.);
#3868=EDGE_CURVE('',#4690,#4705,#5652,.T.);
#3869=EDGE_CURVE('',#4702,#3971,#339,.T.);
#3870=EDGE_CURVE('',#4703,#3972,#340,.T.);
#3871=EDGE_CURVE('',#4706,#4707,#5653,.T.);
#3872=EDGE_CURVE('',#4704,#4706,#341,.T.);
#3873=EDGE_CURVE('',#4705,#4707,#342,.T.);
#3874=EDGE_CURVE('',#4706,#4701,#5654,.T.);
#3875=EDGE_CURVE('',#4707,#4699,#5655,.T.);
#3876=EDGE_CURVE('',#4700,#4698,#5656,.T.);
#3877=EDGE_CURVE('',#4700,#4693,#5657,.T.);
#3878=EDGE_CURVE('',#4698,#4694,#5658,.T.);
#3879=EDGE_CURVE('',#4076,#4708,#83,.T.);
#3880=EDGE_CURVE('',#4084,#4709,#84,.F.);
#3881=EDGE_CURVE('',#4708,#4709,#85,.T.);
#3882=EDGE_CURVE('',#4710,#4711,#5659,.T.);
#3883=EDGE_CURVE('',#4711,#4712,#5660,.T.);
#3884=EDGE_CURVE('',#4712,#4713,#5661,.T.);
#3885=EDGE_CURVE('',#4713,#4710,#5662,.T.);
#3886=EDGE_CURVE('',#4714,#4715,#5663,.T.);
#3887=EDGE_CURVE('',#4716,#4714,#5664,.T.);
#3888=EDGE_CURVE('',#4717,#4716,#5665,.T.);
#3889=EDGE_CURVE('',#4715,#4717,#5666,.T.);
#3890=EDGE_CURVE('',#4718,#4719,#86,.F.);
#3891=EDGE_CURVE('',#4719,#4720,#87,.F.);
#3892=EDGE_CURVE('',#4721,#4720,#88,.T.);
#3893=EDGE_CURVE('',#4722,#4721,#89,.T.);
#3894=EDGE_CURVE('',#4718,#4722,#90,.T.);
#3895=EDGE_CURVE('',#4720,#4713,#5667,.T.);
#3896=EDGE_CURVE('',#4719,#4075,#5668,.T.);
#3897=EDGE_CURVE('',#4708,#4710,#5669,.T.);
#3898=EDGE_CURVE('',#4721,#4712,#5670,.T.);
#3899=EDGE_CURVE('',#4709,#4711,#5671,.T.);
#3900=EDGE_CURVE('',#4083,#4718,#5672,.T.);
#3901=EDGE_CURVE('',#4082,#4723,#5673,.T.);
#3902=EDGE_CURVE('',#4081,#4724,#5674,.T.);
#3903=EDGE_CURVE('',#4724,#4723,#5675,.T.);
#3904=EDGE_CURVE('',#4725,#4077,#5676,.T.);
#3905=EDGE_CURVE('',#4726,#4725,#5677,.T.);
#3906=EDGE_CURVE('',#4726,#4078,#5678,.T.);
#3907=EDGE_CURVE('',#4717,#4727,#5679,.T.);
#3908=EDGE_CURVE('',#4716,#4728,#5680,.T.);
#3909=EDGE_CURVE('',#4727,#4728,#5681,.T.);
#3910=EDGE_CURVE('',#4729,#4730,#5682,.T.);
#3911=EDGE_CURVE('',#4714,#4729,#5683,.T.);
#3912=EDGE_CURVE('',#4715,#4730,#5684,.T.);
#3913=EDGE_CURVE('',#4727,#4731,#343,.T.);
#3914=EDGE_CURVE('',#4728,#4732,#344,.T.);
#3915=EDGE_CURVE('',#4731,#4732,#5685,.T.);
#3916=EDGE_CURVE('',#4729,#4079,#345,.T.);
#3917=EDGE_CURVE('',#4730,#4080,#346,.T.);
#3918=EDGE_CURVE('',#4732,#4726,#5686,.T.);
#3919=EDGE_CURVE('',#4723,#4725,#5687,.T.);
#3920=EDGE_CURVE('',#4731,#4724,#5688,.T.);
#3921=EDGE_CURVE('',#4723,#4718,#5689,.T.);
#3922=EDGE_CURVE('',#4725,#4719,#5690,.T.);
#3923=EDGE_CURVE('',#4058,#4733,#91,.T.);
#3924=EDGE_CURVE('',#4057,#4734,#92,.F.);
#3925=EDGE_CURVE('',#4733,#4734,#93,.T.);
#3926=EDGE_CURVE('',#4735,#4736,#5691,.T.);
#3927=EDGE_CURVE('',#4736,#4737,#5692,.T.);
#3928=EDGE_CURVE('',#4737,#4738,#5693,.T.);
#3929=EDGE_CURVE('',#4738,#4735,#5694,.T.);
#3930=EDGE_CURVE('',#4739,#4740,#5695,.T.);
#3931=EDGE_CURVE('',#4741,#4739,#5696,.T.);
#3932=EDGE_CURVE('',#4742,#4741,#5697,.T.);
#3933=EDGE_CURVE('',#4740,#4742,#5698,.T.);
#3934=EDGE_CURVE('',#4743,#4744,#94,.F.);
#3935=EDGE_CURVE('',#4744,#4745,#95,.F.);
#3936=EDGE_CURVE('',#4746,#4745,#96,.T.);
#3937=EDGE_CURVE('',#4743,#4746,#97,.T.);
#3938=EDGE_CURVE('',#4734,#4738,#5699,.T.);
#3939=EDGE_CURVE('',#4743,#4056,#5700,.T.);
#3940=EDGE_CURVE('',#4746,#4735,#5701,.T.);
#3941=EDGE_CURVE('',#4733,#4737,#5702,.T.);
#3942=EDGE_CURVE('',#4745,#4736,#5703,.T.);
#3943=EDGE_CURVE('',#4744,#4059,#5704,.T.);
#3944=EDGE_CURVE('',#4055,#4747,#5705,.T.);
#3945=EDGE_CURVE('',#4064,#4748,#5706,.T.);
#3946=EDGE_CURVE('',#4748,#4747,#5707,.T.);
#3947=EDGE_CURVE('',#4749,#4060,#5708,.T.);
#3948=EDGE_CURVE('',#4750,#4749,#5709,.T.);
#3949=EDGE_CURVE('',#4750,#4061,#5710,.T.);
#3950=EDGE_CURVE('',#4742,#4751,#5711,.T.);
#3951=EDGE_CURVE('',#4741,#4752,#5712,.T.);
#3952=EDGE_CURVE('',#4751,#4752,#5713,.T.);
#3953=EDGE_CURVE('',#4753,#4754,#5714,.T.);
#3954=EDGE_CURVE('',#4739,#4753,#5715,.T.);
#3955=EDGE_CURVE('',#4740,#4754,#5716,.T.);
#3956=EDGE_CURVE('',#4751,#4062,#347,.T.);
#3957=EDGE_CURVE('',#4752,#4063,#348,.T.);
#3958=EDGE_CURVE('',#4755,#4756,#5717,.T.);
#3959=EDGE_CURVE('',#4753,#4755,#349,.T.);
#3960=EDGE_CURVE('',#4754,#4756,#350,.T.);
#3961=EDGE_CURVE('',#4755,#4748,#5718,.T.);
#3962=EDGE_CURVE('',#4756,#4750,#5719,.T.);
#3963=EDGE_CURVE('',#4747,#4749,#5720,.T.);
#3964=EDGE_CURVE('',#4749,#4744,#5721,.T.);
#3965=EDGE_CURVE('',#4747,#4743,#5722,.T.);
#3966=VERTEX_POINT('',#14064);
#3967=VERTEX_POINT('',#14065);
#3968=VERTEX_POINT('',#14067);
#3969=VERTEX_POINT('',#14069);
#3970=VERTEX_POINT('',#14071);
#3971=VERTEX_POINT('',#14073);
#3972=VERTEX_POINT('',#14075);
#3973=VERTEX_POINT('',#14077);
#3974=VERTEX_POINT('',#14079);
#3975=VERTEX_POINT('',#14081);
#3976=VERTEX_POINT('',#14084);
#3977=VERTEX_POINT('',#14085);
#3978=VERTEX_POINT('',#14087);
#3979=VERTEX_POINT('',#14089);
#3980=VERTEX_POINT('',#14091);
#3981=VERTEX_POINT('',#14093);
#3982=VERTEX_POINT('',#14095);
#3983=VERTEX_POINT('',#14097);
#3984=VERTEX_POINT('',#14099);
#3985=VERTEX_POINT('',#14101);
#3986=VERTEX_POINT('',#14103);
#3987=VERTEX_POINT('',#14105);
#3988=VERTEX_POINT('',#14107);
#3989=VERTEX_POINT('',#14109);
#3990=VERTEX_POINT('',#14111);
#3991=VERTEX_POINT('',#14113);
#3992=VERTEX_POINT('',#14115);
#3993=VERTEX_POINT('',#14117);
#3994=VERTEX_POINT('',#14119);
#3995=VERTEX_POINT('',#14121);
#3996=VERTEX_POINT('',#14123);
#3997=VERTEX_POINT('',#14125);
#3998=VERTEX_POINT('',#14127);
#3999=VERTEX_POINT('',#14129);
#4000=VERTEX_POINT('',#14131);
#4001=VERTEX_POINT('',#14133);
#4002=VERTEX_POINT('',#14135);
#4003=VERTEX_POINT('',#14137);
#4004=VERTEX_POINT('',#14139);
#4005=VERTEX_POINT('',#14141);
#4006=VERTEX_POINT('',#14143);
#4007=VERTEX_POINT('',#14145);
#4008=VERTEX_POINT('',#14147);
#4009=VERTEX_POINT('',#14149);
#4010=VERTEX_POINT('',#14151);
#4011=VERTEX_POINT('',#14153);
#4012=VERTEX_POINT('',#14155);
#4013=VERTEX_POINT('',#14157);
#4014=VERTEX_POINT('',#14159);
#4015=VERTEX_POINT('',#14161);
#4016=VERTEX_POINT('',#14163);
#4017=VERTEX_POINT('',#14165);
#4018=VERTEX_POINT('',#14167);
#4019=VERTEX_POINT('',#14169);
#4020=VERTEX_POINT('',#14171);
#4021=VERTEX_POINT('',#14173);
#4022=VERTEX_POINT('',#14175);
#4023=VERTEX_POINT('',#14177);
#4024=VERTEX_POINT('',#14179);
#4025=VERTEX_POINT('',#14181);
#4026=VERTEX_POINT('',#14183);
#4027=VERTEX_POINT('',#14185);
#4028=VERTEX_POINT('',#14187);
#4029=VERTEX_POINT('',#14189);
#4030=VERTEX_POINT('',#14191);
#4031=VERTEX_POINT('',#14193);
#4032=VERTEX_POINT('',#14195);
#4033=VERTEX_POINT('',#14197);
#4034=VERTEX_POINT('',#14199);
#4035=VERTEX_POINT('',#14201);
#4036=VERTEX_POINT('',#14203);
#4037=VERTEX_POINT('',#14205);
#4038=VERTEX_POINT('',#14207);
#4039=VERTEX_POINT('',#14209);
#4040=VERTEX_POINT('',#14211);
#4041=VERTEX_POINT('',#14213);
#4042=VERTEX_POINT('',#14215);
#4043=VERTEX_POINT('',#14217);
#4044=VERTEX_POINT('',#14219);
#4045=VERTEX_POINT('',#14221);
#4046=VERTEX_POINT('',#14223);
#4047=VERTEX_POINT('',#14225);
#4048=VERTEX_POINT('',#14227);
#4049=VERTEX_POINT('',#14229);
#4050=VERTEX_POINT('',#14231);
#4051=VERTEX_POINT('',#14233);
#4052=VERTEX_POINT('',#14235);
#4053=VERTEX_POINT('',#14237);
#4054=VERTEX_POINT('',#14239);
#4055=VERTEX_POINT('',#14242);
#4056=VERTEX_POINT('',#14243);
#4057=VERTEX_POINT('',#14245);
#4058=VERTEX_POINT('',#14247);
#4059=VERTEX_POINT('',#14249);
#4060=VERTEX_POINT('',#14251);
#4061=VERTEX_POINT('',#14253);
#4062=VERTEX_POINT('',#14255);
#4063=VERTEX_POINT('',#14257);
#4064=VERTEX_POINT('',#14259);
#4065=VERTEX_POINT('',#14262);
#4066=VERTEX_POINT('',#14263);
#4067=VERTEX_POINT('',#14265);
#4068=VERTEX_POINT('',#14267);
#4069=VERTEX_POINT('',#14269);
#4070=VERTEX_POINT('',#14271);
#4071=VERTEX_POINT('',#14273);
#4072=VERTEX_POINT('',#14275);
#4073=VERTEX_POINT('',#14277);
#4074=VERTEX_POINT('',#14279);
#4075=VERTEX_POINT('',#14282);
#4076=VERTEX_POINT('',#14283);
#4077=VERTEX_POINT('',#14285);
#4078=VERTEX_POINT('',#14287);
#4079=VERTEX_POINT('',#14289);
#4080=VERTEX_POINT('',#14291);
#4081=VERTEX_POINT('',#14293);
#4082=VERTEX_POINT('',#14295);
#4083=VERTEX_POINT('',#14297);
#4084=VERTEX_POINT('',#14299);
#4085=VERTEX_POINT('',#14303);
#4086=VERTEX_POINT('',#14304);
#4087=VERTEX_POINT('',#14307);
#4088=VERTEX_POINT('',#14309);
#4089=VERTEX_POINT('',#14311);
#4090=VERTEX_POINT('',#14313);
#4091=VERTEX_POINT('',#14316);
#4092=VERTEX_POINT('',#14317);
#4093=VERTEX_POINT('',#14319);
#4094=VERTEX_POINT('',#14321);
#4095=VERTEX_POINT('',#14325);
#4096=VERTEX_POINT('',#14326);
#4097=VERTEX_POINT('',#14328);
#4098=VERTEX_POINT('',#14330);
#4099=VERTEX_POINT('',#14333);
#4100=VERTEX_POINT('',#14334);
#4101=VERTEX_POINT('',#14336);
#4102=VERTEX_POINT('',#14338);
#4103=VERTEX_POINT('',#14342);
#4104=VERTEX_POINT('',#14343);
#4105=VERTEX_POINT('',#14345);
#4106=VERTEX_POINT('',#14347);
#4107=VERTEX_POINT('',#14349);
#4108=VERTEX_POINT('',#14351);
#4109=VERTEX_POINT('',#14353);
#4110=VERTEX_POINT('',#14355);
#4111=VERTEX_POINT('',#14357);
#4112=VERTEX_POINT('',#14359);
#4113=VERTEX_POINT('',#14361);
#4114=VERTEX_POINT('',#14363);
#4115=VERTEX_POINT('',#14365);
#4116=VERTEX_POINT('',#14367);
#4117=VERTEX_POINT('',#14369);
#4118=VERTEX_POINT('',#14371);
#4119=VERTEX_POINT('',#14373);
#4120=VERTEX_POINT('',#14375);
#4121=VERTEX_POINT('',#14377);
#4122=VERTEX_POINT('',#14379);
#4123=VERTEX_POINT('',#14381);
#4124=VERTEX_POINT('',#14383);
#4125=VERTEX_POINT('',#14387);
#4126=VERTEX_POINT('',#14388);
#4127=VERTEX_POINT('',#14390);
#4128=VERTEX_POINT('',#14392);
#4129=VERTEX_POINT('',#14396);
#4130=VERTEX_POINT('',#14397);
#4131=VERTEX_POINT('',#14399);
#4132=VERTEX_POINT('',#14401);
#4133=VERTEX_POINT('',#14405);
#4134=VERTEX_POINT('',#14406);
#4135=VERTEX_POINT('',#14408);
#4136=VERTEX_POINT('',#14410);
#4137=VERTEX_POINT('',#14414);
#4138=VERTEX_POINT('',#14415);
#4139=VERTEX_POINT('',#14417);
#4140=VERTEX_POINT('',#14419);
#4141=VERTEX_POINT('',#14423);
#4142=VERTEX_POINT('',#14424);
#4143=VERTEX_POINT('',#14426);
#4144=VERTEX_POINT('',#14428);
#4145=VERTEX_POINT('',#14432);
#4146=VERTEX_POINT('',#14433);
#4147=VERTEX_POINT('',#14435);
#4148=VERTEX_POINT('',#14437);
#4149=VERTEX_POINT('',#14441);
#4150=VERTEX_POINT('',#14442);
#4151=VERTEX_POINT('',#14444);
#4152=VERTEX_POINT('',#14446);
#4153=VERTEX_POINT('',#14450);
#4154=VERTEX_POINT('',#14451);
#4155=VERTEX_POINT('',#14453);
#4156=VERTEX_POINT('',#14455);
#4157=VERTEX_POINT('',#14459);
#4158=VERTEX_POINT('',#14460);
#4159=VERTEX_POINT('',#14462);
#4160=VERTEX_POINT('',#14464);
#4161=VERTEX_POINT('',#14468);
#4162=VERTEX_POINT('',#14469);
#4163=VERTEX_POINT('',#14471);
#4164=VERTEX_POINT('',#14473);
#4165=VERTEX_POINT('',#14477);
#4166=VERTEX_POINT('',#14478);
#4167=VERTEX_POINT('',#14480);
#4168=VERTEX_POINT('',#14482);
#4169=VERTEX_POINT('',#14486);
#4170=VERTEX_POINT('',#14487);
#4171=VERTEX_POINT('',#14489);
#4172=VERTEX_POINT('',#14491);
#4173=VERTEX_POINT('',#14495);
#4174=VERTEX_POINT('',#14496);
#4175=VERTEX_POINT('',#14498);
#4176=VERTEX_POINT('',#14500);
#4177=VERTEX_POINT('',#14504);
#4178=VERTEX_POINT('',#14505);
#4179=VERTEX_POINT('',#14507);
#4180=VERTEX_POINT('',#14509);
#4181=VERTEX_POINT('',#14513);
#4182=VERTEX_POINT('',#14514);
#4183=VERTEX_POINT('',#14516);
#4184=VERTEX_POINT('',#14518);
#4185=VERTEX_POINT('',#14522);
#4186=VERTEX_POINT('',#14523);
#4187=VERTEX_POINT('',#14525);
#4188=VERTEX_POINT('',#14527);
#4189=VERTEX_POINT('',#14531);
#4190=VERTEX_POINT('',#14532);
#4191=VERTEX_POINT('',#14534);
#4192=VERTEX_POINT('',#14536);
#4193=VERTEX_POINT('',#14540);
#4194=VERTEX_POINT('',#14541);
#4195=VERTEX_POINT('',#14546);
#4196=VERTEX_POINT('',#14548);
#4197=VERTEX_POINT('',#14552);
#4198=VERTEX_POINT('',#14554);
#4199=VERTEX_POINT('',#14561);
#4200=VERTEX_POINT('',#14562);
#4201=VERTEX_POINT('',#14564);
#4202=VERTEX_POINT('',#14566);
#4203=VERTEX_POINT('',#14576);
#4204=VERTEX_POINT('',#14577);
#4205=VERTEX_POINT('',#14579);
#4206=VERTEX_POINT('',#14581);
#4207=VERTEX_POINT('',#14591);
#4208=VERTEX_POINT('',#14592);
#4209=VERTEX_POINT('',#14594);
#4210=VERTEX_POINT('',#14596);
#4211=VERTEX_POINT('',#14606);
#4212=VERTEX_POINT('',#14611);
#4213=VERTEX_POINT('',#14618);
#4214=VERTEX_POINT('',#14623);
#4215=VERTEX_POINT('',#14630);
#4216=VERTEX_POINT('',#14635);
#4217=VERTEX_POINT('',#14642);
#4218=VERTEX_POINT('',#14647);
#4219=VERTEX_POINT('',#14654);
#4220=VERTEX_POINT('',#14656);
#4221=VERTEX_POINT('',#14659);
#4222=VERTEX_POINT('',#14661);
#4223=VERTEX_POINT('',#14664);
#4224=VERTEX_POINT('',#14665);
#4225=VERTEX_POINT('',#14667);
#4226=VERTEX_POINT('',#14669);
#4227=VERTEX_POINT('',#14673);
#4228=VERTEX_POINT('',#14674);
#4229=VERTEX_POINT('',#14676);
#4230=VERTEX_POINT('',#14678);
#4231=VERTEX_POINT('',#14682);
#4232=VERTEX_POINT('',#14683);
#4233=VERTEX_POINT('',#14688);
#4234=VERTEX_POINT('',#14689);
#4235=VERTEX_POINT('',#14694);
#4236=VERTEX_POINT('',#14695);
#4237=VERTEX_POINT('',#14700);
#4238=VERTEX_POINT('',#14701);
#4239=VERTEX_POINT('',#14706);
#4240=VERTEX_POINT('',#14707);
#4241=VERTEX_POINT('',#14712);
#4242=VERTEX_POINT('',#14713);
#4243=VERTEX_POINT('',#14718);
#4244=VERTEX_POINT('',#14719);
#4245=VERTEX_POINT('',#14721);
#4246=VERTEX_POINT('',#14723);
#4247=VERTEX_POINT('',#14727);
#4248=VERTEX_POINT('',#14728);
#4249=VERTEX_POINT('',#14730);
#4250=VERTEX_POINT('',#14732);
#4251=VERTEX_POINT('',#14736);
#4252=VERTEX_POINT('',#14737);
#4253=VERTEX_POINT('',#14739);
#4254=VERTEX_POINT('',#14741);
#4255=VERTEX_POINT('',#14745);
#4256=VERTEX_POINT('',#14746);
#4257=VERTEX_POINT('',#14748);
#4258=VERTEX_POINT('',#14750);
#4259=VERTEX_POINT('',#14754);
#4260=VERTEX_POINT('',#14756);
#4261=VERTEX_POINT('',#14760);
#4262=VERTEX_POINT('',#14761);
#4263=VERTEX_POINT('',#14763);
#4264=VERTEX_POINT('',#14765);
#4265=VERTEX_POINT('',#14769);
#4266=VERTEX_POINT('',#14770);
#4267=VERTEX_POINT('',#14772);
#4268=VERTEX_POINT('',#14774);
#4269=VERTEX_POINT('',#14778);
#4270=VERTEX_POINT('',#14779);
#4271=VERTEX_POINT('',#14781);
#4272=VERTEX_POINT('',#14783);
#4273=VERTEX_POINT('',#14787);
#4274=VERTEX_POINT('',#14789);
#4275=VERTEX_POINT('',#14793);
#4276=VERTEX_POINT('',#14795);
#4277=VERTEX_POINT('',#14797);
#4278=VERTEX_POINT('',#14800);
#4279=VERTEX_POINT('',#14803);
#4280=VERTEX_POINT('',#14805);
#4281=VERTEX_POINT('',#14808);
#4282=VERTEX_POINT('',#14810);
#4283=VERTEX_POINT('',#14813);
#4284=VERTEX_POINT('',#14816);
#4285=VERTEX_POINT('',#14818);
#4286=VERTEX_POINT('',#14821);
#4287=VERTEX_POINT('',#14823);
#4288=VERTEX_POINT('',#14826);
#4289=VERTEX_POINT('',#14828);
#4290=VERTEX_POINT('',#14831);
#4291=VERTEX_POINT('',#14835);
#4292=VERTEX_POINT('',#14836);
#4293=VERTEX_POINT('',#14838);
#4294=VERTEX_POINT('',#14840);
#4295=VERTEX_POINT('',#14846);
#4296=VERTEX_POINT('',#14847);
#4297=VERTEX_POINT('',#14851);
#4298=VERTEX_POINT('',#14853);
#4299=VERTEX_POINT('',#14857);
#4300=VERTEX_POINT('',#14858);
#4301=VERTEX_POINT('',#14860);
#4302=VERTEX_POINT('',#14862);
#4303=VERTEX_POINT('',#14866);
#4304=VERTEX_POINT('',#14868);
#4305=VERTEX_POINT('',#14873);
#4306=VERTEX_POINT('',#14877);
#4307=VERTEX_POINT('',#14880);
#4308=VERTEX_POINT('',#14881);
#4309=VERTEX_POINT('',#14883);
#4310=VERTEX_POINT('',#14885);
#4311=VERTEX_POINT('',#14892);
#4312=VERTEX_POINT('',#14894);
#4313=VERTEX_POINT('',#14897);
#4314=VERTEX_POINT('',#14900);
#4315=VERTEX_POINT('',#14902);
#4316=VERTEX_POINT('',#14906);
#4317=VERTEX_POINT('',#14908);
#4318=VERTEX_POINT('',#14910);
#4319=VERTEX_POINT('',#14912);
#4320=VERTEX_POINT('',#14915);
#4321=VERTEX_POINT('',#14920);
#4322=VERTEX_POINT('',#14922);
#4323=VERTEX_POINT('',#14924);
#4324=VERTEX_POINT('',#14927);
#4325=VERTEX_POINT('',#14929);
#4326=VERTEX_POINT('',#14932);
#4327=VERTEX_POINT('',#14934);
#4328=VERTEX_POINT('',#14937);
#4329=VERTEX_POINT('',#14939);
#4330=VERTEX_POINT('',#14942);
#4331=VERTEX_POINT('',#14944);
#4332=VERTEX_POINT('',#14947);
#4333=VERTEX_POINT('',#14950);
#4334=VERTEX_POINT('',#14952);
#4335=VERTEX_POINT('',#14955);
#4336=VERTEX_POINT('',#14957);
#4337=VERTEX_POINT('',#14960);
#4338=VERTEX_POINT('',#14962);
#4339=VERTEX_POINT('',#14966);
#4340=VERTEX_POINT('',#14970);
#4341=VERTEX_POINT('',#14975);
#4342=VERTEX_POINT('',#14977);
#4343=VERTEX_POINT('',#14982);
#4344=VERTEX_POINT('',#14983);
#4345=VERTEX_POINT('',#14985);
#4346=VERTEX_POINT('',#14987);
#4347=VERTEX_POINT('',#14991);
#4348=VERTEX_POINT('',#14993);
#4349=VERTEX_POINT('',#14997);
#4350=VERTEX_POINT('',#14999);
#4351=VERTEX_POINT('',#15006);
#4352=VERTEX_POINT('',#15010);
#4353=VERTEX_POINT('',#15024);
#4354=VERTEX_POINT('',#15028);
#4355=VERTEX_POINT('',#15094);
#4356=VERTEX_POINT('',#15096);
#4357=VERTEX_POINT('',#15100);
#4358=VERTEX_POINT('',#15102);
#4359=VERTEX_POINT('',#15116);
#4360=VERTEX_POINT('',#15124);
#4361=VERTEX_POINT('',#15131);
#4362=VERTEX_POINT('',#15133);
#4363=VERTEX_POINT('',#15137);
#4364=VERTEX_POINT('',#15139);
#4365=VERTEX_POINT('',#15141);
#4366=VERTEX_POINT('',#15143);
#4367=VERTEX_POINT('',#15147);
#4368=VERTEX_POINT('',#15149);
#4369=VERTEX_POINT('',#15153);
#4370=VERTEX_POINT('',#15157);
#4371=VERTEX_POINT('',#15161);
#4372=VERTEX_POINT('',#15163);
#4373=VERTEX_POINT('',#15167);
#4374=VERTEX_POINT('',#15168);
#4375=VERTEX_POINT('',#15173);
#4376=VERTEX_POINT('',#15175);
#4377=VERTEX_POINT('',#15177);
#4378=VERTEX_POINT('',#15179);
#4379=VERTEX_POINT('',#15186);
#4380=VERTEX_POINT('',#15204);
#4381=VERTEX_POINT('',#15209);
#4382=VERTEX_POINT('',#15216);
#4383=VERTEX_POINT('',#15222);
#4384=VERTEX_POINT('',#15224);
#4385=VERTEX_POINT('',#15226);
#4386=VERTEX_POINT('',#15230);
#4387=VERTEX_POINT('',#15232);
#4388=VERTEX_POINT('',#15234);
#4389=VERTEX_POINT('',#15240);
#4390=VERTEX_POINT('',#15245);
#4391=VERTEX_POINT('',#15249);
#4392=VERTEX_POINT('',#15251);
#4393=VERTEX_POINT('',#15255);
#4394=VERTEX_POINT('',#15257);
#4395=VERTEX_POINT('',#15261);
#4396=VERTEX_POINT('',#15262);
#4397=VERTEX_POINT('',#15267);
#4398=VERTEX_POINT('',#15269);
#4399=VERTEX_POINT('',#15271);
#4400=VERTEX_POINT('',#15273);
#4401=VERTEX_POINT('',#15280);
#4402=VERTEX_POINT('',#15284);
#4403=VERTEX_POINT('',#15298);
#4404=VERTEX_POINT('',#15306);
#4405=VERTEX_POINT('',#15313);
#4406=VERTEX_POINT('',#15315);
#4407=VERTEX_POINT('',#15317);
#4408=VERTEX_POINT('',#15319);
#4409=VERTEX_POINT('',#15325);
#4410=VERTEX_POINT('',#15329);
#4411=VERTEX_POINT('',#15331);
#4412=VERTEX_POINT('',#15333);
#4413=VERTEX_POINT('',#15335);
#4414=VERTEX_POINT('',#15337);
#4415=VERTEX_POINT('',#15339);
#4416=VERTEX_POINT('',#15341);
#4417=VERTEX_POINT('',#15343);
#4418=VERTEX_POINT('',#15345);
#4419=VERTEX_POINT('',#15347);
#4420=VERTEX_POINT('',#15349);
#4421=VERTEX_POINT('',#15351);
#4422=VERTEX_POINT('',#15353);
#4423=VERTEX_POINT('',#15355);
#4424=VERTEX_POINT('',#15357);
#4425=VERTEX_POINT('',#15359);
#4426=VERTEX_POINT('',#15361);
#4427=VERTEX_POINT('',#15363);
#4428=VERTEX_POINT('',#15365);
#4429=VERTEX_POINT('',#15367);
#4430=VERTEX_POINT('',#15369);
#4431=VERTEX_POINT('',#15371);
#4432=VERTEX_POINT('',#15373);
#4433=VERTEX_POINT('',#15375);
#4434=VERTEX_POINT('',#15377);
#4435=VERTEX_POINT('',#15379);
#4436=VERTEX_POINT('',#15381);
#4437=VERTEX_POINT('',#15383);
#4438=VERTEX_POINT('',#15385);
#4439=VERTEX_POINT('',#15387);
#4440=VERTEX_POINT('',#15389);
#4441=VERTEX_POINT('',#15391);
#4442=VERTEX_POINT('',#15393);
#4443=VERTEX_POINT('',#15395);
#4444=VERTEX_POINT('',#15397);
#4445=VERTEX_POINT('',#15404);
#4446=VERTEX_POINT('',#15418);
#4447=VERTEX_POINT('',#15421);
#4448=VERTEX_POINT('',#15424);
#4449=VERTEX_POINT('',#15427);
#4450=VERTEX_POINT('',#15430);
#4451=VERTEX_POINT('',#15433);
#4452=VERTEX_POINT('',#15436);
#4453=VERTEX_POINT('',#15439);
#4454=VERTEX_POINT('',#15442);
#4455=VERTEX_POINT('',#15443);
#4456=VERTEX_POINT('',#15446);
#4457=VERTEX_POINT('',#15448);
#4458=VERTEX_POINT('',#15454);
#4459=VERTEX_POINT('',#15456);
#4460=VERTEX_POINT('',#15460);
#4461=VERTEX_POINT('',#15462);
#4462=VERTEX_POINT('',#15467);
#4463=VERTEX_POINT('',#15468);
#4464=VERTEX_POINT('',#15471);
#4465=VERTEX_POINT('',#15473);
#4466=VERTEX_POINT('',#15478);
#4467=VERTEX_POINT('',#15479);
#4468=VERTEX_POINT('',#15481);
#4469=VERTEX_POINT('',#15483);
#4470=VERTEX_POINT('',#15487);
#4471=VERTEX_POINT('',#15488);
#4472=VERTEX_POINT('',#15490);
#4473=VERTEX_POINT('',#15492);
#4474=VERTEX_POINT('',#15496);
#4475=VERTEX_POINT('',#15497);
#4476=VERTEX_POINT('',#15499);
#4477=VERTEX_POINT('',#15501);
#4478=VERTEX_POINT('',#15505);
#4479=VERTEX_POINT('',#15506);
#4480=VERTEX_POINT('',#15508);
#4481=VERTEX_POINT('',#15510);
#4482=VERTEX_POINT('',#15514);
#4483=VERTEX_POINT('',#15515);
#4484=VERTEX_POINT('',#15517);
#4485=VERTEX_POINT('',#15519);
#4486=VERTEX_POINT('',#15523);
#4487=VERTEX_POINT('',#15524);
#4488=VERTEX_POINT('',#15526);
#4489=VERTEX_POINT('',#15528);
#4490=VERTEX_POINT('',#15532);
#4491=VERTEX_POINT('',#15533);
#4492=VERTEX_POINT('',#15535);
#4493=VERTEX_POINT('',#15537);
#4494=VERTEX_POINT('',#15541);
#4495=VERTEX_POINT('',#15542);
#4496=VERTEX_POINT('',#15544);
#4497=VERTEX_POINT('',#15546);
#4498=VERTEX_POINT('',#15550);
#4499=VERTEX_POINT('',#15551);
#4500=VERTEX_POINT('',#15553);
#4501=VERTEX_POINT('',#15555);
#4502=VERTEX_POINT('',#15559);
#4503=VERTEX_POINT('',#15560);
#4504=VERTEX_POINT('',#15562);
#4505=VERTEX_POINT('',#15564);
#4506=VERTEX_POINT('',#15568);
#4507=VERTEX_POINT('',#15569);
#4508=VERTEX_POINT('',#15571);
#4509=VERTEX_POINT('',#15573);
#4510=VERTEX_POINT('',#15577);
#4511=VERTEX_POINT('',#15578);
#4512=VERTEX_POINT('',#15580);
#4513=VERTEX_POINT('',#15582);
#4514=VERTEX_POINT('',#15586);
#4515=VERTEX_POINT('',#15587);
#4516=VERTEX_POINT('',#15589);
#4517=VERTEX_POINT('',#15591);
#4518=VERTEX_POINT('',#15595);
#4519=VERTEX_POINT('',#15596);
#4520=VERTEX_POINT('',#15598);
#4521=VERTEX_POINT('',#15600);
#4522=VERTEX_POINT('',#15604);
#4523=VERTEX_POINT('',#15605);
#4524=VERTEX_POINT('',#15607);
#4525=VERTEX_POINT('',#15609);
#4526=VERTEX_POINT('',#15613);
#4527=VERTEX_POINT('',#15614);
#4528=VERTEX_POINT('',#15616);
#4529=VERTEX_POINT('',#15618);
#4530=VERTEX_POINT('',#15624);
#4531=VERTEX_POINT('',#15626);
#4532=VERTEX_POINT('',#15628);
#4533=VERTEX_POINT('',#15630);
#4534=VERTEX_POINT('',#15637);
#4535=VERTEX_POINT('',#15639);
#4536=VERTEX_POINT('',#15641);
#4537=VERTEX_POINT('',#15643);
#4538=VERTEX_POINT('',#15650);
#4539=VERTEX_POINT('',#15652);
#4540=VERTEX_POINT('',#15656);
#4541=VERTEX_POINT('',#15658);
#4542=VERTEX_POINT('',#15663);
#4543=VERTEX_POINT('',#15665);
#4544=VERTEX_POINT('',#15667);
#4545=VERTEX_POINT('',#15669);
#4546=VERTEX_POINT('',#15676);
#4547=VERTEX_POINT('',#15678);
#4548=VERTEX_POINT('',#15682);
#4549=VERTEX_POINT('',#15684);
#4550=VERTEX_POINT('',#15686);
#4551=VERTEX_POINT('',#15691);
#4552=VERTEX_POINT('',#15693);
#4553=VERTEX_POINT('',#15695);
#4554=VERTEX_POINT('',#15697);
#4555=VERTEX_POINT('',#15704);
#4556=VERTEX_POINT('',#15706);
#4557=VERTEX_POINT('',#15708);
#4558=VERTEX_POINT('',#15710);
#4559=VERTEX_POINT('',#15714);
#4560=VERTEX_POINT('',#15716);
#4561=VERTEX_POINT('',#15720);
#4562=VERTEX_POINT('',#15722);
#4563=VERTEX_POINT('',#15726);
#4564=VERTEX_POINT('',#15728);
#4565=VERTEX_POINT('',#15731);
#4566=VERTEX_POINT('',#15759);
#4567=VERTEX_POINT('',#15761);
#4568=VERTEX_POINT('',#15768);
#4569=VERTEX_POINT('',#15780);
#4570=VERTEX_POINT('',#15782);
#4571=VERTEX_POINT('',#15789);
#4572=VERTEX_POINT('',#15793);
#4573=VERTEX_POINT('',#15795);
#4574=VERTEX_POINT('',#15805);
#4575=VERTEX_POINT('',#15806);
#4576=VERTEX_POINT('',#15811);
#4577=VERTEX_POINT('',#15813);
#4578=VERTEX_POINT('',#15818);
#4579=VERTEX_POINT('',#15820);
#4580=VERTEX_POINT('',#15825);
#4581=VERTEX_POINT('',#15827);
#4582=VERTEX_POINT('',#15834);
#4583=VERTEX_POINT('',#15835);
#4584=VERTEX_POINT('',#15840);
#4585=VERTEX_POINT('',#15842);
#4586=VERTEX_POINT('',#15847);
#4587=VERTEX_POINT('',#15849);
#4588=VERTEX_POINT('',#15854);
#4589=VERTEX_POINT('',#15856);
#4590=VERTEX_POINT('',#15863);
#4591=VERTEX_POINT('',#15866);
#4592=VERTEX_POINT('',#15871);
#4593=VERTEX_POINT('',#15876);
#4594=VERTEX_POINT('',#15883);
#4595=VERTEX_POINT('',#15886);
#4596=VERTEX_POINT('',#15891);
#4597=VERTEX_POINT('',#15893);
#4598=VERTEX_POINT('',#15903);
#4599=VERTEX_POINT('',#15907);
#4600=VERTEX_POINT('',#15932);
#4601=VERTEX_POINT('',#15969);
#4602=VERTEX_POINT('',#15971);
#4603=VERTEX_POINT('',#15996);
#4604=VERTEX_POINT('',#15998);
#4605=VERTEX_POINT('',#16000);
#4606=VERTEX_POINT('',#16002);
#4607=VERTEX_POINT('',#16012);
#4608=VERTEX_POINT('',#16017);
#4609=VERTEX_POINT('',#16027);
#4610=VERTEX_POINT('',#16029);
#4611=VERTEX_POINT('',#16031);
#4612=VERTEX_POINT('',#16039);
#4613=VERTEX_POINT('',#16041);
#4614=VERTEX_POINT('',#16048);
#4615=VERTEX_POINT('',#16055);
#4616=VERTEX_POINT('',#16066);
#4617=VERTEX_POINT('',#16068);
#4618=VERTEX_POINT('',#16072);
#4619=VERTEX_POINT('',#16074);
#4620=VERTEX_POINT('',#16078);
#4621=VERTEX_POINT('',#16080);
#4622=VERTEX_POINT('',#16094);
#4623=VERTEX_POINT('',#16097);
#4624=VERTEX_POINT('',#16101);
#4625=VERTEX_POINT('',#16103);
#4626=VERTEX_POINT('',#16107);
#4627=VERTEX_POINT('',#16109);
#4628=VERTEX_POINT('',#16136);
#4629=VERTEX_POINT('',#16138);
#4630=VERTEX_POINT('',#16140);
#4631=VERTEX_POINT('',#16142);
#4632=VERTEX_POINT('',#16152);
#4633=VERTEX_POINT('',#16157);
#4634=VERTEX_POINT('',#16167);
#4635=VERTEX_POINT('',#16168);
#4636=VERTEX_POINT('',#16173);
#4637=VERTEX_POINT('',#16175);
#4638=VERTEX_POINT('',#16184);
#4639=VERTEX_POINT('',#16188);
#4640=VERTEX_POINT('',#16195);
#4641=VERTEX_POINT('',#16206);
#4642=VERTEX_POINT('',#16208);
#4643=VERTEX_POINT('',#16213);
#4644=VERTEX_POINT('',#16216);
#4645=VERTEX_POINT('',#16220);
#4646=VERTEX_POINT('',#16222);
#4647=VERTEX_POINT('',#16226);
#4648=VERTEX_POINT('',#16228);
#4649=VERTEX_POINT('',#16238);
#4650=VERTEX_POINT('',#16240);
#4651=VERTEX_POINT('',#16245);
#4652=VERTEX_POINT('',#16248);
#4653=VERTEX_POINT('',#16252);
#4654=VERTEX_POINT('',#16254);
#4655=VERTEX_POINT('',#16258);
#4656=VERTEX_POINT('',#16260);
#4657=VERTEX_POINT('',#16280);
#4658=VERTEX_POINT('',#16288);
#4659=VERTEX_POINT('',#16295);
#4660=VERTEX_POINT('',#16296);
#4661=VERTEX_POINT('',#16298);
#4662=VERTEX_POINT('',#16300);
#4663=VERTEX_POINT('',#16304);
#4664=VERTEX_POINT('',#16305);
#4665=VERTEX_POINT('',#16307);
#4666=VERTEX_POINT('',#16309);
#4667=VERTEX_POINT('',#16316);
#4668=VERTEX_POINT('',#16317);
#4669=VERTEX_POINT('',#16322);
#4670=VERTEX_POINT('',#16328);
#4671=VERTEX_POINT('',#16333);
#4672=VERTEX_POINT('',#16351);
#4673=VERTEX_POINT('',#16353);
#4674=VERTEX_POINT('',#16355);
#4675=VERTEX_POINT('',#16359);
#4676=VERTEX_POINT('',#16361);
#4677=VERTEX_POINT('',#16365);
#4678=VERTEX_POINT('',#16367);
#4679=VERTEX_POINT('',#16371);
#4680=VERTEX_POINT('',#16372);
#4681=VERTEX_POINT('',#16377);
#4682=VERTEX_POINT('',#16379);
#4683=VERTEX_POINT('',#16403);
#4684=VERTEX_POINT('',#16411);
#4685=VERTEX_POINT('',#16418);
#4686=VERTEX_POINT('',#16419);
#4687=VERTEX_POINT('',#16421);
#4688=VERTEX_POINT('',#16423);
#4689=VERTEX_POINT('',#16427);
#4690=VERTEX_POINT('',#16428);
#4691=VERTEX_POINT('',#16430);
#4692=VERTEX_POINT('',#16432);
#4693=VERTEX_POINT('',#16439);
#4694=VERTEX_POINT('',#16440);
#4695=VERTEX_POINT('',#16445);
#4696=VERTEX_POINT('',#16451);
#4697=VERTEX_POINT('',#16456);
#4698=VERTEX_POINT('',#16474);
#4699=VERTEX_POINT('',#16476);
#4700=VERTEX_POINT('',#16480);
#4701=VERTEX_POINT('',#16482);
#4702=VERTEX_POINT('',#16486);
#4703=VERTEX_POINT('',#16488);
#4704=VERTEX_POINT('',#16492);
#4705=VERTEX_POINT('',#16493);
#4706=VERTEX_POINT('',#16501);
#4707=VERTEX_POINT('',#16502);
#4708=VERTEX_POINT('',#16524);
#4709=VERTEX_POINT('',#16532);
#4710=VERTEX_POINT('',#16539);
#4711=VERTEX_POINT('',#16540);
#4712=VERTEX_POINT('',#16542);
#4713=VERTEX_POINT('',#16544);
#4714=VERTEX_POINT('',#16548);
#4715=VERTEX_POINT('',#16549);
#4716=VERTEX_POINT('',#16551);
#4717=VERTEX_POINT('',#16553);
#4718=VERTEX_POINT('',#16560);
#4719=VERTEX_POINT('',#16561);
#4720=VERTEX_POINT('',#16567);
#4721=VERTEX_POINT('',#16572);
#4722=VERTEX_POINT('',#16578);
#4723=VERTEX_POINT('',#16595);
#4724=VERTEX_POINT('',#16597);
#4725=VERTEX_POINT('',#16601);
#4726=VERTEX_POINT('',#16603);
#4727=VERTEX_POINT('',#16607);
#4728=VERTEX_POINT('',#16609);
#4729=VERTEX_POINT('',#16613);
#4730=VERTEX_POINT('',#16614);
#4731=VERTEX_POINT('',#16619);
#4732=VERTEX_POINT('',#16621);
#4733=VERTEX_POINT('',#16645);
#4734=VERTEX_POINT('',#16653);
#4735=VERTEX_POINT('',#16660);
#4736=VERTEX_POINT('',#16661);
#4737=VERTEX_POINT('',#16663);
#4738=VERTEX_POINT('',#16665);
#4739=VERTEX_POINT('',#16669);
#4740=VERTEX_POINT('',#16670);
#4741=VERTEX_POINT('',#16672);
#4742=VERTEX_POINT('',#16674);
#4743=VERTEX_POINT('',#16681);
#4744=VERTEX_POINT('',#16682);
#4745=VERTEX_POINT('',#16688);
#4746=VERTEX_POINT('',#16693);
#4747=VERTEX_POINT('',#16711);
#4748=VERTEX_POINT('',#16713);
#4749=VERTEX_POINT('',#16717);
#4750=VERTEX_POINT('',#16719);
#4751=VERTEX_POINT('',#16723);
#4752=VERTEX_POINT('',#16725);
#4753=VERTEX_POINT('',#16729);
#4754=VERTEX_POINT('',#16730);
#4755=VERTEX_POINT('',#16738);
#4756=VERTEX_POINT('',#16739);
#4757=LINE('',#14063,#5723);
#4758=LINE('',#14066,#5724);
#4759=LINE('',#14068,#5725);
#4760=LINE('',#14070,#5726);
#4761=LINE('',#14072,#5727);
#4762=LINE('',#14074,#5728);
#4763=LINE('',#14076,#5729);
#4764=LINE('',#14078,#5730);
#4765=LINE('',#14080,#5731);
#4766=LINE('',#14082,#5732);
#4767=LINE('',#14083,#5733);
#4768=LINE('',#14086,#5734);
#4769=LINE('',#14088,#5735);
#4770=LINE('',#14090,#5736);
#4771=LINE('',#14092,#5737);
#4772=LINE('',#14094,#5738);
#4773=LINE('',#14096,#5739);
#4774=LINE('',#14098,#5740);
#4775=LINE('',#14102,#5741);
#4776=LINE('',#14104,#5742);
#4777=LINE('',#14106,#5743);
#4778=LINE('',#14108,#5744);
#4779=LINE('',#14110,#5745);
#4780=LINE('',#14112,#5746);
#4781=LINE('',#14114,#5747);
#4782=LINE('',#14116,#5748);
#4783=LINE('',#14118,#5749);
#4784=LINE('',#14120,#5750);
#4785=LINE('',#14122,#5751);
#4786=LINE('',#14124,#5752);
#4787=LINE('',#14126,#5753);
#4788=LINE('',#14128,#5754);
#4789=LINE('',#14130,#5755);
#4790=LINE('',#14132,#5756);
#4791=LINE('',#14134,#5757);
#4792=LINE('',#14136,#5758);
#4793=LINE('',#14138,#5759);
#4794=LINE('',#14140,#5760);
#4795=LINE('',#14142,#5761);
#4796=LINE('',#14144,#5762);
#4797=LINE('',#14146,#5763);
#4798=LINE('',#14150,#5764);
#4799=LINE('',#14152,#5765);
#4800=LINE('',#14154,#5766);
#4801=LINE('',#14156,#5767);
#4802=LINE('',#14158,#5768);
#4803=LINE('',#14160,#5769);
#4804=LINE('',#14162,#5770);
#4805=LINE('',#14164,#5771);
#4806=LINE('',#14166,#5772);
#4807=LINE('',#14168,#5773);
#4808=LINE('',#14170,#5774);
#4809=LINE('',#14172,#5775);
#4810=LINE('',#14174,#5776);
#4811=LINE('',#14176,#5777);
#4812=LINE('',#14178,#5778);
#4813=LINE('',#14180,#5779);
#4814=LINE('',#14182,#5780);
#4815=LINE('',#14186,#5781);
#4816=LINE('',#14188,#5782);
#4817=LINE('',#14190,#5783);
#4818=LINE('',#14192,#5784);
#4819=LINE('',#14194,#5785);
#4820=LINE('',#14196,#5786);
#4821=LINE('',#14198,#5787);
#4822=LINE('',#14200,#5788);
#4823=LINE('',#14202,#5789);
#4824=LINE('',#14204,#5790);
#4825=LINE('',#14206,#5791);
#4826=LINE('',#14208,#5792);
#4827=LINE('',#14210,#5793);
#4828=LINE('',#14212,#5794);
#4829=LINE('',#14214,#5795);
#4830=LINE('',#14216,#5796);
#4831=LINE('',#14218,#5797);
#4832=LINE('',#14222,#5798);
#4833=LINE('',#14224,#5799);
#4834=LINE('',#14226,#5800);
#4835=LINE('',#14228,#5801);
#4836=LINE('',#14230,#5802);
#4837=LINE('',#14232,#5803);
#4838=LINE('',#14234,#5804);
#4839=LINE('',#14236,#5805);
#4840=LINE('',#14238,#5806);
#4841=LINE('',#14240,#5807);
#4842=LINE('',#14241,#5808);
#4843=LINE('',#14244,#5809);
#4844=LINE('',#14246,#5810);
#4845=LINE('',#14248,#5811);
#4846=LINE('',#14250,#5812);
#4847=LINE('',#14252,#5813);
#4848=LINE('',#14254,#5814);
#4849=LINE('',#14256,#5815);
#4850=LINE('',#14258,#5816);
#4851=LINE('',#14260,#5817);
#4852=LINE('',#14261,#5818);
#4853=LINE('',#14264,#5819);
#4854=LINE('',#14266,#5820);
#4855=LINE('',#14268,#5821);
#4856=LINE('',#14270,#5822);
#4857=LINE('',#14272,#5823);
#4858=LINE('',#14274,#5824);
#4859=LINE('',#14276,#5825);
#4860=LINE('',#14278,#5826);
#4861=LINE('',#14280,#5827);
#4862=LINE('',#14281,#5828);
#4863=LINE('',#14284,#5829);
#4864=LINE('',#14286,#5830);
#4865=LINE('',#14288,#5831);
#4866=LINE('',#14290,#5832);
#4867=LINE('',#14292,#5833);
#4868=LINE('',#14294,#5834);
#4869=LINE('',#14296,#5835);
#4870=LINE('',#14298,#5836);
#4871=LINE('',#14300,#5837);
#4872=LINE('',#14302,#5838);
#4873=LINE('',#14305,#5839);
#4874=LINE('',#14306,#5840);
#4875=LINE('',#14308,#5841);
#4876=LINE('',#14310,#5842);
#4877=LINE('',#14312,#5843);
#4878=LINE('',#14314,#5844);
#4879=LINE('',#14318,#5845);
#4880=LINE('',#14322,#5846);
#4881=LINE('',#14324,#5847);
#4882=LINE('',#14327,#5848);
#4883=LINE('',#14329,#5849);
#4884=LINE('',#14331,#5850);
#4885=LINE('',#14332,#5851);
#4886=LINE('',#14335,#5852);
#4887=LINE('',#14337,#5853);
#4888=LINE('',#14339,#5854);
#4889=LINE('',#14341,#5855);
#4890=LINE('',#14344,#5856);
#4891=LINE('',#14346,#5857);
#4892=LINE('',#14348,#5858);
#4893=LINE('',#14350,#5859);
#4894=LINE('',#14352,#5860);
#4895=LINE('',#14354,#5861);
#4896=LINE('',#14356,#5862);
#4897=LINE('',#14358,#5863);
#4898=LINE('',#14360,#5864);
#4899=LINE('',#14362,#5865);
#4900=LINE('',#14364,#5866);
#4901=LINE('',#14366,#5867);
#4902=LINE('',#14368,#5868);
#4903=LINE('',#14370,#5869);
#4904=LINE('',#14372,#5870);
#4905=LINE('',#14374,#5871);
#4906=LINE('',#14376,#5872);
#4907=LINE('',#14378,#5873);
#4908=LINE('',#14380,#5874);
#4909=LINE('',#14382,#5875);
#4910=LINE('',#14384,#5876);
#4911=LINE('',#14386,#5877);
#4912=LINE('',#14389,#5878);
#4913=LINE('',#14391,#5879);
#4914=LINE('',#14393,#5880);
#4915=LINE('',#14395,#5881);
#4916=LINE('',#14398,#5882);
#4917=LINE('',#14400,#5883);
#4918=LINE('',#14402,#5884);
#4919=LINE('',#14404,#5885);
#4920=LINE('',#14407,#5886);
#4921=LINE('',#14409,#5887);
#4922=LINE('',#14411,#5888);
#4923=LINE('',#14413,#5889);
#4924=LINE('',#14416,#5890);
#4925=LINE('',#14418,#5891);
#4926=LINE('',#14420,#5892);
#4927=LINE('',#14422,#5893);
#4928=LINE('',#14425,#5894);
#4929=LINE('',#14427,#5895);
#4930=LINE('',#14429,#5896);
#4931=LINE('',#14431,#5897);
#4932=LINE('',#14434,#5898);
#4933=LINE('',#14436,#5899);
#4934=LINE('',#14438,#5900);
#4935=LINE('',#14440,#5901);
#4936=LINE('',#14443,#5902);
#4937=LINE('',#14445,#5903);
#4938=LINE('',#14447,#5904);
#4939=LINE('',#14449,#5905);
#4940=LINE('',#14452,#5906);
#4941=LINE('',#14454,#5907);
#4942=LINE('',#14456,#5908);
#4943=LINE('',#14458,#5909);
#4944=LINE('',#14461,#5910);
#4945=LINE('',#14463,#5911);
#4946=LINE('',#14465,#5912);
#4947=LINE('',#14467,#5913);
#4948=LINE('',#14470,#5914);
#4949=LINE('',#14472,#5915);
#4950=LINE('',#14474,#5916);
#4951=LINE('',#14476,#5917);
#4952=LINE('',#14479,#5918);
#4953=LINE('',#14481,#5919);
#4954=LINE('',#14483,#5920);
#4955=LINE('',#14485,#5921);
#4956=LINE('',#14488,#5922);
#4957=LINE('',#14490,#5923);
#4958=LINE('',#14492,#5924);
#4959=LINE('',#14494,#5925);
#4960=LINE('',#14497,#5926);
#4961=LINE('',#14499,#5927);
#4962=LINE('',#14501,#5928);
#4963=LINE('',#14503,#5929);
#4964=LINE('',#14506,#5930);
#4965=LINE('',#14508,#5931);
#4966=LINE('',#14510,#5932);
#4967=LINE('',#14512,#5933);
#4968=LINE('',#14515,#5934);
#4969=LINE('',#14517,#5935);
#4970=LINE('',#14519,#5936);
#4971=LINE('',#14521,#5937);
#4972=LINE('',#14524,#5938);
#4973=LINE('',#14526,#5939);
#4974=LINE('',#14528,#5940);
#4975=LINE('',#14530,#5941);
#4976=LINE('',#14533,#5942);
#4977=LINE('',#14535,#5943);
#4978=LINE('',#14537,#5944);
#4979=LINE('',#14539,#5945);
#4980=LINE('',#14542,#5946);
#4981=LINE('',#14543,#5947);
#4982=LINE('',#14545,#5948);
#4983=LINE('',#14547,#5949);
#4984=LINE('',#14549,#5950);
#4985=LINE('',#14551,#5951);
#4986=LINE('',#14553,#5952);
#4987=LINE('',#14555,#5953);
#4988=LINE('',#14557,#5954);
#4989=LINE('',#14558,#5955);
#4990=LINE('',#14560,#5956);
#4991=LINE('',#14563,#5957);
#4992=LINE('',#14565,#5958);
#4993=LINE('',#14567,#5959);
#4994=LINE('',#14569,#5960);
#4995=LINE('',#14570,#5961);
#4996=LINE('',#14572,#5962);
#4997=LINE('',#14573,#5963);
#4998=LINE('',#14575,#5964);
#4999=LINE('',#14578,#5965);
#5000=LINE('',#14580,#5966);
#5001=LINE('',#14582,#5967);
#5002=LINE('',#14584,#5968);
#5003=LINE('',#14585,#5969);
#5004=LINE('',#14587,#5970);
#5005=LINE('',#14588,#5971);
#5006=LINE('',#14590,#5972);
#5007=LINE('',#14593,#5973);
#5008=LINE('',#14595,#5974);
#5009=LINE('',#14597,#5975);
#5010=LINE('',#14599,#5976);
#5011=LINE('',#14600,#5977);
#5012=LINE('',#14602,#5978);
#5013=LINE('',#14603,#5979);
#5014=LINE('',#14605,#5980);
#5015=LINE('',#14607,#5981);
#5016=LINE('',#14608,#5982);
#5017=LINE('',#14610,#5983);
#5018=LINE('',#14612,#5984);
#5019=LINE('',#14614,#5985);
#5020=LINE('',#14615,#5986);
#5021=LINE('',#14617,#5987);
#5022=LINE('',#14619,#5988);
#5023=LINE('',#14620,#5989);
#5024=LINE('',#14622,#5990);
#5025=LINE('',#14624,#5991);
#5026=LINE('',#14626,#5992);
#5027=LINE('',#14627,#5993);
#5028=LINE('',#14629,#5994);
#5029=LINE('',#14631,#5995);
#5030=LINE('',#14632,#5996);
#5031=LINE('',#14634,#5997);
#5032=LINE('',#14636,#5998);
#5033=LINE('',#14638,#5999);
#5034=LINE('',#14639,#6000);
#5035=LINE('',#14641,#6001);
#5036=LINE('',#14643,#6002);
#5037=LINE('',#14644,#6003);
#5038=LINE('',#14646,#6004);
#5039=LINE('',#14648,#6005);
#5040=LINE('',#14650,#6006);
#5041=LINE('',#14651,#6007);
#5042=LINE('',#14666,#6008);
#5043=LINE('',#14670,#6009);
#5044=LINE('',#14675,#6010);
#5045=LINE('',#14679,#6011);
#5046=LINE('',#14684,#6012);
#5047=LINE('',#14685,#6013);
#5048=LINE('',#14690,#6014);
#5049=LINE('',#14691,#6015);
#5050=LINE('',#14696,#6016);
#5051=LINE('',#14697,#6017);
#5052=LINE('',#14702,#6018);
#5053=LINE('',#14703,#6019);
#5054=LINE('',#14708,#6020);
#5055=LINE('',#14709,#6021);
#5056=LINE('',#14714,#6022);
#5057=LINE('',#14715,#6023);
#5058=LINE('',#14717,#6024);
#5059=LINE('',#14720,#6025);
#5060=LINE('',#14722,#6026);
#5061=LINE('',#14724,#6027);
#5062=LINE('',#14726,#6028);
#5063=LINE('',#14729,#6029);
#5064=LINE('',#14731,#6030);
#5065=LINE('',#14733,#6031);
#5066=LINE('',#14735,#6032);
#5067=LINE('',#14738,#6033);
#5068=LINE('',#14740,#6034);
#5069=LINE('',#14742,#6035);
#5070=LINE('',#14744,#6036);
#5071=LINE('',#14747,#6037);
#5072=LINE('',#14749,#6038);
#5073=LINE('',#14751,#6039);
#5074=LINE('',#14753,#6040);
#5075=LINE('',#14755,#6041);
#5076=LINE('',#14757,#6042);
#5077=LINE('',#14759,#6043);
#5078=LINE('',#14762,#6044);
#5079=LINE('',#14764,#6045);
#5080=LINE('',#14766,#6046);
#5081=LINE('',#14768,#6047);
#5082=LINE('',#14771,#6048);
#5083=LINE('',#14773,#6049);
#5084=LINE('',#14775,#6050);
#5085=LINE('',#14777,#6051);
#5086=LINE('',#14780,#6052);
#5087=LINE('',#14782,#6053);
#5088=LINE('',#14784,#6054);
#5089=LINE('',#14786,#6055);
#5090=LINE('',#14788,#6056);
#5091=LINE('',#14790,#6057);
#5092=LINE('',#14792,#6058);
#5093=LINE('',#14794,#6059);
#5094=LINE('',#14796,#6060);
#5095=LINE('',#14798,#6061);
#5096=LINE('',#14799,#6062);
#5097=LINE('',#14801,#6063);
#5098=LINE('',#14802,#6064);
#5099=LINE('',#14804,#6065);
#5100=LINE('',#14806,#6066);
#5101=LINE('',#14807,#6067);
#5102=LINE('',#14809,#6068);
#5103=LINE('',#14811,#6069);
#5104=LINE('',#14812,#6070);
#5105=LINE('',#14814,#6071);
#5106=LINE('',#14815,#6072);
#5107=LINE('',#14817,#6073);
#5108=LINE('',#14819,#6074);
#5109=LINE('',#14820,#6075);
#5110=LINE('',#14822,#6076);
#5111=LINE('',#14824,#6077);
#5112=LINE('',#14825,#6078);
#5113=LINE('',#14827,#6079);
#5114=LINE('',#14829,#6080);
#5115=LINE('',#14830,#6081);
#5116=LINE('',#14832,#6082);
#5117=LINE('',#14834,#6083);
#5118=LINE('',#14837,#6084);
#5119=LINE('',#14839,#6085);
#5120=LINE('',#14841,#6086);
#5121=LINE('',#14842,#6087);
#5122=LINE('',#14843,#6088);
#5123=LINE('',#14845,#6089);
#5124=LINE('',#14849,#6090);
#5125=LINE('',#14850,#6091);
#5126=LINE('',#14852,#6092);
#5127=LINE('',#14854,#6093);
#5128=LINE('',#14856,#6094);
#5129=LINE('',#14859,#6095);
#5130=LINE('',#14861,#6096);
#5131=LINE('',#14863,#6097);
#5132=LINE('',#14865,#6098);
#5133=LINE('',#14867,#6099);
#5134=LINE('',#14869,#6100);
#5135=LINE('',#14879,#6101);
#5136=LINE('',#14882,#6102);
#5137=LINE('',#14884,#6103);
#5138=LINE('',#14886,#6104);
#5139=LINE('',#14888,#6105);
#5140=LINE('',#14889,#6106);
#5141=LINE('',#14891,#6107);
#5142=LINE('',#14893,#6108);
#5143=LINE('',#14895,#6109);
#5144=LINE('',#14896,#6110);
#5145=LINE('',#14898,#6111);
#5146=LINE('',#14899,#6112);
#5147=LINE('',#14901,#6113);
#5148=LINE('',#14903,#6114);
#5149=LINE('',#14905,#6115);
#5150=LINE('',#14907,#6116);
#5151=LINE('',#14909,#6117);
#5152=LINE('',#14911,#6118);
#5153=LINE('',#14913,#6119);
#5154=LINE('',#14914,#6120);
#5155=LINE('',#14916,#6121);
#5156=LINE('',#14917,#6122);
#5157=LINE('',#14919,#6123);
#5158=LINE('',#14921,#6124);
#5159=LINE('',#14923,#6125);
#5160=LINE('',#14925,#6126);
#5161=LINE('',#14926,#6127);
#5162=LINE('',#14928,#6128);
#5163=LINE('',#14930,#6129);
#5164=LINE('',#14931,#6130);
#5165=LINE('',#14933,#6131);
#5166=LINE('',#14935,#6132);
#5167=LINE('',#14936,#6133);
#5168=LINE('',#14938,#6134);
#5169=LINE('',#14940,#6135);
#5170=LINE('',#14941,#6136);
#5171=LINE('',#14943,#6137);
#5172=LINE('',#14945,#6138);
#5173=LINE('',#14946,#6139);
#5174=LINE('',#14948,#6140);
#5175=LINE('',#14949,#6141);
#5176=LINE('',#14951,#6142);
#5177=LINE('',#14953,#6143);
#5178=LINE('',#14954,#6144);
#5179=LINE('',#14956,#6145);
#5180=LINE('',#14958,#6146);
#5181=LINE('',#14959,#6147);
#5182=LINE('',#14961,#6148);
#5183=LINE('',#14963,#6149);
#5184=LINE('',#14965,#6150);
#5185=LINE('',#14967,#6151);
#5186=LINE('',#14968,#6152);
#5187=LINE('',#14969,#6153);
#5188=LINE('',#14971,#6154);
#5189=LINE('',#14973,#6155);
#5190=LINE('',#14974,#6156);
#5191=LINE('',#14976,#6157);
#5192=LINE('',#14978,#6158);
#5193=LINE('',#14979,#6159);
#5194=LINE('',#14981,#6160);
#5195=LINE('',#14984,#6161);
#5196=LINE('',#14986,#6162);
#5197=LINE('',#14988,#6163);
#5198=LINE('',#14990,#6164);
#5199=LINE('',#14992,#6165);
#5200=LINE('',#14994,#6166);
#5201=LINE('',#14996,#6167);
#5202=LINE('',#14998,#6168);
#5203=LINE('',#15000,#6169);
#5204=LINE('',#15002,#6170);
#5205=LINE('',#15003,#6171);
#5206=LINE('',#15005,#6172);
#5207=LINE('',#15007,#6173);
#5208=LINE('',#15009,#6174);
#5209=LINE('',#15011,#6175);
#5210=LINE('',#15013,#6176);
#5211=LINE('',#15015,#6177);
#5212=LINE('',#15017,#6178);
#5213=LINE('',#15019,#6179);
#5214=LINE('',#15023,#6180);
#5215=LINE('',#15025,#6181);
#5216=LINE('',#15027,#6182);
#5217=LINE('',#15029,#6183);
#5218=LINE('',#15031,#6184);
#5219=LINE('',#15033,#6185);
#5220=LINE('',#15037,#6186);
#5221=LINE('',#15039,#6187);
#5222=LINE('',#15040,#6188);
#5223=LINE('',#15042,#6189);
#5224=LINE('',#15043,#6190);
#5225=LINE('',#15045,#6191);
#5226=LINE('',#15046,#6192);
#5227=LINE('',#15048,#6193);
#5228=LINE('',#15049,#6194);
#5229=LINE('',#15051,#6195);
#5230=LINE('',#15053,#6196);
#5231=LINE('',#15054,#6197);
#5232=LINE('',#15056,#6198);
#5233=LINE('',#15057,#6199);
#5234=LINE('',#15073,#6200);
#5235=LINE('',#15074,#6201);
#5236=LINE('',#15075,#6202);
#5237=LINE('',#15076,#6203);
#5238=LINE('',#15077,#6204);
#5239=LINE('',#15078,#6205);
#5240=LINE('',#15079,#6206);
#5241=LINE('',#15080,#6207);
#5242=LINE('',#15081,#6208);
#5243=LINE('',#15083,#6209);
#5244=LINE('',#15084,#6210);
#5245=LINE('',#15085,#6211);
#5246=LINE('',#15086,#6212);
#5247=LINE('',#15087,#6213);
#5248=LINE('',#15088,#6214);
#5249=LINE('',#15089,#6215);
#5250=LINE('',#15090,#6216);
#5251=LINE('',#15091,#6217);
#5252=LINE('',#15093,#6218);
#5253=LINE('',#15097,#6219);
#5254=LINE('',#15099,#6220);
#5255=LINE('',#15101,#6221);
#5256=LINE('',#15105,#6222);
#5257=LINE('',#15107,#6223);
#5258=LINE('',#15132,#6224);
#5259=LINE('',#15136,#6225);
#5260=LINE('',#15138,#6226);
#5261=LINE('',#15140,#6227);
#5262=LINE('',#15142,#6228);
#5263=LINE('',#15146,#6229);
#5264=LINE('',#15148,#6230);
#5265=LINE('',#15150,#6231);
#5266=LINE('',#15152,#6232);
#5267=LINE('',#15154,#6233);
#5268=LINE('',#15156,#6234);
#5269=LINE('',#15158,#6235);
#5270=LINE('',#15160,#6236);
#5271=LINE('',#15162,#6237);
#5272=LINE('',#15164,#6238);
#5273=LINE('',#15166,#6239);
#5274=LINE('',#15176,#6240);
#5275=LINE('',#15185,#6241);
#5276=LINE('',#15187,#6242);
#5277=LINE('',#15189,#6243);
#5278=LINE('',#15215,#6244);
#5279=LINE('',#15223,#6245);
#5280=LINE('',#15225,#6246);
#5281=LINE('',#15227,#6247);
#5282=LINE('',#15229,#6248);
#5283=LINE('',#15231,#6249);
#5284=LINE('',#15233,#6250);
#5285=LINE('',#15246,#6251);
#5286=LINE('',#15248,#6252);
#5287=LINE('',#15250,#6253);
#5288=LINE('',#15252,#6254);
#5289=LINE('',#15254,#6255);
#5290=LINE('',#15256,#6256);
#5291=LINE('',#15258,#6257);
#5292=LINE('',#15260,#6258);
#5293=LINE('',#15270,#6259);
#5294=LINE('',#15279,#6260);
#5295=LINE('',#15281,#6261);
#5296=LINE('',#15283,#6262);
#5297=LINE('',#15285,#6263);
#5298=LINE('',#15287,#6264);
#5299=LINE('',#15289,#6265);
#5300=LINE('',#15312,#6266);
#5301=LINE('',#15316,#6267);
#5302=LINE('',#15322,#6268);
#5303=LINE('',#15324,#6269);
#5304=LINE('',#15328,#6270);
#5305=LINE('',#15330,#6271);
#5306=LINE('',#15332,#6272);
#5307=LINE('',#15334,#6273);
#5308=LINE('',#15336,#6274);
#5309=LINE('',#15338,#6275);
#5310=LINE('',#15340,#6276);
#5311=LINE('',#15342,#6277);
#5312=LINE('',#15344,#6278);
#5313=LINE('',#15346,#6279);
#5314=LINE('',#15348,#6280);
#5315=LINE('',#15350,#6281);
#5316=LINE('',#15352,#6282);
#5317=LINE('',#15354,#6283);
#5318=LINE('',#15356,#6284);
#5319=LINE('',#15358,#6285);
#5320=LINE('',#15360,#6286);
#5321=LINE('',#15362,#6287);
#5322=LINE('',#15364,#6288);
#5323=LINE('',#15366,#6289);
#5324=LINE('',#15368,#6290);
#5325=LINE('',#15370,#6291);
#5326=LINE('',#15372,#6292);
#5327=LINE('',#15374,#6293);
#5328=LINE('',#15376,#6294);
#5329=LINE('',#15378,#6295);
#5330=LINE('',#15380,#6296);
#5331=LINE('',#15382,#6297);
#5332=LINE('',#15384,#6298);
#5333=LINE('',#15386,#6299);
#5334=LINE('',#15388,#6300);
#5335=LINE('',#15390,#6301);
#5336=LINE('',#15392,#6302);
#5337=LINE('',#15394,#6303);
#5338=LINE('',#15396,#6304);
#5339=LINE('',#15398,#6305);
#5340=LINE('',#15400,#6306);
#5341=LINE('',#15401,#6307);
#5342=LINE('',#15405,#6308);
#5343=LINE('',#15406,#6309);
#5344=LINE('',#15409,#6310);
#5345=LINE('',#15411,#6311);
#5346=LINE('',#15412,#6312);
#5347=LINE('',#15413,#6313);
#5348=LINE('',#15414,#6314);
#5349=LINE('',#15415,#6315);
#5350=LINE('',#15441,#6316);
#5351=LINE('',#15444,#6317);
#5352=LINE('',#15445,#6318);
#5353=LINE('',#15447,#6319);
#5354=LINE('',#15449,#6320);
#5355=LINE('',#15450,#6321);
#5356=LINE('',#15452,#6322);
#5357=LINE('',#15453,#6323);
#5358=LINE('',#15455,#6324);
#5359=LINE('',#15457,#6325);
#5360=LINE('',#15459,#6326);
#5361=LINE('',#15461,#6327);
#5362=LINE('',#15463,#6328);
#5363=LINE('',#15464,#6329);
#5364=LINE('',#15466,#6330);
#5365=LINE('',#15469,#6331);
#5366=LINE('',#15470,#6332);
#5367=LINE('',#15472,#6333);
#5368=LINE('',#15474,#6334);
#5369=LINE('',#15475,#6335);
#5370=LINE('',#15480,#6336);
#5371=LINE('',#15484,#6337);
#5372=LINE('',#15489,#6338);
#5373=LINE('',#15493,#6339);
#5374=LINE('',#15498,#6340);
#5375=LINE('',#15502,#6341);
#5376=LINE('',#15507,#6342);
#5377=LINE('',#15511,#6343);
#5378=LINE('',#15516,#6344);
#5379=LINE('',#15520,#6345);
#5380=LINE('',#15525,#6346);
#5381=LINE('',#15529,#6347);
#5382=LINE('',#15534,#6348);
#5383=LINE('',#15538,#6349);
#5384=LINE('',#15543,#6350);
#5385=LINE('',#15547,#6351);
#5386=LINE('',#15552,#6352);
#5387=LINE('',#15556,#6353);
#5388=LINE('',#15561,#6354);
#5389=LINE('',#15565,#6355);
#5390=LINE('',#15570,#6356);
#5391=LINE('',#15574,#6357);
#5392=LINE('',#15579,#6358);
#5393=LINE('',#15583,#6359);
#5394=LINE('',#15588,#6360);
#5395=LINE('',#15592,#6361);
#5396=LINE('',#15597,#6362);
#5397=LINE('',#15601,#6363);
#5398=LINE('',#15606,#6364);
#5399=LINE('',#15610,#6365);
#5400=LINE('',#15615,#6366);
#5401=LINE('',#15619,#6367);
#5402=LINE('',#15629,#6368);
#5403=LINE('',#15642,#6369);
#5404=LINE('',#15651,#6370);
#5405=LINE('',#15668,#6371);
#5406=LINE('',#15677,#6372);
#5407=LINE('',#15685,#6373);
#5408=LINE('',#15696,#6374);
#5409=LINE('',#15709,#6375);
#5410=LINE('',#15715,#6376);
#5411=LINE('',#15721,#6377);
#5412=LINE('',#15732,#6378);
#5413=LINE('',#15734,#6379);
#5414=LINE('',#15735,#6380);
#5415=LINE('',#15737,#6381);
#5416=LINE('',#15738,#6382);
#5417=LINE('',#15740,#6383);
#5418=LINE('',#15741,#6384);
#5419=LINE('',#15743,#6385);
#5420=LINE('',#15744,#6386);
#5421=LINE('',#15746,#6387);
#5422=LINE('',#15747,#6388);
#5423=LINE('',#15749,#6389);
#5424=LINE('',#15750,#6390);
#5425=LINE('',#15752,#6391);
#5426=LINE('',#15753,#6392);
#5427=LINE('',#15755,#6393);
#5428=LINE('',#15756,#6394);
#5429=LINE('',#15758,#6395);
#5430=LINE('',#15760,#6396);
#5431=LINE('',#15762,#6397);
#5432=LINE('',#15764,#6398);
#5433=LINE('',#15765,#6399);
#5434=LINE('',#15767,#6400);
#5435=LINE('',#15769,#6401);
#5436=LINE('',#15771,#6402);
#5437=LINE('',#15774,#6403);
#5438=LINE('',#15776,#6404);
#5439=LINE('',#15777,#6405);
#5440=LINE('',#15779,#6406);
#5441=LINE('',#15781,#6407);
#5442=LINE('',#15785,#6408);
#5443=LINE('',#15786,#6409);
#5444=LINE('',#15788,#6410);
#5445=LINE('',#15790,#6411);
#5446=LINE('',#15792,#6412);
#5447=LINE('',#15794,#6413);
#5448=LINE('',#15798,#6414);
#5449=LINE('',#15799,#6415);
#5450=LINE('',#15801,#6416);
#5451=LINE('',#15802,#6417);
#5452=LINE('',#15804,#6418);
#5453=LINE('',#15819,#6419);
#5454=LINE('',#15833,#6420);
#5455=LINE('',#15848,#6421);
#5456=LINE('',#15862,#6422);
#5457=LINE('',#15865,#6423);
#5458=LINE('',#15882,#6424);
#5459=LINE('',#15885,#6425);
#5460=LINE('',#15899,#6426);
#5461=LINE('',#15902,#6427);
#5462=LINE('',#15904,#6428);
#5463=LINE('',#15908,#6429);
#5464=LINE('',#15910,#6430);
#5465=LINE('',#15911,#6431);
#5466=LINE('',#15913,#6432);
#5467=LINE('',#15915,#6433);
#5468=LINE('',#15917,#6434);
#5469=LINE('',#15918,#6435);
#5470=LINE('',#15920,#6436);
#5471=LINE('',#15922,#6437);
#5472=LINE('',#15924,#6438);
#5473=LINE('',#15925,#6439);
#5474=LINE('',#15927,#6440);
#5475=LINE('',#15928,#6441);
#5476=LINE('',#15930,#6442);
#5477=LINE('',#15931,#6443);
#5478=LINE('',#15933,#6444);
#5479=LINE('',#15937,#6445);
#5480=LINE('',#15939,#6446);
#5481=LINE('',#15941,#6447);
#5482=LINE('',#15942,#6448);
#5483=LINE('',#15944,#6449);
#5484=LINE('',#15946,#6450);
#5485=LINE('',#15948,#6451);
#5486=LINE('',#15950,#6452);
#5487=LINE('',#15951,#6453);
#5488=LINE('',#15953,#6454);
#5489=LINE('',#15954,#6455);
#5490=LINE('',#15956,#6456);
#5491=LINE('',#15957,#6457);
#5492=LINE('',#15959,#6458);
#5493=LINE('',#15960,#6459);
#5494=LINE('',#15962,#6460);
#5495=LINE('',#15963,#6461);
#5496=LINE('',#15965,#6462);
#5497=LINE('',#15966,#6463);
#5498=LINE('',#15968,#6464);
#5499=LINE('',#15970,#6465);
#5500=LINE('',#15972,#6466);
#5501=LINE('',#15974,#6467);
#5502=LINE('',#15975,#6468);
#5503=LINE('',#15977,#6469);
#5504=LINE('',#15995,#6470);
#5505=LINE('',#15997,#6471);
#5506=LINE('',#15999,#6472);
#5507=LINE('',#16001,#6473);
#5508=LINE('',#16003,#6474);
#5509=LINE('',#16005,#6475);
#5510=LINE('',#16006,#6476);
#5511=LINE('',#16008,#6477);
#5512=LINE('',#16009,#6478);
#5513=LINE('',#16011,#6479);
#5514=LINE('',#16018,#6480);
#5515=LINE('',#16022,#6481);
#5516=LINE('',#16024,#6482);
#5517=LINE('',#16026,#6483);
#5518=LINE('',#16028,#6484);
#5519=LINE('',#16030,#6485);
#5520=LINE('',#16038,#6486);
#5521=LINE('',#16040,#6487);
#5522=LINE('',#16047,#6488);
#5523=LINE('',#16049,#6489);
#5524=LINE('',#16061,#6490);
#5525=LINE('',#16069,#6491);
#5526=LINE('',#16071,#6492);
#5527=LINE('',#16073,#6493);
#5528=LINE('',#16075,#6494);
#5529=LINE('',#16077,#6495);
#5530=LINE('',#16079,#6496);
#5531=LINE('',#16081,#6497);
#5532=LINE('',#16083,#6498);
#5533=LINE('',#16085,#6499);
#5534=LINE('',#16086,#6500);
#5535=LINE('',#16088,#6501);
#5536=LINE('',#16095,#6502);
#5537=LINE('',#16098,#6503);
#5538=LINE('',#16100,#6504);
#5539=LINE('',#16102,#6505);
#5540=LINE('',#16104,#6506);
#5541=LINE('',#16106,#6507);
#5542=LINE('',#16108,#6508);
#5543=LINE('',#16110,#6509);
#5544=LINE('',#16113,#6510);
#5545=LINE('',#16114,#6511);
#5546=LINE('',#16116,#6512);
#5547=LINE('',#16117,#6513);
#5548=LINE('',#16132,#6514);
#5549=LINE('',#16135,#6515);
#5550=LINE('',#16137,#6516);
#5551=LINE('',#16139,#6517);
#5552=LINE('',#16141,#6518);
#5553=LINE('',#16143,#6519);
#5554=LINE('',#16145,#6520);
#5555=LINE('',#16146,#6521);
#5556=LINE('',#16148,#6522);
#5557=LINE('',#16149,#6523);
#5558=LINE('',#16151,#6524);
#5559=LINE('',#16158,#6525);
#5560=LINE('',#16162,#6526);
#5561=LINE('',#16164,#6527);
#5562=LINE('',#16166,#6528);
#5563=LINE('',#16174,#6529);
#5564=LINE('',#16176,#6530);
#5565=LINE('',#16183,#6531);
#5566=LINE('',#16185,#6532);
#5567=LINE('',#16187,#6533);
#5568=LINE('',#16189,#6534);
#5569=LINE('',#16201,#6535);
#5570=LINE('',#16207,#6536);
#5571=LINE('',#16210,#6537);
#5572=LINE('',#16214,#6538);
#5573=LINE('',#16217,#6539);
#5574=LINE('',#16219,#6540);
#5575=LINE('',#16221,#6541);
#5576=LINE('',#16223,#6542);
#5577=LINE('',#16225,#6543);
#5578=LINE('',#16227,#6544);
#5579=LINE('',#16229,#6545);
#5580=LINE('',#16232,#6546);
#5581=LINE('',#16233,#6547);
#5582=LINE('',#16239,#6548);
#5583=LINE('',#16242,#6549);
#5584=LINE('',#16246,#6550);
#5585=LINE('',#16249,#6551);
#5586=LINE('',#16251,#6552);
#5587=LINE('',#16253,#6553);
#5588=LINE('',#16255,#6554);
#5589=LINE('',#16257,#6555);
#5590=LINE('',#16259,#6556);
#5591=LINE('',#16261,#6557);
#5592=LINE('',#16264,#6558);
#5593=LINE('',#16265,#6559);
#5594=LINE('',#16294,#6560);
#5595=LINE('',#16297,#6561);
#5596=LINE('',#16299,#6562);
#5597=LINE('',#16301,#6563);
#5598=LINE('',#16303,#6564);
#5599=LINE('',#16306,#6565);
#5600=LINE('',#16308,#6566);
#5601=LINE('',#16310,#6567);
#5602=LINE('',#16340,#6568);
#5603=LINE('',#16341,#6569);
#5604=LINE('',#16342,#6570);
#5605=LINE('',#16344,#6571);
#5606=LINE('',#16346,#6572);
#5607=LINE('',#16347,#6573);
#5608=LINE('',#16350,#6574);
#5609=LINE('',#16352,#6575);
#5610=LINE('',#16354,#6576);
#5611=LINE('',#16356,#6577);
#5612=LINE('',#16358,#6578);
#5613=LINE('',#16360,#6579);
#5614=LINE('',#16362,#6580);
#5615=LINE('',#16364,#6581);
#5616=LINE('',#16366,#6582);
#5617=LINE('',#16368,#6583);
#5618=LINE('',#16370,#6584);
#5619=LINE('',#16373,#6585);
#5620=LINE('',#16374,#6586);
#5621=LINE('',#16380,#6587);
#5622=LINE('',#16385,#6588);
#5623=LINE('',#16387,#6589);
#5624=LINE('',#16388,#6590);
#5625=LINE('',#16389,#6591);
#5626=LINE('',#16391,#6592);
#5627=LINE('',#16417,#6593);
#5628=LINE('',#16420,#6594);
#5629=LINE('',#16422,#6595);
#5630=LINE('',#16424,#6596);
#5631=LINE('',#16426,#6597);
#5632=LINE('',#16429,#6598);
#5633=LINE('',#16431,#6599);
#5634=LINE('',#16433,#6600);
#5635=LINE('',#16463,#6601);
#5636=LINE('',#16464,#6602);
#5637=LINE('',#16466,#6603);
#5638=LINE('',#16467,#6604);
#5639=LINE('',#16469,#6605);
#5640=LINE('',#16471,#6606);
#5641=LINE('',#16473,#6607);
#5642=LINE('',#16475,#6608);
#5643=LINE('',#16477,#6609);
#5644=LINE('',#16479,#6610);
#5645=LINE('',#16481,#6611);
#5646=LINE('',#16483,#6612);
#5647=LINE('',#16485,#6613);
#5648=LINE('',#16487,#6614);
#5649=LINE('',#16489,#6615);
#5650=LINE('',#16491,#6616);
#5651=LINE('',#16494,#6617);
#5652=LINE('',#16495,#6618);
#5653=LINE('',#16500,#6619);
#5654=LINE('',#16506,#6620);
#5655=LINE('',#16508,#6621);
#5656=LINE('',#16510,#6622);
#5657=LINE('',#16512,#6623);
#5658=LINE('',#16514,#6624);
#5659=LINE('',#16538,#6625);
#5660=LINE('',#16541,#6626);
#5661=LINE('',#16543,#6627);
#5662=LINE('',#16545,#6628);
#5663=LINE('',#16547,#6629);
#5664=LINE('',#16550,#6630);
#5665=LINE('',#16552,#6631);
#5666=LINE('',#16554,#6632);
#5667=LINE('',#16584,#6633);
#5668=LINE('',#16585,#6634);
#5669=LINE('',#16586,#6635);
#5670=LINE('',#16588,#6636);
#5671=LINE('',#16590,#6637);
#5672=LINE('',#16591,#6638);
#5673=LINE('',#16594,#6639);
#5674=LINE('',#16596,#6640);
#5675=LINE('',#16598,#6641);
#5676=LINE('',#16600,#6642);
#5677=LINE('',#16602,#6643);
#5678=LINE('',#16604,#6644);
#5679=LINE('',#16606,#6645);
#5680=LINE('',#16608,#6646);
#5681=LINE('',#16610,#6647);
#5682=LINE('',#16612,#6648);
#5683=LINE('',#16615,#6649);
#5684=LINE('',#16616,#6650);
#5685=LINE('',#16622,#6651);
#5686=LINE('',#16627,#6652);
#5687=LINE('',#16629,#6653);
#5688=LINE('',#16630,#6654);
#5689=LINE('',#16633,#6655);
#5690=LINE('',#16635,#6656);
#5691=LINE('',#16659,#6657);
#5692=LINE('',#16662,#6658);
#5693=LINE('',#16664,#6659);
#5694=LINE('',#16666,#6660);
#5695=LINE('',#16668,#6661);
#5696=LINE('',#16671,#6662);
#5697=LINE('',#16673,#6663);
#5698=LINE('',#16675,#6664);
#5699=LINE('',#16700,#6665);
#5700=LINE('',#16701,#6666);
#5701=LINE('',#16702,#6667);
#5702=LINE('',#16704,#6668);
#5703=LINE('',#16706,#6669);
#5704=LINE('',#16708,#6670);
#5705=LINE('',#16710,#6671);
#5706=LINE('',#16712,#6672);
#5707=LINE('',#16714,#6673);
#5708=LINE('',#16716,#6674);
#5709=LINE('',#16718,#6675);
#5710=LINE('',#16720,#6676);
#5711=LINE('',#16722,#6677);
#5712=LINE('',#16724,#6678);
#5713=LINE('',#16726,#6679);
#5714=LINE('',#16728,#6680);
#5715=LINE('',#16731,#6681);
#5716=LINE('',#16732,#6682);
#5717=LINE('',#16737,#6683);
#5718=LINE('',#16743,#6684);
#5719=LINE('',#16745,#6685);
#5720=LINE('',#16747,#6686);
#5721=LINE('',#16749,#6687);
#5722=LINE('',#16751,#6688);
#5723=VECTOR('',#11919,1000.);
#5724=VECTOR('',#11920,1000.);
#5725=VECTOR('',#11921,1000.);
#5726=VECTOR('',#11922,1000.);
#5727=VECTOR('',#11923,1000.);
#5728=VECTOR('',#11924,1000.);
#5729=VECTOR('',#11925,1000.);
#5730=VECTOR('',#11926,1000.);
#5731=VECTOR('',#11927,1000.);
#5732=VECTOR('',#11928,1000.);
#5733=VECTOR('',#11929,1000.);
#5734=VECTOR('',#11930,1000.);
#5735=VECTOR('',#11931,1000.);
#5736=VECTOR('',#11932,1000.);
#5737=VECTOR('',#11933,1000.);
#5738=VECTOR('',#11934,1000.);
#5739=VECTOR('',#11935,1000.);
#5740=VECTOR('',#11936,1000.);
#5741=VECTOR('',#11939,1000.);
#5742=VECTOR('',#11940,1000.);
#5743=VECTOR('',#11941,1000.);
#5744=VECTOR('',#11942,1000.);
#5745=VECTOR('',#11943,1000.);
#5746=VECTOR('',#11944,1000.);
#5747=VECTOR('',#11945,1000.);
#5748=VECTOR('',#11946,1000.);
#5749=VECTOR('',#11947,1000.);
#5750=VECTOR('',#11948,1000.);
#5751=VECTOR('',#11949,1000.);
#5752=VECTOR('',#11950,1000.);
#5753=VECTOR('',#11951,1000.);
#5754=VECTOR('',#11952,1000.);
#5755=VECTOR('',#11953,1000.);
#5756=VECTOR('',#11954,1000.);
#5757=VECTOR('',#11955,1000.);
#5758=VECTOR('',#11956,1000.);
#5759=VECTOR('',#11957,1000.);
#5760=VECTOR('',#11958,1000.);
#5761=VECTOR('',#11959,1000.);
#5762=VECTOR('',#11960,1000.);
#5763=VECTOR('',#11961,1000.);
#5764=VECTOR('',#11964,1000.);
#5765=VECTOR('',#11965,1000.);
#5766=VECTOR('',#11966,1000.);
#5767=VECTOR('',#11967,1000.);
#5768=VECTOR('',#11968,1000.);
#5769=VECTOR('',#11969,1000.);
#5770=VECTOR('',#11970,1000.);
#5771=VECTOR('',#11971,1000.);
#5772=VECTOR('',#11972,1000.);
#5773=VECTOR('',#11973,1000.);
#5774=VECTOR('',#11974,1000.);
#5775=VECTOR('',#11975,1000.);
#5776=VECTOR('',#11976,1000.);
#5777=VECTOR('',#11977,1000.);
#5778=VECTOR('',#11978,1000.);
#5779=VECTOR('',#11979,1000.);
#5780=VECTOR('',#11980,1000.);
#5781=VECTOR('',#11983,1000.);
#5782=VECTOR('',#11984,1000.);
#5783=VECTOR('',#11985,1000.);
#5784=VECTOR('',#11986,1000.);
#5785=VECTOR('',#11987,1000.);
#5786=VECTOR('',#11988,1000.);
#5787=VECTOR('',#11989,1000.);
#5788=VECTOR('',#11990,1000.);
#5789=VECTOR('',#11991,1000.);
#5790=VECTOR('',#11992,1000.);
#5791=VECTOR('',#11993,1000.);
#5792=VECTOR('',#11994,1000.);
#5793=VECTOR('',#11995,1000.);
#5794=VECTOR('',#11996,1000.);
#5795=VECTOR('',#11997,1000.);
#5796=VECTOR('',#11998,1000.);
#5797=VECTOR('',#11999,1000.);
#5798=VECTOR('',#12002,1000.);
#5799=VECTOR('',#12003,1000.);
#5800=VECTOR('',#12004,1000.);
#5801=VECTOR('',#12005,1000.);
#5802=VECTOR('',#12006,1000.);
#5803=VECTOR('',#12007,1000.);
#5804=VECTOR('',#12008,1000.);
#5805=VECTOR('',#12009,1000.);
#5806=VECTOR('',#12010,1000.);
#5807=VECTOR('',#12011,1000.);
#5808=VECTOR('',#12012,1000.);
#5809=VECTOR('',#12013,1000.);
#5810=VECTOR('',#12014,1000.);
#5811=VECTOR('',#12015,1000.);
#5812=VECTOR('',#12016,1000.);
#5813=VECTOR('',#12017,1000.);
#5814=VECTOR('',#12018,1000.);
#5815=VECTOR('',#12019,1000.);
#5816=VECTOR('',#12020,1000.);
#5817=VECTOR('',#12021,1000.);
#5818=VECTOR('',#12022,1000.);
#5819=VECTOR('',#12023,1000.);
#5820=VECTOR('',#12024,1000.);
#5821=VECTOR('',#12025,1000.);
#5822=VECTOR('',#12026,1000.);
#5823=VECTOR('',#12027,1000.);
#5824=VECTOR('',#12028,1000.);
#5825=VECTOR('',#12029,1000.);
#5826=VECTOR('',#12030,1000.);
#5827=VECTOR('',#12031,1000.);
#5828=VECTOR('',#12032,1000.);
#5829=VECTOR('',#12033,1000.);
#5830=VECTOR('',#12034,1000.);
#5831=VECTOR('',#12035,1000.);
#5832=VECTOR('',#12036,1000.);
#5833=VECTOR('',#12037,1000.);
#5834=VECTOR('',#12038,1000.);
#5835=VECTOR('',#12039,1000.);
#5836=VECTOR('',#12040,1000.);
#5837=VECTOR('',#12041,1000.);
#5838=VECTOR('',#12044,1000.);
#5839=VECTOR('',#12045,1000.);
#5840=VECTOR('',#12046,1000.);
#5841=VECTOR('',#12047,1000.);
#5842=VECTOR('',#12048,1000.);
#5843=VECTOR('',#12049,1000.);
#5844=VECTOR('',#12050,1000.);
#5845=VECTOR('',#12053,1000.);
#5846=VECTOR('',#12056,1000.);
#5847=VECTOR('',#12059,1000.);
#5848=VECTOR('',#12060,1000.);
#5849=VECTOR('',#12061,1000.);
#5850=VECTOR('',#12062,1000.);
#5851=VECTOR('',#12063,1000.);
#5852=VECTOR('',#12064,1000.);
#5853=VECTOR('',#12065,1000.);
#5854=VECTOR('',#12066,1000.);
#5855=VECTOR('',#12069,1000.);
#5856=VECTOR('',#12070,1000.);
#5857=VECTOR('',#12071,1000.);
#5858=VECTOR('',#12072,1000.);
#5859=VECTOR('',#12073,1000.);
#5860=VECTOR('',#12074,1000.);
#5861=VECTOR('',#12075,1000.);
#5862=VECTOR('',#12076,1000.);
#5863=VECTOR('',#12077,1000.);
#5864=VECTOR('',#12078,1000.);
#5865=VECTOR('',#12079,1000.);
#5866=VECTOR('',#12080,1000.);
#5867=VECTOR('',#12081,1000.);
#5868=VECTOR('',#12082,1000.);
#5869=VECTOR('',#12083,1000.);
#5870=VECTOR('',#12084,1000.);
#5871=VECTOR('',#12085,1000.);
#5872=VECTOR('',#12086,1000.);
#5873=VECTOR('',#12087,1000.);
#5874=VECTOR('',#12088,1000.);
#5875=VECTOR('',#12089,1000.);
#5876=VECTOR('',#12090,1000.);
#5877=VECTOR('',#12093,1000.);
#5878=VECTOR('',#12094,1000.);
#5879=VECTOR('',#12095,1000.);
#5880=VECTOR('',#12096,1000.);
#5881=VECTOR('',#12099,1000.);
#5882=VECTOR('',#12100,1000.);
#5883=VECTOR('',#12101,1000.);
#5884=VECTOR('',#12102,1000.);
#5885=VECTOR('',#12105,1000.);
#5886=VECTOR('',#12106,1000.);
#5887=VECTOR('',#12107,1000.);
#5888=VECTOR('',#12108,1000.);
#5889=VECTOR('',#12111,1000.);
#5890=VECTOR('',#12112,1000.);
#5891=VECTOR('',#12113,1000.);
#5892=VECTOR('',#12114,1000.);
#5893=VECTOR('',#12117,1000.);
#5894=VECTOR('',#12118,1000.);
#5895=VECTOR('',#12119,1000.);
#5896=VECTOR('',#12120,1000.);
#5897=VECTOR('',#12123,1000.);
#5898=VECTOR('',#12124,1000.);
#5899=VECTOR('',#12125,1000.);
#5900=VECTOR('',#12126,1000.);
#5901=VECTOR('',#12129,1000.);
#5902=VECTOR('',#12130,1000.);
#5903=VECTOR('',#12131,1000.);
#5904=VECTOR('',#12132,1000.);
#5905=VECTOR('',#12135,1000.);
#5906=VECTOR('',#12136,1000.);
#5907=VECTOR('',#12137,1000.);
#5908=VECTOR('',#12138,1000.);
#5909=VECTOR('',#12141,1000.);
#5910=VECTOR('',#12142,1000.);
#5911=VECTOR('',#12143,1000.);
#5912=VECTOR('',#12144,1000.);
#5913=VECTOR('',#12147,1000.);
#5914=VECTOR('',#12148,1000.);
#5915=VECTOR('',#12149,1000.);
#5916=VECTOR('',#12150,1000.);
#5917=VECTOR('',#12153,1000.);
#5918=VECTOR('',#12154,1000.);
#5919=VECTOR('',#12155,1000.);
#5920=VECTOR('',#12156,1000.);
#5921=VECTOR('',#12159,1000.);
#5922=VECTOR('',#12160,1000.);
#5923=VECTOR('',#12161,1000.);
#5924=VECTOR('',#12162,1000.);
#5925=VECTOR('',#12165,1000.);
#5926=VECTOR('',#12166,1000.);
#5927=VECTOR('',#12167,1000.);
#5928=VECTOR('',#12168,1000.);
#5929=VECTOR('',#12171,1000.);
#5930=VECTOR('',#12172,1000.);
#5931=VECTOR('',#12173,1000.);
#5932=VECTOR('',#12174,1000.);
#5933=VECTOR('',#12177,1000.);
#5934=VECTOR('',#12178,1000.);
#5935=VECTOR('',#12179,1000.);
#5936=VECTOR('',#12180,1000.);
#5937=VECTOR('',#12183,1000.);
#5938=VECTOR('',#12184,1000.);
#5939=VECTOR('',#12185,1000.);
#5940=VECTOR('',#12186,1000.);
#5941=VECTOR('',#12189,1000.);
#5942=VECTOR('',#12190,1000.);
#5943=VECTOR('',#12191,1000.);
#5944=VECTOR('',#12192,1000.);
#5945=VECTOR('',#12195,1000.);
#5946=VECTOR('',#12196,1000.);
#5947=VECTOR('',#12197,1000.);
#5948=VECTOR('',#12200,1000.);
#5949=VECTOR('',#12201,1000.);
#5950=VECTOR('',#12202,1000.);
#5951=VECTOR('',#12205,1000.);
#5952=VECTOR('',#12206,1000.);
#5953=VECTOR('',#12207,1000.);
#5954=VECTOR('',#12210,1000.);
#5955=VECTOR('',#12211,1000.);
#5956=VECTOR('',#12214,1000.);
#5957=VECTOR('',#12215,1000.);
#5958=VECTOR('',#12216,1000.);
#5959=VECTOR('',#12217,1000.);
#5960=VECTOR('',#12220,1000.);
#5961=VECTOR('',#12221,1000.);
#5962=VECTOR('',#12224,1000.);
#5963=VECTOR('',#12225,1000.);
#5964=VECTOR('',#12228,1000.);
#5965=VECTOR('',#12229,1000.);
#5966=VECTOR('',#12230,1000.);
#5967=VECTOR('',#12231,1000.);
#5968=VECTOR('',#12234,1000.);
#5969=VECTOR('',#12235,1000.);
#5970=VECTOR('',#12238,1000.);
#5971=VECTOR('',#12239,1000.);
#5972=VECTOR('',#12242,1000.);
#5973=VECTOR('',#12243,1000.);
#5974=VECTOR('',#12244,1000.);
#5975=VECTOR('',#12245,1000.);
#5976=VECTOR('',#12248,1000.);
#5977=VECTOR('',#12249,1000.);
#5978=VECTOR('',#12252,1000.);
#5979=VECTOR('',#12253,1000.);
#5980=VECTOR('',#12256,1000.);
#5981=VECTOR('',#12257,1000.);
#5982=VECTOR('',#12258,1000.);
#5983=VECTOR('',#12261,1000.);
#5984=VECTOR('',#12262,1000.);
#5985=VECTOR('',#12265,1000.);
#5986=VECTOR('',#12266,1000.);
#5987=VECTOR('',#12269,1000.);
#5988=VECTOR('',#12270,1000.);
#5989=VECTOR('',#12271,1000.);
#5990=VECTOR('',#12274,1000.);
#5991=VECTOR('',#12275,1000.);
#5992=VECTOR('',#12278,1000.);
#5993=VECTOR('',#12279,1000.);
#5994=VECTOR('',#12282,1000.);
#5995=VECTOR('',#12283,1000.);
#5996=VECTOR('',#12284,1000.);
#5997=VECTOR('',#12287,1000.);
#5998=VECTOR('',#12288,1000.);
#5999=VECTOR('',#12291,1000.);
#6000=VECTOR('',#12292,1000.);
#6001=VECTOR('',#12295,1000.);
#6002=VECTOR('',#12296,1000.);
#6003=VECTOR('',#12297,1000.);
#6004=VECTOR('',#12300,1000.);
#6005=VECTOR('',#12301,1000.);
#6006=VECTOR('',#12304,1000.);
#6007=VECTOR('',#12305,1000.);
#6008=VECTOR('',#12322,1000.);
#6009=VECTOR('',#12325,1000.);
#6010=VECTOR('',#12330,1000.);
#6011=VECTOR('',#12333,1000.);
#6012=VECTOR('',#12338,1000.);
#6013=VECTOR('',#12339,1000.);
#6014=VECTOR('',#12344,1000.);
#6015=VECTOR('',#12345,1000.);
#6016=VECTOR('',#12350,1000.);
#6017=VECTOR('',#12351,1000.);
#6018=VECTOR('',#12356,1000.);
#6019=VECTOR('',#12357,1000.);
#6020=VECTOR('',#12362,1000.);
#6021=VECTOR('',#12363,1000.);
#6022=VECTOR('',#12368,1000.);
#6023=VECTOR('',#12369,1000.);
#6024=VECTOR('',#12372,1000.);
#6025=VECTOR('',#12373,1000.);
#6026=VECTOR('',#12374,1000.);
#6027=VECTOR('',#12375,1000.);
#6028=VECTOR('',#12378,1000.);
#6029=VECTOR('',#12379,1000.);
#6030=VECTOR('',#12380,1000.);
#6031=VECTOR('',#12381,1000.);
#6032=VECTOR('',#12384,1000.);
#6033=VECTOR('',#12385,1000.);
#6034=VECTOR('',#12386,1000.);
#6035=VECTOR('',#12387,1000.);
#6036=VECTOR('',#12390,1000.);
#6037=VECTOR('',#12391,1000.);
#6038=VECTOR('',#12392,1000.);
#6039=VECTOR('',#12393,1000.);
#6040=VECTOR('',#12396,1000.);
#6041=VECTOR('',#12397,1000.);
#6042=VECTOR('',#12398,1000.);
#6043=VECTOR('',#12401,1000.);
#6044=VECTOR('',#12402,1000.);
#6045=VECTOR('',#12403,1000.);
#6046=VECTOR('',#12404,1000.);
#6047=VECTOR('',#12407,1000.);
#6048=VECTOR('',#12408,1000.);
#6049=VECTOR('',#12409,1000.);
#6050=VECTOR('',#12410,1000.);
#6051=VECTOR('',#12413,1000.);
#6052=VECTOR('',#12414,1000.);
#6053=VECTOR('',#12415,1000.);
#6054=VECTOR('',#12416,1000.);
#6055=VECTOR('',#12419,1000.);
#6056=VECTOR('',#12420,1000.);
#6057=VECTOR('',#12421,1000.);
#6058=VECTOR('',#12424,1000.);
#6059=VECTOR('',#12425,1000.);
#6060=VECTOR('',#12426,1000.);
#6061=VECTOR('',#12427,1000.);
#6062=VECTOR('',#12428,1000.);
#6063=VECTOR('',#12429,1000.);
#6064=VECTOR('',#12430,1000.);
#6065=VECTOR('',#12431,1000.);
#6066=VECTOR('',#12432,1000.);
#6067=VECTOR('',#12433,1000.);
#6068=VECTOR('',#12434,1000.);
#6069=VECTOR('',#12435,1000.);
#6070=VECTOR('',#12436,1000.);
#6071=VECTOR('',#12437,1000.);
#6072=VECTOR('',#12438,1000.);
#6073=VECTOR('',#12439,1000.);
#6074=VECTOR('',#12440,1000.);
#6075=VECTOR('',#12441,1000.);
#6076=VECTOR('',#12442,1000.);
#6077=VECTOR('',#12443,1000.);
#6078=VECTOR('',#12444,1000.);
#6079=VECTOR('',#12445,1000.);
#6080=VECTOR('',#12446,1000.);
#6081=VECTOR('',#12447,1000.);
#6082=VECTOR('',#12448,1000.);
#6083=VECTOR('',#12451,1000.);
#6084=VECTOR('',#12452,1000.);
#6085=VECTOR('',#12453,1000.);
#6086=VECTOR('',#12454,1000.);
#6087=VECTOR('',#12455,1000.);
#6088=VECTOR('',#12456,1000.);
#6089=VECTOR('',#12459,1000.);
#6090=VECTOR('',#12462,1000.);
#6091=VECTOR('',#12463,1000.);
#6092=VECTOR('',#12464,1000.);
#6093=VECTOR('',#12465,1000.);
#6094=VECTOR('',#12468,1000.);
#6095=VECTOR('',#12469,1000.);
#6096=VECTOR('',#12470,1000.);
#6097=VECTOR('',#12471,1000.);
#6098=VECTOR('',#12474,1000.);
#6099=VECTOR('',#12475,1000.);
#6100=VECTOR('',#12476,1000.);
#6101=VECTOR('',#12491,1000.);
#6102=VECTOR('',#12492,1000.);
#6103=VECTOR('',#12493,1000.);
#6104=VECTOR('',#12494,1000.);
#6105=VECTOR('',#12497,1000.);
#6106=VECTOR('',#12498,1000.);
#6107=VECTOR('',#12501,1000.);
#6108=VECTOR('',#12502,1000.);
#6109=VECTOR('',#12503,1000.);
#6110=VECTOR('',#12504,1000.);
#6111=VECTOR('',#12505,1000.);
#6112=VECTOR('',#12506,1000.);
#6113=VECTOR('',#12507,1000.);
#6114=VECTOR('',#12508,1000.);
#6115=VECTOR('',#12511,1000.);
#6116=VECTOR('',#12512,1000.);
#6117=VECTOR('',#12513,1000.);
#6118=VECTOR('',#12514,1000.);
#6119=VECTOR('',#12515,1000.);
#6120=VECTOR('',#12516,1000.);
#6121=VECTOR('',#12517,1000.);
#6122=VECTOR('',#12518,1000.);
#6123=VECTOR('',#12521,1000.);
#6124=VECTOR('',#12522,1000.);
#6125=VECTOR('',#12523,1000.);
#6126=VECTOR('',#12524,1000.);
#6127=VECTOR('',#12525,1000.);
#6128=VECTOR('',#12526,1000.);
#6129=VECTOR('',#12527,1000.);
#6130=VECTOR('',#12528,1000.);
#6131=VECTOR('',#12529,1000.);
#6132=VECTOR('',#12530,1000.);
#6133=VECTOR('',#12531,1000.);
#6134=VECTOR('',#12532,1000.);
#6135=VECTOR('',#12533,1000.);
#6136=VECTOR('',#12534,1000.);
#6137=VECTOR('',#12535,1000.);
#6138=VECTOR('',#12536,1000.);
#6139=VECTOR('',#12537,1000.);
#6140=VECTOR('',#12538,1000.);
#6141=VECTOR('',#12539,1000.);
#6142=VECTOR('',#12540,1000.);
#6143=VECTOR('',#12541,1000.);
#6144=VECTOR('',#12542,1000.);
#6145=VECTOR('',#12543,1000.);
#6146=VECTOR('',#12544,1000.);
#6147=VECTOR('',#12545,1000.);
#6148=VECTOR('',#12546,1000.);
#6149=VECTOR('',#12547,1000.);
#6150=VECTOR('',#12550,1000.);
#6151=VECTOR('',#12551,1000.);
#6152=VECTOR('',#12552,1000.);
#6153=VECTOR('',#12553,1000.);
#6154=VECTOR('',#12554,1000.);
#6155=VECTOR('',#12557,1000.);
#6156=VECTOR('',#12558,1000.);
#6157=VECTOR('',#12559,1000.);
#6158=VECTOR('',#12560,1000.);
#6159=VECTOR('',#12561,1000.);
#6160=VECTOR('',#12564,1000.);
#6161=VECTOR('',#12565,1000.);
#6162=VECTOR('',#12566,1000.);
#6163=VECTOR('',#12567,1000.);
#6164=VECTOR('',#12570,1000.);
#6165=VECTOR('',#12571,1000.);
#6166=VECTOR('',#12572,1000.);
#6167=VECTOR('',#12575,1000.);
#6168=VECTOR('',#12576,1000.);
#6169=VECTOR('',#12577,1000.);
#6170=VECTOR('',#12580,1000.);
#6171=VECTOR('',#12581,1000.);
#6172=VECTOR('',#12584,1000.);
#6173=VECTOR('',#12585,1000.);
#6174=VECTOR('',#12588,1000.);
#6175=VECTOR('',#12589,1000.);
#6176=VECTOR('',#12592,1000.);
#6177=VECTOR('',#12595,1000.);
#6178=VECTOR('',#12598,1000.);
#6179=VECTOR('',#12601,1000.);
#6180=VECTOR('',#12608,1000.);
#6181=VECTOR('',#12609,1000.);
#6182=VECTOR('',#12612,1000.);
#6183=VECTOR('',#12613,1000.);
#6184=VECTOR('',#12616,1000.);
#6185=VECTOR('',#12619,1000.);
#6186=VECTOR('',#12626,1000.);
#6187=VECTOR('',#12629,1000.);
#6188=VECTOR('',#12630,1000.);
#6189=VECTOR('',#12633,1000.);
#6190=VECTOR('',#12634,1000.);
#6191=VECTOR('',#12637,1000.);
#6192=VECTOR('',#12638,1000.);
#6193=VECTOR('',#12641,1000.);
#6194=VECTOR('',#12642,1000.);
#6195=VECTOR('',#12645,1000.);
#6196=VECTOR('',#12648,1000.);
#6197=VECTOR('',#12649,1000.);
#6198=VECTOR('',#12652,1000.);
#6199=VECTOR('',#12653,1000.);
#6200=VECTOR('',#12684,1000.);
#6201=VECTOR('',#12685,1000.);
#6202=VECTOR('',#12686,1000.);
#6203=VECTOR('',#12687,1000.);
#6204=VECTOR('',#12688,1000.);
#6205=VECTOR('',#12689,1000.);
#6206=VECTOR('',#12690,1000.);
#6207=VECTOR('',#12691,1000.);
#6208=VECTOR('',#12692,1000.);
#6209=VECTOR('',#12695,1000.);
#6210=VECTOR('',#12696,1000.);
#6211=VECTOR('',#12697,1000.);
#6212=VECTOR('',#12698,1000.);
#6213=VECTOR('',#12699,1000.);
#6214=VECTOR('',#12700,1000.);
#6215=VECTOR('',#12701,1000.);
#6216=VECTOR('',#12702,1000.);
#6217=VECTOR('',#12703,1000.);
#6218=VECTOR('',#12706,1000.);
#6219=VECTOR('',#12709,1000.);
#6220=VECTOR('',#12712,1000.);
#6221=VECTOR('',#12713,1000.);
#6222=VECTOR('',#12718,1000.);
#6223=VECTOR('',#12721,1000.);
#6224=VECTOR('',#12728,1000.);
#6225=VECTOR('',#12733,1000.);
#6226=VECTOR('',#12734,1000.);
#6227=VECTOR('',#12735,1000.);
#6228=VECTOR('',#12736,1000.);
#6229=VECTOR('',#12741,1000.);
#6230=VECTOR('',#12742,1000.);
#6231=VECTOR('',#12743,1000.);
#6232=VECTOR('',#12746,1000.);
#6233=VECTOR('',#12747,1000.);
#6234=VECTOR('',#12750,1000.);
#6235=VECTOR('',#12751,1000.);
#6236=VECTOR('',#12754,1000.);
#6237=VECTOR('',#12755,1000.);
#6238=VECTOR('',#12756,1000.);
#6239=VECTOR('',#12759,1000.);
#6240=VECTOR('',#12762,1000.);
#6241=VECTOR('',#12767,1000.);
#6242=VECTOR('',#12768,1000.);
#6243=VECTOR('',#12771,1000.);
#6244=VECTOR('',#12778,1000.);
#6245=VECTOR('',#12779,1000.);
#6246=VECTOR('',#12780,1000.);
#6247=VECTOR('',#12781,1000.);
#6248=VECTOR('',#12784,1000.);
#6249=VECTOR('',#12785,1000.);
#6250=VECTOR('',#12786,1000.);
#6251=VECTOR('',#12787,1000.);
#6252=VECTOR('',#12790,1000.);
#6253=VECTOR('',#12791,1000.);
#6254=VECTOR('',#12792,1000.);
#6255=VECTOR('',#12795,1000.);
#6256=VECTOR('',#12796,1000.);
#6257=VECTOR('',#12797,1000.);
#6258=VECTOR('',#12800,1000.);
#6259=VECTOR('',#12803,1000.);
#6260=VECTOR('',#12808,1000.);
#6261=VECTOR('',#12809,1000.);
#6262=VECTOR('',#12812,1000.);
#6263=VECTOR('',#12813,1000.);
#6264=VECTOR('',#12816,1000.);
#6265=VECTOR('',#12819,1000.);
#6266=VECTOR('',#12824,1000.);
#6267=VECTOR('',#12827,1000.);
#6268=VECTOR('',#12834,1000.);
#6269=VECTOR('',#12837,1000.);
#6270=VECTOR('',#12842,1000.);
#6271=VECTOR('',#12843,1000.);
#6272=VECTOR('',#12844,1000.);
#6273=VECTOR('',#12845,1000.);
#6274=VECTOR('',#12846,1000.);
#6275=VECTOR('',#12847,1000.);
#6276=VECTOR('',#12848,1000.);
#6277=VECTOR('',#12849,1000.);
#6278=VECTOR('',#12850,1000.);
#6279=VECTOR('',#12851,1000.);
#6280=VECTOR('',#12852,1000.);
#6281=VECTOR('',#12853,1000.);
#6282=VECTOR('',#12854,1000.);
#6283=VECTOR('',#12855,1000.);
#6284=VECTOR('',#12856,1000.);
#6285=VECTOR('',#12857,1000.);
#6286=VECTOR('',#12858,1000.);
#6287=VECTOR('',#12859,1000.);
#6288=VECTOR('',#12860,1000.);
#6289=VECTOR('',#12861,1000.);
#6290=VECTOR('',#12862,1000.);
#6291=VECTOR('',#12863,1000.);
#6292=VECTOR('',#12864,1000.);
#6293=VECTOR('',#12865,1000.);
#6294=VECTOR('',#12866,1000.);
#6295=VECTOR('',#12867,1000.);
#6296=VECTOR('',#12868,1000.);
#6297=VECTOR('',#12869,1000.);
#6298=VECTOR('',#12870,1000.);
#6299=VECTOR('',#12871,1000.);
#6300=VECTOR('',#12872,1000.);
#6301=VECTOR('',#12873,1000.);
#6302=VECTOR('',#12874,1000.);
#6303=VECTOR('',#12875,1000.);
#6304=VECTOR('',#12876,1000.);
#6305=VECTOR('',#12877,1000.);
#6306=VECTOR('',#12880,1000.);
#6307=VECTOR('',#12881,1000.);
#6308=VECTOR('',#12886,1000.);
#6309=VECTOR('',#12887,1000.);
#6310=VECTOR('',#12892,1000.);
#6311=VECTOR('',#12895,1000.);
#6312=VECTOR('',#12896,1000.);
#6313=VECTOR('',#12897,1000.);
#6314=VECTOR('',#12898,1000.);
#6315=VECTOR('',#12899,1000.);
#6316=VECTOR('',#12934,1000.);
#6317=VECTOR('',#12935,1000.);
#6318=VECTOR('',#12936,1000.);
#6319=VECTOR('',#12937,1000.);
#6320=VECTOR('',#12938,1000.);
#6321=VECTOR('',#12939,1000.);
#6322=VECTOR('',#12942,1000.);
#6323=VECTOR('',#12943,1000.);
#6324=VECTOR('',#12944,1000.);
#6325=VECTOR('',#12945,1000.);
#6326=VECTOR('',#12948,1000.);
#6327=VECTOR('',#12949,1000.);
#6328=VECTOR('',#12950,1000.);
#6329=VECTOR('',#12951,1000.);
#6330=VECTOR('',#12954,1000.);
#6331=VECTOR('',#12955,1000.);
#6332=VECTOR('',#12956,1000.);
#6333=VECTOR('',#12957,1000.);
#6334=VECTOR('',#12958,1000.);
#6335=VECTOR('',#12959,1000.);
#6336=VECTOR('',#12964,1000.);
#6337=VECTOR('',#12967,1000.);
#6338=VECTOR('',#12972,1000.);
#6339=VECTOR('',#12975,1000.);
#6340=VECTOR('',#12980,1000.);
#6341=VECTOR('',#12983,1000.);
#6342=VECTOR('',#12988,1000.);
#6343=VECTOR('',#12991,1000.);
#6344=VECTOR('',#12996,1000.);
#6345=VECTOR('',#12999,1000.);
#6346=VECTOR('',#13004,1000.);
#6347=VECTOR('',#13007,1000.);
#6348=VECTOR('',#13012,1000.);
#6349=VECTOR('',#13015,1000.);
#6350=VECTOR('',#13020,1000.);
#6351=VECTOR('',#13023,1000.);
#6352=VECTOR('',#13028,1000.);
#6353=VECTOR('',#13031,1000.);
#6354=VECTOR('',#13036,1000.);
#6355=VECTOR('',#13039,1000.);
#6356=VECTOR('',#13044,1000.);
#6357=VECTOR('',#13047,1000.);
#6358=VECTOR('',#13052,1000.);
#6359=VECTOR('',#13055,1000.);
#6360=VECTOR('',#13060,1000.);
#6361=VECTOR('',#13063,1000.);
#6362=VECTOR('',#13068,1000.);
#6363=VECTOR('',#13071,1000.);
#6364=VECTOR('',#13076,1000.);
#6365=VECTOR('',#13079,1000.);
#6366=VECTOR('',#13084,1000.);
#6367=VECTOR('',#13087,1000.);
#6368=VECTOR('',#13100,1000.);
#6369=VECTOR('',#13117,1000.);
#6370=VECTOR('',#13130,1000.);
#6371=VECTOR('',#13151,1000.);
#6372=VECTOR('',#13164,1000.);
#6373=VECTOR('',#13173,1000.);
#6374=VECTOR('',#13186,1000.);
#6375=VECTOR('',#13203,1000.);
#6376=VECTOR('',#13210,1000.);
#6377=VECTOR('',#13217,1000.);
#6378=VECTOR('',#13230,1000.);
#6379=VECTOR('',#13233,1000.);
#6380=VECTOR('',#13234,1000.);
#6381=VECTOR('',#13237,1000.);
#6382=VECTOR('',#13238,1000.);
#6383=VECTOR('',#13241,1000.);
#6384=VECTOR('',#13242,1000.);
#6385=VECTOR('',#13245,1000.);
#6386=VECTOR('',#13246,1000.);
#6387=VECTOR('',#13249,1000.);
#6388=VECTOR('',#13250,1000.);
#6389=VECTOR('',#13253,1000.);
#6390=VECTOR('',#13254,1000.);
#6391=VECTOR('',#13257,1000.);
#6392=VECTOR('',#13258,1000.);
#6393=VECTOR('',#13261,1000.);
#6394=VECTOR('',#13262,1000.);
#6395=VECTOR('',#13265,1000.);
#6396=VECTOR('',#13266,1000.);
#6397=VECTOR('',#13267,1000.);
#6398=VECTOR('',#13270,1000.);
#6399=VECTOR('',#13271,1000.);
#6400=VECTOR('',#13274,1000.);
#6401=VECTOR('',#13275,1000.);
#6402=VECTOR('',#13278,1000.);
#6403=VECTOR('',#13283,1000.);
#6404=VECTOR('',#13286,1000.);
#6405=VECTOR('',#13287,1000.);
#6406=VECTOR('',#13290,1000.);
#6407=VECTOR('',#13291,1000.);
#6408=VECTOR('',#13296,1000.);
#6409=VECTOR('',#13297,1000.);
#6410=VECTOR('',#13300,1000.);
#6411=VECTOR('',#13301,1000.);
#6412=VECTOR('',#13304,1000.);
#6413=VECTOR('',#13305,1000.);
#6414=VECTOR('',#13310,1000.);
#6415=VECTOR('',#13311,1000.);
#6416=VECTOR('',#13314,1000.);
#6417=VECTOR('',#13315,1000.);
#6418=VECTOR('',#13318,1000.);
#6419=VECTOR('',#13321,1000.);
#6420=VECTOR('',#13326,1000.);
#6421=VECTOR('',#13329,1000.);
#6422=VECTOR('',#13334,1000.);
#6423=VECTOR('',#13337,1000.);
#6424=VECTOR('',#13340,1000.);
#6425=VECTOR('',#13343,1000.);
#6426=VECTOR('',#13348,1000.);
#6427=VECTOR('',#13353,1000.);
#6428=VECTOR('',#13354,1000.);
#6429=VECTOR('',#13359,1000.);
#6430=VECTOR('',#13362,1000.);
#6431=VECTOR('',#13363,1000.);
#6432=VECTOR('',#13366,1000.);
#6433=VECTOR('',#13369,1000.);
#6434=VECTOR('',#13372,1000.);
#6435=VECTOR('',#13373,1000.);
#6436=VECTOR('',#13376,1000.);
#6437=VECTOR('',#13379,1000.);
#6438=VECTOR('',#13382,1000.);
#6439=VECTOR('',#13383,1000.);
#6440=VECTOR('',#13386,1000.);
#6441=VECTOR('',#13387,1000.);
#6442=VECTOR('',#13390,1000.);
#6443=VECTOR('',#13391,1000.);
#6444=VECTOR('',#13392,1000.);
#6445=VECTOR('',#13399,1000.);
#6446=VECTOR('',#13402,1000.);
#6447=VECTOR('',#13405,1000.);
#6448=VECTOR('',#13406,1000.);
#6449=VECTOR('',#13409,1000.);
#6450=VECTOR('',#13412,1000.);
#6451=VECTOR('',#13415,1000.);
#6452=VECTOR('',#13418,1000.);
#6453=VECTOR('',#13419,1000.);
#6454=VECTOR('',#13422,1000.);
#6455=VECTOR('',#13423,1000.);
#6456=VECTOR('',#13426,1000.);
#6457=VECTOR('',#13427,1000.);
#6458=VECTOR('',#13430,1000.);
#6459=VECTOR('',#13431,1000.);
#6460=VECTOR('',#13434,1000.);
#6461=VECTOR('',#13435,1000.);
#6462=VECTOR('',#13438,1000.);
#6463=VECTOR('',#13439,1000.);
#6464=VECTOR('',#13442,1000.);
#6465=VECTOR('',#13443,1000.);
#6466=VECTOR('',#13444,1000.);
#6467=VECTOR('',#13447,1000.);
#6468=VECTOR('',#13448,1000.);
#6469=VECTOR('',#13451,1000.);
#6470=VECTOR('',#13486,1000.);
#6471=VECTOR('',#13487,1000.);
#6472=VECTOR('',#13488,1000.);
#6473=VECTOR('',#13489,1000.);
#6474=VECTOR('',#13490,1000.);
#6475=VECTOR('',#13493,1000.);
#6476=VECTOR('',#13494,1000.);
#6477=VECTOR('',#13497,1000.);
#6478=VECTOR('',#13498,1000.);
#6479=VECTOR('',#13501,1000.);
#6480=VECTOR('',#13502,1000.);
#6481=VECTOR('',#13509,1000.);
#6482=VECTOR('',#13512,1000.);
#6483=VECTOR('',#13515,1000.);
#6484=VECTOR('',#13516,1000.);
#6485=VECTOR('',#13517,1000.);
#6486=VECTOR('',#13520,1000.);
#6487=VECTOR('',#13521,1000.);
#6488=VECTOR('',#13524,1000.);
#6489=VECTOR('',#13525,1000.);
#6490=VECTOR('',#13528,1000.);
#6491=VECTOR('',#13539,1000.);
#6492=VECTOR('',#13542,1000.);
#6493=VECTOR('',#13543,1000.);
#6494=VECTOR('',#13544,1000.);
#6495=VECTOR('',#13547,1000.);
#6496=VECTOR('',#13548,1000.);
#6497=VECTOR('',#13549,1000.);
#6498=VECTOR('',#13552,1000.);
#6499=VECTOR('',#13555,1000.);
#6500=VECTOR('',#13556,1000.);
#6501=VECTOR('',#13559,1000.);
#6502=VECTOR('',#13570,1000.);
#6503=VECTOR('',#13573,1000.);
#6504=VECTOR('',#13576,1000.);
#6505=VECTOR('',#13577,1000.);
#6506=VECTOR('',#13578,1000.);
#6507=VECTOR('',#13581,1000.);
#6508=VECTOR('',#13582,1000.);
#6509=VECTOR('',#13583,1000.);
#6510=VECTOR('',#13588,1000.);
#6511=VECTOR('',#13589,1000.);
#6512=VECTOR('',#13592,1000.);
#6513=VECTOR('',#13593,1000.);
#6514=VECTOR('',#13606,1000.);
#6515=VECTOR('',#13611,1000.);
#6516=VECTOR('',#13612,1000.);
#6517=VECTOR('',#13613,1000.);
#6518=VECTOR('',#13614,1000.);
#6519=VECTOR('',#13615,1000.);
#6520=VECTOR('',#13618,1000.);
#6521=VECTOR('',#13619,1000.);
#6522=VECTOR('',#13622,1000.);
#6523=VECTOR('',#13623,1000.);
#6524=VECTOR('',#13626,1000.);
#6525=VECTOR('',#13627,1000.);
#6526=VECTOR('',#13634,1000.);
#6527=VECTOR('',#13637,1000.);
#6528=VECTOR('',#13640,1000.);
#6529=VECTOR('',#13641,1000.);
#6530=VECTOR('',#13642,1000.);
#6531=VECTOR('',#13645,1000.);
#6532=VECTOR('',#13646,1000.);
#6533=VECTOR('',#13649,1000.);
#6534=VECTOR('',#13650,1000.);
#6535=VECTOR('',#13653,1000.);
#6536=VECTOR('',#13662,1000.);
#6537=VECTOR('',#13665,1000.);
#6538=VECTOR('',#13670,1000.);
#6539=VECTOR('',#13673,1000.);
#6540=VECTOR('',#13676,1000.);
#6541=VECTOR('',#13677,1000.);
#6542=VECTOR('',#13678,1000.);
#6543=VECTOR('',#13681,1000.);
#6544=VECTOR('',#13682,1000.);
#6545=VECTOR('',#13683,1000.);
#6546=VECTOR('',#13688,1000.);
#6547=VECTOR('',#13689,1000.);
#6548=VECTOR('',#13698,1000.);
#6549=VECTOR('',#13701,1000.);
#6550=VECTOR('',#13706,1000.);
#6551=VECTOR('',#13709,1000.);
#6552=VECTOR('',#13712,1000.);
#6553=VECTOR('',#13713,1000.);
#6554=VECTOR('',#13714,1000.);
#6555=VECTOR('',#13717,1000.);
#6556=VECTOR('',#13718,1000.);
#6557=VECTOR('',#13719,1000.);
#6558=VECTOR('',#13724,1000.);
#6559=VECTOR('',#13725,1000.);
#6560=VECTOR('',#13742,1000.);
#6561=VECTOR('',#13743,1000.);
#6562=VECTOR('',#13744,1000.);
#6563=VECTOR('',#13745,1000.);
#6564=VECTOR('',#13748,1000.);
#6565=VECTOR('',#13749,1000.);
#6566=VECTOR('',#13750,1000.);
#6567=VECTOR('',#13751,1000.);
#6568=VECTOR('',#13756,1000.);
#6569=VECTOR('',#13757,1000.);
#6570=VECTOR('',#13758,1000.);
#6571=VECTOR('',#13761,1000.);
#6572=VECTOR('',#13764,1000.);
#6573=VECTOR('',#13765,1000.);
#6574=VECTOR('',#13770,1000.);
#6575=VECTOR('',#13771,1000.);
#6576=VECTOR('',#13772,1000.);
#6577=VECTOR('',#13773,1000.);
#6578=VECTOR('',#13776,1000.);
#6579=VECTOR('',#13777,1000.);
#6580=VECTOR('',#13778,1000.);
#6581=VECTOR('',#13781,1000.);
#6582=VECTOR('',#13782,1000.);
#6583=VECTOR('',#13783,1000.);
#6584=VECTOR('',#13786,1000.);
#6585=VECTOR('',#13787,1000.);
#6586=VECTOR('',#13788,1000.);
#6587=VECTOR('',#13795,1000.);
#6588=VECTOR('',#13804,1000.);
#6589=VECTOR('',#13807,1000.);
#6590=VECTOR('',#13808,1000.);
#6591=VECTOR('',#13809,1000.);
#6592=VECTOR('',#13812,1000.);
#6593=VECTOR('',#13823,1000.);
#6594=VECTOR('',#13824,1000.);
#6595=VECTOR('',#13825,1000.);
#6596=VECTOR('',#13826,1000.);
#6597=VECTOR('',#13829,1000.);
#6598=VECTOR('',#13830,1000.);
#6599=VECTOR('',#13831,1000.);
#6600=VECTOR('',#13832,1000.);
#6601=VECTOR('',#13837,1000.);
#6602=VECTOR('',#13838,1000.);
#6603=VECTOR('',#13841,1000.);
#6604=VECTOR('',#13842,1000.);
#6605=VECTOR('',#13845,1000.);
#6606=VECTOR('',#13848,1000.);
#6607=VECTOR('',#13851,1000.);
#6608=VECTOR('',#13852,1000.);
#6609=VECTOR('',#13853,1000.);
#6610=VECTOR('',#13856,1000.);
#6611=VECTOR('',#13857,1000.);
#6612=VECTOR('',#13858,1000.);
#6613=VECTOR('',#13861,1000.);
#6614=VECTOR('',#13862,1000.);
#6615=VECTOR('',#13863,1000.);
#6616=VECTOR('',#13866,1000.);
#6617=VECTOR('',#13867,1000.);
#6618=VECTOR('',#13868,1000.);
#6619=VECTOR('',#13877,1000.);
#6620=VECTOR('',#13884,1000.);
#6621=VECTOR('',#13887,1000.);
#6622=VECTOR('',#13890,1000.);
#6623=VECTOR('',#13893,1000.);
#6624=VECTOR('',#13896,1000.);
#6625=VECTOR('',#13903,1000.);
#6626=VECTOR('',#13904,1000.);
#6627=VECTOR('',#13905,1000.);
#6628=VECTOR('',#13906,1000.);
#6629=VECTOR('',#13909,1000.);
#6630=VECTOR('',#13910,1000.);
#6631=VECTOR('',#13911,1000.);
#6632=VECTOR('',#13912,1000.);
#6633=VECTOR('',#13917,1000.);
#6634=VECTOR('',#13918,1000.);
#6635=VECTOR('',#13919,1000.);
#6636=VECTOR('',#13922,1000.);
#6637=VECTOR('',#13925,1000.);
#6638=VECTOR('',#13926,1000.);
#6639=VECTOR('',#13931,1000.);
#6640=VECTOR('',#13932,1000.);
#6641=VECTOR('',#13933,1000.);
#6642=VECTOR('',#13936,1000.);
#6643=VECTOR('',#13937,1000.);
#6644=VECTOR('',#13938,1000.);
#6645=VECTOR('',#13941,1000.);
#6646=VECTOR('',#13942,1000.);
#6647=VECTOR('',#13943,1000.);
#6648=VECTOR('',#13946,1000.);
#6649=VECTOR('',#13947,1000.);
#6650=VECTOR('',#13948,1000.);
#6651=VECTOR('',#13955,1000.);
#6652=VECTOR('',#13964,1000.);
#6653=VECTOR('',#13967,1000.);
#6654=VECTOR('',#13968,1000.);
#6655=VECTOR('',#13973,1000.);
#6656=VECTOR('',#13976,1000.);
#6657=VECTOR('',#13983,1000.);
#6658=VECTOR('',#13984,1000.);
#6659=VECTOR('',#13985,1000.);
#6660=VECTOR('',#13986,1000.);
#6661=VECTOR('',#13989,1000.);
#6662=VECTOR('',#13990,1000.);
#6663=VECTOR('',#13991,1000.);
#6664=VECTOR('',#13992,1000.);
#6665=VECTOR('',#13997,1000.);
#6666=VECTOR('',#13998,1000.);
#6667=VECTOR('',#13999,1000.);
#6668=VECTOR('',#14002,1000.);
#6669=VECTOR('',#14005,1000.);
#6670=VECTOR('',#14008,1000.);
#6671=VECTOR('',#14011,1000.);
#6672=VECTOR('',#14012,1000.);
#6673=VECTOR('',#14013,1000.);
#6674=VECTOR('',#14016,1000.);
#6675=VECTOR('',#14017,1000.);
#6676=VECTOR('',#14018,1000.);
#6677=VECTOR('',#14021,1000.);
#6678=VECTOR('',#14022,1000.);
#6679=VECTOR('',#14023,1000.);
#6680=VECTOR('',#14026,1000.);
#6681=VECTOR('',#14027,1000.);
#6682=VECTOR('',#14028,1000.);
#6683=VECTOR('',#14037,1000.);
#6684=VECTOR('',#14044,1000.);
#6685=VECTOR('',#14047,1000.);
#6686=VECTOR('',#14050,1000.);
#6687=VECTOR('',#14053,1000.);
#6688=VECTOR('',#14056,1000.);
#6689=EDGE_LOOP('',(#351,#352,#353,#354,#355,#356,#357,#358,#359,#360));
#6690=EDGE_LOOP('',(#361,#362,#363,#364,#365,#366,#367,#368,#369,#370,#371,
#372,#373,#374,#375,#376,#377,#378,#379,#380,#381,#382,#383,#384,#385,#386,
#387,#388,#389,#390,#391,#392,#393,#394,#395,#396,#397,#398,#399,#400,#401,
#402,#403,#404,#405,#406,#407,#408,#409,#410,#411,#412,#413,#414,#415,#416,
#417,#418,#419,#420,#421,#422,#423,#424,#425,#426,#427,#428,#429,#430,#431,
#432,#433,#434,#435,#436,#437,#438,#439));
#6691=EDGE_LOOP('',(#440,#441,#442,#443,#444,#445,#446,#447,#448,#449));
#6692=EDGE_LOOP('',(#450,#451,#452,#453,#454,#455,#456,#457,#458,#459));
#6693=EDGE_LOOP('',(#460,#461,#462,#463,#464,#465,#466,#467,#468,#469));
#6694=EDGE_LOOP('',(#470,#471,#472,#473,#474,#475,#476,#477));
#6695=EDGE_LOOP('',(#478,#479,#480,#481));
#6696=EDGE_LOOP('',(#482,#483,#484,#485));
#6697=EDGE_LOOP('',(#486,#487,#488,#489));
#6698=EDGE_LOOP('',(#490,#491,#492,#493,#494,#495,#496,#497,#498,#499,#500,
#501,#502,#503,#504,#505,#506,#507,#508,#509,#510,#511));
#6699=EDGE_LOOP('',(#512,#513,#514,#515));
#6700=EDGE_LOOP('',(#516,#517,#518,#519));
#6701=EDGE_LOOP('',(#520,#521,#522,#523));
#6702=EDGE_LOOP('',(#524,#525,#526,#527));
#6703=EDGE_LOOP('',(#528,#529,#530,#531));
#6704=EDGE_LOOP('',(#532,#533,#534,#535));
#6705=EDGE_LOOP('',(#536,#537,#538,#539));
#6706=EDGE_LOOP('',(#540,#541,#542,#543));
#6707=EDGE_LOOP('',(#544,#545,#546,#547));
#6708=EDGE_LOOP('',(#548,#549,#550,#551));
#6709=EDGE_LOOP('',(#552,#553,#554,#555));
#6710=EDGE_LOOP('',(#556,#557,#558,#559));
#6711=EDGE_LOOP('',(#560,#561,#562,#563));
#6712=EDGE_LOOP('',(#564,#565,#566,#567));
#6713=EDGE_LOOP('',(#568,#569,#570,#571));
#6714=EDGE_LOOP('',(#572,#573,#574,#575));
#6715=EDGE_LOOP('',(#576,#577,#578,#579));
#6716=EDGE_LOOP('',(#580,#581,#582,#583));
#6717=EDGE_LOOP('',(#584,#585,#586,#587));
#6718=EDGE_LOOP('',(#588,#589,#590,#591));
#6719=EDGE_LOOP('',(#592,#593,#594,#595));
#6720=EDGE_LOOP('',(#596,#597,#598,#599));
#6721=EDGE_LOOP('',(#600,#601,#602,#603));
#6722=EDGE_LOOP('',(#604,#605,#606,#607));
#6723=EDGE_LOOP('',(#608,#609,#610,#611));
#6724=EDGE_LOOP('',(#612,#613,#614,#615));
#6725=EDGE_LOOP('',(#616,#617,#618,#619));
#6726=EDGE_LOOP('',(#620,#621,#622,#623));
#6727=EDGE_LOOP('',(#624,#625,#626,#627));
#6728=EDGE_LOOP('',(#628,#629,#630,#631));
#6729=EDGE_LOOP('',(#632,#633,#634,#635,#636));
#6730=EDGE_LOOP('',(#637,#638,#639,#640));
#6731=EDGE_LOOP('',(#641,#642,#643,#644,#645));
#6732=EDGE_LOOP('',(#646,#647,#648,#649,#650));
#6733=EDGE_LOOP('',(#651,#652,#653,#654));
#6734=EDGE_LOOP('',(#655,#656,#657,#658,#659));
#6735=EDGE_LOOP('',(#660,#661,#662,#663,#664));
#6736=EDGE_LOOP('',(#665,#666,#667,#668));
#6737=EDGE_LOOP('',(#669,#670,#671,#672,#673));
#6738=EDGE_LOOP('',(#674,#675,#676,#677,#678));
#6739=EDGE_LOOP('',(#679,#680,#681,#682));
#6740=EDGE_LOOP('',(#683,#684,#685,#686,#687));
#6741=EDGE_LOOP('',(#688));
#6742=EDGE_LOOP('',(#689));
#6743=EDGE_LOOP('',(#690));
#6744=EDGE_LOOP('',(#691));
#6745=EDGE_LOOP('',(#692,#693,#694,#695));
#6746=EDGE_LOOP('',(#696,#697,#698,#699));
#6747=EDGE_LOOP('',(#700,#701,#702,#703));
#6748=EDGE_LOOP('',(#704,#705,#706,#707));
#6749=EDGE_LOOP('',(#708,#709,#710,#711));
#6750=EDGE_LOOP('',(#712,#713,#714,#715));
#6751=EDGE_LOOP('',(#716,#717,#718,#719));
#6752=EDGE_LOOP('',(#720,#721,#722,#723));
#6753=EDGE_LOOP('',(#724,#725,#726,#727));
#6754=EDGE_LOOP('',(#728,#729,#730,#731));
#6755=EDGE_LOOP('',(#732,#733,#734,#735));
#6756=EDGE_LOOP('',(#736,#737,#738,#739));
#6757=EDGE_LOOP('',(#740,#741,#742,#743));
#6758=EDGE_LOOP('',(#744,#745,#746,#747));
#6759=EDGE_LOOP('',(#748,#749,#750,#751));
#6760=EDGE_LOOP('',(#752,#753,#754,#755));
#6761=EDGE_LOOP('',(#756,#757,#758,#759));
#6762=EDGE_LOOP('',(#760,#761,#762,#763,#764,#765,#766,#767,#768,#769,#770,
#771,#772,#773,#774,#775,#776,#777,#778,#779,#780,#781,#782,#783,#784,#785,
#786,#787,#788,#789,#790,#791,#792,#793,#794,#795));
#6763=EDGE_LOOP('',(#796,#797,#798,#799));
#6764=EDGE_LOOP('',(#800,#801,#802,#803,#804,#805));
#6765=EDGE_LOOP('',(#806,#807,#808,#809,#810,#811,#812,#813,#814,#815));
#6766=EDGE_LOOP('',(#816,#817,#818,#819));
#6767=EDGE_LOOP('',(#820,#821,#822,#823));
#6768=EDGE_LOOP('',(#824));
#6769=EDGE_LOOP('',(#825));
#6770=EDGE_LOOP('',(#826));
#6771=EDGE_LOOP('',(#827));
#6772=EDGE_LOOP('',(#828));
#6773=EDGE_LOOP('',(#829));
#6774=EDGE_LOOP('',(#830,#831,#832,#833));
#6775=EDGE_LOOP('',(#834,#835,#836,#837));
#6776=EDGE_LOOP('',(#838,#839,#840,#841,#842,#843,#844,#845,#846,#847,#848,
#849,#850,#851));
#6777=EDGE_LOOP('',(#852,#853,#854,#855,#856,#857,#858,#859,#860,#861,#862,
#863,#864,#865,#866));
#6778=EDGE_LOOP('',(#867,#868,#869,#870,#871,#872,#873,#874,#875,#876,#877,
#878,#879,#880,#881,#882,#883,#884,#885,#886,#887,#888,#889,#890,#891,#892,
#893,#894,#895,#896,#897,#898,#899,#900,#901,#902,#903,#904,#905,#906));
#6779=EDGE_LOOP('',(#907,#908,#909,#910,#911,#912,#913,#914));
#6780=EDGE_LOOP('',(#915,#916,#917,#918,#919,#920,#921,#922));
#6781=EDGE_LOOP('',(#923,#924,#925,#926));
#6782=EDGE_LOOP('',(#927,#928,#929,#930));
#6783=EDGE_LOOP('',(#931,#932,#933,#934));
#6784=EDGE_LOOP('',(#935,#936,#937,#938,#939,#940,#941,#942,#943,#944,#945,
#946));
#6785=EDGE_LOOP('',(#947,#948,#949,#950));
#6786=EDGE_LOOP('',(#951,#952,#953,#954));
#6787=EDGE_LOOP('',(#955,#956,#957,#958));
#6788=EDGE_LOOP('',(#959,#960,#961,#962));
#6789=EDGE_LOOP('',(#963,#964,#965,#966));
#6790=EDGE_LOOP('',(#967,#968,#969,#970));
#6791=EDGE_LOOP('',(#971,#972,#973,#974));
#6792=EDGE_LOOP('',(#975,#976,#977,#978));
#6793=EDGE_LOOP('',(#979,#980,#981,#982));
#6794=EDGE_LOOP('',(#983,#984,#985,#986));
#6795=EDGE_LOOP('',(#987,#988,#989,#990));
#6796=EDGE_LOOP('',(#991,#992,#993,#994,#995));
#6797=EDGE_LOOP('',(#996,#997,#998,#999));
#6798=EDGE_LOOP('',(#1000,#1001,#1002,#1003,#1004,#1005));
#6799=EDGE_LOOP('',(#1006,#1007,#1008,#1009,#1010,#1011));
#6800=EDGE_LOOP('',(#1012,#1013,#1014,#1015));
#6801=EDGE_LOOP('',(#1016,#1017,#1018,#1019));
#6802=EDGE_LOOP('',(#1020,#1021,#1022,#1023));
#6803=EDGE_LOOP('',(#1024,#1025,#1026,#1027));
#6804=EDGE_LOOP('',(#1028,#1029,#1030,#1031));
#6805=EDGE_LOOP('',(#1032,#1033,#1034,#1035));
#6806=EDGE_LOOP('',(#1036,#1037,#1038,#1039));
#6807=EDGE_LOOP('',(#1040,#1041,#1042,#1043));
#6808=EDGE_LOOP('',(#1044,#1045,#1046,#1047));
#6809=EDGE_LOOP('',(#1048,#1049,#1050,#1051));
#6810=EDGE_LOOP('',(#1052,#1053,#1054,#1055));
#6811=EDGE_LOOP('',(#1056,#1057,#1058,#1059));
#6812=EDGE_LOOP('',(#1060,#1061,#1062,#1063));
#6813=EDGE_LOOP('',(#1064,#1065,#1066,#1067));
#6814=EDGE_LOOP('',(#1068,#1069,#1070,#1071));
#6815=EDGE_LOOP('',(#1072,#1073,#1074,#1075));
#6816=EDGE_LOOP('',(#1076,#1077,#1078,#1079));
#6817=EDGE_LOOP('',(#1080,#1081,#1082,#1083));
#6818=EDGE_LOOP('',(#1084,#1085,#1086,#1087));
#6819=EDGE_LOOP('',(#1088,#1089,#1090,#1091));
#6820=EDGE_LOOP('',(#1092,#1093,#1094,#1095));
#6821=EDGE_LOOP('',(#1096));
#6822=EDGE_LOOP('',(#1097));
#6823=EDGE_LOOP('',(#1098,#1099,#1100,#1101,#1102,#1103,#1104,#1105,#1106,
#1107,#1108,#1109,#1110,#1111,#1112,#1113,#1114,#1115,#1116,#1117,#1118,
#1119,#1120,#1121,#1122,#1123,#1124,#1125,#1126,#1127,#1128,#1129,#1130,
#1131,#1132,#1133,#1134,#1135,#1136,#1137,#1138,#1139,#1140,#1141,#1142,
#1143,#1144,#1145,#1146,#1147,#1148,#1149,#1150,#1151,#1152,#1153,#1154,
#1155,#1156,#1157,#1158,#1159,#1160,#1161,#1162,#1163));
#6824=EDGE_LOOP('',(#1164,#1165,#1166,#1167,#1168,#1169,#1170,#1171,#1172,
#1173,#1174,#1175,#1176,#1177,#1178,#1179,#1180,#1181,#1182,#1183,#1184,
#1185,#1186,#1187,#1188,#1189,#1190,#1191,#1192,#1193,#1194,#1195,#1196,
#1197,#1198,#1199));
#6825=EDGE_LOOP('',(#1200,#1201,#1202,#1203));
#6826=EDGE_LOOP('',(#1204,#1205,#1206,#1207));
#6827=EDGE_LOOP('',(#1208,#1209,#1210,#1211));
#6828=EDGE_LOOP('',(#1212,#1213,#1214,#1215));
#6829=EDGE_LOOP('',(#1216,#1217,#1218,#1219));
#6830=EDGE_LOOP('',(#1220,#1221,#1222,#1223));
#6831=EDGE_LOOP('',(#1224,#1225,#1226,#1227));
#6832=EDGE_LOOP('',(#1228,#1229,#1230,#1231,#1232,#1233,#1234));
#6833=EDGE_LOOP('',(#1235,#1236,#1237,#1238));
#6834=EDGE_LOOP('',(#1239,#1240,#1241,#1242));
#6835=EDGE_LOOP('',(#1243,#1244,#1245,#1246));
#6836=EDGE_LOOP('',(#1247,#1248,#1249,#1250));
#6837=EDGE_LOOP('',(#1251,#1252,#1253,#1254,#1255,#1256));
#6838=EDGE_LOOP('',(#1257,#1258,#1259,#1260));
#6839=EDGE_LOOP('',(#1261,#1262,#1263,#1264));
#6840=EDGE_LOOP('',(#1265,#1266,#1267,#1268));
#6841=EDGE_LOOP('',(#1269,#1270,#1271,#1272));
#6842=EDGE_LOOP('',(#1273,#1274,#1275,#1276,#1277,#1278,#1279,#1280,#1281));
#6843=EDGE_LOOP('',(#1282,#1283,#1284,#1285,#1286,#1287,#1288,#1289,#1290,
#1291));
#6844=EDGE_LOOP('',(#1292,#1293,#1294,#1295));
#6845=EDGE_LOOP('',(#1296,#1297,#1298,#1299));
#6846=EDGE_LOOP('',(#1300,#1301,#1302,#1303,#1304,#1305));
#6847=EDGE_LOOP('',(#1306,#1307,#1308,#1309));
#6848=EDGE_LOOP('',(#1310,#1311,#1312,#1313));
#6849=EDGE_LOOP('',(#1314,#1315,#1316,#1317));
#6850=EDGE_LOOP('',(#1318,#1319,#1320,#1321));
#6851=EDGE_LOOP('',(#1322,#1323,#1324,#1325));
#6852=EDGE_LOOP('',(#1326,#1327,#1328,#1329,#1330,#1331,#1332));
#6853=EDGE_LOOP('',(#1333,#1334,#1335));
#6854=EDGE_LOOP('',(#1336,#1337,#1338,#1339,#1340));
#6855=EDGE_LOOP('',(#1341,#1342,#1343,#1344,#1345,#1346,#1347,#1348,#1349,
#1350,#1351,#1352,#1353,#1354,#1355,#1356,#1357,#1358,#1359,#1360,#1361,
#1362,#1363,#1364,#1365,#1366,#1367,#1368,#1369,#1370,#1371,#1372,#1373,
#1374,#1375,#1376,#1377,#1378));
#6856=EDGE_LOOP('',(#1379,#1380,#1381,#1382));
#6857=EDGE_LOOP('',(#1383,#1384,#1385,#1386,#1387,#1388,#1389));
#6858=EDGE_LOOP('',(#1390,#1391,#1392,#1393,#1394));
#6859=EDGE_LOOP('',(#1395,#1396,#1397,#1398,#1399));
#6860=EDGE_LOOP('',(#1400,#1401,#1402,#1403,#1404,#1405,#1406,#1407,#1408,
#1409,#1410,#1411));
#6861=EDGE_LOOP('',(#1412));
#6862=EDGE_LOOP('',(#1413,#1414,#1415,#1416,#1417,#1418));
#6863=EDGE_LOOP('',(#1419));
#6864=EDGE_LOOP('',(#1420,#1421,#1422,#1423,#1424,#1425));
#6865=EDGE_LOOP('',(#1426));
#6866=EDGE_LOOP('',(#1427,#1428,#1429,#1430,#1431,#1432));
#6867=EDGE_LOOP('',(#1433,#1434,#1435,#1436,#1437,#1438));
#6868=EDGE_LOOP('',(#1439));
#6869=EDGE_LOOP('',(#1440,#1441,#1442,#1443,#1444,#1445));
#6870=EDGE_LOOP('',(#1446));
#6871=EDGE_LOOP('',(#1447,#1448,#1449,#1450,#1451,#1452));
#6872=EDGE_LOOP('',(#1453));
#6873=EDGE_LOOP('',(#1454,#1455,#1456,#1457,#1458,#1459));
#6874=EDGE_LOOP('',(#1460));
#6875=EDGE_LOOP('',(#1461,#1462,#1463,#1464,#1465,#1466));
#6876=EDGE_LOOP('',(#1467));
#6877=EDGE_LOOP('',(#1468,#1469,#1470,#1471,#1472,#1473,#1474,#1475));
#6878=EDGE_LOOP('',(#1476,#1477,#1478,#1479,#1480,#1481,#1482,#1483));
#6879=EDGE_LOOP('',(#1484,#1485,#1486,#1487,#1488,#1489,#1490,#1491));
#6880=EDGE_LOOP('',(#1492,#1493,#1494,#1495,#1496,#1497,#1498,#1499));
#6881=EDGE_LOOP('',(#1500,#1501,#1502,#1503));
#6882=EDGE_LOOP('',(#1504,#1505,#1506,#1507));
#6883=EDGE_LOOP('',(#1508,#1509,#1510,#1511));
#6884=EDGE_LOOP('',(#1512,#1513,#1514,#1515));
#6885=EDGE_LOOP('',(#1516,#1517,#1518,#1519));
#6886=EDGE_LOOP('',(#1520,#1521,#1522,#1523));
#6887=EDGE_LOOP('',(#1524,#1525,#1526,#1527));
#6888=EDGE_LOOP('',(#1528,#1529,#1530,#1531));
#6889=EDGE_LOOP('',(#1532,#1533,#1534,#1535));
#6890=EDGE_LOOP('',(#1536,#1537,#1538,#1539));
#6891=EDGE_LOOP('',(#1540,#1541,#1542,#1543));
#6892=EDGE_LOOP('',(#1544,#1545,#1546,#1547));
#6893=EDGE_LOOP('',(#1548,#1549,#1550,#1551));
#6894=EDGE_LOOP('',(#1552,#1553,#1554,#1555));
#6895=EDGE_LOOP('',(#1556,#1557,#1558,#1559));
#6896=EDGE_LOOP('',(#1560,#1561,#1562,#1563));
#6897=EDGE_LOOP('',(#1564,#1565,#1566,#1567));
#6898=EDGE_LOOP('',(#1568,#1569,#1570,#1571,#1572,#1573));
#6899=EDGE_LOOP('',(#1574,#1575,#1576,#1577));
#6900=EDGE_LOOP('',(#1578,#1579,#1580,#1581,#1582,#1583));
#6901=EDGE_LOOP('',(#1584,#1585,#1586,#1587));
#6902=EDGE_LOOP('',(#1588,#1589,#1590,#1591));
#6903=EDGE_LOOP('',(#1592,#1593,#1594,#1595,#1596,#1597));
#6904=EDGE_LOOP('',(#1598,#1599,#1600,#1601,#1602,#1603));
#6905=EDGE_LOOP('',(#1604,#1605,#1606,#1607));
#6906=EDGE_LOOP('',(#1608,#1609,#1610,#1611));
#6907=EDGE_LOOP('',(#1612,#1613,#1614,#1615,#1616,#1617,#1618));
#6908=EDGE_LOOP('',(#1619,#1620,#1621,#1622,#1623,#1624));
#6909=EDGE_LOOP('',(#1625,#1626,#1627,#1628));
#6910=EDGE_LOOP('',(#1629,#1630,#1631,#1632,#1633,#1634));
#6911=EDGE_LOOP('',(#1635,#1636,#1637,#1638));
#6912=EDGE_LOOP('',(#1639,#1640,#1641,#1642));
#6913=EDGE_LOOP('',(#1643,#1644,#1645,#1646,#1647,#1648,#1649));
#6914=EDGE_LOOP('',(#1650,#1651,#1652,#1653));
#6915=EDGE_LOOP('',(#1654,#1655,#1656,#1657));
#6916=EDGE_LOOP('',(#1658,#1659,#1660,#1661));
#6917=EDGE_LOOP('',(#1662,#1663,#1664,#1665));
#6918=EDGE_LOOP('',(#1666,#1667,#1668,#1669));
#6919=EDGE_LOOP('',(#1670,#1671,#1672,#1673));
#6920=EDGE_LOOP('',(#1674,#1675,#1676,#1677));
#6921=EDGE_LOOP('',(#1678,#1679,#1680,#1681));
#6922=EDGE_LOOP('',(#1682,#1683,#1684,#1685));
#6923=EDGE_LOOP('',(#1686,#1687,#1688,#1689));
#6924=EDGE_LOOP('',(#1690,#1691,#1692,#1693,#1694,#1695,#1696,#1697));
#6925=EDGE_LOOP('',(#1698,#1699,#1700,#1701));
#6926=EDGE_LOOP('',(#1702,#1703,#1704,#1705,#1706));
#6927=EDGE_LOOP('',(#1707,#1708,#1709));
#6928=EDGE_LOOP('',(#1710,#1711,#1712,#1713,#1714,#1715,#1716));
#6929=EDGE_LOOP('',(#1717,#1718,#1719,#1720));
#6930=EDGE_LOOP('',(#1721,#1722,#1723,#1724));
#6931=EDGE_LOOP('',(#1725,#1726,#1727,#1728));
#6932=EDGE_LOOP('',(#1729,#1730,#1731,#1732));
#6933=EDGE_LOOP('',(#1733,#1734,#1735,#1736));
#6934=EDGE_LOOP('',(#1737,#1738,#1739,#1740));
#6935=EDGE_LOOP('',(#1741,#1742,#1743,#1744,#1745,#1746,#1747));
#6936=EDGE_LOOP('',(#1748,#1749,#1750,#1751,#1752,#1753,#1754,#1755));
#6937=EDGE_LOOP('',(#1756));
#6938=EDGE_LOOP('',(#1757,#1758,#1759,#1760,#1761,#1762,#1763,#1764));
#6939=EDGE_LOOP('',(#1765));
#6940=EDGE_LOOP('',(#1766,#1767,#1768,#1769,#1770,#1771,#1772,#1773));
#6941=EDGE_LOOP('',(#1774));
#6942=EDGE_LOOP('',(#1775,#1776,#1777,#1778,#1779,#1780,#1781,#1782));
#6943=EDGE_LOOP('',(#1783));
#6944=EDGE_LOOP('',(#1784,#1785,#1786,#1787,#1788,#1789));
#6945=EDGE_LOOP('',(#1790,#1791,#1792,#1793,#1794,#1795));
#6946=EDGE_LOOP('',(#1796,#1797,#1798,#1799,#1800,#1801));
#6947=EDGE_LOOP('',(#1802,#1803,#1804,#1805));
#6948=EDGE_LOOP('',(#1806));
#6949=EDGE_LOOP('',(#1807,#1808,#1809,#1810,#1811,#1812));
#6950=EDGE_LOOP('',(#1813,#1814,#1815,#1816,#1817,#1818));
#6951=EDGE_LOOP('',(#1819,#1820,#1821,#1822,#1823,#1824));
#6952=EDGE_LOOP('',(#1825,#1826,#1827,#1828,#1829,#1830));
#6953=EDGE_LOOP('',(#1831,#1832,#1833,#1834));
#6954=EDGE_LOOP('',(#1835));
#6955=EDGE_LOOP('',(#1836,#1837,#1838,#1839,#1840,#1841));
#6956=EDGE_LOOP('',(#1842,#1843,#1844,#1845,#1846,#1847));
#6957=EDGE_LOOP('',(#1848,#1849,#1850,#1851,#1852,#1853));
#6958=EDGE_LOOP('',(#1854,#1855,#1856,#1857,#1858,#1859));
#6959=EDGE_LOOP('',(#1860,#1861,#1862,#1863));
#6960=EDGE_LOOP('',(#1864));
#6961=EDGE_LOOP('',(#1865,#1866,#1867,#1868,#1869,#1870));
#6962=EDGE_LOOP('',(#1871,#1872,#1873,#1874,#1875,#1876));
#6963=EDGE_LOOP('',(#1877,#1878,#1879,#1880,#1881,#1882));
#6964=EDGE_LOOP('',(#1883,#1884,#1885,#1886));
#6965=EDGE_LOOP('',(#1887));
#6966=EDGE_LOOP('',(#1888,#1889,#1890,#1891,#1892,#1893));
#6967=EDGE_LOOP('',(#1894,#1895,#1896,#1897));
#6968=EDGE_LOOP('',(#1898,#1899,#1900,#1901));
#6969=EDGE_LOOP('',(#1902,#1903,#1904,#1905));
#6970=EDGE_LOOP('',(#1906,#1907,#1908,#1909));
#6971=EDGE_LOOP('',(#1910,#1911,#1912,#1913));
#6972=EDGE_LOOP('',(#1914,#1915,#1916,#1917));
#6973=EDGE_LOOP('',(#1918,#1919,#1920,#1921));
#6974=EDGE_LOOP('',(#1922,#1923,#1924,#1925));
#6975=EDGE_LOOP('',(#1926,#1927,#1928,#1929));
#6976=EDGE_LOOP('',(#1930,#1931,#1932,#1933,#1934,#1935));
#6977=EDGE_LOOP('',(#1936,#1937,#1938,#1939));
#6978=EDGE_LOOP('',(#1940,#1941,#1942,#1943));
#6979=EDGE_LOOP('',(#1944,#1945,#1946,#1947,#1948,#1949,#1950,#1951));
#6980=EDGE_LOOP('',(#1952,#1953,#1954,#1955,#1956,#1957,#1958,#1959,#1960,
#1961));
#6981=EDGE_LOOP('',(#1962,#1963,#1964,#1965,#1966,#1967,#1968,#1969,#1970,
#1971));
#6982=EDGE_LOOP('',(#1972,#1973,#1974,#1975,#1976,#1977,#1978));
#6983=EDGE_LOOP('',(#1979,#1980,#1981,#1982,#1983,#1984,#1985));
#6984=EDGE_LOOP('',(#1986,#1987,#1988,#1989,#1990,#1991,#1992));
#6985=EDGE_LOOP('',(#1993,#1994,#1995,#1996,#1997,#1998,#1999));
#6986=EDGE_LOOP('',(#2000,#2001,#2002,#2003,#2004,#2005,#2006));
#6987=EDGE_LOOP('',(#2007,#2008,#2009,#2010,#2011,#2012,#2013));
#6988=EDGE_LOOP('',(#2014,#2015,#2016,#2017,#2018,#2019,#2020));
#6989=EDGE_LOOP('',(#2021,#2022,#2023,#2024,#2025,#2026,#2027));
#6990=EDGE_LOOP('',(#2028,#2029,#2030,#2031,#2032,#2033,#2034));
#6991=EDGE_LOOP('',(#2035,#2036,#2037,#2038,#2039,#2040,#2041));
#6992=EDGE_LOOP('',(#2042,#2043,#2044,#2045,#2046,#2047,#2048));
#6993=EDGE_LOOP('',(#2049,#2050,#2051,#2052,#2053,#2054));
#6994=EDGE_LOOP('',(#2055,#2056,#2057,#2058));
#6995=EDGE_LOOP('',(#2059,#2060,#2061,#2062));
#6996=EDGE_LOOP('',(#2063,#2064,#2065,#2066));
#6997=EDGE_LOOP('',(#2067,#2068,#2069,#2070));
#6998=EDGE_LOOP('',(#2071,#2072,#2073,#2074));
#6999=EDGE_LOOP('',(#2075,#2076,#2077,#2078));
#7000=EDGE_LOOP('',(#2079,#2080,#2081,#2082));
#7001=EDGE_LOOP('',(#2083,#2084,#2085,#2086,#2087,#2088,#2089));
#7002=EDGE_LOOP('',(#2090,#2091,#2092,#2093));
#7003=EDGE_LOOP('',(#2094,#2095,#2096,#2097));
#7004=EDGE_LOOP('',(#2098,#2099,#2100,#2101,#2102,#2103,#2104,#2105,#2106));
#7005=EDGE_LOOP('',(#2107,#2108,#2109,#2110,#2111));
#7006=EDGE_LOOP('',(#2112,#2113,#2114,#2115));
#7007=EDGE_LOOP('',(#2116,#2117,#2118,#2119,#2120,#2121));
#7008=EDGE_LOOP('',(#2122,#2123,#2124,#2125,#2126,#2127));
#7009=EDGE_LOOP('',(#2128,#2129,#2130,#2131,#2132,#2133));
#7010=EDGE_LOOP('',(#2134,#2135,#2136,#2137,#2138,#2139));
#7011=EDGE_LOOP('',(#2140,#2141,#2142,#2143));
#7012=EDGE_LOOP('',(#2144,#2145,#2146,#2147));
#7013=EDGE_LOOP('',(#2148,#2149,#2150,#2151));
#7014=EDGE_LOOP('',(#2152,#2153,#2154,#2155));
#7015=EDGE_LOOP('',(#2156,#2157,#2158,#2159));
#7016=EDGE_LOOP('',(#2160,#2161,#2162,#2163,#2164,#2165));
#7017=EDGE_LOOP('',(#2166,#2167,#2168,#2169,#2170,#2171));
#7018=EDGE_LOOP('',(#2172,#2173,#2174,#2175,#2176,#2177));
#7019=EDGE_LOOP('',(#2178,#2179));
#7020=EDGE_LOOP('',(#2180,#2181,#2182,#2183));
#7021=EDGE_LOOP('',(#2184,#2185,#2186,#2187));
#7022=EDGE_LOOP('',(#2188,#2189,#2190,#2191,#2192));
#7023=EDGE_LOOP('',(#2193,#2194,#2195,#2196));
#7024=EDGE_LOOP('',(#2197,#2198,#2199,#2200));
#7025=EDGE_LOOP('',(#2201,#2202,#2203,#2204));
#7026=EDGE_LOOP('',(#2205,#2206,#2207,#2208));
#7027=EDGE_LOOP('',(#2209,#2210,#2211,#2212,#2213,#2214));
#7028=EDGE_LOOP('',(#2215,#2216,#2217,#2218));
#7029=EDGE_LOOP('',(#2219,#2220,#2221,#2222,#2223,#2224));
#7030=EDGE_LOOP('',(#2225,#2226,#2227,#2228));
#7031=EDGE_LOOP('',(#2229,#2230,#2231,#2232));
#7032=EDGE_LOOP('',(#2233,#2234,#2235,#2236));
#7033=EDGE_LOOP('',(#2237,#2238,#2239,#2240));
#7034=EDGE_LOOP('',(#2241,#2242,#2243,#2244));
#7035=EDGE_LOOP('',(#2245,#2246,#2247,#2248));
#7036=EDGE_LOOP('',(#2249,#2250,#2251,#2252));
#7037=EDGE_LOOP('',(#2253,#2254,#2255,#2256));
#7038=EDGE_LOOP('',(#2257,#2258,#2259,#2260,#2261,#2262,#2263));
#7039=EDGE_LOOP('',(#2264,#2265,#2266,#2267));
#7040=EDGE_LOOP('',(#2268,#2269,#2270,#2271,#2272,#2273,#2274,#2275));
#7041=EDGE_LOOP('',(#2276,#2277,#2278,#2279,#2280));
#7042=EDGE_LOOP('',(#2281,#2282,#2283,#2284));
#7043=EDGE_LOOP('',(#2285,#2286,#2287,#2288,#2289,#2290));
#7044=EDGE_LOOP('',(#2291,#2292,#2293,#2294,#2295,#2296));
#7045=EDGE_LOOP('',(#2297,#2298,#2299,#2300,#2301,#2302));
#7046=EDGE_LOOP('',(#2303,#2304,#2305,#2306,#2307,#2308));
#7047=EDGE_LOOP('',(#2309,#2310));
#7048=EDGE_LOOP('',(#2311,#2312,#2313,#2314));
#7049=EDGE_LOOP('',(#2315,#2316,#2317,#2318));
#7050=EDGE_LOOP('',(#2319,#2320,#2321,#2322));
#7051=EDGE_LOOP('',(#2323,#2324,#2325,#2326,#2327,#2328));
#7052=EDGE_LOOP('',(#2329,#2330,#2331,#2332,#2333,#2334));
#7053=EDGE_LOOP('',(#2335,#2336,#2337,#2338,#2339,#2340));
#7054=EDGE_LOOP('',(#2341,#2342,#2343,#2344,#2345,#2346));
#7055=EDGE_LOOP('',(#2347,#2348));
#7056=EDGE_LOOP('',(#2349,#2350,#2351,#2352));
#7057=EDGE_LOOP('',(#2353,#2354,#2355,#2356));
#7058=EDGE_LOOP('',(#2357,#2358,#2359,#2360));
#7059=EDGE_LOOP('',(#2361,#2362));
#7060=EDGE_LOOP('',(#2363,#2364));
#7061=EDGE_LOOP('',(#2365,#2366));
#7062=EDGE_LOOP('',(#2367,#2368));
#7063=EDGE_LOOP('',(#2369,#2370,#2371,#2372));
#7064=EDGE_LOOP('',(#2373,#2374,#2375,#2376));
#7065=EDGE_LOOP('',(#2377,#2378,#2379,#2380));
#7066=EDGE_LOOP('',(#2381,#2382,#2383,#2384,#2385));
#7067=EDGE_LOOP('',(#2386,#2387,#2388,#2389,#2390,#2391,#2392,#2393));
#7068=EDGE_LOOP('',(#2394,#2395,#2396,#2397));
#7069=EDGE_LOOP('',(#2398,#2399,#2400,#2401,#2402,#2403,#2404));
#7070=EDGE_LOOP('',(#2405,#2406,#2407,#2408));
#7071=EDGE_LOOP('',(#2409,#2410,#2411,#2412,#2413));
#7072=EDGE_LOOP('',(#2414,#2415,#2416,#2417));
#7073=EDGE_LOOP('',(#2418,#2419,#2420,#2421));
#7074=EDGE_LOOP('',(#2422,#2423,#2424,#2425));
#7075=EDGE_LOOP('',(#2426,#2427,#2428,#2429));
#7076=EDGE_LOOP('',(#2430,#2431,#2432,#2433));
#7077=EDGE_LOOP('',(#2434,#2435,#2436,#2437,#2438,#2439,#2440,#2441));
#7078=EDGE_LOOP('',(#2442,#2443,#2444,#2445,#2446));
#7079=EDGE_LOOP('',(#2447,#2448,#2449,#2450,#2451,#2452,#2453,#2454));
#7080=EDGE_LOOP('',(#2455,#2456,#2457,#2458));
#7081=EDGE_LOOP('',(#2459,#2460,#2461,#2462));
#7082=EDGE_LOOP('',(#2463,#2464,#2465,#2466,#2467,#2468));
#7083=EDGE_LOOP('',(#2469,#2470,#2471,#2472));
#7084=EDGE_LOOP('',(#2473,#2474,#2475,#2476));
#7085=EDGE_LOOP('',(#2477,#2478,#2479,#2480));
#7086=EDGE_LOOP('',(#2481,#2482,#2483,#2484,#2485));
#7087=EDGE_LOOP('',(#2486,#2487,#2488,#2489));
#7088=EDGE_LOOP('',(#2490,#2491,#2492,#2493,#2494,#2495,#2496,#2497));
#7089=EDGE_LOOP('',(#2498,#2499,#2500,#2501));
#7090=EDGE_LOOP('',(#2502,#2503,#2504,#2505,#2506,#2507,#2508));
#7091=EDGE_LOOP('',(#2509,#2510,#2511,#2512));
#7092=EDGE_LOOP('',(#2513,#2514,#2515,#2516));
#7093=EDGE_LOOP('',(#2517,#2518,#2519,#2520));
#7094=EDGE_LOOP('',(#2521,#2522,#2523,#2524));
#7095=EDGE_LOOP('',(#2525,#2526,#2527,#2528));
#7096=EDGE_LOOP('',(#2529,#2530,#2531,#2532));
#7097=EDGE_LOOP('',(#2533,#2534,#2535,#2536,#2537,#2538,#2539,#2540));
#7098=EDGE_LOOP('',(#2541,#2542,#2543,#2544,#2545,#2546,#2547,#2548));
#7099=EDGE_LOOP('',(#2549,#2550,#2551,#2552,#2553,#2554));
#7100=EDGE_LOOP('',(#2555,#2556,#2557,#2558));
#7101=EDGE_LOOP('',(#2559,#2560,#2561,#2562));
#7102=EDGE_LOOP('',(#2563,#2564,#2565,#2566));
#7103=EDGE_LOOP('',(#2567,#2568,#2569,#2570));
#7104=EDGE_LOOP('',(#2571,#2572,#2573,#2574));
#7105=EDGE_LOOP('',(#2575,#2576,#2577,#2578));
#7106=EDGE_LOOP('',(#2579,#2580,#2581,#2582,#2583));
#7107=EDGE_LOOP('',(#2584,#2585,#2586,#2587,#2588,#2589,#2590));
#7108=EDGE_LOOP('',(#2591,#2592,#2593,#2594));
#7109=EDGE_LOOP('',(#2595,#2596,#2597,#2598,#2599,#2600,#2601,#2602));
#7110=EDGE_LOOP('',(#2603,#2604,#2605,#2606));
#7111=EDGE_LOOP('',(#2607,#2608,#2609,#2610));
#7112=EDGE_LOOP('',(#2611,#2612,#2613,#2614));
#7113=EDGE_LOOP('',(#2615,#2616,#2617,#2618));
#7114=EDGE_LOOP('',(#2619,#2620,#2621,#2622));
#7115=EDGE_LOOP('',(#2623,#2624,#2625,#2626));
#7116=EDGE_LOOP('',(#2627,#2628,#2629,#2630));
#7117=EDGE_LOOP('',(#2631,#2632,#2633,#2634,#2635,#2636,#2637,#2638));
#7118=EDGE_LOOP('',(#2639,#2640,#2641,#2642,#2643,#2644));
#7119=EDGE_LOOP('',(#2645,#2646,#2647,#2648,#2649,#2650,#2651,#2652));
#7120=EDGE_LOOP('',(#2653,#2654,#2655,#2656));
#7121=EDGE_LOOP('',(#2657,#2658,#2659,#2660));
#7122=EDGE_LOOP('',(#2661,#2662,#2663,#2664));
#7123=EDGE_LOOP('',(#2665,#2666,#2667,#2668));
#7124=EDGE_LOOP('',(#2669,#2670,#2671,#2672));
#7125=EDGE_LOOP('',(#2673,#2674,#2675,#2676));
#7126=EDGE_LOOP('',(#2677,#2678,#2679,#2680));
#7127=EDGE_LOOP('',(#2681,#2682,#2683,#2684,#2685,#2686,#2687));
#7128=EDGE_LOOP('',(#2688,#2689,#2690,#2691));
#7129=EDGE_LOOP('',(#2692,#2693,#2694,#2695));
#7130=EDGE_LOOP('',(#2696,#2697,#2698,#2699,#2700,#2701,#2702));
#7131=EDGE_LOOP('',(#2703,#2704,#2705,#2706));
#7132=EDGE_LOOP('',(#2707,#2708,#2709,#2710));
#7133=EDGE_LOOP('',(#2711,#2712,#2713,#2714));
#7134=EDGE_LOOP('',(#2715,#2716,#2717,#2718));
#7135=EDGE_LOOP('',(#2719,#2720,#2721,#2722));
#7136=EDGE_LOOP('',(#2723,#2724,#2725,#2726));
#7137=EDGE_LOOP('',(#2727,#2728,#2729,#2730,#2731,#2732,#2733,#2734));
#7138=EDGE_LOOP('',(#2735,#2736,#2737,#2738,#2739,#2740,#2741,#2742));
#7139=EDGE_LOOP('',(#2743,#2744,#2745,#2746,#2747,#2748));
#7140=EDGE_LOOP('',(#2749,#2750,#2751,#2752));
#7141=EDGE_LOOP('',(#2753,#2754,#2755,#2756));
#7142=EDGE_LOOP('',(#2757,#2758,#2759,#2760));
#7143=FACE_BOUND('',#6689,.T.);
#7144=FACE_BOUND('',#6690,.T.);
#7145=FACE_BOUND('',#6691,.T.);
#7146=FACE_BOUND('',#6692,.T.);
#7147=FACE_BOUND('',#6693,.T.);
#7148=FACE_BOUND('',#6694,.T.);
#7149=FACE_BOUND('',#6695,.T.);
#7150=FACE_BOUND('',#6696,.T.);
#7151=FACE_BOUND('',#6697,.T.);
#7152=FACE_BOUND('',#6698,.T.);
#7153=FACE_BOUND('',#6699,.T.);
#7154=FACE_BOUND('',#6700,.T.);
#7155=FACE_BOUND('',#6701,.T.);
#7156=FACE_BOUND('',#6702,.T.);
#7157=FACE_BOUND('',#6703,.T.);
#7158=FACE_BOUND('',#6704,.T.);
#7159=FACE_BOUND('',#6705,.T.);
#7160=FACE_BOUND('',#6706,.T.);
#7161=FACE_BOUND('',#6707,.T.);
#7162=FACE_BOUND('',#6708,.T.);
#7163=FACE_BOUND('',#6709,.T.);
#7164=FACE_BOUND('',#6710,.T.);
#7165=FACE_BOUND('',#6711,.T.);
#7166=FACE_BOUND('',#6712,.T.);
#7167=FACE_BOUND('',#6713,.T.);
#7168=FACE_BOUND('',#6714,.T.);
#7169=FACE_BOUND('',#6715,.T.);
#7170=FACE_BOUND('',#6716,.T.);
#7171=FACE_BOUND('',#6717,.T.);
#7172=FACE_BOUND('',#6718,.T.);
#7173=FACE_BOUND('',#6719,.T.);
#7174=FACE_BOUND('',#6720,.T.);
#7175=FACE_BOUND('',#6721,.T.);
#7176=FACE_BOUND('',#6722,.T.);
#7177=FACE_BOUND('',#6723,.T.);
#7178=FACE_BOUND('',#6724,.T.);
#7179=FACE_BOUND('',#6725,.T.);
#7180=FACE_BOUND('',#6726,.T.);
#7181=FACE_BOUND('',#6727,.T.);
#7182=FACE_BOUND('',#6728,.T.);
#7183=FACE_BOUND('',#6729,.T.);
#7184=FACE_BOUND('',#6730,.T.);
#7185=FACE_BOUND('',#6731,.T.);
#7186=FACE_BOUND('',#6732,.T.);
#7187=FACE_BOUND('',#6733,.T.);
#7188=FACE_BOUND('',#6734,.T.);
#7189=FACE_BOUND('',#6735,.T.);
#7190=FACE_BOUND('',#6736,.T.);
#7191=FACE_BOUND('',#6737,.T.);
#7192=FACE_BOUND('',#6738,.T.);
#7193=FACE_BOUND('',#6739,.T.);
#7194=FACE_BOUND('',#6740,.T.);
#7195=FACE_BOUND('',#6741,.T.);
#7196=FACE_BOUND('',#6742,.T.);
#7197=FACE_BOUND('',#6743,.T.);
#7198=FACE_BOUND('',#6744,.T.);
#7199=FACE_BOUND('',#6745,.T.);
#7200=FACE_BOUND('',#6746,.T.);
#7201=FACE_BOUND('',#6747,.T.);
#7202=FACE_BOUND('',#6748,.T.);
#7203=FACE_BOUND('',#6749,.T.);
#7204=FACE_BOUND('',#6750,.T.);
#7205=FACE_BOUND('',#6751,.T.);
#7206=FACE_BOUND('',#6752,.T.);
#7207=FACE_BOUND('',#6753,.T.);
#7208=FACE_BOUND('',#6754,.T.);
#7209=FACE_BOUND('',#6755,.T.);
#7210=FACE_BOUND('',#6756,.T.);
#7211=FACE_BOUND('',#6757,.T.);
#7212=FACE_BOUND('',#6758,.T.);
#7213=FACE_BOUND('',#6759,.T.);
#7214=FACE_BOUND('',#6760,.T.);
#7215=FACE_BOUND('',#6761,.T.);
#7216=FACE_BOUND('',#6762,.T.);
#7217=FACE_BOUND('',#6763,.T.);
#7218=FACE_BOUND('',#6764,.T.);
#7219=FACE_BOUND('',#6765,.T.);
#7220=FACE_BOUND('',#6766,.T.);
#7221=FACE_BOUND('',#6767,.T.);
#7222=FACE_BOUND('',#6768,.T.);
#7223=FACE_BOUND('',#6769,.T.);
#7224=FACE_BOUND('',#6770,.T.);
#7225=FACE_BOUND('',#6771,.T.);
#7226=FACE_BOUND('',#6772,.T.);
#7227=FACE_BOUND('',#6773,.T.);
#7228=FACE_BOUND('',#6774,.T.);
#7229=FACE_BOUND('',#6775,.T.);
#7230=FACE_BOUND('',#6776,.T.);
#7231=FACE_BOUND('',#6777,.T.);
#7232=FACE_BOUND('',#6778,.T.);
#7233=FACE_BOUND('',#6779,.T.);
#7234=FACE_BOUND('',#6780,.T.);
#7235=FACE_BOUND('',#6781,.T.);
#7236=FACE_BOUND('',#6782,.T.);
#7237=FACE_BOUND('',#6783,.T.);
#7238=FACE_BOUND('',#6784,.T.);
#7239=FACE_BOUND('',#6785,.T.);
#7240=FACE_BOUND('',#6786,.T.);
#7241=FACE_BOUND('',#6787,.T.);
#7242=FACE_BOUND('',#6788,.T.);
#7243=FACE_BOUND('',#6789,.T.);
#7244=FACE_BOUND('',#6790,.T.);
#7245=FACE_BOUND('',#6791,.T.);
#7246=FACE_BOUND('',#6792,.T.);
#7247=FACE_BOUND('',#6793,.T.);
#7248=FACE_BOUND('',#6794,.T.);
#7249=FACE_BOUND('',#6795,.T.);
#7250=FACE_BOUND('',#6796,.T.);
#7251=FACE_BOUND('',#6797,.T.);
#7252=FACE_BOUND('',#6798,.T.);
#7253=FACE_BOUND('',#6799,.T.);
#7254=FACE_BOUND('',#6800,.T.);
#7255=FACE_BOUND('',#6801,.T.);
#7256=FACE_BOUND('',#6802,.T.);
#7257=FACE_BOUND('',#6803,.T.);
#7258=FACE_BOUND('',#6804,.T.);
#7259=FACE_BOUND('',#6805,.T.);
#7260=FACE_BOUND('',#6806,.T.);
#7261=FACE_BOUND('',#6807,.T.);
#7262=FACE_BOUND('',#6808,.T.);
#7263=FACE_BOUND('',#6809,.T.);
#7264=FACE_BOUND('',#6810,.T.);
#7265=FACE_BOUND('',#6811,.T.);
#7266=FACE_BOUND('',#6812,.T.);
#7267=FACE_BOUND('',#6813,.T.);
#7268=FACE_BOUND('',#6814,.T.);
#7269=FACE_BOUND('',#6815,.T.);
#7270=FACE_BOUND('',#6816,.T.);
#7271=FACE_BOUND('',#6817,.T.);
#7272=FACE_BOUND('',#6818,.T.);
#7273=FACE_BOUND('',#6819,.T.);
#7274=FACE_BOUND('',#6820,.T.);
#7275=FACE_BOUND('',#6821,.T.);
#7276=FACE_BOUND('',#6822,.T.);
#7277=FACE_BOUND('',#6823,.T.);
#7278=FACE_BOUND('',#6824,.T.);
#7279=FACE_BOUND('',#6825,.T.);
#7280=FACE_BOUND('',#6826,.T.);
#7281=FACE_BOUND('',#6827,.T.);
#7282=FACE_BOUND('',#6828,.T.);
#7283=FACE_BOUND('',#6829,.T.);
#7284=FACE_BOUND('',#6830,.T.);
#7285=FACE_BOUND('',#6831,.T.);
#7286=FACE_BOUND('',#6832,.T.);
#7287=FACE_BOUND('',#6833,.T.);
#7288=FACE_BOUND('',#6834,.T.);
#7289=FACE_BOUND('',#6835,.T.);
#7290=FACE_BOUND('',#6836,.T.);
#7291=FACE_BOUND('',#6837,.T.);
#7292=FACE_BOUND('',#6838,.T.);
#7293=FACE_BOUND('',#6839,.T.);
#7294=FACE_BOUND('',#6840,.T.);
#7295=FACE_BOUND('',#6841,.T.);
#7296=FACE_BOUND('',#6842,.T.);
#7297=FACE_BOUND('',#6843,.T.);
#7298=FACE_BOUND('',#6844,.T.);
#7299=FACE_BOUND('',#6845,.T.);
#7300=FACE_BOUND('',#6846,.T.);
#7301=FACE_BOUND('',#6847,.T.);
#7302=FACE_BOUND('',#6848,.T.);
#7303=FACE_BOUND('',#6849,.T.);
#7304=FACE_BOUND('',#6850,.T.);
#7305=FACE_BOUND('',#6851,.T.);
#7306=FACE_BOUND('',#6852,.T.);
#7307=FACE_BOUND('',#6853,.T.);
#7308=FACE_BOUND('',#6854,.T.);
#7309=FACE_BOUND('',#6855,.T.);
#7310=FACE_BOUND('',#6856,.T.);
#7311=FACE_BOUND('',#6857,.T.);
#7312=FACE_BOUND('',#6858,.T.);
#7313=FACE_BOUND('',#6859,.T.);
#7314=FACE_BOUND('',#6860,.T.);
#7315=FACE_BOUND('',#6861,.T.);
#7316=FACE_BOUND('',#6862,.T.);
#7317=FACE_BOUND('',#6863,.T.);
#7318=FACE_BOUND('',#6864,.T.);
#7319=FACE_BOUND('',#6865,.T.);
#7320=FACE_BOUND('',#6866,.T.);
#7321=FACE_BOUND('',#6867,.T.);
#7322=FACE_BOUND('',#6868,.T.);
#7323=FACE_BOUND('',#6869,.T.);
#7324=FACE_BOUND('',#6870,.T.);
#7325=FACE_BOUND('',#6871,.T.);
#7326=FACE_BOUND('',#6872,.T.);
#7327=FACE_BOUND('',#6873,.T.);
#7328=FACE_BOUND('',#6874,.T.);
#7329=FACE_BOUND('',#6875,.T.);
#7330=FACE_BOUND('',#6876,.T.);
#7331=FACE_BOUND('',#6877,.T.);
#7332=FACE_BOUND('',#6878,.T.);
#7333=FACE_BOUND('',#6879,.T.);
#7334=FACE_BOUND('',#6880,.T.);
#7335=FACE_BOUND('',#6881,.T.);
#7336=FACE_BOUND('',#6882,.T.);
#7337=FACE_BOUND('',#6883,.T.);
#7338=FACE_BOUND('',#6884,.T.);
#7339=FACE_BOUND('',#6885,.T.);
#7340=FACE_BOUND('',#6886,.T.);
#7341=FACE_BOUND('',#6887,.T.);
#7342=FACE_BOUND('',#6888,.T.);
#7343=FACE_BOUND('',#6889,.T.);
#7344=FACE_BOUND('',#6890,.T.);
#7345=FACE_BOUND('',#6891,.T.);
#7346=FACE_BOUND('',#6892,.T.);
#7347=FACE_BOUND('',#6893,.T.);
#7348=FACE_BOUND('',#6894,.T.);
#7349=FACE_BOUND('',#6895,.T.);
#7350=FACE_BOUND('',#6896,.T.);
#7351=FACE_BOUND('',#6897,.T.);
#7352=FACE_BOUND('',#6898,.T.);
#7353=FACE_BOUND('',#6899,.T.);
#7354=FACE_BOUND('',#6900,.T.);
#7355=FACE_BOUND('',#6901,.T.);
#7356=FACE_BOUND('',#6902,.T.);
#7357=FACE_BOUND('',#6903,.T.);
#7358=FACE_BOUND('',#6904,.T.);
#7359=FACE_BOUND('',#6905,.T.);
#7360=FACE_BOUND('',#6906,.T.);
#7361=FACE_BOUND('',#6907,.T.);
#7362=FACE_BOUND('',#6908,.T.);
#7363=FACE_BOUND('',#6909,.T.);
#7364=FACE_BOUND('',#6910,.T.);
#7365=FACE_BOUND('',#6911,.T.);
#7366=FACE_BOUND('',#6912,.T.);
#7367=FACE_BOUND('',#6913,.T.);
#7368=FACE_BOUND('',#6914,.T.);
#7369=FACE_BOUND('',#6915,.T.);
#7370=FACE_BOUND('',#6916,.T.);
#7371=FACE_BOUND('',#6917,.T.);
#7372=FACE_BOUND('',#6918,.T.);
#7373=FACE_BOUND('',#6919,.T.);
#7374=FACE_BOUND('',#6920,.T.);
#7375=FACE_BOUND('',#6921,.T.);
#7376=FACE_BOUND('',#6922,.T.);
#7377=FACE_BOUND('',#6923,.T.);
#7378=FACE_BOUND('',#6924,.T.);
#7379=FACE_BOUND('',#6925,.T.);
#7380=FACE_BOUND('',#6926,.T.);
#7381=FACE_BOUND('',#6927,.T.);
#7382=FACE_BOUND('',#6928,.T.);
#7383=FACE_BOUND('',#6929,.T.);
#7384=FACE_BOUND('',#6930,.T.);
#7385=FACE_BOUND('',#6931,.T.);
#7386=FACE_BOUND('',#6932,.T.);
#7387=FACE_BOUND('',#6933,.T.);
#7388=FACE_BOUND('',#6934,.T.);
#7389=FACE_BOUND('',#6935,.T.);
#7390=FACE_BOUND('',#6936,.T.);
#7391=FACE_BOUND('',#6937,.T.);
#7392=FACE_BOUND('',#6938,.T.);
#7393=FACE_BOUND('',#6939,.T.);
#7394=FACE_BOUND('',#6940,.T.);
#7395=FACE_BOUND('',#6941,.T.);
#7396=FACE_BOUND('',#6942,.T.);
#7397=FACE_BOUND('',#6943,.T.);
#7398=FACE_BOUND('',#6944,.T.);
#7399=FACE_BOUND('',#6945,.T.);
#7400=FACE_BOUND('',#6946,.T.);
#7401=FACE_BOUND('',#6947,.T.);
#7402=FACE_BOUND('',#6948,.T.);
#7403=FACE_BOUND('',#6949,.T.);
#7404=FACE_BOUND('',#6950,.T.);
#7405=FACE_BOUND('',#6951,.T.);
#7406=FACE_BOUND('',#6952,.T.);
#7407=FACE_BOUND('',#6953,.T.);
#7408=FACE_BOUND('',#6954,.T.);
#7409=FACE_BOUND('',#6955,.T.);
#7410=FACE_BOUND('',#6956,.T.);
#7411=FACE_BOUND('',#6957,.T.);
#7412=FACE_BOUND('',#6958,.T.);
#7413=FACE_BOUND('',#6959,.T.);
#7414=FACE_BOUND('',#6960,.T.);
#7415=FACE_BOUND('',#6961,.T.);
#7416=FACE_BOUND('',#6962,.T.);
#7417=FACE_BOUND('',#6963,.T.);
#7418=FACE_BOUND('',#6964,.T.);
#7419=FACE_BOUND('',#6965,.T.);
#7420=FACE_BOUND('',#6966,.T.);
#7421=FACE_BOUND('',#6967,.T.);
#7422=FACE_BOUND('',#6968,.T.);
#7423=FACE_BOUND('',#6969,.T.);
#7424=FACE_BOUND('',#6970,.T.);
#7425=FACE_BOUND('',#6971,.T.);
#7426=FACE_BOUND('',#6972,.T.);
#7427=FACE_BOUND('',#6973,.T.);
#7428=FACE_BOUND('',#6974,.T.);
#7429=FACE_BOUND('',#6975,.T.);
#7430=FACE_BOUND('',#6976,.T.);
#7431=FACE_BOUND('',#6977,.T.);
#7432=FACE_BOUND('',#6978,.T.);
#7433=FACE_BOUND('',#6979,.T.);
#7434=FACE_BOUND('',#6980,.T.);
#7435=FACE_BOUND('',#6981,.T.);
#7436=FACE_BOUND('',#6982,.T.);
#7437=FACE_BOUND('',#6983,.T.);
#7438=FACE_BOUND('',#6984,.T.);
#7439=FACE_BOUND('',#6985,.T.);
#7440=FACE_BOUND('',#6986,.T.);
#7441=FACE_BOUND('',#6987,.T.);
#7442=FACE_BOUND('',#6988,.T.);
#7443=FACE_BOUND('',#6989,.T.);
#7444=FACE_BOUND('',#6990,.T.);
#7445=FACE_BOUND('',#6991,.T.);
#7446=FACE_BOUND('',#6992,.T.);
#7447=FACE_BOUND('',#6993,.T.);
#7448=FACE_BOUND('',#6994,.T.);
#7449=FACE_BOUND('',#6995,.T.);
#7450=FACE_BOUND('',#6996,.T.);
#7451=FACE_BOUND('',#6997,.T.);
#7452=FACE_BOUND('',#6998,.T.);
#7453=FACE_BOUND('',#6999,.T.);
#7454=FACE_BOUND('',#7000,.T.);
#7455=FACE_BOUND('',#7001,.T.);
#7456=FACE_BOUND('',#7002,.T.);
#7457=FACE_BOUND('',#7003,.T.);
#7458=FACE_BOUND('',#7004,.T.);
#7459=FACE_BOUND('',#7005,.T.);
#7460=FACE_BOUND('',#7006,.T.);
#7461=FACE_BOUND('',#7007,.T.);
#7462=FACE_BOUND('',#7008,.T.);
#7463=FACE_BOUND('',#7009,.T.);
#7464=FACE_BOUND('',#7010,.T.);
#7465=FACE_BOUND('',#7011,.T.);
#7466=FACE_BOUND('',#7012,.T.);
#7467=FACE_BOUND('',#7013,.T.);
#7468=FACE_BOUND('',#7014,.T.);
#7469=FACE_BOUND('',#7015,.T.);
#7470=FACE_BOUND('',#7016,.T.);
#7471=FACE_BOUND('',#7017,.T.);
#7472=FACE_BOUND('',#7018,.T.);
#7473=FACE_BOUND('',#7019,.T.);
#7474=FACE_BOUND('',#7020,.T.);
#7475=FACE_BOUND('',#7021,.T.);
#7476=FACE_BOUND('',#7022,.T.);
#7477=FACE_BOUND('',#7023,.T.);
#7478=FACE_BOUND('',#7024,.T.);
#7479=FACE_BOUND('',#7025,.T.);
#7480=FACE_BOUND('',#7026,.T.);
#7481=FACE_BOUND('',#7027,.T.);
#7482=FACE_BOUND('',#7028,.T.);
#7483=FACE_BOUND('',#7029,.T.);
#7484=FACE_BOUND('',#7030,.T.);
#7485=FACE_BOUND('',#7031,.T.);
#7486=FACE_BOUND('',#7032,.T.);
#7487=FACE_BOUND('',#7033,.T.);
#7488=FACE_BOUND('',#7034,.T.);
#7489=FACE_BOUND('',#7035,.T.);
#7490=FACE_BOUND('',#7036,.T.);
#7491=FACE_BOUND('',#7037,.T.);
#7492=FACE_BOUND('',#7038,.T.);
#7493=FACE_BOUND('',#7039,.T.);
#7494=FACE_BOUND('',#7040,.T.);
#7495=FACE_BOUND('',#7041,.T.);
#7496=FACE_BOUND('',#7042,.T.);
#7497=FACE_BOUND('',#7043,.T.);
#7498=FACE_BOUND('',#7044,.T.);
#7499=FACE_BOUND('',#7045,.T.);
#7500=FACE_BOUND('',#7046,.T.);
#7501=FACE_BOUND('',#7047,.T.);
#7502=FACE_BOUND('',#7048,.T.);
#7503=FACE_BOUND('',#7049,.T.);
#7504=FACE_BOUND('',#7050,.T.);
#7505=FACE_BOUND('',#7051,.T.);
#7506=FACE_BOUND('',#7052,.T.);
#7507=FACE_BOUND('',#7053,.T.);
#7508=FACE_BOUND('',#7054,.T.);
#7509=FACE_BOUND('',#7055,.T.);
#7510=FACE_BOUND('',#7056,.T.);
#7511=FACE_BOUND('',#7057,.T.);
#7512=FACE_BOUND('',#7058,.T.);
#7513=FACE_BOUND('',#7059,.T.);
#7514=FACE_BOUND('',#7060,.T.);
#7515=FACE_BOUND('',#7061,.T.);
#7516=FACE_BOUND('',#7062,.T.);
#7517=FACE_BOUND('',#7063,.T.);
#7518=FACE_BOUND('',#7064,.T.);
#7519=FACE_BOUND('',#7065,.T.);
#7520=FACE_BOUND('',#7066,.T.);
#7521=FACE_BOUND('',#7067,.T.);
#7522=FACE_BOUND('',#7068,.T.);
#7523=FACE_BOUND('',#7069,.T.);
#7524=FACE_BOUND('',#7070,.T.);
#7525=FACE_BOUND('',#7071,.T.);
#7526=FACE_BOUND('',#7072,.T.);
#7527=FACE_BOUND('',#7073,.T.);
#7528=FACE_BOUND('',#7074,.T.);
#7529=FACE_BOUND('',#7075,.T.);
#7530=FACE_BOUND('',#7076,.T.);
#7531=FACE_BOUND('',#7077,.T.);
#7532=FACE_BOUND('',#7078,.T.);
#7533=FACE_BOUND('',#7079,.T.);
#7534=FACE_BOUND('',#7080,.T.);
#7535=FACE_BOUND('',#7081,.T.);
#7536=FACE_BOUND('',#7082,.T.);
#7537=FACE_BOUND('',#7083,.T.);
#7538=FACE_BOUND('',#7084,.T.);
#7539=FACE_BOUND('',#7085,.T.);
#7540=FACE_BOUND('',#7086,.T.);
#7541=FACE_BOUND('',#7087,.T.);
#7542=FACE_BOUND('',#7088,.T.);
#7543=FACE_BOUND('',#7089,.T.);
#7544=FACE_BOUND('',#7090,.T.);
#7545=FACE_BOUND('',#7091,.T.);
#7546=FACE_BOUND('',#7092,.T.);
#7547=FACE_BOUND('',#7093,.T.);
#7548=FACE_BOUND('',#7094,.T.);
#7549=FACE_BOUND('',#7095,.T.);
#7550=FACE_BOUND('',#7096,.T.);
#7551=FACE_BOUND('',#7097,.T.);
#7552=FACE_BOUND('',#7098,.T.);
#7553=FACE_BOUND('',#7099,.T.);
#7554=FACE_BOUND('',#7100,.T.);
#7555=FACE_BOUND('',#7101,.T.);
#7556=FACE_BOUND('',#7102,.T.);
#7557=FACE_BOUND('',#7103,.T.);
#7558=FACE_BOUND('',#7104,.T.);
#7559=FACE_BOUND('',#7105,.T.);
#7560=FACE_BOUND('',#7106,.T.);
#7561=FACE_BOUND('',#7107,.T.);
#7562=FACE_BOUND('',#7108,.T.);
#7563=FACE_BOUND('',#7109,.T.);
#7564=FACE_BOUND('',#7110,.T.);
#7565=FACE_BOUND('',#7111,.T.);
#7566=FACE_BOUND('',#7112,.T.);
#7567=FACE_BOUND('',#7113,.T.);
#7568=FACE_BOUND('',#7114,.T.);
#7569=FACE_BOUND('',#7115,.T.);
#7570=FACE_BOUND('',#7116,.T.);
#7571=FACE_BOUND('',#7117,.T.);
#7572=FACE_BOUND('',#7118,.T.);
#7573=FACE_BOUND('',#7119,.T.);
#7574=FACE_BOUND('',#7120,.T.);
#7575=FACE_BOUND('',#7121,.T.);
#7576=FACE_BOUND('',#7122,.T.);
#7577=FACE_BOUND('',#7123,.T.);
#7578=FACE_BOUND('',#7124,.T.);
#7579=FACE_BOUND('',#7125,.T.);
#7580=FACE_BOUND('',#7126,.T.);
#7581=FACE_BOUND('',#7127,.T.);
#7582=FACE_BOUND('',#7128,.T.);
#7583=FACE_BOUND('',#7129,.T.);
#7584=FACE_BOUND('',#7130,.T.);
#7585=FACE_BOUND('',#7131,.T.);
#7586=FACE_BOUND('',#7132,.T.);
#7587=FACE_BOUND('',#7133,.T.);
#7588=FACE_BOUND('',#7134,.T.);
#7589=FACE_BOUND('',#7135,.T.);
#7590=FACE_BOUND('',#7136,.T.);
#7591=FACE_BOUND('',#7137,.T.);
#7592=FACE_BOUND('',#7138,.T.);
#7593=FACE_BOUND('',#7139,.T.);
#7594=FACE_BOUND('',#7140,.T.);
#7595=FACE_BOUND('',#7141,.T.);
#7596=FACE_BOUND('',#7142,.T.);
#7597=PLANE('',#11326);
#7598=PLANE('',#11331);
#7599=PLANE('',#11334);
#7600=PLANE('',#11335);
#7601=PLANE('',#11336);
#7602=PLANE('',#11337);
#7603=PLANE('',#11338);
#7604=PLANE('',#11339);
#7605=PLANE('',#11340);
#7606=PLANE('',#11341);
#7607=PLANE('',#11342);
#7608=PLANE('',#11343);
#7609=PLANE('',#11344);
#7610=PLANE('',#11345);
#7611=PLANE('',#11346);
#7612=PLANE('',#11347);
#7613=PLANE('',#11348);
#7614=PLANE('',#11349);
#7615=PLANE('',#11350);
#7616=PLANE('',#11351);
#7617=PLANE('',#11352);
#7618=PLANE('',#11353);
#7619=PLANE('',#11354);
#7620=PLANE('',#11355);
#7621=PLANE('',#11356);
#7622=PLANE('',#11357);
#7623=PLANE('',#11358);
#7624=PLANE('',#11359);
#7625=PLANE('',#11360);
#7626=PLANE('',#11361);
#7627=PLANE('',#11362);
#7628=PLANE('',#11363);
#7629=PLANE('',#11364);
#7630=PLANE('',#11365);
#7631=PLANE('',#11366);
#7632=PLANE('',#11367);
#7633=PLANE('',#11368);
#7634=PLANE('',#11369);
#7635=PLANE('',#11370);
#7636=PLANE('',#11371);
#7637=PLANE('',#11372);
#7638=PLANE('',#11373);
#7639=PLANE('',#11374);
#7640=PLANE('',#11375);
#7641=PLANE('',#11376);
#7642=PLANE('',#11377);
#7643=PLANE('',#11402);
#7644=PLANE('',#11403);
#7645=PLANE('',#11404);
#7646=PLANE('',#11405);
#7647=PLANE('',#11406);
#7648=PLANE('',#11407);
#7649=PLANE('',#11408);
#7650=PLANE('',#11409);
#7651=PLANE('',#11410);
#7652=PLANE('',#11411);
#7653=PLANE('',#11412);
#7654=PLANE('',#11413);
#7655=PLANE('',#11415);
#7656=PLANE('',#11416);
#7657=PLANE('',#11417);
#7658=PLANE('',#11420);
#7659=PLANE('',#11423);
#7660=PLANE('',#11424);
#7661=PLANE('',#11425);
#7662=PLANE('',#11426);
#7663=PLANE('',#11427);
#7664=PLANE('',#11428);
#7665=PLANE('',#11429);
#7666=PLANE('',#11430);
#7667=PLANE('',#11431);
#7668=PLANE('',#11432);
#7669=PLANE('',#11433);
#7670=PLANE('',#11434);
#7671=PLANE('',#11435);
#7672=PLANE('',#11436);
#7673=PLANE('',#11437);
#7674=PLANE('',#11438);
#7675=PLANE('',#11439);
#7676=PLANE('',#11440);
#7677=PLANE('',#11441);
#7678=PLANE('',#11442);
#7679=PLANE('',#11443);
#7680=PLANE('',#11444);
#7681=PLANE('',#11445);
#7682=PLANE('',#11446);
#7683=PLANE('',#11447);
#7684=PLANE('',#11448);
#7685=PLANE('',#11449);
#7686=PLANE('',#11450);
#7687=PLANE('',#11451);
#7688=PLANE('',#11452);
#7689=PLANE('',#11453);
#7690=PLANE('',#11454);
#7691=PLANE('',#11455);
#7692=PLANE('',#11456);
#7693=PLANE('',#11457);
#7694=PLANE('',#11458);
#7695=PLANE('',#11459);
#7696=PLANE('',#11460);
#7697=PLANE('',#11461);
#7698=PLANE('',#11462);
#7699=PLANE('',#11463);
#7700=PLANE('',#11464);
#7701=PLANE('',#11465);
#7702=PLANE('',#11466);
#7703=PLANE('',#11467);
#7704=PLANE('',#11468);
#7705=PLANE('',#11469);
#7706=PLANE('',#11470);
#7707=PLANE('',#11471);
#7708=PLANE('',#11472);
#7709=PLANE('',#11474);
#7710=PLANE('',#11477);
#7711=PLANE('',#11482);
#7712=PLANE('',#11484);
#7713=PLANE('',#11485);
#7714=PLANE('',#11486);
#7715=PLANE('',#11487);
#7716=PLANE('',#11491);
#7717=PLANE('',#11492);
#7718=PLANE('',#11495);
#7719=PLANE('',#11496);
#7720=PLANE('',#11497);
#7721=PLANE('',#11498);
#7722=PLANE('',#11502);
#7723=PLANE('',#11503);
#7724=PLANE('',#11504);
#7725=PLANE('',#11505);
#7726=PLANE('',#11511);
#7727=PLANE('',#11512);
#7728=PLANE('',#11514);
#7729=PLANE('',#11515);
#7730=PLANE('',#11516);
#7731=PLANE('',#11518);
#7732=PLANE('',#11519);
#7733=PLANE('',#11520);
#7734=PLANE('',#11521);
#7735=PLANE('',#11523);
#7736=PLANE('',#11525);
#7737=PLANE('',#11527);
#7738=PLANE('',#11529);
#7739=PLANE('',#11531);
#7740=PLANE('',#11533);
#7741=PLANE('',#11535);
#7742=PLANE('',#11537);
#7743=PLANE('',#11538);
#7744=PLANE('',#11539);
#7745=PLANE('',#11540);
#7746=PLANE('',#11655);
#7747=PLANE('',#11656);
#7748=PLANE('',#11657);
#7749=PLANE('',#11658);
#7750=PLANE('',#11659);
#7751=PLANE('',#11660);
#7752=PLANE('',#11661);
#7753=PLANE('',#11662);
#7754=PLANE('',#11663);
#7755=PLANE('',#11664);
#7756=PLANE('',#11665);
#7757=PLANE('',#11666);
#7758=PLANE('',#11667);
#7759=PLANE('',#11668);
#7760=PLANE('',#11669);
#7761=PLANE('',#11670);
#7762=PLANE('',#11672);
#7763=PLANE('',#11673);
#7764=PLANE('',#11674);
#7765=PLANE('',#11676);
#7766=PLANE('',#11677);
#7767=PLANE('',#11689);
#7768=PLANE('',#11690);
#7769=PLANE('',#11691);
#7770=PLANE('',#11694);
#7771=PLANE('',#11695);
#7772=PLANE('',#11696);
#7773=PLANE('',#11697);
#7774=PLANE('',#11699);
#7775=PLANE('',#11700);
#7776=PLANE('',#11701);
#7777=PLANE('',#11702);
#7778=PLANE('',#11705);
#7779=PLANE('',#11706);
#7780=PLANE('',#11707);
#7781=PLANE('',#11709);
#7782=PLANE('',#11710);
#7783=PLANE('',#11711);
#7784=PLANE('',#11712);
#7785=PLANE('',#11713);
#7786=PLANE('',#11714);
#7787=PLANE('',#11715);
#7788=PLANE('',#11716);
#7789=PLANE('',#11717);
#7790=PLANE('',#11718);
#7791=PLANE('',#11719);
#7792=PLANE('',#11720);
#7793=PLANE('',#11721);
#7794=PLANE('',#11722);
#7795=PLANE('',#11723);
#7796=PLANE('',#11724);
#7797=PLANE('',#11725);
#7798=PLANE('',#11726);
#7799=PLANE('',#11727);
#7800=PLANE('',#11728);
#7801=PLANE('',#11729);
#7802=PLANE('',#11730);
#7803=PLANE('',#11731);
#7804=PLANE('',#11732);
#7805=PLANE('',#11733);
#7806=PLANE('',#11734);
#7807=PLANE('',#11735);
#7808=PLANE('',#11736);
#7809=PLANE('',#11737);
#7810=PLANE('',#11738);
#7811=PLANE('',#11739);
#7812=PLANE('',#11740);
#7813=PLANE('',#11741);
#7814=PLANE('',#11742);
#7815=PLANE('',#11743);
#7816=PLANE('',#11744);
#7817=PLANE('',#11745);
#7818=PLANE('',#11746);
#7819=PLANE('',#11747);
#7820=PLANE('',#11749);
#7821=PLANE('',#11753);
#7822=PLANE('',#11754);
#7823=PLANE('',#11755);
#7824=PLANE('',#11756);
#7825=PLANE('',#11758);
#7826=PLANE('',#11759);
#7827=PLANE('',#11760);
#7828=PLANE('',#11764);
#7829=PLANE('',#11765);
#7830=PLANE('',#11766);
#7831=PLANE('',#11767);
#7832=PLANE('',#11768);
#7833=PLANE('',#11770);
#7834=PLANE('',#11771);
#7835=PLANE('',#11772);
#7836=PLANE('',#11773);
#7837=PLANE('',#11774);
#7838=PLANE('',#11775);
#7839=PLANE('',#11776);
#7840=PLANE('',#11777);
#7841=PLANE('',#11778);
#7842=PLANE('',#11779);
#7843=PLANE('',#11780);
#7844=PLANE('',#11781);
#7845=PLANE('',#11782);
#7846=PLANE('',#11783);
#7847=PLANE('',#11784);
#7848=PLANE('',#11785);
#7849=PLANE('',#11786);
#7850=PLANE('',#11787);
#7851=PLANE('',#11789);
#7852=PLANE('',#11796);
#7853=PLANE('',#11797);
#7854=PLANE('',#11798);
#7855=PLANE('',#11799);
#7856=PLANE('',#11800);
#7857=PLANE('',#11801);
#7858=PLANE('',#11808);
#7859=PLANE('',#11809);
#7860=PLANE('',#11810);
#7861=PLANE('',#11811);
#7862=PLANE('',#11812);
#7863=PLANE('',#11813);
#7864=PLANE('',#11814);
#7865=PLANE('',#11815);
#7866=PLANE('',#11816);
#7867=PLANE('',#11817);
#7868=PLANE('',#11819);
#7869=PLANE('',#11820);
#7870=PLANE('',#11822);
#7871=PLANE('',#11823);
#7872=PLANE('',#11824);
#7873=PLANE('',#11825);
#7874=PLANE('',#11826);
#7875=PLANE('',#11827);
#7876=PLANE('',#11828);
#7877=PLANE('',#11829);
#7878=PLANE('',#11836);
#7879=PLANE('',#11837);
#7880=PLANE('',#11838);
#7881=PLANE('',#11839);
#7882=PLANE('',#11840);
#7883=PLANE('',#11841);
#7884=PLANE('',#11843);
#7885=PLANE('',#11844);
#7886=PLANE('',#11846);
#7887=PLANE('',#11847);
#7888=PLANE('',#11848);
#7889=PLANE('',#11849);
#7890=PLANE('',#11850);
#7891=PLANE('',#11851);
#7892=PLANE('',#11852);
#7893=PLANE('',#11853);
#7894=PLANE('',#11860);
#7895=PLANE('',#11861);
#7896=PLANE('',#11862);
#7897=PLANE('',#11863);
#7898=PLANE('',#11864);
#7899=PLANE('',#11865);
#7900=PLANE('',#11867);
#7901=PLANE('',#11868);
#7902=PLANE('',#11870);
#7903=PLANE('',#11871);
#7904=PLANE('',#11872);
#7905=PLANE('',#11873);
#7906=PLANE('',#11874);
#7907=PLANE('',#11875);
#7908=PLANE('',#11876);
#7909=PLANE('',#11877);
#7910=PLANE('',#11884);
#7911=PLANE('',#11885);
#7912=PLANE('',#11886);
#7913=PLANE('',#11887);
#7914=PLANE('',#11888);
#7915=PLANE('',#11889);
#7916=PLANE('',#11891);
#7917=PLANE('',#11892);
#7918=PLANE('',#11894);
#7919=PLANE('',#11895);
#7920=PLANE('',#11896);
#7921=PLANE('',#11897);
#7922=PLANE('',#11898);
#7923=PLANE('',#11899);
#7924=PLANE('',#11900);
#7925=PLANE('',#11901);
#7926=PLANE('',#11908);
#7927=PLANE('',#11909);
#7928=PLANE('',#11910);
#7929=PLANE('',#11911);
#7930=PLANE('',#11912);
#7931=PLANE('',#11913);
#7932=STYLED_ITEM('',(#8355),#10896);
#7933=STYLED_ITEM('',(#8356),#10897);
#7934=STYLED_ITEM('',(#8357),#10898);
#7935=STYLED_ITEM('',(#8358),#10899);
#7936=STYLED_ITEM('',(#8359),#10900);
#7937=STYLED_ITEM('',(#8360),#10901);
#7938=STYLED_ITEM('',(#8361),#10902);
#7939=STYLED_ITEM('',(#8362),#10903);
#7940=STYLED_ITEM('',(#8363),#10904);
#7941=STYLED_ITEM('',(#8364),#10905);
#7942=STYLED_ITEM('',(#8365),#10906);
#7943=STYLED_ITEM('',(#8366),#10907);
#7944=STYLED_ITEM('',(#8367),#10908);
#7945=STYLED_ITEM('',(#8368),#10909);
#7946=STYLED_ITEM('',(#8369),#10910);
#7947=STYLED_ITEM('',(#8370),#10911);
#7948=STYLED_ITEM('',(#8371),#10912);
#7949=STYLED_ITEM('',(#8372),#10913);
#7950=STYLED_ITEM('',(#8373),#10914);
#7951=STYLED_ITEM('',(#8374),#10915);
#7952=STYLED_ITEM('',(#8375),#10916);
#7953=STYLED_ITEM('',(#8376),#10917);
#7954=STYLED_ITEM('',(#8377),#10918);
#7955=STYLED_ITEM('',(#8378),#10919);
#7956=STYLED_ITEM('',(#8379),#10920);
#7957=STYLED_ITEM('',(#8380),#10921);
#7958=STYLED_ITEM('',(#8381),#10922);
#7959=STYLED_ITEM('',(#8382),#10923);
#7960=STYLED_ITEM('',(#8383),#10924);
#7961=STYLED_ITEM('',(#8384),#10925);
#7962=STYLED_ITEM('',(#8385),#10926);
#7963=STYLED_ITEM('',(#8386),#10927);
#7964=STYLED_ITEM('',(#8387),#10928);
#7965=STYLED_ITEM('',(#8388),#10929);
#7966=STYLED_ITEM('',(#8389),#10930);
#7967=STYLED_ITEM('',(#8390),#10931);
#7968=STYLED_ITEM('',(#8391),#10932);
#7969=STYLED_ITEM('',(#8392),#10933);
#7970=STYLED_ITEM('',(#8393),#10934);
#7971=STYLED_ITEM('',(#8394),#10935);
#7972=STYLED_ITEM('',(#8395),#10936);
#7973=STYLED_ITEM('',(#8396),#10937);
#7974=STYLED_ITEM('',(#8397),#10938);
#7975=STYLED_ITEM('',(#8398),#10939);
#7976=STYLED_ITEM('',(#8399),#10940);
#7977=STYLED_ITEM('',(#8400),#10941);
#7978=STYLED_ITEM('',(#8401),#10942);
#7979=STYLED_ITEM('',(#8402),#10943);
#7980=STYLED_ITEM('',(#8403),#10944);
#7981=STYLED_ITEM('',(#8404),#10945);
#7982=STYLED_ITEM('',(#8405),#10946);
#7983=STYLED_ITEM('',(#8406),#10947);
#7984=STYLED_ITEM('',(#8407),#10948);
#7985=STYLED_ITEM('',(#8408),#10949);
#7986=STYLED_ITEM('',(#8409),#10950);
#7987=STYLED_ITEM('',(#8410),#10951);
#7988=STYLED_ITEM('',(#8411),#10952);
#7989=STYLED_ITEM('',(#8412),#10953);
#7990=STYLED_ITEM('',(#8413),#10954);
#7991=STYLED_ITEM('',(#8414),#10955);
#7992=STYLED_ITEM('',(#8415),#10956);
#7993=STYLED_ITEM('',(#8416),#10957);
#7994=STYLED_ITEM('',(#8417),#10958);
#7995=STYLED_ITEM('',(#8418),#10959);
#7996=STYLED_ITEM('',(#8419),#10960);
#7997=STYLED_ITEM('',(#8420),#10961);
#7998=STYLED_ITEM('',(#8421),#10962);
#7999=STYLED_ITEM('',(#8422),#10963);
#8000=STYLED_ITEM('',(#8423),#10964);
#8001=STYLED_ITEM('',(#8424),#10965);
#8002=STYLED_ITEM('',(#8425),#10966);
#8003=STYLED_ITEM('',(#8426),#10967);
#8004=STYLED_ITEM('',(#8427),#10968);
#8005=STYLED_ITEM('',(#8428),#10969);
#8006=STYLED_ITEM('',(#8429),#10970);
#8007=STYLED_ITEM('',(#8430),#10971);
#8008=STYLED_ITEM('',(#8431),#10972);
#8009=STYLED_ITEM('',(#8432),#10973);
#8010=STYLED_ITEM('',(#8433),#10974);
#8011=STYLED_ITEM('',(#8434),#10975);
#8012=STYLED_ITEM('',(#8435),#10976);
#8013=STYLED_ITEM('',(#8436),#10977);
#8014=STYLED_ITEM('',(#8437),#10978);
#8015=STYLED_ITEM('',(#8438),#10979);
#8016=STYLED_ITEM('',(#8439),#10980);
#8017=STYLED_ITEM('',(#8440),#10981);
#8018=STYLED_ITEM('',(#8441),#10982);
#8019=STYLED_ITEM('',(#8442),#10983);
#8020=STYLED_ITEM('',(#8443),#10984);
#8021=STYLED_ITEM('',(#8444),#10985);
#8022=STYLED_ITEM('',(#8445),#10986);
#8023=STYLED_ITEM('',(#8446),#10987);
#8024=STYLED_ITEM('',(#8447),#10988);
#8025=STYLED_ITEM('',(#8448),#10989);
#8026=STYLED_ITEM('',(#8449),#10990);
#8027=STYLED_ITEM('',(#8450),#10991);
#8028=STYLED_ITEM('',(#8451),#10992);
#8029=STYLED_ITEM('',(#8452),#10993);
#8030=STYLED_ITEM('',(#8453),#10994);
#8031=STYLED_ITEM('',(#8454),#10995);
#8032=STYLED_ITEM('',(#8455),#10996);
#8033=STYLED_ITEM('',(#8456),#10997);
#8034=STYLED_ITEM('',(#8457),#10998);
#8035=STYLED_ITEM('',(#8458),#10999);
#8036=STYLED_ITEM('',(#8459),#11000);
#8037=STYLED_ITEM('',(#8460),#11001);
#8038=STYLED_ITEM('',(#8461),#11002);
#8039=STYLED_ITEM('',(#8462),#11003);
#8040=STYLED_ITEM('',(#8463),#11004);
#8041=STYLED_ITEM('',(#8464),#11005);
#8042=STYLED_ITEM('',(#8465),#11006);
#8043=STYLED_ITEM('',(#8466),#11007);
#8044=STYLED_ITEM('',(#8467),#11008);
#8045=STYLED_ITEM('',(#8468),#11009);
#8046=STYLED_ITEM('',(#8469),#11010);
#8047=STYLED_ITEM('',(#8470),#11011);
#8048=STYLED_ITEM('',(#8471),#11012);
#8049=STYLED_ITEM('',(#8472),#11013);
#8050=STYLED_ITEM('',(#8473),#11014);
#8051=STYLED_ITEM('',(#8474),#11015);
#8052=STYLED_ITEM('',(#8475),#11016);
#8053=STYLED_ITEM('',(#8476),#11017);
#8054=STYLED_ITEM('',(#8477),#11018);
#8055=STYLED_ITEM('',(#8478),#11019);
#8056=STYLED_ITEM('',(#8479),#11020);
#8057=STYLED_ITEM('',(#8480),#11021);
#8058=STYLED_ITEM('',(#8481),#11022);
#8059=STYLED_ITEM('',(#8482),#11023);
#8060=STYLED_ITEM('',(#8483),#11024);
#8061=STYLED_ITEM('',(#8484),#11025);
#8062=STYLED_ITEM('',(#8485),#11026);
#8063=STYLED_ITEM('',(#8486),#11027);
#8064=STYLED_ITEM('',(#8487),#11028);
#8065=STYLED_ITEM('',(#8488),#11029);
#8066=STYLED_ITEM('',(#8489),#11030);
#8067=STYLED_ITEM('',(#8490),#11031);
#8068=STYLED_ITEM('',(#8491),#11032);
#8069=STYLED_ITEM('',(#8492),#11033);
#8070=STYLED_ITEM('',(#8493),#11034);
#8071=STYLED_ITEM('',(#8494),#11035);
#8072=STYLED_ITEM('',(#8495),#11036);
#8073=STYLED_ITEM('',(#8496),#11037);
#8074=STYLED_ITEM('',(#8497),#11038);
#8075=STYLED_ITEM('',(#8498),#11039);
#8076=STYLED_ITEM('',(#8499),#11040);
#8077=STYLED_ITEM('',(#8500),#11041);
#8078=STYLED_ITEM('',(#8501),#11042);
#8079=STYLED_ITEM('',(#8502),#11043);
#8080=STYLED_ITEM('',(#8503),#11044);
#8081=STYLED_ITEM('',(#8504),#11045);
#8082=STYLED_ITEM('',(#8505),#11046);
#8083=STYLED_ITEM('',(#8506),#11047);
#8084=STYLED_ITEM('',(#8507),#11048);
#8085=STYLED_ITEM('',(#8508),#11049);
#8086=STYLED_ITEM('',(#8509),#11050);
#8087=STYLED_ITEM('',(#8510),#11051);
#8088=STYLED_ITEM('',(#8511),#11052);
#8089=STYLED_ITEM('',(#8512),#11053);
#8090=STYLED_ITEM('',(#8513),#11054);
#8091=STYLED_ITEM('',(#8514),#11055);
#8092=STYLED_ITEM('',(#8515),#11056);
#8093=STYLED_ITEM('',(#8516),#11057);
#8094=STYLED_ITEM('',(#8517),#11058);
#8095=STYLED_ITEM('',(#8518),#11059);
#8096=STYLED_ITEM('',(#8519),#11060);
#8097=STYLED_ITEM('',(#8520),#11061);
#8098=STYLED_ITEM('',(#8521),#11062);
#8099=STYLED_ITEM('',(#8522),#11063);
#8100=STYLED_ITEM('',(#8523),#11064);
#8101=STYLED_ITEM('',(#8524),#11065);
#8102=STYLED_ITEM('',(#8525),#11066);
#8103=STYLED_ITEM('',(#8526),#11067);
#8104=STYLED_ITEM('',(#8527),#11068);
#8105=STYLED_ITEM('',(#8528),#11069);
#8106=STYLED_ITEM('',(#8529),#11070);
#8107=STYLED_ITEM('',(#8530),#11071);
#8108=STYLED_ITEM('',(#8531),#11072);
#8109=STYLED_ITEM('',(#8532),#11073);
#8110=STYLED_ITEM('',(#8533),#11074);
#8111=STYLED_ITEM('',(#8534),#11075);
#8112=STYLED_ITEM('',(#8535),#11076);
#8113=STYLED_ITEM('',(#8536),#11077);
#8114=STYLED_ITEM('',(#8537),#11078);
#8115=STYLED_ITEM('',(#8538),#11079);
#8116=STYLED_ITEM('',(#8539),#11080);
#8117=STYLED_ITEM('',(#8540),#11081);
#8118=STYLED_ITEM('',(#8541),#11082);
#8119=STYLED_ITEM('',(#8542),#11083);
#8120=STYLED_ITEM('',(#8543),#11084);
#8121=STYLED_ITEM('',(#8544),#11085);
#8122=STYLED_ITEM('',(#8545),#11086);
#8123=STYLED_ITEM('',(#8546),#11087);
#8124=STYLED_ITEM('',(#8547),#11088);
#8125=STYLED_ITEM('',(#8548),#11089);
#8126=STYLED_ITEM('',(#8549),#11090);
#8127=STYLED_ITEM('',(#8550),#11091);
#8128=STYLED_ITEM('',(#8551),#11092);
#8129=STYLED_ITEM('',(#8552),#11093);
#8130=STYLED_ITEM('',(#8553),#11094);
#8131=STYLED_ITEM('',(#8554),#11095);
#8132=STYLED_ITEM('',(#8555),#11096);
#8133=STYLED_ITEM('',(#8556),#11097);
#8134=STYLED_ITEM('',(#8557),#11098);
#8135=STYLED_ITEM('',(#8558),#11099);
#8136=STYLED_ITEM('',(#8559),#11100);
#8137=STYLED_ITEM('',(#8560),#11101);
#8138=STYLED_ITEM('',(#8561),#11102);
#8139=STYLED_ITEM('',(#8562),#11103);
#8140=STYLED_ITEM('',(#8563),#11104);
#8141=STYLED_ITEM('',(#8564),#11105);
#8142=STYLED_ITEM('',(#8565),#11106);
#8143=STYLED_ITEM('',(#8566),#11107);
#8144=STYLED_ITEM('',(#8567),#11108);
#8145=STYLED_ITEM('',(#8568),#11109);
#8146=STYLED_ITEM('',(#8569),#11110);
#8147=STYLED_ITEM('',(#8570),#11111);
#8148=STYLED_ITEM('',(#8571),#11112);
#8149=STYLED_ITEM('',(#8572),#11113);
#8150=STYLED_ITEM('',(#8573),#11114);
#8151=STYLED_ITEM('',(#8574),#11115);
#8152=STYLED_ITEM('',(#8575),#11116);
#8153=STYLED_ITEM('',(#8576),#11117);
#8154=STYLED_ITEM('',(#8577),#11118);
#8155=STYLED_ITEM('',(#8578),#11119);
#8156=STYLED_ITEM('',(#8579),#11120);
#8157=STYLED_ITEM('',(#8580),#11121);
#8158=STYLED_ITEM('',(#8581),#11122);
#8159=STYLED_ITEM('',(#8582),#11123);
#8160=STYLED_ITEM('',(#8583),#11124);
#8161=STYLED_ITEM('',(#8584),#11125);
#8162=STYLED_ITEM('',(#8585),#11126);
#8163=STYLED_ITEM('',(#8586),#11127);
#8164=STYLED_ITEM('',(#8587),#11128);
#8165=STYLED_ITEM('',(#8588),#11129);
#8166=STYLED_ITEM('',(#8589),#11130);
#8167=STYLED_ITEM('',(#8590),#11131);
#8168=STYLED_ITEM('',(#8591),#11132);
#8169=STYLED_ITEM('',(#8592),#11133);
#8170=STYLED_ITEM('',(#8593),#11134);
#8171=STYLED_ITEM('',(#8594),#11135);
#8172=STYLED_ITEM('',(#8595),#11136);
#8173=STYLED_ITEM('',(#8596),#11137);
#8174=STYLED_ITEM('',(#8597),#11138);
#8175=STYLED_ITEM('',(#8598),#11139);
#8176=STYLED_ITEM('',(#8599),#11140);
#8177=STYLED_ITEM('',(#8600),#11141);
#8178=STYLED_ITEM('',(#8601),#11142);
#8179=STYLED_ITEM('',(#8602),#11143);
#8180=STYLED_ITEM('',(#8603),#11144);
#8181=STYLED_ITEM('',(#8604),#11145);
#8182=STYLED_ITEM('',(#8605),#11146);
#8183=STYLED_ITEM('',(#8606),#11147);
#8184=STYLED_ITEM('',(#8607),#11148);
#8185=STYLED_ITEM('',(#8608),#11149);
#8186=STYLED_ITEM('',(#8609),#11150);
#8187=STYLED_ITEM('',(#8610),#11151);
#8188=STYLED_ITEM('',(#8611),#11152);
#8189=STYLED_ITEM('',(#8612),#11153);
#8190=STYLED_ITEM('',(#8613),#11154);
#8191=STYLED_ITEM('',(#8614),#11155);
#8192=STYLED_ITEM('',(#8615),#11156);
#8193=STYLED_ITEM('',(#8616),#11157);
#8194=STYLED_ITEM('',(#8617),#11158);
#8195=STYLED_ITEM('',(#8618),#11159);
#8196=STYLED_ITEM('',(#8619),#11160);
#8197=STYLED_ITEM('',(#8620),#11161);
#8198=STYLED_ITEM('',(#8621),#11162);
#8199=STYLED_ITEM('',(#8622),#11163);
#8200=STYLED_ITEM('',(#8623),#11164);
#8201=STYLED_ITEM('',(#8624),#11165);
#8202=STYLED_ITEM('',(#8625),#11166);
#8203=STYLED_ITEM('',(#8626),#11167);
#8204=STYLED_ITEM('',(#8627),#11168);
#8205=STYLED_ITEM('',(#8628),#11169);
#8206=STYLED_ITEM('',(#8629),#11170);
#8207=STYLED_ITEM('',(#8630),#11171);
#8208=STYLED_ITEM('',(#8631),#11172);
#8209=STYLED_ITEM('',(#8632),#11173);
#8210=STYLED_ITEM('',(#8633),#11174);
#8211=STYLED_ITEM('',(#8634),#11175);
#8212=STYLED_ITEM('',(#8635),#11176);
#8213=STYLED_ITEM('',(#8636),#11177);
#8214=STYLED_ITEM('',(#8637),#11178);
#8215=STYLED_ITEM('',(#8638),#11179);
#8216=STYLED_ITEM('',(#8639),#11180);
#8217=STYLED_ITEM('',(#8640),#11181);
#8218=STYLED_ITEM('',(#8641),#11182);
#8219=STYLED_ITEM('',(#8642),#11183);
#8220=STYLED_ITEM('',(#8643),#11184);
#8221=STYLED_ITEM('',(#8644),#11185);
#8222=STYLED_ITEM('',(#8645),#11186);
#8223=STYLED_ITEM('',(#8646),#11187);
#8224=STYLED_ITEM('',(#8647),#11188);
#8225=STYLED_ITEM('',(#8648),#11189);
#8226=STYLED_ITEM('',(#8649),#11190);
#8227=STYLED_ITEM('',(#8650),#11191);
#8228=STYLED_ITEM('',(#8651),#11192);
#8229=STYLED_ITEM('',(#8652),#11193);
#8230=STYLED_ITEM('',(#8653),#11194);
#8231=STYLED_ITEM('',(#8654),#11195);
#8232=STYLED_ITEM('',(#8655),#11196);
#8233=STYLED_ITEM('',(#8656),#11197);
#8234=STYLED_ITEM('',(#8657),#11198);
#8235=STYLED_ITEM('',(#8658),#11199);
#8236=STYLED_ITEM('',(#8659),#11200);
#8237=STYLED_ITEM('',(#8660),#11201);
#8238=STYLED_ITEM('',(#8661),#11202);
#8239=STYLED_ITEM('',(#8662),#11203);
#8240=STYLED_ITEM('',(#8663),#11204);
#8241=STYLED_ITEM('',(#8664),#11205);
#8242=STYLED_ITEM('',(#8665),#11206);
#8243=STYLED_ITEM('',(#8666),#11207);
#8244=STYLED_ITEM('',(#8667),#11208);
#8245=STYLED_ITEM('',(#8668),#11209);
#8246=STYLED_ITEM('',(#8669),#11210);
#8247=STYLED_ITEM('',(#8670),#11211);
#8248=STYLED_ITEM('',(#8671),#11212);
#8249=STYLED_ITEM('',(#8672),#11213);
#8250=STYLED_ITEM('',(#8673),#11214);
#8251=STYLED_ITEM('',(#8674),#11215);
#8252=STYLED_ITEM('',(#8675),#11216);
#8253=STYLED_ITEM('',(#8676),#11217);
#8254=STYLED_ITEM('',(#8677),#11218);
#8255=STYLED_ITEM('',(#8678),#11219);
#8256=STYLED_ITEM('',(#8679),#11220);
#8257=STYLED_ITEM('',(#8680),#11221);
#8258=STYLED_ITEM('',(#8681),#11222);
#8259=STYLED_ITEM('',(#8682),#11223);
#8260=STYLED_ITEM('',(#8683),#11224);
#8261=STYLED_ITEM('',(#8684),#11225);
#8262=STYLED_ITEM('',(#8685),#11226);
#8263=STYLED_ITEM('',(#8686),#11227);
#8264=STYLED_ITEM('',(#8687),#11228);
#8265=STYLED_ITEM('',(#8688),#11229);
#8266=STYLED_ITEM('',(#8689),#11230);
#8267=STYLED_ITEM('',(#8690),#11231);
#8268=STYLED_ITEM('',(#8691),#11232);
#8269=STYLED_ITEM('',(#8692),#11233);
#8270=STYLED_ITEM('',(#8693),#11234);
#8271=STYLED_ITEM('',(#8694),#11235);
#8272=STYLED_ITEM('',(#8695),#11236);
#8273=STYLED_ITEM('',(#8696),#11237);
#8274=STYLED_ITEM('',(#8697),#11238);
#8275=STYLED_ITEM('',(#8698),#11239);
#8276=STYLED_ITEM('',(#8699),#11240);
#8277=STYLED_ITEM('',(#8700),#11241);
#8278=STYLED_ITEM('',(#8701),#11242);
#8279=STYLED_ITEM('',(#8702),#11243);
#8280=STYLED_ITEM('',(#8703),#11244);
#8281=STYLED_ITEM('',(#8704),#11245);
#8282=STYLED_ITEM('',(#8705),#11246);
#8283=STYLED_ITEM('',(#8706),#11247);
#8284=STYLED_ITEM('',(#8707),#11248);
#8285=STYLED_ITEM('',(#8708),#11249);
#8286=STYLED_ITEM('',(#8709),#11250);
#8287=STYLED_ITEM('',(#8710),#11251);
#8288=STYLED_ITEM('',(#8711),#11252);
#8289=STYLED_ITEM('',(#8712),#11253);
#8290=STYLED_ITEM('',(#8713),#11254);
#8291=STYLED_ITEM('',(#8714),#11255);
#8292=STYLED_ITEM('',(#8715),#11256);
#8293=STYLED_ITEM('',(#8716),#11257);
#8294=STYLED_ITEM('',(#8717),#11258);
#8295=STYLED_ITEM('',(#8718),#11259);
#8296=STYLED_ITEM('',(#8719),#11260);
#8297=STYLED_ITEM('',(#8720),#11261);
#8298=STYLED_ITEM('',(#8721),#11262);
#8299=STYLED_ITEM('',(#8722),#11263);
#8300=STYLED_ITEM('',(#8723),#11264);
#8301=STYLED_ITEM('',(#8724),#11265);
#8302=STYLED_ITEM('',(#8725),#11266);
#8303=STYLED_ITEM('',(#8726),#11267);
#8304=STYLED_ITEM('',(#8727),#11268);
#8305=STYLED_ITEM('',(#8728),#11269);
#8306=STYLED_ITEM('',(#8729),#11270);
#8307=STYLED_ITEM('',(#8730),#11271);
#8308=STYLED_ITEM('',(#8731),#11272);
#8309=STYLED_ITEM('',(#8732),#11273);
#8310=STYLED_ITEM('',(#8733),#11274);
#8311=STYLED_ITEM('',(#8734),#11275);
#8312=STYLED_ITEM('',(#8735),#11276);
#8313=STYLED_ITEM('',(#8736),#11277);
#8314=STYLED_ITEM('',(#8737),#11278);
#8315=STYLED_ITEM('',(#8738),#11279);
#8316=STYLED_ITEM('',(#8739),#11280);
#8317=STYLED_ITEM('',(#8740),#11281);
#8318=STYLED_ITEM('',(#8741),#11282);
#8319=STYLED_ITEM('',(#8742),#11283);
#8320=STYLED_ITEM('',(#8743),#11284);
#8321=STYLED_ITEM('',(#8744),#11285);
#8322=STYLED_ITEM('',(#8745),#11286);
#8323=STYLED_ITEM('',(#8746),#11287);
#8324=STYLED_ITEM('',(#8747),#11288);
#8325=STYLED_ITEM('',(#8748),#11289);
#8326=STYLED_ITEM('',(#8749),#11290);
#8327=STYLED_ITEM('',(#8750),#11291);
#8328=STYLED_ITEM('',(#8751),#11292);
#8329=STYLED_ITEM('',(#8752),#11293);
#8330=STYLED_ITEM('',(#8753),#11294);
#8331=STYLED_ITEM('',(#8754),#11295);
#8332=STYLED_ITEM('',(#8755),#11296);
#8333=STYLED_ITEM('',(#8756),#11297);
#8334=STYLED_ITEM('',(#8757),#11298);
#8335=STYLED_ITEM('',(#8758),#11299);
#8336=STYLED_ITEM('',(#8759),#11300);
#8337=STYLED_ITEM('',(#8760),#11301);
#8338=STYLED_ITEM('',(#8761),#11302);
#8339=STYLED_ITEM('',(#8762),#11303);
#8340=STYLED_ITEM('',(#8763),#11304);
#8341=STYLED_ITEM('',(#8764),#11305);
#8342=STYLED_ITEM('',(#8765),#11306);
#8343=STYLED_ITEM('',(#8766),#11307);
#8344=STYLED_ITEM('',(#8767),#11308);
#8345=STYLED_ITEM('',(#8768),#11309);
#8346=STYLED_ITEM('',(#8769),#11310);
#8347=STYLED_ITEM('',(#8770),#11311);
#8348=STYLED_ITEM('',(#8771),#11312);
#8349=STYLED_ITEM('',(#8772),#11313);
#8350=STYLED_ITEM('',(#8773),#11314);
#8351=STYLED_ITEM('',(#8774),#11315);
#8352=STYLED_ITEM('',(#8775),#11316);
#8353=STYLED_ITEM('',(#8776),#11317);
#8354=STYLED_ITEM('',(#8777),#11318);
#8355=PRESENTATION_STYLE_ASSIGNMENT((#8778));
#8356=PRESENTATION_STYLE_ASSIGNMENT((#8779));
#8357=PRESENTATION_STYLE_ASSIGNMENT((#8780));
#8358=PRESENTATION_STYLE_ASSIGNMENT((#8781));
#8359=PRESENTATION_STYLE_ASSIGNMENT((#8782));
#8360=PRESENTATION_STYLE_ASSIGNMENT((#8783));
#8361=PRESENTATION_STYLE_ASSIGNMENT((#8784));
#8362=PRESENTATION_STYLE_ASSIGNMENT((#8785));
#8363=PRESENTATION_STYLE_ASSIGNMENT((#8786));
#8364=PRESENTATION_STYLE_ASSIGNMENT((#8787));
#8365=PRESENTATION_STYLE_ASSIGNMENT((#8788));
#8366=PRESENTATION_STYLE_ASSIGNMENT((#8789));
#8367=PRESENTATION_STYLE_ASSIGNMENT((#8790));
#8368=PRESENTATION_STYLE_ASSIGNMENT((#8791));
#8369=PRESENTATION_STYLE_ASSIGNMENT((#8792));
#8370=PRESENTATION_STYLE_ASSIGNMENT((#8793));
#8371=PRESENTATION_STYLE_ASSIGNMENT((#8794));
#8372=PRESENTATION_STYLE_ASSIGNMENT((#8795));
#8373=PRESENTATION_STYLE_ASSIGNMENT((#8796));
#8374=PRESENTATION_STYLE_ASSIGNMENT((#8797));
#8375=PRESENTATION_STYLE_ASSIGNMENT((#8798));
#8376=PRESENTATION_STYLE_ASSIGNMENT((#8799));
#8377=PRESENTATION_STYLE_ASSIGNMENT((#8800));
#8378=PRESENTATION_STYLE_ASSIGNMENT((#8801));
#8379=PRESENTATION_STYLE_ASSIGNMENT((#8802));
#8380=PRESENTATION_STYLE_ASSIGNMENT((#8803));
#8381=PRESENTATION_STYLE_ASSIGNMENT((#8804));
#8382=PRESENTATION_STYLE_ASSIGNMENT((#8805));
#8383=PRESENTATION_STYLE_ASSIGNMENT((#8806));
#8384=PRESENTATION_STYLE_ASSIGNMENT((#8807));
#8385=PRESENTATION_STYLE_ASSIGNMENT((#8808));
#8386=PRESENTATION_STYLE_ASSIGNMENT((#8809));
#8387=PRESENTATION_STYLE_ASSIGNMENT((#8810));
#8388=PRESENTATION_STYLE_ASSIGNMENT((#8811));
#8389=PRESENTATION_STYLE_ASSIGNMENT((#8812));
#8390=PRESENTATION_STYLE_ASSIGNMENT((#8813));
#8391=PRESENTATION_STYLE_ASSIGNMENT((#8814));
#8392=PRESENTATION_STYLE_ASSIGNMENT((#8815));
#8393=PRESENTATION_STYLE_ASSIGNMENT((#8816));
#8394=PRESENTATION_STYLE_ASSIGNMENT((#8817));
#8395=PRESENTATION_STYLE_ASSIGNMENT((#8818));
#8396=PRESENTATION_STYLE_ASSIGNMENT((#8819));
#8397=PRESENTATION_STYLE_ASSIGNMENT((#8820));
#8398=PRESENTATION_STYLE_ASSIGNMENT((#8821));
#8399=PRESENTATION_STYLE_ASSIGNMENT((#8822));
#8400=PRESENTATION_STYLE_ASSIGNMENT((#8823));
#8401=PRESENTATION_STYLE_ASSIGNMENT((#8824));
#8402=PRESENTATION_STYLE_ASSIGNMENT((#8825));
#8403=PRESENTATION_STYLE_ASSIGNMENT((#8826));
#8404=PRESENTATION_STYLE_ASSIGNMENT((#8827));
#8405=PRESENTATION_STYLE_ASSIGNMENT((#8828));
#8406=PRESENTATION_STYLE_ASSIGNMENT((#8829));
#8407=PRESENTATION_STYLE_ASSIGNMENT((#8830));
#8408=PRESENTATION_STYLE_ASSIGNMENT((#8831));
#8409=PRESENTATION_STYLE_ASSIGNMENT((#8832));
#8410=PRESENTATION_STYLE_ASSIGNMENT((#8833));
#8411=PRESENTATION_STYLE_ASSIGNMENT((#8834));
#8412=PRESENTATION_STYLE_ASSIGNMENT((#8835));
#8413=PRESENTATION_STYLE_ASSIGNMENT((#8836));
#8414=PRESENTATION_STYLE_ASSIGNMENT((#8837));
#8415=PRESENTATION_STYLE_ASSIGNMENT((#8838));
#8416=PRESENTATION_STYLE_ASSIGNMENT((#8839));
#8417=PRESENTATION_STYLE_ASSIGNMENT((#8840));
#8418=PRESENTATION_STYLE_ASSIGNMENT((#8841));
#8419=PRESENTATION_STYLE_ASSIGNMENT((#8842));
#8420=PRESENTATION_STYLE_ASSIGNMENT((#8843));
#8421=PRESENTATION_STYLE_ASSIGNMENT((#8844));
#8422=PRESENTATION_STYLE_ASSIGNMENT((#8845));
#8423=PRESENTATION_STYLE_ASSIGNMENT((#8846));
#8424=PRESENTATION_STYLE_ASSIGNMENT((#8847));
#8425=PRESENTATION_STYLE_ASSIGNMENT((#8848));
#8426=PRESENTATION_STYLE_ASSIGNMENT((#8849));
#8427=PRESENTATION_STYLE_ASSIGNMENT((#8850));
#8428=PRESENTATION_STYLE_ASSIGNMENT((#8851));
#8429=PRESENTATION_STYLE_ASSIGNMENT((#8852));
#8430=PRESENTATION_STYLE_ASSIGNMENT((#8853));
#8431=PRESENTATION_STYLE_ASSIGNMENT((#8854));
#8432=PRESENTATION_STYLE_ASSIGNMENT((#8855));
#8433=PRESENTATION_STYLE_ASSIGNMENT((#8856));
#8434=PRESENTATION_STYLE_ASSIGNMENT((#8857));
#8435=PRESENTATION_STYLE_ASSIGNMENT((#8858));
#8436=PRESENTATION_STYLE_ASSIGNMENT((#8859));
#8437=PRESENTATION_STYLE_ASSIGNMENT((#8860));
#8438=PRESENTATION_STYLE_ASSIGNMENT((#8861));
#8439=PRESENTATION_STYLE_ASSIGNMENT((#8862));
#8440=PRESENTATION_STYLE_ASSIGNMENT((#8863));
#8441=PRESENTATION_STYLE_ASSIGNMENT((#8864));
#8442=PRESENTATION_STYLE_ASSIGNMENT((#8865));
#8443=PRESENTATION_STYLE_ASSIGNMENT((#8866));
#8444=PRESENTATION_STYLE_ASSIGNMENT((#8867));
#8445=PRESENTATION_STYLE_ASSIGNMENT((#8868));
#8446=PRESENTATION_STYLE_ASSIGNMENT((#8869));
#8447=PRESENTATION_STYLE_ASSIGNMENT((#8870));
#8448=PRESENTATION_STYLE_ASSIGNMENT((#8871));
#8449=PRESENTATION_STYLE_ASSIGNMENT((#8872));
#8450=PRESENTATION_STYLE_ASSIGNMENT((#8873));
#8451=PRESENTATION_STYLE_ASSIGNMENT((#8874));
#8452=PRESENTATION_STYLE_ASSIGNMENT((#8875));
#8453=PRESENTATION_STYLE_ASSIGNMENT((#8876));
#8454=PRESENTATION_STYLE_ASSIGNMENT((#8877));
#8455=PRESENTATION_STYLE_ASSIGNMENT((#8878));
#8456=PRESENTATION_STYLE_ASSIGNMENT((#8879));
#8457=PRESENTATION_STYLE_ASSIGNMENT((#8880));
#8458=PRESENTATION_STYLE_ASSIGNMENT((#8881));
#8459=PRESENTATION_STYLE_ASSIGNMENT((#8882));
#8460=PRESENTATION_STYLE_ASSIGNMENT((#8883));
#8461=PRESENTATION_STYLE_ASSIGNMENT((#8884));
#8462=PRESENTATION_STYLE_ASSIGNMENT((#8885));
#8463=PRESENTATION_STYLE_ASSIGNMENT((#8886));
#8464=PRESENTATION_STYLE_ASSIGNMENT((#8887));
#8465=PRESENTATION_STYLE_ASSIGNMENT((#8888));
#8466=PRESENTATION_STYLE_ASSIGNMENT((#8889));
#8467=PRESENTATION_STYLE_ASSIGNMENT((#8890));
#8468=PRESENTATION_STYLE_ASSIGNMENT((#8891));
#8469=PRESENTATION_STYLE_ASSIGNMENT((#8892));
#8470=PRESENTATION_STYLE_ASSIGNMENT((#8893));
#8471=PRESENTATION_STYLE_ASSIGNMENT((#8894));
#8472=PRESENTATION_STYLE_ASSIGNMENT((#8895));
#8473=PRESENTATION_STYLE_ASSIGNMENT((#8896));
#8474=PRESENTATION_STYLE_ASSIGNMENT((#8897));
#8475=PRESENTATION_STYLE_ASSIGNMENT((#8898));
#8476=PRESENTATION_STYLE_ASSIGNMENT((#8899));
#8477=PRESENTATION_STYLE_ASSIGNMENT((#8900));
#8478=PRESENTATION_STYLE_ASSIGNMENT((#8901));
#8479=PRESENTATION_STYLE_ASSIGNMENT((#8902));
#8480=PRESENTATION_STYLE_ASSIGNMENT((#8903));
#8481=PRESENTATION_STYLE_ASSIGNMENT((#8904));
#8482=PRESENTATION_STYLE_ASSIGNMENT((#8905));
#8483=PRESENTATION_STYLE_ASSIGNMENT((#8906));
#8484=PRESENTATION_STYLE_ASSIGNMENT((#8907));
#8485=PRESENTATION_STYLE_ASSIGNMENT((#8908));
#8486=PRESENTATION_STYLE_ASSIGNMENT((#8909));
#8487=PRESENTATION_STYLE_ASSIGNMENT((#8910));
#8488=PRESENTATION_STYLE_ASSIGNMENT((#8911));
#8489=PRESENTATION_STYLE_ASSIGNMENT((#8912));
#8490=PRESENTATION_STYLE_ASSIGNMENT((#8913));
#8491=PRESENTATION_STYLE_ASSIGNMENT((#8914));
#8492=PRESENTATION_STYLE_ASSIGNMENT((#8915));
#8493=PRESENTATION_STYLE_ASSIGNMENT((#8916));
#8494=PRESENTATION_STYLE_ASSIGNMENT((#8917));
#8495=PRESENTATION_STYLE_ASSIGNMENT((#8918));
#8496=PRESENTATION_STYLE_ASSIGNMENT((#8919));
#8497=PRESENTATION_STYLE_ASSIGNMENT((#8920));
#8498=PRESENTATION_STYLE_ASSIGNMENT((#8921));
#8499=PRESENTATION_STYLE_ASSIGNMENT((#8922));
#8500=PRESENTATION_STYLE_ASSIGNMENT((#8923));
#8501=PRESENTATION_STYLE_ASSIGNMENT((#8924));
#8502=PRESENTATION_STYLE_ASSIGNMENT((#8925));
#8503=PRESENTATION_STYLE_ASSIGNMENT((#8926));
#8504=PRESENTATION_STYLE_ASSIGNMENT((#8927));
#8505=PRESENTATION_STYLE_ASSIGNMENT((#8928));
#8506=PRESENTATION_STYLE_ASSIGNMENT((#8929));
#8507=PRESENTATION_STYLE_ASSIGNMENT((#8930));
#8508=PRESENTATION_STYLE_ASSIGNMENT((#8931));
#8509=PRESENTATION_STYLE_ASSIGNMENT((#8932));
#8510=PRESENTATION_STYLE_ASSIGNMENT((#8933));
#8511=PRESENTATION_STYLE_ASSIGNMENT((#8934));
#8512=PRESENTATION_STYLE_ASSIGNMENT((#8935));
#8513=PRESENTATION_STYLE_ASSIGNMENT((#8936));
#8514=PRESENTATION_STYLE_ASSIGNMENT((#8937));
#8515=PRESENTATION_STYLE_ASSIGNMENT((#8938));
#8516=PRESENTATION_STYLE_ASSIGNMENT((#8939));
#8517=PRESENTATION_STYLE_ASSIGNMENT((#8940));
#8518=PRESENTATION_STYLE_ASSIGNMENT((#8941));
#8519=PRESENTATION_STYLE_ASSIGNMENT((#8942));
#8520=PRESENTATION_STYLE_ASSIGNMENT((#8943));
#8521=PRESENTATION_STYLE_ASSIGNMENT((#8944));
#8522=PRESENTATION_STYLE_ASSIGNMENT((#8945));
#8523=PRESENTATION_STYLE_ASSIGNMENT((#8946));
#8524=PRESENTATION_STYLE_ASSIGNMENT((#8947));
#8525=PRESENTATION_STYLE_ASSIGNMENT((#8948));
#8526=PRESENTATION_STYLE_ASSIGNMENT((#8949));
#8527=PRESENTATION_STYLE_ASSIGNMENT((#8950));
#8528=PRESENTATION_STYLE_ASSIGNMENT((#8951));
#8529=PRESENTATION_STYLE_ASSIGNMENT((#8952));
#8530=PRESENTATION_STYLE_ASSIGNMENT((#8953));
#8531=PRESENTATION_STYLE_ASSIGNMENT((#8954));
#8532=PRESENTATION_STYLE_ASSIGNMENT((#8955));
#8533=PRESENTATION_STYLE_ASSIGNMENT((#8956));
#8534=PRESENTATION_STYLE_ASSIGNMENT((#8957));
#8535=PRESENTATION_STYLE_ASSIGNMENT((#8958));
#8536=PRESENTATION_STYLE_ASSIGNMENT((#8959));
#8537=PRESENTATION_STYLE_ASSIGNMENT((#8960));
#8538=PRESENTATION_STYLE_ASSIGNMENT((#8961));
#8539=PRESENTATION_STYLE_ASSIGNMENT((#8962));
#8540=PRESENTATION_STYLE_ASSIGNMENT((#8963));
#8541=PRESENTATION_STYLE_ASSIGNMENT((#8964));
#8542=PRESENTATION_STYLE_ASSIGNMENT((#8965));
#8543=PRESENTATION_STYLE_ASSIGNMENT((#8966));
#8544=PRESENTATION_STYLE_ASSIGNMENT((#8967));
#8545=PRESENTATION_STYLE_ASSIGNMENT((#8968));
#8546=PRESENTATION_STYLE_ASSIGNMENT((#8969));
#8547=PRESENTATION_STYLE_ASSIGNMENT((#8970));
#8548=PRESENTATION_STYLE_ASSIGNMENT((#8971));
#8549=PRESENTATION_STYLE_ASSIGNMENT((#8972));
#8550=PRESENTATION_STYLE_ASSIGNMENT((#8973));
#8551=PRESENTATION_STYLE_ASSIGNMENT((#8974));
#8552=PRESENTATION_STYLE_ASSIGNMENT((#8975));
#8553=PRESENTATION_STYLE_ASSIGNMENT((#8976));
#8554=PRESENTATION_STYLE_ASSIGNMENT((#8977));
#8555=PRESENTATION_STYLE_ASSIGNMENT((#8978));
#8556=PRESENTATION_STYLE_ASSIGNMENT((#8979));
#8557=PRESENTATION_STYLE_ASSIGNMENT((#8980));
#8558=PRESENTATION_STYLE_ASSIGNMENT((#8981));
#8559=PRESENTATION_STYLE_ASSIGNMENT((#8982));
#8560=PRESENTATION_STYLE_ASSIGNMENT((#8983));
#8561=PRESENTATION_STYLE_ASSIGNMENT((#8984));
#8562=PRESENTATION_STYLE_ASSIGNMENT((#8985));
#8563=PRESENTATION_STYLE_ASSIGNMENT((#8986));
#8564=PRESENTATION_STYLE_ASSIGNMENT((#8987));
#8565=PRESENTATION_STYLE_ASSIGNMENT((#8988));
#8566=PRESENTATION_STYLE_ASSIGNMENT((#8989));
#8567=PRESENTATION_STYLE_ASSIGNMENT((#8990));
#8568=PRESENTATION_STYLE_ASSIGNMENT((#8991));
#8569=PRESENTATION_STYLE_ASSIGNMENT((#8992));
#8570=PRESENTATION_STYLE_ASSIGNMENT((#8993));
#8571=PRESENTATION_STYLE_ASSIGNMENT((#8994));
#8572=PRESENTATION_STYLE_ASSIGNMENT((#8995));
#8573=PRESENTATION_STYLE_ASSIGNMENT((#8996));
#8574=PRESENTATION_STYLE_ASSIGNMENT((#8997));
#8575=PRESENTATION_STYLE_ASSIGNMENT((#8998));
#8576=PRESENTATION_STYLE_ASSIGNMENT((#8999));
#8577=PRESENTATION_STYLE_ASSIGNMENT((#9000));
#8578=PRESENTATION_STYLE_ASSIGNMENT((#9001));
#8579=PRESENTATION_STYLE_ASSIGNMENT((#9002));
#8580=PRESENTATION_STYLE_ASSIGNMENT((#9003));
#8581=PRESENTATION_STYLE_ASSIGNMENT((#9004));
#8582=PRESENTATION_STYLE_ASSIGNMENT((#9005));
#8583=PRESENTATION_STYLE_ASSIGNMENT((#9006));
#8584=PRESENTATION_STYLE_ASSIGNMENT((#9007));
#8585=PRESENTATION_STYLE_ASSIGNMENT((#9008));
#8586=PRESENTATION_STYLE_ASSIGNMENT((#9009));
#8587=PRESENTATION_STYLE_ASSIGNMENT((#9010));
#8588=PRESENTATION_STYLE_ASSIGNMENT((#9011));
#8589=PRESENTATION_STYLE_ASSIGNMENT((#9012));
#8590=PRESENTATION_STYLE_ASSIGNMENT((#9013));
#8591=PRESENTATION_STYLE_ASSIGNMENT((#9014));
#8592=PRESENTATION_STYLE_ASSIGNMENT((#9015));
#8593=PRESENTATION_STYLE_ASSIGNMENT((#9016));
#8594=PRESENTATION_STYLE_ASSIGNMENT((#9017));
#8595=PRESENTATION_STYLE_ASSIGNMENT((#9018));
#8596=PRESENTATION_STYLE_ASSIGNMENT((#9019));
#8597=PRESENTATION_STYLE_ASSIGNMENT((#9020));
#8598=PRESENTATION_STYLE_ASSIGNMENT((#9021));
#8599=PRESENTATION_STYLE_ASSIGNMENT((#9022));
#8600=PRESENTATION_STYLE_ASSIGNMENT((#9023));
#8601=PRESENTATION_STYLE_ASSIGNMENT((#9024));
#8602=PRESENTATION_STYLE_ASSIGNMENT((#9025));
#8603=PRESENTATION_STYLE_ASSIGNMENT((#9026));
#8604=PRESENTATION_STYLE_ASSIGNMENT((#9027));
#8605=PRESENTATION_STYLE_ASSIGNMENT((#9028));
#8606=PRESENTATION_STYLE_ASSIGNMENT((#9029));
#8607=PRESENTATION_STYLE_ASSIGNMENT((#9030));
#8608=PRESENTATION_STYLE_ASSIGNMENT((#9031));
#8609=PRESENTATION_STYLE_ASSIGNMENT((#9032));
#8610=PRESENTATION_STYLE_ASSIGNMENT((#9033));
#8611=PRESENTATION_STYLE_ASSIGNMENT((#9034));
#8612=PRESENTATION_STYLE_ASSIGNMENT((#9035));
#8613=PRESENTATION_STYLE_ASSIGNMENT((#9036));
#8614=PRESENTATION_STYLE_ASSIGNMENT((#9037));
#8615=PRESENTATION_STYLE_ASSIGNMENT((#9038));
#8616=PRESENTATION_STYLE_ASSIGNMENT((#9039));
#8617=PRESENTATION_STYLE_ASSIGNMENT((#9040));
#8618=PRESENTATION_STYLE_ASSIGNMENT((#9041));
#8619=PRESENTATION_STYLE_ASSIGNMENT((#9042));
#8620=PRESENTATION_STYLE_ASSIGNMENT((#9043));
#8621=PRESENTATION_STYLE_ASSIGNMENT((#9044));
#8622=PRESENTATION_STYLE_ASSIGNMENT((#9045));
#8623=PRESENTATION_STYLE_ASSIGNMENT((#9046));
#8624=PRESENTATION_STYLE_ASSIGNMENT((#9047));
#8625=PRESENTATION_STYLE_ASSIGNMENT((#9048));
#8626=PRESENTATION_STYLE_ASSIGNMENT((#9049));
#8627=PRESENTATION_STYLE_ASSIGNMENT((#9050));
#8628=PRESENTATION_STYLE_ASSIGNMENT((#9051));
#8629=PRESENTATION_STYLE_ASSIGNMENT((#9052));
#8630=PRESENTATION_STYLE_ASSIGNMENT((#9053));
#8631=PRESENTATION_STYLE_ASSIGNMENT((#9054));
#8632=PRESENTATION_STYLE_ASSIGNMENT((#9055));
#8633=PRESENTATION_STYLE_ASSIGNMENT((#9056));
#8634=PRESENTATION_STYLE_ASSIGNMENT((#9057));
#8635=PRESENTATION_STYLE_ASSIGNMENT((#9058));
#8636=PRESENTATION_STYLE_ASSIGNMENT((#9059));
#8637=PRESENTATION_STYLE_ASSIGNMENT((#9060));
#8638=PRESENTATION_STYLE_ASSIGNMENT((#9061));
#8639=PRESENTATION_STYLE_ASSIGNMENT((#9062));
#8640=PRESENTATION_STYLE_ASSIGNMENT((#9063));
#8641=PRESENTATION_STYLE_ASSIGNMENT((#9064));
#8642=PRESENTATION_STYLE_ASSIGNMENT((#9065));
#8643=PRESENTATION_STYLE_ASSIGNMENT((#9066));
#8644=PRESENTATION_STYLE_ASSIGNMENT((#9067));
#8645=PRESENTATION_STYLE_ASSIGNMENT((#9068));
#8646=PRESENTATION_STYLE_ASSIGNMENT((#9069));
#8647=PRESENTATION_STYLE_ASSIGNMENT((#9070));
#8648=PRESENTATION_STYLE_ASSIGNMENT((#9071));
#8649=PRESENTATION_STYLE_ASSIGNMENT((#9072));
#8650=PRESENTATION_STYLE_ASSIGNMENT((#9073));
#8651=PRESENTATION_STYLE_ASSIGNMENT((#9074));
#8652=PRESENTATION_STYLE_ASSIGNMENT((#9075));
#8653=PRESENTATION_STYLE_ASSIGNMENT((#9076));
#8654=PRESENTATION_STYLE_ASSIGNMENT((#9077));
#8655=PRESENTATION_STYLE_ASSIGNMENT((#9078));
#8656=PRESENTATION_STYLE_ASSIGNMENT((#9079));
#8657=PRESENTATION_STYLE_ASSIGNMENT((#9080));
#8658=PRESENTATION_STYLE_ASSIGNMENT((#9081));
#8659=PRESENTATION_STYLE_ASSIGNMENT((#9082));
#8660=PRESENTATION_STYLE_ASSIGNMENT((#9083));
#8661=PRESENTATION_STYLE_ASSIGNMENT((#9084));
#8662=PRESENTATION_STYLE_ASSIGNMENT((#9085));
#8663=PRESENTATION_STYLE_ASSIGNMENT((#9086));
#8664=PRESENTATION_STYLE_ASSIGNMENT((#9087));
#8665=PRESENTATION_STYLE_ASSIGNMENT((#9088));
#8666=PRESENTATION_STYLE_ASSIGNMENT((#9089));
#8667=PRESENTATION_STYLE_ASSIGNMENT((#9090));
#8668=PRESENTATION_STYLE_ASSIGNMENT((#9091));
#8669=PRESENTATION_STYLE_ASSIGNMENT((#9092));
#8670=PRESENTATION_STYLE_ASSIGNMENT((#9093));
#8671=PRESENTATION_STYLE_ASSIGNMENT((#9094));
#8672=PRESENTATION_STYLE_ASSIGNMENT((#9095));
#8673=PRESENTATION_STYLE_ASSIGNMENT((#9096));
#8674=PRESENTATION_STYLE_ASSIGNMENT((#9097));
#8675=PRESENTATION_STYLE_ASSIGNMENT((#9098));
#8676=PRESENTATION_STYLE_ASSIGNMENT((#9099));
#8677=PRESENTATION_STYLE_ASSIGNMENT((#9100));
#8678=PRESENTATION_STYLE_ASSIGNMENT((#9101));
#8679=PRESENTATION_STYLE_ASSIGNMENT((#9102));
#8680=PRESENTATION_STYLE_ASSIGNMENT((#9103));
#8681=PRESENTATION_STYLE_ASSIGNMENT((#9104));
#8682=PRESENTATION_STYLE_ASSIGNMENT((#9105));
#8683=PRESENTATION_STYLE_ASSIGNMENT((#9106));
#8684=PRESENTATION_STYLE_ASSIGNMENT((#9107));
#8685=PRESENTATION_STYLE_ASSIGNMENT((#9108));
#8686=PRESENTATION_STYLE_ASSIGNMENT((#9109));
#8687=PRESENTATION_STYLE_ASSIGNMENT((#9110));
#8688=PRESENTATION_STYLE_ASSIGNMENT((#9111));
#8689=PRESENTATION_STYLE_ASSIGNMENT((#9112));
#8690=PRESENTATION_STYLE_ASSIGNMENT((#9113));
#8691=PRESENTATION_STYLE_ASSIGNMENT((#9114));
#8692=PRESENTATION_STYLE_ASSIGNMENT((#9115));
#8693=PRESENTATION_STYLE_ASSIGNMENT((#9116));
#8694=PRESENTATION_STYLE_ASSIGNMENT((#9117));
#8695=PRESENTATION_STYLE_ASSIGNMENT((#9118));
#8696=PRESENTATION_STYLE_ASSIGNMENT((#9119));
#8697=PRESENTATION_STYLE_ASSIGNMENT((#9120));
#8698=PRESENTATION_STYLE_ASSIGNMENT((#9121));
#8699=PRESENTATION_STYLE_ASSIGNMENT((#9122));
#8700=PRESENTATION_STYLE_ASSIGNMENT((#9123));
#8701=PRESENTATION_STYLE_ASSIGNMENT((#9124));
#8702=PRESENTATION_STYLE_ASSIGNMENT((#9125));
#8703=PRESENTATION_STYLE_ASSIGNMENT((#9126));
#8704=PRESENTATION_STYLE_ASSIGNMENT((#9127));
#8705=PRESENTATION_STYLE_ASSIGNMENT((#9128));
#8706=PRESENTATION_STYLE_ASSIGNMENT((#9129));
#8707=PRESENTATION_STYLE_ASSIGNMENT((#9130));
#8708=PRESENTATION_STYLE_ASSIGNMENT((#9131));
#8709=PRESENTATION_STYLE_ASSIGNMENT((#9132));
#8710=PRESENTATION_STYLE_ASSIGNMENT((#9133));
#8711=PRESENTATION_STYLE_ASSIGNMENT((#9134));
#8712=PRESENTATION_STYLE_ASSIGNMENT((#9135));
#8713=PRESENTATION_STYLE_ASSIGNMENT((#9136));
#8714=PRESENTATION_STYLE_ASSIGNMENT((#9137));
#8715=PRESENTATION_STYLE_ASSIGNMENT((#9138));
#8716=PRESENTATION_STYLE_ASSIGNMENT((#9139));
#8717=PRESENTATION_STYLE_ASSIGNMENT((#9140));
#8718=PRESENTATION_STYLE_ASSIGNMENT((#9141));
#8719=PRESENTATION_STYLE_ASSIGNMENT((#9142));
#8720=PRESENTATION_STYLE_ASSIGNMENT((#9143));
#8721=PRESENTATION_STYLE_ASSIGNMENT((#9144));
#8722=PRESENTATION_STYLE_ASSIGNMENT((#9145));
#8723=PRESENTATION_STYLE_ASSIGNMENT((#9146));
#8724=PRESENTATION_STYLE_ASSIGNMENT((#9147));
#8725=PRESENTATION_STYLE_ASSIGNMENT((#9148));
#8726=PRESENTATION_STYLE_ASSIGNMENT((#9149));
#8727=PRESENTATION_STYLE_ASSIGNMENT((#9150));
#8728=PRESENTATION_STYLE_ASSIGNMENT((#9151));
#8729=PRESENTATION_STYLE_ASSIGNMENT((#9152));
#8730=PRESENTATION_STYLE_ASSIGNMENT((#9153));
#8731=PRESENTATION_STYLE_ASSIGNMENT((#9154));
#8732=PRESENTATION_STYLE_ASSIGNMENT((#9155));
#8733=PRESENTATION_STYLE_ASSIGNMENT((#9156));
#8734=PRESENTATION_STYLE_ASSIGNMENT((#9157));
#8735=PRESENTATION_STYLE_ASSIGNMENT((#9158));
#8736=PRESENTATION_STYLE_ASSIGNMENT((#9159));
#8737=PRESENTATION_STYLE_ASSIGNMENT((#9160));
#8738=PRESENTATION_STYLE_ASSIGNMENT((#9161));
#8739=PRESENTATION_STYLE_ASSIGNMENT((#9162));
#8740=PRESENTATION_STYLE_ASSIGNMENT((#9163));
#8741=PRESENTATION_STYLE_ASSIGNMENT((#9164));
#8742=PRESENTATION_STYLE_ASSIGNMENT((#9165));
#8743=PRESENTATION_STYLE_ASSIGNMENT((#9166));
#8744=PRESENTATION_STYLE_ASSIGNMENT((#9167));
#8745=PRESENTATION_STYLE_ASSIGNMENT((#9168));
#8746=PRESENTATION_STYLE_ASSIGNMENT((#9169));
#8747=PRESENTATION_STYLE_ASSIGNMENT((#9170));
#8748=PRESENTATION_STYLE_ASSIGNMENT((#9171));
#8749=PRESENTATION_STYLE_ASSIGNMENT((#9172));
#8750=PRESENTATION_STYLE_ASSIGNMENT((#9173));
#8751=PRESENTATION_STYLE_ASSIGNMENT((#9174));
#8752=PRESENTATION_STYLE_ASSIGNMENT((#9175));
#8753=PRESENTATION_STYLE_ASSIGNMENT((#9176));
#8754=PRESENTATION_STYLE_ASSIGNMENT((#9177));
#8755=PRESENTATION_STYLE_ASSIGNMENT((#9178));
#8756=PRESENTATION_STYLE_ASSIGNMENT((#9179));
#8757=PRESENTATION_STYLE_ASSIGNMENT((#9180));
#8758=PRESENTATION_STYLE_ASSIGNMENT((#9181));
#8759=PRESENTATION_STYLE_ASSIGNMENT((#9182));
#8760=PRESENTATION_STYLE_ASSIGNMENT((#9183));
#8761=PRESENTATION_STYLE_ASSIGNMENT((#9184));
#8762=PRESENTATION_STYLE_ASSIGNMENT((#9185));
#8763=PRESENTATION_STYLE_ASSIGNMENT((#9186));
#8764=PRESENTATION_STYLE_ASSIGNMENT((#9187));
#8765=PRESENTATION_STYLE_ASSIGNMENT((#9188));
#8766=PRESENTATION_STYLE_ASSIGNMENT((#9189));
#8767=PRESENTATION_STYLE_ASSIGNMENT((#9190));
#8768=PRESENTATION_STYLE_ASSIGNMENT((#9191));
#8769=PRESENTATION_STYLE_ASSIGNMENT((#9192));
#8770=PRESENTATION_STYLE_ASSIGNMENT((#9193));
#8771=PRESENTATION_STYLE_ASSIGNMENT((#9194));
#8772=PRESENTATION_STYLE_ASSIGNMENT((#9195));
#8773=PRESENTATION_STYLE_ASSIGNMENT((#9196));
#8774=PRESENTATION_STYLE_ASSIGNMENT((#9197));
#8775=PRESENTATION_STYLE_ASSIGNMENT((#9198));
#8776=PRESENTATION_STYLE_ASSIGNMENT((#9199));
#8777=PRESENTATION_STYLE_ASSIGNMENT((#9200));
#8778=SURFACE_STYLE_USAGE(.BOTH.,#9201);
#8779=SURFACE_STYLE_USAGE(.BOTH.,#9202);
#8780=SURFACE_STYLE_USAGE(.BOTH.,#9203);
#8781=SURFACE_STYLE_USAGE(.BOTH.,#9204);
#8782=SURFACE_STYLE_USAGE(.BOTH.,#9205);
#8783=SURFACE_STYLE_USAGE(.BOTH.,#9206);
#8784=SURFACE_STYLE_USAGE(.BOTH.,#9207);
#8785=SURFACE_STYLE_USAGE(.BOTH.,#9208);
#8786=SURFACE_STYLE_USAGE(.BOTH.,#9209);
#8787=SURFACE_STYLE_USAGE(.BOTH.,#9210);
#8788=SURFACE_STYLE_USAGE(.BOTH.,#9211);
#8789=SURFACE_STYLE_USAGE(.BOTH.,#9212);
#8790=SURFACE_STYLE_USAGE(.BOTH.,#9213);
#8791=SURFACE_STYLE_USAGE(.BOTH.,#9214);
#8792=SURFACE_STYLE_USAGE(.BOTH.,#9215);
#8793=SURFACE_STYLE_USAGE(.BOTH.,#9216);
#8794=SURFACE_STYLE_USAGE(.BOTH.,#9217);
#8795=SURFACE_STYLE_USAGE(.BOTH.,#9218);
#8796=SURFACE_STYLE_USAGE(.BOTH.,#9219);
#8797=SURFACE_STYLE_USAGE(.BOTH.,#9220);
#8798=SURFACE_STYLE_USAGE(.BOTH.,#9221);
#8799=SURFACE_STYLE_USAGE(.BOTH.,#9222);
#8800=SURFACE_STYLE_USAGE(.BOTH.,#9223);
#8801=SURFACE_STYLE_USAGE(.BOTH.,#9224);
#8802=SURFACE_STYLE_USAGE(.BOTH.,#9225);
#8803=SURFACE_STYLE_USAGE(.BOTH.,#9226);
#8804=SURFACE_STYLE_USAGE(.BOTH.,#9227);
#8805=SURFACE_STYLE_USAGE(.BOTH.,#9228);
#8806=SURFACE_STYLE_USAGE(.BOTH.,#9229);
#8807=SURFACE_STYLE_USAGE(.BOTH.,#9230);
#8808=SURFACE_STYLE_USAGE(.BOTH.,#9231);
#8809=SURFACE_STYLE_USAGE(.BOTH.,#9232);
#8810=SURFACE_STYLE_USAGE(.BOTH.,#9233);
#8811=SURFACE_STYLE_USAGE(.BOTH.,#9234);
#8812=SURFACE_STYLE_USAGE(.BOTH.,#9235);
#8813=SURFACE_STYLE_USAGE(.BOTH.,#9236);
#8814=SURFACE_STYLE_USAGE(.BOTH.,#9237);
#8815=SURFACE_STYLE_USAGE(.BOTH.,#9238);
#8816=SURFACE_STYLE_USAGE(.BOTH.,#9239);
#8817=SURFACE_STYLE_USAGE(.BOTH.,#9240);
#8818=SURFACE_STYLE_USAGE(.BOTH.,#9241);
#8819=SURFACE_STYLE_USAGE(.BOTH.,#9242);
#8820=SURFACE_STYLE_USAGE(.BOTH.,#9243);
#8821=SURFACE_STYLE_USAGE(.BOTH.,#9244);
#8822=SURFACE_STYLE_USAGE(.BOTH.,#9245);
#8823=SURFACE_STYLE_USAGE(.BOTH.,#9246);
#8824=SURFACE_STYLE_USAGE(.BOTH.,#9247);
#8825=SURFACE_STYLE_USAGE(.BOTH.,#9248);
#8826=SURFACE_STYLE_USAGE(.BOTH.,#9249);
#8827=SURFACE_STYLE_USAGE(.BOTH.,#9250);
#8828=SURFACE_STYLE_USAGE(.BOTH.,#9251);
#8829=SURFACE_STYLE_USAGE(.BOTH.,#9252);
#8830=SURFACE_STYLE_USAGE(.BOTH.,#9253);
#8831=SURFACE_STYLE_USAGE(.BOTH.,#9254);
#8832=SURFACE_STYLE_USAGE(.BOTH.,#9255);
#8833=SURFACE_STYLE_USAGE(.BOTH.,#9256);
#8834=SURFACE_STYLE_USAGE(.BOTH.,#9257);
#8835=SURFACE_STYLE_USAGE(.BOTH.,#9258);
#8836=SURFACE_STYLE_USAGE(.BOTH.,#9259);
#8837=SURFACE_STYLE_USAGE(.BOTH.,#9260);
#8838=SURFACE_STYLE_USAGE(.BOTH.,#9261);
#8839=SURFACE_STYLE_USAGE(.BOTH.,#9262);
#8840=SURFACE_STYLE_USAGE(.BOTH.,#9263);
#8841=SURFACE_STYLE_USAGE(.BOTH.,#9264);
#8842=SURFACE_STYLE_USAGE(.BOTH.,#9265);
#8843=SURFACE_STYLE_USAGE(.BOTH.,#9266);
#8844=SURFACE_STYLE_USAGE(.BOTH.,#9267);
#8845=SURFACE_STYLE_USAGE(.BOTH.,#9268);
#8846=SURFACE_STYLE_USAGE(.BOTH.,#9269);
#8847=SURFACE_STYLE_USAGE(.BOTH.,#9270);
#8848=SURFACE_STYLE_USAGE(.BOTH.,#9271);
#8849=SURFACE_STYLE_USAGE(.BOTH.,#9272);
#8850=SURFACE_STYLE_USAGE(.BOTH.,#9273);
#8851=SURFACE_STYLE_USAGE(.BOTH.,#9274);
#8852=SURFACE_STYLE_USAGE(.BOTH.,#9275);
#8853=SURFACE_STYLE_USAGE(.BOTH.,#9276);
#8854=SURFACE_STYLE_USAGE(.BOTH.,#9277);
#8855=SURFACE_STYLE_USAGE(.BOTH.,#9278);
#8856=SURFACE_STYLE_USAGE(.BOTH.,#9279);
#8857=SURFACE_STYLE_USAGE(.BOTH.,#9280);
#8858=SURFACE_STYLE_USAGE(.BOTH.,#9281);
#8859=SURFACE_STYLE_USAGE(.BOTH.,#9282);
#8860=SURFACE_STYLE_USAGE(.BOTH.,#9283);
#8861=SURFACE_STYLE_USAGE(.BOTH.,#9284);
#8862=SURFACE_STYLE_USAGE(.BOTH.,#9285);
#8863=SURFACE_STYLE_USAGE(.BOTH.,#9286);
#8864=SURFACE_STYLE_USAGE(.BOTH.,#9287);
#8865=SURFACE_STYLE_USAGE(.BOTH.,#9288);
#8866=SURFACE_STYLE_USAGE(.BOTH.,#9289);
#8867=SURFACE_STYLE_USAGE(.BOTH.,#9290);
#8868=SURFACE_STYLE_USAGE(.BOTH.,#9291);
#8869=SURFACE_STYLE_USAGE(.BOTH.,#9292);
#8870=SURFACE_STYLE_USAGE(.BOTH.,#9293);
#8871=SURFACE_STYLE_USAGE(.BOTH.,#9294);
#8872=SURFACE_STYLE_USAGE(.BOTH.,#9295);
#8873=SURFACE_STYLE_USAGE(.BOTH.,#9296);
#8874=SURFACE_STYLE_USAGE(.BOTH.,#9297);
#8875=SURFACE_STYLE_USAGE(.BOTH.,#9298);
#8876=SURFACE_STYLE_USAGE(.BOTH.,#9299);
#8877=SURFACE_STYLE_USAGE(.BOTH.,#9300);
#8878=SURFACE_STYLE_USAGE(.BOTH.,#9301);
#8879=SURFACE_STYLE_USAGE(.BOTH.,#9302);
#8880=SURFACE_STYLE_USAGE(.BOTH.,#9303);
#8881=SURFACE_STYLE_USAGE(.BOTH.,#9304);
#8882=SURFACE_STYLE_USAGE(.BOTH.,#9305);
#8883=SURFACE_STYLE_USAGE(.BOTH.,#9306);
#8884=SURFACE_STYLE_USAGE(.BOTH.,#9307);
#8885=SURFACE_STYLE_USAGE(.BOTH.,#9308);
#8886=SURFACE_STYLE_USAGE(.BOTH.,#9309);
#8887=SURFACE_STYLE_USAGE(.BOTH.,#9310);
#8888=SURFACE_STYLE_USAGE(.BOTH.,#9311);
#8889=SURFACE_STYLE_USAGE(.BOTH.,#9312);
#8890=SURFACE_STYLE_USAGE(.BOTH.,#9313);
#8891=SURFACE_STYLE_USAGE(.BOTH.,#9314);
#8892=SURFACE_STYLE_USAGE(.BOTH.,#9315);
#8893=SURFACE_STYLE_USAGE(.BOTH.,#9316);
#8894=SURFACE_STYLE_USAGE(.BOTH.,#9317);
#8895=SURFACE_STYLE_USAGE(.BOTH.,#9318);
#8896=SURFACE_STYLE_USAGE(.BOTH.,#9319);
#8897=SURFACE_STYLE_USAGE(.BOTH.,#9320);
#8898=SURFACE_STYLE_USAGE(.BOTH.,#9321);
#8899=SURFACE_STYLE_USAGE(.BOTH.,#9322);
#8900=SURFACE_STYLE_USAGE(.BOTH.,#9323);
#8901=SURFACE_STYLE_USAGE(.BOTH.,#9324);
#8902=SURFACE_STYLE_USAGE(.BOTH.,#9325);
#8903=SURFACE_STYLE_USAGE(.BOTH.,#9326);
#8904=SURFACE_STYLE_USAGE(.BOTH.,#9327);
#8905=SURFACE_STYLE_USAGE(.BOTH.,#9328);
#8906=SURFACE_STYLE_USAGE(.BOTH.,#9329);
#8907=SURFACE_STYLE_USAGE(.BOTH.,#9330);
#8908=SURFACE_STYLE_USAGE(.BOTH.,#9331);
#8909=SURFACE_STYLE_USAGE(.BOTH.,#9332);
#8910=SURFACE_STYLE_USAGE(.BOTH.,#9333);
#8911=SURFACE_STYLE_USAGE(.BOTH.,#9334);
#8912=SURFACE_STYLE_USAGE(.BOTH.,#9335);
#8913=SURFACE_STYLE_USAGE(.BOTH.,#9336);
#8914=SURFACE_STYLE_USAGE(.BOTH.,#9337);
#8915=SURFACE_STYLE_USAGE(.BOTH.,#9338);
#8916=SURFACE_STYLE_USAGE(.BOTH.,#9339);
#8917=SURFACE_STYLE_USAGE(.BOTH.,#9340);
#8918=SURFACE_STYLE_USAGE(.BOTH.,#9341);
#8919=SURFACE_STYLE_USAGE(.BOTH.,#9342);
#8920=SURFACE_STYLE_USAGE(.BOTH.,#9343);
#8921=SURFACE_STYLE_USAGE(.BOTH.,#9344);
#8922=SURFACE_STYLE_USAGE(.BOTH.,#9345);
#8923=SURFACE_STYLE_USAGE(.BOTH.,#9346);
#8924=SURFACE_STYLE_USAGE(.BOTH.,#9347);
#8925=SURFACE_STYLE_USAGE(.BOTH.,#9348);
#8926=SURFACE_STYLE_USAGE(.BOTH.,#9349);
#8927=SURFACE_STYLE_USAGE(.BOTH.,#9350);
#8928=SURFACE_STYLE_USAGE(.BOTH.,#9351);
#8929=SURFACE_STYLE_USAGE(.BOTH.,#9352);
#8930=SURFACE_STYLE_USAGE(.BOTH.,#9353);
#8931=SURFACE_STYLE_USAGE(.BOTH.,#9354);
#8932=SURFACE_STYLE_USAGE(.BOTH.,#9355);
#8933=SURFACE_STYLE_USAGE(.BOTH.,#9356);
#8934=SURFACE_STYLE_USAGE(.BOTH.,#9357);
#8935=SURFACE_STYLE_USAGE(.BOTH.,#9358);
#8936=SURFACE_STYLE_USAGE(.BOTH.,#9359);
#8937=SURFACE_STYLE_USAGE(.BOTH.,#9360);
#8938=SURFACE_STYLE_USAGE(.BOTH.,#9361);
#8939=SURFACE_STYLE_USAGE(.BOTH.,#9362);
#8940=SURFACE_STYLE_USAGE(.BOTH.,#9363);
#8941=SURFACE_STYLE_USAGE(.BOTH.,#9364);
#8942=SURFACE_STYLE_USAGE(.BOTH.,#9365);
#8943=SURFACE_STYLE_USAGE(.BOTH.,#9366);
#8944=SURFACE_STYLE_USAGE(.BOTH.,#9367);
#8945=SURFACE_STYLE_USAGE(.BOTH.,#9368);
#8946=SURFACE_STYLE_USAGE(.BOTH.,#9369);
#8947=SURFACE_STYLE_USAGE(.BOTH.,#9370);
#8948=SURFACE_STYLE_USAGE(.BOTH.,#9371);
#8949=SURFACE_STYLE_USAGE(.BOTH.,#9372);
#8950=SURFACE_STYLE_USAGE(.BOTH.,#9373);
#8951=SURFACE_STYLE_USAGE(.BOTH.,#9374);
#8952=SURFACE_STYLE_USAGE(.BOTH.,#9375);
#8953=SURFACE_STYLE_USAGE(.BOTH.,#9376);
#8954=SURFACE_STYLE_USAGE(.BOTH.,#9377);
#8955=SURFACE_STYLE_USAGE(.BOTH.,#9378);
#8956=SURFACE_STYLE_USAGE(.BOTH.,#9379);
#8957=SURFACE_STYLE_USAGE(.BOTH.,#9380);
#8958=SURFACE_STYLE_USAGE(.BOTH.,#9381);
#8959=SURFACE_STYLE_USAGE(.BOTH.,#9382);
#8960=SURFACE_STYLE_USAGE(.BOTH.,#9383);
#8961=SURFACE_STYLE_USAGE(.BOTH.,#9384);
#8962=SURFACE_STYLE_USAGE(.BOTH.,#9385);
#8963=SURFACE_STYLE_USAGE(.BOTH.,#9386);
#8964=SURFACE_STYLE_USAGE(.BOTH.,#9387);
#8965=SURFACE_STYLE_USAGE(.BOTH.,#9388);
#8966=SURFACE_STYLE_USAGE(.BOTH.,#9389);
#8967=SURFACE_STYLE_USAGE(.BOTH.,#9390);
#8968=SURFACE_STYLE_USAGE(.BOTH.,#9391);
#8969=SURFACE_STYLE_USAGE(.BOTH.,#9392);
#8970=SURFACE_STYLE_USAGE(.BOTH.,#9393);
#8971=SURFACE_STYLE_USAGE(.BOTH.,#9394);
#8972=SURFACE_STYLE_USAGE(.BOTH.,#9395);
#8973=SURFACE_STYLE_USAGE(.BOTH.,#9396);
#8974=SURFACE_STYLE_USAGE(.BOTH.,#9397);
#8975=SURFACE_STYLE_USAGE(.BOTH.,#9398);
#8976=SURFACE_STYLE_USAGE(.BOTH.,#9399);
#8977=SURFACE_STYLE_USAGE(.BOTH.,#9400);
#8978=SURFACE_STYLE_USAGE(.BOTH.,#9401);
#8979=SURFACE_STYLE_USAGE(.BOTH.,#9402);
#8980=SURFACE_STYLE_USAGE(.BOTH.,#9403);
#8981=SURFACE_STYLE_USAGE(.BOTH.,#9404);
#8982=SURFACE_STYLE_USAGE(.BOTH.,#9405);
#8983=SURFACE_STYLE_USAGE(.BOTH.,#9406);
#8984=SURFACE_STYLE_USAGE(.BOTH.,#9407);
#8985=SURFACE_STYLE_USAGE(.BOTH.,#9408);
#8986=SURFACE_STYLE_USAGE(.BOTH.,#9409);
#8987=SURFACE_STYLE_USAGE(.BOTH.,#9410);
#8988=SURFACE_STYLE_USAGE(.BOTH.,#9411);
#8989=SURFACE_STYLE_USAGE(.BOTH.,#9412);
#8990=SURFACE_STYLE_USAGE(.BOTH.,#9413);
#8991=SURFACE_STYLE_USAGE(.BOTH.,#9414);
#8992=SURFACE_STYLE_USAGE(.BOTH.,#9415);
#8993=SURFACE_STYLE_USAGE(.BOTH.,#9416);
#8994=SURFACE_STYLE_USAGE(.BOTH.,#9417);
#8995=SURFACE_STYLE_USAGE(.BOTH.,#9418);
#8996=SURFACE_STYLE_USAGE(.BOTH.,#9419);
#8997=SURFACE_STYLE_USAGE(.BOTH.,#9420);
#8998=SURFACE_STYLE_USAGE(.BOTH.,#9421);
#8999=SURFACE_STYLE_USAGE(.BOTH.,#9422);
#9000=SURFACE_STYLE_USAGE(.BOTH.,#9423);
#9001=SURFACE_STYLE_USAGE(.BOTH.,#9424);
#9002=SURFACE_STYLE_USAGE(.BOTH.,#9425);
#9003=SURFACE_STYLE_USAGE(.BOTH.,#9426);
#9004=SURFACE_STYLE_USAGE(.BOTH.,#9427);
#9005=SURFACE_STYLE_USAGE(.BOTH.,#9428);
#9006=SURFACE_STYLE_USAGE(.BOTH.,#9429);
#9007=SURFACE_STYLE_USAGE(.BOTH.,#9430);
#9008=SURFACE_STYLE_USAGE(.BOTH.,#9431);
#9009=SURFACE_STYLE_USAGE(.BOTH.,#9432);
#9010=SURFACE_STYLE_USAGE(.BOTH.,#9433);
#9011=SURFACE_STYLE_USAGE(.BOTH.,#9434);
#9012=SURFACE_STYLE_USAGE(.BOTH.,#9435);
#9013=SURFACE_STYLE_USAGE(.BOTH.,#9436);
#9014=SURFACE_STYLE_USAGE(.BOTH.,#9437);
#9015=SURFACE_STYLE_USAGE(.BOTH.,#9438);
#9016=SURFACE_STYLE_USAGE(.BOTH.,#9439);
#9017=SURFACE_STYLE_USAGE(.BOTH.,#9440);
#9018=SURFACE_STYLE_USAGE(.BOTH.,#9441);
#9019=SURFACE_STYLE_USAGE(.BOTH.,#9442);
#9020=SURFACE_STYLE_USAGE(.BOTH.,#9443);
#9021=SURFACE_STYLE_USAGE(.BOTH.,#9444);
#9022=SURFACE_STYLE_USAGE(.BOTH.,#9445);
#9023=SURFACE_STYLE_USAGE(.BOTH.,#9446);
#9024=SURFACE_STYLE_USAGE(.BOTH.,#9447);
#9025=SURFACE_STYLE_USAGE(.BOTH.,#9448);
#9026=SURFACE_STYLE_USAGE(.BOTH.,#9449);
#9027=SURFACE_STYLE_USAGE(.BOTH.,#9450);
#9028=SURFACE_STYLE_USAGE(.BOTH.,#9451);
#9029=SURFACE_STYLE_USAGE(.BOTH.,#9452);
#9030=SURFACE_STYLE_USAGE(.BOTH.,#9453);
#9031=SURFACE_STYLE_USAGE(.BOTH.,#9454);
#9032=SURFACE_STYLE_USAGE(.BOTH.,#9455);
#9033=SURFACE_STYLE_USAGE(.BOTH.,#9456);
#9034=SURFACE_STYLE_USAGE(.BOTH.,#9457);
#9035=SURFACE_STYLE_USAGE(.BOTH.,#9458);
#9036=SURFACE_STYLE_USAGE(.BOTH.,#9459);
#9037=SURFACE_STYLE_USAGE(.BOTH.,#9460);
#9038=SURFACE_STYLE_USAGE(.BOTH.,#9461);
#9039=SURFACE_STYLE_USAGE(.BOTH.,#9462);
#9040=SURFACE_STYLE_USAGE(.BOTH.,#9463);
#9041=SURFACE_STYLE_USAGE(.BOTH.,#9464);
#9042=SURFACE_STYLE_USAGE(.BOTH.,#9465);
#9043=SURFACE_STYLE_USAGE(.BOTH.,#9466);
#9044=SURFACE_STYLE_USAGE(.BOTH.,#9467);
#9045=SURFACE_STYLE_USAGE(.BOTH.,#9468);
#9046=SURFACE_STYLE_USAGE(.BOTH.,#9469);
#9047=SURFACE_STYLE_USAGE(.BOTH.,#9470);
#9048=SURFACE_STYLE_USAGE(.BOTH.,#9471);
#9049=SURFACE_STYLE_USAGE(.BOTH.,#9472);
#9050=SURFACE_STYLE_USAGE(.BOTH.,#9473);
#9051=SURFACE_STYLE_USAGE(.BOTH.,#9474);
#9052=SURFACE_STYLE_USAGE(.BOTH.,#9475);
#9053=SURFACE_STYLE_USAGE(.BOTH.,#9476);
#9054=SURFACE_STYLE_USAGE(.BOTH.,#9477);
#9055=SURFACE_STYLE_USAGE(.BOTH.,#9478);
#9056=SURFACE_STYLE_USAGE(.BOTH.,#9479);
#9057=SURFACE_STYLE_USAGE(.BOTH.,#9480);
#9058=SURFACE_STYLE_USAGE(.BOTH.,#9481);
#9059=SURFACE_STYLE_USAGE(.BOTH.,#9482);
#9060=SURFACE_STYLE_USAGE(.BOTH.,#9483);
#9061=SURFACE_STYLE_USAGE(.BOTH.,#9484);
#9062=SURFACE_STYLE_USAGE(.BOTH.,#9485);
#9063=SURFACE_STYLE_USAGE(.BOTH.,#9486);
#9064=SURFACE_STYLE_USAGE(.BOTH.,#9487);
#9065=SURFACE_STYLE_USAGE(.BOTH.,#9488);
#9066=SURFACE_STYLE_USAGE(.BOTH.,#9489);
#9067=SURFACE_STYLE_USAGE(.BOTH.,#9490);
#9068=SURFACE_STYLE_USAGE(.BOTH.,#9491);
#9069=SURFACE_STYLE_USAGE(.BOTH.,#9492);
#9070=SURFACE_STYLE_USAGE(.BOTH.,#9493);
#9071=SURFACE_STYLE_USAGE(.BOTH.,#9494);
#9072=SURFACE_STYLE_USAGE(.BOTH.,#9495);
#9073=SURFACE_STYLE_USAGE(.BOTH.,#9496);
#9074=SURFACE_STYLE_USAGE(.BOTH.,#9497);
#9075=SURFACE_STYLE_USAGE(.BOTH.,#9498);
#9076=SURFACE_STYLE_USAGE(.BOTH.,#9499);
#9077=SURFACE_STYLE_USAGE(.BOTH.,#9500);
#9078=SURFACE_STYLE_USAGE(.BOTH.,#9501);
#9079=SURFACE_STYLE_USAGE(.BOTH.,#9502);
#9080=SURFACE_STYLE_USAGE(.BOTH.,#9503);
#9081=SURFACE_STYLE_USAGE(.BOTH.,#9504);
#9082=SURFACE_STYLE_USAGE(.BOTH.,#9505);
#9083=SURFACE_STYLE_USAGE(.BOTH.,#9506);
#9084=SURFACE_STYLE_USAGE(.BOTH.,#9507);
#9085=SURFACE_STYLE_USAGE(.BOTH.,#9508);
#9086=SURFACE_STYLE_USAGE(.BOTH.,#9509);
#9087=SURFACE_STYLE_USAGE(.BOTH.,#9510);
#9088=SURFACE_STYLE_USAGE(.BOTH.,#9511);
#9089=SURFACE_STYLE_USAGE(.BOTH.,#9512);
#9090=SURFACE_STYLE_USAGE(.BOTH.,#9513);
#9091=SURFACE_STYLE_USAGE(.BOTH.,#9514);
#9092=SURFACE_STYLE_USAGE(.BOTH.,#9515);
#9093=SURFACE_STYLE_USAGE(.BOTH.,#9516);
#9094=SURFACE_STYLE_USAGE(.BOTH.,#9517);
#9095=SURFACE_STYLE_USAGE(.BOTH.,#9518);
#9096=SURFACE_STYLE_USAGE(.BOTH.,#9519);
#9097=SURFACE_STYLE_USAGE(.BOTH.,#9520);
#9098=SURFACE_STYLE_USAGE(.BOTH.,#9521);
#9099=SURFACE_STYLE_USAGE(.BOTH.,#9522);
#9100=SURFACE_STYLE_USAGE(.BOTH.,#9523);
#9101=SURFACE_STYLE_USAGE(.BOTH.,#9524);
#9102=SURFACE_STYLE_USAGE(.BOTH.,#9525);
#9103=SURFACE_STYLE_USAGE(.BOTH.,#9526);
#9104=SURFACE_STYLE_USAGE(.BOTH.,#9527);
#9105=SURFACE_STYLE_USAGE(.BOTH.,#9528);
#9106=SURFACE_STYLE_USAGE(.BOTH.,#9529);
#9107=SURFACE_STYLE_USAGE(.BOTH.,#9530);
#9108=SURFACE_STYLE_USAGE(.BOTH.,#9531);
#9109=SURFACE_STYLE_USAGE(.BOTH.,#9532);
#9110=SURFACE_STYLE_USAGE(.BOTH.,#9533);
#9111=SURFACE_STYLE_USAGE(.BOTH.,#9534);
#9112=SURFACE_STYLE_USAGE(.BOTH.,#9535);
#9113=SURFACE_STYLE_USAGE(.BOTH.,#9536);
#9114=SURFACE_STYLE_USAGE(.BOTH.,#9537);
#9115=SURFACE_STYLE_USAGE(.BOTH.,#9538);
#9116=SURFACE_STYLE_USAGE(.BOTH.,#9539);
#9117=SURFACE_STYLE_USAGE(.BOTH.,#9540);
#9118=SURFACE_STYLE_USAGE(.BOTH.,#9541);
#9119=SURFACE_STYLE_USAGE(.BOTH.,#9542);
#9120=SURFACE_STYLE_USAGE(.BOTH.,#9543);
#9121=SURFACE_STYLE_USAGE(.BOTH.,#9544);
#9122=SURFACE_STYLE_USAGE(.BOTH.,#9545);
#9123=SURFACE_STYLE_USAGE(.BOTH.,#9546);
#9124=SURFACE_STYLE_USAGE(.BOTH.,#9547);
#9125=SURFACE_STYLE_USAGE(.BOTH.,#9548);
#9126=SURFACE_STYLE_USAGE(.BOTH.,#9549);
#9127=SURFACE_STYLE_USAGE(.BOTH.,#9550);
#9128=SURFACE_STYLE_USAGE(.BOTH.,#9551);
#9129=SURFACE_STYLE_USAGE(.BOTH.,#9552);
#9130=SURFACE_STYLE_USAGE(.BOTH.,#9553);
#9131=SURFACE_STYLE_USAGE(.BOTH.,#9554);
#9132=SURFACE_STYLE_USAGE(.BOTH.,#9555);
#9133=SURFACE_STYLE_USAGE(.BOTH.,#9556);
#9134=SURFACE_STYLE_USAGE(.BOTH.,#9557);
#9135=SURFACE_STYLE_USAGE(.BOTH.,#9558);
#9136=SURFACE_STYLE_USAGE(.BOTH.,#9559);
#9137=SURFACE_STYLE_USAGE(.BOTH.,#9560);
#9138=SURFACE_STYLE_USAGE(.BOTH.,#9561);
#9139=SURFACE_STYLE_USAGE(.BOTH.,#9562);
#9140=SURFACE_STYLE_USAGE(.BOTH.,#9563);
#9141=SURFACE_STYLE_USAGE(.BOTH.,#9564);
#9142=SURFACE_STYLE_USAGE(.BOTH.,#9565);
#9143=SURFACE_STYLE_USAGE(.BOTH.,#9566);
#9144=SURFACE_STYLE_USAGE(.BOTH.,#9567);
#9145=SURFACE_STYLE_USAGE(.BOTH.,#9568);
#9146=SURFACE_STYLE_USAGE(.BOTH.,#9569);
#9147=SURFACE_STYLE_USAGE(.BOTH.,#9570);
#9148=SURFACE_STYLE_USAGE(.BOTH.,#9571);
#9149=SURFACE_STYLE_USAGE(.BOTH.,#9572);
#9150=SURFACE_STYLE_USAGE(.BOTH.,#9573);
#9151=SURFACE_STYLE_USAGE(.BOTH.,#9574);
#9152=SURFACE_STYLE_USAGE(.BOTH.,#9575);
#9153=SURFACE_STYLE_USAGE(.BOTH.,#9576);
#9154=SURFACE_STYLE_USAGE(.BOTH.,#9577);
#9155=SURFACE_STYLE_USAGE(.BOTH.,#9578);
#9156=SURFACE_STYLE_USAGE(.BOTH.,#9579);
#9157=SURFACE_STYLE_USAGE(.BOTH.,#9580);
#9158=SURFACE_STYLE_USAGE(.BOTH.,#9581);
#9159=SURFACE_STYLE_USAGE(.BOTH.,#9582);
#9160=SURFACE_STYLE_USAGE(.BOTH.,#9583);
#9161=SURFACE_STYLE_USAGE(.BOTH.,#9584);
#9162=SURFACE_STYLE_USAGE(.BOTH.,#9585);
#9163=SURFACE_STYLE_USAGE(.BOTH.,#9586);
#9164=SURFACE_STYLE_USAGE(.BOTH.,#9587);
#9165=SURFACE_STYLE_USAGE(.BOTH.,#9588);
#9166=SURFACE_STYLE_USAGE(.BOTH.,#9589);
#9167=SURFACE_STYLE_USAGE(.BOTH.,#9590);
#9168=SURFACE_STYLE_USAGE(.BOTH.,#9591);
#9169=SURFACE_STYLE_USAGE(.BOTH.,#9592);
#9170=SURFACE_STYLE_USAGE(.BOTH.,#9593);
#9171=SURFACE_STYLE_USAGE(.BOTH.,#9594);
#9172=SURFACE_STYLE_USAGE(.BOTH.,#9595);
#9173=SURFACE_STYLE_USAGE(.BOTH.,#9596);
#9174=SURFACE_STYLE_USAGE(.BOTH.,#9597);
#9175=SURFACE_STYLE_USAGE(.BOTH.,#9598);
#9176=SURFACE_STYLE_USAGE(.BOTH.,#9599);
#9177=SURFACE_STYLE_USAGE(.BOTH.,#9600);
#9178=SURFACE_STYLE_USAGE(.BOTH.,#9601);
#9179=SURFACE_STYLE_USAGE(.BOTH.,#9602);
#9180=SURFACE_STYLE_USAGE(.BOTH.,#9603);
#9181=SURFACE_STYLE_USAGE(.BOTH.,#9604);
#9182=SURFACE_STYLE_USAGE(.BOTH.,#9605);
#9183=SURFACE_STYLE_USAGE(.BOTH.,#9606);
#9184=SURFACE_STYLE_USAGE(.BOTH.,#9607);
#9185=SURFACE_STYLE_USAGE(.BOTH.,#9608);
#9186=SURFACE_STYLE_USAGE(.BOTH.,#9609);
#9187=SURFACE_STYLE_USAGE(.BOTH.,#9610);
#9188=SURFACE_STYLE_USAGE(.BOTH.,#9611);
#9189=SURFACE_STYLE_USAGE(.BOTH.,#9612);
#9190=SURFACE_STYLE_USAGE(.BOTH.,#9613);
#9191=SURFACE_STYLE_USAGE(.BOTH.,#9614);
#9192=SURFACE_STYLE_USAGE(.BOTH.,#9615);
#9193=SURFACE_STYLE_USAGE(.BOTH.,#9616);
#9194=SURFACE_STYLE_USAGE(.BOTH.,#9617);
#9195=SURFACE_STYLE_USAGE(.BOTH.,#9618);
#9196=SURFACE_STYLE_USAGE(.BOTH.,#9619);
#9197=SURFACE_STYLE_USAGE(.BOTH.,#9620);
#9198=SURFACE_STYLE_USAGE(.BOTH.,#9621);
#9199=SURFACE_STYLE_USAGE(.BOTH.,#9622);
#9200=SURFACE_STYLE_USAGE(.BOTH.,#9623);
#9201=SURFACE_SIDE_STYLE('',(#9624));
#9202=SURFACE_SIDE_STYLE('',(#9625));
#9203=SURFACE_SIDE_STYLE('',(#9626));
#9204=SURFACE_SIDE_STYLE('',(#9627));
#9205=SURFACE_SIDE_STYLE('',(#9628));
#9206=SURFACE_SIDE_STYLE('',(#9629));
#9207=SURFACE_SIDE_STYLE('',(#9630));
#9208=SURFACE_SIDE_STYLE('',(#9631));
#9209=SURFACE_SIDE_STYLE('',(#9632));
#9210=SURFACE_SIDE_STYLE('',(#9633));
#9211=SURFACE_SIDE_STYLE('',(#9634));
#9212=SURFACE_SIDE_STYLE('',(#9635));
#9213=SURFACE_SIDE_STYLE('',(#9636));
#9214=SURFACE_SIDE_STYLE('',(#9637));
#9215=SURFACE_SIDE_STYLE('',(#9638));
#9216=SURFACE_SIDE_STYLE('',(#9639));
#9217=SURFACE_SIDE_STYLE('',(#9640));
#9218=SURFACE_SIDE_STYLE('',(#9641));
#9219=SURFACE_SIDE_STYLE('',(#9642));
#9220=SURFACE_SIDE_STYLE('',(#9643));
#9221=SURFACE_SIDE_STYLE('',(#9644));
#9222=SURFACE_SIDE_STYLE('',(#9645));
#9223=SURFACE_SIDE_STYLE('',(#9646));
#9224=SURFACE_SIDE_STYLE('',(#9647));
#9225=SURFACE_SIDE_STYLE('',(#9648));
#9226=SURFACE_SIDE_STYLE('',(#9649));
#9227=SURFACE_SIDE_STYLE('',(#9650));
#9228=SURFACE_SIDE_STYLE('',(#9651));
#9229=SURFACE_SIDE_STYLE('',(#9652));
#9230=SURFACE_SIDE_STYLE('',(#9653));
#9231=SURFACE_SIDE_STYLE('',(#9654));
#9232=SURFACE_SIDE_STYLE('',(#9655));
#9233=SURFACE_SIDE_STYLE('',(#9656));
#9234=SURFACE_SIDE_STYLE('',(#9657));
#9235=SURFACE_SIDE_STYLE('',(#9658));
#9236=SURFACE_SIDE_STYLE('',(#9659));
#9237=SURFACE_SIDE_STYLE('',(#9660));
#9238=SURFACE_SIDE_STYLE('',(#9661));
#9239=SURFACE_SIDE_STYLE('',(#9662));
#9240=SURFACE_SIDE_STYLE('',(#9663));
#9241=SURFACE_SIDE_STYLE('',(#9664));
#9242=SURFACE_SIDE_STYLE('',(#9665));
#9243=SURFACE_SIDE_STYLE('',(#9666));
#9244=SURFACE_SIDE_STYLE('',(#9667));
#9245=SURFACE_SIDE_STYLE('',(#9668));
#9246=SURFACE_SIDE_STYLE('',(#9669));
#9247=SURFACE_SIDE_STYLE('',(#9670));
#9248=SURFACE_SIDE_STYLE('',(#9671));
#9249=SURFACE_SIDE_STYLE('',(#9672));
#9250=SURFACE_SIDE_STYLE('',(#9673));
#9251=SURFACE_SIDE_STYLE('',(#9674));
#9252=SURFACE_SIDE_STYLE('',(#9675));
#9253=SURFACE_SIDE_STYLE('',(#9676));
#9254=SURFACE_SIDE_STYLE('',(#9677));
#9255=SURFACE_SIDE_STYLE('',(#9678));
#9256=SURFACE_SIDE_STYLE('',(#9679));
#9257=SURFACE_SIDE_STYLE('',(#9680));
#9258=SURFACE_SIDE_STYLE('',(#9681));
#9259=SURFACE_SIDE_STYLE('',(#9682));
#9260=SURFACE_SIDE_STYLE('',(#9683));
#9261=SURFACE_SIDE_STYLE('',(#9684));
#9262=SURFACE_SIDE_STYLE('',(#9685));
#9263=SURFACE_SIDE_STYLE('',(#9686));
#9264=SURFACE_SIDE_STYLE('',(#9687));
#9265=SURFACE_SIDE_STYLE('',(#9688));
#9266=SURFACE_SIDE_STYLE('',(#9689));
#9267=SURFACE_SIDE_STYLE('',(#9690));
#9268=SURFACE_SIDE_STYLE('',(#9691));
#9269=SURFACE_SIDE_STYLE('',(#9692));
#9270=SURFACE_SIDE_STYLE('',(#9693));
#9271=SURFACE_SIDE_STYLE('',(#9694));
#9272=SURFACE_SIDE_STYLE('',(#9695));
#9273=SURFACE_SIDE_STYLE('',(#9696));
#9274=SURFACE_SIDE_STYLE('',(#9697));
#9275=SURFACE_SIDE_STYLE('',(#9698));
#9276=SURFACE_SIDE_STYLE('',(#9699));
#9277=SURFACE_SIDE_STYLE('',(#9700));
#9278=SURFACE_SIDE_STYLE('',(#9701));
#9279=SURFACE_SIDE_STYLE('',(#9702));
#9280=SURFACE_SIDE_STYLE('',(#9703));
#9281=SURFACE_SIDE_STYLE('',(#9704));
#9282=SURFACE_SIDE_STYLE('',(#9705));
#9283=SURFACE_SIDE_STYLE('',(#9706));
#9284=SURFACE_SIDE_STYLE('',(#9707));
#9285=SURFACE_SIDE_STYLE('',(#9708));
#9286=SURFACE_SIDE_STYLE('',(#9709));
#9287=SURFACE_SIDE_STYLE('',(#9710));
#9288=SURFACE_SIDE_STYLE('',(#9711));
#9289=SURFACE_SIDE_STYLE('',(#9712));
#9290=SURFACE_SIDE_STYLE('',(#9713));
#9291=SURFACE_SIDE_STYLE('',(#9714));
#9292=SURFACE_SIDE_STYLE('',(#9715));
#9293=SURFACE_SIDE_STYLE('',(#9716));
#9294=SURFACE_SIDE_STYLE('',(#9717));
#9295=SURFACE_SIDE_STYLE('',(#9718));
#9296=SURFACE_SIDE_STYLE('',(#9719));
#9297=SURFACE_SIDE_STYLE('',(#9720));
#9298=SURFACE_SIDE_STYLE('',(#9721));
#9299=SURFACE_SIDE_STYLE('',(#9722));
#9300=SURFACE_SIDE_STYLE('',(#9723));
#9301=SURFACE_SIDE_STYLE('',(#9724));
#9302=SURFACE_SIDE_STYLE('',(#9725));
#9303=SURFACE_SIDE_STYLE('',(#9726));
#9304=SURFACE_SIDE_STYLE('',(#9727));
#9305=SURFACE_SIDE_STYLE('',(#9728));
#9306=SURFACE_SIDE_STYLE('',(#9729));
#9307=SURFACE_SIDE_STYLE('',(#9730));
#9308=SURFACE_SIDE_STYLE('',(#9731));
#9309=SURFACE_SIDE_STYLE('',(#9732));
#9310=SURFACE_SIDE_STYLE('',(#9733));
#9311=SURFACE_SIDE_STYLE('',(#9734));
#9312=SURFACE_SIDE_STYLE('',(#9735));
#9313=SURFACE_SIDE_STYLE('',(#9736));
#9314=SURFACE_SIDE_STYLE('',(#9737));
#9315=SURFACE_SIDE_STYLE('',(#9738));
#9316=SURFACE_SIDE_STYLE('',(#9739));
#9317=SURFACE_SIDE_STYLE('',(#9740));
#9318=SURFACE_SIDE_STYLE('',(#9741));
#9319=SURFACE_SIDE_STYLE('',(#9742));
#9320=SURFACE_SIDE_STYLE('',(#9743));
#9321=SURFACE_SIDE_STYLE('',(#9744));
#9322=SURFACE_SIDE_STYLE('',(#9745));
#9323=SURFACE_SIDE_STYLE('',(#9746));
#9324=SURFACE_SIDE_STYLE('',(#9747));
#9325=SURFACE_SIDE_STYLE('',(#9748));
#9326=SURFACE_SIDE_STYLE('',(#9749));
#9327=SURFACE_SIDE_STYLE('',(#9750));
#9328=SURFACE_SIDE_STYLE('',(#9751));
#9329=SURFACE_SIDE_STYLE('',(#9752));
#9330=SURFACE_SIDE_STYLE('',(#9753));
#9331=SURFACE_SIDE_STYLE('',(#9754));
#9332=SURFACE_SIDE_STYLE('',(#9755));
#9333=SURFACE_SIDE_STYLE('',(#9756));
#9334=SURFACE_SIDE_STYLE('',(#9757));
#9335=SURFACE_SIDE_STYLE('',(#9758));
#9336=SURFACE_SIDE_STYLE('',(#9759));
#9337=SURFACE_SIDE_STYLE('',(#9760));
#9338=SURFACE_SIDE_STYLE('',(#9761));
#9339=SURFACE_SIDE_STYLE('',(#9762));
#9340=SURFACE_SIDE_STYLE('',(#9763));
#9341=SURFACE_SIDE_STYLE('',(#9764));
#9342=SURFACE_SIDE_STYLE('',(#9765));
#9343=SURFACE_SIDE_STYLE('',(#9766));
#9344=SURFACE_SIDE_STYLE('',(#9767));
#9345=SURFACE_SIDE_STYLE('',(#9768));
#9346=SURFACE_SIDE_STYLE('',(#9769));
#9347=SURFACE_SIDE_STYLE('',(#9770));
#9348=SURFACE_SIDE_STYLE('',(#9771));
#9349=SURFACE_SIDE_STYLE('',(#9772));
#9350=SURFACE_SIDE_STYLE('',(#9773));
#9351=SURFACE_SIDE_STYLE('',(#9774));
#9352=SURFACE_SIDE_STYLE('',(#9775));
#9353=SURFACE_SIDE_STYLE('',(#9776));
#9354=SURFACE_SIDE_STYLE('',(#9777));
#9355=SURFACE_SIDE_STYLE('',(#9778));
#9356=SURFACE_SIDE_STYLE('',(#9779));
#9357=SURFACE_SIDE_STYLE('',(#9780));
#9358=SURFACE_SIDE_STYLE('',(#9781));
#9359=SURFACE_SIDE_STYLE('',(#9782));
#9360=SURFACE_SIDE_STYLE('',(#9783));
#9361=SURFACE_SIDE_STYLE('',(#9784));
#9362=SURFACE_SIDE_STYLE('',(#9785));
#9363=SURFACE_SIDE_STYLE('',(#9786));
#9364=SURFACE_SIDE_STYLE('',(#9787));
#9365=SURFACE_SIDE_STYLE('',(#9788));
#9366=SURFACE_SIDE_STYLE('',(#9789));
#9367=SURFACE_SIDE_STYLE('',(#9790));
#9368=SURFACE_SIDE_STYLE('',(#9791));
#9369=SURFACE_SIDE_STYLE('',(#9792));
#9370=SURFACE_SIDE_STYLE('',(#9793));
#9371=SURFACE_SIDE_STYLE('',(#9794));
#9372=SURFACE_SIDE_STYLE('',(#9795));
#9373=SURFACE_SIDE_STYLE('',(#9796));
#9374=SURFACE_SIDE_STYLE('',(#9797));
#9375=SURFACE_SIDE_STYLE('',(#9798));
#9376=SURFACE_SIDE_STYLE('',(#9799));
#9377=SURFACE_SIDE_STYLE('',(#9800));
#9378=SURFACE_SIDE_STYLE('',(#9801));
#9379=SURFACE_SIDE_STYLE('',(#9802));
#9380=SURFACE_SIDE_STYLE('',(#9803));
#9381=SURFACE_SIDE_STYLE('',(#9804));
#9382=SURFACE_SIDE_STYLE('',(#9805));
#9383=SURFACE_SIDE_STYLE('',(#9806));
#9384=SURFACE_SIDE_STYLE('',(#9807));
#9385=SURFACE_SIDE_STYLE('',(#9808));
#9386=SURFACE_SIDE_STYLE('',(#9809));
#9387=SURFACE_SIDE_STYLE('',(#9810));
#9388=SURFACE_SIDE_STYLE('',(#9811));
#9389=SURFACE_SIDE_STYLE('',(#9812));
#9390=SURFACE_SIDE_STYLE('',(#9813));
#9391=SURFACE_SIDE_STYLE('',(#9814));
#9392=SURFACE_SIDE_STYLE('',(#9815));
#9393=SURFACE_SIDE_STYLE('',(#9816));
#9394=SURFACE_SIDE_STYLE('',(#9817));
#9395=SURFACE_SIDE_STYLE('',(#9818));
#9396=SURFACE_SIDE_STYLE('',(#9819));
#9397=SURFACE_SIDE_STYLE('',(#9820));
#9398=SURFACE_SIDE_STYLE('',(#9821));
#9399=SURFACE_SIDE_STYLE('',(#9822));
#9400=SURFACE_SIDE_STYLE('',(#9823));
#9401=SURFACE_SIDE_STYLE('',(#9824));
#9402=SURFACE_SIDE_STYLE('',(#9825));
#9403=SURFACE_SIDE_STYLE('',(#9826));
#9404=SURFACE_SIDE_STYLE('',(#9827));
#9405=SURFACE_SIDE_STYLE('',(#9828));
#9406=SURFACE_SIDE_STYLE('',(#9829));
#9407=SURFACE_SIDE_STYLE('',(#9830));
#9408=SURFACE_SIDE_STYLE('',(#9831));
#9409=SURFACE_SIDE_STYLE('',(#9832));
#9410=SURFACE_SIDE_STYLE('',(#9833));
#9411=SURFACE_SIDE_STYLE('',(#9834));
#9412=SURFACE_SIDE_STYLE('',(#9835));
#9413=SURFACE_SIDE_STYLE('',(#9836));
#9414=SURFACE_SIDE_STYLE('',(#9837));
#9415=SURFACE_SIDE_STYLE('',(#9838));
#9416=SURFACE_SIDE_STYLE('',(#9839));
#9417=SURFACE_SIDE_STYLE('',(#9840));
#9418=SURFACE_SIDE_STYLE('',(#9841));
#9419=SURFACE_SIDE_STYLE('',(#9842));
#9420=SURFACE_SIDE_STYLE('',(#9843));
#9421=SURFACE_SIDE_STYLE('',(#9844));
#9422=SURFACE_SIDE_STYLE('',(#9845));
#9423=SURFACE_SIDE_STYLE('',(#9846));
#9424=SURFACE_SIDE_STYLE('',(#9847));
#9425=SURFACE_SIDE_STYLE('',(#9848));
#9426=SURFACE_SIDE_STYLE('',(#9849));
#9427=SURFACE_SIDE_STYLE('',(#9850));
#9428=SURFACE_SIDE_STYLE('',(#9851));
#9429=SURFACE_SIDE_STYLE('',(#9852));
#9430=SURFACE_SIDE_STYLE('',(#9853));
#9431=SURFACE_SIDE_STYLE('',(#9854));
#9432=SURFACE_SIDE_STYLE('',(#9855));
#9433=SURFACE_SIDE_STYLE('',(#9856));
#9434=SURFACE_SIDE_STYLE('',(#9857));
#9435=SURFACE_SIDE_STYLE('',(#9858));
#9436=SURFACE_SIDE_STYLE('',(#9859));
#9437=SURFACE_SIDE_STYLE('',(#9860));
#9438=SURFACE_SIDE_STYLE('',(#9861));
#9439=SURFACE_SIDE_STYLE('',(#9862));
#9440=SURFACE_SIDE_STYLE('',(#9863));
#9441=SURFACE_SIDE_STYLE('',(#9864));
#9442=SURFACE_SIDE_STYLE('',(#9865));
#9443=SURFACE_SIDE_STYLE('',(#9866));
#9444=SURFACE_SIDE_STYLE('',(#9867));
#9445=SURFACE_SIDE_STYLE('',(#9868));
#9446=SURFACE_SIDE_STYLE('',(#9869));
#9447=SURFACE_SIDE_STYLE('',(#9870));
#9448=SURFACE_SIDE_STYLE('',(#9871));
#9449=SURFACE_SIDE_STYLE('',(#9872));
#9450=SURFACE_SIDE_STYLE('',(#9873));
#9451=SURFACE_SIDE_STYLE('',(#9874));
#9452=SURFACE_SIDE_STYLE('',(#9875));
#9453=SURFACE_SIDE_STYLE('',(#9876));
#9454=SURFACE_SIDE_STYLE('',(#9877));
#9455=SURFACE_SIDE_STYLE('',(#9878));
#9456=SURFACE_SIDE_STYLE('',(#9879));
#9457=SURFACE_SIDE_STYLE('',(#9880));
#9458=SURFACE_SIDE_STYLE('',(#9881));
#9459=SURFACE_SIDE_STYLE('',(#9882));
#9460=SURFACE_SIDE_STYLE('',(#9883));
#9461=SURFACE_SIDE_STYLE('',(#9884));
#9462=SURFACE_SIDE_STYLE('',(#9885));
#9463=SURFACE_SIDE_STYLE('',(#9886));
#9464=SURFACE_SIDE_STYLE('',(#9887));
#9465=SURFACE_SIDE_STYLE('',(#9888));
#9466=SURFACE_SIDE_STYLE('',(#9889));
#9467=SURFACE_SIDE_STYLE('',(#9890));
#9468=SURFACE_SIDE_STYLE('',(#9891));
#9469=SURFACE_SIDE_STYLE('',(#9892));
#9470=SURFACE_SIDE_STYLE('',(#9893));
#9471=SURFACE_SIDE_STYLE('',(#9894));
#9472=SURFACE_SIDE_STYLE('',(#9895));
#9473=SURFACE_SIDE_STYLE('',(#9896));
#9474=SURFACE_SIDE_STYLE('',(#9897));
#9475=SURFACE_SIDE_STYLE('',(#9898));
#9476=SURFACE_SIDE_STYLE('',(#9899));
#9477=SURFACE_SIDE_STYLE('',(#9900));
#9478=SURFACE_SIDE_STYLE('',(#9901));
#9479=SURFACE_SIDE_STYLE('',(#9902));
#9480=SURFACE_SIDE_STYLE('',(#9903));
#9481=SURFACE_SIDE_STYLE('',(#9904));
#9482=SURFACE_SIDE_STYLE('',(#9905));
#9483=SURFACE_SIDE_STYLE('',(#9906));
#9484=SURFACE_SIDE_STYLE('',(#9907));
#9485=SURFACE_SIDE_STYLE('',(#9908));
#9486=SURFACE_SIDE_STYLE('',(#9909));
#9487=SURFACE_SIDE_STYLE('',(#9910));
#9488=SURFACE_SIDE_STYLE('',(#9911));
#9489=SURFACE_SIDE_STYLE('',(#9912));
#9490=SURFACE_SIDE_STYLE('',(#9913));
#9491=SURFACE_SIDE_STYLE('',(#9914));
#9492=SURFACE_SIDE_STYLE('',(#9915));
#9493=SURFACE_SIDE_STYLE('',(#9916));
#9494=SURFACE_SIDE_STYLE('',(#9917));
#9495=SURFACE_SIDE_STYLE('',(#9918));
#9496=SURFACE_SIDE_STYLE('',(#9919));
#9497=SURFACE_SIDE_STYLE('',(#9920));
#9498=SURFACE_SIDE_STYLE('',(#9921));
#9499=SURFACE_SIDE_STYLE('',(#9922));
#9500=SURFACE_SIDE_STYLE('',(#9923));
#9501=SURFACE_SIDE_STYLE('',(#9924));
#9502=SURFACE_SIDE_STYLE('',(#9925));
#9503=SURFACE_SIDE_STYLE('',(#9926));
#9504=SURFACE_SIDE_STYLE('',(#9927));
#9505=SURFACE_SIDE_STYLE('',(#9928));
#9506=SURFACE_SIDE_STYLE('',(#9929));
#9507=SURFACE_SIDE_STYLE('',(#9930));
#9508=SURFACE_SIDE_STYLE('',(#9931));
#9509=SURFACE_SIDE_STYLE('',(#9932));
#9510=SURFACE_SIDE_STYLE('',(#9933));
#9511=SURFACE_SIDE_STYLE('',(#9934));
#9512=SURFACE_SIDE_STYLE('',(#9935));
#9513=SURFACE_SIDE_STYLE('',(#9936));
#9514=SURFACE_SIDE_STYLE('',(#9937));
#9515=SURFACE_SIDE_STYLE('',(#9938));
#9516=SURFACE_SIDE_STYLE('',(#9939));
#9517=SURFACE_SIDE_STYLE('',(#9940));
#9518=SURFACE_SIDE_STYLE('',(#9941));
#9519=SURFACE_SIDE_STYLE('',(#9942));
#9520=SURFACE_SIDE_STYLE('',(#9943));
#9521=SURFACE_SIDE_STYLE('',(#9944));
#9522=SURFACE_SIDE_STYLE('',(#9945));
#9523=SURFACE_SIDE_STYLE('',(#9946));
#9524=SURFACE_SIDE_STYLE('',(#9947));
#9525=SURFACE_SIDE_STYLE('',(#9948));
#9526=SURFACE_SIDE_STYLE('',(#9949));
#9527=SURFACE_SIDE_STYLE('',(#9950));
#9528=SURFACE_SIDE_STYLE('',(#9951));
#9529=SURFACE_SIDE_STYLE('',(#9952));
#9530=SURFACE_SIDE_STYLE('',(#9953));
#9531=SURFACE_SIDE_STYLE('',(#9954));
#9532=SURFACE_SIDE_STYLE('',(#9955));
#9533=SURFACE_SIDE_STYLE('',(#9956));
#9534=SURFACE_SIDE_STYLE('',(#9957));
#9535=SURFACE_SIDE_STYLE('',(#9958));
#9536=SURFACE_SIDE_STYLE('',(#9959));
#9537=SURFACE_SIDE_STYLE('',(#9960));
#9538=SURFACE_SIDE_STYLE('',(#9961));
#9539=SURFACE_SIDE_STYLE('',(#9962));
#9540=SURFACE_SIDE_STYLE('',(#9963));
#9541=SURFACE_SIDE_STYLE('',(#9964));
#9542=SURFACE_SIDE_STYLE('',(#9965));
#9543=SURFACE_SIDE_STYLE('',(#9966));
#9544=SURFACE_SIDE_STYLE('',(#9967));
#9545=SURFACE_SIDE_STYLE('',(#9968));
#9546=SURFACE_SIDE_STYLE('',(#9969));
#9547=SURFACE_SIDE_STYLE('',(#9970));
#9548=SURFACE_SIDE_STYLE('',(#9971));
#9549=SURFACE_SIDE_STYLE('',(#9972));
#9550=SURFACE_SIDE_STYLE('',(#9973));
#9551=SURFACE_SIDE_STYLE('',(#9974));
#9552=SURFACE_SIDE_STYLE('',(#9975));
#9553=SURFACE_SIDE_STYLE('',(#9976));
#9554=SURFACE_SIDE_STYLE('',(#9977));
#9555=SURFACE_SIDE_STYLE('',(#9978));
#9556=SURFACE_SIDE_STYLE('',(#9979));
#9557=SURFACE_SIDE_STYLE('',(#9980));
#9558=SURFACE_SIDE_STYLE('',(#9981));
#9559=SURFACE_SIDE_STYLE('',(#9982));
#9560=SURFACE_SIDE_STYLE('',(#9983));
#9561=SURFACE_SIDE_STYLE('',(#9984));
#9562=SURFACE_SIDE_STYLE('',(#9985));
#9563=SURFACE_SIDE_STYLE('',(#9986));
#9564=SURFACE_SIDE_STYLE('',(#9987));
#9565=SURFACE_SIDE_STYLE('',(#9988));
#9566=SURFACE_SIDE_STYLE('',(#9989));
#9567=SURFACE_SIDE_STYLE('',(#9990));
#9568=SURFACE_SIDE_STYLE('',(#9991));
#9569=SURFACE_SIDE_STYLE('',(#9992));
#9570=SURFACE_SIDE_STYLE('',(#9993));
#9571=SURFACE_SIDE_STYLE('',(#9994));
#9572=SURFACE_SIDE_STYLE('',(#9995));
#9573=SURFACE_SIDE_STYLE('',(#9996));
#9574=SURFACE_SIDE_STYLE('',(#9997));
#9575=SURFACE_SIDE_STYLE('',(#9998));
#9576=SURFACE_SIDE_STYLE('',(#9999));
#9577=SURFACE_SIDE_STYLE('',(#10000));
#9578=SURFACE_SIDE_STYLE('',(#10001));
#9579=SURFACE_SIDE_STYLE('',(#10002));
#9580=SURFACE_SIDE_STYLE('',(#10003));
#9581=SURFACE_SIDE_STYLE('',(#10004));
#9582=SURFACE_SIDE_STYLE('',(#10005));
#9583=SURFACE_SIDE_STYLE('',(#10006));
#9584=SURFACE_SIDE_STYLE('',(#10007));
#9585=SURFACE_SIDE_STYLE('',(#10008));
#9586=SURFACE_SIDE_STYLE('',(#10009));
#9587=SURFACE_SIDE_STYLE('',(#10010));
#9588=SURFACE_SIDE_STYLE('',(#10011));
#9589=SURFACE_SIDE_STYLE('',(#10012));
#9590=SURFACE_SIDE_STYLE('',(#10013));
#9591=SURFACE_SIDE_STYLE('',(#10014));
#9592=SURFACE_SIDE_STYLE('',(#10015));
#9593=SURFACE_SIDE_STYLE('',(#10016));
#9594=SURFACE_SIDE_STYLE('',(#10017));
#9595=SURFACE_SIDE_STYLE('',(#10018));
#9596=SURFACE_SIDE_STYLE('',(#10019));
#9597=SURFACE_SIDE_STYLE('',(#10020));
#9598=SURFACE_SIDE_STYLE('',(#10021));
#9599=SURFACE_SIDE_STYLE('',(#10022));
#9600=SURFACE_SIDE_STYLE('',(#10023));
#9601=SURFACE_SIDE_STYLE('',(#10024));
#9602=SURFACE_SIDE_STYLE('',(#10025));
#9603=SURFACE_SIDE_STYLE('',(#10026));
#9604=SURFACE_SIDE_STYLE('',(#10027));
#9605=SURFACE_SIDE_STYLE('',(#10028));
#9606=SURFACE_SIDE_STYLE('',(#10029));
#9607=SURFACE_SIDE_STYLE('',(#10030));
#9608=SURFACE_SIDE_STYLE('',(#10031));
#9609=SURFACE_SIDE_STYLE('',(#10032));
#9610=SURFACE_SIDE_STYLE('',(#10033));
#9611=SURFACE_SIDE_STYLE('',(#10034));
#9612=SURFACE_SIDE_STYLE('',(#10035));
#9613=SURFACE_SIDE_STYLE('',(#10036));
#9614=SURFACE_SIDE_STYLE('',(#10037));
#9615=SURFACE_SIDE_STYLE('',(#10038));
#9616=SURFACE_SIDE_STYLE('',(#10039));
#9617=SURFACE_SIDE_STYLE('',(#10040));
#9618=SURFACE_SIDE_STYLE('',(#10041));
#9619=SURFACE_SIDE_STYLE('',(#10042));
#9620=SURFACE_SIDE_STYLE('',(#10043));
#9621=SURFACE_SIDE_STYLE('',(#10044));
#9622=SURFACE_SIDE_STYLE('',(#10045));
#9623=SURFACE_SIDE_STYLE('',(#10046));
#9624=SURFACE_STYLE_FILL_AREA(#10047);
#9625=SURFACE_STYLE_FILL_AREA(#10048);
#9626=SURFACE_STYLE_FILL_AREA(#10049);
#9627=SURFACE_STYLE_FILL_AREA(#10050);
#9628=SURFACE_STYLE_FILL_AREA(#10051);
#9629=SURFACE_STYLE_FILL_AREA(#10052);
#9630=SURFACE_STYLE_FILL_AREA(#10053);
#9631=SURFACE_STYLE_FILL_AREA(#10054);
#9632=SURFACE_STYLE_FILL_AREA(#10055);
#9633=SURFACE_STYLE_FILL_AREA(#10056);
#9634=SURFACE_STYLE_FILL_AREA(#10057);
#9635=SURFACE_STYLE_FILL_AREA(#10058);
#9636=SURFACE_STYLE_FILL_AREA(#10059);
#9637=SURFACE_STYLE_FILL_AREA(#10060);
#9638=SURFACE_STYLE_FILL_AREA(#10061);
#9639=SURFACE_STYLE_FILL_AREA(#10062);
#9640=SURFACE_STYLE_FILL_AREA(#10063);
#9641=SURFACE_STYLE_FILL_AREA(#10064);
#9642=SURFACE_STYLE_FILL_AREA(#10065);
#9643=SURFACE_STYLE_FILL_AREA(#10066);
#9644=SURFACE_STYLE_FILL_AREA(#10067);
#9645=SURFACE_STYLE_FILL_AREA(#10068);
#9646=SURFACE_STYLE_FILL_AREA(#10069);
#9647=SURFACE_STYLE_FILL_AREA(#10070);
#9648=SURFACE_STYLE_FILL_AREA(#10071);
#9649=SURFACE_STYLE_FILL_AREA(#10072);
#9650=SURFACE_STYLE_FILL_AREA(#10073);
#9651=SURFACE_STYLE_FILL_AREA(#10074);
#9652=SURFACE_STYLE_FILL_AREA(#10075);
#9653=SURFACE_STYLE_FILL_AREA(#10076);
#9654=SURFACE_STYLE_FILL_AREA(#10077);
#9655=SURFACE_STYLE_FILL_AREA(#10078);
#9656=SURFACE_STYLE_FILL_AREA(#10079);
#9657=SURFACE_STYLE_FILL_AREA(#10080);
#9658=SURFACE_STYLE_FILL_AREA(#10081);
#9659=SURFACE_STYLE_FILL_AREA(#10082);
#9660=SURFACE_STYLE_FILL_AREA(#10083);
#9661=SURFACE_STYLE_FILL_AREA(#10084);
#9662=SURFACE_STYLE_FILL_AREA(#10085);
#9663=SURFACE_STYLE_FILL_AREA(#10086);
#9664=SURFACE_STYLE_FILL_AREA(#10087);
#9665=SURFACE_STYLE_FILL_AREA(#10088);
#9666=SURFACE_STYLE_FILL_AREA(#10089);
#9667=SURFACE_STYLE_FILL_AREA(#10090);
#9668=SURFACE_STYLE_FILL_AREA(#10091);
#9669=SURFACE_STYLE_FILL_AREA(#10092);
#9670=SURFACE_STYLE_FILL_AREA(#10093);
#9671=SURFACE_STYLE_FILL_AREA(#10094);
#9672=SURFACE_STYLE_FILL_AREA(#10095);
#9673=SURFACE_STYLE_FILL_AREA(#10096);
#9674=SURFACE_STYLE_FILL_AREA(#10097);
#9675=SURFACE_STYLE_FILL_AREA(#10098);
#9676=SURFACE_STYLE_FILL_AREA(#10099);
#9677=SURFACE_STYLE_FILL_AREA(#10100);
#9678=SURFACE_STYLE_FILL_AREA(#10101);
#9679=SURFACE_STYLE_FILL_AREA(#10102);
#9680=SURFACE_STYLE_FILL_AREA(#10103);
#9681=SURFACE_STYLE_FILL_AREA(#10104);
#9682=SURFACE_STYLE_FILL_AREA(#10105);
#9683=SURFACE_STYLE_FILL_AREA(#10106);
#9684=SURFACE_STYLE_FILL_AREA(#10107);
#9685=SURFACE_STYLE_FILL_AREA(#10108);
#9686=SURFACE_STYLE_FILL_AREA(#10109);
#9687=SURFACE_STYLE_FILL_AREA(#10110);
#9688=SURFACE_STYLE_FILL_AREA(#10111);
#9689=SURFACE_STYLE_FILL_AREA(#10112);
#9690=SURFACE_STYLE_FILL_AREA(#10113);
#9691=SURFACE_STYLE_FILL_AREA(#10114);
#9692=SURFACE_STYLE_FILL_AREA(#10115);
#9693=SURFACE_STYLE_FILL_AREA(#10116);
#9694=SURFACE_STYLE_FILL_AREA(#10117);
#9695=SURFACE_STYLE_FILL_AREA(#10118);
#9696=SURFACE_STYLE_FILL_AREA(#10119);
#9697=SURFACE_STYLE_FILL_AREA(#10120);
#9698=SURFACE_STYLE_FILL_AREA(#10121);
#9699=SURFACE_STYLE_FILL_AREA(#10122);
#9700=SURFACE_STYLE_FILL_AREA(#10123);
#9701=SURFACE_STYLE_FILL_AREA(#10124);
#9702=SURFACE_STYLE_FILL_AREA(#10125);
#9703=SURFACE_STYLE_FILL_AREA(#10126);
#9704=SURFACE_STYLE_FILL_AREA(#10127);
#9705=SURFACE_STYLE_FILL_AREA(#10128);
#9706=SURFACE_STYLE_FILL_AREA(#10129);
#9707=SURFACE_STYLE_FILL_AREA(#10130);
#9708=SURFACE_STYLE_FILL_AREA(#10131);
#9709=SURFACE_STYLE_FILL_AREA(#10132);
#9710=SURFACE_STYLE_FILL_AREA(#10133);
#9711=SURFACE_STYLE_FILL_AREA(#10134);
#9712=SURFACE_STYLE_FILL_AREA(#10135);
#9713=SURFACE_STYLE_FILL_AREA(#10136);
#9714=SURFACE_STYLE_FILL_AREA(#10137);
#9715=SURFACE_STYLE_FILL_AREA(#10138);
#9716=SURFACE_STYLE_FILL_AREA(#10139);
#9717=SURFACE_STYLE_FILL_AREA(#10140);
#9718=SURFACE_STYLE_FILL_AREA(#10141);
#9719=SURFACE_STYLE_FILL_AREA(#10142);
#9720=SURFACE_STYLE_FILL_AREA(#10143);
#9721=SURFACE_STYLE_FILL_AREA(#10144);
#9722=SURFACE_STYLE_FILL_AREA(#10145);
#9723=SURFACE_STYLE_FILL_AREA(#10146);
#9724=SURFACE_STYLE_FILL_AREA(#10147);
#9725=SURFACE_STYLE_FILL_AREA(#10148);
#9726=SURFACE_STYLE_FILL_AREA(#10149);
#9727=SURFACE_STYLE_FILL_AREA(#10150);
#9728=SURFACE_STYLE_FILL_AREA(#10151);
#9729=SURFACE_STYLE_FILL_AREA(#10152);
#9730=SURFACE_STYLE_FILL_AREA(#10153);
#9731=SURFACE_STYLE_FILL_AREA(#10154);
#9732=SURFACE_STYLE_FILL_AREA(#10155);
#9733=SURFACE_STYLE_FILL_AREA(#10156);
#9734=SURFACE_STYLE_FILL_AREA(#10157);
#9735=SURFACE_STYLE_FILL_AREA(#10158);
#9736=SURFACE_STYLE_FILL_AREA(#10159);
#9737=SURFACE_STYLE_FILL_AREA(#10160);
#9738=SURFACE_STYLE_FILL_AREA(#10161);
#9739=SURFACE_STYLE_FILL_AREA(#10162);
#9740=SURFACE_STYLE_FILL_AREA(#10163);
#9741=SURFACE_STYLE_FILL_AREA(#10164);
#9742=SURFACE_STYLE_FILL_AREA(#10165);
#9743=SURFACE_STYLE_FILL_AREA(#10166);
#9744=SURFACE_STYLE_FILL_AREA(#10167);
#9745=SURFACE_STYLE_FILL_AREA(#10168);
#9746=SURFACE_STYLE_FILL_AREA(#10169);
#9747=SURFACE_STYLE_FILL_AREA(#10170);
#9748=SURFACE_STYLE_FILL_AREA(#10171);
#9749=SURFACE_STYLE_FILL_AREA(#10172);
#9750=SURFACE_STYLE_FILL_AREA(#10173);
#9751=SURFACE_STYLE_FILL_AREA(#10174);
#9752=SURFACE_STYLE_FILL_AREA(#10175);
#9753=SURFACE_STYLE_FILL_AREA(#10176);
#9754=SURFACE_STYLE_FILL_AREA(#10177);
#9755=SURFACE_STYLE_FILL_AREA(#10178);
#9756=SURFACE_STYLE_FILL_AREA(#10179);
#9757=SURFACE_STYLE_FILL_AREA(#10180);
#9758=SURFACE_STYLE_FILL_AREA(#10181);
#9759=SURFACE_STYLE_FILL_AREA(#10182);
#9760=SURFACE_STYLE_FILL_AREA(#10183);
#9761=SURFACE_STYLE_FILL_AREA(#10184);
#9762=SURFACE_STYLE_FILL_AREA(#10185);
#9763=SURFACE_STYLE_FILL_AREA(#10186);
#9764=SURFACE_STYLE_FILL_AREA(#10187);
#9765=SURFACE_STYLE_FILL_AREA(#10188);
#9766=SURFACE_STYLE_FILL_AREA(#10189);
#9767=SURFACE_STYLE_FILL_AREA(#10190);
#9768=SURFACE_STYLE_FILL_AREA(#10191);
#9769=SURFACE_STYLE_FILL_AREA(#10192);
#9770=SURFACE_STYLE_FILL_AREA(#10193);
#9771=SURFACE_STYLE_FILL_AREA(#10194);
#9772=SURFACE_STYLE_FILL_AREA(#10195);
#9773=SURFACE_STYLE_FILL_AREA(#10196);
#9774=SURFACE_STYLE_FILL_AREA(#10197);
#9775=SURFACE_STYLE_FILL_AREA(#10198);
#9776=SURFACE_STYLE_FILL_AREA(#10199);
#9777=SURFACE_STYLE_FILL_AREA(#10200);
#9778=SURFACE_STYLE_FILL_AREA(#10201);
#9779=SURFACE_STYLE_FILL_AREA(#10202);
#9780=SURFACE_STYLE_FILL_AREA(#10203);
#9781=SURFACE_STYLE_FILL_AREA(#10204);
#9782=SURFACE_STYLE_FILL_AREA(#10205);
#9783=SURFACE_STYLE_FILL_AREA(#10206);
#9784=SURFACE_STYLE_FILL_AREA(#10207);
#9785=SURFACE_STYLE_FILL_AREA(#10208);
#9786=SURFACE_STYLE_FILL_AREA(#10209);
#9787=SURFACE_STYLE_FILL_AREA(#10210);
#9788=SURFACE_STYLE_FILL_AREA(#10211);
#9789=SURFACE_STYLE_FILL_AREA(#10212);
#9790=SURFACE_STYLE_FILL_AREA(#10213);
#9791=SURFACE_STYLE_FILL_AREA(#10214);
#9792=SURFACE_STYLE_FILL_AREA(#10215);
#9793=SURFACE_STYLE_FILL_AREA(#10216);
#9794=SURFACE_STYLE_FILL_AREA(#10217);
#9795=SURFACE_STYLE_FILL_AREA(#10218);
#9796=SURFACE_STYLE_FILL_AREA(#10219);
#9797=SURFACE_STYLE_FILL_AREA(#10220);
#9798=SURFACE_STYLE_FILL_AREA(#10221);
#9799=SURFACE_STYLE_FILL_AREA(#10222);
#9800=SURFACE_STYLE_FILL_AREA(#10223);
#9801=SURFACE_STYLE_FILL_AREA(#10224);
#9802=SURFACE_STYLE_FILL_AREA(#10225);
#9803=SURFACE_STYLE_FILL_AREA(#10226);
#9804=SURFACE_STYLE_FILL_AREA(#10227);
#9805=SURFACE_STYLE_FILL_AREA(#10228);
#9806=SURFACE_STYLE_FILL_AREA(#10229);
#9807=SURFACE_STYLE_FILL_AREA(#10230);
#9808=SURFACE_STYLE_FILL_AREA(#10231);
#9809=SURFACE_STYLE_FILL_AREA(#10232);
#9810=SURFACE_STYLE_FILL_AREA(#10233);
#9811=SURFACE_STYLE_FILL_AREA(#10234);
#9812=SURFACE_STYLE_FILL_AREA(#10235);
#9813=SURFACE_STYLE_FILL_AREA(#10236);
#9814=SURFACE_STYLE_FILL_AREA(#10237);
#9815=SURFACE_STYLE_FILL_AREA(#10238);
#9816=SURFACE_STYLE_FILL_AREA(#10239);
#9817=SURFACE_STYLE_FILL_AREA(#10240);
#9818=SURFACE_STYLE_FILL_AREA(#10241);
#9819=SURFACE_STYLE_FILL_AREA(#10242);
#9820=SURFACE_STYLE_FILL_AREA(#10243);
#9821=SURFACE_STYLE_FILL_AREA(#10244);
#9822=SURFACE_STYLE_FILL_AREA(#10245);
#9823=SURFACE_STYLE_FILL_AREA(#10246);
#9824=SURFACE_STYLE_FILL_AREA(#10247);
#9825=SURFACE_STYLE_FILL_AREA(#10248);
#9826=SURFACE_STYLE_FILL_AREA(#10249);
#9827=SURFACE_STYLE_FILL_AREA(#10250);
#9828=SURFACE_STYLE_FILL_AREA(#10251);
#9829=SURFACE_STYLE_FILL_AREA(#10252);
#9830=SURFACE_STYLE_FILL_AREA(#10253);
#9831=SURFACE_STYLE_FILL_AREA(#10254);
#9832=SURFACE_STYLE_FILL_AREA(#10255);
#9833=SURFACE_STYLE_FILL_AREA(#10256);
#9834=SURFACE_STYLE_FILL_AREA(#10257);
#9835=SURFACE_STYLE_FILL_AREA(#10258);
#9836=SURFACE_STYLE_FILL_AREA(#10259);
#9837=SURFACE_STYLE_FILL_AREA(#10260);
#9838=SURFACE_STYLE_FILL_AREA(#10261);
#9839=SURFACE_STYLE_FILL_AREA(#10262);
#9840=SURFACE_STYLE_FILL_AREA(#10263);
#9841=SURFACE_STYLE_FILL_AREA(#10264);
#9842=SURFACE_STYLE_FILL_AREA(#10265);
#9843=SURFACE_STYLE_FILL_AREA(#10266);
#9844=SURFACE_STYLE_FILL_AREA(#10267);
#9845=SURFACE_STYLE_FILL_AREA(#10268);
#9846=SURFACE_STYLE_FILL_AREA(#10269);
#9847=SURFACE_STYLE_FILL_AREA(#10270);
#9848=SURFACE_STYLE_FILL_AREA(#10271);
#9849=SURFACE_STYLE_FILL_AREA(#10272);
#9850=SURFACE_STYLE_FILL_AREA(#10273);
#9851=SURFACE_STYLE_FILL_AREA(#10274);
#9852=SURFACE_STYLE_FILL_AREA(#10275);
#9853=SURFACE_STYLE_FILL_AREA(#10276);
#9854=SURFACE_STYLE_FILL_AREA(#10277);
#9855=SURFACE_STYLE_FILL_AREA(#10278);
#9856=SURFACE_STYLE_FILL_AREA(#10279);
#9857=SURFACE_STYLE_FILL_AREA(#10280);
#9858=SURFACE_STYLE_FILL_AREA(#10281);
#9859=SURFACE_STYLE_FILL_AREA(#10282);
#9860=SURFACE_STYLE_FILL_AREA(#10283);
#9861=SURFACE_STYLE_FILL_AREA(#10284);
#9862=SURFACE_STYLE_FILL_AREA(#10285);
#9863=SURFACE_STYLE_FILL_AREA(#10286);
#9864=SURFACE_STYLE_FILL_AREA(#10287);
#9865=SURFACE_STYLE_FILL_AREA(#10288);
#9866=SURFACE_STYLE_FILL_AREA(#10289);
#9867=SURFACE_STYLE_FILL_AREA(#10290);
#9868=SURFACE_STYLE_FILL_AREA(#10291);
#9869=SURFACE_STYLE_FILL_AREA(#10292);
#9870=SURFACE_STYLE_FILL_AREA(#10293);
#9871=SURFACE_STYLE_FILL_AREA(#10294);
#9872=SURFACE_STYLE_FILL_AREA(#10295);
#9873=SURFACE_STYLE_FILL_AREA(#10296);
#9874=SURFACE_STYLE_FILL_AREA(#10297);
#9875=SURFACE_STYLE_FILL_AREA(#10298);
#9876=SURFACE_STYLE_FILL_AREA(#10299);
#9877=SURFACE_STYLE_FILL_AREA(#10300);
#9878=SURFACE_STYLE_FILL_AREA(#10301);
#9879=SURFACE_STYLE_FILL_AREA(#10302);
#9880=SURFACE_STYLE_FILL_AREA(#10303);
#9881=SURFACE_STYLE_FILL_AREA(#10304);
#9882=SURFACE_STYLE_FILL_AREA(#10305);
#9883=SURFACE_STYLE_FILL_AREA(#10306);
#9884=SURFACE_STYLE_FILL_AREA(#10307);
#9885=SURFACE_STYLE_FILL_AREA(#10308);
#9886=SURFACE_STYLE_FILL_AREA(#10309);
#9887=SURFACE_STYLE_FILL_AREA(#10310);
#9888=SURFACE_STYLE_FILL_AREA(#10311);
#9889=SURFACE_STYLE_FILL_AREA(#10312);
#9890=SURFACE_STYLE_FILL_AREA(#10313);
#9891=SURFACE_STYLE_FILL_AREA(#10314);
#9892=SURFACE_STYLE_FILL_AREA(#10315);
#9893=SURFACE_STYLE_FILL_AREA(#10316);
#9894=SURFACE_STYLE_FILL_AREA(#10317);
#9895=SURFACE_STYLE_FILL_AREA(#10318);
#9896=SURFACE_STYLE_FILL_AREA(#10319);
#9897=SURFACE_STYLE_FILL_AREA(#10320);
#9898=SURFACE_STYLE_FILL_AREA(#10321);
#9899=SURFACE_STYLE_FILL_AREA(#10322);
#9900=SURFACE_STYLE_FILL_AREA(#10323);
#9901=SURFACE_STYLE_FILL_AREA(#10324);
#9902=SURFACE_STYLE_FILL_AREA(#10325);
#9903=SURFACE_STYLE_FILL_AREA(#10326);
#9904=SURFACE_STYLE_FILL_AREA(#10327);
#9905=SURFACE_STYLE_FILL_AREA(#10328);
#9906=SURFACE_STYLE_FILL_AREA(#10329);
#9907=SURFACE_STYLE_FILL_AREA(#10330);
#9908=SURFACE_STYLE_FILL_AREA(#10331);
#9909=SURFACE_STYLE_FILL_AREA(#10332);
#9910=SURFACE_STYLE_FILL_AREA(#10333);
#9911=SURFACE_STYLE_FILL_AREA(#10334);
#9912=SURFACE_STYLE_FILL_AREA(#10335);
#9913=SURFACE_STYLE_FILL_AREA(#10336);
#9914=SURFACE_STYLE_FILL_AREA(#10337);
#9915=SURFACE_STYLE_FILL_AREA(#10338);
#9916=SURFACE_STYLE_FILL_AREA(#10339);
#9917=SURFACE_STYLE_FILL_AREA(#10340);
#9918=SURFACE_STYLE_FILL_AREA(#10341);
#9919=SURFACE_STYLE_FILL_AREA(#10342);
#9920=SURFACE_STYLE_FILL_AREA(#10343);
#9921=SURFACE_STYLE_FILL_AREA(#10344);
#9922=SURFACE_STYLE_FILL_AREA(#10345);
#9923=SURFACE_STYLE_FILL_AREA(#10346);
#9924=SURFACE_STYLE_FILL_AREA(#10347);
#9925=SURFACE_STYLE_FILL_AREA(#10348);
#9926=SURFACE_STYLE_FILL_AREA(#10349);
#9927=SURFACE_STYLE_FILL_AREA(#10350);
#9928=SURFACE_STYLE_FILL_AREA(#10351);
#9929=SURFACE_STYLE_FILL_AREA(#10352);
#9930=SURFACE_STYLE_FILL_AREA(#10353);
#9931=SURFACE_STYLE_FILL_AREA(#10354);
#9932=SURFACE_STYLE_FILL_AREA(#10355);
#9933=SURFACE_STYLE_FILL_AREA(#10356);
#9934=SURFACE_STYLE_FILL_AREA(#10357);
#9935=SURFACE_STYLE_FILL_AREA(#10358);
#9936=SURFACE_STYLE_FILL_AREA(#10359);
#9937=SURFACE_STYLE_FILL_AREA(#10360);
#9938=SURFACE_STYLE_FILL_AREA(#10361);
#9939=SURFACE_STYLE_FILL_AREA(#10362);
#9940=SURFACE_STYLE_FILL_AREA(#10363);
#9941=SURFACE_STYLE_FILL_AREA(#10364);
#9942=SURFACE_STYLE_FILL_AREA(#10365);
#9943=SURFACE_STYLE_FILL_AREA(#10366);
#9944=SURFACE_STYLE_FILL_AREA(#10367);
#9945=SURFACE_STYLE_FILL_AREA(#10368);
#9946=SURFACE_STYLE_FILL_AREA(#10369);
#9947=SURFACE_STYLE_FILL_AREA(#10370);
#9948=SURFACE_STYLE_FILL_AREA(#10371);
#9949=SURFACE_STYLE_FILL_AREA(#10372);
#9950=SURFACE_STYLE_FILL_AREA(#10373);
#9951=SURFACE_STYLE_FILL_AREA(#10374);
#9952=SURFACE_STYLE_FILL_AREA(#10375);
#9953=SURFACE_STYLE_FILL_AREA(#10376);
#9954=SURFACE_STYLE_FILL_AREA(#10377);
#9955=SURFACE_STYLE_FILL_AREA(#10378);
#9956=SURFACE_STYLE_FILL_AREA(#10379);
#9957=SURFACE_STYLE_FILL_AREA(#10380);
#9958=SURFACE_STYLE_FILL_AREA(#10381);
#9959=SURFACE_STYLE_FILL_AREA(#10382);
#9960=SURFACE_STYLE_FILL_AREA(#10383);
#9961=SURFACE_STYLE_FILL_AREA(#10384);
#9962=SURFACE_STYLE_FILL_AREA(#10385);
#9963=SURFACE_STYLE_FILL_AREA(#10386);
#9964=SURFACE_STYLE_FILL_AREA(#10387);
#9965=SURFACE_STYLE_FILL_AREA(#10388);
#9966=SURFACE_STYLE_FILL_AREA(#10389);
#9967=SURFACE_STYLE_FILL_AREA(#10390);
#9968=SURFACE_STYLE_FILL_AREA(#10391);
#9969=SURFACE_STYLE_FILL_AREA(#10392);
#9970=SURFACE_STYLE_FILL_AREA(#10393);
#9971=SURFACE_STYLE_FILL_AREA(#10394);
#9972=SURFACE_STYLE_FILL_AREA(#10395);
#9973=SURFACE_STYLE_FILL_AREA(#10396);
#9974=SURFACE_STYLE_FILL_AREA(#10397);
#9975=SURFACE_STYLE_FILL_AREA(#10398);
#9976=SURFACE_STYLE_FILL_AREA(#10399);
#9977=SURFACE_STYLE_FILL_AREA(#10400);
#9978=SURFACE_STYLE_FILL_AREA(#10401);
#9979=SURFACE_STYLE_FILL_AREA(#10402);
#9980=SURFACE_STYLE_FILL_AREA(#10403);
#9981=SURFACE_STYLE_FILL_AREA(#10404);
#9982=SURFACE_STYLE_FILL_AREA(#10405);
#9983=SURFACE_STYLE_FILL_AREA(#10406);
#9984=SURFACE_STYLE_FILL_AREA(#10407);
#9985=SURFACE_STYLE_FILL_AREA(#10408);
#9986=SURFACE_STYLE_FILL_AREA(#10409);
#9987=SURFACE_STYLE_FILL_AREA(#10410);
#9988=SURFACE_STYLE_FILL_AREA(#10411);
#9989=SURFACE_STYLE_FILL_AREA(#10412);
#9990=SURFACE_STYLE_FILL_AREA(#10413);
#9991=SURFACE_STYLE_FILL_AREA(#10414);
#9992=SURFACE_STYLE_FILL_AREA(#10415);
#9993=SURFACE_STYLE_FILL_AREA(#10416);
#9994=SURFACE_STYLE_FILL_AREA(#10417);
#9995=SURFACE_STYLE_FILL_AREA(#10418);
#9996=SURFACE_STYLE_FILL_AREA(#10419);
#9997=SURFACE_STYLE_FILL_AREA(#10420);
#9998=SURFACE_STYLE_FILL_AREA(#10421);
#9999=SURFACE_STYLE_FILL_AREA(#10422);
#10000=SURFACE_STYLE_FILL_AREA(#10423);
#10001=SURFACE_STYLE_FILL_AREA(#10424);
#10002=SURFACE_STYLE_FILL_AREA(#10425);
#10003=SURFACE_STYLE_FILL_AREA(#10426);
#10004=SURFACE_STYLE_FILL_AREA(#10427);
#10005=SURFACE_STYLE_FILL_AREA(#10428);
#10006=SURFACE_STYLE_FILL_AREA(#10429);
#10007=SURFACE_STYLE_FILL_AREA(#10430);
#10008=SURFACE_STYLE_FILL_AREA(#10431);
#10009=SURFACE_STYLE_FILL_AREA(#10432);
#10010=SURFACE_STYLE_FILL_AREA(#10433);
#10011=SURFACE_STYLE_FILL_AREA(#10434);
#10012=SURFACE_STYLE_FILL_AREA(#10435);
#10013=SURFACE_STYLE_FILL_AREA(#10436);
#10014=SURFACE_STYLE_FILL_AREA(#10437);
#10015=SURFACE_STYLE_FILL_AREA(#10438);
#10016=SURFACE_STYLE_FILL_AREA(#10439);
#10017=SURFACE_STYLE_FILL_AREA(#10440);
#10018=SURFACE_STYLE_FILL_AREA(#10441);
#10019=SURFACE_STYLE_FILL_AREA(#10442);
#10020=SURFACE_STYLE_FILL_AREA(#10443);
#10021=SURFACE_STYLE_FILL_AREA(#10444);
#10022=SURFACE_STYLE_FILL_AREA(#10445);
#10023=SURFACE_STYLE_FILL_AREA(#10446);
#10024=SURFACE_STYLE_FILL_AREA(#10447);
#10025=SURFACE_STYLE_FILL_AREA(#10448);
#10026=SURFACE_STYLE_FILL_AREA(#10449);
#10027=SURFACE_STYLE_FILL_AREA(#10450);
#10028=SURFACE_STYLE_FILL_AREA(#10451);
#10029=SURFACE_STYLE_FILL_AREA(#10452);
#10030=SURFACE_STYLE_FILL_AREA(#10453);
#10031=SURFACE_STYLE_FILL_AREA(#10454);
#10032=SURFACE_STYLE_FILL_AREA(#10455);
#10033=SURFACE_STYLE_FILL_AREA(#10456);
#10034=SURFACE_STYLE_FILL_AREA(#10457);
#10035=SURFACE_STYLE_FILL_AREA(#10458);
#10036=SURFACE_STYLE_FILL_AREA(#10459);
#10037=SURFACE_STYLE_FILL_AREA(#10460);
#10038=SURFACE_STYLE_FILL_AREA(#10461);
#10039=SURFACE_STYLE_FILL_AREA(#10462);
#10040=SURFACE_STYLE_FILL_AREA(#10463);
#10041=SURFACE_STYLE_FILL_AREA(#10464);
#10042=SURFACE_STYLE_FILL_AREA(#10465);
#10043=SURFACE_STYLE_FILL_AREA(#10466);
#10044=SURFACE_STYLE_FILL_AREA(#10467);
#10045=SURFACE_STYLE_FILL_AREA(#10468);
#10046=SURFACE_STYLE_FILL_AREA(#10469);
#10047=FILL_AREA_STYLE('',(#10470));
#10048=FILL_AREA_STYLE('',(#10471));
#10049=FILL_AREA_STYLE('',(#10472));
#10050=FILL_AREA_STYLE('',(#10473));
#10051=FILL_AREA_STYLE('',(#10474));
#10052=FILL_AREA_STYLE('',(#10475));
#10053=FILL_AREA_STYLE('',(#10476));
#10054=FILL_AREA_STYLE('',(#10477));
#10055=FILL_AREA_STYLE('',(#10478));
#10056=FILL_AREA_STYLE('',(#10479));
#10057=FILL_AREA_STYLE('',(#10480));
#10058=FILL_AREA_STYLE('',(#10481));
#10059=FILL_AREA_STYLE('',(#10482));
#10060=FILL_AREA_STYLE('',(#10483));
#10061=FILL_AREA_STYLE('',(#10484));
#10062=FILL_AREA_STYLE('',(#10485));
#10063=FILL_AREA_STYLE('',(#10486));
#10064=FILL_AREA_STYLE('',(#10487));
#10065=FILL_AREA_STYLE('',(#10488));
#10066=FILL_AREA_STYLE('',(#10489));
#10067=FILL_AREA_STYLE('',(#10490));
#10068=FILL_AREA_STYLE('',(#10491));
#10069=FILL_AREA_STYLE('',(#10492));
#10070=FILL_AREA_STYLE('',(#10493));
#10071=FILL_AREA_STYLE('',(#10494));
#10072=FILL_AREA_STYLE('',(#10495));
#10073=FILL_AREA_STYLE('',(#10496));
#10074=FILL_AREA_STYLE('',(#10497));
#10075=FILL_AREA_STYLE('',(#10498));
#10076=FILL_AREA_STYLE('',(#10499));
#10077=FILL_AREA_STYLE('',(#10500));
#10078=FILL_AREA_STYLE('',(#10501));
#10079=FILL_AREA_STYLE('',(#10502));
#10080=FILL_AREA_STYLE('',(#10503));
#10081=FILL_AREA_STYLE('',(#10504));
#10082=FILL_AREA_STYLE('',(#10505));
#10083=FILL_AREA_STYLE('',(#10506));
#10084=FILL_AREA_STYLE('',(#10507));
#10085=FILL_AREA_STYLE('',(#10508));
#10086=FILL_AREA_STYLE('',(#10509));
#10087=FILL_AREA_STYLE('',(#10510));
#10088=FILL_AREA_STYLE('',(#10511));
#10089=FILL_AREA_STYLE('',(#10512));
#10090=FILL_AREA_STYLE('',(#10513));
#10091=FILL_AREA_STYLE('',(#10514));
#10092=FILL_AREA_STYLE('',(#10515));
#10093=FILL_AREA_STYLE('',(#10516));
#10094=FILL_AREA_STYLE('',(#10517));
#10095=FILL_AREA_STYLE('',(#10518));
#10096=FILL_AREA_STYLE('',(#10519));
#10097=FILL_AREA_STYLE('',(#10520));
#10098=FILL_AREA_STYLE('',(#10521));
#10099=FILL_AREA_STYLE('',(#10522));
#10100=FILL_AREA_STYLE('',(#10523));
#10101=FILL_AREA_STYLE('',(#10524));
#10102=FILL_AREA_STYLE('',(#10525));
#10103=FILL_AREA_STYLE('',(#10526));
#10104=FILL_AREA_STYLE('',(#10527));
#10105=FILL_AREA_STYLE('',(#10528));
#10106=FILL_AREA_STYLE('',(#10529));
#10107=FILL_AREA_STYLE('',(#10530));
#10108=FILL_AREA_STYLE('',(#10531));
#10109=FILL_AREA_STYLE('',(#10532));
#10110=FILL_AREA_STYLE('',(#10533));
#10111=FILL_AREA_STYLE('',(#10534));
#10112=FILL_AREA_STYLE('',(#10535));
#10113=FILL_AREA_STYLE('',(#10536));
#10114=FILL_AREA_STYLE('',(#10537));
#10115=FILL_AREA_STYLE('',(#10538));
#10116=FILL_AREA_STYLE('',(#10539));
#10117=FILL_AREA_STYLE('',(#10540));
#10118=FILL_AREA_STYLE('',(#10541));
#10119=FILL_AREA_STYLE('',(#10542));
#10120=FILL_AREA_STYLE('',(#10543));
#10121=FILL_AREA_STYLE('',(#10544));
#10122=FILL_AREA_STYLE('',(#10545));
#10123=FILL_AREA_STYLE('',(#10546));
#10124=FILL_AREA_STYLE('',(#10547));
#10125=FILL_AREA_STYLE('',(#10548));
#10126=FILL_AREA_STYLE('',(#10549));
#10127=FILL_AREA_STYLE('',(#10550));
#10128=FILL_AREA_STYLE('',(#10551));
#10129=FILL_AREA_STYLE('',(#10552));
#10130=FILL_AREA_STYLE('',(#10553));
#10131=FILL_AREA_STYLE('',(#10554));
#10132=FILL_AREA_STYLE('',(#10555));
#10133=FILL_AREA_STYLE('',(#10556));
#10134=FILL_AREA_STYLE('',(#10557));
#10135=FILL_AREA_STYLE('',(#10558));
#10136=FILL_AREA_STYLE('',(#10559));
#10137=FILL_AREA_STYLE('',(#10560));
#10138=FILL_AREA_STYLE('',(#10561));
#10139=FILL_AREA_STYLE('',(#10562));
#10140=FILL_AREA_STYLE('',(#10563));
#10141=FILL_AREA_STYLE('',(#10564));
#10142=FILL_AREA_STYLE('',(#10565));
#10143=FILL_AREA_STYLE('',(#10566));
#10144=FILL_AREA_STYLE('',(#10567));
#10145=FILL_AREA_STYLE('',(#10568));
#10146=FILL_AREA_STYLE('',(#10569));
#10147=FILL_AREA_STYLE('',(#10570));
#10148=FILL_AREA_STYLE('',(#10571));
#10149=FILL_AREA_STYLE('',(#10572));
#10150=FILL_AREA_STYLE('',(#10573));
#10151=FILL_AREA_STYLE('',(#10574));
#10152=FILL_AREA_STYLE('',(#10575));
#10153=FILL_AREA_STYLE('',(#10576));
#10154=FILL_AREA_STYLE('',(#10577));
#10155=FILL_AREA_STYLE('',(#10578));
#10156=FILL_AREA_STYLE('',(#10579));
#10157=FILL_AREA_STYLE('',(#10580));
#10158=FILL_AREA_STYLE('',(#10581));
#10159=FILL_AREA_STYLE('',(#10582));
#10160=FILL_AREA_STYLE('',(#10583));
#10161=FILL_AREA_STYLE('',(#10584));
#10162=FILL_AREA_STYLE('',(#10585));
#10163=FILL_AREA_STYLE('',(#10586));
#10164=FILL_AREA_STYLE('',(#10587));
#10165=FILL_AREA_STYLE('',(#10588));
#10166=FILL_AREA_STYLE('',(#10589));
#10167=FILL_AREA_STYLE('',(#10590));
#10168=FILL_AREA_STYLE('',(#10591));
#10169=FILL_AREA_STYLE('',(#10592));
#10170=FILL_AREA_STYLE('',(#10593));
#10171=FILL_AREA_STYLE('',(#10594));
#10172=FILL_AREA_STYLE('',(#10595));
#10173=FILL_AREA_STYLE('',(#10596));
#10174=FILL_AREA_STYLE('',(#10597));
#10175=FILL_AREA_STYLE('',(#10598));
#10176=FILL_AREA_STYLE('',(#10599));
#10177=FILL_AREA_STYLE('',(#10600));
#10178=FILL_AREA_STYLE('',(#10601));
#10179=FILL_AREA_STYLE('',(#10602));
#10180=FILL_AREA_STYLE('',(#10603));
#10181=FILL_AREA_STYLE('',(#10604));
#10182=FILL_AREA_STYLE('',(#10605));
#10183=FILL_AREA_STYLE('',(#10606));
#10184=FILL_AREA_STYLE('',(#10607));
#10185=FILL_AREA_STYLE('',(#10608));
#10186=FILL_AREA_STYLE('',(#10609));
#10187=FILL_AREA_STYLE('',(#10610));
#10188=FILL_AREA_STYLE('',(#10611));
#10189=FILL_AREA_STYLE('',(#10612));
#10190=FILL_AREA_STYLE('',(#10613));
#10191=FILL_AREA_STYLE('',(#10614));
#10192=FILL_AREA_STYLE('',(#10615));
#10193=FILL_AREA_STYLE('',(#10616));
#10194=FILL_AREA_STYLE('',(#10617));
#10195=FILL_AREA_STYLE('',(#10618));
#10196=FILL_AREA_STYLE('',(#10619));
#10197=FILL_AREA_STYLE('',(#10620));
#10198=FILL_AREA_STYLE('',(#10621));
#10199=FILL_AREA_STYLE('',(#10622));
#10200=FILL_AREA_STYLE('',(#10623));
#10201=FILL_AREA_STYLE('',(#10624));
#10202=FILL_AREA_STYLE('',(#10625));
#10203=FILL_AREA_STYLE('',(#10626));
#10204=FILL_AREA_STYLE('',(#10627));
#10205=FILL_AREA_STYLE('',(#10628));
#10206=FILL_AREA_STYLE('',(#10629));
#10207=FILL_AREA_STYLE('',(#10630));
#10208=FILL_AREA_STYLE('',(#10631));
#10209=FILL_AREA_STYLE('',(#10632));
#10210=FILL_AREA_STYLE('',(#10633));
#10211=FILL_AREA_STYLE('',(#10634));
#10212=FILL_AREA_STYLE('',(#10635));
#10213=FILL_AREA_STYLE('',(#10636));
#10214=FILL_AREA_STYLE('',(#10637));
#10215=FILL_AREA_STYLE('',(#10638));
#10216=FILL_AREA_STYLE('',(#10639));
#10217=FILL_AREA_STYLE('',(#10640));
#10218=FILL_AREA_STYLE('',(#10641));
#10219=FILL_AREA_STYLE('',(#10642));
#10220=FILL_AREA_STYLE('',(#10643));
#10221=FILL_AREA_STYLE('',(#10644));
#10222=FILL_AREA_STYLE('',(#10645));
#10223=FILL_AREA_STYLE('',(#10646));
#10224=FILL_AREA_STYLE('',(#10647));
#10225=FILL_AREA_STYLE('',(#10648));
#10226=FILL_AREA_STYLE('',(#10649));
#10227=FILL_AREA_STYLE('',(#10650));
#10228=FILL_AREA_STYLE('',(#10651));
#10229=FILL_AREA_STYLE('',(#10652));
#10230=FILL_AREA_STYLE('',(#10653));
#10231=FILL_AREA_STYLE('',(#10654));
#10232=FILL_AREA_STYLE('',(#10655));
#10233=FILL_AREA_STYLE('',(#10656));
#10234=FILL_AREA_STYLE('',(#10657));
#10235=FILL_AREA_STYLE('',(#10658));
#10236=FILL_AREA_STYLE('',(#10659));
#10237=FILL_AREA_STYLE('',(#10660));
#10238=FILL_AREA_STYLE('',(#10661));
#10239=FILL_AREA_STYLE('',(#10662));
#10240=FILL_AREA_STYLE('',(#10663));
#10241=FILL_AREA_STYLE('',(#10664));
#10242=FILL_AREA_STYLE('',(#10665));
#10243=FILL_AREA_STYLE('',(#10666));
#10244=FILL_AREA_STYLE('',(#10667));
#10245=FILL_AREA_STYLE('',(#10668));
#10246=FILL_AREA_STYLE('',(#10669));
#10247=FILL_AREA_STYLE('',(#10670));
#10248=FILL_AREA_STYLE('',(#10671));
#10249=FILL_AREA_STYLE('',(#10672));
#10250=FILL_AREA_STYLE('',(#10673));
#10251=FILL_AREA_STYLE('',(#10674));
#10252=FILL_AREA_STYLE('',(#10675));
#10253=FILL_AREA_STYLE('',(#10676));
#10254=FILL_AREA_STYLE('',(#10677));
#10255=FILL_AREA_STYLE('',(#10678));
#10256=FILL_AREA_STYLE('',(#10679));
#10257=FILL_AREA_STYLE('',(#10680));
#10258=FILL_AREA_STYLE('',(#10681));
#10259=FILL_AREA_STYLE('',(#10682));
#10260=FILL_AREA_STYLE('',(#10683));
#10261=FILL_AREA_STYLE('',(#10684));
#10262=FILL_AREA_STYLE('',(#10685));
#10263=FILL_AREA_STYLE('',(#10686));
#10264=FILL_AREA_STYLE('',(#10687));
#10265=FILL_AREA_STYLE('',(#10688));
#10266=FILL_AREA_STYLE('',(#10689));
#10267=FILL_AREA_STYLE('',(#10690));
#10268=FILL_AREA_STYLE('',(#10691));
#10269=FILL_AREA_STYLE('',(#10692));
#10270=FILL_AREA_STYLE('',(#10693));
#10271=FILL_AREA_STYLE('',(#10694));
#10272=FILL_AREA_STYLE('',(#10695));
#10273=FILL_AREA_STYLE('',(#10696));
#10274=FILL_AREA_STYLE('',(#10697));
#10275=FILL_AREA_STYLE('',(#10698));
#10276=FILL_AREA_STYLE('',(#10699));
#10277=FILL_AREA_STYLE('',(#10700));
#10278=FILL_AREA_STYLE('',(#10701));
#10279=FILL_AREA_STYLE('',(#10702));
#10280=FILL_AREA_STYLE('',(#10703));
#10281=FILL_AREA_STYLE('',(#10704));
#10282=FILL_AREA_STYLE('',(#10705));
#10283=FILL_AREA_STYLE('',(#10706));
#10284=FILL_AREA_STYLE('',(#10707));
#10285=FILL_AREA_STYLE('',(#10708));
#10286=FILL_AREA_STYLE('',(#10709));
#10287=FILL_AREA_STYLE('',(#10710));
#10288=FILL_AREA_STYLE('',(#10711));
#10289=FILL_AREA_STYLE('',(#10712));
#10290=FILL_AREA_STYLE('',(#10713));
#10291=FILL_AREA_STYLE('',(#10714));
#10292=FILL_AREA_STYLE('',(#10715));
#10293=FILL_AREA_STYLE('',(#10716));
#10294=FILL_AREA_STYLE('',(#10717));
#10295=FILL_AREA_STYLE('',(#10718));
#10296=FILL_AREA_STYLE('',(#10719));
#10297=FILL_AREA_STYLE('',(#10720));
#10298=FILL_AREA_STYLE('',(#10721));
#10299=FILL_AREA_STYLE('',(#10722));
#10300=FILL_AREA_STYLE('',(#10723));
#10301=FILL_AREA_STYLE('',(#10724));
#10302=FILL_AREA_STYLE('',(#10725));
#10303=FILL_AREA_STYLE('',(#10726));
#10304=FILL_AREA_STYLE('',(#10727));
#10305=FILL_AREA_STYLE('',(#10728));
#10306=FILL_AREA_STYLE('',(#10729));
#10307=FILL_AREA_STYLE('',(#10730));
#10308=FILL_AREA_STYLE('',(#10731));
#10309=FILL_AREA_STYLE('',(#10732));
#10310=FILL_AREA_STYLE('',(#10733));
#10311=FILL_AREA_STYLE('',(#10734));
#10312=FILL_AREA_STYLE('',(#10735));
#10313=FILL_AREA_STYLE('',(#10736));
#10314=FILL_AREA_STYLE('',(#10737));
#10315=FILL_AREA_STYLE('',(#10738));
#10316=FILL_AREA_STYLE('',(#10739));
#10317=FILL_AREA_STYLE('',(#10740));
#10318=FILL_AREA_STYLE('',(#10741));
#10319=FILL_AREA_STYLE('',(#10742));
#10320=FILL_AREA_STYLE('',(#10743));
#10321=FILL_AREA_STYLE('',(#10744));
#10322=FILL_AREA_STYLE('',(#10745));
#10323=FILL_AREA_STYLE('',(#10746));
#10324=FILL_AREA_STYLE('',(#10747));
#10325=FILL_AREA_STYLE('',(#10748));
#10326=FILL_AREA_STYLE('',(#10749));
#10327=FILL_AREA_STYLE('',(#10750));
#10328=FILL_AREA_STYLE('',(#10751));
#10329=FILL_AREA_STYLE('',(#10752));
#10330=FILL_AREA_STYLE('',(#10753));
#10331=FILL_AREA_STYLE('',(#10754));
#10332=FILL_AREA_STYLE('',(#10755));
#10333=FILL_AREA_STYLE('',(#10756));
#10334=FILL_AREA_STYLE('',(#10757));
#10335=FILL_AREA_STYLE('',(#10758));
#10336=FILL_AREA_STYLE('',(#10759));
#10337=FILL_AREA_STYLE('',(#10760));
#10338=FILL_AREA_STYLE('',(#10761));
#10339=FILL_AREA_STYLE('',(#10762));
#10340=FILL_AREA_STYLE('',(#10763));
#10341=FILL_AREA_STYLE('',(#10764));
#10342=FILL_AREA_STYLE('',(#10765));
#10343=FILL_AREA_STYLE('',(#10766));
#10344=FILL_AREA_STYLE('',(#10767));
#10345=FILL_AREA_STYLE('',(#10768));
#10346=FILL_AREA_STYLE('',(#10769));
#10347=FILL_AREA_STYLE('',(#10770));
#10348=FILL_AREA_STYLE('',(#10771));
#10349=FILL_AREA_STYLE('',(#10772));
#10350=FILL_AREA_STYLE('',(#10773));
#10351=FILL_AREA_STYLE('',(#10774));
#10352=FILL_AREA_STYLE('',(#10775));
#10353=FILL_AREA_STYLE('',(#10776));
#10354=FILL_AREA_STYLE('',(#10777));
#10355=FILL_AREA_STYLE('',(#10778));
#10356=FILL_AREA_STYLE('',(#10779));
#10357=FILL_AREA_STYLE('',(#10780));
#10358=FILL_AREA_STYLE('',(#10781));
#10359=FILL_AREA_STYLE('',(#10782));
#10360=FILL_AREA_STYLE('',(#10783));
#10361=FILL_AREA_STYLE('',(#10784));
#10362=FILL_AREA_STYLE('',(#10785));
#10363=FILL_AREA_STYLE('',(#10786));
#10364=FILL_AREA_STYLE('',(#10787));
#10365=FILL_AREA_STYLE('',(#10788));
#10366=FILL_AREA_STYLE('',(#10789));
#10367=FILL_AREA_STYLE('',(#10790));
#10368=FILL_AREA_STYLE('',(#10791));
#10369=FILL_AREA_STYLE('',(#10792));
#10370=FILL_AREA_STYLE('',(#10793));
#10371=FILL_AREA_STYLE('',(#10794));
#10372=FILL_AREA_STYLE('',(#10795));
#10373=FILL_AREA_STYLE('',(#10796));
#10374=FILL_AREA_STYLE('',(#10797));
#10375=FILL_AREA_STYLE('',(#10798));
#10376=FILL_AREA_STYLE('',(#10799));
#10377=FILL_AREA_STYLE('',(#10800));
#10378=FILL_AREA_STYLE('',(#10801));
#10379=FILL_AREA_STYLE('',(#10802));
#10380=FILL_AREA_STYLE('',(#10803));
#10381=FILL_AREA_STYLE('',(#10804));
#10382=FILL_AREA_STYLE('',(#10805));
#10383=FILL_AREA_STYLE('',(#10806));
#10384=FILL_AREA_STYLE('',(#10807));
#10385=FILL_AREA_STYLE('',(#10808));
#10386=FILL_AREA_STYLE('',(#10809));
#10387=FILL_AREA_STYLE('',(#10810));
#10388=FILL_AREA_STYLE('',(#10811));
#10389=FILL_AREA_STYLE('',(#10812));
#10390=FILL_AREA_STYLE('',(#10813));
#10391=FILL_AREA_STYLE('',(#10814));
#10392=FILL_AREA_STYLE('',(#10815));
#10393=FILL_AREA_STYLE('',(#10816));
#10394=FILL_AREA_STYLE('',(#10817));
#10395=FILL_AREA_STYLE('',(#10818));
#10396=FILL_AREA_STYLE('',(#10819));
#10397=FILL_AREA_STYLE('',(#10820));
#10398=FILL_AREA_STYLE('',(#10821));
#10399=FILL_AREA_STYLE('',(#10822));
#10400=FILL_AREA_STYLE('',(#10823));
#10401=FILL_AREA_STYLE('',(#10824));
#10402=FILL_AREA_STYLE('',(#10825));
#10403=FILL_AREA_STYLE('',(#10826));
#10404=FILL_AREA_STYLE('',(#10827));
#10405=FILL_AREA_STYLE('',(#10828));
#10406=FILL_AREA_STYLE('',(#10829));
#10407=FILL_AREA_STYLE('',(#10830));
#10408=FILL_AREA_STYLE('',(#10831));
#10409=FILL_AREA_STYLE('',(#10832));
#10410=FILL_AREA_STYLE('',(#10833));
#10411=FILL_AREA_STYLE('',(#10834));
#10412=FILL_AREA_STYLE('',(#10835));
#10413=FILL_AREA_STYLE('',(#10836));
#10414=FILL_AREA_STYLE('',(#10837));
#10415=FILL_AREA_STYLE('',(#10838));
#10416=FILL_AREA_STYLE('',(#10839));
#10417=FILL_AREA_STYLE('',(#10840));
#10418=FILL_AREA_STYLE('',(#10841));
#10419=FILL_AREA_STYLE('',(#10842));
#10420=FILL_AREA_STYLE('',(#10843));
#10421=FILL_AREA_STYLE('',(#10844));
#10422=FILL_AREA_STYLE('',(#10845));
#10423=FILL_AREA_STYLE('',(#10846));
#10424=FILL_AREA_STYLE('',(#10847));
#10425=FILL_AREA_STYLE('',(#10848));
#10426=FILL_AREA_STYLE('',(#10849));
#10427=FILL_AREA_STYLE('',(#10850));
#10428=FILL_AREA_STYLE('',(#10851));
#10429=FILL_AREA_STYLE('',(#10852));
#10430=FILL_AREA_STYLE('',(#10853));
#10431=FILL_AREA_STYLE('',(#10854));
#10432=FILL_AREA_STYLE('',(#10855));
#10433=FILL_AREA_STYLE('',(#10856));
#10434=FILL_AREA_STYLE('',(#10857));
#10435=FILL_AREA_STYLE('',(#10858));
#10436=FILL_AREA_STYLE('',(#10859));
#10437=FILL_AREA_STYLE('',(#10860));
#10438=FILL_AREA_STYLE('',(#10861));
#10439=FILL_AREA_STYLE('',(#10862));
#10440=FILL_AREA_STYLE('',(#10863));
#10441=FILL_AREA_STYLE('',(#10864));
#10442=FILL_AREA_STYLE('',(#10865));
#10443=FILL_AREA_STYLE('',(#10866));
#10444=FILL_AREA_STYLE('',(#10867));
#10445=FILL_AREA_STYLE('',(#10868));
#10446=FILL_AREA_STYLE('',(#10869));
#10447=FILL_AREA_STYLE('',(#10870));
#10448=FILL_AREA_STYLE('',(#10871));
#10449=FILL_AREA_STYLE('',(#10872));
#10450=FILL_AREA_STYLE('',(#10873));
#10451=FILL_AREA_STYLE('',(#10874));
#10452=FILL_AREA_STYLE('',(#10875));
#10453=FILL_AREA_STYLE('',(#10876));
#10454=FILL_AREA_STYLE('',(#10877));
#10455=FILL_AREA_STYLE('',(#10878));
#10456=FILL_AREA_STYLE('',(#10879));
#10457=FILL_AREA_STYLE('',(#10880));
#10458=FILL_AREA_STYLE('',(#10881));
#10459=FILL_AREA_STYLE('',(#10882));
#10460=FILL_AREA_STYLE('',(#10883));
#10461=FILL_AREA_STYLE('',(#10884));
#10462=FILL_AREA_STYLE('',(#10885));
#10463=FILL_AREA_STYLE('',(#10886));
#10464=FILL_AREA_STYLE('',(#10887));
#10465=FILL_AREA_STYLE('',(#10888));
#10466=FILL_AREA_STYLE('',(#10889));
#10467=FILL_AREA_STYLE('',(#10890));
#10468=FILL_AREA_STYLE('',(#10891));
#10469=FILL_AREA_STYLE('',(#10892));
#10470=FILL_AREA_STYLE_COLOUR('',#10893);
#10471=FILL_AREA_STYLE_COLOUR('',#10893);
#10472=FILL_AREA_STYLE_COLOUR('',#10893);
#10473=FILL_AREA_STYLE_COLOUR('',#10893);
#10474=FILL_AREA_STYLE_COLOUR('',#10893);
#10475=FILL_AREA_STYLE_COLOUR('',#10893);
#10476=FILL_AREA_STYLE_COLOUR('',#10893);
#10477=FILL_AREA_STYLE_COLOUR('',#10893);
#10478=FILL_AREA_STYLE_COLOUR('',#10893);
#10479=FILL_AREA_STYLE_COLOUR('',#10893);
#10480=FILL_AREA_STYLE_COLOUR('',#10893);
#10481=FILL_AREA_STYLE_COLOUR('',#10893);
#10482=FILL_AREA_STYLE_COLOUR('',#10893);
#10483=FILL_AREA_STYLE_COLOUR('',#10893);
#10484=FILL_AREA_STYLE_COLOUR('',#10893);
#10485=FILL_AREA_STYLE_COLOUR('',#10893);
#10486=FILL_AREA_STYLE_COLOUR('',#10893);
#10487=FILL_AREA_STYLE_COLOUR('',#10893);
#10488=FILL_AREA_STYLE_COLOUR('',#10893);
#10489=FILL_AREA_STYLE_COLOUR('',#10893);
#10490=FILL_AREA_STYLE_COLOUR('',#10893);
#10491=FILL_AREA_STYLE_COLOUR('',#10893);
#10492=FILL_AREA_STYLE_COLOUR('',#10893);
#10493=FILL_AREA_STYLE_COLOUR('',#10893);
#10494=FILL_AREA_STYLE_COLOUR('',#10893);
#10495=FILL_AREA_STYLE_COLOUR('',#10893);
#10496=FILL_AREA_STYLE_COLOUR('',#10893);
#10497=FILL_AREA_STYLE_COLOUR('',#10893);
#10498=FILL_AREA_STYLE_COLOUR('',#10893);
#10499=FILL_AREA_STYLE_COLOUR('',#10893);
#10500=FILL_AREA_STYLE_COLOUR('',#10893);
#10501=FILL_AREA_STYLE_COLOUR('',#10893);
#10502=FILL_AREA_STYLE_COLOUR('',#10893);
#10503=FILL_AREA_STYLE_COLOUR('',#10893);
#10504=FILL_AREA_STYLE_COLOUR('',#10893);
#10505=FILL_AREA_STYLE_COLOUR('',#10893);
#10506=FILL_AREA_STYLE_COLOUR('',#10893);
#10507=FILL_AREA_STYLE_COLOUR('',#10893);
#10508=FILL_AREA_STYLE_COLOUR('',#10893);
#10509=FILL_AREA_STYLE_COLOUR('',#10893);
#10510=FILL_AREA_STYLE_COLOUR('',#10893);
#10511=FILL_AREA_STYLE_COLOUR('',#10893);
#10512=FILL_AREA_STYLE_COLOUR('',#10893);
#10513=FILL_AREA_STYLE_COLOUR('',#10893);
#10514=FILL_AREA_STYLE_COLOUR('',#10893);
#10515=FILL_AREA_STYLE_COLOUR('',#10893);
#10516=FILL_AREA_STYLE_COLOUR('',#10893);
#10517=FILL_AREA_STYLE_COLOUR('',#10893);
#10518=FILL_AREA_STYLE_COLOUR('',#10893);
#10519=FILL_AREA_STYLE_COLOUR('',#10893);
#10520=FILL_AREA_STYLE_COLOUR('',#10893);
#10521=FILL_AREA_STYLE_COLOUR('',#10893);
#10522=FILL_AREA_STYLE_COLOUR('',#10893);
#10523=FILL_AREA_STYLE_COLOUR('',#10893);
#10524=FILL_AREA_STYLE_COLOUR('',#10893);
#10525=FILL_AREA_STYLE_COLOUR('',#10893);
#10526=FILL_AREA_STYLE_COLOUR('',#10893);
#10527=FILL_AREA_STYLE_COLOUR('',#10893);
#10528=FILL_AREA_STYLE_COLOUR('',#10893);
#10529=FILL_AREA_STYLE_COLOUR('',#10893);
#10530=FILL_AREA_STYLE_COLOUR('',#10893);
#10531=FILL_AREA_STYLE_COLOUR('',#10893);
#10532=FILL_AREA_STYLE_COLOUR('',#10893);
#10533=FILL_AREA_STYLE_COLOUR('',#10893);
#10534=FILL_AREA_STYLE_COLOUR('',#10893);
#10535=FILL_AREA_STYLE_COLOUR('',#10893);
#10536=FILL_AREA_STYLE_COLOUR('',#10893);
#10537=FILL_AREA_STYLE_COLOUR('',#10893);
#10538=FILL_AREA_STYLE_COLOUR('',#10893);
#10539=FILL_AREA_STYLE_COLOUR('',#10893);
#10540=FILL_AREA_STYLE_COLOUR('',#10893);
#10541=FILL_AREA_STYLE_COLOUR('',#10893);
#10542=FILL_AREA_STYLE_COLOUR('',#10893);
#10543=FILL_AREA_STYLE_COLOUR('',#10893);
#10544=FILL_AREA_STYLE_COLOUR('',#10893);
#10545=FILL_AREA_STYLE_COLOUR('',#10893);
#10546=FILL_AREA_STYLE_COLOUR('',#10893);
#10547=FILL_AREA_STYLE_COLOUR('',#10893);
#10548=FILL_AREA_STYLE_COLOUR('',#10893);
#10549=FILL_AREA_STYLE_COLOUR('',#10893);
#10550=FILL_AREA_STYLE_COLOUR('',#10893);
#10551=FILL_AREA_STYLE_COLOUR('',#10893);
#10552=FILL_AREA_STYLE_COLOUR('',#10893);
#10553=FILL_AREA_STYLE_COLOUR('',#10893);
#10554=FILL_AREA_STYLE_COLOUR('',#10893);
#10555=FILL_AREA_STYLE_COLOUR('',#10893);
#10556=FILL_AREA_STYLE_COLOUR('',#10893);
#10557=FILL_AREA_STYLE_COLOUR('',#10893);
#10558=FILL_AREA_STYLE_COLOUR('',#10893);
#10559=FILL_AREA_STYLE_COLOUR('',#10893);
#10560=FILL_AREA_STYLE_COLOUR('',#10893);
#10561=FILL_AREA_STYLE_COLOUR('',#10893);
#10562=FILL_AREA_STYLE_COLOUR('',#10893);
#10563=FILL_AREA_STYLE_COLOUR('',#10893);
#10564=FILL_AREA_STYLE_COLOUR('',#10893);
#10565=FILL_AREA_STYLE_COLOUR('',#10893);
#10566=FILL_AREA_STYLE_COLOUR('',#10893);
#10567=FILL_AREA_STYLE_COLOUR('',#10893);
#10568=FILL_AREA_STYLE_COLOUR('',#10893);
#10569=FILL_AREA_STYLE_COLOUR('',#10893);
#10570=FILL_AREA_STYLE_COLOUR('',#10893);
#10571=FILL_AREA_STYLE_COLOUR('',#10893);
#10572=FILL_AREA_STYLE_COLOUR('',#10893);
#10573=FILL_AREA_STYLE_COLOUR('',#10893);
#10574=FILL_AREA_STYLE_COLOUR('',#10893);
#10575=FILL_AREA_STYLE_COLOUR('',#10893);
#10576=FILL_AREA_STYLE_COLOUR('',#10893);
#10577=FILL_AREA_STYLE_COLOUR('',#10893);
#10578=FILL_AREA_STYLE_COLOUR('',#10893);
#10579=FILL_AREA_STYLE_COLOUR('',#10893);
#10580=FILL_AREA_STYLE_COLOUR('',#10893);
#10581=FILL_AREA_STYLE_COLOUR('',#10893);
#10582=FILL_AREA_STYLE_COLOUR('',#10893);
#10583=FILL_AREA_STYLE_COLOUR('',#10893);
#10584=FILL_AREA_STYLE_COLOUR('',#10893);
#10585=FILL_AREA_STYLE_COLOUR('',#10893);
#10586=FILL_AREA_STYLE_COLOUR('',#10893);
#10587=FILL_AREA_STYLE_COLOUR('',#10893);
#10588=FILL_AREA_STYLE_COLOUR('',#10893);
#10589=FILL_AREA_STYLE_COLOUR('',#10893);
#10590=FILL_AREA_STYLE_COLOUR('',#10893);
#10591=FILL_AREA_STYLE_COLOUR('',#10893);
#10592=FILL_AREA_STYLE_COLOUR('',#10893);
#10593=FILL_AREA_STYLE_COLOUR('',#10893);
#10594=FILL_AREA_STYLE_COLOUR('',#10893);
#10595=FILL_AREA_STYLE_COLOUR('',#10893);
#10596=FILL_AREA_STYLE_COLOUR('',#10893);
#10597=FILL_AREA_STYLE_COLOUR('',#10894);
#10598=FILL_AREA_STYLE_COLOUR('',#10894);
#10599=FILL_AREA_STYLE_COLOUR('',#10894);
#10600=FILL_AREA_STYLE_COLOUR('',#10895);
#10601=FILL_AREA_STYLE_COLOUR('',#10894);
#10602=FILL_AREA_STYLE_COLOUR('',#10895);
#10603=FILL_AREA_STYLE_COLOUR('',#10895);
#10604=FILL_AREA_STYLE_COLOUR('',#10895);
#10605=FILL_AREA_STYLE_COLOUR('',#10894);
#10606=FILL_AREA_STYLE_COLOUR('',#10895);
#10607=FILL_AREA_STYLE_COLOUR('',#10894);
#10608=FILL_AREA_STYLE_COLOUR('',#10894);
#10609=FILL_AREA_STYLE_COLOUR('',#10894);
#10610=FILL_AREA_STYLE_COLOUR('',#10894);
#10611=FILL_AREA_STYLE_COLOUR('',#10895);
#10612=FILL_AREA_STYLE_COLOUR('',#10895);
#10613=FILL_AREA_STYLE_COLOUR('',#10895);
#10614=FILL_AREA_STYLE_COLOUR('',#10895);
#10615=FILL_AREA_STYLE_COLOUR('',#10895);
#10616=FILL_AREA_STYLE_COLOUR('',#10894);
#10617=FILL_AREA_STYLE_COLOUR('',#10894);
#10618=FILL_AREA_STYLE_COLOUR('',#10894);
#10619=FILL_AREA_STYLE_COLOUR('',#10893);
#10620=FILL_AREA_STYLE_COLOUR('',#10893);
#10621=FILL_AREA_STYLE_COLOUR('',#10893);
#10622=FILL_AREA_STYLE_COLOUR('',#10893);
#10623=FILL_AREA_STYLE_COLOUR('',#10894);
#10624=FILL_AREA_STYLE_COLOUR('',#10894);
#10625=FILL_AREA_STYLE_COLOUR('',#10894);
#10626=FILL_AREA_STYLE_COLOUR('',#10894);
#10627=FILL_AREA_STYLE_COLOUR('',#10893);
#10628=FILL_AREA_STYLE_COLOUR('',#10893);
#10629=FILL_AREA_STYLE_COLOUR('',#10893);
#10630=FILL_AREA_STYLE_COLOUR('',#10893);
#10631=FILL_AREA_STYLE_COLOUR('',#10893);
#10632=FILL_AREA_STYLE_COLOUR('',#10893);
#10633=FILL_AREA_STYLE_COLOUR('',#10893);
#10634=FILL_AREA_STYLE_COLOUR('',#10893);
#10635=FILL_AREA_STYLE_COLOUR('',#10893);
#10636=FILL_AREA_STYLE_COLOUR('',#10893);
#10637=FILL_AREA_STYLE_COLOUR('',#10893);
#10638=FILL_AREA_STYLE_COLOUR('',#10893);
#10639=FILL_AREA_STYLE_COLOUR('',#10893);
#10640=FILL_AREA_STYLE_COLOUR('',#10893);
#10641=FILL_AREA_STYLE_COLOUR('',#10893);
#10642=FILL_AREA_STYLE_COLOUR('',#10893);
#10643=FILL_AREA_STYLE_COLOUR('',#10893);
#10644=FILL_AREA_STYLE_COLOUR('',#10893);
#10645=FILL_AREA_STYLE_COLOUR('',#10893);
#10646=FILL_AREA_STYLE_COLOUR('',#10893);
#10647=FILL_AREA_STYLE_COLOUR('',#10893);
#10648=FILL_AREA_STYLE_COLOUR('',#10893);
#10649=FILL_AREA_STYLE_COLOUR('',#10893);
#10650=FILL_AREA_STYLE_COLOUR('',#10893);
#10651=FILL_AREA_STYLE_COLOUR('',#10893);
#10652=FILL_AREA_STYLE_COLOUR('',#10893);
#10653=FILL_AREA_STYLE_COLOUR('',#10893);
#10654=FILL_AREA_STYLE_COLOUR('',#10893);
#10655=FILL_AREA_STYLE_COLOUR('',#10893);
#10656=FILL_AREA_STYLE_COLOUR('',#10893);
#10657=FILL_AREA_STYLE_COLOUR('',#10893);
#10658=FILL_AREA_STYLE_COLOUR('',#10893);
#10659=FILL_AREA_STYLE_COLOUR('',#10893);
#10660=FILL_AREA_STYLE_COLOUR('',#10893);
#10661=FILL_AREA_STYLE_COLOUR('',#10893);
#10662=FILL_AREA_STYLE_COLOUR('',#10893);
#10663=FILL_AREA_STYLE_COLOUR('',#10893);
#10664=FILL_AREA_STYLE_COLOUR('',#10893);
#10665=FILL_AREA_STYLE_COLOUR('',#10893);
#10666=FILL_AREA_STYLE_COLOUR('',#10893);
#10667=FILL_AREA_STYLE_COLOUR('',#10893);
#10668=FILL_AREA_STYLE_COLOUR('',#10893);
#10669=FILL_AREA_STYLE_COLOUR('',#10893);
#10670=FILL_AREA_STYLE_COLOUR('',#10893);
#10671=FILL_AREA_STYLE_COLOUR('',#10893);
#10672=FILL_AREA_STYLE_COLOUR('',#10893);
#10673=FILL_AREA_STYLE_COLOUR('',#10893);
#10674=FILL_AREA_STYLE_COLOUR('',#10893);
#10675=FILL_AREA_STYLE_COLOUR('',#10893);
#10676=FILL_AREA_STYLE_COLOUR('',#10893);
#10677=FILL_AREA_STYLE_COLOUR('',#10893);
#10678=FILL_AREA_STYLE_COLOUR('',#10893);
#10679=FILL_AREA_STYLE_COLOUR('',#10893);
#10680=FILL_AREA_STYLE_COLOUR('',#10893);
#10681=FILL_AREA_STYLE_COLOUR('',#10893);
#10682=FILL_AREA_STYLE_COLOUR('',#10893);
#10683=FILL_AREA_STYLE_COLOUR('',#10893);
#10684=FILL_AREA_STYLE_COLOUR('',#10893);
#10685=FILL_AREA_STYLE_COLOUR('',#10893);
#10686=FILL_AREA_STYLE_COLOUR('',#10893);
#10687=FILL_AREA_STYLE_COLOUR('',#10893);
#10688=FILL_AREA_STYLE_COLOUR('',#10893);
#10689=FILL_AREA_STYLE_COLOUR('',#10893);
#10690=FILL_AREA_STYLE_COLOUR('',#10893);
#10691=FILL_AREA_STYLE_COLOUR('',#10893);
#10692=FILL_AREA_STYLE_COLOUR('',#10893);
#10693=FILL_AREA_STYLE_COLOUR('',#10893);
#10694=FILL_AREA_STYLE_COLOUR('',#10893);
#10695=FILL_AREA_STYLE_COLOUR('',#10893);
#10696=FILL_AREA_STYLE_COLOUR('',#10893);
#10697=FILL_AREA_STYLE_COLOUR('',#10893);
#10698=FILL_AREA_STYLE_COLOUR('',#10893);
#10699=FILL_AREA_STYLE_COLOUR('',#10893);
#10700=FILL_AREA_STYLE_COLOUR('',#10893);
#10701=FILL_AREA_STYLE_COLOUR('',#10893);
#10702=FILL_AREA_STYLE_COLOUR('',#10893);
#10703=FILL_AREA_STYLE_COLOUR('',#10893);
#10704=FILL_AREA_STYLE_COLOUR('',#10893);
#10705=FILL_AREA_STYLE_COLOUR('',#10893);
#10706=FILL_AREA_STYLE_COLOUR('',#10893);
#10707=FILL_AREA_STYLE_COLOUR('',#10893);
#10708=FILL_AREA_STYLE_COLOUR('',#10893);
#10709=FILL_AREA_STYLE_COLOUR('',#10893);
#10710=FILL_AREA_STYLE_COLOUR('',#10893);
#10711=FILL_AREA_STYLE_COLOUR('',#10893);
#10712=FILL_AREA_STYLE_COLOUR('',#10893);
#10713=FILL_AREA_STYLE_COLOUR('',#10893);
#10714=FILL_AREA_STYLE_COLOUR('',#10893);
#10715=FILL_AREA_STYLE_COLOUR('',#10893);
#10716=FILL_AREA_STYLE_COLOUR('',#10893);
#10717=FILL_AREA_STYLE_COLOUR('',#10893);
#10718=FILL_AREA_STYLE_COLOUR('',#10893);
#10719=FILL_AREA_STYLE_COLOUR('',#10893);
#10720=FILL_AREA_STYLE_COLOUR('',#10893);
#10721=FILL_AREA_STYLE_COLOUR('',#10893);
#10722=FILL_AREA_STYLE_COLOUR('',#10893);
#10723=FILL_AREA_STYLE_COLOUR('',#10893);
#10724=FILL_AREA_STYLE_COLOUR('',#10893);
#10725=FILL_AREA_STYLE_COLOUR('',#10893);
#10726=FILL_AREA_STYLE_COLOUR('',#10893);
#10727=FILL_AREA_STYLE_COLOUR('',#10893);
#10728=FILL_AREA_STYLE_COLOUR('',#10893);
#10729=FILL_AREA_STYLE_COLOUR('',#10893);
#10730=FILL_AREA_STYLE_COLOUR('',#10893);
#10731=FILL_AREA_STYLE_COLOUR('',#10893);
#10732=FILL_AREA_STYLE_COLOUR('',#10893);
#10733=FILL_AREA_STYLE_COLOUR('',#10893);
#10734=FILL_AREA_STYLE_COLOUR('',#10893);
#10735=FILL_AREA_STYLE_COLOUR('',#10893);
#10736=FILL_AREA_STYLE_COLOUR('',#10893);
#10737=FILL_AREA_STYLE_COLOUR('',#10893);
#10738=FILL_AREA_STYLE_COLOUR('',#10893);
#10739=FILL_AREA_STYLE_COLOUR('',#10893);
#10740=FILL_AREA_STYLE_COLOUR('',#10893);
#10741=FILL_AREA_STYLE_COLOUR('',#10893);
#10742=FILL_AREA_STYLE_COLOUR('',#10893);
#10743=FILL_AREA_STYLE_COLOUR('',#10895);
#10744=FILL_AREA_STYLE_COLOUR('',#10895);
#10745=FILL_AREA_STYLE_COLOUR('',#10895);
#10746=FILL_AREA_STYLE_COLOUR('',#10894);
#10747=FILL_AREA_STYLE_COLOUR('',#10895);
#10748=FILL_AREA_STYLE_COLOUR('',#10895);
#10749=FILL_AREA_STYLE_COLOUR('',#10894);
#10750=FILL_AREA_STYLE_COLOUR('',#10894);
#10751=FILL_AREA_STYLE_COLOUR('',#10894);
#10752=FILL_AREA_STYLE_COLOUR('',#10894);
#10753=FILL_AREA_STYLE_COLOUR('',#10894);
#10754=FILL_AREA_STYLE_COLOUR('',#10894);
#10755=FILL_AREA_STYLE_COLOUR('',#10894);
#10756=FILL_AREA_STYLE_COLOUR('',#10894);
#10757=FILL_AREA_STYLE_COLOUR('',#10895);
#10758=FILL_AREA_STYLE_COLOUR('',#10895);
#10759=FILL_AREA_STYLE_COLOUR('',#10895);
#10760=FILL_AREA_STYLE_COLOUR('',#10895);
#10761=FILL_AREA_STYLE_COLOUR('',#10895);
#10762=FILL_AREA_STYLE_COLOUR('',#10894);
#10763=FILL_AREA_STYLE_COLOUR('',#10895);
#10764=FILL_AREA_STYLE_COLOUR('',#10895);
#10765=FILL_AREA_STYLE_COLOUR('',#10894);
#10766=FILL_AREA_STYLE_COLOUR('',#10895);
#10767=FILL_AREA_STYLE_COLOUR('',#10895);
#10768=FILL_AREA_STYLE_COLOUR('',#10895);
#10769=FILL_AREA_STYLE_COLOUR('',#10895);
#10770=FILL_AREA_STYLE_COLOUR('',#10894);
#10771=FILL_AREA_STYLE_COLOUR('',#10895);
#10772=FILL_AREA_STYLE_COLOUR('',#10894);
#10773=FILL_AREA_STYLE_COLOUR('',#10894);
#10774=FILL_AREA_STYLE_COLOUR('',#10894);
#10775=FILL_AREA_STYLE_COLOUR('',#10895);
#10776=FILL_AREA_STYLE_COLOUR('',#10895);
#10777=FILL_AREA_STYLE_COLOUR('',#10895);
#10778=FILL_AREA_STYLE_COLOUR('',#10894);
#10779=FILL_AREA_STYLE_COLOUR('',#10895);
#10780=FILL_AREA_STYLE_COLOUR('',#10895);
#10781=FILL_AREA_STYLE_COLOUR('',#10895);
#10782=FILL_AREA_STYLE_COLOUR('',#10894);
#10783=FILL_AREA_STYLE_COLOUR('',#10895);
#10784=FILL_AREA_STYLE_COLOUR('',#10895);
#10785=FILL_AREA_STYLE_COLOUR('',#10894);
#10786=FILL_AREA_STYLE_COLOUR('',#10894);
#10787=FILL_AREA_STYLE_COLOUR('',#10894);
#10788=FILL_AREA_STYLE_COLOUR('',#10894);
#10789=FILL_AREA_STYLE_COLOUR('',#10894);
#10790=FILL_AREA_STYLE_COLOUR('',#10894);
#10791=FILL_AREA_STYLE_COLOUR('',#10894);
#10792=FILL_AREA_STYLE_COLOUR('',#10894);
#10793=FILL_AREA_STYLE_COLOUR('',#10895);
#10794=FILL_AREA_STYLE_COLOUR('',#10895);
#10795=FILL_AREA_STYLE_COLOUR('',#10895);
#10796=FILL_AREA_STYLE_COLOUR('',#10895);
#10797=FILL_AREA_STYLE_COLOUR('',#10895);
#10798=FILL_AREA_STYLE_COLOUR('',#10895);
#10799=FILL_AREA_STYLE_COLOUR('',#10895);
#10800=FILL_AREA_STYLE_COLOUR('',#10895);
#10801=FILL_AREA_STYLE_COLOUR('',#10895);
#10802=FILL_AREA_STYLE_COLOUR('',#10895);
#10803=FILL_AREA_STYLE_COLOUR('',#10895);
#10804=FILL_AREA_STYLE_COLOUR('',#10895);
#10805=FILL_AREA_STYLE_COLOUR('',#10895);
#10806=FILL_AREA_STYLE_COLOUR('',#10895);
#10807=FILL_AREA_STYLE_COLOUR('',#10895);
#10808=FILL_AREA_STYLE_COLOUR('',#10895);
#10809=FILL_AREA_STYLE_COLOUR('',#10893);
#10810=FILL_AREA_STYLE_COLOUR('',#10893);
#10811=FILL_AREA_STYLE_COLOUR('',#10893);
#10812=FILL_AREA_STYLE_COLOUR('',#10893);
#10813=FILL_AREA_STYLE_COLOUR('',#10894);
#10814=FILL_AREA_STYLE_COLOUR('',#10894);
#10815=FILL_AREA_STYLE_COLOUR('',#10895);
#10816=FILL_AREA_STYLE_COLOUR('',#10894);
#10817=FILL_AREA_STYLE_COLOUR('',#10894);
#10818=FILL_AREA_STYLE_COLOUR('',#10894);
#10819=FILL_AREA_STYLE_COLOUR('',#10894);
#10820=FILL_AREA_STYLE_COLOUR('',#10894);
#10821=FILL_AREA_STYLE_COLOUR('',#10895);
#10822=FILL_AREA_STYLE_COLOUR('',#10895);
#10823=FILL_AREA_STYLE_COLOUR('',#10895);
#10824=FILL_AREA_STYLE_COLOUR('',#10895);
#10825=FILL_AREA_STYLE_COLOUR('',#10895);
#10826=FILL_AREA_STYLE_COLOUR('',#10895);
#10827=FILL_AREA_STYLE_COLOUR('',#10895);
#10828=FILL_AREA_STYLE_COLOUR('',#10894);
#10829=FILL_AREA_STYLE_COLOUR('',#10895);
#10830=FILL_AREA_STYLE_COLOUR('',#10894);
#10831=FILL_AREA_STYLE_COLOUR('',#10894);
#10832=FILL_AREA_STYLE_COLOUR('',#10895);
#10833=FILL_AREA_STYLE_COLOUR('',#10894);
#10834=FILL_AREA_STYLE_COLOUR('',#10894);
#10835=FILL_AREA_STYLE_COLOUR('',#10895);
#10836=FILL_AREA_STYLE_COLOUR('',#10894);
#10837=FILL_AREA_STYLE_COLOUR('',#10894);
#10838=FILL_AREA_STYLE_COLOUR('',#10894);
#10839=FILL_AREA_STYLE_COLOUR('',#10894);
#10840=FILL_AREA_STYLE_COLOUR('',#10894);
#10841=FILL_AREA_STYLE_COLOUR('',#10895);
#10842=FILL_AREA_STYLE_COLOUR('',#10895);
#10843=FILL_AREA_STYLE_COLOUR('',#10895);
#10844=FILL_AREA_STYLE_COLOUR('',#10895);
#10845=FILL_AREA_STYLE_COLOUR('',#10895);
#10846=FILL_AREA_STYLE_COLOUR('',#10895);
#10847=FILL_AREA_STYLE_COLOUR('',#10895);
#10848=FILL_AREA_STYLE_COLOUR('',#10895);
#10849=FILL_AREA_STYLE_COLOUR('',#10895);
#10850=FILL_AREA_STYLE_COLOUR('',#10894);
#10851=FILL_AREA_STYLE_COLOUR('',#10894);
#10852=FILL_AREA_STYLE_COLOUR('',#10894);
#10853=FILL_AREA_STYLE_COLOUR('',#10894);
#10854=FILL_AREA_STYLE_COLOUR('',#10894);
#10855=FILL_AREA_STYLE_COLOUR('',#10895);
#10856=FILL_AREA_STYLE_COLOUR('',#10894);
#10857=FILL_AREA_STYLE_COLOUR('',#10894);
#10858=FILL_AREA_STYLE_COLOUR('',#10894);
#10859=FILL_AREA_STYLE_COLOUR('',#10894);
#10860=FILL_AREA_STYLE_COLOUR('',#10894);
#10861=FILL_AREA_STYLE_COLOUR('',#10895);
#10862=FILL_AREA_STYLE_COLOUR('',#10895);
#10863=FILL_AREA_STYLE_COLOUR('',#10895);
#10864=FILL_AREA_STYLE_COLOUR('',#10895);
#10865=FILL_AREA_STYLE_COLOUR('',#10895);
#10866=FILL_AREA_STYLE_COLOUR('',#10895);
#10867=FILL_AREA_STYLE_COLOUR('',#10895);
#10868=FILL_AREA_STYLE_COLOUR('',#10895);
#10869=FILL_AREA_STYLE_COLOUR('',#10895);
#10870=FILL_AREA_STYLE_COLOUR('',#10894);
#10871=FILL_AREA_STYLE_COLOUR('',#10894);
#10872=FILL_AREA_STYLE_COLOUR('',#10894);
#10873=FILL_AREA_STYLE_COLOUR('',#10894);
#10874=FILL_AREA_STYLE_COLOUR('',#10894);
#10875=FILL_AREA_STYLE_COLOUR('',#10895);
#10876=FILL_AREA_STYLE_COLOUR('',#10894);
#10877=FILL_AREA_STYLE_COLOUR('',#10894);
#10878=FILL_AREA_STYLE_COLOUR('',#10894);
#10879=FILL_AREA_STYLE_COLOUR('',#10894);
#10880=FILL_AREA_STYLE_COLOUR('',#10894);
#10881=FILL_AREA_STYLE_COLOUR('',#10895);
#10882=FILL_AREA_STYLE_COLOUR('',#10895);
#10883=FILL_AREA_STYLE_COLOUR('',#10895);
#10884=FILL_AREA_STYLE_COLOUR('',#10895);
#10885=FILL_AREA_STYLE_COLOUR('',#10895);
#10886=FILL_AREA_STYLE_COLOUR('',#10895);
#10887=FILL_AREA_STYLE_COLOUR('',#10895);
#10888=FILL_AREA_STYLE_COLOUR('',#10895);
#10889=FILL_AREA_STYLE_COLOUR('',#10895);
#10890=FILL_AREA_STYLE_COLOUR('',#10894);
#10891=FILL_AREA_STYLE_COLOUR('',#10894);
#10892=FILL_AREA_STYLE_COLOUR('',#10894);
#10893=COLOUR_RGB('',0.18823529779911,0.18823529779911,0.18823529779911);
#10894=COLOUR_RGB('',0.752941191196442,0.627451002597809,0.250980406999588);
#10895=COLOUR_RGB('',0.752941191196442,0.752941191196442,0.752941191196442);
#10896=ADVANCED_FACE('',(#7143,#7144,#7145,#7146,#7147),#7597,.F.);
#10897=ADVANCED_FACE('',(#7148,#7149),#7598,.T.);
#10898=ADVANCED_FACE('',(#7150,#7151),#7599,.F.);
#10899=ADVANCED_FACE('',(#7152),#7600,.F.);
#10900=ADVANCED_FACE('',(#7153),#7601,.T.);
#10901=ADVANCED_FACE('',(#7154),#7602,.T.);
#10902=ADVANCED_FACE('',(#7155),#7603,.F.);
#10903=ADVANCED_FACE('',(#7156),#7604,.F.);
#10904=ADVANCED_FACE('',(#7157),#7605,.T.);
#10905=ADVANCED_FACE('',(#7158),#7606,.T.);
#10906=ADVANCED_FACE('',(#7159),#7607,.F.);
#10907=ADVANCED_FACE('',(#7160),#7608,.F.);
#10908=ADVANCED_FACE('',(#7161),#7609,.T.);
#10909=ADVANCED_FACE('',(#7162),#7610,.T.);
#10910=ADVANCED_FACE('',(#7163),#7611,.F.);
#10911=ADVANCED_FACE('',(#7164),#7612,.F.);
#10912=ADVANCED_FACE('',(#7165),#7613,.T.);
#10913=ADVANCED_FACE('',(#7166),#7614,.T.);
#10914=ADVANCED_FACE('',(#7167),#7615,.T.);
#10915=ADVANCED_FACE('',(#7168),#7616,.T.);
#10916=ADVANCED_FACE('',(#7169),#7617,.F.);
#10917=ADVANCED_FACE('',(#7170),#7618,.T.);
#10918=ADVANCED_FACE('',(#7171),#7619,.F.);
#10919=ADVANCED_FACE('',(#7172),#7620,.F.);
#10920=ADVANCED_FACE('',(#7173),#7621,.F.);
#10921=ADVANCED_FACE('',(#7174),#7622,.T.);
#10922=ADVANCED_FACE('',(#7175),#7623,.T.);
#10923=ADVANCED_FACE('',(#7176),#7624,.T.);
#10924=ADVANCED_FACE('',(#7177),#7625,.T.);
#10925=ADVANCED_FACE('',(#7178),#7626,.T.);
#10926=ADVANCED_FACE('',(#7179),#7627,.T.);
#10927=ADVANCED_FACE('',(#7180),#7628,.T.);
#10928=ADVANCED_FACE('',(#7181),#7629,.T.);
#10929=ADVANCED_FACE('',(#7182),#7630,.T.);
#10930=ADVANCED_FACE('',(#7183),#7631,.F.);
#10931=ADVANCED_FACE('',(#7184),#7632,.F.);
#10932=ADVANCED_FACE('',(#7185),#7633,.F.);
#10933=ADVANCED_FACE('',(#7186),#7634,.F.);
#10934=ADVANCED_FACE('',(#7187),#7635,.F.);
#10935=ADVANCED_FACE('',(#7188),#7636,.F.);
#10936=ADVANCED_FACE('',(#7189),#7637,.F.);
#10937=ADVANCED_FACE('',(#7190),#7638,.F.);
#10938=ADVANCED_FACE('',(#7191),#7639,.F.);
#10939=ADVANCED_FACE('',(#7192),#7640,.F.);
#10940=ADVANCED_FACE('',(#7193),#7641,.F.);
#10941=ADVANCED_FACE('',(#7194),#7642,.F.);
#10942=ADVANCED_FACE('',(#7195,#7196),#184,.T.);
#10943=ADVANCED_FACE('',(#7197,#7198),#185,.T.);
#10944=ADVANCED_FACE('',(#7199),#98,.T.);
#10945=ADVANCED_FACE('',(#7200),#99,.T.);
#10946=ADVANCED_FACE('',(#7201),#100,.T.);
#10947=ADVANCED_FACE('',(#7202),#101,.T.);
#10948=ADVANCED_FACE('',(#7203),#102,.T.);
#10949=ADVANCED_FACE('',(#7204),#103,.T.);
#10950=ADVANCED_FACE('',(#7205),#104,.T.);
#10951=ADVANCED_FACE('',(#7206),#105,.T.);
#10952=ADVANCED_FACE('',(#7207),#7643,.F.);
#10953=ADVANCED_FACE('',(#7208),#7644,.F.);
#10954=ADVANCED_FACE('',(#7209),#7645,.F.);
#10955=ADVANCED_FACE('',(#7210),#7646,.F.);
#10956=ADVANCED_FACE('',(#7211),#7647,.F.);
#10957=ADVANCED_FACE('',(#7212),#7648,.F.);
#10958=ADVANCED_FACE('',(#7213),#7649,.F.);
#10959=ADVANCED_FACE('',(#7214),#7650,.F.);
#10960=ADVANCED_FACE('',(#7215),#7651,.F.);
#10961=ADVANCED_FACE('',(#7216),#7652,.T.);
#10962=ADVANCED_FACE('',(#7217,#7218),#7653,.F.);
#10963=ADVANCED_FACE('',(#7219),#7654,.F.);
#10964=ADVANCED_FACE('',(#7220),#7655,.T.);
#10965=ADVANCED_FACE('',(#7221),#7656,.T.);
#10966=ADVANCED_FACE('',(#7222),#7657,.F.);
#10967=ADVANCED_FACE('',(#7223,#7224),#106,.T.);
#10968=ADVANCED_FACE('',(#7225),#7658,.F.);
#10969=ADVANCED_FACE('',(#7226,#7227),#107,.T.);
#10970=ADVANCED_FACE('',(#7228),#7659,.F.);
#10971=ADVANCED_FACE('',(#7229),#7660,.T.);
#10972=ADVANCED_FACE('',(#7230),#7661,.T.);
#10973=ADVANCED_FACE('',(#7231),#7662,.T.);
#10974=ADVANCED_FACE('',(#7232),#7663,.F.);
#10975=ADVANCED_FACE('',(#7233),#7664,.T.);
#10976=ADVANCED_FACE('',(#7234),#7665,.T.);
#10977=ADVANCED_FACE('',(#7235),#7666,.T.);
#10978=ADVANCED_FACE('',(#7236),#7667,.T.);
#10979=ADVANCED_FACE('',(#7237),#7668,.T.);
#10980=ADVANCED_FACE('',(#7238),#7669,.F.);
#10981=ADVANCED_FACE('',(#7239),#7670,.T.);
#10982=ADVANCED_FACE('',(#7240),#7671,.T.);
#10983=ADVANCED_FACE('',(#7241),#7672,.T.);
#10984=ADVANCED_FACE('',(#7242),#7673,.T.);
#10985=ADVANCED_FACE('',(#7243),#7674,.F.);
#10986=ADVANCED_FACE('',(#7244),#7675,.F.);
#10987=ADVANCED_FACE('',(#7245),#7676,.T.);
#10988=ADVANCED_FACE('',(#7246),#7677,.T.);
#10989=ADVANCED_FACE('',(#7247),#7678,.T.);
#10990=ADVANCED_FACE('',(#7248),#7679,.T.);
#10991=ADVANCED_FACE('',(#7249),#7680,.T.);
#10992=ADVANCED_FACE('',(#7250),#7681,.T.);
#10993=ADVANCED_FACE('',(#7251),#7682,.T.);
#10994=ADVANCED_FACE('',(#7252),#7683,.F.);
#10995=ADVANCED_FACE('',(#7253),#7684,.F.);
#10996=ADVANCED_FACE('',(#7254),#7685,.F.);
#10997=ADVANCED_FACE('',(#7255),#7686,.F.);
#10998=ADVANCED_FACE('',(#7256),#7687,.F.);
#10999=ADVANCED_FACE('',(#7257),#7688,.F.);
#11000=ADVANCED_FACE('',(#7258),#7689,.F.);
#11001=ADVANCED_FACE('',(#7259),#7690,.F.);
#11002=ADVANCED_FACE('',(#7260),#7691,.F.);
#11003=ADVANCED_FACE('',(#7261),#7692,.F.);
#11004=ADVANCED_FACE('',(#7262),#7693,.F.);
#11005=ADVANCED_FACE('',(#7263),#7694,.F.);
#11006=ADVANCED_FACE('',(#7264),#7695,.F.);
#11007=ADVANCED_FACE('',(#7265),#7696,.F.);
#11008=ADVANCED_FACE('',(#7266),#7697,.F.);
#11009=ADVANCED_FACE('',(#7267),#7698,.F.);
#11010=ADVANCED_FACE('',(#7268),#7699,.F.);
#11011=ADVANCED_FACE('',(#7269),#7700,.F.);
#11012=ADVANCED_FACE('',(#7270),#7701,.F.);
#11013=ADVANCED_FACE('',(#7271),#7702,.F.);
#11014=ADVANCED_FACE('',(#7272),#7703,.F.);
#11015=ADVANCED_FACE('',(#7273),#7704,.F.);
#11016=ADVANCED_FACE('',(#7274),#7705,.F.);
#11017=ADVANCED_FACE('',(#7275,#7276,#7277),#7706,.T.);
#11018=ADVANCED_FACE('',(#7278,#7279),#7707,.T.);
#11019=ADVANCED_FACE('',(#7280),#7708,.F.);
#11020=ADVANCED_FACE('',(#7281),#7709,.T.);
#11021=ADVANCED_FACE('',(#7282),#108,.T.);
#11022=ADVANCED_FACE('',(#7283),#7710,.F.);
#11023=ADVANCED_FACE('',(#7284),#109,.T.);
#11024=ADVANCED_FACE('',(#7285),#110,.T.);
#11025=ADVANCED_FACE('',(#7286),#7711,.F.);
#11026=ADVANCED_FACE('',(#7287),#7712,.F.);
#11027=ADVANCED_FACE('',(#7288),#7713,.F.);
#11028=ADVANCED_FACE('',(#7289),#7714,.F.);
#11029=ADVANCED_FACE('',(#7290),#7715,.F.);
#11030=ADVANCED_FACE('',(#7291),#111,.T.);
#11031=ADVANCED_FACE('',(#7292),#7716,.F.);
#11032=ADVANCED_FACE('',(#7293),#7717,.F.);
#11033=ADVANCED_FACE('',(#7294),#112,.T.);
#11034=ADVANCED_FACE('',(#7295),#113,.T.);
#11035=ADVANCED_FACE('',(#7296),#7718,.F.);
#11036=ADVANCED_FACE('',(#7297),#7719,.F.);
#11037=ADVANCED_FACE('',(#7298),#7720,.F.);
#11038=ADVANCED_FACE('',(#7299),#7721,.F.);
#11039=ADVANCED_FACE('',(#7300),#114,.T.);
#11040=ADVANCED_FACE('',(#7301),#7722,.F.);
#11041=ADVANCED_FACE('',(#7302),#7723,.F.);
#11042=ADVANCED_FACE('',(#7303),#7724,.F.);
#11043=ADVANCED_FACE('',(#7304),#7725,.F.);
#11044=ADVANCED_FACE('',(#7305),#115,.T.);
#11045=ADVANCED_FACE('',(#7306),#116,.T.);
#11046=ADVANCED_FACE('',(#7307),#7726,.F.);
#11047=ADVANCED_FACE('',(#7308),#7727,.F.);
#11048=ADVANCED_FACE('',(#7309),#7728,.T.);
#11049=ADVANCED_FACE('',(#7310),#7729,.T.);
#11050=ADVANCED_FACE('',(#7311),#7730,.F.);
#11051=ADVANCED_FACE('',(#7312),#7731,.F.);
#11052=ADVANCED_FACE('',(#7313),#7732,.F.);
#11053=ADVANCED_FACE('',(#7314),#7733,.T.);
#11054=ADVANCED_FACE('',(#7315,#7316),#7734,.F.);
#11055=ADVANCED_FACE('',(#7317,#7318),#7735,.F.);
#11056=ADVANCED_FACE('',(#7319,#7320),#7736,.F.);
#11057=ADVANCED_FACE('',(#7321,#7322),#7737,.F.);
#11058=ADVANCED_FACE('',(#7323,#7324),#7738,.F.);
#11059=ADVANCED_FACE('',(#7325,#7326),#7739,.F.);
#11060=ADVANCED_FACE('',(#7327,#7328),#7740,.F.);
#11061=ADVANCED_FACE('',(#7329,#7330),#7741,.F.);
#11062=ADVANCED_FACE('',(#7331),#7742,.T.);
#11063=ADVANCED_FACE('',(#7332),#7743,.T.);
#11064=ADVANCED_FACE('',(#7333),#7744,.F.);
#11065=ADVANCED_FACE('',(#7334),#7745,.T.);
#11066=ADVANCED_FACE('',(#7335),#117,.T.);
#11067=ADVANCED_FACE('',(#7336),#118,.T.);
#11068=ADVANCED_FACE('',(#7337),#119,.T.);
#11069=ADVANCED_FACE('',(#7338),#120,.T.);
#11070=ADVANCED_FACE('',(#7339),#121,.T.);
#11071=ADVANCED_FACE('',(#7340),#122,.T.);
#11072=ADVANCED_FACE('',(#7341),#123,.T.);
#11073=ADVANCED_FACE('',(#7342),#124,.T.);
#11074=ADVANCED_FACE('',(#7343),#125,.T.);
#11075=ADVANCED_FACE('',(#7344),#126,.T.);
#11076=ADVANCED_FACE('',(#7345),#127,.T.);
#11077=ADVANCED_FACE('',(#7346),#128,.T.);
#11078=ADVANCED_FACE('',(#7347),#129,.T.);
#11079=ADVANCED_FACE('',(#7348),#130,.T.);
#11080=ADVANCED_FACE('',(#7349),#131,.T.);
#11081=ADVANCED_FACE('',(#7350),#132,.T.);
#11082=ADVANCED_FACE('',(#7351),#133,.T.);
#11083=ADVANCED_FACE('',(#7352),#134,.T.);
#11084=ADVANCED_FACE('',(#7353),#135,.T.);
#11085=ADVANCED_FACE('',(#7354),#136,.T.);
#11086=ADVANCED_FACE('',(#7355),#137,.T.);
#11087=ADVANCED_FACE('',(#7356),#138,.T.);
#11088=ADVANCED_FACE('',(#7357),#139,.T.);
#11089=ADVANCED_FACE('',(#7358),#140,.T.);
#11090=ADVANCED_FACE('',(#7359),#141,.T.);
#11091=ADVANCED_FACE('',(#7360),#142,.T.);
#11092=ADVANCED_FACE('',(#7361),#143,.T.);
#11093=ADVANCED_FACE('',(#7362),#144,.T.);
#11094=ADVANCED_FACE('',(#7363),#145,.T.);
#11095=ADVANCED_FACE('',(#7364),#146,.T.);
#11096=ADVANCED_FACE('',(#7365),#147,.T.);
#11097=ADVANCED_FACE('',(#7366),#148,.T.);
#11098=ADVANCED_FACE('',(#7367),#149,.T.);
#11099=ADVANCED_FACE('',(#7368),#7746,.F.);
#11100=ADVANCED_FACE('',(#7369),#7747,.F.);
#11101=ADVANCED_FACE('',(#7370),#7748,.F.);
#11102=ADVANCED_FACE('',(#7371),#7749,.F.);
#11103=ADVANCED_FACE('',(#7372),#7750,.F.);
#11104=ADVANCED_FACE('',(#7373),#7751,.F.);
#11105=ADVANCED_FACE('',(#7374),#7752,.F.);
#11106=ADVANCED_FACE('',(#7375),#7753,.F.);
#11107=ADVANCED_FACE('',(#7376),#7754,.T.);
#11108=ADVANCED_FACE('',(#7377),#7755,.F.);
#11109=ADVANCED_FACE('',(#7378,#7379),#7756,.F.);
#11110=ADVANCED_FACE('',(#7380),#7757,.F.);
#11111=ADVANCED_FACE('',(#7381),#7758,.F.);
#11112=ADVANCED_FACE('',(#7382),#7759,.T.);
#11113=ADVANCED_FACE('',(#7383),#7760,.F.);
#11114=ADVANCED_FACE('',(#7384),#7761,.F.);
#11115=ADVANCED_FACE('',(#7385),#7762,.F.);
#11116=ADVANCED_FACE('',(#7386),#7763,.T.);
#11117=ADVANCED_FACE('',(#7387),#7764,.F.);
#11118=ADVANCED_FACE('',(#7388),#7765,.F.);
#11119=ADVANCED_FACE('',(#7389),#7766,.F.);
#11120=ADVANCED_FACE('',(#7390,#7391),#150,.F.);
#11121=ADVANCED_FACE('',(#7392,#7393),#151,.F.);
#11122=ADVANCED_FACE('',(#7394,#7395),#152,.F.);
#11123=ADVANCED_FACE('',(#7396,#7397),#153,.F.);
#11124=ADVANCED_FACE('',(#7398),#7767,.T.);
#11125=ADVANCED_FACE('',(#7399),#7768,.T.);
#11126=ADVANCED_FACE('',(#7400),#7769,.F.);
#11127=ADVANCED_FACE('',(#7401,#7402),#154,.F.);
#11128=ADVANCED_FACE('',(#7403),#7770,.F.);
#11129=ADVANCED_FACE('',(#7404),#7771,.T.);
#11130=ADVANCED_FACE('',(#7405),#7772,.T.);
#11131=ADVANCED_FACE('',(#7406),#7773,.T.);
#11132=ADVANCED_FACE('',(#7407,#7408),#155,.F.);
#11133=ADVANCED_FACE('',(#7409),#7774,.T.);
#11134=ADVANCED_FACE('',(#7410),#7775,.F.);
#11135=ADVANCED_FACE('',(#7411),#7776,.F.);
#11136=ADVANCED_FACE('',(#7412),#7777,.T.);
#11137=ADVANCED_FACE('',(#7413,#7414),#156,.F.);
#11138=ADVANCED_FACE('',(#7415),#7778,.T.);
#11139=ADVANCED_FACE('',(#7416),#7779,.T.);
#11140=ADVANCED_FACE('',(#7417),#7780,.T.);
#11141=ADVANCED_FACE('',(#7418,#7419),#157,.F.);
#11142=ADVANCED_FACE('',(#7420),#7781,.T.);
#11143=ADVANCED_FACE('',(#7421),#7782,.F.);
#11144=ADVANCED_FACE('',(#7422),#7783,.F.);
#11145=ADVANCED_FACE('',(#7423),#7784,.F.);
#11146=ADVANCED_FACE('',(#7424),#7785,.F.);
#11147=ADVANCED_FACE('',(#7425),#7786,.F.);
#11148=ADVANCED_FACE('',(#7426),#7787,.F.);
#11149=ADVANCED_FACE('',(#7427),#7788,.F.);
#11150=ADVANCED_FACE('',(#7428),#7789,.F.);
#11151=ADVANCED_FACE('',(#7429),#7790,.T.);
#11152=ADVANCED_FACE('',(#7430),#7791,.T.);
#11153=ADVANCED_FACE('',(#7431),#7792,.T.);
#11154=ADVANCED_FACE('',(#7432),#7793,.T.);
#11155=ADVANCED_FACE('',(#7433),#7794,.T.);
#11156=ADVANCED_FACE('',(#7434),#7795,.T.);
#11157=ADVANCED_FACE('',(#7435),#7796,.T.);
#11158=ADVANCED_FACE('',(#7436),#7797,.T.);
#11159=ADVANCED_FACE('',(#7437),#7798,.T.);
#11160=ADVANCED_FACE('',(#7438),#7799,.T.);
#11161=ADVANCED_FACE('',(#7439),#7800,.T.);
#11162=ADVANCED_FACE('',(#7440),#7801,.F.);
#11163=ADVANCED_FACE('',(#7441),#7802,.F.);
#11164=ADVANCED_FACE('',(#7442),#7803,.T.);
#11165=ADVANCED_FACE('',(#7443),#7804,.T.);
#11166=ADVANCED_FACE('',(#7444),#7805,.T.);
#11167=ADVANCED_FACE('',(#7445),#7806,.T.);
#11168=ADVANCED_FACE('',(#7446),#7807,.F.);
#11169=ADVANCED_FACE('',(#7447),#7808,.F.);
#11170=ADVANCED_FACE('',(#7448),#7809,.F.);
#11171=ADVANCED_FACE('',(#7449),#7810,.F.);
#11172=ADVANCED_FACE('',(#7450),#7811,.F.);
#11173=ADVANCED_FACE('',(#7451),#7812,.F.);
#11174=ADVANCED_FACE('',(#7452),#7813,.F.);
#11175=ADVANCED_FACE('',(#7453),#7814,.F.);
#11176=ADVANCED_FACE('',(#7454),#7815,.F.);
#11177=ADVANCED_FACE('',(#7455),#7816,.F.);
#11178=ADVANCED_FACE('',(#7456),#7817,.F.);
#11179=ADVANCED_FACE('',(#7457),#7818,.F.);
#11180=ADVANCED_FACE('',(#7458),#7819,.F.);
#11181=ADVANCED_FACE('',(#7459),#158,.F.);
#11182=ADVANCED_FACE('',(#7460),#7820,.T.);
#11183=ADVANCED_FACE('',(#7461),#159,.F.);
#11184=ADVANCED_FACE('',(#7462),#7821,.F.);
#11185=ADVANCED_FACE('',(#7463),#7822,.F.);
#11186=ADVANCED_FACE('',(#7464),#7823,.F.);
#11187=ADVANCED_FACE('',(#7465),#7824,.F.);
#11188=ADVANCED_FACE('',(#7466),#160,.F.);
#11189=ADVANCED_FACE('',(#7467),#7825,.F.);
#11190=ADVANCED_FACE('',(#7468),#7826,.F.);
#11191=ADVANCED_FACE('',(#7469),#7827,.F.);
#11192=ADVANCED_FACE('',(#7470),#161,.F.);
#11193=ADVANCED_FACE('',(#7471),#7828,.F.);
#11194=ADVANCED_FACE('',(#7472),#7829,.F.);
#11195=ADVANCED_FACE('',(#7473),#7830,.F.);
#11196=ADVANCED_FACE('',(#7474),#7831,.T.);
#11197=ADVANCED_FACE('',(#7475),#7832,.F.);
#11198=ADVANCED_FACE('',(#7476),#162,.F.);
#11199=ADVANCED_FACE('',(#7477),#7833,.F.);
#11200=ADVANCED_FACE('',(#7478),#7834,.F.);
#11201=ADVANCED_FACE('',(#7479),#7835,.F.);
#11202=ADVANCED_FACE('',(#7480),#7836,.F.);
#11203=ADVANCED_FACE('',(#7481),#7837,.F.);
#11204=ADVANCED_FACE('',(#7482),#7838,.F.);
#11205=ADVANCED_FACE('',(#7483),#7839,.F.);
#11206=ADVANCED_FACE('',(#7484),#7840,.F.);
#11207=ADVANCED_FACE('',(#7485),#7841,.F.);
#11208=ADVANCED_FACE('',(#7486),#7842,.F.);
#11209=ADVANCED_FACE('',(#7487),#7843,.F.);
#11210=ADVANCED_FACE('',(#7488),#7844,.F.);
#11211=ADVANCED_FACE('',(#7489),#7845,.F.);
#11212=ADVANCED_FACE('',(#7490),#7846,.F.);
#11213=ADVANCED_FACE('',(#7491),#7847,.F.);
#11214=ADVANCED_FACE('',(#7492),#7848,.F.);
#11215=ADVANCED_FACE('',(#7493),#7849,.F.);
#11216=ADVANCED_FACE('',(#7494),#7850,.F.);
#11217=ADVANCED_FACE('',(#7495),#163,.F.);
#11218=ADVANCED_FACE('',(#7496),#7851,.T.);
#11219=ADVANCED_FACE('',(#7497),#164,.T.);
#11220=ADVANCED_FACE('',(#7498),#165,.F.);
#11221=ADVANCED_FACE('',(#7499),#7852,.F.);
#11222=ADVANCED_FACE('',(#7500),#7853,.F.);
#11223=ADVANCED_FACE('',(#7501),#7854,.F.);
#11224=ADVANCED_FACE('',(#7502),#7855,.F.);
#11225=ADVANCED_FACE('',(#7503),#7856,.F.);
#11226=ADVANCED_FACE('',(#7504),#7857,.F.);
#11227=ADVANCED_FACE('',(#7505),#166,.T.);
#11228=ADVANCED_FACE('',(#7506),#167,.F.);
#11229=ADVANCED_FACE('',(#7507),#7858,.F.);
#11230=ADVANCED_FACE('',(#7508),#7859,.F.);
#11231=ADVANCED_FACE('',(#7509),#7860,.F.);
#11232=ADVANCED_FACE('',(#7510),#7861,.F.);
#11233=ADVANCED_FACE('',(#7511),#7862,.F.);
#11234=ADVANCED_FACE('',(#7512),#7863,.F.);
#11235=ADVANCED_FACE('',(#7513),#7864,.F.);
#11236=ADVANCED_FACE('',(#7514),#7865,.F.);
#11237=ADVANCED_FACE('',(#7515),#7866,.F.);
#11238=ADVANCED_FACE('',(#7516),#7867,.F.);
#11239=ADVANCED_FACE('',(#7517),#168,.T.);
#11240=ADVANCED_FACE('',(#7518),#7868,.T.);
#11241=ADVANCED_FACE('',(#7519),#7869,.F.);
#11242=ADVANCED_FACE('',(#7520),#169,.F.);
#11243=ADVANCED_FACE('',(#7521),#7870,.F.);
#11244=ADVANCED_FACE('',(#7522),#7871,.F.);
#11245=ADVANCED_FACE('',(#7523),#7872,.F.);
#11246=ADVANCED_FACE('',(#7524),#7873,.F.);
#11247=ADVANCED_FACE('',(#7525),#7874,.F.);
#11248=ADVANCED_FACE('',(#7526),#7875,.F.);
#11249=ADVANCED_FACE('',(#7527),#7876,.F.);
#11250=ADVANCED_FACE('',(#7528),#7877,.F.);
#11251=ADVANCED_FACE('',(#7529),#170,.F.);
#11252=ADVANCED_FACE('',(#7530),#171,.T.);
#11253=ADVANCED_FACE('',(#7531),#7878,.F.);
#11254=ADVANCED_FACE('',(#7532),#7879,.F.);
#11255=ADVANCED_FACE('',(#7533),#7880,.F.);
#11256=ADVANCED_FACE('',(#7534),#7881,.F.);
#11257=ADVANCED_FACE('',(#7535),#7882,.F.);
#11258=ADVANCED_FACE('',(#7536),#7883,.F.);
#11259=ADVANCED_FACE('',(#7537),#172,.T.);
#11260=ADVANCED_FACE('',(#7538),#7884,.T.);
#11261=ADVANCED_FACE('',(#7539),#7885,.F.);
#11262=ADVANCED_FACE('',(#7540),#173,.F.);
#11263=ADVANCED_FACE('',(#7541),#7886,.F.);
#11264=ADVANCED_FACE('',(#7542),#7887,.F.);
#11265=ADVANCED_FACE('',(#7543),#7888,.F.);
#11266=ADVANCED_FACE('',(#7544),#7889,.F.);
#11267=ADVANCED_FACE('',(#7545),#7890,.F.);
#11268=ADVANCED_FACE('',(#7546),#7891,.F.);
#11269=ADVANCED_FACE('',(#7547),#7892,.F.);
#11270=ADVANCED_FACE('',(#7548),#7893,.F.);
#11271=ADVANCED_FACE('',(#7549),#174,.T.);
#11272=ADVANCED_FACE('',(#7550),#175,.F.);
#11273=ADVANCED_FACE('',(#7551),#7894,.F.);
#11274=ADVANCED_FACE('',(#7552),#7895,.F.);
#11275=ADVANCED_FACE('',(#7553),#7896,.F.);
#11276=ADVANCED_FACE('',(#7554),#7897,.F.);
#11277=ADVANCED_FACE('',(#7555),#7898,.F.);
#11278=ADVANCED_FACE('',(#7556),#7899,.F.);
#11279=ADVANCED_FACE('',(#7557),#176,.T.);
#11280=ADVANCED_FACE('',(#7558),#7900,.T.);
#11281=ADVANCED_FACE('',(#7559),#7901,.F.);
#11282=ADVANCED_FACE('',(#7560),#177,.F.);
#11283=ADVANCED_FACE('',(#7561),#7902,.F.);
#11284=ADVANCED_FACE('',(#7562),#7903,.F.);
#11285=ADVANCED_FACE('',(#7563),#7904,.F.);
#11286=ADVANCED_FACE('',(#7564),#7905,.F.);
#11287=ADVANCED_FACE('',(#7565),#7906,.F.);
#11288=ADVANCED_FACE('',(#7566),#7907,.F.);
#11289=ADVANCED_FACE('',(#7567),#7908,.F.);
#11290=ADVANCED_FACE('',(#7568),#7909,.F.);
#11291=ADVANCED_FACE('',(#7569),#178,.F.);
#11292=ADVANCED_FACE('',(#7570),#179,.T.);
#11293=ADVANCED_FACE('',(#7571),#7910,.F.);
#11294=ADVANCED_FACE('',(#7572),#7911,.F.);
#11295=ADVANCED_FACE('',(#7573),#7912,.F.);
#11296=ADVANCED_FACE('',(#7574),#7913,.F.);
#11297=ADVANCED_FACE('',(#7575),#7914,.F.);
#11298=ADVANCED_FACE('',(#7576),#7915,.F.);
#11299=ADVANCED_FACE('',(#7577),#180,.T.);
#11300=ADVANCED_FACE('',(#7578),#7916,.T.);
#11301=ADVANCED_FACE('',(#7579),#7917,.F.);
#11302=ADVANCED_FACE('',(#7580),#181,.F.);
#11303=ADVANCED_FACE('',(#7581),#7918,.F.);
#11304=ADVANCED_FACE('',(#7582),#7919,.F.);
#11305=ADVANCED_FACE('',(#7583),#7920,.F.);
#11306=ADVANCED_FACE('',(#7584),#7921,.F.);
#11307=ADVANCED_FACE('',(#7585),#7922,.F.);
#11308=ADVANCED_FACE('',(#7586),#7923,.F.);
#11309=ADVANCED_FACE('',(#7587),#7924,.F.);
#11310=ADVANCED_FACE('',(#7588),#7925,.F.);
#11311=ADVANCED_FACE('',(#7589),#182,.T.);
#11312=ADVANCED_FACE('',(#7590),#183,.F.);
#11313=ADVANCED_FACE('',(#7591),#7926,.F.);
#11314=ADVANCED_FACE('',(#7592),#7927,.F.);
#11315=ADVANCED_FACE('',(#7593),#7928,.F.);
#11316=ADVANCED_FACE('',(#7594),#7929,.F.);
#11317=ADVANCED_FACE('',(#7595),#7930,.F.);
#11318=ADVANCED_FACE('',(#7596),#7931,.F.);
#11319=CLOSED_SHELL('',(#10896,#10897,#10898,#10899,#10900,#10901,#10902,
#10903,#10904,#10905,#10906,#10907,#10908,#10909,#10910,#10911,#10912,#10913,
#10914,#10915,#10916,#10917,#10918,#10919,#10920,#10921,#10922,#10923,#10924,
#10925,#10926,#10927,#10928,#10929,#10930,#10931,#10932,#10933,#10934,#10935,
#10936,#10937,#10938,#10939,#10940,#10941,#10942,#10943,#10944,#10945,#10946,
#10947,#10948,#10949,#10950,#10951,#10952,#10953,#10954,#10955,#10956,#10957,
#10958,#10959,#10960,#10961,#10962,#10963,#10964,#10965,#10966,#10967,#10968,
#10969,#10970,#10971,#10972,#10973,#10974,#10975,#10976,#10977,#10978,#10979,
#10980,#10981,#10982,#10983,#10984,#10985,#10986,#10987,#10988,#10989,#10990,
#10991,#10992,#10993,#10994,#10995,#10996,#10997,#10998,#10999,#11000,#11001,
#11002,#11003,#11004,#11005,#11006,#11007,#11008,#11009,#11010,#11011,#11012,
#11013,#11014,#11015,#11016,#11017,#11018,#11019,#11020,#11021,#11022,#11023,
#11024,#11025,#11026,#11027,#11028,#11029,#11030,#11031,#11032,#11033,#11034,
#11035,#11036,#11037,#11038,#11039,#11040,#11041,#11042,#11043,#11044,#11045,
#11046,#11047,#11048,#11049,#11050,#11051,#11052,#11053,#11054,#11055,#11056,
#11057,#11058,#11059,#11060,#11061,#11062,#11063,#11064,#11065,#11066,#11067,
#11068,#11069,#11070,#11071,#11072,#11073,#11074,#11075,#11076,#11077,#11078,
#11079,#11080,#11081,#11082,#11083,#11084,#11085,#11086,#11087,#11088,#11089,
#11090,#11091,#11092,#11093,#11094,#11095,#11096,#11097,#11098,#11099,#11100,
#11101,#11102,#11103,#11104,#11105,#11106,#11107,#11108,#11109,#11110,#11111,
#11112,#11113,#11114,#11115,#11116,#11117,#11118,#11119,#11120,#11121,#11122,
#11123,#11124,#11125,#11126,#11127,#11128,#11129,#11130,#11131,#11132,#11133,
#11134,#11135,#11136,#11137,#11138,#11139,#11140,#11141,#11142,#11143,#11144,
#11145,#11146,#11147,#11148,#11149,#11150,#11151,#11152,#11153,#11154,#11155,
#11156,#11157,#11158,#11159,#11160,#11161,#11162,#11163,#11164,#11165,#11166,
#11167,#11168,#11169,#11170,#11171,#11172,#11173,#11174,#11175,#11176,#11177,
#11178,#11179,#11180,#11181,#11182,#11183,#11184,#11185,#11186,#11187,#11188,
#11189,#11190,#11191,#11192,#11193,#11194,#11195,#11196,#11197,#11198,#11199,
#11200,#11201,#11202,#11203,#11204,#11205,#11206,#11207,#11208,#11209,#11210,
#11211,#11212,#11213,#11214,#11215,#11216,#11217,#11218,#11219,#11220,#11221,
#11222,#11223,#11224,#11225,#11226,#11227,#11228,#11229,#11230,#11231,#11232,
#11233,#11234,#11235,#11236,#11237,#11238,#11239,#11240,#11241,#11242,#11243,
#11244,#11245,#11246,#11247,#11248,#11249,#11250,#11251,#11252,#11253,#11254,
#11255,#11256,#11257,#11258,#11259,#11260,#11261,#11262,#11263,#11264,#11265,
#11266,#11267,#11268,#11269,#11270,#11271,#11272,#11273,#11274,#11275,#11276,
#11277,#11278,#11279,#11280,#11281,#11282,#11283,#11284,#11285,#11286,#11287,
#11288,#11289,#11290,#11291,#11292,#11293,#11294,#11295,#11296,#11297,#11298,
#11299,#11300,#11301,#11302,#11303,#11304,#11305,#11306,#11307,#11308,#11309,
#11310,#11311,#11312,#11313,#11314,#11315,#11316,#11317,#11318));
#11320=MANIFOLD_SOLID_BREP('',#11319);
#11321=SHAPE_DEFINITION_REPRESENTATION(#16763,#11323);
#11322=SHAPE_DEFINITION_REPRESENTATION(#16762,#11324);
#11323=SHAPE_REPRESENTATION('J_Wurth_WR-MJ_615108137121R',(#11325),#16756);
#11324=SHAPE_REPRESENTATION('J_Wurth_WR-MJ_615108137121R',(#11325,#11914),
#16755);
#11325=AXIS2_PLACEMENT_3D('',#14061,#11915,#11916);
#11326=AXIS2_PLACEMENT_3D('',#14062,#11917,#11918);
#11327=AXIS2_PLACEMENT_3D('',#14100,#11937,#11938);
#11328=AXIS2_PLACEMENT_3D('',#14148,#11962,#11963);
#11329=AXIS2_PLACEMENT_3D('',#14184,#11981,#11982);
#11330=AXIS2_PLACEMENT_3D('',#14220,#12000,#12001);
#11331=AXIS2_PLACEMENT_3D('',#14301,#12042,#12043);
#11332=AXIS2_PLACEMENT_3D('',#14315,#12051,#12052);
#11333=AXIS2_PLACEMENT_3D('',#14320,#12054,#12055);
#11334=AXIS2_PLACEMENT_3D('',#14323,#12057,#12058);
#11335=AXIS2_PLACEMENT_3D('',#14340,#12067,#12068);
#11336=AXIS2_PLACEMENT_3D('',#14385,#12091,#12092);
#11337=AXIS2_PLACEMENT_3D('',#14394,#12097,#12098);
#11338=AXIS2_PLACEMENT_3D('',#14403,#12103,#12104);
#11339=AXIS2_PLACEMENT_3D('',#14412,#12109,#12110);
#11340=AXIS2_PLACEMENT_3D('',#14421,#12115,#12116);
#11341=AXIS2_PLACEMENT_3D('',#14430,#12121,#12122);
#11342=AXIS2_PLACEMENT_3D('',#14439,#12127,#12128);
#11343=AXIS2_PLACEMENT_3D('',#14448,#12133,#12134);
#11344=AXIS2_PLACEMENT_3D('',#14457,#12139,#12140);
#11345=AXIS2_PLACEMENT_3D('',#14466,#12145,#12146);
#11346=AXIS2_PLACEMENT_3D('',#14475,#12151,#12152);
#11347=AXIS2_PLACEMENT_3D('',#14484,#12157,#12158);
#11348=AXIS2_PLACEMENT_3D('',#14493,#12163,#12164);
#11349=AXIS2_PLACEMENT_3D('',#14502,#12169,#12170);
#11350=AXIS2_PLACEMENT_3D('',#14511,#12175,#12176);
#11351=AXIS2_PLACEMENT_3D('',#14520,#12181,#12182);
#11352=AXIS2_PLACEMENT_3D('',#14529,#12187,#12188);
#11353=AXIS2_PLACEMENT_3D('',#14538,#12193,#12194);
#11354=AXIS2_PLACEMENT_3D('',#14544,#12198,#12199);
#11355=AXIS2_PLACEMENT_3D('',#14550,#12203,#12204);
#11356=AXIS2_PLACEMENT_3D('',#14556,#12208,#12209);
#11357=AXIS2_PLACEMENT_3D('',#14559,#12212,#12213);
#11358=AXIS2_PLACEMENT_3D('',#14568,#12218,#12219);
#11359=AXIS2_PLACEMENT_3D('',#14571,#12222,#12223);
#11360=AXIS2_PLACEMENT_3D('',#14574,#12226,#12227);
#11361=AXIS2_PLACEMENT_3D('',#14583,#12232,#12233);
#11362=AXIS2_PLACEMENT_3D('',#14586,#12236,#12237);
#11363=AXIS2_PLACEMENT_3D('',#14589,#12240,#12241);
#11364=AXIS2_PLACEMENT_3D('',#14598,#12246,#12247);
#11365=AXIS2_PLACEMENT_3D('',#14601,#12250,#12251);
#11366=AXIS2_PLACEMENT_3D('',#14604,#12254,#12255);
#11367=AXIS2_PLACEMENT_3D('',#14609,#12259,#12260);
#11368=AXIS2_PLACEMENT_3D('',#14613,#12263,#12264);
#11369=AXIS2_PLACEMENT_3D('',#14616,#12267,#12268);
#11370=AXIS2_PLACEMENT_3D('',#14621,#12272,#12273);
#11371=AXIS2_PLACEMENT_3D('',#14625,#12276,#12277);
#11372=AXIS2_PLACEMENT_3D('',#14628,#12280,#12281);
#11373=AXIS2_PLACEMENT_3D('',#14633,#12285,#12286);
#11374=AXIS2_PLACEMENT_3D('',#14637,#12289,#12290);
#11375=AXIS2_PLACEMENT_3D('',#14640,#12293,#12294);
#11376=AXIS2_PLACEMENT_3D('',#14645,#12298,#12299);
#11377=AXIS2_PLACEMENT_3D('',#14649,#12302,#12303);
#11378=AXIS2_PLACEMENT_3D('',#14652,#12306,#12307);
#11379=AXIS2_PLACEMENT_3D('',#14653,#12308,#12309);
#11380=AXIS2_PLACEMENT_3D('',#14655,#12310,#12311);
#11381=AXIS2_PLACEMENT_3D('',#14657,#12312,#12313);
#11382=AXIS2_PLACEMENT_3D('',#14658,#12314,#12315);
#11383=AXIS2_PLACEMENT_3D('',#14660,#12316,#12317);
#11384=AXIS2_PLACEMENT_3D('',#14662,#12318,#12319);
#11385=AXIS2_PLACEMENT_3D('',#14663,#12320,#12321);
#11386=AXIS2_PLACEMENT_3D('',#14668,#12323,#12324);
#11387=AXIS2_PLACEMENT_3D('',#14671,#12326,#12327);
#11388=AXIS2_PLACEMENT_3D('',#14672,#12328,#12329);
#11389=AXIS2_PLACEMENT_3D('',#14677,#12331,#12332);
#11390=AXIS2_PLACEMENT_3D('',#14680,#12334,#12335);
#11391=AXIS2_PLACEMENT_3D('',#14681,#12336,#12337);
#11392=AXIS2_PLACEMENT_3D('',#14686,#12340,#12341);
#11393=AXIS2_PLACEMENT_3D('',#14687,#12342,#12343);
#11394=AXIS2_PLACEMENT_3D('',#14692,#12346,#12347);
#11395=AXIS2_PLACEMENT_3D('',#14693,#12348,#12349);
#11396=AXIS2_PLACEMENT_3D('',#14698,#12352,#12353);
#11397=AXIS2_PLACEMENT_3D('',#14699,#12354,#12355);
#11398=AXIS2_PLACEMENT_3D('',#14704,#12358,#12359);
#11399=AXIS2_PLACEMENT_3D('',#14705,#12360,#12361);
#11400=AXIS2_PLACEMENT_3D('',#14710,#12364,#12365);
#11401=AXIS2_PLACEMENT_3D('',#14711,#12366,#12367);
#11402=AXIS2_PLACEMENT_3D('',#14716,#12370,#12371);
#11403=AXIS2_PLACEMENT_3D('',#14725,#12376,#12377);
#11404=AXIS2_PLACEMENT_3D('',#14734,#12382,#12383);
#11405=AXIS2_PLACEMENT_3D('',#14743,#12388,#12389);
#11406=AXIS2_PLACEMENT_3D('',#14752,#12394,#12395);
#11407=AXIS2_PLACEMENT_3D('',#14758,#12399,#12400);
#11408=AXIS2_PLACEMENT_3D('',#14767,#12405,#12406);
#11409=AXIS2_PLACEMENT_3D('',#14776,#12411,#12412);
#11410=AXIS2_PLACEMENT_3D('',#14785,#12417,#12418);
#11411=AXIS2_PLACEMENT_3D('',#14791,#12422,#12423);
#11412=AXIS2_PLACEMENT_3D('',#14833,#12449,#12450);
#11413=AXIS2_PLACEMENT_3D('',#14844,#12457,#12458);
#11414=AXIS2_PLACEMENT_3D('',#14848,#12460,#12461);
#11415=AXIS2_PLACEMENT_3D('',#14855,#12466,#12467);
#11416=AXIS2_PLACEMENT_3D('',#14864,#12472,#12473);
#11417=AXIS2_PLACEMENT_3D('',#14870,#12477,#12478);
#11418=AXIS2_PLACEMENT_3D('',#14871,#12479,#12480);
#11419=AXIS2_PLACEMENT_3D('',#14872,#12481,#12482);
#11420=AXIS2_PLACEMENT_3D('',#14874,#12483,#12484);
#11421=AXIS2_PLACEMENT_3D('',#14875,#12485,#12486);
#11422=AXIS2_PLACEMENT_3D('',#14876,#12487,#12488);
#11423=AXIS2_PLACEMENT_3D('',#14878,#12489,#12490);
#11424=AXIS2_PLACEMENT_3D('',#14887,#12495,#12496);
#11425=AXIS2_PLACEMENT_3D('',#14890,#12499,#12500);
#11426=AXIS2_PLACEMENT_3D('',#14904,#12509,#12510);
#11427=AXIS2_PLACEMENT_3D('',#14918,#12519,#12520);
#11428=AXIS2_PLACEMENT_3D('',#14964,#12548,#12549);
#11429=AXIS2_PLACEMENT_3D('',#14972,#12555,#12556);
#11430=AXIS2_PLACEMENT_3D('',#14980,#12562,#12563);
#11431=AXIS2_PLACEMENT_3D('',#14989,#12568,#12569);
#11432=AXIS2_PLACEMENT_3D('',#14995,#12573,#12574);
#11433=AXIS2_PLACEMENT_3D('',#15001,#12578,#12579);
#11434=AXIS2_PLACEMENT_3D('',#15004,#12582,#12583);
#11435=AXIS2_PLACEMENT_3D('',#15008,#12586,#12587);
#11436=AXIS2_PLACEMENT_3D('',#15012,#12590,#12591);
#11437=AXIS2_PLACEMENT_3D('',#15014,#12593,#12594);
#11438=AXIS2_PLACEMENT_3D('',#15016,#12596,#12597);
#11439=AXIS2_PLACEMENT_3D('',#15018,#12599,#12600);
#11440=AXIS2_PLACEMENT_3D('',#15020,#12602,#12603);
#11441=AXIS2_PLACEMENT_3D('',#15021,#12604,#12605);
#11442=AXIS2_PLACEMENT_3D('',#15022,#12606,#12607);
#11443=AXIS2_PLACEMENT_3D('',#15026,#12610,#12611);
#11444=AXIS2_PLACEMENT_3D('',#15030,#12614,#12615);
#11445=AXIS2_PLACEMENT_3D('',#15032,#12617,#12618);
#11446=AXIS2_PLACEMENT_3D('',#15034,#12620,#12621);
#11447=AXIS2_PLACEMENT_3D('',#15035,#12622,#12623);
#11448=AXIS2_PLACEMENT_3D('',#15036,#12624,#12625);
#11449=AXIS2_PLACEMENT_3D('',#15038,#12627,#12628);
#11450=AXIS2_PLACEMENT_3D('',#15041,#12631,#12632);
#11451=AXIS2_PLACEMENT_3D('',#15044,#12635,#12636);
#11452=AXIS2_PLACEMENT_3D('',#15047,#12639,#12640);
#11453=AXIS2_PLACEMENT_3D('',#15050,#12643,#12644);
#11454=AXIS2_PLACEMENT_3D('',#15052,#12646,#12647);
#11455=AXIS2_PLACEMENT_3D('',#15055,#12650,#12651);
#11456=AXIS2_PLACEMENT_3D('',#15058,#12654,#12655);
#11457=AXIS2_PLACEMENT_3D('',#15059,#12656,#12657);
#11458=AXIS2_PLACEMENT_3D('',#15060,#12658,#12659);
#11459=AXIS2_PLACEMENT_3D('',#15061,#12660,#12661);
#11460=AXIS2_PLACEMENT_3D('',#15062,#12662,#12663);
#11461=AXIS2_PLACEMENT_3D('',#15063,#12664,#12665);
#11462=AXIS2_PLACEMENT_3D('',#15064,#12666,#12667);
#11463=AXIS2_PLACEMENT_3D('',#15065,#12668,#12669);
#11464=AXIS2_PLACEMENT_3D('',#15066,#12670,#12671);
#11465=AXIS2_PLACEMENT_3D('',#15067,#12672,#12673);
#11466=AXIS2_PLACEMENT_3D('',#15068,#12674,#12675);
#11467=AXIS2_PLACEMENT_3D('',#15069,#12676,#12677);
#11468=AXIS2_PLACEMENT_3D('',#15070,#12678,#12679);
#11469=AXIS2_PLACEMENT_3D('',#15071,#12680,#12681);
#11470=AXIS2_PLACEMENT_3D('',#15072,#12682,#12683);
#11471=AXIS2_PLACEMENT_3D('',#15082,#12693,#12694);
#11472=AXIS2_PLACEMENT_3D('',#15092,#12704,#12705);
#11473=AXIS2_PLACEMENT_3D('',#15095,#12707,#12708);
#11474=AXIS2_PLACEMENT_3D('',#15098,#12710,#12711);
#11475=AXIS2_PLACEMENT_3D('',#15103,#12714,#12715);
#11476=AXIS2_PLACEMENT_3D('',#15104,#12716,#12717);
#11477=AXIS2_PLACEMENT_3D('',#15106,#12719,#12720);
#11478=AXIS2_PLACEMENT_3D('',#15108,#12722,#12723);
#11479=AXIS2_PLACEMENT_3D('',#15129,#12724,#12725);
#11480=AXIS2_PLACEMENT_3D('',#15130,#12726,#12727);
#11481=AXIS2_PLACEMENT_3D('',#15134,#12729,#12730);
#11482=AXIS2_PLACEMENT_3D('',#15135,#12731,#12732);
#11483=AXIS2_PLACEMENT_3D('',#15144,#12737,#12738);
#11484=AXIS2_PLACEMENT_3D('',#15145,#12739,#12740);
#11485=AXIS2_PLACEMENT_3D('',#15151,#12744,#12745);
#11486=AXIS2_PLACEMENT_3D('',#15155,#12748,#12749);
#11487=AXIS2_PLACEMENT_3D('',#15159,#12752,#12753);
#11488=AXIS2_PLACEMENT_3D('',#15165,#12757,#12758);
#11489=AXIS2_PLACEMENT_3D('',#15174,#12760,#12761);
#11490=AXIS2_PLACEMENT_3D('',#15178,#12763,#12764);
#11491=AXIS2_PLACEMENT_3D('',#15184,#12765,#12766);
#11492=AXIS2_PLACEMENT_3D('',#15188,#12769,#12770);
#11493=AXIS2_PLACEMENT_3D('',#15190,#12772,#12773);
#11494=AXIS2_PLACEMENT_3D('',#15199,#12774,#12775);
#11495=AXIS2_PLACEMENT_3D('',#15214,#12776,#12777);
#11496=AXIS2_PLACEMENT_3D('',#15228,#12782,#12783);
#11497=AXIS2_PLACEMENT_3D('',#15247,#12788,#12789);
#11498=AXIS2_PLACEMENT_3D('',#15253,#12793,#12794);
#11499=AXIS2_PLACEMENT_3D('',#15259,#12798,#12799);
#11500=AXIS2_PLACEMENT_3D('',#15268,#12801,#12802);
#11501=AXIS2_PLACEMENT_3D('',#15272,#12804,#12805);
#11502=AXIS2_PLACEMENT_3D('',#15278,#12806,#12807);
#11503=AXIS2_PLACEMENT_3D('',#15282,#12810,#12811);
#11504=AXIS2_PLACEMENT_3D('',#15286,#12814,#12815);
#11505=AXIS2_PLACEMENT_3D('',#15288,#12817,#12818);
#11506=AXIS2_PLACEMENT_3D('',#15290,#12820,#12821);
#11507=AXIS2_PLACEMENT_3D('',#15311,#12822,#12823);
#11508=AXIS2_PLACEMENT_3D('',#15314,#12825,#12826);
#11509=AXIS2_PLACEMENT_3D('',#15318,#12828,#12829);
#11510=AXIS2_PLACEMENT_3D('',#15320,#12830,#12831);
#11511=AXIS2_PLACEMENT_3D('',#15321,#12832,#12833);
#11512=AXIS2_PLACEMENT_3D('',#15323,#12835,#12836);
#11513=AXIS2_PLACEMENT_3D('',#15326,#12838,#12839);
#11514=AXIS2_PLACEMENT_3D('',#15327,#12840,#12841);
#11515=AXIS2_PLACEMENT_3D('',#15399,#12878,#12879);
#11516=AXIS2_PLACEMENT_3D('',#15402,#12882,#12883);
#11517=AXIS2_PLACEMENT_3D('',#15403,#12884,#12885);
#11518=AXIS2_PLACEMENT_3D('',#15407,#12888,#12889);
#11519=AXIS2_PLACEMENT_3D('',#15408,#12890,#12891);
#11520=AXIS2_PLACEMENT_3D('',#15410,#12893,#12894);
#11521=AXIS2_PLACEMENT_3D('',#15416,#12900,#12901);
#11522=AXIS2_PLACEMENT_3D('',#15417,#12902,#12903);
#11523=AXIS2_PLACEMENT_3D('',#15419,#12904,#12905);
#11524=AXIS2_PLACEMENT_3D('',#15420,#12906,#12907);
#11525=AXIS2_PLACEMENT_3D('',#15422,#12908,#12909);
#11526=AXIS2_PLACEMENT_3D('',#15423,#12910,#12911);
#11527=AXIS2_PLACEMENT_3D('',#15425,#12912,#12913);
#11528=AXIS2_PLACEMENT_3D('',#15426,#12914,#12915);
#11529=AXIS2_PLACEMENT_3D('',#15428,#12916,#12917);
#11530=AXIS2_PLACEMENT_3D('',#15429,#12918,#12919);
#11531=AXIS2_PLACEMENT_3D('',#15431,#12920,#12921);
#11532=AXIS2_PLACEMENT_3D('',#15432,#12922,#12923);
#11533=AXIS2_PLACEMENT_3D('',#15434,#12924,#12925);
#11534=AXIS2_PLACEMENT_3D('',#15435,#12926,#12927);
#11535=AXIS2_PLACEMENT_3D('',#15437,#12928,#12929);
#11536=AXIS2_PLACEMENT_3D('',#15438,#12930,#12931);
#11537=AXIS2_PLACEMENT_3D('',#15440,#12932,#12933);
#11538=AXIS2_PLACEMENT_3D('',#15451,#12940,#12941);
#11539=AXIS2_PLACEMENT_3D('',#15458,#12946,#12947);
#11540=AXIS2_PLACEMENT_3D('',#15465,#12952,#12953);
#11541=AXIS2_PLACEMENT_3D('',#15476,#12960,#12961);
#11542=AXIS2_PLACEMENT_3D('',#15477,#12962,#12963);
#11543=AXIS2_PLACEMENT_3D('',#15482,#12965,#12966);
#11544=AXIS2_PLACEMENT_3D('',#15485,#12968,#12969);
#11545=AXIS2_PLACEMENT_3D('',#15486,#12970,#12971);
#11546=AXIS2_PLACEMENT_3D('',#15491,#12973,#12974);
#11547=AXIS2_PLACEMENT_3D('',#15494,#12976,#12977);
#11548=AXIS2_PLACEMENT_3D('',#15495,#12978,#12979);
#11549=AXIS2_PLACEMENT_3D('',#15500,#12981,#12982);
#11550=AXIS2_PLACEMENT_3D('',#15503,#12984,#12985);
#11551=AXIS2_PLACEMENT_3D('',#15504,#12986,#12987);
#11552=AXIS2_PLACEMENT_3D('',#15509,#12989,#12990);
#11553=AXIS2_PLACEMENT_3D('',#15512,#12992,#12993);
#11554=AXIS2_PLACEMENT_3D('',#15513,#12994,#12995);
#11555=AXIS2_PLACEMENT_3D('',#15518,#12997,#12998);
#11556=AXIS2_PLACEMENT_3D('',#15521,#13000,#13001);
#11557=AXIS2_PLACEMENT_3D('',#15522,#13002,#13003);
#11558=AXIS2_PLACEMENT_3D('',#15527,#13005,#13006);
#11559=AXIS2_PLACEMENT_3D('',#15530,#13008,#13009);
#11560=AXIS2_PLACEMENT_3D('',#15531,#13010,#13011);
#11561=AXIS2_PLACEMENT_3D('',#15536,#13013,#13014);
#11562=AXIS2_PLACEMENT_3D('',#15539,#13016,#13017);
#11563=AXIS2_PLACEMENT_3D('',#15540,#13018,#13019);
#11564=AXIS2_PLACEMENT_3D('',#15545,#13021,#13022);
#11565=AXIS2_PLACEMENT_3D('',#15548,#13024,#13025);
#11566=AXIS2_PLACEMENT_3D('',#15549,#13026,#13027);
#11567=AXIS2_PLACEMENT_3D('',#15554,#13029,#13030);
#11568=AXIS2_PLACEMENT_3D('',#15557,#13032,#13033);
#11569=AXIS2_PLACEMENT_3D('',#15558,#13034,#13035);
#11570=AXIS2_PLACEMENT_3D('',#15563,#13037,#13038);
#11571=AXIS2_PLACEMENT_3D('',#15566,#13040,#13041);
#11572=AXIS2_PLACEMENT_3D('',#15567,#13042,#13043);
#11573=AXIS2_PLACEMENT_3D('',#15572,#13045,#13046);
#11574=AXIS2_PLACEMENT_3D('',#15575,#13048,#13049);
#11575=AXIS2_PLACEMENT_3D('',#15576,#13050,#13051);
#11576=AXIS2_PLACEMENT_3D('',#15581,#13053,#13054);
#11577=AXIS2_PLACEMENT_3D('',#15584,#13056,#13057);
#11578=AXIS2_PLACEMENT_3D('',#15585,#13058,#13059);
#11579=AXIS2_PLACEMENT_3D('',#15590,#13061,#13062);
#11580=AXIS2_PLACEMENT_3D('',#15593,#13064,#13065);
#11581=AXIS2_PLACEMENT_3D('',#15594,#13066,#13067);
#11582=AXIS2_PLACEMENT_3D('',#15599,#13069,#13070);
#11583=AXIS2_PLACEMENT_3D('',#15602,#13072,#13073);
#11584=AXIS2_PLACEMENT_3D('',#15603,#13074,#13075);
#11585=AXIS2_PLACEMENT_3D('',#15608,#13077,#13078);
#11586=AXIS2_PLACEMENT_3D('',#15611,#13080,#13081);
#11587=AXIS2_PLACEMENT_3D('',#15612,#13082,#13083);
#11588=AXIS2_PLACEMENT_3D('',#15617,#13085,#13086);
#11589=AXIS2_PLACEMENT_3D('',#15620,#13088,#13089);
#11590=AXIS2_PLACEMENT_3D('',#15621,#13090,#13091);
#11591=AXIS2_PLACEMENT_3D('',#15622,#13092,#13093);
#11592=AXIS2_PLACEMENT_3D('',#15623,#13094,#13095);
#11593=AXIS2_PLACEMENT_3D('',#15625,#13096,#13097);
#11594=AXIS2_PLACEMENT_3D('',#15627,#13098,#13099);
#11595=AXIS2_PLACEMENT_3D('',#15631,#13101,#13102);
#11596=AXIS2_PLACEMENT_3D('',#15632,#13103,#13104);
#11597=AXIS2_PLACEMENT_3D('',#15633,#13105,#13106);
#11598=AXIS2_PLACEMENT_3D('',#15634,#13107,#13108);
#11599=AXIS2_PLACEMENT_3D('',#15635,#13109,#13110);
#11600=AXIS2_PLACEMENT_3D('',#15636,#13111,#13112);
#11601=AXIS2_PLACEMENT_3D('',#15638,#13113,#13114);
#11602=AXIS2_PLACEMENT_3D('',#15640,#13115,#13116);
#11603=AXIS2_PLACEMENT_3D('',#15644,#13118,#13119);
#11604=AXIS2_PLACEMENT_3D('',#15645,#13120,#13121);
#11605=AXIS2_PLACEMENT_3D('',#15646,#13122,#13123);
#11606=AXIS2_PLACEMENT_3D('',#15647,#13124,#13125);
#11607=AXIS2_PLACEMENT_3D('',#15648,#13126,#13127);
#11608=AXIS2_PLACEMENT_3D('',#15649,#13128,#13129);
#11609=AXIS2_PLACEMENT_3D('',#15653,#13131,#13132);
#11610=AXIS2_PLACEMENT_3D('',#15654,#13133,#13134);
#11611=AXIS2_PLACEMENT_3D('',#15655,#13135,#13136);
#11612=AXIS2_PLACEMENT_3D('',#15657,#13137,#13138);
#11613=AXIS2_PLACEMENT_3D('',#15659,#13139,#13140);
#11614=AXIS2_PLACEMENT_3D('',#15660,#13141,#13142);
#11615=AXIS2_PLACEMENT_3D('',#15661,#13143,#13144);
#11616=AXIS2_PLACEMENT_3D('',#15662,#13145,#13146);
#11617=AXIS2_PLACEMENT_3D('',#15664,#13147,#13148);
#11618=AXIS2_PLACEMENT_3D('',#15666,#13149,#13150);
#11619=AXIS2_PLACEMENT_3D('',#15670,#13152,#13153);
#11620=AXIS2_PLACEMENT_3D('',#15671,#13154,#13155);
#11621=AXIS2_PLACEMENT_3D('',#15672,#13156,#13157);
#11622=AXIS2_PLACEMENT_3D('',#15673,#13158,#13159);
#11623=AXIS2_PLACEMENT_3D('',#15674,#13160,#13161);
#11624=AXIS2_PLACEMENT_3D('',#15675,#13162,#13163);
#11625=AXIS2_PLACEMENT_3D('',#15679,#13165,#13166);
#11626=AXIS2_PLACEMENT_3D('',#15680,#13167,#13168);
#11627=AXIS2_PLACEMENT_3D('',#15681,#13169,#13170);
#11628=AXIS2_PLACEMENT_3D('',#15683,#13171,#13172);
#11629=AXIS2_PLACEMENT_3D('',#15687,#13174,#13175);
#11630=AXIS2_PLACEMENT_3D('',#15688,#13176,#13177);
#11631=AXIS2_PLACEMENT_3D('',#15689,#13178,#13179);
#11632=AXIS2_PLACEMENT_3D('',#15690,#13180,#13181);
#11633=AXIS2_PLACEMENT_3D('',#15692,#13182,#13183);
#11634=AXIS2_PLACEMENT_3D('',#15694,#13184,#13185);
#11635=AXIS2_PLACEMENT_3D('',#15698,#13187,#13188);
#11636=AXIS2_PLACEMENT_3D('',#15699,#13189,#13190);
#11637=AXIS2_PLACEMENT_3D('',#15700,#13191,#13192);
#11638=AXIS2_PLACEMENT_3D('',#15701,#13193,#13194);
#11639=AXIS2_PLACEMENT_3D('',#15702,#13195,#13196);
#11640=AXIS2_PLACEMENT_3D('',#15703,#13197,#13198);
#11641=AXIS2_PLACEMENT_3D('',#15705,#13199,#13200);
#11642=AXIS2_PLACEMENT_3D('',#15707,#13201,#13202);
#11643=AXIS2_PLACEMENT_3D('',#15711,#13204,#13205);
#11644=AXIS2_PLACEMENT_3D('',#15712,#13206,#13207);
#11645=AXIS2_PLACEMENT_3D('',#15713,#13208,#13209);
#11646=AXIS2_PLACEMENT_3D('',#15717,#13211,#13212);
#11647=AXIS2_PLACEMENT_3D('',#15718,#13213,#13214);
#11648=AXIS2_PLACEMENT_3D('',#15719,#13215,#13216);
#11649=AXIS2_PLACEMENT_3D('',#15723,#13218,#13219);
#11650=AXIS2_PLACEMENT_3D('',#15724,#13220,#13221);
#11651=AXIS2_PLACEMENT_3D('',#15725,#13222,#13223);
#11652=AXIS2_PLACEMENT_3D('',#15727,#13224,#13225);
#11653=AXIS2_PLACEMENT_3D('',#15729,#13226,#13227);
#11654=AXIS2_PLACEMENT_3D('',#15730,#13228,#13229);
#11655=AXIS2_PLACEMENT_3D('',#15733,#13231,#13232);
#11656=AXIS2_PLACEMENT_3D('',#15736,#13235,#13236);
#11657=AXIS2_PLACEMENT_3D('',#15739,#13239,#13240);
#11658=AXIS2_PLACEMENT_3D('',#15742,#13243,#13244);
#11659=AXIS2_PLACEMENT_3D('',#15745,#13247,#13248);
#11660=AXIS2_PLACEMENT_3D('',#15748,#13251,#13252);
#11661=AXIS2_PLACEMENT_3D('',#15751,#13255,#13256);
#11662=AXIS2_PLACEMENT_3D('',#15754,#13259,#13260);
#11663=AXIS2_PLACEMENT_3D('',#15757,#13263,#13264);
#11664=AXIS2_PLACEMENT_3D('',#15763,#13268,#13269);
#11665=AXIS2_PLACEMENT_3D('',#15766,#13272,#13273);
#11666=AXIS2_PLACEMENT_3D('',#15770,#13276,#13277);
#11667=AXIS2_PLACEMENT_3D('',#15772,#13279,#13280);
#11668=AXIS2_PLACEMENT_3D('',#15773,#13281,#13282);
#11669=AXIS2_PLACEMENT_3D('',#15775,#13284,#13285);
#11670=AXIS2_PLACEMENT_3D('',#15778,#13288,#13289);
#11671=AXIS2_PLACEMENT_3D('',#15783,#13292,#13293);
#11672=AXIS2_PLACEMENT_3D('',#15784,#13294,#13295);
#11673=AXIS2_PLACEMENT_3D('',#15787,#13298,#13299);
#11674=AXIS2_PLACEMENT_3D('',#15791,#13302,#13303);
#11675=AXIS2_PLACEMENT_3D('',#15796,#13306,#13307);
#11676=AXIS2_PLACEMENT_3D('',#15797,#13308,#13309);
#11677=AXIS2_PLACEMENT_3D('',#15800,#13312,#13313);
#11678=AXIS2_PLACEMENT_3D('',#15803,#13316,#13317);
#11679=AXIS2_PLACEMENT_3D('',#15812,#13319,#13320);
#11680=AXIS2_PLACEMENT_3D('',#15826,#13322,#13323);
#11681=AXIS2_PLACEMENT_3D('',#15832,#13324,#13325);
#11682=AXIS2_PLACEMENT_3D('',#15841,#13327,#13328);
#11683=AXIS2_PLACEMENT_3D('',#15855,#13330,#13331);
#11684=AXIS2_PLACEMENT_3D('',#15861,#13332,#13333);
#11685=AXIS2_PLACEMENT_3D('',#15864,#13335,#13336);
#11686=AXIS2_PLACEMENT_3D('',#15881,#13338,#13339);
#11687=AXIS2_PLACEMENT_3D('',#15884,#13341,#13342);
#11688=AXIS2_PLACEMENT_3D('',#15892,#13344,#13345);
#11689=AXIS2_PLACEMENT_3D('',#15898,#13346,#13347);
#11690=AXIS2_PLACEMENT_3D('',#15900,#13349,#13350);
#11691=AXIS2_PLACEMENT_3D('',#15901,#13351,#13352);
#11692=AXIS2_PLACEMENT_3D('',#15905,#13355,#13356);
#11693=AXIS2_PLACEMENT_3D('',#15906,#13357,#13358);
#11694=AXIS2_PLACEMENT_3D('',#15909,#13360,#13361);
#11695=AXIS2_PLACEMENT_3D('',#15912,#13364,#13365);
#11696=AXIS2_PLACEMENT_3D('',#15914,#13367,#13368);
#11697=AXIS2_PLACEMENT_3D('',#15916,#13370,#13371);
#11698=AXIS2_PLACEMENT_3D('',#15919,#13374,#13375);
#11699=AXIS2_PLACEMENT_3D('',#15921,#13377,#13378);
#11700=AXIS2_PLACEMENT_3D('',#15923,#13380,#13381);
#11701=AXIS2_PLACEMENT_3D('',#15926,#13384,#13385);
#11702=AXIS2_PLACEMENT_3D('',#15929,#13388,#13389);
#11703=AXIS2_PLACEMENT_3D('',#15934,#13393,#13394);
#11704=AXIS2_PLACEMENT_3D('',#15935,#13395,#13396);
#11705=AXIS2_PLACEMENT_3D('',#15936,#13397,#13398);
#11706=AXIS2_PLACEMENT_3D('',#15938,#13400,#13401);
#11707=AXIS2_PLACEMENT_3D('',#15940,#13403,#13404);
#11708=AXIS2_PLACEMENT_3D('',#15943,#13407,#13408);
#11709=AXIS2_PLACEMENT_3D('',#15945,#13410,#13411);
#11710=AXIS2_PLACEMENT_3D('',#15947,#13413,#13414);
#11711=AXIS2_PLACEMENT_3D('',#15949,#13416,#13417);
#11712=AXIS2_PLACEMENT_3D('',#15952,#13420,#13421);
#11713=AXIS2_PLACEMENT_3D('',#15955,#13424,#13425);
#11714=AXIS2_PLACEMENT_3D('',#15958,#13428,#13429);
#11715=AXIS2_PLACEMENT_3D('',#15961,#13432,#13433);
#11716=AXIS2_PLACEMENT_3D('',#15964,#13436,#13437);
#11717=AXIS2_PLACEMENT_3D('',#15967,#13440,#13441);
#11718=AXIS2_PLACEMENT_3D('',#15973,#13445,#13446);
#11719=AXIS2_PLACEMENT_3D('',#15976,#13449,#13450);
#11720=AXIS2_PLACEMENT_3D('',#15978,#13452,#13453);
#11721=AXIS2_PLACEMENT_3D('',#15979,#13454,#13455);
#11722=AXIS2_PLACEMENT_3D('',#15980,#13456,#13457);
#11723=AXIS2_PLACEMENT_3D('',#15981,#13458,#13459);
#11724=AXIS2_PLACEMENT_3D('',#15982,#13460,#13461);
#11725=AXIS2_PLACEMENT_3D('',#15983,#13462,#13463);
#11726=AXIS2_PLACEMENT_3D('',#15984,#13464,#13465);
#11727=AXIS2_PLACEMENT_3D('',#15985,#13466,#13467);
#11728=AXIS2_PLACEMENT_3D('',#15986,#13468,#13469);
#11729=AXIS2_PLACEMENT_3D('',#15987,#13470,#13471);
#11730=AXIS2_PLACEMENT_3D('',#15988,#13472,#13473);
#11731=AXIS2_PLACEMENT_3D('',#15989,#13474,#13475);
#11732=AXIS2_PLACEMENT_3D('',#15990,#13476,#13477);
#11733=AXIS2_PLACEMENT_3D('',#15991,#13478,#13479);
#11734=AXIS2_PLACEMENT_3D('',#15992,#13480,#13481);
#11735=AXIS2_PLACEMENT_3D('',#15993,#13482,#13483);
#11736=AXIS2_PLACEMENT_3D('',#15994,#13484,#13485);
#11737=AXIS2_PLACEMENT_3D('',#16004,#13491,#13492);
#11738=AXIS2_PLACEMENT_3D('',#16007,#13495,#13496);
#11739=AXIS2_PLACEMENT_3D('',#16010,#13499,#13500);
#11740=AXIS2_PLACEMENT_3D('',#16019,#13503,#13504);
#11741=AXIS2_PLACEMENT_3D('',#16020,#13505,#13506);
#11742=AXIS2_PLACEMENT_3D('',#16021,#13507,#13508);
#11743=AXIS2_PLACEMENT_3D('',#16023,#13510,#13511);
#11744=AXIS2_PLACEMENT_3D('',#16025,#13513,#13514);
#11745=AXIS2_PLACEMENT_3D('',#16037,#13518,#13519);
#11746=AXIS2_PLACEMENT_3D('',#16046,#13522,#13523);
#11747=AXIS2_PLACEMENT_3D('',#16050,#13526,#13527);
#11748=AXIS2_PLACEMENT_3D('',#16062,#13529,#13530);
#11749=AXIS2_PLACEMENT_3D('',#16063,#13531,#13532);
#11750=AXIS2_PLACEMENT_3D('',#16064,#13533,#13534);
#11751=AXIS2_PLACEMENT_3D('',#16065,#13535,#13536);
#11752=AXIS2_PLACEMENT_3D('',#16067,#13537,#13538);
#11753=AXIS2_PLACEMENT_3D('',#16070,#13540,#13541);
#11754=AXIS2_PLACEMENT_3D('',#16076,#13545,#13546);
#11755=AXIS2_PLACEMENT_3D('',#16082,#13550,#13551);
#11756=AXIS2_PLACEMENT_3D('',#16084,#13553,#13554);
#11757=AXIS2_PLACEMENT_3D('',#16087,#13557,#13558);
#11758=AXIS2_PLACEMENT_3D('',#16089,#13560,#13561);
#11759=AXIS2_PLACEMENT_3D('',#16090,#13562,#13563);
#11760=AXIS2_PLACEMENT_3D('',#16091,#13564,#13565);
#11761=AXIS2_PLACEMENT_3D('',#16092,#13566,#13567);
#11762=AXIS2_PLACEMENT_3D('',#16093,#13568,#13569);
#11763=AXIS2_PLACEMENT_3D('',#16096,#13571,#13572);
#11764=AXIS2_PLACEMENT_3D('',#16099,#13574,#13575);
#11765=AXIS2_PLACEMENT_3D('',#16105,#13579,#13580);
#11766=AXIS2_PLACEMENT_3D('',#16111,#13584,#13585);
#11767=AXIS2_PLACEMENT_3D('',#16112,#13586,#13587);
#11768=AXIS2_PLACEMENT_3D('',#16115,#13590,#13591);
#11769=AXIS2_PLACEMENT_3D('',#16118,#13594,#13595);
#11770=AXIS2_PLACEMENT_3D('',#16127,#13596,#13597);
#11771=AXIS2_PLACEMENT_3D('',#16128,#13598,#13599);
#11772=AXIS2_PLACEMENT_3D('',#16129,#13600,#13601);
#11773=AXIS2_PLACEMENT_3D('',#16130,#13602,#13603);
#11774=AXIS2_PLACEMENT_3D('',#16131,#13604,#13605);
#11775=AXIS2_PLACEMENT_3D('',#16133,#13607,#13608);
#11776=AXIS2_PLACEMENT_3D('',#16134,#13609,#13610);
#11777=AXIS2_PLACEMENT_3D('',#16144,#13616,#13617);
#11778=AXIS2_PLACEMENT_3D('',#16147,#13620,#13621);
#11779=AXIS2_PLACEMENT_3D('',#16150,#13624,#13625);
#11780=AXIS2_PLACEMENT_3D('',#16159,#13628,#13629);
#11781=AXIS2_PLACEMENT_3D('',#16160,#13630,#13631);
#11782=AXIS2_PLACEMENT_3D('',#16161,#13632,#13633);
#11783=AXIS2_PLACEMENT_3D('',#16163,#13635,#13636);
#11784=AXIS2_PLACEMENT_3D('',#16165,#13638,#13639);
#11785=AXIS2_PLACEMENT_3D('',#16177,#13643,#13644);
#11786=AXIS2_PLACEMENT_3D('',#16186,#13647,#13648);
#11787=AXIS2_PLACEMENT_3D('',#16190,#13651,#13652);
#11788=AXIS2_PLACEMENT_3D('',#16202,#13654,#13655);
#11789=AXIS2_PLACEMENT_3D('',#16203,#13656,#13657);
#11790=AXIS2_PLACEMENT_3D('',#16204,#13658,#13659);
#11791=AXIS2_PLACEMENT_3D('',#16205,#13660,#13661);
#11792=AXIS2_PLACEMENT_3D('',#16209,#13663,#13664);
#11793=AXIS2_PLACEMENT_3D('',#16211,#13666,#13667);
#11794=AXIS2_PLACEMENT_3D('',#16212,#13668,#13669);
#11795=AXIS2_PLACEMENT_3D('',#16215,#13671,#13672);
#11796=AXIS2_PLACEMENT_3D('',#16218,#13674,#13675);
#11797=AXIS2_PLACEMENT_3D('',#16224,#13679,#13680);
#11798=AXIS2_PLACEMENT_3D('',#16230,#13684,#13685);
#11799=AXIS2_PLACEMENT_3D('',#16231,#13686,#13687);
#11800=AXIS2_PLACEMENT_3D('',#16234,#13690,#13691);
#11801=AXIS2_PLACEMENT_3D('',#16235,#13692,#13693);
#11802=AXIS2_PLACEMENT_3D('',#16236,#13694,#13695);
#11803=AXIS2_PLACEMENT_3D('',#16237,#13696,#13697);
#11804=AXIS2_PLACEMENT_3D('',#16241,#13699,#13700);
#11805=AXIS2_PLACEMENT_3D('',#16243,#13702,#13703);
#11806=AXIS2_PLACEMENT_3D('',#16244,#13704,#13705);
#11807=AXIS2_PLACEMENT_3D('',#16247,#13707,#13708);
#11808=AXIS2_PLACEMENT_3D('',#16250,#13710,#13711);
#11809=AXIS2_PLACEMENT_3D('',#16256,#13715,#13716);
#11810=AXIS2_PLACEMENT_3D('',#16262,#13720,#13721);
#11811=AXIS2_PLACEMENT_3D('',#16263,#13722,#13723);
#11812=AXIS2_PLACEMENT_3D('',#16266,#13726,#13727);
#11813=AXIS2_PLACEMENT_3D('',#16267,#13728,#13729);
#11814=AXIS2_PLACEMENT_3D('',#16268,#13730,#13731);
#11815=AXIS2_PLACEMENT_3D('',#16269,#13732,#13733);
#11816=AXIS2_PLACEMENT_3D('',#16270,#13734,#13735);
#11817=AXIS2_PLACEMENT_3D('',#16271,#13736,#13737);
#11818=AXIS2_PLACEMENT_3D('',#16272,#13738,#13739);
#11819=AXIS2_PLACEMENT_3D('',#16293,#13740,#13741);
#11820=AXIS2_PLACEMENT_3D('',#16302,#13746,#13747);
#11821=AXIS2_PLACEMENT_3D('',#16311,#13752,#13753);
#11822=AXIS2_PLACEMENT_3D('',#16339,#13754,#13755);
#11823=AXIS2_PLACEMENT_3D('',#16343,#13759,#13760);
#11824=AXIS2_PLACEMENT_3D('',#16345,#13762,#13763);
#11825=AXIS2_PLACEMENT_3D('',#16348,#13766,#13767);
#11826=AXIS2_PLACEMENT_3D('',#16349,#13768,#13769);
#11827=AXIS2_PLACEMENT_3D('',#16357,#13774,#13775);
#11828=AXIS2_PLACEMENT_3D('',#16363,#13779,#13780);
#11829=AXIS2_PLACEMENT_3D('',#16369,#13784,#13785);
#11830=AXIS2_PLACEMENT_3D('',#16375,#13789,#13790);
#11831=AXIS2_PLACEMENT_3D('',#16376,#13791,#13792);
#11832=AXIS2_PLACEMENT_3D('',#16378,#13793,#13794);
#11833=AXIS2_PLACEMENT_3D('',#16381,#13796,#13797);
#11834=AXIS2_PLACEMENT_3D('',#16382,#13798,#13799);
#11835=AXIS2_PLACEMENT_3D('',#16383,#13800,#13801);
#11836=AXIS2_PLACEMENT_3D('',#16384,#13802,#13803);
#11837=AXIS2_PLACEMENT_3D('',#16386,#13805,#13806);
#11838=AXIS2_PLACEMENT_3D('',#16390,#13810,#13811);
#11839=AXIS2_PLACEMENT_3D('',#16392,#13813,#13814);
#11840=AXIS2_PLACEMENT_3D('',#16393,#13815,#13816);
#11841=AXIS2_PLACEMENT_3D('',#16394,#13817,#13818);
#11842=AXIS2_PLACEMENT_3D('',#16395,#13819,#13820);
#11843=AXIS2_PLACEMENT_3D('',#16416,#13821,#13822);
#11844=AXIS2_PLACEMENT_3D('',#16425,#13827,#13828);
#11845=AXIS2_PLACEMENT_3D('',#16434,#13833,#13834);
#11846=AXIS2_PLACEMENT_3D('',#16462,#13835,#13836);
#11847=AXIS2_PLACEMENT_3D('',#16465,#13839,#13840);
#11848=AXIS2_PLACEMENT_3D('',#16468,#13843,#13844);
#11849=AXIS2_PLACEMENT_3D('',#16470,#13846,#13847);
#11850=AXIS2_PLACEMENT_3D('',#16472,#13849,#13850);
#11851=AXIS2_PLACEMENT_3D('',#16478,#13854,#13855);
#11852=AXIS2_PLACEMENT_3D('',#16484,#13859,#13860);
#11853=AXIS2_PLACEMENT_3D('',#16490,#13864,#13865);
#11854=AXIS2_PLACEMENT_3D('',#16496,#13869,#13870);
#11855=AXIS2_PLACEMENT_3D('',#16497,#13871,#13872);
#11856=AXIS2_PLACEMENT_3D('',#16498,#13873,#13874);
#11857=AXIS2_PLACEMENT_3D('',#16499,#13875,#13876);
#11858=AXIS2_PLACEMENT_3D('',#16503,#13878,#13879);
#11859=AXIS2_PLACEMENT_3D('',#16504,#13880,#13881);
#11860=AXIS2_PLACEMENT_3D('',#16505,#13882,#13883);
#11861=AXIS2_PLACEMENT_3D('',#16507,#13885,#13886);
#11862=AXIS2_PLACEMENT_3D('',#16509,#13888,#13889);
#11863=AXIS2_PLACEMENT_3D('',#16511,#13891,#13892);
#11864=AXIS2_PLACEMENT_3D('',#16513,#13894,#13895);
#11865=AXIS2_PLACEMENT_3D('',#16515,#13897,#13898);
#11866=AXIS2_PLACEMENT_3D('',#16516,#13899,#13900);
#11867=AXIS2_PLACEMENT_3D('',#16537,#13901,#13902);
#11868=AXIS2_PLACEMENT_3D('',#16546,#13907,#13908);
#11869=AXIS2_PLACEMENT_3D('',#16555,#13913,#13914);
#11870=AXIS2_PLACEMENT_3D('',#16583,#13915,#13916);
#11871=AXIS2_PLACEMENT_3D('',#16587,#13920,#13921);
#11872=AXIS2_PLACEMENT_3D('',#16589,#13923,#13924);
#11873=AXIS2_PLACEMENT_3D('',#16592,#13927,#13928);
#11874=AXIS2_PLACEMENT_3D('',#16593,#13929,#13930);
#11875=AXIS2_PLACEMENT_3D('',#16599,#13934,#13935);
#11876=AXIS2_PLACEMENT_3D('',#16605,#13939,#13940);
#11877=AXIS2_PLACEMENT_3D('',#16611,#13944,#13945);
#11878=AXIS2_PLACEMENT_3D('',#16617,#13949,#13950);
#11879=AXIS2_PLACEMENT_3D('',#16618,#13951,#13952);
#11880=AXIS2_PLACEMENT_3D('',#16620,#13953,#13954);
#11881=AXIS2_PLACEMENT_3D('',#16623,#13956,#13957);
#11882=AXIS2_PLACEMENT_3D('',#16624,#13958,#13959);
#11883=AXIS2_PLACEMENT_3D('',#16625,#13960,#13961);
#11884=AXIS2_PLACEMENT_3D('',#16626,#13962,#13963);
#11885=AXIS2_PLACEMENT_3D('',#16628,#13965,#13966);
#11886=AXIS2_PLACEMENT_3D('',#16631,#13969,#13970);
#11887=AXIS2_PLACEMENT_3D('',#16632,#13971,#13972);
#11888=AXIS2_PLACEMENT_3D('',#16634,#13974,#13975);
#11889=AXIS2_PLACEMENT_3D('',#16636,#13977,#13978);
#11890=AXIS2_PLACEMENT_3D('',#16637,#13979,#13980);
#11891=AXIS2_PLACEMENT_3D('',#16658,#13981,#13982);
#11892=AXIS2_PLACEMENT_3D('',#16667,#13987,#13988);
#11893=AXIS2_PLACEMENT_3D('',#16676,#13993,#13994);
#11894=AXIS2_PLACEMENT_3D('',#16699,#13995,#13996);
#11895=AXIS2_PLACEMENT_3D('',#16703,#14000,#14001);
#11896=AXIS2_PLACEMENT_3D('',#16705,#14003,#14004);
#11897=AXIS2_PLACEMENT_3D('',#16707,#14006,#14007);
#11898=AXIS2_PLACEMENT_3D('',#16709,#14009,#14010);
#11899=AXIS2_PLACEMENT_3D('',#16715,#14014,#14015);
#11900=AXIS2_PLACEMENT_3D('',#16721,#14019,#14020);
#11901=AXIS2_PLACEMENT_3D('',#16727,#14024,#14025);
#11902=AXIS2_PLACEMENT_3D('',#16733,#14029,#14030);
#11903=AXIS2_PLACEMENT_3D('',#16734,#14031,#14032);
#11904=AXIS2_PLACEMENT_3D('',#16735,#14033,#14034);
#11905=AXIS2_PLACEMENT_3D('',#16736,#14035,#14036);
#11906=AXIS2_PLACEMENT_3D('',#16740,#14038,#14039);
#11907=AXIS2_PLACEMENT_3D('',#16741,#14040,#14041);
#11908=AXIS2_PLACEMENT_3D('',#16742,#14042,#14043);
#11909=AXIS2_PLACEMENT_3D('',#16744,#14045,#14046);
#11910=AXIS2_PLACEMENT_3D('',#16746,#14048,#14049);
#11911=AXIS2_PLACEMENT_3D('',#16748,#14051,#14052);
#11912=AXIS2_PLACEMENT_3D('',#16750,#14054,#14055);
#11913=AXIS2_PLACEMENT_3D('',#16752,#14057,#14058);
#11914=AXIS2_PLACEMENT_3D('',#16753,#14059,#14060);
#11915=DIRECTION('',(0.,0.,1.));
#11916=DIRECTION('',(1.,0.,0.));
#11917=DIRECTION('',(-1.3191813505527E-16,0.,1.));
#11918=DIRECTION('',(1.,0.,1.31918135055271E-16));
#11919=DIRECTION('',(0.999999162719163,0.00129404828849052,-1.77107972476311E-16));
#11920=DIRECTION('',(0.00129404828849058,-0.999999162719163,1.79055640808917E-14));
#11921=DIRECTION('',(0.0371575859692597,-0.999309418451031,1.84046816249882E-14));
#11922=DIRECTION('',(0.0371575859692597,-0.999309418451031,1.84046816249882E-14));
#11923=DIRECTION('',(0.00129404828849053,-0.999999162719163,2.65791814607757E-14));
#11924=DIRECTION('',(-0.999999162719163,-0.00129404828849053,-1.72660066933562E-16));
#11925=DIRECTION('',(0.00129404828849053,-0.999999162719163,2.65791814607757E-14));
#11926=DIRECTION('',(0.0371575859692597,-0.999309418451031,1.84046816249882E-14));
#11927=DIRECTION('',(0.0371575859692597,-0.999309418451031,1.84046816249882E-14));
#11928=DIRECTION('',(0.00129404828837174,-0.999999162719163,0.));
#11929=DIRECTION('',(-0.00111277977295961,-0.999999380860397,0.));
#11930=DIRECTION('',(-0.0284245595448541,-0.999595940575331,1.70186826397776E-14));
#11931=DIRECTION('',(-0.0284245595448541,-0.999595940575331,1.70186826397776E-14));
#11932=DIRECTION('',(-0.00111277977303034,-0.999999380860397,2.53136723261551E-14));
#11933=DIRECTION('',(1.,0.,0.));
#11934=DIRECTION('',(-0.0323294856111737,-0.999477265554408,-2.83303378474238E-16));
#11935=DIRECTION('',(1.,0.,0.));
#11936=DIRECTION('',(0.0525348758982377,0.998619089950897,2.83060127270656E-16));
#11937=DIRECTION('',(0.,2.83451548362223E-16,-1.));
#11938=DIRECTION('',(1.,0.,0.));
#11939=DIRECTION('',(-0.0616392258544765,-0.998098495057507,-2.82912563842055E-16));
#11940=DIRECTION('',(-1.,0.,0.));
#11941=DIRECTION('',(0.0626666658689203,0.998034512924715,2.82894428007448E-16));
#11942=DIRECTION('',(1.,0.,0.));
#11943=DIRECTION('',(0.00135061910536499,-0.9999990879136,8.08844466819696E-15));
#11944=DIRECTION('',(-0.0687374882362844,-0.997634781726743,1.70727280708712E-14));
#11945=DIRECTION('',(-0.0687374882362844,-0.997634781726743,1.70727280708712E-14));
#11946=DIRECTION('',(-0.00135061910545792,0.9999990879136,0.));
#11947=DIRECTION('',(0.9999990879136,0.00135061910536474,3.70345396393117E-16));
#11948=DIRECTION('',(0.,1.,0.));
#11949=DIRECTION('',(-0.0687374882362844,-0.997634781726743,1.70727280708712E-14));
#11950=DIRECTION('',(-0.0687374882362844,-0.997634781726743,1.70727280708712E-14));
#11951=DIRECTION('',(0.00135061910536499,-0.9999990879136,8.08844466819696E-15));
#11952=DIRECTION('',(1.,0.,0.));
#11953=DIRECTION('',(-0.0702271792263763,-0.997531023727035,-2.82751713214782E-16));
#11954=DIRECTION('',(-1.,0.,0.));
#11955=DIRECTION('',(6.12303176911189E-17,1.,2.83451548362223E-16));
#11956=DIRECTION('',(-1.,0.,-1.3191813505527E-16));
#11957=DIRECTION('',(0.,1.,0.));
#11958=DIRECTION('',(1.,0.,1.3191813505527E-16));
#11959=DIRECTION('',(0.,1.,0.));
#11960=DIRECTION('',(-1.,0.,0.));
#11961=DIRECTION('',(0.0843280142329948,-0.996438049261227,-2.82441907910128E-16));
#11962=DIRECTION('',(0.,2.83451548362223E-16,-1.));
#11963=DIRECTION('',(1.,0.,0.));
#11964=DIRECTION('',(-0.0752662274943194,0.997163474561104,2.826475308346E-16));
#11965=DIRECTION('',(1.,0.,0.));
#11966=DIRECTION('',(-0.0513060234433945,0.998682978706669,2.83078236637403E-16));
#11967=DIRECTION('',(1.,0.,0.));
#11968=DIRECTION('',(-0.00335436662381945,0.999994374096451,-4.42501789305904E-19));
#11969=DIRECTION('',(-0.049490718141735,0.998774583586214,-6.5287232398037E-18));
#11970=DIRECTION('',(-0.049490718141735,0.998774583586214,-6.5287232398037E-18));
#11971=DIRECTION('',(-0.0033543666238195,0.999994374096451,-4.42501789305911E-19));
#11972=DIRECTION('',(0.999994374096451,0.00335436662375365,3.67432849008552E-14));
#11973=DIRECTION('',(0.0033543666238195,-0.999994374096451,4.42501789305911E-19));
#11974=DIRECTION('',(0.049490718141735,-0.998774583586214,6.5287232398037E-18));
#11975=DIRECTION('',(0.049490718141735,-0.998774583586214,6.5287232398037E-18));
#11976=DIRECTION('',(0.00335436662381945,-0.999994374096451,4.42501789305904E-19));
#11977=DIRECTION('',(1.,0.,0.));
#11978=DIRECTION('',(0.0437209208917289,-0.999043783363061,-2.83180507275913E-16));
#11979=DIRECTION('',(1.,0.,0.));
#11980=DIRECTION('',(-0.0388544299208311,0.999244881535816,2.83237508864354E-16));
#11981=DIRECTION('',(0.,2.83451548362223E-16,-1.));
#11982=DIRECTION('',(1.,0.,0.));
#11983=DIRECTION('',(0.0297215280645314,-0.999558217798998,-2.83326324513311E-16));
#11984=DIRECTION('',(-1.,0.,0.));
#11985=DIRECTION('',(0.0133179178796303,-0.999911312598948,-2.83426409781075E-16));
#11986=DIRECTION('',(-1.,0.,0.));
#11987=DIRECTION('',(-0.00357467819173605,0.999993610817502,-4.71564880476565E-19));
#11988=DIRECTION('',(-0.00982200613758708,0.999951762934309,-1.2957007321719E-18));
#11989=DIRECTION('',(-0.00982200613758708,0.999951762934309,-1.2957007321719E-18));
#11990=DIRECTION('',(-0.00357467819173605,0.999993610817502,-4.71564880476565E-19));
#11991=DIRECTION('',(0.999993610817502,0.00357467819173605,7.30595054184551E-16));
#11992=DIRECTION('',(0.00357467819173605,-0.999993610817502,4.71564880476565E-19));
#11993=DIRECTION('',(0.00982200613758708,-0.999951762934309,1.2957007321719E-18));
#11994=DIRECTION('',(0.00982200613758708,-0.999951762934309,1.2957007321719E-18));
#11995=DIRECTION('',(0.00357467819173605,-0.999993610817502,4.71564880476565E-19));
#11996=DIRECTION('',(-1.,0.,0.));
#11997=DIRECTION('',(-0.00570809234167927,0.999983708708206,2.8344693057034E-16));
#11998=DIRECTION('',(1.,0.,0.));
#11999=DIRECTION('',(0.00686168407095551,0.999976458368751,2.83444875450395E-16));
#12000=DIRECTION('',(0.,2.83451548362223E-16,-1.));
#12001=DIRECTION('',(1.,0.,0.));
#12002=DIRECTION('',(-0.0153087919839101,-0.999882813577668,-2.83418331689366E-16));
#12003=DIRECTION('',(-1.,0.,0.));
#12004=DIRECTION('',(0.0247279142520635,0.999694218377171,2.83364874087772E-16));
#12005=DIRECTION('',(1.,0.,0.));
#12006=DIRECTION('',(-0.00111277977303034,-0.999999380860397,2.53136723261551E-14));
#12007=DIRECTION('',(-0.0284245595448541,-0.999595940575331,1.70186826397776E-14));
#12008=DIRECTION('',(-0.0284245595448541,-0.999595940575331,1.70186826397776E-14));
#12009=DIRECTION('',(0.,1.,0.));
#12010=DIRECTION('',(-0.00111277977288063,-0.999999380860397,0.));
#12011=DIRECTION('',(0.999999380860397,-0.00111277977297702,1.54180299097234E-14));
#12012=DIRECTION('',(-0.0127361425248271,-0.999918892047544,1.72007963505106E-14));
#12013=DIRECTION('',(-0.0010978269391314,-0.999999397387824,0.));
#12014=DIRECTION('',(0.999999397387824,-0.00109782693914261,-1.35042458930077E-16));
#12015=DIRECTION('',(-0.00109782693922196,-0.999999397387824,0.));
#12016=DIRECTION('',(-0.0127361425248271,-0.999918892047544,1.72007963505106E-14));
#12017=DIRECTION('',(-0.0127361425248271,-0.999918892047544,1.72007963505106E-14));
#12018=DIRECTION('',(-0.00109782693914245,-0.999999397387824,2.53721592220874E-14));
#12019=DIRECTION('',(-0.999999397387824,0.00109782693914245,-1.15955489695397E-16));
#12020=DIRECTION('',(-0.00109782693914245,-0.999999397387824,2.53721592220874E-14));
#12021=DIRECTION('',(-0.0127361425248271,-0.999918892047544,1.72007963505106E-14));
#12022=DIRECTION('',(0.999998457451265,-0.00175644387607716,-2.86269619442342E-16));
#12023=DIRECTION('',(-0.00175644387607752,-0.999998457451265,1.67095412248878E-14));
#12024=DIRECTION('',(0.0851991864121327,-0.996363938847001,1.61098656782238E-14));
#12025=DIRECTION('',(0.0851991864121327,-0.996363938847001,1.61098656782238E-14));
#12026=DIRECTION('',(-0.00175644387607752,-0.999998457451265,1.67095412248878E-14));
#12027=DIRECTION('',(-0.999998457451265,0.00175644387607752,3.86626767617028E-16));
#12028=DIRECTION('',(-0.00175644387607752,-0.999998457451265,1.67095412248878E-14));
#12029=DIRECTION('',(0.0851991864121327,-0.996363938847001,1.61098656782238E-14));
#12030=DIRECTION('',(0.0851991864121327,-0.996363938847001,1.61098656782238E-14));
#12031=DIRECTION('',(-0.00175644387629768,-0.999998457451265,0.));
#12032=DIRECTION('',(0.,1.,0.));
#12033=DIRECTION('',(-0.0582526871324402,-0.998301870398854,1.70722790749545E-14));
#12034=DIRECTION('',(-0.0582526871324402,-0.998301870398854,1.70722790749545E-14));
#12035=DIRECTION('',(-0.000155322274605011,-0.999999987937496,2.53144103980507E-14));
#12036=DIRECTION('',(-0.999999987937496,0.000155322274605011,-7.62899989067817E-16));
#12037=DIRECTION('',(-0.000155322274605011,-0.999999987937496,2.53144103980507E-14));
#12038=DIRECTION('',(-0.0582526871324402,-0.998301870398854,1.70722790749545E-14));
#12039=DIRECTION('',(-0.0582526871324402,-0.998301870398854,1.70722790749545E-14));
#12040=DIRECTION('',(0.,1.,0.));
#12041=DIRECTION('',(0.999999987937496,-0.000155322274551548,1.35954381512082E-14));
#12042=DIRECTION('',(0.,1.,0.));
#12043=DIRECTION('',(0.,0.,1.));
#12044=DIRECTION('',(-1.,0.,-1.3191813505527E-16));
#12045=DIRECTION('',(0.,0.,1.));
#12046=DIRECTION('',(0.,0.,-1.));
#12047=DIRECTION('',(-1.,0.,-1.3191813505527E-16));
#12048=DIRECTION('',(0.,0.,-1.));
#12049=DIRECTION('',(1.,0.,0.));
#12050=DIRECTION('',(0.,0.,1.));
#12051=DIRECTION('',(0.,1.,0.));
#12052=DIRECTION('',(1.,0.,3.67434916161951E-14));
#12053=DIRECTION('',(8.56079354029194E-16,0.,-1.));
#12054=DIRECTION('',(0.,1.,0.));
#12055=DIRECTION('',(1.,0.,3.67434916161951E-14));
#12056=DIRECTION('',(-8.56079354029194E-16,0.,1.));
#12057=DIRECTION('',(-1.,-3.29795337638176E-16,-6.47235842362559E-15));
#12058=DIRECTION('',(-6.47235842362559E-15,0.,1.));
#12059=DIRECTION('',(-1.67316296378204E-15,-0.951708617760551,0.307002779922759));
#12060=DIRECTION('',(-6.47235842362559E-15,-2.1345536316349E-30,1.));
#12061=DIRECTION('',(-3.29795337638176E-16,1.,0.));
#12062=DIRECTION('',(-6.47235842362559E-15,-2.1345536316349E-30,1.));
#12063=DIRECTION('',(1.4511902783987E-15,0.961948993949598,-0.273229085273431));
#12064=DIRECTION('',(6.47235842362612E-15,-1.60622067453125E-12,-1.));
#12065=DIRECTION('',(-1.4511902783987E-15,-0.961948993949598,0.273229085273431));
#12066=DIRECTION('',(6.31618347851794E-15,-0.273232316071745,-0.961948076277545));
#12067=DIRECTION('',(0.,0.,-1.));
#12068=DIRECTION('',(-1.,0.,0.));
#12069=DIRECTION('',(0.,1.,1.24501684878718E-16));
#12070=DIRECTION('',(1.,1.64240300804395E-32,-1.31918135055271E-16));
#12071=DIRECTION('',(1.80700362080917E-16,-1.,0.));
#12072=DIRECTION('',(-1.,0.,0.));
#12073=DIRECTION('',(4.51750905202294E-16,1.,0.));
#12074=DIRECTION('',(1.,1.64240300804395E-32,-1.31918135055271E-16));
#12075=DIRECTION('',(0.,-1.,0.));
#12076=DIRECTION('',(-1.,0.,0.));
#12077=DIRECTION('',(6.7762635780344E-17,1.,0.));
#12078=DIRECTION('',(1.,1.64240300804395E-32,-1.31918135055271E-16));
#12079=DIRECTION('',(0.,-1.,0.));
#12080=DIRECTION('',(-1.,0.,0.));
#12081=DIRECTION('',(3.61400724161835E-16,1.,0.));
#12082=DIRECTION('',(1.,1.64240300804395E-32,-1.31918135055271E-16));
#12083=DIRECTION('',(0.,-1.,0.));
#12084=DIRECTION('',(-1.,0.,0.));
#12085=DIRECTION('',(3.61400724161835E-16,1.,0.));
#12086=DIRECTION('',(1.,1.64240300804395E-32,-1.31918135055271E-16));
#12087=DIRECTION('',(-5.3103779876841E-16,1.,0.));
#12088=DIRECTION('',(-1.,-3.29795337638176E-16,0.));
#12089=DIRECTION('',(1.7701259958947E-16,-1.,0.));
#12090=DIRECTION('',(1.,2.63836270110541E-16,0.));
#12091=DIRECTION('',(0.70710678118655,0.707106781186546,0.));
#12092=DIRECTION('',(0.,0.,1.));
#12093=DIRECTION('',(-0.707106781186546,0.70710678118655,0.));
#12094=DIRECTION('',(0.,0.,1.));
#12095=DIRECTION('',(0.707106781186545,-0.70710678118655,0.));
#12096=DIRECTION('',(0.,0.,-1.));
#12097=DIRECTION('',(-0.70710678118655,0.707106781186546,0.));
#12098=DIRECTION('',(0.,0.,1.));
#12099=DIRECTION('',(-0.707106781186546,-0.70710678118655,0.));
#12100=DIRECTION('',(0.,0.,1.));
#12101=DIRECTION('',(0.707106781186545,0.70710678118655,0.));
#12102=DIRECTION('',(0.,0.,-1.));
#12103=DIRECTION('',(-0.70710678118655,-0.707106781186546,0.));
#12104=DIRECTION('',(0.,0.,-1.));
#12105=DIRECTION('',(0.707106781186546,-0.70710678118655,0.));
#12106=DIRECTION('',(0.,0.,1.));
#12107=DIRECTION('',(-0.707106781186545,0.70710678118655,0.));
#12108=DIRECTION('',(0.,0.,-1.));
#12109=DIRECTION('',(0.70710678118655,-0.707106781186546,0.));
#12110=DIRECTION('',(0.,0.,-1.));
#12111=DIRECTION('',(0.707106781186546,0.70710678118655,0.));
#12112=DIRECTION('',(0.,0.,1.));
#12113=DIRECTION('',(-0.707106781186545,-0.70710678118655,0.));
#12114=DIRECTION('',(0.,0.,-1.));
#12115=DIRECTION('',(0.70710678118655,0.707106781186546,0.));
#12116=DIRECTION('',(0.,0.,1.));
#12117=DIRECTION('',(-0.707106781186546,0.70710678118655,0.));
#12118=DIRECTION('',(0.,0.,1.));
#12119=DIRECTION('',(0.707106781186545,-0.70710678118655,0.));
#12120=DIRECTION('',(0.,0.,-1.));
#12121=DIRECTION('',(-0.70710678118655,0.707106781186546,0.));
#12122=DIRECTION('',(0.,0.,1.));
#12123=DIRECTION('',(-0.707106781186546,-0.70710678118655,0.));
#12124=DIRECTION('',(0.,0.,1.));
#12125=DIRECTION('',(0.707106781186545,0.70710678118655,0.));
#12126=DIRECTION('',(0.,0.,-1.));
#12127=DIRECTION('',(-0.70710678118655,-0.707106781186546,0.));
#12128=DIRECTION('',(0.,0.,-1.));
#12129=DIRECTION('',(0.707106781186546,-0.70710678118655,0.));
#12130=DIRECTION('',(0.,0.,1.));
#12131=DIRECTION('',(-0.707106781186545,0.70710678118655,0.));
#12132=DIRECTION('',(0.,0.,-1.));
#12133=DIRECTION('',(0.70710678118655,-0.707106781186546,0.));
#12134=DIRECTION('',(0.,0.,-1.));
#12135=DIRECTION('',(0.707106781186546,0.707106781186549,0.));
#12136=DIRECTION('',(0.,0.,1.));
#12137=DIRECTION('',(-0.707106781186546,-0.70710678118655,0.));
#12138=DIRECTION('',(0.,0.,-1.));
#12139=DIRECTION('',(0.707106781186549,0.707106781186546,0.));
#12140=DIRECTION('',(0.,0.,1.));
#12141=DIRECTION('',(-0.707106781186546,0.707106781186549,0.));
#12142=DIRECTION('',(0.,0.,1.));
#12143=DIRECTION('',(0.707106781186546,-0.707106781186549,0.));
#12144=DIRECTION('',(0.,0.,-1.));
#12145=DIRECTION('',(-0.70710678118655,0.707106781186546,0.));
#12146=DIRECTION('',(0.,0.,1.));
#12147=DIRECTION('',(-0.707106781186546,-0.70710678118655,0.));
#12148=DIRECTION('',(0.,0.,1.));
#12149=DIRECTION('',(0.707106781186545,0.70710678118655,0.));
#12150=DIRECTION('',(0.,0.,-1.));
#12151=DIRECTION('',(-0.70710678118655,-0.707106781186546,0.));
#12152=DIRECTION('',(0.,0.,-1.));
#12153=DIRECTION('',(0.707106781186546,-0.70710678118655,0.));
#12154=DIRECTION('',(0.,0.,1.));
#12155=DIRECTION('',(-0.707106781186545,0.70710678118655,0.));
#12156=DIRECTION('',(0.,0.,-1.));
#12157=DIRECTION('',(0.70710678118655,-0.707106781186546,0.));
#12158=DIRECTION('',(0.,0.,-1.));
#12159=DIRECTION('',(0.707106781186546,0.70710678118655,0.));
#12160=DIRECTION('',(0.,0.,1.));
#12161=DIRECTION('',(-0.707106781186545,-0.70710678118655,0.));
#12162=DIRECTION('',(0.,0.,-1.));
#12163=DIRECTION('',(0.70710678118655,0.707106781186546,0.));
#12164=DIRECTION('',(0.,0.,1.));
#12165=DIRECTION('',(-0.707106781186546,0.70710678118655,0.));
#12166=DIRECTION('',(0.,0.,1.));
#12167=DIRECTION('',(0.707106781186545,-0.70710678118655,0.));
#12168=DIRECTION('',(0.,0.,-1.));
#12169=DIRECTION('',(-0.70710678118655,0.707106781186546,0.));
#12170=DIRECTION('',(0.,0.,1.));
#12171=DIRECTION('',(-0.707106781186546,-0.70710678118655,0.));
#12172=DIRECTION('',(0.,0.,1.));
#12173=DIRECTION('',(0.707106781186545,0.70710678118655,0.));
#12174=DIRECTION('',(0.,0.,-1.));
#12175=DIRECTION('',(0.70710678118655,0.707106781186546,0.));
#12176=DIRECTION('',(0.,0.,1.));
#12177=DIRECTION('',(-0.707106781186546,0.70710678118655,0.));
#12178=DIRECTION('',(0.,0.,1.));
#12179=DIRECTION('',(0.707106781186545,-0.70710678118655,0.));
#12180=DIRECTION('',(0.,0.,-1.));
#12181=DIRECTION('',(-0.70710678118655,0.707106781186546,0.));
#12182=DIRECTION('',(0.,0.,1.));
#12183=DIRECTION('',(-0.707106781186546,-0.70710678118655,0.));
#12184=DIRECTION('',(0.,0.,1.));
#12185=DIRECTION('',(0.707106781186545,0.70710678118655,0.));
#12186=DIRECTION('',(0.,0.,-1.));
#12187=DIRECTION('',(0.,1.,0.));
#12188=DIRECTION('',(0.,0.,1.));
#12189=DIRECTION('',(-1.,0.,0.));
#12190=DIRECTION('',(0.,0.,-1.));
#12191=DIRECTION('',(1.,0.,0.));
#12192=DIRECTION('',(0.,0.,1.));
#12193=DIRECTION('',(0.,0.,-1.));
#12194=DIRECTION('',(-1.,0.,0.));
#12195=DIRECTION('',(1.,0.,0.));
#12196=DIRECTION('',(0.,-1.,0.));
#12197=DIRECTION('',(0.,-1.,0.));
#12198=DIRECTION('',(-1.,0.,0.));
#12199=DIRECTION('',(0.,0.,1.));
#12200=DIRECTION('',(0.,1.,0.));
#12201=DIRECTION('',(0.,1.,0.));
#12202=DIRECTION('',(0.,0.,-1.));
#12203=DIRECTION('',(0.,-1.,0.));
#12204=DIRECTION('',(0.,0.,-1.));
#12205=DIRECTION('',(-1.,0.,0.));
#12206=DIRECTION('',(-1.,0.,0.));
#12207=DIRECTION('',(0.,0.,-1.));
#12208=DIRECTION('',(1.,0.,0.));
#12209=DIRECTION('',(0.,0.,-1.));
#12210=DIRECTION('',(0.,-1.,0.));
#12211=DIRECTION('',(0.,-1.,0.));
#12212=DIRECTION('',(0.,1.,0.));
#12213=DIRECTION('',(0.,0.,1.));
#12214=DIRECTION('',(1.,0.,0.));
#12215=DIRECTION('',(0.,0.,-1.));
#12216=DIRECTION('',(1.,0.,0.));
#12217=DIRECTION('',(0.,0.,-1.));
#12218=DIRECTION('',(1.,-1.0842021724855E-16,0.));
#12219=DIRECTION('',(1.0842021724855E-16,1.,0.));
#12220=DIRECTION('',(-1.0842021724855E-16,-1.,0.));
#12221=DIRECTION('',(-1.0842021724855E-16,-1.,0.));
#12222=DIRECTION('',(-1.,0.,0.));
#12223=DIRECTION('',(0.,0.,1.));
#12224=DIRECTION('',(0.,1.,0.));
#12225=DIRECTION('',(0.,1.,0.));
#12226=DIRECTION('',(0.,1.,0.));
#12227=DIRECTION('',(0.,0.,1.));
#12228=DIRECTION('',(1.,0.,0.));
#12229=DIRECTION('',(0.,0.,-1.));
#12230=DIRECTION('',(1.,0.,0.));
#12231=DIRECTION('',(0.,0.,-1.));
#12232=DIRECTION('',(1.,1.0842021724855E-16,0.));
#12233=DIRECTION('',(-1.0842021724855E-16,1.,0.));
#12234=DIRECTION('',(1.0842021724855E-16,-1.,0.));
#12235=DIRECTION('',(1.0842021724855E-16,-1.,0.));
#12236=DIRECTION('',(-1.,0.,0.));
#12237=DIRECTION('',(0.,0.,1.));
#12238=DIRECTION('',(0.,1.,0.));
#12239=DIRECTION('',(0.,1.,0.));
#12240=DIRECTION('',(0.,1.,0.));
#12241=DIRECTION('',(0.,0.,1.));
#12242=DIRECTION('',(1.,0.,0.));
#12243=DIRECTION('',(0.,0.,-1.));
#12244=DIRECTION('',(1.,0.,0.));
#12245=DIRECTION('',(0.,0.,-1.));
#12246=DIRECTION('',(1.,0.,0.));
#12247=DIRECTION('',(0.,0.,-1.));
#12248=DIRECTION('',(0.,-1.,0.));
#12249=DIRECTION('',(0.,-1.,0.));
#12250=DIRECTION('',(-1.,0.,0.));
#12251=DIRECTION('',(0.,0.,1.));
#12252=DIRECTION('',(0.,1.,0.));
#12253=DIRECTION('',(0.,1.,0.));
#12254=DIRECTION('',(-1.,3.61400724161835E-16,0.));
#12255=DIRECTION('',(-3.61400724161835E-16,-1.,0.));
#12256=DIRECTION('',(3.61400724161835E-16,1.,0.));
#12257=DIRECTION('',(3.61400724161835E-16,1.,1.24501684878718E-16));
#12258=DIRECTION('',(0.,0.,-1.));
#12259=DIRECTION('',(0.,-1.,0.));
#12260=DIRECTION('',(0.,0.,-1.));
#12261=DIRECTION('',(-1.,0.,0.));
#12262=DIRECTION('',(0.,0.,-1.));
#12263=DIRECTION('',(1.,0.,0.));
#12264=DIRECTION('',(0.,0.,-1.));
#12265=DIRECTION('',(0.,-1.,0.));
#12266=DIRECTION('',(0.,-1.,0.));
#12267=DIRECTION('',(-1.,3.61400724161835E-16,0.));
#12268=DIRECTION('',(-3.61400724161835E-16,-1.,0.));
#12269=DIRECTION('',(3.61400724161835E-16,1.,0.));
#12270=DIRECTION('',(3.61400724161835E-16,1.,1.24501684878718E-16));
#12271=DIRECTION('',(0.,0.,-1.));
#12272=DIRECTION('',(0.,-1.,0.));
#12273=DIRECTION('',(0.,0.,-1.));
#12274=DIRECTION('',(-1.,0.,0.));
#12275=DIRECTION('',(0.,0.,-1.));
#12276=DIRECTION('',(1.,0.,0.));
#12277=DIRECTION('',(0.,0.,-1.));
#12278=DIRECTION('',(0.,-1.,0.));
#12279=DIRECTION('',(0.,-1.,0.));
#12280=DIRECTION('',(-1.,6.7762635780344E-17,0.));
#12281=DIRECTION('',(-6.7762635780344E-17,-1.,0.));
#12282=DIRECTION('',(6.7762635780344E-17,1.,0.));
#12283=DIRECTION('',(6.7762635780344E-17,1.,1.24501684878718E-16));
#12284=DIRECTION('',(0.,0.,-1.));
#12285=DIRECTION('',(0.,-1.,0.));
#12286=DIRECTION('',(0.,0.,-1.));
#12287=DIRECTION('',(-1.,0.,0.));
#12288=DIRECTION('',(0.,0.,-1.));
#12289=DIRECTION('',(1.,0.,0.));
#12290=DIRECTION('',(0.,0.,-1.));
#12291=DIRECTION('',(0.,-1.,0.));
#12292=DIRECTION('',(0.,-1.,0.));
#12293=DIRECTION('',(-1.,4.51750905202294E-16,0.));
#12294=DIRECTION('',(-4.51750905202294E-16,-1.,0.));
#12295=DIRECTION('',(4.51750905202294E-16,1.,0.));
#12296=DIRECTION('',(4.51750905202294E-16,1.,1.24501684878718E-16));
#12297=DIRECTION('',(0.,0.,-1.));
#12298=DIRECTION('',(0.,-1.,0.));
#12299=DIRECTION('',(0.,0.,-1.));
#12300=DIRECTION('',(-1.,0.,0.));
#12301=DIRECTION('',(0.,0.,-1.));
#12302=DIRECTION('',(1.,1.80700362080917E-16,0.));
#12303=DIRECTION('',(-1.80700362080917E-16,1.,0.));
#12304=DIRECTION('',(1.80700362080917E-16,-1.,0.));
#12305=DIRECTION('',(1.80700362080917E-16,-1.,0.));
#12306=DIRECTION('',(0.,0.,1.));
#12307=DIRECTION('',(1.,0.,0.));
#12308=DIRECTION('',(0.,0.,1.));
#12309=DIRECTION('',(1.,0.,0.));
#12310=DIRECTION('',(0.,0.,1.));
#12311=DIRECTION('',(1.,0.,0.));
#12312=DIRECTION('',(0.,0.,1.));
#12313=DIRECTION('',(1.,0.,0.));
#12314=DIRECTION('',(0.,0.,1.));
#12315=DIRECTION('',(1.,0.,0.));
#12316=DIRECTION('',(0.,0.,1.));
#12317=DIRECTION('',(1.,0.,0.));
#12318=DIRECTION('',(-1.,-7.2280144832367E-16,0.));
#12319=DIRECTION('',(7.2280144832367E-16,-1.,0.));
#12320=DIRECTION('',(-1.,0.,0.));
#12321=DIRECTION('',(0.,0.,1.));
#12322=DIRECTION('',(-1.,-7.2280144832367E-16,0.));
#12323=DIRECTION('',(-1.,0.,0.));
#12324=DIRECTION('',(0.,0.,1.));
#12325=DIRECTION('',(-1.,-7.2280144832367E-16,0.));
#12326=DIRECTION('',(0.,0.,1.));
#12327=DIRECTION('',(1.,0.,0.));
#12328=DIRECTION('',(0.707106781186548,0.,0.707106781186548));
#12329=DIRECTION('',(0.707106781186548,0.,-0.707106781186548));
#12330=DIRECTION('',(0.,0.,-1.));
#12331=DIRECTION('',(0.,0.,-1.));
#12332=DIRECTION('',(-1.,0.,0.));
#12333=DIRECTION('',(0.,0.,-1.));
#12334=DIRECTION('',(1.,0.,0.));
#12335=DIRECTION('',(0.,0.,-1.));
#12336=DIRECTION('',(0.707106781186548,0.,0.707106781186548));
#12337=DIRECTION('',(0.707106781186548,0.,-0.707106781186548));
#12338=DIRECTION('',(-1.,0.,0.));
#12339=DIRECTION('',(-1.,0.,0.));
#12340=DIRECTION('',(0.,0.,1.));
#12341=DIRECTION('',(1.,0.,0.));
#12342=DIRECTION('',(-0.707106781186548,0.,0.707106781186548));
#12343=DIRECTION('',(0.707106781186548,0.,0.707106781186548));
#12344=DIRECTION('',(0.,0.,-1.));
#12345=DIRECTION('',(0.,0.,-1.));
#12346=DIRECTION('',(-1.,0.,0.));
#12347=DIRECTION('',(0.,0.,1.));
#12348=DIRECTION('',(-0.707106781186548,0.,-0.707106781186548));
#12349=DIRECTION('',(0.707106781186548,0.,-0.707106781186548));
#12350=DIRECTION('',(1.,0.,0.));
#12351=DIRECTION('',(1.,0.,0.));
#12352=DIRECTION('',(0.,0.,-1.));
#12353=DIRECTION('',(-1.,0.,0.));
#12354=DIRECTION('',(0.707106781186548,0.,-0.707106781186548));
#12355=DIRECTION('',(0.707106781186548,0.,0.707106781186548));
#12356=DIRECTION('',(0.,0.,1.));
#12357=DIRECTION('',(0.,0.,1.));
#12358=DIRECTION('',(1.,0.,0.));
#12359=DIRECTION('',(0.,0.,-1.));
#12360=DIRECTION('',(0.707106781186548,0.,-0.707106781186548));
#12361=DIRECTION('',(0.707106781186548,0.,0.707106781186548));
#12362=DIRECTION('',(-1.,0.,0.));
#12363=DIRECTION('',(-1.,0.,0.));
#12364=DIRECTION('',(0.,0.,1.));
#12365=DIRECTION('',(1.,0.,0.));
#12366=DIRECTION('',(0.,0.,-1.));
#12367=DIRECTION('',(-1.,0.,0.));
#12368=DIRECTION('',(0.,0.,-1.));
#12369=DIRECTION('',(0.,0.,-1.));
#12370=DIRECTION('',(-1.25072066781717E-16,-0.307002779922759,-0.951708617760551));
#12371=DIRECTION('',(0.,0.951708617760551,-0.307002779922759));
#12372=DIRECTION('',(-1.,-3.29795337638176E-16,0.));
#12373=DIRECTION('',(3.54214892921605E-16,-0.951708617760551,0.307002779922759));
#12374=DIRECTION('',(1.,0.,-1.31418445149758E-16));
#12375=DIRECTION('',(-4.03458279941024E-17,0.951708617760551,-0.307002779922759));
#12376=DIRECTION('',(-1.25072066781717E-16,-0.307002779922759,-0.951708617760551));
#12377=DIRECTION('',(0.,0.951708617760551,-0.307002779922759));
#12378=DIRECTION('',(-1.,-3.29795337638176E-16,0.));
#12379=DIRECTION('',(2.73523236933401E-16,-0.951708617760551,0.307002779922759));
#12380=DIRECTION('',(1.,0.,-1.31418445149758E-16));
#12381=DIRECTION('',(-3.54214892921605E-16,0.951708617760551,-0.307002779922759));
#12382=DIRECTION('',(-1.25072066781717E-16,-0.307002779922759,-0.951708617760551));
#12383=DIRECTION('',(0.,0.951708617760551,-0.307002779922759));
#12384=DIRECTION('',(-1.,-3.29795337638176E-16,2.16840434497101E-16));
#12385=DIRECTION('',(3.54214892921605E-16,-0.951708617760551,0.307002779922759));
#12386=DIRECTION('',(1.,0.,-1.31418445149758E-16));
#12387=DIRECTION('',(-3.54214892921605E-16,0.951708617760551,-0.307002779922759));
#12388=DIRECTION('',(-1.25072066781717E-16,-0.307002779922759,-0.951708617760551));
#12389=DIRECTION('',(0.,0.951708617760551,-0.307002779922759));
#12390=DIRECTION('',(-1.,-3.29795337638176E-16,2.16840434497101E-16));
#12391=DIRECTION('',(3.4412843592308E-16,-0.951708617760551,0.307002779922759));
#12392=DIRECTION('',(1.,0.,-1.31418445149758E-16));
#12393=DIRECTION('',(-3.4412843592308E-16,0.951708617760551,-0.307002779922759));
#12394=DIRECTION('',(-1.25072066781717E-16,-0.307002779922759,-0.951708617760551));
#12395=DIRECTION('',(0.,0.951708617760551,-0.307002779922759));
#12396=DIRECTION('',(-1.,-3.29795337638176E-16,0.));
#12397=DIRECTION('',(1.,0.,-1.31418445149758E-16));
#12398=DIRECTION('',(-3.54214892921605E-16,0.951708617760551,-0.307002779922759));
#12399=DIRECTION('',(-1.25072066781717E-16,-0.307002779922759,-0.951708617760551));
#12400=DIRECTION('',(0.,0.951708617760551,-0.307002779922759));
#12401=DIRECTION('',(-1.,-3.29795337638176E-16,0.));
#12402=DIRECTION('',(2.06891258267096E-15,-0.951708617760551,0.307002779922759));
#12403=DIRECTION('',(1.,0.,-1.31418445149758E-16));
#12404=DIRECTION('',(-3.54214892921605E-16,0.951708617760551,-0.307002779922759));
#12405=DIRECTION('',(-1.25072066781717E-16,-0.307002779922759,-0.951708617760551));
#12406=DIRECTION('',(0.,0.951708617760551,-0.307002779922759));
#12407=DIRECTION('',(-1.,-3.29795337638176E-16,0.));
#12408=DIRECTION('',(2.73523236933401E-16,-0.951708617760551,0.307002779922759));
#12409=DIRECTION('',(1.,0.,-1.31418445149758E-16));
#12410=DIRECTION('',(-3.54214892921605E-16,0.951708617760551,-0.307002779922759));
#12411=DIRECTION('',(-1.25072066781717E-16,-0.307002779922759,-0.951708617760551));
#12412=DIRECTION('',(0.,0.951708617760551,-0.307002779922759));
#12413=DIRECTION('',(1.,0.,-1.31418445149758E-16));
#12414=DIRECTION('',(-3.54214892921605E-16,0.951708617760551,-0.307002779922759));
#12415=DIRECTION('',(-1.,-3.29795337638176E-16,0.));
#12416=DIRECTION('',(-4.03458279941024E-17,0.951708617760551,-0.307002779922759));
#12417=DIRECTION('',(-1.,-3.29795337638176E-16,-3.94255335449275E-16));
#12418=DIRECTION('',(-3.94255335449275E-16,0.,1.));
#12419=DIRECTION('',(-3.94255335449275E-16,-1.30023571470146E-31,1.));
#12420=DIRECTION('',(-3.94255335449275E-16,-1.30023571470146E-31,1.));
#12421=DIRECTION('',(-3.29795337638176E-16,1.,0.));
#12422=DIRECTION('',(-3.29795337638176E-16,1.,0.));
#12423=DIRECTION('',(-1.,-3.29795337638176E-16,0.));
#12424=DIRECTION('',(1.31418445149758E-16,4.33411904900486E-32,1.));
#12425=DIRECTION('',(-1.31418445149758E-16,-4.33411904900486E-32,-1.));
#12426=DIRECTION('',(1.,3.29795337638176E-16,1.31918135055271E-16));
#12427=DIRECTION('',(0.,0.,1.));
#12428=DIRECTION('',(0.,0.,1.));
#12429=DIRECTION('',(1.,3.29795337638176E-16,1.31918135055271E-16));
#12430=DIRECTION('',(-1.31418445149758E-16,-4.33411904900487E-32,-1.));
#12431=DIRECTION('',(1.,3.29795337638176E-16,1.31918135055271E-16));
#12432=DIRECTION('',(-1.31418445149758E-16,-4.33411904900486E-32,1.));
#12433=DIRECTION('',(-1.31418445149758E-16,-4.33411904900486E-32,-1.));
#12434=DIRECTION('',(1.,3.29795337638176E-16,1.31918135055271E-16));
#12435=DIRECTION('',(5.71670236401448E-15,1.88534178631712E-30,1.));
#12436=DIRECTION('',(-1.31418445149758E-16,-4.33411904900486E-32,-1.));
#12437=DIRECTION('',(1.,3.29795337638176E-16,1.31918135055271E-16));
#12438=DIRECTION('',(-1.31418445149758E-16,-4.33411904900486E-32,-1.));
#12439=DIRECTION('',(1.,3.29795337638176E-16,1.31918135055271E-16));
#12440=DIRECTION('',(9.85638338623186E-17,3.25058928675365E-32,1.));
#12441=DIRECTION('',(-9.85638338623186E-17,-3.25058928675365E-32,-1.));
#12442=DIRECTION('',(1.,3.29795337638176E-16,1.31918135055271E-16));
#12443=DIRECTION('',(1.31418445149758E-16,4.33411904900486E-32,1.));
#12444=DIRECTION('',(-1.31418445149758E-16,-4.33411904900486E-32,-1.));
#12445=DIRECTION('',(1.,3.29795337638176E-16,1.31918135055271E-16));
#12446=DIRECTION('',(-1.31418445149758E-16,-4.33411904900486E-32,1.));
#12447=DIRECTION('',(-1.31418445149758E-16,-4.33411904900486E-32,-1.));
#12448=DIRECTION('',(1.,3.29795337638176E-16,1.31918135055271E-16));
#12449=DIRECTION('',(1.,0.,0.));
#12450=DIRECTION('',(0.,0.,-1.));
#12451=DIRECTION('',(0.,-1.,-1.84545050635831E-16));
#12452=DIRECTION('',(0.,1.84545050635831E-16,-1.));
#12453=DIRECTION('',(0.,-1.,-1.84545050635831E-16));
#12454=DIRECTION('',(0.,1.84545050635831E-16,-1.));
#12455=DIRECTION('',(0.,0.,1.));
#12456=DIRECTION('',(0.,1.,0.));
#12457=DIRECTION('',(-1.,0.,0.));
#12458=DIRECTION('',(0.,0.,1.));
#12459=DIRECTION('',(0.,1.,0.));
#12460=DIRECTION('',(-1.,0.,0.));
#12461=DIRECTION('',(0.,0.,1.));
#12462=DIRECTION('',(0.,1.,0.));
#12463=DIRECTION('',(0.,0.,1.));
#12464=DIRECTION('',(0.,-1.,0.));
#12465=DIRECTION('',(0.,0.,-1.));
#12466=DIRECTION('',(0.,0.,1.));
#12467=DIRECTION('',(1.,0.,0.));
#12468=DIRECTION('',(-1.,0.,0.));
#12469=DIRECTION('',(0.,-1.,0.));
#12470=DIRECTION('',(-1.,0.,0.));
#12471=DIRECTION('',(0.,-1.,0.));
#12472=DIRECTION('',(0.,0.,1.));
#12473=DIRECTION('',(1.,0.,0.));
#12474=DIRECTION('',(0.,-1.,0.));
#12475=DIRECTION('',(0.,1.,0.));
#12476=DIRECTION('',(-1.,0.,0.));
#12477=DIRECTION('',(0.,0.,1.));
#12478=DIRECTION('',(1.,0.,0.));
#12479=DIRECTION('',(0.,0.,1.));
#12480=DIRECTION('',(1.,0.,0.));
#12481=DIRECTION('',(0.,0.,-1.));
#12482=DIRECTION('',(-1.,0.,0.));
#12483=DIRECTION('',(0.,0.,1.));
#12484=DIRECTION('',(1.,0.,0.));
#12485=DIRECTION('',(0.,0.,1.));
#12486=DIRECTION('',(1.,0.,0.));
#12487=DIRECTION('',(0.,0.,-1.));
#12488=DIRECTION('',(-1.,0.,0.));
#12489=DIRECTION('',(1.72095582934207E-17,1.,0.));
#12490=DIRECTION('',(-1.,1.72095582934207E-17,0.));
#12491=DIRECTION('',(-1.,1.72095582934207E-17,0.));
#12492=DIRECTION('',(0.,0.,-1.));
#12493=DIRECTION('',(1.,-1.72095582934207E-17,0.));
#12494=DIRECTION('',(0.,0.,-1.));
#12495=DIRECTION('',(0.,0.,1.));
#12496=DIRECTION('',(1.,0.,0.));
#12497=DIRECTION('',(0.,-1.,0.));
#12498=DIRECTION('',(0.,-1.,0.));
#12499=DIRECTION('',(1.,0.,0.));
#12500=DIRECTION('',(0.,0.,-1.));
#12501=DIRECTION('',(0.,1.,0.));
#12502=DIRECTION('',(0.,-1.,0.));
#12503=DIRECTION('',(0.,0.,-1.));
#12504=DIRECTION('',(0.,0.,-1.));
#12505=DIRECTION('',(0.,-1.,0.));
#12506=DIRECTION('',(0.,0.,1.));
#12507=DIRECTION('',(0.,-1.,0.));
#12508=DIRECTION('',(0.,0.,-1.));
#12509=DIRECTION('',(-1.,0.,0.));
#12510=DIRECTION('',(0.,0.,1.));
#12511=DIRECTION('',(0.,1.,0.));
#12512=DIRECTION('',(0.,-1.,0.));
#12513=DIRECTION('',(0.,0.,1.));
#12514=DIRECTION('',(0.,-1.,0.));
#12515=DIRECTION('',(0.,0.,-1.));
#12516=DIRECTION('',(0.,1.,0.));
#12517=DIRECTION('',(0.,0.,-1.));
#12518=DIRECTION('',(0.,0.,-1.));
#12519=DIRECTION('',(0.,1.,0.));
#12520=DIRECTION('',(0.,0.,1.));
#12521=DIRECTION('',(-1.,0.,-1.09331311511143E-16));
#12522=DIRECTION('',(0.,0.,-1.));
#12523=DIRECTION('',(-1.,0.,-1.3191813505527E-16));
#12524=DIRECTION('',(-1.31418445149758E-16,-4.33411904900486E-32,-1.));
#12525=DIRECTION('',(1.31418445149758E-16,4.33411904900486E-32,1.));
#12526=DIRECTION('',(-1.,0.,-1.3191813505527E-16));
#12527=DIRECTION('',(-1.31418445149758E-16,-4.33411904900486E-32,-1.));
#12528=DIRECTION('',(-1.31418445149758E-16,-4.33411904900486E-32,1.));
#12529=DIRECTION('',(-1.,0.,-1.3191813505527E-16));
#12530=DIRECTION('',(-1.31418445149758E-16,-4.33411904900486E-32,-1.));
#12531=DIRECTION('',(1.31418445149758E-16,4.33411904900486E-32,1.));
#12532=DIRECTION('',(-1.,0.,-1.3191813505527E-16));
#12533=DIRECTION('',(-9.85638338623186E-17,-3.25058928675365E-32,-1.));
#12534=DIRECTION('',(9.85638338623186E-17,3.25058928675365E-32,1.));
#12535=DIRECTION('',(-1.,0.,-1.3191813505527E-16));
#12536=DIRECTION('',(-1.31418445149758E-16,-4.33411904900486E-32,-1.));
#12537=DIRECTION('',(-1.,0.,-1.3191813505527E-16));
#12538=DIRECTION('',(-1.31418445149758E-16,-4.33411904900486E-32,-1.));
#12539=DIRECTION('',(5.71670236401448E-15,1.88534178631712E-30,1.));
#12540=DIRECTION('',(-1.,0.,-1.3191813505527E-16));
#12541=DIRECTION('',(-1.31418445149758E-16,-4.33411904900486E-32,-1.));
#12542=DIRECTION('',(-1.31418445149758E-16,-4.33411904900486E-32,1.));
#12543=DIRECTION('',(-1.,0.,-1.3191813505527E-16));
#12544=DIRECTION('',(-1.31418445149758E-16,-4.33411904900487E-32,-1.));
#12545=DIRECTION('',(-1.,0.,-1.3191813505527E-16));
#12546=DIRECTION('',(0.,0.,1.));
#12547=DIRECTION('',(-1.,0.,-1.09331311511143E-16));
#12548=DIRECTION('',(-1.,0.,0.));
#12549=DIRECTION('',(0.,0.,1.));
#12550=DIRECTION('',(0.,-1.,0.));
#12551=DIRECTION('',(0.,-1.,0.));
#12552=DIRECTION('',(0.,-1.,0.));
#12553=DIRECTION('',(0.,-1.,0.));
#12554=DIRECTION('',(0.,0.,-1.));
#12555=DIRECTION('',(1.,0.,0.));
#12556=DIRECTION('',(0.,0.,-1.));
#12557=DIRECTION('',(0.,-1.,0.));
#12558=DIRECTION('',(0.,-1.,0.));
#12559=DIRECTION('',(0.,0.,1.));
#12560=DIRECTION('',(0.,-1.,0.));
#12561=DIRECTION('',(0.,1.,0.));
#12562=DIRECTION('',(1.,0.,0.));
#12563=DIRECTION('',(0.,0.,-1.));
#12564=DIRECTION('',(0.,0.,-1.));
#12565=DIRECTION('',(0.,1.,0.));
#12566=DIRECTION('',(0.,0.,-1.));
#12567=DIRECTION('',(0.,1.,0.));
#12568=DIRECTION('',(0.,0.,1.));
#12569=DIRECTION('',(1.,0.,0.));
#12570=DIRECTION('',(1.,0.,0.));
#12571=DIRECTION('',(0.,1.,0.));
#12572=DIRECTION('',(1.,0.,0.));
#12573=DIRECTION('',(-1.,0.,0.));
#12574=DIRECTION('',(0.,0.,1.));
#12575=DIRECTION('',(0.,0.,1.));
#12576=DIRECTION('',(0.,1.,0.));
#12577=DIRECTION('',(0.,0.,1.));
#12578=DIRECTION('',(0.,1.,0.));
#12579=DIRECTION('',(0.,0.,1.));
#12580=DIRECTION('',(-1.,0.,0.));
#12581=DIRECTION('',(-1.,0.,0.));
#12582=DIRECTION('',(0.,1.,0.));
#12583=DIRECTION('',(0.,0.,1.));
#12584=DIRECTION('',(0.,0.,-1.));
#12585=DIRECTION('',(1.,0.,0.));
#12586=DIRECTION('',(-7.2280144832367E-16,1.,0.));
#12587=DIRECTION('',(-1.,-7.2280144832367E-16,0.));
#12588=DIRECTION('',(0.,0.,-1.));
#12589=DIRECTION('',(1.,7.2280144832367E-16,0.));
#12590=DIRECTION('',(-1.09331311511143E-16,0.,1.));
#12591=DIRECTION('',(1.,0.,1.09331311511143E-16));
#12592=DIRECTION('',(-1.,0.,-1.09331311511143E-16));
#12593=DIRECTION('',(-1.09331311511143E-16,0.,1.));
#12594=DIRECTION('',(1.,0.,1.09331311511143E-16));
#12595=DIRECTION('',(-1.,0.,-1.09331311511143E-16));
#12596=DIRECTION('',(0.,1.,0.));
#12597=DIRECTION('',(0.,0.,1.));
#12598=DIRECTION('',(-1.,0.,0.));
#12599=DIRECTION('',(0.,1.,0.));
#12600=DIRECTION('',(0.,0.,1.));
#12601=DIRECTION('',(-1.,0.,0.));
#12602=DIRECTION('',(0.,0.,1.));
#12603=DIRECTION('',(1.,0.,0.));
#12604=DIRECTION('',(0.,0.,1.));
#12605=DIRECTION('',(1.,0.,0.));
#12606=DIRECTION('',(0.,-1.,0.));
#12607=DIRECTION('',(0.,0.,-1.));
#12608=DIRECTION('',(0.,0.,-1.));
#12609=DIRECTION('',(-1.,0.,0.));
#12610=DIRECTION('',(0.,-1.,0.));
#12611=DIRECTION('',(0.,0.,-1.));
#12612=DIRECTION('',(0.,0.,-1.));
#12613=DIRECTION('',(-1.,0.,0.));
#12614=DIRECTION('',(1.,0.,0.));
#12615=DIRECTION('',(0.,0.,-1.));
#12616=DIRECTION('',(0.,-1.,0.));
#12617=DIRECTION('',(-1.,0.,0.));
#12618=DIRECTION('',(0.,0.,1.));
#12619=DIRECTION('',(0.,1.,0.));
#12620=DIRECTION('',(0.,0.,-1.));
#12621=DIRECTION('',(-1.,0.,0.));
#12622=DIRECTION('',(1.3191813505527E-16,0.,-1.));
#12623=DIRECTION('',(-1.,0.,-1.31918135055271E-16));
#12624=DIRECTION('',(1.3191813505527E-16,0.,-1.));
#12625=DIRECTION('',(-1.,0.,-1.31918135055271E-16));
#12626=DIRECTION('',(-3.29795337638176E-16,1.,0.));
#12627=DIRECTION('',(1.3191813505527E-16,0.,-1.));
#12628=DIRECTION('',(-1.,0.,-1.31918135055271E-16));
#12629=DIRECTION('',(-3.29795337638176E-16,1.,0.));
#12630=DIRECTION('',(-3.29795337638176E-16,1.,0.));
#12631=DIRECTION('',(1.3191813505527E-16,0.,-1.));
#12632=DIRECTION('',(-1.,0.,-1.31918135055271E-16));
#12633=DIRECTION('',(-3.29795337638176E-16,1.,0.));
#12634=DIRECTION('',(-3.29795337638176E-16,1.,0.));
#12635=DIRECTION('',(1.3191813505527E-16,0.,-1.));
#12636=DIRECTION('',(-1.,0.,-1.31918135055271E-16));
#12637=DIRECTION('',(-3.29795337638176E-16,1.,0.));
#12638=DIRECTION('',(-3.29795337638176E-16,1.,0.));
#12639=DIRECTION('',(1.3191813505527E-16,0.,-1.));
#12640=DIRECTION('',(-1.,0.,-1.31918135055271E-16));
#12641=DIRECTION('',(-3.29795337638176E-16,1.,0.));
#12642=DIRECTION('',(-3.29795337638176E-16,1.,0.));
#12643=DIRECTION('',(1.3191813505527E-16,0.,-1.));
#12644=DIRECTION('',(-1.,0.,-1.31918135055271E-16));
#12645=DIRECTION('',(-3.29795337638176E-16,1.,0.));
#12646=DIRECTION('',(1.3191813505527E-16,0.,-1.));
#12647=DIRECTION('',(-1.,0.,-1.31918135055271E-16));
#12648=DIRECTION('',(-3.29795337638176E-16,1.,0.));
#12649=DIRECTION('',(-3.29795337638176E-16,1.,0.));
#12650=DIRECTION('',(1.3191813505527E-16,0.,-1.));
#12651=DIRECTION('',(-1.,0.,-1.31918135055271E-16));
#12652=DIRECTION('',(-3.29795337638176E-16,1.,0.));
#12653=DIRECTION('',(-3.29795337638176E-16,1.,0.));
#12654=DIRECTION('',(1.,3.29795337638176E-16,-1.31418445149758E-16));
#12655=DIRECTION('',(-3.29795337638176E-16,1.,0.));
#12656=DIRECTION('',(1.,3.29795337638176E-16,-1.31418445149758E-16));
#12657=DIRECTION('',(-3.29795337638176E-16,1.,0.));
#12658=DIRECTION('',(-1.,-3.29795337638176E-16,-1.31418445149758E-16));
#12659=DIRECTION('',(3.29795337638176E-16,-1.,0.));
#12660=DIRECTION('',(1.,3.29795337638176E-16,-1.31418445149758E-16));
#12661=DIRECTION('',(-3.29795337638176E-16,1.,0.));
#12662=DIRECTION('',(-1.,-3.29795337638176E-16,5.71670236401448E-15));
#12663=DIRECTION('',(5.71670236401448E-15,0.,1.));
#12664=DIRECTION('',(1.,3.29795337638176E-16,-1.31418445149758E-16));
#12665=DIRECTION('',(-3.29795337638176E-16,1.,0.));
#12666=DIRECTION('',(1.,3.29795337638176E-16,-9.85638338623186E-17));
#12667=DIRECTION('',(-3.29795337638176E-16,1.,0.));
#12668=DIRECTION('',(-1.,-3.29795337638176E-16,9.85638338623186E-17));
#12669=DIRECTION('',(3.29795337638176E-16,-1.,0.));
#12670=DIRECTION('',(1.,3.29795337638176E-16,-1.31418445149758E-16));
#12671=DIRECTION('',(-3.29795337638176E-16,1.,0.));
#12672=DIRECTION('',(-1.,-3.29795337638176E-16,1.31418445149758E-16));
#12673=DIRECTION('',(3.29795337638176E-16,-1.,0.));
#12674=DIRECTION('',(1.,3.29795337638176E-16,-1.31418445149758E-16));
#12675=DIRECTION('',(-3.29795337638176E-16,1.,0.));
#12676=DIRECTION('',(-1.,-3.29795337638176E-16,-1.31418445149758E-16));
#12677=DIRECTION('',(3.29795337638176E-16,-1.,0.));
#12678=DIRECTION('',(-1.,-3.29795337638176E-16,1.31418445149758E-16));
#12679=DIRECTION('',(3.29795337638176E-16,-1.,0.));
#12680=DIRECTION('',(1.,3.29795337638176E-16,-1.31418445149758E-16));
#12681=DIRECTION('',(-3.29795337638176E-16,1.,0.));
#12682=DIRECTION('',(0.,0.,-1.));
#12683=DIRECTION('',(-1.,0.,0.));
#12684=DIRECTION('',(-1.,0.,0.));
#12685=DIRECTION('',(-1.,0.,0.));
#12686=DIRECTION('',(-1.,0.,0.));
#12687=DIRECTION('',(-1.,0.,0.));
#12688=DIRECTION('',(-1.,0.,0.));
#12689=DIRECTION('',(-1.,0.,0.));
#12690=DIRECTION('',(-1.,0.,0.));
#12691=DIRECTION('',(-1.,0.,0.));
#12692=DIRECTION('',(-1.,0.,0.));
#12693=DIRECTION('',(0.,1.,0.));
#12694=DIRECTION('',(0.,0.,1.));
#12695=DIRECTION('',(1.,1.64240300804395E-32,-1.31918135055271E-16));
#12696=DIRECTION('',(1.,1.64240300804395E-32,-1.31918135055271E-16));
#12697=DIRECTION('',(1.,1.64240300804395E-32,-1.31918135055271E-16));
#12698=DIRECTION('',(1.,1.64240300804395E-32,-1.31918135055271E-16));
#12699=DIRECTION('',(1.,1.64240300804395E-32,-1.31918135055271E-16));
#12700=DIRECTION('',(1.,1.64240300804395E-32,-1.31918135055271E-16));
#12701=DIRECTION('',(1.,1.64240300804395E-32,-1.31918135055271E-16));
#12702=DIRECTION('',(1.,1.64240300804395E-32,-1.31918135055271E-16));
#12703=DIRECTION('',(7.62327771820348E-33,1.24501684878718E-16,-1.));
#12704=DIRECTION('',(0.,-1.84545050635831E-16,1.));
#12705=DIRECTION('',(0.,-1.,-1.84545050635831E-16));
#12706=DIRECTION('',(1.,0.,0.));
#12707=DIRECTION('',(0.,1.84545050635831E-16,-1.));
#12708=DIRECTION('',(1.,0.,0.));
#12709=DIRECTION('',(0.,1.,1.84545050635831E-16));
#12710=DIRECTION('',(0.,-1.84545050635831E-16,1.));
#12711=DIRECTION('',(0.,-1.,-1.84545050635831E-16));
#12712=DIRECTION('',(1.,0.,0.));
#12713=DIRECTION('',(0.,1.,1.84545050635831E-16));
#12714=DIRECTION('',(0.,1.84545050635831E-16,-1.));
#12715=DIRECTION('',(1.,0.,0.));
#12716=DIRECTION('',(0.,1.84545050635831E-16,-1.));
#12717=DIRECTION('',(0.,1.,1.84545050635831E-16));
#12718=DIRECTION('',(0.,1.84545050635831E-16,-1.));
#12719=DIRECTION('',(0.,-1.,-1.84545050635831E-16));
#12720=DIRECTION('',(0.,1.84545050635831E-16,-1.));
#12721=DIRECTION('',(0.,1.84545050635831E-16,-1.));
#12722=DIRECTION('',(0.999999380860397,-0.00111277977297702,1.54180299097234E-14));
#12723=DIRECTION('',(0.00111277977297702,0.999999380860397,-1.66400549462711E-14));
#12724=DIRECTION('',(0.999993610817502,0.00357467819173605,7.30595054184551E-16));
#12725=DIRECTION('',(-7.89597321886912E-16,1.65042053176595E-14,1.));
#12726=DIRECTION('',(0.999993610817502,0.00357467819173605,7.30595054184551E-16));
#12727=DIRECTION('',(-7.9668426837636E-16,1.84867337662446E-14,1.));
#12728=DIRECTION('',(-0.999993610817502,-0.00357467819173605,-7.30595054184557E-16));
#12729=DIRECTION('',(0.999993610817502,0.00357467819173605,7.30595054184551E-16));
#12730=DIRECTION('',(-7.9668426837636E-16,1.84867337662446E-14,1.));
#12731=DIRECTION('',(-0.999993610817502,-0.00357467819173605,-7.30595054184545E-16));
#12732=DIRECTION('',(7.89597321886906E-16,-1.65042053176595E-14,-1.));
#12733=DIRECTION('',(-7.84131151006287E-16,1.56892040297625E-14,1.));
#12734=DIRECTION('',(-0.00343865645005203,0.96194238905143,-0.273230700668584));
#12735=DIRECTION('',(0.000976711826993447,-0.273228954947772,-0.961948535116175));
#12736=DIRECTION('',(-0.00343865645005203,0.96194238905143,-0.273230700668584));
#12737=DIRECTION('',(0.999993610817502,0.00357467819173605,7.30595054184551E-16));
#12738=DIRECTION('',(-8.01408899369325E-16,1.98084193986347E-14,1.));
#12739=DIRECTION('',(0.99995176293431,0.00982200613758708,6.29993868546262E-16));
#12740=DIRECTION('',(-0.00982200613758708,0.99995176293431,-1.65111646329653E-14));
#12741=DIRECTION('',(7.89597321886912E-16,-1.65042053176595E-14,-1.));
#12742=DIRECTION('',(7.89589466852738E-16,-1.65020079215401E-14,-1.));
#12743=DIRECTION('',(0.00982200613758708,-0.99995176293431,1.56983463797341E-14));
#12744=DIRECTION('',(-0.99995176293431,-0.00982200613758708,-6.29993868546262E-16));
#12745=DIRECTION('',(0.00982200613758708,-0.99995176293431,1.65111646329653E-14));
#12746=DIRECTION('',(9.44482356932621E-16,-1.6503651649965E-14,-1.));
#12747=DIRECTION('',(0.00982200613758708,-0.99995176293431,1.56983463797341E-14));
#12748=DIRECTION('',(0.999993610817502,0.00357467819173605,7.30595054184551E-16));
#12749=DIRECTION('',(-7.89597321886912E-16,1.65042053176595E-14,1.));
#12750=DIRECTION('',(7.29586467577296E-16,2.83451548362223E-16,-1.));
#12751=DIRECTION('',(0.00357467819173605,-0.999993610817502,1.65069224256066E-14));
#12752=DIRECTION('',(-0.999993610817502,-0.00357467819173605,-7.30595054184551E-16));
#12753=DIRECTION('',(7.89597321886912E-16,-1.65042053176595E-14,-1.));
#12754=DIRECTION('',(-7.29586467577296E-16,-2.83451548362223E-16,1.));
#12755=DIRECTION('',(-7.89589466852738E-16,1.65020079215401E-14,1.));
#12756=DIRECTION('',(0.00357467819173605,-0.999993610817502,1.65069224256066E-14));
#12757=DIRECTION('',(0.999993610817502,0.00357467819173605,7.30595054184551E-16));
#12758=DIRECTION('',(-7.89597321886912E-16,1.65042053176595E-14,1.));
#12759=DIRECTION('',(0.999993610817502,0.00357467819173605,7.30595054184551E-16));
#12760=DIRECTION('',(0.999993610817502,0.00357467819173605,7.30595054184551E-16));
#12761=DIRECTION('',(-0.00357467819173605,0.999993610817502,-1.65069224256066E-14));
#12762=DIRECTION('',(-0.999993610817502,-0.00357467819173605,-7.30595054184551E-16));
#12763=DIRECTION('',(0.999993610817502,0.00357467819173605,7.30595054184551E-16));
#12764=DIRECTION('',(-0.00357467819173605,0.999993610817502,-1.65069224256066E-14));
#12765=DIRECTION('',(0.99995176293431,0.00982200613758708,6.29993868546262E-16));
#12766=DIRECTION('',(-0.00982200613758708,0.99995176293431,-1.65111646329653E-14));
#12767=DIRECTION('',(7.84131151006287E-16,-1.56892040297625E-14,-1.));
#12768=DIRECTION('',(0.00982200613758708,-0.99995176293431,1.56983463797341E-14));
#12769=DIRECTION('',(-0.99995176293431,-0.00982200613758708,-6.29993868546262E-16));
#12770=DIRECTION('',(0.00982200613758708,-0.99995176293431,1.65111646329653E-14));
#12771=DIRECTION('',(0.00982200613758708,-0.99995176293431,1.56983463797341E-14));
#12772=DIRECTION('',(0.999994374096451,0.00335436662375365,3.67432849008552E-14));
#12773=DIRECTION('',(-0.00335436662375365,0.999994374096451,-1.65231816976734E-14));
#12774=DIRECTION('',(0.999994374096451,0.00335436662375365,3.67432849008552E-14));
#12775=DIRECTION('',(-0.00335436662375365,0.999994374096451,-1.65231816976734E-14));
#12776=DIRECTION('',(0.999994374096451,0.0033543666238195,8.56074537809318E-16));
#12777=DIRECTION('',(-9.11494530822518E-16,1.65202171519897E-14,1.));
#12778=DIRECTION('',(5.5535400199776E-16,-1.67258155165001E-14,-1.));
#12779=DIRECTION('',(-0.00323186545074156,0.963474667804345,-0.267779983465932));
#12780=DIRECTION('',(-0.000898232239065885,0.267778476961573,0.963480088250393));
#12781=DIRECTION('',(-0.00323186545074156,0.963474667804345,-0.267779983465932));
#12782=DIRECTION('',(-0.999994374096451,-0.0033543666238195,-8.56074537809318E-16));
#12783=DIRECTION('',(9.11494530822518E-16,-1.65202171519897E-14,-1.));
#12784=DIRECTION('',(-0.00323186545074156,0.963474667804345,-0.267779983465932));
#12785=DIRECTION('',(0.000898232239065885,-0.267778476961573,-0.963480088250393));
#12786=DIRECTION('',(-0.00323186545074156,0.963474667804345,-0.267779983465932));
#12787=DIRECTION('',(-5.5535400199776E-16,1.67258155165001E-14,1.));
#12788=DIRECTION('',(-0.998774583586214,-0.049490718141735,2.73099159329516E-16));
#12789=DIRECTION('',(0.049490718141735,-0.998774583586214,1.65370045797008E-14));
#12790=DIRECTION('',(-7.50283281682272E-16,2.06596927657268E-14,1.));
#12791=DIRECTION('',(-7.36399854873677E-16,1.6520804487031E-14,1.));
#12792=DIRECTION('',(0.049490718141735,-0.998774583586214,1.61368022814571E-14));
#12793=DIRECTION('',(0.998774583586214,0.049490718141735,-2.73099159329516E-16));
#12794=DIRECTION('',(-0.049490718141735,0.998774583586214,-1.65370045797008E-14));
#12795=DIRECTION('',(5.81514701606726E-16,-1.65213240315425E-14,-1.));
#12796=DIRECTION('',(7.50283281682272E-16,-2.06596927657268E-14,-1.));
#12797=DIRECTION('',(0.049490718141735,-0.998774583586214,1.61368022814571E-14));
#12798=DIRECTION('',(0.999994374096451,0.00335436662381945,6.80978876789177E-16));
#12799=DIRECTION('',(-7.36399854873677E-16,1.6520804487031E-14,1.));
#12800=DIRECTION('',(0.999994374096451,0.00335436662381945,6.80978876789177E-16));
#12801=DIRECTION('',(0.999994374096451,0.00335436662381945,6.80978876789177E-16));
#12802=DIRECTION('',(-0.00335436662381945,0.999994374096451,-1.65231816976734E-14));
#12803=DIRECTION('',(-0.999994374096451,-0.00335436662381945,-6.80978876789177E-16));
#12804=DIRECTION('',(0.999994374096451,0.00335436662381945,6.80978876789177E-16));
#12805=DIRECTION('',(-0.00335436662381945,0.999994374096451,-1.65231816976734E-14));
#12806=DIRECTION('',(0.999994374096451,0.00335436662381945,6.80978876789177E-16));
#12807=DIRECTION('',(-7.36399854873677E-16,1.6520804487031E-14,1.));
#12808=DIRECTION('',(-6.80031902169772E-16,-2.83451548362223E-16,1.));
#12809=DIRECTION('',(0.00335436662381945,-0.999994374096451,2.51967990775574E-14));
#12810=DIRECTION('',(-0.999994374096451,-0.00335436662381945,-6.80978876789177E-16));
#12811=DIRECTION('',(7.36399854873677E-16,-1.6520804487031E-14,-1.));
#12812=DIRECTION('',(6.80031902169772E-16,2.83451548362223E-16,-1.));
#12813=DIRECTION('',(0.00335436662381945,-0.999994374096451,2.51967990775574E-14));
#12814=DIRECTION('',(0.998774583586214,0.049490718141735,-2.73099159329516E-16));
#12815=DIRECTION('',(-0.049490718141735,0.998774583586214,-1.65370045797008E-14));
#12816=DIRECTION('',(0.049490718141735,-0.998774583586214,1.61368022814571E-14));
#12817=DIRECTION('',(-0.998774583586214,-0.049490718141735,2.73099159329516E-16));
#12818=DIRECTION('',(0.049490718141735,-0.998774583586214,1.65370045797008E-14));
#12819=DIRECTION('',(0.049490718141735,-0.998774583586214,1.61368022814571E-14));
#12820=DIRECTION('',(0.9999990879136,0.00135061910536474,3.70345396393117E-16));
#12821=DIRECTION('',(-3.92984219853565E-16,1.67615465640642E-14,1.));
#12822=DIRECTION('',(-1.,0.,0.));
#12823=DIRECTION('',(0.,0.,1.));
#12824=DIRECTION('',(-1.,0.,0.));
#12825=DIRECTION('',(0.996439227690749,0.0843140884969095,0.));
#12826=DIRECTION('',(-0.0843140884969095,0.996439227690749,0.));
#12827=DIRECTION('',(-1.,0.,0.));
#12828=DIRECTION('',(-1.,0.,0.));
#12829=DIRECTION('',(0.,0.,1.));
#12830=DIRECTION('',(-0.996438049261227,-0.0843280142329948,-2.3902906204654E-17));
#12831=DIRECTION('',(-0.0843280142329948,0.996438049261227,2.82441907910128E-16));
#12832=DIRECTION('',(0.,0.,1.));
#12833=DIRECTION('',(-1.,1.13380619344889E-16,0.));
#12834=DIRECTION('',(-0.0843140884969095,0.996439227690749,0.));
#12835=DIRECTION('',(0.996439227690749,0.0843140884969095,0.));
#12836=DIRECTION('',(0.0843140884969095,-0.996439227690749,0.));
#12837=DIRECTION('',(-0.0843140884969095,0.996439227690749,0.));
#12838=DIRECTION('',(0.996439227690749,0.0843140884969095,0.));
#12839=DIRECTION('',(-0.0843140884969095,0.996439227690749,0.));
#12840=DIRECTION('',(0.,0.,-1.));
#12841=DIRECTION('',(-1.,0.,0.));
#12842=DIRECTION('',(-1.,0.,0.));
#12843=DIRECTION('',(-6.12303176911189E-17,-1.,0.));
#12844=DIRECTION('',(0.0843140884969096,0.996439227690749,0.));
#12845=DIRECTION('',(1.,0.,0.));
#12846=DIRECTION('',(8.67354068659538E-16,1.,0.));
#12847=DIRECTION('',(-1.,0.,0.));
#12848=DIRECTION('',(0.,1.,0.));
#12849=DIRECTION('',(-1.,0.,0.));
#12850=DIRECTION('',(0.,-1.,0.));
#12851=DIRECTION('',(-1.,0.,0.));
#12852=DIRECTION('',(0.,1.,0.));
#12853=DIRECTION('',(-1.,0.,0.));
#12854=DIRECTION('',(0.,-1.,0.));
#12855=DIRECTION('',(-1.,0.,0.));
#12856=DIRECTION('',(0.,1.,0.));
#12857=DIRECTION('',(1.,0.,0.));
#12858=DIRECTION('',(0.,-1.,0.));
#12859=DIRECTION('',(-1.,0.,0.));
#12860=DIRECTION('',(-9.75789771616733E-16,1.,0.));
#12861=DIRECTION('',(-1.,0.,0.));
#12862=DIRECTION('',(-1.08421085735193E-16,1.,0.));
#12863=DIRECTION('',(-1.,0.,0.));
#12864=DIRECTION('',(0.,-1.,0.));
#12865=DIRECTION('',(1.,0.,0.));
#12866=DIRECTION('',(0.,-1.,0.));
#12867=DIRECTION('',(-1.,0.,0.));
#12868=DIRECTION('',(0.,1.,0.));
#12869=DIRECTION('',(-1.,0.,0.));
#12870=DIRECTION('',(0.,-1.,0.));
#12871=DIRECTION('',(-1.,0.,0.));
#12872=DIRECTION('',(0.,1.,0.));
#12873=DIRECTION('',(-1.,0.,0.));
#12874=DIRECTION('',(1.73472347597681E-15,1.,0.));
#12875=DIRECTION('',(-1.,0.,0.));
#12876=DIRECTION('',(0.,-1.,0.));
#12877=DIRECTION('',(1.,0.,0.));
#12878=DIRECTION('',(-0.00343865645005203,0.96194238905143,-0.273230700668584));
#12879=DIRECTION('',(-0.000976711826993447,0.273228954947772,0.961948535116175));
#12880=DIRECTION('',(0.999993610817502,0.00357467819173605,7.30595054184557E-16));
#12881=DIRECTION('',(-0.999993610817502,-0.00357467819173605,-7.30595054184557E-16));
#12882=DIRECTION('',(0.999993610817502,0.00357467819173605,7.30595054184545E-16));
#12883=DIRECTION('',(-7.89597321886906E-16,1.65042053176595E-14,1.));
#12884=DIRECTION('',(0.999993610817502,0.00357467819173605,7.30595054184551E-16));
#12885=DIRECTION('',(-8.01408899369325E-16,1.98084193986347E-14,1.));
#12886=DIRECTION('',(-0.00343865645005203,0.96194238905143,-0.273230700668584));
#12887=DIRECTION('',(-0.00343865645005203,0.96194238905143,-0.273230700668584));
#12888=DIRECTION('',(-0.000976711826993447,0.273228954947772,0.961948535116175));
#12889=DIRECTION('',(0.00343865645005203,-0.961942389051431,0.273230700668583));
#12890=DIRECTION('',(0.000976711826993447,-0.273228954947772,-0.961948535116175));
#12891=DIRECTION('',(-0.00343865645005203,0.961942389051431,-0.273230700668583));
#12892=DIRECTION('',(0.999993610817502,0.00357467819173605,7.30595054184557E-16));
#12893=DIRECTION('',(0.,-1.,0.));
#12894=DIRECTION('',(0.,0.,-1.));
#12895=DIRECTION('',(1.,1.64240300804395E-32,-1.31918135055271E-16));
#12896=DIRECTION('',(1.,1.64240300804395E-32,-1.31918135055271E-16));
#12897=DIRECTION('',(1.,1.64240300804395E-32,-1.31918135055271E-16));
#12898=DIRECTION('',(1.,1.64240300804395E-32,-1.31918135055271E-16));
#12899=DIRECTION('',(0.,0.,1.));
#12900=DIRECTION('',(1.31918135055271E-16,-1.24501684878718E-16,1.));
#12901=DIRECTION('',(1.,0.,-1.31918135055271E-16));
#12902=DIRECTION('',(1.31918135055271E-16,-1.24501684878718E-16,1.));
#12903=DIRECTION('',(1.,0.,-1.31918135055271E-16));
#12904=DIRECTION('',(1.31918135055271E-16,-1.24501684878718E-16,1.));
#12905=DIRECTION('',(1.,0.,-1.31918135055271E-16));
#12906=DIRECTION('',(1.31918135055271E-16,-1.24501684878718E-16,1.));
#12907=DIRECTION('',(1.,0.,-1.31918135055271E-16));
#12908=DIRECTION('',(1.31918135055271E-16,-1.24501684878718E-16,1.));
#12909=DIRECTION('',(1.,0.,-1.31918135055271E-16));
#12910=DIRECTION('',(1.31918135055271E-16,-1.24501684878718E-16,1.));
#12911=DIRECTION('',(1.,0.,-1.31918135055271E-16));
#12912=DIRECTION('',(1.31918135055271E-16,-1.24501684878718E-16,1.));
#12913=DIRECTION('',(1.,0.,-1.31918135055271E-16));
#12914=DIRECTION('',(1.31918135055271E-16,-1.24501684878718E-16,1.));
#12915=DIRECTION('',(1.,0.,-1.31918135055271E-16));
#12916=DIRECTION('',(1.31918135055271E-16,-1.24501684878718E-16,1.));
#12917=DIRECTION('',(1.,0.,-1.31918135055271E-16));
#12918=DIRECTION('',(1.31918135055271E-16,-1.24501684878718E-16,1.));
#12919=DIRECTION('',(1.,0.,-1.31918135055271E-16));
#12920=DIRECTION('',(1.31918135055271E-16,-1.24501684878718E-16,1.));
#12921=DIRECTION('',(1.,0.,-1.31918135055271E-16));
#12922=DIRECTION('',(1.31918135055271E-16,-1.24501684878718E-16,1.));
#12923=DIRECTION('',(1.,0.,-1.31918135055271E-16));
#12924=DIRECTION('',(1.31918135055271E-16,-1.24501684878718E-16,1.));
#12925=DIRECTION('',(1.,0.,-1.31918135055271E-16));
#12926=DIRECTION('',(1.31918135055271E-16,-1.24501684878718E-16,1.));
#12927=DIRECTION('',(1.,0.,-1.31918135055271E-16));
#12928=DIRECTION('',(1.31918135055271E-16,-1.24501684878718E-16,1.));
#12929=DIRECTION('',(1.,0.,-1.31918135055271E-16));
#12930=DIRECTION('',(1.31918135055271E-16,-1.24501684878718E-16,1.));
#12931=DIRECTION('',(1.,0.,-1.31918135055271E-16));
#12932=DIRECTION('',(0.,-1.,-2.83451548362223E-16));
#12933=DIRECTION('',(0.,2.83451548362223E-16,-1.));
#12934=DIRECTION('',(-1.,2.18970850627425E-31,-7.72515979865461E-16));
#12935=DIRECTION('',(-9.16096291724946E-16,-2.83451548362223E-16,1.));
#12936=DIRECTION('',(0.,-2.83451548362223E-16,1.));
#12937=DIRECTION('',(1.,0.,0.));
#12938=DIRECTION('',(0.,-2.83451548362223E-16,1.));
#12939=DIRECTION('',(9.16096291724946E-16,2.83451548362223E-16,-1.));
#12940=DIRECTION('',(0.,-1.,-2.83451548362223E-16));
#12941=DIRECTION('',(0.,2.83451548362223E-16,-1.));
#12942=DIRECTION('',(-1.,2.16980558067227E-31,-7.6549434752054E-16));
#12943=DIRECTION('',(0.,-2.83451548362223E-16,1.));
#12944=DIRECTION('',(1.,0.,0.));
#12945=DIRECTION('',(0.,-2.83451548362223E-16,1.));
#12946=DIRECTION('',(0.,1.,2.83451548362223E-16));
#12947=DIRECTION('',(0.,-2.83451548362223E-16,1.));
#12948=DIRECTION('',(0.,-2.83451548362223E-16,1.));
#12949=DIRECTION('',(-1.,0.,0.));
#12950=DIRECTION('',(0.,-2.83451548362223E-16,1.));
#12951=DIRECTION('',(1.,-2.2381258347151E-31,7.89597321886912E-16));
#12952=DIRECTION('',(0.,-1.,-2.83451548362223E-16));
#12953=DIRECTION('',(0.,2.83451548362223E-16,-1.));
#12954=DIRECTION('',(-1.,2.12776722321464E-31,-7.50663468063179E-16));
#12955=DIRECTION('',(-7.79148394366162E-16,-2.83451548362223E-16,1.));
#12956=DIRECTION('',(0.,-2.83451548362223E-16,1.));
#12957=DIRECTION('',(1.,0.,0.));
#12958=DIRECTION('',(0.,-2.83451548362223E-16,1.));
#12959=DIRECTION('',(7.79148394366162E-16,2.83451548362223E-16,-1.));
#12960=DIRECTION('',(1.,0.,0.));
#12961=DIRECTION('',(0.,0.,-1.));
#12962=DIRECTION('',(0.998682978706669,0.0513060234433945,1.45427717853387E-17));
#12963=DIRECTION('',(0.0513060234433945,-0.998682978706669,-2.83078236637403E-16));
#12964=DIRECTION('',(1.,0.,0.));
#12965=DIRECTION('',(-0.999043783363061,-0.0437209208917288,-1.23927627225828E-17));
#12966=DIRECTION('',(0.0437209208917288,-0.999043783363061,-2.83180507275913E-16));
#12967=DIRECTION('',(1.,0.,0.));
#12968=DIRECTION('',(1.,0.,0.));
#12969=DIRECTION('',(0.,0.,-1.));
#12970=DIRECTION('',(0.999244881535816,0.0388544299208311,1.10133483217911E-17));
#12971=DIRECTION('',(0.0388544299208311,-0.999244881535816,-2.83237508864354E-16));
#12972=DIRECTION('',(1.,0.,0.));
#12973=DIRECTION('',(-0.999558217798998,-0.0297215280645314,-8.42461314958271E-18));
#12974=DIRECTION('',(0.0297215280645314,-0.999558217798998,-2.83326324513311E-16));
#12975=DIRECTION('',(1.,0.,0.));
#12976=DIRECTION('',(-1.,0.,0.));
#12977=DIRECTION('',(0.,0.,1.));
#12978=DIRECTION('',(-0.999911312598948,-0.0133179178796303,-3.77498444394216E-18));
#12979=DIRECTION('',(-0.0133179178796303,0.999911312598948,2.83426409781075E-16));
#12980=DIRECTION('',(1.,0.,0.));
#12981=DIRECTION('',(0.999983708708206,0.00570809234167927,1.61796761244354E-18));
#12982=DIRECTION('',(-0.00570809234167927,0.999983708708206,2.8344693057034E-16));
#12983=DIRECTION('',(1.,0.,0.));
#12984=DIRECTION('',(-1.,0.,0.));
#12985=DIRECTION('',(0.,0.,1.));
#12986=DIRECTION('',(1.,-1.73472347597681E-15,-4.91710055245924E-31));
#12987=DIRECTION('',(1.73472347597681E-15,1.,0.));
#12988=DIRECTION('',(-1.,0.,0.));
#12989=DIRECTION('',(-1.,0.,0.));
#12990=DIRECTION('',(0.,0.,1.));
#12991=DIRECTION('',(-1.,0.,0.));
#12992=DIRECTION('',(-1.,0.,0.));
#12993=DIRECTION('',(0.,0.,1.));
#12994=DIRECTION('',(-1.,0.,0.));
#12995=DIRECTION('',(0.,0.,1.));
#12996=DIRECTION('',(-1.,0.,0.));
#12997=DIRECTION('',(1.,0.,0.));
#12998=DIRECTION('',(0.,0.,-1.));
#12999=DIRECTION('',(-1.,0.,0.));
#13000=DIRECTION('',(-1.,0.,0.));
#13001=DIRECTION('',(0.,0.,1.));
#13002=DIRECTION('',(-1.,0.,0.));
#13003=DIRECTION('',(0.,0.,1.));
#13004=DIRECTION('',(-1.,0.,0.));
#13005=DIRECTION('',(1.,0.,0.));
#13006=DIRECTION('',(0.,0.,-1.));
#13007=DIRECTION('',(-1.,0.,0.));
#13008=DIRECTION('',(-1.,0.,0.));
#13009=DIRECTION('',(0.,0.,1.));
#13010=DIRECTION('',(1.,1.08421085735193E-16,3.07321246267538E-32));
#13011=DIRECTION('',(-1.08421085735193E-16,1.,0.));
#13012=DIRECTION('',(-1.,0.,0.));
#13013=DIRECTION('',(-1.,0.,0.));
#13014=DIRECTION('',(0.,0.,1.));
#13015=DIRECTION('',(-1.,0.,0.));
#13016=DIRECTION('',(-1.,0.,0.));
#13017=DIRECTION('',(0.,0.,1.));
#13018=DIRECTION('',(0.999976458368751,-0.00686168407095551,-1.94495497428474E-18));
#13019=DIRECTION('',(-0.00686168407095551,-0.999976458368751,-2.83444875450395E-16));
#13020=DIRECTION('',(1.,0.,0.));
#13021=DIRECTION('',(-1.,0.,0.));
#13022=DIRECTION('',(0.,0.,1.));
#13023=DIRECTION('',(1.,0.,0.));
#13024=DIRECTION('',(1.,0.,0.));
#13025=DIRECTION('',(0.,0.,-1.));
#13026=DIRECTION('',(0.998034512924715,-0.0626666658689203,-1.77629634712436E-17));
#13027=DIRECTION('',(0.0626666658689203,0.998034512924715,2.82894428007448E-16));
#13028=DIRECTION('',(1.,0.,0.));
#13029=DIRECTION('',(-0.997531023727035,0.0702271792263763,1.99060026888277E-17));
#13030=DIRECTION('',(0.0702271792263763,0.997531023727035,2.82751713214782E-16));
#13031=DIRECTION('',(1.,0.,0.));
#13032=DIRECTION('',(1.,0.,0.));
#13033=DIRECTION('',(0.,0.,-1.));
#13034=DIRECTION('',(0.998619089950897,-0.0525348758982377,-1.48910919163727E-17));
#13035=DIRECTION('',(0.0525348758982377,0.998619089950897,2.83060127270656E-16));
#13036=DIRECTION('',(1.,0.,0.));
#13037=DIRECTION('',(-0.998098495057507,0.0616392258544765,1.74717340083002E-17));
#13038=DIRECTION('',(0.0616392258544765,0.998098495057507,2.82912563842055E-16));
#13039=DIRECTION('',(1.,0.,0.));
#13040=DIRECTION('',(1.,0.,0.));
#13041=DIRECTION('',(0.,0.,-1.));
#13042=DIRECTION('',(0.999694218377171,-0.0247279142520635,-7.00916558251569E-18));
#13043=DIRECTION('',(0.0247279142520635,0.999694218377171,2.83364874087772E-16));
#13044=DIRECTION('',(1.,0.,0.));
#13045=DIRECTION('',(-0.999477265554408,0.0323294856111737,9.1638427542414E-18));
#13046=DIRECTION('',(0.0323294856111737,0.999477265554408,2.83303378474238E-16));
#13047=DIRECTION('',(1.,0.,0.));
#13048=DIRECTION('',(-1.,0.,0.));
#13049=DIRECTION('',(0.,0.,1.));
#13050=DIRECTION('',(-1.,8.67354068659538E-16,2.4585285373982E-31));
#13051=DIRECTION('',(-8.67354068659538E-16,-1.,0.));
#13052=DIRECTION('',(-1.,0.,0.));
#13053=DIRECTION('',(1.,0.,0.));
#13054=DIRECTION('',(0.,0.,-1.));
#13055=DIRECTION('',(-1.,0.,0.));
#13056=DIRECTION('',(-1.,0.,0.));
#13057=DIRECTION('',(0.,0.,1.));
#13058=DIRECTION('',(-1.,0.,0.));
#13059=DIRECTION('',(0.,0.,1.));
#13060=DIRECTION('',(-1.,0.,0.));
#13061=DIRECTION('',(1.,0.,0.));
#13062=DIRECTION('',(0.,0.,-1.));
#13063=DIRECTION('',(-1.,0.,0.));
#13064=DIRECTION('',(-1.,0.,0.));
#13065=DIRECTION('',(0.,0.,1.));
#13066=DIRECTION('',(-1.,0.,0.));
#13067=DIRECTION('',(0.,0.,1.));
#13068=DIRECTION('',(-1.,0.,0.));
#13069=DIRECTION('',(1.,0.,0.));
#13070=DIRECTION('',(0.,0.,-1.));
#13071=DIRECTION('',(-1.,0.,0.));
#13072=DIRECTION('',(-1.,0.,0.));
#13073=DIRECTION('',(0.,0.,1.));
#13074=DIRECTION('',(-1.,0.,0.));
#13075=DIRECTION('',(0.,0.,1.));
#13076=DIRECTION('',(-1.,0.,0.));
#13077=DIRECTION('',(1.,9.75789771616733E-16,2.76589121640783E-31));
#13078=DIRECTION('',(-9.75789771616733E-16,1.,0.));
#13079=DIRECTION('',(-1.,0.,0.));
#13080=DIRECTION('',(-1.,0.,0.));
#13081=DIRECTION('',(0.,0.,1.));
#13082=DIRECTION('',(-0.996438049261227,-0.0843280142329948,-2.3902906204654E-17));
#13083=DIRECTION('',(-0.0843280142329948,0.996438049261227,2.82441907910128E-16));
#13084=DIRECTION('',(1.,0.,0.));
#13085=DIRECTION('',(0.997163474561104,0.0752662274943194,2.13343287226482E-17));
#13086=DIRECTION('',(-0.0752662274943194,0.997163474561104,2.826475308346E-16));
#13087=DIRECTION('',(1.,0.,0.));
#13088=DIRECTION('',(-1.,0.,0.));
#13089=DIRECTION('',(0.,0.,1.));
#13090=DIRECTION('',(-1.,0.,0.));
#13091=DIRECTION('',(0.,0.,1.));
#13092=DIRECTION('',(-1.,0.,0.));
#13093=DIRECTION('',(0.,0.,1.));
#13094=DIRECTION('',(0.998682978706669,0.0513060234433945,1.45427717853387E-17));
#13095=DIRECTION('',(-0.0513060234433945,0.998682978706669,2.83078236637403E-16));
#13096=DIRECTION('',(0.997163474561104,0.0752662274943194,2.13343287226482E-17));
#13097=DIRECTION('',(-0.0752662274943194,0.997163474561104,2.826475308346E-16));
#13098=DIRECTION('',(1.,-1.73472347597681E-15,-4.91710055245924E-31));
#13099=DIRECTION('',(1.73472347597681E-15,1.,0.));
#13100=DIRECTION('',(-1.,0.,0.));
#13101=DIRECTION('',(1.,0.,0.));
#13102=DIRECTION('',(0.,0.,-1.));
#13103=DIRECTION('',(-1.,0.,0.));
#13104=DIRECTION('',(0.,0.,1.));
#13105=DIRECTION('',(1.,0.,0.));
#13106=DIRECTION('',(0.,0.,-1.));
#13107=DIRECTION('',(1.,-1.73472347597681E-15,-4.91710055245924E-31));
#13108=DIRECTION('',(1.73472347597681E-15,1.,0.));
#13109=DIRECTION('',(-1.,0.,0.));
#13110=DIRECTION('',(0.,0.,1.));
#13111=DIRECTION('',(0.999244881535816,0.0388544299208311,1.10133483217911E-17));
#13112=DIRECTION('',(-0.0388544299208311,0.999244881535816,2.83237508864354E-16));
#13113=DIRECTION('',(-0.999043783363061,-0.0437209208917288,-1.23927627225828E-17));
#13114=DIRECTION('',(-0.0437209208917288,0.999043783363061,2.83180507275913E-16));
#13115=DIRECTION('',(-1.,0.,0.));
#13116=DIRECTION('',(0.,0.,1.));
#13117=DIRECTION('',(-1.,0.,0.));
#13118=DIRECTION('',(1.,0.,0.));
#13119=DIRECTION('',(0.,0.,-1.));
#13120=DIRECTION('',(-1.,0.,0.));
#13121=DIRECTION('',(0.,0.,1.));
#13122=DIRECTION('',(1.,0.,0.));
#13123=DIRECTION('',(0.,0.,-1.));
#13124=DIRECTION('',(-1.,0.,0.));
#13125=DIRECTION('',(0.,0.,1.));
#13126=DIRECTION('',(-1.,0.,0.));
#13127=DIRECTION('',(0.,0.,1.));
#13128=DIRECTION('',(-1.,0.,0.));
#13129=DIRECTION('',(0.,0.,1.));
#13130=DIRECTION('',(-1.,0.,0.));
#13131=DIRECTION('',(-1.,0.,0.));
#13132=DIRECTION('',(0.,0.,1.));
#13133=DIRECTION('',(-1.,0.,0.));
#13134=DIRECTION('',(0.,0.,1.));
#13135=DIRECTION('',(-0.999911312598948,-0.0133179178796303,-3.77498444394216E-18));
#13136=DIRECTION('',(-0.0133179178796303,0.999911312598948,2.83426409781075E-16));
#13137=DIRECTION('',(-0.999558217798998,-0.0297215280645314,-8.42461314958271E-18));
#13138=DIRECTION('',(-0.0297215280645314,0.999558217798998,2.83326324513311E-16));
#13139=DIRECTION('',(-1.,0.,0.));
#13140=DIRECTION('',(0.,0.,1.));
#13141=DIRECTION('',(-1.,0.,0.));
#13142=DIRECTION('',(0.,0.,1.));
#13143=DIRECTION('',(-1.,0.,0.));
#13144=DIRECTION('',(0.,0.,1.));
#13145=DIRECTION('',(0.999976458368751,-0.00686168407095551,-1.94495497428474E-18));
#13146=DIRECTION('',(-0.00686168407095551,-0.999976458368751,-2.83444875450395E-16));
#13147=DIRECTION('',(0.999983708708206,0.00570809234167927,1.61796761244354E-18));
#13148=DIRECTION('',(-0.00570809234167927,0.999983708708206,2.8344693057034E-16));
#13149=DIRECTION('',(1.,1.08421085735193E-16,3.07321246267538E-32));
#13150=DIRECTION('',(-1.08421085735193E-16,1.,0.));
#13151=DIRECTION('',(-1.,0.,0.));
#13152=DIRECTION('',(1.,9.75789771616733E-16,2.76589121640783E-31));
#13153=DIRECTION('',(-9.75789771616733E-16,1.,0.));
#13154=DIRECTION('',(-1.,0.,0.));
#13155=DIRECTION('',(0.,0.,1.));
#13156=DIRECTION('',(1.,9.75789771616733E-16,2.76589121640783E-31));
#13157=DIRECTION('',(-9.75789771616733E-16,1.,0.));
#13158=DIRECTION('',(1.,1.08421085735193E-16,3.07321246267538E-32));
#13159=DIRECTION('',(-1.08421085735193E-16,1.,0.));
#13160=DIRECTION('',(-1.,0.,0.));
#13161=DIRECTION('',(0.,0.,1.));
#13162=DIRECTION('',(1.,0.,0.));
#13163=DIRECTION('',(0.,0.,-1.));
#13164=DIRECTION('',(-1.,0.,0.));
#13165=DIRECTION('',(-1.,0.,0.));
#13166=DIRECTION('',(0.,0.,1.));
#13167=DIRECTION('',(-1.,0.,0.));
#13168=DIRECTION('',(0.,0.,1.));
#13169=DIRECTION('',(0.999694218377171,-0.0247279142520635,-7.00916558251569E-18));
#13170=DIRECTION('',(-0.0247279142520635,-0.999694218377171,-2.83364874087772E-16));
#13171=DIRECTION('',(-0.999882813577668,0.0153087919839101,4.33930079139452E-18));
#13172=DIRECTION('',(-0.0153087919839101,-0.999882813577668,-2.83418331689366E-16));
#13173=DIRECTION('',(-1.,0.,0.));
#13174=DIRECTION('',(-1.,0.,0.));
#13175=DIRECTION('',(0.,0.,1.));
#13176=DIRECTION('',(1.,0.,0.));
#13177=DIRECTION('',(0.,0.,-1.));
#13178=DIRECTION('',(-1.,0.,0.));
#13179=DIRECTION('',(0.,0.,1.));
#13180=DIRECTION('',(0.998619089950897,-0.0525348758982377,-1.48910919163727E-17));
#13181=DIRECTION('',(-0.0525348758982377,-0.998619089950897,-2.83060127270656E-16));
#13182=DIRECTION('',(-0.999477265554408,0.0323294856111737,9.1638427542414E-18));
#13183=DIRECTION('',(-0.0323294856111737,-0.999477265554408,-2.83303378474238E-16));
#13184=DIRECTION('',(-1.,0.,0.));
#13185=DIRECTION('',(0.,0.,1.));
#13186=DIRECTION('',(-1.,0.,0.));
#13187=DIRECTION('',(1.,0.,0.));
#13188=DIRECTION('',(0.,0.,-1.));
#13189=DIRECTION('',(-1.,0.,0.));
#13190=DIRECTION('',(0.,0.,1.));
#13191=DIRECTION('',(1.,0.,0.));
#13192=DIRECTION('',(0.,0.,-1.));
#13193=DIRECTION('',(-1.,0.,0.));
#13194=DIRECTION('',(0.,0.,1.));
#13195=DIRECTION('',(-1.,0.,0.));
#13196=DIRECTION('',(0.,0.,1.));
#13197=DIRECTION('',(0.998034512924715,-0.0626666658689203,-1.77629634712436E-17));
#13198=DIRECTION('',(-0.0626666658689203,-0.998034512924715,-2.82894428007448E-16));
#13199=DIRECTION('',(-0.998098495057507,0.0616392258544765,1.74717340083002E-17));
#13200=DIRECTION('',(-0.0616392258544765,-0.998098495057507,-2.82912563842055E-16));
#13201=DIRECTION('',(-1.,0.,0.));
#13202=DIRECTION('',(0.,0.,1.));
#13203=DIRECTION('',(-1.,0.,0.));
#13204=DIRECTION('',(1.,0.,0.));
#13205=DIRECTION('',(0.,0.,-1.));
#13206=DIRECTION('',(-1.,0.,0.));
#13207=DIRECTION('',(0.,0.,1.));
#13208=DIRECTION('',(-0.996439227690749,0.0843140884969096,0.));
#13209=DIRECTION('',(-0.0843140884969096,-0.996439227690748,0.));
#13210=DIRECTION('',(-1.,0.,0.));
#13211=DIRECTION('',(-1.,8.67354068659538E-16,2.4585285373982E-31));
#13212=DIRECTION('',(-8.67354068659538E-16,-1.,0.));
#13213=DIRECTION('',(1.,0.,0.));
#13214=DIRECTION('',(0.,0.,-1.));
#13215=DIRECTION('',(1.,0.,0.));
#13216=DIRECTION('',(0.,0.,-1.));
#13217=DIRECTION('',(-1.,0.,0.));
#13218=DIRECTION('',(-1.,0.,0.));
#13219=DIRECTION('',(0.,0.,1.));
#13220=DIRECTION('',(-1.,0.,0.));
#13221=DIRECTION('',(0.,0.,1.));
#13222=DIRECTION('',(-1.,6.12303176911189E-17,0.));
#13223=DIRECTION('',(-6.12303176911189E-17,-1.,0.));
#13224=DIRECTION('',(-0.997531023727035,0.0702271792263763,1.99060026888277E-17));
#13225=DIRECTION('',(-0.0702271792263763,-0.997531023727035,-2.82751713214782E-16));
#13226=DIRECTION('',(-1.,8.67354068659538E-16,2.4585285373982E-31));
#13227=DIRECTION('',(-8.67354068659538E-16,-1.,0.));
#13228=DIRECTION('',(-0.996439227690749,0.0843140884969096,0.));
#13229=DIRECTION('',(-0.0843140884969096,-0.996439227690748,0.));
#13230=DIRECTION('',(-1.,0.,0.));
#13231=DIRECTION('',(0.,1.,0.));
#13232=DIRECTION('',(0.,0.,1.));
#13233=DIRECTION('',(0.,0.,1.));
#13234=DIRECTION('',(0.,0.,-1.));
#13235=DIRECTION('',(0.,1.,0.));
#13236=DIRECTION('',(0.,0.,1.));
#13237=DIRECTION('',(0.,0.,-1.));
#13238=DIRECTION('',(0.,0.,1.));
#13239=DIRECTION('',(0.,1.,0.));
#13240=DIRECTION('',(0.,0.,1.));
#13241=DIRECTION('',(0.,0.,-1.));
#13242=DIRECTION('',(0.,0.,1.));
#13243=DIRECTION('',(0.,1.,0.));
#13244=DIRECTION('',(0.,0.,1.));
#13245=DIRECTION('',(0.,0.,-1.));
#13246=DIRECTION('',(0.,0.,1.));
#13247=DIRECTION('',(0.,1.,0.));
#13248=DIRECTION('',(0.,0.,1.));
#13249=DIRECTION('',(0.,0.,-1.));
#13250=DIRECTION('',(0.,0.,1.));
#13251=DIRECTION('',(0.,1.,0.));
#13252=DIRECTION('',(0.,0.,1.));
#13253=DIRECTION('',(0.,0.,-1.));
#13254=DIRECTION('',(0.,0.,1.));
#13255=DIRECTION('',(0.,1.,0.));
#13256=DIRECTION('',(0.,0.,1.));
#13257=DIRECTION('',(0.,0.,-1.));
#13258=DIRECTION('',(0.,0.,1.));
#13259=DIRECTION('',(0.,1.,0.));
#13260=DIRECTION('',(0.,0.,1.));
#13261=DIRECTION('',(0.,0.,-1.));
#13262=DIRECTION('',(0.,0.,1.));
#13263=DIRECTION('',(0.,-0.997054485501582,0.0766964988847371));
#13264=DIRECTION('',(0.,-0.0766964988847371,-0.997054485501582));
#13265=DIRECTION('',(0.,0.0766964988847371,0.997054485501582));
#13266=DIRECTION('',(1.,0.,0.));
#13267=DIRECTION('',(0.,0.0766964988847371,0.997054485501582));
#13268=DIRECTION('',(0.,0.0766964988847371,0.997054485501582));
#13269=DIRECTION('',(0.,-0.997054485501582,0.0766964988847371));
#13270=DIRECTION('',(-8.64799264675039E-16,-0.997054485501582,0.0766964988847371));
#13271=DIRECTION('',(0.,0.997054485501582,-0.0766964988847371));
#13272=DIRECTION('',(-1.,6.12303176911189E-17,0.));
#13273=DIRECTION('',(-6.12303176911189E-17,-1.,0.));
#13274=DIRECTION('',(-1.33440267382831E-16,-1.,0.));
#13275=DIRECTION('',(0.,0.,-1.));
#13276=DIRECTION('',(-0.996439227690749,0.0843140884969096,0.));
#13277=DIRECTION('',(-0.0843140884969096,-0.996439227690748,0.));
#13278=DIRECTION('',(0.0843140884969096,0.996439227690749,0.));
#13279=DIRECTION('',(0.,0.,1.));
#13280=DIRECTION('',(1.,0.,0.));
#13281=DIRECTION('',(-1.,8.67354068659538E-16,2.4585285373982E-31));
#13282=DIRECTION('',(-8.67354068659538E-16,-1.,0.));
#13283=DIRECTION('',(0.,-2.83451548362223E-16,1.));
#13284=DIRECTION('',(0.,2.83451548362223E-16,-1.));
#13285=DIRECTION('',(0.,1.,2.83451548362223E-16));
#13286=DIRECTION('',(0.0626666658689203,0.998034512924715,2.82894428007448E-16));
#13287=DIRECTION('',(-0.0702271792263763,-0.997531023727035,-2.82751713214782E-16));
#13288=DIRECTION('',(0.,2.83451548362223E-16,-1.));
#13289=DIRECTION('',(0.,1.,2.83451548362223E-16));
#13290=DIRECTION('',(0.0525348758982377,0.998619089950897,2.83060127270656E-16));
#13291=DIRECTION('',(-0.0616392258544765,-0.998098495057507,-2.82912563842055E-16));
#13292=DIRECTION('',(0.,2.83451548362223E-16,-1.));
#13293=DIRECTION('',(0.,1.,2.83451548362223E-16));
#13294=DIRECTION('',(0.,2.83451548362223E-16,-1.));
#13295=DIRECTION('',(0.,1.,2.83451548362223E-16));
#13296=DIRECTION('',(0.0247279142520635,0.999694218377171,2.83364874087772E-16));
#13297=DIRECTION('',(-0.0323294856111737,-0.999477265554408,-2.83303378474238E-16));
#13298=DIRECTION('',(-0.999882813577668,0.0153087919839101,4.33930079139452E-18));
#13299=DIRECTION('',(-0.0153087919839101,-0.999882813577668,0.));
#13300=DIRECTION('',(-0.0153087919839101,-0.999882813577668,-2.83418331689366E-16));
#13301=DIRECTION('',(0.,-2.83451548362223E-16,1.));
#13302=DIRECTION('',(0.,2.83451548362223E-16,-1.));
#13303=DIRECTION('',(0.,1.,2.83451548362223E-16));
#13304=DIRECTION('',(-0.0388544299208311,0.999244881535816,2.83237508864354E-16));
#13305=DIRECTION('',(0.0297215280645314,-0.999558217798998,-2.83326324513311E-16));
#13306=DIRECTION('',(0.,2.83451548362223E-16,-1.));
#13307=DIRECTION('',(0.,1.,2.83451548362223E-16));
#13308=DIRECTION('',(0.,2.83451548362223E-16,-1.));
#13309=DIRECTION('',(0.,1.,2.83451548362223E-16));
#13310=DIRECTION('',(-0.0513060234433945,0.998682978706669,2.83078236637403E-16));
#13311=DIRECTION('',(0.0437209208917289,-0.999043783363061,-2.83180507275913E-16));
#13312=DIRECTION('',(-1.,0.,0.));
#13313=DIRECTION('',(0.,0.,1.));
#13314=DIRECTION('',(0.,0.997054485501582,-0.0766964988847371));
#13315=DIRECTION('',(0.,-2.83451548362223E-16,1.));
#13316=DIRECTION('',(0.,-2.83451548362223E-16,1.));
#13317=DIRECTION('',(0.,-1.,-2.83451548362223E-16));
#13318=DIRECTION('',(0.,-2.83451548362223E-16,1.));
#13319=DIRECTION('',(0.,2.83451548362223E-16,-1.));
#13320=DIRECTION('',(1.,0.,0.));
#13321=DIRECTION('',(0.,-2.83451548362223E-16,1.));
#13322=DIRECTION('',(-7.72515979865461E-16,8.08740866977081E-15,1.));
#13323=DIRECTION('',(0.,-1.,8.08740866977081E-15));
#13324=DIRECTION('',(0.,-2.83451548362223E-16,1.));
#13325=DIRECTION('',(0.,-1.,-2.83451548362223E-16));
#13326=DIRECTION('',(0.,-2.83451548362223E-16,1.));
#13327=DIRECTION('',(0.,2.83451548362223E-16,-1.));
#13328=DIRECTION('',(1.,0.,0.));
#13329=DIRECTION('',(0.,-2.83451548362223E-16,1.));
#13330=DIRECTION('',(-7.50663468063179E-16,2.53145233225027E-14,1.));
#13331=DIRECTION('',(0.,-1.,2.53145233225027E-14));
#13332=DIRECTION('',(0.,-2.83451548362223E-16,1.));
#13333=DIRECTION('',(0.,-1.,-2.83451548362223E-16));
#13334=DIRECTION('',(0.,-2.83451548362223E-16,1.));
#13335=DIRECTION('',(0.,2.83451548362223E-16,-1.));
#13336=DIRECTION('',(1.,0.,0.));
#13337=DIRECTION('',(0.,-2.83451548362223E-16,1.));
#13338=DIRECTION('',(0.,-2.83451548362223E-16,1.));
#13339=DIRECTION('',(0.,-1.,-2.83451548362223E-16));
#13340=DIRECTION('',(0.,-2.83451548362223E-16,1.));
#13341=DIRECTION('',(0.,2.83451548362223E-16,-1.));
#13342=DIRECTION('',(1.,0.,0.));
#13343=DIRECTION('',(0.,-2.83451548362223E-16,1.));
#13344=DIRECTION('',(-7.6549434752054E-16,2.51943730699802E-14,1.));
#13345=DIRECTION('',(0.,-1.,2.51943730699802E-14));
#13346=DIRECTION('',(0.998034512924715,-0.0626666658689203,-1.77629634712436E-17));
#13347=DIRECTION('',(0.0626666658689203,0.998034512924715,0.));
#13348=DIRECTION('',(0.,-2.83451548362223E-16,1.));
#13349=DIRECTION('',(-0.997531023727035,0.0702271792263763,1.99060026888277E-17));
#13350=DIRECTION('',(-0.0702271792263763,-0.997531023727035,0.));
#13351=DIRECTION('',(-0.996438049261227,-0.0843280142329948,-2.3902906204654E-17));
#13352=DIRECTION('',(0.0843280142329948,-0.996438049261227,0.));
#13353=DIRECTION('',(0.0843280142329948,-0.996438049261227,-2.82441907910128E-16));
#13354=DIRECTION('',(0.,-2.83451548362223E-16,1.));
#13355=DIRECTION('',(0.,-2.83451548362223E-16,1.));
#13356=DIRECTION('',(0.,-1.,-2.83451548362223E-16));
#13357=DIRECTION('',(0.,-2.83451548362223E-16,1.));
#13358=DIRECTION('',(0.,-1.,-2.83451548362223E-16));
#13359=DIRECTION('',(0.,-2.83451548362223E-16,1.));
#13360=DIRECTION('',(0.997163474561104,0.0752662274943194,2.13343287226482E-17));
#13361=DIRECTION('',(-0.0752662274943194,0.997163474561104,0.));
#13362=DIRECTION('',(0.,-2.83451548362223E-16,1.));
#13363=DIRECTION('',(-0.0752662274943194,0.997163474561104,2.826475308346E-16));
#13364=DIRECTION('',(0.998682978706669,0.0513060234433945,1.45427717853387E-17));
#13365=DIRECTION('',(-0.0513060234433945,0.998682978706669,0.));
#13366=DIRECTION('',(0.,-2.83451548362223E-16,1.));
#13367=DIRECTION('',(-0.999043783363061,-0.0437209208917288,-1.23927627225828E-17));
#13368=DIRECTION('',(0.0437209208917288,-0.999043783363061,0.));
#13369=DIRECTION('',(0.,-2.83451548362223E-16,1.));
#13370=DIRECTION('',(0.999244881535816,0.0388544299208311,1.10133483217911E-17));
#13371=DIRECTION('',(-0.0388544299208311,0.999244881535816,0.));
#13372=DIRECTION('',(0.,-2.83451548362223E-16,1.));
#13373=DIRECTION('',(0.,-2.83451548362223E-16,1.));
#13374=DIRECTION('',(0.,-2.83451548362223E-16,1.));
#13375=DIRECTION('',(0.,-1.,-2.83451548362223E-16));
#13376=DIRECTION('',(0.,-2.83451548362223E-16,1.));
#13377=DIRECTION('',(-0.999558217798998,-0.0297215280645314,-8.42461314958271E-18));
#13378=DIRECTION('',(0.0297215280645314,-0.999558217798998,0.));
#13379=DIRECTION('',(0.,-2.83451548362223E-16,1.));
#13380=DIRECTION('',(-0.999911312598948,-0.0133179178796303,-3.77498444394216E-18));
#13381=DIRECTION('',(0.0133179178796303,-0.999911312598948,0.));
#13382=DIRECTION('',(0.,-2.83451548362223E-16,1.));
#13383=DIRECTION('',(0.0133179178796303,-0.999911312598948,-2.83426409781075E-16));
#13384=DIRECTION('',(0.999983708708206,0.00570809234167927,1.61796761244354E-18));
#13385=DIRECTION('',(-0.00570809234167927,0.999983708708206,0.));
#13386=DIRECTION('',(0.,-2.83451548362223E-16,1.));
#13387=DIRECTION('',(-0.00570809234167927,0.999983708708206,2.8344693057034E-16));
#13388=DIRECTION('',(0.999976458368751,-0.00686168407095551,-1.94495497428474E-18));
#13389=DIRECTION('',(0.00686168407095551,0.999976458368751,0.));
#13390=DIRECTION('',(0.,-2.83451548362223E-16,1.));
#13391=DIRECTION('',(0.00686168407095551,0.999976458368751,2.83444875450395E-16));
#13392=DIRECTION('',(0.,-2.83451548362223E-16,1.));
#13393=DIRECTION('',(0.,-2.83451548362223E-16,1.));
#13394=DIRECTION('',(0.,-1.,-2.83451548362223E-16));
#13395=DIRECTION('',(0.,-2.83451548362223E-16,1.));
#13396=DIRECTION('',(0.,-1.,-2.83451548362223E-16));
#13397=DIRECTION('',(0.999694218377171,-0.0247279142520635,-7.00916558251569E-18));
#13398=DIRECTION('',(0.0247279142520635,0.999694218377171,0.));
#13399=DIRECTION('',(0.,-2.83451548362223E-16,1.));
#13400=DIRECTION('',(-0.999477265554408,0.0323294856111737,9.1638427542414E-18));
#13401=DIRECTION('',(-0.0323294856111737,-0.999477265554408,0.));
#13402=DIRECTION('',(0.,-2.83451548362223E-16,1.));
#13403=DIRECTION('',(0.998619089950897,-0.0525348758982377,-1.48910919163727E-17));
#13404=DIRECTION('',(0.0525348758982377,0.998619089950897,0.));
#13405=DIRECTION('',(0.,-2.83451548362223E-16,1.));
#13406=DIRECTION('',(0.,-2.83451548362223E-16,1.));
#13407=DIRECTION('',(0.,-2.83451548362223E-16,1.));
#13408=DIRECTION('',(0.,-1.,-2.83451548362223E-16));
#13409=DIRECTION('',(0.,-2.83451548362223E-16,1.));
#13410=DIRECTION('',(-0.998098495057507,0.0616392258544765,1.74717340083002E-17));
#13411=DIRECTION('',(-0.0616392258544765,-0.998098495057507,0.));
#13412=DIRECTION('',(0.,-2.83451548362223E-16,1.));
#13413=DIRECTION('',(0.,0.0766964988847371,0.997054485501582));
#13414=DIRECTION('',(0.,-0.997054485501582,0.0766964988847371));
#13415=DIRECTION('',(0.,-0.997054485501582,0.0766964988847371));
#13416=DIRECTION('',(0.,0.0766964988847371,0.997054485501582));
#13417=DIRECTION('',(0.,-0.997054485501582,0.0766964988847371));
#13418=DIRECTION('',(0.,-0.997054485501582,0.0766964988847371));
#13419=DIRECTION('',(0.,0.997054485501582,-0.0766964988847371));
#13420=DIRECTION('',(0.,0.0766964988847371,0.997054485501582));
#13421=DIRECTION('',(0.,-0.997054485501582,0.0766964988847371));
#13422=DIRECTION('',(0.,-0.997054485501582,0.0766964988847371));
#13423=DIRECTION('',(0.,0.997054485501582,-0.0766964988847371));
#13424=DIRECTION('',(0.,0.0766964988847371,0.997054485501582));
#13425=DIRECTION('',(0.,-0.997054485501582,0.0766964988847371));
#13426=DIRECTION('',(-8.3154510712864E-18,-0.997054485501582,0.0766964988847371));
#13427=DIRECTION('',(0.,0.997054485501582,-0.0766964988847371));
#13428=DIRECTION('',(0.,0.0766964988847371,0.997054485501582));
#13429=DIRECTION('',(0.,-0.997054485501582,0.0766964988847371));
#13430=DIRECTION('',(0.,-0.997054485501582,0.0766964988847371));
#13431=DIRECTION('',(-8.3154510712864E-18,0.997054485501582,-0.0766964988847371));
#13432=DIRECTION('',(0.,0.0766964988847371,0.997054485501582));
#13433=DIRECTION('',(0.,-0.997054485501582,0.0766964988847371));
#13434=DIRECTION('',(0.,-0.997054485501582,0.0766964988847371));
#13435=DIRECTION('',(0.,0.997054485501582,-0.0766964988847371));
#13436=DIRECTION('',(0.,0.0766964988847371,0.997054485501582));
#13437=DIRECTION('',(0.,-0.997054485501582,0.0766964988847371));
#13438=DIRECTION('',(0.,-0.997054485501582,0.0766964988847371));
#13439=DIRECTION('',(0.,0.997054485501582,-0.0766964988847371));
#13440=DIRECTION('',(0.,0.0766964988847371,0.997054485501582));
#13441=DIRECTION('',(0.,-0.997054485501582,0.0766964988847371));
#13442=DIRECTION('',(0.,-0.997054485501582,0.0766964988847371));
#13443=DIRECTION('',(0.,0.997054485501582,-0.0766964988847371));
#13444=DIRECTION('',(-1.,0.,0.));
#13445=DIRECTION('',(0.,-1.,0.));
#13446=DIRECTION('',(0.,0.,-1.));
#13447=DIRECTION('',(0.,-2.83451548362223E-16,1.));
#13448=DIRECTION('',(0.,-2.83451548362223E-16,1.));
#13449=DIRECTION('',(0.,-2.83451548362223E-16,1.));
#13450=DIRECTION('',(0.,-1.,-2.83451548362223E-16));
#13451=DIRECTION('',(0.,-1.,0.));
#13452=DIRECTION('',(0.,-2.83451548362223E-16,1.));
#13453=DIRECTION('',(0.,-1.,-2.83451548362223E-16));
#13454=DIRECTION('',(0.,-2.83451548362223E-16,1.));
#13455=DIRECTION('',(0.,-1.,-2.83451548362223E-16));
#13456=DIRECTION('',(-1.,0.,0.));
#13457=DIRECTION('',(0.,0.,1.));
#13458=DIRECTION('',(1.,0.,0.));
#13459=DIRECTION('',(0.,0.,-1.));
#13460=DIRECTION('',(-1.,0.,0.));
#13461=DIRECTION('',(0.,0.,1.));
#13462=DIRECTION('',(1.,0.,0.));
#13463=DIRECTION('',(0.,0.,-1.));
#13464=DIRECTION('',(-1.,0.,0.));
#13465=DIRECTION('',(0.,0.,1.));
#13466=DIRECTION('',(1.,0.,0.));
#13467=DIRECTION('',(0.,0.,-1.));
#13468=DIRECTION('',(1.,9.75789771616733E-16,2.76589121640783E-31));
#13469=DIRECTION('',(-9.75789771616733E-16,1.,0.));
#13470=DIRECTION('',(1.,1.08421085735193E-16,3.07321246267538E-32));
#13471=DIRECTION('',(-1.08421085735193E-16,1.,0.));
#13472=DIRECTION('',(-1.,0.,0.));
#13473=DIRECTION('',(0.,0.,1.));
#13474=DIRECTION('',(-1.,0.,0.));
#13475=DIRECTION('',(0.,0.,1.));
#13476=DIRECTION('',(1.,0.,0.));
#13477=DIRECTION('',(0.,0.,-1.));
#13478=DIRECTION('',(-1.,0.,0.));
#13479=DIRECTION('',(0.,0.,1.));
#13480=DIRECTION('',(1.,0.,0.));
#13481=DIRECTION('',(0.,0.,-1.));
#13482=DIRECTION('',(1.,-1.73472347597681E-15,-4.91710055245924E-31));
#13483=DIRECTION('',(1.73472347597681E-15,1.,0.));
#13484=DIRECTION('',(-7.50663468063179E-16,2.53145233225027E-14,1.));
#13485=DIRECTION('',(-0.00111277977303034,-0.999999380860397,2.53136723261551E-14));
#13486=DIRECTION('',(-0.00111277977303034,-0.999999380860397,2.53136723261551E-14));
#13487=DIRECTION('',(-0.0284245595448541,-0.999595940575331,1.70186826397776E-14));
#13488=DIRECTION('',(-0.999999380860397,0.00111277977303034,-7.78832492814883E-16));
#13489=DIRECTION('',(-0.0284245595448541,-0.999595940575331,1.70186826397776E-14));
#13490=DIRECTION('',(-0.00111277977303034,-0.999999380860397,2.53136723261551E-14));
#13491=DIRECTION('',(0.999595940575331,-0.0284245595448541,1.35703546401513E-15));
#13492=DIRECTION('',(0.0284245595448541,0.999595940575331,-1.66125757683993E-14));
#13493=DIRECTION('',(-9.15201222787233E-16,1.6641083666834E-14,1.));
#13494=DIRECTION('',(7.55262484826484E-16,-2.11816175784059E-14,-1.));
#13495=DIRECTION('',(-0.999595940575331,0.0284245595448541,-1.35703546401513E-15));
#13496=DIRECTION('',(-0.0284245595448541,-0.999595940575331,1.66125757683993E-14));
#13497=DIRECTION('',(9.15201222787233E-16,-1.6641083666834E-14,-1.));
#13498=DIRECTION('',(-7.55262484826484E-16,2.11816175784059E-14,1.));
#13499=DIRECTION('',(-7.50663468063179E-16,2.53145233225027E-14,1.));
#13500=DIRECTION('',(-0.00111277977303034,-0.999999380860397,2.53136723261551E-14));
#13501=DIRECTION('',(-0.0284245595448541,-0.999595940575331,1.70186826397776E-14));
#13502=DIRECTION('',(-0.0284245595448541,-0.999595940575331,1.70186826397776E-14));
#13503=DIRECTION('',(-0.999999380860397,0.00111277977303034,-7.78832492814883E-16));
#13504=DIRECTION('',(7.60315294042518E-16,-1.66409113127987E-14,-1.));
#13505=DIRECTION('',(0.999999380860397,-0.00111277977303034,7.78832492814883E-16));
#13506=DIRECTION('',(-7.60315294042518E-16,1.66409113127987E-14,1.));
#13507=DIRECTION('',(-0.999595940575331,0.0284245595448541,-1.35703546401513E-15));
#13508=DIRECTION('',(-0.0284245595448541,-0.999595940575331,1.66125757683993E-14));
#13509=DIRECTION('',(-8.90102921595731E-16,1.64397339616258E-14,1.));
#13510=DIRECTION('',(0.999595940575331,-0.0284245595448541,1.35703546401513E-15));
#13511=DIRECTION('',(0.0284245595448541,0.999595940575331,-1.66125757683993E-14));
#13512=DIRECTION('',(-8.90102921595731E-16,1.64397339616258E-14,1.));
#13513=DIRECTION('',(-0.999999380860397,0.00111277977303034,-9.08396173924259E-16));
#13514=DIRECTION('',(8.89878894933888E-16,-1.66410554886424E-14,-1.));
#13515=DIRECTION('',(0.00107043687257366,0.961947939535741,-0.273230700668584));
#13516=DIRECTION('',(-0.000304045597074288,-0.273230531500637,-0.961948535116175));
#13517=DIRECTION('',(0.00107043687257366,0.961947939535741,-0.273230700668584));
#13518=DIRECTION('',(-0.000304045597074288,-0.273230531500636,-0.961948535116175));
#13519=DIRECTION('',(0.00107043687257366,0.961947939535741,-0.273230700668584));
#13520=DIRECTION('',(0.999999380860397,-0.00111277977303038,6.54198899567481E-16));
#13521=DIRECTION('',(0.00107043687257366,0.961947939535741,-0.273230700668584));
#13522=DIRECTION('',(0.000304045597074288,0.273230531500636,0.961948535116175));
#13523=DIRECTION('',(-0.00107043687257366,-0.961947939535741,0.273230700668584));
#13524=DIRECTION('',(0.00107043687257366,0.961947939535741,-0.273230700668584));
#13525=DIRECTION('',(-0.999999380860397,0.00111277977303038,-6.54198899567481E-16));
#13526=DIRECTION('',(0.999999380860397,-0.00111277977303038,6.54198899567459E-16));
#13527=DIRECTION('',(-6.35681777960687E-16,1.66407726230571E-14,1.));
#13528=DIRECTION('',(0.000304045597074288,0.273230531500637,0.961948535116175));
#13529=DIRECTION('',(0.999999380860397,-0.0011127797730221,2.81898988236039E-14));
#13530=DIRECTION('',(-2.81713646535549E-14,1.66714137929688E-14,1.));
#13531=DIRECTION('',(0.00107043687257366,0.96194793953574,-0.273230700668584));
#13532=DIRECTION('',(0.000304045597074288,0.273230531500637,0.961948535116175));
#13533=DIRECTION('',(0.999993610817502,0.00357467819173605,7.30595054184551E-16));
#13534=DIRECTION('',(-7.89597321886912E-16,1.65042053176595E-14,1.));
#13535=DIRECTION('',(0.999993610817502,0.00357467819173605,7.30595054184551E-16));
#13536=DIRECTION('',(-0.00357467819173605,0.999993610817502,-1.65069224256066E-14));
#13537=DIRECTION('',(0.999993610817502,0.00357467819173605,7.30595054184551E-16));
#13538=DIRECTION('',(-0.00357467819173605,0.999993610817502,-1.65069224256066E-14));
#13539=DIRECTION('',(0.999993610817502,0.00357467819173605,7.30595054184551E-16));
#13540=DIRECTION('',(0.999993610817502,0.00357467819173605,7.30595054184551E-16));
#13541=DIRECTION('',(-7.89597321886912E-16,1.65042053176595E-14,1.));
#13542=DIRECTION('',(-7.89605176921086E-16,1.65064027137789E-14,1.));
#13543=DIRECTION('',(0.00357467819173605,-0.999993610817502,1.65069224256066E-14));
#13544=DIRECTION('',(-7.89605176921086E-16,1.65064027137789E-14,1.));
#13545=DIRECTION('',(-0.999993610817502,-0.00357467819173605,-7.30595054184551E-16));
#13546=DIRECTION('',(7.89597321886912E-16,-1.65042053176595E-14,-1.));
#13547=DIRECTION('',(-7.89605176921086E-16,1.65064027137789E-14,1.));
#13548=DIRECTION('',(-0.00357467819173605,0.999993610817502,-1.65069224256066E-14));
#13549=DIRECTION('',(-7.89605176921086E-16,1.65064027137789E-14,1.));
#13550=DIRECTION('',(-7.89597321886912E-16,1.65042053176595E-14,1.));
#13551=DIRECTION('',(0.00357467819173605,-0.999993610817502,1.65069224256066E-14));
#13552=DIRECTION('',(-0.999993610817502,-0.00357467819173605,-7.30595054184551E-16));
#13553=DIRECTION('',(-7.89597321886912E-16,1.65042053176595E-14,1.));
#13554=DIRECTION('',(0.00357467819173605,-0.999993610817502,1.65069224256066E-14));
#13555=DIRECTION('',(0.999993610817502,0.00357467819173605,7.30595054184551E-16));
#13556=DIRECTION('',(-0.999993610817502,-0.00357467819173605,-7.30595054184551E-16));
#13557=DIRECTION('',(0.999993610817502,0.00357467819173605,7.30595054184551E-16));
#13558=DIRECTION('',(-7.89597321886912E-16,1.65042053176595E-14,1.));
#13559=DIRECTION('',(0.99995176293431,0.00982200613758708,6.29993868546256E-16));
#13560=DIRECTION('',(0.00357467819173605,-0.999993610817502,1.65091198357657E-14));
#13561=DIRECTION('',(7.89605176921086E-16,-1.65064027137789E-14,-1.));
#13562=DIRECTION('',(-0.00357467819173605,0.999993610817502,-1.65091198357657E-14));
#13563=DIRECTION('',(-7.89605176921086E-16,1.65064027137789E-14,1.));
#13564=DIRECTION('',(-7.89597321886912E-16,1.65042053176595E-14,1.));
#13565=DIRECTION('',(0.00357467819173605,-0.999993610817502,1.65069224256066E-14));
#13566=DIRECTION('',(0.999994374096451,0.00335436662381945,6.80978876789177E-16));
#13567=DIRECTION('',(-7.36399854873677E-16,1.6520804487031E-14,1.));
#13568=DIRECTION('',(0.999994374096451,0.00335436662381945,6.80978876789177E-16));
#13569=DIRECTION('',(-0.00335436662381945,0.999994374096451,-1.65231816976734E-14));
#13570=DIRECTION('',(0.999994374096451,0.00335436662381945,6.80978876789177E-16));
#13571=DIRECTION('',(0.999994374096451,0.00335436662381945,6.80978876789177E-16));
#13572=DIRECTION('',(-0.00335436662381945,0.999994374096451,-1.65231816976734E-14));
#13573=DIRECTION('',(0.999994374096451,0.00335436662381945,6.80978876789177E-16));
#13574=DIRECTION('',(0.999994374096451,0.00335436662381945,6.80978876789177E-16));
#13575=DIRECTION('',(-7.36399854873677E-16,1.6520804487031E-14,1.));
#13576=DIRECTION('',(-7.36407222806377E-16,1.6523000994472E-14,1.));
#13577=DIRECTION('',(0.00335436662381945,-0.999994374096451,1.65231816976734E-14));
#13578=DIRECTION('',(-7.36407222806377E-16,1.6523000994472E-14,1.));
#13579=DIRECTION('',(-0.999994374096451,-0.00335436662381945,-6.80978876789177E-16));
#13580=DIRECTION('',(7.36399854873677E-16,-1.6520804487031E-14,-1.));
#13581=DIRECTION('',(-7.36407222806377E-16,1.6523000994472E-14,1.));
#13582=DIRECTION('',(-0.00335436662381945,0.999994374096451,-1.65231816976734E-14));
#13583=DIRECTION('',(-7.36407222806377E-16,1.6523000994472E-14,1.));
#13584=DIRECTION('',(-7.6549434752054E-16,2.51943730699802E-14,1.));
#13585=DIRECTION('',(0.00335436662381945,-0.999994374096451,2.51967990775574E-14));
#13586=DIRECTION('',(-0.00323186545074155,0.963474667804345,-0.267779983465932));
#13587=DIRECTION('',(-0.000898232239065885,0.267778476961573,0.963480088250393));
#13588=DIRECTION('',(0.999994374096451,0.00335436662381949,8.57932634704182E-16));
#13589=DIRECTION('',(-0.999994374096451,-0.00335436662381949,-8.57932634704182E-16));
#13590=DIRECTION('',(-7.36399854873677E-16,1.6520804487031E-14,1.));
#13591=DIRECTION('',(0.00335436662381945,-0.999994374096451,1.65231816976734E-14));
#13592=DIRECTION('',(0.999994374096451,0.00335436662381945,6.80978876789177E-16));
#13593=DIRECTION('',(-0.999994374096451,-0.00335436662381945,-6.80978876789177E-16));
#13594=DIRECTION('',(0.999994374096451,0.0033543666238591,1.58795919367009E-14));
#13595=DIRECTION('',(-0.0033543666238591,0.999994374096451,-1.65231816976734E-14));
#13596=DIRECTION('',(-0.000898232239065885,0.267778476961573,0.963480088250393));
#13597=DIRECTION('',(0.00323186545074156,-0.963474667804345,0.267779983465932));
#13598=DIRECTION('',(0.000898232239065885,-0.267778476961573,-0.963480088250393));
#13599=DIRECTION('',(-0.00323186545074156,0.963474667804345,-0.267779983465932));
#13600=DIRECTION('',(0.00335436662381945,-0.999994374096451,1.65253782174718E-14));
#13601=DIRECTION('',(7.36407222806377E-16,-1.6523000994472E-14,-1.));
#13602=DIRECTION('',(-0.00335436662381945,0.999994374096451,-1.65253782174718E-14));
#13603=DIRECTION('',(-7.36407222806377E-16,1.6523000994472E-14,1.));
#13604=DIRECTION('',(-7.6549434752054E-16,2.51943730699802E-14,1.));
#13605=DIRECTION('',(0.00335436662381945,-0.999994374096451,2.51967990775574E-14));
#13606=DIRECTION('',(0.999994374096451,0.00335436662381945,6.80978876789177E-16));
#13607=DIRECTION('',(-7.6549434752054E-16,2.51943730699802E-14,1.));
#13608=DIRECTION('',(0.00335436662381945,-0.999994374096451,2.51967990775574E-14));
#13609=DIRECTION('',(-7.72515979865461E-16,8.08740866977081E-15,1.));
#13610=DIRECTION('',(0.00135061910536499,-0.9999990879136,8.08844466819696E-15));
#13611=DIRECTION('',(0.00135061910536499,-0.9999990879136,8.08844466819696E-15));
#13612=DIRECTION('',(-0.0687374882362844,-0.997634781726743,1.70727280708712E-14));
#13613=DIRECTION('',(-0.9999990879136,-0.00135061910536499,-7.61592266601855E-16));
#13614=DIRECTION('',(-0.0687374882362844,-0.997634781726743,1.70727280708712E-14));
#13615=DIRECTION('',(0.00135061910536499,-0.9999990879136,8.08844466819696E-15));
#13616=DIRECTION('',(-0.997634781726743,0.0687374882362844,-1.79927218184438E-15));
#13617=DIRECTION('',(-0.0687374882362845,-0.997634781726743,1.6667468621388E-14));
#13618=DIRECTION('',(7.84230733211358E-16,-1.67610181385664E-14,-1.));
#13619=DIRECTION('',(-9.33533381589603E-16,1.26269788544504E-14,1.));
#13620=DIRECTION('',(0.997634781726743,-0.0687374882362844,1.79927218184438E-15));
#13621=DIRECTION('',(0.0687374882362845,0.997634781726743,-1.6667468621388E-14));
#13622=DIRECTION('',(-1.09400249995406E-15,1.67605997545183E-14,1.));
#13623=DIRECTION('',(9.33533381589603E-16,-1.26269788544504E-14,-1.));
#13624=DIRECTION('',(-7.72515979865461E-16,8.08740866977081E-15,1.));
#13625=DIRECTION('',(0.00135061910536499,-0.9999990879136,8.08844466819696E-15));
#13626=DIRECTION('',(-0.0687374882362844,-0.997634781726743,1.70727280708712E-14));
#13627=DIRECTION('',(-0.0687374882362844,-0.997634781726743,1.70727280708712E-14));
#13628=DIRECTION('',(-0.9999990879136,-0.00135061910536499,-9.16478291242641E-16));
#13629=DIRECTION('',(9.39116616582707E-16,-1.67608089465424E-14,-1.));
#13630=DIRECTION('',(0.9999990879136,0.00135061910536499,9.16478291242641E-16));
#13631=DIRECTION('',(-9.39116616582707E-16,1.67608089465424E-14,1.));
#13632=DIRECTION('',(0.997634781726743,-0.0687374882362844,1.79927218184438E-15));
#13633=DIRECTION('',(0.0687374882362845,0.997634781726743,-1.6667468621388E-14));
#13634=DIRECTION('',(6.62955891449197E-16,-1.65540573998359E-14,-1.));
#13635=DIRECTION('',(-0.997634781726743,0.0687374882362844,-1.79927218184438E-15));
#13636=DIRECTION('',(-0.0687374882362845,-0.997634781726743,1.6667468621388E-14));
#13637=DIRECTION('',(-6.62955891449197E-16,1.65540573998359E-14,1.));
#13638=DIRECTION('',(0.00036903060449626,-0.273230451458577,-0.961948535116175));
#13639=DIRECTION('',(-0.00129922606990556,0.961947657735999,-0.273230700668583));
#13640=DIRECTION('',(-0.00129922606990556,0.961947657735999,-0.273230700668583));
#13641=DIRECTION('',(-0.00129922606990556,0.961947657735999,-0.273230700668583));
#13642=DIRECTION('',(0.9999990879136,0.00135061910536507,1.02697581230324E-15));
#13643=DIRECTION('',(-0.9999990879136,-0.00135061910536502,-8.77983427790064E-16));
#13644=DIRECTION('',(9.00621788240773E-16,-1.67608609384404E-14,-1.));
#13645=DIRECTION('',(-0.00129922606990556,0.961947657735999,-0.273230700668583));
#13646=DIRECTION('',(0.000369030604496105,-0.273230451458577,-0.961948535116175));
#13647=DIRECTION('',(-0.000369030604496019,0.273230451458577,0.961948535116175));
#13648=DIRECTION('',(0.00129922606990556,-0.961947657735999,0.273230700668583));
#13649=DIRECTION('',(-0.00129922606990556,0.961947657735999,-0.273230700668583));
#13650=DIRECTION('',(-0.9999990879136,-0.001350619105365,-7.9520988083831E-16));
#13651=DIRECTION('',(0.9999990879136,0.00135061910536502,8.77983427790064E-16));
#13652=DIRECTION('',(-9.00621788240773E-16,1.67608609384404E-14,1.));
#13653=DIRECTION('',(-0.000369030604496105,0.273230451458577,0.961948535116175));
#13654=DIRECTION('',(0.9999990879136,0.00135061910533833,1.92085311582978E-14));
#13655=DIRECTION('',(-0.00135061910533833,0.9999990879136,-1.6762062048081E-14));
#13656=DIRECTION('',(-0.00129922606990556,0.961947657735999,-0.273230700668583));
#13657=DIRECTION('',(-0.00036903060449626,0.273230451458577,0.961948535116175));
#13658=DIRECTION('',(0.999999380860397,-0.00111277977303034,7.78832492814883E-16));
#13659=DIRECTION('',(-7.60315294042518E-16,1.66409113127987E-14,1.));
#13660=DIRECTION('',(0.999999380860397,-0.00111277977303034,7.78832492814883E-16));
#13661=DIRECTION('',(0.00111277977303034,0.999999380860397,-1.66400549462711E-14));
#13662=DIRECTION('',(-0.999999380860397,0.00111277977303034,-7.78832492814883E-16));
#13663=DIRECTION('',(0.999999380860397,-0.00111277977303034,7.78832492814883E-16));
#13664=DIRECTION('',(0.00111277977303034,0.999999380860397,-1.66400549462711E-14));
#13665=DIRECTION('',(-0.999999380860397,0.00111277977303034,-7.78832492814883E-16));
#13666=DIRECTION('',(0.999999380860397,-0.00111277977303034,7.78832492814883E-16));
#13667=DIRECTION('',(-7.60315294042518E-16,1.66409113127987E-14,1.));
#13668=DIRECTION('',(0.999999380860397,-0.00111277977303034,7.78832492814883E-16));
#13669=DIRECTION('',(0.00111277977303034,0.999999380860397,-1.66400549462711E-14));
#13670=DIRECTION('',(0.999999380860397,-0.00111277977303034,7.78832492814883E-16));
#13671=DIRECTION('',(0.999999380860397,-0.00111277977303034,7.78832492814883E-16));
#13672=DIRECTION('',(0.00111277977303034,0.999999380860397,-1.66400549462711E-14));
#13673=DIRECTION('',(0.999999380860397,-0.00111277977303034,7.78832492814883E-16));
#13674=DIRECTION('',(0.999999380860397,-0.00111277977303034,7.78832492814883E-16));
#13675=DIRECTION('',(-7.60315294042518E-16,1.66409113127987E-14,1.));
#13676=DIRECTION('',(-7.6031284880894E-16,1.66431087215973E-14,1.));
#13677=DIRECTION('',(-0.00111277977303034,-0.999999380860397,1.66400549462711E-14));
#13678=DIRECTION('',(-7.6031284880894E-16,1.66431087215973E-14,1.));
#13679=DIRECTION('',(-0.999999380860397,0.00111277977303034,-7.78832492814883E-16));
#13680=DIRECTION('',(7.60315294042518E-16,-1.66409113127987E-14,-1.));
#13681=DIRECTION('',(-7.6031284880894E-16,1.66431087215973E-14,1.));
#13682=DIRECTION('',(0.00111277977303034,0.999999380860397,-1.66400549462711E-14));
#13683=DIRECTION('',(-7.6031284880894E-16,1.66431087215973E-14,1.));
#13684=DIRECTION('',(-7.50663468063179E-16,2.53145233225027E-14,1.));
#13685=DIRECTION('',(-0.00111277977303034,-0.999999380860397,2.53136723261551E-14));
#13686=DIRECTION('',(-7.60315294042518E-16,1.66409113127987E-14,1.));
#13687=DIRECTION('',(-0.00111277977303034,-0.999999380860397,1.66400549462711E-14));
#13688=DIRECTION('',(0.999999380860397,-0.00111277977303034,7.78832492814883E-16));
#13689=DIRECTION('',(-0.999999380860397,0.00111277977303034,-7.78832492814883E-16));
#13690=DIRECTION('',(-0.00111277977303034,-0.999999380860397,1.66422523564302E-14));
#13691=DIRECTION('',(7.6031284880894E-16,-1.66431087215973E-14,-1.));
#13692=DIRECTION('',(0.00111277977303034,0.999999380860397,-1.66422523564302E-14));
#13693=DIRECTION('',(-7.6031284880894E-16,1.66431087215973E-14,1.));
#13694=DIRECTION('',(0.9999990879136,0.00135061910536499,7.61592266601855E-16));
#13695=DIRECTION('',(-7.84230733211358E-16,1.67610181385664E-14,1.));
#13696=DIRECTION('',(0.9999990879136,0.00135061910536499,7.61592266601855E-16));
#13697=DIRECTION('',(-0.00135061910536499,0.9999990879136,-1.6762062048081E-14));
#13698=DIRECTION('',(-0.9999990879136,-0.00135061910536523,-7.61592266601851E-16));
#13699=DIRECTION('',(0.9999990879136,0.00135061910536499,7.61592266601855E-16));
#13700=DIRECTION('',(-0.00135061910536499,0.9999990879136,-1.6762062048081E-14));
#13701=DIRECTION('',(-0.9999990879136,-0.00135061910536499,-1.00252608270974E-15));
#13702=DIRECTION('',(0.9999990879136,0.00135061910536499,7.61592266601855E-16));
#13703=DIRECTION('',(-7.84230733211358E-16,1.67610181385664E-14,1.));
#13704=DIRECTION('',(0.9999990879136,0.00135061910536499,7.61592266601855E-16));
#13705=DIRECTION('',(-0.00135061910536499,0.9999990879136,-1.6762062048081E-14));
#13706=DIRECTION('',(0.9999990879136,0.00135061910536499,7.61592266601855E-16));
#13707=DIRECTION('',(0.9999990879136,0.00135061910536499,7.61592266601855E-16));
#13708=DIRECTION('',(-0.00135061910536499,0.9999990879136,-1.6762062048081E-14));
#13709=DIRECTION('',(0.9999990879136,0.00135061910536499,7.61592266601855E-16));
#13710=DIRECTION('',(0.9999990879136,0.00135061910536499,9.16478291242641E-16));
#13711=DIRECTION('',(-9.39116616582707E-16,1.67608089465424E-14,1.));
#13712=DIRECTION('',(-7.84233701075501E-16,1.67632155467212E-14,1.));
#13713=DIRECTION('',(0.00135061910536514,-0.9999990879136,1.6762062048081E-14));
#13714=DIRECTION('',(-7.84233701075501E-16,1.67632155467212E-14,1.));
#13715=DIRECTION('',(-0.9999990879136,-0.00135061910536499,-9.16478291242641E-16));
#13716=DIRECTION('',(9.39116616582707E-16,-1.67608089465424E-14,-1.));
#13717=DIRECTION('',(-7.84233701075501E-16,1.67632155467212E-14,1.));
#13718=DIRECTION('',(-0.00135061910536514,0.9999990879136,-1.6762062048081E-14));
#13719=DIRECTION('',(-7.84233701075501E-16,1.67632155467212E-14,1.));
#13720=DIRECTION('',(-7.72515979865461E-16,8.08740866977081E-15,1.));
#13721=DIRECTION('',(0.00135061910536499,-0.9999990879136,8.08844466819696E-15));
#13722=DIRECTION('',(-7.84230733211358E-16,1.67610181385664E-14,1.));
#13723=DIRECTION('',(0.00135061910536499,-0.9999990879136,1.6762062048081E-14));
#13724=DIRECTION('',(0.9999990879136,0.00135061910536499,7.61592266601855E-16));
#13725=DIRECTION('',(-0.9999990879136,-0.00135061910536523,-7.61592266601851E-16));
#13726=DIRECTION('',(0.00135061910536523,-0.9999990879136,1.67642594582401E-14));
#13727=DIRECTION('',(0.9999990879136,0.00135061910536523,7.61592266601851E-16));
#13728=DIRECTION('',(-0.00135061910536499,0.9999990879136,-1.67642594582401E-14));
#13729=DIRECTION('',(-7.84233701075501E-16,1.67632155467212E-14,1.));
#13730=DIRECTION('',(-1.3191813505527E-16,0.,1.));
#13731=DIRECTION('',(1.,0.,1.31918135055271E-16));
#13732=DIRECTION('',(-1.3191813505527E-16,0.,1.));
#13733=DIRECTION('',(1.,0.,1.31918135055271E-16));
#13734=DIRECTION('',(-1.3191813505527E-16,0.,1.));
#13735=DIRECTION('',(1.,0.,1.31918135055271E-16));
#13736=DIRECTION('',(-1.3191813505527E-16,0.,1.));
#13737=DIRECTION('',(1.,0.,1.31918135055271E-16));
#13738=DIRECTION('',(0.999998457451265,-0.00175644387607716,-2.86269619442342E-16));
#13739=DIRECTION('',(0.00175644387607716,0.999998457451265,-1.67095412248878E-14));
#13740=DIRECTION('',(0.00168971137387946,0.962005555902464,-0.273024642272934));
#13741=DIRECTION('',(0.000479552460938923,0.273024221119118,0.962007039845206));
#13742=DIRECTION('',(-0.999998457451265,0.00175644387607751,3.90415745668796E-16));
#13743=DIRECTION('',(0.000479552460938923,0.273024221119118,0.962007039845206));
#13744=DIRECTION('',(0.999998457451265,-0.00175644387607751,-3.90415745668796E-16));
#13745=DIRECTION('',(-0.000479552460938923,-0.273024221119118,-0.962007039845206));
#13746=DIRECTION('',(4.15975542582916E-16,1.67088363613878E-14,1.));
#13747=DIRECTION('',(-0.00175644387607752,-0.999998457451265,1.67095412248878E-14));
#13748=DIRECTION('',(-0.999998457451265,0.00175644387607752,3.86626767617028E-16));
#13749=DIRECTION('',(0.00175644387607752,0.999998457451265,-1.67095412248878E-14));
#13750=DIRECTION('',(0.999998457451265,-0.00175644387607752,-3.86626767617028E-16));
#13751=DIRECTION('',(-0.00175644387607752,-0.999998457451265,1.67095412248878E-14));
#13752=DIRECTION('',(0.999998457451265,-0.00175644387607789,-6.46570394922932E-17));
#13753=DIRECTION('',(0.00175644387607789,0.999998457451265,-1.67095412248878E-14));
#13754=DIRECTION('',(-0.999998457451265,0.00175644387607752,3.86626767617029E-16));
#13755=DIRECTION('',(-4.15975542582917E-16,-1.67088363613878E-14,-1.));
#13756=DIRECTION('',(0.00168971137387947,0.962005555902464,-0.273024642272934));
#13757=DIRECTION('',(4.15533156348311E-16,1.64569720358444E-14,1.));
#13758=DIRECTION('',(0.00168971137387947,0.962005555902464,-0.273024642272934));
#13759=DIRECTION('',(-0.000479552460938923,-0.273024221119118,-0.962007039845206));
#13760=DIRECTION('',(0.00168971137387947,0.962005555902464,-0.273024642272934));
#13761=DIRECTION('',(0.00168971137387947,0.962005555902464,-0.273024642272934));
#13762=DIRECTION('',(0.999998457451265,-0.00175644387607752,-3.86626767617029E-16));
#13763=DIRECTION('',(4.15975542582917E-16,1.67088363613878E-14,1.));
#13764=DIRECTION('',(0.00168971137387947,0.962005555902464,-0.273024642272934));
#13765=DIRECTION('',(-4.15533156348311E-16,-1.64569720358444E-14,-1.));
#13766=DIRECTION('',(0.000479552460938923,0.273024221119118,0.962007039845206));
#13767=DIRECTION('',(-0.00168971137387947,-0.962005555902464,0.273024642272934));
#13768=DIRECTION('',(0.996363938847001,0.0851991864121327,-1.8161428806419E-15));
#13769=DIRECTION('',(-0.0851991864121327,0.996363938847001,-1.6612641232787E-14));
#13770=DIRECTION('',(-3.93008362254316E-16,-1.67203887832374E-14,-1.));
#13771=DIRECTION('',(-4.15533156348311E-16,-1.64569720358444E-14,-1.));
#13772=DIRECTION('',(0.0851991864121327,-0.996363938847001,1.61098656782238E-14));
#13773=DIRECTION('',(0.0851991864121327,-0.996363938847001,1.61098656782238E-14));
#13774=DIRECTION('',(-0.996363938847001,-0.0851991864121327,1.8161428806419E-15));
#13775=DIRECTION('',(0.0851991864121327,-0.996363938847001,1.6612641232787E-14));
#13776=DIRECTION('',(4.15975542582916E-16,1.67088363613878E-14,1.));
#13777=DIRECTION('',(0.0851991864121327,-0.996363938847001,1.61098656782238E-14));
#13778=DIRECTION('',(4.15533156348311E-16,1.64569720358444E-14,1.));
#13779=DIRECTION('',(0.00175644387607752,0.999998457451265,-1.67117395261297E-14));
#13780=DIRECTION('',(4.1597940377567E-16,1.67110346592387E-14,1.));
#13781=DIRECTION('',(4.1597940377567E-16,1.67110346592387E-14,1.));
#13782=DIRECTION('',(4.1597940377567E-16,1.67110346592387E-14,1.));
#13783=DIRECTION('',(0.999998457451265,-0.00175644387607752,-3.86626767617028E-16));
#13784=DIRECTION('',(-0.00175644387607752,-0.999998457451265,1.67117395261297E-14));
#13785=DIRECTION('',(-4.1597940377567E-16,-1.67110346592387E-14,-1.));
#13786=DIRECTION('',(-0.999998457451265,0.00175644387607752,3.86626767617028E-16));
#13787=DIRECTION('',(4.1597940377567E-16,1.67110346592387E-14,1.));
#13788=DIRECTION('',(4.1597940377567E-16,1.67110346592387E-14,1.));
#13789=DIRECTION('',(0.999998457451265,-0.00175644387607752,-3.86626767617028E-16));
#13790=DIRECTION('',(4.15975542582916E-16,1.67088363613878E-14,1.));
#13791=DIRECTION('',(0.999998457451265,-0.00175644387607752,-3.86626767617028E-16));
#13792=DIRECTION('',(0.00175644387607752,0.999998457451265,-1.67095412248878E-14));
#13793=DIRECTION('',(0.999998457451265,-0.00175644387607752,-3.86626767617028E-16));
#13794=DIRECTION('',(0.00175644387607752,0.999998457451265,-1.67095412248878E-14));
#13795=DIRECTION('',(0.999998457451265,-0.00175644387607752,-3.86626767617028E-16));
#13796=DIRECTION('',(0.999998457451265,-0.00175644387607752,-3.86626767617028E-16));
#13797=DIRECTION('',(4.15975542582916E-16,1.67088363613878E-14,1.));
#13798=DIRECTION('',(0.999998457451265,-0.00175644387607752,-3.86626767617028E-16));
#13799=DIRECTION('',(0.00175644387607752,0.999998457451265,-1.67095412248878E-14));
#13800=DIRECTION('',(0.999998457451265,-0.00175644387607752,-3.86626767617028E-16));
#13801=DIRECTION('',(0.00175644387607752,0.999998457451265,-1.67095412248878E-14));
#13802=DIRECTION('',(-0.999998457451265,0.00175644387607752,3.86626767617028E-16));
#13803=DIRECTION('',(-4.15975542582916E-16,-1.67088363613878E-14,-1.));
#13804=DIRECTION('',(-0.00175644387607752,-0.999998457451265,1.67095412248878E-14));
#13805=DIRECTION('',(4.15975542582916E-16,1.67088363613878E-14,1.));
#13806=DIRECTION('',(-0.00175644387607752,-0.999998457451265,1.67095412248878E-14));
#13807=DIRECTION('',(0.999998457451265,-0.00175644387607752,-3.86626767617028E-16));
#13808=DIRECTION('',(0.0851991864121327,-0.996363938847001,1.61098656782238E-14));
#13809=DIRECTION('',(0.0851991864121327,-0.996363938847001,1.61098656782238E-14));
#13810=DIRECTION('',(0.999998457451265,-0.00175644387607752,-3.86626767617028E-16));
#13811=DIRECTION('',(4.15975542582916E-16,1.67088363613878E-14,1.));
#13812=DIRECTION('',(-0.00175644387607752,-0.999998457451265,1.67095412248878E-14));
#13813=DIRECTION('',(-0.996363938847001,-0.0851991864121327,1.8161428806419E-15));
#13814=DIRECTION('',(0.0851991864121327,-0.996363938847001,1.6612641232787E-14));
#13815=DIRECTION('',(0.996363938847001,0.0851991864121327,-1.8161428806419E-15));
#13816=DIRECTION('',(-0.0851991864121327,0.996363938847001,-1.6612641232787E-14));
#13817=DIRECTION('',(4.15975542582916E-16,1.67088363613878E-14,1.));
#13818=DIRECTION('',(-0.00175644387607752,-0.999998457451265,1.67095412248878E-14));
#13819=DIRECTION('',(0.999999162719163,0.00129404828849052,-1.77107972476311E-16));
#13820=DIRECTION('',(1.53937159633865E-16,1.79057782751747E-14,1.));
#13821=DIRECTION('',(-0.00124480785548302,0.9619477296951,-0.273230700668584));
#13822=DIRECTION('',(-0.000353573720563589,0.273230471897754,0.961948535116175));
#13823=DIRECTION('',(0.999999162719163,0.00129404828849058,3.37839707301338E-16));
#13824=DIRECTION('',(0.000353573720563589,-0.273230471897754,-0.961948535116175));
#13825=DIRECTION('',(-0.999999162719163,-0.00129404828849058,-3.37839707301338E-16));
#13826=DIRECTION('',(-0.000353573720563589,0.273230471897754,0.961948535116175));
#13827=DIRECTION('',(-1.95830586921932E-16,1.79053256584419E-14,1.));
#13828=DIRECTION('',(0.00129404828849053,-0.999999162719163,1.79055640808917E-14));
#13829=DIRECTION('',(0.999999162719163,0.00129404828849053,1.72660066933562E-16));
#13830=DIRECTION('',(0.00129404828849053,-0.999999162719163,1.79055640808917E-14));
#13831=DIRECTION('',(-0.999999162719163,-0.00129404828849053,-1.72660066933562E-16));
#13832=DIRECTION('',(-0.00129404828849053,0.999999162719163,-1.79055640808917E-14));
#13833=DIRECTION('',(0.999999162719163,0.00129404828849053,2.72239991943858E-16));
#13834=DIRECTION('',(-2.95410428555865E-16,1.79051967972104E-14,1.));
#13835=DIRECTION('',(-0.000353573720563589,0.273230471897754,0.961948535116175));
#13836=DIRECTION('',(0.00124480785548301,-0.9619477296951,0.273230700668584));
#13837=DIRECTION('',(-0.00124480785548301,0.9619477296951,-0.273230700668584));
#13838=DIRECTION('',(-0.00124480785548301,0.9619477296951,-0.273230700668584));
#13839=DIRECTION('',(-0.999999162719163,-0.00129404828849058,-3.39735626144568E-16));
#13840=DIRECTION('',(3.62906006243775E-16,-1.79051094546005E-14,-1.));
#13841=DIRECTION('',(-0.00124480785548301,0.9619477296951,-0.273230700668584));
#13842=DIRECTION('',(2.18237620308596E-17,-1.76563627819234E-14,-1.));
#13843=DIRECTION('',(0.000353573720563589,-0.273230471897754,-0.961948535116175));
#13844=DIRECTION('',(-0.00124480785548301,0.9619477296951,-0.273230700668584));
#13845=DIRECTION('',(-0.00124480785548301,0.9619477296951,-0.273230700668584));
#13846=DIRECTION('',(0.999999162719163,0.00129404828849053,-1.02444228067404E-18));
#13847=DIRECTION('',(-2.21462231304072E-17,1.79055504145838E-14,1.));
#13848=DIRECTION('',(2.18237620308596E-17,-1.76563627819234E-14,-1.));
#13849=DIRECTION('',(-0.999309418451031,-0.0371575859692597,6.34259127030286E-16));
#13850=DIRECTION('',(0.0371575859692597,-0.999309418451031,1.79002371627829E-14));
#13851=DIRECTION('',(-4.09446919642454E-17,1.7905526088437E-14,1.));
#13852=DIRECTION('',(0.0371575859692597,-0.999309418451031,1.84046816249882E-14));
#13853=DIRECTION('',(-2.01770925343586E-16,2.24958293519724E-14,1.));
#13854=DIRECTION('',(0.999309418451031,0.0371575859692597,-6.34259127030286E-16));
#13855=DIRECTION('',(-0.0371575859692597,0.999309418451031,-1.79002371627829E-14));
#13856=DIRECTION('',(-3.64982555145975E-17,-1.79056263034345E-14,-1.));
#13857=DIRECTION('',(2.01770925343586E-16,-2.24958293519724E-14,-1.));
#13858=DIRECTION('',(0.0371575859692597,-0.999309418451031,1.84046816249882E-14));
#13859=DIRECTION('',(0.00129404828849053,-0.999999162719163,1.79077614910508E-14));
#13860=DIRECTION('',(1.95833430476787E-16,-1.79075230667611E-14,-1.));
#13861=DIRECTION('',(-1.95833430476787E-16,1.79075230667611E-14,1.));
#13862=DIRECTION('',(-1.95833430476787E-16,1.79075230667611E-14,1.));
#13863=DIRECTION('',(-0.999999162719163,-0.00129404828849053,-1.72660066933562E-16));
#13864=DIRECTION('',(-0.00129404828849053,0.999999162719163,-1.79077614910508E-14));
#13865=DIRECTION('',(-1.95833430476787E-16,1.79075230667611E-14,1.));
#13866=DIRECTION('',(0.999999162719163,0.00129404828849053,1.72660066933562E-16));
#13867=DIRECTION('',(-1.95833430476787E-16,1.79075230667611E-14,1.));
#13868=DIRECTION('',(-1.95833430476787E-16,1.79075230667611E-14,1.));
#13869=DIRECTION('',(0.999999162719163,0.00129404828849053,1.72660066933562E-16));
#13870=DIRECTION('',(-1.95830586921932E-16,1.79053256584419E-14,1.));
#13871=DIRECTION('',(0.999999162719163,0.00129404828849053,1.72660066933562E-16));
#13872=DIRECTION('',(-0.00129404828849053,0.999999162719163,-1.79055640808917E-14));
#13873=DIRECTION('',(0.999999162719163,0.00129404828849053,1.72660066933562E-16));
#13874=DIRECTION('',(-0.00129404828849053,0.999999162719163,-1.79055640808917E-14));
#13875=DIRECTION('',(0.999999162719163,0.00129404828849053,1.72660066933562E-16));
#13876=DIRECTION('',(-1.95830586921932E-16,1.79053256584419E-14,1.));
#13877=DIRECTION('',(0.999999162719163,0.00129404828849053,1.72660066933562E-16));
#13878=DIRECTION('',(0.999999162719163,0.00129404828849053,1.72660066933562E-16));
#13879=DIRECTION('',(-0.00129404828849053,0.999999162719163,-1.79055640808917E-14));
#13880=DIRECTION('',(0.999999162719163,0.00129404828849053,1.72660066933562E-16));
#13881=DIRECTION('',(-0.00129404828849053,0.999999162719163,-1.79055640808917E-14));
#13882=DIRECTION('',(0.999999162719163,0.00129404828849053,1.72660066933562E-16));
#13883=DIRECTION('',(-1.95830586921932E-16,1.79053256584419E-14,1.));
#13884=DIRECTION('',(0.00129404828849053,-0.999999162719163,2.65791814607757E-14));
#13885=DIRECTION('',(-0.999999162719163,-0.00129404828849053,-1.72660066933562E-16));
#13886=DIRECTION('',(1.95830586921932E-16,-1.79053256584419E-14,-1.));
#13887=DIRECTION('',(0.00129404828849053,-0.999999162719163,2.65791814607757E-14));
#13888=DIRECTION('',(-2.07054666647393E-16,2.65789357760723E-14,1.));
#13889=DIRECTION('',(0.00129404828849053,-0.999999162719163,2.65791814607757E-14));
#13890=DIRECTION('',(0.999999162719163,0.00129404828849053,1.72660066933562E-16));
#13891=DIRECTION('',(0.999309418451031,0.0371575859692597,-6.34259127030286E-16));
#13892=DIRECTION('',(-0.0371575859692597,0.999309418451031,-1.79002371627829E-14));
#13893=DIRECTION('',(0.0371575859692597,-0.999309418451031,1.84046816249882E-14));
#13894=DIRECTION('',(-0.999309418451031,-0.0371575859692597,6.34259127030286E-16));
#13895=DIRECTION('',(0.0371575859692597,-0.999309418451031,1.79002371627829E-14));
#13896=DIRECTION('',(0.0371575859692597,-0.999309418451031,1.84046816249882E-14));
#13897=DIRECTION('',(-2.07054666647393E-16,2.65789357760723E-14,1.));
#13898=DIRECTION('',(0.00129404828849053,-0.999999162719163,2.65791814607757E-14));
#13899=DIRECTION('',(0.999999987937496,-0.000155322274551548,1.35954381512082E-14));
#13900=DIRECTION('',(0.000155322274551548,0.999999987937496,-1.66407930181667E-14));
#13901=DIRECTION('',(0.000149412034527411,0.961948523512667,-0.273230700668583));
#13902=DIRECTION('',(4.24388139193128E-5,0.273230697372736,0.961948535116175));
#13903=DIRECTION('',(-0.999999987937496,0.000155322274605088,-4.92138052137752E-16));
#13904=DIRECTION('',(4.24388139193128E-5,0.273230697372736,0.961948535116175));
#13905=DIRECTION('',(0.999999987937496,-0.000155322274605088,4.92138052137752E-16));
#13906=DIRECTION('',(-4.24388139193128E-5,-0.273230697372736,-0.961948535116175));
#13907=DIRECTION('',(-7.60315294042519E-16,1.66409113127987E-14,1.));
#13908=DIRECTION('',(-0.000155322274605011,-0.999999987937496,1.66407930181667E-14));
#13909=DIRECTION('',(-0.999999987937496,0.000155322274605011,-7.62899989067817E-16));
#13910=DIRECTION('',(0.000155322274605011,0.999999987937496,-1.66407930181667E-14));
#13911=DIRECTION('',(0.999999987937496,-0.000155322274605011,7.62899989067817E-16));
#13912=DIRECTION('',(-0.000155322274605011,-0.999999987937496,1.66407930181667E-14));
#13913=DIRECTION('',(0.999999987937496,-0.000155322274594182,1.99583159376306E-14));
#13914=DIRECTION('',(-1.99557310110607E-14,1.66438927884658E-14,1.));
#13915=DIRECTION('',(-0.999999987937496,0.000155322274605088,-4.92138052137754E-16));
#13916=DIRECTION('',(4.89553360378522E-16,-1.66408692574388E-14,-1.));
#13917=DIRECTION('',(0.000149412034527411,0.961948523512667,-0.273230700668583));
#13918=DIRECTION('',(-1.04182556045459E-15,1.63969671164454E-14,1.));
#13919=DIRECTION('',(0.000149412034527411,0.961948523512667,-0.273230700668583));
#13920=DIRECTION('',(-4.24388139193128E-5,-0.273230697372736,-0.961948535116175));
#13921=DIRECTION('',(0.000149412034527411,0.961948523512667,-0.273230700668583));
#13922=DIRECTION('',(0.000149412034527411,0.961948523512667,-0.273230700668583));
#13923=DIRECTION('',(0.999999987937496,-0.000155322274605088,4.92138052137754E-16));
#13924=DIRECTION('',(-4.89553360378522E-16,1.66408692574388E-14,1.));
#13925=DIRECTION('',(0.000149412034527411,0.961948523512667,-0.273230700668583));
#13926=DIRECTION('',(1.04182556045459E-15,-1.63969671164454E-14,-1.));
#13927=DIRECTION('',(4.24388139193128E-5,0.273230697372736,0.961948535116175));
#13928=DIRECTION('',(-0.000149412034527411,-0.961948523512667,0.273230700668583));
#13929=DIRECTION('',(0.998301870398854,-0.0582526871324402,1.99522380098635E-15));
#13930=DIRECTION('',(0.0582526871324402,0.998301870398854,-1.65683624797625E-14));
#13931=DIRECTION('',(1.37985938513241E-15,-1.66410075417973E-14,-1.));
#13932=DIRECTION('',(7.59601953867183E-16,-2.12335569493978E-14,-1.));
#13933=DIRECTION('',(-0.0582526871324402,-0.998301870398854,1.70722790749545E-14));
#13934=DIRECTION('',(-0.998301870398854,0.0582526871324402,-1.99522380098635E-15));
#13935=DIRECTION('',(-0.0582526871324402,-0.998301870398854,1.65683624797625E-14));
#13936=DIRECTION('',(-1.22497336235994E-15,1.66409834845477E-14,1.));
#13937=DIRECTION('',(-0.0582526871324402,-0.998301870398854,1.70722790749545E-14));
#13938=DIRECTION('',(-7.59601953867183E-16,2.12335569493978E-14,1.));
#13939=DIRECTION('',(0.000155322274605011,0.999999987937496,-1.66429904283258E-14));
#13940=DIRECTION('',(-7.60314952735775E-16,1.66431087229313E-14,1.));
#13941=DIRECTION('',(-7.60314952735775E-16,1.66431087229313E-14,1.));
#13942=DIRECTION('',(-7.60314952735775E-16,1.66431087229313E-14,1.));
#13943=DIRECTION('',(0.999999987937496,-0.000155322274605011,7.62899989067817E-16));
#13944=DIRECTION('',(-0.000155322274605011,-0.999999987937496,1.66429904283258E-14));
#13945=DIRECTION('',(7.60314952735775E-16,-1.66431087229313E-14,-1.));
#13946=DIRECTION('',(-0.999999987937496,0.000155322274605011,-7.62899989067817E-16));
#13947=DIRECTION('',(-7.60314952735775E-16,1.66431087229313E-14,1.));
#13948=DIRECTION('',(-7.60314952735775E-16,1.66431087229313E-14,1.));
#13949=DIRECTION('',(0.999999987937496,-0.000155322274605011,7.62899989067817E-16));
#13950=DIRECTION('',(-7.60315294042519E-16,1.66409113127987E-14,1.));
#13951=DIRECTION('',(0.999999987937496,-0.000155322274605011,7.62899989067817E-16));
#13952=DIRECTION('',(0.000155322274605011,0.999999987937496,-1.66407930181667E-14));
#13953=DIRECTION('',(0.999999987937496,-0.000155322274605011,7.62899989067817E-16));
#13954=DIRECTION('',(0.000155322274605011,0.999999987937496,-1.66407930181667E-14));
#13955=DIRECTION('',(0.999999987937496,-0.000155322274605011,7.62899989067817E-16));
#13956=DIRECTION('',(0.999999987937496,-0.000155322274605011,7.62899989067817E-16));
#13957=DIRECTION('',(-7.60315294042519E-16,1.66409113127987E-14,1.));
#13958=DIRECTION('',(0.999999987937496,-0.000155322274605011,7.62899989067817E-16));
#13959=DIRECTION('',(0.000155322274605011,0.999999987937496,-1.66407930181667E-14));
#13960=DIRECTION('',(0.999999987937496,-0.000155322274605011,7.62899989067817E-16));
#13961=DIRECTION('',(0.000155322274605011,0.999999987937496,-1.66407930181667E-14));
#13962=DIRECTION('',(-0.999999987937496,0.000155322274605011,-7.62899989067817E-16));
#13963=DIRECTION('',(7.60315294042519E-16,-1.66409113127987E-14,-1.));
#13964=DIRECTION('',(-0.000155322274605011,-0.999999987937496,2.53144103980507E-14));
#13965=DIRECTION('',(-7.58968088062022E-16,2.53145285880572E-14,1.));
#13966=DIRECTION('',(-0.000155322274605011,-0.999999987937496,2.53144103980507E-14));
#13967=DIRECTION('',(0.999999987937496,-0.000155322274605011,7.62899989067817E-16));
#13968=DIRECTION('',(-0.000155322274605011,-0.999999987937496,2.53144103980507E-14));
#13969=DIRECTION('',(0.999999987937496,-0.000155322274605011,7.62899989067817E-16));
#13970=DIRECTION('',(-7.60315294042519E-16,1.66409113127987E-14,1.));
#13971=DIRECTION('',(0.998301870398854,-0.0582526871324402,1.99522380098635E-15));
#13972=DIRECTION('',(0.0582526871324402,0.998301870398854,-1.65683624797625E-14));
#13973=DIRECTION('',(-0.0582526871324402,-0.998301870398854,1.70722790749545E-14));
#13974=DIRECTION('',(-0.998301870398854,0.0582526871324402,-1.99522380098635E-15));
#13975=DIRECTION('',(-0.0582526871324402,-0.998301870398854,1.65683624797625E-14));
#13976=DIRECTION('',(-0.0582526871324402,-0.998301870398854,1.70722790749545E-14));
#13977=DIRECTION('',(-7.58968088062022E-16,2.53145285880572E-14,1.));
#13978=DIRECTION('',(-0.000155322274605011,-0.999999987937496,2.53144103980507E-14));
#13979=DIRECTION('',(0.999999397387824,-0.00109782693914261,-1.35042458930077E-16));
#13980=DIRECTION('',(1.53374486630618E-16,1.66983835262094E-14,1.));
#13981=DIRECTION('',(0.00105605301591918,0.961947955434275,-0.273230700668583));
#13982=DIRECTION('',(0.000299960023794682,0.273230536016436,0.961948535116175));
#13983=DIRECTION('',(0.999999397387824,-0.00109782693914246,6.12759835219785E-17));
#13984=DIRECTION('',(-0.000299960023794682,-0.273230536016436,-0.961948535116175));
#13985=DIRECTION('',(-0.999999397387824,0.00109782693914246,-6.12759835219785E-17));
#13986=DIRECTION('',(0.000299960023794682,0.273230536016436,0.961948535116175));
#13987=DIRECTION('',(-9.76233107404389E-17,1.66986590785191E-14,1.));
#13988=DIRECTION('',(-0.00109782693914245,-0.999999397387824,1.66985418422034E-14));
#13989=DIRECTION('',(0.999999397387824,-0.00109782693914245,1.15955489695397E-16));
#13990=DIRECTION('',(-0.00109782693914245,-0.999999397387824,1.66985418422034E-14));
#13991=DIRECTION('',(-0.999999397387824,0.00109782693914245,-1.15955489695397E-16));
#13992=DIRECTION('',(0.00109782693914245,0.999999397387824,-1.66985418422034E-14));
#13993=DIRECTION('',(0.999999397387824,-0.00109782693914234,8.60073316573553E-16));
#13994=DIRECTION('',(-8.41740689204134E-16,1.66994759911153E-14,1.));
#13995=DIRECTION('',(0.999999397387824,-0.00109782693914247,6.174996323274E-17));
#13996=DIRECTION('',(-4.34178169426917E-17,1.66985995702319E-14,1.));
#13997=DIRECTION('',(0.00105605301591919,0.961947955434275,-0.273230700668583));
#13998=DIRECTION('',(-1.54249697701451E-16,1.64466729621904E-14,1.));
#13999=DIRECTION('',(0.00105605301591919,0.961947955434275,-0.273230700668583));
#14000=DIRECTION('',(0.000299960023794682,0.273230536016436,0.961948535116175));
#14001=DIRECTION('',(-0.00105605301591919,-0.961947955434275,0.273230700668583));
#14002=DIRECTION('',(0.00105605301591919,0.961947955434275,-0.273230700668583));
#14003=DIRECTION('',(-0.000299960023794682,-0.273230536016436,-0.961948535116175));
#14004=DIRECTION('',(0.00105605301591919,0.961947955434275,-0.273230700668583));
#14005=DIRECTION('',(0.00105605301591919,0.961947955434275,-0.273230700668583));
#14006=DIRECTION('',(-0.999999397387824,0.00109782693914245,-1.72305205385864E-16));
#14007=DIRECTION('',(1.53972992473881E-16,-1.6698720940755E-14,-1.));
#14008=DIRECTION('',(-1.54249697701451E-16,1.64466729621904E-14,1.));
#14009=DIRECTION('',(0.999918892047544,-0.0127361425248271,3.63704357729981E-16));
#14010=DIRECTION('',(0.0127361425248271,0.999918892047544,-1.66960613400731E-14));
#14011=DIRECTION('',(9.76233107404389E-17,-1.66986590785191E-14,-1.));
#14012=DIRECTION('',(9.25850188671074E-17,-2.12879879222174E-14,-1.));
#14013=DIRECTION('',(-0.0127361425248271,-0.999918892047544,1.72007963505106E-14));
#14014=DIRECTION('',(-0.999918892047544,0.0127361425248271,-3.63704357729981E-16));
#14015=DIRECTION('',(-0.0127361425248271,-0.999918892047544,1.66960613400731E-14));
#14016=DIRECTION('',(-9.76233107404389E-17,1.66986590785191E-14,1.));
#14017=DIRECTION('',(-0.0127361425248271,-0.999918892047544,1.72007963505106E-14));
#14018=DIRECTION('',(-9.25850188671074E-17,2.12879879222174E-14,1.));
#14019=DIRECTION('',(-0.00109782693914245,-0.999999397387824,1.67007392523625E-14));
#14020=DIRECTION('',(9.76208983643699E-17,-1.6700856487354E-14,-1.));
#14021=DIRECTION('',(-9.76208983643699E-17,1.6700856487354E-14,1.));
#14022=DIRECTION('',(-9.76208983643699E-17,1.6700856487354E-14,1.));
#14023=DIRECTION('',(-0.999999397387824,0.00109782693914245,-1.15955489695397E-16));
#14024=DIRECTION('',(0.00109782693914245,0.999999397387824,-1.67007392523625E-14));
#14025=DIRECTION('',(-9.76208983643699E-17,1.6700856487354E-14,1.));
#14026=DIRECTION('',(0.999999397387824,-0.00109782693914245,1.15955489695397E-16));
#14027=DIRECTION('',(-9.76208983643699E-17,1.6700856487354E-14,1.));
#14028=DIRECTION('',(-9.76208983643699E-17,1.6700856487354E-14,1.));
#14029=DIRECTION('',(0.999999397387824,-0.00109782693914245,1.15955489695397E-16));
#14030=DIRECTION('',(-9.76233107404389E-17,1.66986590785191E-14,1.));
#14031=DIRECTION('',(0.999999397387824,-0.00109782693914245,1.15955489695397E-16));
#14032=DIRECTION('',(0.00109782693914245,0.999999397387824,-1.66985418422034E-14));
#14033=DIRECTION('',(0.999999397387824,-0.00109782693914245,1.15955489695397E-16));
#14034=DIRECTION('',(0.00109782693914245,0.999999397387824,-1.66985418422034E-14));
#14035=DIRECTION('',(0.999999397387824,-0.00109782693914245,1.15955489695397E-16));
#14036=DIRECTION('',(-9.76233107404389E-17,1.66986590785191E-14,1.));
#14037=DIRECTION('',(0.999999397387824,-0.00109782693914245,1.15955489695397E-16));
#14038=DIRECTION('',(0.999999397387824,-0.00109782693914245,1.15955489695397E-16));
#14039=DIRECTION('',(0.00109782693914245,0.999999397387824,-1.66985418422034E-14));
#14040=DIRECTION('',(0.999999397387824,-0.00109782693914245,1.15955489695397E-16));
#14041=DIRECTION('',(0.00109782693914245,0.999999397387824,-1.66985418422034E-14));
#14042=DIRECTION('',(0.999999397387824,-0.00109782693914245,1.15955489695397E-16));
#14043=DIRECTION('',(-9.76233107404389E-17,1.66986590785191E-14,1.));
#14044=DIRECTION('',(-0.00109782693914245,-0.999999397387824,2.53721592220874E-14));
#14045=DIRECTION('',(-0.999999397387824,0.00109782693914245,-1.15955489695397E-16));
#14046=DIRECTION('',(9.76233107404389E-17,-1.66986590785191E-14,-1.));
#14047=DIRECTION('',(-0.00109782693914245,-0.999999397387824,2.53721592220874E-14));
#14048=DIRECTION('',(-8.8101179920988E-17,2.53722712315757E-14,1.));
#14049=DIRECTION('',(-0.00109782693914245,-0.999999397387824,2.53721592220874E-14));
#14050=DIRECTION('',(0.999999397387824,-0.00109782693914245,1.15955489695397E-16));
#14051=DIRECTION('',(-0.999918892047544,0.0127361425248271,-3.63704357729981E-16));
#14052=DIRECTION('',(-0.0127361425248271,-0.999918892047544,1.66960613400731E-14));
#14053=DIRECTION('',(-0.0127361425248271,-0.999918892047544,1.72007963505106E-14));
#14054=DIRECTION('',(0.999918892047544,-0.0127361425248271,3.63704357729981E-16));
#14055=DIRECTION('',(0.0127361425248271,0.999918892047544,-1.66960613400731E-14));
#14056=DIRECTION('',(-0.0127361425248271,-0.999918892047544,1.72007963505106E-14));
#14057=DIRECTION('',(-8.8101179920988E-17,2.53722712315757E-14,1.));
#14058=DIRECTION('',(-0.00109782693914245,-0.999999397387824,2.53721592220874E-14));
#14059=DIRECTION('',(0.,0.,1.));
#14060=DIRECTION('',(0.999998457451265,0.00175644387608504,0.));
#14061=CARTESIAN_POINT('',(0.,0.,0.));
#14062=CARTESIAN_POINT('',(-20.0919567540455,-13.1726221468904,5.08700232629793));
#14063=CARTESIAN_POINT('',(-15.0401786043847,-12.256046592121,5.08700232629793));
#14064=CARTESIAN_POINT('',(-14.8151787937957,-12.2557546408578,5.08694846271029));
#14065=CARTESIAN_POINT('',(-15.2651784170332,-12.2563369519106,5.08694795447749));
#14066=CARTESIAN_POINT('',(-14.8150111697542,-12.3852891432718,5.08700232629814));
#14067=CARTESIAN_POINT('',(-14.8152020187924,-12.237807105617,5.08700232629813));
#14068=CARTESIAN_POINT('',(-15.2061248336721,-1.72439939608926,5.08700232629794));
#14069=CARTESIAN_POINT('',(-14.9600598264784,-8.34202734004113,5.08700232629793));
#14070=CARTESIAN_POINT('',(-15.2061248336721,-1.72439939608926,5.08700232629794));
#14071=CARTESIAN_POINT('',(-15.1985433468529,-1.92829453584968,5.08700232629793));
#14072=CARTESIAN_POINT('',(-15.1987969336757,-1.7323307432138,5.08700232629794));
#14073=CARTESIAN_POINT('',(-15.1987969336757,-1.73233074321381,5.08700232629793));
#14074=CARTESIAN_POINT('',(-15.1987969336757,-1.7323307432138,5.08700232629794));
#14075=CARTESIAN_POINT('',(-15.6487965568993,-1.73291306494363,5.08700232629794));
#14076=CARTESIAN_POINT('',(-15.6487965568993,-1.73291306494362,5.08700232629794));
#14077=CARTESIAN_POINT('',(-15.6485325244067,-1.9369489373954,5.08700232629793));
#14078=CARTESIAN_POINT('',(-15.6558140719751,-1.74112030977542,5.08700232629794));
#14079=CARTESIAN_POINT('',(-15.4103491363685,-8.3426100366398,5.08700232629793));
#14080=CARTESIAN_POINT('',(-15.6558140719751,-1.74112030977542,5.08700232629794));
#14081=CARTESIAN_POINT('',(-15.2651911963463,-12.2464615071626,5.08700232629809));
#14082=CARTESIAN_POINT('',(-15.2651911956474,-12.2464620472325,5.08700232629793));
#14083=CARTESIAN_POINT('',(-11.7539753326541,-12.2055479943995,5.08700232629793));
#14084=CARTESIAN_POINT('',(-11.7539753326715,-12.2055480100097,5.08700232629808));
#14085=CARTESIAN_POINT('',(-11.7539870654388,-12.2160916596357,5.08695018891095));
#14086=CARTESIAN_POINT('',(-11.3841232828415,0.800901818705708,5.0870023262979));
#14087=CARTESIAN_POINT('',(-11.6441282002984,-8.3425946569187,5.08700232629806));
#14088=CARTESIAN_POINT('',(-11.3841232828415,0.800901818705708,5.0870023262979));
#14089=CARTESIAN_POINT('',(-11.3897208404778,0.604054585889226,5.08700232629791));
#14090=CARTESIAN_POINT('',(-11.3894948647317,0.807127657211383,5.0870023262979));
#14091=CARTESIAN_POINT('',(-11.3895401849716,0.766400630244961,5.08700232629791));
#14092=CARTESIAN_POINT('',(-11.3141720192911,0.76640063024496,5.08700232629794));
#14093=CARTESIAN_POINT('',(-11.3141720192911,0.76640063024496,5.08700232629794));
#14094=CARTESIAN_POINT('',(-11.3141720192911,0.76640063024496,5.08700232629794));
#14095=CARTESIAN_POINT('',(-11.7295187016925,-12.0741861757568,5.08700232629793));
#14096=CARTESIAN_POINT('',(-11.2191720192911,-12.0741861757568,5.08700232629793));
#14097=CARTESIAN_POINT('',(-11.2034722594739,-12.0741861757568,5.08700232629793));
#14098=CARTESIAN_POINT('',(-11.2191720192911,-12.372618019233,5.08700232629793));
#14099=CARTESIAN_POINT('',(-10.6441720192911,-1.44262214689039,5.08700232629794));
#14100=CARTESIAN_POINT('',(-10.3441720192911,-1.44262214689039,5.08700232629794));
#14101=CARTESIAN_POINT('',(-10.0464516557895,-1.47953535802749,5.08700232629794));
#14102=CARTESIAN_POINT('',(-10.0441720192911,-1.44262214689039,5.08700232629794));
#14103=CARTESIAN_POINT('',(-10.7006452772689,-12.0726221468904,5.08700232629793));
#14104=CARTESIAN_POINT('',(-6.94417201929112,-12.0726221468904,5.08700232629793));
#14105=CARTESIAN_POINT('',(-10.1803352732055,-12.0726221468904,5.08700232629793));
#14106=CARTESIAN_POINT('',(-10.1991720192911,-12.3726177257842,5.08700232629793));
#14107=CARTESIAN_POINT('',(-9.37417201929112,0.76640063024496,5.08700232629794));
#14108=CARTESIAN_POINT('',(-8.77417201929113,0.76640063024496,5.08700232629794));
#14109=CARTESIAN_POINT('',(-9.29872519994238,0.766400630244961,5.08700232629791));
#14110=CARTESIAN_POINT('',(-9.29878013453113,0.807074228315945,5.08700232629791));
#14111=CARTESIAN_POINT('',(-9.29852067283694,0.614968655022982,5.08700232629792));
#14112=CARTESIAN_POINT('',(-9.28423054417075,0.822371191230447,5.08700232629791));
#14113=CARTESIAN_POINT('',(-9.91578164754723,-8.34376745207381,5.08700232629807));
#14114=CARTESIAN_POINT('',(-9.28423054417075,0.822371191230447,5.08700232629791));
#14115=CARTESIAN_POINT('',(-10.1812184212195,-12.1962352183452,5.08700232629809));
#14116=CARTESIAN_POINT('',(-10.1812077590926,-12.2041294626348,5.08700232629793));
#14117=CARTESIAN_POINT('',(-10.1811872475121,-12.2193162474649,5.08693854481534));
#14118=CARTESIAN_POINT('',(-9.95618745136822,-12.2190133675815,5.08700232629793));
#14119=CARTESIAN_POINT('',(-9.73118765804266,-12.2187084009982,5.08693684164215));
#14120=CARTESIAN_POINT('',(-9.73119750769364,-13.1726221468904,5.08700232629793));
#14121=CARTESIAN_POINT('',(-9.7311975075491,-12.211415930425,5.08700232629804));
#14122=CARTESIAN_POINT('',(-8.83529489239372,0.791439321524119,5.08700232629791));
#14123=CARTESIAN_POINT('',(-9.46467279649341,-8.34315817528527,5.08700232629807));
#14124=CARTESIAN_POINT('',(-8.83529489239372,0.791439321524119,5.08700232629791));
#14125=CARTESIAN_POINT('',(-8.84849975902205,0.599787945040886,5.08700232629792));
#14126=CARTESIAN_POINT('',(-8.84878054497001,0.80768200691336,5.08700232629791));
#14127=CARTESIAN_POINT('',(-8.84872478950313,0.766400630244961,5.08700232629792));
#14128=CARTESIAN_POINT('',(-8.77417201929113,0.76640063024496,5.08700232629794));
#14129=CARTESIAN_POINT('',(-8.77417201929113,0.76640063024496,5.08700232629794));
#14130=CARTESIAN_POINT('',(-8.77417201929113,0.76640063024496,5.08700232629794));
#14131=CARTESIAN_POINT('',(-9.67805203125568,-12.0726221468904,5.08700232629793));
#14132=CARTESIAN_POINT('',(-6.94417201929112,-12.0726221468904,5.08700232629793));
#14133=CARTESIAN_POINT('',(-6.94417201929112,-12.0726221468904,5.08700232629793));
#14134=CARTESIAN_POINT('',(-6.94417201929112,-12.8726221468904,5.08700232629793));
#14135=CARTESIAN_POINT('',(-6.94417201929112,2.42737785310961,5.08700232629794));
#14136=CARTESIAN_POINT('',(-13.5169567540455,2.42737785310961,5.08700232629793));
#14137=CARTESIAN_POINT('',(-6.94195675404552,2.42737785310961,5.08700232629793));
#14138=CARTESIAN_POINT('',(-6.94195675404552,-13.1726221468904,5.08700232629793));
#14139=CARTESIAN_POINT('',(-6.94195675404552,-13.1726221468904,5.08700232629793));
#14140=CARTESIAN_POINT('',(-20.0919567540455,-13.1726221468904,5.08700232629793));
#14141=CARTESIAN_POINT('',(-20.0919567540455,-13.1726221468904,5.08700232629793));
#14142=CARTESIAN_POINT('',(-20.0919567540455,-13.1726221468904,5.08700232629793));
#14143=CARTESIAN_POINT('',(-20.0919567540455,-12.0726221468904,5.08700232629793));
#14144=CARTESIAN_POINT('',(-6.94417201929112,-12.0726221468904,5.08700232629793));
#14145=CARTESIAN_POINT('',(-17.3645608573515,-12.0726221468904,5.08700232629793));
#14146=CARTESIAN_POINT('',(-18.2641720192911,-1.44262214689039,5.08700232629794));
#14147=CARTESIAN_POINT('',(-18.2599052909004,-1.49303873209064,5.08700232629794));
#14148=CARTESIAN_POINT('',(-17.9641720192911,-1.44262214689039,5.08700232629794));
#14149=CARTESIAN_POINT('',(-17.6641720192911,-1.44262214689039,5.08700232629794));
#14150=CARTESIAN_POINT('',(-17.6641720192911,-1.44262214689039,5.08700232629794));
#14151=CARTESIAN_POINT('',(-16.8616980646878,-12.0741861757568,5.08700232629793));
#14152=CARTESIAN_POINT('',(-16.3191720192911,-12.0741861757568,5.08700232629793));
#14153=CARTESIAN_POINT('',(-16.3345037744705,-12.0741861757568,5.08700232629793));
#14154=CARTESIAN_POINT('',(-16.3191720192911,-12.3726221468904,5.08700232629793));
#14155=CARTESIAN_POINT('',(-16.9941720192911,0.766400630244963,5.08700232629794));
#14156=CARTESIAN_POINT('',(-16.3941720192911,0.766400630244964,5.08700232629794));
#14157=CARTESIAN_POINT('',(-16.9180630599309,0.766400630244964,5.08700232629794));
#14158=CARTESIAN_POINT('',(-16.8713424421458,-13.1618189649567,5.08700232629793));
#14159=CARTESIAN_POINT('',(-16.9175096927924,0.601432370253309,5.08700232629793));
#14160=CARTESIAN_POINT('',(-16.2444324666691,-12.9819717807524,5.08700232629793));
#14161=CARTESIAN_POINT('',(-16.4743528239379,-8.34193789739798,5.08700232629793));
#14162=CARTESIAN_POINT('',(-16.2444324666691,-12.9819717807524,5.08700232629793));
#14163=CARTESIAN_POINT('',(-16.2739398458911,-12.3864819292853,5.08700232629793));
#14164=CARTESIAN_POINT('',(-16.271345817688,-13.1598063449824,5.08700232629793));
#14165=CARTESIAN_POINT('',(-16.2736413315588,-12.4754741851759,5.08700230227525));
#14166=CARTESIAN_POINT('',(-16.0486426890876,-12.4746921151893,5.08700232629793));
#14167=CARTESIAN_POINT('',(-15.8236441478916,-12.4738798533269,5.08700236772987));
#14168=CARTESIAN_POINT('',(-15.8213483493446,-13.1582968800017,5.08700232629793));
#14169=CARTESIAN_POINT('',(-15.8239772195972,-12.3745854501868,5.08700232629793));
#14170=CARTESIAN_POINT('',(-15.7949839040553,-12.9597009575886,5.08700232629793));
#14171=CARTESIAN_POINT('',(-16.0238755858893,-8.34042682308472,5.08700232629793));
#14172=CARTESIAN_POINT('',(-15.7949839040553,-12.9597009575886,5.08700232629793));
#14173=CARTESIAN_POINT('',(-16.4675470664985,0.613328849351824,5.08700232629793));
#14174=CARTESIAN_POINT('',(-16.4213449738024,-13.160309499976,5.08700232629793));
#14175=CARTESIAN_POINT('',(-16.4680605282601,0.766400630244964,5.08700232629794));
#14176=CARTESIAN_POINT('',(-16.3941720192911,0.766400630244964,5.08700232629794));
#14177=CARTESIAN_POINT('',(-16.3941720192911,0.766400630244964,5.08700232629794));
#14178=CARTESIAN_POINT('',(-16.3941720192911,0.766400630244964,5.08700232629794));
#14179=CARTESIAN_POINT('',(-15.8322324033328,-12.0741861757568,5.08700232629793));
#14180=CARTESIAN_POINT('',(-15.2991720192911,-12.0741861757568,5.08700232629793));
#14181=CARTESIAN_POINT('',(-15.310776497191,-12.0741861757568,5.08700232629793));
#14182=CARTESIAN_POINT('',(-15.2991720192911,-12.372626152046,5.08700232629793));
#14183=CARTESIAN_POINT('',(-15.7232662192564,-1.46591720102441,5.08700232629794));
#14184=CARTESIAN_POINT('',(-15.4241720192911,-1.44262214689039,5.08700232629794));
#14185=CARTESIAN_POINT('',(-15.1241720192911,-1.44262214689039,5.08700232629794));
#14186=CARTESIAN_POINT('',(-15.1241720192911,-1.44262214689039,5.08700232629794));
#14187=CARTESIAN_POINT('',(-14.8080925376761,-12.0726221468904,5.08700232629793));
#14188=CARTESIAN_POINT('',(-6.94417201929112,-12.0726221468904,5.08700232629793));
#14189=CARTESIAN_POINT('',(-14.283167802371,-12.0726221468904,5.08700232629793));
#14190=CARTESIAN_POINT('',(-14.4541720192911,0.76640063024496,5.08700232629794));
#14191=CARTESIAN_POINT('',(-14.4541720192911,0.76640063024496,5.08700232629794));
#14192=CARTESIAN_POINT('',(-13.8541720192911,0.76640063024496,5.08700232629794));
#14193=CARTESIAN_POINT('',(-14.3779903122465,0.76640063024496,5.08700232629794));
#14194=CARTESIAN_POINT('',(-14.3282361247836,-13.1520185688137,5.08700232629793));
#14195=CARTESIAN_POINT('',(-14.3774011160202,0.601576713162025,5.08700232629793));
#14196=CARTESIAN_POINT('',(-14.2426730605362,-13.1151676751171,5.08700232629793));
#14197=CARTESIAN_POINT('',(-14.2895459475316,-8.34316638247918,5.08700232629793));
#14198=CARTESIAN_POINT('',(-14.2426730605362,-13.1151676751171,5.08700232629793));
#14199=CARTESIAN_POINT('',(-14.2516184571359,-12.2044611478885,5.08700232629793));
#14200=CARTESIAN_POINT('',(-14.2482366359182,-13.1517325945584,5.08700232629793));
#14201=CARTESIAN_POINT('',(-14.2512939704112,-12.2964626107648,5.08700232629793));
#14202=CARTESIAN_POINT('',(-14.0262954079773,-12.2956583081717,5.08700232629793));
#14203=CARTESIAN_POINT('',(-13.8012968455433,-12.2948540055786,5.08700232629793));
#14204=CARTESIAN_POINT('',(-13.7982395110503,-13.1501239893721,5.08700232629793));
#14205=CARTESIAN_POINT('',(-13.8016401638154,-12.2000412451267,5.08700232629793));
#14206=CARTESIAN_POINT('',(-13.7926947672158,-13.1107477723552,5.08700232629793));
#14207=CARTESIAN_POINT('',(-13.8395400406055,-8.34155774589967,5.08700232629793));
#14208=CARTESIAN_POINT('',(-13.7926947672158,-13.1107477723552,5.08700232629793));
#14209=CARTESIAN_POINT('',(-13.9274017957724,0.603185339912378,5.08700232629793));
#14210=CARTESIAN_POINT('',(-13.8782389999157,-13.1504099636274,5.08700232629793));
#14211=CARTESIAN_POINT('',(-13.927987437096,0.76640063024496,5.08700232629794));
#14212=CARTESIAN_POINT('',(-13.8541720192911,0.76640063024496,5.08700232629794));
#14213=CARTESIAN_POINT('',(-13.8541720192911,0.76640063024496,5.08700232629794));
#14214=CARTESIAN_POINT('',(-13.8541720192911,0.76640063024496,5.08700232629794));
#14215=CARTESIAN_POINT('',(-13.7808755699873,-12.0741861757568,5.08700232629793));
#14216=CARTESIAN_POINT('',(-13.2591720192911,-12.0741861757568,5.08700232629793));
#14217=CARTESIAN_POINT('',(-13.25712417025,-12.0741861757568,5.08700232629793));
#14218=CARTESIAN_POINT('',(-13.2591720192911,-12.372626152046,5.08700232629793));
#14219=CARTESIAN_POINT('',(-13.1841720192911,-1.44262214689039,5.08700232629794));
#14220=CARTESIAN_POINT('',(-12.8841720192911,-1.44262214689039,5.08700232629794));
#14221=CARTESIAN_POINT('',(-12.5843126347583,-1.4518063456912,5.08700232629794));
#14222=CARTESIAN_POINT('',(-12.5841720192911,-1.44262214689039,5.08700232629794));
#14223=CARTESIAN_POINT('',(-12.7469235503497,-12.0726221468904,5.08700232629793));
#14224=CARTESIAN_POINT('',(-6.94417201929112,-12.0726221468904,5.08700232629793));
#14225=CARTESIAN_POINT('',(-12.2317513835378,-12.0726221468904,5.08700232629793));
#14226=CARTESIAN_POINT('',(-12.2391720192911,-12.372621838885,5.08700232629793));
#14227=CARTESIAN_POINT('',(-11.9141720192911,0.766400630244961,5.08700232629794));
#14228=CARTESIAN_POINT('',(-11.3141720192911,0.76640063024496,5.08700232629794));
#14229=CARTESIAN_POINT('',(-11.8395404635846,0.766400630244961,5.08700232629791));
#14230=CARTESIAN_POINT('',(-11.8394945861189,0.807628408109247,5.0870023262979));
#14231=CARTESIAN_POINT('',(-11.839713722282,0.610701727087243,5.08700232629791));
#14232=CARTESIAN_POINT('',(-11.8339414561004,0.813692870500893,5.0870023262979));
#14233=CARTESIAN_POINT('',(-12.0942958558468,-8.34209371914699,5.08700232629806));
#14234=CARTESIAN_POINT('',(-11.8339414561004,0.813692870500893,5.0870023262979));
#14235=CARTESIAN_POINT('',(-12.2039690694235,-12.1989008688139,5.08700232629803));
#14236=CARTESIAN_POINT('',(-12.2039716342672,-13.1726221468904,5.08700232629793));
#14237=CARTESIAN_POINT('',(-12.2039716342672,-12.2019740639371,5.08700232629793));
#14238=CARTESIAN_POINT('',(-12.2039716343215,-12.2019741127939,5.08700232629793));
#14239=CARTESIAN_POINT('',(-12.2039867868603,-12.215590939556,5.08695106555541));
#14240=CARTESIAN_POINT('',(-11.9789869269744,-12.2158420408548,5.08700232629793));
#14241=CARTESIAN_POINT('',(-13.107144476697,-1.72977244113261,5.08700232629794));
#14242=CARTESIAN_POINT('',(-13.1913692620428,-8.34228905530474,5.08700232629805));
#14243=CARTESIAN_POINT('',(-13.2410269048776,-12.2409275251758,5.08700232629803));
#14244=CARTESIAN_POINT('',(-13.2410283423812,-12.2422369326322,5.08700232629793));
#14245=CARTESIAN_POINT('',(-13.2410427294512,-12.2553419683906,5.08695485629581));
#14246=CARTESIAN_POINT('',(-13.0160428657484,-12.2555896256903,5.08700232629793));
#14247=CARTESIAN_POINT('',(-12.7910430006047,-12.2558359704789,5.08695429934204));
#14248=CARTESIAN_POINT('',(-12.7910300509621,-12.2440402726606,5.08700232629793));
#14249=CARTESIAN_POINT('',(-12.7910300509632,-12.2440402737134,5.08700232629808));
#14250=CARTESIAN_POINT('',(-12.6571809752756,-1.73550370526878,5.08700232629794));
#14251=CARTESIAN_POINT('',(-12.7413390533764,-8.34278311088896,5.08700232629793));
#14252=CARTESIAN_POINT('',(-12.6571809752756,-1.73550370526878,5.08700232629794));
#14253=CARTESIAN_POINT('',(-12.6597115275341,-1.9341782258803,5.08700232629793));
#14254=CARTESIAN_POINT('',(-12.6594905246912,-1.73286898319395,5.08700232629794));
#14255=CARTESIAN_POINT('',(-12.6594905246912,-1.73286898319395,5.08700232629794));
#14256=CARTESIAN_POINT('',(-12.6594905246912,-1.73286898319395,5.08700232629794));
#14257=CARTESIAN_POINT('',(-13.1094902535157,-1.73237496107133,5.08700232629793));
#14258=CARTESIAN_POINT('',(-13.1094902535157,-1.73237496107133,5.08700232629794));
#14259=CARTESIAN_POINT('',(-13.1097083814485,-1.93106547734011,5.08700232629793));
#14260=CARTESIAN_POINT('',(-13.107144476697,-1.72977244113261,5.08700232629794));
#14261=CARTESIAN_POINT('',(-17.0831826065811,-12.2667347291662,5.08700232629793));
#14262=CARTESIAN_POINT('',(-16.8581829515894,-12.2671287532641,5.08693223519698));
#14263=CARTESIAN_POINT('',(-17.3081822573467,-12.2663382989796,5.08693075690898));
#14264=CARTESIAN_POINT('',(-16.8584068477442,-12.3945998398545,5.08700232629812));
#14265=CARTESIAN_POINT('',(-16.8581378689669,-12.2414618056127,5.08700232629812));
#14266=CARTESIAN_POINT('',(-17.7578994100516,-1.71917877861642,5.08700232629794));
#14267=CARTESIAN_POINT('',(-17.1914110888345,-8.34399010379055,5.08700232629793));
#14268=CARTESIAN_POINT('',(-17.7578994100516,-1.71917877861642,5.08700232629794));
#14269=CARTESIAN_POINT('',(-17.7400245923479,-1.92821626504644,5.08700232629793));
#14270=CARTESIAN_POINT('',(-17.739690517308,-1.73801689171041,5.08700232629794));
#14271=CARTESIAN_POINT('',(-17.739690517308,-1.73801689171042,5.08700232629794));
#14272=CARTESIAN_POINT('',(-17.739690517308,-1.73801689171041,5.08700232629794));
#14273=CARTESIAN_POINT('',(-18.1896898231611,-1.73722649196618,5.08700232629793));
#14274=CARTESIAN_POINT('',(-18.1896898231611,-1.73722649196618,5.08700232629794));
#14275=CARTESIAN_POINT('',(-18.1900583256717,-1.94702650161065,5.08700232629793));
#14276=CARTESIAN_POINT('',(-18.2062631825328,-1.75751841250188,5.08700232629794));
#14277=CARTESIAN_POINT('',(-17.6431105350635,-8.3433206206407,5.08700232629805));
#14278=CARTESIAN_POINT('',(-18.2062631825328,-1.75751841250188,5.08700232629794));
#14279=CARTESIAN_POINT('',(-17.3081716022906,-12.2602720421771,5.08700232629798));
#14280=CARTESIAN_POINT('',(-17.3081716043905,-12.2602732376863,5.08700232629793));
#14281=CARTESIAN_POINT('',(-10.7208505113547,-13.1726221468904,5.08700232629793));
#14282=CARTESIAN_POINT('',(-10.720850511365,-12.2491052782567,5.08700232629803));
#14283=CARTESIAN_POINT('',(-10.720851782231,-12.2572873355745,5.08694090222562));
#14284=CARTESIAN_POINT('',(-10.1079796689395,-1.74606862150457,5.08700232629795));
#14285=CARTESIAN_POINT('',(-10.4928989395899,-8.34259912951762,5.08700232629793));
#14286=CARTESIAN_POINT('',(-10.1079796689395,-1.74606862150457,5.08700232629795));
#14287=CARTESIAN_POINT('',(-10.1192491459616,-1.93919859616235,5.08700232629793));
#14288=CARTESIAN_POINT('',(-10.1192170654648,-1.73265709090383,5.08700232629795));
#14289=CARTESIAN_POINT('',(-10.1192170654648,-1.73265709090384,5.08700232629793));
#14290=CARTESIAN_POINT('',(-10.1192170654648,-1.73265709090383,5.08700232629795));
#14291=CARTESIAN_POINT('',(-10.5692170600367,-1.73258719588027,5.08700232629794));
#14292=CARTESIAN_POINT('',(-10.5692170600367,-1.73258719588026,5.08700232629795));
#14293=CARTESIAN_POINT('',(-10.5692471084498,-1.92604568579673,5.08700232629793));
#14294=CARTESIAN_POINT('',(-10.5572155106189,-1.71985491229497,5.08700232629795));
#14295=CARTESIAN_POINT('',(-10.9436603123582,-8.34252911623505,5.08700232629793));
#14296=CARTESIAN_POINT('',(-10.5572155106189,-1.71985491229497,5.08700232629795));
#14297=CARTESIAN_POINT('',(-11.1708487278739,-12.2359523680676,5.08700232629803));
#14298=CARTESIAN_POINT('',(-11.1708494899053,-13.1726221468904,5.08700232629793));
#14299=CARTESIAN_POINT('',(-11.1708517768117,-12.2572174968694,5.08694238137824));
#14300=CARTESIAN_POINT('',(-10.9458517796685,-12.2572533636159,5.08700232629793));
#14301=CARTESIAN_POINT('',(-13.5169567540455,-13.1726221468904,-0.062997673702068));
#14302=CARTESIAN_POINT('',(-6.94195675404552,-13.1726221468904,3.48700232629793));
#14303=CARTESIAN_POINT('',(-19.4669567540455,-13.1726221468904,3.48700232629793));
#14304=CARTESIAN_POINT('',(-20.0919567540455,-13.1726221468904,3.48700232629793));
#14305=CARTESIAN_POINT('',(-20.0919567540455,-13.1726221468904,3.48700232629793));
#14306=CARTESIAN_POINT('',(-6.94195675404552,-13.1726221468904,5.08700232629793));
#14307=CARTESIAN_POINT('',(-6.94195675404552,-13.1726221468904,3.48700232629793));
#14308=CARTESIAN_POINT('',(-6.94195675404552,-13.1726221468904,3.48700232629793));
#14309=CARTESIAN_POINT('',(-7.56695675404552,-13.1726221468904,3.48700232629793));
#14310=CARTESIAN_POINT('',(-7.56695675404552,-13.1726221468904,3.68700232629793));
#14311=CARTESIAN_POINT('',(-7.56695675404552,-13.1726221468904,3.68700232629793));
#14312=CARTESIAN_POINT('',(-19.4669567540455,-13.1726221468904,3.68700232629793));
#14313=CARTESIAN_POINT('',(-19.4669567540455,-13.1726221468904,3.68700232629793));
#14314=CARTESIAN_POINT('',(-19.4669567540455,-13.1726221468904,-3.31299767370207));
#14315=CARTESIAN_POINT('',(-252.301820581978,-13.1726221468904,4.21708904487428));
#14316=CARTESIAN_POINT('',(-15.8213002963912,-13.172622291739,4.5870829505848));
#14317=CARTESIAN_POINT('',(-16.2713028282208,-13.172622244444,4.58988422419448));
#14318=CARTESIAN_POINT('',(-16.2713028285479,-13.1726221468904,-0.0629976737020703));
#14319=CARTESIAN_POINT('',(-16.2713028281144,-13.1726222761487,3.84418909663187));
#14320=CARTESIAN_POINT('',(-252.301820581978,-13.1726221468904,4.21708904487428));
#14321=CARTESIAN_POINT('',(-15.8213002963035,-13.1726223179007,3.8468832215604));
#14322=CARTESIAN_POINT('',(-15.8213002968771,-13.1726221468904,-0.0629976737020699));
#14323=CARTESIAN_POINT('',(-14.2769567540455,-5.57262214689039,0.187002326297933));
#14324=CARTESIAN_POINT('',(-14.2769567540455,-5.28044495556146,1.09275161941763));
#14325=CARTESIAN_POINT('',(-14.2769567540455,-2.4726221468904,0.187002326297933));
#14326=CARTESIAN_POINT('',(-14.2769567540455,-5.57262214689039,1.18700232629793));
#14327=CARTESIAN_POINT('',(-14.2769567540455,-2.4726221468904,0.187002326297933));
#14328=CARTESIAN_POINT('',(-14.2769567540455,-2.4726221468904,3.48700232629793));
#14329=CARTESIAN_POINT('',(-14.2769567540455,-5.57262214689039,3.48700232629793));
#14330=CARTESIAN_POINT('',(-14.2769567540455,-5.57262214689039,3.48700232629793));
#14331=CARTESIAN_POINT('',(-14.2769567540455,-5.57262214689039,0.187002326297933));
#14332=CARTESIAN_POINT('',(-14.2769567540455,-5.24747897544942,1.33172360055107));
#14333=CARTESIAN_POINT('',(-14.2769567540455,-5.11746123116551,1.29479375337263));
#14334=CARTESIAN_POINT('',(-14.2769567540455,-4.25091060661186,1.04866133265267));
#14335=CARTESIAN_POINT('',(-14.2769567540455,-5.11746123116729,0.187002326297202));
#14336=CARTESIAN_POINT('',(-14.2769567540452,-5.11746123131155,1.65863858213738));
#14337=CARTESIAN_POINT('',(-14.2769567540455,-5.15184874998974,1.66840590902515));
#14338=CARTESIAN_POINT('',(-14.2769567540455,-4.15527925037168,1.38534331994332));
#14339=CARTESIAN_POINT('',(-14.2769567540455,-4.57605857341118,-0.096062196631574));
#14340=CARTESIAN_POINT('',(-13.5169567540455,-6.62262214689039,-4.81299767370207));
#14341=CARTESIAN_POINT('',(-6.94417201929112,-2.27262214689039,-4.81299767370207));
#14342=CARTESIAN_POINT('',(-6.94417201929112,-2.27262214689039,-4.81299767370207));
#14343=CARTESIAN_POINT('',(-6.94417201929112,2.42737785310961,-4.81299767370207));
#14344=CARTESIAN_POINT('',(-20.0941720192911,-2.27262214689039,-4.81299767370207));
#14345=CARTESIAN_POINT('',(-9.94507454626781,-2.27262214689039,-4.81299767370207));
#14346=CARTESIAN_POINT('',(-9.94507454626781,2.42737785310961,-4.81299767370207));
#14347=CARTESIAN_POINT('',(-9.94507454626781,-2.37262214689039,-4.81299767370207));
#14348=CARTESIAN_POINT('',(-9.94507454626781,-2.37262214689039,-4.81299767370207));
#14349=CARTESIAN_POINT('',(-10.7432694923146,-2.37262214689039,-4.81299767370207));
#14350=CARTESIAN_POINT('',(-10.7432694923146,-2.37262214689039,-4.81299767370207));
#14351=CARTESIAN_POINT('',(-10.7432694923146,-2.27262214689039,-4.81299767370207));
#14352=CARTESIAN_POINT('',(-20.0941720192911,-2.27262214689039,-4.81299767370207));
#14353=CARTESIAN_POINT('',(-12.4850745462678,-2.27262214689039,-4.81299767370207));
#14354=CARTESIAN_POINT('',(-12.4850745462678,2.42737785310961,-4.81299767370207));
#14355=CARTESIAN_POINT('',(-12.4850745462678,-2.37262214689039,-4.81299767370207));
#14356=CARTESIAN_POINT('',(-12.4850745462678,-2.37262214689039,-4.81299767370207));
#14357=CARTESIAN_POINT('',(-13.2832694923146,-2.37262214689039,-4.81299767370207));
#14358=CARTESIAN_POINT('',(-13.2832694923146,-2.37262214689039,-4.81299767370207));
#14359=CARTESIAN_POINT('',(-13.2832694923146,-2.27262214689039,-4.81299767370207));
#14360=CARTESIAN_POINT('',(-20.0941720192911,-2.27262214689039,-4.81299767370207));
#14361=CARTESIAN_POINT('',(-15.0250745462678,-2.27262214689039,-4.81299767370207));
#14362=CARTESIAN_POINT('',(-15.0250745462678,2.42737785310961,-4.81299767370207));
#14363=CARTESIAN_POINT('',(-15.0250745462678,-2.37262214689039,-4.81299767370207));
#14364=CARTESIAN_POINT('',(-15.0250745462678,-2.37262214689039,-4.81299767370207));
#14365=CARTESIAN_POINT('',(-15.8232694923146,-2.37262214689039,-4.81299767370207));
#14366=CARTESIAN_POINT('',(-15.8232694923146,-2.37262214689039,-4.81299767370207));
#14367=CARTESIAN_POINT('',(-15.8232694923146,-2.27262214689039,-4.81299767370207));
#14368=CARTESIAN_POINT('',(-20.0941720192911,-2.27262214689039,-4.81299767370207));
#14369=CARTESIAN_POINT('',(-17.5650745462678,-2.27262214689039,-4.81299767370207));
#14370=CARTESIAN_POINT('',(-17.5650745462678,2.42737785310961,-4.81299767370207));
#14371=CARTESIAN_POINT('',(-17.5650745462678,-2.37262214689039,-4.81299767370207));
#14372=CARTESIAN_POINT('',(-17.5650745462678,-2.37262214689039,-4.81299767370207));
#14373=CARTESIAN_POINT('',(-18.3632694923146,-2.37262214689039,-4.81299767370207));
#14374=CARTESIAN_POINT('',(-18.3632694923146,-2.37262214689039,-4.81299767370207));
#14375=CARTESIAN_POINT('',(-18.3632694923146,-2.27262214689039,-4.81299767370207));
#14376=CARTESIAN_POINT('',(-20.0941720192911,-2.27262214689039,-4.81299767370207));
#14377=CARTESIAN_POINT('',(-20.0919567540455,-2.27262214689039,-4.81299767370207));
#14378=CARTESIAN_POINT('',(-20.0919567540455,-2.4726221468904,-4.81299767370207));
#14379=CARTESIAN_POINT('',(-20.0919567540455,-2.4726221468904,-4.81299767370207));
#14380=CARTESIAN_POINT('',(-6.94195675404552,-2.47262214689039,-4.81299767370207));
#14381=CARTESIAN_POINT('',(-6.94195675404552,-2.47262214689039,-4.81299767370207));
#14382=CARTESIAN_POINT('',(-6.94195675404552,2.42737785310961,-4.81299767370207));
#14383=CARTESIAN_POINT('',(-6.94195675404552,2.42737785310961,-4.81299767370207));
#14384=CARTESIAN_POINT('',(-20.0919567540455,2.42737785310961,-4.81299767370207));
#14385=CARTESIAN_POINT('',(-18.5132694923146,2.42737785310961,-0.062997673702068));
#14386=CARTESIAN_POINT('',(-18.5132694923146,2.42737785310961,-4.81299767370207));
#14387=CARTESIAN_POINT('',(-18.3632694923146,2.27737785310961,-4.81299767370207));
#14388=CARTESIAN_POINT('',(-18.5132694923146,2.42737785310961,-4.81299767370207));
#14389=CARTESIAN_POINT('',(-18.3632694923146,2.27737785310961,-4.81299767370207));
#14390=CARTESIAN_POINT('',(-18.3632694923146,2.27737785310961,-5.81299767370207));
#14391=CARTESIAN_POINT('',(-3.19011312318013,-12.895778516025,-5.81299767370207));
#14392=CARTESIAN_POINT('',(-18.5132694923146,2.42737785310961,-5.81299767370207));
#14393=CARTESIAN_POINT('',(-18.5132694923146,2.42737785310961,-5.81299767370207));
#14394=CARTESIAN_POINT('',(-17.5650745462678,2.27737785310961,-4.81299767370207));
#14395=CARTESIAN_POINT('',(-17.5650745462678,2.27737785310961,-4.81299767370207));
#14396=CARTESIAN_POINT('',(-17.4150745462678,2.42737785310961,-4.81299767370207));
#14397=CARTESIAN_POINT('',(-17.5650745462678,2.27737785310961,-4.81299767370207));
#14398=CARTESIAN_POINT('',(-17.4150745462678,2.42737785310961,-4.81299767370207));
#14399=CARTESIAN_POINT('',(-17.4150745462678,2.42737785310961,-5.81299767370207));
#14400=CARTESIAN_POINT('',(-20.7410156501567,-0.898563250779303,-5.81299767370207));
#14401=CARTESIAN_POINT('',(-17.5650745462678,2.27737785310961,-5.81299767370207));
#14402=CARTESIAN_POINT('',(-17.5650745462678,2.27737785310961,-5.81299767370207));
#14403=CARTESIAN_POINT('',(-17.2395260241005,2.42737785310961,-0.062997673702068));
#14404=CARTESIAN_POINT('',(-17.2395260241005,2.42737785310961,-4.81299767370207));
#14405=CARTESIAN_POINT('',(-17.2395260241005,2.42737785310961,-4.81299767370207));
#14406=CARTESIAN_POINT('',(-17.0895260241005,2.27737785310961,-4.81299767370207));
#14407=CARTESIAN_POINT('',(-17.0895260241005,2.27737785310961,-4.81299767370207));
#14408=CARTESIAN_POINT('',(-17.0895260241005,2.27737785310961,-5.81299767370207));
#14409=CARTESIAN_POINT('',(-2.55324138907302,-12.258906781918,-5.81299767370207));
#14410=CARTESIAN_POINT('',(-17.2395260241005,2.42737785310961,-5.81299767370207));
#14411=CARTESIAN_POINT('',(-17.2395260241005,2.42737785310961,-0.062997673702068));
#14412=CARTESIAN_POINT('',(-16.2895260241005,2.27737785310961,-4.81299767370207));
#14413=CARTESIAN_POINT('',(-16.2895260241005,2.27737785310961,-4.81299767370207));
#14414=CARTESIAN_POINT('',(-16.2895260241005,2.27737785310961,-4.81299767370207));
#14415=CARTESIAN_POINT('',(-16.1395260241005,2.42737785310961,-4.81299767370207));
#14416=CARTESIAN_POINT('',(-16.1395260241005,2.42737785310961,-0.062997673702068));
#14417=CARTESIAN_POINT('',(-16.1395260241005,2.42737785310961,-5.81299767370207));
#14418=CARTESIAN_POINT('',(-20.1032413890731,-1.53633751186293,-5.81299767370207));
#14419=CARTESIAN_POINT('',(-16.2895260241005,2.27737785310961,-5.81299767370207));
#14420=CARTESIAN_POINT('',(-16.2895260241005,2.27737785310961,-4.81299767370207));
#14421=CARTESIAN_POINT('',(-15.9732694923146,2.42737785310961,-0.062997673702068));
#14422=CARTESIAN_POINT('',(-15.9732694923146,2.42737785310961,-4.81299767370207));
#14423=CARTESIAN_POINT('',(-15.8232694923146,2.27737785310961,-4.81299767370207));
#14424=CARTESIAN_POINT('',(-15.9732694923146,2.42737785310961,-4.81299767370207));
#14425=CARTESIAN_POINT('',(-15.8232694923146,2.27737785310961,-4.81299767370207));
#14426=CARTESIAN_POINT('',(-15.8232694923146,2.27737785310961,-5.81299767370207));
#14427=CARTESIAN_POINT('',(-1.92011312318012,-11.625778516025,-5.81299767370207));
#14428=CARTESIAN_POINT('',(-15.9732694923146,2.42737785310961,-5.81299767370207));
#14429=CARTESIAN_POINT('',(-15.9732694923146,2.42737785310961,-5.81299767370207));
#14430=CARTESIAN_POINT('',(-15.0250745462678,2.27737785310961,-4.81299767370207));
#14431=CARTESIAN_POINT('',(-15.0250745462678,2.27737785310961,-4.81299767370207));
#14432=CARTESIAN_POINT('',(-14.8750745462678,2.42737785310961,-4.81299767370207));
#14433=CARTESIAN_POINT('',(-15.0250745462678,2.27737785310961,-4.81299767370207));
#14434=CARTESIAN_POINT('',(-14.8750745462678,2.42737785310961,-4.81299767370207));
#14435=CARTESIAN_POINT('',(-14.8750745462678,2.42737785310961,-5.81299767370207));
#14436=CARTESIAN_POINT('',(-19.4710156501567,-2.1685632507793,-5.81299767370207));
#14437=CARTESIAN_POINT('',(-15.0250745462678,2.27737785310961,-5.81299767370207));
#14438=CARTESIAN_POINT('',(-15.0250745462678,2.27737785310961,-5.81299767370207));
#14439=CARTESIAN_POINT('',(-14.6995260241005,2.42737785310961,-0.062997673702068));
#14440=CARTESIAN_POINT('',(-14.6995260241005,2.42737785310961,-4.81299767370207));
#14441=CARTESIAN_POINT('',(-14.6995260241005,2.42737785310961,-4.81299767370207));
#14442=CARTESIAN_POINT('',(-14.5495260241005,2.27737785310961,-4.81299767370207));
#14443=CARTESIAN_POINT('',(-14.5495260241005,2.27737785310961,-4.81299767370207));
#14444=CARTESIAN_POINT('',(-14.5495260241005,2.27737785310961,-5.81299767370207));
#14445=CARTESIAN_POINT('',(-1.28324138907302,-10.988906781918,-5.81299767370207));
#14446=CARTESIAN_POINT('',(-14.6995260241005,2.42737785310961,-5.81299767370207));
#14447=CARTESIAN_POINT('',(-14.6995260241005,2.42737785310961,-0.062997673702068));
#14448=CARTESIAN_POINT('',(-13.7495260241005,2.27737785310961,-4.81299767370207));
#14449=CARTESIAN_POINT('',(-13.7495260241005,2.27737785310961,-4.81299767370207));
#14450=CARTESIAN_POINT('',(-13.7495260241005,2.27737785310961,-4.81299767370207));
#14451=CARTESIAN_POINT('',(-13.5995260241005,2.42737785310961,-4.81299767370207));
#14452=CARTESIAN_POINT('',(-13.5995260241005,2.42737785310961,-0.062997673702068));
#14453=CARTESIAN_POINT('',(-13.5995260241005,2.42737785310961,-5.81299767370207));
#14454=CARTESIAN_POINT('',(-18.8332413890731,-2.80633751186293,-5.81299767370207));
#14455=CARTESIAN_POINT('',(-13.7495260241005,2.27737785310961,-5.81299767370207));
#14456=CARTESIAN_POINT('',(-13.7495260241005,2.27737785310961,-4.81299767370207));
#14457=CARTESIAN_POINT('',(-13.4332694923146,2.42737785310961,-0.062997673702068));
#14458=CARTESIAN_POINT('',(-13.4332694923146,2.42737785310961,-4.81299767370207));
#14459=CARTESIAN_POINT('',(-13.2832694923146,2.27737785310961,-4.81299767370207));
#14460=CARTESIAN_POINT('',(-13.4332694923146,2.42737785310961,-4.81299767370207));
#14461=CARTESIAN_POINT('',(-13.2832694923146,2.27737785310961,-4.81299767370207));
#14462=CARTESIAN_POINT('',(-13.2832694923146,2.27737785310961,-5.81299767370207));
#14463=CARTESIAN_POINT('',(-0.650113123180024,-10.355778516025,-5.81299767370207));
#14464=CARTESIAN_POINT('',(-13.4332694923146,2.42737785310961,-5.81299767370207));
#14465=CARTESIAN_POINT('',(-13.4332694923146,2.42737785310961,-5.81299767370207));
#14466=CARTESIAN_POINT('',(-12.4850745462678,2.27737785310961,-4.81299767370207));
#14467=CARTESIAN_POINT('',(-12.4850745462678,2.27737785310961,-4.81299767370207));
#14468=CARTESIAN_POINT('',(-12.3350745462678,2.42737785310961,-4.81299767370207));
#14469=CARTESIAN_POINT('',(-12.4850745462678,2.27737785310961,-4.81299767370207));
#14470=CARTESIAN_POINT('',(-12.3350745462678,2.42737785310961,-4.81299767370207));
#14471=CARTESIAN_POINT('',(-12.3350745462678,2.42737785310961,-5.81299767370207));
#14472=CARTESIAN_POINT('',(-18.2010156501567,-3.4385632507793,-5.81299767370207));
#14473=CARTESIAN_POINT('',(-12.4850745462678,2.27737785310961,-5.81299767370207));
#14474=CARTESIAN_POINT('',(-12.4850745462678,2.27737785310961,-5.81299767370207));
#14475=CARTESIAN_POINT('',(-12.1595260241005,2.42737785310961,-0.062997673702068));
#14476=CARTESIAN_POINT('',(-12.1595260241005,2.42737785310961,-4.81299767370207));
#14477=CARTESIAN_POINT('',(-12.1595260241005,2.42737785310961,-4.81299767370207));
#14478=CARTESIAN_POINT('',(-12.0095260241005,2.27737785310961,-4.81299767370207));
#14479=CARTESIAN_POINT('',(-12.0095260241005,2.27737785310961,-4.81299767370207));
#14480=CARTESIAN_POINT('',(-12.0095260241005,2.27737785310961,-5.81299767370207));
#14481=CARTESIAN_POINT('',(-0.0132413890730244,-9.71890678191795,-5.81299767370207));
#14482=CARTESIAN_POINT('',(-12.1595260241005,2.42737785310961,-5.81299767370207));
#14483=CARTESIAN_POINT('',(-12.1595260241005,2.42737785310961,-0.062997673702068));
#14484=CARTESIAN_POINT('',(-11.2095260241005,2.27737785310961,-4.81299767370207));
#14485=CARTESIAN_POINT('',(-11.2095260241005,2.27737785310961,-4.81299767370207));
#14486=CARTESIAN_POINT('',(-11.2095260241005,2.27737785310961,-4.81299767370207));
#14487=CARTESIAN_POINT('',(-11.0595260241005,2.42737785310961,-4.81299767370207));
#14488=CARTESIAN_POINT('',(-11.0595260241005,2.42737785310961,-0.062997673702068));
#14489=CARTESIAN_POINT('',(-11.0595260241005,2.42737785310961,-5.81299767370207));
#14490=CARTESIAN_POINT('',(-17.563241389073,-4.07633751186293,-5.81299767370207));
#14491=CARTESIAN_POINT('',(-11.2095260241005,2.27737785310961,-5.81299767370207));
#14492=CARTESIAN_POINT('',(-11.2095260241005,2.27737785310961,-4.81299767370207));
#14493=CARTESIAN_POINT('',(-10.8932694923146,2.42737785310961,-0.062997673702068));
#14494=CARTESIAN_POINT('',(-10.8932694923146,2.42737785310961,-4.81299767370207));
#14495=CARTESIAN_POINT('',(-10.7432694923146,2.27737785310961,-4.81299767370207));
#14496=CARTESIAN_POINT('',(-10.8932694923146,2.42737785310961,-4.81299767370207));
#14497=CARTESIAN_POINT('',(-10.7432694923146,2.27737785310961,-4.81299767370207));
#14498=CARTESIAN_POINT('',(-10.7432694923146,2.27737785310961,-5.81299767370207));
#14499=CARTESIAN_POINT('',(0.619886876819974,-9.08577851602497,-5.81299767370207));
#14500=CARTESIAN_POINT('',(-10.8932694923146,2.42737785310961,-5.81299767370207));
#14501=CARTESIAN_POINT('',(-10.8932694923146,2.42737785310961,-5.81299767370207));
#14502=CARTESIAN_POINT('',(-9.94507454626781,2.27737785310961,-4.81299767370207));
#14503=CARTESIAN_POINT('',(-9.94507454626781,2.27737785310961,-4.81299767370207));
#14504=CARTESIAN_POINT('',(-9.79507454626781,2.42737785310961,-4.81299767370207));
#14505=CARTESIAN_POINT('',(-9.94507454626781,2.27737785310961,-4.81299767370207));
#14506=CARTESIAN_POINT('',(-9.79507454626781,2.42737785310961,-4.81299767370207));
#14507=CARTESIAN_POINT('',(-9.79507454626781,2.42737785310961,-5.81299767370207));
#14508=CARTESIAN_POINT('',(-16.9310156501567,-4.7085632507793,-5.81299767370207));
#14509=CARTESIAN_POINT('',(-9.94507454626781,2.27737785310961,-5.81299767370207));
#14510=CARTESIAN_POINT('',(-9.94507454626781,2.27737785310961,-5.81299767370207));
#14511=CARTESIAN_POINT('',(-9.62417201929119,2.42737785310961,-0.062997673702068));
#14512=CARTESIAN_POINT('',(-9.62417201929119,2.42737785310961,-4.81299767370207));
#14513=CARTESIAN_POINT('',(-9.47417201929119,2.27737785310961,-4.81299767370207));
#14514=CARTESIAN_POINT('',(-9.62417201929119,2.42737785310961,-4.81299767370207));
#14515=CARTESIAN_POINT('',(-9.47417201929119,2.27737785310961,-4.81299767370207));
#14516=CARTESIAN_POINT('',(-9.47417201929119,2.27737785310961,-5.81299767370207));
#14517=CARTESIAN_POINT('',(1.25443561333168,-8.45122977951328,-5.81299767370207));
#14518=CARTESIAN_POINT('',(-9.62417201929119,2.42737785310961,-5.81299767370207));
#14519=CARTESIAN_POINT('',(-9.62417201929119,2.42737785310961,-5.81299767370207));
#14520=CARTESIAN_POINT('',(-8.67417201929119,2.27737785310961,-4.81299767370207));
#14521=CARTESIAN_POINT('',(-8.67417201929119,2.27737785310961,-4.81299767370207));
#14522=CARTESIAN_POINT('',(-8.52417201929119,2.42737785310961,-4.81299767370207));
#14523=CARTESIAN_POINT('',(-8.67417201929119,2.27737785310961,-4.81299767370207));
#14524=CARTESIAN_POINT('',(-8.52417201929119,2.42737785310961,-4.81299767370207));
#14525=CARTESIAN_POINT('',(-8.52417201929119,2.42737785310961,-5.81299767370207));
#14526=CARTESIAN_POINT('',(-16.2955643866684,-5.34401451426761,-5.81299767370207));
#14527=CARTESIAN_POINT('',(-8.67417201929119,2.27737785310961,-5.81299767370207));
#14528=CARTESIAN_POINT('',(-8.67417201929119,2.27737785310961,-5.81299767370207));
#14529=CARTESIAN_POINT('',(-13.5169567540455,-4.07262214689039,-0.062997673702068));
#14530=CARTESIAN_POINT('',(-10.3669567540455,-4.07262214689039,-4.11299767370207));
#14531=CARTESIAN_POINT('',(-10.3669567540455,-4.07262214689039,-4.11299767370207));
#14532=CARTESIAN_POINT('',(-16.6669567540455,-4.07262214689039,-4.11299767370207));
#14533=CARTESIAN_POINT('',(-10.3669567540455,-4.07262214689039,-0.612997673702068));
#14534=CARTESIAN_POINT('',(-10.3669567540455,-4.07262214689039,-0.612997673702068));
#14535=CARTESIAN_POINT('',(-16.6669567540455,-4.07262214689039,-0.612997673702068));
#14536=CARTESIAN_POINT('',(-16.6669567540455,-4.07262214689039,-0.612997673702068));
#14537=CARTESIAN_POINT('',(-16.6669567540455,-4.07262214689039,-4.11299767370207));
#14538=CARTESIAN_POINT('',(-16.6669567540455,-4.07262214689039,-0.612997673702068));
#14539=CARTESIAN_POINT('',(-16.6669567540455,-5.57262214689039,-0.612997673702068));
#14540=CARTESIAN_POINT('',(-16.6669567540455,-5.57262214689039,-0.612997673702068));
#14541=CARTESIAN_POINT('',(-10.3669567540455,-5.57262214689039,-0.612997673702068));
#14542=CARTESIAN_POINT('',(-16.6669567540455,-4.07262214689039,-0.612997673702068));
#14543=CARTESIAN_POINT('',(-10.3669567540455,-4.07262214689039,-0.612997673702068));
#14544=CARTESIAN_POINT('',(-9.47417201929119,0.427377853109607,-4.81299767370207));
#14545=CARTESIAN_POINT('',(-9.47417201929119,0.427377853109607,-5.81299767370207));
#14546=CARTESIAN_POINT('',(-9.47417201929119,0.427377853109607,-5.81299767370207));
#14547=CARTESIAN_POINT('',(-9.47417201929119,0.427377853109607,-4.81299767370207));
#14548=CARTESIAN_POINT('',(-9.47417201929119,0.427377853109607,-4.81299767370207));
#14549=CARTESIAN_POINT('',(-9.47417201929119,0.427377853109607,-4.81299767370207));
#14550=CARTESIAN_POINT('',(-8.67417201929119,0.427377853109607,-4.81299767370207));
#14551=CARTESIAN_POINT('',(-8.67417201929119,0.427377853109607,-5.81299767370207));
#14552=CARTESIAN_POINT('',(-8.67417201929119,0.427377853109607,-5.81299767370207));
#14553=CARTESIAN_POINT('',(-8.67417201929119,0.427377853109607,-4.81299767370207));
#14554=CARTESIAN_POINT('',(-8.67417201929119,0.427377853109607,-4.81299767370207));
#14555=CARTESIAN_POINT('',(-8.67417201929119,0.427377853109607,-4.81299767370207));
#14556=CARTESIAN_POINT('',(-8.67417201929119,2.42737785310961,-4.81299767370207));
#14557=CARTESIAN_POINT('',(-8.67417201929119,2.42737785310961,-4.81299767370207));
#14558=CARTESIAN_POINT('',(-8.67417201929119,2.42737785310961,-5.81299767370207));
#14559=CARTESIAN_POINT('',(-12.0095260241005,0.427377853109607,-4.81299767370207));
#14560=CARTESIAN_POINT('',(-12.0095260241005,0.427377853109607,-5.81299767370207));
#14561=CARTESIAN_POINT('',(-12.0095260241005,0.427377853109607,-5.81299767370207));
#14562=CARTESIAN_POINT('',(-11.2095260241005,0.427377853109607,-5.81299767370207));
#14563=CARTESIAN_POINT('',(-12.0095260241005,0.427377853109607,-4.81299767370207));
#14564=CARTESIAN_POINT('',(-12.0095260241005,0.427377853109607,-4.81299767370207));
#14565=CARTESIAN_POINT('',(-12.0095260241005,0.427377853109607,-4.81299767370207));
#14566=CARTESIAN_POINT('',(-11.2095260241005,0.427377853109607,-4.81299767370207));
#14567=CARTESIAN_POINT('',(-11.2095260241005,0.427377853109607,-4.81299767370207));
#14568=CARTESIAN_POINT('',(-12.0095260241005,2.42737785310961,-4.81299767370207));
#14569=CARTESIAN_POINT('',(-12.0095260241005,2.42737785310961,-5.81299767370207));
#14570=CARTESIAN_POINT('',(-12.0095260241005,2.42737785310961,-4.81299767370207));
#14571=CARTESIAN_POINT('',(-11.2095260241005,0.427377853109607,-4.81299767370207));
#14572=CARTESIAN_POINT('',(-11.2095260241005,0.427377853109607,-4.81299767370207));
#14573=CARTESIAN_POINT('',(-11.2095260241005,0.427377853109607,-5.81299767370207));
#14574=CARTESIAN_POINT('',(-14.5495260241005,0.427377853109607,-4.81299767370207));
#14575=CARTESIAN_POINT('',(-14.5495260241005,0.427377853109607,-5.81299767370207));
#14576=CARTESIAN_POINT('',(-14.5495260241005,0.427377853109607,-5.81299767370207));
#14577=CARTESIAN_POINT('',(-13.7495260241005,0.427377853109607,-5.81299767370207));
#14578=CARTESIAN_POINT('',(-14.5495260241005,0.427377853109607,-4.81299767370207));
#14579=CARTESIAN_POINT('',(-14.5495260241005,0.427377853109607,-4.81299767370207));
#14580=CARTESIAN_POINT('',(-14.5495260241005,0.427377853109607,-4.81299767370207));
#14581=CARTESIAN_POINT('',(-13.7495260241005,0.427377853109607,-4.81299767370207));
#14582=CARTESIAN_POINT('',(-13.7495260241005,0.427377853109607,-4.81299767370207));
#14583=CARTESIAN_POINT('',(-14.5495260241005,2.42737785310961,-4.81299767370207));
#14584=CARTESIAN_POINT('',(-14.5495260241005,2.42737785310961,-5.81299767370207));
#14585=CARTESIAN_POINT('',(-14.5495260241005,2.42737785310961,-4.81299767370207));
#14586=CARTESIAN_POINT('',(-13.7495260241005,0.427377853109607,-4.81299767370207));
#14587=CARTESIAN_POINT('',(-13.7495260241005,0.427377853109607,-4.81299767370207));
#14588=CARTESIAN_POINT('',(-13.7495260241005,0.427377853109607,-5.81299767370207));
#14589=CARTESIAN_POINT('',(-17.0895260241005,0.427377853109607,-4.81299767370207));
#14590=CARTESIAN_POINT('',(-17.0895260241005,0.427377853109607,-5.81299767370207));
#14591=CARTESIAN_POINT('',(-17.0895260241005,0.427377853109607,-5.81299767370207));
#14592=CARTESIAN_POINT('',(-16.2895260241005,0.427377853109607,-5.81299767370207));
#14593=CARTESIAN_POINT('',(-17.0895260241005,0.427377853109607,-4.81299767370207));
#14594=CARTESIAN_POINT('',(-17.0895260241005,0.427377853109607,-4.81299767370207));
#14595=CARTESIAN_POINT('',(-17.0895260241005,0.427377853109607,-4.81299767370207));
#14596=CARTESIAN_POINT('',(-16.2895260241005,0.427377853109607,-4.81299767370207));
#14597=CARTESIAN_POINT('',(-16.2895260241005,0.427377853109607,-4.81299767370207));
#14598=CARTESIAN_POINT('',(-17.0895260241005,2.42737785310961,-4.81299767370207));
#14599=CARTESIAN_POINT('',(-17.0895260241005,2.42737785310961,-5.81299767370207));
#14600=CARTESIAN_POINT('',(-17.0895260241005,2.42737785310961,-4.81299767370207));
#14601=CARTESIAN_POINT('',(-16.2895260241005,0.427377853109607,-4.81299767370207));
#14602=CARTESIAN_POINT('',(-16.2895260241005,0.427377853109607,-4.81299767370207));
#14603=CARTESIAN_POINT('',(-16.2895260241005,0.427377853109607,-5.81299767370207));
#14604=CARTESIAN_POINT('',(-18.3632694923146,-2.37262214689039,-4.81299767370207));
#14605=CARTESIAN_POINT('',(-18.3632694923146,-2.37262214689039,-5.81299767370207));
#14606=CARTESIAN_POINT('',(-18.3632694923146,-2.37262214689039,-5.81299767370207));
#14607=CARTESIAN_POINT('',(-18.3632694923146,-2.37262214689039,-4.81299767370207));
#14608=CARTESIAN_POINT('',(-18.3632694923146,-2.37262214689039,-4.81299767370207));
#14609=CARTESIAN_POINT('',(-17.5650745462678,-2.37262214689039,-4.81299767370207));
#14610=CARTESIAN_POINT('',(-17.5650745462678,-2.37262214689039,-5.81299767370207));
#14611=CARTESIAN_POINT('',(-17.5650745462678,-2.37262214689039,-5.81299767370207));
#14612=CARTESIAN_POINT('',(-17.5650745462678,-2.37262214689039,-4.81299767370207));
#14613=CARTESIAN_POINT('',(-17.5650745462678,2.42737785310961,-4.81299767370207));
#14614=CARTESIAN_POINT('',(-17.5650745462678,2.42737785310961,-4.81299767370207));
#14615=CARTESIAN_POINT('',(-17.5650745462678,2.42737785310961,-5.81299767370207));
#14616=CARTESIAN_POINT('',(-15.8232694923146,-2.37262214689039,-4.81299767370207));
#14617=CARTESIAN_POINT('',(-15.8232694923146,-2.37262214689039,-5.81299767370207));
#14618=CARTESIAN_POINT('',(-15.8232694923146,-2.37262214689039,-5.81299767370207));
#14619=CARTESIAN_POINT('',(-15.8232694923146,-2.37262214689039,-4.81299767370207));
#14620=CARTESIAN_POINT('',(-15.8232694923146,-2.37262214689039,-4.81299767370207));
#14621=CARTESIAN_POINT('',(-15.0250745462678,-2.37262214689039,-4.81299767370207));
#14622=CARTESIAN_POINT('',(-15.0250745462678,-2.37262214689039,-5.81299767370207));
#14623=CARTESIAN_POINT('',(-15.0250745462678,-2.37262214689039,-5.81299767370207));
#14624=CARTESIAN_POINT('',(-15.0250745462678,-2.37262214689039,-4.81299767370207));
#14625=CARTESIAN_POINT('',(-15.0250745462678,2.42737785310961,-4.81299767370207));
#14626=CARTESIAN_POINT('',(-15.0250745462678,2.42737785310961,-4.81299767370207));
#14627=CARTESIAN_POINT('',(-15.0250745462678,2.42737785310961,-5.81299767370207));
#14628=CARTESIAN_POINT('',(-13.2832694923146,-2.37262214689039,-4.81299767370207));
#14629=CARTESIAN_POINT('',(-13.2832694923146,-2.37262214689039,-5.81299767370207));
#14630=CARTESIAN_POINT('',(-13.2832694923146,-2.37262214689039,-5.81299767370207));
#14631=CARTESIAN_POINT('',(-13.2832694923146,-2.37262214689039,-4.81299767370207));
#14632=CARTESIAN_POINT('',(-13.2832694923146,-2.37262214689039,-4.81299767370207));
#14633=CARTESIAN_POINT('',(-12.4850745462678,-2.37262214689039,-4.81299767370207));
#14634=CARTESIAN_POINT('',(-12.4850745462678,-2.37262214689039,-5.81299767370207));
#14635=CARTESIAN_POINT('',(-12.4850745462678,-2.37262214689039,-5.81299767370207));
#14636=CARTESIAN_POINT('',(-12.4850745462678,-2.37262214689039,-4.81299767370207));
#14637=CARTESIAN_POINT('',(-12.4850745462678,2.42737785310961,-4.81299767370207));
#14638=CARTESIAN_POINT('',(-12.4850745462678,2.42737785310961,-4.81299767370207));
#14639=CARTESIAN_POINT('',(-12.4850745462678,2.42737785310961,-5.81299767370207));
#14640=CARTESIAN_POINT('',(-10.7432694923146,-2.37262214689039,-4.81299767370207));
#14641=CARTESIAN_POINT('',(-10.7432694923146,-2.37262214689039,-5.81299767370207));
#14642=CARTESIAN_POINT('',(-10.7432694923146,-2.37262214689039,-5.81299767370207));
#14643=CARTESIAN_POINT('',(-10.7432694923146,-2.37262214689039,-4.81299767370207));
#14644=CARTESIAN_POINT('',(-10.7432694923146,-2.37262214689039,-4.81299767370207));
#14645=CARTESIAN_POINT('',(-9.94507454626781,-2.37262214689039,-4.81299767370207));
#14646=CARTESIAN_POINT('',(-9.94507454626781,-2.37262214689039,-5.81299767370207));
#14647=CARTESIAN_POINT('',(-9.94507454626781,-2.37262214689039,-5.81299767370207));
#14648=CARTESIAN_POINT('',(-9.94507454626781,-2.37262214689039,-4.81299767370207));
#14649=CARTESIAN_POINT('',(-9.94507454626781,2.42737785310961,-4.81299767370207));
#14650=CARTESIAN_POINT('',(-9.94507454626781,2.42737785310961,-4.81299767370207));
#14651=CARTESIAN_POINT('',(-9.94507454626781,2.42737785310961,-5.81299767370207));
#14652=CARTESIAN_POINT('',(-19.2319567540455,-7.79262214689039,-6.71299767370207));
#14653=CARTESIAN_POINT('',(-19.2319567540455,-7.79262214689039,-6.71299767370207));
#14654=CARTESIAN_POINT('',(-17.7319567540455,-7.79262214689039,-6.71299767370207));
#14655=CARTESIAN_POINT('',(-19.2319567540455,-7.79262214689039,-7.71299767370207));
#14656=CARTESIAN_POINT('',(-18.2319567540455,-7.79262214689039,-7.71299767370207));
#14657=CARTESIAN_POINT('',(-7.80195675404552,-7.79262214689039,-6.71299767370207));
#14658=CARTESIAN_POINT('',(-7.80195675404552,-7.79262214689039,-6.71299767370207));
#14659=CARTESIAN_POINT('',(-6.30195675404552,-7.79262214689039,-6.71299767370207));
#14660=CARTESIAN_POINT('',(-7.80195675404552,-7.79262214689039,-7.71299767370207));
#14661=CARTESIAN_POINT('',(-6.80195675404552,-7.79262214689039,-7.71299767370207));
#14662=CARTESIAN_POINT('',(-10.3669567540455,-12.8726221468904,-5.21299767370207));
#14663=CARTESIAN_POINT('',(-10.3669567540455,-12.8726221468904,-5.21299767370207));
#14664=CARTESIAN_POINT('',(-10.3669567540455,-12.8726221468904,-5.01299767370207));
#14665=CARTESIAN_POINT('',(-10.3669567540455,-12.6726221468904,-5.21299767370207));
#14666=CARTESIAN_POINT('',(-11.5669567540455,-12.6726221468904,-5.21299767370207));
#14667=CARTESIAN_POINT('',(-11.5669567540455,-12.6726221468904,-5.21299767370207));
#14668=CARTESIAN_POINT('',(-11.5669567540455,-12.8726221468904,-5.21299767370207));
#14669=CARTESIAN_POINT('',(-11.5669567540455,-12.8726221468904,-5.01299767370207));
#14670=CARTESIAN_POINT('',(-10.3669567540455,-12.8726221468904,-5.01299767370207));
#14671=CARTESIAN_POINT('',(-10.1669567540455,-15.4726221468904,-0.062997673702068));
#14672=CARTESIAN_POINT('',(-10.1669567540455,-15.4726221468904,-3.51299767370207));
#14673=CARTESIAN_POINT('',(-10.3669567540455,-15.4726221468904,-3.31299767370207));
#14674=CARTESIAN_POINT('',(-10.1669567540455,-15.6726221468904,-3.51299767370207));
#14675=CARTESIAN_POINT('',(-10.3669567540455,-15.4726221468904,-3.31299767370207));
#14676=CARTESIAN_POINT('',(-10.3669567540455,-15.4726221468904,-5.81299767370207));
#14677=CARTESIAN_POINT('',(-10.1669567540455,-15.4726221468904,-5.81299767370207));
#14678=CARTESIAN_POINT('',(-10.1669567540455,-15.6726221468904,-5.81299767370207));
#14679=CARTESIAN_POINT('',(-10.1669567540455,-15.6726221468904,-5.81299767370207));
#14680=CARTESIAN_POINT('',(-13.5169567540455,-15.4726221468904,-3.51299767370207));
#14681=CARTESIAN_POINT('',(-7.36695675404552,-15.4726221468904,-3.51299767370207));
#14682=CARTESIAN_POINT('',(-7.56695675404552,-15.4726221468904,-3.31299767370207));
#14683=CARTESIAN_POINT('',(-7.36695675404552,-15.6726221468904,-3.51299767370207));
#14684=CARTESIAN_POINT('',(-7.56695675404552,-15.4726221468904,-3.31299767370207));
#14685=CARTESIAN_POINT('',(-10.3669567540455,-15.6726221468904,-3.51299767370207));
#14686=CARTESIAN_POINT('',(-7.36695675404552,-15.4726221468904,-0.062997673702068));
#14687=CARTESIAN_POINT('',(-7.36695675404552,-15.4726221468904,3.88700232629793));
#14688=CARTESIAN_POINT('',(-7.56695675404552,-15.4726221468904,3.68700232629793));
#14689=CARTESIAN_POINT('',(-7.36695675404552,-15.6726221468904,3.88700232629793));
#14690=CARTESIAN_POINT('',(-7.56695675404552,-15.4726221468904,3.68700232629793));
#14691=CARTESIAN_POINT('',(-7.36695675404552,-15.6726221468904,-3.31299767370207));
#14692=CARTESIAN_POINT('',(-13.5169567540455,-15.4726221468904,3.88700232629793));
#14693=CARTESIAN_POINT('',(-19.6669567540455,-15.4726221468904,3.88700232629793));
#14694=CARTESIAN_POINT('',(-19.4669567540455,-15.4726221468904,3.68700232629793));
#14695=CARTESIAN_POINT('',(-19.6669567540455,-15.6726221468904,3.88700232629793));
#14696=CARTESIAN_POINT('',(-19.4669567540455,-15.4726221468904,3.68700232629793));
#14697=CARTESIAN_POINT('',(-7.56695675404552,-15.6726221468904,3.88700232629793));
#14698=CARTESIAN_POINT('',(-19.6669567540455,-15.4726221468904,-0.062997673702068));
#14699=CARTESIAN_POINT('',(-19.6669567540455,-15.4726221468904,-3.51299767370207));
#14700=CARTESIAN_POINT('',(-19.4669567540455,-15.4726221468904,-3.31299767370207));
#14701=CARTESIAN_POINT('',(-19.6669567540455,-15.6726221468904,-3.51299767370207));
#14702=CARTESIAN_POINT('',(-19.4669567540455,-15.4726221468904,-3.31299767370207));
#14703=CARTESIAN_POINT('',(-19.6669567540455,-15.6726221468904,3.68700232629793));
#14704=CARTESIAN_POINT('',(-13.5169567540455,-15.4726221468904,-3.51299767370207));
#14705=CARTESIAN_POINT('',(-16.8669567540455,-15.4726221468904,-3.51299767370207));
#14706=CARTESIAN_POINT('',(-16.6669567540455,-15.4726221468904,-3.31299767370207));
#14707=CARTESIAN_POINT('',(-16.8669567540455,-15.6726221468904,-3.51299767370207));
#14708=CARTESIAN_POINT('',(-16.6669567540455,-15.4726221468904,-3.31299767370207));
#14709=CARTESIAN_POINT('',(-19.4669567540455,-15.6726221468904,-3.51299767370207));
#14710=CARTESIAN_POINT('',(-16.8669567540455,-15.4726221468904,0.553386036926976));
#14711=CARTESIAN_POINT('',(-16.8669567540455,-15.4726221468904,-5.81299767370207));
#14712=CARTESIAN_POINT('',(-16.6669567540455,-15.4726221468904,-5.81299767370207));
#14713=CARTESIAN_POINT('',(-16.8669567540455,-15.6726221468904,-5.81299767370207));
#14714=CARTESIAN_POINT('',(-16.6669567540455,-15.4726221468904,-5.81299767370207));
#14715=CARTESIAN_POINT('',(-16.8669567540455,-15.6726221468904,-3.31299767370207));
#14716=CARTESIAN_POINT('',(-17.3369567540455,-5.57262214689039,1.18700232629793));
#14717=CARTESIAN_POINT('',(-9.69695675404551,-2.47262214689039,0.187002326297933));
#14718=CARTESIAN_POINT('',(-9.69695675404551,-2.47262214689039,0.187002326297932));
#14719=CARTESIAN_POINT('',(-10.1969567540455,-2.47262214689039,0.187002326297933));
#14720=CARTESIAN_POINT('',(-10.1969567540455,-5.28044495556146,1.09275161941763));
#14721=CARTESIAN_POINT('',(-10.1969567540455,-5.57262214689039,1.18700232629793));
#14722=CARTESIAN_POINT('',(-17.3369567540455,-5.57262214689039,1.18700232629793));
#14723=CARTESIAN_POINT('',(-9.69695675404551,-5.57262214689039,1.18700232629793));
#14724=CARTESIAN_POINT('',(-9.69695675404552,-5.57262214689039,1.18700232629793));
#14725=CARTESIAN_POINT('',(-17.3369567540455,-5.57262214689039,1.18700232629793));
#14726=CARTESIAN_POINT('',(-10.7169567540455,-2.47262214689039,0.187002326297933));
#14727=CARTESIAN_POINT('',(-10.7169567540455,-2.47262214689039,0.187002326297932));
#14728=CARTESIAN_POINT('',(-11.2169567540455,-2.47262214689039,0.187002326297933));
#14729=CARTESIAN_POINT('',(-11.2169567540455,-5.28044495556146,1.09275161941763));
#14730=CARTESIAN_POINT('',(-11.2169567540455,-5.57262214689039,1.18700232629793));
#14731=CARTESIAN_POINT('',(-17.3369567540455,-5.57262214689039,1.18700232629793));
#14732=CARTESIAN_POINT('',(-10.7169567540455,-5.57262214689039,1.18700232629793));
#14733=CARTESIAN_POINT('',(-10.7169567540455,-6.24462968694695,1.40377895212263));
#14734=CARTESIAN_POINT('',(-17.3369567540455,-5.57262214689039,1.18700232629793));
#14735=CARTESIAN_POINT('',(-11.7369567540455,-2.47262214689039,0.187002326297933));
#14736=CARTESIAN_POINT('',(-11.7369567540455,-2.47262214689039,0.187002326297932));
#14737=CARTESIAN_POINT('',(-12.2369567540455,-2.4726221468904,0.187002326297933));
#14738=CARTESIAN_POINT('',(-12.2369567540455,-5.28044495556146,1.09275161941763));
#14739=CARTESIAN_POINT('',(-12.2369567540455,-5.57262214689039,1.18700232629793));
#14740=CARTESIAN_POINT('',(-17.3369567540455,-5.57262214689039,1.18700232629793));
#14741=CARTESIAN_POINT('',(-11.7369567540455,-5.57262214689039,1.18700232629793));
#14742=CARTESIAN_POINT('',(-11.7369567540455,-6.24462968694695,1.40377895212263));
#14743=CARTESIAN_POINT('',(-17.3369567540455,-5.57262214689039,1.18700232629793));
#14744=CARTESIAN_POINT('',(-12.7569567540455,-2.4726221468904,0.187002326297933));
#14745=CARTESIAN_POINT('',(-12.7569567540455,-2.47262214689039,0.187002326297933));
#14746=CARTESIAN_POINT('',(-13.2569567540455,-2.4726221468904,0.187002326297933));
#14747=CARTESIAN_POINT('',(-13.2569567540455,-5.28044495556146,1.09275161941763));
#14748=CARTESIAN_POINT('',(-13.2569567540455,-5.57262214689039,1.18700232629793));
#14749=CARTESIAN_POINT('',(-17.3369567540455,-5.57262214689039,1.18700232629793));
#14750=CARTESIAN_POINT('',(-12.7569567540455,-5.57262214689039,1.18700232629793));
#14751=CARTESIAN_POINT('',(-12.7569567540455,-6.24462968694695,1.40377895212263));
#14752=CARTESIAN_POINT('',(-17.3369567540455,-5.57262214689039,1.18700232629793));
#14753=CARTESIAN_POINT('',(-13.7769567540455,-2.4726221468904,0.187002326297933));
#14754=CARTESIAN_POINT('',(-13.7769567540455,-2.47262214689039,0.187002326297933));
#14755=CARTESIAN_POINT('',(-17.3369567540455,-5.57262214689039,1.18700232629793));
#14756=CARTESIAN_POINT('',(-13.7769567540455,-5.57262214689039,1.18700232629793));
#14757=CARTESIAN_POINT('',(-13.7769567540455,-6.24462968694695,1.40377895212263));
#14758=CARTESIAN_POINT('',(-17.3369567540455,-5.57262214689039,1.18700232629793));
#14759=CARTESIAN_POINT('',(-14.7969567540455,-2.4726221468904,0.187002326297933));
#14760=CARTESIAN_POINT('',(-14.7969567540455,-2.47262214689039,0.187002326297933));
#14761=CARTESIAN_POINT('',(-15.2969567540456,-2.4726221468904,0.187002326297933));
#14762=CARTESIAN_POINT('',(-15.2969567540456,-5.28044495556146,1.09275161941763));
#14763=CARTESIAN_POINT('',(-15.2969567540456,-5.57262214689039,1.18700232629793));
#14764=CARTESIAN_POINT('',(-17.3369567540455,-5.57262214689039,1.18700232629793));
#14765=CARTESIAN_POINT('',(-14.7969567540455,-5.57262214689039,1.18700232629793));
#14766=CARTESIAN_POINT('',(-14.7969567540455,-6.24462968694695,1.40377895212263));
#14767=CARTESIAN_POINT('',(-17.3369567540455,-5.57262214689039,1.18700232629793));
#14768=CARTESIAN_POINT('',(-15.8169567540455,-2.4726221468904,0.187002326297933));
#14769=CARTESIAN_POINT('',(-15.8169567540455,-2.47262214689039,0.187002326297933));
#14770=CARTESIAN_POINT('',(-16.3169567540455,-2.4726221468904,0.187002326297933));
#14771=CARTESIAN_POINT('',(-16.3169567540455,-5.28044495556146,1.09275161941763));
#14772=CARTESIAN_POINT('',(-16.3169567540455,-5.57262214689039,1.18700232629793));
#14773=CARTESIAN_POINT('',(-17.3369567540455,-5.57262214689039,1.18700232629793));
#14774=CARTESIAN_POINT('',(-15.8169567540455,-5.57262214689039,1.18700232629793));
#14775=CARTESIAN_POINT('',(-15.8169567540455,-6.24462968694695,1.40377895212263));
#14776=CARTESIAN_POINT('',(-17.3369567540455,-5.57262214689039,1.18700232629793));
#14777=CARTESIAN_POINT('',(-17.3369567540455,-5.57262214689039,1.18700232629793));
#14778=CARTESIAN_POINT('',(-17.3369567540455,-5.57262214689039,1.18700232629793));
#14779=CARTESIAN_POINT('',(-16.8369567540455,-5.57262214689039,1.18700232629793));
#14780=CARTESIAN_POINT('',(-16.8369567540455,-6.24462968694695,1.40377895212263));
#14781=CARTESIAN_POINT('',(-16.8369567540455,-2.47262214689039,0.187002326297933));
#14782=CARTESIAN_POINT('',(-16.8369567540455,-2.4726221468904,0.187002326297933));
#14783=CARTESIAN_POINT('',(-17.3369567540455,-2.4726221468904,0.187002326297933));
#14784=CARTESIAN_POINT('',(-17.3369567540455,-5.57262214689039,1.18700232629793));
#14785=CARTESIAN_POINT('',(-17.3369567540455,-5.57262214689039,0.187002326297933));
#14786=CARTESIAN_POINT('',(-17.3369567540455,-5.57262214689039,0.187002326297933));
#14787=CARTESIAN_POINT('',(-17.3369567540455,-5.57262214689039,3.48700232629793));
#14788=CARTESIAN_POINT('',(-17.3369567540455,-2.4726221468904,0.187002326297933));
#14789=CARTESIAN_POINT('',(-17.3369567540455,-2.4726221468904,3.48700232629793));
#14790=CARTESIAN_POINT('',(-17.3369567540455,-5.57262214689039,3.48700232629793));
#14791=CARTESIAN_POINT('',(-6.94195675404552,-2.47262214689039,-4.81299767370207));
#14792=CARTESIAN_POINT('',(-10.1969567540455,-2.47262214689039,0.187002326297933));
#14793=CARTESIAN_POINT('',(-10.1969567540455,-2.47262214689039,3.48700232629793));
#14794=CARTESIAN_POINT('',(-9.69695675404551,-2.47262214689039,3.48700232629793));
#14795=CARTESIAN_POINT('',(-9.69695675404551,-2.47262214689039,3.48700232629793));
#14796=CARTESIAN_POINT('',(-6.94195675404552,-2.47262214689039,3.48700232629793));
#14797=CARTESIAN_POINT('',(-6.94195675404552,-2.47262214689039,3.48700232629793));
#14798=CARTESIAN_POINT('',(-6.94195675404552,-2.47262214689039,-4.81299767370207));
#14799=CARTESIAN_POINT('',(-20.0919567540455,-2.4726221468904,-4.81299767370207));
#14800=CARTESIAN_POINT('',(-20.0919567540455,-2.4726221468904,3.48700232629793));
#14801=CARTESIAN_POINT('',(-6.94195675404552,-2.47262214689039,3.48700232629793));
#14802=CARTESIAN_POINT('',(-16.8369567540455,-2.4726221468904,3.48700232629793));
#14803=CARTESIAN_POINT('',(-16.8369567540455,-2.4726221468904,3.48700232629793));
#14804=CARTESIAN_POINT('',(-6.94195675404552,-2.47262214689039,3.48700232629793));
#14805=CARTESIAN_POINT('',(-16.3169567540455,-2.4726221468904,3.48700232629793));
#14806=CARTESIAN_POINT('',(-16.3169567540455,-2.4726221468904,0.187002326297933));
#14807=CARTESIAN_POINT('',(-15.8169567540455,-2.4726221468904,3.48700232629793));
#14808=CARTESIAN_POINT('',(-15.8169567540455,-2.4726221468904,3.48700232629793));
#14809=CARTESIAN_POINT('',(-6.94195675404552,-2.47262214689039,3.48700232629793));
#14810=CARTESIAN_POINT('',(-15.2969567540455,-2.4726221468904,3.48700232629793));
#14811=CARTESIAN_POINT('',(-15.2969567540456,-2.4726221468904,0.187002326297933));
#14812=CARTESIAN_POINT('',(-14.7969567540455,-2.4726221468904,3.48700232629793));
#14813=CARTESIAN_POINT('',(-14.7969567540455,-2.4726221468904,3.48700232629793));
#14814=CARTESIAN_POINT('',(-6.94195675404552,-2.47262214689039,3.48700232629793));
#14815=CARTESIAN_POINT('',(-13.7769567540455,-2.4726221468904,3.48700232629793));
#14816=CARTESIAN_POINT('',(-13.7769567540455,-2.4726221468904,3.48700232629793));
#14817=CARTESIAN_POINT('',(-6.94195675404552,-2.47262214689039,3.48700232629793));
#14818=CARTESIAN_POINT('',(-13.2569567540455,-2.4726221468904,3.48700232629793));
#14819=CARTESIAN_POINT('',(-13.2569567540455,-2.4726221468904,0.187002326297933));
#14820=CARTESIAN_POINT('',(-12.7569567540455,-2.4726221468904,3.48700232629793));
#14821=CARTESIAN_POINT('',(-12.7569567540455,-2.4726221468904,3.48700232629793));
#14822=CARTESIAN_POINT('',(-6.94195675404552,-2.47262214689039,3.48700232629793));
#14823=CARTESIAN_POINT('',(-12.2369567540455,-2.4726221468904,3.48700232629793));
#14824=CARTESIAN_POINT('',(-12.2369567540455,-2.4726221468904,0.187002326297933));
#14825=CARTESIAN_POINT('',(-11.7369567540455,-2.47262214689039,3.48700232629793));
#14826=CARTESIAN_POINT('',(-11.7369567540455,-2.4726221468904,3.48700232629793));
#14827=CARTESIAN_POINT('',(-6.94195675404552,-2.47262214689039,3.48700232629793));
#14828=CARTESIAN_POINT('',(-11.2169567540455,-2.47262214689039,3.48700232629793));
#14829=CARTESIAN_POINT('',(-11.2169567540455,-2.47262214689039,0.187002326297933));
#14830=CARTESIAN_POINT('',(-10.7169567540455,-2.47262214689039,3.48700232629793));
#14831=CARTESIAN_POINT('',(-10.7169567540455,-2.47262214689039,3.48700232629793));
#14832=CARTESIAN_POINT('',(-6.94195675404552,-2.47262214689039,3.48700232629793));
#14833=CARTESIAN_POINT('',(-6.94195675404552,-13.1726221468904,5.08700232629793));
#14834=CARTESIAN_POINT('',(-6.94195675404552,-13.1726221468904,1.63700232629793));
#14835=CARTESIAN_POINT('',(-6.94195675404552,0.327377853109606,1.63700232629793));
#14836=CARTESIAN_POINT('',(-6.94195675404552,-0.869657043866219,1.63700232629793));
#14837=CARTESIAN_POINT('',(-6.94195675404552,-0.869657043866219,1.63700232629793));
#14838=CARTESIAN_POINT('',(-6.94195675404552,-0.869657043866218,-2.06299767370207));
#14839=CARTESIAN_POINT('',(-6.94195675404552,-13.1726221468904,-2.06299767370207));
#14840=CARTESIAN_POINT('',(-6.94195675404552,0.327377853109606,-2.06299767370207));
#14841=CARTESIAN_POINT('',(-6.94195675404552,0.327377853109606,5.08700232629794));
#14842=CARTESIAN_POINT('',(-6.94195675404552,2.42737785310961,-0.062997673702068));
#14843=CARTESIAN_POINT('',(-6.94195675404552,-13.1726221468904,3.48700232629793));
#14844=CARTESIAN_POINT('',(-20.0919567540455,-13.1726221468904,3.48700232629793));
#14845=CARTESIAN_POINT('',(-20.0919567540455,-13.1726221468904,4.33700232629793));
#14846=CARTESIAN_POINT('',(-20.0919567540455,-12.871058118024,4.33700232629793));
#14847=CARTESIAN_POINT('',(-20.0919567540455,-6.39880255433836,4.33700232629793));
#14848=CARTESIAN_POINT('',(-20.0919567540455,-12.0726221468904,4.28700232629793));
#14849=CARTESIAN_POINT('',(-20.0919567540455,-13.1726221468904,3.48700232629793));
#14850=CARTESIAN_POINT('',(-20.0919567540455,-2.27262214689039,3.48700232629793));
#14851=CARTESIAN_POINT('',(-20.0919567540455,-2.27262214689039,3.53700232629793));
#14852=CARTESIAN_POINT('',(-20.0919567540455,-13.1726221468904,3.53700232629793));
#14853=CARTESIAN_POINT('',(-20.0919567540455,-6.39880255433837,3.53700232629793));
#14854=CARTESIAN_POINT('',(-20.0919567540455,-6.39880255433836,3.48700232629793));
#14855=CARTESIAN_POINT('',(-10.3669567540455,-12.6726221468904,-5.01299767370207));
#14856=CARTESIAN_POINT('',(-10.3669567540455,-12.6726221468904,-5.01299767370207));
#14857=CARTESIAN_POINT('',(-15.4669567540455,-12.6726221468904,-5.01299767370207));
#14858=CARTESIAN_POINT('',(-16.6669567540455,-12.6726221468904,-5.01299767370207));
#14859=CARTESIAN_POINT('',(-16.6669567540455,-12.6726221468904,-5.01299767370207));
#14860=CARTESIAN_POINT('',(-16.6669567540455,-14.3726221468904,-5.01299767370207));
#14861=CARTESIAN_POINT('',(-15.4669567540455,-14.3726221468904,-5.01299767370207));
#14862=CARTESIAN_POINT('',(-15.4669567540455,-14.3726221468904,-5.01299767370207));
#14863=CARTESIAN_POINT('',(-15.4669567540455,-12.6726221468904,-5.01299767370207));
#14864=CARTESIAN_POINT('',(-10.3669567540455,-12.6726221468904,-5.01299767370207));
#14865=CARTESIAN_POINT('',(-10.3669567540455,-12.6726221468904,-5.01299767370207));
#14866=CARTESIAN_POINT('',(-10.3669567540455,-14.3726221468904,-5.01299767370207));
#14867=CARTESIAN_POINT('',(-11.5669567540455,-14.3726221468904,-5.01299767370207));
#14868=CARTESIAN_POINT('',(-11.5669567540455,-14.3726221468904,-5.01299767370207));
#14869=CARTESIAN_POINT('',(-10.3669567540455,-14.3726221468904,-5.01299767370207));
#14870=CARTESIAN_POINT('',(-19.2319567540455,-7.79262214689039,-7.71299767370207));
#14871=CARTESIAN_POINT('',(-19.2319567540455,-7.79262214689039,-7.71299767370207));
#14872=CARTESIAN_POINT('',(-19.2319567540455,-7.79262214689039,-5.81299767370207));
#14873=CARTESIAN_POINT('',(-20.7319567540455,-7.79262214689039,-5.81299767370207));
#14874=CARTESIAN_POINT('',(-7.80195675404552,-7.79262214689039,-7.71299767370207));
#14875=CARTESIAN_POINT('',(-7.80195675404552,-7.79262214689039,-7.71299767370207));
#14876=CARTESIAN_POINT('',(-7.80195675404552,-7.79262214689039,-5.81299767370207));
#14877=CARTESIAN_POINT('',(-9.30195675404552,-7.79262214689039,-5.81299767370207));
#14878=CARTESIAN_POINT('',(-16.6669567540455,-5.67262214689039,-1.48070037750708));
#14879=CARTESIAN_POINT('',(-10.3669567540455,-5.67262214689039,-4.11299767370207));
#14880=CARTESIAN_POINT('',(-10.3669567540455,-5.67262214689039,-4.11299767370207));
#14881=CARTESIAN_POINT('',(-16.6669567540455,-5.67262214689039,-4.11299767370207));
#14882=CARTESIAN_POINT('',(-16.6669567540455,-5.67262214689039,-1.48070037750708));
#14883=CARTESIAN_POINT('',(-16.6669567540455,-5.67262214689039,-5.81299767370207));
#14884=CARTESIAN_POINT('',(-16.6669567540455,-5.67262214689039,-5.81299767370207));
#14885=CARTESIAN_POINT('',(-10.3669567540455,-5.67262214689039,-5.81299767370207));
#14886=CARTESIAN_POINT('',(-10.3669567540455,-5.67262214689039,-1.48070037750708));
#14887=CARTESIAN_POINT('',(-10.3669567540455,-5.57262214689039,-4.11299767370207));
#14888=CARTESIAN_POINT('',(-10.3669567540455,-5.57262214689039,-4.11299767370207));
#14889=CARTESIAN_POINT('',(-16.6669567540455,-5.57262214689039,-4.11299767370207));
#14890=CARTESIAN_POINT('',(-16.6669567540455,-7.58801823357438,0.553386036926976));
#14891=CARTESIAN_POINT('',(-16.6669567540455,-7.07262214689039,-3.31299767370207));
#14892=CARTESIAN_POINT('',(-16.6669567540455,-7.07262214689039,-3.31299767370207));
#14893=CARTESIAN_POINT('',(-16.6669567540455,-14.3726221468904,-5.81299767370207));
#14894=CARTESIAN_POINT('',(-16.6669567540455,-14.3726221468904,-5.81299767370207));
#14895=CARTESIAN_POINT('',(-16.6669567540455,-14.3726221468904,0.553386036926976));
#14896=CARTESIAN_POINT('',(-16.6669567540455,-12.6726221468904,0.553386036926976));
#14897=CARTESIAN_POINT('',(-16.6669567540455,-12.6726221468904,-5.81299767370207));
#14898=CARTESIAN_POINT('',(-16.6669567540455,-7.58801823357438,-5.81299767370207));
#14899=CARTESIAN_POINT('',(-16.6669567540455,-5.57262214689039,-4.11299767370207));
#14900=CARTESIAN_POINT('',(-16.6669567540455,-5.57262214689039,-2.31299767370207));
#14901=CARTESIAN_POINT('',(-16.6669567540455,-5.57262214689039,-2.31299767370207));
#14902=CARTESIAN_POINT('',(-16.6669567540455,-7.07262214689039,-2.31299767370207));
#14903=CARTESIAN_POINT('',(-16.6669567540455,-7.07262214689039,-0.062997673702068));
#14904=CARTESIAN_POINT('',(-10.3669567540455,-12.6726221468904,0.553386036926976));
#14905=CARTESIAN_POINT('',(-10.3669567540455,-15.6726221468904,-5.81299767370207));
#14906=CARTESIAN_POINT('',(-10.3669567540455,-14.3726221468904,-5.81299767370207));
#14907=CARTESIAN_POINT('',(-10.3669567540455,-7.07262214689039,-3.31299767370207));
#14908=CARTESIAN_POINT('',(-10.3669567540455,-7.07262214689039,-3.31299767370207));
#14909=CARTESIAN_POINT('',(-10.3669567540455,-7.07262214689039,-0.062997673702068));
#14910=CARTESIAN_POINT('',(-10.3669567540455,-7.07262214689039,-2.31299767370207));
#14911=CARTESIAN_POINT('',(-10.3669567540455,-5.57262214689039,-2.31299767370207));
#14912=CARTESIAN_POINT('',(-10.3669567540455,-5.57262214689039,-2.31299767370207));
#14913=CARTESIAN_POINT('',(-10.3669567540455,-5.57262214689039,-0.612997673702068));
#14914=CARTESIAN_POINT('',(-10.3669567540455,-12.6726221468904,-5.81299767370207));
#14915=CARTESIAN_POINT('',(-10.3669567540455,-12.6726221468904,-5.81299767370207));
#14916=CARTESIAN_POINT('',(-10.3669567540455,-12.6726221468904,0.553386036926976));
#14917=CARTESIAN_POINT('',(-10.3669567540455,-14.3726221468904,0.553386036926976));
#14918=CARTESIAN_POINT('',(-13.5169567540455,-5.57262214689039,-0.062997673702068));
#14919=CARTESIAN_POINT('',(-7.56695675404552,-5.57262214689039,-2.31299767370207));
#14920=CARTESIAN_POINT('',(-7.56695675404552,-5.57262214689039,-2.31299767370207));
#14921=CARTESIAN_POINT('',(-7.56695675404552,-5.57262214689039,3.68700232629793));
#14922=CARTESIAN_POINT('',(-7.56695675404552,-5.57262214689039,3.48700232629793));
#14923=CARTESIAN_POINT('',(-6.94195675404552,-5.57262214689039,3.48700232629793));
#14924=CARTESIAN_POINT('',(-9.69695675404551,-5.57262214689039,3.48700232629793));
#14925=CARTESIAN_POINT('',(-9.69695675404551,-5.57262214689039,3.48700232629793));
#14926=CARTESIAN_POINT('',(-10.1969567540455,-5.57262214689039,0.187002326297933));
#14927=CARTESIAN_POINT('',(-10.1969567540455,-5.57262214689039,3.48700232629793));
#14928=CARTESIAN_POINT('',(-6.94195675404552,-5.57262214689039,3.48700232629793));
#14929=CARTESIAN_POINT('',(-10.7169567540455,-5.57262214689039,3.48700232629793));
#14930=CARTESIAN_POINT('',(-10.7169567540455,-5.57262214689039,3.48700232629793));
#14931=CARTESIAN_POINT('',(-11.2169567540455,-5.57262214689039,0.187002326297933));
#14932=CARTESIAN_POINT('',(-11.2169567540455,-5.57262214689039,3.48700232629793));
#14933=CARTESIAN_POINT('',(-6.94195675404552,-5.57262214689039,3.48700232629793));
#14934=CARTESIAN_POINT('',(-11.7369567540455,-5.57262214689039,3.48700232629793));
#14935=CARTESIAN_POINT('',(-11.7369567540455,-5.57262214689039,3.48700232629793));
#14936=CARTESIAN_POINT('',(-12.2369567540455,-5.57262214689039,0.187002326297933));
#14937=CARTESIAN_POINT('',(-12.2369567540455,-5.57262214689039,3.48700232629793));
#14938=CARTESIAN_POINT('',(-6.94195675404552,-5.57262214689039,3.48700232629793));
#14939=CARTESIAN_POINT('',(-12.7569567540455,-5.57262214689039,3.48700232629793));
#14940=CARTESIAN_POINT('',(-12.7569567540455,-5.57262214689039,3.48700232629793));
#14941=CARTESIAN_POINT('',(-13.2569567540455,-5.57262214689039,0.187002326297933));
#14942=CARTESIAN_POINT('',(-13.2569567540455,-5.57262214689039,3.48700232629793));
#14943=CARTESIAN_POINT('',(-6.94195675404552,-5.57262214689039,3.48700232629793));
#14944=CARTESIAN_POINT('',(-13.7769567540455,-5.57262214689039,3.48700232629793));
#14945=CARTESIAN_POINT('',(-13.7769567540455,-5.57262214689039,3.48700232629793));
#14946=CARTESIAN_POINT('',(-6.94195675404552,-5.57262214689039,3.48700232629793));
#14947=CARTESIAN_POINT('',(-14.7969567540455,-5.57262214689039,3.48700232629793));
#14948=CARTESIAN_POINT('',(-14.7969567540455,-5.57262214689039,3.48700232629793));
#14949=CARTESIAN_POINT('',(-15.2969567540456,-5.57262214689039,0.187002326297933));
#14950=CARTESIAN_POINT('',(-15.2969567540455,-5.57262214689039,3.48700232629793));
#14951=CARTESIAN_POINT('',(-6.94195675404552,-5.57262214689039,3.48700232629793));
#14952=CARTESIAN_POINT('',(-15.8169567540455,-5.57262214689039,3.48700232629793));
#14953=CARTESIAN_POINT('',(-15.8169567540455,-5.57262214689039,3.48700232629793));
#14954=CARTESIAN_POINT('',(-16.3169567540455,-5.57262214689039,0.187002326297933));
#14955=CARTESIAN_POINT('',(-16.3169567540455,-5.57262214689039,3.48700232629793));
#14956=CARTESIAN_POINT('',(-6.94195675404552,-5.57262214689039,3.48700232629793));
#14957=CARTESIAN_POINT('',(-16.8369567540455,-5.57262214689039,3.48700232629793));
#14958=CARTESIAN_POINT('',(-16.8369567540455,-5.57262214689039,3.48700232629793));
#14959=CARTESIAN_POINT('',(-6.94195675404552,-5.57262214689039,3.48700232629793));
#14960=CARTESIAN_POINT('',(-19.4669567540455,-5.57262214689039,3.48700232629793));
#14961=CARTESIAN_POINT('',(-19.4669567540455,-5.57262214689039,-2.31299767370207));
#14962=CARTESIAN_POINT('',(-19.4669567540455,-5.57262214689039,-2.31299767370207));
#14963=CARTESIAN_POINT('',(-7.56695675404552,-5.57262214689039,-2.31299767370207));
#14964=CARTESIAN_POINT('',(-7.56695675404552,-7.07262214689039,3.68700232629793));
#14965=CARTESIAN_POINT('',(-7.56695675404552,-7.07262214689039,-3.31299767370207));
#14966=CARTESIAN_POINT('',(-7.56695675404552,-7.07262214689039,-3.31299767370207));
#14967=CARTESIAN_POINT('',(-7.56695675404552,-7.07262214689039,3.68700232629793));
#14968=CARTESIAN_POINT('',(-7.56695675404552,-7.07262214689039,3.48700232629793));
#14969=CARTESIAN_POINT('',(-7.56695675404552,-5.57262214689039,-2.31299767370207));
#14970=CARTESIAN_POINT('',(-7.56695675404552,-7.07262214689039,-2.31299767370207));
#14971=CARTESIAN_POINT('',(-7.56695675404552,-7.07262214689039,3.68700232629793));
#14972=CARTESIAN_POINT('',(-19.4669567540455,-7.07262214689039,-3.31299767370207));
#14973=CARTESIAN_POINT('',(-19.4669567540455,-7.07262214689039,3.68700232629793));
#14974=CARTESIAN_POINT('',(-19.4669567540455,-7.07262214689039,-3.31299767370207));
#14975=CARTESIAN_POINT('',(-19.4669567540455,-7.07262214689039,-3.31299767370207));
#14976=CARTESIAN_POINT('',(-19.4669567540455,-7.07262214689039,-3.31299767370207));
#14977=CARTESIAN_POINT('',(-19.4669567540455,-7.07262214689039,-2.31299767370207));
#14978=CARTESIAN_POINT('',(-19.4669567540455,-5.57262214689039,-2.31299767370207));
#14979=CARTESIAN_POINT('',(-19.4669567540455,-7.07262214689039,3.48700232629793));
#14980=CARTESIAN_POINT('',(-5.96695675404552,-15.6726221468904,5.68700232629793));
#14981=CARTESIAN_POINT('',(-5.96695675404552,2.42737785310961,5.68700232629793));
#14982=CARTESIAN_POINT('',(-5.96695675404552,2.42737785310961,5.68700232629793));
#14983=CARTESIAN_POINT('',(-5.96695675404552,2.42737785310961,-5.81299767370207));
#14984=CARTESIAN_POINT('',(-5.96695675404552,-15.6726221468904,5.68700232629793));
#14985=CARTESIAN_POINT('',(-5.96695675404552,-15.6726221468904,5.68700232629793));
#14986=CARTESIAN_POINT('',(-5.96695675404552,-15.6726221468904,5.68700232629793));
#14987=CARTESIAN_POINT('',(-5.96695675404552,-15.6726221468904,-5.81299767370207));
#14988=CARTESIAN_POINT('',(-5.96695675404552,-15.6726221468904,-5.81299767370207));
#14989=CARTESIAN_POINT('',(-21.0669567540455,-15.6726221468904,5.68700232629793));
#14990=CARTESIAN_POINT('',(-21.0669567540455,2.42737785310961,5.68700232629793));
#14991=CARTESIAN_POINT('',(-21.0669567540455,2.42737785310961,5.68700232629793));
#14992=CARTESIAN_POINT('',(-21.0669567540455,-15.6726221468904,5.68700232629793));
#14993=CARTESIAN_POINT('',(-21.0669567540455,-15.6726221468904,5.68700232629793));
#14994=CARTESIAN_POINT('',(-21.0669567540455,-15.6726221468904,5.68700232629793));
#14995=CARTESIAN_POINT('',(-21.0669567540455,-15.6726221468904,-5.81299767370207));
#14996=CARTESIAN_POINT('',(-21.0669567540455,2.42737785310961,-5.81299767370207));
#14997=CARTESIAN_POINT('',(-21.0669567540455,2.42737785310961,-5.81299767370207));
#14998=CARTESIAN_POINT('',(-21.0669567540455,-15.6726221468904,-5.81299767370207));
#14999=CARTESIAN_POINT('',(-21.0669567540455,-15.6726221468904,-5.81299767370207));
#15000=CARTESIAN_POINT('',(-21.0669567540455,-15.6726221468904,-5.81299767370207));
#15001=CARTESIAN_POINT('',(-13.5169567540455,-15.6726221468904,-0.062997673702068));
#15002=CARTESIAN_POINT('',(-5.96695675404552,-15.6726221468904,-5.81299767370207));
#15003=CARTESIAN_POINT('',(-5.96695675404552,-15.6726221468904,-5.81299767370207));
#15004=CARTESIAN_POINT('',(-16.6669567540455,-12.6726221468904,0.553386036926976));
#15005=CARTESIAN_POINT('',(-15.4669567540455,-12.6726221468904,0.553386036926976));
#15006=CARTESIAN_POINT('',(-15.4669567540455,-12.6726221468904,-5.81299767370207));
#15007=CARTESIAN_POINT('',(-16.6669567540455,-12.6726221468904,-5.81299767370207));
#15008=CARTESIAN_POINT('',(-11.5669567540455,-12.6726221468904,0.553386036926976));
#15009=CARTESIAN_POINT('',(-11.5669567540455,-12.6726221468904,0.553386036926976));
#15010=CARTESIAN_POINT('',(-11.5669567540455,-12.6726221468904,-5.81299767370207));
#15011=CARTESIAN_POINT('',(-11.5669567540455,-12.6726221468904,-5.81299767370207));
#15012=CARTESIAN_POINT('',(-7.56695675404552,-5.57262214689039,-2.31299767370207));
#15013=CARTESIAN_POINT('',(-7.56695675404552,-7.07262214689039,-2.31299767370207));
#15014=CARTESIAN_POINT('',(-7.56695675404552,-5.57262214689039,-2.31299767370207));
#15015=CARTESIAN_POINT('',(-7.56695675404552,-7.07262214689039,-2.31299767370207));
#15016=CARTESIAN_POINT('',(-13.5169567540455,-7.07262214689039,-0.062997673702068));
#15017=CARTESIAN_POINT('',(-7.56695675404552,-7.07262214689039,-3.31299767370207));
#15018=CARTESIAN_POINT('',(-13.5169567540455,-7.07262214689039,-0.062997673702068));
#15019=CARTESIAN_POINT('',(-7.56695675404552,-7.07262214689039,-3.31299767370207));
#15020=CARTESIAN_POINT('',(-7.56695675404552,-7.07262214689039,-3.31299767370207));
#15021=CARTESIAN_POINT('',(-7.56695675404552,-7.07262214689039,-3.31299767370207));
#15022=CARTESIAN_POINT('',(-10.3669567540455,-14.3726221468904,0.553386036926976));
#15023=CARTESIAN_POINT('',(-11.5669567540455,-14.3726221468904,0.553386036926976));
#15024=CARTESIAN_POINT('',(-11.5669567540455,-14.3726221468904,-5.81299767370207));
#15025=CARTESIAN_POINT('',(-10.3669567540455,-14.3726221468904,-5.81299767370207));
#15026=CARTESIAN_POINT('',(-15.4669567540455,-14.3726221468904,0.553386036926976));
#15027=CARTESIAN_POINT('',(-15.4669567540455,-14.3726221468904,0.553386036926976));
#15028=CARTESIAN_POINT('',(-15.4669567540455,-14.3726221468904,-5.81299767370207));
#15029=CARTESIAN_POINT('',(-15.4669567540455,-14.3726221468904,-5.81299767370207));
#15030=CARTESIAN_POINT('',(-15.4669567540455,-12.6726221468904,0.553386036926976));
#15031=CARTESIAN_POINT('',(-15.4669567540455,-12.6726221468904,-5.81299767370207));
#15032=CARTESIAN_POINT('',(-11.5669567540455,-14.3726221468904,0.553386036926976));
#15033=CARTESIAN_POINT('',(-11.5669567540455,-14.3726221468904,-5.81299767370207));
#15034=CARTESIAN_POINT('',(-19.4669567540455,-7.07262214689039,3.68700232629793));
#15035=CARTESIAN_POINT('',(-6.94195675404552,-13.1726221468904,3.48700232629793));
#15036=CARTESIAN_POINT('',(-6.94195675404552,-13.1726221468904,3.48700232629793));
#15037=CARTESIAN_POINT('',(-9.69695675404551,-5.57262214689039,3.48700232629793));
#15038=CARTESIAN_POINT('',(-6.94195675404552,-13.1726221468904,3.48700232629793));
#15039=CARTESIAN_POINT('',(-10.7169567540455,-5.57262214689039,3.48700232629793));
#15040=CARTESIAN_POINT('',(-10.1969567540455,-5.57262214689039,3.48700232629793));
#15041=CARTESIAN_POINT('',(-6.94195675404552,-13.1726221468904,3.48700232629793));
#15042=CARTESIAN_POINT('',(-11.7369567540455,-5.57262214689039,3.48700232629793));
#15043=CARTESIAN_POINT('',(-11.2169567540455,-5.57262214689039,3.48700232629793));
#15044=CARTESIAN_POINT('',(-6.94195675404552,-13.1726221468904,3.48700232629793));
#15045=CARTESIAN_POINT('',(-12.7569567540455,-5.57262214689039,3.48700232629793));
#15046=CARTESIAN_POINT('',(-12.2369567540455,-5.57262214689039,3.48700232629793));
#15047=CARTESIAN_POINT('',(-6.94195675404552,-13.1726221468904,3.48700232629793));
#15048=CARTESIAN_POINT('',(-13.7769567540455,-5.57262214689039,3.48700232629793));
#15049=CARTESIAN_POINT('',(-13.2569567540455,-5.57262214689039,3.48700232629793));
#15050=CARTESIAN_POINT('',(-6.94195675404552,-13.1726221468904,3.48700232629793));
#15051=CARTESIAN_POINT('',(-14.7969567540455,-5.57262214689039,3.48700232629793));
#15052=CARTESIAN_POINT('',(-6.94195675404552,-13.1726221468904,3.48700232629793));
#15053=CARTESIAN_POINT('',(-15.8169567540455,-5.57262214689039,3.48700232629793));
#15054=CARTESIAN_POINT('',(-15.2969567540455,-5.57262214689039,3.48700232629793));
#15055=CARTESIAN_POINT('',(-6.94195675404552,-13.1726221468904,3.48700232629793));
#15056=CARTESIAN_POINT('',(-16.8369567540455,-5.57262214689039,3.48700232629793));
#15057=CARTESIAN_POINT('',(-16.3169567540455,-5.57262214689039,3.48700232629793));
#15058=CARTESIAN_POINT('',(-16.8369567540455,-5.57262214689039,3.48700232629793));
#15059=CARTESIAN_POINT('',(-15.8169567540455,-5.57262214689039,3.48700232629793));
#15060=CARTESIAN_POINT('',(-16.3169567540455,-5.57262214689039,0.187002326297933));
#15061=CARTESIAN_POINT('',(-14.7969567540455,-5.57262214689039,3.48700232629793));
#15062=CARTESIAN_POINT('',(-15.2969567540456,-5.57262214689039,0.187002326297933));
#15063=CARTESIAN_POINT('',(-13.7769567540455,-5.57262214689039,3.48700232629793));
#15064=CARTESIAN_POINT('',(-12.7569567540455,-5.57262214689039,3.48700232629793));
#15065=CARTESIAN_POINT('',(-13.2569567540455,-5.57262214689039,0.187002326297933));
#15066=CARTESIAN_POINT('',(-11.7369567540455,-5.57262214689039,3.48700232629793));
#15067=CARTESIAN_POINT('',(-12.2369567540455,-5.57262214689039,0.187002326297933));
#15068=CARTESIAN_POINT('',(-10.7169567540455,-5.57262214689039,3.48700232629793));
#15069=CARTESIAN_POINT('',(-11.2169567540455,-5.57262214689039,0.187002326297933));
#15070=CARTESIAN_POINT('',(-10.1969567540455,-5.57262214689039,0.187002326297933));
#15071=CARTESIAN_POINT('',(-9.69695675404551,-5.57262214689039,3.48700232629793));
#15072=CARTESIAN_POINT('',(-5.96695675404552,-15.6726221468904,-5.81299767370207));
#15073=CARTESIAN_POINT('',(-5.96695675404552,2.42737785310961,-5.81299767370207));
#15074=CARTESIAN_POINT('',(-5.96695675404552,2.42737785310961,-5.81299767370207));
#15075=CARTESIAN_POINT('',(-5.96695675404552,2.42737785310961,-5.81299767370207));
#15076=CARTESIAN_POINT('',(-5.96695675404552,2.42737785310961,-5.81299767370207));
#15077=CARTESIAN_POINT('',(-5.96695675404552,2.42737785310961,-5.81299767370207));
#15078=CARTESIAN_POINT('',(-5.96695675404552,2.42737785310961,-5.81299767370207));
#15079=CARTESIAN_POINT('',(-5.96695675404552,2.42737785310961,-5.81299767370207));
#15080=CARTESIAN_POINT('',(-5.96695675404552,2.42737785310961,-5.81299767370207));
#15081=CARTESIAN_POINT('',(-5.96695675404552,2.42737785310961,-5.81299767370207));
#15082=CARTESIAN_POINT('',(-13.5169567540455,2.42737785310961,-0.062997673702068));
#15083=CARTESIAN_POINT('',(-20.0941720192911,2.42737785310961,-4.81299767370207));
#15084=CARTESIAN_POINT('',(-20.0941720192911,2.42737785310961,-4.81299767370207));
#15085=CARTESIAN_POINT('',(-20.0941720192911,2.42737785310961,-4.81299767370207));
#15086=CARTESIAN_POINT('',(-20.0941720192911,2.42737785310961,-4.81299767370207));
#15087=CARTESIAN_POINT('',(-20.0941720192911,2.42737785310961,-4.81299767370207));
#15088=CARTESIAN_POINT('',(-20.0941720192911,2.42737785310961,-4.81299767370207));
#15089=CARTESIAN_POINT('',(-20.0941720192911,2.42737785310961,-4.81299767370207));
#15090=CARTESIAN_POINT('',(-20.0941720192911,2.42737785310961,-4.81299767370207));
#15091=CARTESIAN_POINT('',(-6.94417201929112,2.42737785310961,5.08700232629794));
#15092=CARTESIAN_POINT('',(-7.74417201929112,-0.272622146890394,-2.06299767370207));
#15093=CARTESIAN_POINT('',(-6.94417201929112,0.327377853109606,-2.06299767370207));
#15094=CARTESIAN_POINT('',(-6.94417201929112,0.327377853109606,-2.06299767370207));
#15095=CARTESIAN_POINT('',(-7.74417201929112,-0.272622146890394,-2.06299767370207));
#15096=CARTESIAN_POINT('',(-6.94417201929112,-0.872622146890394,-2.06299767370207));
#15097=CARTESIAN_POINT('',(-6.94417201929112,0.327377853109606,-2.06299767370207));
#15098=CARTESIAN_POINT('',(-7.74417201929112,-0.272622146890395,1.63700232629793));
#15099=CARTESIAN_POINT('',(-6.94417201929112,0.327377853109605,1.63700232629793));
#15100=CARTESIAN_POINT('',(-6.94417201929112,0.327377853109605,1.63700232629793));
#15101=CARTESIAN_POINT('',(-6.94417201929112,0.327377853109605,1.63700232629793));
#15102=CARTESIAN_POINT('',(-6.94417201929112,-0.872622146890394,1.63700232629793));
#15103=CARTESIAN_POINT('',(-7.74417201929112,-0.272622146890395,1.63700232629793));
#15104=CARTESIAN_POINT('',(-7.74417201929112,-0.272622146890395,1.63700232629793));
#15105=CARTESIAN_POINT('',(-6.94417201929112,-0.872622146890394,1.63700232629793));
#15106=CARTESIAN_POINT('',(-6.94417201929112,0.327377853109605,1.63700232629793));
#15107=CARTESIAN_POINT('',(-6.94417201929112,0.327377853109605,1.63700232629793));
#15108=CARTESIAN_POINT('',(-11.9789713487643,-12.2018426846519,4.21208543576517));
#15109=CARTESIAN_POINT('',(-11.7539870645105,-12.2160908254112,5.08689805272166));
#15110=CARTESIAN_POINT('',(-11.7542198745617,-12.4253055440079,5.08370607856319));
#15111=CARTESIAN_POINT('',(-11.7546757780437,-12.8350031416981,4.92285349670015));
#15112=CARTESIAN_POINT('',(-11.7550230992152,-13.1471232618093,4.33610731636264));
#15113=CARTESIAN_POINT('',(-11.7548556673105,-12.9966606050575,3.68844099622167));
#15114=CARTESIAN_POINT('',(-11.7544631466917,-12.6439220081825,3.42777846000684));
#15115=CARTESIAN_POINT('',(-11.7542379527774,-12.4415515299249,3.37029735807147));
#15116=CARTESIAN_POINT('',(-11.7542379527774,-12.4415515299249,3.37029735807144));
#15117=CARTESIAN_POINT('',(-12.2042376741646,-12.441050779027,3.37029735807147));
#15118=CARTESIAN_POINT('',(-12.2044620980527,-12.6427292733471,3.42758190960287));
#15119=CARTESIAN_POINT('',(-12.2048557093772,-12.9964480327803,3.68852425726841));
#15120=CARTESIAN_POINT('',(-12.2050227918962,-13.146596714129,4.33606505760178));
#15121=CARTESIAN_POINT('',(-12.20467526842,-12.834294792873,4.92280587652132));
#15122=CARTESIAN_POINT('',(-12.2042202274094,-12.4253722550055,5.0837362015735));
#15123=CARTESIAN_POINT('',(-12.2039867860001,-12.2155901665337,5.08689980552426));
#15124=CARTESIAN_POINT('',(-12.2042376741646,-12.441050779027,3.37029735807144));
#15125=CARTESIAN_POINT('',(-11.7542379527774,-12.4415515299249,3.37029735807143));
#15126=CARTESIAN_POINT('',(-11.9042378599065,-12.4413846129589,3.37029735807143));
#15127=CARTESIAN_POINT('',(-12.0542377670355,-12.441217695993,3.37029735807142));
#15128=CARTESIAN_POINT('',(-12.2042376741646,-12.441050779027,3.37029735807142));
#15129=CARTESIAN_POINT('',(-14.0266293104756,-12.2022511965076,4.21700232629812));
#15130=CARTESIAN_POINT('',(-14.2516278729096,-12.2030554991008,4.21700232629812));
#15131=CARTESIAN_POINT('',(-14.250773250061,-12.4421308346801,3.37529735807152));
#15132=CARTESIAN_POINT('',(-13.8007761251931,-12.4405222294938,3.37529735807152));
#15133=CARTESIAN_POINT('',(-13.8007761251931,-12.4405222294938,3.37529735807152));
#15134=CARTESIAN_POINT('',(-13.8016307480417,-12.2014468939145,4.21700232629812));
#15135=CARTESIAN_POINT('',(-13.8011179743325,-12.3448920952621,3.71197934536212));
#15136=CARTESIAN_POINT('',(-13.8016401638154,-12.2000412451267,4.74200232629812));
#15137=CARTESIAN_POINT('',(-13.8016376542856,-12.2001290930381,4.74200160591444));
#15138=CARTESIAN_POINT('',(-13.8007761251931,-12.4405222294938,3.37529735807152));
#15139=CARTESIAN_POINT('',(-13.8300572490059,-4.24931307449037,1.04866133265267));
#15140=CARTESIAN_POINT('',(-13.8303990981453,-4.15368294025866,1.38534331994333));
#15141=CARTESIAN_POINT('',(-13.8303990981453,-4.15368294025865,1.38534331994333));
#15142=CARTESIAN_POINT('',(-13.8011179743325,-12.3448920952621,3.71197934536212));
#15143=CARTESIAN_POINT('',(-13.8011179743325,-12.3448920952621,3.71197934536212));
#15144=CARTESIAN_POINT('',(-13.8016307480417,-12.2014468939145,4.21700232629812));
#15145=CARTESIAN_POINT('',(-14.3773917002464,0.600171064374207,5.09200232629791));
#15146=CARTESIAN_POINT('',(-14.2895459475316,-8.34316638247918,5.09200232629806));
#15147=CARTESIAN_POINT('',(-14.2895459475316,-8.34316638247919,4.74200232629806));
#15148=CARTESIAN_POINT('',(-14.3774011160202,0.601576713162023,5.09200232629791));
#15149=CARTESIAN_POINT('',(-14.3774017773565,0.601420514799934,4.74200232629791));
#15150=CARTESIAN_POINT('',(-14.3773917002464,0.600171064374201,4.74200232629791));
#15151=CARTESIAN_POINT('',(-13.927413406926,0.604590967136115,4.74200232629791));
#15152=CARTESIAN_POINT('',(-13.8395400406055,-8.34155774589967,5.09200232629806));
#15153=CARTESIAN_POINT('',(-13.8395400406055,-8.34155774589968,4.74200232629806));
#15154=CARTESIAN_POINT('',(-13.927413406926,0.604590967136115,4.74200232629791));
#15155=CARTESIAN_POINT('',(-14.3797961504086,1.27157243240954,-7.7129976737021));
#15156=CARTESIAN_POINT('',(-14.3779903122465,0.766400630244961,4.68700232629794));
#15157=CARTESIAN_POINT('',(-14.3779903122465,0.766400630244961,4.74200232629791));
#15158=CARTESIAN_POINT('',(-14.3781160516585,0.801575435325518,4.7420023262979));
#15159=CARTESIAN_POINT('',(-13.9285478881736,0.923183273809694,-7.7129976737021));
#15160=CARTESIAN_POINT('',(-13.927987437096,0.766400630244961,4.68700232629794));
#15161=CARTESIAN_POINT('',(-13.927987437096,0.766400630244961,4.74200232629791));
#15162=CARTESIAN_POINT('',(-13.9274039911523,0.603185318348299,4.74200232629791));
#15163=CARTESIAN_POINT('',(-13.9274033298159,0.603341516710382,4.74200232629791));
#15164=CARTESIAN_POINT('',(-13.9281189267906,0.803184040511799,4.7420023262979));
#15165=CARTESIAN_POINT('',(-14.1531174892246,0.802379737918656,4.6220023262979));
#15166=CARTESIAN_POINT('',(-14.1533619041699,0.870753272720565,5.08700232629793));
#15167=CARTESIAN_POINT('',(-13.9567909258585,0.871455955199388,5.08700232629794));
#15168=CARTESIAN_POINT('',(-14.3499328824813,0.870050590241661,5.08700232629793));
#15169=CARTESIAN_POINT('',(-13.9284641286438,0.899752075187004,5.08197460319582));
#15170=CARTESIAN_POINT('',(-13.9371809985506,0.889796560575454,5.08405815355028));
#15171=CARTESIAN_POINT('',(-13.946612910921,0.880348177405099,5.08570016499583));
#15172=CARTESIAN_POINT('',(-13.9567909258585,0.871455955199391,5.08700232629794));
#15173=CARTESIAN_POINT('',(-13.9284641286438,0.899752075187012,5.08197460319581));
#15174=CARTESIAN_POINT('',(-13.9281189267906,0.803184040511797,4.6220023262979));
#15175=CARTESIAN_POINT('',(-13.9297990255407,1.27318103759602,4.6220023262979));
#15176=CARTESIAN_POINT('',(-13.9297990255407,1.27318103759602,4.6220023262979));
#15177=CARTESIAN_POINT('',(-14.3797961504086,1.27157243240974,4.6220023262979));
#15178=CARTESIAN_POINT('',(-14.3781160516585,0.801575435325516,4.6220023262979));
#15179=CARTESIAN_POINT('',(-14.3784612535116,0.898143470000715,5.08197460319582));
#15180=CARTESIAN_POINT('',(-14.3499328824813,0.870050590241661,5.08700232629794));
#15181=CARTESIAN_POINT('',(-14.3600889046693,0.878796358984986,5.08571101144386));
#15182=CARTESIAN_POINT('',(-14.3695991585682,0.888166916468933,5.08407576326031));
#15183=CARTESIAN_POINT('',(-14.3784612535116,0.898143470000723,5.08197460319582));
#15184=CARTESIAN_POINT('',(-14.3773917002464,0.600171064374207,5.09200232629791));
#15185=CARTESIAN_POINT('',(-14.2516184571359,-12.2044611478885,5.09200232629812));
#15186=CARTESIAN_POINT('',(-14.2516208685688,-12.2044392017809,4.74200138545986));
#15187=CARTESIAN_POINT('',(-14.3773917002464,0.600171064374201,4.74200232629791));
#15188=CARTESIAN_POINT('',(-13.927413406926,0.604590967136115,4.74200232629791));
#15189=CARTESIAN_POINT('',(-13.927413406926,0.604590967136115,4.74200232629791));
#15190=CARTESIAN_POINT('',(-16.0489598567606,-12.3801389776735,4.21708904488296));
#15191=CARTESIAN_POINT('',(-15.8236441501279,-12.4738791866525,5.08699623041814));
#15192=CARTESIAN_POINT('',(-15.8226489939484,-12.7705523569909,5.05513997490874));
#15193=CARTESIAN_POINT('',(-15.8217253940341,-13.0458933741909,4.85808858002818));
#15194=CARTESIAN_POINT('',(-15.8212997862272,-13.17277438041,4.58695580014154));
#15195=CARTESIAN_POINT('',(-16.2713023846654,-13.1727544759132,4.59011796429565));
#15196=CARTESIAN_POINT('',(-16.2717320727258,-13.0446570759606,4.86126945491999));
#15197=CARTESIAN_POINT('',(-16.2726482251019,-12.7715362979814,5.05532128788903));
#15198=CARTESIAN_POINT('',(-16.2736413305128,-12.4754744970146,5.08700521619941));
#15199=CARTESIAN_POINT('',(-16.0489598567606,-12.3801389776735,4.21708904488296));
#15200=CARTESIAN_POINT('',(-16.2731713137067,-12.6155945895678,3.37395724907903));
#15201=CARTESIAN_POINT('',(-16.272354024724,-12.8592424898638,3.44167468150667));
#15202=CARTESIAN_POINT('',(-16.2716588997577,-13.0664711960606,3.6183758640412));
#15203=CARTESIAN_POINT('',(-16.2713021132187,-13.172835398854,3.84381251655098));
#15204=CARTESIAN_POINT('',(-16.2731713137067,-12.6155945895678,3.37395724907903));
#15205=CARTESIAN_POINT('',(-15.8231738453633,-12.6140851245871,3.37395724907903));
#15206=CARTESIAN_POINT('',(-15.9731730014778,-12.6145882795807,3.37395724907903));
#15207=CARTESIAN_POINT('',(-16.1231721575922,-12.6150914345742,3.37395724907903));
#15208=CARTESIAN_POINT('',(-16.2731713137067,-12.6155945895678,3.37395724907903));
#15209=CARTESIAN_POINT('',(-15.8231738453633,-12.6140851245871,3.37395724907903));
#15210=CARTESIAN_POINT('',(-15.821299604493,-13.1728285584864,3.84705578053852));
#15211=CARTESIAN_POINT('',(-15.8216555982533,-13.0667006966794,3.62003235725786));
#15212=CARTESIAN_POINT('',(-15.8223503202477,-12.8595921233255,3.4421913835714));
#15213=CARTESIAN_POINT('',(-15.8231738453633,-12.6140851245871,3.37395724907903));
#15214=CARTESIAN_POINT('',(-16.2731713137067,-12.6155945895678,3.37395724907903));
#15215=CARTESIAN_POINT('',(-16.2739398458911,-12.3864819292853,5.09200232629812));
#15216=CARTESIAN_POINT('',(-16.2739398458577,-12.3864818466912,4.74198867189939));
#15217=CARTESIAN_POINT('',(-16.2739398464573,-12.3864817604944,4.74197663894033));
#15218=CARTESIAN_POINT('',(-16.2730937082298,-12.6387301167841,4.73948122964061));
#15219=CARTESIAN_POINT('',(-16.2715427739518,-13.1010902957634,4.31144094952202));
#15220=CARTESIAN_POINT('',(-16.2726656283211,-12.7663480990515,3.7791228608541));
#15221=CARTESIAN_POINT('',(-16.2734856949904,-12.5218721226312,3.71117527996666));
#15222=CARTESIAN_POINT('',(-16.2734856949904,-12.5218721226312,3.71117527996663));
#15223=CARTESIAN_POINT('',(-16.2734856949904,-12.5218721226312,3.71117527996662));
#15224=CARTESIAN_POINT('',(-16.3015531765406,-4.15447320864922,1.38561134174181));
#15225=CARTESIAN_POINT('',(-16.3012387952569,-4.24819567558577,1.04839331085417));
#15226=CARTESIAN_POINT('',(-16.3012387952569,-4.24819567558577,1.04839331085417));
#15227=CARTESIAN_POINT('',(-16.2731713137067,-12.6155945895678,3.37395724907903));
#15228=CARTESIAN_POINT('',(-15.823488226647,-12.5203626576505,3.71117527996662));
#15229=CARTESIAN_POINT('',(-15.8231738453633,-12.6140851245871,3.37395724907903));
#15230=CARTESIAN_POINT('',(-15.8512413269135,-4.24668621060505,1.04839331085417));
#15231=CARTESIAN_POINT('',(-15.8515557081972,-4.1529637436685,1.38561134174181));
#15232=CARTESIAN_POINT('',(-15.8515557081972,-4.1529637436685,1.38561134174181));
#15233=CARTESIAN_POINT('',(-15.823488226647,-12.5203626576505,3.71117527996662));
#15234=CARTESIAN_POINT('',(-15.823488226647,-12.5203626576505,3.71117527996663));
#15235=CARTESIAN_POINT('',(-15.823488226647,-12.5203626576505,3.71117527996666));
#15236=CARTESIAN_POINT('',(-15.8226700549678,-12.7642737049518,3.7789658492427));
#15237=CARTESIAN_POINT('',(-15.8215419620253,-13.100577610411,4.31540643921778));
#15238=CARTESIAN_POINT('',(-15.8231056547775,-12.6344139108502,4.74200232629812));
#15239=CARTESIAN_POINT('',(-15.8239597985725,-12.3797789572457,4.74200232629812));
#15240=CARTESIAN_POINT('',(-15.8239597985725,-12.3797789572457,4.74200232629813));
#15241=CARTESIAN_POINT('',(-15.8239597985725,-12.3797789572457,4.74200232629812));
#15242=CARTESIAN_POINT('',(-15.8239656055807,-12.3780477882436,4.74200232629812));
#15243=CARTESIAN_POINT('',(-15.8239714125889,-12.3763166192415,4.74200232629812));
#15244=CARTESIAN_POINT('',(-15.823977219597,-12.3745854502394,4.74200232629812));
#15245=CARTESIAN_POINT('',(-15.8239772195945,-12.3745854502394,4.74200260801446));
#15246=CARTESIAN_POINT('',(-15.8239772195972,-12.3745854501868,4.74200232629812));
#15247=CARTESIAN_POINT('',(-16.4777022419669,0.818270938101694,4.7420023262979));
#15248=CARTESIAN_POINT('',(-16.4675470664985,0.613328849351817,4.74200232629791));
#15249=CARTESIAN_POINT('',(-16.4675470664985,0.613328849351818,4.74200232629791));
#15250=CARTESIAN_POINT('',(-16.0238755858893,-8.34042682308473,4.74200232629806));
#15251=CARTESIAN_POINT('',(-16.0238755858893,-8.34042682308473,4.74200232629806));
#15252=CARTESIAN_POINT('',(-16.4777022419669,0.818270938101694,4.7420023262979));
#15253=CARTESIAN_POINT('',(-16.9271508045807,0.796000114937918,5.0920023262979));
#15254=CARTESIAN_POINT('',(-16.4743528239379,-8.34193789739798,5.09200232629806));
#15255=CARTESIAN_POINT('',(-16.4743528239379,-8.34193789739799,4.74200232629806));
#15256=CARTESIAN_POINT('',(-16.9175096927924,0.601432370253309,5.09200232629791));
#15257=CARTESIAN_POINT('',(-16.9175096927924,0.601432370253303,4.74200232629791));
#15258=CARTESIAN_POINT('',(-16.9271508045807,0.796000114937913,4.7420023262979));
#15259=CARTESIAN_POINT('',(-16.6931992529702,0.807379484621849,4.6270023262979));
#15260=CARTESIAN_POINT('',(-16.6934273745638,0.875386454562525,5.08700232629793));
#15261=CARTESIAN_POINT('',(-16.4916383602163,0.87606333270523,5.08700232629796));
#15262=CARTESIAN_POINT('',(-16.8952163889086,0.874709576417354,5.08700232629793));
#15263=CARTESIAN_POINT('',(-16.4685076736275,0.899702353625752,5.08289725062954));
#15264=CARTESIAN_POINT('',(-16.4757431575792,0.891442398518505,5.0845514175061));
#15265=CARTESIAN_POINT('',(-16.4834507159685,0.883556169350739,5.08589863643266));
#15266=CARTESIAN_POINT('',(-16.4916383602162,0.876063332705123,5.08700232629804));
#15267=CARTESIAN_POINT('',(-16.4685076736275,0.899702353625761,5.08289725062954));
#15268=CARTESIAN_POINT('',(-16.4682005187985,0.808134217112208,4.6270023262979));
#15269=CARTESIAN_POINT('',(-16.4697602992786,1.27313160106706,4.6270023262979));
#15270=CARTESIAN_POINT('',(-16.4697602992786,1.27313160106706,4.6270023262979));
#15271=CARTESIAN_POINT('',(-16.919757767622,1.27162213608634,4.6270023262979));
#15272=CARTESIAN_POINT('',(-16.9181979871419,0.80662475213149,4.6270023262979));
#15273=CARTESIAN_POINT('',(-16.9185051419709,0.898192888645023,5.08289725062954));
#15274=CARTESIAN_POINT('',(-16.8952163889087,0.874709576417383,5.08700232629828));
#15275=CARTESIAN_POINT('',(-16.9034418723111,0.882136261304915,5.08590027684987));
#15276=CARTESIAN_POINT('',(-16.9112034938215,0.889969368689855,5.08455389362787));
#15277=CARTESIAN_POINT('',(-16.9185051419709,0.89819288864503,5.08289725062954));
#15278=CARTESIAN_POINT('',(-16.9181979871419,0.806624752131498,5.0920023262979));
#15279=CARTESIAN_POINT('',(-16.9180630599309,0.766400630244964,4.68700232629794));
#15280=CARTESIAN_POINT('',(-16.9180630599309,0.766400630244964,4.74200232629791));
#15281=CARTESIAN_POINT('',(-16.9181979871419,0.80662475213149,4.7420023262979));
#15282=CARTESIAN_POINT('',(-16.4682005187985,0.808134217112208,4.7420023262979));
#15283=CARTESIAN_POINT('',(-16.4680605282601,0.766400630244964,4.68700232629794));
#15284=CARTESIAN_POINT('',(-16.4680605282601,0.766400630244964,4.74200232629791));
#15285=CARTESIAN_POINT('',(-16.4682005187985,0.808134217112208,4.7420023262979));
#15286=CARTESIAN_POINT('',(-16.9271508045807,0.796000114937918,5.0920023262979));
#15287=CARTESIAN_POINT('',(-16.9271508045807,0.796000114937913,4.7420023262979));
#15288=CARTESIAN_POINT('',(-16.4777022419669,0.818270938101694,4.7420023262979));
#15289=CARTESIAN_POINT('',(-16.4777022419669,0.818270938101694,4.7420023262979));
#15290=CARTESIAN_POINT('',(-9.95620851846231,-12.2034152801615,4.21209006008119));
#15291=CARTESIAN_POINT('',(-9.73118765961945,-12.2187072335475,5.08687135854729));
#15292=CARTESIAN_POINT('',(-9.73090512711781,-12.4278944446697,5.08328596609594));
#15293=CARTESIAN_POINT('',(-9.73035272881485,-12.836890435424,4.92193114357274));
#15294=CARTESIAN_POINT('',(-9.72993228053298,-13.1481905619409,4.33524304018951));
#15295=CARTESIAN_POINT('',(-9.73013595608648,-12.9973890762286,3.68814262861961));
#15296=CARTESIAN_POINT('',(-9.73061212679287,-12.6448320376104,3.42773962890675));
#15297=CARTESIAN_POINT('',(-9.73088526775251,-12.4425983290637,3.37029735807148));
#15298=CARTESIAN_POINT('',(-9.73088526775251,-12.4425983290637,3.37029735807145));
#15299=CARTESIAN_POINT('',(-10.1808848573136,-12.4432061076611,3.37029735807148));
#15300=CARTESIAN_POINT('',(-10.180612636184,-12.6447587735811,3.42754618620476));
#15301=CARTESIAN_POINT('',(-10.1801351563479,-12.9982850925608,3.68822178800249));
#15302=CARTESIAN_POINT('',(-10.1799319302303,-13.1487538156894,4.33520336009754));
#15303=CARTESIAN_POINT('',(-10.1803524891451,-12.8373717764993,4.92187137621526));
#15304=CARTESIAN_POINT('',(-10.1809041838969,-12.4288966953691,5.08334808704567));
#15305=CARTESIAN_POINT('',(-10.1811872489617,-12.2193151742182,5.08687476440685));
#15306=CARTESIAN_POINT('',(-10.1808848573136,-12.4432061076611,3.37029735807145));
#15307=CARTESIAN_POINT('',(-9.73088526775251,-12.4425983290637,3.37029735807144));
#15308=CARTESIAN_POINT('',(-9.88088513093955,-12.4428009219295,3.37029735807144));
#15309=CARTESIAN_POINT('',(-10.0308849941266,-12.4430035147953,3.37029735807144));
#15310=CARTESIAN_POINT('',(-10.1808848573136,-12.4432061076611,3.37029735807144));
#15311=CARTESIAN_POINT('',(-6.94417201929112,-12.0726221468904,4.28700232629793));
#15312=CARTESIAN_POINT('',(-19.5443043601952,-12.871058118024,4.33700232629793));
#15313=CARTESIAN_POINT('',(-19.5443043601952,-12.871058118024,4.33700232629793));
#15314=CARTESIAN_POINT('',(-19.6118643269834,-12.0726221468904,4.28700232629793));
#15315=CARTESIAN_POINT('',(-19.5441720192911,-12.8726221468904,4.28700232629793));
#15316=CARTESIAN_POINT('',(-6.94417201929112,-12.8726221468904,4.28700232629793));
#15317=CARTESIAN_POINT('',(-17.3391720192911,-12.8726221468904,4.28700232629793));
#15318=CARTESIAN_POINT('',(-17.3391720192911,-12.0726221468904,4.28700232629793));
#15319=CARTESIAN_POINT('',(-17.3391720192911,-12.3726221468904,5.0286221750075));
#15320=CARTESIAN_POINT('',(-17.3645608573515,-12.0726221468904,4.28700232629793));
#15321=CARTESIAN_POINT('',(-13.5191720192911,0.077377853109606,4.33700232629793));
#15322=CARTESIAN_POINT('',(-19.5441720192911,-12.8726221468904,4.33700232629793));
#15323=CARTESIAN_POINT('',(-19.5441720192911,-12.8726221468904,4.33700232629793));
#15324=CARTESIAN_POINT('',(-19.5441720192911,-12.8726221468904,3.53700232629793));
#15325=CARTESIAN_POINT('',(-19.6117319860794,-12.0741861757568,3.53700232629793));
#15326=CARTESIAN_POINT('',(-19.6117319860794,-12.0741861757568,4.33700232629793));
#15327=CARTESIAN_POINT('',(-6.94417201929112,-12.8726221468904,3.53700232629793));
#15328=CARTESIAN_POINT('',(-6.94417201929112,-2.27262214689039,3.53700232629793));
#15329=CARTESIAN_POINT('',(-6.94417201929112,-2.27262214689039,3.53700232629793));
#15330=CARTESIAN_POINT('',(-6.94417201929112,-12.8726221468904,3.53700232629793));
#15331=CARTESIAN_POINT('',(-6.94417201929112,-6.37262214689039,3.53700232629793));
#15332=CARTESIAN_POINT('',(-7.49417201929112,-12.8726221468904,3.53700232629793));
#15333=CARTESIAN_POINT('',(-7.4266120525029,-12.0741861757568,3.53700232629793));
#15334=CARTESIAN_POINT('',(-9.69917201929112,-12.0741861757568,3.53700232629793));
#15335=CARTESIAN_POINT('',(-9.69917201929112,-12.0741861757568,3.53700232629793));
#15336=CARTESIAN_POINT('',(-9.69917201929112,-6.37262214689038,3.53700232629793));
#15337=CARTESIAN_POINT('',(-9.69917201929112,-6.37262214689039,3.53700232629793));
#15338=CARTESIAN_POINT('',(5.61504954235737,-6.37262214689039,3.53700232629793));
#15339=CARTESIAN_POINT('',(-10.1991720192911,-6.37262214689039,3.53700232629793));
#15340=CARTESIAN_POINT('',(-10.1991720192911,-12.8726221468904,3.53700232629793));
#15341=CARTESIAN_POINT('',(-10.1991720192911,-12.1334683099216,3.53700232629793));
#15342=CARTESIAN_POINT('',(-10.7191720192911,-12.1334683099216,3.53700232629793));
#15343=CARTESIAN_POINT('',(-10.7191720192911,-12.1334683099216,3.53700232629793));
#15344=CARTESIAN_POINT('',(-10.7191720192911,-12.372618019233,3.53700232629793));
#15345=CARTESIAN_POINT('',(-10.7191720192911,-6.37262214689041,3.53700232629793));
#15346=CARTESIAN_POINT('',(5.61504954235737,-6.37262214689039,3.53700232629793));
#15347=CARTESIAN_POINT('',(-11.2191720192911,-6.37262214689039,3.53700232629793));
#15348=CARTESIAN_POINT('',(-11.2191720192911,-12.8726221468904,3.53700232629793));
#15349=CARTESIAN_POINT('',(-11.2191720192911,-12.0726221468904,3.53700232629793));
#15350=CARTESIAN_POINT('',(-6.94417201929112,-12.0726221468904,3.53700232629793));
#15351=CARTESIAN_POINT('',(-11.7391720192911,-12.0726221468904,3.53700232629793));
#15352=CARTESIAN_POINT('',(-11.7391720192911,-12.372621838885,3.53700232629793));
#15353=CARTESIAN_POINT('',(-11.7391720192911,-6.37262214689039,3.53700232629793));
#15354=CARTESIAN_POINT('',(5.61504954235737,-6.37262214689039,3.53700232629793));
#15355=CARTESIAN_POINT('',(-12.2391720192911,-6.37262214689039,3.53700232629793));
#15356=CARTESIAN_POINT('',(-12.2391720192911,-12.8726221468904,3.53700232629793));
#15357=CARTESIAN_POINT('',(-12.2391720192911,-12.0741861757568,3.53700232629793));
#15358=CARTESIAN_POINT('',(-12.7591720192911,-12.0741861757568,3.53700232629793));
#15359=CARTESIAN_POINT('',(-12.7591720192911,-12.0741861757568,3.53700232629793));
#15360=CARTESIAN_POINT('',(-12.7591720192911,-6.41085744100803,3.53700232629793));
#15361=CARTESIAN_POINT('',(-12.7591720192911,-6.37262214689039,3.53700232629793));
#15362=CARTESIAN_POINT('',(5.61504954235737,-6.37262214689039,3.53700232629793));
#15363=CARTESIAN_POINT('',(-13.2591720192911,-6.37262214689039,3.53700232629793));
#15364=CARTESIAN_POINT('',(-13.2591720192911,-12.8726221468904,3.53700232629793));
#15365=CARTESIAN_POINT('',(-13.2591720192911,-12.0726221468904,3.53700232629793));
#15366=CARTESIAN_POINT('',(-6.94417201929112,-12.0726221468904,3.53700232629793));
#15367=CARTESIAN_POINT('',(-13.7791720192911,-12.0726221468904,3.53700232629793));
#15368=CARTESIAN_POINT('',(-13.7791720192911,-12.372626152046,3.53700232629793));
#15369=CARTESIAN_POINT('',(-13.7791720192911,-6.37262214689039,3.53700232629793));
#15370=CARTESIAN_POINT('',(5.61504954235737,-6.37262214689039,3.53700232629793));
#15371=CARTESIAN_POINT('',(-14.2791720192911,-6.37262214689039,3.53700232629793));
#15372=CARTESIAN_POINT('',(-14.2791720192911,-12.8726221468904,3.53700232629793));
#15373=CARTESIAN_POINT('',(-14.2791720192911,-12.0741861757568,3.53700232629793));
#15374=CARTESIAN_POINT('',(-14.7991720192911,-12.0741861757568,3.53700232629793));
#15375=CARTESIAN_POINT('',(-14.7991720192911,-12.0741861757568,3.53700232629793));
#15376=CARTESIAN_POINT('',(-14.7991720192911,-12.372626152046,3.53700232629793));
#15377=CARTESIAN_POINT('',(-14.7991720192911,-6.37262214689039,3.53700232629793));
#15378=CARTESIAN_POINT('',(5.61504954235737,-6.37262214689039,3.53700232629793));
#15379=CARTESIAN_POINT('',(-15.2991720192911,-6.37262214689039,3.53700232629793));
#15380=CARTESIAN_POINT('',(-15.2991720192911,-12.8726221468904,3.53700232629793));
#15381=CARTESIAN_POINT('',(-15.2991720192911,-12.0726221468904,3.53700232629793));
#15382=CARTESIAN_POINT('',(-6.94417201929112,-12.0726221468904,3.53700232629793));
#15383=CARTESIAN_POINT('',(-15.8191720192911,-12.0726221468904,3.53700232629793));
#15384=CARTESIAN_POINT('',(-15.8191720192911,-12.3726221468904,3.53700232629793));
#15385=CARTESIAN_POINT('',(-15.8191720192911,-6.37262214689039,3.53700232629793));
#15386=CARTESIAN_POINT('',(5.61504954235737,-6.37262214689039,3.53700232629793));
#15387=CARTESIAN_POINT('',(-16.3191720192911,-6.37262214689039,3.53700232629793));
#15388=CARTESIAN_POINT('',(-16.3191720192911,-12.8726221468904,3.53700232629793));
#15389=CARTESIAN_POINT('',(-16.3191720192911,-12.0726221468904,3.53700232629793));
#15390=CARTESIAN_POINT('',(-6.94417201929112,-12.0726221468904,3.53700232629793));
#15391=CARTESIAN_POINT('',(-16.8391720192911,-12.0726221468904,3.53700232629793));
#15392=CARTESIAN_POINT('',(-16.8391720192911,-12.3726221468904,3.53700232629793));
#15393=CARTESIAN_POINT('',(-16.8391720192911,-6.37262214689039,3.53700232629793));
#15394=CARTESIAN_POINT('',(5.61504954235737,-6.37262214689039,3.53700232629793));
#15395=CARTESIAN_POINT('',(-17.3391720192911,-6.37262214689039,3.53700232629793));
#15396=CARTESIAN_POINT('',(-17.3391720192911,-6.37262214689039,3.53700232629793));
#15397=CARTESIAN_POINT('',(-17.3391720192911,-12.0741861757568,3.53700232629793));
#15398=CARTESIAN_POINT('',(-19.5441720192911,-12.0741861757568,3.53700232629793));
#15399=CARTESIAN_POINT('',(-13.9428129170774,-4.17799262511316,1.30117282312067));
#15400=CARTESIAN_POINT('',(-14.2803962230132,-4.15529154544494,1.38534331994333));
#15401=CARTESIAN_POINT('',(-13.8300572490059,-4.24931307449037,1.04866133265267));
#15402=CARTESIAN_POINT('',(-14.250773250061,-12.4421308346801,3.37529735807152));
#15403=CARTESIAN_POINT('',(-14.2516278729096,-12.2030554991008,4.21700232629812));
#15404=CARTESIAN_POINT('',(-14.2511150992004,-12.3465007004483,3.71197934536212));
#15405=CARTESIAN_POINT('',(-14.2511150992004,-12.3465007004483,3.71197934536212));
#15406=CARTESIAN_POINT('',(-14.250773250061,-12.4421308346801,3.37529735807152));
#15407=CARTESIAN_POINT('',(-13.8007761251931,-12.4405222294938,3.37529735807152));
#15408=CARTESIAN_POINT('',(-14.2511150992004,-12.3465007004483,3.71197934536212));
#15409=CARTESIAN_POINT('',(-14.2511150992004,-12.3465007004483,3.71197934536212));
#15410=CARTESIAN_POINT('',(-6.94417201929112,-2.27262214689039,3.53700232629793));
#15411=CARTESIAN_POINT('',(-20.0941720192911,-2.27262214689039,-4.81299767370207));
#15412=CARTESIAN_POINT('',(-20.0941720192911,-2.27262214689039,-4.81299767370207));
#15413=CARTESIAN_POINT('',(-20.0941720192911,-2.27262214689039,-4.81299767370207));
#15414=CARTESIAN_POINT('',(-20.0941720192911,-2.27262214689039,-4.81299767370207));
#15415=CARTESIAN_POINT('',(-6.94417201929112,-2.27262214689039,3.53700232629793));
#15416=CARTESIAN_POINT('',(-20.0941720192911,-2.27262214689039,-4.81299767370207));
#15417=CARTESIAN_POINT('',(-11.6141720192911,1.09737785310961,-4.81299767370207));
#15418=CARTESIAN_POINT('',(-11.3141720192911,1.09737785310961,-4.81299767370207));
#15419=CARTESIAN_POINT('',(-20.0941720192911,-2.27262214689039,-4.81299767370207));
#15420=CARTESIAN_POINT('',(-14.1541720192911,1.09737785310961,-4.81299767370207));
#15421=CARTESIAN_POINT('',(-13.8541720192911,1.09737785310961,-4.81299767370207));
#15422=CARTESIAN_POINT('',(-20.0941720192911,-2.27262214689039,-4.81299767370207));
#15423=CARTESIAN_POINT('',(-16.6941720192911,1.09737785310961,-4.81299767370207));
#15424=CARTESIAN_POINT('',(-16.3941720192911,1.09737785310961,-4.81299767370207));
#15425=CARTESIAN_POINT('',(-20.0941720192911,-2.27262214689039,-4.81299767370207));
#15426=CARTESIAN_POINT('',(-17.9641720192911,-1.44262214689039,-4.81299767370207));
#15427=CARTESIAN_POINT('',(-17.6641720192911,-1.44262214689039,-4.81299767370207));
#15428=CARTESIAN_POINT('',(-20.0941720192911,-2.27262214689039,-4.81299767370207));
#15429=CARTESIAN_POINT('',(-15.4241720192911,-1.44262214689039,-4.81299767370207));
#15430=CARTESIAN_POINT('',(-15.1241720192911,-1.44262214689039,-4.81299767370207));
#15431=CARTESIAN_POINT('',(-20.0941720192911,-2.27262214689039,-4.81299767370207));
#15432=CARTESIAN_POINT('',(-12.8841720192911,-1.44262214689039,-4.81299767370207));
#15433=CARTESIAN_POINT('',(-12.5841720192911,-1.44262214689039,-4.81299767370207));
#15434=CARTESIAN_POINT('',(-20.0941720192911,-2.27262214689039,-4.81299767370207));
#15435=CARTESIAN_POINT('',(-9.07417201929112,1.09737785310961,-4.81299767370207));
#15436=CARTESIAN_POINT('',(-8.77417201929113,1.09737785310961,-4.81299767370207));
#15437=CARTESIAN_POINT('',(-20.0941720192911,-2.27262214689039,-4.81299767370207));
#15438=CARTESIAN_POINT('',(-10.3441720192911,-1.44262214689039,-4.81299767370207));
#15439=CARTESIAN_POINT('',(-10.0441720192911,-1.44262214689039,-4.81299767370207));
#15440=CARTESIAN_POINT('',(-8.77417201929113,0.766400630244961,4.68700232629794));
#15441=CARTESIAN_POINT('',(-8.77417201929113,0.766400630244961,4.73700232629791));
#15442=CARTESIAN_POINT('',(-8.84872478950313,0.766400630244961,4.73700232629791));
#15443=CARTESIAN_POINT('',(-9.29872519994238,0.766400630244961,4.73700232629791));
#15444=CARTESIAN_POINT('',(-9.29872519994238,0.766400630244961,4.68700232629794));
#15445=CARTESIAN_POINT('',(-9.37417201929112,0.76640063024496,4.68700232629794));
#15446=CARTESIAN_POINT('',(-9.37417201929112,0.76640063024496,4.68700232629794));
#15447=CARTESIAN_POINT('',(-8.77417201929113,0.766400630244961,4.68700232629794));
#15448=CARTESIAN_POINT('',(-8.77417201929113,0.766400630244961,4.68700232629794));
#15449=CARTESIAN_POINT('',(-8.77417201929113,0.766400630244961,4.68700232629794));
#15450=CARTESIAN_POINT('',(-8.84872478950313,0.766400630244961,4.68700232629794));
#15451=CARTESIAN_POINT('',(-16.3941720192911,0.766400630244964,4.68700232629794));
#15452=CARTESIAN_POINT('',(-16.3941720192911,0.766400630244964,4.74200232629791));
#15453=CARTESIAN_POINT('',(-16.9941720192911,0.766400630244963,4.68700232629794));
#15454=CARTESIAN_POINT('',(-16.9941720192911,0.766400630244963,4.68700232629794));
#15455=CARTESIAN_POINT('',(-16.3941720192911,0.766400630244964,4.68700232629794));
#15456=CARTESIAN_POINT('',(-16.3941720192911,0.766400630244964,4.68700232629794));
#15457=CARTESIAN_POINT('',(-16.3941720192911,0.766400630244964,4.68700232629794));
#15458=CARTESIAN_POINT('',(-13.8541720192911,0.766400630244961,4.68700232629794));
#15459=CARTESIAN_POINT('',(-14.4541720192911,0.766400630244961,4.68700232629794));
#15460=CARTESIAN_POINT('',(-14.4541720192911,0.766400630244961,4.68700232629794));
#15461=CARTESIAN_POINT('',(-13.8541720192911,0.766400630244961,4.68700232629794));
#15462=CARTESIAN_POINT('',(-13.8541720192911,0.766400630244961,4.68700232629794));
#15463=CARTESIAN_POINT('',(-13.8541720192911,0.766400630244961,4.68700232629794));
#15464=CARTESIAN_POINT('',(-13.8541720192911,0.766400630244961,4.74200232629791));
#15465=CARTESIAN_POINT('',(-11.3141720192911,0.766400630244961,4.68700232629794));
#15466=CARTESIAN_POINT('',(-11.3141720192911,0.766400630244961,4.7370023262979));
#15467=CARTESIAN_POINT('',(-11.3895401849716,0.766400630244961,4.7370023262979));
#15468=CARTESIAN_POINT('',(-11.8395404635846,0.766400630244961,4.7370023262979));
#15469=CARTESIAN_POINT('',(-11.8395404635846,0.766400630244961,4.68700232629794));
#15470=CARTESIAN_POINT('',(-11.9141720192911,0.766400630244961,4.68700232629794));
#15471=CARTESIAN_POINT('',(-11.9141720192911,0.766400630244961,4.68700232629794));
#15472=CARTESIAN_POINT('',(-11.3141720192911,0.766400630244961,4.68700232629794));
#15473=CARTESIAN_POINT('',(-11.3141720192911,0.766400630244961,4.68700232629794));
#15474=CARTESIAN_POINT('',(-11.3141720192911,0.766400630244961,4.68700232629794));
#15475=CARTESIAN_POINT('',(-11.3895401849716,0.766400630244961,4.68700232629794));
#15476=CARTESIAN_POINT('',(-13.5191720192911,-12.1726221468904,4.48700232629793));
#15477=CARTESIAN_POINT('',(-16.3294467560269,-12.1726221468904,4.48700232629793));
#15478=CARTESIAN_POINT('',(-16.3294467560269,-12.1726221468904,4.68700232629793));
#15479=CARTESIAN_POINT('',(-16.3191720192911,-12.3726221468904,4.48700232629793));
#15480=CARTESIAN_POINT('',(-13.5191720192911,-12.3726221468904,4.48700232629793));
#15481=CARTESIAN_POINT('',(-15.8191720192911,-12.3726221468904,4.48700232629793));
#15482=CARTESIAN_POINT('',(-15.8279245728068,-12.1726221468904,4.48700232629793));
#15483=CARTESIAN_POINT('',(-15.8279245728068,-12.1726221468904,4.68700232629793));
#15484=CARTESIAN_POINT('',(-13.5191720192911,-12.1726221468904,4.68700232629793));
#15485=CARTESIAN_POINT('',(-13.5191720192911,-12.1726221468904,4.48700232629793));
#15486=CARTESIAN_POINT('',(-15.3069489333848,-12.1726221468904,4.48700232629793));
#15487=CARTESIAN_POINT('',(-15.3069489333848,-12.1726221468904,4.68700232629793));
#15488=CARTESIAN_POINT('',(-15.2991720192911,-12.372626152046,4.48700232629793));
#15489=CARTESIAN_POINT('',(-13.5191720192911,-12.3726221468904,4.48700232629793));
#15490=CARTESIAN_POINT('',(-14.7991720192911,-12.3726221468904,4.48700232629793));
#15491=CARTESIAN_POINT('',(-14.8051190712451,-12.1726221468904,4.48700232629793));
#15492=CARTESIAN_POINT('',(-14.8051190712451,-12.1726221468904,4.68700232629793));
#15493=CARTESIAN_POINT('',(-13.5191720192911,-12.1726221468904,4.68700232629793));
#15494=CARTESIAN_POINT('',(-13.5191720192911,-12.1726221468904,4.48700232629793));
#15495=CARTESIAN_POINT('',(-14.2818358924594,-12.1726221468904,4.48700232629793));
#15496=CARTESIAN_POINT('',(-14.2791720192911,-12.372626152046,4.48700232629793));
#15497=CARTESIAN_POINT('',(-14.2818358924594,-12.1726221468904,4.68700232629793));
#15498=CARTESIAN_POINT('',(-14.2791720192911,-12.3726221468904,4.48700232629793));
#15499=CARTESIAN_POINT('',(-13.7791720192911,-12.3726221468904,4.48700232629793));
#15500=CARTESIAN_POINT('',(-13.7803136792204,-12.1726221468904,4.48700232629793));
#15501=CARTESIAN_POINT('',(-13.7803136792204,-12.1726221468904,4.68700232629793));
#15502=CARTESIAN_POINT('',(-13.7791720192911,-12.1726221468904,4.68700232629793));
#15503=CARTESIAN_POINT('',(5.61504954235737,-12.1726221468904,4.18374701568878));
#15504=CARTESIAN_POINT('',(-16.8391720192911,-12.1726221468904,4.18374701568878));
#15505=CARTESIAN_POINT('',(-16.8391720192911,-12.3726221468904,4.18374701568878));
#15506=CARTESIAN_POINT('',(-16.8391720192911,-12.1879614466673,3.98433611858847));
#15507=CARTESIAN_POINT('',(-13.5191720192911,-12.3726221468904,4.18374701568878));
#15508=CARTESIAN_POINT('',(-17.3391720192911,-12.3726221468904,4.18374701568878));
#15509=CARTESIAN_POINT('',(-17.3391720192911,-12.1726221468904,4.18374701568878));
#15510=CARTESIAN_POINT('',(-17.3391720192911,-12.1879614466673,3.98433611858847));
#15511=CARTESIAN_POINT('',(5.61504954235737,-12.1879614466673,3.98433611858847));
#15512=CARTESIAN_POINT('',(5.61504954235737,-12.1726221468904,4.18374701568878));
#15513=CARTESIAN_POINT('',(-15.8191720192911,-12.1726221468904,4.18374701568878));
#15514=CARTESIAN_POINT('',(-15.8191720192911,-12.1879614466673,3.98433611858847));
#15515=CARTESIAN_POINT('',(-15.8191720192911,-12.3726221468904,4.18374701568878));
#15516=CARTESIAN_POINT('',(-13.5191720192911,-12.3726221468904,4.18374701568878));
#15517=CARTESIAN_POINT('',(-16.3191720192911,-12.3726221468904,4.18374701568878));
#15518=CARTESIAN_POINT('',(-16.3191720192911,-12.1726221468904,4.18374701568878));
#15519=CARTESIAN_POINT('',(-16.3191720192911,-12.1879614466673,3.98433611858847));
#15520=CARTESIAN_POINT('',(5.61504954235737,-12.1879614466673,3.98433611858847));
#15521=CARTESIAN_POINT('',(5.61504954235737,-12.1726221468904,4.18374701568878));
#15522=CARTESIAN_POINT('',(-14.7991720192911,-12.1726221468904,4.18374701568878));
#15523=CARTESIAN_POINT('',(-14.7991720192911,-12.1879614466673,3.98433611858847));
#15524=CARTESIAN_POINT('',(-14.7991720192911,-12.3726221468904,4.18374701568878));
#15525=CARTESIAN_POINT('',(-13.5191720192911,-12.3726221468904,4.18374701568878));
#15526=CARTESIAN_POINT('',(-15.2991720192911,-12.3726221468904,4.18374701568878));
#15527=CARTESIAN_POINT('',(-15.2991720192911,-12.1726221468904,4.18374701568878));
#15528=CARTESIAN_POINT('',(-15.2991720192911,-12.1879614466673,3.98433611858847));
#15529=CARTESIAN_POINT('',(5.61504954235737,-12.1879614466673,3.98433611858847));
#15530=CARTESIAN_POINT('',(5.61504954235737,-12.1726221468904,4.18374701568878));
#15531=CARTESIAN_POINT('',(-13.7791720192911,-12.1726221468904,4.18374701568878));
#15532=CARTESIAN_POINT('',(-13.7791720192911,-12.3726221468904,4.18374701568878));
#15533=CARTESIAN_POINT('',(-13.7791720192911,-12.1879614466673,3.98433611858847));
#15534=CARTESIAN_POINT('',(-13.5191720192911,-12.3726221468904,4.18374701568878));
#15535=CARTESIAN_POINT('',(-14.2791720192911,-12.3726221468904,4.18374701568878));
#15536=CARTESIAN_POINT('',(-14.2791720192911,-12.1726221468904,4.18374701568878));
#15537=CARTESIAN_POINT('',(-14.2791720192911,-12.1879614466673,3.98433611858847));
#15538=CARTESIAN_POINT('',(5.61504954235737,-12.1879614466673,3.98433611858847));
#15539=CARTESIAN_POINT('',(-13.5191720192911,-12.1726221468904,4.48700232629793));
#15540=CARTESIAN_POINT('',(-13.2577996226864,-12.1726221468904,4.48700232629793));
#15541=CARTESIAN_POINT('',(-13.2577996226864,-12.1726221468904,4.68700232629793));
#15542=CARTESIAN_POINT('',(-13.2591720192911,-12.372626152046,4.48700232629793));
#15543=CARTESIAN_POINT('',(-13.2591720192911,-12.3726221468904,4.48700232629793));
#15544=CARTESIAN_POINT('',(-12.7591720192911,-12.3726221468904,4.48700232629793));
#15545=CARTESIAN_POINT('',(-12.7591720192911,-12.1726221468904,4.48700232629793));
#15546=CARTESIAN_POINT('',(-12.7591720192911,-12.1726221468904,4.68700232629793));
#15547=CARTESIAN_POINT('',(-12.7591720192911,-12.1726221468904,4.68700232629793));
#15548=CARTESIAN_POINT('',(-13.5191720192911,-12.1726221468904,4.48700232629793));
#15549=CARTESIAN_POINT('',(-10.1866142811012,-12.1726221468904,4.48700232629793));
#15550=CARTESIAN_POINT('',(-10.1866142811012,-12.1726221468904,4.68700232629793));
#15551=CARTESIAN_POINT('',(-10.1991720192911,-12.3726177257842,4.48700232629793));
#15552=CARTESIAN_POINT('',(-13.5191720192911,-12.3726221468904,4.48700232629793));
#15553=CARTESIAN_POINT('',(-9.69917201929112,-12.3726221468904,4.48700232629793));
#15554=CARTESIAN_POINT('',(-9.68509213101759,-12.1726221468904,4.48700232629793));
#15555=CARTESIAN_POINT('',(-9.68509213101759,-12.1726221468904,4.68700232629793));
#15556=CARTESIAN_POINT('',(-13.5191720192911,-12.1726221468904,4.68700232629793));
#15557=CARTESIAN_POINT('',(-13.5191720192911,-12.1726221468904,4.48700232629793));
#15558=CARTESIAN_POINT('',(-11.2086507320061,-12.1726221468904,4.48700232629793));
#15559=CARTESIAN_POINT('',(-11.2086507320061,-12.1726221468904,4.68700232629793));
#15560=CARTESIAN_POINT('',(-11.2191720192911,-12.372618019233,4.48700232629793));
#15561=CARTESIAN_POINT('',(-13.5191720192911,-12.3726221468904,4.48700232629793));
#15562=CARTESIAN_POINT('',(-10.7191720192911,-12.3726221468904,4.48700232629793));
#15563=CARTESIAN_POINT('',(-10.7068209429131,-12.1726221468904,4.48700232629793));
#15564=CARTESIAN_POINT('',(-10.7068209429131,-12.1726221468904,4.68700232629793));
#15565=CARTESIAN_POINT('',(-13.5191720192911,-12.1726221468904,4.68700232629793));
#15566=CARTESIAN_POINT('',(-13.5191720192911,-12.1726221468904,4.48700232629793));
#15567=CARTESIAN_POINT('',(-12.2342249313285,-12.1726221468904,4.48700232629793));
#15568=CARTESIAN_POINT('',(-12.2342249313285,-12.1726221468904,4.68700232629793));
#15569=CARTESIAN_POINT('',(-12.2391720192911,-12.372621838885,4.48700232629793));
#15570=CARTESIAN_POINT('',(-13.5191720192911,-12.3726221468904,4.48700232629793));
#15571=CARTESIAN_POINT('',(-11.7391720192911,-12.3726221468904,4.48700232629793));
#15572=CARTESIAN_POINT('',(-11.7327027504169,-12.1726221468904,4.48700232629793));
#15573=CARTESIAN_POINT('',(-11.7327027504169,-12.1726221468904,4.68700232629793));
#15574=CARTESIAN_POINT('',(-13.5191720192911,-12.1726221468904,4.68700232629793));
#15575=CARTESIAN_POINT('',(5.61504954235737,-12.1726221468904,4.18374701568878));
#15576=CARTESIAN_POINT('',(-9.69917201929112,-12.1726221468904,4.18374701568878));
#15577=CARTESIAN_POINT('',(-9.69917201929112,-12.1879614466673,3.98433611858847));
#15578=CARTESIAN_POINT('',(-9.69917201929112,-12.3726221468904,4.18374701568878));
#15579=CARTESIAN_POINT('',(-13.5191720192911,-12.3726221468904,4.18374701568878));
#15580=CARTESIAN_POINT('',(-10.1991720192911,-12.3726221468904,4.18374701568878));
#15581=CARTESIAN_POINT('',(-10.1991720192911,-12.1726221468904,4.18374701568878));
#15582=CARTESIAN_POINT('',(-10.1991720192911,-12.1879614466673,3.98433611858847));
#15583=CARTESIAN_POINT('',(5.61504954235737,-12.1879614466673,3.98433611858847));
#15584=CARTESIAN_POINT('',(5.61504954235737,-12.1726221468904,4.18374701568878));
#15585=CARTESIAN_POINT('',(-10.7191720192911,-12.1726221468904,4.18374701568878));
#15586=CARTESIAN_POINT('',(-10.7191720192911,-12.1879614466673,3.98433611858847));
#15587=CARTESIAN_POINT('',(-10.7191720192911,-12.3726221468904,4.18374701568878));
#15588=CARTESIAN_POINT('',(-13.5191720192911,-12.3726221468904,4.18374701568878));
#15589=CARTESIAN_POINT('',(-11.2191720192911,-12.3726221468904,4.18374701568878));
#15590=CARTESIAN_POINT('',(-11.2191720192911,-12.1726221468904,4.18374701568878));
#15591=CARTESIAN_POINT('',(-11.2191720192911,-12.1879614466673,3.98433611858847));
#15592=CARTESIAN_POINT('',(5.61504954235737,-12.1879614466673,3.98433611858847));
#15593=CARTESIAN_POINT('',(5.61504954235737,-12.1726221468904,4.18374701568878));
#15594=CARTESIAN_POINT('',(-11.7391720192911,-12.1726221468904,4.18374701568878));
#15595=CARTESIAN_POINT('',(-11.7391720192911,-12.1879614466673,3.98433611858847));
#15596=CARTESIAN_POINT('',(-11.7391720192911,-12.3726221468904,4.18374701568878));
#15597=CARTESIAN_POINT('',(-13.5191720192911,-12.3726221468904,4.18374701568878));
#15598=CARTESIAN_POINT('',(-12.2391720192911,-12.3726221468904,4.18374701568878));
#15599=CARTESIAN_POINT('',(-12.2391720192911,-12.1726221468904,4.18374701568878));
#15600=CARTESIAN_POINT('',(-12.2391720192911,-12.1879614466673,3.98433611858847));
#15601=CARTESIAN_POINT('',(5.61504954235737,-12.1879614466673,3.98433611858847));
#15602=CARTESIAN_POINT('',(5.61504954235737,-12.1726221468904,4.18374701568878));
#15603=CARTESIAN_POINT('',(-12.7591720192911,-12.1726221468904,4.18374701568878));
#15604=CARTESIAN_POINT('',(-12.7591720192911,-12.1879614466673,3.98433611858847));
#15605=CARTESIAN_POINT('',(-12.7591720192911,-12.3726221468904,4.18374701568878));
#15606=CARTESIAN_POINT('',(-13.5191720192911,-12.3726221468904,4.18374701568878));
#15607=CARTESIAN_POINT('',(-13.2591720192911,-12.3726221468904,4.18374701568878));
#15608=CARTESIAN_POINT('',(-13.2591720192911,-12.1726221468904,4.18374701568878));
#15609=CARTESIAN_POINT('',(-13.2591720192911,-12.1879614466673,3.98433611858847));
#15610=CARTESIAN_POINT('',(5.61504954235737,-12.1879614466673,3.98433611858847));
#15611=CARTESIAN_POINT('',(-13.5191720192911,-12.1726221468904,4.48700232629793));
#15612=CARTESIAN_POINT('',(-17.3560979113314,-12.1726221468904,4.48700232629793));
#15613=CARTESIAN_POINT('',(-17.3391720192911,-12.3726221468904,4.48700232629793));
#15614=CARTESIAN_POINT('',(-17.3560979113314,-12.1726221468904,4.68700232629793));
#15615=CARTESIAN_POINT('',(-17.3391720192911,-12.3726221468904,4.48700232629793));
#15616=CARTESIAN_POINT('',(-16.8391720192911,-12.3726221468904,4.48700232629793));
#15617=CARTESIAN_POINT('',(-16.8542680851649,-12.1726221468904,4.48700232629793));
#15618=CARTESIAN_POINT('',(-16.8542680851649,-12.1726221468904,4.68700232629793));
#15619=CARTESIAN_POINT('',(-16.8391720192911,-12.1726221468904,4.68700232629793));
#15620=CARTESIAN_POINT('',(-6.94417201929112,-12.0741861757568,4.33700232629793));
#15621=CARTESIAN_POINT('',(-17.3391720192911,-12.0741861757568,4.33700232629793));
#15622=CARTESIAN_POINT('',(-6.94417201929112,-12.0741861757568,4.28700232629793));
#15623=CARTESIAN_POINT('',(-16.3345037744705,-12.0741861757568,4.28700232629793));
#15624=CARTESIAN_POINT('',(-16.3191720192911,-12.3726221468904,5.02925293837822));
#15625=CARTESIAN_POINT('',(-16.8616980646878,-12.0741861757568,4.28700232629793));
#15626=CARTESIAN_POINT('',(-16.8391720192911,-12.3726221468904,5.02925293837822));
#15627=CARTESIAN_POINT('',(-16.8391720192911,-12.0741861757568,4.28700232629793));
#15628=CARTESIAN_POINT('',(-16.8391720192911,-12.8726221468904,4.33700232629793));
#15629=CARTESIAN_POINT('',(-6.94417201929112,-12.8726221468904,4.33700232629793));
#15630=CARTESIAN_POINT('',(-16.3191720192911,-12.8726221468904,4.33700232629793));
#15631=CARTESIAN_POINT('',(-16.3191720192911,-12.0741861757568,4.28700232629793));
#15632=CARTESIAN_POINT('',(-6.94417201929112,-12.0726221468904,4.33700232629793));
#15633=CARTESIAN_POINT('',(-16.3191720192911,-12.0726221468904,4.33700232629793));
#15634=CARTESIAN_POINT('',(-16.8391720192911,-12.0726221468904,4.33700232629793));
#15635=CARTESIAN_POINT('',(-6.94417201929112,-12.0741861757568,4.28700232629793));
#15636=CARTESIAN_POINT('',(-15.310776497191,-12.0741861757568,4.28700232629793));
#15637=CARTESIAN_POINT('',(-15.2991720192911,-12.372626152046,5.0292513280167));
#15638=CARTESIAN_POINT('',(-15.8322324033328,-12.0741861757568,4.28700232629793));
#15639=CARTESIAN_POINT('',(-15.8191720192911,-12.3726221468904,5.02925293837822));
#15640=CARTESIAN_POINT('',(-15.8191720192911,-12.0741861757568,4.28700232629793));
#15641=CARTESIAN_POINT('',(-15.8191720192911,-12.8726221468904,4.33700232629793));
#15642=CARTESIAN_POINT('',(-6.94417201929112,-12.8726221468904,4.33700232629793));
#15643=CARTESIAN_POINT('',(-15.2991720192911,-12.8726221468904,4.33700232629793));
#15644=CARTESIAN_POINT('',(-15.2991720192911,-12.0741861757568,4.28700232629793));
#15645=CARTESIAN_POINT('',(-6.94417201929112,-12.0726221468904,4.33700232629793));
#15646=CARTESIAN_POINT('',(-15.2991720192911,-12.0726221468904,4.33700232629793));
#15647=CARTESIAN_POINT('',(-15.8191720192911,-12.0726221468904,4.33700232629793));
#15648=CARTESIAN_POINT('',(-6.94417201929112,-12.0741861757568,4.33700232629793));
#15649=CARTESIAN_POINT('',(-14.2791720192911,-12.0741861757568,4.33700232629793));
#15650=CARTESIAN_POINT('',(-14.2791720192911,-12.8726221468904,4.28700232629793));
#15651=CARTESIAN_POINT('',(-6.94417201929112,-12.8726221468904,4.28700232629793));
#15652=CARTESIAN_POINT('',(-14.7991720192911,-12.8726221468904,4.28700232629793));
#15653=CARTESIAN_POINT('',(-14.7991720192911,-12.0741861757568,4.33700232629793));
#15654=CARTESIAN_POINT('',(-6.94417201929112,-12.0726221468904,4.28700232629793));
#15655=CARTESIAN_POINT('',(-14.283167802371,-12.0726221468904,4.28700232629793));
#15656=CARTESIAN_POINT('',(-14.2791720192911,-12.372626152046,5.02862055482969));
#15657=CARTESIAN_POINT('',(-14.8080925376761,-12.0726221468904,4.28700232629793));
#15658=CARTESIAN_POINT('',(-14.7991720192911,-12.372626152046,5.02862055482969));
#15659=CARTESIAN_POINT('',(-14.7991720192911,-12.0726221468904,4.28700232629793));
#15660=CARTESIAN_POINT('',(-14.2791720192911,-12.0726221468904,4.28700232629793));
#15661=CARTESIAN_POINT('',(-6.94417201929112,-12.0741861757568,4.28700232629793));
#15662=CARTESIAN_POINT('',(-13.25712417025,-12.0741861757568,4.28700232629793));
#15663=CARTESIAN_POINT('',(-13.2591720192911,-12.372626152046,5.0292513280167));
#15664=CARTESIAN_POINT('',(-13.7808755699873,-12.0741861757568,4.28700232629793));
#15665=CARTESIAN_POINT('',(-13.7791720192911,-12.372626152046,5.0292513280167));
#15666=CARTESIAN_POINT('',(-13.7791720192911,-12.0741861757568,4.28700232629793));
#15667=CARTESIAN_POINT('',(-13.7791720192911,-12.8726221468904,4.33700232629793));
#15668=CARTESIAN_POINT('',(-6.94417201929112,-12.8726221468904,4.33700232629793));
#15669=CARTESIAN_POINT('',(-13.2591720192911,-12.8726221468904,4.33700232629793));
#15670=CARTESIAN_POINT('',(-13.2591720192911,-12.0741861757568,4.28700232629793));
#15671=CARTESIAN_POINT('',(-6.94417201929112,-12.0726221468904,4.33700232629793));
#15672=CARTESIAN_POINT('',(-13.2591720192911,-12.0726221468904,4.33700232629793));
#15673=CARTESIAN_POINT('',(-13.7791720192911,-12.0726221468904,4.33700232629793));
#15674=CARTESIAN_POINT('',(-6.94417201929112,-12.0741861757568,4.33700232629793));
#15675=CARTESIAN_POINT('',(-12.2391720192911,-12.0741861757568,4.33700232629793));
#15676=CARTESIAN_POINT('',(-12.2391720192911,-12.8726221468904,4.28700232629793));
#15677=CARTESIAN_POINT('',(-6.94417201929112,-12.8726221468904,4.28700232629793));
#15678=CARTESIAN_POINT('',(-12.7591720192911,-12.8726221468904,4.28700232629793));
#15679=CARTESIAN_POINT('',(-12.7591720192911,-12.0741861757568,4.33700232629793));
#15680=CARTESIAN_POINT('',(-6.94417201929112,-12.0726221468904,4.28700232629793));
#15681=CARTESIAN_POINT('',(-12.2317513835378,-12.0726221468904,4.28700232629793));
#15682=CARTESIAN_POINT('',(-12.2391720192911,-12.372621838885,5.02862229960174));
#15683=CARTESIAN_POINT('',(-12.7469235503497,-12.0726221468904,4.28700232629793));
#15684=CARTESIAN_POINT('',(-12.7575310356104,-12.765442469918,4.68700232629793));
#15685=CARTESIAN_POINT('',(-12.7591720192911,-12.765442469918,4.68700232629793));
#15686=CARTESIAN_POINT('',(-12.7591720192911,-12.765442469918,4.68700232629793));
#15687=CARTESIAN_POINT('',(-12.7591720192911,-12.0726221468904,4.28700232629793));
#15688=CARTESIAN_POINT('',(-12.2391720192911,-12.0726221468904,4.28700232629793));
#15689=CARTESIAN_POINT('',(-6.94417201929112,-12.0741861757568,4.28700232629793));
#15690=CARTESIAN_POINT('',(-11.2034722594739,-12.0741861757568,4.28700232629793));
#15691=CARTESIAN_POINT('',(-11.2191720192911,-12.372618019233,5.02925459796804));
#15692=CARTESIAN_POINT('',(-11.7295187016925,-12.0741861757568,4.28700232629793));
#15693=CARTESIAN_POINT('',(-11.7391720192911,-12.372621838885,5.02925306221757));
#15694=CARTESIAN_POINT('',(-11.7391720192911,-12.0741861757568,4.28700232629793));
#15695=CARTESIAN_POINT('',(-11.7391720192911,-12.8726221468904,4.33700232629793));
#15696=CARTESIAN_POINT('',(-6.94417201929112,-12.8726221468904,4.33700232629793));
#15697=CARTESIAN_POINT('',(-11.2191720192911,-12.8726221468904,4.33700232629793));
#15698=CARTESIAN_POINT('',(-11.2191720192911,-12.0741861757568,4.28700232629793));
#15699=CARTESIAN_POINT('',(-6.94417201929112,-12.0726221468904,4.33700232629793));
#15700=CARTESIAN_POINT('',(-11.2191720192911,-12.0726221468904,4.33700232629793));
#15701=CARTESIAN_POINT('',(-11.7391720192911,-12.0726221468904,4.33700232629793));
#15702=CARTESIAN_POINT('',(-6.94417201929112,-12.0726221468904,4.28700232629793));
#15703=CARTESIAN_POINT('',(-10.1803352732055,-12.0726221468904,4.28700232629793));
#15704=CARTESIAN_POINT('',(-10.1991720192911,-12.3726177257842,5.02862396341767));
#15705=CARTESIAN_POINT('',(-10.7006452772689,-12.0726221468904,4.28700232629793));
#15706=CARTESIAN_POINT('',(-10.7191720192911,-12.372618019233,5.02862384471377));
#15707=CARTESIAN_POINT('',(-10.7191720192911,-12.0726221468904,4.28700232629793));
#15708=CARTESIAN_POINT('',(-10.7191720192911,-12.8726221468904,4.28700232629793));
#15709=CARTESIAN_POINT('',(-6.94417201929112,-12.8726221468904,4.28700232629793));
#15710=CARTESIAN_POINT('',(-10.1991720192911,-12.8726221468904,4.28700232629793));
#15711=CARTESIAN_POINT('',(-10.1991720192911,-12.0726221468904,4.28700232629793));
#15712=CARTESIAN_POINT('',(-6.94417201929112,-12.0741861757568,4.33700232629793));
#15713=CARTESIAN_POINT('',(-7.4266120525029,-12.0741861757568,4.33700232629793));
#15714=CARTESIAN_POINT('',(-7.49417201929112,-12.8726221468904,4.28700232629793));
#15715=CARTESIAN_POINT('',(-6.94417201929112,-12.8726221468904,4.28700232629793));
#15716=CARTESIAN_POINT('',(-9.69917201929112,-12.8726221468904,4.28700232629793));
#15717=CARTESIAN_POINT('',(-9.69917201929112,-12.0741861757568,4.33700232629793));
#15718=CARTESIAN_POINT('',(-13.5191720192911,-12.1334683099216,4.33700232629793));
#15719=CARTESIAN_POINT('',(-10.1991720192911,-12.1334683099216,4.33700232629793));
#15720=CARTESIAN_POINT('',(-10.1991720192911,-12.8726221468904,4.03097682851331));
#15721=CARTESIAN_POINT('',(-10.7191720192911,-12.8726221468904,4.03097682851331));
#15722=CARTESIAN_POINT('',(-10.7191720192911,-12.8726221468904,4.03097682851331));
#15723=CARTESIAN_POINT('',(-10.7191720192911,-12.1334683099216,4.33700232629793));
#15724=CARTESIAN_POINT('',(-6.94417201929112,-12.0726221468904,4.28700232629793));
#15725=CARTESIAN_POINT('',(-6.94417201929112,-12.0726221468904,4.28700232629793));
#15726=CARTESIAN_POINT('',(-6.94417201929112,-12.871058118024,4.33700232629793));
#15727=CARTESIAN_POINT('',(-9.67805203125568,-12.0726221468904,4.28700232629793));
#15728=CARTESIAN_POINT('',(-9.69917201929112,-12.3726177257842,5.02862396341767));
#15729=CARTESIAN_POINT('',(-9.69917201929112,-12.0726221468904,4.28700232629793));
#15730=CARTESIAN_POINT('',(-7.42647971159881,-12.0726221468904,4.28700232629793));
#15731=CARTESIAN_POINT('',(-7.49403967838704,-12.871058118024,4.33700232629793));
#15732=CARTESIAN_POINT('',(-6.94417201929112,-12.871058118024,4.33700232629793));
#15733=CARTESIAN_POINT('',(-13.5191720192911,-12.3726221468904,0.162132742405319));
#15734=CARTESIAN_POINT('',(-17.3391720192911,-12.3726221468904,3.53700232629793));
#15735=CARTESIAN_POINT('',(-16.8391720192911,-12.3726221468904,4.68700232629793));
#15736=CARTESIAN_POINT('',(-13.5191720192911,-12.3726221468904,0.162132742405319));
#15737=CARTESIAN_POINT('',(-15.8191720192911,-12.3726221468904,4.68700232629793));
#15738=CARTESIAN_POINT('',(-16.3191720192911,-12.3726221468904,3.53700232629793));
#15739=CARTESIAN_POINT('',(-13.5191720192911,-12.3726221468904,0.162132742405319));
#15740=CARTESIAN_POINT('',(-14.7991720192911,-12.3726221468904,4.68700232629793));
#15741=CARTESIAN_POINT('',(-15.2991720192911,-12.3726221468904,3.53700232629793));
#15742=CARTESIAN_POINT('',(-13.5191720192911,-12.3726221468904,0.162132742405319));
#15743=CARTESIAN_POINT('',(-13.7791720192911,-12.3726221468904,4.68700232629793));
#15744=CARTESIAN_POINT('',(-14.2791720192911,-12.3726221468904,3.53700232629793));
#15745=CARTESIAN_POINT('',(-13.5191720192911,-12.3726221468904,0.162132742405319));
#15746=CARTESIAN_POINT('',(-12.7591720192911,-12.3726221468904,4.68700232629793));
#15747=CARTESIAN_POINT('',(-13.2591720192911,-12.3726221468904,3.53700232629794));
#15748=CARTESIAN_POINT('',(-13.5191720192911,-12.3726221468904,0.162132742405319));
#15749=CARTESIAN_POINT('',(-11.7391720192911,-12.3726221468904,4.68700232629793));
#15750=CARTESIAN_POINT('',(-12.2391720192911,-12.3726221468904,3.53700232629793));
#15751=CARTESIAN_POINT('',(-13.5191720192911,-12.3726221468904,0.162132742405319));
#15752=CARTESIAN_POINT('',(-10.7191720192911,-12.3726221468904,4.68700232629793));
#15753=CARTESIAN_POINT('',(-11.2191720192911,-12.3726221468904,3.53700232629793));
#15754=CARTESIAN_POINT('',(-13.5191720192911,-12.3726221468904,0.162132742405319));
#15755=CARTESIAN_POINT('',(-9.69917201929112,-12.3726221468904,4.68700232629793));
#15756=CARTESIAN_POINT('',(-10.1991720192911,-12.3726221468904,3.53700232629793));
#15757=CARTESIAN_POINT('',(-10.7191720192911,-12.910396667648,3.53990805866391));
#15758=CARTESIAN_POINT('',(-10.1991720192911,-12.910396667648,3.53990805866391));
#15759=CARTESIAN_POINT('',(-10.1991720192911,-12.8721613735304,4.03696688219331));
#15760=CARTESIAN_POINT('',(-10.7191720192911,-12.8721613735304,4.03696688219332));
#15761=CARTESIAN_POINT('',(-10.7191720192911,-12.8721613735304,4.03696688219331));
#15762=CARTESIAN_POINT('',(-10.7191720192911,-12.910396667648,3.53990805866391));
#15763=CARTESIAN_POINT('',(5.61504954235737,-12.8726221468904,4.03700232629793));
#15764=CARTESIAN_POINT('',(-9.69917201929112,-12.8726221468904,4.03700232629793));
#15765=CARTESIAN_POINT('',(-10.1991720192911,-12.8721613735304,4.03696688219332));
#15766=CARTESIAN_POINT('',(-6.94417201929112,0.077377853109606,0.162132742405319));
#15767=CARTESIAN_POINT('',(-6.94417201929112,-6.37262214689039,4.33700232629793));
#15768=CARTESIAN_POINT('',(-6.94417201929112,-6.37262214689039,4.33700232629793));
#15769=CARTESIAN_POINT('',(-6.94417201929112,-6.37262214689039,4.33700232629793));
#15770=CARTESIAN_POINT('',(-7.49417201929112,-12.8726221468904,4.33700232629793));
#15771=CARTESIAN_POINT('',(-7.49417201929112,-12.8726221468904,4.33700232629793));
#15772=CARTESIAN_POINT('',(-13.5191720192911,0.077377853109606,4.33700232629793));
#15773=CARTESIAN_POINT('',(-9.69917201929112,-12.3726177257842,4.68700232629793));
#15774=CARTESIAN_POINT('',(-9.69917201929112,-12.3726177257842,4.68700232629793));
#15775=CARTESIAN_POINT('',(-13.5191720192911,0.0773778531096047,4.68700232629794));
#15776=CARTESIAN_POINT('',(-10.1991720192911,-12.3726177257842,4.68700232629793));
#15777=CARTESIAN_POINT('',(-8.77417201929113,0.766400630244961,4.68700232629794));
#15778=CARTESIAN_POINT('',(-13.5191720192911,0.0773778531096047,4.68700232629794));
#15779=CARTESIAN_POINT('',(-11.2191720192911,-12.372618019233,4.68700232629793));
#15780=CARTESIAN_POINT('',(-10.6441720192911,-1.44262214689039,4.68700232629794));
#15781=CARTESIAN_POINT('',(-10.0441720192911,-1.44262214689039,4.68700232629794));
#15782=CARTESIAN_POINT('',(-10.0464516557895,-1.47953535802749,4.68700232629794));
#15783=CARTESIAN_POINT('',(-10.3441720192911,-1.44262214689039,4.68700232629794));
#15784=CARTESIAN_POINT('',(-13.5191720192911,0.0773778531096047,4.68700232629794));
#15785=CARTESIAN_POINT('',(-12.2391720192911,-12.372621838885,4.68700232629793));
#15786=CARTESIAN_POINT('',(-11.3141720192911,0.766400630244961,4.68700232629794));
#15787=CARTESIAN_POINT('',(-12.5841720192911,-1.44262214689039,4.68700232629794));
#15788=CARTESIAN_POINT('',(-12.5841720192911,-1.44262214689039,4.68700232629794));
#15789=CARTESIAN_POINT('',(-12.5843126347583,-1.4518063456912,4.68700232629794));
#15790=CARTESIAN_POINT('',(-12.5843126347583,-1.4518063456912,-17.6333629876666));
#15791=CARTESIAN_POINT('',(-13.5191720192911,0.0773778531096047,4.68700232629794));
#15792=CARTESIAN_POINT('',(-15.2991720192911,-12.372626152046,4.68700232629793));
#15793=CARTESIAN_POINT('',(-15.7232662192564,-1.46591720102441,4.68700232629794));
#15794=CARTESIAN_POINT('',(-15.1241720192911,-1.44262214689039,4.68700232629794));
#15795=CARTESIAN_POINT('',(-15.1241720192911,-1.44262214689039,4.68700232629794));
#15796=CARTESIAN_POINT('',(-15.4241720192911,-1.44262214689039,4.68700232629794));
#15797=CARTESIAN_POINT('',(-13.5191720192911,0.0773778531096047,4.68700232629794));
#15798=CARTESIAN_POINT('',(-16.3191720192911,-12.3726221468904,4.68700232629793));
#15799=CARTESIAN_POINT('',(-16.3941720192911,0.766400630244964,4.68700232629794));
#15800=CARTESIAN_POINT('',(-17.3391720192911,-12.8726221468904,4.68700232629793));
#15801=CARTESIAN_POINT('',(-17.3391720192911,-12.8726221468904,4.03700232629793));
#15802=CARTESIAN_POINT('',(-17.3391720192911,-12.3726221468904,4.68700232629793));
#15803=CARTESIAN_POINT('',(-9.07417201929112,1.09737785310962,-17.6333629876666));
#15804=CARTESIAN_POINT('',(-8.84890421934038,0.899250575065037,-17.6333629876666));
#15805=CARTESIAN_POINT('',(-8.8489042193404,0.899250575065031,5.0778972506295));
#15806=CARTESIAN_POINT('',(-8.84890421933152,0.899250575043311,4.69157374312813));
#15807=CARTESIAN_POINT('',(-8.84890421934039,0.899250575065021,5.0778972506295));
#15808=CARTESIAN_POINT('',(-8.8872992810469,0.855595954838264,5.08665506382109));
#15809=CARTESIAN_POINT('',(-8.94012258218616,0.822620787129844,5.08700232629792));
#15810=CARTESIAN_POINT('',(-8.99696895233061,0.807481860636636,5.08700232629792));
#15811=CARTESIAN_POINT('',(-8.99696895233061,0.807481860636633,5.08700232629794));
#15812=CARTESIAN_POINT('',(-9.07417201929112,1.09737785310961,5.08700232629794));
#15813=CARTESIAN_POINT('',(-9.15059172717049,0.807274374592665,5.08700232629793));
#15814=CARTESIAN_POINT('',(-9.15059172717049,0.807274374592665,5.08700232629793));
#15815=CARTESIAN_POINT('',(-9.20788857719128,0.82236763911807,5.08700232629793));
#15816=CARTESIAN_POINT('',(-9.26040401454126,0.855106805221731,5.08665209655179));
#15817=CARTESIAN_POINT('',(-9.29890380890151,0.898642796467578,5.07789725062951));
#15818=CARTESIAN_POINT('',(-9.29890380890152,0.89864279646757,5.07789725062951));
#15819=CARTESIAN_POINT('',(-9.29890380890151,0.898642796467576,-17.6333629876666));
#15820=CARTESIAN_POINT('',(-9.29890380890701,0.898642796453757,4.69157374310568));
#15821=CARTESIAN_POINT('',(-9.1505917271705,0.807274374592667,4.73700232629792));
#15822=CARTESIAN_POINT('',(-9.21054734810092,0.823068018504324,4.73700232629792));
#15823=CARTESIAN_POINT('',(-9.26945906070091,0.865346351089956,4.73545023041123));
#15824=CARTESIAN_POINT('',(-9.29890380889336,0.89864279645293,4.69157374309644));
#15825=CARTESIAN_POINT('',(-9.1505917271705,0.807274374592667,4.73700232629791));
#15826=CARTESIAN_POINT('',(-9.07417201929112,1.09737785310961,4.73700232629791));
#15827=CARTESIAN_POINT('',(-8.99696895233063,0.80748186063663,4.73700232629791));
#15828=CARTESIAN_POINT('',(-8.84890421936013,0.899250575039551,4.69157374310634));
#15829=CARTESIAN_POINT('',(-8.87830741083605,0.865819578968488,4.73552271181123));
#15830=CARTESIAN_POINT('',(-8.93701324751249,0.823448843326707,4.73700232629792));
#15831=CARTESIAN_POINT('',(-8.99696895233063,0.80748186063663,4.73700232629792));
#15832=CARTESIAN_POINT('',(-11.6141720192911,1.09737785310962,-17.6333629876666));
#15833=CARTESIAN_POINT('',(-11.3893929689883,0.898696252187556,-17.6333629876666));
#15834=CARTESIAN_POINT('',(-11.3893929689883,0.89869625218755,5.07789725062954));
#15835=CARTESIAN_POINT('',(-11.3893929689785,0.898696252163582,4.6915737431348));
#15836=CARTESIAN_POINT('',(-11.3893929689883,0.898696252187542,5.07789725062954));
#15837=CARTESIAN_POINT('',(-11.4278983320506,0.855133089315126,5.08665571872478));
#15838=CARTESIAN_POINT('',(-11.4807930680509,0.822293185362136,5.08700232629791));
#15839=CARTESIAN_POINT('',(-11.5376833155028,0.807292558424094,5.08700232629791));
#15840=CARTESIAN_POINT('',(-11.5376833155028,0.80729255842409,5.08700232629794));
#15841=CARTESIAN_POINT('',(-11.6141720192911,1.09737785310961,5.08700232629794));
#15842=CARTESIAN_POINT('',(-11.6913061353478,0.807463506896526,5.08700232629792));
#15843=CARTESIAN_POINT('',(-11.6913061353478,0.807463506896526,5.08700232629791));
#15844=CARTESIAN_POINT('',(-11.7485484830377,0.822693308207664,5.08700232629791));
#15845=CARTESIAN_POINT('',(-11.8010054651924,0.855572219884881,5.08665090941356));
#15846=CARTESIAN_POINT('',(-11.8393926903755,0.899197003085403,5.07789725062954));
#15847=CARTESIAN_POINT('',(-11.8393926903755,0.899197003085394,5.07789725062954));
#15848=CARTESIAN_POINT('',(-11.8393926903755,0.8991970030854,-17.6333629876666));
#15849=CARTESIAN_POINT('',(-11.8393926903801,0.899197003073779,4.69157374309978));
#15850=CARTESIAN_POINT('',(-11.6913061353478,0.807463506896529,4.7370023262979));
#15851=CARTESIAN_POINT('',(-11.7512312298081,0.823407075233818,4.7370023262979));
#15852=CARTESIAN_POINT('',(-11.8100267624526,0.865824384119108,4.73545514878366));
#15853=CARTESIAN_POINT('',(-11.8393926903695,0.899197003073399,4.69157374309288));
#15854=CARTESIAN_POINT('',(-11.6913061353478,0.807463506896528,4.7370023262979));
#15855=CARTESIAN_POINT('',(-11.6141720192911,1.09737785310961,4.7370023262979));
#15856=CARTESIAN_POINT('',(-11.5376833155028,0.807292558424088,4.7370023262979));
#15857=CARTESIAN_POINT('',(-11.3893929690105,0.898696252159376,4.6915737431103));
#15858=CARTESIAN_POINT('',(-11.418878167312,0.865338080895178,4.73552232758633));
#15859=CARTESIAN_POINT('',(-11.4776949095978,0.823110097244786,4.7370023262979));
#15860=CARTESIAN_POINT('',(-11.5376833155028,0.807292558424088,4.7370023262979));
#15861=CARTESIAN_POINT('',(-14.1541720192911,1.09737785310962,-17.6333629876666));
#15862=CARTESIAN_POINT('',(-13.9284641286437,0.899752075187019,-17.6333629876666));
#15863=CARTESIAN_POINT('',(-13.9284641286424,0.899752075187016,4.69323781966148));
#15864=CARTESIAN_POINT('',(-14.1541720192911,1.09737785310961,5.08700232629794));
#15865=CARTESIAN_POINT('',(-14.3784612535116,0.898143470000722,-17.6333629876666));
#15866=CARTESIAN_POINT('',(-14.3784612535117,0.89814347000054,4.6932378196612));
#15867=CARTESIAN_POINT('',(-14.2076607013101,0.802184762242174,4.74200232629791));
#15868=CARTESIAN_POINT('',(-14.2771110470161,0.814769092880341,4.7420023262979));
#15869=CARTESIAN_POINT('',(-14.3455738500485,0.861120289445064,4.74358643672136));
#15870=CARTESIAN_POINT('',(-14.378461253514,0.898143470001437,4.69323781966303));
#15871=CARTESIAN_POINT('',(-14.2076607013101,0.802184762242174,4.74200232629791));
#15872=CARTESIAN_POINT('',(-14.098574277139,0.802574713595143,4.74200232629791));
#15873=CARTESIAN_POINT('',(-14.1345065969328,0.795798137693972,4.74200232629791));
#15874=CARTESIAN_POINT('',(-14.1716808519793,0.795665250846124,4.74200232629791));
#15875=CARTESIAN_POINT('',(-14.2076607013101,0.802184762242174,4.74200232629791));
#15876=CARTESIAN_POINT('',(-14.098574277139,0.802574713595143,4.74200232629791));
#15877=CARTESIAN_POINT('',(-13.9284641286391,0.899752075188667,4.693237819665));
#15878=CARTESIAN_POINT('',(-13.9610391645364,0.862548210806022,4.74351414869388));
#15879=CARTESIAN_POINT('',(-14.0295826571781,0.815586034653537,4.7420023262979));
#15880=CARTESIAN_POINT('',(-14.098574277139,0.802574713595143,4.7420023262979));
#15881=CARTESIAN_POINT('',(-16.6941720192911,1.09737785310962,-17.6333629876666));
#15882=CARTESIAN_POINT('',(-16.4685076736275,0.899702353625768,-17.6333629876666));
#15883=CARTESIAN_POINT('',(-16.4685076736275,0.899702353625761,4.69657374306763));
#15884=CARTESIAN_POINT('',(-16.6941720192911,1.09737785310961,5.08700232629794));
#15885=CARTESIAN_POINT('',(-16.9185051419709,0.898192888645029,-17.6333629876666));
#15886=CARTESIAN_POINT('',(-16.9185051419709,0.898192888645023,4.69657374306765));
#15887=CARTESIAN_POINT('',(-16.7700102783159,0.807121830832555,4.7420023262979));
#15888=CARTESIAN_POINT('',(-16.8299906352967,0.822793532709486,4.7420023262979));
#15889=CARTESIAN_POINT('',(-16.8889962471145,0.864958339294587,4.74044649560969));
#15890=CARTESIAN_POINT('',(-16.9185051419781,0.898192888647657,4.69657374307418));
#15891=CARTESIAN_POINT('',(-16.7700102783159,0.807121830832555,4.7420023262979));
#15892=CARTESIAN_POINT('',(-16.6941720192911,1.09737785310961,4.7420023262979));
#15893=CARTESIAN_POINT('',(-16.6163882276246,0.807637138411147,4.7420023262979));
#15894=CARTESIAN_POINT('',(-16.4685076736236,0.899702353627177,4.69657374307126));
#15895=CARTESIAN_POINT('',(-16.4978440809254,0.86621220853923,4.74052310474824));
#15896=CARTESIAN_POINT('',(-16.5564593211611,0.823725652515945,4.7420023262979));
#15897=CARTESIAN_POINT('',(-16.6163882276246,0.807637138411148,4.7420023262979));
#15898=CARTESIAN_POINT('',(-10.1991720192911,-12.3726177257842,4.68700232629793));
#15899=CARTESIAN_POINT('',(-10.1991720192911,-12.3726177257842,4.68700232629793));
#15900=CARTESIAN_POINT('',(-8.77417201929113,0.766400630244961,4.68700232629794));
#15901=CARTESIAN_POINT('',(-18.2641720192911,-1.44262214689039,4.68700232629794));
#15902=CARTESIAN_POINT('',(-18.2641720192911,-1.44262214689039,4.68700232629794));
#15903=CARTESIAN_POINT('',(-18.2599052909004,-1.49303873209064,4.68700232629794));
#15904=CARTESIAN_POINT('',(-18.2599052909004,-1.49303873209063,-17.6333629876666));
#15905=CARTESIAN_POINT('',(-17.9641720192911,-1.44262214689038,-17.6333629876666));
#15906=CARTESIAN_POINT('',(-17.9641720192911,-1.44262214689039,4.68700232629794));
#15907=CARTESIAN_POINT('',(-17.6641720192911,-1.44262214689039,4.68700232629794));
#15908=CARTESIAN_POINT('',(-17.6641720192911,-1.44262214689039,4.68700232629794));
#15909=CARTESIAN_POINT('',(-17.6641720192911,-1.44262214689039,4.68700232629794));
#15910=CARTESIAN_POINT('',(-16.8391720192911,-12.3726221468904,4.68700232629793));
#15911=CARTESIAN_POINT('',(-17.6641720192911,-1.44262214689039,4.68700232629794));
#15912=CARTESIAN_POINT('',(-16.3191720192911,-12.3726221468904,4.68700232629793));
#15913=CARTESIAN_POINT('',(-16.3191720192911,-12.3726221468904,4.68700232629793));
#15914=CARTESIAN_POINT('',(-16.3941720192911,0.766400630244964,4.68700232629794));
#15915=CARTESIAN_POINT('',(-15.8191720192911,-12.3726221468904,4.68700232629793));
#15916=CARTESIAN_POINT('',(-15.2991720192911,-12.372626152046,4.68700232629793));
#15917=CARTESIAN_POINT('',(-15.2991720192911,-12.372626152046,4.68700232629793));
#15918=CARTESIAN_POINT('',(-15.7232662192564,-1.4659172010244,-17.6333629876666));
#15919=CARTESIAN_POINT('',(-15.4241720192911,-1.44262214689038,-17.6333629876666));
#15920=CARTESIAN_POINT('',(-15.1241720192911,-1.44262214689039,4.68700232629794));
#15921=CARTESIAN_POINT('',(-15.1241720192911,-1.44262214689039,4.68700232629794));
#15922=CARTESIAN_POINT('',(-14.7991720192911,-12.372626152046,4.68700232629793));
#15923=CARTESIAN_POINT('',(-14.4541720192911,0.766400630244961,4.68700232629794));
#15924=CARTESIAN_POINT('',(-14.2791720192911,-12.372626152046,4.68700232629793));
#15925=CARTESIAN_POINT('',(-14.4541720192911,0.766400630244961,4.68700232629794));
#15926=CARTESIAN_POINT('',(-13.8541720192911,0.766400630244961,4.68700232629794));
#15927=CARTESIAN_POINT('',(-13.7791720192911,-12.372626152046,4.68700232629793));
#15928=CARTESIAN_POINT('',(-13.8541720192911,0.766400630244961,4.68700232629794));
#15929=CARTESIAN_POINT('',(-13.2591720192911,-12.372626152046,4.68700232629793));
#15930=CARTESIAN_POINT('',(-13.2591720192911,-12.372626152046,4.68700232629793));
#15931=CARTESIAN_POINT('',(-13.2591720192911,-12.372626152046,4.68700232629793));
#15932=CARTESIAN_POINT('',(-13.1841720192911,-1.44262214689039,4.68700232629794));
#15933=CARTESIAN_POINT('',(-13.1841720192911,-1.44262214689039,4.68700232629794));
#15934=CARTESIAN_POINT('',(-12.8841720192911,-1.44262214689038,-17.6333629876666));
#15935=CARTESIAN_POINT('',(-12.8841720192911,-1.44262214689039,4.68700232629794));
#15936=CARTESIAN_POINT('',(-12.2391720192911,-12.372621838885,4.68700232629793));
#15937=CARTESIAN_POINT('',(-12.2391720192911,-12.372621838885,4.68700232629793));
#15938=CARTESIAN_POINT('',(-11.3141720192911,0.766400630244961,4.68700232629794));
#15939=CARTESIAN_POINT('',(-11.7391720192911,-12.372621838885,4.68700232629793));
#15940=CARTESIAN_POINT('',(-11.2191720192911,-12.372618019233,4.68700232629793));
#15941=CARTESIAN_POINT('',(-11.2191720192911,-12.372618019233,4.68700232629793));
#15942=CARTESIAN_POINT('',(-10.6441720192911,-1.44262214689039,4.68700232629794));
#15943=CARTESIAN_POINT('',(-10.3441720192911,-1.44262214689038,-17.6333629876666));
#15944=CARTESIAN_POINT('',(-10.0464516557895,-1.47953535802749,-17.6333629876666));
#15945=CARTESIAN_POINT('',(-10.0441720192911,-1.44262214689039,4.68700232629794));
#15946=CARTESIAN_POINT('',(-10.7191720192911,-12.372618019233,4.68700232629793));
#15947=CARTESIAN_POINT('',(5.61504954235737,-12.8726221468904,4.03700232629793));
#15948=CARTESIAN_POINT('',(-16.8391720192911,-6.37262214689039,3.53700232629793));
#15949=CARTESIAN_POINT('',(5.61504954235737,-12.8726221468904,4.03700232629793));
#15950=CARTESIAN_POINT('',(-15.8191720192911,-6.37262214689039,3.53700232629793));
#15951=CARTESIAN_POINT('',(-16.3191720192911,-12.8726221468904,4.03700232629793));
#15952=CARTESIAN_POINT('',(5.61504954235737,-12.8726221468904,4.03700232629793));
#15953=CARTESIAN_POINT('',(-14.7991720192911,-6.37262214689039,3.53700232629793));
#15954=CARTESIAN_POINT('',(-15.2991720192911,-12.8726221468904,4.03700232629793));
#15955=CARTESIAN_POINT('',(5.61504954235737,-12.8726221468904,4.03700232629793));
#15956=CARTESIAN_POINT('',(-13.7791720192911,-6.37262214689039,3.53700232629793));
#15957=CARTESIAN_POINT('',(-14.2791720192911,-12.8726221468904,4.03700232629793));
#15958=CARTESIAN_POINT('',(5.61504954235737,-12.8726221468904,4.03700232629793));
#15959=CARTESIAN_POINT('',(-12.7591720192911,-6.37262214689039,3.53700232629793));
#15960=CARTESIAN_POINT('',(-13.2591720192911,-12.8726221468904,4.03700232629793));
#15961=CARTESIAN_POINT('',(5.61504954235737,-12.8726221468904,4.03700232629793));
#15962=CARTESIAN_POINT('',(-11.7391720192911,-6.37262214689039,3.53700232629793));
#15963=CARTESIAN_POINT('',(-12.2391720192911,-12.8726221468904,4.03700232629793));
#15964=CARTESIAN_POINT('',(5.61504954235737,-12.8726221468904,4.03700232629793));
#15965=CARTESIAN_POINT('',(-10.7191720192911,-6.37216137353039,3.53696688219332));
#15966=CARTESIAN_POINT('',(-11.2191720192911,-12.8726221468904,4.03700232629793));
#15967=CARTESIAN_POINT('',(5.61504954235737,-12.8726221468904,4.03700232629793));
#15968=CARTESIAN_POINT('',(-10.7191720192911,-12.8726221468904,4.03700232629793));
#15969=CARTESIAN_POINT('',(-10.7191720192911,-12.8726221468904,4.03700232629793));
#15970=CARTESIAN_POINT('',(-10.1991720192911,-12.8726221468904,4.03700232629793));
#15971=CARTESIAN_POINT('',(-10.1991720192911,-12.8726221468904,4.03700232629793));
#15972=CARTESIAN_POINT('',(5.61504954235737,-12.8726221468904,4.03700232629793));
#15973=CARTESIAN_POINT('',(-6.94417201929112,-12.8726221468904,5.08700232629793));
#15974=CARTESIAN_POINT('',(-10.1991720192911,-12.8726221468904,4.68700232629793));
#15975=CARTESIAN_POINT('',(-10.7191720192911,-12.8726221468904,4.68700232629793));
#15976=CARTESIAN_POINT('',(-13.5191720192911,0.0773778531096047,4.68700232629794));
#15977=CARTESIAN_POINT('',(-12.7591720192911,-12.3726221468904,4.68700232629793));
#15978=CARTESIAN_POINT('',(-13.5191720192911,0.0773778531096047,4.68700232629794));
#15979=CARTESIAN_POINT('',(-13.5191720192911,0.0773778531096047,4.68700232629794));
#15980=CARTESIAN_POINT('',(-12.7591720192911,-6.41085744100803,3.03994350276852));
#15981=CARTESIAN_POINT('',(-10.1991720192911,-12.8726221468904,4.68700232629793));
#15982=CARTESIAN_POINT('',(-10.7191720192911,-12.372618019233,4.68700232629793));
#15983=CARTESIAN_POINT('',(-11.2191720192911,-12.8726221468904,4.68700232629793));
#15984=CARTESIAN_POINT('',(-11.7391720192911,-12.372621838885,4.68700232629793));
#15985=CARTESIAN_POINT('',(-12.2391720192911,-12.8726221468904,4.68700232629793));
#15986=CARTESIAN_POINT('',(-13.2591720192911,-12.8726221468904,4.68700232629793));
#15987=CARTESIAN_POINT('',(-13.7791720192911,-12.372626152046,4.68700232629793));
#15988=CARTESIAN_POINT('',(-14.2791720192911,-12.8726221468904,4.68700232629793));
#15989=CARTESIAN_POINT('',(-14.7991720192911,-12.372626152046,4.68700232629793));
#15990=CARTESIAN_POINT('',(-15.2991720192911,-12.8726221468904,4.68700232629793));
#15991=CARTESIAN_POINT('',(-15.8191720192911,-12.3726221468904,4.68700232629793));
#15992=CARTESIAN_POINT('',(-16.3191720192911,-12.8726221468904,4.68700232629793));
#15993=CARTESIAN_POINT('',(-16.8391720192911,-12.3726221468904,4.68700232629793));
#15994=CARTESIAN_POINT('',(-11.8394945861189,0.807628408109238,4.7370023262979));
#15995=CARTESIAN_POINT('',(-11.3894948647317,0.807127657211374,4.7370023262979));
#15996=CARTESIAN_POINT('',(-11.3897208404778,0.604054585889219,4.73700232629791));
#15997=CARTESIAN_POINT('',(-11.3841232828415,0.800901818705703,4.7370023262979));
#15998=CARTESIAN_POINT('',(-11.6441282002984,-8.34259465691871,4.73700232629806));
#15999=CARTESIAN_POINT('',(-11.6441282002984,-8.34259465691871,4.73700232629806));
#16000=CARTESIAN_POINT('',(-12.0942958558468,-8.34209371914699,4.73700232629805));
#16001=CARTESIAN_POINT('',(-11.8339414561004,0.813692870500887,4.7370023262979));
#16002=CARTESIAN_POINT('',(-11.839713722282,0.610701727087238,4.73700232629791));
#16003=CARTESIAN_POINT('',(-11.8394945861189,0.807628408109238,4.7370023262979));
#16004=CARTESIAN_POINT('',(-11.8339414561004,0.813692870500893,5.0870023262979));
#16005=CARTESIAN_POINT('',(-12.0942958558468,-8.34209371914699,4.73700232629805));
#16006=CARTESIAN_POINT('',(-11.839713722282,0.610701727087244,5.08700232629791));
#16007=CARTESIAN_POINT('',(-11.3841232828415,0.800901818705703,4.7370023262979));
#16008=CARTESIAN_POINT('',(-11.6441282002984,-8.3425946569187,5.08700232629806));
#16009=CARTESIAN_POINT('',(-11.3897208404778,0.604054585889218,4.73700232629791));
#16010=CARTESIAN_POINT('',(-11.8394945861189,0.807628408109238,4.7370023262979));
#16011=CARTESIAN_POINT('',(-11.3841232828415,0.800901818705703,4.7370023262979));
#16012=CARTESIAN_POINT('',(-11.7539753326321,-12.2055479943118,4.73699812628441));
#16013=CARTESIAN_POINT('',(-11.753975332864,-12.2055480100091,4.73700232629823));
#16014=CARTESIAN_POINT('',(-11.9039729600679,-12.2033322962773,4.73700232629823));
#16015=CARTESIAN_POINT('',(-12.0539705872717,-12.2011165825456,4.73700232629823));
#16016=CARTESIAN_POINT('',(-12.2039682144755,-12.1989008688139,4.73700232629823));
#16017=CARTESIAN_POINT('',(-12.2039682144757,-12.1989008688282,4.73700235964402));
#16018=CARTESIAN_POINT('',(-11.8339414561004,0.813692870500887,4.7370023262979));
#16019=CARTESIAN_POINT('',(-11.3894948647317,0.807127657211374,4.7370023262979));
#16020=CARTESIAN_POINT('',(-11.8394945861189,0.807628408109247,5.0870023262979));
#16021=CARTESIAN_POINT('',(-11.3841232828415,0.800901818705703,4.7370023262979));
#16022=CARTESIAN_POINT('',(-11.7539753326715,-12.2055480100119,4.73700232629812));
#16023=CARTESIAN_POINT('',(-11.8339414561004,0.813692870500893,5.0870023262979));
#16024=CARTESIAN_POINT('',(-12.2039682144756,-12.1989008688139,5.08700232629812));
#16025=CARTESIAN_POINT('',(-11.7537493569254,-12.0024749386897,4.73700232629812));
#16026=CARTESIAN_POINT('',(-11.7542379527774,-12.4415515299249,3.37029735807143));
#16027=CARTESIAN_POINT('',(-11.7451228826752,-4.25029511099132,1.04366133265266));
#16028=CARTESIAN_POINT('',(-11.7450164667163,-4.1546644249661,1.38034331994332));
#16029=CARTESIAN_POINT('',(-11.7450164667163,-4.1546644249661,1.38034331994332));
#16030=CARTESIAN_POINT('',(-11.7541315368185,-12.3459208438997,3.70697934536212));
#16031=CARTESIAN_POINT('',(-11.7541315368185,-12.3459208438997,3.70697934536212));
#16032=CARTESIAN_POINT('',(-11.7541315368184,-12.3459208438997,3.70697934536213));
#16033=CARTESIAN_POINT('',(-11.7544014172499,-12.5884488543193,3.77586675131749));
#16034=CARTESIAN_POINT('',(-11.7547720748018,-12.9215402093216,4.3101028956101));
#16035=CARTESIAN_POINT('',(-11.7542575189021,-12.4591346250536,4.73550890100064));
#16036=CARTESIAN_POINT('',(-11.7539753326298,-12.2055479725424,4.73699333164029));
#16037=CARTESIAN_POINT('',(-12.2041312582056,-12.3454200930018,3.70697934536212));
#16038=CARTESIAN_POINT('',(-12.1950161881034,-4.15416367406823,1.38034331994332));
#16039=CARTESIAN_POINT('',(-12.1950161881034,-4.15416367406823,1.38034331994332));
#16040=CARTESIAN_POINT('',(-12.2041312582056,-12.3454200930018,3.70697934536212));
#16041=CARTESIAN_POINT('',(-12.2041312582056,-12.3454200930018,3.70697934536212));
#16042=CARTESIAN_POINT('',(-12.2041312582056,-12.3454200930018,3.70697934536212));
#16043=CARTESIAN_POINT('',(-12.0541313510766,-12.3455870099678,3.70697934536212));
#16044=CARTESIAN_POINT('',(-11.9041314439475,-12.3457539269337,3.70697934536212));
#16045=CARTESIAN_POINT('',(-11.7541315368184,-12.3459208438997,3.70697934536212));
#16046=CARTESIAN_POINT('',(-11.7542379527774,-12.4415515299249,3.37029735807143));
#16047=CARTESIAN_POINT('',(-12.2042376741646,-12.441050779027,3.37029735807143));
#16048=CARTESIAN_POINT('',(-12.1951226040624,-4.24979436009346,1.04366133265266));
#16049=CARTESIAN_POINT('',(-11.7451228826752,-4.25029511099132,1.04366133265266));
#16050=CARTESIAN_POINT('',(-12.2042376741646,-12.441050779027,3.37029735807143));
#16051=CARTESIAN_POINT('',(-12.2039682144757,-12.1989008688282,4.73700232629812));
#16052=CARTESIAN_POINT('',(-12.2039693544062,-12.1999252671984,4.73700232629812));
#16053=CARTESIAN_POINT('',(-12.2039704943366,-12.2009496655686,4.73700232629812));
#16054=CARTESIAN_POINT('',(-12.2039716342671,-12.2019740639388,4.73700232629812));
#16055=CARTESIAN_POINT('',(-12.2039716342671,-12.2019740639388,4.73700232629813));
#16056=CARTESIAN_POINT('',(-12.2039716342672,-12.201974063964,4.73700232629812));
#16057=CARTESIAN_POINT('',(-12.2042527799684,-12.4546256074364,4.73700232629813));
#16058=CARTESIAN_POINT('',(-12.2047724905846,-12.9216634769029,4.3121277318041));
#16059=CARTESIAN_POINT('',(-12.2044032766781,-12.5898694536294,3.77641248964903));
#16060=CARTESIAN_POINT('',(-12.2041312582056,-12.3454200930018,3.70697934536213));
#16061=CARTESIAN_POINT('',(-12.1951226040624,-4.24979436009346,1.04366133265266));
#16062=CARTESIAN_POINT('',(-11.9789714762849,-12.2019572809767,4.21205842393207));
#16063=CARTESIAN_POINT('',(-11.8575430010528,-4.17844690874794,1.29617282312066));
#16064=CARTESIAN_POINT('',(-14.1531174892246,0.802379737918656,4.6220023262979));
#16065=CARTESIAN_POINT('',(-13.9281189267906,0.803184040511797,4.6220023262979));
#16066=CARTESIAN_POINT('',(-13.9285478881736,0.923183273809897,4.6220023262979));
#16067=CARTESIAN_POINT('',(-14.3781160516585,0.801575435325516,4.6220023262979));
#16068=CARTESIAN_POINT('',(-14.3785450130415,0.921574668623616,4.6220023262979));
#16069=CARTESIAN_POINT('',(-14.3785450130415,0.921574668623616,4.6220023262979));
#16070=CARTESIAN_POINT('',(-14.3797961504086,1.27157243240954,-7.7129976737021));
#16071=CARTESIAN_POINT('',(-14.3797961504086,1.27157243240954,-7.7129976737021));
#16072=CARTESIAN_POINT('',(-14.3797961504086,1.27157243240954,-7.7129976737021));
#16073=CARTESIAN_POINT('',(-14.3797961504086,1.27157243240954,-7.7129976737021));
#16074=CARTESIAN_POINT('',(-14.3785450130415,0.921574668623413,-7.7129976737021));
#16075=CARTESIAN_POINT('',(-14.3785450130415,0.921574668623413,-7.7129976737021));
#16076=CARTESIAN_POINT('',(-13.9285478881736,0.923183273809694,-7.7129976737021));
#16077=CARTESIAN_POINT('',(-13.9285478881736,0.923183273809694,-7.7129976737021));
#16078=CARTESIAN_POINT('',(-13.9285478881736,0.923183273809694,-7.7129976737021));
#16079=CARTESIAN_POINT('',(-13.9285478881736,0.923183273809694,-7.7129976737021));
#16080=CARTESIAN_POINT('',(-13.9297990255407,1.27318103759582,-7.7129976737021));
#16081=CARTESIAN_POINT('',(-13.9297990255407,1.27318103759582,-7.7129976737021));
#16082=CARTESIAN_POINT('',(-14.3781160516585,0.801575435325518,4.7420023262979));
#16083=CARTESIAN_POINT('',(-13.8395400406055,-8.34155774589968,4.74200232629806));
#16084=CARTESIAN_POINT('',(-14.0413599537324,1.01028056345966,-7.7129976737021));
#16085=CARTESIAN_POINT('',(-14.3785450130415,0.921574668623413,-7.7129976737021));
#16086=CARTESIAN_POINT('',(-13.9297990255407,1.27318103759582,-7.7129976737021));
#16087=CARTESIAN_POINT('',(-14.0266293104756,-12.2022511965076,4.21700232629812));
#16088=CARTESIAN_POINT('',(-14.2516184571359,-12.2044611478885,4.74200232629812));
#16089=CARTESIAN_POINT('',(-13.9297990255407,1.27318103759582,-7.7129976737021));
#16090=CARTESIAN_POINT('',(-14.3785450130415,0.921574668623413,-7.7129976737021));
#16091=CARTESIAN_POINT('',(-14.3781160516585,0.801575435325518,4.7420023262979));
#16092=CARTESIAN_POINT('',(-16.6931992529702,0.807379484621849,4.6270023262979));
#16093=CARTESIAN_POINT('',(-16.4682005187985,0.808134217112208,4.6270023262979));
#16094=CARTESIAN_POINT('',(-16.4685862709603,0.9231335701333,4.6270023262979));
#16095=CARTESIAN_POINT('',(-16.9181979871419,0.806624752131492,4.7420023262979));
#16096=CARTESIAN_POINT('',(-16.9181979871419,0.80662475213149,4.6270023262979));
#16097=CARTESIAN_POINT('',(-16.9185837393037,0.921624105152582,4.6270023262979));
#16098=CARTESIAN_POINT('',(-16.9185837393037,0.921624105152582,4.6270023262979));
#16099=CARTESIAN_POINT('',(-16.9181979871419,0.806624752131498,5.0920023262979));
#16100=CARTESIAN_POINT('',(-16.919757767622,1.27162213608614,-7.7129976737021));
#16101=CARTESIAN_POINT('',(-16.919757767622,1.27162213608614,-7.7129976737021));
#16102=CARTESIAN_POINT('',(-16.919757767622,1.27162213608614,-7.7129976737021));
#16103=CARTESIAN_POINT('',(-16.9185837393037,0.921624105152378,-7.7129976737021));
#16104=CARTESIAN_POINT('',(-16.9185837393037,0.921624105152378,-7.7129976737021));
#16105=CARTESIAN_POINT('',(-16.4682005187985,0.808134217112208,4.7420023262979));
#16106=CARTESIAN_POINT('',(-16.4685862709603,0.923133570133096,-7.7129976737021));
#16107=CARTESIAN_POINT('',(-16.4685862709603,0.923133570133096,-7.7129976737021));
#16108=CARTESIAN_POINT('',(-16.4685862709603,0.923133570133096,-7.7129976737021));
#16109=CARTESIAN_POINT('',(-16.4697602992786,1.27313160106685,-7.7129976737021));
#16110=CARTESIAN_POINT('',(-16.4697602992786,1.27313160106685,-7.7129976737021));
#16111=CARTESIAN_POINT('',(-16.9181979871419,0.80662475213149,4.7420023262979));
#16112=CARTESIAN_POINT('',(-15.9639764799621,-4.17677172664782,1.3013068340199));
#16113=CARTESIAN_POINT('',(-16.3015531765406,-4.15447320864922,1.38561134174181));
#16114=CARTESIAN_POINT('',(-15.8512413269135,-4.24668621060505,1.04839331085417));
#16115=CARTESIAN_POINT('',(-16.5813791451257,1.01025571162136,-7.7129976737021));
#16116=CARTESIAN_POINT('',(-16.9185837393037,0.921624105152378,-7.7129976737021));
#16117=CARTESIAN_POINT('',(-16.4697602992786,1.27313160106685,-7.7129976737021));
#16118=CARTESIAN_POINT('',(-16.048959506375,-12.3802434336477,4.21706315327884));
#16119=CARTESIAN_POINT('',(-15.8239772195859,-12.3745854501865,4.74200232629824));
#16120=CARTESIAN_POINT('',(-15.9739647613774,-12.3785509432112,4.74200232629824));
#16121=CARTESIAN_POINT('',(-16.1239523031688,-12.382516436236,4.74200232629824));
#16122=CARTESIAN_POINT('',(-16.2739398449603,-12.3864819292607,4.74200232629824));
#16123=CARTESIAN_POINT('',(-16.2734856949904,-12.5218721226312,3.71117527996662));
#16124=CARTESIAN_POINT('',(-16.1234865388759,-12.5213689676377,3.71117527996662));
#16125=CARTESIAN_POINT('',(-15.9734873827614,-12.5208658126441,3.71117527996662));
#16126=CARTESIAN_POINT('',(-15.823488226647,-12.5203626576505,3.71117527996662));
#16127=CARTESIAN_POINT('',(-15.8231738453633,-12.6140851245871,3.37395724907903));
#16128=CARTESIAN_POINT('',(-16.2734856949904,-12.5218721226312,3.71117527996662));
#16129=CARTESIAN_POINT('',(-16.4697602992786,1.27313160106685,-7.7129976737021));
#16130=CARTESIAN_POINT('',(-16.9185837393037,0.921624105152378,-7.7129976737021));
#16131=CARTESIAN_POINT('',(-16.9181979871419,0.80662475213149,4.7420023262979));
#16132=CARTESIAN_POINT('',(-16.4743528239379,-8.34193789739799,4.74200232629806));
#16133=CARTESIAN_POINT('',(-16.9181979871419,0.80662475213149,4.7420023262979));
#16134=CARTESIAN_POINT('',(-9.29878013453112,0.807074228315943,4.73700232629791));
#16135=CARTESIAN_POINT('',(-8.84878054497,0.807682006913358,4.73700232629791));
#16136=CARTESIAN_POINT('',(-8.84849975902205,0.599787945040881,4.73700232629792));
#16137=CARTESIAN_POINT('',(-8.83529489239372,0.791439321524113,4.73700232629791));
#16138=CARTESIAN_POINT('',(-9.46467279649341,-8.34315817528527,4.73700232629807));
#16139=CARTESIAN_POINT('',(-9.46467279649341,-8.34315817528527,4.73700232629807));
#16140=CARTESIAN_POINT('',(-9.91578164754723,-8.34376745207382,4.73700232629807));
#16141=CARTESIAN_POINT('',(-9.28423054417075,0.822371191230441,4.73700232629791));
#16142=CARTESIAN_POINT('',(-9.29852067283694,0.614968655022976,4.73700232629792));
#16143=CARTESIAN_POINT('',(-9.29878013453112,0.807074228315943,4.73700232629791));
#16144=CARTESIAN_POINT('',(-8.83529489239372,0.791439321524113,4.73700232629791));
#16145=CARTESIAN_POINT('',(-9.46467279649341,-8.34315817528527,5.08700232629807));
#16146=CARTESIAN_POINT('',(-8.84849975902205,0.599787945040882,4.73700232629792));
#16147=CARTESIAN_POINT('',(-9.28423054417075,0.822371191230447,5.08700232629791));
#16148=CARTESIAN_POINT('',(-9.91578164754723,-8.34376745207382,4.73700232629807));
#16149=CARTESIAN_POINT('',(-9.29852067283694,0.614968655022981,5.08700232629792));
#16150=CARTESIAN_POINT('',(-9.29878013453112,0.807074228315943,4.73700232629791));
#16151=CARTESIAN_POINT('',(-8.83529489239372,0.791439321524113,4.73700232629791));
#16152=CARTESIAN_POINT('',(-9.73119750780443,-12.2114156364464,4.73697265319831));
#16153=CARTESIAN_POINT('',(-9.73119751199457,-12.2114159281724,4.73700232629802));
#16154=CARTESIAN_POINT('',(-9.88120448173584,-12.2063556915633,4.73700232629802));
#16155=CARTESIAN_POINT('',(-10.0312114514771,-12.2012954549542,4.73700232629802));
#16156=CARTESIAN_POINT('',(-10.1812184212184,-12.1962352183451,4.73700232629802));
#16157=CARTESIAN_POINT('',(-10.1812184212196,-12.1962352183911,4.73700269561043));
#16158=CARTESIAN_POINT('',(-9.28423054417075,0.822371191230441,4.73700232629791));
#16159=CARTESIAN_POINT('',(-8.84878054497,0.807682006913358,4.73700232629791));
#16160=CARTESIAN_POINT('',(-9.29878013453113,0.807074228315945,5.08700232629791));
#16161=CARTESIAN_POINT('',(-9.28423054417075,0.822371191230447,5.08700232629791));
#16162=CARTESIAN_POINT('',(-10.1812184212195,-12.1962352183451,5.08700232629813));
#16163=CARTESIAN_POINT('',(-8.83529489239372,0.791439321524113,4.73700232629791));
#16164=CARTESIAN_POINT('',(-9.73119750740456,-12.2114159283272,4.73700232629813));
#16165=CARTESIAN_POINT('',(-10.1810140180252,-12.3475754496506,3.70697934536213));
#16166=CARTESIAN_POINT('',(-10.1810140180252,-12.3475754496506,3.70697934536213));
#16167=CARTESIAN_POINT('',(-10.1810140180252,-12.3475754496506,3.70697934536213));
#16168=CARTESIAN_POINT('',(-10.1920772922913,-4.15632143032083,1.38034331994333));
#16169=CARTESIAN_POINT('',(-10.1810140180252,-12.3475754496506,3.70697934536213));
#16170=CARTESIAN_POINT('',(-10.0310141548382,-12.3473728567848,3.70697934536213));
#16171=CARTESIAN_POINT('',(-9.88101429165113,-12.347170263919,3.70697934536213));
#16172=CARTESIAN_POINT('',(-9.73101442846409,-12.3469676710532,3.70697934536213));
#16173=CARTESIAN_POINT('',(-9.73101442846409,-12.3469676710532,3.70697934536214));
#16174=CARTESIAN_POINT('',(-9.73101442846409,-12.3469676710532,3.70697934536213));
#16175=CARTESIAN_POINT('',(-9.74207770273015,-4.15571365172342,1.38034331994333));
#16176=CARTESIAN_POINT('',(-10.1920772922913,-4.15632143032083,1.38034331994333));
#16177=CARTESIAN_POINT('',(-9.73101442846409,-12.3469676710532,3.70697934536213));
#16178=CARTESIAN_POINT('',(-9.73101442846409,-12.3469676710532,3.70697934536214));
#16179=CARTESIAN_POINT('',(-9.73068794464435,-12.58869646095,3.77563976165832));
#16180=CARTESIAN_POINT('',(-9.73023826091289,-12.921642529554,4.30662145351775));
#16181=CARTESIAN_POINT('',(-9.73085616063673,-12.4641492527269,4.73314255187783));
#16182=CARTESIAN_POINT('',(-9.73119750819322,-12.211415344405,4.73694298009848));
#16183=CARTESIAN_POINT('',(-9.73088526775251,-12.4425983290637,3.37029735807144));
#16184=CARTESIAN_POINT('',(-9.74194854201858,-4.25134430973392,1.04366133265267));
#16185=CARTESIAN_POINT('',(-9.74207770273015,-4.15571365172342,1.38034331994333));
#16186=CARTESIAN_POINT('',(-9.73088526775251,-12.4425983290637,3.37029735807144));
#16187=CARTESIAN_POINT('',(-10.1808848573136,-12.4432061076611,3.37029735807144));
#16188=CARTESIAN_POINT('',(-10.1919481315797,-4.25195208833133,1.04366133265267));
#16189=CARTESIAN_POINT('',(-9.74194854201858,-4.25134430973392,1.04366133265267));
#16190=CARTESIAN_POINT('',(-10.1808848573136,-12.4432061076611,3.37029735807144));
#16191=CARTESIAN_POINT('',(-10.1812184212194,-12.1962352183911,4.73700232629813));
#16192=CARTESIAN_POINT('',(-10.1812148671771,-12.198866633139,4.73700232629813));
#16193=CARTESIAN_POINT('',(-10.1812113131348,-12.2014980478869,4.73700232629813));
#16194=CARTESIAN_POINT('',(-10.1812077590926,-12.2041294626348,4.73700232629813));
#16195=CARTESIAN_POINT('',(-10.1812077590926,-12.2041294626348,4.73700232629813));
#16196=CARTESIAN_POINT('',(-10.1812077590926,-12.2041294626348,4.73700232629813));
#16197=CARTESIAN_POINT('',(-10.1808665228797,-12.4567809320936,4.73700232629814));
#16198=CARTESIAN_POINT('',(-10.1802357322197,-12.9238186647429,4.31212773180407));
#16199=CARTESIAN_POINT('',(-10.180683859844,-12.5920247386678,3.77641248964912));
#16200=CARTESIAN_POINT('',(-10.1810140180252,-12.3475754496506,3.70697934536214));
#16201=CARTESIAN_POINT('',(-10.1919481315797,-4.25195208833133,1.04366133265267));
#16202=CARTESIAN_POINT('',(-9.95620839978338,-12.2035031501065,4.21206704222354));
#16203=CARTESIAN_POINT('',(-9.85454530994254,-4.17977326087539,1.29617282312067));
#16204=CARTESIAN_POINT('',(-11.6144947254253,0.807378032660306,4.6220023262979));
#16205=CARTESIAN_POINT('',(-11.3894948647317,0.807127657211374,4.6220023262979));
#16206=CARTESIAN_POINT('',(-11.3889774221373,1.27212736931146,4.6220023262979));
#16207=CARTESIAN_POINT('',(-11.3889774221373,1.27212736931146,4.6220023262979));
#16208=CARTESIAN_POINT('',(-11.8389771435244,1.27262812020932,4.6220023262979));
#16209=CARTESIAN_POINT('',(-11.8394945861189,0.807628408109238,4.6220023262979));
#16210=CARTESIAN_POINT('',(-11.3894948647317,0.807127657211382,5.0870023262979));
#16211=CARTESIAN_POINT('',(-11.6144947254253,0.807378032660306,4.6220023262979));
#16212=CARTESIAN_POINT('',(-11.3894948647317,0.807127657211374,4.6220023262979));
#16213=CARTESIAN_POINT('',(-11.3893668950578,0.92212758601032,4.6220023262979));
#16214=CARTESIAN_POINT('',(-11.8394945861189,0.80762840810924,4.7370023262979));
#16215=CARTESIAN_POINT('',(-11.8394945861189,0.807628408109238,4.6220023262979));
#16216=CARTESIAN_POINT('',(-11.839366616445,0.922628336908184,4.6220023262979));
#16217=CARTESIAN_POINT('',(-11.839366616445,0.922628336908184,4.6220023262979));
#16218=CARTESIAN_POINT('',(-11.8394945861189,0.807628408109247,5.0870023262979));
#16219=CARTESIAN_POINT('',(-11.8389771435244,1.27262812020912,-7.7129976737021));
#16220=CARTESIAN_POINT('',(-11.8389771435244,1.27262812020912,-7.7129976737021));
#16221=CARTESIAN_POINT('',(-11.8389771435244,1.27262812020912,-7.7129976737021));
#16222=CARTESIAN_POINT('',(-11.839366616445,0.922628336907978,-7.7129976737021));
#16223=CARTESIAN_POINT('',(-11.839366616445,0.922628336907978,-7.7129976737021));
#16224=CARTESIAN_POINT('',(-11.3894948647317,0.807127657211374,4.7370023262979));
#16225=CARTESIAN_POINT('',(-11.3893668950578,0.922127586010115,-7.7129976737021));
#16226=CARTESIAN_POINT('',(-11.3893668950578,0.922127586010115,-7.7129976737021));
#16227=CARTESIAN_POINT('',(-11.3893668950578,0.922127586010115,-7.7129976737021));
#16228=CARTESIAN_POINT('',(-11.3889774221373,1.27212736931125,-7.7129976737021));
#16229=CARTESIAN_POINT('',(-11.3889774221373,1.27212736931125,-7.7129976737021));
#16230=CARTESIAN_POINT('',(-11.8394945861189,0.807628408109238,4.7370023262979));
#16231=CARTESIAN_POINT('',(-11.5017694571745,1.00975271955987,-7.7129976737021));
#16232=CARTESIAN_POINT('',(-11.839366616445,0.922628336907978,-7.7129976737021));
#16233=CARTESIAN_POINT('',(-11.3889774221373,1.27212736931125,-7.7129976737021));
#16234=CARTESIAN_POINT('',(-11.3889774221373,1.27212736931125,-7.7129976737021));
#16235=CARTESIAN_POINT('',(-11.839366616445,0.922628336907978,-7.7129976737021));
#16236=CARTESIAN_POINT('',(-9.07378033975057,0.807378117614647,4.62200232629792));
#16237=CARTESIAN_POINT('',(-8.84878054497,0.807682006913354,4.62200232629792));
#16238=CARTESIAN_POINT('',(-8.849408582854,1.27268158279318,4.62200232629791));
#16239=CARTESIAN_POINT('',(-8.849408582854,1.27268158279318,4.62200232629791));
#16240=CARTESIAN_POINT('',(-9.29940817241512,1.27207380419577,4.62200232629791));
#16241=CARTESIAN_POINT('',(-9.29878013453112,0.80707422831594,4.62200232629792));
#16242=CARTESIAN_POINT('',(-8.84878054497001,0.807682006913362,5.08700232629791));
#16243=CARTESIAN_POINT('',(-9.07378033975057,0.807378117614647,4.62200232629792));
#16244=CARTESIAN_POINT('',(-8.84878054497,0.807682006913354,4.62200232629792));
#16245=CARTESIAN_POINT('',(-8.84893586616712,0.92268190202342,4.62200232629791));
#16246=CARTESIAN_POINT('',(-9.29878013453112,0.807074228315942,4.73700232629791));
#16247=CARTESIAN_POINT('',(-9.29878013453112,0.80707422831594,4.62200232629792));
#16248=CARTESIAN_POINT('',(-9.29893545572824,0.922074123426006,4.62200232629791));
#16249=CARTESIAN_POINT('',(-9.29893545572824,0.922074123426006,4.62200232629791));
#16250=CARTESIAN_POINT('',(-9.29878013453113,0.807074228315945,5.08700232629791));
#16251=CARTESIAN_POINT('',(-9.29940817241511,1.27207380419556,-7.71299767370209));
#16252=CARTESIAN_POINT('',(-9.29940817241511,1.27207380419556,-7.71299767370209));
#16253=CARTESIAN_POINT('',(-9.29940817241511,1.27207380419556,-7.71299767370209));
#16254=CARTESIAN_POINT('',(-9.29893545572823,0.922074123425799,-7.71299767370209));
#16255=CARTESIAN_POINT('',(-9.29893545572823,0.922074123425799,-7.71299767370209));
#16256=CARTESIAN_POINT('',(-8.84878054497,0.807682006913358,4.73700232629791));
#16257=CARTESIAN_POINT('',(-8.84893586616711,0.922681902023213,-7.71299767370209));
#16258=CARTESIAN_POINT('',(-8.84893586616711,0.922681902023213,-7.71299767370209));
#16259=CARTESIAN_POINT('',(-8.84893586616711,0.922681902023213,-7.71299767370209));
#16260=CARTESIAN_POINT('',(-8.84940858285399,1.27268158279297,-7.71299767370209));
#16261=CARTESIAN_POINT('',(-8.84940858285399,1.27268158279297,-7.71299767370209));
#16262=CARTESIAN_POINT('',(-9.29878013453112,0.807074228315943,4.73700232629791));
#16263=CARTESIAN_POINT('',(-8.96155394272911,1.0100298775663,-7.71299767370209));
#16264=CARTESIAN_POINT('',(-9.29893545572823,0.922074123425799,-7.71299767370209));
#16265=CARTESIAN_POINT('',(-8.84940858285399,1.27268158279297,-7.71299767370209));
#16266=CARTESIAN_POINT('',(-8.84940858285399,1.27268158279297,-7.71299767370209));
#16267=CARTESIAN_POINT('',(-9.29893545572823,0.922074123425799,-7.71299767370209));
#16268=CARTESIAN_POINT('',(-20.0919567540455,-13.1726221468904,5.08700232629793));
#16269=CARTESIAN_POINT('',(-20.0919567540455,-13.1726221468904,5.08700232629793));
#16270=CARTESIAN_POINT('',(-20.0919567540455,-13.1726221468904,5.08700232629793));
#16271=CARTESIAN_POINT('',(-20.0919567540455,-13.1726221468904,5.08700232629793));
#16272=CARTESIAN_POINT('',(-17.0831539914028,-12.2504432127523,4.21209225796543));
#16273=CARTESIAN_POINT('',(-16.858182949297,-12.2671274481454,5.086862146415));
#16274=CARTESIAN_POINT('',(-16.8585497796294,-12.4759754343968,5.08316595907617));
#16275=CARTESIAN_POINT('',(-16.8592685492452,-12.885193466861,4.92149316792241));
#16276=CARTESIAN_POINT('',(-16.8598143415934,-13.1959301284245,4.33477903831265));
#16277=CARTESIAN_POINT('',(-16.8595491007013,-13.0449201891986,3.68787256988435));
#16278=CARTESIAN_POINT('',(-16.8589298852258,-12.6923814438711,3.42763865909362));
#16279=CARTESIAN_POINT('',(-16.8585746911055,-12.4901583172462,3.37024616643356));
#16280=CARTESIAN_POINT('',(-16.8585746911055,-12.4901583172462,3.37024616643353));
#16281=CARTESIAN_POINT('',(-17.3085739969586,-12.489367917502,3.37024616643356));
#16282=CARTESIAN_POINT('',(-17.3089279179704,-12.6908662236473,3.42743294941666));
#16283=CARTESIAN_POINT('',(-17.3095489202954,-13.0444222783215,3.68796925576729));
#16284=CARTESIAN_POINT('',(-17.3098136977628,-13.1951683753236,4.33473421253283));
#16285=CARTESIAN_POINT('',(-17.3092670822347,-12.8839630517029,4.92149376768677));
#16286=CARTESIAN_POINT('',(-17.3085509215256,-12.4762303514705,5.08310088982189));
#16287=CARTESIAN_POINT('',(-17.3081822550958,-12.266337017496,5.08685918843624));
#16288=CARTESIAN_POINT('',(-17.3085739969586,-12.489367917502,3.37024616643353));
#16289=CARTESIAN_POINT('',(-16.8585746911055,-12.4901583172462,3.37024616643352));
#16290=CARTESIAN_POINT('',(-17.0085744597232,-12.4898948506648,3.37024616643352));
#16291=CARTESIAN_POINT('',(-17.1585742283409,-12.4896313840834,3.37024616643352));
#16292=CARTESIAN_POINT('',(-17.3085739969586,-12.489367917502,3.37024616643352));
#16293=CARTESIAN_POINT('',(-17.1816332377416,-4.26789064665411,1.12782671031153));
#16294=CARTESIAN_POINT('',(-16.8441757191921,-4.29237306581021,1.04365109432507));
#16295=CARTESIAN_POINT('',(-16.8441757191921,-4.29237306581021,1.04365109432507));
#16296=CARTESIAN_POINT('',(-17.2941750250452,-4.29158266606598,1.04365109432507));
#16297=CARTESIAN_POINT('',(-17.2941750250452,-4.29158266606598,1.04365109432507));
#16298=CARTESIAN_POINT('',(-17.2940071816839,-4.19602418867429,1.38035355827089));
#16299=CARTESIAN_POINT('',(-17.2940071816839,-4.19602418867429,1.38035355827089));
#16300=CARTESIAN_POINT('',(-16.8440078758308,-4.19681458841852,1.38035355827089));
#16301=CARTESIAN_POINT('',(-16.8440078758308,-4.19681458841852,1.38035355827089));
#16302=CARTESIAN_POINT('',(-18.0765181569152,-1.35492468192734,-7.71299767370206));
#16303=CARTESIAN_POINT('',(-17.7388649886863,-1.26801761670853,-7.71299767370206));
#16304=CARTESIAN_POINT('',(-17.7388649886863,-1.26801761670853,-7.71299767370206));
#16305=CARTESIAN_POINT('',(-18.1888642945393,-1.2672272169643,-7.71299767370206));
#16306=CARTESIAN_POINT('',(-17.7394797440429,-1.61801707681647,-7.71299767370206));
#16307=CARTESIAN_POINT('',(-17.7394797440429,-1.61801707681647,-7.71299767370206));
#16308=CARTESIAN_POINT('',(-18.189479049896,-1.61722667707224,-7.71299767370206));
#16309=CARTESIAN_POINT('',(-18.189479049896,-1.61722667707224,-7.71299767370206));
#16310=CARTESIAN_POINT('',(-18.1888642945393,-1.2672272169643,-7.71299767370206));
#16311=CARTESIAN_POINT('',(-17.0831541233571,-12.2505183384915,4.21207105878376));
#16312=CARTESIAN_POINT('',(-16.8581378689678,-12.2414618056128,4.73700232629812));
#16313=CARTESIAN_POINT('',(-17.0081491087407,-12.2477318842724,4.73700232629812));
#16314=CARTESIAN_POINT('',(-17.1581603485136,-12.254001962932,4.73700232629812));
#16315=CARTESIAN_POINT('',(-17.3081715882865,-12.2602720415916,4.73700232629812));
#16316=CARTESIAN_POINT('',(-17.3081716012384,-12.2602714582292,4.73695659677674));
#16317=CARTESIAN_POINT('',(-16.8581378689668,-12.2414618056486,4.73700273808907));
#16318=CARTESIAN_POINT('',(-16.8581550827022,-12.251262123767,4.73700232629812));
#16319=CARTESIAN_POINT('',(-16.8581493447904,-12.2479953510609,4.73700232629812));
#16320=CARTESIAN_POINT('',(-16.8581436068787,-12.2447285783547,4.73700232629812));
#16321=CARTESIAN_POINT('',(-16.8581378689669,-12.2414618056486,4.73700232629812));
#16322=CARTESIAN_POINT('',(-16.8581550827022,-12.251262123767,4.73700232629812));
#16323=CARTESIAN_POINT('',(-16.8584068477442,-12.3945998398546,3.7069486303794));
#16324=CARTESIAN_POINT('',(-16.8588337885419,-12.6376705948582,3.77593399696559));
#16325=CARTESIAN_POINT('',(-16.8594192044107,-12.9709661665624,4.31225559573407));
#16326=CARTESIAN_POINT('',(-16.8586014630389,-12.5054004166051,4.73700232629812));
#16327=CARTESIAN_POINT('',(-16.8581550827022,-12.251262123767,4.73700232629812));
#16328=CARTESIAN_POINT('',(-16.8584068477442,-12.3945998398546,3.70694863037942));
#16329=CARTESIAN_POINT('',(-17.3084061535973,-12.3938094401103,3.70694863037942));
#16330=CARTESIAN_POINT('',(-17.1584063849796,-12.3940729066917,3.70694863037942));
#16331=CARTESIAN_POINT('',(-17.0084066163619,-12.3943363732732,3.70694863037942));
#16332=CARTESIAN_POINT('',(-16.8584068477442,-12.3945998398546,3.70694863037942));
#16333=CARTESIAN_POINT('',(-17.3084061535973,-12.3938094401103,3.70694863037942));
#16334=CARTESIAN_POINT('',(-17.3081716002382,-12.2602708736738,4.73691086725538));
#16335=CARTESIAN_POINT('',(-17.3086123590448,-12.5112086535151,4.73222627126944));
#16336=CARTESIAN_POINT('',(-17.3094151905982,-12.9682857773041,4.30496076127869));
#16337=CARTESIAN_POINT('',(-17.308832729161,-12.6366722560126,3.77587498223493));
#16338=CARTESIAN_POINT('',(-17.3084061535973,-12.3938094401103,3.7069486303794));
#16339=CARTESIAN_POINT('',(-16.8584068477442,-12.3945998398546,3.70694863037942));
#16340=CARTESIAN_POINT('',(-16.8584068477442,-12.3945998398546,3.70694863037942));
#16341=CARTESIAN_POINT('',(-16.8581378689668,-12.2414618056128,4.73700232629812));
#16342=CARTESIAN_POINT('',(-16.8585746911055,-12.4901583172462,3.37024616643352));
#16343=CARTESIAN_POINT('',(-17.3084061535973,-12.3938094401103,3.70694863037942));
#16344=CARTESIAN_POINT('',(-17.3084061535973,-12.3938094401103,3.70694863037942));
#16345=CARTESIAN_POINT('',(-17.3085739969586,-12.489367917502,3.37024616643352));
#16346=CARTESIAN_POINT('',(-17.3085739969586,-12.489367917502,3.37024616643352));
#16347=CARTESIAN_POINT('',(-17.3081716022906,-12.260272042177,5.08700232629812));
#16348=CARTESIAN_POINT('',(-16.8585746911055,-12.4901583172462,3.37024616643352));
#16349=CARTESIAN_POINT('',(-18.2062631825328,-1.75751841250188,5.08700232629794));
#16350=CARTESIAN_POINT('',(-17.6431084584489,-8.3433449056592,5.08700238141315));
#16351=CARTESIAN_POINT('',(-17.6431084584489,-8.34334490565921,4.73700232629805));
#16352=CARTESIAN_POINT('',(-18.1900583256717,-1.94702650161066,5.08700232629795));
#16353=CARTESIAN_POINT('',(-18.1900583256717,-1.94702650161066,4.73700232629795));
#16354=CARTESIAN_POINT('',(-18.2062631825328,-1.75751841250188,4.73700232629794));
#16355=CARTESIAN_POINT('',(-17.6431211315966,-8.34319669922832,4.73700232629805));
#16356=CARTESIAN_POINT('',(-18.2062631825328,-1.75751841250188,4.73700232629794));
#16357=CARTESIAN_POINT('',(-17.7578994100516,-1.71917877861642,4.73700232629794));
#16358=CARTESIAN_POINT('',(-17.1914110888345,-8.34399010379056,4.73700232629805));
#16359=CARTESIAN_POINT('',(-17.1914110888345,-8.34399010379056,4.73700232629805));
#16360=CARTESIAN_POINT('',(-17.7578994100516,-1.71917877861642,4.73700232629794));
#16361=CARTESIAN_POINT('',(-17.7400245923479,-1.92821626504644,4.73700232629795));
#16362=CARTESIAN_POINT('',(-17.7400245923479,-1.92821626504644,4.73700232629795));
#16363=CARTESIAN_POINT('',(-18.189479049896,-1.61722667707224,-7.71299767370206));
#16364=CARTESIAN_POINT('',(-18.189479049896,-1.61722667707224,-7.71299767370206));
#16365=CARTESIAN_POINT('',(-18.189479049896,-1.61722667707203,4.61700232629794));
#16366=CARTESIAN_POINT('',(-17.7394797440429,-1.61801707681647,-7.71299767370206));
#16367=CARTESIAN_POINT('',(-17.7394797440429,-1.61801707681627,4.61700232629794));
#16368=CARTESIAN_POINT('',(-18.189479049896,-1.61722667707203,4.61700232629794));
#16369=CARTESIAN_POINT('',(-17.7388649886863,-1.26801761670853,-7.71299767370206));
#16370=CARTESIAN_POINT('',(-17.7388649886863,-1.26801761670832,4.61700232629794));
#16371=CARTESIAN_POINT('',(-17.7388649886863,-1.26801761670832,4.61700232629794));
#16372=CARTESIAN_POINT('',(-18.1888642945393,-1.26722721696409,4.61700232629794));
#16373=CARTESIAN_POINT('',(-17.7388649886863,-1.26801761670853,-7.71299767370206));
#16374=CARTESIAN_POINT('',(-18.1888642945393,-1.2672272169643,-7.71299767370206));
#16375=CARTESIAN_POINT('',(-17.9646901702346,-1.7376216918383,4.61700232629794));
#16376=CARTESIAN_POINT('',(-18.1896898231611,-1.73722649196618,4.61700232629794));
#16377=CARTESIAN_POINT('',(-18.1896898231611,-1.73722649196618,4.73700232629794));
#16378=CARTESIAN_POINT('',(-17.739690517308,-1.73801689171042,4.61700232629794));
#16379=CARTESIAN_POINT('',(-17.739690517308,-1.73801689171042,4.73700232629794));
#16380=CARTESIAN_POINT('',(-18.1896898231611,-1.73722649196618,4.73700232629794));
#16381=CARTESIAN_POINT('',(-17.9646901702346,-1.7376216918383,4.61700232629794));
#16382=CARTESIAN_POINT('',(-17.739690517308,-1.73801689171042,4.61700232629794));
#16383=CARTESIAN_POINT('',(-18.1896898231611,-1.73722649196618,4.61700232629794));
#16384=CARTESIAN_POINT('',(-17.739690517308,-1.73801689171042,4.73700232629794));
#16385=CARTESIAN_POINT('',(-17.739690517308,-1.73801689171042,4.73700232629794));
#16386=CARTESIAN_POINT('',(-18.1896898231611,-1.73722649196618,4.73700232629794));
#16387=CARTESIAN_POINT('',(-17.6414103946876,-8.34319970404632,4.73700232629805));
#16388=CARTESIAN_POINT('',(-17.7578994100516,-1.71917877861642,4.73700232629794));
#16389=CARTESIAN_POINT('',(-18.2062631825328,-1.75751841250188,4.73700232629794));
#16390=CARTESIAN_POINT('',(-18.1896898231611,-1.73722649196618,5.08700232629794));
#16391=CARTESIAN_POINT('',(-18.1896898231611,-1.73722649196618,4.73700232629794));
#16392=CARTESIAN_POINT('',(-17.7578994100516,-1.71917877861642,4.73700232629794));
#16393=CARTESIAN_POINT('',(-18.2062631825328,-1.75751841250188,5.08700232629794));
#16394=CARTESIAN_POINT('',(-18.1896898231611,-1.73722649196618,4.73700232629794));
#16395=CARTESIAN_POINT('',(-15.0401971081823,-12.2417474486919,4.21208627141407));
#16396=CARTESIAN_POINT('',(-14.8151787949349,-12.2557537605587,5.08689460053565));
#16397=CARTESIAN_POINT('',(-14.8149082439908,-12.4648268839667,5.08365212171127));
#16398=CARTESIAN_POINT('',(-14.8143779897485,-12.8745904167685,4.92267533108733));
#16399=CARTESIAN_POINT('',(-14.8139743870328,-13.186481697388,4.33594886365114));
#16400=CARTESIAN_POINT('',(-14.8141691561292,-13.0359703640182,3.68838226025365));
#16401=CARTESIAN_POINT('',(-14.8146255641272,-12.6832728488162,3.42777351950805));
#16402=CARTESIAN_POINT('',(-14.814887418952,-12.480919808436,3.37029735807148));
#16403=CARTESIAN_POINT('',(-14.814887418952,-12.480919808436,3.37029735807145));
#16404=CARTESIAN_POINT('',(-15.2648870421757,-12.4815021301658,3.37029735807148));
#16405=CARTESIAN_POINT('',(-15.2646261054605,-12.6831456847734,3.42757199785695));
#16406=CARTESIAN_POINT('',(-15.2641684038725,-13.0368428449592,3.68847281884466));
#16407=CARTESIAN_POINT('',(-15.2639740057235,-13.1870675219834,4.33590514350771));
#16408=CARTESIAN_POINT('',(-15.2643780450751,-12.874838823155,4.92265174994694));
#16409=CARTESIAN_POINT('',(-15.2649067951713,-12.46623764637,5.08363204383376));
#16410=CARTESIAN_POINT('',(-15.2651784181264,-12.2563361070699,5.08689358333709));
#16411=CARTESIAN_POINT('',(-15.2648870421757,-12.4815021301658,3.37029735807145));
#16412=CARTESIAN_POINT('',(-14.814887418952,-12.480919808436,3.37029735807144));
#16413=CARTESIAN_POINT('',(-14.9648872933599,-12.4811139156793,3.37029735807144));
#16414=CARTESIAN_POINT('',(-15.1148871677678,-12.4813080229226,3.37029735807144));
#16415=CARTESIAN_POINT('',(-15.2648870421757,-12.4815021301658,3.37029735807144));
#16416=CARTESIAN_POINT('',(-14.9380800257719,-4.21808775791363,1.29617282312066));
#16417=CARTESIAN_POINT('',(-15.2756106808902,-4.19461683291994,1.38034331994332));
#16418=CARTESIAN_POINT('',(-15.2756106808902,-4.19461683291994,1.38034331994332));
#16419=CARTESIAN_POINT('',(-14.8256110576665,-4.19403451119012,1.38034331994332));
#16420=CARTESIAN_POINT('',(-14.8256110576665,-4.19403451119012,1.38034331994332));
#16421=CARTESIAN_POINT('',(-14.8254873068644,-4.28966517635434,1.04366133265266));
#16422=CARTESIAN_POINT('',(-14.8254873068644,-4.28966517635434,1.04366133265266));
#16423=CARTESIAN_POINT('',(-15.275486930088,-4.29024749808416,1.04366133265266));
#16424=CARTESIAN_POINT('',(-15.275486930088,-4.29024749808416,1.04366133265266));
#16425=CARTESIAN_POINT('',(-15.31155888426,-1.52997649319586,-7.71299767370206));
#16426=CARTESIAN_POINT('',(-15.6489453724524,-1.61791316123115,-7.71299767370206));
#16427=CARTESIAN_POINT('',(-15.6489453724524,-1.61791316123115,-7.71299767370206));
#16428=CARTESIAN_POINT('',(-15.1989457492288,-1.61733083950133,-7.71299767370206));
#16429=CARTESIAN_POINT('',(-15.6493982893534,-1.26791345427944,-7.71299767370206));
#16430=CARTESIAN_POINT('',(-15.6493982893534,-1.26791345427944,-7.71299767370206));
#16431=CARTESIAN_POINT('',(-15.1993986661298,-1.26733113254962,-7.71299767370206));
#16432=CARTESIAN_POINT('',(-15.1993986661298,-1.26733113254962,-7.71299767370206));
#16433=CARTESIAN_POINT('',(-15.1989457492288,-1.61733083950133,-7.71299767370206));
#16434=CARTESIAN_POINT('',(-15.0401969659213,-12.241857383485,4.21205997334777));
#16435=CARTESIAN_POINT('',(-14.8152020187931,-12.2378071056176,4.73700232629822));
#16436=CARTESIAN_POINT('',(-14.9651984111646,-12.24069190613,4.73700232629822));
#16437=CARTESIAN_POINT('',(-15.1151948035361,-12.2435767066424,4.73700232629822));
#16438=CARTESIAN_POINT('',(-15.2651911959076,-12.2464615071549,4.73700232629822));
#16439=CARTESIAN_POINT('',(-15.265191196384,-12.246461463158,4.73699410658207));
#16440=CARTESIAN_POINT('',(-14.8152020187923,-12.2378071056681,4.73700255927847));
#16441=CARTESIAN_POINT('',(-14.8151967959576,-12.2418431454887,4.73700232629813));
#16442=CARTESIAN_POINT('',(-14.8151985369025,-12.2404977988819,4.73700232629813));
#16443=CARTESIAN_POINT('',(-14.8152002778474,-12.239152452275,4.73700232629813));
#16444=CARTESIAN_POINT('',(-14.8152020187924,-12.2378071056681,4.73700232629813));
#16445=CARTESIAN_POINT('',(-14.8151967959576,-12.2418431454887,4.73700232629815));
#16446=CARTESIAN_POINT('',(-14.8150111697542,-12.3852891432718,3.70697934536214));
#16447=CARTESIAN_POINT('',(-14.8146966669335,-12.6283268723935,3.77601154635074));
#16448=CARTESIAN_POINT('',(-14.814265518656,-12.9615044828157,4.31232820345326));
#16449=CARTESIAN_POINT('',(-14.8148679535496,-12.4959620493749,4.73700232629814));
#16450=CARTESIAN_POINT('',(-14.8151967959575,-12.2418431455255,4.73700232629813));
#16451=CARTESIAN_POINT('',(-14.8150111697542,-12.3852891432718,3.70697934536214));
#16452=CARTESIAN_POINT('',(-15.2650107929779,-12.3858714650016,3.70697934536213));
#16453=CARTESIAN_POINT('',(-15.11501091857,-12.3856773577583,3.70697934536214));
#16454=CARTESIAN_POINT('',(-14.9650110441621,-12.3854832505151,3.70697934536214));
#16455=CARTESIAN_POINT('',(-14.8150111697542,-12.3852891432718,3.70697934536213));
#16456=CARTESIAN_POINT('',(-15.2650107929779,-12.3858714650016,3.70697934536214));
#16457=CARTESIAN_POINT('',(-15.2651911964565,-12.2464614219944,4.73698681277565));
#16458=CARTESIAN_POINT('',(-15.2648651631332,-12.4984095549656,4.73504989275181));
#16459=CARTESIAN_POINT('',(-15.2642661199985,-12.9613309455116,4.30920019761609));
#16460=CARTESIAN_POINT('',(-15.2646953266516,-12.6296537604018,3.77622303223471));
#16461=CARTESIAN_POINT('',(-15.2650107929779,-12.3858714650016,3.70697934536214));
#16462=CARTESIAN_POINT('',(-14.814887418952,-12.480919808436,3.37029735807144));
#16463=CARTESIAN_POINT('',(-14.814887418952,-12.480919808436,3.37029735807144));
#16464=CARTESIAN_POINT('',(-15.2648870421757,-12.4815021301658,3.37029735807144));
#16465=CARTESIAN_POINT('',(-14.8150111697542,-12.3852891432718,3.70697934536213));
#16466=CARTESIAN_POINT('',(-14.8150111697542,-12.3852891432718,3.70697934536213));
#16467=CARTESIAN_POINT('',(-14.8152020187924,-12.2378071056175,4.73700232629813));
#16468=CARTESIAN_POINT('',(-15.2650107929779,-12.3858714650016,3.70697934536213));
#16469=CARTESIAN_POINT('',(-15.2650107929779,-12.3858714650016,3.70697934536213));
#16470=CARTESIAN_POINT('',(-15.2654552288388,-12.0424256347115,5.08700232629813));
#16471=CARTESIAN_POINT('',(-15.2651911963462,-12.2464615071632,5.08700232629813));
#16472=CARTESIAN_POINT('',(-15.2061248336721,-1.72439939608926,4.73700232629794));
#16473=CARTESIAN_POINT('',(-14.9600598264784,-8.34202734004114,4.73700232629806));
#16474=CARTESIAN_POINT('',(-14.9600598264784,-8.34202734004114,4.73700232629806));
#16475=CARTESIAN_POINT('',(-15.2061248336721,-1.72439939608926,4.73700232629794));
#16476=CARTESIAN_POINT('',(-15.1985433468529,-1.92829453584969,4.73700232629795));
#16477=CARTESIAN_POINT('',(-15.1985433468529,-1.92829453584969,4.73700232629795));
#16478=CARTESIAN_POINT('',(-15.6558140719751,-1.74112030977542,5.08700232629794));
#16479=CARTESIAN_POINT('',(-15.4103491363685,-8.3426100366398,5.08700232629806));
#16480=CARTESIAN_POINT('',(-15.4103491363685,-8.34261003663981,4.73700232629806));
#16481=CARTESIAN_POINT('',(-15.6485325244067,-1.9369489373954,5.08700232629795));
#16482=CARTESIAN_POINT('',(-15.6485325244067,-1.93694893739541,4.73700232629795));
#16483=CARTESIAN_POINT('',(-15.6558140719751,-1.74112030977543,4.73700232629794));
#16484=CARTESIAN_POINT('',(-15.1993986661298,-1.26733113254962,-7.71299767370206));
#16485=CARTESIAN_POINT('',(-15.1993986661298,-1.26733113254962,-7.71299767370206));
#16486=CARTESIAN_POINT('',(-15.1993986661298,-1.2673311325494,4.62200232629794));
#16487=CARTESIAN_POINT('',(-15.6493982893534,-1.26791345427944,-7.71299767370206));
#16488=CARTESIAN_POINT('',(-15.6493982893534,-1.26791345427922,4.62200232629794));
#16489=CARTESIAN_POINT('',(-15.1993986661298,-1.2673311325494,4.62200232629794));
#16490=CARTESIAN_POINT('',(-15.6489453724524,-1.61791316123115,-7.71299767370206));
#16491=CARTESIAN_POINT('',(-15.6489453724525,-1.61791316123093,4.62200232629794));
#16492=CARTESIAN_POINT('',(-15.6489453724525,-1.61791316123093,4.62200232629794));
#16493=CARTESIAN_POINT('',(-15.1989457492288,-1.61733083950111,4.62200232629794));
#16494=CARTESIAN_POINT('',(-15.6489453724524,-1.61791316123115,-7.71299767370206));
#16495=CARTESIAN_POINT('',(-15.1989457492288,-1.61733083950133,-7.71299767370206));
#16496=CARTESIAN_POINT('',(-15.4237967452875,-1.73262190407872,4.62200232629794));
#16497=CARTESIAN_POINT('',(-15.1987969336757,-1.73233074321381,4.62200232629794));
#16498=CARTESIAN_POINT('',(-15.6487965568993,-1.73291306494363,4.62200232629794));
#16499=CARTESIAN_POINT('',(-15.4237967452875,-1.73262190407872,4.62200232629794));
#16500=CARTESIAN_POINT('',(-15.6487965568993,-1.73291306494363,4.73700232629794));
#16501=CARTESIAN_POINT('',(-15.6487965568993,-1.73291306494363,4.73700232629794));
#16502=CARTESIAN_POINT('',(-15.1987969336757,-1.73233074321381,4.73700232629794));
#16503=CARTESIAN_POINT('',(-15.6487965568993,-1.73291306494363,4.62200232629794));
#16504=CARTESIAN_POINT('',(-15.1987969336757,-1.73233074321381,4.62200232629794));
#16505=CARTESIAN_POINT('',(-15.6487965568993,-1.73291306494362,5.08700232629794));
#16506=CARTESIAN_POINT('',(-15.6487965568993,-1.73291306494363,4.73700232629794));
#16507=CARTESIAN_POINT('',(-15.1987969336757,-1.73233074321381,4.73700232629794));
#16508=CARTESIAN_POINT('',(-15.1987969336757,-1.73233074321381,4.73700232629794));
#16509=CARTESIAN_POINT('',(-15.6487965568993,-1.73291306494363,4.73700232629794));
#16510=CARTESIAN_POINT('',(-15.4103491363685,-8.34261003663981,4.73700232629806));
#16511=CARTESIAN_POINT('',(-15.6558140719751,-1.74112030977542,5.08700232629794));
#16512=CARTESIAN_POINT('',(-15.6558140719751,-1.74112030977543,4.73700232629794));
#16513=CARTESIAN_POINT('',(-15.2061248336721,-1.72439939608926,4.73700232629794));
#16514=CARTESIAN_POINT('',(-15.2061248336721,-1.72439939608926,4.73700232629794));
#16515=CARTESIAN_POINT('',(-15.6487965568993,-1.73291306494363,4.73700232629794));
#16516=CARTESIAN_POINT('',(-10.9458494302531,-12.2421272952595,4.2120886518071));
#16517=CARTESIAN_POINT('',(-10.7208517820661,-12.2572862736548,5.08687947960091));
#16518=CARTESIAN_POINT('',(-10.7208842751469,-12.4664840879899,5.08340983083629));
#16519=CARTESIAN_POINT('',(-10.7209478330339,-12.8756841621997,4.92220342808153));
#16520=CARTESIAN_POINT('',(-10.7209962226819,-13.1872276771488,4.33549801712215));
#16521=CARTESIAN_POINT('',(-10.7209728153164,-13.0365257557127,3.68823071368558));
#16522=CARTESIAN_POINT('',(-10.7209180469685,-12.6839147257691,3.42775104847174));
#16523=CARTESIAN_POINT('',(-10.7208866292956,-12.4816406309633,3.37029735807148));
#16524=CARTESIAN_POINT('',(-10.7208866292956,-12.4816406309633,3.37029735807144));
#16525=CARTESIAN_POINT('',(-11.1708866238675,-12.4815707359397,3.37029735807148));
#16526=CARTESIAN_POINT('',(-11.1709179352786,-12.683160693252,3.42755672688161));
#16527=CARTESIAN_POINT('',(-11.1709728546562,-13.0367440867351,3.68831102006668));
#16528=CARTESIAN_POINT('',(-11.170996211161,-13.1871185558814,4.33545759449945));
#16529=CARTESIAN_POINT('',(-11.1709478044154,-12.8754649623329,4.92214718785491));
#16530=CARTESIAN_POINT('',(-11.1708843385558,-12.4668573818647,5.08346284244131));
#16531=CARTESIAN_POINT('',(-11.1708517766598,-12.2572165190816,5.08688243741365));
#16532=CARTESIAN_POINT('',(-11.1708866238675,-12.4815707359397,3.37029735807144));
#16533=CARTESIAN_POINT('',(-10.7208866292956,-12.4816406309633,3.37029735807143));
#16534=CARTESIAN_POINT('',(-10.8708866274862,-12.4816173326221,3.37029735807143));
#16535=CARTESIAN_POINT('',(-11.0208866256769,-12.4815940342809,3.37029735807143));
#16536=CARTESIAN_POINT('',(-11.1708866238675,-12.4815707359397,3.37029735807143));
#16537=CARTESIAN_POINT('',(-11.0571106264617,-4.26641913201468,1.12783182947533));
#16538=CARTESIAN_POINT('',(-10.719614343929,-4.29037923930248,1.04366133265267));
#16539=CARTESIAN_POINT('',(-10.719614343929,-4.29037923930248,1.04366133265267));
#16540=CARTESIAN_POINT('',(-11.1696143385009,-4.2903093442789,1.04366133265267));
#16541=CARTESIAN_POINT('',(-11.1696143385009,-4.2903093442789,1.04366133265267));
#16542=CARTESIAN_POINT('',(-11.169599484916,-4.19467860019845,1.38034331994333));
#16543=CARTESIAN_POINT('',(-11.169599484916,-4.19467860019845,1.38034331994333));
#16544=CARTESIAN_POINT('',(-10.7195994903441,-4.19474849522202,1.38034331994333));
#16545=CARTESIAN_POINT('',(-10.7195994903441,-4.19474849522202,1.38034331994333));
#16546=CARTESIAN_POINT('',(-10.4566584272351,-1.35510467418996,-7.71299767370205));
#16547=CARTESIAN_POINT('',(-10.1191448406071,-1.26765709651311,-7.71299767370205));
#16548=CARTESIAN_POINT('',(-10.1191448406071,-1.26765709651311,-7.71299767370205));
#16549=CARTESIAN_POINT('',(-10.569144835179,-1.26758720148954,-7.71299767370205));
#16550=CARTESIAN_POINT('',(-10.1191992034032,-1.61765709229123,-7.71299767370205));
#16551=CARTESIAN_POINT('',(-10.1191992034032,-1.61765709229123,-7.71299767370205));
#16552=CARTESIAN_POINT('',(-10.5691991979751,-1.61758719726766,-7.71299767370205));
#16553=CARTESIAN_POINT('',(-10.5691991979751,-1.61758719726766,-7.71299767370205));
#16554=CARTESIAN_POINT('',(-10.569144835179,-1.26758720148954,-7.71299767370205));
#16555=CARTESIAN_POINT('',(-10.9458494451954,-12.2422234971675,4.21206441286685));
#16556=CARTESIAN_POINT('',(-10.7208505137169,-12.2491052783647,4.73700232629822));
#16557=CARTESIAN_POINT('',(-10.8708498337654,-12.2447209749323,4.73700232629822));
#16558=CARTESIAN_POINT('',(-11.0208491538139,-12.2403366714999,4.73700232629822));
#16559=CARTESIAN_POINT('',(-11.1708484738624,-12.2359523680676,4.73700232629822));
#16560=CARTESIAN_POINT('',(-11.1708484738636,-12.2359523681186,4.73700265605105));
#16561=CARTESIAN_POINT('',(-10.7208505113512,-12.2491051108424,4.73698195077512));
#16562=CARTESIAN_POINT('',(-10.7208717757107,-12.3860098868828,3.70697934536214));
#16563=CARTESIAN_POINT('',(-10.7209093564281,-12.6279630580174,3.77570343283896));
#16564=CARTESIAN_POINT('',(-10.7209610769298,-12.9609513638639,4.30759713223261));
#16565=CARTESIAN_POINT('',(-10.720889804061,-12.5020804895987,4.73380941304001));
#16566=CARTESIAN_POINT('',(-10.7208505113232,-12.2491049431837,4.7369615752521));
#16567=CARTESIAN_POINT('',(-10.7208717757107,-12.3860098868828,3.70697934536213));
#16568=CARTESIAN_POINT('',(-11.1708717702826,-12.3859399918593,3.70697934536213));
#16569=CARTESIAN_POINT('',(-11.020871772092,-12.3859632902005,3.70697934536213));
#16570=CARTESIAN_POINT('',(-10.8708717739014,-12.3859865885417,3.70697934536213));
#16571=CARTESIAN_POINT('',(-10.7208717757107,-12.3860098868829,3.70697934536213));
#16572=CARTESIAN_POINT('',(-11.1708717702826,-12.3859399918593,3.70697934536213));
#16573=CARTESIAN_POINT('',(-11.1708494899053,-12.2424938757386,4.73700232629813));
#16574=CARTESIAN_POINT('',(-11.170888732342,-12.4951455725899,4.73700232629813));
#16575=CARTESIAN_POINT('',(-11.1709612737711,-12.962183725585,4.31212773180416));
#16576=CARTESIAN_POINT('',(-11.1709097387368,-12.6303895008862,3.77641248964893));
#16577=CARTESIAN_POINT('',(-11.1708717702826,-12.3859399918593,3.70697934536214));
#16578=CARTESIAN_POINT('',(-11.1708494899053,-12.2424938757386,4.73700232629813));
#16579=CARTESIAN_POINT('',(-11.1708484738634,-12.2359523681186,4.73700232629813));
#16580=CARTESIAN_POINT('',(-11.1708488125441,-12.2381328706586,4.73700232629813));
#16581=CARTESIAN_POINT('',(-11.1708491512247,-12.2403133731986,4.73700232629813));
#16582=CARTESIAN_POINT('',(-11.1708494899053,-12.2424938757386,4.73700232629813));
#16583=CARTESIAN_POINT('',(-10.7208717757107,-12.3860098868828,3.70697934536213));
#16584=CARTESIAN_POINT('',(-10.7208717757107,-12.3860098868828,3.70697934536213));
#16585=CARTESIAN_POINT('',(-10.7208505113753,-12.2491052784331,4.73700232629813));
#16586=CARTESIAN_POINT('',(-10.7208866292956,-12.4816406309633,3.37029735807143));
#16587=CARTESIAN_POINT('',(-11.1708717702826,-12.3859399918593,3.70697934536213));
#16588=CARTESIAN_POINT('',(-11.1708717702826,-12.3859399918593,3.70697934536213));
#16589=CARTESIAN_POINT('',(-11.1708866238675,-12.4815707359397,3.37029735807143));
#16590=CARTESIAN_POINT('',(-11.1708866238675,-12.4815707359397,3.37029735807143));
#16591=CARTESIAN_POINT('',(-11.1708484738634,-12.2359523680676,5.08700232629813));
#16592=CARTESIAN_POINT('',(-10.7208866292956,-12.4816406309633,3.37029735807143));
#16593=CARTESIAN_POINT('',(-10.5572155106189,-1.71985491229497,5.08700232629795));
#16594=CARTESIAN_POINT('',(-10.9436603123582,-8.34252911623505,5.08700232629806));
#16595=CARTESIAN_POINT('',(-10.9436603123582,-8.34252911623506,4.73700232629806));
#16596=CARTESIAN_POINT('',(-10.5692471084498,-1.92604568579673,5.08700232629796));
#16597=CARTESIAN_POINT('',(-10.5692471084498,-1.92604568579674,4.73700232629796));
#16598=CARTESIAN_POINT('',(-10.5572155106189,-1.71985491229498,4.73700232629795));
#16599=CARTESIAN_POINT('',(-10.1079796689395,-1.74606862150458,4.73700232629795));
#16600=CARTESIAN_POINT('',(-10.4928989395899,-8.34259912951763,4.73700232629806));
#16601=CARTESIAN_POINT('',(-10.4928989395899,-8.34259912951763,4.73700232629806));
#16602=CARTESIAN_POINT('',(-10.1079796689395,-1.74606862150458,4.73700232629795));
#16603=CARTESIAN_POINT('',(-10.1192491459616,-1.93919859616236,4.73700232629796));
#16604=CARTESIAN_POINT('',(-10.1192491459616,-1.93919859616236,4.73700232629796));
#16605=CARTESIAN_POINT('',(-10.5691991979751,-1.61758719726766,-7.71299767370205));
#16606=CARTESIAN_POINT('',(-10.5691991979751,-1.61758719726766,-7.71299767370205));
#16607=CARTESIAN_POINT('',(-10.5691991979751,-1.61758719726745,4.62200232629795));
#16608=CARTESIAN_POINT('',(-10.1191992034032,-1.61765709229123,-7.71299767370205));
#16609=CARTESIAN_POINT('',(-10.1191992034033,-1.61765709229103,4.62200232629795));
#16610=CARTESIAN_POINT('',(-10.5691991979751,-1.61758719726745,4.62200232629795));
#16611=CARTESIAN_POINT('',(-10.1191448406071,-1.26765709651311,-7.71299767370205));
#16612=CARTESIAN_POINT('',(-10.1191448406071,-1.2676570965129,4.62200232629795));
#16613=CARTESIAN_POINT('',(-10.1191448406071,-1.2676570965129,4.62200232629795));
#16614=CARTESIAN_POINT('',(-10.569144835179,-1.26758720148933,4.62200232629795));
#16615=CARTESIAN_POINT('',(-10.1191448406071,-1.26765709651311,-7.71299767370205));
#16616=CARTESIAN_POINT('',(-10.569144835179,-1.26758720148954,-7.71299767370205));
#16617=CARTESIAN_POINT('',(-10.3442170627508,-1.73262214339205,4.62200232629796));
#16618=CARTESIAN_POINT('',(-10.5692170600367,-1.73258719588027,4.62200232629796));
#16619=CARTESIAN_POINT('',(-10.5692170600367,-1.73258719588026,4.73700232629795));
#16620=CARTESIAN_POINT('',(-10.1192170654648,-1.73265709090384,4.62200232629796));
#16621=CARTESIAN_POINT('',(-10.1192170654648,-1.73265709090384,4.73700232629795));
#16622=CARTESIAN_POINT('',(-10.5692170600367,-1.73258719588026,4.73700232629795));
#16623=CARTESIAN_POINT('',(-10.3442170627508,-1.73262214339205,4.62200232629796));
#16624=CARTESIAN_POINT('',(-10.1192170654648,-1.73265709090384,4.62200232629796));
#16625=CARTESIAN_POINT('',(-10.5692170600367,-1.73258719588027,4.62200232629796));
#16626=CARTESIAN_POINT('',(-10.1192170654648,-1.73265709090384,4.73700232629795));
#16627=CARTESIAN_POINT('',(-10.1192170654648,-1.73265709090384,4.73700232629795));
#16628=CARTESIAN_POINT('',(-10.5692170600367,-1.73258719588027,4.73700232629795));
#16629=CARTESIAN_POINT('',(-10.9436603123582,-8.34252911623506,4.73700232629806));
#16630=CARTESIAN_POINT('',(-10.5692170600367,-1.73258719588027,4.73700232629795));
#16631=CARTESIAN_POINT('',(-10.5692170600367,-1.73258719588026,5.08700232629795));
#16632=CARTESIAN_POINT('',(-10.5572155106189,-1.71985491229497,5.08700232629795));
#16633=CARTESIAN_POINT('',(-10.5572155106189,-1.71985491229498,4.73700232629795));
#16634=CARTESIAN_POINT('',(-10.1079796689395,-1.74606862150458,4.73700232629795));
#16635=CARTESIAN_POINT('',(-10.1079796689395,-1.74606862150458,4.73700232629795));
#16636=CARTESIAN_POINT('',(-10.5692170600367,-1.73258719588027,4.73700232629795));
#16637=CARTESIAN_POINT('',(-13.0160280682465,-12.2421107316281,4.21208401958606));
#16638=CARTESIAN_POINT('',(-12.7910429997924,-12.2558352305937,5.0869062734779));
#16639=CARTESIAN_POINT('',(-12.7912726843407,-12.4650525504718,5.08384344894718));
#16640=CARTESIAN_POINT('',(-12.791722722614,-12.8749878381075,4.92315381125506));
#16641=CARTESIAN_POINT('',(-12.7920656664349,-13.1873718778959,4.33638911070524));
#16642=CARTESIAN_POINT('',(-12.7919006064523,-13.0370204178544,3.68853810044793));
#16643=CARTESIAN_POINT('',(-12.7915132957531,-12.6842230397574,3.42779122148932));
#16644=CARTESIAN_POINT('',(-12.791291078529,-12.4818076295217,3.37029735807147));
#16645=CARTESIAN_POINT('',(-12.791291078529,-12.4818076295217,3.37029735807143));
#16646=CARTESIAN_POINT('',(-13.2412908073535,-12.4813136073991,3.37029735807147));
#16647=CARTESIAN_POINT('',(-13.2415122481738,-12.6830217992185,3.42759034390304));
#16648=CARTESIAN_POINT('',(-13.2419006567266,-13.0368192011016,3.68862426329837));
#16649=CARTESIAN_POINT('',(-13.242065374051,-13.1868585372544,4.33634524782293));
#16650=CARTESIAN_POINT('',(-13.2417221867067,-12.8742526744487,4.92310963810117));
#16651=CARTESIAN_POINT('',(-13.2412731169396,-12.465199589269,5.0838623835919));
#16652=CARTESIAN_POINT('',(-13.241042728695,-12.2553412796199,5.08690738691082));
#16653=CARTESIAN_POINT('',(-13.2412908073535,-12.4813136073991,3.37029735807143));
#16654=CARTESIAN_POINT('',(-12.791291078529,-12.4818076295217,3.37029735807142));
#16655=CARTESIAN_POINT('',(-12.9412909881371,-12.4816429554808,3.37029735807142));
#16656=CARTESIAN_POINT('',(-13.0912908977453,-12.4814782814399,3.37029735807142));
#16657=CARTESIAN_POINT('',(-13.2412908073535,-12.4813136073991,3.37029735807142));
#16658=CARTESIAN_POINT('',(-12.894719683699,-4.21870455397266,1.29617282312066));
#16659=CARTESIAN_POINT('',(-13.2321932338154,-4.19442636547926,1.38034331994331));
#16660=CARTESIAN_POINT('',(-13.2321932338154,-4.19442636547926,1.38034331994331));
#16661=CARTESIAN_POINT('',(-12.7821935049908,-4.19492038760188,1.38034331994331));
#16662=CARTESIAN_POINT('',(-12.7821935049908,-4.19492038760188,1.38034331994331));
#16663=CARTESIAN_POINT('',(-12.7822984909992,-4.29055107520763,1.04366133265266));
#16664=CARTESIAN_POINT('',(-12.7822984909992,-4.29055107520763,1.04366133265266));
#16665=CARTESIAN_POINT('',(-13.2322982198237,-4.29005705308502,1.04366133265266));
#16666=CARTESIAN_POINT('',(-13.2322982198237,-4.29005705308502,1.04366133265266));
#16667=CARTESIAN_POINT('',(-12.7717681469422,-1.53024559969247,-7.71299767370206));
#16668=CARTESIAN_POINT('',(-13.1093640034177,-1.61737503037195,-7.71299767370206));
#16669=CARTESIAN_POINT('',(-13.1093640034177,-1.61737503037195,-7.71299767370206));
#16670=CARTESIAN_POINT('',(-12.6593642745932,-1.61786905249456,-7.71299767370206));
#16671=CARTESIAN_POINT('',(-13.108979763989,-1.26737524128621,-7.71299767370206));
#16672=CARTESIAN_POINT('',(-13.108979763989,-1.26737524128621,-7.71299767370206));
#16673=CARTESIAN_POINT('',(-12.6589800351645,-1.26786926340882,-7.71299767370206));
#16674=CARTESIAN_POINT('',(-12.6589800351645,-1.26786926340882,-7.71299767370206));
#16675=CARTESIAN_POINT('',(-12.6593642745932,-1.61786905249456,-7.71299767370206));
#16676=CARTESIAN_POINT('',(-13.0160282024022,-12.2422329327078,4.21205582442444));
#16677=CARTESIAN_POINT('',(-12.7910300509691,-12.2440402737161,4.73700232629821));
#16678=CARTESIAN_POINT('',(-12.9410290022719,-12.2430026908693,4.73700232629821));
#16679=CARTESIAN_POINT('',(-13.0910279535748,-12.2419651080226,4.73700232629821));
#16680=CARTESIAN_POINT('',(-13.2410269048776,-12.2409275251759,4.73700232629821));
#16681=CARTESIAN_POINT('',(-13.2410278372038,-12.2417767716064,4.73700232629812));
#16682=CARTESIAN_POINT('',(-12.7910300509614,-12.2440402726072,4.73700151879554));
#16683=CARTESIAN_POINT('',(-12.7911860925206,-12.3861769419159,3.70697934536213));
#16684=CARTESIAN_POINT('',(-12.7914526676344,-12.6289975028027,3.77594984591056));
#16685=CARTESIAN_POINT('',(-12.7918183995706,-12.9621390051379,4.31137951942673));
#16686=CARTESIAN_POINT('',(-12.7913087819718,-12.4979335156127,4.73636747587369));
#16687=CARTESIAN_POINT('',(-12.7910300509604,-12.2440402711559,4.7370006935076));
#16688=CARTESIAN_POINT('',(-12.7911860925206,-12.3861769419159,3.70697934536212));
#16689=CARTESIAN_POINT('',(-13.2411858213452,-12.3856829197933,3.70697934536212));
#16690=CARTESIAN_POINT('',(-13.091185911737,-12.3858475938342,3.70697934536212));
#16691=CARTESIAN_POINT('',(-12.9411860021288,-12.3860122678751,3.70697934536212));
#16692=CARTESIAN_POINT('',(-12.7911860925206,-12.3861769419159,3.70697934536212));
#16693=CARTESIAN_POINT('',(-13.2411858213452,-12.3856829197933,3.70697934536212));
#16694=CARTESIAN_POINT('',(-13.2410283423327,-12.2422368883847,4.73700232629812));
#16695=CARTESIAN_POINT('',(-13.2413056840644,-12.494864652159,4.73700232629812));
#16696=CARTESIAN_POINT('',(-13.2418184378816,-12.961926891122,4.31212451817785));
#16697=CARTESIAN_POINT('',(-13.2414542094464,-12.6301549125273,3.77641891690153));
#16698=CARTESIAN_POINT('',(-13.2411858213452,-12.3856829197933,3.70697934536213));
#16699=CARTESIAN_POINT('',(-13.2412908073535,-12.4813136073991,3.37029735807142));
#16700=CARTESIAN_POINT('',(-13.2412908073535,-12.4813136073991,3.37029735807142));
#16701=CARTESIAN_POINT('',(-13.2410269048776,-12.2409275251759,5.08700232629812));
#16702=CARTESIAN_POINT('',(-13.2411858213452,-12.3856829197933,3.70697934536212));
#16703=CARTESIAN_POINT('',(-12.791291078529,-12.4818076295217,3.37029735807142));
#16704=CARTESIAN_POINT('',(-12.791291078529,-12.4818076295217,3.37029735807142));
#16705=CARTESIAN_POINT('',(-13.2411858213452,-12.3856829197933,3.70697934536212));
#16706=CARTESIAN_POINT('',(-12.7911860925206,-12.3861769419159,3.70697934536212));
#16707=CARTESIAN_POINT('',(-12.7908090481203,-12.0427310310297,4.73700232629812));
#16708=CARTESIAN_POINT('',(-12.7910300509632,-12.2440402737161,4.73700232629812));
#16709=CARTESIAN_POINT('',(-13.107144476697,-1.72977244113261,5.08700232629794));
#16710=CARTESIAN_POINT('',(-13.1913692620428,-8.34228905530474,5.08700232629805));
#16711=CARTESIAN_POINT('',(-13.1913692620428,-8.34228905530474,4.73700232629805));
#16712=CARTESIAN_POINT('',(-13.1097083814485,-1.93106547734011,5.08700232629795));
#16713=CARTESIAN_POINT('',(-13.1097083814485,-1.93106547734012,4.73700232629795));
#16714=CARTESIAN_POINT('',(-13.107144476697,-1.72977244113262,4.73700232629794));
#16715=CARTESIAN_POINT('',(-12.6571809752756,-1.73550370526879,4.73700232629794));
#16716=CARTESIAN_POINT('',(-12.7413390533764,-8.34278311088897,4.73700232629805));
#16717=CARTESIAN_POINT('',(-12.7413390533764,-8.34278311088897,4.73700232629805));
#16718=CARTESIAN_POINT('',(-12.6571809752756,-1.73550370526879,4.73700232629794));
#16719=CARTESIAN_POINT('',(-12.6597115275341,-1.9341782258803,4.73700232629795));
#16720=CARTESIAN_POINT('',(-12.6597115275341,-1.9341782258803,4.73700232629795));
#16721=CARTESIAN_POINT('',(-12.6589800351645,-1.26786926340882,-7.71299767370206));
#16722=CARTESIAN_POINT('',(-12.6589800351645,-1.26786926340882,-7.71299767370206));
#16723=CARTESIAN_POINT('',(-12.6589800351645,-1.26786926340862,4.62200232629794));
#16724=CARTESIAN_POINT('',(-13.108979763989,-1.26737524128621,-7.71299767370206));
#16725=CARTESIAN_POINT('',(-13.108979763989,-1.267375241286,4.62200232629794));
#16726=CARTESIAN_POINT('',(-12.6589800351645,-1.26786926340862,4.62200232629794));
#16727=CARTESIAN_POINT('',(-13.1093640034177,-1.61737503037195,-7.71299767370206));
#16728=CARTESIAN_POINT('',(-13.1093640034177,-1.61737503037174,4.62200232629794));
#16729=CARTESIAN_POINT('',(-13.1093640034177,-1.61737503037174,4.62200232629794));
#16730=CARTESIAN_POINT('',(-12.6593642745932,-1.61786905249435,4.62200232629794));
#16731=CARTESIAN_POINT('',(-13.1093640034177,-1.61737503037195,-7.71299767370206));
#16732=CARTESIAN_POINT('',(-12.6593642745932,-1.61786905249456,-7.71299767370206));
#16733=CARTESIAN_POINT('',(-12.8844903891035,-1.73262197213265,4.62200232629794));
#16734=CARTESIAN_POINT('',(-12.6594905246912,-1.73286898319395,4.62200232629794));
#16735=CARTESIAN_POINT('',(-13.1094902535157,-1.73237496107134,4.62200232629794));
#16736=CARTESIAN_POINT('',(-12.8844903891035,-1.73262197213265,4.62200232629794));
#16737=CARTESIAN_POINT('',(-13.1094902535157,-1.73237496107134,4.73700232629794));
#16738=CARTESIAN_POINT('',(-13.1094902535157,-1.73237496107134,4.73700232629794));
#16739=CARTESIAN_POINT('',(-12.6594905246912,-1.73286898319395,4.73700232629794));
#16740=CARTESIAN_POINT('',(-13.1094902535157,-1.73237496107134,4.62200232629794));
#16741=CARTESIAN_POINT('',(-12.6594905246912,-1.73286898319395,4.62200232629794));
#16742=CARTESIAN_POINT('',(-13.1094902535157,-1.73237496107133,5.08700232629794));
#16743=CARTESIAN_POINT('',(-13.1094902535157,-1.73237496107134,4.73700232629794));
#16744=CARTESIAN_POINT('',(-12.6594905246912,-1.73286898319395,4.73700232629794));
#16745=CARTESIAN_POINT('',(-12.6594905246912,-1.73286898319395,4.73700232629794));
#16746=CARTESIAN_POINT('',(-13.1094902535157,-1.73237496107134,4.73700232629794));
#16747=CARTESIAN_POINT('',(-13.1913692620428,-8.34228905530474,4.73700232629805));
#16748=CARTESIAN_POINT('',(-12.6571809752756,-1.73550370526879,4.73700232629794));
#16749=CARTESIAN_POINT('',(-12.6571809752756,-1.73550370526879,4.73700232629794));
#16750=CARTESIAN_POINT('',(-13.107144476697,-1.72977244113261,5.08700232629794));
#16751=CARTESIAN_POINT('',(-13.107144476697,-1.72977244113262,4.73700232629794));
#16752=CARTESIAN_POINT('',(-13.1094902535157,-1.73237496107134,4.73700232629794));
#16753=CARTESIAN_POINT('',(17.9616104238449,1.47417298150763,5.81299767370207));
#16754=MECHANICAL_DESIGN_GEOMETRIC_PRESENTATION_REPRESENTATION('',(#7932,
#7933,#7934,#7935,#7936,#7937,#7938,#7939,#7940,#7941,#7942,#7943,#7944,
#7945,#7946,#7947,#7948,#7949,#7950,#7951,#7952,#7953,#7954,#7955,#7956,
#7957,#7958,#7959,#7960,#7961,#7962,#7963,#7964,#7965,#7966,#7967,#7968,
#7969,#7970,#7971,#7972,#7973,#7974,#7975,#7976,#7977,#7978,#7979,#7980,
#7981,#7982,#7983,#7984,#7985,#7986,#7987,#7988,#7989,#7990,#7991,#7992,
#7993,#7994,#7995,#7996,#7997,#7998,#7999,#8000,#8001,#8002,#8003,#8004,
#8005,#8006,#8007,#8008,#8009,#8010,#8011,#8012,#8013,#8014,#8015,#8016,
#8017,#8018,#8019,#8020,#8021,#8022,#8023,#8024,#8025,#8026,#8027,#8028,
#8029,#8030,#8031,#8032,#8033,#8034,#8035,#8036,#8037,#8038,#8039,#8040,
#8041,#8042,#8043,#8044,#8045,#8046,#8047,#8048,#8049,#8050,#8051,#8052,
#8053,#8054,#8055,#8056,#8057,#8058,#8059,#8060,#8061,#8062,#8063,#8064,
#8065,#8066,#8067,#8068,#8069,#8070,#8071,#8072,#8073,#8074,#8075,#8076,
#8077,#8078,#8079,#8080,#8081,#8082,#8083,#8084,#8085,#8086,#8087,#8088,
#8089,#8090,#8091,#8092,#8093,#8094,#8095,#8096,#8097,#8098,#8099,#8100,
#8101,#8102,#8103,#8104,#8105,#8106,#8107,#8108,#8109,#8110,#8111,#8112,
#8113,#8114,#8115,#8116,#8117,#8118,#8119,#8120,#8121,#8122,#8123,#8124,
#8125,#8126,#8127,#8128,#8129,#8130,#8131,#8132,#8133,#8134,#8135,#8136,
#8137,#8138,#8139,#8140,#8141,#8142,#8143,#8144,#8145,#8146,#8147,#8148,
#8149,#8150,#8151,#8152,#8153,#8154,#8155,#8156,#8157,#8158,#8159,#8160,
#8161,#8162,#8163,#8164,#8165,#8166,#8167,#8168,#8169,#8170,#8171,#8172,
#8173,#8174,#8175,#8176,#8177,#8178,#8179,#8180,#8181,#8182,#8183,#8184,
#8185,#8186,#8187,#8188,#8189,#8190,#8191,#8192,#8193,#8194,#8195,#8196,
#8197,#8198,#8199,#8200,#8201,#8202,#8203,#8204,#8205,#8206,#8207,#8208,
#8209,#8210,#8211,#8212,#8213,#8214,#8215,#8216,#8217,#8218,#8219,#8220,
#8221,#8222,#8223,#8224,#8225,#8226,#8227,#8228,#8229,#8230,#8231,#8232,
#8233,#8234,#8235,#8236,#8237,#8238,#8239,#8240,#8241,#8242,#8243,#8244,
#8245,#8246,#8247,#8248,#8249,#8250,#8251,#8252,#8253,#8254,#8255,#8256,
#8257,#8258,#8259,#8260,#8261,#8262,#8263,#8264,#8265,#8266,#8267,#8268,
#8269,#8270,#8271,#8272,#8273,#8274,#8275,#8276,#8277,#8278,#8279,#8280,
#8281,#8282,#8283,#8284,#8285,#8286,#8287,#8288,#8289,#8290,#8291,#8292,
#8293,#8294,#8295,#8296,#8297,#8298,#8299,#8300,#8301,#8302,#8303,#8304,
#8305,#8306,#8307,#8308,#8309,#8310,#8311,#8312,#8313,#8314,#8315,#8316,
#8317,#8318,#8319,#8320,#8321,#8322,#8323,#8324,#8325,#8326,#8327,#8328,
#8329,#8330,#8331,#8332,#8333,#8334,#8335,#8336,#8337,#8338,#8339,#8340,
#8341,#8342,#8343,#8344,#8345,#8346,#8347,#8348,#8349,#8350,#8351,#8352,
#8353,#8354),#16755);
#16755=(
GEOMETRIC_REPRESENTATION_CONTEXT(3)
GLOBAL_UNCERTAINTY_ASSIGNED_CONTEXT((#16757))
GLOBAL_UNIT_ASSIGNED_CONTEXT((#16761,#16760,#16759))
REPRESENTATION_CONTEXT('J_Wurth_WR-MJ_615108137121R',
'TOP_LEVEL_ASSEMBLY_PART')
);
#16756=(
GEOMETRIC_REPRESENTATION_CONTEXT(3)
GLOBAL_UNCERTAINTY_ASSIGNED_CONTEXT((#16758))
GLOBAL_UNIT_ASSIGNED_CONTEXT((#16761,#16760,#16759))
REPRESENTATION_CONTEXT('J_Wurth_WR-MJ_615108137121R','COMPONENT_PART')
);
#16757=UNCERTAINTY_MEASURE_WITH_UNIT(LENGTH_MEASURE(0.005),#16761,
'DISTANCE_ACCURACY_VALUE','Maximum Tolerance applied to model');
#16758=UNCERTAINTY_MEASURE_WITH_UNIT(LENGTH_MEASURE(0.005),#16761,
'DISTANCE_ACCURACY_VALUE','Maximum Tolerance applied to model');
#16759=(
NAMED_UNIT(*)
SI_UNIT($,.STERADIAN.)
SOLID_ANGLE_UNIT()
);
#16760=(
NAMED_UNIT(*)
PLANE_ANGLE_UNIT()
SI_UNIT($,.RADIAN.)
);
#16761=(
LENGTH_UNIT()
NAMED_UNIT(*)
SI_UNIT(.MILLI.,.METRE.)
);
#16762=PRODUCT_DEFINITION_SHAPE('','',#16765);
#16763=PRODUCT_DEFINITION_SHAPE('','',#16766);
#16764=PRODUCT_DEFINITION_SHAPE(' ','NAUO PRDDFN',#19);
#16765=PRODUCT_DEFINITION('','',#16769,#16767);
#16766=PRODUCT_DEFINITION('','',#16770,#16768);
#16767=PRODUCT_DEFINITION_CONTEXT('',#16780,'design');
#16768=PRODUCT_DEFINITION_CONTEXT('',#16780,'design');
#16769=PRODUCT_DEFINITION_FORMATION_WITH_SPECIFIED_SOURCE('','',#16773,
 .NOT_KNOWN.);
#16770=PRODUCT_DEFINITION_FORMATION_WITH_SPECIFIED_SOURCE('','',#16774,
 .NOT_KNOWN.);
#16771=PRODUCT_RELATED_PRODUCT_CATEGORY('','',(#16773));
#16772=PRODUCT_RELATED_PRODUCT_CATEGORY('','',(#16774));
#16773=PRODUCT('J_Wurth_WR-MJ_615108137121R',
'J_Wurth_WR-MJ_615108137121R','J_Wurth_WR-MJ_615108137121R',(#16777));
#16774=PRODUCT('J_Wurth_WR-MJ_615108137121R',
'J_Wurth_WR-MJ_615108137121R','J_Wurth_WR-MJ_615108137121R',(#16778));
#16775=PRODUCT_CATEGORY('','');
#16776=PRODUCT_CATEGORY('','');
#16777=PRODUCT_CONTEXT('',#16780,'mechanical');
#16778=PRODUCT_CONTEXT('',#16780,'mechanical');
#16779=APPLICATION_PROTOCOL_DEFINITION('international standard',
'automotive_design',2010,#16780);
#16780=APPLICATION_CONTEXT(
'core data for automotive mechanical design processes');
ENDSEC;
END-ISO-10303-21;
